sday,p1550,p1600,p1605,p1610,p1545,contract,o0925,o0930,o0935,o0945,o1000,wm,Vm,wa,Va,wall,Vall,wa_prev,dB,dB_prev,x,x15,y5,y10,year,Va_rel
2016-01-25,15824.0,15805.0,15808.0,15810.0,15803.0,YMH6,15940.0,15973.0,15959.0,15926.0,15944.0,-87.0,25.0,-87.0,25.0,-87.0,50.0,,0.0,,-19.0,2.0,3.0,5.0,2016,
2016-03-18,17507.0,17495.0,17494.0,17494.0,17511.0,YMM6,17422.0,17442.0,17433.0,17443.0,17477.0,-102.0,50.0,-102.0,25.0,-102.0,75.0,-99.6470588235294,0.0,-2.352941176470594,-12.0,-16.0,-1.0,-1.0,2016,
2016-03-21,17520.0,17525.0,17521.0,17521.0,17514.0,YMM6,17485.0,17481.0,17496.0,17515.0,17503.0,-99.0,25.0,-97.0,50.0,-97.66666666666667,75.0,-102.0,2.0,5.0,5.0,11.0,-4.0,-4.0,2016,
2016-06-03,17802.0,17797.0,17795.0,17798.0,17813.0,YMM6,17758.0,17779.0,17763.0,17735.0,17723.0,-11.0,55.0,-12.0,25.0,-11.3125,80.0,,-1.0,,-5.0,-16.0,-2.0,1.0,2016,
2016-06-17,17583.0,17576.0,17578.0,17565.0,17584.0,YMU6,17633.0,17637.0,17603.0,17609.0,17607.0,-96.0,50.0,-97.92,25.0,-96.73,100.0,-94.0,-1.9200000000000017,-3.9200000000000017,-7.0,-8.0,2.0,-11.0,2016,
2016-06-24,17358.0,17301.0,17292.0,17305.0,17342.0,YMU6,17366.0,17382.0,17400.0,17494.0,17508.0,-100.0,25.0,-98.0,25.0,-99.0,50.0,,2.0,,-57.0,-41.0,-9.0,4.0,2016,
2016-07-13,18289.0,18283.0,18289.0,18280.0,18292.0,YMU6,18297.0,18292.0,18282.0,18265.0,18261.0,-87.0,25.0,-86.0,25.0,-86.5,50.0,-85.66666666666667,1.0,-0.3333333333333286,-6.0,-9.0,6.0,-3.0,2016,
2016-07-22,18488.0,18491.0,18480.0,18480.0,18491.0,YMU6,18456.0,18450.0,18444.0,18430.0,18425.0,-75.0,60.0,-73.54545454545455,55.0,-74.30434782608695,115.0,-74.0,1.4545454545454533,0.45454545454545325,3.0,0.0,-11.0,-11.0,2016,
2016-08-31,18383.0,18390.0,18401.0,18400.0,18390.0,YMU6,18418.0,18410.0,18409.0,18408.0,18426.0,-7.0,30.0,-7.0,18.0,-7.0,48.0,,0.0,,7.0,0.0,11.0,10.0,2016,
2016-09-21,18213.0,18205.0,18216.0,18214.0,18207.0,YMZ6,18106.0,18118.0,18134.0,18111.0,18133.0,-85.0,1.0,-85.0,110.0,-85.0,111.0,,0.0,,-8.0,-2.0,11.0,9.0,2016,
2016-09-27,18130.0,18139.0,18141.0,18145.0,18141.0,YMZ6,17990.0,17999.0,17986.0,18022.0,18054.0,-87.72727272727273,110.0,-88.0,12.0,-87.64788732394366,142.0,,-0.27272727272726627,,9.0,-2.0,2.0,6.0,2016,
2016-09-28,18245.0,18248.0,18241.0,18235.0,18239.0,YMZ6,18166.0,18173.0,18185.0,18174.0,18176.0,-88.0,260.0,-89.28571428571429,105.0,-88.36986301369863,365.0,-88.0,-1.2857142857142918,-1.2857142857142918,3.0,9.0,-7.0,-13.0,2016,
2016-11-21,18914.0,18923.0,18919.0,18918.0,18908.0,YMZ6,18872.0,18870.0,18887.0,18885.0,18893.0,-29.357142857142865,140.0,-31.25,120.0,-30.230769230769234,260.0,,-1.8928571428571352,,9.0,15.0,-4.0,-5.0,2016,
2016-11-22,19006.0,18994.0,18993.0,18998.0,19002.0,YMZ6,18970.0,18980.0,18965.0,18958.0,18967.0,-33.0,53.0,-30.000000000000004,67.0,-31.325000000000003,120.0,-31.25,2.9999999999999964,1.2499999999999964,-12.0,-8.0,-1.0,4.0,2016,
2016-11-30,19163.0,19127.0,19133.0,19140.0,19157.0,YMZ6,19186.0,19179.0,19183.0,19210.0,19189.0,-10.206896551724139,145.0,-13.0,25.0,-10.617647058823529,170.0,,-2.793103448275861,,-36.0,-30.0,6.0,13.0,2016,
2016-12-19,19816.0,19829.0,19819.0,19822.0,19824.0,YMH7,19801.0,19799.0,19798.0,19822.0,19823.0,-55.0,85.0,-53.23529411764706,85.0,-54.11764705882353,170.0,-57.478260869565226,1.764705882352942,4.242966751918168,13.0,5.0,-10.0,-7.0,2016,
2016-12-20,19902.0,19912.0,19900.0,19899.0,19901.0,YMH7,19886.0,19882.0,19889.0,19918.0,19925.0,-58.00000000000001,53.0,-59.41975308641977,81.0,-58.85820895522389,134.0,-53.23529411764706,-1.4197530864197603,-6.184458968772709,10.0,11.0,-12.0,-13.0,2016,
2016-12-21,19902.0,19888.0,19883.0,19891.0,19902.0,YMH7,19914.0,19911.0,19923.0,19907.0,19905.0,-58.00000000000001,55.0,-58.64779874213836,159.0,-58.48130841121496,214.0,-59.41975308641977,-0.647798742138356,0.7719543442814043,-14.0,-14.0,-5.0,3.0,2016,
2017-01-03,19781.0,19803.0,19806.0,19800.0,19768.0,YMH7,19856.0,19851.0,19861.0,19849.0,19826.0,-71.0,200.0,-70.5,100.0,-70.83333333333333,300.0,,0.5,,22.0,35.0,3.0,-3.0,2017,
2017-01-04,19861.0,19866.0,19856.0,19850.0,19875.0,YMH7,19832.0,19824.0,19865.0,19846.0,19845.0,-70.0,50.0,-71.0,50.0,-70.5,100.0,-70.5,-1.0,-0.5,5.0,-9.0,-10.0,-16.0,2017,
2017-01-31,19780.0,19795.0,19809.0,19811.0,19784.0,YMH7,19838.0,19830.0,19823.0,19831.0,19808.0,-72.0,14.0,-68.0,30.0,-69.27272727272727,44.0,,4.0,,15.0,11.0,14.0,16.0,2017,0.6
2017-02-01,19820.0,19819.0,19825.0,19822.0,19832.0,YMH7,19870.0,19870.0,19883.0,19886.0,19872.0,-72.0,12.0,-67.0,100.0,-67.96774193548387,124.0,-68.0,5.0,1.0,-1.0,-13.0,6.0,3.0,2017,2.0
2017-02-27,20815.0,20822.0,20819.0,20817.0,20823.0,YMH7,20780.0,20770.0,20777.0,20769.0,20797.0,-14.0,107.0,-14.0,111.0,-14.0,218.0,,0.0,,7.0,-1.0,-3.0,-5.0,2017,2.22
2017-02-28,20808.0,20804.0,20809.0,20807.0,20794.0,YMH7,20805.0,20801.0,20804.0,20815.0,20807.0,-10.035714285714286,280.0,-8.72972972972973,370.0,-9.193877551020408,980.0,-14.0,1.3059845559845566,5.27027027027027,-4.0,10.0,5.0,3.0,2017,7.4
2017-03-08,20856.0,20858.0,20863.0,20864.0,20849.0,YMH7,20949.0,20953.0,20936.0,20941.0,20920.0,-5.0,50.0,3.0,90.0,0.14285714285714285,140.0,,8.0,,2.0,9.0,5.0,6.0,2017,1.7142857142857142
2017-03-22,20612.0,20610.0,20604.0,20600.0,20602.0,YMM7,20568.0,20583.0,20589.0,20578.0,20541.0,-54.0,59.0,-54.0,80.0,-54.0,139.0,,0.0,,-2.0,8.0,-6.0,-10.0,2017,1.4545454545454546
2017-04-04,20626.0,20627.0,20640.0,20645.0,20622.0,YMM7,20554.0,20563.0,20571.0,20582.0,20577.0,-62.00000000000001,53.0,-61.00000000000001,58.0,-61.477477477477485,111.0,,1.0,,1.0,5.0,13.0,18.0,2017,0.9508196721311475
2017-04-21,20513.0,20490.0,20495.0,20495.0,20509.0,YMM7,20525.0,20519.0,20513.0,20535.0,20508.0,-60.65094339622643,530.0,-60.83783783783785,555.0,-60.74654377880186,1085.0,,-0.18689444161142177,,-23.0,-19.0,5.0,5.0,2017,9.568965517241379
2017-04-24,20713.0,20705.0,20704.0,20685.0,20718.0,YMM7,20693.0,20696.0,20693.0,20692.0,20697.0,-60.00000000000001,100.0,-59.00000000000001,100.0,-59.50000000000001,200.0,-60.83783783783785,1.0,1.8378378378378457,-8.0,-13.0,-1.0,-20.0,2017,1.6
2017-05-19,20769.0,20782.0,20789.0,20786.0,20768.0,YMM7,20682.0,20680.0,20670.0,20691.0,20721.0,-19.0,53.0,-18.949152542372882,59.0,-18.973214285714285,112.0,,0.05084745762711762,,13.0,14.0,7.0,4.0,2017,0.8805970149253731
2017-05-25,21076.0,21061.0,21061.0,21059.0,21063.0,YMM7,21055.0,21054.0,21042.0,21049.0,21065.0,-17.0,1.0,-16.558011049723756,181.0,-16.589041095890412,511.0,,0.44198895027624374,,-15.0,-2.0,0.0,-2.0,2017,2.873015873015873
2017-06-01,21123.0,21137.0,21131.0,21132.0,21111.0,YMM7,21026.0,21028.0,21011.0,21003.0,21017.0,-6.0,50.0,-5.0,200.0,-5.142857142857143,350.0,-8.0,1.0,3.0,14.0,26.0,-6.0,-5.0,2017,2.985074626865672
2017-06-06,21136.0,21136.0,21149.0,21150.0,21142.0,YMM7,21124.0,21129.0,21123.0,21141.0,21152.0,-6.0,150.0,-7.0,30.0,-6.419354838709677,310.0,,-1.0,,0.0,-6.0,13.0,14.0,2017,0.40816326530612246
2017-06-30,21361.0,21294.0,21317.0,21310.0,21340.0,YMU7,21294.0,21301.0,21313.0,21326.0,21330.0,-58.00000000000001,17.0,-57.0,42.0,-57.44736842105263,76.0,,1.000000000000007,,-67.0,-46.0,23.0,16.0,2017,0.6268656716417911
2017-07-26,21629.0,21651.0,21656.0,21648.0,21642.0,YMU7,21649.0,21653.0,21649.0,21654.0,21667.0,-54.46666666666667,60.0,-53.0,80.0,-53.628571428571426,140.0,-50.0,1.4666666666666686,-3.0,22.0,9.0,5.0,-3.0,2017,1.2698412698412698
2017-07-28,21770.0,21773.0,21773.0,21775.0,21773.0,YMU7,21713.0,21721.0,21707.0,21720.0,21703.0,-54.5,900.0,-54.81818181818182,110.0,-54.368,1250.0,-53.0,-0.3181818181818201,-1.8181818181818201,3.0,0.0,0.0,2.0,2017,1.6417910447761195
2017-08-14,21961.0,21958.0,21961.0,21951.0,21960.0,YMU7,21955.0,21942.0,21955.0,21956.0,21957.0,-27.0,54.0,-27.0,8.0,-27.0,62.0,,0.0,,-3.0,-2.0,3.0,-7.0,2017,0.10884353741496598
2017-09-05,21747.0,21752.0,21759.0,21760.0,21743.0,YMU7,21923.0,21922.0,21901.0,21886.0,21891.0,-2.6666666666666665,240.0,-7.105263157894737,380.0,-5.3076923076923075,780.0,,-4.43859649122807,,5.0,9.0,7.0,8.0,2017,5.6716417910447765
2017-09-26,22254.0,22245.0,22244.0,22250.0,22257.0,YMZ7,22292.0,22288.0,22295.0,22305.0,22321.0,-44.0,139.0,-47.0,100.0,-45.25523012552301,239.0,,-3.0,,-9.0,-12.0,-1.0,5.0,2017,1.3605442176870748
2017-09-29,22323.0,22343.0,22345.0,22343.0,22324.0,YMZ7,22307.0,22303.0,22298.0,22295.0,22300.0,-48.152542372881356,59.0,-52.0,110.0,-50.91387559808612,209.0,-47.0,-3.8474576271186436,-5.0,20.0,19.0,2.0,0.0,2017,1.375
2017-10-02,22493.0,22497.0,22504.0,22508.0,22487.0,YMZ7,22377.0,22371.0,22376.0,22393.0,22415.0,-56.0,5.0,-58.000000000000014,80.0,-57.0,160.0,-52.0,-2.000000000000014,-6.000000000000014,4.0,10.0,7.0,11.0,2017,1.0
2017-10-24,23397.0,23393.0,23396.0,23397.0,23395.0,YMZ7,23370.0,23366.0,23389.0,23383.0,23372.0,-49.0,80.0,-53.0,100.0,-51.22222222222222,180.0,,-4.0,,-4.0,-2.0,3.0,4.0,2017,1.25
2017-10-26,23368.0,23350.0,23323.0,23359.0,23364.0,YMZ7,23357.0,23361.0,23384.0,23396.0,23395.0,-49.6,250.0,-53.457142857142856,350.0,-51.32142857142857,840.0,-50.0,-3.857142857142854,-3.4571428571428555,-18.0,-14.0,-27.0,9.0,2017,4.375
2017-11-16,23429.0,23430.0,23422.0,23425.0,23434.0,YMZ7,23353.0,23353.0,23393.0,23376.0,23376.0,-30.000000000000007,84.0,-29.44055944055944,143.0,-29.647577092511018,227.0,,0.5594405594405671,,1.0,-4.0,-8.0,-5.0,2017,1.7875
2017-11-21,23551.0,23556.0,23548.0,23552.0,23556.0,YMZ7,23506.0,23503.0,23512.0,23535.0,23536.0,-31.44943820224719,445.0,-32.56521739130435,460.0,-32.016216216216215,925.0,-31.000000000000004,-1.115779189057161,-1.5652173913043477,5.0,0.0,-8.0,-4.0,2017,5.714285714285714
2017-11-22,23509.0,23499.0,23487.0,23491.0,23509.0,YMZ7,23586.0,23577.0,23577.0,23560.0,23552.0,-28.0,100.0,-26.0,120.0,-27.25,320.0,-32.56521739130435,2.0,6.565217391304351,-10.0,-10.0,-12.0,-8.0,2017,1.4814814814814814
2017-11-29,23919.0,23926.0,23927.0,23922.0,23916.0,YMZ7,23898.0,23892.0,23898.0,23920.0,23935.0,-12.0,467.0,-12.99502487562189,201.0,-12.244498777506113,818.0,-27.0,-0.9950248756218905,14.00497512437811,7.0,10.0,1.0,-4.0,2017,2.4216867469879517
2017-12-01,24216.0,24230.0,24235.0,24238.0,24240.0,YMZ7,24309.0,24293.0,24259.0,24228.0,24243.0,-0.2,500.0,-3.0,50.0,-0.45454545454545453,550.0,0.0,-2.8,-3.0,14.0,-10.0,5.0,8.0,2017,0.5882352941176471
2017-12-06,24163.0,24145.0,24146.0,24148.0,24166.0,YMZ7,24161.0,24151.0,24174.0,24212.0,24176.0,-2.0,20.0,1.0,50.0,0.14285714285714285,70.0,,3.0,,-18.0,-21.0,1.0,3.0,2017,0.6024096385542169
2017-12-19,24782.0,24774.0,24791.0,24779.0,24796.0,YMH8,24865.0,24871.0,24845.0,24810.0,24780.0,16.0,150.0,17.333333333333332,150.0,16.666666666666668,300.0,15.5,1.3333333333333321,1.8333333333333321,-8.0,-22.0,17.0,5.0,2017,1.8518518518518519
2017-12-21,24801.0,24794.0,24797.0,24793.0,24814.0,YMH8,24797.0,24799.0,24806.0,24810.0,24807.0,7.01980198019802,404.0,8.0,40.0,5.94953802416489,1407.0,15.000000000000004,0.9801980198019802,-7.0000000000000036,-7.0,-20.0,3.0,-1.0,2017,0.4819277108433735
2017-12-22,24766.0,24774.0,24759.0,24761.0,24764.0,YMH8,24767.0,24771.0,24774.0,24777.0,24778.0,7.0,100.0,17.8,250.0,13.787037037037036,432.0,8.0,10.8,9.8,8.0,10.0,-15.0,-13.0,2017,3.0864197530864197
2018-01-02,24779.0,24797.0,24779.0,24769.0,24779.0,YMH8,24855.0,24832.0,24813.0,24806.0,24804.0,-23.0,50.0,-22.5,100.0,-22.666666666666668,150.0,,0.5,,18.0,18.0,-18.0,-28.0,2018,1.2048192771084338
2018-01-04,25047.0,25048.0,25045.0,25047.0,25049.0,YMH8,24988.0,24985.0,24972.0,25001.0,25043.0,-23.11111111111111,90.0,-25.10810810810811,925.0,-24.93103448275862,1015.0,,-1.996996996996998,,1.0,-1.0,-3.0,-1.0,2018,10.882352941176471
2018-01-10,25332.0,25348.0,25349.0,25347.0,25338.0,YMH8,25299.0,25296.0,25298.0,25287.0,25266.0,-21.0,200.0,-23.0,100.0,-21.666666666666668,300.0,,-2.0,,16.0,10.0,1.0,-1.0,2018,1.1428571428571428
2018-01-24,26271.0,26261.0,26260.0,26256.0,26248.0,YMH8,26303.0,26303.0,26300.0,26325.0,26361.0,-8.705882352941176,425.0,-18.0,200.0,-12.484848484848484,825.0,,-9.294117647058824,,-10.0,13.0,-1.0,-5.0,2018,2.2222222222222223
2018-01-25,26355.0,26370.0,26365.0,26373.0,26356.0,YMH8,26346.0,26357.0,26347.0,26348.0,26287.0,-19.0,100.0,-23.975,600.0,-23.264285714285716,700.0,-18.0,-4.975000000000001,-5.975000000000001,15.0,14.0,-5.0,3.0,2018,6.315789473684211
2018-01-30,26102.0,26060.0,26068.0,26044.0,26092.0,YMH8,26167.0,26166.0,26217.0,26174.0,26124.0,-19.166666666666668,300.0,-21.0,100.0,-19.625,400.0,-22.0,-1.8333333333333321,1.0,-42.0,-32.0,8.0,-16.0,2018,1.0
2018-01-31,26145.0,26136.0,26142.0,26161.0,26155.0,YMH8,26285.0,26283.0,26298.0,26287.0,26253.0,-24.666666666666668,300.0,-19.0,150.0,-22.77777777777778,450.0,-21.0,5.666666666666668,2.0,-9.0,-19.0,6.0,25.0,2018,1.5
2018-02-07,24992.0,24834.0,24804.0,24811.0,25074.0,YMH8,24762.0,24781.0,24833.0,24925.0,24978.0,-56.0,100.0,-54.142857142857146,350.0,-54.714285714285715,700.0,-53.0,1.857142857142854,-1.142857142857146,-158.0,-240.0,-30.0,-23.0,2018,3.5
2018-02-14,24872.0,24869.0,24873.0,24873.0,24842.0,YMH8,24419.0,24467.0,24529.0,24510.0,24513.0,-31.88235294117647,85.0,-32.0,245.0,-31.861702127659573,564.0,,-0.117647058823529,,-3.0,27.0,4.0,4.0,2018,2.45
2018-02-22,24879.0,24945.0,24998.0,24990.0,24948.0,YMH8,24861.0,24862.0,24939.0,24953.0,24903.0,-22.5,100.0,-22.0,100.0,-22.25,200.0,,0.5,,66.0,-3.0,53.0,45.0,2018,1.0
2018-02-26,25655.0,25693.0,25707.0,25724.0,25675.0,YMH8,25452.0,25443.0,25465.0,25505.0,25504.0,-14.0,200.0,-16.0,500.0,-15.227799227799228,1554.0,-22.0,-2.0,6.0,38.0,18.0,14.0,31.0,2018,5.0
2018-02-28,25119.0,25027.0,25070.0,25089.0,25209.0,YMH8,25512.0,25518.0,25511.0,25508.0,25571.0,-1.0,100.0,1.0,47.0,-0.729106628242075,347.0,-7.8,2.0,8.8,-92.0,-182.0,43.0,62.0,2018,0.47
2018-03-29,24229.0,24135.0,24123.0,24086.0,24178.0,YMM8,23949.0,23950.0,24007.0,23990.0,23934.0,-22.76923076923077,130.0,-24.0,40.0,-23.483870967741936,310.0,-18.0,-1.23076923076923,-6.0,-94.0,-43.0,-12.0,-49.0,2018,0.4
2018-04-02,23526.0,23600.0,23566.0,23564.0,23489.0,YMM8,24013.0,24027.0,24042.0,24091.0,24060.0,-28.443181818181817,880.0,-34.333333333333336,600.0,-30.915730337078653,1780.0,-24.0,-5.890151515151519,-10.333333333333336,74.0,111.0,-34.0,-36.0,2018,6.0
2018-04-11,24168.0,24163.0,24161.0,24159.0,24189.0,YMM8,24175.0,24182.0,24181.0,24249.0,24272.0,-34.0,200.0,-32.0,50.0,-33.333333333333336,300.0,,2.0,,-5.0,-26.0,-2.0,-4.0,2018,0.5
2018-04-12,24491.0,24455.0,24452.0,24445.0,24511.0,YMM8,24354.0,24344.0,24371.0,24434.0,24470.0,-33.0,200.0,-34.0,100.0,-33.333333333333336,300.0,-32.0,-1.0,-2.0,-36.0,-56.0,-3.0,-10.0,2018,1.0
2018-04-26,24278.0,24280.0,24293.0,24296.0,24294.0,YMM8,24107.0,24109.0,24101.0,24109.0,24174.0,-42.90634441087613,331.0,-41.0,100.0,-42.464037122969835,431.0,-40.0,1.9063444108761303,-1.0,2.0,-14.0,13.0,16.0,2018,1.0
2018-05-02,23851.0,23874.0,23842.0,23830.0,23877.0,YMM8,24021.0,24019.0,24020.0,24034.0,23967.0,-53.0,200.0,-53.0,100.0,-53.0,300.0,,0.0,,23.0,-3.0,-32.0,-44.0,2018,1.0
2018-05-18,24732.0,24711.0,24717.0,24720.0,24724.0,YMM8,24716.0,24717.0,24702.0,24727.0,24714.0,-6.222222222222222,9.0,-6.0,92.0,-6.01980198019802,101.0,,0.22222222222222232,,-21.0,-13.0,6.0,9.0,2018,0.92
2018-05-23,24822.0,24872.0,24866.0,24860.0,24823.0,YMM8,24676.0,24684.0,24686.0,24738.0,24742.0,-10.0,20.0,-10.0,200.0,-10.625,320.0,,0.0,,50.0,49.0,-6.0,-12.0,2018,2.0
2018-05-31,24432.0,24415.0,24430.0,24422.0,24428.0,YMM8,24589.0,24597.0,24566.0,24536.0,24515.0,-6.0,100.0,-8.716981132075471,106.0,-7.398058252427185,206.0,,-2.716981132075471,,-17.0,-13.0,15.0,7.0,2018,1.06
2018-06-05,24809.0,24799.0,24817.0,24812.0,24787.0,YMM8,24807.0,24805.0,24813.0,24798.0,24804.0,0.0,5.0,-1.5515695067264574,223.0,-1.5175438596491229,228.0,,-1.5515695067264574,,-10.0,12.0,18.0,13.0,2018,2.23
2018-06-19,24671.0,24706.0,24682.0,24695.0,24681.0,YMU8,24676.0,24675.0,24698.0,24679.0,24638.0,6.2824858757062145,354.0,6.96,250.0,6.482954545454546,704.0,,0.6775141242937854,,35.0,25.0,-24.0,-11.0,2018,2.5
2018-06-20,24681.0,24665.0,24680.0,24669.0,24680.0,YMU8,24845.0,24812.0,24759.0,24735.0,24758.0,5.0,441.0,7.0,60.0,4.8668885191347755,601.0,6.96,2.0,0.040000000000000036,-16.0,-15.0,15.0,4.0,2018,0.6
2018-06-25,24257.0,24240.0,24217.0,24254.0,24254.0,YMU8,24427.0,24426.0,24435.0,24376.0,24307.0,-6.0,100.0,-5.0,60.0,-5.7894736842105265,760.0,,1.0,,-17.0,-14.0,-23.0,14.0,2018,0.6
2018-06-28,24227.0,24204.0,24205.0,24195.0,24222.0,YMU8,24026.0,24048.0,24082.0,24057.0,24036.0,-14.43010752688172,465.0,-13.5,100.0,-14.265486725663717,565.0,-10.0,0.93010752688172,-3.5,-23.0,-18.0,1.0,-9.0,2018,1.0
2018-08-07,25606.0,25596.0,25609.0,25601.0,25606.0,YMU8,25583.0,25581.0,25563.0,25578.0,25613.0,-32.0,100.0,-33.0,60.0,-32.523809523809526,210.0,,-1.0,,-10.0,-10.0,13.0,5.0,2018,0.6
2018-08-15,25176.0,25155.0,25179.0,25187.0,25171.0,YMU8,25146.0,25149.0,25131.0,25134.0,25051.0,-11.0,700.0,-11.0,74.0,-10.943844492440604,926.0,,0.0,,-21.0,-16.0,24.0,32.0,2018,0.74
2018-08-31,25960.0,25980.0,26004.0,26009.0,25967.0,YMU8,25962.0,25961.0,25963.0,25967.0,25990.0,18.185303514376997,313.0,19.0,8.0,18.205607476635514,321.0,,0.8146964856230028,,20.0,13.0,24.0,29.0,2018,0.08
2018-09-05,25951.0,25989.0,25975.0,25965.0,25962.0,YMU8,25918.0,25921.0,25906.0,25956.0,25958.0,15.000000000000002,100.0,12.0,5.0,13.875,160.0,,-3.0000000000000018,,38.0,27.0,-14.0,-24.0,2018,0.05
2018-09-12,26008.0,26008.0,26003.0,26006.0,26035.0,YMU8,25992.0,25998.0,26009.0,26016.0,26015.0,10.0,1.0,12.0,300.0,11.997146932952925,701.0,,2.0,,0.0,-27.0,-5.0,-2.0,2018,3.0
2018-09-19,26456.0,26447.0,26457.0,26454.0,26464.0,YMZ8,26315.0,26316.0,26386.0,26413.0,26413.0,37.0,100.0,40.0,13.0,37.34513274336283,113.0,,3.0,,-9.0,-17.0,10.0,7.0,2018,0.13
2018-09-28,26466.0,26476.0,26494.0,26496.0,26444.0,YMZ8,26381.0,26392.0,26415.0,26413.0,26448.0,15.000000000000002,100.0,16.857142857142858,70.0,15.771428571428572,175.0,,1.8571428571428559,,10.0,32.0,18.0,20.0,2018,0.7
2018-10-02,26805.0,26796.0,26802.0,26806.0,26784.0,YMZ8,26638.0,26643.0,26666.0,26684.0,26684.0,11.0,500.0,12.990099009900991,505.0,12.0,1005.0,,1.990099009900991,,-9.0,12.0,6.0,10.0,2018,5.05
2018-10-03,26847.0,26848.0,26858.0,26865.0,26838.0,YMZ8,26907.0,26910.0,26926.0,26900.0,26899.0,13.173160173160174,1155.0,13.016877637130802,1185.0,13.165605095541402,3140.0,12.990099009900991,-0.15628253602937114,0.02677862722981139,1.0,10.0,10.0,17.0,2018,11.85
2018-10-09,26495.0,26449.0,26451.0,26462.0,26453.0,YMZ8,26462.0,26467.0,26472.0,26388.0,26451.0,11.0,34.0,12.0,10.0,11.227272727272727,44.0,9.0,1.0,3.0,-46.0,-4.0,2.0,13.0,2018,0.1
2018-10-11,25095.0,25051.0,25068.0,25116.0,25193.0,YMZ8,25484.0,25481.0,25496.0,25486.0,25663.0,-2.0,100.0,-1.9636363636363636,550.0,-1.7411764705882353,850.0,,0.036363636363636376,,-44.0,-142.0,17.0,65.0,2018,5.5
2018-10-15,25325.0,25232.0,25222.0,25207.0,25328.0,YMZ8,25285.0,25279.0,25274.0,25328.0,25309.0,-11.0,150.0,-13.0,345.0,-13.308695652173913,1150.0,,-2.0,,-93.0,-96.0,-10.0,-25.0,2018,3.45
2018-10-16,25794.0,25775.0,25751.0,25747.0,25772.0,YMZ8,25449.0,25458.0,25416.0,25453.0,25466.0,-18.0,10.0,-16.0,150.0,-15.730538922155688,668.0,-13.0,2.0,-3.0,-19.0,3.0,-24.0,-28.0,2018,1.5
2018-10-18,25363.0,25365.0,25403.0,25394.0,25342.0,YMZ8,25620.0,25600.0,25544.0,25573.0,25526.0,-16.0,100.0,-17.0,100.0,-16.5,200.0,,-1.0,,2.0,23.0,38.0,29.0,2018,1.0
2018-10-24,24666.0,24572.0,24635.0,24571.0,24733.0,YMZ8,25234.0,25236.0,25241.0,25244.0,25172.0,-17.0,5.0,-19.904761904761905,105.0,-19.772727272727273,110.0,,-2.904761904761905,,-94.0,-161.0,63.0,-1.0,2018,1.05
2018-10-25,24972.0,24962.0,24918.0,24866.0,24967.0,YMZ8,24739.0,24725.0,24676.0,24728.0,24761.0,-28.0,55.0,-25.2,125.0,-27.731182795698924,930.0,-19.904761904761905,2.8000000000000007,-5.295238095238094,-10.0,-5.0,-44.0,-96.0,2018,1.25
2018-10-26,24696.0,24656.0,24681.0,24728.0,24571.0,YMZ8,24697.0,24727.0,24671.0,24710.0,24685.0,-29.290322580645167,155.0,-30.000000000000004,50.0,-30.394366197183103,355.0,-25.2,-0.7096774193548363,-4.800000000000004,-40.0,85.0,25.0,72.0,2018,0.4878048780487805
2018-10-29,24305.0,24417.0,24380.0,24416.0,24121.0,YMZ8,24877.0,24850.0,24874.0,24853.0,24893.0,-33.0,5.0,-34.5625,16.0,-33.35064935064935,77.0,-30.000000000000004,-1.5625,-4.5624999999999964,112.0,296.0,-37.0,-1.0,2018,0.15609756097560976
2018-11-01,25343.0,25340.0,25328.0,25332.0,25354.0,YMZ8,25180.0,25191.0,25210.0,25205.0,25139.0,-35.095238095238095,105.0,-38.0,100.0,-36.51219512195122,205.0,-35.714285714285715,-2.904761904761905,-2.2857142857142847,-3.0,-14.0,-12.0,-8.0,2018,1.0
2018-11-02,25219.0,25223.0,25234.0,25235.0,25230.0,YMZ8,25499.0,25521.0,25490.0,25537.0,25473.0,-39.0,105.0,-40.0,100.0,-39.4635761589404,755.0,-38.0,-1.0,-2.0,4.0,-7.0,11.0,12.0,2018,1.0
2018-11-06,25528.0,25596.0,25633.0,25647.0,25511.0,YMZ8,25413.0,25423.0,25445.0,25479.0,25490.0,-40.66101694915254,118.0,-43.17886178861789,123.0,-42.2,275.0,,-2.517844839465347,,68.0,85.0,37.0,51.0,2018,1.23
2018-11-08,26142.0,26183.0,26194.0,26211.0,26120.0,YMZ8,26121.0,26121.0,26134.0,26161.0,26177.0,-11.319327731092438,714.0,-13.538461538461538,650.0,-12.5625,2400.0,,-2.2191338073691007,,41.0,63.0,11.0,28.0,2018,6.5
2018-11-09,26009.0,25983.0,25967.0,25964.0,26062.0,YMZ8,26079.0,26083.0,26090.0,26034.0,26037.0,-9.98804780876494,251.0,-10.0,800.0,-9.675693101225017,1551.0,-13.538461538461538,-0.011952191235060639,3.5384615384615383,-26.0,-79.0,-16.0,-19.0,2018,8.0
2018-11-12,25418.0,25387.0,25411.0,25400.0,25442.0,YMZ8,25933.0,25935.0,25864.0,25816.0,25786.0,-9.615384615384615,650.0,-13.0,150.0,-10.6,1000.0,-10.0,-3.384615384615385,-3.0,-31.0,-55.0,24.0,13.0,2018,1.4634146341463414
2018-11-13,25308.0,25276.0,25283.0,25308.0,25271.0,YMZ8,25375.0,25350.0,25414.0,25384.0,25356.0,-12.0,301.0,-12.0,399.0,-12.0,700.0,-13.0,0.0,1.0,-32.0,5.0,7.0,32.0,2018,3.7819905213270144
2018-11-14,25130.0,25070.0,25054.0,25024.0,25135.0,YMZ8,25453.0,25455.0,25431.0,25456.0,25438.0,-14.0,55.0,-12.024390243902438,205.0,-12.442307692307692,260.0,-12.0,1.9756097560975618,-0.024390243902438158,-60.0,-65.0,-16.0,-46.0,2018,1.9431279620853081
2018-11-15,25214.0,25282.0,25292.0,25285.0,25233.0,YMZ8,24978.0,24975.0,24956.0,25006.0,24951.0,-4.0,54.0,-8.5,2.0,-4.160714285714286,56.0,-12.024390243902438,-4.5,3.524390243902438,68.0,49.0,10.0,3.0,2018,0.018957345971563982
2018-11-28,25348.0,25365.0,25344.0,25337.0,25308.0,YMZ8,24891.0,24900.0,24906.0,24922.0,24904.0,-6.0,10.0,-3.0,200.0,-3.727272727272727,660.0,,3.0,,17.0,57.0,-21.0,-28.0,2018,1.951219512195122
2018-11-29,25391.0,25345.0,25358.0,25375.0,25419.0,YMZ8,25349.0,25343.0,25321.0,25324.0,25310.0,5.0,100.0,5.0,75.0,5.0,175.0,-3.0,0.0,8.0,-46.0,-74.0,13.0,30.0,2018,0.7317073170731707
2018-11-30,25506.0,25529.0,25546.0,25556.0,25527.0,YMZ8,25297.0,25297.0,25291.0,25319.0,25334.0,15.000000000000002,100.0,16.0,5.0,15.04761904761905,105.0,5.0,0.9999999999999982,11.0,23.0,2.0,17.0,27.0,2018,0.05
2018-12-03,25819.0,25841.0,25840.0,25865.0,25843.0,YMZ8,25994.0,25998.0,25965.0,25970.0,25870.0,13.0,40.0,16.0,7.0,13.446808510638299,47.0,16.0,3.0,0.0,22.0,-2.0,-1.0,24.0,2018,0.07
2018-12-04,25086.0,25066.0,25052.0,25061.0,25072.0,YMZ8,25752.0,25742.0,25733.0,25700.0,25660.0,15.000000000000002,3.0,9.0,171.0,9.10344827586207,174.0,16.0,-6.000000000000002,-7.0,-20.0,-6.0,-14.0,-5.0,2018,1.71
2018-12-06,24928.0,24957.0,24965.0,24958.0,24866.0,YMZ8,24617.0,24613.0,24625.0,24670.0,24546.0,10.0,100.0,8.0,81.0,9.05327868852459,488.0,9.0,-2.0,-1.0,29.0,91.0,8.0,1.0,2018,0.81
2018-12-18,23793.0,23694.0,23667.0,23654.0,23705.0,YMH9,23824.0,23815.0,23834.0,23854.0,23917.0,17.793650793650794,126.0,16.705882352941178,850.0,16.846311475409838,976.0,12.0,-1.0877684407096169,4.7058823529411775,-99.0,-11.0,-27.0,-40.0,2018,8.5
2018-12-19,23365.0,23326.0,23351.0,23302.0,23295.0,YMH9,23750.0,23719.0,23746.0,23756.0,23824.0,9.68995633187773,229.0,13.0,200.0,11.233100233100233,429.0,16.705882352941178,3.3100436681222707,-3.7058823529411775,-39.0,31.0,25.0,-24.0,2018,2.0
2018-12-20,22796.0,22847.0,22915.0,22912.0,22825.0,YMH9,23219.0,23212.0,23236.0,23176.0,23193.0,0.5283842794759825,229.0,-4.0,2.0,-0.9950900163666121,611.0,13.0,-4.528384279475983,-17.0,51.0,22.0,68.0,65.0,2018,0.01951219512195122
2018-12-26,22693.0,22864.0,22924.0,22941.0,22729.0,YMH9,21921.0,21919.0,21987.0,21974.0,21855.0,-11.0,3.0,-12.0,100.0,-12.329470198675496,604.0,,-1.0,,171.0,135.0,60.0,77.0,2018,1.0
2018-12-27,22986.0,23120.0,23146.0,23186.0,23013.0,YMH9,22538.0,22535.0,22561.0,22513.0,22491.0,-21.125,1360.0,-22.87719298245614,285.0,-21.42457805907173,1896.0,-12.0,-1.7521929824561404,-10.87719298245614,134.0,107.0,26.0,66.0,2018,2.85
2018-12-31,23216.0,23309.0,23297.0,23324.0,23262.0,YMH9,23233.0,23224.0,23283.0,23268.0,23243.0,-22.251870324189525,401.0,-23.0,50.0,-22.727272727272727,1100.0,-20.333333333333332,-0.7481296758104747,-2.666666666666668,93.0,47.0,-12.0,15.0,2018,0.5
2019-01-02,23199.0,23322.0,23322.0,23321.0,23168.0,YMH9,22906.0,22913.0,22923.0,22993.0,23039.0,-27.466666666666665,750.0,-24.063063063063062,555.0,-25.951799485861184,1556.0,-23.0,3.403603603603603,-1.063063063063062,123.0,154.0,0.0,-1.0,2019,5.55
2019-01-04,23401.0,23414.0,23412.0,23402.0,23387.0,YMH9,22979.0,22971.0,22978.0,23047.0,23127.0,-19.898203592814372,668.0,-15.358166189111751,698.0,-17.550742574257427,1616.0,,4.540037403702621,,13.0,27.0,-2.0,-12.0,2019,6.98
2019-01-07,23560.0,23513.0,23519.0,23510.0,23540.0,YMH9,23460.0,23460.0,23413.0,23397.0,23365.0,-19.857244825124912,1401.0,-20.0,500.0,-20.187441424554827,3201.0,-15.358166189111751,-0.14275517487508793,-4.641833810888249,-47.0,-27.0,6.0,-3.0,2019,5.0
2019-01-08,23754.0,23762.0,23756.0,23748.0,23774.0,YMH9,23756.0,23778.0,23801.0,23830.0,23743.0,-22.0,900.0,-22.0,550.0,-22.216216216216218,1850.0,-20.0,0.0,-2.0,8.0,-12.0,-6.0,-14.0,2019,5.5
2019-01-09,23827.0,23861.0,23861.0,23854.0,23855.0,YMH9,23871.0,23872.0,23889.0,23894.0,23936.0,-20.0,4.0,-22.0,300.0,-21.88679245283019,954.0,-22.0,-2.0,0.0,34.0,6.0,0.0,-7.0,2019,3.0
2019-01-14,23881.0,23870.0,23863.0,23870.0,23891.0,YMH9,23757.0,23763.0,23749.0,23829.0,23833.0,-29.739854318418317,961.0,-29.600000000000005,500.0,-29.60866947621915,1661.0,,0.13985431841831186,,-11.0,-21.0,-7.0,0.0,2019,4.878048780487805
2019-01-15,24030.0,24036.0,24022.0,24007.0,24020.0,YMH9,23876.0,23865.0,23864.0,23944.0,23927.0,-29.38461538461539,1300.0,-27.833333333333332,600.0,-28.850000000000005,2000.0,-29.600000000000005,1.5512820512820582,1.7666666666666728,6.0,16.0,-14.0,-29.0,2019,5.853658536585366
2019-01-17,24294.0,24343.0,24336.0,24315.0,24307.0,YMH9,24068.0,24076.0,24118.0,24119.0,24141.0,-32.0,809.0,-30.285714285714292,700.0,-31.240588235294123,1700.0,,1.7142857142857082,,49.0,36.0,-7.0,-28.0,2019,6.6350710900473935
2019-01-24,24498.0,24524.0,24468.0,24472.0,24481.0,YMH9,24522.0,24518.0,24508.0,24447.0,24460.0,-31.000000000000004,1.0,-32.0,75.0,-32.785714285714285,826.0,,-0.9999999999999964,,26.0,43.0,-56.0,-52.0,2019,0.6550218340611353
2019-01-25,24695.0,24700.0,24692.0,24688.0,24687.0,YMH9,24712.0,24721.0,24682.0,24693.0,24732.0,-34.0,100.0,-35.0,100.0,-33.81818181818182,1100.0,-32.0,-1.0,-3.0,5.0,13.0,-8.0,-12.0,2019,0.9478672985781991
2019-01-28,24430.0,24487.0,24475.0,24471.0,24437.0,YMH9,24444.0,24435.0,24397.0,24366.0,24353.0,-38.81308411214953,321.0,-39.04739336492891,211.0,-38.91320072332731,553.0,-35.0,-0.23430925277937575,-4.047393364928908,57.0,50.0,-12.0,-16.0,2019,2.0
2019-01-29,24524.0,24538.0,24521.0,24529.0,24544.0,YMH9,24516.0,24507.0,24532.0,24549.0,24598.0,-40.0,100.0,-41.0,199.0,-40.49376558603491,401.0,-39.04739336492891,-1.0,-1.952606635071092,14.0,-6.0,-17.0,-9.0,2019,1.737991266375546
2019-01-30,24969.0,24978.0,24956.0,24943.0,24948.0,YMH9,24810.0,24812.0,24799.0,24783.0,24767.0,-42.0,200.0,-44.0,230.0,-43.0554272517321,433.0,-41.0,-2.0,-3.0,9.0,30.0,-22.0,-35.0,2019,1.8548387096774193
2019-01-31,24942.0,24958.0,24996.0,24988.0,24929.0,YMH9,24851.0,24856.0,24829.0,24806.0,24836.0,-45.244389027431424,401.0,-46.8,250.0,-46.6428110896196,1551.0,-44.0,-1.555610972568573,-2.799999999999997,16.0,29.0,38.0,30.0,2019,1.8181818181818181
2019-02-05,25338.0,25347.0,25320.0,25323.0,25351.0,YMH9,25295.0,25291.0,25293.0,25304.0,25324.0,-54.0,100.0,-54.0,1000.0,-54.0,1100.0,-51.0,0.0,-3.0,9.0,-4.0,-27.0,-24.0,2019,6.666666666666667
2019-02-06,25344.0,25340.0,25333.0,25331.0,25340.0,YMH9,25329.0,25317.0,25354.0,25319.0,25299.0,-52.09090909090909,11.0,-53.869565217391305,345.0,-53.81460674157304,356.0,-54.0,-1.7786561264822112,0.13043478260869534,-4.0,0.0,-7.0,-9.0,2019,2.3
2019-02-07,25117.0,25143.0,25145.0,25149.0,25116.0,YMH9,25190.0,25191.0,25185.0,25167.0,25195.0,-31.04166666666667,24.0,-31.690582959641254,223.0,-31.62753036437247,247.0,-53.869565217391305,-0.6489162929745831,22.17898225775005,26.0,27.0,2.0,6.0,2019,1.3894080996884735
2019-02-08,24995.0,25084.0,25084.0,25090.0,24997.0,YMH9,25001.0,25004.0,25029.0,25016.0,24963.0,-20.85185185185185,918.0,-20.222826086956523,368.0,-20.749703440094898,1686.0,-31.690582959641254,0.6290257648953279,11.467756872684731,89.0,87.0,0.0,6.0,2019,2.292834890965732
2019-02-11,25021.0,25031.0,25021.0,25022.0,25008.0,YMH9,25163.0,25164.0,25158.0,25127.0,25089.0,-22.0,100.0,-23.0,100.0,-22.5,200.0,-20.222826086956523,-1.0,-2.7771739130434767,10.0,23.0,-10.0,-9.0,2019,0.6230529595015576
2019-02-13,25529.0,25516.0,25506.0,25498.0,25553.0,YMH9,25505.0,25501.0,25539.0,25588.0,25552.0,-22.0,250.0,-22.80701754385965,285.0,-22.429906542056074,535.0,,-0.8070175438596507,,-13.0,-37.0,-10.0,-18.0,2019,1.7757009345794392
2019-02-14,25474.0,25441.0,25431.0,25422.0,25498.0,YMH9,25385.0,25395.0,25373.0,25347.0,25385.0,-1.9012775842044134,861.0,-3.6666666666666665,150.0,-2.296173044925125,1202.0,-22.80701754385965,-1.7653890824622531,19.140350877192983,-33.0,-57.0,-10.0,-19.0,2019,0.8108108108108109
2019-02-19,25910.0,25892.0,25859.0,25874.0,25938.0,YMH9,25829.0,25810.0,25858.0,25856.0,25867.0,-5.950980392156863,102.0,-7.875,400.0,-7.48406374501992,502.0,,-1.924019607843137,,-18.0,-46.0,-33.0,-18.0,2019,2.1621621621621623
2019-02-20,25941.0,25957.0,25950.0,25969.0,25960.0,YMH9,25886.0,25890.0,25892.0,25887.0,25911.0,-5.436619718309859,355.0,-6.0,100.0,-5.56043956043956,455.0,-7.875,-0.563380281690141,1.875,16.0,-3.0,-7.0,12.0,2019,0.5012531328320802
2019-02-22,25981.0,26016.0,26008.0,25997.0,25991.0,YMH9,25930.0,25931.0,25948.0,25928.0,25951.0,-9.0,26.0,-13.0,1.0,-9.142857142857142,28.0,-10.0,-4.0,-3.0,35.0,25.0,-8.0,-19.0,2019,0.005012531328320802
2019-02-26,26088.0,26056.0,26043.0,26028.0,26097.0,YMH9,25991.0,25996.0,25979.0,25992.0,26002.0,-7.0,5.0,-7.0,95.0,-6.862068965517241,116.0,,0.0,,-32.0,-41.0,-13.0,-28.0,2019,0.47619047619047616
2019-02-28,25923.0,25915.0,25937.0,25927.0,25926.0,YMH9,25983.0,25981.0,25968.0,25993.0,26011.0,-0.37168141592920356,113.0,0.0,47.0,-0.2625,160.0,-4.0,0.37168141592920356,4.0,-8.0,-11.0,22.0,12.0,2019,0.23558897243107768
2019-03-15,25888.0,25880.0,25880.0,25878.0,25891.0,YMM9,25790.0,25803.0,25780.0,25775.0,25758.0,31.000000000000007,150.0,34.0,200.0,33.5945945945946,1850.0,,2.999999999999993,,-8.0,-11.0,0.0,-2.0,2019,1.0810810810810811
2019-03-26,25618.0,25678.0,25670.0,25660.0,25604.0,YMM9,25727.0,25741.0,25759.0,25788.0,25792.0,22.11764705882353,1700.0,19.540983606557376,183.0,21.87998079692751,2083.0,25.0,-2.5766634522661533,-5.459016393442624,60.0,74.0,-8.0,-18.0,2019,0.9172932330827067
2019-03-27,25672.0,25646.0,25649.0,25648.0,25673.0,YMM9,25687.0,25698.0,25758.0,25742.0,25671.0,18.0,200.0,18.0,100.0,18.0,400.0,19.540983606557376,0.0,-1.5409836065573757,-26.0,-27.0,3.0,2.0,2019,0.5012531328320802
2019-03-28,25717.0,25731.0,25733.0,25739.0,25734.0,YMM9,25692.0,25726.0,25698.0,25723.0,25709.0,15.000000000000002,1.0,14.495238095238095,210.0,14.497630331753555,211.0,18.0,-0.5047619047619065,-3.5047619047619047,14.0,-3.0,2.0,8.0,2019,1.0994764397905759
2019-04-01,26243.0,26260.0,26236.0,26253.0,26243.0,YMM9,26156.0,26148.0,26128.0,26101.0,26106.0,8.0,200.0,8.0,150.0,6.636363636363637,1100.0,,0.0,,17.0,17.0,-24.0,-7.0,2019,0.7853403141361257
2019-04-02,26200.0,26184.0,26159.0,26156.0,26202.0,YMM9,26219.0,26218.0,26180.0,26188.0,26216.0,4.875776397515528,805.0,5.0,50.0,4.802612481857765,1378.0,8.0,0.12422360248447184,-3.0,-16.0,-18.0,-25.0,-28.0,2019,0.2617801047120419
2019-04-09,26171.0,26171.0,26149.0,26155.0,26167.0,YMM9,26239.0,26220.0,26147.0,26147.0,26141.0,8.0,76.0,8.0,300.0,8.010526315789473,380.0,,0.0,,0.0,4.0,-22.0,-16.0,2019,1.694915254237288
2019-04-10,26150.0,26167.0,26171.0,26168.0,26149.0,YMM9,26194.0,26201.0,26197.0,26178.0,26163.0,4.375780274656679,801.0,3.0,3.0,4.362089914945322,823.0,8.0,-1.3757802746566794,-5.0,17.0,18.0,4.0,1.0,2019,0.01694915254237288
2019-04-18,26569.0,26560.0,26556.0,26559.0,26573.0,YMM9,26496.0,26507.0,26538.0,26547.0,26518.0,0.0,60.0,-3.0,100.0,-1.9607843137254901,510.0,,-3.0,,-9.0,-13.0,-4.0,-1.0,2019,0.5649717514124294
2019-04-23,26634.0,26646.0,26644.0,26642.0,26631.0,YMM9,26568.0,26548.0,26519.0,26538.0,26549.0,-5.2,500.0,-5.0,200.0,-5.090909090909091,1100.0,,0.20000000000000018,,12.0,15.0,-2.0,-4.0,2019,1.1299435028248588
2019-04-29,26561.0,26538.0,26549.0,26551.0,26563.0,YMM9,26526.0,26521.0,26538.0,26526.0,26524.0,-18.0,100.0,-18.0,16.0,-18.0,116.0,,0.0,,-23.0,-25.0,11.0,13.0,2019,0.08376963350785341
2019-04-30,26548.0,26563.0,26590.0,26600.0,26541.0,YMM9,26594.0,26593.0,26548.0,26544.0,26515.0,-19.275862068965516,58.0,-17.83809523809524,1050.0,-17.91335740072202,1108.0,-18.0,1.4377668308702773,0.16190476190476133,15.0,22.0,27.0,37.0,2019,5.49738219895288
2019-05-01,26453.0,26411.0,26389.0,26390.0,26491.0,YMM9,26647.0,26630.0,26620.0,26633.0,26629.0,-19.333333333333332,300.0,-20.666666666666668,300.0,-20.0,600.0,-17.83809523809524,-1.3333333333333357,-2.828571428571429,-42.0,-80.0,-22.0,-21.0,2019,1.5037593984962405
2019-05-07,25845.0,25930.0,25954.0,25954.0,25825.0,YMM9,26182.0,26167.0,26205.0,26196.0,26158.0,-35.57203994293866,701.0,-37.5,200.0,-36.18165304268847,1101.0,,-1.927960057061341,,85.0,105.0,24.0,24.0,2019,1.0
2019-05-09,25765.0,25811.0,25845.0,25830.0,25810.0,YMM9,25741.0,25740.0,25761.0,25706.0,25674.0,-14.0,610.0,-13.058252427184467,206.0,-14.094982078853048,1116.0,-39.0,0.9417475728155331,25.941747572815533,46.0,1.0,34.0,19.0,2019,1.03
2019-05-10,25876.0,25946.0,25944.0,25946.0,25904.0,YMM9,25727.0,25721.0,25713.0,25734.0,25685.0,-5.900793650793651,1008.0,-6.166666666666667,600.0,-6.249376558603491,2807.0,-13.058252427184467,-0.2658730158730158,6.8915857605178,70.0,42.0,-2.0,0.0,2019,3.0
2019-05-13,25312.0,25316.0,25297.0,25269.0,25267.0,YMM9,25451.0,25424.0,25483.0,25492.0,25445.0,-9.184,375.0,-12.6996996996997,333.0,-10.75095785440613,783.0,-6.166666666666667,-3.5156996996997005,-6.533033033033033,4.0,49.0,-19.0,-47.0,2019,1.665
2019-05-14,25563.0,25528.0,25537.0,25544.0,25569.0,YMM9,25384.0,25396.0,25402.0,25448.0,25428.0,-12.666666666666666,600.0,-11.0,18.0,-12.544025157232705,636.0,-12.6996996996997,1.666666666666666,1.6996996996996998,-35.0,-41.0,9.0,16.0,2019,0.09
2019-05-15,25663.0,25645.0,25661.0,25666.0,25674.0,YMM9,25369.0,25373.0,25362.0,25351.0,25382.0,-9.5,400.0,-10.900990099009901,505.0,-10.70954356846473,1205.0,-11.0,-1.400990099009901,0.0990099009900991,-18.0,-29.0,16.0,21.0,2019,2.525
2019-05-16,25845.0,25860.0,25867.0,25867.0,25833.0,YMM9,25732.0,25741.0,25758.0,25800.0,25856.0,-2.0,700.0,-2.0,100.0,-2.0,1600.0,-10.900990099009901,0.0,8.900990099009901,15.0,27.0,7.0,7.0,2019,0.5
2019-05-17,25767.0,25761.0,25764.0,25774.0,25787.0,YMM9,25685.0,25641.0,25695.0,25746.0,25738.0,-1.7361963190184049,815.0,0.0,100.0,-1.546448087431694,915.0,-2.0,1.7361963190184049,2.0,-6.0,-26.0,3.0,13.0,2019,0.5
2019-05-20,25672.0,25675.0,25694.0,25699.0,25672.0,YMM9,25632.0,25629.0,25625.0,25626.0,25682.0,-3.0,100.0,-3.0,100.0,-2.9323671497584543,207.0,0.0,0.0,-3.0,3.0,3.0,19.0,24.0,2019,0.5
2019-05-21,25874.0,25872.0,25878.0,25877.0,25871.0,YMM9,25819.0,25825.0,25820.0,25801.0,25793.0,-4.019607843137255,510.0,-4.0,900.0,-4.005524861878453,1810.0,-3.0,0.019607843137254832,-1.0,-2.0,1.0,6.0,5.0,2019,4.5
2019-05-23,25421.0,25485.0,25467.0,25480.0,25418.0,YMM9,25532.0,25531.0,25484.0,25416.0,25379.0,-4.0,700.0,-4.0,309.0,-4.0,1465.0,,0.0,,64.0,67.0,-18.0,-5.0,2019,1.545
2019-05-24,25602.0,25594.0,25612.0,25615.0,25605.0,YMM9,25597.0,25619.0,25652.0,25650.0,25629.0,-0.5,600.0,-1.0,10.0,-0.2410575427682737,1286.0,-4.0,-0.5,3.0,-8.0,-11.0,18.0,21.0,2019,0.05
2019-05-29,25117.0,25122.0,25128.0,25111.0,25137.0,YMM9,25198.0,25202.0,25196.0,25168.0,25144.0,2.0,100.0,-0.034482758620689655,203.0,0.863013698630137,803.0,0.2857142857142857,-2.0344827586206895,-0.32019704433497537,5.0,-15.0,6.0,-11.0,2019,1.015
2019-05-30,25171.0,25171.0,25181.0,25185.0,25162.0,YMM9,25169.0,25163.0,25169.0,25191.0,25196.0,-2.0,403.0,-0.3333333333333333,30.0,-1.884526558891455,433.0,-0.034482758620689655,1.6666666666666667,-0.29885057471264365,0.0,9.0,10.0,14.0,2019,0.1488833746898263
2019-06-03,24742.0,24818.0,24846.0,24863.0,24746.0,YMM9,24796.0,24809.0,24880.0,24870.0,24775.0,4.0,700.0,5.666666666666667,600.0,4.714285714285714,1400.0,8.384615384615385,1.666666666666667,-2.717948717948718,76.0,72.0,28.0,45.0,2019,2.977667493796526
2019-06-04,25293.0,25333.0,25337.0,25337.0,25279.0,YMM9,25065.0,25050.0,25085.0,25056.0,25071.0,2.0,400.0,3.0,90.0,2.712230215827338,1390.0,5.666666666666667,1.0,-2.666666666666667,40.0,54.0,4.0,4.0,2019,0.4400977995110024
2019-06-10,26088.0,26072.0,26072.0,26081.0,26105.0,YMM9,26142.0,26158.0,26165.0,26165.0,26156.0,8.99502487562189,201.0,10.0,400.0,9.663893510815308,601.0,,1.0049751243781095,,-16.0,-33.0,0.0,9.0,2019,1.9851116625310175
2019-06-12,26002.0,26016.0,26018.0,26014.0,25995.0,YMM9,26031.0,26053.0,26039.0,26068.0,26062.0,8.0,100.0,8.0,110.0,8.0,460.0,,0.0,,14.0,21.0,2.0,-2.0,2019,0.5378973105134475
2019-06-25,26563.0,26563.0,26559.0,26559.0,26570.0,YMU9,26772.0,26767.0,26762.0,26690.0,26694.0,11.144182726623841,1401.0,14.0,6.0,11.232429441062534,1807.0,11.0,2.855817273376159,3.0,0.0,-7.0,-4.0,-4.0,2019,0.029339853300733496
2019-06-26,26575.0,26555.0,26543.0,26552.0,26586.0,YMU9,26642.0,26637.0,26636.0,26635.0,26623.0,12.0,200.0,13.0,100.0,12.333333333333334,300.0,14.0,1.0,-1.0,-20.0,-31.0,-12.0,-3.0,2019,0.4889975550122249
2019-06-27,26556.0,26529.0,26547.0,26552.0,26565.0,YMU9,26570.0,26566.0,26565.0,26540.0,26560.0,4.666666666666667,1200.0,3.4285714285714284,2100.0,3.9523809523809526,4200.0,13.0,-1.2380952380952386,-9.571428571428571,-27.0,-36.0,18.0,23.0,2019,10.421836228287841
2019-07-01,26696.0,26711.0,26709.0,26698.0,26696.0,YMU9,26867.0,26864.0,26845.0,26859.0,26826.0,-3.388888888888889,1674.0,-10.0,20.0,-4.880914194065758,2494.0,,-6.611111111111111,,15.0,15.0,-2.0,-13.0,2019,0.097799511002445
2019-07-02,26717.0,26777.0,26780.0,26790.0,26724.0,YMU9,26690.0,26688.0,26633.0,26671.0,26646.0,-10.75,800.0,-10.0,50.0,-10.571428571428571,1050.0,-10.0,0.75,0.0,60.0,53.0,3.0,13.0,2019,0.24813895781637718
2019-07-08,26817.0,26806.0,26815.0,26813.0,26814.0,YMU9,26790.0,26786.0,26768.0,26765.0,26768.0,-3.0,2.0,-3.0,2.0,-3.0,4.0,,0.0,,-11.0,-8.0,9.0,7.0,2019,0.01
2019-07-09,26762.0,26784.0,26780.0,26785.0,26748.0,YMU9,26671.0,26666.0,26702.0,26673.0,26689.0,-1.0,1.0,0.0,1.0,-0.5,2.0,-3.0,1.0,3.0,22.0,36.0,-4.0,1.0,2019,0.005
2019-07-16,27349.0,27330.0,27342.0,27332.0,27359.0,YMU9,27364.0,27350.0,27335.0,27361.0,27348.0,-8.0,100.0,-7.0,100.0,-7.5,200.0,,1.0,,-19.0,-29.0,12.0,2.0,2019,0.5012531328320802
2019-07-18,27180.0,27210.0,27204.0,27213.0,27200.0,YMU9,27144.0,27150.0,27154.0,27153.0,27198.0,-11.0,105.0,-12.310344827586206,580.0,-12.10948905109489,685.0,,-1.3103448275862064,,30.0,10.0,-6.0,3.0,2019,3.0366492146596857
2019-07-23,27330.0,27334.0,27319.0,27323.0,27342.0,YMU9,27275.0,27272.0,27262.0,27269.0,27239.0,-10.5,2.0,-12.0,300.0,-11.993399339933994,303.0,-10.0,-1.5,-2.0,4.0,-8.0,-15.0,-11.0,2019,1.5706806282722514
2019-07-24,27237.0,27255.0,27245.0,27233.0,27237.0,YMU9,27225.0,27224.0,27211.0,27198.0,27249.0,-14.0,1.0,-14.0,1.0,-14.0,2.0,-12.0,0.0,-2.0,18.0,18.0,-10.0,-22.0,2019,0.005235602094240838
2019-07-26,27178.0,27170.0,27158.0,27145.0,27182.0,YMU9,27167.0,27151.0,27140.0,27155.0,27167.0,-20.5,400.0,-22.0,200.0,-21.0,800.0,,-1.5,,-8.0,-12.0,-12.0,-25.0,2019,1.2012012012012012
2019-07-29,27221.0,27198.0,27205.0,27198.0,27226.0,YMU9,27182.0,27173.0,27191.0,27191.0,27174.0,-24.0,503.0,-23.0,200.0,-23.50149551345962,1003.0,-22.0,1.0,-1.0,-23.0,-28.0,7.0,0.0,2019,1.0471204188481675
2019-07-30,27166.0,27175.0,27164.0,27172.0,27142.0,YMU9,27089.0,27096.0,27056.0,27098.0,27119.0,-27.0,200.0,-25.5,200.0,-25.833333333333332,600.0,-23.0,1.5,-2.5,9.0,33.0,-11.0,-3.0,2019,1.0025062656641603
2019-08-01,26570.0,26557.0,26568.0,26570.0,26590.0,YMU9,26857.0,26859.0,26858.0,26895.0,26912.0,-31.375000000000004,480.0,-31.33333333333334,600.0,-30.928571428571434,2380.0,-26.589041095890412,0.0416666666666643,-4.744292237442927,-13.0,-33.0,11.0,13.0,2019,3.007518796992481
2019-08-02,26452.0,26451.0,26452.0,26456.0,26480.0,YMU9,26515.0,26496.0,26468.0,26428.0,26392.0,-37.0,300.0,-39.92307692307692,1300.0,-39.35294117647059,1700.0,-31.33333333333334,-2.92307692307692,-8.58974358974358,-1.0,-29.0,1.0,5.0,2019,6.5
2019-08-05,25685.0,25676.0,25639.0,25604.0,25711.0,YMU9,26082.0,26072.0,26016.0,25959.0,25970.0,-38.99751243781095,402.0,-44.34162520729685,603.0,-42.00452488687783,1105.0,-39.92307692307692,-5.344112769485903,-4.418548284219931,-9.0,-35.0,-37.0,-72.0,2019,3.015
2019-08-06,25966.0,25982.0,25981.0,25930.0,25958.0,YMU9,25825.0,25811.0,25852.0,25881.0,25815.0,-47.99173553719008,242.0,-47.964234620886984,699.0,-47.98538170005414,1847.0,-44.34162520729685,0.027500916303097256,-3.6226094135901334,16.0,24.0,-1.0,-52.0,2019,3.495
2019-08-07,25953.0,25963.0,25949.0,25929.0,25987.0,YMU9,25667.0,25664.0,25566.0,25495.0,25508.0,-50.53333333333333,750.0,-48.90909090909091,220.0,-50.164778578784755,971.0,-47.964234620886984,1.624242424242425,-0.9448562882039226,10.0,-24.0,-14.0,-34.0,2019,1.1
2019-08-08,26320.0,26356.0,26365.0,26360.0,26339.0,YMU9,26096.0,26091.0,26064.0,26061.0,26094.0,-29.000000000000004,1500.0,-26.666666666666668,900.0,-28.33333333333334,3150.0,-48.90909090909091,2.3333333333333357,22.24242424242424,36.0,17.0,9.0,4.0,2019,4.5
2019-08-13,26253.0,26265.0,26282.0,26290.0,26250.0,YMU9,25837.0,25852.0,25838.0,25993.0,26324.0,-19.25,400.0,-18.0,200.0,-18.714285714285715,700.0,,1.25,,12.0,15.0,17.0,25.0,2019,1.0
2019-08-14,25496.0,25460.0,25487.0,25436.0,25511.0,YMU9,25873.0,25854.0,25864.0,25839.0,25880.0,-20.0,1.0,-23.0,800.0,-22.83097418817652,1201.0,-18.0,-3.0,-5.0,-36.0,-51.0,27.0,-24.0,2019,4.0
2019-08-16,25872.0,25884.0,25885.0,25897.0,25874.0,YMU9,25719.0,25732.0,25771.0,25727.0,25710.0,-4.0,200.0,-4.0,300.0,-4.0,500.0,,0.0,,12.0,10.0,1.0,13.0,2019,1.5
2019-08-23,25591.0,25618.0,25700.0,25676.0,25615.0,YMU9,26103.0,26112.0,26116.0,26148.0,26140.0,-14.0,100.0,-15.000000000000004,150.0,-14.333333333333334,450.0,,-1.0000000000000036,,27.0,3.0,82.0,58.0,2019,0.75
2019-08-26,25791.0,25894.0,25920.0,25945.0,25787.0,YMU9,25899.0,25889.0,25892.0,25820.0,25836.0,-10.85,20.0,-7.0,100.0,-7.641666666666667,120.0,-15.000000000000004,3.8499999999999996,8.000000000000004,103.0,107.0,26.0,51.0,2019,0.5
2019-08-27,25824.0,25763.0,25759.0,25749.0,25790.0,YMU9,26062.0,26036.0,26011.0,25980.0,25982.0,-9.0,500.0,-8.651465798045603,307.0,-8.867410161090458,807.0,-7.0,0.3485342019543971,-1.651465798045603,-61.0,-27.0,-4.0,-14.0,2019,1.535
2019-08-28,26007.0,26027.0,26040.0,26034.0,26002.0,YMU9,25701.0,25691.0,25643.0,25712.0,25799.0,-12.0,100.0,-8.841095890410958,365.0,-9.520430107526881,465.0,-8.651465798045603,3.1589041095890416,-0.18963009236535555,20.0,25.0,13.0,7.0,2019,1.825
2019-08-29,26371.0,26359.0,26366.0,26360.0,26359.0,YMU9,26286.0,26280.0,26340.0,26305.0,26337.0,-4.52155625657203,951.0,-3.0,5.0,-4.5135983263598325,956.0,-8.841095890410958,1.5215562565720298,5.8410958904109584,-12.0,0.0,7.0,1.0,2019,0.025
2019-08-30,26377.0,26394.0,26393.0,26373.0,26377.0,YMU9,26497.0,26508.0,26489.0,26473.0,26471.0,4.0476190476190474,210.0,3.0,5.0,4.023255813953488,215.0,-3.0,-1.0476190476190474,6.0,17.0,17.0,-1.0,-21.0,2019,0.025
2019-09-03,26113.0,26120.0,26112.0,26131.0,26094.0,YMU9,26192.0,26184.0,26141.0,26135.0,26170.0,1.0,200.0,0.0,200.0,0.5,400.0,,-1.0,,7.0,26.0,-8.0,11.0,2019,1.0
2019-09-11,27075.0,27134.0,27135.0,27144.0,27080.0,YMU9,26929.0,26940.0,26908.0,26949.0,26930.0,4.0,8.0,4.0,8.0,4.0,16.0,,0.0,,59.0,54.0,1.0,10.0,2019,0.04
2019-09-20,26949.0,26915.0,26928.0,26891.0,26962.0,YMZ9,27154.0,27140.0,27126.0,27138.0,27134.0,-14.0,1.0,-18.0,100.0,-17.784860557768923,251.0,,-4.0,,-34.0,-47.0,13.0,-24.0,2019,0.5
2019-09-24,26796.0,26797.0,26828.0,26818.0,26750.0,YMZ9,27030.0,27033.0,27015.0,27035.0,27029.0,-18.0,40.0,-19.272727272727273,110.0,-18.704960835509137,766.0,-20.0,-1.2727272727272734,0.7272727272727266,1.0,47.0,31.0,21.0,2019,0.55
2019-09-25,26977.0,26954.0,26953.0,26953.0,26969.0,YMZ9,26829.0,26838.0,26885.0,26844.0,26799.0,-21.0,300.0,-19.73913043478261,230.0,-20.33009708737864,1030.0,-19.272727272727273,1.2608695652173907,-0.46640316205533594,-23.0,-15.0,-1.0,-1.0,2019,1.15
2019-09-26,26911.0,26879.0,26894.0,26875.0,26905.0,YMZ9,26978.0,26993.0,26944.0,26933.0,26926.0,-23.0,800.0,-24.84,1250.0,-23.93877551020408,2450.0,-19.73913043478261,-1.8399999999999999,-5.1008695652173905,-32.0,-26.0,15.0,-4.0,2019,6.25
2019-10-01,26554.0,26536.0,26544.0,26540.0,26574.0,YMZ9,26973.0,26959.0,26966.0,26993.0,27001.0,-35.0,200.0,-35.54054054054054,1850.0,-35.53333333333333,2250.0,,-0.5405405405405403,,-18.0,-38.0,8.0,4.0,2019,9.25
2019-10-02,26027.0,26045.0,26017.0,25998.0,26073.0,YMZ9,26365.0,26382.0,26307.0,26252.0,26234.0,-40.285714285714285,700.0,-41.3227931488801,1518.0,-40.99549143372408,2218.0,-35.54054054054054,-1.0370788631658172,-5.782252608339562,18.0,-28.0,-28.0,-47.0,2019,7.59
2019-10-03,26062.0,26164.0,26168.0,26172.0,26099.0,YMZ9,26017.0,25999.0,26040.0,26006.0,26028.0,-40.16652789342215,1201.0,-40.043052837573384,511.0,-40.129672897196265,1712.0,-41.3227931488801,0.12347505584876473,1.2797403113067176,102.0,65.0,4.0,8.0,2019,2.555
2019-10-04,26529.0,26528.0,26525.0,26526.0,26509.0,YMZ9,26251.0,26244.0,26299.0,26300.0,26343.0,-41.0,1400.0,-41.0,350.0,-40.88172043010753,2325.0,-40.043052837573384,0.0,-0.9569471624266157,-1.0,19.0,-3.0,-2.0,2019,1.75
2019-10-07,26461.0,26437.0,26435.0,26436.0,26471.0,YMZ9,26454.0,26452.0,26449.0,26419.0,26425.0,-42.0,10.0,-43.0,100.0,-42.90909090909091,110.0,-41.0,-1.0,-2.0,-24.0,-34.0,-2.0,-1.0,2019,0.49627791563275436
2019-10-09,26300.0,26301.0,26298.0,26304.0,26298.0,YMZ9,26309.0,26302.0,26270.0,26280.0,26257.0,-41.53917050691244,651.0,-42.0,200.0,-41.76940814757879,1301.0,-45.0,-0.4608294930875587,3.0,1.0,3.0,-3.0,3.0,2019,0.9925558312655087
2019-10-10,26455.0,26456.0,26477.0,26472.0,26429.0,YMZ9,26288.0,26275.0,26303.0,26316.0,26475.0,-46.0,250.0,-46.0,100.0,-46.0,600.0,-42.0,0.0,-4.0,1.0,27.0,21.0,16.0,2019,0.5
2019-10-11,26850.0,26770.0,26783.0,26784.0,26889.0,YMZ9,26732.0,26737.0,26783.0,26813.0,26827.0,-41.666666666666664,300.0,-43.0,80.0,-41.94736842105263,380.0,-46.0,-1.3333333333333357,3.0,-80.0,-119.0,13.0,14.0,2019,0.4
2019-10-14,26743.0,26745.0,26738.0,26741.0,26747.0,YMZ9,26695.0,26714.0,26739.0,26724.0,26778.0,-44.0,100.0,-45.0,200.0,-44.666666666666664,300.0,-43.0,-1.0,-2.0,2.0,-2.0,-7.0,-4.0,2019,1.0
2019-10-15,26986.0,26983.0,26996.0,26994.0,26993.0,YMZ9,26862.0,26872.0,26859.0,26876.0,26881.0,-44.98870056497175,708.0,-44.0,3.0,-44.86446886446886,819.0,-45.0,0.9887005649717509,1.0,-3.0,-10.0,13.0,11.0,2019,0.015
2019-10-18,26776.0,26733.0,26743.0,26759.0,26785.0,YMZ9,26953.0,26920.0,26957.0,26945.0,26965.0,-40.0,300.0,-40.0,351.0,-39.79935794542536,1246.0,-46.5,0.0,6.5,-43.0,-52.0,10.0,26.0,2019,1.755
2019-10-21,26791.0,26788.0,26791.0,26784.0,26794.0,YMZ9,26791.0,26778.0,26746.0,26764.0,26738.0,-39.0,10.0,-39.0,10.0,-39.0,20.0,-40.0,0.0,1.0,-3.0,-6.0,3.0,-4.0,2019,0.05
2019-10-23,26780.0,26784.0,26808.0,26795.0,26767.0,YMZ9,26787.0,26776.0,26789.0,26794.0,26795.0,-48.0,109.0,-47.0,4.0,-47.9646017699115,113.0,-47.0,1.0,0.0,4.0,17.0,24.0,11.0,2019,0.02
2019-10-31,26911.0,26980.0,26988.0,26985.0,26916.0,YMZ9,27095.0,27105.0,27101.0,27052.0,27027.0,-66.0,200.0,-69.63157894736842,114.0,-67.31847133757962,314.0,-57.53846153846154,-3.631578947368425,-12.093117408906885,69.0,64.0,8.0,5.0,2019,0.57
2019-11-07,27640.0,27643.0,27642.0,27659.0,27602.0,YMZ9,27592.0,27593.0,27610.0,27642.0,27662.0,-38.0,1.0,-35.0,1.0,-37.7,10.0,,3.0,,3.0,41.0,-1.0,16.0,2019,0.005
2019-11-11,27638.0,27648.0,27658.0,27645.0,27636.0,YMZ9,27523.0,27511.0,27521.0,27518.0,27558.0,-38.5,200.0,-38.15384615384615,650.0,-38.51851851851852,1350.0,,0.3461538461538467,,10.0,12.0,10.0,-3.0,2019,3.25
2019-11-14,27740.0,27746.0,27748.0,27754.0,27744.0,YMZ9,27714.0,27713.0,27739.0,27724.0,27732.0,-40.333333333333336,600.0,-42.18032786885246,122.0,-40.64542936288089,722.0,-41.0,-1.8469945355191228,-1.1803278688524586,6.0,2.0,2.0,8.0,2019,0.61
2019-11-25,28014.0,28041.0,28030.0,28031.0,28013.0,YMZ9,27928.0,27932.0,27938.0,27956.0,27972.0,-22.0,1.0,-21.523560209424083,191.0,-21.54950495049505,202.0,-30.176795580110504,0.4764397905759168,8.65323537068642,27.0,28.0,-11.0,-10.0,2019,0.955
2019-12-02,27817.0,27787.0,27788.0,27793.0,27833.0,YMZ9,28102.0,28097.0,28070.0,28023.0,27995.0,-5.0,2.0,-8.0,200.0,-7.97029702970297,202.0,,-3.0,,-30.0,-46.0,1.0,6.0,2019,1.0
2019-12-04,27691.0,27658.0,27634.0,27628.0,27683.0,YMZ9,27641.0,27650.0,27630.0,27676.0,27698.0,-2.0,800.0,-1.3333333333333333,300.0,-1.8666666666666667,1500.0,,0.6666666666666667,,-33.0,-25.0,-24.0,-30.0,2019,1.5
2019-12-11,27887.0,27915.0,27925.0,27925.0,27898.0,YMZ9,27859.0,27862.0,27852.0,27880.0,27907.0,6.0,8.0,8.833333333333334,600.0,8.935010482180294,1908.0,,2.833333333333334,,28.0,17.0,10.0,10.0,2019,3.0
2019-12-27,28612.0,28636.0,28619.0,28618.0,28624.0,YMH0,28688.0,28683.0,28667.0,28671.0,28608.0,-15.75,400.0,-15.75,1600.0,-15.771769019248396,2182.0,-15.000000000000002,0.0,-0.7499999999999982,24.0,12.0,-17.0,-18.0,2019,8.0
2019-12-30,28443.0,28441.0,28455.0,28448.0,28449.0,YMH0,28644.0,28633.0,28588.0,28500.0,28499.0,-27.96894409937888,805.0,-25.0,807.0,-27.27827763496144,3112.0,-15.75,2.9689440993788807,-9.25,-2.0,-8.0,14.0,7.0,2019,4.035
2019-12-31,28465.0,28497.0,28532.0,28532.0,28470.0,YMH0,28383.0,28379.0,28395.0,28421.0,28434.0,-27.4,1000.0,-27.88235294117647,170.0,-27.310734463276837,1770.0,-25.0,-0.4823529411764724,-2.882352941176471,32.0,27.0,35.0,35.0,2019,0.85
2020-01-02,28764.0,28840.0,28839.0,28847.0,28758.0,YMH0,28648.0,28629.0,28643.0,28684.0,28701.0,-29.000000000000004,200.0,-36.0,52.0,-34.109243697478995,952.0,-27.88235294117647,-6.9999999999999964,-8.117647058823529,76.0,82.0,-1.0,7.0,2020,0.26
2020-01-03,28605.0,28595.0,28610.0,28615.0,28614.0,YMH0,28572.0,28507.0,28650.0,28657.0,28642.0,-32.96296296296296,405.0,-33.666666666666664,450.0,-33.23040380047506,2105.0,-36.0,-0.7037037037037024,2.3333333333333357,-10.0,-19.0,15.0,20.0,2020,2.25
2020-01-07,28570.0,28545.0,28530.0,28524.0,28578.0,YMH0,28606.0,28595.0,28612.0,28549.0,28570.0,-36.0,1000.0,-38.0,100.0,-36.088646967340594,1929.0,,-2.0,,-25.0,-33.0,-15.0,-21.0,2020,0.5
2020-01-24,28918.0,28944.0,28954.0,28954.0,28886.0,YMH0,29214.0,29214.0,29204.0,29222.0,29235.0,-44.285714285714285,350.0,-46.666666666666664,900.0,-46.0,1250.0,,-2.3809523809523796,,26.0,58.0,10.0,10.0,2020,4.5
2020-01-29,28725.0,28691.0,28702.0,28719.0,28738.0,YMH0,28850.0,28862.0,28851.0,28810.0,28750.0,-49.0,300.0,-49.0,200.0,-49.0,500.0,,0.0,,-34.0,-47.0,11.0,28.0,2020,1.0
2020-01-30,28773.0,28802.0,28818.0,28789.0,28746.0,YMH0,28535.0,28522.0,28596.0,28635.0,28607.0,-53.24,1250.0,-52.0,289.0,-52.97620500305064,1639.0,-49.0,1.240000000000002,-3.0,29.0,56.0,16.0,-13.0,2020,1.445
2020-01-31,28168.0,28183.0,28207.0,28219.0,28181.0,YMH0,28643.0,28644.0,28599.0,28575.0,28572.0,-56.0,100.0,-59.109375000000014,1280.0,-58.91603053435115,2096.0,-52.0,-3.109375000000014,-7.109375000000014,15.0,2.0,24.0,36.0,2020,6.4
2020-02-07,29070.0,29054.0,29060.0,29043.0,29078.0,YMH0,29195.0,29216.0,29135.0,29137.0,29120.0,-48.5,1200.0,-47.25,1600.0,-47.83783783783784,3700.0,,1.25,,-16.0,-24.0,6.0,-11.0,2020,8.0
2020-02-11,29207.0,29230.0,29233.0,29225.0,29232.0,YMH0,29382.0,29376.0,29293.0,29311.0,29297.0,-48.0,500.0,-46.333333333333336,600.0,-47.166666666666664,1200.0,,1.6666666666666643,,23.0,-2.0,3.0,-5.0,2020,3.0
2020-02-20,29166.0,29198.0,29199.0,29181.0,29197.0,YMH0,29275.0,29276.0,29299.0,29288.0,29311.0,-19.0,400.0,-16.0,1200.0,-16.75,1600.0,,3.0,,32.0,1.0,1.0,-17.0,2020,5.714285714285714
2020-02-24,28083.0,27952.0,27933.0,27930.0,28024.0,YMH0,28047.0,28027.0,28133.0,28185.0,28220.0,-13.91324200913242,219.0,-17.25,280.0,-14.546162402669633,899.0,,-3.3367579908675804,,-131.0,-72.0,-19.0,-22.0,2020,1.3333333333333333
2020-02-25,27097.0,27065.0,27133.0,27123.0,27079.0,YMH0,28088.0,28078.0,28043.0,28005.0,28016.0,-18.269896193771626,289.0,-20.5,200.0,-19.29176289453426,1299.0,-17.25,-2.2301038062283745,-3.25,-32.0,-14.0,68.0,58.0,2020,0.9523809523809523
2020-02-26,26984.0,26947.0,26938.0,26916.0,27011.0,YMH0,27217.0,27190.0,27205.0,27390.0,27300.0,-21.482438016528924,968.0,-20.571428571428573,350.0,-21.156294200848656,1414.0,-20.5,0.9110094451003512,-0.07142857142857295,-37.0,-64.0,-9.0,-31.0,2020,1.6666666666666667
2020-03-02,26467.0,26681.0,26668.0,26617.0,26327.0,YMH0,25625.0,25645.0,25558.0,25532.0,25520.0,-17.31854043392505,2028.0,-16.48631743549648,1279.0,-17.143332639900144,4807.0,,0.8322229984285698,,214.0,354.0,-13.0,-64.0,2020,5.684444444444445
2020-03-03,25976.0,25894.0,26015.0,26027.0,26058.0,YMH0,26735.0,26750.0,26570.0,26538.0,26404.0,-19.27777777777778,1800.0,-21.0,200.0,-19.5,2600.0,-16.48631743549648,-1.7222222222222214,-4.513682564503519,-82.0,-164.0,121.0,133.0,2020,0.7843137254901961
2020-03-04,26901.0,27063.0,26966.0,26958.0,26904.0,YMH0,26483.0,26503.0,26541.0,26432.0,26339.0,-20.933422103861517,751.0,-20.59880239520958,501.0,-20.673509933774834,1510.0,-21.0,0.33461970865193535,0.40119760479041844,162.0,159.0,-97.0,-105.0,2020,1.964705882352941
2020-03-06,25686.0,25849.0,25793.0,25752.0,25631.0,YMH0,25244.0,25338.0,25337.0,25356.0,25360.0,-27.41548709408826,1201.0,-28.789473684210527,1140.0,-27.999212908303818,2541.0,,-1.3739865901222679,,163.0,218.0,-56.0,-97.0,2020,4.470588235294118
2020-03-09,24142.0,23794.0,23712.0,23833.0,24138.0,YMH0,24534.0,24534.0,23679.0,23588.0,24244.0,-35.5,200.0,-36.86813186813187,455.0,-34.89828431372549,1632.0,-28.789473684210527,-1.3681318681318686,-8.078658183921341,-348.0,-344.0,-82.0,39.0,2020,1.7843137254901962
2020-03-10,24805.0,24988.0,24945.0,24889.0,24678.0,YMH0,24654.0,24669.0,24725.0,24471.0,24520.0,-34.0,300.0,-37.0,25.0,-34.20775623268698,361.0,-36.86813186813187,-3.0,-0.1318681318681314,183.0,310.0,-43.0,-99.0,2020,0.09803921568627451
2020-03-11,23632.0,23524.0,23509.0,23606.0,23620.0,YMH0,24194.0,24298.0,24385.0,24271.0,24225.0,-23.0,202.0,-25.0,94.0,-24.124658780709737,1099.0,-37.0,-2.0,12.0,-108.0,-96.0,-15.0,82.0,2020,0.4177777777777778
2020-03-25,21371.0,21072.0,21085.0,21127.0,21552.0,YMM0,20860.0,20925.0,21070.0,21148.0,20657.0,-126.76113360323886,1235.0,-128.59649122807016,570.0,-127.18004338394793,2305.0,-119.00000000000001,-1.8353576248313033,-9.59649122807015,-299.0,-480.0,13.0,55.0,2020,2.6511627906976742
2020-03-27,21651.0,21488.0,21453.0,21401.0,21747.0,YMM0,21610.0,21610.0,21593.0,21443.0,21500.0,-147.75,800.0,-147.0,10.0,-147.93126815101647,1033.0,-136.06666666666666,0.75,-10.933333333333337,-163.0,-259.0,-35.0,-87.0,2020,0.046511627906976744
2020-03-30,22115.0,22184.0,22129.0,22145.0,22092.0,YMM0,21601.0,21594.0,21671.0,21461.0,21510.0,-144.0,150.0,-140.04,250.0,-144.075,800.0,-147.0,3.960000000000008,6.960000000000008,69.0,92.0,-55.0,-39.0,2020,1.1627906976744187
2020-04-01,20841.0,20798.0,20792.0,20736.0,20675.0,YMM0,20906.0,20920.0,20990.0,21106.0,21084.0,-146.0,50.0,-137.08755760368663,434.0,-138.0082644628099,484.0,-141.71428571428572,8.912442396313367,4.626728110599089,-43.0,123.0,-6.0,-62.0,2020,2.0186046511627906
2020-04-02,21097.0,21269.0,21319.0,21337.0,21169.0,YMM0,20640.0,20697.0,20836.0,20681.0,20758.0,-133.57142857142858,350.0,-131.0,200.0,-132.8,625.0,-137.08755760368663,2.5714285714285836,6.0875576036866335,172.0,100.0,50.0,68.0,2020,0.9302325581395349
2020-04-06,22329.0,22499.0,22503.0,22474.0,22311.0,YMM0,21757.0,21777.0,21721.0,21783.0,21945.0,-120.11111111111113,900.0,-119.13793103448279,290.0,-118.82205513784463,3990.0,,0.9731800766283385,,170.0,188.0,4.0,-25.0,2020,1.3488372093023255
2020-04-07,22955.0,22538.0,22425.0,22492.0,22784.0,YMM0,23378.0,23413.0,23347.0,23256.0,23394.0,-120.19920318725102,251.0,-120.00000000000001,100.0,-121.15920000000003,1250.0,-119.13793103448279,0.19920318725100117,-0.8620689655172242,-417.0,-246.0,-113.0,-46.0,2020,0.4166666666666667
2020-04-09,23552.0,23600.0,23652.0,23650.0,23662.0,YMM0,23739.0,23661.0,23604.0,23828.0,23864.0,-122.00000000000001,100.0,-122.12500000000003,320.0,-121.76119402985077,670.0,-119.88235294117649,-0.1250000000000142,-2.242647058823536,48.0,-62.0,52.0,50.0,2020,1.4883720930232558
2020-04-13,23368.0,23278.0,23279.0,23284.0,23332.0,YMM0,23574.0,23512.0,23390.0,23300.0,23220.0,-124.00000000000001,1.0,-122.20000000000002,250.0,-122.20717131474105,251.0,-122.12500000000003,1.7999999999999972,-0.07499999999998863,-90.0,-54.0,1.0,6.0,2020,1.1627906976744187
2020-04-14,23866.0,23830.0,23848.0,23861.0,23817.0,YMM0,23718.0,23732.0,23760.0,23835.0,23880.0,-123.50000000000001,200.0,-122.7777777777778,315.0,-122.91411042944787,815.0,-122.20000000000002,0.7222222222222143,-0.5777777777777828,-36.0,13.0,18.0,31.0,2020,1.3125
2020-04-15,23377.0,23374.0,23380.0,23367.0,23366.0,YMM0,23300.0,23309.0,23284.0,23258.0,23320.0,-131.2,500.0,-130.0,250.0,-130.8,750.0,-122.7777777777778,1.1999999999999886,-7.2222222222222,-3.0,8.0,6.0,-7.0,2020,1.0
2020-04-16,23373.0,23403.0,23403.0,23410.0,23378.0,YMM0,23470.0,23431.0,23331.0,23281.0,23150.0,-129.0,100.0,-128.11111111111111,900.0,-128.2,1000.0,-130.0,0.8888888888888857,1.8888888888888857,30.0,25.0,0.0,7.0,2020,3.6
2020-04-17,24028.0,24114.0,24108.0,24115.0,24006.0,YMM0,24056.0,24039.0,23960.0,23922.0,23967.0,-122.00000000000003,75.0,-119.4761904761905,210.0,-120.05517241379313,725.0,-128.11111111111111,2.5238095238095326,8.634920634920618,86.0,108.0,-6.0,1.0,2020,0.7924528301886793
2020-04-20,23619.0,23530.0,23542.0,23463.0,23597.0,YMM0,23671.0,23695.0,23629.0,23710.0,23741.0,-122.64686468646867,303.0,-123.00000000000003,600.0,-122.9029918404352,1103.0,-119.4761904761905,-0.35313531353135375,-3.5238095238095326,-89.0,-67.0,12.0,-67.0,2020,2.2641509433962264
2020-04-21,22949.0,22899.0,22904.0,22925.0,23028.0,YMM0,22960.0,23010.0,23002.0,22970.0,23164.0,-128.25,400.0,-120.94736842105264,475.0,-124.11320754716984,1325.0,-123.00000000000003,7.302631578947356,2.052631578947384,-50.0,-129.0,5.0,26.0,2020,1.6695957820738137
2020-04-22,23446.0,23349.0,23335.0,23345.0,23461.0,YMM0,23305.0,23309.0,23319.0,23329.0,23306.0,-119.90090090090092,111.0,-117.65600000000002,500.0,-118.06382978723407,611.0,-120.94736842105264,2.2449009009009018,3.291368421052624,-97.0,-112.0,-14.0,-4.0,2020,1.7271157167530224
2020-04-23,23504.0,23398.0,23376.0,23348.0,23454.0,YMM0,23408.0,23434.0,23524.0,23552.0,23516.0,-112.5,400.0,-112.0,100.0,-112.65217391304348,920.0,-117.65600000000002,0.5,5.65600000000002,-106.0,-56.0,-22.0,-50.0,2020,0.3454231433506045
2020-04-27,24084.0,24008.0,24005.0,23981.0,24088.0,YMM0,23845.0,23796.0,23779.0,23748.0,23810.0,-113.72727272727273,550.0,-110.2,250.0,-112.58333333333333,1200.0,-112.9047619047619,3.527272727272731,2.704761904761895,-76.0,-80.0,-3.0,-27.0,2020,0.8787346221441125
2020-04-28,24022.0,23991.0,24022.0,24038.0,24079.0,YMM0,24404.0,24389.0,24333.0,24345.0,24217.0,-108.0,1.0,-110.0204081632653,196.0,-110.01015228426395,197.0,-110.2,-2.0204081632653015,0.17959183673470136,-31.0,-88.0,31.0,47.0,2020,0.7396226415094339
2020-04-30,24187.0,24215.0,24184.0,24210.0,24211.0,YMM0,24299.0,24292.0,24205.0,24173.0,24288.0,-113.98019801980197,101.0,-112.66666666666667,15.0,-113.8103448275862,116.0,,1.3135313531353034,,28.0,4.0,-31.0,-5.0,2020,0.06
2020-05-04,23631.0,23633.0,23587.0,23597.0,23640.0,YMM0,23398.0,23397.0,23323.0,23287.0,23352.0,-111.0,2.0,-111.0,50.0,-111.97979797979798,99.0,-115.29032258064517,0.0,4.290322580645167,2.0,-7.0,-46.0,-36.0,2020,0.2
2020-05-07,23759.0,23786.0,23795.0,23820.0,23765.0,YMM0,23810.0,23809.0,23832.0,23867.0,23898.0,-96.11242603550296,169.0,-94.04854368932038,206.0,-95.24158415841585,505.0,,2.063882346182581,,27.0,21.0,9.0,34.0,2020,0.824
2020-05-08,24226.0,24232.0,24276.0,24284.0,24223.0,YMM0,24081.0,24108.0,24078.0,24074.0,24097.0,-90.0,100.0,-88.03225806451613,31.0,-89.53435114503817,131.0,-94.04854368932038,1.9677419354838719,6.016285624804254,6.0,9.0,44.0,52.0,2020,0.124
2020-05-11,24175.0,24130.0,24094.0,24086.0,24193.0,YMM0,24044.0,24043.0,24001.0,24055.0,24007.0,-93.0,1.0,-90.0,70.0,-90.04225352112677,71.0,-88.03225806451613,3.0,-1.9677419354838719,-45.0,-63.0,-36.0,-44.0,2020,0.28
2020-05-13,23120.0,23166.0,23220.0,23174.0,23083.0,YMM0,23550.0,23572.0,23464.0,23429.0,23471.0,-85.0,100.0,-83.90038314176245,261.0,-84.20498614958449,361.0,-90.0,1.0996168582375532,6.099616858237553,46.0,83.0,54.0,8.0,2020,1.044
2020-05-15,23565.0,23611.0,23563.0,23554.0,23513.0,YMM0,23342.0,23334.0,23312.0,23449.0,23473.0,-87.0,100.0,-87.7872340425532,94.0,-87.28938906752411,311.0,-86.0,-0.7872340425531945,-1.7872340425531945,46.0,98.0,-48.0,-57.0,2020,0.376
2020-05-18,24621.0,24505.0,24478.0,24508.0,24607.0,YMM0,24266.0,24273.0,24294.0,24340.0,24326.0,-72.5,200.0,-72.40677966101696,295.0,-72.72361809045226,995.0,-87.7872340425532,0.09322033898304483,15.38045438153624,-116.0,-102.0,-27.0,3.0,2020,1.18
2020-05-20,24474.0,24502.0,24534.0,24543.0,24526.0,YMM0,24466.0,24459.0,24422.0,24445.0,24470.0,-67.5940594059406,303.0,-67.1875,160.0,-67.63343717549326,963.0,-75.0,0.40655940594059814,7.8125,28.0,-24.0,32.0,41.0,2020,0.64
2020-05-21,24440.0,24417.0,24415.0,24405.0,24455.0,YMM0,24479.0,24476.0,24503.0,24587.0,24579.0,-61.00000000000001,100.0,-62.8909090909091,55.0,-62.99391171993912,657.0,-67.1875,-1.8909090909090907,4.296590909090902,-23.0,-38.0,-2.0,-12.0,2020,0.22
2020-05-26,24937.0,24946.0,24965.0,24990.0,24962.0,YMM0,25029.0,25012.0,24972.0,25021.0,24989.0,-51.93377483443709,755.0,-53.0,5.0,-51.94078947368421,760.0,,-1.066225165562912,,9.0,-16.0,19.0,44.0,2020,0.02
2020-05-27,25423.0,25490.0,25501.0,25507.0,25388.0,YMM0,25305.0,25296.0,25256.0,25258.0,25173.0,-52.0,12.0,-55.13084112149533,107.0,-54.81512605042017,119.0,-53.0,-3.1308411214953296,-2.1308411214953296,67.0,102.0,11.0,17.0,2020,0.428
2020-05-28,25365.0,25361.0,25435.0,25431.0,25433.0,YMM0,25729.0,25708.0,25589.0,25556.0,25570.0,-47.18181818181818,550.0,-52.90196078431372,255.0,-48.64141414141414,990.0,-55.13084112149533,-5.720142602495542,2.2288803371816073,-4.0,-72.0,74.0,70.0,2020,1.02
2020-06-03,26301.0,26245.0,26240.0,26225.0,26304.0,YMM0,25969.0,25950.0,25963.0,25967.0,25952.0,-18.333333333333332,600.0,-19.0,6.0,-18.453503184713377,785.0,-29.961538461538467,-0.6666666666666679,10.961538461538467,-56.0,-59.0,-5.0,-20.0,2020,0.024
2020-06-05,27039.0,27071.0,27078.0,27079.0,27070.0,YMM0,26988.0,26964.0,26984.0,27054.0,26926.0,-16.914285714285715,1750.0,-15.879432624113475,705.0,-16.300155520995336,3215.0,-20.0,1.0348530901722395,4.120567375886525,32.0,1.0,7.0,8.0,2020,2.82
2020-06-08,27499.0,27551.0,27502.0,27512.0,27484.0,YMM0,27309.0,27244.0,27306.0,27374.0,27380.0,-17.0,150.0,-19.0,15.0,-17.084033613445378,357.0,-15.879432624113475,-2.0,-3.120567375886525,52.0,67.0,-49.0,-39.0,2020,0.0594059405940594
2020-06-09,27318.0,27272.0,27322.0,27280.0,27348.0,YMM0,27239.0,27253.0,27248.0,27284.0,27194.0,-10.0,100.0,-10.390243902439025,82.0,-10.690909090909091,330.0,-19.0,-0.39024390243902474,8.609756097560975,-46.0,-76.0,50.0,8.0,2020,0.32475247524752476
2020-06-10,27054.0,26985.0,26905.0,26930.0,27106.0,YMM0,27247.0,27247.0,27198.0,27125.0,27118.0,-8.285714285714286,1050.0,-9.495049504950495,202.0,-8.480830670926517,1252.0,-10.390243902439025,-1.209335219236209,0.8951943974885292,-69.0,-121.0,-80.0,-55.0,2020,0.808
2020-06-11,25186.0,25131.0,25167.0,25170.0,25290.0,YMM0,26104.0,26126.0,26191.0,26169.0,26212.0,-15.980087118855009,1607.0,-15.894736842105264,133.0,-16.20136518771331,2344.0,-9.495049504950495,0.08535027674974494,-6.399687337154768,-55.0,-159.0,36.0,39.0,2020,0.532
2020-06-23,26074.0,26022.0,26022.0,26030.0,26094.0,YMU0,26154.0,26152.0,26129.0,26181.0,26089.0,-128.2,250.0,-133.0,100.0,-129.5811965811966,351.0,,-4.800000000000011,,-52.0,-72.0,0.0,8.0,2020,0.4
2020-06-25,25516.0,25607.0,25639.0,25634.0,25548.0,YMU0,25236.0,25208.0,25237.0,25124.0,25231.0,-132.2603550295858,338.0,-132.0,400.0,-132.49534161490683,1288.0,,0.2603550295858099,,91.0,59.0,32.0,27.0,2020,1.7391304347826086
2020-06-26,24942.0,24894.0,24967.0,24957.0,24982.0,YMU0,25440.0,25432.0,25398.0,25309.0,25339.0,-134.16666666666666,6.0,-132.2258064516129,62.0,-132.44927536231884,69.0,-132.0,1.9408602150537604,-0.2258064516128968,-48.0,-88.0,73.0,63.0,2020,0.248
2020-07-01,25710.0,25600.0,25575.0,25580.0,25691.0,YMU0,25730.0,25750.0,25869.0,25856.0,25738.0,-132.00985221674875,203.0,-131.9,10.0,-132.0186046511628,215.0,,0.10985221674874879,,-110.0,-91.0,-25.0,-20.0,2020,0.04
2020-07-02,25740.0,25710.0,25734.0,25753.0,25744.0,YMU0,26008.0,25984.0,26038.0,26001.0,26051.0,-123.00000000000001,100.0,-124.00000000000003,10.0,-124.44776119402987,335.0,-131.9,-1.0000000000000142,7.899999999999977,-30.0,-34.0,24.0,43.0,2020,0.043478260869565216
2020-07-09,25611.0,25586.0,25592.0,25587.0,25546.0,YMU0,25961.0,25947.0,25925.0,25843.0,25856.0,-124.00000000000001,200.0,-123.00000000000001,200.0,-123.50000000000001,400.0,,1.0,,-25.0,40.0,6.0,1.0,2020,0.8695652173913043
2020-07-10,25964.0,25953.0,25972.0,25974.0,25917.0,YMU0,25591.0,25580.0,25532.0,25698.0,25614.0,-125.0769230769231,13.0,-120.55000000000003,20.0,-122.2826086956522,46.0,-123.00000000000001,4.526923076923069,2.4499999999999886,-11.0,36.0,19.0,21.0,2020,0.09615384615384616
2020-07-13,25977.0,25981.0,25936.0,25946.0,26086.0,YMU0,26177.0,26174.0,26181.0,26152.0,26133.0,-120.25000000000003,1200.0,-120.50000000000003,600.0,-120.31578947368422,1900.0,-120.55000000000003,-0.25,0.04999999999999716,4.0,-105.0,-45.0,-35.0,2020,2.8846153846153846
2020-07-14,26521.0,26521.0,26493.0,26507.0,26469.0,YMU0,25964.0,25927.0,25958.0,26032.0,26065.0,-118.79617834394907,1256.0,-118.25000000000001,800.0,-118.58055152394778,2756.0,-120.50000000000003,0.5461783439490517,2.250000000000014,0.0,52.0,-28.0,-14.0,2020,3.8461538461538463
2020-07-15,26819.0,26751.0,26746.0,26746.0,26762.0,YMU0,26959.0,26909.0,26877.0,26859.0,26841.0,-118.45143884892089,1112.0,-118.7330210772834,427.0,-118.55320435308346,1654.0,-118.25000000000001,-0.28158222836250957,-0.4830210772833823,-68.0,-11.0,-5.0,-5.0,2020,2.0528846153846154
2020-07-16,26613.0,26617.0,26563.0,26565.0,26610.0,YMU0,26577.0,26582.0,26567.0,26639.0,26638.0,-118.00000000000001,1.0,-121.43980343980346,407.0,-121.43137254901963,408.0,-118.7330210772834,-3.439803439803441,-2.706782362520059,4.0,7.0,-54.0,-52.0,2020,1.9567307692307692
2020-07-21,26750.0,26727.0,26734.0,26722.0,26732.0,YMU0,26786.0,26769.0,26758.0,26841.0,26884.0,-114.0,14.0,-117.00000000000001,3.0,-114.5,18.0,-114.0,-3.000000000000014,-3.000000000000014,-23.0,-5.0,7.0,-5.0,2020,0.014423076923076924
2020-07-23,26507.0,26553.0,26500.0,26545.0,26528.0,YMU0,26846.0,26850.0,26840.0,26821.0,26856.0,-110.0,100.0,-107.0,8.0,-108.47058823529412,408.0,-114.13793103448276,3.0,7.137931034482762,46.0,25.0,-53.0,-8.0,2020,0.0392156862745098
2020-07-27,26488.0,26479.0,26480.0,26485.0,26476.0,YMU0,26396.0,26358.0,26349.0,26389.0,26471.0,-107.55776892430279,1255.0,-107.0,470.0,-107.38356164383562,1825.0,,0.5577689243027919,,-9.0,3.0,1.0,6.0,2020,2.3383084577114426
2020-07-28,26297.0,26282.0,26275.0,26295.0,26316.0,YMU0,26391.0,26383.0,26402.0,26362.0,26309.0,-107.0,400.0,-106.0,159.0,-106.58207217694994,859.0,-107.0,1.0,1.0,-15.0,-34.0,-7.0,13.0,2020,0.7794117647058824
2020-07-29,26456.0,26435.0,26416.0,26436.0,26462.0,YMU0,26324.0,26307.0,26311.0,26297.0,26318.0,-107.03846153846153,312.0,-106.99462365591398,372.0,-107.0208507089241,1199.0,-106.0,0.04383788254754961,-0.9946236559139834,-21.0,-27.0,-19.0,1.0,2020,1.8507462686567164
2020-07-30,26192.0,26213.0,26205.0,26229.0,26201.0,YMU0,26135.0,26145.0,26127.0,26027.0,25915.0,-108.59742828882295,1011.0,-104.98387096774194,124.0,-107.2508108108108,1850.0,-106.99462365591398,3.613557321081018,2.0107526881720474,21.0,12.0,-8.0,16.0,2020,0.6169154228855721
2020-07-31,26242.0,26326.0,26334.0,26328.0,26185.0,YMU0,26282.0,26262.0,26246.0,26193.0,26188.0,-107.0,200.0,-107.95121951219512,205.0,-107.7910447761194,1005.0,-104.98387096774194,-0.9512195121951237,-2.9673485444531877,84.0,141.0,8.0,2.0,2020,1.0199004975124377
2020-08-03,26567.0,26550.0,26542.0,26541.0,26572.0,YMU0,26445.0,26446.0,26433.0,26440.0,26454.0,-109.74952919020716,531.0,-108.98712446351931,233.0,-109.45717592592592,864.0,-107.95121951219512,0.7624047266878478,-1.0359049513241843,-17.0,-22.0,-8.0,-9.0,2020,1.1592039800995024
2020-08-05,27022.0,27090.0,27076.0,27078.0,27034.0,YMU0,26894.0,26891.0,26919.0,26959.0,26990.0,-105.36363636363636,550.0,-109.0,200.0,-106.26315789473684,950.0,-108.0,-3.6363636363636402,-1.0,68.0,56.0,-14.0,-12.0,2020,0.9950248756218906
2020-08-07,27362.0,27344.0,27327.0,27334.0,27323.0,YMU0,27200.0,27210.0,27216.0,27182.0,27207.0,-90.25,12.0,-93.09041095890412,365.0,-92.31304347826087,575.0,,-2.8404109589041155,,-18.0,21.0,-17.0,-10.0,2020,1.825
2020-08-10,27673.0,27703.0,27683.0,27679.0,27683.0,YMU0,27432.0,27440.0,27506.0,27551.0,27579.0,-92.81818181818181,11.0,-89.47619047619048,210.0,-90.28571428571429,420.0,-93.09041095890412,3.3419913419913314,3.614220482713634,30.0,20.0,-20.0,-24.0,2020,1.044776119402985
2020-08-11,27630.0,27603.0,27575.0,27623.0,27670.0,YMU0,28002.0,27982.0,28009.0,28039.0,27996.0,-90.11111111111111,900.0,-91.0,86.0,-90.15682967959528,1186.0,-89.47619047619048,-0.8888888888888857,-1.5238095238095184,-27.0,-67.0,-28.0,20.0,2020,0.4226044226044226
2020-08-12,27910.0,27887.0,27877.0,27881.0,27930.0,YMU0,27898.0,27878.0,27862.0,27845.0,27816.0,-84.4,1000.0,-87.0,5.0,-84.77954004758128,1261.0,-91.0,-2.5999999999999943,4.0,-23.0,-43.0,-10.0,-6.0,2020,0.024875621890547265
2020-08-17,27798.0,27778.0,27761.0,27754.0,27797.0,YMU0,27908.0,27903.0,27882.0,27846.0,27804.0,-77.88617886178862,123.0,-78.28571428571429,28.0,-78.12637362637362,182.0,-76.44961240310077,-0.3995354239256699,-1.8361018826135194,-20.0,-19.0,-17.0,-24.0,2020,0.13930348258706468
2020-08-19,27612.0,27630.0,27623.0,27643.0,27679.0,YMU0,27755.0,27754.0,27730.0,27800.0,27833.0,-65.66666666666667,600.0,-66.0,200.0,-65.54545454545455,1100.0,,-0.3333333333333286,,18.0,-49.0,-7.0,13.0,2020,1.0
2020-08-20,27691.0,27676.0,27677.0,27675.0,27706.0,YMU0,27491.0,27489.0,27506.0,27496.0,27548.0,-66.6,500.0,-65.94117647058823,510.0,-66.25367286973555,1021.0,-66.0,0.6588235294117624,0.05882352941176805,-15.0,-30.0,1.0,-1.0,2020,2.55
2020-08-24,28196.0,28260.0,28238.0,28246.0,28198.0,YMU0,28126.0,28114.0,28050.0,28020.0,28041.0,-51.095238095238095,2100.0,-51.0,300.0,-51.07017543859649,2850.0,,0.0952380952380949,,64.0,62.0,-22.0,-14.0,2020,1.5
2020-08-25,28181.0,28198.0,28209.0,28208.0,28179.0,YMU0,28377.0,28358.0,28239.0,28216.0,28249.0,-48.8,500.0,-49.03225806451613,310.0,-48.94039735099338,1510.0,-51.0,-0.23225806451613096,1.9677419354838719,17.0,19.0,11.0,10.0,2020,1.55
2020-08-26,28263.0,28275.0,28286.0,28299.0,28245.0,YMU0,28196.0,28197.0,28169.0,28147.0,28166.0,-49.47846889952153,418.0,-49.09090909090909,110.0,-49.165876777251185,1266.0,-49.03225806451613,0.387559808612437,-0.05865102639296538,12.0,30.0,11.0,24.0,2020,0.5472636815920398
2020-08-27,28505.0,28450.0,28467.0,28477.0,28512.0,YMU0,28415.0,28385.0,28394.0,28445.0,28540.0,-48.667774086378735,301.0,-47.25,60.0,-49.03082191780822,584.0,-49.09090909090909,1.417774086378735,1.8409090909090935,-55.0,-62.0,17.0,27.0,2020,0.3
2020-08-28,28666.0,28622.0,28618.0,28612.0,28687.0,YMU0,28586.0,28562.0,28492.0,28517.0,28542.0,-42.16393442622951,610.0,-41.5,400.0,-42.0,1310.0,-47.25,0.6639344262295097,5.75,-44.0,-65.0,-4.0,-10.0,2020,2.0
2020-08-31,28514.0,28366.0,28405.0,28407.0,28466.0,YMU0,28583.0,28569.0,28502.0,28498.0,28470.0,-26.10634495084897,1119.0,-24.89158878504673,535.0,-25.5678793256433,2254.0,-41.5,1.2147561658022425,16.60841121495327,-148.0,-100.0,39.0,41.0,2020,2.675
2020-09-02,29146.0,29063.0,29082.0,29083.0,29124.0,YMU0,28756.0,28754.0,28741.0,28801.0,28819.0,-15.533333333333335,375.0,-17.47826086956522,414.0,-16.420596727622716,1039.0,-25.854700854700855,-1.9449275362318836,8.376439985135637,-83.0,-61.0,19.0,20.0,2020,2.07
2020-09-03,28131.0,28274.0,28348.0,28378.0,28212.0,YMU0,29052.0,29047.0,29069.0,29095.0,29146.0,-17.0,116.0,-18.227272727272727,880.0,-17.98997493734336,1596.0,-17.47826086956522,-1.2272727272727266,-0.749011857707508,143.0,62.0,74.0,104.0,2020,4.4
2020-09-04,28104.0,28117.0,28110.0,28101.0,28142.0,YMU0,28510.0,28439.0,28490.0,28487.0,28306.0,-19.365326934613076,1667.0,-20.0,69.0,-19.316733067729082,2008.0,-18.227272727272727,-0.6346730653869237,-1.7727272727272734,13.0,-25.0,-7.0,-16.0,2020,0.345
2020-09-08,27580.0,27497.0,27548.0,27515.0,27612.0,YMU0,27800.0,27830.0,27688.0,27562.0,27649.0,-20.5,200.0,-19.416666666666668,480.0,-19.735294117647058,680.0,,1.0833333333333321,,-83.0,-115.0,51.0,18.0,2020,2.4242424242424243
2020-09-09,28036.0,27926.0,27906.0,27963.0,28058.0,YMU0,27774.0,27744.0,27705.0,27736.0,27856.0,-13.816326530612244,196.0,-13.0,64.0,-13.599250936329588,267.0,-19.416666666666668,0.816326530612244,6.416666666666668,-110.0,-132.0,-20.0,37.0,2020,0.32323232323232326
2020-09-18,27598.0,27540.0,27538.0,27581.0,27597.0,YMZ0,27845.0,27792.0,27768.0,27737.0,27678.0,-118.00000000000001,100.0,-119.57181942544462,731.0,-118.22795558458526,1531.0,-116.00000000000001,-1.5718194254446018,-3.571819425444602,-58.0,-57.0,-2.0,41.0,2020,4.106741573033708
2020-09-21,26879.0,27018.0,27047.0,27035.0,26900.0,YMZ0,27024.0,27044.0,27005.0,26919.0,26982.0,-125.94786729857822,211.0,-126.00000000000001,8.0,-127.57569296375269,469.0,-119.57181942544462,-0.05213270142179738,-6.428180574555398,139.0,118.0,29.0,17.0,2020,0.04040404040404041
2020-09-23,26626.0,26642.0,26653.0,26660.0,26691.0,YMZ0,27313.0,27305.0,27298.0,27304.0,27208.0,-126.00000000000003,300.0,-129.00763358778627,131.0,-126.9141531322506,431.0,,-3.007633587786245,,16.0,-49.0,11.0,18.0,2020,0.7359550561797753
2020-09-24,26666.0,26688.0,26721.0,26718.0,26674.0,YMZ0,26524.0,26569.0,26453.0,26471.0,26582.0,-127.28846153846156,52.0,-126.80000000000001,500.0,-127.02300613496932,652.0,-129.00763358778627,0.48846153846155005,2.207633587786262,22.0,14.0,33.0,30.0,2020,3.134796238244514
2020-09-28,27455.0,27476.0,27478.0,27476.0,27501.0,YMZ0,27393.0,27411.0,27480.0,27386.0,27413.0,-124.67213114754101,305.0,-124.40336134453783,119.0,-124.48964218455747,531.0,-125.980198019802,0.2687698030031811,1.5768366752641754,21.0,-25.0,2.0,0.0,2020,0.6611111111111111
2020-09-29,27394.0,27327.0,27371.0,27413.0,27367.0,YMZ0,27447.0,27444.0,27423.0,27388.0,27411.0,-126.43902439024392,205.0,-124.71038251366122,366.0,-125.2462987886945,743.0,-124.40336134453783,1.7286418765826994,-0.30702116912338795,-67.0,-40.0,44.0,86.0,2020,2.033333333333333
2020-09-30,27675.0,27643.0,27556.0,27571.0,27599.0,YMZ0,27398.0,27388.0,27540.0,27552.0,27612.0,-123.50000000000001,200.0,-125.00000000000001,50.0,-124.33333333333334,450.0,-124.71038251366122,-1.5,-0.28961748633879836,-32.0,44.0,-87.0,-72.0,2020,0.2777777777777778
2020-10-05,28012.0,28018.0,28006.0,28005.0,28008.0,YMZ0,27764.0,27764.0,27802.0,27823.0,27767.0,-122.68750000000001,1600.0,-123.04678362573101,342.0,-122.75077239958807,1942.0,,-0.3592836257309955,,6.0,10.0,-12.0,-13.0,2020,1.9
2020-10-06,27658.0,27647.0,27677.0,27664.0,27704.0,YMZ0,28132.0,28138.0,28055.0,28079.0,28074.0,-120.10000000000002,10.0,-122.90000000000003,490.0,-122.80961182994457,541.0,-123.04678362573101,-2.8000000000000114,0.1467836257309756,-11.0,-57.0,30.0,17.0,2020,2.45
2020-10-07,28213.0,28168.0,28167.0,28157.0,28209.0,YMZ0,27902.0,27906.0,27966.0,28002.0,28007.0,-122.00000000000001,200.0,-121.42857142857144,105.0,-121.92380952380954,525.0,-122.90000000000003,0.5714285714285694,1.4714285714285893,-45.0,-41.0,-1.0,-11.0,2020,0.525
2020-10-08,28291.0,28311.0,28303.0,28300.0,28294.0,YMZ0,28345.0,28334.0,28290.0,28284.0,28311.0,-113.1311706629055,709.0,-114.08,25.0,-113.15722543352601,865.0,-121.42857142857144,-0.9488293370944945,7.3485714285714465,20.0,17.0,-8.0,-11.0,2020,0.125
2020-10-12,28724.0,28725.0,28749.0,28761.0,28759.0,YMZ0,28581.0,28573.0,28562.0,28584.0,28612.0,-113.0,1.0,-111.42857142857143,1400.0,-111.5506287227002,1511.0,-114.66666666666669,1.5714285714285694,3.238095238095255,1.0,-34.0,24.0,36.0,2020,7.777777777777778
2020-10-19,28115.0,28109.0,28108.0,28118.0,28109.0,YMZ0,28563.0,28556.0,28582.0,28572.0,28534.0,-114.0,300.0,-114.44444444444446,450.0,-114.05,1000.0,,-0.4444444444444571,,-6.0,0.0,-1.0,9.0,2020,2.25
2020-10-21,28111.0,28099.0,28139.0,28163.0,28132.0,YMZ0,28183.0,28151.0,28169.0,28266.0,28315.0,-114.0,2.0,-111.0,2.0,-113.68992248062015,129.0,,3.0,,-12.0,-33.0,40.0,64.0,2020,0.01
2020-10-22,28276.0,28267.0,28251.0,28243.0,28280.0,YMZ0,28096.0,28108.0,28160.0,28153.0,28130.0,-110.5,200.0,-109.0,100.0,-109.6,500.0,-111.0,1.5,2.0,-9.0,-13.0,-16.0,-24.0,2020,0.5
2020-10-27,27392.0,27370.0,27381.0,27323.0,27432.0,YMZ0,27592.0,27584.0,27508.0,27536.0,27550.0,-103.94,50.0,-105.0,20.0,-104.24285714285715,70.0,-106.03225806451613,-1.0600000000000023,1.0322580645161281,-22.0,-62.0,11.0,-47.0,2020,0.1
2020-10-28,26533.0,26435.0,26435.0,26453.0,26554.0,YMZ0,26751.0,26784.0,26843.0,26939.0,26795.0,-105.88888888888889,18.0,-108.18181818181819,165.0,-107.45691906005221,383.0,-105.0,-2.2929292929293013,-3.181818181818187,-98.0,-119.0,0.0,18.0,2020,0.825
2020-10-29,26681.0,26540.0,26456.0,26504.0,26637.0,YMZ0,26408.0,26398.0,26338.0,26231.0,26410.0,-111.41547518923466,2378.0,-111.56562137049941,861.0,-111.4413680781759,3684.0,-108.18181818181819,-0.1501461812647591,-3.3838031886812274,-141.0,-97.0,-84.0,-36.0,2020,4.305
2020-10-30,26185.0,26396.0,26446.0,26416.0,26237.0,YMZ0,26337.0,26383.0,26453.0,26418.0,26403.0,-112.0,561.0,-111.88181818181818,220.0,-111.97386934673366,995.0,-111.56562137049941,0.11818181818182438,-0.3161968113187612,211.0,159.0,50.0,20.0,2020,1.1
2020-11-02,26743.0,26809.0,26828.0,26800.0,26702.0,YMZ0,26755.0,26785.0,26670.0,26614.0,26764.0,-110.27172195892575,633.0,-108.67420814479638,221.0,-109.84859154929578,1136.0,-111.88181818181818,1.5975138141293712,3.2076100370217944,66.0,107.0,19.0,-9.0,2020,1.105
2020-11-03,27487.0,27358.0,27329.0,27320.0,27460.0,YMZ0,27177.0,27163.0,27138.0,27200.0,27323.0,-109.4,1000.0,-110.0,65.0,-109.43661971830986,1065.0,-108.67420814479638,-0.5999999999999943,-1.3257918552036188,-129.0,-102.0,-29.0,-38.0,2020,0.32338308457711445
2020-11-04,27797.0,27743.0,27743.0,27763.0,27795.0,YMZ0,27416.0,27464.0,27581.0,27565.0,27756.0,-110.75355450236967,2110.0,-107.93243243243244,74.0,-110.244384847469,2983.0,-110.0,2.821122069937232,2.067567567567565,-54.0,-52.0,0.0,20.0,2020,0.37
2020-11-06,28322.0,28216.0,28220.0,28250.0,28285.0,YMZ0,28387.0,28294.0,28205.0,28151.0,28136.0,-103.2,500.0,-103.0,100.0,-103.16666666666667,600.0,-106.17857142857143,0.20000000000000284,3.1785714285714306,-106.0,-69.0,4.0,34.0,2020,0.5
2020-11-09,29338.0,29065.0,29107.0,29131.0,29411.0,YMZ0,29836.0,29767.0,29734.0,29538.0,29398.0,-87.43619489559164,431.0,-92.1744966442953,894.0,-90.26939912455232,2513.0,-103.0,-4.7383017487036625,10.825503355704697,-273.0,-346.0,42.0,66.0,2020,4.47
2020-11-10,29346.0,29336.0,29341.0,29363.0,29344.0,YMZ0,29169.0,29203.0,29200.0,29116.0,29217.0,-91.0,208.0,-89.32142857142857,28.0,-91.23568281938326,454.0,-92.1744966442953,1.6785714285714306,2.8530680728667335,-10.0,-8.0,5.0,27.0,2020,0.14
2020-11-11,29317.0,29308.0,29361.0,29329.0,29293.0,YMZ0,29496.0,29500.0,29402.0,29381.0,29302.0,-90.0,1.0,-93.03614457831326,415.0,-93.02637889688249,417.0,-89.32142857142857,-3.0361445783132552,-3.714716006884686,-9.0,15.0,53.0,21.0,2020,2.075
2020-11-12,28876.0,29000.0,29005.0,29073.0,28874.0,YMZ0,29100.0,29118.0,29130.0,29101.0,29136.0,-85.28490028490029,1053.0,-84.96747967479675,123.0,-85.26657645466847,1478.0,-93.03614457831326,0.3174206101035395,8.068664903516506,124.0,126.0,5.0,73.0,2020,0.6074074074074074
2020-11-13,29441.0,29405.0,29426.0,29401.0,29461.0,YMZ0,29206.0,29189.0,29207.0,29229.0,29259.0,-72.98101694915255,1475.0,-75.25448028673836,558.0,-73.93470670391062,2864.0,-84.96747967479675,-2.2734633375858095,9.712999388058392,-36.0,-56.0,21.0,-4.0,2020,2.7555555555555555
2020-11-16,29798.0,29882.0,29882.0,29881.0,29788.0,YMZ0,29844.0,29822.0,29744.0,29745.0,29715.0,-76.33727034120734,1524.0,-77.72759856630825,279.0,-76.69822037107157,2641.0,-75.25448028673836,-1.3903282251009017,-2.4731182795698885,84.0,94.0,0.0,-1.0,2020,1.344578313253012
2020-11-17,29703.0,29728.0,29729.0,29725.0,29705.0,YMZ0,29610.0,29624.0,29582.0,29513.0,29457.0,-68.06557377049181,427.0,-67.05660377358491,106.0,-67.88444444444444,675.0,-77.72759856630825,1.0089699969068988,10.670994792723334,25.0,23.0,1.0,-3.0,2020,0.4930232558139535
2020-11-18,29461.0,29375.0,29402.0,29389.0,29468.0,YMZ0,29825.0,29811.0,29771.0,29847.0,29805.0,-63.000000000000014,300.0,-61.04109589041097,146.0,-62.70428015564203,1028.0,-67.05660377358491,1.9589041095890423,6.015507883173939,-86.0,-93.0,27.0,14.0,2020,0.7036144578313253
2020-11-20,29294.0,29207.0,29182.0,29174.0,29275.0,YMZ0,29406.0,29382.0,29357.0,29400.0,29345.0,-53.0,400.0,-51.69230769230769,65.0,-52.937728937728934,1365.0,,1.3076923076923066,,-87.0,-68.0,-25.0,-33.0,2020,0.32098765432098764
2020-11-23,29558.0,29543.0,29534.0,29537.0,29552.0,YMZ0,29348.0,29383.0,29400.0,29442.0,29483.0,-46.0,6.0,-46.0,6.0,-45.86666666666667,30.0,-51.69230769230769,0.0,5.692307692307693,-15.0,-9.0,-9.0,-6.0,2020,0.03
2020-11-24,29989.0,29998.0,30014.0,30015.0,29964.0,YMZ0,29858.0,29854.0,29800.0,29856.0,29885.0,-48.23334930522281,2087.0,-49.22727272727273,264.0,-48.470267462996624,3851.0,-46.0,-0.9939234220499173,-3.2272727272727266,9.0,34.0,16.0,17.0,2020,1.4465753424657535
2020-11-25,29825.0,29824.0,29820.0,29835.0,29834.0,YMZ0,29945.0,29950.0,29894.0,29890.0,29830.0,-48.95085066162571,529.0,-49.32727272727273,275.0,-48.85523809523809,1050.0,-49.22727272727273,-0.3764220656470201,-0.10000000000000142,-1.0,-10.0,-4.0,11.0,2020,1.375
2020-11-30,29552.0,29620.0,29633.0,29658.0,29545.0,YMZ0,29702.0,29702.0,29678.0,29643.0,29627.0,-35.0,100.0,-30.66666666666667,120.0,-32.77049180327869,244.0,,4.333333333333329,,68.0,75.0,13.0,38.0,2020,0.5925925925925926
2020-12-01,29820.0,29800.0,29820.0,29748.0,29793.0,YMZ0,29927.0,29934.0,29882.0,29933.0,29959.0,-22.384615384615383,1300.0,-24.0,200.0,-22.692496924969248,1626.0,-30.66666666666667,-1.6153846153846168,6.666666666666671,-20.0,7.0,20.0,-52.0,2020,1.0
2020-12-02,29877.0,29872.0,29885.0,29888.0,29877.0,YMZ0,29657.0,29665.0,29617.0,29669.0,29729.0,-15.000000000000002,100.0,-12.55421686746988,415.0,-13.67123287671233,657.0,-24.0,2.4457831325301225,11.44578313253012,-5.0,-5.0,13.0,16.0,2020,2.075
2020-12-03,29965.0,29954.0,29944.0,29949.0,29926.0,YMZ0,29894.0,29891.0,29914.0,29966.0,29939.0,-18.0,200.0,-20.0,100.0,-18.666666666666668,300.0,-12.55421686746988,-2.0,-7.445783132530121,-11.0,28.0,-10.0,-5.0,2020,0.5
2020-12-04,30162.0,30203.0,30181.0,30178.0,30184.0,YMZ0,30035.0,30024.0,30050.0,30078.0,30067.0,-9.012765957446808,470.0,-9.111969111969112,518.0,-9.103626943005182,1158.0,-20.0,-0.09920315452230355,10.888030888030888,41.0,19.0,-22.0,-25.0,2020,2.59
2020-12-07,29973.0,30062.0,30035.0,30036.0,29988.0,YMZ0,30133.0,30128.0,30135.0,30102.0,30088.0,-11.666666666666666,300.0,-10.0,500.0,-10.416666666666666,1200.0,-9.111969111969112,1.666666666666666,-0.8880308880308885,89.0,74.0,-27.0,-26.0,2020,2.5
2020-12-09,30047.0,30033.0,30031.0,30042.0,30070.0,YMZ0,30255.0,30269.0,30277.0,30288.0,30220.0,-6.071428571428571,1400.0,-6.0,185.0,-6.050658561296859,1974.0,-10.0,0.07142857142857117,4.0,-14.0,-37.0,-2.0,9.0,2020,0.925
2020-12-15,30098.0,30122.0,30113.0,30096.0,30098.0,YMH1,29931.0,29952.0,29938.0,29933.0,29867.0,-84.9090909090909,22.0,-82.81008403361345,595.0,-82.91492776886035,623.0,-6.0,2.099006875477457,-76.81008403361345,24.0,24.0,-9.0,-26.0,2020,2.975
2020-12-16,30126.0,30081.0,30069.0,30072.0,30115.0,YMH1,30132.0,30115.0,30114.0,30087.0,30105.0,-84.99047619047619,210.0,-85.32692307692308,156.0,-85.98679471788715,833.0,-82.81008403361345,-0.33644688644689325,-2.5168390433096306,-45.0,-34.0,-12.0,-9.0,2020,0.78
2020-12-18,30050.0,30093.0,30143.0,30137.0,30023.0,YMH1,30221.0,30210.0,30198.0,30154.0,30117.0,-104.48571428571428,1750.0,-102.0,56.0,-104.59937402190923,2556.0,-96.2,2.4857142857142804,-5.799999999999997,43.0,70.0,50.0,44.0,2020,0.2909090909090909
2020-12-21,30059.0,30104.0,30087.0,30107.0,30056.0,YMH1,29771.0,29778.0,29866.0,29885.0,29860.0,-108.33076074972436,907.0,-106.34630350194553,257.0,-107.72670321064996,1277.0,-102.0,1.9844572477788347,-4.346303501945528,45.0,48.0,-17.0,3.0,2020,1.335064935064935
2020-12-22,29913.0,29916.0,29883.0,29902.0,29914.0,YMH1,30101.0,30076.0,30003.0,30004.0,29966.0,-108.04306220095694,209.0,-106.57813765182186,1235.0,-106.80919698009609,1457.0,-106.34630350194553,1.4649245491350769,-0.23183414987633455,3.0,2.0,-33.0,-14.0,2020,6.175
2020-12-23,30124.0,30027.0,30019.0,30030.0,30131.0,YMH1,30012.0,30025.0,30071.0,30089.0,30116.0,-105.56306306306307,222.0,-108.16666666666667,6.0,-105.82488479262673,434.0,-106.57813765182186,-2.6036036036036023,-1.5885290148448092,-97.0,-104.0,-8.0,3.0,2020,0.02857142857142857
2020-12-28,30318.0,30307.0,30330.0,30324.0,30314.0,YMH1,30266.0,30270.0,30242.0,30276.0,30295.0,-105.53191489361703,2350.0,-102.0,150.0,-105.29629629629629,2700.0,,3.531914893617028,,-11.0,-7.0,23.0,17.0,2020,0.7142857142857143
2020-12-29,30267.0,30248.0,30237.0,30257.0,30274.0,YMH1,30450.0,30457.0,30452.0,30424.0,30336.0,-106.26829268292683,41.0,-105.0,11.0,-108.11161387631977,663.0,-102.0,1.2682926829268268,-3.0,-19.0,-26.0,-11.0,9.0,2020,0.05714285714285714
2020-12-30,30324.0,30311.0,30315.0,30298.0,30331.0,YMH1,30305.0,30310.0,30327.0,30362.0,30369.0,-110.85470085470085,351.0,-112.0,650.0,-111.31353512278697,1751.0,-105.0,-1.1452991452991483,-7.0,-13.0,-20.0,4.0,-13.0,2020,3.7142857142857144
2021-01-04,30131.0,30117.0,30119.0,30094.0,30082.0,YMH1,30595.0,30558.0,30468.0,30454.0,30396.0,-116.0019493177388,513.0,-117.09090909090911,11.0,-116.70172684458402,637.0,-111.875,-1.088959773170302,-5.215909090909108,-14.0,35.0,2.0,-23.0,2021,0.06285714285714286
2021-01-06,30736.0,30721.0,30722.0,30740.0,30723.0,YMH1,30272.0,30268.0,30223.0,30389.0,30503.0,-117.00000000000001,200.0,-116.00000000000001,100.0,-116.89969909729189,997.0,-114.0,1.0,-2.000000000000014,-15.0,-2.0,1.0,19.0,2021,0.5714285714285714
2021-01-07,30985.0,30938.0,30924.0,30921.0,30985.0,YMH1,30865.0,30862.0,30855.0,30829.0,30900.0,-108.86759581881533,574.0,-110.0,14.0,-108.89455782312925,588.0,-116.00000000000001,-1.1324041811846683,6.000000000000014,-47.0,-47.0,-14.0,-17.0,2021,0.08
2021-01-08,30992.0,30991.0,31022.0,31005.0,30979.0,YMH1,31029.0,31013.0,30989.0,30987.0,30952.0,-109.73793103448276,145.0,-107.7398119122257,319.0,-108.4907120743034,646.0,-110.0,1.9981191222570516,2.2601880877742957,-1.0,12.0,31.0,14.0,2021,1.9875389408099688
2021-01-11,30913.0,30904.0,30924.0,30905.0,30869.0,YMH1,30695.0,30736.0,30832.0,30819.0,30856.0,-112.06896551724138,29.0,-108.33333333333333,3.0,-108.63700440528635,1135.0,-107.7398119122257,3.735632183908052,-0.5935214211076243,-9.0,35.0,20.0,1.0,2021,0.018691588785046728
2021-01-13,30994.0,30950.0,30973.0,30961.0,30986.0,YMH1,30953.0,30953.0,30986.0,30957.0,30947.0,-109.0,100.0,-108.01980198019803,101.0,-108.34437086092716,302.0,-108.0,0.9801980198019749,-0.01980198019802515,-44.0,-36.0,23.0,11.0,2021,0.6601307189542484
2021-01-14,30946.0,30902.0,30909.0,30911.0,30955.0,YMH1,31059.0,31046.0,31021.0,31090.0,31102.0,-108.45747126436781,435.0,-103.58293838862559,211.0,-106.86398763523957,647.0,-108.01980198019803,4.874532875742219,4.436863591572433,-44.0,-53.0,7.0,9.0,2021,1.4256756756756757
2021-01-15,30740.0,30719.0,30678.0,30662.0,30726.0,YMH1,30744.0,30707.0,30708.0,30756.0,30779.0,-106.89380053908356,1855.0,-106.5,6.0,-106.47302631578947,3040.0,-103.58293838862559,0.39380053908355706,-2.9170616113744074,-21.0,-7.0,-41.0,-57.0,2021,0.0392156862745098
2021-01-19,30839.0,30828.0,30813.0,30809.0,30856.0,YMH1,30945.0,30943.0,30913.0,30893.0,30847.0,-99.9967105263158,304.0,-102.22664015904573,503.0,-101.41035856573706,1004.0,,-2.2299296327299345,,-11.0,-28.0,-15.0,-19.0,2021,3.3986486486486487
2021-01-20,31121.0,31076.0,31071.0,31095.0,31119.0,YMH1,30930.0,30940.0,30939.0,30921.0,30935.0,-104.86538461538461,364.0,-103.67226890756302,238.0,-104.94297976701411,1631.0,-102.22664015904573,1.1931157078215904,-1.4456287485172936,-45.0,-43.0,-5.0,19.0,2021,1.5555555555555556
2021-01-21,31130.0,31083.0,31089.0,31071.0,31134.0,YMH1,31109.0,31100.0,31112.0,31067.0,31079.0,-100.73684210526316,760.0,-101.31428571428572,140.0,-100.99074975657254,2054.0,-103.67226890756302,-0.5774436090225521,2.357983193277306,-47.0,-51.0,6.0,-12.0,2021,0.9150326797385621
2021-01-22,30970.0,30895.0,30912.0,30909.0,30981.0,YMH1,30884.0,30878.0,30887.0,30866.0,30894.0,-105.0,10.0,-103.8,15.0,-104.90598290598291,234.0,-101.31428571428572,1.2000000000000028,-2.4857142857142804,-75.0,-86.0,17.0,14.0,2021,0.09803921568627451
2021-01-25,30810.0,30870.0,30875.0,30875.0,30795.0,YMH1,30782.0,30788.0,30803.0,30735.0,30697.0,-104.16666666666667,600.0,-102.0,58.0,-103.97568389057751,658.0,-103.8,2.1666666666666714,1.7999999999999972,60.0,75.0,5.0,5.0,2021,0.3790849673202614
2021-01-26,30850.0,30840.0,30855.0,30870.0,30874.0,YMH1,30951.0,30960.0,31004.0,30992.0,30924.0,-99.57971014492753,414.0,-99.4186046511628,172.0,-99.88621151271754,747.0,-102.0,0.1611054937647367,2.581395348837205,-10.0,-34.0,15.0,30.0,2021,1.162162162162162
2021-01-27,30180.0,30229.0,30209.0,30160.0,30142.0,YMH1,30522.0,30554.0,30477.0,30294.0,30340.0,-101.22222222222223,900.0,-100.7032,2500.0,-100.4404081632653,4900.0,-99.4186046511628,0.5190222222222332,-1.2845953488372004,49.0,87.0,-20.0,-69.0,2021,16.33986928104575
2021-01-28,30623.0,30508.0,30524.0,30542.0,30582.0,YMH1,30404.0,30398.0,30449.0,30576.0,30538.0,-101.61638733705773,1611.0,-98.58154506437768,466.0,-100.8381082310141,2199.0,-100.7032,3.034842272680052,2.121654935622317,-115.0,-74.0,16.0,34.0,2021,3.045751633986928
2021-01-29,29913.0,29874.0,29831.0,29871.0,29940.0,YMH1,30338.0,30290.0,30195.0,30156.0,30259.0,-103.55,1000.0,-103.0,101.0,-103.53423680456491,1402.0,-98.58154506437768,0.5499999999999972,-4.4184549356223215,-39.0,-66.0,-43.0,-3.0,2021,0.6292834890965732
2021-02-01,30153.0,30100.0,30072.0,30085.0,30152.0,YMH1,30099.0,30119.0,30086.0,30073.0,29999.0,-104.625,800.0,-104.11504424778761,113.0,-104.50641658440276,1013.0,-103.0,0.5099557522123916,-1.1150442477876084,-53.0,-52.0,-28.0,-15.0,2021,0.738562091503268
2021-02-02,30661.0,30583.0,30593.0,30532.0,30652.0,YMH1,30366.0,30355.0,30451.0,30431.0,30508.0,-105.0,300.0,-104.62135922330097,103.0,-104.7204116638079,583.0,-104.11504424778761,0.3786407766990294,-0.5063149755133622,-78.0,-69.0,10.0,-51.0,2021,0.6959459459459459
2021-02-03,30656.0,30615.0,30673.0,30692.0,30660.0,YMH1,30543.0,30498.0,30551.0,30536.0,30574.0,-105.0,200.0,-107.74937343358395,399.0,-106.08917197452229,1099.0,-104.62135922330097,-2.749373433583955,-3.128014210282984,-41.0,-45.0,58.0,77.0,2021,2.695945945945946
2021-02-04,30893.0,30953.0,30963.0,30971.0,30892.0,YMH1,30661.0,30676.0,30716.0,30732.0,30832.0,-107.04761904761905,42.0,-106.90866290018832,1062.0,-106.9547471162378,1127.0,-107.74937343358395,0.1389561474307328,0.8407105333956366,60.0,61.0,10.0,18.0,2021,6.9411764705882355
2021-02-05,31019.0,31043.0,31064.0,31075.0,31025.0,YMH1,31124.0,31129.0,31129.0,31077.0,31042.0,-106.16666666666667,120.0,-105.10185185185185,108.0,-105.76518218623482,247.0,-106.90866290018832,1.0648148148148238,1.8068110483364705,24.0,18.0,21.0,32.0,2021,0.7058823529411765
2021-02-08,31224.0,31277.0,31278.0,31277.0,31223.0,YMH1,31183.0,31159.0,31223.0,31228.0,31229.0,-102.0,2.0,-107.0,35.0,-106.72972972972973,37.0,-105.10185185185185,-5.0,-1.8981481481481524,53.0,54.0,1.0,0.0,2021,0.23648648648648649
2021-02-10,31305.0,31342.0,31359.0,31372.0,31290.0,YMH1,31405.0,31407.0,31380.0,31383.0,31360.0,-96.0,200.0,-96.1360544217687,735.0,-96.26431718061674,1135.0,,-0.13605442176870497,,37.0,52.0,17.0,30.0,2021,4.966216216216216
2021-02-11,31334.0,31356.0,31345.0,31346.0,31323.0,YMH1,31395.0,31397.0,31420.0,31431.0,31344.0,-74.66225165562913,302.0,-73.23076923076923,52.0,-74.4494382022472,356.0,-96.1360544217687,1.431482424859908,22.90528519099948,22.0,33.0,-11.0,-10.0,2021,0.33986928104575165
2021-02-12,31360.0,31392.0,31403.0,31413.0,31350.0,YMH1,31316.0,31318.0,31357.0,31310.0,31295.0,-73.24812030075188,133.0,-70.0,10.0,-72.88888888888889,153.0,-73.23076923076923,3.2481203007518786,3.2307692307692264,32.0,42.0,11.0,21.0,2021,0.06535947712418301
2021-02-17,31566.0,31551.0,31560.0,31550.0,31551.0,YMH1,31373.0,31358.0,31352.0,31382.0,31414.0,-63.00000000000001,203.0,-63.000000000000014,150.0,-62.99078947368422,760.0,,-7.105427357601002e-15,,-15.0,0.0,9.0,-1.0,2021,1.0135135135135136
2021-02-18,31451.0,31444.0,31442.0,31452.0,31475.0,YMH1,31362.0,31364.0,31328.0,31317.0,31370.0,-60.95779220779222,308.0,-60.94258373205742,209.0,-60.910112359550574,534.0,-63.000000000000014,0.015208475734795002,2.0574162679425925,-7.0,-31.0,-2.0,8.0,2021,1.412162162162162
2021-02-19,31477.0,31438.0,31430.0,31411.0,31472.0,YMH1,31509.0,31510.0,31510.0,31487.0,31527.0,-61.000000000000014,37.0,-60.972222222222236,36.0,-61.54981549815499,271.0,-60.94258373205742,0.027777777777778567,-0.029638490164813902,-39.0,-34.0,-8.0,-27.0,2021,0.24324324324324326
2021-02-22,31517.0,31473.0,31490.0,31492.0,31507.0,YMH1,31246.0,31238.0,31247.0,31302.0,31322.0,-57.0,400.0,-54.46666666666667,900.0,-55.88638920134983,1778.0,-60.972222222222236,2.5333333333333314,6.505555555555567,-44.0,-34.0,17.0,19.0,2021,6.293706293706293
2021-02-24,31922.0,31899.0,31926.0,31936.0,31913.0,YMH1,31417.0,31413.0,31461.0,31422.0,31440.0,-57.57248520710059,1352.0,-56.0,200.0,-57.37786259541985,1572.0,-57.0,1.5724852071005913,1.0,-23.0,-14.0,27.0,37.0,2021,1.3513513513513513
2021-02-25,31419.0,31352.0,31429.0,31420.0,31365.0,YMH1,31904.0,31922.0,31928.0,31903.0,31890.0,-45.0,101.0,-46.970588235294116,102.0,-45.975124378109456,603.0,-56.0,-1.970588235294116,9.029411764705884,-67.0,-13.0,77.0,68.0,2021,0.68
2021-02-26,31193.0,30888.0,30884.0,30870.0,31100.0,YMH1,31372.0,31386.0,31265.0,31264.0,31177.0,-37.00650406504065,615.0,-39.19921875,512.0,-38.00519031141869,1156.0,-46.970588235294116,-2.1927146849593484,7.771369485294116,-305.0,-212.0,-4.0,-18.0,2021,3.4133333333333336
2021-03-01,31488.0,31499.0,31504.0,31519.0,31520.0,YMH1,31281.0,31297.0,31398.0,31419.0,31449.0,-30.56398104265403,211.0,-30.33556298773691,897.0,-30.491654021244315,1318.0,-39.19921875,0.22841805491712108,8.86365576226309,11.0,-21.0,5.0,20.0,2021,5.98
2021-03-02,31430.0,31365.0,31379.0,31403.0,31441.0,YMH1,31522.0,31512.0,31517.0,31496.0,31546.0,-34.0,900.0,-33.0,162.0,-33.32740740740741,2025.0,-30.33556298773691,1.0,-2.6644370122630896,-65.0,-76.0,14.0,38.0,2021,1.0588235294117647
2021-03-03,31366.0,31240.0,31259.0,31239.0,31374.0,YMH1,31375.0,31333.0,31418.0,31410.0,31365.0,-32.43388429752066,242.0,-32.92526690391459,562.0,-32.82821497120921,1042.0,-33.0,-0.49138260639392684,0.07473309608541001,-126.0,-134.0,19.0,-1.0,2021,3.673202614379085
2021-03-04,30879.0,30907.0,30919.0,30912.0,30875.0,YMH1,31277.0,31264.0,31369.0,31393.0,31294.0,-33.0,2.0,-30.75824175824176,91.0,-31.51094890510949,137.0,-32.92526690391459,2.241758241758241,2.167025145672831,28.0,32.0,12.0,5.0,2021,0.5723270440251572
2021-03-05,31490.0,31457.0,31489.0,31493.0,31479.0,YMH1,31166.0,31190.0,31212.0,31089.0,31020.0,-34.84615384615385,13.0,-35.0921052631579,76.0,-34.48085106382979,235.0,-30.75824175824176,-0.24595141700405065,-4.333863504916138,-33.0,-22.0,32.0,36.0,2021,0.49673202614379086
2021-03-09,31876.0,31807.0,31826.0,31817.0,31875.0,YMH1,31870.0,31894.0,31914.0,31924.0,31924.0,-29.67535545023697,422.0,-28.151436031331592,383.0,-28.81211041852182,1123.0,-34.91891891891892,1.523919418905379,6.767482887587327,-69.0,-68.0,19.0,10.0,2021,2.5533333333333332
2021-03-10,32329.0,32280.0,32331.0,32338.0,32302.0,YMH1,31971.0,32003.0,32075.0,32130.0,32139.0,-15.000000000000002,500.0,-18.228571428571428,140.0,-17.601081812035158,1479.0,-28.151436031331592,-3.228571428571426,9.922864602760164,-49.0,-22.0,51.0,58.0,2021,0.9150326797385621
2021-03-16,32719.0,32718.0,32718.0,32741.0,32740.0,YMM1,32822.0,32822.0,32800.0,32788.0,32793.0,-110.3,10.0,-112.85567010309278,97.0,-112.44166666666666,120.0,-18.228571428571428,-2.5556701030927798,-94.62709867452135,-1.0,-22.0,0.0,23.0,2021,0.6339869281045751
2021-03-18,32741.0,32767.0,32819.0,32828.0,32760.0,YMM1,32856.0,32863.0,32931.0,32963.0,32937.0,-117.03333333333335,30.0,-113.74193548387099,124.0,-114.57988165680476,169.0,,3.2913978494623564,,26.0,7.0,52.0,61.0,2021,0.8104575163398693
2021-03-19,32611.0,32491.0,32504.0,32510.0,32644.0,YMM1,32742.0,32706.0,32609.0,32522.0,32470.0,-114.62857142857145,1750.0,-119.3273542600897,446.0,-116.75654450261781,3056.0,-113.74193548387099,-4.698782831518258,-5.585418776218717,-120.0,-153.0,13.0,19.0,2021,2.915032679738562
2021-03-22,32616.0,32612.0,32639.0,32641.0,32625.0,YMM1,32470.0,32447.0,32402.0,32470.0,32538.0,-123.56250000000001,32.0,-122.37724550898206,167.0,-123.22490706319705,538.0,-119.3273542600897,1.1852544910179574,-3.049891248892351,-4.0,-13.0,27.0,29.0,2021,1.091503267973856
2021-03-23,32275.0,32300.0,32326.0,32332.0,32272.0,YMM1,32506.0,32518.0,32529.0,32563.0,32622.0,-120.74875621890548,402.0,-121.00000000000001,1.0,-120.16693944353521,611.0,-122.37724550898206,-0.25124378109453005,1.3772455089820426,25.0,28.0,26.0,32.0,2021,0.006535947712418301
2021-03-24,32410.0,32304.0,32334.0,32345.0,32394.0,YMM1,32402.0,32421.0,32466.0,32552.0,32518.0,-119.44970414201185,338.0,-118.20108695652176,184.0,-118.45525291828795,771.0,-121.00000000000001,1.2486171854900903,2.798913043478251,-106.0,-90.0,30.0,41.0,2021,1.2026143790849673
2021-03-25,32507.0,32504.0,32525.0,32517.0,32505.0,YMM1,32176.0,32166.0,32104.0,32070.0,32122.0,-118.96887159533075,257.0,-120.51748251748255,143.0,-119.55908289241626,567.0,-118.20108695652176,-1.548610922151795,-2.3163955609607854,-3.0,-1.0,21.0,13.0,2021,0.934640522875817
2021-03-26,32781.0,32942.0,32958.0,32966.0,32752.0,YMM1,32643.0,32643.0,32669.0,32643.0,32641.0,-122.1584852734923,713.0,-124.00000000000001,472.0,-122.98584648884052,1837.0,-120.51748251748255,-1.841514726507711,-3.4825174825174656,161.0,190.0,16.0,24.0,2021,3.1466666666666665
2021-03-29,33058.0,33054.0,33043.0,33054.0,33062.0,YMM1,32788.0,32812.0,32888.0,32948.0,32904.0,-125.71428571428574,700.0,-126.24590163934428,305.0,-125.86833144154372,1762.0,-124.00000000000001,-0.5316159250585457,-2.245901639344268,-4.0,-8.0,-11.0,0.0,2021,1.9934640522875817
2021-03-30,32929.0,32961.0,32930.0,32936.0,32948.0,YMM1,33006.0,32988.0,33003.0,32980.0,32981.0,-128.0,774.0,-127.71428571428571,350.0,-127.9185667752443,1228.0,-126.24590163934428,0.2857142857142918,-1.4683840749414259,32.0,13.0,-31.0,-25.0,2021,2.287581699346405
2021-03-31,32931.0,32906.0,32908.0,32912.0,32913.0,YMM1,32923.0,32934.0,33010.0,33015.0,32960.0,-124.93781512605044,595.0,-123.13333333333335,180.0,-124.41290983606561,976.0,-127.71428571428571,1.804481792717084,4.580952380952354,-25.0,-7.0,2.0,6.0,2021,1.1764705882352942
2021-04-05,33425.0,33408.0,33417.0,33426.0,33424.0,YMM1,33283.0,33284.0,33345.0,33322.0,33328.0,-112.45874587458746,909.0,-112.95575221238938,113.0,-112.53094777562863,1034.0,,-0.4970063378019205,,-17.0,-16.0,9.0,18.0,2021,0.738562091503268
2021-04-06,33299.0,33317.0,33314.0,33311.0,33293.0,YMM1,33353.0,33360.0,33362.0,33355.0,33396.0,-113.0,200.0,-114.0,50.0,-113.40764331210191,314.0,-112.95575221238938,-1.0,-1.0442477876106153,18.0,24.0,-3.0,-6.0,2021,0.3333333333333333
2021-04-07,33321.0,33325.0,33347.0,33349.0,33303.0,YMM1,33279.0,33298.0,33367.0,33374.0,33344.0,-113.97087378640776,515.0,-114.62500000000001,96.0,-114.03569152326322,1569.0,-114.0,-0.6541262135922494,-0.6250000000000142,4.0,22.0,22.0,24.0,2021,0.6552901023890785
2021-04-08,33364.0,33394.0,33411.0,33419.0,33363.0,YMM1,33317.0,33311.0,33285.0,33241.0,33275.0,-115.16201117318438,358.0,-114.93905817174517,722.0,-115.00761283306146,1839.0,-114.62500000000001,0.22295300143920826,-0.3140581717451596,30.0,31.0,17.0,25.0,2021,4.928327645051194
2021-04-09,33638.0,33675.0,33658.0,33638.0,33620.0,YMM1,33453.0,33454.0,33496.0,33501.0,33483.0,-113.63636363636364,22.0,-112.13333333333334,120.0,-111.63116883116884,385.0,-114.93905817174517,1.5030303030303003,2.805724838411834,37.0,55.0,-17.0,-37.0,2021,0.8191126279863481
2021-04-12,33641.0,33638.0,33632.0,33631.0,33639.0,YMM1,33621.0,33612.0,33651.0,33666.0,33635.0,-113.00934579439253,214.0,-112.0,9.0,-112.94545454545455,330.0,-112.13333333333334,1.0093457943925301,0.13333333333333997,-3.0,-1.0,-6.0,-7.0,2021,0.0636042402826855
2021-04-13,33587.0,33567.0,33570.0,33574.0,33582.0,YMM1,33539.0,33545.0,33521.0,33445.0,33479.0,-114.12344139650872,802.0,-113.97058823529412,102.0,-114.13573407202216,1444.0,-112.0,0.15285316121460824,-1.970588235294116,-20.0,-15.0,3.0,7.0,2021,0.7208480565371025
2021-04-14,33605.0,33642.0,33652.0,33665.0,33625.0,YMM1,33549.0,33568.0,33599.0,33672.0,33751.0,-110.99506172839506,405.0,-110.95498392282958,311.0,-110.8929178470255,1765.0,-113.97058823529412,0.04007780556547402,3.015604312464532,37.0,17.0,10.0,23.0,2021,2.2214285714285715
2021-04-15,33929.0,33930.0,33938.0,33927.0,33926.0,YMM1,33767.0,33777.0,33821.0,33835.0,33860.0,-110.0,100.0,-110.91891891891892,37.0,-110.24817518248175,137.0,-110.95498392282958,-0.9189189189189193,0.03606500391066447,1.0,4.0,8.0,-3.0,2021,0.26148409893992935
2021-04-16,34112.0,34088.0,34077.0,34063.0,34120.0,YMM1,34030.0,34071.0,34108.0,34086.0,34040.0,-110.0,4.0,-110.92516037063436,1403.0,-110.85969556585043,1511.0,-110.91891891891892,-0.9251603706343587,-0.006241451715439439,-24.0,-32.0,-11.0,-25.0,2021,10.021428571428572
2021-04-20,33704.0,33706.0,33702.0,33695.0,33705.0,YMM1,33853.0,33836.0,33852.0,33854.0,33850.0,-115.59102902374673,379.0,-113.0,158.0,-114.82560296846013,539.0,,2.591029023746728,,2.0,1.0,-4.0,-11.0,2021,1.11660777385159
2021-04-21,34030.0,34020.0,33990.0,33978.0,34014.0,YMM1,33649.0,33653.0,33679.0,33779.0,33839.0,-116.70517928286854,1004.0,-116.65151515151517,660.0,-116.70612886327922,1909.0,-113.0,0.05366413135337211,-3.65151515151517,-10.0,6.0,-30.0,-42.0,2021,4.505119453924915
2021-04-22,33713.0,33708.0,33686.0,33703.0,33707.0,YMM1,34014.0,34005.0,33901.0,33891.0,33919.0,-113.0,516.0,-112.5564053537285,523.0,-112.81860828772479,1279.0,-116.65151515151517,0.4435946462715066,4.095109797786677,-5.0,1.0,-22.0,-5.0,2021,3.396103896103896
2021-04-23,33970.0,33941.0,33921.0,33903.0,33997.0,YMM1,33693.0,33671.0,33674.0,33660.0,33744.0,-103.14194577352472,627.0,-102.9047619047619,42.0,-103.09452736318408,804.0,-112.5564053537285,0.23718386876282693,9.651643448966595,-29.0,-56.0,-20.0,-38.0,2021,0.2727272727272727
2021-04-26,33862.0,33886.0,33885.0,33871.0,33899.0,YMM1,34011.0,34015.0,34008.0,34031.0,33998.0,-104.66666666666667,18.0,-104.93061224489796,245.0,-104.9198606271777,287.0,-102.9047619047619,-0.2639455782312865,-2.02585034013606,24.0,-13.0,-1.0,-15.0,2021,1.5909090909090908
2021-04-28,33759.0,33735.0,33757.0,33726.0,33767.0,YMM1,33819.0,33818.0,33762.0,33762.0,33752.0,-106.0,600.0,-106.14285714285714,700.0,-106.06238303181534,1603.0,,-0.1428571428571388,,-24.0,-32.0,22.0,-9.0,2021,4.375
2021-04-29,33957.0,33955.0,33910.0,33935.0,33942.0,YMM1,33889.0,33881.0,33859.0,33837.0,33829.0,-107.0,4.0,-107.0,17.0,-107.57803468208093,519.0,-106.14285714285714,0.0,-0.8571428571428612,-2.0,13.0,-45.0,-20.0,2021,0.10625
2021-05-03,34023.0,34011.0,34015.0,33998.0,34029.0,YMM1,33958.0,33974.0,34006.0,34036.0,34091.0,-105.5,200.0,-104.0,100.0,-105.0,300.0,-109.0,1.5,5.0,-12.0,-18.0,4.0,-13.0,2021,0.625
2021-05-04,33940.0,34037.0,34027.0,34005.0,33938.0,YMM1,33846.0,33893.0,33962.0,33852.0,33768.0,-108.4,1000.0,-110.0,300.0,-108.88888888888889,1800.0,-104.0,-1.5999999999999943,-6.0,97.0,99.0,-10.0,-32.0,2021,1.948051948051948
2021-05-05,34119.0,34123.0,34123.0,34141.0,34140.0,YMM1,34110.0,34118.0,34052.0,34022.0,34054.0,-112.68955223880597,335.0,-111.03308823529412,272.0,-111.64047362755652,929.0,-110.0,1.6564640035118572,-1.033088235294116,4.0,-17.0,0.0,18.0,2021,1.7662337662337662
2021-05-06,34376.0,34442.0,34442.0,34437.0,34357.0,YMM1,34174.0,34185.0,34149.0,34160.0,34141.0,-107.0,100.0,-106.0,13.0,-106.95222929936305,314.0,-111.03308823529412,1.0,5.033088235294116,66.0,85.0,0.0,-5.0,2021,0.08125
2021-05-10,34728.0,34671.0,34648.0,34669.0,34789.0,YMM1,34809.0,34817.0,34846.0,34857.0,34924.0,-93.99415204678363,171.0,-91.58307692307692,1300.0,-91.86277173913044,1472.0,,2.411075123706709,,-57.0,-118.0,-23.0,-2.0,2021,8.125
2021-05-11,34167.0,34183.0,34173.0,34180.0,34108.0,YMM1,34374.0,34393.0,34338.0,34354.0,34388.0,-90.96190476190476,105.0,-93.91,100.0,-92.79945054945055,364.0,-91.58307692307692,-2.9480952380952345,-2.32692307692308,16.0,75.0,-10.0,-3.0,2021,0.60790273556231
2021-05-12,33545.0,33495.0,33481.0,33475.0,33560.0,YMM1,34052.0,34045.0,34091.0,34055.0,33990.0,-92.21739130434783,253.0,-92.0576923076923,104.0,-92.6923076923077,1612.0,-93.91,0.15969899665552134,1.85230769230769,-50.0,-65.0,-14.0,-20.0,2021,0.65
2021-05-13,34066.0,33927.0,33935.0,33899.0,34089.0,YMM1,33557.0,33518.0,33673.0,33742.0,33866.0,-86.88644688644689,273.0,-85.80798004987531,401.0,-86.70631424375918,2043.0,-92.0576923076923,1.0784668365715788,6.249712257816995,-139.0,-162.0,8.0,-28.0,2021,2.603896103896104
2021-05-14,34353.0,34317.0,34358.0,34356.0,34327.0,YMM1,34095.0,34119.0,34101.0,34189.0,34266.0,-76.52256532066508,421.0,-74.25,20.0,-76.45415778251599,469.0,-85.80798004987531,2.2725653206650804,11.557980049875312,-36.0,-10.0,41.0,39.0,2021,0.12987012987012986
2021-05-17,34245.0,34260.0,34290.0,34299.0,34252.0,YMM1,34210.0,34217.0,34277.0,34236.0,34188.0,-76.05,60.0,-77.0,2.0,-76.0952380952381,63.0,-74.25,-0.9500000000000028,-2.75,15.0,8.0,30.0,39.0,2021,0.012987012987012988
2021-05-19,33693.0,33831.0,33825.0,33801.0,33700.0,YMM1,33684.0,33645.0,33673.0,33625.0,33606.0,-69.9991673605329,1201.0,-67.51315789473684,456.0,-69.23816029143897,2196.0,,2.4860094657960587,,138.0,131.0,-6.0,-30.0,2021,2.961038961038961
2021-05-20,34069.0,34041.0,34024.0,34041.0,34084.0,YMM1,33851.0,33860.0,33855.0,33831.0,33905.0,-53.0,100.0,-50.0,12.0,-52.56410256410256,312.0,-67.51315789473684,3.0,17.513157894736835,-28.0,-43.0,-17.0,0.0,2021,0.075
2021-05-21,34204.0,34162.0,34187.0,34194.0,34178.0,YMM1,34191.0,34184.0,34250.0,34328.0,34350.0,-53.28158844765343,554.0,-52.31190476190476,420.0,-53.068527918781726,1182.0,-50.0,0.969683685748663,-2.3119047619047635,-42.0,-16.0,25.0,32.0,2021,2.727272727272727
2021-05-24,34384.0,34357.0,34361.0,34380.0,34389.0,YMM1,34310.0,34299.0,34318.0,34299.0,34330.0,-47.5,192.0,-47.111111111111114,54.0,-46.51358024691358,405.0,-52.31190476190476,0.38888888888888573,5.200793650793649,-27.0,-32.0,4.0,23.0,2021,0.35064935064935066
2021-05-25,34258.0,34274.0,34277.0,34281.0,34275.0,YMM1,34422.0,34428.0,34436.0,34418.0,34349.0,-45.44444444444444,36.0,-45.23529411764706,68.0,-45.469565217391306,115.0,-47.111111111111114,0.20915032679738488,1.8758169934640563,16.0,-1.0,3.0,7.0,2021,0.44155844155844154
2021-05-26,34267.0,34285.0,34288.0,34302.0,34271.0,YMM1,34322.0,34316.0,34349.0,34294.0,34234.0,-45.964630225080384,311.0,-47.07692307692308,13.0,-46.01840490797546,326.0,-45.23529411764706,-1.112292851842696,-1.8416289592760222,18.0,14.0,3.0,17.0,2021,0.08441558441558442
2021-05-27,34416.0,34408.0,34472.0,34516.0,34408.0,YMM1,34467.0,34495.0,34519.0,34556.0,34527.0,-41.73381294964029,139.0,-41.25,12.0,-41.71895424836601,153.0,-47.07692307692308,0.48381294964028854,5.82692307692308,-8.0,0.0,64.0,108.0,2021,0.08191126279863481
2021-06-01,34564.0,34555.0,34550.0,34571.0,34528.0,YMM1,34776.0,34816.0,34781.0,34657.0,34662.0,-24.833333333333332,30.0,-24.0,11.0,-23.098187311178247,662.0,,0.8333333333333321,,-9.0,27.0,-5.0,16.0,2021,0.07508532423208192
2021-06-02,34564.0,34593.0,34585.0,34583.0,34562.0,YMM1,34626.0,34636.0,34559.0,34571.0,34634.0,-11.5,12.0,-14.0,200.0,-13.950980392156863,612.0,-24.0,-2.5,10.0,29.0,31.0,-8.0,-10.0,2021,1.3651877133105803
2021-06-04,34737.0,34742.0,34736.0,34733.0,34737.0,YMM1,34652.0,34666.0,34660.0,34687.0,34646.0,-15.58,50.0,-15.630434782608695,46.0,-15.547770700636942,157.0,,-0.05043478260869527,,5.0,5.0,-6.0,-9.0,2021,0.30564784053156147
2021-06-07,34588.0,34613.0,34606.0,34613.0,34588.0,YMM1,34814.0,34808.0,34774.0,34781.0,34728.0,-18.0,2.0,-17.5,2.0,-14.142259414225942,239.0,-15.630434782608695,0.5,-1.8695652173913047,25.0,25.0,-7.0,0.0,2021,0.014134275618374558
2021-06-08,34607.0,34587.0,34586.0,34593.0,34615.0,YMM1,34640.0,34618.0,34591.0,34567.0,34535.0,-17.5,2.0,-18.015384615384615,65.0,-17.78846153846154,468.0,-17.5,-0.5153846153846153,-0.5153846153846153,-20.0,-28.0,-1.0,6.0,2021,0.45936395759717313
2021-06-09,34454.0,34438.0,34454.0,34454.0,34455.0,YMM1,34587.0,34609.0,34582.0,34559.0,34589.0,-11.0,16.0,-11.5,300.0,-11.473186119873818,317.0,-18.015384615384615,-0.5,6.515384615384615,-16.0,-17.0,16.0,16.0,2021,2.272727272727273
2021-06-15,34212.0,34188.0,34175.0,34180.0,34184.0,YMU1,34309.0,34294.0,34269.0,34189.0,34166.0,-117.00000000000001,16.0,-120.80000000000003,5.0,-117.96296296296298,27.0,-11.5,-3.8000000000000114,-109.30000000000003,-24.0,4.0,-13.0,-8.0,2021,0.03787878787878788
2021-06-16,33941.0,33909.0,33918.0,33914.0,33955.0,YMU1,34170.0,34179.0,34145.0,34152.0,34133.0,-120.00000000000001,47.0,-120.19871794871797,312.0,-120.17270194986074,359.0,-120.80000000000003,-0.198717948717956,0.6012820512820554,-32.0,-46.0,9.0,5.0,2021,2.3636363636363638
2021-06-17,33759.0,33696.0,33692.0,33695.0,33757.0,YMU1,33874.0,33899.0,33951.0,33830.0,33796.0,-122.10526315789475,38.0,-126.93877551020408,147.0,-125.7854077253219,233.0,-120.19871794871797,-4.833512352309327,-6.740057561486111,-63.0,-61.0,-4.0,-1.0,2021,1.1136363636363635
2021-06-18,33245.0,33161.0,33152.0,33145.0,33295.0,YMU1,33361.0,33302.0,33322.0,33340.0,33306.0,-125.83677950594695,5465.0,-124.97500000000001,1920.0,-125.82336121995131,9443.0,-126.93877551020408,0.8617795059469415,1.9637755102040728,-84.0,-134.0,-9.0,-16.0,2021,14.545454545454545
2021-06-21,33744.0,33761.0,33790.0,33787.0,33741.0,YMU1,33412.0,33413.0,33331.0,33417.0,33492.0,-122.7349823321555,283.0,-117.99248120300753,1064.0,-118.55986509274875,1779.0,-124.97500000000001,4.742501129147968,6.98251879699248,17.0,20.0,29.0,26.0,2021,8.06060606060606
2021-06-22,33858.0,33834.0,33823.0,33833.0,33868.0,YMU1,33788.0,33760.0,33739.0,33708.0,33658.0,-119.87500000000001,800.0,-119.66666666666669,240.0,-119.86567164179107,1340.0,-117.99248120300753,0.2083333333333286,-1.6741854636591569,-24.0,-34.0,-11.0,-1.0,2021,1.8181818181818181
2021-06-23,33799.0,33760.0,33780.0,33787.0,33818.0,YMU1,33876.0,33840.0,33854.0,33857.0,33826.0,-119.4790874524715,1052.0,-120.00000000000001,123.0,-119.67283582089554,1675.0,-119.66666666666669,-0.5209125475285106,-0.3333333333333286,-39.0,-58.0,20.0,27.0,2021,0.8692579505300353
2021-06-24,34094.0,34085.0,34106.0,34119.0,34098.0,YMU1,33917.0,33954.0,33968.0,34021.0,34021.0,-117.89741131351872,2086.0,-119.00321543408363,311.0,-118.03572704537336,2799.0,-120.00000000000001,-1.1058041205649118,0.9967845659163856,-9.0,-13.0,21.0,34.0,2021,2.197879858657244
2021-06-25,34330.0,34331.0,34349.0,34329.0,34334.0,YMU1,34255.0,34251.0,34226.0,34200.0,34260.0,-118.25059856344775,1253.0,-117.83817427385894,482.0,-118.132999443517,1797.0,-119.00321543408363,0.41242428958881305,1.165041160224689,1.0,-3.0,18.0,-2.0,2021,3.4063604240282683
2021-06-28,34154.0,34163.0,34154.0,34156.0,34152.0,YMU1,34340.0,34324.0,34281.0,34195.0,34221.0,-116.25000000000001,400.0,-118.00000000000001,100.0,-117.0028530670471,701.0,-117.83817427385894,-1.75,-0.1618257261410747,9.0,11.0,-9.0,-7.0,2021,0.6896551724137931
2021-06-29,34172.0,34174.0,34189.0,34197.0,34177.0,YMU1,34288.0,34274.0,34332.0,34252.0,34268.0,-121.10730088495576,904.0,-121.00000000000001,107.0,-121.09500489715967,1021.0,-118.00000000000001,0.10730088495574819,-3.0,2.0,-3.0,15.0,23.0,2021,0.7379310344827587
2021-06-30,34386.0,34381.0,34437.0,34434.0,34385.0,YMU1,34088.0,34116.0,34196.0,34268.0,34245.0,-117.76923076923079,1300.0,-117.09489051094893,822.0,-117.48848742472549,2823.0,-121.00000000000001,0.674340258281859,3.9051094890510853,-5.0,-4.0,56.0,53.0,2021,5.6689655172413795
2021-07-01,34490.0,34520.0,34518.0,34504.0,34491.0,YMU1,34482.0,34465.0,34434.0,34441.0,34476.0,-116.76330798479088,1052.0,-117.89365671641794,536.0,-117.12513601741024,1838.0,-117.09489051094893,-1.130348731627052,-0.7987662054690077,30.0,29.0,-2.0,-16.0,2021,3.696551724137931
2021-07-02,34686.0,34678.0,34660.0,34658.0,34691.0,YMU1,34591.0,34588.0,34579.0,34523.0,34549.0,-107.99350649350649,308.0,-107.52941176470588,17.0,-107.90241228070175,912.0,-117.89365671641794,0.4640947288006032,10.364244951712053,-8.0,-13.0,-18.0,-20.0,2021,0.11724137931034483
2021-07-07,34567.0,34571.0,34566.0,34562.0,34574.0,YMU1,34435.0,34448.0,34531.0,34523.0,34473.0,-112.30021598272138,463.0,-113.0,13.0,-112.2296072507553,662.0,-112.0,-0.6997840172786169,-1.0,4.0,-3.0,-5.0,-9.0,2021,0.0896551724137931
2021-07-08,34204.0,34315.0,34294.0,34268.0,34245.0,YMU1,34075.0,34140.0,34220.0,34108.0,34237.0,-114.66666666666667,300.0,-115.00000000000001,50.0,-114.71428571428574,350.0,-113.0,-0.3333333333333428,-2.000000000000014,111.0,70.0,-21.0,-47.0,2021,0.37593984962406013
2021-07-09,34767.0,34753.0,34764.0,34751.0,34757.0,YMU1,34551.0,34536.0,34510.0,34639.0,34647.0,-113.0,100.0,-112.27272727272727,132.0,-112.58620689655173,232.0,-115.00000000000001,0.7272727272727337,2.727272727272748,-14.0,-4.0,11.0,-2.0,2021,1.0864197530864197
2021-07-12,34878.0,34880.0,34890.0,34891.0,34881.0,YMU1,34638.0,34676.0,34679.0,34748.0,34829.0,-116.36538461538463,1092.0,-114.97916666666669,192.0,-116.12786657400974,1439.0,-112.27272727272727,1.3862179487179418,-2.7064393939394193,2.0,-1.0,10.0,11.0,2021,1.5802469135802468
2021-07-13,34789.0,34781.0,34776.0,34794.0,34811.0,YMU1,34822.0,34826.0,34851.0,34870.0,34810.0,-116.66225165562916,604.0,-114.75000000000001,8.0,-116.38188976377955,1016.0,-114.97916666666669,1.9122516556291487,0.2291666666666714,-8.0,-30.0,-5.0,13.0,2021,0.06584362139917696
2021-07-15,34825.0,34866.0,34854.0,34839.0,34827.0,YMU1,34645.0,34658.0,34715.0,34691.0,34738.0,-117.43355481727578,602.0,-116.998003992016,501.0,-117.21594684385384,1204.0,-116.66666666666669,0.4355508252597815,-0.3313373253493097,41.0,39.0,-12.0,-27.0,2021,4.3004291845493565
2021-07-16,34534.0,34564.0,34551.0,34539.0,34566.0,YMU1,34961.0,34967.0,34912.0,34894.0,34918.0,-119.07552870090636,1324.0,-119.00000000000001,225.0,-119.08049535603718,1615.0,-116.998003992016,0.07552870090634656,-2.001996007984019,30.0,-2.0,-13.0,-25.0,2021,1.9313304721030042
2021-07-19,33762.0,33870.0,33854.0,33865.0,33724.0,YMU1,34065.0,34068.0,34077.0,34110.0,33904.0,-115.00392875851233,3818.0,-114.60861056751469,1022.0,-115.11319564874667,6343.0,-119.00000000000001,0.3953181909976422,4.391389432485326,108.0,146.0,-16.0,-5.0,2021,8.411522633744855
2021-07-20,34433.0,34397.0,34412.0,34432.0,34418.0,YMU1,33907.0,33916.0,33947.0,34060.0,34259.0,-115.34208059981259,1067.0,-115.57722308892357,641.0,-115.33787323205868,1909.0,-114.60861056751469,-0.23514248911098434,-0.9686125214088861,-36.0,-21.0,15.0,35.0,2021,5.027450980392157
2021-07-21,34646.0,34692.0,34716.0,34717.0,34663.0,YMU1,34585.0,34588.0,34578.0,34610.0,34662.0,-114.67333333333333,300.0,-114.79220779220779,77.0,-114.80172413793106,580.0,-115.57722308892357,-0.11887445887445836,0.785015296715784,46.0,29.0,24.0,25.0,2021,0.5519713261648745
2021-07-22,34723.0,34712.0,34734.0,34729.0,34718.0,YMU1,34661.0,34672.0,34627.0,34668.0,34621.0,-110.33277870216307,601.0,-110.76923076923077,39.0,-110.3603744149766,641.0,-114.79220779220779,-0.43645206706770523,4.022977022977017,-11.0,-6.0,22.0,17.0,2021,0.3058823529411765
2021-07-26,35014.0,35033.0,35044.0,35036.0,35010.0,YMU1,34888.0,34889.0,34960.0,34885.0,34928.0,-108.34494195688225,603.0,-109.8103448275862,116.0,-108.61074705111402,763.0,,-1.4654028707039544,,19.0,23.0,11.0,3.0,2021,0.9098039215686274
2021-07-28,34871.0,34826.0,34824.0,34843.0,34887.0,YMU1,35000.0,34993.0,34971.0,34953.0,34913.0,-110.0,100.0,-110.33333333333333,300.0,-110.40119760479043,668.0,,-0.3333333333333286,,-45.0,-61.0,-2.0,17.0,2021,2.3529411764705883
2021-07-29,34989.0,34975.0,35019.0,35004.0,34996.0,YMU1,34970.0,34984.0,35016.0,34958.0,34979.0,-112.5,2.0,-111.6,15.0,-111.83333333333333,18.0,-110.33333333333333,0.9000000000000057,-1.2666666666666657,-14.0,-21.0,44.0,29.0,2021,0.10752688172043011
2021-07-30,34816.0,34833.0,34872.0,34854.0,34802.0,YMU1,34893.0,34881.0,34942.0,34967.0,34952.0,-110.0,7.0,-112.15789473684211,19.0,-111.45330739299611,514.0,-111.6,-2.1578947368421098,-0.5578947368421154,17.0,31.0,39.0,21.0,2021,0.14901960784313725
2021-08-02,34726.0,34726.0,34728.0,34737.0,34745.0,YMU1,34942.0,34937.0,34982.0,35010.0,35007.0,-111.0,210.0,-113.0,300.0,-112.1219512195122,820.0,-112.15789473684211,-2.0,-0.8421052631578902,0.0,-19.0,2.0,11.0,2021,2.3529411764705883
2021-08-03,34979.0,35001.0,34984.0,34971.0,34976.0,YMU1,34797.0,34794.0,34789.0,34694.0,34623.0,-111.49751243781094,201.0,-113.0,3.0,-111.51941747572816,206.0,-113.0,-1.50248756218906,0.0,22.0,25.0,-17.0,-30.0,2021,0.023529411764705882
2021-08-04,34734.0,34685.0,34690.0,34685.0,34733.0,YMU1,34862.0,34848.0,34840.0,34812.0,34838.0,-115.00000000000001,100.0,-114.0,30.0,-114.18867924528301,530.0,-113.0,1.0000000000000142,-1.0,-49.0,-48.0,5.0,0.0,2021,0.2510460251046025
2021-08-05,34906.0,34945.0,34929.0,34923.0,34906.0,YMU1,34754.0,34773.0,34819.0,34842.0,34846.0,-114.0,52.0,-113.0,11.0,-113.82539682539682,63.0,-114.0,1.0,1.0,39.0,39.0,-16.0,-22.0,2021,0.09865470852017937
2021-08-09,34993.0,34999.0,35017.0,35021.0,35007.0,YMU1,35037.0,35047.0,34998.0,35022.0,34982.0,-103.58394160583941,685.0,-102.99130434782609,115.0,-103.47878787878788,825.0,,0.5926372580133261,,6.0,-8.0,18.0,22.0,2021,1.0900473933649288
2021-08-10,35141.0,35156.0,35139.0,35132.0,35142.0,YMU1,35010.0,35027.0,35016.0,35027.0,35058.0,-104.04672897196262,214.0,-105.31475409836065,305.0,-104.9817415730337,712.0,-102.99130434782609,-1.2680251263980296,-2.3234497505345644,15.0,14.0,-17.0,-24.0,2021,2.7477477477477477
2021-08-11,35367.0,35377.0,35379.0,35371.0,35361.0,YMU1,35280.0,35280.0,35254.0,35341.0,35347.0,-105.5,200.0,-106.6923076923077,325.0,-106.23954372623574,526.0,-105.31475409836065,-1.1923076923076934,-1.3775535939470416,10.0,16.0,2.0,-6.0,2021,2.9279279279279278
2021-08-16,35484.0,35535.0,35534.0,35525.0,35490.0,YMU1,35319.0,35324.0,35239.0,35219.0,35174.0,-82.00990099009901,101.0,-88.0,1.0,-83.06031746031746,315.0,,-5.990099009900987,,51.0,45.0,-1.0,-10.0,2021,0.009009009009009009
2021-08-17,35202.0,35264.0,35211.0,35226.0,35195.0,YMU1,35338.0,35270.0,35273.0,35288.0,35202.0,-85.88066202090593,1148.0,-84.16666666666667,18.0,-85.8285004142502,1207.0,-88.0,1.713995354239259,3.8333333333333286,62.0,69.0,-53.0,-38.0,2021,0.16216216216216217
2021-08-18,34966.0,34894.0,34866.0,34879.0,35061.0,YMU1,35150.0,35141.0,35122.0,35196.0,35247.0,-73.12005856515373,683.0,-72.89090909090909,110.0,-73.0680693069307,808.0,-84.16666666666667,0.22914947424463605,11.27575757575758,-72.0,-167.0,-28.0,-15.0,2021,0.990990990990991
2021-08-19,34825.0,34829.0,34843.0,34862.0,34840.0,YMU1,34636.0,34615.0,34783.0,34780.0,34825.0,-67.96462467644521,1159.0,-68.33802816901408,284.0,-68.04884189325277,1986.0,-72.89090909090909,-0.37340349256886896,4.55288092189501,4.0,-11.0,14.0,33.0,2021,2.6175115207373274
2021-08-20,35073.0,35056.0,35052.0,35041.0,35082.0,YMU1,34849.0,34841.0,34870.0,34886.0,34948.0,-59.38095238095239,231.0,-61.72955974842768,318.0,-60.47085889570553,652.0,-68.33802816901408,-2.348607367475296,6.608468420586398,-17.0,-26.0,-4.0,-15.0,2021,2.9308755760368665
2021-08-23,35328.0,35287.0,35310.0,35311.0,35323.0,YMU1,35232.0,35240.0,35271.0,35275.0,35290.0,-53.03846153846154,416.0,-53.0,130.0,-53.013333333333335,1200.0,-61.72955974842768,0.0384615384615401,8.729559748427683,-41.0,-36.0,23.0,24.0,2021,1.1555555555555554
2021-08-25,35370.0,35357.0,35365.0,35383.0,35382.0,YMU1,35320.0,35316.0,35258.0,35257.0,35286.0,-56.0,15.0,-53.872727272727275,55.0,-54.78125,128.0,,2.127272727272725,,-13.0,-25.0,8.0,26.0,2021,0.4888888888888889
2021-08-30,35364.0,35354.0,35353.0,35359.0,35362.0,YMU1,35429.0,35434.0,35397.0,35358.0,35368.0,-48.666666666666664,42.0,-49.96774193548387,93.0,-49.88,275.0,,-1.3010752688172076,,-10.0,-8.0,-1.0,5.0,2021,0.8266666666666667
2021-08-31,35354.0,35337.0,35366.0,35372.0,35342.0,YMU1,35353.0,35320.0,35328.0,35313.0,35292.0,-28.164133738601823,658.0,-26.60112359550562,356.0,-27.637750238322212,1049.0,-49.96774193548387,1.5630101430962036,23.366618339978253,-17.0,-5.0,29.0,35.0,2021,3.1644444444444444
2021-09-02,35347.0,35429.0,35425.0,35408.0,35354.0,YMU1,35407.0,35421.0,35414.0,35414.0,35389.0,-18.0,57.0,-16.0,7.0,-17.78125,64.0,-15.4,2.0,-0.5999999999999996,82.0,75.0,-4.0,-21.0,2021,0.06222222222222222
2021-09-08,34981.0,35015.0,35002.0,34994.0,34989.0,YMU1,35030.0,35022.0,35029.0,35131.0,35113.0,-18.27536231884058,138.0,-19.142857142857142,7.0,-18.352941176470587,153.0,,-0.8674948240165641,,34.0,26.0,-13.0,-21.0,2021,0.06222222222222222
2021-09-14,34406.0,34470.0,34484.0,34480.0,34435.0,YMZ1,34877.0,34867.0,34830.0,34846.0,34716.0,-118.00000000000001,2.0,-119.09615384615387,52.0,-118.34666666666669,75.0,-19.142857142857142,-1.0961538461538538,-99.95329670329673,64.0,35.0,14.0,10.0,2021,0.4622222222222222
2021-09-15,34720.0,34707.0,34715.0,34717.0,34740.0,YMZ1,34466.0,34462.0,34429.0,34475.0,34568.0,-121.054892601432,419.0,-117.66666666666669,9.0,-120.91017964071858,668.0,-119.09615384615387,3.388225934765316,1.4294871794871824,-13.0,-33.0,8.0,10.0,2021,0.08294930875576037
2021-09-16,34646.0,34630.0,34613.0,34620.0,34676.0,YMZ1,34727.0,34709.0,34783.0,34705.0,34610.0,-123.84210526315792,19.0,-127.04545454545456,22.0,-125.08536585365856,82.0,-117.66666666666669,-3.2033492822966423,-9.378787878787875,-16.0,-46.0,-17.0,-10.0,2021,0.20276497695852536
2021-09-17,34420.0,34449.0,34421.0,34413.0,34480.0,YMZ1,34601.0,34560.0,34580.0,34605.0,34536.0,-130.85714285714286,700.0,-127.00000000000001,1.0,-129.4275517487509,1401.0,-127.04545454545456,3.857142857142847,0.045454545454546746,29.0,-31.0,-28.0,-36.0,2021,0.00966183574879227
2021-09-20,33715.0,33825.0,33842.0,33760.0,33713.0,YMZ1,33947.0,33898.0,33931.0,34052.0,34035.0,-132.42938659058487,1402.0,-130.32949087415946,1041.0,-131.5201793721973,2899.0,-127.00000000000001,2.099895716425408,-3.329490874159447,110.0,112.0,17.0,-65.0,2021,10.057971014492754
2021-09-21,33852.0,33796.0,33766.0,33763.0,33925.0,YMZ1,34036.0,34026.0,33961.0,34086.0,34076.0,-131.2983606557377,305.0,-130.63799283154123,279.0,-131.1242774566474,692.0,-130.32949087415946,0.6603678241964701,-0.30850195738176467,-56.0,-129.0,-30.0,-33.0,2021,2.5714285714285716
2021-09-22,34145.0,34132.0,34161.0,34156.0,34175.0,YMZ1,33981.0,34002.0,33956.0,33967.0,34101.0,-129.0,800.0,-128.62402496099844,641.0,-128.97501523461304,1641.0,-130.63799283154123,0.3759750390015597,2.0139678705427855,-13.0,-43.0,29.0,24.0,2021,5.697777777777778
2021-09-23,34660.0,34643.0,34633.0,34668.0,34677.0,YMZ1,34332.0,34366.0,34394.0,34510.0,34533.0,-129.77821011673151,257.0,-132.0,57.0,-130.7442996742671,614.0,-128.62402496099844,-2.2217898832684853,-3.3759750390015597,-17.0,-34.0,-10.0,25.0,2021,0.4935064935064935
2021-09-24,34712.0,34672.0,34681.0,34680.0,34705.0,YMZ1,34512.0,34536.0,34616.0,34630.0,34708.0,-130.3288409703504,742.0,-131.07142857142858,14.0,-130.3641975308642,810.0,-132.0,-0.7425876010781849,0.9285714285714164,-40.0,-33.0,9.0,8.0,2021,0.12121212121212122
2021-09-28,34161.0,34176.0,34229.0,34211.0,34246.0,YMZ1,34645.0,34617.0,34627.0,34613.0,34490.0,-131.0,200.0,-132.0,200.0,-130.711175616836,689.0,,-1.0,,15.0,-70.0,53.0,35.0,2021,1.7777777777777777
2021-09-29,34329.0,34267.0,34320.0,34321.0,34329.0,YMZ1,34236.0,34269.0,34190.0,34202.0,34323.0,-132.009900990099,101.0,-132.63694267515925,157.0,-132.39147286821705,258.0,-132.0,-0.6270416850602487,-0.6369426751592471,-62.0,-62.0,53.0,54.0,2021,1.3593073593073592
2021-09-30,33809.0,33707.0,33790.0,33769.0,33855.0,YMZ1,34355.0,34390.0,34364.0,34287.0,34286.0,-135.0,3.0,-136.03940886699507,203.0,-135.64692482915717,1317.0,-132.63694267515925,-1.0394088669950747,-3.4024661918358277,-102.0,-148.0,83.0,62.0,2021,1.698744769874477
2021-10-01,34210.0,34193.0,34227.0,34236.0,34249.0,YMZ1,33884.0,33882.0,33894.0,33818.0,33846.0,-137.10526315789474,57.0,-139.5185185185185,189.0,-138.08055555555555,360.0,-136.03940886699507,-2.413255360623765,-3.47910965152343,-17.0,-56.0,34.0,43.0,2021,1.4940711462450593
2021-10-04,33876.0,33873.0,33875.0,33890.0,33896.0,YMZ1,34138.0,34141.0,34220.0,34187.0,34227.0,-138.80294659300185,543.0,-139.77777777777777,450.0,-139.31381518755717,1093.0,-139.5185185185185,-0.9748311847759226,-0.25925925925926663,-3.0,-23.0,2.0,17.0,2021,3.5573122529644268
2021-10-05,34283.0,34189.0,34212.0,34224.0,34299.0,YMZ1,33989.0,33981.0,34017.0,33940.0,34040.0,-132.7058823529412,1700.0,-131.04166666666666,144.0,-132.57250673854446,1855.0,-139.77777777777777,1.664215686274531,8.736111111111114,-94.0,-110.0,23.0,35.0,2021,1.099236641221374
2021-10-06,34238.0,34288.0,34270.0,34294.0,34216.0,YMZ1,33930.0,33918.0,34026.0,34007.0,33805.0,-133.7982456140351,114.0,-134.5,2.0,-132.864406779661,177.0,-131.04166666666666,-0.7017543859649038,-3.458333333333343,50.0,72.0,-18.0,6.0,2021,0.015267175572519083
2021-10-07,34682.0,34642.0,34668.0,34650.0,34638.0,YMZ1,34564.0,34558.0,34676.0,34663.0,34766.0,-124.0294117647059,102.0,-123.73381294964031,417.0,-123.85298196948685,721.0,-134.5,0.2955988150655884,10.76618705035969,-40.0,4.0,26.0,8.0,2021,3.2964426877470356
2021-10-08,34629.0,34631.0,34610.0,34601.0,34646.0,YMZ1,34676.0,34668.0,34576.0,34611.0,34606.0,-124.11320754716982,106.0,-125.09345794392524,107.0,-124.63013698630138,219.0,-123.73381294964031,-0.980250396755423,-1.3596449942849347,2.0,-15.0,-21.0,-30.0,2021,0.8458498023715415
2021-10-12,34223.0,34252.0,34204.0,34207.0,34227.0,YMZ1,34427.0,34427.0,34389.0,34352.0,34350.0,-126.00000000000001,200.0,-126.00000000000001,217.0,-126.19342359767893,517.0,-121.72727272727273,0.0,-4.2727272727272805,29.0,25.0,-48.0,-45.0,2021,1.8158995815899581
2021-10-14,34742.0,34784.0,34779.0,34787.0,34742.0,YMZ1,34585.0,34599.0,34633.0,34585.0,34591.0,-128.87107258938244,923.0,-131.53696498054475,257.0,-129.3766784452297,1415.0,-129.0,-2.6658923911623162,-2.5369649805447523,42.0,42.0,-5.0,3.0,2021,2.1506276150627617
2021-10-15,35157.0,35175.0,35178.0,35177.0,35173.0,YMZ1,35035.0,35047.0,34996.0,35029.0,35097.0,-127.68571428571428,315.0,-128.45882352941177,85.0,-127.43945312500001,512.0,-131.53696498054475,-0.7731092436974905,3.0781414511329785,18.0,2.0,3.0,2.0,2021,0.6910569105691057
2021-10-18,35121.0,35129.0,35119.0,35110.0,35100.0,YMZ1,35019.0,35020.0,34947.0,35013.0,35057.0,-131.34437086092714,302.0,-129.69230769230768,13.0,-131.21718377088305,419.0,-128.45882352941177,1.6520631686194633,-1.2334841628959055,8.0,29.0,-10.0,-19.0,2021,0.11255411255411256
2021-10-19,35278.0,35329.0,35348.0,35343.0,35271.0,YMZ1,35263.0,35248.0,35248.0,35188.0,35201.0,-133.04731861198738,317.0,-132.9904761904762,105.0,-133.02656546489564,527.0,-129.69230769230768,0.05684242151119179,-3.2981684981685078,51.0,58.0,19.0,14.0,2021,0.9333333333333333
2021-10-20,35453.0,35485.0,35472.0,35440.0,35447.0,YMZ1,35323.0,35333.0,35343.0,35346.0,35417.0,-131.5952143569292,1003.0,-131.44859813084113,214.0,-131.34165651644335,1642.0,-132.9904761904762,0.1466162260880708,1.541878059635053,32.0,38.0,-13.0,-45.0,2021,1.9022222222222223
2021-10-21,35435.0,35477.0,35459.0,35473.0,35437.0,YMZ1,35416.0,35420.0,35417.0,35392.0,35424.0,-124.21235521235522,259.0,-123.98089171974524,157.0,-124.10358565737054,502.0,-131.44859813084113,0.23146349260997567,7.4677064110958895,42.0,40.0,-18.0,-4.0,2021,1.3593073593073592
2021-10-25,35618.0,35637.0,35621.0,35612.0,35626.0,YMZ1,35599.0,35614.0,35553.0,35531.0,35589.0,-119.92592592592594,108.0,-117.54066265060243,664.0,-117.887323943662,781.0,-118.88888888888891,2.38526327532351,1.348226238286486,19.0,11.0,-16.0,-25.0,2021,5.748917748917749
2021-10-26,35709.0,35635.0,35655.0,35652.0,35725.0,YMZ1,35731.0,35738.0,35703.0,35706.0,35703.0,-116.00497512437813,201.0,-116.04975124378112,201.0,-116.02736318407962,402.0,-117.54066265060243,-0.04477611940298232,1.4909114068213114,-74.0,-90.0,20.0,17.0,2021,1.7402597402597402
2021-10-27,35426.0,35384.0,35404.0,35400.0,35460.0,YMZ1,35683.0,35691.0,35618.0,35618.0,35679.0,-114.11111111111111,9.0,-114.0,11.0,-114.73275862068967,116.0,-116.04975124378112,0.11111111111111427,2.0497512437811167,-42.0,-76.0,20.0,16.0,2021,0.08943089430894309
2021-10-28,35548.0,35612.0,35643.0,35629.0,35541.0,YMZ1,35466.0,35460.0,35530.0,35538.0,35575.0,-116.70000000000002,10.0,-116.16666666666669,18.0,-116.79487179487182,39.0,-114.0,0.5333333333333314,-2.1666666666666856,64.0,71.0,31.0,17.0,2021,0.14634146341463414
2021-11-02,35936.0,35942.0,35925.0,35914.0,35927.0,YMZ1,35822.0,35825.0,35806.0,35799.0,35800.0,-116.11538461538463,208.0,-119.50000000000001,8.0,-116.36725663716815,226.0,,-3.384615384615387,,6.0,15.0,-17.0,-28.0,2021,0.06504065040650407
2021-11-03,36062.0,36038.0,36022.0,36018.0,36041.0,YMZ1,35859.0,35877.0,35897.0,35857.0,35840.0,-117.00000000000001,100.0,-118.00000000000001,200.0,-117.60000000000001,500.0,-119.50000000000001,-1.0,1.5,-24.0,-3.0,-16.0,-20.0,2021,1.7316017316017316
2021-11-04,35942.0,36015.0,35990.0,35986.0,35926.0,YMZ1,36028.0,36013.0,35969.0,36004.0,36026.0,-120.81370826010547,2276.0,-119.38009049773757,221.0,-121.19592030360533,4216.0,-118.00000000000001,1.433617762367902,-1.3800904977375552,73.0,89.0,-25.0,-29.0,2021,1.9134199134199135
2021-11-05,36213.0,36211.0,36199.0,36193.0,36218.0,YMZ1,36163.0,36173.0,36229.0,36303.0,36324.0,-116.76923076923079,130.0,-116.50000000000001,200.0,-116.60606060606062,330.0,-119.38009049773757,0.2692307692307736,2.880090497737555,-2.0,-7.0,-12.0,-18.0,2021,1.6260162601626016
2021-11-08,36290.0,36316.0,36285.0,36284.0,36298.0,YMZ1,36372.0,36386.0,36408.0,36373.0,36388.0,-117.08333333333336,12.0,-117.1276595744681,47.0,-116.25242718446604,103.0,-116.50000000000001,-0.044326241134740485,-0.6276595744680833,26.0,18.0,-31.0,-32.0,2021,0.3821138211382114
2021-11-09,36184.0,36210.0,36176.0,36179.0,36195.0,YMZ1,36274.0,36295.0,36276.0,36229.0,36175.0,-105.0,11.0,-105.4375,160.0,-105.64,200.0,-117.1276595744681,-0.4375,11.690159574468098,26.0,15.0,-34.0,-31.0,2021,1.3852813852813852
2021-11-10,35977.0,35987.0,35993.0,35965.0,35967.0,YMZ1,36156.0,36134.0,36204.0,36168.0,36237.0,-98.21897810218978,411.0,-97.0,15.0,-98.12331838565022,446.0,-105.4375,1.21897810218978,8.4375,10.0,20.0,6.0,-22.0,2021,0.12987012987012986
2021-11-12,36008.0,36010.0,36043.0,36041.0,36028.0,YMZ1,35943.0,35949.0,35931.0,35913.0,35885.0,-94.05555555555556,108.0,-92.63157894736842,38.0,-93.74193548387096,155.0,-96.84810126582279,1.4239766081871323,4.216522318454366,2.0,-18.0,33.0,31.0,2021,0.3377777777777778
2021-11-15,35969.0,36010.0,36020.0,36026.0,35983.0,YMZ1,36141.0,36143.0,36125.0,36108.0,36115.0,-84.0,100.0,-84.0,24.0,-84.0,124.0,-92.63157894736842,0.0,8.631578947368425,41.0,27.0,10.0,16.0,2021,0.21333333333333335
2021-11-17,35914.0,35866.0,35855.0,35828.0,35926.0,YMZ1,36015.0,36023.0,36000.0,36019.0,35912.0,-72.16,125.0,-68.00980392156863,102.0,-70.28384279475982,229.0,-84.05825242718447,4.150196078431364,16.048448505615838,-48.0,-60.0,-11.0,-38.0,2021,0.9066666666666666
2021-11-18,35816.0,35820.0,35810.0,35808.0,35815.0,YMZ1,35885.0,35882.0,35867.0,35830.0,35758.0,-59.00000000000001,125.0,-58.90909090909092,110.0,-58.957446808510646,235.0,-68.00980392156863,0.09090909090908639,9.100713012477712,4.0,5.0,-10.0,-12.0,2021,1.0138248847926268
2021-11-19,35549.0,35543.0,35544.0,35535.0,35529.0,YMZ1,35730.0,35737.0,35613.0,35635.0,35634.0,-60.11475409836066,244.0,-60.19886363636365,176.0,-60.121495327102814,428.0,-58.90909090909092,-0.08410953800298415,-1.2897727272727266,-6.0,14.0,1.0,-8.0,2021,1.6221198156682028
2021-11-23,35732.0,35759.0,35738.0,35734.0,35751.0,YMZ1,35616.0,35579.0,35546.0,35607.0,35660.0,-52.76108374384236,406.0,-53.51452282157676,723.0,-53.13527653213752,1338.0,,-0.7534390777343987,,27.0,8.0,-21.0,-25.0,2021,6.572727272727272
2021-11-24,35732.0,35753.0,35771.0,35758.0,35742.0,YMZ1,35588.0,35556.0,35617.0,35601.0,35618.0,-55.01973684210526,152.0,-55.85826771653543,127.0,-55.40357142857143,280.0,-53.51452282157676,-0.8385308744301696,-2.343744894958668,21.0,11.0,18.0,5.0,2021,1.1288888888888888
2021-11-29,35124.0,35073.0,35080.0,35104.0,35118.0,YMZ1,35195.0,35196.0,35092.0,35037.0,34967.0,-56.77090119435396,921.0,-54.7,10.0,-56.67745098039216,1020.0,,2.070901194353958,,-51.0,-45.0,7.0,31.0,2021,0.08888888888888889
2021-11-30,34450.0,34435.0,34566.0,34462.0,34521.0,YMZ1,34824.0,34814.0,34881.0,34844.0,34782.0,-45.25,400.0,-43.05263157894737,475.0,-44.41860465116279,1075.0,-54.7,2.19736842105263,11.647368421052633,-15.0,-86.0,131.0,27.0,2021,4.222222222222222
2021-12-01,34193.0,33990.0,33995.0,34014.0,34297.0,YMZ1,34765.0,34750.0,34696.0,34736.0,34741.0,-19.91860465116279,86.0,-22.76904176904177,407.0,-21.077868852459016,1220.0,-43.05263157894737,-2.850437117878979,20.2835898099056,-203.0,-307.0,5.0,24.0,2021,3.3636363636363638
2021-12-02,34701.0,34636.0,34639.0,34633.0,34707.0,YMZ1,34115.0,34123.0,34079.0,34355.0,34496.0,-23.390438247011954,502.0,-24.0,100.0,-23.773080241587575,1159.0,-22.76904176904177,-0.6095617529880464,-1.2309582309582296,-65.0,-71.0,3.0,-3.0,2021,0.7782101167315175
2021-12-03,34387.0,34568.0,34609.0,34581.0,34393.0,YMZ1,34725.0,34727.0,34763.0,34650.0,34554.0,-12.552123552123552,259.0,-13.125,8.0,-12.545126353790614,277.0,-24.0,-0.5728764478764479,10.875,181.0,175.0,41.0,13.0,2021,0.0622568093385214
2021-12-06,35225.0,35225.0,35220.0,35232.0,35249.0,YMZ1,34842.0,34866.0,34874.0,35007.0,35078.0,-13.878787878787879,33.0,-15.51543942992874,421.0,-15.197718631178708,526.0,-13.125,-1.6366515511408615,-2.3904394299287404,0.0,-24.0,-5.0,7.0,2021,3.5527426160337554
2021-12-07,35640.0,35721.0,35736.0,35770.0,35646.0,YMZ1,35520.0,35529.0,35553.0,35638.0,35685.0,-12.31578947368421,38.0,-12.0,260.0,-12.490358126721762,726.0,-15.51543942992874,0.3157894736842106,3.5154394299287404,81.0,75.0,15.0,49.0,2021,2.1940928270042193
2021-12-08,35748.0,35744.0,35749.0,35743.0,35730.0,YMZ1,35736.0,35761.0,35786.0,35727.0,35723.0,-10.678700361010831,277.0,-12.681508078994614,2785.0,-12.329793510324484,3390.0,-12.0,-2.0028077179837833,-0.6815080789946144,-4.0,14.0,5.0,-1.0,2021,21.673151750972764
2021-12-09,35813.0,35750.0,35736.0,35717.0,35805.0,YMZ1,35625.0,35620.0,35600.0,35607.0,35624.0,-4.0,100.0,-5.230769230769231,260.0,-4.888888888888889,360.0,-12.681508078994614,-1.2307692307692308,7.450738848225384,-63.0,-55.0,-14.0,-33.0,2021,1.897810218978102
2021-12-15,35668.0,35813.0,35844.0,35834.0,35739.0,YMH2,35434.0,35425.0,35393.0,35296.0,35311.0,-118.00000000000003,147.0,-115.46956521739132,115.0,-116.88931297709927,262.0,-5.230769230769231,2.530434782608708,-110.2387959866221,145.0,74.0,31.0,21.0,2021,0.7641196013289037
2021-12-16,35780.0,35776.0,35810.0,35842.0,35831.0,YMH2,35983.0,35964.0,35952.0,35935.0,35909.0,-112.33333333333333,3.0,-114.95121951219514,205.0,-112.5548260013132,1523.0,-115.46956521739132,-2.6178861788618093,0.5183457051961824,-4.0,-55.0,34.0,66.0,2021,1.4963503649635037
2021-12-17,35272.0,35251.0,35300.0,35311.0,35357.0,YMH2,35609.0,35544.0,35519.0,35328.0,35302.0,-114.98507462686567,201.0,-114.38746438746439,351.0,-115.03240058910163,679.0,-114.95121951219514,0.597610239401277,0.5637551247307471,-21.0,-106.0,49.0,60.0,2021,2.562043795620438
2021-12-20,34747.0,34816.0,34815.0,34847.0,34731.0,YMH2,34883.0,34834.0,34734.0,34684.0,34693.0,-111.40625,320.0,-117.00000000000001,100.0,-113.89981447124306,539.0,-114.38746438746439,-5.593750000000014,-2.6125356125356234,69.0,85.0,-1.0,31.0,2021,0.6644518272425249
2021-12-21,35268.0,35378.0,35380.0,35394.0,35292.0,YMH2,35091.0,35108.0,35136.0,35132.0,35100.0,-121.5035460992908,564.0,-123.00000000000001,3.0,-121.65172735760973,1071.0,-117.00000000000001,-1.4964539007092128,-6.0,110.0,86.0,2.0,16.0,2021,0.019933554817275746
2021-12-22,35592.0,35631.0,35634.0,35649.0,35590.0,YMH2,35354.0,35382.0,35375.0,35391.0,35362.0,-121.70000000000002,10.0,-123.0096153846154,104.0,-122.46575342465755,219.0,-123.00000000000001,-1.309615384615384,-0.009615384615386802,39.0,41.0,3.0,18.0,2021,0.6910299003322259
2021-12-23,35926.0,35830.0,35850.0,35844.0,35913.0,YMH2,35723.0,35725.0,35789.0,35857.0,35831.0,-121.00000000000003,152.0,-117.97500000000002,280.0,-119.04137931034485,435.0,-123.0096153846154,3.0250000000000057,5.034615384615378,-96.0,-83.0,20.0,14.0,2021,2.066420664206642
2021-12-27,36145.0,36188.0,36185.0,36178.0,36141.0,YMH2,35915.0,35897.0,35923.0,35901.0,35925.0,-117.36708860759497,158.0,-120.02047781569968,293.0,-119.1988188976378,508.0,-117.97500000000002,-2.653389208104713,-2.0454778156996554,43.0,47.0,-3.0,-10.0,2021,1.946843853820598
2021-12-28,36343.0,36295.0,36318.0,36322.0,36331.0,YMH2,36202.0,36196.0,36282.0,36304.0,36367.0,-118.06666666666668,105.0,-117.06730769230771,104.0,-117.63084112149535,214.0,-120.02047781569968,0.9993589743589695,2.9531701233919705,-48.0,-36.0,23.0,27.0,2021,0.6624203821656051
2021-12-30,36335.0,36292.0,36269.0,36295.0,36346.0,YMH2,36427.0,36467.0,36512.0,36493.0,36465.0,-115.50000000000001,100.0,-119.00000000000003,70.0,-116.95454545454547,220.0,,-3.500000000000014,,-43.0,-54.0,-23.0,3.0,2021,0.445859872611465
2021-12-31,36314.0,36232.0,36266.0,36264.0,36337.0,YMH2,36243.0,36244.0,36318.0,36245.0,36240.0,-117.00000000000003,300.0,-117.00000000000003,150.0,-117.00000000000001,450.0,-119.00000000000003,0.0,2.0,-82.0,-105.0,34.0,32.0,2021,0.9554140127388535
2022-01-03,36461.0,36456.0,36454.0,36441.0,36390.0,YMH2,36340.0,36325.0,36336.0,36354.0,36232.0,-124.14681892332791,613.0,-129.71428571428572,112.0,-125.98584202682564,1342.0,-117.00000000000003,-5.567466790957809,-12.714285714285694,-5.0,66.0,-2.0,-15.0,2022,0.7133757961783439
2022-01-04,36748.0,36668.0,36680.0,36684.0,36737.0,YMH2,36628.0,36621.0,36651.0,36652.0,36722.0,-130.0,250.0,-130.0,50.0,-130.0,300.0,-129.71428571428572,0.0,-0.2857142857142776,-80.0,-69.0,12.0,16.0,2022,0.3184713375796178
2022-01-05,36339.0,36289.0,36296.0,36326.0,36398.0,YMH2,36678.0,36649.0,36698.0,36678.0,36681.0,-122.72727272727275,1650.0,-125.84105960264903,302.0,-123.20901639344264,1952.0,-130.0,-3.1137868753762774,4.158940397350975,-50.0,-109.0,7.0,37.0,2022,1.9674267100977199
2022-01-06,36109.0,36118.0,36136.0,36143.0,36141.0,YMH2,36354.0,36293.0,36274.0,36305.0,36128.0,-120.44779116465867,498.0,-120.7105263157895,38.0,-120.56726094003244,617.0,-125.84105960264903,-0.26273515113082624,5.1305332868595315,9.0,-23.0,18.0,25.0,2022,0.247557003257329
2022-01-07,36163.0,36107.0,36134.0,36135.0,36176.0,YMH2,36078.0,36065.0,36049.0,36100.0,36111.0,-120.00000000000001,2.0,-121.96212121212123,132.0,-121.8905109489051,137.0,-120.7105263157895,-1.9621212121212182,-1.2515948963317385,-56.0,-69.0,27.0,28.0,2022,0.8979591836734694
2022-01-10,35847.0,35949.0,35941.0,35946.0,35812.0,YMH2,35995.0,35986.0,35937.0,35852.0,35739.0,-120.46829268292684,205.0,-120.90000000000002,60.0,-120.54444444444445,270.0,-121.96212121212123,-0.431707317073176,1.0621212121212125,102.0,137.0,-8.0,-3.0,2022,0.40816326530612246
2022-01-11,36098.0,36130.0,36133.0,36132.0,36110.0,YMH2,35948.0,35941.0,35796.0,35713.0,35690.0,-124.53828828828831,1332.0,-123.25348837209305,430.0,-124.16299765807965,2135.0,-120.90000000000002,1.2847999161952686,-2.3534883720930253,32.0,20.0,3.0,2.0,2022,2.925170068027211
2022-01-12,36153.0,36174.0,36188.0,36200.0,36154.0,YMH2,36230.0,36245.0,36244.0,36252.0,36300.0,-124.34415584415586,308.0,-121.9135802469136,324.0,-123.32100238663486,838.0,-123.25348837209305,2.4305755972422673,1.3399081251794485,21.0,20.0,14.0,26.0,2022,2.204081632653061
2022-01-13,35975.0,35999.0,35986.0,35981.0,36033.0,YMH2,36288.0,36300.0,36283.0,36277.0,36307.0,-124.60238568588471,503.0,-124.27259036144581,664.0,-124.43757961783442,1570.0,-121.9135802469136,0.3297953244389049,-2.359010114532211,24.0,-34.0,-13.0,-18.0,2022,4.517006802721088
2022-01-14,35762.0,35791.0,35816.0,35811.0,35771.0,YMH2,35742.0,35699.0,35615.0,35676.0,35839.0,-123.04672897196264,107.0,-121.51724137931036,58.0,-122.3663510560816,1373.0,-124.27259036144581,1.5294875926522735,2.7553489821354447,29.0,20.0,25.0,20.0,2022,0.3945578231292517
2022-01-18,35244.0,35261.0,35256.0,35255.0,35196.0,YMH2,35492.0,35407.0,35315.0,35268.0,35248.0,-124.50000000000001,200.0,-128.0,63.0,-125.62419006479483,463.0,,-3.499999999999986,,17.0,65.0,-5.0,-6.0,2022,0.45652173913043476
2022-01-19,35044.0,34910.0,34928.0,34927.0,35045.0,YMH2,35359.0,35363.0,35307.0,35395.0,35399.0,-118.19607843137257,255.0,-117.84615384615387,325.0,-118.10204081632655,980.0,-128.0,0.3499245852187016,10.153846153846132,-134.0,-135.0,18.0,17.0,2022,2.5096525096525095
2022-01-20,34704.0,34602.0,34611.0,34614.0,34773.0,YMH2,35017.0,35014.0,35064.0,35111.0,35256.0,-114.0,200.0,-114.0,100.0,-114.0,300.0,-117.84615384615387,0.0,3.846153846153868,-102.0,-171.0,9.0,12.0,2022,0.7722007722007722
2022-01-21,34270.0,34122.0,34159.0,34126.0,34248.0,YMH2,34484.0,34605.0,34651.0,34512.0,34536.0,-115.00000000000003,301.0,-115.29850746268659,134.0,-115.09195402298852,435.0,-114.0,-0.29850746268655826,-1.2985074626865867,-148.0,-126.0,37.0,4.0,2022,1.0347490347490347
2022-01-24,34123.0,34258.0,34223.0,34220.0,33932.0,YMH2,33742.0,33750.0,33751.0,33663.0,33554.0,-112.36708860759494,158.0,-116.39007092198584,705.0,-114.80952380952382,2205.0,-115.29850746268659,-4.022982314390902,-1.0915634592992518,135.0,326.0,-35.0,-38.0,2022,5.444015444015444
2022-01-25,34218.0,34197.0,34177.0,34099.0,34240.0,YMH2,33996.0,33927.0,33864.0,33792.0,33583.0,-118.78078291814948,1405.0,-117.94788732394369,710.0,-118.40144872283646,2623.0,-116.39007092198584,0.8328955942057945,-1.5578164019578509,-21.0,-43.0,-20.0,-98.0,2022,5.338345864661654
2022-01-26,33965.0,34038.0,34018.0,34040.0,33974.0,YMH2,34420.0,34490.0,34375.0,34403.0,34637.0,-116.8743718592965,398.0,-116.33333333333336,180.0,-116.69914040114615,698.0,-117.94788732394369,0.5410385259631454,1.6145539906103323,73.0,64.0,-20.0,2.0,2022,1.3533834586466165
2022-01-27,34078.0,34035.0,34065.0,34126.0,34142.0,YMH2,34223.0,34326.0,34321.0,34483.0,34572.0,-119.01960784313728,102.0,-120.3726235741445,263.0,-119.99520383693047,417.0,-116.33333333333336,-1.3530157310072184,-4.039290240811141,-43.0,-107.0,30.0,91.0,2022,1.9774436090225564
2022-01-28,34484.0,34599.0,34582.0,34597.0,34417.0,YMH2,34022.0,34082.0,33839.0,33776.0,33721.0,-122.20054017555708,1481.0,-121.63494967978045,1093.0,-121.87730600292828,3415.0,-120.3726235741445,0.5655904957766325,-1.2623261056359496,115.0,182.0,-17.0,-2.0,2022,7.697183098591549
2022-01-31,34927.0,34983.0,34949.0,34968.0,34867.0,YMH2,34433.0,34468.0,34465.0,34460.0,34560.0,-123.61064891846924,1803.0,-123.02542372881358,118.0,-123.4326546593579,2554.0,-121.63494967978045,0.5852251896556595,-1.3904740490331307,56.0,116.0,-34.0,-15.0,2022,0.7687296416938111
2022-02-01,35292.0,35265.0,35250.0,35199.0,35244.0,YMH2,35028.0,35059.0,35048.0,35000.0,35036.0,-123.34210526315792,152.0,-124.85714285714288,175.0,-123.88290398126465,427.0,-123.02542372881358,-1.5150375939849567,-1.831719128329297,-27.0,21.0,-15.0,-66.0,2022,1.1400651465798046
2022-02-02,35539.0,35491.0,35471.0,35476.0,35532.0,YMH2,35263.0,35246.0,35334.0,35301.0,35237.0,-122.00372439478586,537.0,-121.98113207547172,53.0,-122.00168350168353,594.0,-124.85714285714288,0.022592319314142628,2.8760107816711553,-48.0,-41.0,-20.0,-15.0,2022,0.34527687296416937
2022-02-03,34987.0,34985.0,35030.0,35057.0,35043.0,YMH2,35376.0,35376.0,35282.0,35262.0,35171.0,-123.00000000000001,1.0,-128.82258064516128,62.0,-127.71538461538462,130.0,-121.98113207547172,-5.822580645161267,-6.841448569689561,-2.0,-58.0,45.0,72.0,2022,0.43661971830985913
2022-02-04,35080.0,34973.0,34931.0,34937.0,35114.0,YMH2,34911.0,34925.0,34939.0,35023.0,34918.0,-125.12408759124091,137.0,-124.16666666666669,240.0,-124.36812144212527,527.0,-128.82258064516128,0.9574209245742225,4.6559139784945955,-107.0,-141.0,-42.0,-36.0,2022,1.8045112781954886
2022-02-07,34958.0,34975.0,34998.0,35003.0,34986.0,YMH2,35011.0,35012.0,34931.0,34919.0,34946.0,-126.94117647058825,204.0,-126.00000000000001,100.0,-126.63157894736844,304.0,-124.16666666666669,0.941176470588232,-1.8333333333333286,17.0,-11.0,23.0,28.0,2022,0.7518796992481203
2022-02-08,35350.0,35343.0,35370.0,35392.0,35334.0,YMH2,35058.0,35047.0,35059.0,35053.0,35054.0,-121.00000000000001,2.0,-122.85714285714289,35.0,-122.64102564102566,39.0,-126.00000000000001,-1.8571428571428754,3.1428571428571246,-7.0,9.0,27.0,49.0,2022,0.2631578947368421
2022-02-09,35641.0,35655.0,35632.0,35709.0,35614.0,YMH2,35601.0,35621.0,35584.0,35627.0,35597.0,-122.99502487562191,201.0,-123.49751243781097,201.0,-123.56837606837608,702.0,-122.85714285714289,-0.5024875621890601,-0.6403695806680787,14.0,41.0,-23.0,54.0,2022,1.5112781954887218
2022-02-10,35027.0,35137.0,35110.0,35125.0,35067.0,YMH2,35399.0,35366.0,35390.0,35504.0,35554.0,-112.0,10.0,-110.49253731343283,402.0,-110.91134751773049,564.0,-123.49751243781097,1.507462686567166,13.004975124378134,110.0,70.0,-27.0,-12.0,2022,2.8309859154929575
2022-02-11,34729.0,34617.0,34636.0,34637.0,34590.0,YMH2,35120.0,35135.0,35120.0,35199.0,35204.0,-110.0,200.0,-110.0,900.0,-110.0,1400.0,-110.49253731343283,0.0,0.4925373134328339,-112.0,27.0,19.0,20.0,2022,6.338028169014085
2022-02-14,34529.0,34469.0,34491.0,34471.0,34507.0,YMH2,34594.0,34566.0,34541.0,34493.0,34479.0,-96.08333333333333,600.0,-97.0,100.0,-96.3125,800.0,-110.0,-0.9166666666666714,13.0,-60.0,-38.0,22.0,2.0,2022,0.704225352112676
2022-02-16,34922.0,34857.0,34842.0,34840.0,34908.0,YMH2,34760.0,34760.0,34812.0,34819.0,34710.0,-85.57236842105263,912.0,-86.0,100.0,-85.55387355298308,1123.0,-89.0,-0.4276315789473699,3.0,-65.0,-51.0,-15.0,-17.0,2022,0.7518796992481203
2022-02-17,34267.0,34232.0,34266.0,34206.0,34278.0,YMH2,34661.0,34625.0,34632.0,34563.0,34416.0,-73.91743119266054,109.0,-76.0,1000.0,-75.79531109107305,1109.0,-86.0,-2.082568807339456,10.0,-35.0,-46.0,34.0,-26.0,2022,7.518796992481203
2022-02-18,34081.0,34022.0,34067.0,34044.0,34072.0,YMH2,34165.0,34193.0,34155.0,34139.0,34292.0,-69.40331491712708,181.0,-69.43671607753706,877.0,-69.18654073199528,1694.0,-76.0,-0.03340116040997998,6.563283922462944,-59.0,-50.0,45.0,22.0,2022,6.593984962406015
2022-02-22,33518.0,33522.0,33641.0,33626.0,33575.0,YMH2,33863.0,33806.0,33704.0,33737.0,33903.0,-68.484375,512.0,-69.14163090128756,233.0,-69.12722298221614,1462.0,,-0.6572559012875558,,4.0,-53.0,119.0,104.0,2022,1.6408450704225352
2022-02-23,33045.0,33078.0,33081.0,33083.0,33079.0,YMH2,33770.0,33754.0,33737.0,33685.0,33606.0,-67.58901830282862,601.0,-71.57142857142857,210.0,-68.79806659505908,931.0,-69.14163090128756,-3.982410268599949,-2.4297976701410136,33.0,-1.0,3.0,5.0,2022,1.2923076923076924
2022-02-24,33020.0,33161.0,33079.0,33064.0,32997.0,YMH2,32275.0,32223.0,32310.0,32251.0,32420.0,-68.99950470529966,2019.0,-68.64575645756457,1355.0,-68.87441253263708,3830.0,-71.57142857142857,0.3537482477350835,2.925672113863996,141.0,164.0,-82.0,-97.0,2022,7.720797720797721
2022-02-25,33955.0,33993.0,33976.0,33991.0,33962.0,YMH2,33290.0,33295.0,33458.0,33342.0,33275.0,-65.22345132743362,904.0,-63.256544502617814,764.0,-64.10131826741996,2655.0,-68.64575645756457,1.9669068248158084,5.389211954946759,38.0,31.0,-17.0,-2.0,2022,4.292134831460674
2022-02-28,33724.0,33848.0,33843.0,33821.0,33642.0,YMH2,33558.0,33526.0,33514.0,33602.0,33633.0,-52.70697012802276,703.0,-50.20183486238532,109.0,-52.3639705882353,816.0,-63.256544502617814,2.505135265637442,13.054709640232495,124.0,206.0,-5.0,-27.0,2022,0.5721784776902887
2022-03-01,33106.0,33259.0,33291.0,33357.0,33184.0,YMH2,33719.0,33659.0,33745.0,33736.0,33620.0,-38.0,600.0,-39.017716535433074,508.0,-38.55213803450863,1333.0,-50.20183486238532,-1.017716535433074,11.184118326952245,153.0,75.0,32.0,98.0,2022,2.6666666666666665
2022-03-02,33934.0,33844.0,33835.0,33830.0,33891.0,YMH2,33439.0,33462.0,33463.0,33533.0,33545.0,-37.38086303939963,533.0,-38.13211382113821,492.0,-37.82634338138925,1526.0,-39.017716535433074,-0.7512507817385838,0.8856027142948619,-90.0,-47.0,-9.0,-14.0,2022,2.5826771653543306
2022-03-03,33700.0,33751.0,33770.0,33779.0,33675.0,YMH2,34019.0,33997.0,34041.0,34073.0,34038.0,-39.0,100.0,-39.2972972972973,37.0,-39.08029197080292,137.0,-38.13211382113821,-0.29729729729729826,-1.1651834761590862,51.0,76.0,19.0,28.0,2022,0.18226600985221675
2022-03-04,33416.0,33570.0,33558.0,33566.0,33426.0,YMH2,33434.0,33393.0,33342.0,33374.0,33444.0,-38.99667774086379,301.0,-35.666666666666664,6.0,-38.931596091205215,307.0,-39.2972972972973,3.330011074197124,3.630630630630634,154.0,144.0,-12.0,-4.0,2022,0.029556650246305417
2022-03-07,32816.0,32779.0,32742.0,32734.0,32894.0,YMH2,33522.0,33444.0,33360.0,33252.0,33216.0,-38.99348534201955,307.0,-34.41025641025641,156.0,-37.184070796460176,565.0,-35.666666666666664,4.583228931763138,1.2564102564102555,-37.0,-115.0,-37.0,-45.0,2022,0.8188976377952756
2022-03-08,32656.0,32580.0,32552.0,32542.0,32665.0,YMH2,32856.0,32791.0,32816.0,32851.0,32750.0,-36.73890339425587,383.0,-37.95454545454545,110.0,-38.25273579989578,1919.0,-34.41025641025641,-1.215642060289582,-3.5442890442890445,-76.0,-85.0,-28.0,-38.0,2022,0.6197183098591549
2022-03-09,33351.0,33276.0,33269.0,33302.0,33380.0,YMH2,33191.0,33241.0,33190.0,33212.0,33153.0,-20.00990099009901,101.0,-20.0,12.0,-19.520481927710843,415.0,-37.95454545454545,0.009900990099009022,17.954545454545453,-75.0,-104.0,-7.0,26.0,2022,0.0676056338028169
2022-03-16,33834.0,33967.0,33918.0,33934.0,33737.0,YMM2,33755.0,33742.0,33790.0,33880.0,33800.0,-106.5398773006135,163.0,-106.0909090909091,11.0,-107.7114537444934,454.0,,0.4489682097044039,,133.0,230.0,-49.0,-33.0,2022,0.061971830985915494
2022-03-17,34323.0,34379.0,34340.0,34305.0,34307.0,YMM2,33815.0,33800.0,33847.0,33863.0,33965.0,-105.58178053830228,483.0,-104.42931937172774,191.0,-105.24926253687316,678.0,-106.0909090909091,1.1524611665745397,1.6615897191813502,56.0,72.0,-39.0,-74.0,2022,1.1540785498489425
2022-03-18,34599.0,34624.0,34625.0,34636.0,34607.0,YMM2,34182.0,34253.0,34181.0,34201.0,34249.0,-113.0,480.0,-107.18741808650066,763.0,-109.65430690245294,1753.0,-104.42931937172774,5.8125819134993435,-2.7580987147729132,25.0,17.0,1.0,12.0,2022,4.610271903323262
2022-03-21,34287.0,34443.0,34463.0,34451.0,34331.0,YMM2,34594.0,34557.0,34664.0,34600.0,34554.0,-109.6969696969697,231.0,-109.84375,32.0,-109.99753086419753,405.0,-107.18741808650066,-0.14678030303029743,-2.6563319134993435,156.0,112.0,20.0,8.0,2022,0.1933534743202417
2022-03-22,34755.0,34718.0,34726.0,34713.0,34723.0,YMM2,34608.0,34606.0,34595.0,34673.0,34701.0,-109.3103448275862,145.0,-107.26060606060607,165.0,-108.22435897435898,312.0,-109.84375,2.0497387669801412,2.583143939393935,-37.0,-5.0,8.0,-5.0,2022,1.0784313725490196
2022-03-23,34332.0,34244.0,34228.0,34222.0,34354.0,YMM2,34556.0,34507.0,34495.0,34436.0,34424.0,-105.92743362831858,565.0,-103.07317073170732,41.0,-105.40786240786241,814.0,-107.26060606060607,2.85426289661126,4.187435328898744,-88.0,-110.0,-16.0,-22.0,2022,0.2554517133956386
2022-03-24,34567.0,34606.0,34620.0,34613.0,34554.0,YMM2,34373.0,34354.0,34286.0,34314.0,34363.0,-108.00427960057061,701.0,-104.57476635514018,214.0,-107.20174482006543,917.0,-103.07317073170732,3.429513245430428,-1.5015956234328627,39.0,52.0,14.0,7.0,2022,1.3986928104575163
2022-03-25,34667.0,34758.0,34754.0,34742.0,34629.0,YMM2,34678.0,34659.0,34687.0,34661.0,34687.0,-104.75,4.0,-103.0,5.0,-104.87719298245614,114.0,-104.57476635514018,1.75,1.5747663551401843,91.0,129.0,-4.0,-16.0,2022,0.032679738562091505
2022-03-28,34801.0,34856.0,34873.0,34871.0,34772.0,YMM2,34707.0,34683.0,34624.0,34594.0,34686.0,-105.0,100.0,-102.0,1.0,-105.16184971098266,173.0,-103.0,3.0,1.0,55.0,84.0,17.0,15.0,2022,0.006535947712418301
2022-03-29,35192.0,35203.0,35170.0,35155.0,35182.0,YMM2,35137.0,35181.0,35244.0,35233.0,35139.0,-100.58011049723757,181.0,-102.2918918918919,185.0,-101.4083129584352,409.0,-102.0,-1.7117813946543237,-0.29189189189189335,11.0,21.0,-33.0,-48.0,2022,1.2091503267973855
2022-03-30,35051.0,35125.0,35139.0,35137.0,35023.0,YMM2,35110.0,35122.0,35137.0,35151.0,35239.0,-101.0,49.0,-101.0,21.0,-100.72164948453609,97.0,-102.2918918918919,0.0,1.2918918918918934,74.0,102.0,14.0,12.0,2022,0.1308411214953271
2022-03-31,34748.0,34594.0,34610.0,34645.0,34762.0,YMM2,35075.0,35012.0,35023.0,35011.0,35017.0,-103.37106918238993,159.0,-103.0,100.0,-103.58769230769231,325.0,-101.0,0.37106918238993103,-2.0,-154.0,-168.0,16.0,51.0,2022,0.6535947712418301
2022-04-01,34611.0,34709.0,34712.0,34686.0,34583.0,YMM2,34748.0,34719.0,34669.0,34660.0,34665.0,-100.74137931034483,58.0,-100.20779220779221,77.0,-100.23250564334086,443.0,-103.0,0.533587102552616,2.7922077922077904,98.0,126.0,3.0,-23.0,2022,0.5422535211267606
2022-04-04,34803.0,34832.0,34817.0,34821.0,34770.0,YMM2,34695.0,34670.0,34557.0,34574.0,34674.0,-102.0,2.0,-100.02857142857142,105.0,-100.39759036144578,166.0,-100.20779220779221,1.971428571428575,0.17922077922078472,29.0,62.0,-15.0,-11.0,2022,0.7394366197183099
2022-04-05,34483.0,34554.0,34571.0,34574.0,34538.0,YMM2,34738.0,34690.0,34857.0,34917.0,34930.0,-93.9090909090909,11.0,-92.72327044025157,159.0,-93.21153846153847,260.0,-100.02857142857142,1.1858204688393386,7.305300988319857,71.0,16.0,17.0,20.0,2022,1.119718309859155
2022-04-06,34458.0,34397.0,34381.0,34394.0,34396.0,YMM2,34317.0,34271.0,34274.0,34255.0,34285.0,-94.93589743589743,390.0,-92.36363636363636,33.0,-94.73522458628841,423.0,-92.72327044025157,2.572261072261071,0.3596340766152082,-61.0,1.0,-16.0,-3.0,2022,0.22758620689655173
2022-04-07,34567.0,34496.0,34495.0,34503.0,34590.0,YMM2,34290.0,34280.0,34256.0,34332.0,34260.0,-91.86079545454545,352.0,-93.84353741496598,147.0,-92.52997601918466,834.0,-92.36363636363636,-1.982741960420526,-1.4799010513296196,-71.0,-94.0,-1.0,7.0,2022,1.013793103448276
2022-04-08,34657.0,34649.0,34648.0,34652.0,34720.0,YMM2,34500.0,34472.0,34496.0,34389.0,34443.0,-93.64311206281228,1401.0,-93.49367088607595,237.0,-93.55817782656422,1822.0,-93.84353741496598,0.14944117673633173,0.34986652889003267,-8.0,-71.0,-1.0,3.0,2022,1.5643564356435644
2022-04-11,34235.0,34224.0,34208.0,34219.0,34270.0,YMM2,34501.0,34447.0,34527.0,34545.0,34596.0,-91.99601593625498,251.0,-91.99674267100977,614.0,-91.99718574108817,1066.0,-93.49367088607595,-0.0007267347547923464,1.496928215066177,-11.0,-46.0,-16.0,-5.0,2022,4.052805280528053
2022-04-12,34131.0,34128.0,34129.0,34178.0,34088.0,YMM2,34300.0,34330.0,34338.0,34505.0,34507.0,-91.6076923076923,260.0,-89.79558011049724,362.0,-90.80239520958084,835.0,-91.99674267100977,1.812112197195063,2.201162560512529,-3.0,40.0,1.0,50.0,2022,2.2984126984126982
2022-04-13,34504.0,34487.0,34466.0,34462.0,34489.0,YMM2,34107.0,34072.0,34228.0,34211.0,34182.0,-91.01492537313433,201.0,-93.89855072463769,69.0,-93.62759643916914,674.0,-89.79558011049724,-2.8836253515033548,-4.102970614140446,-17.0,-2.0,-21.0,-25.0,2022,0.42592592592592593
2022-04-14,34432.0,34359.0,34347.0,34352.0,34453.0,YMM2,34515.0,34591.0,34692.0,34661.0,34609.0,-93.5260663507109,211.0,-95.89766606822262,557.0,-95.06687565308255,957.0,-93.89855072463769,-2.371599717511714,-1.9991153435849327,-73.0,-94.0,-12.0,-7.0,2022,3.4382716049382718
2022-04-18,34202.0,34330.0,34389.0,34410.0,34224.0,YMM2,34343.0,34305.0,34465.0,34493.0,34399.0,-94.0,11.0,-92.0,4.0,-93.47058823529412,17.0,-95.89766606822262,2.0,3.8976660682226196,128.0,106.0,59.0,80.0,2022,0.024691358024691357
2022-04-19,34817.0,34838.0,34773.0,34789.0,34838.0,YMM2,34326.0,34348.0,34430.0,34492.0,34634.0,-92.0,13.0,-91.0,17.0,-91.30232558139535,43.0,-92.0,1.0,1.0,21.0,0.0,-65.0,-49.0,2022,0.10793650793650794
2022-04-20,35173.0,35082.0,35130.0,35132.0,35156.0,YMM2,34964.0,35026.0,35129.0,35036.0,35000.0,-90.68852459016394,122.0,-89.0,224.0,-89.54022988505747,522.0,-91.0,1.6885245901639365,2.0,-91.0,-74.0,48.0,50.0,2022,1.4785478547854785
2022-04-21,34643.0,34699.0,34672.0,34680.0,34735.0,YMM2,35308.0,35307.0,35389.0,35333.0,35387.0,-82.0,50.0,-85.90090090090091,111.0,-83.8719512195122,656.0,-89.0,-3.9009009009009077,3.0990990990990923,56.0,-36.0,-27.0,-19.0,2022,0.7047619047619048
2022-04-22,33865.0,33750.0,33683.0,33625.0,33971.0,YMM2,34576.0,34547.0,34509.0,34366.0,34342.0,-81.66666666666667,3.0,-81.36723163841808,177.0,-81.30932203389831,236.0,-85.90090090090091,0.29943502824859536,4.533669262482832,-115.0,-221.0,-67.0,-125.0,2022,1.1238095238095238
2022-04-25,33943.0,33971.0,33979.0,33970.0,33986.0,YMM2,33588.0,33562.0,33453.0,33478.0,33335.0,-86.0,101.0,-86.0074812967581,401.0,-86.00584795321637,513.0,-81.36723163841808,-0.0074812967581010525,-4.640249658340025,28.0,-15.0,8.0,-1.0,2022,2.546031746031746
2022-04-26,33227.0,33140.0,33217.0,33148.0,33272.0,YMM2,33715.0,33712.0,33729.0,33652.0,33697.0,-89.84894613583138,854.0,-90.06759906759906,858.0,-89.96929065743944,2312.0,-86.0074812967581,-0.21865293176767864,-4.060117770840961,-87.0,-132.0,77.0,8.0,2022,5.296296296296297
2022-04-27,33259.0,33219.0,33228.0,33209.0,33317.0,YMM2,33332.0,33301.0,33249.0,33418.0,33419.0,-89.58717105263158,608.0,-89.2156862745098,306.0,-89.54885496183206,1310.0,-90.06759906759906,0.3714847781217685,0.8519127930892552,-40.0,-98.0,9.0,-10.0,2022,1.8
2022-04-28,33817.0,33846.0,33820.0,33789.0,33830.0,YMM2,33424.0,33432.0,33300.0,33297.0,33357.0,-90.99006622516556,302.0,-87.2875,80.0,-89.48694029850746,536.0,-89.2156862745098,3.702566225165569,1.9281862745098124,29.0,16.0,-26.0,-57.0,2022,0.47058823529411764
2022-04-29,32971.0,32886.0,32907.0,32962.0,33058.0,YMM2,33687.0,33689.0,33681.0,33634.0,33820.0,-89.875,8.0,-90.75547445255475,274.0,-90.31360946745562,338.0,-87.2875,-0.8804744525547505,-3.4679744525547562,-85.0,-172.0,21.0,76.0,2022,1.691358024691358
2022-05-02,32942.0,32987.0,32997.0,33023.0,32820.0,YMM2,32976.0,32942.0,32845.0,32850.0,32872.0,-90.0,100.0,-88.99026763990268,822.0,-89.09978308026031,922.0,-90.75547445255475,1.009732360097317,1.7652068126520675,45.0,167.0,10.0,36.0,2022,5.074074074074074
2022-05-05,32639.0,32934.0,32915.0,32906.0,32750.0,YMM2,33718.0,33684.0,33671.0,33572.0,33506.0,-91.57183634633682,1051.0,-93.96774193548387,31.0,-91.90066964285714,1792.0,-90.45161290322581,-2.3959055891470484,-3.516129032258064,295.0,184.0,-19.0,-28.0,2022,0.19135802469135801
2022-05-06,32841.0,32807.0,32716.0,32738.0,32776.0,YMM2,32756.0,32678.0,32661.0,32498.0,32442.0,-93.33887043189368,301.0,-94.63398692810458,153.0,-94.21022727272727,704.0,-93.96774193548387,-1.2951164962108948,-0.6662449926207046,-34.0,31.0,-91.0,-69.0,2022,0.9714285714285714
2022-05-09,32130.0,32163.0,32211.0,32221.0,32189.0,YMM2,32471.0,32400.0,32390.0,32427.0,32490.0,-84.0,1.0,-84.1921568627451,255.0,-83.8567415730337,356.0,-94.63398692810458,-0.1921568627450938,10.441830065359483,33.0,-26.0,48.0,58.0,2022,1.619047619047619
2022-05-10,32061.0,32078.0,32041.0,32064.0,32006.0,YMM2,32534.0,32552.0,32601.0,32555.0,32541.0,-82.49376558603491,401.0,-81.66777408637874,301.0,-81.99750623441396,802.0,-84.1921568627451,0.825991499656169,2.5243827763663518,17.0,72.0,-37.0,-14.0,2022,1.9111111111111112
2022-05-11,31749.0,31756.0,31804.0,31816.0,31809.0,YMM2,32077.0,32076.0,31992.0,32207.0,32353.0,-86.0,25.0,-86.9329268292683,164.0,-86.38345864661655,399.0,-81.66777408637874,-0.9329268292682968,-5.265152742889555,7.0,-53.0,48.0,60.0,2022,1.0123456790123457
2022-05-12,31470.0,31663.0,31657.0,31673.0,31454.0,YMM2,31678.0,31561.0,31447.0,31512.0,31516.0,-78.16666666666667,300.0,-77.12048192771084,166.0,-77.9090909090909,517.0,-86.9329268292683,1.04618473895583,9.812444901557456,193.0,209.0,-6.0,10.0,2022,1.0091185410334347
2022-05-13,32096.0,32123.0,32087.0,32070.0,32112.0,YMM2,31876.0,31903.0,31882.0,31904.0,31943.0,-78.0,80.0,-77.0,20.0,-77.8,100.0,-77.12048192771084,1.0,0.12048192771084132,27.0,11.0,-36.0,-53.0,2022,0.12158054711246201
2022-05-16,32156.0,32182.0,32152.0,32130.0,32149.0,YMM2,32061.0,32059.0,32086.0,31988.0,31947.0,-65.37859266600594,1009.0,-64.88,25.0,-65.46046128500824,1214.0,-77.0,0.49859266600594765,12.120000000000005,26.0,33.0,-30.0,-52.0,2022,0.1519756838905775
2022-05-17,32516.0,32592.0,32569.0,32606.0,32576.0,YMM2,32557.0,32586.0,32528.0,32477.0,32475.0,-65.28205128205128,39.0,-68.42285714285714,350.0,-67.92822966507177,418.0,-64.88,-3.1408058608058553,-3.5428571428571445,76.0,16.0,-23.0,14.0,2022,2.127659574468085
2022-05-19,31251.0,31202.0,31186.0,31174.0,31271.0,YMM2,31129.0,31097.0,31245.0,31098.0,31030.0,-46.27467811158798,233.0,-47.96808510638298,94.0,-46.765765765765764,333.0,-56.62140992167102,-1.693406994794998,8.653324815288038,-49.0,-69.0,-16.0,-28.0,2022,0.5714285714285714
2022-05-20,31132.0,31203.0,31220.0,31173.0,31117.0,YMM2,31446.0,31440.0,31381.0,31447.0,31372.0,-56.090322580645164,310.0,-50.05555555555556,108.0,-53.180392156862744,510.0,-47.96808510638298,6.034767025089607,-2.087470449172578,71.0,86.0,17.0,-30.0,2022,0.6687306501547987
2022-05-23,31726.0,31842.0,31843.0,31899.0,31757.0,YMM2,31552.0,31490.0,31541.0,31538.0,31553.0,-42.62287104622871,411.0,-42.68421052631579,741.0,-42.950610432852386,1802.0,-50.05555555555556,-0.0613394800870779,7.3713450292397695,116.0,85.0,1.0,57.0,2022,4.704761904761905
2022-05-24,31921.0,31905.0,31922.0,31924.0,31897.0,YMM2,31670.0,31622.0,31642.0,31668.0,31648.0,-42.42857142857143,700.0,-43.833333333333336,600.0,-43.03185509056839,1601.0,-42.68421052631579,-1.404761904761905,-1.149122807017548,-16.0,8.0,17.0,19.0,2022,3.7151702786377707
2022-05-25,32096.0,32094.0,32088.0,32047.0,32127.0,YMM2,31781.0,31742.0,31840.0,31905.0,31914.0,-43.62068965517241,29.0,-43.41477272727273,704.0,-43.424694708276796,737.0,-43.833333333333336,0.2059169278996862,0.4185606060606091,-2.0,-33.0,-6.0,-47.0,2022,4.279635258358662
2022-05-26,32711.0,32602.0,32572.0,32558.0,32684.0,YMM2,32240.0,32255.0,32373.0,32432.0,32477.0,-46.943396226415096,212.0,-44.65606361829026,503.0,-45.22274509803922,1275.0,-43.41477272727273,2.287332608124835,-1.2412908910175346,-109.0,-82.0,-30.0,-44.0,2022,3.0577507598784193
2022-05-27,33077.0,33165.0,33172.0,33190.0,33103.0,YMM2,32668.0,32658.0,32668.0,32721.0,32840.0,-41.33388704318937,602.0,-40.38860103626943,193.0,-41.08358509566969,993.0,-44.65606361829026,0.9452860069199431,4.267462582020833,88.0,62.0,7.0,25.0,2022,1.1732522796352585
2022-05-31,33029.0,32984.0,32934.0,32973.0,33043.0,YMM2,32990.0,32971.0,32777.0,32729.0,32831.0,-31.55,260.0,-31.661290322580644,62.0,-31.33586337760911,527.0,,-0.11129032258064342,,-45.0,-59.0,-50.0,-11.0,2022,0.3768996960486322
2022-06-01,32931.0,32789.0,32782.0,32781.0,32916.0,YMM2,33196.0,33196.0,33153.0,33112.0,33057.0,-18.0,203.0,-18.52888888888889,450.0,-18.364329268292682,656.0,-31.661290322580644,-0.5288888888888899,13.132401433691754,-142.0,-127.0,-7.0,-8.0,2022,2.7863777089783284
2022-06-02,33124.0,33230.0,33220.0,33224.0,33116.0,YMM2,32816.0,32809.0,32782.0,32708.0,32628.0,-20.0,300.0,-20.833333333333332,120.0,-20.235154394299286,421.0,-18.52888888888889,-0.8333333333333321,-2.3044444444444423,106.0,114.0,-10.0,-6.0,2022,0.7430340557275542
2022-06-03,32870.0,32894.0,32893.0,32920.0,32860.0,YMM2,32976.0,32936.0,33047.0,32948.0,33048.0,-10.00497512437811,402.0,-12.0,218.0,-10.706451612903226,620.0,-20.833333333333332,-1.9950248756218905,8.833333333333332,24.0,34.0,-1.0,26.0,2022,1.384126984126984
2022-06-07,33173.0,33166.0,33133.0,33142.0,33168.0,YMM2,32633.0,32634.0,32726.0,32692.0,32699.0,-12.79696394686907,1054.0,-12.758658008658008,924.0,-12.73961895456766,2047.0,,0.038305938211061985,,-7.0,-2.0,-33.0,-24.0,2022,5.7213622291021675
2022-06-08,32866.0,32890.0,32880.0,32894.0,32933.0,YMM2,32981.0,33004.0,32961.0,32958.0,33091.0,-14.293929712460065,313.0,-14.187022900763358,262.0,-13.94199535962877,862.0,-12.758658008658008,0.10690681169670668,-1.4283648921053498,24.0,-43.0,-10.0,4.0,2022,1.6222910216718267
2022-06-14,30424.0,30361.0,30305.0,30318.0,30341.0,YMU2,30670.0,30579.0,30576.0,30485.0,30639.0,-25.166666666666668,6.0,-25.428571428571427,7.0,-25.454545454545453,22.0,-14.187022900763358,-0.2619047619047592,-11.24154852780807,-63.0,20.0,-56.0,-43.0,2022,0.043343653250773995
2022-06-15,30753.0,30663.0,30664.0,30694.0,30702.0,YMU2,30581.0,30578.0,30607.0,30659.0,30704.0,-21.39097744360902,133.0,-22.8125,160.0,-21.796033994334277,353.0,-25.428571428571427,-1.421522556390979,2.616071428571427,-90.0,-39.0,1.0,31.0,2022,0.9907120743034056
2022-06-16,29793.0,29933.0,29898.0,29877.0,29859.0,YMU2,30082.0,30068.0,30003.0,29885.0,29983.0,-14.838709677419356,31.0,-9.666666666666666,3.0,-14.400000000000002,35.0,-22.8125,5.17204301075269,13.145833333333334,140.0,74.0,-35.0,-56.0,2022,0.018518518518518517
2022-06-17,29976.0,29865.0,29951.0,29947.0,29976.0,YMU2,29938.0,29830.0,29991.0,30083.0,30067.0,-10.333333333333334,3.0,-9.785714285714286,28.0,-9.683734939759036,332.0,-9.666666666666666,0.5476190476190474,-0.1190476190476204,-111.0,-111.0,86.0,82.0,2022,0.1728395061728395
2022-06-21,30568.0,30530.0,30514.0,30516.0,30563.0,YMU2,30304.0,30311.0,30278.0,30367.0,30418.0,-7.043956043956044,91.0,-9.984147952443857,757.0,-9.254770992366412,1048.0,,-2.9401919084878134,,-38.0,-33.0,-16.0,-14.0,2022,4.672839506172839
2022-06-22,30512.0,30452.0,30506.0,30512.0,30542.0,YMU2,30114.0,30148.0,30219.0,30233.0,30334.0,-13.857549857549857,351.0,-10.84565393988627,1231.0,-11.415053763440861,1860.0,-9.984147952443857,3.011895917663587,-0.8615059874424134,-60.0,-90.0,54.0,60.0,2022,7.4832826747720365
2022-06-23,30667.0,30666.0,30589.0,30594.0,30609.0,YMU2,30593.0,30556.0,30575.0,30649.0,30663.0,-19.0,300.0,-18.95964125560538,446.0,-18.975871313672922,746.0,-10.84565393988627,0.04035874439462006,-8.11398731571911,-1.0,57.0,-77.0,-72.0,2022,2.694864048338369
2022-06-24,31403.0,31503.0,31465.0,31438.0,31426.0,YMU2,30908.0,30926.0,30987.0,30984.0,31038.0,-15.99673202614379,306.0,-15.507462686567164,67.0,-15.935969868173258,531.0,-18.95964125560538,0.48926933957662655,3.4521785690382156,100.0,77.0,-38.0,-65.0,2022,0.40483383685800606
2022-06-28,30954.0,30933.0,30921.0,30917.0,30951.0,YMU2,31589.0,31601.0,31826.0,31796.0,31735.0,-18.0,1.0,-18.4,5.0,-18.642857142857142,14.0,-16.01,-0.3999999999999986,-2.389999999999997,-21.0,-18.0,-12.0,-16.0,2022,0.030395136778115502
2022-06-29,30983.0,30996.0,31023.0,31018.0,30987.0,YMU2,31050.0,31032.0,30918.0,30945.0,31072.0,-21.0,1.0,-16.754152823920265,602.0,-16.761194029850746,603.0,-18.4,4.245847176079735,1.6458471760797337,13.0,9.0,27.0,22.0,2022,3.6595744680851063
2022-06-30,30749.0,30778.0,30752.0,30727.0,30713.0,YMU2,30679.0,30652.0,30544.0,30513.0,30439.0,-26.568648648648647,925.0,-24.0,3.0,-26.559139784946236,930.0,-16.754152823920265,2.5686486486486473,-7.245847176079735,29.0,65.0,-26.0,-51.0,2022,0.01818181818181818
2022-07-01,31088.0,31069.0,31046.0,31050.0,31089.0,YMU2,30709.0,30718.0,30729.0,30781.0,30855.0,-28.139800285306706,701.0,-26.00826446280992,121.0,-27.82603406326034,822.0,-24.0,2.1315358224967866,-2.008264462809919,-19.0,-20.0,-23.0,-19.0,2022,0.7333333333333333
2022-07-05,30939.0,30949.0,30922.0,30918.0,30898.0,YMU2,30667.0,30636.0,30557.0,30478.0,30467.0,-24.4,5.0,-18.956120092378754,433.0,-20.700236966824644,844.0,,5.443879907621245,,10.0,51.0,-27.0,-31.0,2022,2.6728395061728394
2022-07-06,31090.0,31022.0,31025.0,31043.0,31126.0,YMU2,30960.0,30973.0,31011.0,30984.0,30947.0,-21.0,2.0,-23.34,300.0,-23.41176470588235,816.0,-18.956120092378754,-2.34,-4.383879907621246,-68.0,-104.0,3.0,21.0,2022,1.8181818181818181
2022-07-08,31364.0,31320.0,31334.0,31335.0,31391.0,YMU2,31334.0,31324.0,31295.0,31346.0,31233.0,-24.0,100.0,-24.333333333333332,300.0,-24.124843945068665,801.0,,-0.33333333333333215,,-44.0,-71.0,14.0,15.0,2022,1.749271137026239
2022-07-11,31116.0,31144.0,31164.0,31174.0,31107.0,YMU2,31142.0,31135.0,31261.0,31164.0,31194.0,-27.043408360128616,622.0,-29.000000000000004,105.0,-27.415865384615383,832.0,-24.333333333333332,-1.9565916398713874,-4.666666666666671,28.0,37.0,20.0,30.0,2022,0.6122448979591837
2022-07-12,30912.0,30970.0,30942.0,30950.0,30893.0,YMU2,30998.0,31018.0,31098.0,31246.0,31201.0,-28.0,100.0,-25.96551724137931,290.0,-26.135029354207436,511.0,-29.000000000000004,2.0344827586206904,3.034482758620694,58.0,77.0,-28.0,-20.0,2022,1.6909620991253644
2022-07-13,30782.0,30748.0,30749.0,30735.0,30778.0,YMU2,30612.0,30581.0,30665.0,30669.0,30688.0,-27.037199124726477,457.0,-22.0,207.0,-25.466165413533833,665.0,-25.96551724137931,5.037199124726477,3.9655172413793096,-34.0,-30.0,1.0,-13.0,2022,1.1189189189189188
2022-07-14,30595.0,30610.0,30634.0,30620.0,30600.0,YMU2,30261.0,30229.0,30240.0,30137.0,30191.0,-28.98039215686275,51.0,-26.933333333333334,510.0,-27.119429590017827,561.0,-22.0,2.047058823529415,-4.933333333333334,15.0,10.0,24.0,10.0,2022,2.55
2022-07-15,31166.0,31250.0,31250.0,31248.0,31191.0,YMU2,30981.0,31060.0,31009.0,30969.0,30949.0,-26.5,600.0,-29.463519313304726,466.0,-27.813036020583194,1166.0,-26.933333333333334,-2.963519313304726,-2.5301859799713924,84.0,59.0,0.0,-2.0,2022,2.192941176470588
2022-07-19,31773.0,31781.0,31795.0,31814.0,31808.0,YMU2,31315.0,31285.0,31286.0,31286.0,31373.0,-23.0,100.0,-22.142857142857142,21.0,-22.85123966942149,121.0,,0.8571428571428577,,8.0,-27.0,14.0,33.0,2022,0.09502262443438914
2022-07-20,31887.0,31852.0,31867.0,31846.0,31885.0,YMU2,31784.0,31804.0,31734.0,31730.0,31666.0,-26.586656441717793,1304.0,-23.94254658385093,644.0,-25.8317843866171,2152.0,-22.142857142857142,2.6441098578668623,-1.799689440993788,-35.0,-33.0,15.0,-6.0,2022,2.914027149321267
2022-07-21,31926.0,32015.0,31998.0,32005.0,31932.0,YMU2,31722.0,31729.0,31670.0,31668.0,31765.0,-25.0,1.0,-22.8,500.0,-22.802788844621514,502.0,-23.94254658385093,2.1999999999999993,1.1425465838509297,89.0,83.0,-17.0,-10.0,2022,2.1691973969631237
2022-07-25,31904.0,31964.0,31997.0,31987.0,31891.0,YMU2,31987.0,31974.0,31857.0,31951.0,31963.0,-27.0,100.0,-28.0,1.0,-27.00990099009901,101.0,,-1.0,,60.0,73.0,33.0,23.0,2022,0.0041753653444676405
2022-07-26,31705.0,31725.0,31708.0,31769.0,31713.0,YMU2,31817.0,31858.0,31871.0,31845.0,31848.0,-28.0,116.0,-27.13232104121475,461.0,-27.201824401368302,877.0,-28.0,0.8676789587852483,0.8676789587852483,20.0,12.0,-17.0,44.0,2022,2.085972850678733
2022-07-27,32244.0,32171.0,32151.0,32166.0,32271.0,YMU2,31898.0,31850.0,31886.0,31885.0,31865.0,-27.5,16.0,-26.54219653179191,865.0,-27.679618768328446,1364.0,-27.13232104121475,0.9578034682080911,0.5901245094228429,-73.0,-100.0,-20.0,-5.0,2022,3.914027149321267
2022-07-28,32517.0,32484.0,32452.0,32443.0,32500.0,YMU2,32185.0,32211.0,32197.0,32129.0,32030.0,-34.333333333333336,150.0,-32.111111111111114,90.0,-33.5,240.0,-26.54219653179191,2.2222222222222214,-5.568914579319205,-33.0,-16.0,-32.0,-41.0,2022,0.3757828810020877
2022-07-29,32863.0,32820.0,32818.0,32808.0,32858.0,YMU2,32494.0,32512.0,32487.0,32501.0,32571.0,-34.50617283950617,162.0,-35.54320987654321,162.0,-35.056650246305416,406.0,-32.111111111111114,-1.037037037037038,-3.4320987654320945,-43.0,-38.0,-2.0,-12.0,2022,0.7330316742081447
2022-08-01,32802.0,32763.0,32781.0,32779.0,32774.0,YMU2,32664.0,32653.0,32646.0,32701.0,32764.0,-36.5,2.0,-37.21097046413502,474.0,-37.32046332046332,777.0,-35.54320987654321,-0.7109704641350234,-1.6677605875918147,-39.0,-11.0,18.0,16.0,2022,2.1447963800904977
2022-08-02,32429.0,32368.0,32375.0,32383.0,32479.0,YMU2,32645.0,32661.0,32557.0,32462.0,32469.0,-41.616448885472714,1301.0,-39.88,625.0,-41.21750090025207,2777.0,-37.21097046413502,1.7364488854727114,-2.669029535864979,-61.0,-111.0,7.0,15.0,2022,2.6096033402922756
2022-08-03,32837.0,32771.0,32756.0,32756.0,32866.0,YMU2,32522.0,32529.0,32524.0,32564.0,32583.0,-42.0,100.0,-39.90625,32.0,-41.71120689655172,232.0,-39.88,2.09375,-0.026249999999997442,-66.0,-95.0,-15.0,-15.0,2022,0.12379110251450677
2022-08-04,32678.0,32691.0,32718.0,32700.0,32670.0,YMU2,32707.0,32715.0,32662.0,32753.0,32716.0,-49.0,2.0,-45.76951672862454,269.0,-45.81684981684982,273.0,-39.90625,3.230483271375462,-5.863266728624538,13.0,21.0,27.0,9.0,2022,1.0406189555125724
2022-08-05,32749.0,32749.0,32727.0,32718.0,32721.0,YMU2,32468.0,32461.0,32509.0,32551.0,32591.0,-47.0,100.0,-47.0,2.0,-47.16629711751663,902.0,-45.76951672862454,0.0,-1.230483271375462,0.0,28.0,-22.0,-31.0,2022,0.007532956685499058
2022-08-08,32808.0,32791.0,32804.0,32817.0,32817.0,YMU2,32940.0,32932.0,32967.0,32994.0,33033.0,-47.131147540983605,610.0,-50.74226804123711,194.0,-48.667647058823526,1360.0,-47.0,-3.611120500253506,-3.7422680412371108,-17.0,-26.0,13.0,26.0,2022,0.7504835589941973
2022-08-09,32721.0,32742.0,32760.0,32757.0,32712.0,YMU2,32791.0,32774.0,32803.0,32808.0,32749.0,-41.0,500.0,-38.18181818181818,275.0,-39.99756690997567,822.0,-50.74226804123711,2.81818181818182,12.56044985941893,21.0,30.0,18.0,15.0,2022,1.1627906976744187
2022-08-10,33248.0,33264.0,33261.0,33270.0,33269.0,YMU2,33173.0,33206.0,33190.0,33232.0,33234.0,-38.5,200.0,-40.54560954816709,1173.0,-39.855702917771886,1885.0,-38.18181818181818,-2.045609548167093,-2.363791366348913,16.0,-5.0,-3.0,6.0,2022,4.959830866807611
2022-08-11,33294.0,33313.0,33357.0,33348.0,33287.0,YMU2,33503.0,33518.0,33476.0,33488.0,33542.0,-32.074074074074076,108.0,-34.0,170.0,-33.185873605947954,538.0,-40.54560954816709,-1.9259259259259238,6.545609548167093,19.0,26.0,44.0,35.0,2022,0.6576402321083172
2022-08-12,33694.0,33720.0,33712.0,33691.0,33693.0,YMU2,33452.0,33413.0,33469.0,33485.0,33463.0,-34.51833976833977,1036.0,-34.15897435897436,195.0,-34.55463258785942,1565.0,-34.0,0.3593654093654095,-0.15897435897436196,26.0,27.0,-8.0,-29.0,2022,0.8245243128964059
2022-08-16,34156.0,34113.0,34101.0,34097.0,34117.0,YMU2,33806.0,33815.0,33893.0,33896.0,33935.0,-40.61290322580645,620.0,-36.72727272727273,220.0,-39.48076923076923,1040.0,,3.8856304985337218,,-43.0,-4.0,-12.0,-16.0,2022,1.035294117647059
2022-08-17,33946.0,33957.0,33977.0,33988.0,33994.0,YMU2,33921.0,33899.0,33936.0,33927.0,33951.0,-24.0,297.0,-23.800333704115683,1798.0,-23.855095541401273,2512.0,-36.72727272727273,0.19966629588431672,12.926939023157043,11.0,-37.0,20.0,31.0,2022,8.210045662100457
2022-08-18,34003.0,33994.0,33992.0,33977.0,34014.0,YMU2,33969.0,33946.0,33940.0,33930.0,33877.0,-16.280575539568346,139.0,-19.31346153846154,520.0,-19.48141891891892,1776.0,-23.800333704115683,-3.0328859988931924,4.486872165654145,-9.0,-20.0,-2.0,-17.0,2022,2.1894736842105265
2022-08-19,33698.0,33694.0,33695.0,33706.0,33702.0,YMU2,33825.0,33827.0,33820.0,33793.0,33737.0,-12.070469798657719,298.0,-12.1875,256.0,-12.094910591471802,727.0,-19.31346153846154,-0.11703020134228126,7.125961538461539,-4.0,-8.0,1.0,12.0,2022,1.062240663900415
2022-08-22,33044.0,33070.0,33080.0,33081.0,33002.0,YMU2,33354.0,33297.0,33288.0,33321.0,33299.0,-9.0,9.0,-7.8901098901098905,455.0,-7.911637931034483,464.0,-12.1875,1.1098901098901095,4.2973901098901095,26.0,68.0,10.0,11.0,2022,1.911764705882353
2022-08-23,32925.0,32901.0,32885.0,32884.0,32950.0,YMU2,33041.0,33015.0,33056.0,32988.0,33036.0,-10.0,300.0,-11.067088607594936,1580.0,-10.867829587386783,2981.0,-7.8901098901098905,-1.0670886075949362,-3.1769787174850457,-24.0,-49.0,-16.0,-17.0,2022,6.100386100386101
2022-08-24,33002.0,32969.0,32993.0,32930.0,33014.0,YMU2,32870.0,32872.0,32824.0,32905.0,32858.0,-13.75,400.0,-14.0,800.0,-13.96774193548387,3100.0,-11.067088607594936,-0.25,-2.932911392405064,-33.0,-45.0,24.0,-39.0,2022,3.0131826741996233
2022-08-25,33219.0,33285.0,33249.0,33236.0,33212.0,YMU2,32978.0,32977.0,32882.0,32910.0,33039.0,-22.0,1491.0,-22.852140077821012,771.0,-22.179410158383398,3662.0,-14.0,-0.8521400778210122,-8.852140077821012,66.0,73.0,-36.0,-49.0,2022,2.8345588235294117
2022-08-26,32316.0,32261.0,32244.0,32257.0,32314.0,YMU2,33384.0,33320.0,33327.0,33299.0,33326.0,-25.0,1000.0,-25.240406320541762,886.0,-25.208451848841936,2461.0,-22.852140077821012,-0.24040632054176214,-2.38826624272075,-55.0,-53.0,-17.0,-4.0,2022,3.136283185840708
2022-08-29,32163.0,32075.0,32088.0,32074.0,32211.0,YMU2,32048.0,32019.0,32067.0,32024.0,32038.0,-26.854907539118066,703.0,-28.06451612903226,341.0,-27.235347159603247,1109.0,-25.240406320541762,-1.2096085899141933,-2.8241098084904976,-88.0,-136.0,13.0,-1.0,2022,1.2070796460176991
2022-08-30,31726.0,31770.0,31778.0,31783.0,31798.0,YMU2,32174.0,32165.0,32156.0,32082.0,32048.0,-27.098825831702545,1022.0,-28.645833333333336,528.0,-27.671726755218216,1581.0,-28.06451612903226,-1.547007501630791,-0.5813172043010759,44.0,-28.0,8.0,13.0,2022,1.7898305084745763
2022-08-31,31665.0,31528.0,31524.0,31541.0,31682.0,YMU2,31869.0,31811.0,31763.0,31917.0,31832.0,8.417536534446764,958.0,7.443262411347518,282.0,8.155237377543331,1327.0,-28.645833333333336,-0.9742741230992467,36.089095744680854,-137.0,-154.0,-4.0,13.0,2022,0.94
2022-09-01,31494.0,31660.0,31643.0,31649.0,31524.0,YMU2,31381.0,31380.0,31313.0,31364.0,31386.0,2.776758409785933,327.0,2.857142857142857,700.0,2.6201888162672478,1377.0,7.443262411347518,0.0803844473569244,-4.586119554204661,166.0,136.0,-17.0,-11.0,2022,2.3728813559322033
2022-09-02,31242.0,31327.0,31349.0,31344.0,31184.0,YMU2,31929.0,31927.0,31783.0,31759.0,31782.0,-0.6721311475409836,610.0,0.9705882352941176,102.0,-0.2566006600660066,1212.0,2.857142857142857,1.6427193828351012,-1.8865546218487395,85.0,143.0,22.0,17.0,2022,0.34576271186440677
2022-09-06,31167.0,31168.0,31149.0,31131.0,31188.0,YMU2,31475.0,31392.0,31439.0,31326.0,31267.0,2.0,3.0,1.0,4.0,1.1666666666666667,18.0,,-1.0,,1.0,-20.0,-19.0,-37.0,2022,0.013986013986013986
2022-09-07,31626.0,31582.0,31570.0,31566.0,31604.0,YMU2,31128.0,31110.0,31146.0,31268.0,31205.0,-3.0,100.0,-2.8181818181818183,11.0,-2.9642857142857144,112.0,1.0,0.18181818181818166,-3.8181818181818183,-44.0,-22.0,-12.0,-16.0,2022,0.03949730700179533
2022-09-08,31651.0,31764.0,31789.0,31786.0,31619.0,YMU2,31421.0,31410.0,31342.0,31492.0,31512.0,-4.157205240174672,458.0,-4.0495049504950495,101.0,-4.21155830753354,969.0,-2.8181818181818183,0.10770028967962286,-1.2313231323132312,113.0,145.0,25.0,22.0,2022,0.362657091561939
2022-09-14,31147.0,31246.0,31249.0,31228.0,31122.0,YMZ2,31266.0,31276.0,31193.0,31331.0,31319.0,109.85777126099707,1364.0,107.76104972375691,1448.0,108.65677761698022,4146.0,-4.0495049504950495,-2.096721537240157,111.81055467425196,99.0,124.0,3.0,-18.0,2022,5.199281867145422
2022-09-15,31042.0,31062.0,31103.0,31115.0,31028.0,YMZ2,31191.0,31186.0,31170.0,31213.0,31330.0,101.20287539936102,626.0,100.60671936758894,506.0,101.22554567502021,1237.0,107.76104972375691,-0.5961560317720824,-7.154330356167975,20.0,34.0,41.0,53.0,2022,1.8168761220825853
2022-09-16,30936.0,30911.0,30936.0,30961.0,30951.0,YMZ2,30715.0,30704.0,30663.0,30705.0,30688.0,100.0,14.0,103.39749155812832,2073.0,100.57958333333333,4800.0,100.60671936758894,3.3974915581283227,2.7907721905393856,-25.0,-40.0,25.0,50.0,2022,7.248251748251748
2022-09-19,31097.0,31129.0,31137.0,31121.0,31116.0,YMZ2,30658.0,30637.0,30711.0,30794.0,30843.0,93.93087557603687,217.0,99.44961240310077,129.0,97.06702412868633,746.0,103.39749155812832,5.518736827063904,-3.9478791550275503,32.0,13.0,8.0,-8.0,2022,0.43728813559322033
2022-09-20,30854.0,30807.0,30825.0,30857.0,30872.0,YMZ2,30878.0,30861.0,30841.0,30757.0,30742.0,90.4,5.0,91.0,7.0,90.95588235294117,68.0,99.44961240310077,0.5999999999999943,-8.449612403100772,-47.0,-65.0,18.0,50.0,2022,0.024475524475524476
2022-09-21,30355.0,30269.0,30257.0,30289.0,30373.0,YMZ2,30949.0,30961.0,30904.0,30938.0,30971.0,90.0,306.0,86.4813829787234,376.0,89.10872483221476,1490.0,91.0,-3.5186170212765973,-4.518617021276597,-86.0,-104.0,-12.0,20.0,2022,1.3146853146853146
2022-09-22,30368.0,30139.0,30150.0,30195.0,30289.0,YMZ2,30238.0,30244.0,30213.0,30128.0,30124.0,76.0,50.0,73.28571428571429,350.0,74.21428571428571,700.0,86.4813829787234,-2.714285714285708,-13.195668693009111,-229.0,-150.0,11.0,56.0,2022,1.1864406779661016
2022-09-23,29611.0,29663.0,29655.0,29637.0,29648.0,YMZ2,29862.0,29867.0,29821.0,29807.0,29742.0,69.16666666666667,30.0,69.635,400.0,69.61059907834101,434.0,73.28571428571429,0.4683333333333337,-3.6507142857142867,52.0,15.0,-8.0,-26.0,2022,1.3333333333333333
2022-09-26,29446.0,29348.0,29303.0,29312.0,29411.0,YMZ2,29591.0,29524.0,29591.0,29523.0,29585.0,64.82389937106919,159.0,66.76785714285714,112.0,65.84734133790738,583.0,69.635,1.9439577717879502,-2.8671428571428663,-98.0,-63.0,-45.0,-36.0,2022,0.3494539781591264
2022-09-27,29181.0,29203.0,29167.0,29223.0,29191.0,YMZ2,29576.0,29548.0,29611.0,29687.0,29594.0,64.0,1.0,63.534946236559136,372.0,63.69808027923211,573.0,66.76785714285714,-0.4650537634408636,-3.2329109062980024,22.0,12.0,-36.0,20.0,2022,1.1606864274570983
2022-09-28,29862.0,29752.0,29749.0,29769.0,29845.0,YMZ2,29351.0,29316.0,29232.0,29293.0,29287.0,64.01503759398496,399.0,67.2358803986711,903.0,66.21200260926288,1533.0,63.534946236559136,3.220842804686143,3.700934162111963,-110.0,-93.0,-3.0,17.0,2022,2.8174726989079564
2022-09-29,29279.0,29290.0,29310.0,29315.0,29285.0,YMZ2,29531.0,29547.0,29455.0,29277.0,29262.0,55.0,25.0,51.17391304347826,115.0,51.857142857142854,140.0,67.2358803986711,-3.826086956521742,-16.06196735519284,11.0,5.0,20.0,25.0,2022,0.358814352574103
2022-10-03,29586.0,29543.0,29572.0,29563.0,29596.0,YMZ2,29144.0,29118.0,29068.0,29088.0,29080.0,52.382716049382715,243.0,51.12592592592593,270.0,52.11752577319588,970.0,53.525483304042176,-1.2567901234567884,-2.399557378116249,-43.0,-53.0,29.0,20.0,2022,0.9
2022-10-04,30302.0,30374.0,30386.0,30364.0,30298.0,YMZ2,29907.0,29920.0,30009.0,30116.0,30236.0,55.86538461538461,52.0,51.593548387096774,155.0,51.96341463414634,410.0,51.12592592592593,-4.271836228287839,0.4676224611708477,72.0,76.0,12.0,-10.0,2022,0.5166666666666667
2022-10-05,30405.0,30335.0,30357.0,30381.0,30431.0,YMZ2,30010.0,30023.0,30128.0,30101.0,30155.0,52.0,300.0,55.358024691358025,810.0,54.38673557278209,1161.0,51.593548387096774,3.3580246913580254,3.764476304261251,-70.0,-96.0,22.0,46.0,2022,2.7
2022-10-06,30001.0,29978.0,29992.0,29995.0,30005.0,YMZ2,30199.0,30195.0,30242.0,30329.0,30203.0,48.63157894736842,152.0,50.0,27.0,48.87412587412587,286.0,55.358024691358025,1.3684210526315823,-5.358024691358025,-23.0,-27.0,14.0,17.0,2022,0.09
2022-10-07,29294.0,29340.0,29339.0,29320.0,29322.0,YMZ2,29743.0,29726.0,29674.0,29578.0,29494.0,46.0,5.0,46.136150234741784,426.0,46.1350114416476,437.0,50.0,0.136150234741784,-3.863849765258216,46.0,18.0,-1.0,-20.0,2022,1.42
2022-10-11,29312.0,29272.0,29258.0,29292.0,29296.0,YMZ2,29185.0,29161.0,29181.0,29196.0,29171.0,43.00990099009901,202.0,38.099818511796734,551.0,39.43518518518518,756.0,46.08695652173913,-4.910082478302279,-7.987138009942399,-40.0,-24.0,-14.0,20.0,2022,1.719188767550702
2022-10-12,29332.0,29255.0,29268.0,29285.0,29369.0,YMZ2,29281.0,29283.0,29213.0,29407.0,29403.0,40.15555555555556,45.0,41.160469667318985,511.0,40.88254665203073,911.0,38.099818511796734,1.0049141117634264,3.060651155522251,-77.0,-114.0,13.0,30.0,2022,1.594383775351014
2022-10-13,30116.0,30091.0,30107.0,30102.0,30104.0,YMZ2,28711.0,28743.0,28831.0,28740.0,28982.0,36.490196078431374,510.0,42.983050847457626,1003.0,41.2042842215256,1914.0,41.160469667318985,6.492854769026252,1.8225811801386413,-25.0,-13.0,16.0,11.0,2022,2.9030390738060783
2022-10-14,29755.0,29719.0,29701.0,29712.0,29772.0,YMZ2,30356.0,30301.0,30273.0,30260.0,30275.0,39.0431654676259,139.0,34.189655172413794,174.0,36.8485401459854,548.0,42.983050847457626,-4.853510295212104,-8.793395675043833,-36.0,-53.0,-18.0,-7.0,2022,0.481994459833795
2022-10-17,30261.0,30238.0,30258.0,30290.0,30306.0,YMZ2,30095.0,30121.0,30230.0,30308.0,30174.0,40.56134723336007,1247.0,40.94124559341951,851.0,40.812849162011176,3938.0,34.189655172413794,0.37989836005944255,6.751590421005716,-23.0,-68.0,20.0,52.0,2022,2.3573407202216066
2022-10-18,30544.0,30584.0,30630.0,30625.0,30558.0,YMZ2,30807.0,30862.0,30804.0,30782.0,30738.0,35.113207547169814,106.0,36.99667221297837,601.0,36.484641638225256,1758.0,40.94124559341951,1.8834646658085532,-3.944573380441142,40.0,26.0,46.0,41.0,2022,1.606951871657754
2022-10-19,30407.0,30459.0,30509.0,30504.0,30421.0,YMZ2,30452.0,30471.0,30622.0,30559.0,30511.0,33.65584415584416,154.0,28.779411764705884,136.0,30.721212121212126,495.0,36.99667221297837,-4.876432391138273,-8.217260448272484,52.0,38.0,50.0,45.0,2022,0.35051546391752575
2022-10-20,30376.0,30351.0,30376.0,30405.0,30362.0,YMZ2,30531.0,30499.0,30532.0,30547.0,30599.0,31.995332555425904,1714.0,27.555837563451778,788.0,30.674668577570763,2791.0,28.779411764705884,-4.439494991974126,-1.223574201254106,-25.0,-11.0,25.0,54.0,2022,2.106951871657754
2022-10-21,31137.0,31127.0,31128.0,31122.0,31146.0,YMZ2,30317.0,30338.0,30306.0,30483.0,30724.0,31.609756097560975,656.0,42.85458937198068,2070.0,39.333917104495036,3426.0,27.555837563451778,11.244833274419705,15.298751808528902,-10.0,-19.0,1.0,-5.0,2022,5.53475935828877
2022-10-24,31539.0,31548.0,31530.0,31524.0,31554.0,YMZ2,31315.0,31287.0,31358.0,31395.0,31528.0,38.32380952380952,210.0,37.392717815344604,769.0,37.68156424581006,1253.0,42.85458937198068,-0.9310917084649191,-5.461871556636076,9.0,-6.0,-18.0,-24.0,2022,1.981958762886598
2022-10-25,31887.0,31879.0,31864.0,31858.0,31897.0,YMZ2,31480.0,31465.0,31523.0,31523.0,31727.0,36.21660649819495,831.0,38.34,350.0,36.952816901408454,1420.0,37.392717815344604,2.1233935018050545,0.9472821846553998,-8.0,-18.0,-15.0,-21.0,2022,0.9020618556701031
2022-10-26,31925.0,31879.0,31908.0,31938.0,31944.0,YMZ2,31791.0,31832.0,31949.0,31852.0,31867.0,34.51986183074266,579.0,35.369369369369366,222.0,34.690451206715636,953.0,38.34,0.8495075386267033,-2.9706306306306374,-46.0,-65.0,29.0,59.0,2022,0.5935828877005348
2022-10-27,32124.0,32082.0,32032.0,31952.0,32142.0,YMZ2,32191.0,32186.0,32259.0,32295.0,32168.0,30.990196078431378,204.0,30.037094281298298,1294.0,30.329192546583855,1771.0,35.369369369369366,-0.9531017971330797,-5.332275088071068,-42.0,-60.0,-50.0,-130.0,2022,3.4598930481283423
2022-10-28,32876.0,32892.0,32925.0,32908.0,32891.0,YMZ2,32201.0,32204.0,32357.0,32441.0,32455.0,30.38079827400216,927.0,32.994957983193274,595.0,31.567841880341884,1872.0,30.037094281298298,2.6141597091911137,2.9578637018949756,16.0,1.0,33.0,16.0,2022,1.5909090909090908
2022-10-31,32812.0,32774.0,32763.0,32775.0,32847.0,YMZ2,32744.0,32719.0,32773.0,32801.0,32627.0,26.01904761904762,105.0,29.125813449023866,461.0,28.415,600.0,32.994957983193274,3.106765829976247,-3.8691445341694077,-38.0,-73.0,-11.0,1.0,2022,1.232620320855615
2022-11-01,32736.0,32679.0,32659.0,32638.0,32710.0,YMZ2,32977.0,32966.0,32991.0,32956.0,32856.0,30.000000000000004,50.0,32.375,144.0,31.302013422818792,298.0,29.125813449023866,2.3749999999999964,3.249186550976134,-57.0,-31.0,-20.0,-41.0,2022,0.3711340206185567
2022-11-02,32292.0,32165.0,32150.0,32153.0,32329.0,YMZ2,32617.0,32580.0,32601.0,32560.0,32537.0,27.0,200.0,22.90234375,512.0,25.204344874405976,1473.0,32.375,-4.09765625,-9.47265625,-127.0,-164.0,-15.0,-12.0,2022,1.3195876288659794
2022-11-03,32082.0,32006.0,32030.0,32051.0,32115.0,YMZ2,31970.0,31955.0,31975.0,31981.0,31766.0,12.996047430830039,253.0,11.0,51.0,12.193384223918574,393.0,22.90234375,-1.996047430830039,-11.90234375,-76.0,-109.0,24.0,45.0,2022,0.13144329896907217
2022-11-04,32378.0,32433.0,32445.0,32417.0,32380.0,YMZ2,32352.0,32370.0,32360.0,32206.0,32310.0,12.0,2.0,11.038194444444445,576.0,10.807909604519773,708.0,11.0,-0.9618055555555554,0.03819444444444464,55.0,53.0,12.0,-16.0,2022,1.5401069518716577
2022-11-07,32857.0,32848.0,32832.0,32836.0,32855.0,YMZ2,32540.0,32519.0,32557.0,32546.0,32464.0,9.826446280991735,121.0,9.28,350.0,9.457556935817806,483.0,11.038194444444445,-0.5464462809917361,-1.7581944444444453,-9.0,-7.0,-16.0,-12.0,2022,0.9020618556701031
2022-11-08,33261.0,33176.0,33127.0,33078.0,33245.0,YMZ2,32958.0,32956.0,32940.0,32972.0,33011.0,7.0,58.0,6.342105263157895,304.0,6.369620253164557,395.0,9.28,-0.6578947368421053,-2.9378947368421047,-85.0,-69.0,-49.0,-98.0,2022,0.7835051546391752
2022-11-09,32495.0,32530.0,32557.0,32538.0,32539.0,YMZ2,32973.0,32963.0,32944.0,32903.0,32890.0,9.0,7.0,11.933673469387756,196.0,11.836795252225519,337.0,6.342105263157895,2.933673469387756,5.591568206229861,35.0,-9.0,27.0,8.0,2022,0.5051546391752577
2022-11-10,33666.0,33715.0,33733.0,33743.0,33659.0,YMZ2,33403.0,33412.0,33235.0,33274.0,33420.0,12.971428571428572,35.0,14.04360902255639,665.0,13.920924574209245,822.0,11.933673469387756,1.072180451127819,2.1099355531686346,49.0,56.0,18.0,28.0,2022,1.7139175257731958
2022-11-11,33809.0,33772.0,33762.0,33757.0,33805.0,YMZ2,33806.0,33817.0,33739.0,33597.0,33642.0,14.740000000000002,50.0,17.659574468085108,799.0,17.46487119437939,854.0,14.04360902255639,2.9195744680851057,3.615965445528717,-37.0,-33.0,-10.0,-15.0,2022,1.9346246973365617
2022-11-14,33689.0,33569.0,33591.0,33603.0,33741.0,YMZ2,33691.0,33665.0,33734.0,33742.0,33782.0,15.89795918367347,49.0,13.54863813229572,257.0,14.33029197080292,548.0,17.659574468085108,-2.34932105137775,-4.110936335789388,-120.0,-172.0,22.0,34.0,2022,0.6222760290556901
2022-11-15,33611.0,33613.0,33628.0,33621.0,33671.0,YMZ2,33863.0,33832.0,33926.0,33889.0,33888.0,10.5,2.0,9.997109826589595,346.0,10.0,667.0,13.54863813229572,-0.502890173410405,-3.5515283057061247,2.0,-58.0,15.0,8.0,2022,0.837772397094431
2022-11-16,33608.0,33596.0,33614.0,33630.0,33619.0,YMZ2,33554.0,33551.0,33649.0,33643.0,33612.0,26.047619047619047,210.0,24.91891891891892,185.0,25.582132564841498,694.0,9.997109826589595,-1.1287001287001281,14.921809092329324,-12.0,-23.0,18.0,34.0,2022,0.44794188861985473
2022-11-17,33548.0,33588.0,33569.0,33576.0,33487.0,YMZ2,33248.0,33252.0,33342.0,33342.0,33297.0,32.14035087719298,285.0,31.69777777777778,225.0,32.37748344370861,906.0,24.91891891891892,-0.44257309941519907,6.778858858858861,40.0,101.0,-19.0,-12.0,2022,0.5447941888619855
2022-11-18,33805.0,33774.0,33754.0,33730.0,33791.0,YMZ2,33740.0,33787.0,33747.0,33700.0,33678.0,25.847457627118644,236.0,24.0,100.0,25.297619047619047,336.0,31.69777777777778,-1.8474576271186436,-7.69777777777778,-31.0,-17.0,-20.0,-44.0,2022,0.25773195876288657
2022-11-21,33744.0,33737.0,33733.0,33737.0,33725.0,YMZ2,33801.0,33794.0,33823.0,33763.0,33795.0,30.11971830985916,852.0,29.916967509025277,554.0,30.043631245601695,1421.0,24.0,-0.20275080083388275,5.916967509025277,-7.0,12.0,-4.0,0.0,2022,1.481283422459893
2022-11-22,34113.0,34122.0,34121.0,34122.0,34109.0,YMZ2,33914.0,33912.0,33928.0,33893.0,33931.0,24.1869918699187,246.0,23.6,250.0,23.891129032258064,496.0,29.916967509025277,-0.5869918699186982,-6.316967509025275,9.0,13.0,-1.0,0.0,2022,0.6443298969072165
2022-11-23,34176.0,34217.0,34213.0,34222.0,34210.0,YMZ2,34077.0,34085.0,34197.0,34175.0,34214.0,12.0,300.0,13.150943396226415,159.0,12.519795657726693,783.0,23.6,1.150943396226415,-10.449056603773586,41.0,7.0,-4.0,5.0,2022,0.42513368983957217
2022-11-28,33810.0,33859.0,33867.0,33877.0,33858.0,YMZ2,34135.0,34172.0,34282.0,34221.0,34206.0,6.25,4.0,6.080831408775982,433.0,6.460059171597633,676.0,,-0.16916859122401817,,49.0,1.0,8.0,18.0,2022,1.1994459833795015
2022-11-29,33843.0,33855.0,33861.0,33835.0,33831.0,YMZ2,33819.0,33795.0,33912.0,33806.0,33813.0,6.202020202020202,495.0,9.0,22.0,6.552870090634441,662.0,6.080831408775982,2.7979797979797976,2.919168591224018,12.0,24.0,6.0,-20.0,2022,0.060941828254847646
2022-11-30,34470.0,34610.0,34581.0,34605.0,34478.0,YMZ2,33862.0,33871.0,33909.0,33875.0,33815.0,45.0,84.0,45.73360655737705,488.0,45.1786941580756,873.0,9.0,0.7336065573770512,36.73360655737705,140.0,132.0,-29.0,-5.0,2022,1.3942857142857144
2022-12-01,34438.0,34428.0,34397.0,34411.0,34492.0,YMZ2,34658.0,34658.0,34554.0,34516.0,34539.0,33.51141552511415,219.0,32.70774647887324,284.0,32.42258883248731,788.0,45.73360655737705,-0.8036690462409126,-13.025860078503811,-10.0,-64.0,-31.0,-17.0,2022,0.8114285714285714
2022-12-02,34397.0,34462.0,34446.0,34437.0,34424.0,YMZ2,34054.0,34075.0,34200.0,34135.0,34150.0,40.0,251.0,40.82208588957055,326.0,40.647662485746864,877.0,32.70774647887324,0.8220858895705518,8.114339410697312,65.0,38.0,-16.0,-25.0,2022,0.9314285714285714
2022-12-05,33962.0,33981.0,33982.0,33993.0,33957.0,YMZ2,34232.0,34225.0,34285.0,34255.0,34184.0,33.92307692307692,208.0,35.97841726618705,139.0,35.881727158948685,1598.0,40.82208588957055,2.0553403431101316,-4.8436686233835005,19.0,24.0,1.0,12.0,2022,0.39714285714285713
2022-12-06,33633.0,33626.0,33615.0,33638.0,33604.0,YMZ2,33947.0,33958.0,34025.0,33920.0,33900.0,31.970588235294116,102.0,32.166666666666664,132.0,32.06751054852321,237.0,35.97841726618705,0.19607843137254832,-3.811750599520387,-7.0,22.0,-11.0,12.0,2022,0.37714285714285717
2022-12-07,33598.0,33618.0,33616.0,33610.0,33583.0,YMZ2,33622.0,33593.0,33635.0,33623.0,33585.0,30.9738219895288,191.0,30.841269841269845,63.0,30.859848484848488,264.0,32.166666666666664,-0.13255214825895578,-1.325396825396819,20.0,35.0,-2.0,-8.0,2022,0.1810344827586207
2022-12-08,33717.0,33800.0,33815.0,33817.0,33743.0,YMZ2,33732.0,33733.0,33733.0,33736.0,33873.0,27.97841726618705,139.0,27.043478260869566,230.0,27.77314343845371,983.0,30.841269841269845,-0.9349390053174851,-3.797791580400279,83.0,57.0,15.0,17.0,2022,0.6609195402298851
2022-12-14,34228.0,34219.0,34268.0,34295.0,34229.0,YMH3,34392.0,34389.0,34466.0,34454.0,34542.0,276.79545454545456,88.0,268.92213740458016,655.0,269.8523489932886,745.0,27.043478260869566,-7.873317140874406,241.8786591437106,-9.0,-10.0,49.0,76.0,2022,1.882183908045977
2022-12-15,33378.0,33440.0,33443.0,33432.0,33386.0,YMH3,33871.0,33846.0,33808.0,33763.0,33581.0,239.9107142857143,112.0,228.53365384615387,208.0,232.88399071925758,431.0,268.92213740458016,-11.377060439560438,-40.38848355842629,62.0,54.0,3.0,-8.0,2022,0.5942857142857143
2022-12-16,33171.0,33115.0,33082.0,33102.0,33167.0,YMH3,33062.0,33156.0,33196.0,33213.0,33260.0,221.76470588235293,17.0,215.69325153374234,163.0,217.46547314578004,782.0,228.53365384615387,-6.071454348610587,-12.840402312411527,-56.0,-52.0,-33.0,-13.0,2022,0.4657142857142857
2022-12-19,32911.0,32961.0,32944.0,32964.0,32891.0,YMH3,33129.0,33119.0,33122.0,33169.0,33148.0,214.16846361185983,1484.0,208.30666666666667,150.0,213.63058103975536,1635.0,215.69325153374234,-5.861796945193163,-7.386584867075669,50.0,70.0,-17.0,3.0,2022,0.43103448275862066
2022-12-20,33114.0,33053.0,33041.0,33066.0,33115.0,YMH3,32945.0,32982.0,32965.0,32910.0,33000.0,208.2,250.0,208.9699248120301,133.0,208.99829351535837,586.0,208.30666666666667,0.7699248120300979,0.6632581453634145,-61.0,-62.0,-12.0,13.0,2022,0.3958333333333333
2022-12-21,33548.0,33569.0,33578.0,33592.0,33536.0,YMH3,33369.0,33373.0,33345.0,33340.0,33338.0,203.51456310679612,206.0,200.46728971962617,214.0,201.96694214876032,484.0,208.9699248120301,-3.0472733871699518,-8.50263509240392,21.0,33.0,9.0,23.0,2022,0.6793650793650794
2022-12-22,33131.0,33213.0,33221.0,33184.0,33100.0,YMH3,33358.0,33346.0,33255.0,33229.0,33240.0,180.49076517150397,1516.0,176.75629139072848,1510.0,179.13646788990826,3488.0,200.46728971962617,-3.734473780775488,-23.710998328897688,82.0,113.0,8.0,-29.0,2022,4.7936507936507935
2022-12-23,33354.0,33388.0,33373.0,33360.0,33335.0,YMH3,33186.0,33149.0,33151.0,33113.0,33026.0,180.16943521594683,602.0,183.54347826086956,552.0,181.5825958702065,1356.0,176.75629139072848,3.374043044922729,6.787186870141085,34.0,53.0,-15.0,-28.0,2022,1.6428571428571428
2022-12-27,33451.0,33420.0,33418.0,33429.0,33450.0,YMH3,33440.0,33415.0,33382.0,33372.0,33310.0,180.8323353293413,167.0,176.0,300.0,178.17252931323284,597.0,183.54347826086956,-4.832335329341305,-7.543478260869563,-31.0,-30.0,-2.0,9.0,2022,0.8928571428571429
2022-12-28,33072.0,33041.0,33035.0,33069.0,33046.0,YMH3,33457.0,33445.0,33507.0,33501.0,33455.0,174.25,400.0,170.26582278481013,79.0,173.7810320781032,717.0,176.0,-3.9841772151898738,-5.734177215189874,-31.0,-5.0,-6.0,28.0,2022,0.2507936507936508
2022-12-29,33401.0,33380.0,33373.0,33390.0,33397.0,YMH3,33216.0,33214.0,33228.0,33279.0,33293.0,158.0,100.0,160.0,299.0,159.50124688279303,401.0,170.26582278481013,2.0,-10.265822784810126,-21.0,-17.0,-7.0,10.0,2022,0.9900662251655629
2022-12-30,33263.0,33292.0,33286.0,33288.0,33207.0,YMH3,33240.0,33233.0,33251.0,33204.0,33157.0,148.0,114.0,150.38910505836577,1028.0,149.2463295269168,2452.0,160.0,2.3891050583657716,-9.610894941634228,29.0,85.0,-6.0,-4.0,2022,3.403973509933775
2023-01-03,33254.0,33267.0,33223.0,33236.0,33222.0,YMH3,33428.0,33397.0,33395.0,33453.0,33175.0,140.6,5.0,140.0,2.0,141.675,40.0,150.38910505836577,-0.5999999999999943,-10.389105058365772,13.0,45.0,-44.0,-31.0,2023,0.006622516556291391
2023-01-04,33289.0,33409.0,33411.0,33404.0,33228.0,YMH3,33370.0,33410.0,33365.0,33369.0,33435.0,145.99074074074073,108.0,145.3360655737705,488.0,145.54502369668248,633.0,140.0,-0.654675166970236,5.336065573770497,120.0,181.0,2.0,-5.0,2023,1.6293823038397328
2023-01-05,33062.0,33068.0,33081.0,33072.0,33070.0,YMH3,33186.0,33241.0,33134.0,33043.0,33063.0,138.0,1.0,142.0,30.0,141.8709677419355,31.0,145.3360655737705,4.0,-3.3360655737704974,6.0,-2.0,13.0,4.0,2023,0.09933774834437085
2023-01-06,33797.0,33771.0,33751.0,33775.0,33820.0,YMH3,33355.0,33363.0,33441.0,33197.0,33225.0,141.6427178153446,3076.0,143.0,100.0,141.81810141509433,3392.0,142.0,1.3572821846553893,1.0,-26.0,-49.0,-20.0,4.0,2023,0.33112582781456956
2023-01-09,33668.0,33668.0,33661.0,33651.0,33703.0,YMH3,33914.0,33909.0,33904.0,33915.0,33912.0,144.7058823529412,17.0,146.87775551102203,499.0,146.76091081593927,527.0,143.0,2.1718731580808424,3.8777555110220305,0.0,-35.0,-7.0,-17.0,2023,1.6523178807947019
2023-01-10,33794.0,33856.0,33838.0,33842.0,33773.0,YMH3,33621.0,33633.0,33721.0,33728.0,33701.0,138.5,4.0,141.3846153846154,195.0,140.82758620689654,319.0,146.87775551102203,2.884615384615387,-5.493140126406644,62.0,83.0,-18.0,-14.0,2023,0.6456953642384106
2023-01-11,34054.0,34106.0,34100.0,34103.0,34038.0,YMH3,33952.0,33973.0,33963.0,33995.0,33919.0,137.15021459227466,1165.0,139.3926380368098,815.0,138.06290672451192,2305.0,141.3846153846154,2.2424234445351487,-1.9919773478055731,52.0,68.0,-6.0,-3.0,2023,2.698675496688742
2023-01-12,34245.0,34313.0,34301.0,34317.0,34277.0,YMH3,34205.0,34193.0,34055.0,33967.0,34034.0,121.75572519083971,393.0,124.0769230769231,26.0,122.9807497467072,987.0,139.3926380368098,2.3211978860833824,-15.31571495988672,68.0,36.0,-12.0,4.0,2023,0.08609271523178808
2023-01-13,34423.0,34415.0,34398.0,34404.0,34442.0,YMH3,34019.0,34019.0,34114.0,34147.0,34212.0,115.94988610478362,439.0,117.21192052980135,453.0,116.60563380281693,1420.0,124.0769230769231,1.262034425017731,-6.8650025471217475,-8.0,-27.0,-17.0,-11.0,2023,1.5125208681135225
2023-01-17,34003.0,34023.0,34024.0,34008.0,34021.0,YMH3,34313.0,34341.0,34306.0,34248.0,34220.0,113.64538395168249,1159.0,111.64398881640261,1073.0,112.60185185185185,2484.0,,-2.0013951352798784,,20.0,2.0,1.0,-15.0,2023,3.5826377295492486
2023-01-18,33395.0,33393.0,33377.0,33386.0,33410.0,YMH3,34078.0,34054.0,34054.0,34063.0,34067.0,104.36250968241673,1291.0,102.23820224719101,445.0,103.73336881319851,1879.0,111.64398881640261,-2.1243074352257167,-9.4057865692116,-2.0,-17.0,-16.0,-7.0,2023,1.4858096828046745
2023-01-19,33214.0,33148.0,33155.0,33152.0,33215.0,YMH3,33160.0,33186.0,33198.0,33199.0,33201.0,100.3194706994329,529.0,99.89887640449439,445.0,100.02088772845953,1149.0,102.23820224719101,-0.4205942949385104,-2.339325842696624,-66.0,-67.0,7.0,4.0,2023,1.4735099337748345
2023-01-20,33430.0,33472.0,33467.0,33455.0,33414.0,YMH3,33162.0,33180.0,33055.0,33105.0,33080.0,92.90044247787611,2260.0,97.47104247104247,518.0,93.79603891591383,2878.0,99.89887640449439,4.570599993166354,-2.4278339334519217,42.0,58.0,-5.0,-17.0,2023,1.7152317880794703
2023-01-23,33692.0,33720.0,33706.0,33715.0,33692.0,YMH3,33562.0,33575.0,33431.0,33443.0,33530.0,95.8955007256894,689.0,96.5,300.0,96.13663535439795,1171.0,97.47104247104247,0.6044992743105979,-0.9710424710424661,28.0,28.0,-14.0,-5.0,2023,0.9933774834437086
2023-01-24,33771.0,33808.0,33871.0,33867.0,33766.0,YMH3,33571.0,33593.0,33548.0,33555.0,33529.0,89.5,2.0,91.33047945205479,584.0,91.18952062430323,897.0,96.5,1.8304794520547887,-5.169520547945211,37.0,42.0,63.0,59.0,2023,1.9337748344370862
2023-01-25,33777.0,33829.0,33821.0,33847.0,33788.0,YMH3,33552.0,33521.0,33576.0,33599.0,33506.0,86.28571428571429,420.0,87.42592592592592,324.0,86.61310782241014,946.0,91.33047945205479,1.140211640211632,-3.904553526128865,52.0,41.0,-8.0,18.0,2023,1.0728476821192052
2023-01-26,33970.0,34020.0,34009.0,34026.0,33953.0,YMH3,33944.0,33924.0,33931.0,33908.0,33803.0,72.02247191011236,356.0,75.68087697929354,821.0,74.1340782122905,1611.0,87.42592592592592,3.6584050691811854,-11.74504894663238,50.0,67.0,-11.0,6.0,2023,2.718543046357616
2023-01-27,34110.0,34046.0,34020.0,34022.0,34156.0,YMH3,34024.0,34027.0,33995.0,34042.0,34088.0,71.13689700130378,767.0,75.58677685950413,242.0,72.23394055608821,1043.0,75.68087697929354,4.449879858200347,-0.09410011978941668,-64.0,-110.0,-26.0,-24.0,2023,0.8013245033112583
2023-01-30,33806.0,33790.0,33817.0,33838.0,33822.0,YMH3,33916.0,33928.0,33964.0,33997.0,34044.0,68.40294117647059,340.0,68.62512562814071,995.0,68.56961077844312,1336.0,75.58677685950413,0.2221844516701168,-6.961651231363419,-16.0,-32.0,27.0,48.0,2023,3.316666666666667
2023-01-31,34037.0,34159.0,34109.0,34143.0,34039.0,YMH3,33850.0,33835.0,33790.0,33808.0,33770.0,63.98684210526316,76.0,67.44186046511628,86.0,65.32432432432432,333.0,68.62512562814071,3.4550183598531206,-1.18326516302443,122.0,120.0,-50.0,-16.0,2023,0.2847682119205298
2023-02-02,34019.0,34106.0,34048.0,34064.0,34017.0,YMH3,34183.0,34193.0,34066.0,33891.0,33953.0,47.91327551701134,1499.0,48.16443594646272,523.0,47.92942254812099,2182.0,63.616129032258065,0.2511604294513745,-15.451693085795348,87.0,89.0,-58.0,-42.0,2023,1.7433333333333334
2023-02-03,33904.0,33959.0,33961.0,33952.0,33916.0,YMH3,33876.0,33931.0,33958.0,34006.0,33945.0,44.06826241134752,2256.0,42.0452380952381,420.0,43.57975167144222,3141.0,48.16443594646272,-2.023024316109421,-6.1191978512246195,55.0,43.0,2.0,-7.0,2023,1.4
2023-02-06,33898.0,33924.0,33913.0,33923.0,33910.0,YMH3,33819.0,33822.0,33892.0,33792.0,33828.0,40.0,1025.0,39.332179930795846,289.0,39.85087055261166,1321.0,42.0452380952381,-0.6678200692041543,-2.713058164442252,26.0,14.0,-11.0,-1.0,2023,0.9633333333333334
2023-02-08,33954.0,33985.0,33982.0,33975.0,33994.0,YMH3,34104.0,34073.0,34087.0,34141.0,34177.0,30.502495840266228,601.0,27.453793103448277,725.0,29.115252293577985,1744.0,34.98407643312102,-3.048702736817951,-7.530283329672741,31.0,-9.0,-3.0,-10.0,2023,2.4166666666666665
2023-02-09,33723.0,33737.0,33755.0,33723.0,33729.0,YMH3,34193.0,34221.0,34219.0,34218.0,34197.0,28.72390891840607,1054.0,29.67919637070642,3086.0,29.000507013689376,5917.0,27.453793103448277,0.9552874523003503,2.2254032672581445,14.0,8.0,18.0,-14.0,2023,10.286666666666667
2023-02-10,33908.0,33894.0,33896.0,33889.0,33882.0,YMH3,33671.0,33691.0,33730.0,33667.0,33699.0,24.583979328165373,387.0,26.97222222222222,1332.0,26.466157205240176,1832.0,29.67919637070642,2.388242894056848,-2.7069741484842,-14.0,12.0,2.0,-5.0,2023,4.410596026490066
2023-02-14,34202.0,34130.0,34093.0,34082.0,34197.0,YMH3,34174.0,34164.0,34082.0,34114.0,34253.0,34.29965357967667,1732.0,35.3696682464455,633.0,34.28767593546172,2913.0,25.739055793991415,1.0700146667688273,9.630612452454084,-72.0,-67.0,-37.0,-48.0,2023,2.096026490066225
2023-02-15,34138.0,34178.0,34173.0,34185.0,34113.0,YMH3,33945.0,33950.0,33951.0,33974.0,33922.0,47.0,198.0,49.72781065088758,338.0,48.71135940409683,537.0,35.3696682464455,2.7278106508875766,14.358142404442077,40.0,65.0,-5.0,7.0,2023,1.119205298013245
2023-02-16,33795.0,33737.0,33728.0,33732.0,33809.0,YMH3,33869.0,33842.0,33858.0,33846.0,33769.0,35.67783505154639,776.0,40.843031123139376,739.0,38.274931129476585,1815.0,49.72781065088758,5.165196071592987,-8.8847795277482,-58.0,-72.0,-9.0,-5.0,2023,2.3685897435897436
2023-02-17,33819.0,33869.0,33869.0,33862.0,33843.0,YMH3,33633.0,33611.0,33657.0,33607.0,33598.0,38.67567567567568,740.0,39.662100456621005,1095.0,39.309322033898304,1888.0,40.843031123139376,0.9864247809453275,-1.1809306665183712,50.0,26.0,0.0,-7.0,2023,3.3692307692307693
2023-02-21,33218.0,33166.0,33183.0,33181.0,33218.0,YMH3,33525.0,33505.0,33619.0,33564.0,33434.0,33.604504504504504,1110.0,31.497345132743362,565.0,32.84757505773672,2165.0,,-2.107159371761142,,-52.0,-52.0,17.0,15.0,2023,1.7384615384615385
2023-02-22,33012.0,33086.0,33091.0,33083.0,33006.0,YMH3,33216.0,33199.0,33198.0,33208.0,33202.0,28.124087591240876,137.0,27.89316239316239,468.0,27.9478672985782,633.0,31.497345132743362,-0.23092519807848433,-3.6041827395809705,74.0,80.0,5.0,-3.0,2023,1.44
2023-02-23,33191.0,33188.0,33172.0,33154.0,33209.0,YMH3,33176.0,33208.0,33184.0,33178.0,33273.0,22.033359809372516,1259.0,23.81904761904762,210.0,22.206500956022946,1569.0,27.89316239316239,1.7856878096751032,-4.074114774114772,-3.0,-21.0,-16.0,-34.0,2023,0.6325301204819277
2023-02-24,32780.0,32827.0,32803.0,32807.0,32797.0,YMH3,32777.0,32787.0,32821.0,32737.0,32718.0,13.344262295081966,305.0,15.987012987012987,154.0,14.235546038543896,467.0,23.81904761904762,2.6427506919310204,-7.832034632034633,47.0,30.0,-24.0,-20.0,2023,0.47384615384615386
2023-02-28,32678.0,32656.0,32637.0,32642.0,32679.0,YMH3,32907.0,32890.0,32786.0,32790.0,32766.0,21.385416666666668,864.0,22.851385390428213,794.0,22.086258179654966,1681.0,18.0,1.465968723761545,4.851385390428213,-22.0,-23.0,-19.0,-14.0,2023,2.443076923076923
2023-03-01,32721.0,32701.0,32680.0,32778.0,32708.0,YMH3,32627.0,32604.0,32654.0,32662.0,32711.0,32.84650805832694,1303.0,30.026548672566374,452.0,32.120091064314174,1757.0,22.851385390428213,-2.8199593857605656,7.175163282138161,-20.0,-7.0,-21.0,77.0,2023,1.3614457831325302
2023-03-02,33054.0,33029.0,33028.0,33032.0,33053.0,YMH3,32778.0,32746.0,32749.0,32710.0,32738.0,20.91823899371069,318.0,20.33502538071066,591.0,20.5625,1072.0,30.026548672566374,-0.58321361300003,-9.691523291855713,-25.0,-24.0,-1.0,3.0,2023,1.5593667546174141
2023-03-03,33382.0,33410.0,33412.0,33415.0,33382.0,YMH3,33144.0,33135.0,33092.0,33074.0,33146.0,18.702290076335878,131.0,18.5,28.0,18.715827338129497,278.0,20.33502538071066,-0.2022900763358777,-1.8350253807106611,28.0,28.0,2.0,5.0,2023,0.07387862796833773
2023-03-06,33446.0,33445.0,33454.0,33456.0,33446.0,YMH3,33445.0,33440.0,33480.0,33473.0,33465.0,14.54601226993865,163.0,13.914893617021276,940.0,14.007122507122507,1404.0,18.5,-0.6311186529173742,-4.585106382978724,-1.0,-1.0,9.0,11.0,2023,2.480211081794195
2023-03-07,32877.0,32868.0,32862.0,32864.0,32889.0,YMH3,33432.0,33442.0,33434.0,33414.0,33454.0,8.014778325123153,203.0,7.503597122302159,417.0,7.6537997587454765,829.0,13.914893617021276,-0.5111812028209943,-6.411296494719117,-9.0,-21.0,-6.0,-4.0,2023,0.977725674091442
2023-03-08,32821.0,32817.0,32815.0,32811.0,32807.0,YMH3,32887.0,32862.0,32885.0,32855.0,32882.0,16.989071038251367,183.0,15.413461538461538,104.0,16.086567164179105,335.0,7.503597122302159,-1.5756094997898291,7.90986441615938,-4.0,10.0,-2.0,-6.0,2023,0.24850657108721624
2023-03-09,32309.0,32262.0,32262.0,32252.0,32324.0,YMH3,32894.0,32925.0,32965.0,32941.0,32943.0,10.0,25.0,8.087248322147651,298.0,8.366762177650429,349.0,15.413461538461538,-1.9127516778523486,-7.326213216313887,-47.0,-62.0,0.0,-10.0,2023,0.7120669056152927
2023-03-15,31962.0,32117.0,32101.0,32087.0,31973.0,YMM3,31819.0,31826.0,31920.0,31981.0,31834.0,222.0,101.0,227.00492610837438,203.0,223.7536945812808,406.0,8.087248322147651,5.004926108374377,218.91767778622673,155.0,144.0,-16.0,-30.0,2023,0.5377483443708609
2023-03-16,32477.0,32494.0,32483.0,32486.0,32515.0,YMM3,31907.0,31907.0,31916.0,31907.0,31927.0,226.33970276008492,471.0,238.60000000000002,205.0,230.15330520393815,711.0,227.00492610837438,12.260297239915104,11.595073891625646,17.0,-21.0,-11.0,-8.0,2023,0.543046357615894
2023-03-17,32014.0,32079.0,32091.0,32075.0,32079.0,YMM3,32257.0,32302.0,32252.0,32272.0,32240.0,228.76636904761904,4704.0,223.9864559819413,443.0,228.39337121212122,5280.0,238.60000000000002,-4.779913065677732,-14.613544018058718,65.0,0.0,12.0,-4.0,2023,1.1735099337748345
2023-03-20,32465.0,32466.0,32473.0,32466.0,32431.0,YMM3,32155.0,32164.0,32256.0,32279.0,32420.0,221.6347926267281,1736.0,223.8361581920904,354.0,222.10915059499385,2437.0,223.9864559819413,2.2013655653622948,-0.15029778985089592,1.0,35.0,7.0,0.0,2023,0.8458781362007168
2023-03-21,32794.0,32796.0,32785.0,32783.0,32813.0,YMM3,32761.0,32780.0,32795.0,32744.0,32764.0,223.3770028275212,1061.0,226.0873786407767,206.0,223.72447552447554,1430.0,223.8361581920904,2.710375813255496,2.251220448686297,2.0,-17.0,-11.0,-13.0,2023,0.4922341696535245
2023-03-22,32486.0,32244.0,32275.0,32264.0,32538.0,YMM3,32797.0,32790.0,32761.0,32742.0,32769.0,223.30316490838422,1801.0,225.31428571428572,420.0,223.97238765565783,3694.0,226.0873786407767,2.0111208059014984,-0.7730929264909889,-242.0,-294.0,31.0,20.0,2023,1.003584229390681
2023-03-23,32319.0,32297.0,32308.0,32291.0,32278.0,YMM3,32297.0,32350.0,32436.0,32455.0,32444.0,207.88311688311688,1232.0,205.46971649484536,1552.0,206.70756999654338,2893.0,225.31428571428572,-2.4134003882715263,-19.84456921944036,-22.0,19.0,11.0,-6.0,2023,3.6952380952380954
2023-03-24,32379.0,32441.0,32440.0,32444.0,32411.0,YMM3,32078.0,32160.0,32109.0,32094.0,32138.0,193.98811881188118,505.0,198.0,83.0,194.74183976261128,674.0,205.46971649484536,4.011881188118821,-7.469716494845358,62.0,30.0,-1.0,3.0,2023,0.1976190476190476
2023-03-27,32661.0,32652.0,32674.0,32663.0,32685.0,YMM3,32668.0,32668.0,32720.0,32690.0,32660.0,194.95245641838352,631.0,198.47666666666666,300.0,196.0969116080937,939.0,198.0,3.52421024828314,0.47666666666665947,-9.0,-33.0,22.0,11.0,2023,0.7142857142857143
2023-03-29,32901.0,32913.0,32897.0,32904.0,32887.0,YMM3,32844.0,32872.0,32805.0,32838.0,32833.0,192.1904761904762,63.0,192.0,10.0,192.1389521640091,439.0,,-0.190476190476204,,12.0,26.0,-16.0,-9.0,2023,0.023809523809523808
2023-03-30,33022.0,33048.0,33042.0,33047.0,33038.0,YMM3,33100.0,33089.0,33058.0,33051.0,33028.0,183.69165705497886,2601.0,184.96428571428572,140.0,183.75801749271136,2744.0,192.0,1.2726286593068608,-7.035714285714278,26.0,10.0,-6.0,-1.0,2023,0.3333333333333333
2023-03-31,33385.0,33458.0,33466.0,33469.0,33374.0,YMM3,33175.0,33152.0,33204.0,33203.0,33215.0,186.07098121085596,958.0,188.0,25.0,187.10166358595194,1623.0,184.96428571428572,1.9290187891440382,3.0357142857142776,73.0,84.0,8.0,11.0,2023,0.05952380952380952
2023-04-03,33786.0,33783.0,33790.0,33784.0,33792.0,YMM3,33569.0,33553.0,33572.0,33674.0,33746.0,182.06451612903226,186.0,184.34615384615384,1300.0,184.05632040050062,1598.0,188.0,2.2816377171215834,-3.6538461538461604,-3.0,-9.0,7.0,1.0,2023,3.0952380952380953
2023-04-04,33535.0,33585.0,33591.0,33590.0,33525.0,YMM3,33793.0,33783.0,33793.0,33753.0,33767.0,183.01754385964912,57.0,181.40677966101694,59.0,182.16774193548386,155.0,184.34615384615384,-1.6107641986321823,-2.9393741851368986,50.0,60.0,6.0,5.0,2023,0.14047619047619048
2023-04-05,33650.0,33653.0,33651.0,33650.0,33672.0,YMM3,33555.0,33578.0,33611.0,33628.0,33692.0,172.327868852459,305.0,171.75,480.0,172.0873015873016,882.0,181.40677966101694,-0.5778688524590052,-9.656779661016941,3.0,-19.0,-2.0,-3.0,2023,1.146953405017921
2023-04-06,33642.0,33658.0,33654.0,33651.0,33625.0,YMM3,33584.0,33599.0,33602.0,33538.0,33520.0,171.33333333333334,300.0,174.8892857142857,280.0,172.90409207161125,782.0,171.75,3.5559523809523625,3.1392857142857054,16.0,33.0,-4.0,-7.0,2023,0.6666666666666666
2023-04-11,33865.0,33860.0,33860.0,33874.0,33897.0,YMM3,33798.0,33802.0,33792.0,33817.0,33776.0,166.0,300.0,170.0,136.0,167.24770642201835,436.0,174.4608788853162,4.0,-4.460878885316191,-5.0,-37.0,0.0,14.0,2023,0.3238095238095238
2023-04-12,33774.0,33825.0,33811.0,33799.0,33807.0,YMM3,34010.0,34020.0,34017.0,34017.0,33988.0,164.0,100.0,169.0,435.0,168.0388170055453,541.0,170.0,5.0,-1.0,51.0,18.0,-14.0,-26.0,2023,1.0357142857142858
2023-04-13,34176.0,34193.0,34193.0,34188.0,34198.0,YMM3,33868.0,33849.0,33826.0,33813.0,33802.0,155.0,2.0,159.61057692307693,832.0,159.56042654028437,844.0,169.0,4.610576923076934,-9.389423076923066,17.0,-5.0,0.0,-5.0,2023,1.980952380952381
2023-04-14,34037.0,34032.0,34032.0,34037.0,34042.0,YMM3,34171.0,34144.0,34158.0,34214.0,34197.0,153.33333333333334,300.0,153.0,155.0,152.43262411347519,705.0,159.61057692307693,-0.3333333333333428,-6.610576923076934,-5.0,-10.0,0.0,5.0,2023,0.36257309941520466
2023-04-17,34085.0,34136.0,34138.0,34137.0,34088.0,YMM3,34055.0,34058.0,34041.0,34074.0,34070.0,145.02325581395348,43.0,148.6,500.0,148.31675874769797,543.0,153.0,3.5767441860465112,-4.400000000000006,51.0,48.0,2.0,1.0,2023,1.1904761904761905
2023-04-18,34124.0,34117.0,34115.0,34103.0,34128.0,YMM3,34139.0,34130.0,34092.0,34085.0,34027.0,142.0,150.0,142.49253731343285,134.0,142.23239436619718,284.0,148.6,0.4925373134328481,-6.107462686567146,-7.0,-11.0,-2.0,-14.0,2023,0.3134502923976608
2023-04-19,33984.0,34034.0,34015.0,34017.0,34001.0,YMM3,34025.0,34053.0,34017.0,33966.0,33989.0,137.5,6.0,141.91185410334347,658.0,141.86036036036037,666.0,142.49253731343285,4.411854103343472,-0.5806832100893757,50.0,33.0,-19.0,-17.0,2023,1.5391812865497077
2023-04-21,33922.0,33947.0,33945.0,33943.0,33919.0,YMM3,33955.0,33979.0,33891.0,33926.0,33902.0,130.0,200.0,132.0,8.0,130.0655737704918,244.0,,2.0,,25.0,28.0,-2.0,-4.0,2023,0.01871345029239766
2023-04-25,33664.0,33657.0,33667.0,33699.0,33673.0,YMM3,33924.0,33944.0,33974.0,33973.0,33955.0,120.74626865671644,402.0,117.3472584856397,383.0,118.9695074276779,1279.0,,-3.399010171076739,,-7.0,-16.0,10.0,42.0,2023,0.895906432748538
2023-04-26,33381.0,33415.0,33424.0,33434.0,33364.0,YMM3,33718.0,33668.0,33726.0,33670.0,33671.0,113.796875,576.0,112.15440289505428,829.0,113.29871580122837,1791.0,117.3472584856397,-1.6424721049457247,-5.192855590585424,34.0,51.0,9.0,19.0,2023,1.973809523809524
2023-04-27,33940.0,33930.0,33902.0,33865.0,33929.0,YMM3,33517.0,33529.0,33524.0,33531.0,33628.0,102.99009900990099,101.0,106.35372848948374,523.0,104.9560546875,1024.0,112.15440289505428,3.3636294795827553,-5.800674405570533,-10.0,1.0,-28.0,-65.0,2023,1.223391812865497
2023-04-28,34118.0,34207.0,34228.0,34227.0,34137.0,YMM3,33816.0,33817.0,33877.0,33915.0,33952.0,100.86607142857143,224.0,101.90823529411765,425.0,101.61012658227848,790.0,106.35372848948374,1.0421638655462147,-4.445493195366097,89.0,70.0,21.0,20.0,2023,0.9941520467836257
2023-05-01,34164.0,34142.0,34155.0,34141.0,34150.0,YMM3,34172.0,34200.0,34250.0,34254.0,34278.0,99.0,52.0,98.0,138.0,98.27368421052631,190.0,101.90823529411765,-1.0,-3.9082352941176453,-22.0,-8.0,13.0,-1.0,2023,0.32662721893491126
2023-05-02,33741.0,33773.0,33775.0,33772.0,33770.0,YMM3,34063.0,34085.0,33986.0,34005.0,33986.0,87.12316715542522,2046.0,86.05681818181819,352.0,86.83307692307692,2600.0,98.0,-1.0663489736070346,-11.943181818181813,32.0,3.0,2.0,-1.0,2023,0.8380952380952381
2023-05-03,33508.0,33494.0,33521.0,33554.0,33517.0,YMM3,33805.0,33800.0,33742.0,33741.0,33800.0,81.5480943738657,551.0,85.13698630136986,876.0,83.63654223968565,1527.0,86.05681818181819,3.5888919275041644,-0.9198318804483279,-14.0,-23.0,27.0,60.0,2023,2.0931899641577063
2023-05-04,33212.0,33202.0,33167.0,33167.0,33177.0,YMM3,33408.0,33400.0,33417.0,33231.0,33249.0,67.16805324459234,601.0,71.42388268156425,1432.0,70.18839983545865,2431.0,85.13698630136986,4.255829436971908,-13.713103619805608,-10.0,25.0,-35.0,-35.0,2023,3.4217443249701316
2023-05-08,33687.0,33686.0,33687.0,33681.0,33688.0,YMM3,33802.0,33782.0,33722.0,33730.0,33696.0,62.000000000000014,5.0,64.92,125.0,64.8076923076923,130.0,68.49343339587242,2.9199999999999875,-3.5734333958724136,-1.0,-2.0,1.0,-5.0,2023,0.2976190476190476
2023-05-09,33659.0,33638.0,33657.0,33673.0,33661.0,YMM3,33595.0,33596.0,33619.0,33657.0,33711.0,71.0,20.0,69.0,105.0,69.32,125.0,64.92,-2.0,4.079999999999998,-21.0,-23.0,19.0,35.0,2023,0.25089605734767023
2023-05-10,33626.0,33603.0,33617.0,33609.0,33631.0,YMM3,33783.0,33793.0,33818.0,33604.0,33616.0,64.01754385964912,57.0,66.50162337662337,616.0,66.28592592592592,675.0,69.0,2.484079516974248,-2.498376623376629,-23.0,-28.0,14.0,6.0,2023,1.4719235364396654
2023-05-12,33306.0,33354.0,33323.0,33318.0,33308.0,YMM3,33484.0,33477.0,33423.0,33452.0,33386.0,54.0,10.0,53.45859872611465,157.0,54.056179775280896,267.0,58.475728155339816,-0.5414012738853486,-5.0171294292251645,48.0,46.0,-31.0,-36.0,2023,0.3751493428912784
2023-05-15,33376.0,33411.0,33392.0,33396.0,33368.0,YMM3,33387.0,33377.0,33261.0,33285.0,33250.0,50.0,30.0,51.875,80.0,51.08403361344538,476.0,53.45859872611465,1.875,-1.5835987261146514,35.0,43.0,-19.0,-15.0,2023,0.1911589008363202
2023-05-16,33111.0,33059.0,33047.0,33084.0,33127.0,YMM3,33278.0,33299.0,33270.0,33323.0,33224.0,45.074074074074076,216.0,47.25925925925926,540.0,46.44392523364486,856.0,51.875,2.1851851851851833,-4.6157407407407405,-52.0,-68.0,-12.0,25.0,2023,1.35
2023-05-17,33483.0,33487.0,33473.0,33465.0,33460.0,YMM3,33237.0,33240.0,33222.0,33203.0,33142.0,57.44945848375451,554.0,62.39693356047702,587.0,59.47146666666667,1875.0,47.25925925925926,4.947475076722505,15.137674301217757,4.0,27.0,-14.0,-22.0,2023,1.4026284348864995
2023-05-18,33595.0,33615.0,33611.0,33607.0,33579.0,YMM3,33388.0,33393.0,33392.0,33386.0,33372.0,69.98571428571428,140.0,70.62967914438502,748.0,70.52815315315316,888.0,62.39693356047702,0.643964858670742,8.232745583908006,20.0,36.0,-4.0,-8.0,2023,1.7873357228195939
2023-05-19,33488.0,33495.0,33501.0,33494.0,33497.0,YMM3,33708.0,33668.0,33632.0,33646.0,33666.0,64.91666666666667,24.0,62.74395161290323,496.0,63.03531300160514,623.0,70.62967914438502,-2.17271505376344,-7.885727531481791,7.0,-2.0,6.0,-1.0,2023,1.1851851851851851
2023-05-22,33358.0,33366.0,33381.0,33383.0,33367.0,YMM3,33491.0,33483.0,33541.0,33490.0,33388.0,69.28813559322033,708.0,70.9090909090909,550.0,69.99659632402995,1469.0,62.74395161290323,1.6209553158705745,8.165139296187675,8.0,-1.0,15.0,17.0,2023,1.301775147928994
2023-05-23,33178.0,33128.0,33135.0,33138.0,33184.0,YMM3,33252.0,33243.0,33250.0,33244.0,33309.0,63.54462242562929,437.0,62.00000000000001,100.0,62.85751978891822,1137.0,70.9090909090909,-1.544622425629285,-8.9090909090909,-50.0,-56.0,7.0,10.0,2023,0.23668639053254437
2023-05-24,32899.0,32857.0,32851.0,32868.0,32899.0,YMM3,33029.0,33060.0,33009.0,32961.0,32909.0,56.65614617940199,602.0,56.526315789473685,19.0,56.65256797583081,662.0,62.00000000000001,-0.12983038992830842,-5.473684210526322,-42.0,-42.0,-6.0,11.0,2023,0.04540023894862605
2023-05-25,32832.0,32807.0,32806.0,32812.0,32849.0,YMM3,32811.0,32840.0,32737.0,32759.0,32794.0,37.006472491909385,309.0,38.97076023391813,171.0,37.7027027027027,481.0,56.526315789473685,1.964287742008743,-17.555555555555557,-25.0,-42.0,-1.0,5.0,2023,0.4275
2023-05-26,33150.0,33128.0,33127.0,33130.0,33152.0,YMM3,32858.0,32843.0,32919.0,33058.0,33005.0,35.950980392156865,204.0,34.082644628099175,968.0,34.52308499475341,1906.0,38.97076023391813,-1.86833576405769,-4.888115605818953,-22.0,-24.0,-1.0,2.0,2023,2.626865671641791
2023-05-30,33079.0,33082.0,33093.0,33081.0,33066.0,YMM3,33123.0,33098.0,33148.0,33039.0,33108.0,32.968992248062015,129.0,31.200000000000006,5.0,32.68372093023256,215.0,,-1.768992248062009,,3.0,16.0,11.0,-1.0,2023,0.0125
2023-05-31,33014.0,32980.0,32958.0,32917.0,33030.0,YMM3,32984.0,32970.0,32917.0,32961.0,32888.0,56.0,100.0,56.813868613138695,548.0,56.68827160493827,648.0,31.200000000000006,0.8138686131386947,25.61386861313869,-34.0,-50.0,-22.0,-63.0,2023,1.4871099050203527
2023-06-01,33113.0,33109.0,33116.0,33122.0,33076.0,YMM3,32896.0,32898.0,32778.0,32810.0,32763.0,42.18650793650794,504.0,44.772222222222226,720.0,43.70048701298701,1232.0,56.813868613138695,2.585714285714289,-12.041646390916469,-4.0,33.0,7.0,13.0,2023,1.9538670284938942
2023-06-02,33821.0,33820.0,33816.0,33824.0,33818.0,YMM3,33324.0,33328.0,33391.0,33472.0,33475.0,52.984432234432234,2184.0,52.99278499278499,693.0,52.98604349237261,3081.0,44.772222222222226,0.00835275835275695,8.220562770562765,-1.0,2.0,-4.0,4.0,2023,1.8805970149253732
2023-06-05,33670.0,33619.0,33616.0,33608.0,33659.0,YMM3,33826.0,33824.0,33799.0,33799.0,33764.0,46.468468468468465,111.0,49.1258064516129,310.0,48.37441860465116,430.0,52.99278499278499,2.657337983144437,-3.866978541172088,-51.0,-40.0,-3.0,-11.0,2023,0.841248303934871
2023-06-06,33615.0,33618.0,33626.0,33622.0,33608.0,YMM3,33597.0,33594.0,33566.0,33577.0,33548.0,42.358620689655176,290.0,43.74742268041237,1358.0,43.395515267175576,2096.0,49.1258064516129,1.3888019907571945,-5.378383771200532,3.0,10.0,8.0,4.0,2023,3.685210312075984
2023-06-07,33717.0,33713.0,33714.0,33719.0,33708.0,YMM3,33646.0,33647.0,33630.0,33668.0,33653.0,38.0,238.0,38.0,315.0,38.0,553.0,43.74742268041237,0.0,-5.74742268041237,-4.0,5.0,1.0,6.0,2023,0.7875
2023-06-08,33890.0,33858.0,33846.0,33849.0,33884.0,YMM3,33665.0,33699.0,33745.0,33677.0,33708.0,29.66666666666667,159.0,30.586956521739136,184.0,30.01767676767677,396.0,38.0,0.9202898550724647,-7.413043478260864,-32.0,-26.0,-12.0,-9.0,2023,0.4993215739484396
2023-06-15,34744.0,34731.0,34709.0,34698.0,34727.0,YMU3,34275.0,34262.0,34296.0,34355.0,34461.0,308.0,100.0,312.0,325.0,309.70588235294116,850.0,,4.0,,-13.0,4.0,-22.0,-33.0,2023,0.9206798866855525
2023-06-16,34647.0,34619.0,34636.0,34638.0,34646.0,YMU3,34835.0,34849.0,34869.0,34788.0,34749.0,300.5480943738657,1102.0,302.0,300.0,301.00105097214924,1903.0,312.0,1.4519056261343053,-10.0,-28.0,-27.0,17.0,19.0,2023,0.8862629246676514
2023-06-20,34389.0,34356.0,34328.0,34315.0,34380.0,YMU3,34492.0,34437.0,34447.0,34409.0,34405.0,291.0045977011494,435.0,293.40597014925373,335.0,291.9642431466031,839.0,,2.4013724481043255,,-33.0,-24.0,-28.0,-41.0,2023,0.9896602658788775
2023-06-21,34273.0,34236.0,34250.0,34257.0,34265.0,YMU3,34274.0,34257.0,34199.0,34190.0,34218.0,283.5,400.0,284.55357142857144,224.0,283.82507507507506,1332.0,293.40597014925373,1.0535714285714448,-8.852398720682288,-37.0,-29.0,14.0,21.0,2023,0.6787878787878788
2023-06-22,34191.0,34212.0,34205.0,34186.0,34191.0,YMU3,34140.0,34172.0,34119.0,34149.0,34184.0,265.5820895522388,603.0,267.0,100.0,265.83016759776535,895.0,284.55357142857144,1.4179104477611872,-17.553571428571445,21.0,21.0,-7.0,-26.0,2023,0.3125
2023-06-23,34015.0,33985.0,33972.0,33963.0,34019.0,YMU3,34007.0,33978.0,33938.0,33979.0,34030.0,255.30069930069934,1001.0,255.80443974630023,946.0,255.60604713205873,2249.0,267.0,0.5037404456008971,-11.195560253699767,-30.0,-34.0,-13.0,-22.0,2023,2.95625
2023-06-26,34001.0,33977.0,33989.0,33994.0,34023.0,YMU3,33966.0,33939.0,33991.0,34038.0,33993.0,252.37147335423202,1276.0,251.00000000000003,3.0,252.29765674477522,1579.0,255.80443974630023,-1.3714733542319948,-4.804439746300204,-24.0,-46.0,12.0,17.0,2023,0.00909090909090909
2023-06-27,34202.0,34179.0,34161.0,34173.0,34200.0,YMU3,33958.0,33964.0,34025.0,34085.0,34021.0,247.88152327221442,709.0,253.92682926829272,205.0,249.2769709543569,964.0,251.00000000000003,6.045305996078298,2.9268292682926926,-23.0,-21.0,-18.0,-6.0,2023,0.6212121212121212
2023-06-28,34044.0,34124.0,34130.0,34131.0,34039.0,YMU3,34161.0,34135.0,34073.0,34061.0,34055.0,243.00000000000003,1.0,245.37500000000006,160.0,244.94871794871798,195.0,253.92682926829272,2.3750000000000284,-8.551829268292664,80.0,85.0,6.0,7.0,2023,0.48484848484848486
2023-06-30,34677.0,34629.0,34625.0,34630.0,34677.0,YMU3,34554.0,34558.0,34572.0,34576.0,34552.0,226.71428571428572,7.0,233.00000000000003,3.0,229.83132530120486,83.0,231.15254237288138,6.285714285714306,1.8474576271186436,-48.0,-48.0,-4.0,1.0,2023,0.009375
2023-07-05,34525.0,34508.0,34496.0,34506.0,34514.0,YMU3,34456.0,34462.0,34504.0,34519.0,34519.0,223.0,104.0,222.50381679389312,131.0,221.80790960451978,354.0,,-0.4961832061068776,,-17.0,-6.0,-12.0,-2.0,2023,0.4192
2023-07-06,34141.0,34129.0,34134.0,34141.0,34134.0,YMU3,34239.0,34230.0,34174.0,34126.0,34137.0,201.7275204359673,2202.0,202.42857142857142,350.0,201.80048294597043,3313.0,222.50381679389312,0.7010509926041095,-20.075245365321706,-12.0,-5.0,5.0,12.0,2023,1.12
2023-07-07,33965.0,33944.0,33962.0,33980.0,34012.0,YMU3,34043.0,33992.0,34073.0,34027.0,34110.0,203.5,176.0,207.27404718693285,551.0,206.07496977025394,827.0,202.42857142857142,3.7740471869328474,4.845475758361431,-21.0,-68.0,18.0,36.0,2023,1.7632
2023-07-10,34111.0,34159.0,34163.0,34155.0,34117.0,YMU3,33950.0,33928.0,34037.0,34035.0,34116.0,197.5653409090909,352.0,201.80559646539027,679.0,200.34141791044777,1072.0,207.27404718693285,4.24025555629936,-5.468450721542581,48.0,42.0,4.0,-4.0,2023,2.1728
2023-07-11,34482.0,34462.0,34452.0,34452.0,34418.0,YMU3,34263.0,34269.0,34299.0,34244.0,34270.0,197.009900990099,101.0,200.6904761904762,168.0,199.10638297872342,611.0,201.80559646539027,3.6805752003772056,-1.1151202749140623,-20.0,44.0,-10.0,-10.0,2023,0.525
2023-07-12,34558.0,34564.0,34570.0,34575.0,34581.0,YMU3,34691.0,34690.0,34730.0,34736.0,34758.0,204.03391684901533,914.0,202.78952205882354,1088.0,201.87017994858613,3112.0,200.6904761904762,-1.244394790191791,2.099045868347332,6.0,-17.0,6.0,11.0,2023,3.4
2023-07-13,34619.0,34584.0,34565.0,34568.0,34652.0,YMU3,34621.0,34613.0,34652.0,34628.0,34649.0,190.0566037735849,106.0,191.42857142857142,280.0,190.75590551181102,508.0,202.78952205882354,1.3719676549865198,-11.36095063025212,-35.0,-68.0,-19.0,-16.0,2023,0.8484848484848485
2023-07-14,34668.0,34694.0,34674.0,34669.0,34677.0,YMU3,34777.0,34750.0,34724.0,34720.0,34758.0,184.46728971962617,428.0,179.87474747474747,495.0,181.8790436005626,1422.0,191.42857142857142,-4.5925422448787,-11.55382395382395,26.0,17.0,-20.0,-25.0,2023,1.5
2023-07-17,34808.0,34763.0,34743.0,34737.0,34811.0,YMU3,34607.0,34627.0,34636.0,34660.0,34692.0,178.2331914893617,1175.0,181.06442166910688,683.0,179.25616507297434,1987.0,179.87474747474747,2.8312301797451767,1.1896741943594122,-45.0,-48.0,-20.0,-26.0,2023,1.994160583941606
2023-07-18,35154.0,35140.0,35132.0,35131.0,35145.0,YMU3,34743.0,34734.0,34766.0,34874.0,34961.0,174.2978566149298,1353.0,181.19230769230768,1300.0,178.027600232423,3442.0,181.06442166910688,6.89445107737788,0.12788602320080145,-14.0,-5.0,-8.0,-9.0,2023,3.795620437956204
2023-07-19,35258.0,35247.0,35251.0,35240.0,35265.0,YMU3,35191.0,35210.0,35278.0,35270.0,35331.0,182.8211382113821,1107.0,183.57894736842104,304.0,182.6161092793217,2123.0,181.19230769230768,0.7578091570389347,2.3866396761133615,-11.0,-18.0,4.0,-7.0,2023,0.8660968660968661
2023-07-20,35371.0,35398.0,35420.0,35417.0,35378.0,YMU3,35248.0,35305.0,35380.0,35386.0,35457.0,175.18859649122808,228.0,171.4433962264151,742.0,172.39522700814902,1718.0,183.57894736842104,-3.745200264812979,-12.135551142005937,27.0,20.0,22.0,19.0,2023,2.1664233576642338
2023-07-21,35407.0,35393.0,35388.0,35384.0,35404.0,YMU3,35481.0,35458.0,35446.0,35395.0,35414.0,168.47445255474452,137.0,169.90238611713667,461.0,169.91631355932202,944.0,171.4433962264151,1.4279335623921554,-1.5410101092784316,-14.0,-11.0,-5.0,-9.0,2023,1.3133903133903133
2023-07-24,35586.0,35585.0,35589.0,35594.0,35588.0,YMU3,35431.0,35443.0,35499.0,35498.0,35513.0,165.073732718894,217.0,165.91489361702128,235.0,165.60165975103735,482.0,169.90238611713667,0.8411608981272707,-3.987492500115394,-1.0,-3.0,4.0,9.0,2023,0.6394557823129252
2023-07-26,35618.0,35693.0,35705.0,35654.0,35645.0,YMU3,35483.0,35477.0,35592.0,35599.0,35554.0,155.09734513274336,226.0,156.152190622598,1301.0,155.52703338034792,2127.0,,1.0548454898546424,,75.0,48.0,12.0,-39.0,2023,3.7065527065527064
2023-07-27,35380.0,35424.0,35448.0,35446.0,35382.0,YMU3,35771.0,35734.0,35764.0,35759.0,35759.0,143.0,8.0,139.43304843304844,702.0,139.4732394366197,710.0,156.152190622598,-3.566951566951559,-16.719142189549558,44.0,42.0,24.0,22.0,2023,2.0
2023-07-28,35569.0,35591.0,35585.0,35590.0,35583.0,YMU3,35590.0,35595.0,35582.0,35567.0,35566.0,136.25124378109453,402.0,138.81308411214954,107.0,137.5821862348178,1235.0,139.43304843304844,2.5618403310550093,-0.6199643208989016,22.0,8.0,-6.0,-1.0,2023,0.291156462585034
2023-07-31,35577.0,35706.0,35704.0,35694.0,35602.0,YMU3,35640.0,35604.0,35598.0,35636.0,35606.0,130.46153846153845,260.0,130.26277372262774,137.0,130.24557522123894,452.0,138.81308411214954,-0.198764738910711,-8.550310389521798,129.0,104.0,-2.0,-12.0,2023,0.3903133903133903
2023-08-01,35739.0,35755.0,35738.0,35742.0,35719.0,YMU3,35626.0,35665.0,35750.0,35737.0,35778.0,123.14326647564472,698.0,123.17073170731709,1025.0,123.09599561162919,1823.0,130.26277372262774,0.02746523167236603,-7.092042015310653,16.0,36.0,-17.0,-13.0,2023,2.92022792022792
2023-08-02,35404.0,35395.0,35390.0,35407.0,35382.0,YMU3,35577.0,35582.0,35587.0,35625.0,35586.0,114.85714285714286,700.0,111.54545454545455,396.0,113.66058394160584,1096.0,123.17073170731709,-3.3116883116883145,-11.625277161862542,-9.0,13.0,-5.0,12.0,2023,1.1282051282051282
2023-08-03,35314.0,35306.0,35336.0,35371.0,35339.0,YMU3,35310.0,35268.0,35303.0,35244.0,35278.0,95.33113673805602,607.0,95.13832199546485,441.0,95.6965620328849,1338.0,111.54545454545455,-0.1928147425911675,-16.407132549989697,-8.0,-33.0,30.0,65.0,2023,1.2
2023-08-04,35132.0,35166.0,35147.0,35174.0,35129.0,YMU3,35381.0,35413.0,35464.0,35475.0,35433.0,89.37763975155279,805.0,87.62645590682196,1202.0,89.06366047745358,3016.0,95.13832199546485,-1.751183844730832,-7.51186608864289,34.0,37.0,-19.0,8.0,2023,3.213903743315508
2023-08-07,35523.0,35558.0,35565.0,35563.0,35518.0,YMU3,35268.0,35300.0,35412.0,35359.0,35402.0,83.8109640831758,1058.0,82.67226890756302,595.0,83.3821138211382,1845.0,87.62645590682196,-1.1386951756127814,-4.954186999258937,35.0,40.0,7.0,5.0,2023,1.5909090909090908
2023-08-08,35406.0,35387.0,35366.0,35380.0,35407.0,YMU3,35315.0,35336.0,35308.0,35251.0,35185.0,73.50819672131148,610.0,75.97260273972603,146.0,73.91100123609394,809.0,82.67226890756302,2.46440601841455,-6.699666167836995,-19.0,-20.0,-21.0,-7.0,2023,0.39037433155080214
2023-08-09,35224.0,35207.0,35227.0,35239.0,35300.0,YMU3,35387.0,35366.0,35410.0,35372.0,35405.0,77.11899038461539,832.0,78.47769784172662,695.0,77.53597497393118,1918.0,75.97260273972603,1.3587074571112367,2.5050951020005954,-17.0,-93.0,20.0,32.0,2023,1.98005698005698
2023-08-10,35228.0,35255.0,35238.0,35252.0,35191.0,YMU3,35385.0,35378.0,35503.0,35510.0,35628.0,76.3184,625.0,74.44153577661432,573.0,74.92099567099567,1848.0,78.47769784172662,-1.876864223385681,-4.036162065112308,27.0,64.0,-17.0,-3.0,2023,1.532085561497326
2023-08-11,35347.0,35360.0,35368.0,35369.0,35355.0,YMU3,35176.0,35171.0,35184.0,35212.0,35225.0,71.0,750.0,69.44392523364486,214.0,70.6532618409294,1119.0,74.44153577661432,-1.5560747663551382,-4.997610542969454,13.0,5.0,8.0,9.0,2023,0.5113500597371565
2023-08-14,35321.0,35374.0,35373.0,35371.0,35335.0,YMU3,35306.0,35325.0,35353.0,35303.0,35280.0,63.16582914572865,199.0,65.04035874439462,1115.0,64.68607068607069,1443.0,69.44392523364486,1.8745295986659727,-4.403566489250238,53.0,39.0,-1.0,-3.0,2023,2.9892761394101877
2023-08-15,34988.0,35008.0,35006.0,35017.0,34967.0,YMU3,35174.0,35212.0,35197.0,35169.0,35149.0,55.375,880.0,54.931263858093125,451.0,55.20191731575794,1669.0,65.04035874439462,-0.44373614190687505,-10.109094886301499,20.0,41.0,-2.0,9.0,2023,1.2091152815013404
2023-08-16,34860.0,34818.0,34835.0,34842.0,34857.0,YMU3,34941.0,34965.0,35033.0,35149.0,35122.0,53.54545454545455,550.0,52.993288590604024,149.0,53.24483306836248,1258.0,54.931263858093125,-0.5521659548505227,-1.9379752674891009,-42.0,-39.0,17.0,24.0,2023,0.35603345280764637
2023-08-17,34530.0,34524.0,34532.0,34540.0,34522.0,YMU3,34866.0,34904.0,34904.0,34908.0,34897.0,62.164867517173704,1019.0,61.85878962536024,1041.0,62.009480812641094,2215.0,52.993288590604024,-0.3060778918134659,8.865501034756214,-6.0,2.0,8.0,16.0,2023,2.4874551971326166
2023-08-18,34625.0,34582.0,34588.0,34576.0,34592.0,YMU3,34403.0,34368.0,34447.0,34460.0,34464.0,66.71138211382114,738.0,68.0,16.0,66.73579920739762,757.0,61.85878962536024,1.288617886178855,6.141210374639762,-43.0,-10.0,6.0,-6.0,2023,0.038231780167264036
2023-08-21,34566.0,34530.0,34505.0,34506.0,34585.0,YMU3,34595.0,34602.0,34615.0,34564.0,34576.0,61.00000000000001,883.0,64.95470383275261,287.0,62.99534686971235,2364.0,68.0,3.9547038327526067,-3.045296167247386,-36.0,-55.0,-25.0,-24.0,2023,0.6857825567502986
2023-08-22,34319.0,34351.0,34343.0,34349.0,34318.0,YMU3,34545.0,34532.0,34504.0,34506.0,34496.0,55.645933014354064,2090.0,56.51546391752577,194.0,55.75894538606403,2655.0,64.95470383275261,0.8695309031717073,-8.439239915226842,32.0,33.0,-8.0,-2.0,2023,0.4635603345280765
2023-08-23,34540.0,34532.0,34538.0,34523.0,34542.0,YMU3,34404.0,34400.0,34387.0,34411.0,34414.0,52.00657894736842,152.0,52.73684210526316,76.0,52.126943005181346,386.0,56.51546391752577,0.7302631578947398,-3.778621812262614,-8.0,-10.0,6.0,-9.0,2023,0.2037533512064343
2023-08-24,34178.0,34130.0,34131.0,34142.0,34206.0,YMU3,34459.0,34461.0,34490.0,34525.0,34717.0,37.44385026737968,374.0,34.11538461538461,26.0,36.77272727272727,506.0,52.73684210526316,-3.3284656519950673,-18.621457489878544,-48.0,-76.0,1.0,12.0,2023,0.07591240875912408
2023-08-25,34389.0,34380.0,34384.0,34382.0,34432.0,YMU3,34240.0,34268.0,34340.0,34288.0,34282.0,37.00995024875622,201.0,37.338815789473685,304.0,37.12887236679058,807.0,34.11538461538461,0.3288655407174659,3.2234311740890718,-9.0,-52.0,4.0,2.0,2023,0.9212121212121213
2023-08-28,34587.0,34592.0,34593.0,34599.0,34563.0,YMU3,34541.0,34542.0,34618.0,34671.0,34641.0,32.950276243093924,181.0,33.51089108910891,505.0,33.32984293193717,764.0,37.338815789473685,0.5606148460149853,-3.8279247003647754,5.0,29.0,1.0,7.0,2023,1.578125
2023-08-29,34871.0,34883.0,34890.0,34893.0,34885.0,YMU3,34567.0,34580.0,34575.0,34642.0,34651.0,28.0,102.0,29.500000000000004,200.0,28.99752475247525,404.0,33.51089108910891,1.5000000000000036,-4.010891089108906,12.0,-2.0,7.0,10.0,2023,0.625
2023-08-30,34940.0,34958.0,34957.0,35028.0,34946.0,YMU3,34954.0,34927.0,34982.0,35001.0,35081.0,60.158940397351,302.0,59.00000000000001,242.0,59.6474820143885,695.0,29.500000000000004,-1.158940397350996,29.500000000000004,18.0,12.0,-1.0,70.0,2023,0.75625
2023-08-31,34832.0,34776.0,34790.0,34794.0,34833.0,YMU3,35091.0,35082.0,35109.0,35039.0,35062.0,49.0,124.0,49.333333333333336,450.0,49.19669421487603,605.0,59.00000000000001,0.3333333333333357,-9.666666666666671,-56.0,-57.0,14.0,18.0,2023,1.40625
2023-09-01,34867.0,34888.0,34879.0,34873.0,34880.0,YMU3,34954.0,34970.0,35002.0,34944.0,34979.0,45.666666666666664,3.0,46.25,200.0,46.16346153846154,208.0,49.333333333333336,0.5833333333333357,-3.0833333333333357,21.0,8.0,-9.0,-15.0,2023,0.6060606060606061
2023-09-05,34734.0,34681.0,34685.0,34683.0,34766.0,YMU3,34900.0,34891.0,34886.0,34823.0,34813.0,40.5,2.0,37.87921348314607,356.0,38.19761904761905,420.0,,-2.620786516853933,,-53.0,-85.0,4.0,2.0,2023,1.1125
2023-09-06,34496.0,34476.0,34464.0,34450.0,34493.0,YMU3,34614.0,34623.0,34576.0,34587.0,34574.0,32.0,107.0,32.31506849315068,438.0,32.253211009174315,545.0,37.87921348314607,0.3150684931506831,-5.564144989995384,-20.0,-17.0,-12.0,-26.0,2023,1.3272727272727274
2023-09-07,34554.0,34525.0,34523.0,34531.0,34554.0,YMU3,34399.0,34408.0,34514.0,34503.0,34475.0,23.0,191.0,21.34246575342466,584.0,21.853778213935232,1019.0,32.31506849315068,-1.6575342465753415,-10.972602739726025,-29.0,-29.0,-2.0,6.0,2023,1.7696969696969698
2023-09-14,35273.0,35261.0,35266.0,35287.0,35272.0,YMZ3,35116.0,35122.0,35060.0,35043.0,35140.0,335.8030888030888,259.0,335.4761904761905,63.0,335.8167115902965,371.0,,-0.32689832689834475,,-12.0,-11.0,5.0,26.0,2023,0.19090909090909092
2023-09-15,34914.0,34930.0,34921.0,34930.0,34916.0,YMZ3,35199.0,35163.0,35208.0,35177.0,35159.0,323.7952606635071,1055.0,317.5099894847529,951.0,320.6825198164372,2397.0,335.4761904761905,-6.285271178754215,-17.966200991437574,16.0,14.0,-9.0,0.0,2023,2.971875
2023-09-18,34922.0,34932.0,34928.0,34935.0,34923.0,YMZ3,34942.0,34945.0,34976.0,34939.0,34891.0,312.17857142857144,560.0,311.2621951219512,820.0,311.74704785581105,1609.0,317.5099894847529,-0.9163763066202364,-6.247794362801699,10.0,9.0,-4.0,3.0,2023,2.484848484848485
2023-09-19,34840.0,34822.0,34819.0,34821.0,34835.0,YMZ3,34864.0,34861.0,34874.0,34860.0,34846.0,303.51256281407035,1990.0,302.2,250.0,302.780303030303,2640.0,311.2621951219512,-1.3125628140703611,-9.06219512195122,-18.0,-13.0,-3.0,-1.0,2023,0.7575757575757576
2023-09-20,34775.0,34735.0,34733.0,34727.0,34769.0,YMZ3,34942.0,34918.0,34907.0,34921.0,34955.0,299.6,250.0,298.5995542347697,1346.0,298.92105263157896,1748.0,302.2,-1.0004457652303245,-3.6004457652302904,-40.0,-34.0,-2.0,-8.0,2023,4.078787878787879
2023-09-21,34371.0,34342.0,34314.0,34324.0,34387.0,YMZ3,34560.0,34606.0,34512.0,34487.0,34518.0,275.57041251778094,703.0,274.2083333333333,264.0,275.1626794258373,1463.0,298.5995542347697,-1.362079184447623,-24.391220901436384,-29.0,-45.0,-28.0,-18.0,2023,0.7708029197080292
2023-09-22,34245.0,34232.0,34242.0,34254.0,34261.0,YMZ3,34363.0,34343.0,34309.0,34317.0,34338.0,266.60869565217394,506.0,268.2836676217765,349.0,267.2579218865144,1357.0,274.2083333333333,1.6749719696025522,-5.924665711556827,-13.0,-29.0,10.0,22.0,2023,1.018978102189781
2023-09-26,33856.0,33869.0,33889.0,33922.0,33891.0,YMZ3,34075.0,34054.0,34095.0,34137.0,34096.0,253.25000000000003,400.0,250.2125984251969,254.0,252.07001522070018,657.0,,-3.037401574803141,,13.0,-22.0,20.0,53.0,2023,0.7267525035765379
2023-09-27,33752.0,33804.0,33815.0,33818.0,33740.0,YMZ3,33998.0,33941.0,33902.0,33889.0,33873.0,243.41002949852512,1695.0,244.28191489361708,1128.0,243.63329875518676,3856.0,250.2125984251969,0.8718853950919652,-5.9306835315798025,52.0,64.0,11.0,14.0,2023,3.227467811158798
2023-09-28,33862.0,33899.0,33876.0,33890.0,33887.0,YMZ3,33774.0,33774.0,33832.0,33714.0,33829.0,228.00224719101124,890.0,232.00000000000003,245.0,229.13921468638452,1961.0,244.28191489361708,3.9977528089887926,-12.281914893617056,37.0,12.0,-23.0,-9.0,2023,0.6940509915014165
2023-09-29,33753.0,33732.0,33730.0,33740.0,33703.0,YMZ3,34109.0,34113.0,34016.0,34000.0,33983.0,223.79787234042553,752.0,221.9087947882736,307.0,222.8871085214858,1373.0,232.00000000000003,-1.8890775521519174,-10.091205211726418,-21.0,29.0,-2.0,8.0,2023,0.8696883852691218
2023-10-02,33580.0,33643.0,33649.0,33646.0,33584.0,YMZ3,33652.0,33654.0,33674.0,33670.0,33607.0,215.51753325272068,827.0,214.64648910411623,413.0,215.20014398848093,1389.0,221.9087947882736,-0.8710441486044544,-7.262305684157383,63.0,59.0,6.0,3.0,2023,1.1816881258941345
2023-10-03,33192.0,33212.0,33225.0,33218.0,33191.0,YMZ3,33473.0,33508.0,33512.0,33559.0,33582.0,210.37037037037038,540.0,206.39965694682675,1166.0,207.60801144492132,2796.0,214.64648910411623,-3.9707134235436286,-8.246832157289475,20.0,21.0,13.0,6.0,2023,3.303116147308782
2023-10-04,33311.0,33312.0,33294.0,33302.0,33325.0,YMZ3,33223.0,33218.0,33249.0,33202.0,33201.0,199.91947115384616,2496.0,201.8956989247312,930.0,200.55892096545196,4226.0,206.39965694682675,1.976227770885032,-4.50395802209556,1.0,-13.0,-18.0,-10.0,2023,2.473404255319149
2023-10-05,33322.0,33309.0,33302.0,33291.0,33304.0,YMZ3,33251.0,33277.0,33308.0,33256.0,33303.0,190.0742685671418,1333.0,191.71621621621622,370.0,190.56586826347305,2004.0,201.8956989247312,1.6419476490744387,-10.179482708514968,-13.0,5.0,-7.0,-18.0,2023,0.9147095179233622
2023-10-06,33673.0,33603.0,33621.0,33624.0,33680.0,YMZ3,33259.0,33223.0,33208.0,33142.0,33151.0,190.53846153846155,1300.0,194.91937984496124,645.0,192.56160714285716,2240.0,191.71621621621622,4.380918306499694,3.203163628745017,-70.0,-77.0,18.0,21.0,2023,1.5945611866501854
2023-10-09,33770.0,33807.0,33813.0,33804.0,33752.0,YMZ3,33462.0,33478.0,33580.0,33581.0,33574.0,191.0,101.0,198.0,352.0,196.17328519855596,554.0,194.91937984496124,7.0,3.0806201550387584,37.0,55.0,6.0,-3.0,2023,0.827262044653349
2023-10-10,33961.0,33937.0,33943.0,33936.0,33933.0,YMZ3,33890.0,33912.0,33855.0,33803.0,33836.0,190.80645161290323,1209.0,193.11111111111111,18.0,190.85194174757282,1236.0,198.0,2.304659498207883,-4.888888888888886,-24.0,4.0,6.0,-1.0,2023,0.04230317273795535
2023-10-11,33974.0,33985.0,34012.0,34032.0,33968.0,YMZ3,34012.0,34003.0,34041.0,34023.0,34001.0,188.0024630541872,406.0,187.23866348448686,419.0,187.82799634034765,2186.0,193.11111111111111,-0.7637995697003248,-5.8724476266242505,11.0,17.0,27.0,47.0,2023,1.0358467243510507
2023-10-12,33819.0,33795.0,33793.0,33809.0,33809.0,YMZ3,34035.0,34039.0,33974.0,33936.0,33867.0,170.4991680532446,601.0,165.20596458527493,1073.0,167.6890923566879,2512.0,187.23866348448686,-5.293203467969676,-22.032698899211937,-24.0,-14.0,-2.0,14.0,2023,2.6526576019777504
2023-10-13,33813.0,33833.0,33817.0,33807.0,33759.0,YMZ3,33902.0,33906.0,33994.0,34056.0,34060.0,162.1908396946565,131.0,160.56980056980058,351.0,160.86274509803923,612.0,165.20596458527493,-1.621039124855912,-4.63616401547435,20.0,74.0,-16.0,-26.0,2023,0.84375
2023-10-16,34159.0,34142.0,34153.0,34161.0,34168.0,YMZ3,34043.0,34032.0,34069.0,34057.0,34069.0,162.0,200.0,159.74866310160428,187.0,160.91214470284237,387.0,160.56980056980058,-2.2513368983957207,-0.821137468196298,-17.0,-26.0,11.0,19.0,2023,0.4622991347342398
2023-10-17,34091.0,34148.0,34130.0,34121.0,34082.0,YMZ3,33997.0,33987.0,34097.0,34059.0,34047.0,155.14634146341464,41.0,155.5,160.0,155.42156862745097,204.0,159.74866310160428,0.35365853658535684,-4.248663101604279,57.0,66.0,-18.0,-27.0,2023,0.39555006180469715
2023-10-18,33763.0,33809.0,33827.0,33829.0,33804.0,YMZ3,34105.0,34117.0,34088.0,34040.0,34026.0,146.0,2.0,144.3804664723032,686.0,144.45897435897436,780.0,155.5,-1.6195335276968024,-11.119533527696802,46.0,5.0,18.0,20.0,2023,1.7911227154046998
2023-10-19,33576.0,33536.0,33508.0,33518.0,33513.0,YMZ3,33804.0,33799.0,33817.0,33836.0,33821.0,135.48852459016393,305.0,132.45533141210376,347.0,134.6175195143105,1153.0,144.3804664723032,-3.0331931780601735,-11.925135060199437,-40.0,23.0,-28.0,-18.0,2023,0.9060052219321149
2023-10-20,33294.0,33254.0,33248.0,33233.0,33268.0,YMZ3,33486.0,33480.0,33552.0,33503.0,33469.0,133.625,8.0,130.6341463414634,287.0,131.57349896480332,483.0,132.45533141210376,-2.9908536585365937,-1.8211850706403538,-40.0,-14.0,-6.0,-21.0,2023,0.790633608815427
2023-10-23,33104.0,33061.0,33102.0,33126.0,33086.0,YMZ3,33092.0,33122.0,33087.0,33042.0,33207.0,126.76958525345624,651.0,127.2,250.0,127.0475285171103,1052.0,130.6341463414634,0.4304147465437609,-3.4341463414634035,-43.0,-25.0,41.0,65.0,2023,0.6887052341597796
2023-10-24,33298.0,33266.0,33366.0,33403.0,33320.0,YMZ3,33210.0,33224.0,33324.0,33264.0,33325.0,123.06976744186048,516.0,120.79185520361993,221.0,121.90770694576595,1051.0,127.2,-2.277912238240546,-6.408144796380071,-32.0,-54.0,100.0,137.0,2023,0.6242937853107344
2023-10-25,33190.0,33157.0,33180.0,33206.0,33166.0,YMZ3,33325.0,33345.0,33347.0,33253.0,33201.0,114.26894865525672,409.0,113.21875,128.0,114.31661442006269,638.0,120.79185520361993,-1.0501986552567217,-7.573105203619932,-33.0,-9.0,23.0,49.0,2023,0.36415362731152207
2023-10-26,32894.0,32883.0,32886.0,32909.0,32893.0,YMZ3,33128.0,33120.0,33165.0,33181.0,33127.0,97.97391304347826,115.0,98.4994026284349,837.0,97.36576787807738,1706.0,113.21875,0.525489584956631,-14.719347371565107,-11.0,-10.0,3.0,26.0,2023,2.3812233285917497
2023-10-27,32458.0,32508.0,32499.0,32482.0,32419.0,YMZ3,32913.0,32879.0,32834.0,32811.0,32815.0,89.9,10.0,87.46327130264447,1021.0,87.964447806354,1322.0,98.4994026284349,-2.4367286973555338,-11.036131325790421,50.0,89.0,-9.0,-26.0,2023,2.9046941678520626
2023-10-30,33052.0,33018.0,33010.0,33019.0,33060.0,YMZ3,32731.0,32726.0,32750.0,32799.0,32793.0,86.10213243546576,891.0,87.43478260869566,368.0,86.47704714640199,1612.0,87.46327130264447,1.3326501732298937,-0.028488693948816035,-34.0,-42.0,-8.0,1.0,2023,1.0469416785206258
2023-10-31,33116.0,33135.0,33102.0,33104.0,33112.0,YMZ3,32984.0,32998.0,32934.0,32937.0,32924.0,83.0,26.0,83.52,100.0,83.85931558935361,526.0,87.43478260869566,0.519999999999996,-3.91478260869566,19.0,23.0,-33.0,-31.0,2023,0.2824858757062147
2023-11-01,33367.0,33357.0,33346.0,33339.0,33373.0,YMZ3,33192.0,33175.0,33127.0,33093.0,33173.0,78.04299583911235,721.0,79.17695473251028,243.0,78.46379468377636,1091.0,83.52,1.1339588933979314,-4.343045267489714,-10.0,-16.0,-11.0,-18.0,2023,0.6864406779661016
2023-11-02,33887.0,33915.0,33900.0,33912.0,33882.0,YMZ3,33560.0,33547.0,33636.0,33532.0,33604.0,67.8,5.0,70.71317829457364,129.0,67.79110251450678,517.0,79.17695473251028,2.9131782945736404,-8.463776437936644,28.0,33.0,-15.0,-3.0,2023,0.3669985775248933
2023-11-03,34148.0,34133.0,34153.0,34150.0,34166.0,YMZ3,34123.0,34077.0,34071.0,34082.0,34090.0,66.66666666666667,6.0,68.23057644110276,798.0,68.21490683229814,805.0,70.71317829457364,1.563909774436084,-2.4826018534708822,-15.0,-33.0,20.0,17.0,2023,2.28
2023-11-07,34240.0,34215.0,34217.0,34223.0,34258.0,YMZ3,34120.0,34135.0,34119.0,34122.0,34138.0,57.54255319148936,94.0,59.000000000000014,150.0,58.3876811594203,276.0,,1.4574468085106531,,-25.0,-43.0,2.0,8.0,2023,0.42857142857142855
2023-11-08,34175.0,34167.0,34151.0,34151.0,34190.0,YMZ3,34269.0,34267.0,34281.0,34270.0,34291.0,55.30769230769231,13.0,56.44250871080139,287.0,56.333333333333336,321.0,59.000000000000014,1.1348164031090846,-2.557491289198623,-8.0,-23.0,-16.0,-16.0,2023,0.8247126436781609
2023-11-09,33931.0,33951.0,33962.0,33966.0,33927.0,YMZ3,34272.0,34240.0,34189.0,34165.0,34167.0,59.000000000000014,66.0,58.35251798561152,139.0,58.6035242290749,227.0,56.44250871080139,-0.6474820143884941,1.910009274810129,20.0,24.0,11.0,15.0,2023,0.42507645259938837
2023-11-13,34405.0,34383.0,34387.0,34388.0,34397.0,YMZ3,34262.0,34268.0,34261.0,34299.0,34303.0,49.985365853658536,205.0,52.0,30.0,50.28630705394191,241.0,53.20886075949367,2.0146341463414643,-1.2088607594936676,-22.0,-14.0,4.0,5.0,2023,0.09174311926605505
2023-11-14,34895.0,34879.0,34905.0,34901.0,34924.0,YMZ3,34762.0,34766.0,34746.0,34749.0,34845.0,52.0,6.0,51.38479809976247,421.0,51.20193861066236,619.0,52.0,-0.6152019002375297,-0.6152019002375297,-16.0,-45.0,26.0,22.0,2023,1.3780687397708675
2023-11-16,34992.0,35015.0,35015.0,35019.0,34980.0,YMZ3,34959.0,34968.0,35014.0,35029.0,35083.0,69.59681945743685,1069.0,70.91489361702128,470.0,69.99942561746123,1741.0,,1.3180741595844268,,23.0,35.0,0.0,4.0,2023,1.5384615384615385
2023-11-17,34982.0,35017.0,35020.0,35010.0,34979.0,YMZ3,35110.0,35053.0,35005.0,34984.0,35009.0,62.00000000000001,2.0,63.000000000000014,133.0,61.89375000000001,320.0,70.91489361702128,1.000000000000007,-7.914893617021264,35.0,38.0,3.0,-7.0,2023,0.40672782874617736
2023-11-20,35254.0,35226.0,35210.0,35201.0,35282.0,YMZ3,35008.0,34978.0,35039.0,35044.0,35082.0,67.01418439716312,141.0,67.10989010989012,273.0,66.7362962962963,675.0,63.000000000000014,0.09570571272699624,4.109890109890102,-28.0,-56.0,-16.0,-25.0,2023,0.8936170212765957
2023-11-21,35150.0,35145.0,35128.0,35120.0,35135.0,YMZ3,35165.0,35177.0,35143.0,35118.0,35128.0,56.5,2.0,56.005524861878456,362.0,56.0,366.0,67.10989010989012,-0.494475138121544,-11.10436524801166,-5.0,10.0,-17.0,-25.0,2023,1.2250423011844331
2023-11-22,35325.0,35312.0,35309.0,35310.0,35320.0,YMZ3,35191.0,35233.0,35280.0,35302.0,35241.0,41.0,48.0,42.5,50.0,41.50925925925926,108.0,56.005524861878456,1.5,-13.505524861878456,-13.0,-8.0,-3.0,-2.0,2023,0.16366612111292964
2023-11-27,35372.0,35368.0,35352.0,35365.0,35393.0,YMZ3,35369.0,35401.0,35404.0,35375.0,35371.0,31.446827524575514,1119.0,31.056047197640122,339.0,31.319774718398,1598.0,,-0.390780326935392,,-4.0,-25.0,-16.0,-3.0,2023,1.1472081218274113
2023-11-28,35459.0,35446.0,35450.0,35448.0,35445.0,YMZ3,35373.0,35386.0,35373.0,35354.0,35356.0,27.112010796221323,1482.0,26.027027027027028,592.0,26.702806612841215,2601.0,31.056047197640122,-1.0849837691942952,-5.029020170613094,-13.0,1.0,4.0,2.0,2023,1.9378068739770868
2023-11-29,35491.0,35490.0,35551.0,35565.0,35490.0,YMZ3,35549.0,35525.0,35573.0,35525.0,35574.0,55.641773628938154,857.0,55.90133333333333,750.0,55.77772768259693,2218.0,26.027027027027028,0.25955970439517984,29.874306306306305,-1.0,0.0,61.0,75.0,2023,2.321981424148607
2023-11-30,35914.0,35993.0,36000.0,35998.0,35931.0,YMZ3,35680.0,35676.0,35664.0,35701.0,35763.0,55.229885057471265,87.0,53.0,67.0,53.77407407407407,270.0,55.90133333333333,-2.2298850574712645,-2.9013333333333335,79.0,62.0,7.0,5.0,2023,0.19533527696793002
2023-12-01,36308.0,36307.0,36324.0,36317.0,36292.0,YMZ3,35974.0,36004.0,36034.0,36039.0,36068.0,65.45364238410596,302.0,67.0,72.0,65.67517401392111,862.0,53.0,1.5463576158940384,14.0,-1.0,15.0,17.0,10.0,2023,0.2099125364431487
2023-12-04,36263.0,36270.0,36255.0,36249.0,36267.0,YMZ3,36108.0,36115.0,36220.0,36273.0,36209.0,59.58666666666667,1650.0,60.110893672537514,1533.0,59.996146788990835,5450.0,67.0,0.5242270058708414,-6.8891063274624855,7.0,3.0,-15.0,-21.0,2023,4.469387755102041
2023-12-05,36184.0,36192.0,36195.0,36187.0,36196.0,YMZ3,36135.0,36183.0,36172.0,36093.0,36102.0,54.46640053226879,1503.0,55.04761904761905,1260.0,54.79738562091503,3672.0,60.110893672537514,0.5812185153502583,-5.0632746249184635,8.0,-4.0,3.0,-5.0,2023,3.6206896551724137
2023-12-06,36106.0,36112.0,36120.0,36111.0,36119.0,YMZ3,36286.0,36271.0,36312.0,36271.0,36302.0,50.689922480620154,129.0,51.60102301790281,391.0,51.37832699619772,526.0,55.04761904761905,0.9111005372826568,-3.4465960297162397,6.0,-7.0,8.0,-1.0,2023,1.1235632183908046
2023-12-07,36160.0,36162.0,36162.0,36166.0,36160.0,YMZ3,36133.0,36166.0,36131.0,36105.0,36093.0,42.7682563338301,1342.0,44.16838487972509,291.0,42.99055555555555,1800.0,51.60102301790281,1.4001285458949866,-7.4326381381777225,2.0,2.0,0.0,4.0,2023,0.8314285714285714
2023-12-14,37585.0,37648.0,37629.0,37627.0,37584.0,YMH4,37649.0,37576.0,37580.0,37547.0,37577.0,379.23026315789474,304.0,390.85526315789474,380.0,385.0081632653061,735.0,,11.625,,63.0,64.0,-19.0,-21.0,2023,1.0857142857142856
2023-12-15,37625.0,37647.0,37663.0,37671.0,37600.0,YMH4,37637.0,37556.0,37597.0,37578.0,37540.0,382.9720992028344,2258.0,386.000385653683,2593.0,384.43883161512025,5820.0,390.85526315789474,3.0282864508486114,-4.854877504211743,22.0,47.0,16.0,24.0,2023,7.408571428571428
2023-12-18,37691.0,37677.0,37658.0,37647.0,37690.0,YMH4,37715.0,37716.0,37713.0,37735.0,37708.0,374.9912568306011,915.0,366.92758620689654,1740.0,369.89253135689853,3508.0,386.000385653683,-8.063670623704581,-19.072799446786462,-14.0,-13.0,-19.0,-30.0,2023,4.950213371266003
2023-12-19,37878.0,37930.0,37914.0,37904.0,37887.0,YMH4,37712.0,37697.0,37739.0,37751.0,37818.0,368.2631578947368,475.0,370.4419642857143,448.0,367.7361367837338,2164.0,366.92758620689654,2.1788063909774564,3.5143780788177423,52.0,43.0,-16.0,-26.0,2023,1.2745376955903271
2023-12-20,37591.0,37450.0,37417.0,37408.0,37594.0,YMH4,37834.0,37836.0,37842.0,37867.0,37858.0,366.4075829383886,422.0,363.0,3.0,366.56018518518516,648.0,370.4419642857143,-3.4075829383886003,-7.441964285714278,-141.0,-144.0,-33.0,-42.0,2023,0.008534850640113799
2023-12-21,37715.0,37745.0,37738.0,37743.0,37699.0,YMH4,37652.0,37636.0,37698.0,37717.0,37662.0,340.9754098360656,122.0,337.2956989247312,1860.0,337.83850715033134,2867.0,363.0,-3.679710911334382,-25.704301075268802,30.0,46.0,-7.0,-2.0,2023,5.314285714285714
2023-12-22,37693.0,37745.0,37724.0,37720.0,37716.0,YMH4,37701.0,37703.0,37763.0,37830.0,37841.0,335.009900990099,101.0,339.30139720558884,501.0,336.991513437058,1414.0,337.2956989247312,4.291496215489815,2.0056982808576436,52.0,29.0,-21.0,-25.0,2023,1.4253200568990043
2023-12-26,37893.0,37894.0,37894.0,37888.0,37907.0,YMH4,37727.0,37712.0,37765.0,37754.0,37770.0,335.480198019802,202.0,342.73297491039426,558.0,340.78968903436987,1222.0,339.30139720558884,7.2527768905922585,3.43157770480542,1.0,-13.0,0.0,-6.0,2023,1.5874822190611664
2023-12-27,37919.0,38011.0,38018.0,38005.0,37928.0,YMH4,37854.0,37855.0,37877.0,37911.0,37920.0,335.60474308300394,759.0,333.3447937131631,2036.0,334.0950987564009,4101.0,342.73297491039426,-2.2599493698408537,-9.388181197231177,92.0,83.0,7.0,-6.0,2023,5.792318634423897
2023-12-28,38053.0,38032.0,38019.0,38032.0,38085.0,YMH4,37948.0,37955.0,38009.0,37972.0,38007.0,302.35625,160.0,309.0,141.0,304.5198863636364,1056.0,333.3447937131631,6.643750000000011,-24.344793713163085,-21.0,-53.0,-13.0,0.0,2023,0.3949579831932773
2023-12-29,37968.0,38002.0,37979.0,37973.0,37974.0,YMH4,38011.0,38004.0,38044.0,38033.0,38017.0,302.8135405105438,901.0,303.3897637795276,254.0,302.9071225071225,1755.0,309.0,0.5762232689837674,-5.610236220472416,34.0,28.0,-23.0,-29.0,2023,0.7226173541963016
