auction_date,close_comp_et,close_comp_datetime_et,close_comp_datetime_utc,close_noncomp_et,kind,tenor,tenor_rule,small_value_test,security_type,security_term,original_security_term,reopening,cusip,issue_date,maturity_date,offering_amt,comp_accepted,primary_dealer_accepted,direct_bidder_accepted,indirect_bidder_accepted,total_accepted,soma_accepted,high_yield,bid_to_cover_ratio,pd_share,announcemt_date,pdf_filenm_comp_results,shared_day,source_url,method,accessed_utc
2009-01-06,13:00,2009-01-06T13:00:00-05:00,2009-01-06T18:00:00Z,12:00,TIPS,10y,original,False,Note,10-Year,10-Year,No,912828JX9,2009-01-15,2019-01-15,8000000000,7738613500,3081208500,1000000000,3657405000,8662294400,662271600,2.2450,2.480000,0.398160,2008-12-31,R_20090106_2.pdf,,"https://api.fiscaldata.treasury.gov/services/api/fiscal_service/v1/accounting/od/auctions_query?filter=security_type:in:(Note,Bond),auction_date:gte:2009-01-01&page%5Bsize%5D=10000&page%5Bnumber%5D=1&sort=auction_date",fetched,2026-09-30T10:44:13Z
2009-01-07,13:00,2009-01-07T13:00:00-05:00,2009-01-07T18:00:00Z,12:00,NOMINAL,3y,original,False,Note,3-Year,3-Year,No,912828KB5,2009-01-15,2012-01-15,30000000000,29965038000,21259128000,312000000,8393910000,32483572400,2483518900,1.2000,2.210000,0.709464,2009-01-05,R_20090107_2.pdf,,"https://api.fiscaldata.treasury.gov/services/api/fiscal_service/v1/accounting/od/auctions_query?filter=security_type:in:(Note,Bond),auction_date:gte:2009-01-01&page%5Bsize%5D=10000&page%5Bnumber%5D=1&sort=auction_date",fetched,2026-09-30T10:44:13Z
2009-01-08,13:00,2009-01-08T13:00:00-05:00,2009-01-08T18:00:00Z,12:00,NOMINAL,10y,original,False,Note,9-Year 10-Month,10-Year,Yes,912828JR2,2009-01-15,2018-11-15,16000000000,15993300000,13141000000,16000000,2836300000,17324579300,1324543300,2.4190,2.590000,0.821657,2009-01-05,R_20090108_1.pdf,,"https://api.fiscaldata.treasury.gov/services/api/fiscal_service/v1/accounting/od/auctions_query?filter=security_type:in:(Note,Bond),auction_date:gte:2009-01-01&page%5Bsize%5D=10000&page%5Bnumber%5D=1&sort=auction_date",fetched,2026-09-30T10:44:13Z
2009-01-26,13:00,2009-01-26T13:00:00-05:00,2009-01-26T18:00:00Z,12:00,TIPS,20y,original,False,Bond,20-Year,20-Year,No,912810PZ5,2009-01-30,2029-01-15,8000000000,7839483000,3571759400,35133400,4232590200,8000000800,0,2.5000,1.920000,0.455612,2009-01-22,R_20090126_3.pdf,,"https://api.fiscaldata.treasury.gov/services/api/fiscal_service/v1/accounting/od/auctions_query?filter=security_type:in:(Note,Bond),auction_date:gte:2009-01-01&page%5Bsize%5D=10000&page%5Bnumber%5D=1&sort=auction_date",fetched,2026-09-30T10:44:13Z
2009-01-27,13:00,2009-01-27T13:00:00-05:00,2009-01-27T18:00:00Z,12:00,NOMINAL,2y,original,False,Note,2-Year,2-Year,No,912828JY7,2009-02-02,2011-01-31,40000000000,39578255000,24753395000,1118000000,13706860000,41697871400,1697793800,0.9250,2.690000,0.625429,2009-01-22,R_20090127_2.pdf,,"https://api.fiscaldata.treasury.gov/services/api/fiscal_service/v1/accounting/od/auctions_query?filter=security_type:in:(Note,Bond),auction_date:gte:2009-01-01&page%5Bsize%5D=10000&page%5Bnumber%5D=1&sort=auction_date",fetched,2026-09-30T10:44:13Z
2009-01-29,13:00,2009-01-29T13:00:00-05:00,2009-01-29T18:00:00Z,12:00,NOMINAL,5y,original,False,Note,5-Year,5-Year,No,912828JZ4,2009-02-02,2014-01-31,30000000000,29965005000,19147959000,368000000,10449046000,31273392000,1273345200,1.8200,1.980000,0.639011,2009-01-22,R_20090129_1.pdf,,"https://api.fiscaldata.treasury.gov/services/api/fiscal_service/v1/accounting/od/auctions_query?filter=security_type:in:(Note,Bond),auction_date:gte:2009-01-01&page%5Bsize%5D=10000&page%5Bnumber%5D=1&sort=auction_date",fetched,2026-09-30T10:44:13Z
2009-02-10,13:00,2009-02-10T13:00:00-05:00,2009-02-10T18:00:00Z,12:00,NOMINAL,3y,original,False,Note,3-Year,3-Year,No,912828KC3,2009-02-17,2012-02-15,32000000000,31902414500,17259410000,360486000,14282518500,33629457200,1629450200,1.4190,2.670000,0.541006,2009-02-04,R_20090210_3.pdf,,"https://api.fiscaldata.treasury.gov/services/api/fiscal_service/v1/accounting/od/auctions_query?filter=security_type:in:(Note,Bond),auction_date:gte:2009-01-01&page%5Bsize%5D=10000&page%5Bnumber%5D=1&sort=auction_date",fetched,2026-09-30T10:44:13Z
2009-02-11,13:00,2009-02-11T13:00:00-05:00,2009-02-11T18:00:00Z,12:00,NOMINAL,10y,original,False,Note,10-Year,10-Year,No,912828KD1,2009-02-17,2019-02-15,21000000000,20946467000,12651550000,380800000,7914117000,22069329400,1069326500,2.8180,2.210000,0.603994,2009-02-04,R_20090211_1.pdf,,"https://api.fiscaldata.treasury.gov/services/api/fiscal_service/v1/accounting/od/auctions_query?filter=security_type:in:(Note,Bond),auction_date:gte:2009-01-01&page%5Bsize%5D=10000&page%5Bnumber%5D=1&sort=auction_date",fetched,2026-09-30T10:44:13Z
2009-02-12,13:00,2009-02-12T13:00:00-05:00,2009-02-12T18:00:00Z,12:00,NOMINAL,30y,original,False,Bond,30-Year,30-Year,No,912810QA9,2009-02-17,2039-02-15,14000000000,13967376000,6932003500,2297000000,4738372500,14712903100,712884300,3.5400,2.020000,0.496300,2009-02-04,R_20090212_1.pdf,,"https://api.fiscaldata.treasury.gov/services/api/fiscal_service/v1/accounting/od/auctions_query?filter=security_type:in:(Note,Bond),auction_date:gte:2009-01-01&page%5Bsize%5D=10000&page%5Bnumber%5D=1&sort=auction_date",fetched,2026-09-30T10:44:13Z
2009-02-24,13:00,2009-02-24T13:00:00-05:00,2009-02-24T18:00:00Z,12:00,NOMINAL,2y,original,False,Note,2-Year,2-Year,No,912828KE9,2009-03-02,2011-02-28,40000000000,39593441000,27141991000,1313000000,11138450000,42142744300,2142704300,0.9610,2.630000,0.685517,2009-02-19,R_20090224_2.pdf,,"https://api.fiscaldata.treasury.gov/services/api/fiscal_service/v1/accounting/od/auctions_query?filter=security_type:in:(Note,Bond),auction_date:gte:2009-01-01&page%5Bsize%5D=10000&page%5Bnumber%5D=1&sort=auction_date",fetched,2026-09-30T10:44:13Z
2009-02-25,13:00,2009-02-25T13:00:00-05:00,2009-02-25T18:00:00Z,12:00,NOMINAL,5y,original,False,Note,5-Year,5-Year,No,912828KF6,2009-03-02,2014-02-28,32000000000,31948853000,15820743000,505000000,15623110000,33714211100,1714163400,1.9850,2.210000,0.495190,2009-02-19,R_20090225_2.pdf,,"https://api.fiscaldata.treasury.gov/services/api/fiscal_service/v1/accounting/od/auctions_query?filter=security_type:in:(Note,Bond),auction_date:gte:2009-01-01&page%5Bsize%5D=10000&page%5Bnumber%5D=1&sort=auction_date",fetched,2026-09-30T10:44:13Z
2009-02-26,13:00,2009-02-26T13:00:00-05:00,2009-02-26T18:00:00Z,12:00,NOMINAL,7y,original,False,Note,7-Year,7-Year,No,912828KS8,2009-03-02,2016-02-29,22000000000,21893019000,12616000000,804494000,8472525000,23178494600,1178487300,2.7480,2.110000,0.576257,2009-02-19,R_20090226_1.pdf,,"https://api.fiscaldata.treasury.gov/services/api/fiscal_service/v1/accounting/od/auctions_query?filter=security_type:in:(Note,Bond),auction_date:gte:2009-01-01&page%5Bsize%5D=10000&page%5Bnumber%5D=1&sort=auction_date",fetched,2026-09-30T10:44:13Z
2009-03-10,13:00,2009-03-10T13:00:00-04:00,2009-03-10T17:00:00Z,12:00,NOMINAL,3y,original,False,Note,3-Year,3-Year,No,912828KG4,2009-03-16,2012-03-15,34000000000,33900571000,19636050000,617000000,13647521000,34604742900,604714400,1.4890,2.260000,0.579225,2009-03-05,R_20090310_3.pdf,,"https://api.fiscaldata.treasury.gov/services/api/fiscal_service/v1/accounting/od/auctions_query?filter=security_type:in:(Note,Bond),auction_date:gte:2009-01-01&page%5Bsize%5D=10000&page%5Bnumber%5D=1&sort=auction_date",fetched,2026-09-30T10:44:13Z
2009-03-11,13:00,2009-03-11T13:00:00-04:00,2009-03-11T17:00:00Z,12:00,NOMINAL,10y,original,False,Note,9-Year 11-Month,10-Year,Yes,912828KD1,2009-03-16,2019-02-15,18000000000,17875180000,13052880000,559000000,4263300000,18320151500,320142800,3.0430,2.140000,0.730224,2009-03-05,R_20090311_1.pdf,,"https://api.fiscaldata.treasury.gov/services/api/fiscal_service/v1/accounting/od/auctions_query?filter=security_type:in:(Note,Bond),auction_date:gte:2009-01-01&page%5Bsize%5D=10000&page%5Bnumber%5D=1&sort=auction_date",fetched,2026-09-30T10:44:13Z
2009-03-12,13:00,2009-03-12T13:00:00-04:00,2009-03-12T17:00:00Z,12:00,NOMINAL,30y,original,False,Bond,29-Year 11-Month,30-Year,Yes,912810QA9,2009-03-16,2039-02-15,11000000000,10997479600,4841875600,1076174800,5079429200,11195666200,195642800,3.6400,2.400000,0.440271,2009-03-05,R_20090312_1.pdf,,"https://api.fiscaldata.treasury.gov/services/api/fiscal_service/v1/accounting/od/auctions_query?filter=security_type:in:(Note,Bond),auction_date:gte:2009-01-01&page%5Bsize%5D=10000&page%5Bnumber%5D=1&sort=auction_date",fetched,2026-09-30T10:44:13Z
2009-03-24,13:00,2009-03-24T13:00:00-04:00,2009-03-24T17:00:00Z,12:00,NOMINAL,2y,original,False,Note,2-Year,2-Year,No,912828KH2,2009-03-31,2011-03-31,40000000000,39545860000,17659800000,875500000,21010560000,41896075800,1895984600,0.9490,2.710000,0.446565,2009-03-19,R_20090324_2.pdf,,"https://api.fiscaldata.treasury.gov/services/api/fiscal_service/v1/accounting/od/auctions_query?filter=security_type:in:(Note,Bond),auction_date:gte:2009-01-01&page%5Bsize%5D=10000&page%5Bnumber%5D=1&sort=auction_date",fetched,2026-09-30T10:44:13Z
2009-03-25,13:00,2009-03-25T13:00:00-04:00,2009-03-25T17:00:00Z,12:00,NOMINAL,5y,original,False,Note,5-Year,5-Year,No,912828KJ8,2009-03-31,2014-03-31,34000000000,33954814000,23268020000,512000000,10174794000,35611646800,1611586800,1.8490,2.020000,0.685264,2009-03-19,R_20090325_1.pdf,,"https://api.fiscaldata.treasury.gov/services/api/fiscal_service/v1/accounting/od/auctions_query?filter=security_type:in:(Note,Bond),auction_date:gte:2009-01-01&page%5Bsize%5D=10000&page%5Bnumber%5D=1&sort=auction_date",fetched,2026-09-30T10:44:13Z
2009-03-26,13:00,2009-03-26T13:00:00-04:00,2009-03-26T17:00:00Z,12:00,NOMINAL,7y,original,False,Note,7-Year,7-Year,No,912828KT6,2009-03-31,2016-03-31,24000000000,23889315000,15366115000,1825000000,6698200000,25137608600,1137590600,2.3840,2.520000,0.643221,2009-03-19,R_20090326_1.pdf,,"https://api.fiscaldata.treasury.gov/services/api/fiscal_service/v1/accounting/od/auctions_query?filter=security_type:in:(Note,Bond),auction_date:gte:2009-01-01&page%5Bsize%5D=10000&page%5Bnumber%5D=1&sort=auction_date",fetched,2026-09-30T10:44:13Z
2009-04-07,13:00,2009-04-07T13:00:00-04:00,2009-04-07T17:00:00Z,12:00,TIPS,10y,original,False,Note,9-Year 9-Month,10-Year,Yes,912828JX9,2009-04-15,2019-01-15,6000000000,5714782000,4107330000,113000000,1494452000,6095519300,95491500,1.5890,2.250000,0.718720,2009-04-02,R_20090407_3.pdf,,"https://api.fiscaldata.treasury.gov/services/api/fiscal_service/v1/accounting/od/auctions_query?filter=security_type:in:(Note,Bond),auction_date:gte:2009-01-01&page%5Bsize%5D=10000&page%5Bnumber%5D=1&sort=auction_date",fetched,2026-09-30T10:44:13Z
2009-04-08,13:00,2009-04-08T13:00:00-04:00,2009-04-08T17:00:00Z,12:00,NOMINAL,3y,original,False,Note,3-Year,3-Year,No,912828KK5,2009-04-15,2012-04-15,35000000000,34961475000,20464100000,1046000000,13451375000,35557034600,557034000,1.3850,2.420000,0.585333,2009-04-06,R_20090408_1.pdf,,"https://api.fiscaldata.treasury.gov/services/api/fiscal_service/v1/accounting/od/auctions_query?filter=security_type:in:(Note,Bond),auction_date:gte:2009-01-01&page%5Bsize%5D=10000&page%5Bnumber%5D=1&sort=auction_date",fetched,2026-09-30T10:44:13Z
2009-04-09,11:30,2009-04-09T11:30:00-04:00,2009-04-09T15:30:00Z,11:00,NOMINAL,10y,original,False,Note,9-Year 10-Month,10-Year,Yes,912828KD1,2009-04-15,2019-02-15,18000000000,17879604800,12873024000,770000000,4236580800,18286532200,286474500,2.9500,2.490000,0.719984,2009-04-06,R_20090409_1.pdf,,"https://api.fiscaldata.treasury.gov/services/api/fiscal_service/v1/accounting/od/auctions_query?filter=security_type:in:(Note,Bond),auction_date:gte:2009-01-01&page%5Bsize%5D=10000&page%5Bnumber%5D=1&sort=auction_date",fetched,2026-09-30T10:44:13Z
2009-04-23,13:00,2009-04-23T13:00:00-04:00,2009-04-23T17:00:00Z,12:00,TIPS,5y,original,False,Note,5-Year,5-Year,No,912828KM1,2009-04-30,2014-04-15,8000000000,7467631000,5436000000,48806000,1982825000,8277224100,277220100,1.2780,2.660000,0.727942,2009-04-20,R_20090423_1.pdf,,"https://api.fiscaldata.treasury.gov/services/api/fiscal_service/v1/accounting/od/auctions_query?filter=security_type:in:(Note,Bond),auction_date:gte:2009-01-01&page%5Bsize%5D=10000&page%5Bnumber%5D=1&sort=auction_date",fetched,2026-09-30T10:44:13Z
2009-04-27,13:00,2009-04-27T13:00:00-04:00,2009-04-27T17:00:00Z,12:00,NOMINAL,2y,original,False,Note,2-Year,2-Year,No,912828KL3,2009-04-30,2011-04-30,40000000000,39588797900,26041143000,2183300000,11364354900,41386220600,1386100700,0.9490,2.720000,0.657791,2009-04-23,R_20090427_3.pdf,,"https://api.fiscaldata.treasury.gov/services/api/fiscal_service/v1/accounting/od/auctions_query?filter=security_type:in:(Note,Bond),auction_date:gte:2009-01-01&page%5Bsize%5D=10000&page%5Bnumber%5D=1&sort=auction_date",fetched,2026-09-30T10:44:13Z
2009-04-28,13:00,2009-04-28T13:00:00-04:00,2009-04-28T17:00:00Z,12:00,NOMINAL,5y,original,False,Note,5-Year,5-Year,No,912828KN9,2009-04-30,2014-04-30,35000000000,34962557000,23402400000,800000000,10760157000,36212960400,1212837900,1.9400,2.220000,0.669356,2009-04-23,R_20090428_2.pdf,,"https://api.fiscaldata.treasury.gov/services/api/fiscal_service/v1/accounting/od/auctions_query?filter=security_type:in:(Note,Bond),auction_date:gte:2009-01-01&page%5Bsize%5D=10000&page%5Bnumber%5D=1&sort=auction_date",fetched,2026-09-30T10:44:13Z
2009-04-29,13:00,2009-04-29T13:00:00-04:00,2009-04-29T17:00:00Z,12:00,NOMINAL,7y,original,False,Note,7-Year,7-Year,No,912828KR0,2009-04-30,2016-04-30,26000000000,25992912000,16552566500,865876500,8574469000,26901046100,900965300,2.6300,2.280000,0.636811,2009-04-23,R_20090429_1.pdf,,"https://api.fiscaldata.treasury.gov/services/api/fiscal_service/v1/accounting/od/auctions_query?filter=security_type:in:(Note,Bond),auction_date:gte:2009-01-01&page%5Bsize%5D=10000&page%5Bnumber%5D=1&sort=auction_date",fetched,2026-09-30T10:44:13Z
2009-05-05,13:00,2009-05-05T13:00:00-04:00,2009-05-05T17:00:00Z,12:00,NOMINAL,3y,original,False,Note,3-Year,3-Year,No,912828KP4,2009-05-15,2012-05-15,35000000000,34795260000,19708750000,2118000000,12968510000,41191369200,6191338900,1.4730,2.660000,0.566421,2009-04-29,R_20090505_3.pdf,,"https://api.fiscaldata.treasury.gov/services/api/fiscal_service/v1/accounting/od/auctions_query?filter=security_type:in:(Note,Bond),auction_date:gte:2009-01-01&page%5Bsize%5D=10000&page%5Bnumber%5D=1&sort=auction_date",fetched,2026-09-30T10:44:13Z
2009-05-06,13:00,2009-05-06T13:00:00-04:00,2009-05-06T17:00:00Z,12:00,NOMINAL,10y,original,False,Note,10-Year,10-Year,No,912828KQ2,2009-05-15,2019-05-15,22000000000,21826802000,13915275000,943500000,6968027000,25891807300,3891698600,3.1900,2.470000,0.637532,2009-04-29,R_20090506_1.pdf,,"https://api.fiscaldata.treasury.gov/services/api/fiscal_service/v1/accounting/od/auctions_query?filter=security_type:in:(Note,Bond),auction_date:gte:2009-01-01&page%5Bsize%5D=10000&page%5Bnumber%5D=1&sort=auction_date",fetched,2026-09-30T10:44:13Z
2009-05-07,13:00,2009-05-07T13:00:00-04:00,2009-05-07T17:00:00Z,12:00,NOMINAL,30y,original,False,Bond,30-Year,30-Year,No,912810QB7,2009-05-15,2039-05-15,14000000000,13980550000,8798150000,574000000,4608400000,16476537700,2476535500,4.2880,2.140000,0.629314,2009-04-29,R_20090507_1.pdf,,"https://api.fiscaldata.treasury.gov/services/api/fiscal_service/v1/accounting/od/auctions_query?filter=security_type:in:(Note,Bond),auction_date:gte:2009-01-01&page%5Bsize%5D=10000&page%5Bnumber%5D=1&sort=auction_date",fetched,2026-09-30T10:44:13Z
2009-05-26,13:00,2009-05-26T13:00:00-04:00,2009-05-26T17:00:00Z,12:00,NOMINAL,2y,original,False,Note,2-Year,2-Year,No,912828KU3,2009-06-01,2011-05-31,40000000000,39476822600,17106963000,894489600,21475370000,41378485200,1378373900,0.9400,2.940000,0.433342,2009-05-21,R_20090526_3.pdf,,"https://api.fiscaldata.treasury.gov/services/api/fiscal_service/v1/accounting/od/auctions_query?filter=security_type:in:(Note,Bond),auction_date:gte:2009-01-01&page%5Bsize%5D=10000&page%5Bnumber%5D=1&sort=auction_date",fetched,2026-09-30T10:44:13Z
2009-05-27,13:00,2009-05-27T13:00:00-04:00,2009-05-27T17:00:00Z,12:00,NOMINAL,5y,original,False,Note,5-Year,5-Year,No,912828KV1,2009-06-01,2014-05-31,35000000000,34889037200,18474882500,977497000,15436657700,36206117700,1206077100,2.3100,2.320000,0.529533,2009-05-21,R_20090527_2.pdf,,"https://api.fiscaldata.treasury.gov/services/api/fiscal_service/v1/accounting/od/auctions_query?filter=security_type:in:(Note,Bond),auction_date:gte:2009-01-01&page%5Bsize%5D=10000&page%5Bnumber%5D=1&sort=auction_date",fetched,2026-09-30T10:44:13Z
2009-05-28,13:00,2009-05-28T13:00:00-04:00,2009-05-28T17:00:00Z,12:00,NOMINAL,7y,original,False,Note,7-Year,7-Year,No,912828KW9,2009-06-01,2016-05-31,26000000000,25982373600,16507104000,905349600,8569920000,26895995500,895943000,3.3000,2.260000,0.635319,2009-05-21,R_20090528_1.pdf,,"https://api.fiscaldata.treasury.gov/services/api/fiscal_service/v1/accounting/od/auctions_query?filter=security_type:in:(Note,Bond),auction_date:gte:2009-01-01&page%5Bsize%5D=10000&page%5Bnumber%5D=1&sort=auction_date",fetched,2026-09-30T10:44:13Z
2009-06-09,13:00,2009-06-09T13:00:00-04:00,2009-06-09T17:00:00Z,12:00,NOMINAL,3y,original,False,Note,3-Year,3-Year,No,912828KX7,2009-06-15,2012-06-15,35000000000,34908089900,14126160000,5507039900,15274890000,35370055500,369923200,1.9600,2.820000,0.404667,2009-06-04,R_20090609_2.pdf,,"https://api.fiscaldata.treasury.gov/services/api/fiscal_service/v1/accounting/od/auctions_query?filter=security_type:in:(Note,Bond),auction_date:gte:2009-01-01&page%5Bsize%5D=10000&page%5Bnumber%5D=1&sort=auction_date",fetched,2026-09-30T10:44:13Z
2009-06-10,13:00,2009-06-10T13:00:00-04:00,2009-06-10T17:00:00Z,12:00,NOMINAL,10y,original,False,Note,9-Year 11-Month,10-Year,Yes,912828KQ2,2009-06-15,2019-05-15,19000000000,18826264500,10640935000,1737550000,6447779500,19200855900,200815300,3.9900,2.620000,0.565218,2009-06-04,R_20090610_1.pdf,,"https://api.fiscaldata.treasury.gov/services/api/fiscal_service/v1/accounting/od/auctions_query?filter=security_type:in:(Note,Bond),auction_date:gte:2009-01-01&page%5Bsize%5D=10000&page%5Bnumber%5D=1&sort=auction_date",fetched,2026-09-30T10:44:13Z
2009-06-11,13:00,2009-06-11T13:00:00-04:00,2009-06-11T17:00:00Z,12:00,NOMINAL,30y,original,False,Bond,29-Year 11-Month,30-Year,Yes,912810QB7,2009-06-15,2039-05-15,11000000000,10980344000,4953403000,643000000,5383941000,11116269700,116261500,4.7200,2.680000,0.451115,2009-06-04,R_20090611_1.pdf,,"https://api.fiscaldata.treasury.gov/services/api/fiscal_service/v1/accounting/od/auctions_query?filter=security_type:in:(Note,Bond),auction_date:gte:2009-01-01&page%5Bsize%5D=10000&page%5Bnumber%5D=1&sort=auction_date",fetched,2026-09-30T10:44:13Z
2009-06-23,13:00,2009-06-23T13:00:00-04:00,2009-06-23T17:00:00Z,12:00,NOMINAL,2y,original,False,Note,2-Year,2-Year,No,912828LF5,2009-06-30,2011-06-30,40000000000,39544341000,10970000000,1389841000,27184500000,41161636700,1161613200,1.1510,3.190000,0.277410,2009-06-18,R_20090623_2.pdf,,"https://api.fiscaldata.treasury.gov/services/api/fiscal_service/v1/accounting/od/auctions_query?filter=security_type:in:(Note,Bond),auction_date:gte:2009-01-01&page%5Bsize%5D=10000&page%5Bnumber%5D=1&sort=auction_date",fetched,2026-09-30T10:44:13Z
2009-06-24,13:00,2009-06-24T13:00:00-04:00,2009-06-24T17:00:00Z,12:00,NOMINAL,5y,original,False,Note,5-Year,5-Year,No,912828KY5,2009-06-30,2014-06-30,37000000000,36893034700,12646590000,1080000000,23166444700,38074606300,1074492000,2.7000,2.580000,0.342791,2009-06-18,R_20090624_1.pdf,,"https://api.fiscaldata.treasury.gov/services/api/fiscal_service/v1/accounting/od/auctions_query?filter=security_type:in:(Note,Bond),auction_date:gte:2009-01-01&page%5Bsize%5D=10000&page%5Bnumber%5D=1&sort=auction_date",fetched,2026-09-30T10:44:13Z
2009-06-25,13:00,2009-06-25T13:00:00-04:00,2009-06-25T17:00:00Z,12:00,NOMINAL,7y,original,False,Note,7-Year,7-Year,No,912828KZ2,2009-06-30,2016-06-30,27000000000,26984837500,8269877500,590009000,18124951000,27784121000,784088800,3.3290,2.820000,0.306464,2009-06-18,R_20090625_1.pdf,,"https://api.fiscaldata.treasury.gov/services/api/fiscal_service/v1/accounting/od/auctions_query?filter=security_type:in:(Note,Bond),auction_date:gte:2009-01-01&page%5Bsize%5D=10000&page%5Bnumber%5D=1&sort=auction_date",fetched,2026-09-30T10:44:13Z
2009-07-06,13:00,2009-07-06T13:00:00-04:00,2009-07-06T17:00:00Z,12:00,TIPS,10y,original,False,Note,10-Year,10-Year,No,912828LA6,2009-07-15,2019-07-15,8000000000,7741097000,3532363000,364108000,3844626000,8135241300,135232800,1.9200,2.510000,0.456313,2009-07-02,R_20090706_3.pdf,,"https://api.fiscaldata.treasury.gov/services/api/fiscal_service/v1/accounting/od/auctions_query?filter=security_type:in:(Note,Bond),auction_date:gte:2009-01-01&page%5Bsize%5D=10000&page%5Bnumber%5D=1&sort=auction_date",fetched,2026-09-30T10:44:13Z
2009-07-07,13:00,2009-07-07T13:00:00-04:00,2009-07-07T17:00:00Z,12:00,NOMINAL,3y,original,False,Note,3-Year,3-Year,No,912828LB4,2009-07-15,2012-07-15,35000000000,34927421000,13444941000,2604370000,18878110000,35591707800,591644000,1.5190,2.620000,0.384939,2009-07-02,R_20090707_2.pdf,,"https://api.fiscaldata.treasury.gov/services/api/fiscal_service/v1/accounting/od/auctions_query?filter=security_type:in:(Note,Bond),auction_date:gte:2009-01-01&page%5Bsize%5D=10000&page%5Bnumber%5D=1&sort=auction_date",fetched,2026-09-30T10:44:13Z
2009-07-08,13:00,2009-07-08T13:00:00-04:00,2009-07-08T17:00:00Z,12:00,NOMINAL,10y,original,False,Note,9-Year 10-Month,10-Year,Yes,912828KQ2,2009-07-15,2019-05-15,19000000000,18907580000,8134800000,2463374400,8309405600,19321538400,321178000,3.3650,3.280000,0.430240,2009-07-02,R_20090708_1.pdf,,"https://api.fiscaldata.treasury.gov/services/api/fiscal_service/v1/accounting/od/auctions_query?filter=security_type:in:(Note,Bond),auction_date:gte:2009-01-01&page%5Bsize%5D=10000&page%5Bnumber%5D=1&sort=auction_date",fetched,2026-09-30T10:44:13Z
2009-07-09,13:00,2009-07-09T13:00:00-04:00,2009-07-09T17:00:00Z,12:00,NOMINAL,30y,original,False,Bond,29-Year 10-Month,30-Year,Yes,912810QB7,2009-07-15,2039-05-15,11000000000,10993568000,5202788000,271000000,5519780000,11185954800,185945200,4.3030,2.360000,0.473257,2009-07-02,R_20090709_1.pdf,,"https://api.fiscaldata.treasury.gov/services/api/fiscal_service/v1/accounting/od/auctions_query?filter=security_type:in:(Note,Bond),auction_date:gte:2009-01-01&page%5Bsize%5D=10000&page%5Bnumber%5D=1&sort=auction_date",fetched,2026-09-30T10:44:13Z
2009-07-27,13:00,2009-07-27T13:00:00-04:00,2009-07-27T17:00:00Z,12:00,TIPS,20y,original,False,Bond,19-Year 6-Month,20-Year,Yes,912810PZ5,2009-07-31,2029-01-15,6000000000,5899990000,3011900000,67500000,2820590000,6150303800,150301200,2.3870,2.270000,0.510492,2009-07-23,R_20090727_3.pdf,,"https://api.fiscaldata.treasury.gov/services/api/fiscal_service/v1/accounting/od/auctions_query?filter=security_type:in:(Note,Bond),auction_date:gte:2009-01-01&page%5Bsize%5D=10000&page%5Bnumber%5D=1&sort=auction_date",fetched,2026-09-30T10:44:13Z
2009-07-28,13:00,2009-07-28T13:00:00-04:00,2009-07-28T17:00:00Z,12:00,NOMINAL,2y,original,False,Note,2-Year,2-Year,No,912828LG3,2009-07-31,2011-07-31,42000000000,41534490500,26131402500,1708134000,13694954000,43052305100,1052108900,1.0800,2.750000,0.629149,2009-07-23,R_20090728_3.pdf,,"https://api.fiscaldata.treasury.gov/services/api/fiscal_service/v1/accounting/od/auctions_query?filter=security_type:in:(Note,Bond),auction_date:gte:2009-01-01&page%5Bsize%5D=10000&page%5Bnumber%5D=1&sort=auction_date",fetched,2026-09-30T10:44:13Z
2009-07-29,13:00,2009-07-29T13:00:00-04:00,2009-07-29T17:00:00Z,12:00,NOMINAL,5y,original,False,Note,5-Year,5-Year,No,912828LC2,2009-07-31,2014-07-31,39000000000,38844750000,23923750000,658000000,14263000000,39977004800,976958100,2.6890,1.920000,0.615881,2009-07-23,R_20090729_1.pdf,,"https://api.fiscaldata.treasury.gov/services/api/fiscal_service/v1/accounting/od/auctions_query?filter=security_type:in:(Note,Bond),auction_date:gte:2009-01-01&page%5Bsize%5D=10000&page%5Bnumber%5D=1&sort=auction_date",fetched,2026-09-30T10:44:13Z
2009-07-30,13:00,2009-07-30T13:00:00-04:00,2009-07-30T17:00:00Z,12:00,NOMINAL,7y,original,False,Note,7-Year,7-Year,No,912828LD0,2009-07-31,2016-07-31,28000000000,27935407500,10047907500,432000000,17455500000,28701406900,701405800,3.3690,2.630000,0.359684,2009-07-23,R_20090730_1.pdf,,"https://api.fiscaldata.treasury.gov/services/api/fiscal_service/v1/accounting/od/auctions_query?filter=security_type:in:(Note,Bond),auction_date:gte:2009-01-01&page%5Bsize%5D=10000&page%5Bnumber%5D=1&sort=auction_date",fetched,2026-09-30T10:44:13Z
2009-08-11,13:00,2009-08-11T13:00:00-04:00,2009-08-11T17:00:00Z,12:00,NOMINAL,3y,original,False,Note,3-Year,3-Year,No,912828LH1,2009-08-17,2012-08-15,37000000000,36745210000,13038640000,750270000,22956300000,42714666100,5714620000,1.7800,2.890000,0.354839,2009-08-05,R_20090811_2.pdf,,"https://api.fiscaldata.treasury.gov/services/api/fiscal_service/v1/accounting/od/auctions_query?filter=security_type:in:(Note,Bond),auction_date:gte:2009-01-01&page%5Bsize%5D=10000&page%5Bnumber%5D=1&sort=auction_date",fetched,2026-09-30T10:44:13Z
2009-08-12,13:00,2009-08-12T13:00:00-04:00,2009-08-12T17:00:00Z,12:00,NOMINAL,10y,original,False,Note,10-Year,10-Year,No,912828LJ7,2009-08-17,2019-08-15,23000000000,22761570000,11873000000,478000000,10410570000,26552348900,3552331200,3.7340,2.490000,0.521625,2009-08-05,R_20090812_1.pdf,,"https://api.fiscaldata.treasury.gov/services/api/fiscal_service/v1/accounting/od/auctions_query?filter=security_type:in:(Note,Bond),auction_date:gte:2009-01-01&page%5Bsize%5D=10000&page%5Bnumber%5D=1&sort=auction_date",fetched,2026-09-30T10:44:13Z
2009-08-13,13:00,2009-08-13T13:00:00-04:00,2009-08-13T17:00:00Z,12:00,NOMINAL,30y,original,False,Bond,30-Year,30-Year,No,912810QC5,2009-08-17,2039-08-15,15000000000,14978455000,6457770000,1323000000,7197685000,17316739300,2316737800,4.5410,2.540000,0.431137,2009-08-05,R_20090813_2.pdf,,"https://api.fiscaldata.treasury.gov/services/api/fiscal_service/v1/accounting/od/auctions_query?filter=security_type:in:(Note,Bond),auction_date:gte:2009-01-01&page%5Bsize%5D=10000&page%5Bnumber%5D=1&sort=auction_date",fetched,2026-09-30T10:44:13Z
2009-08-25,13:00,2009-08-25T13:00:00-04:00,2009-08-25T17:00:00Z,12:00,NOMINAL,2y,original,False,Note,2-Year,2-Year,No,912828LV0,2009-08-31,2011-08-31,42000000000,41419804000,19527960000,1440000000,20451844000,43263984300,1263977800,1.1190,2.680000,0.471464,2009-08-20,R_20090825_3.pdf,,"https://api.fiscaldata.treasury.gov/services/api/fiscal_service/v1/accounting/od/auctions_query?filter=security_type:in:(Note,Bond),auction_date:gte:2009-01-01&page%5Bsize%5D=10000&page%5Bnumber%5D=1&sort=auction_date",fetched,2026-09-30T10:44:13Z
2009-08-26,13:00,2009-08-26T13:00:00-04:00,2009-08-26T17:00:00Z,12:00,NOMINAL,5y,original,False,Note,5-Year,5-Year,No,912828LK4,2009-08-31,2014-08-31,39000000000,38864475000,15790275000,1142000000,21932200000,40173696400,1173693500,2.4940,2.510000,0.406291,2009-08-20,R_20090826_1.pdf,,"https://api.fiscaldata.treasury.gov/services/api/fiscal_service/v1/accounting/od/auctions_query?filter=security_type:in:(Note,Bond),auction_date:gte:2009-01-01&page%5Bsize%5D=10000&page%5Bnumber%5D=1&sort=auction_date",fetched,2026-09-30T10:44:13Z
2009-08-27,13:00,2009-08-27T13:00:00-04:00,2009-08-27T17:00:00Z,12:00,NOMINAL,7y,original,False,Note,7-Year,7-Year,No,912828LL2,2009-08-31,2016-08-31,28000000000,27947089000,10270000000,575000000,17102089000,28842683200,842651700,3.0920,2.740000,0.367480,2009-08-20,R_20090827_1.pdf,,"https://api.fiscaldata.treasury.gov/services/api/fiscal_service/v1/accounting/od/auctions_query?filter=security_type:in:(Note,Bond),auction_date:gte:2009-01-01&page%5Bsize%5D=10000&page%5Bnumber%5D=1&sort=auction_date",fetched,2026-09-30T10:44:13Z
2009-09-08,13:00,2009-09-08T13:00:00-04:00,2009-09-08T17:00:00Z,12:00,NOMINAL,3y,original,False,Note,3-Year,3-Year,No,912828LM0,2009-09-15,2012-09-15,38000000000,37819000000,16073600000,1236800000,20508600000,38080349200,80342900,1.4870,3.020000,0.425014,2009-09-03,R_20090908_3.pdf,,"https://api.fiscaldata.treasury.gov/services/api/fiscal_service/v1/accounting/od/auctions_query?filter=security_type:in:(Note,Bond),auction_date:gte:2009-01-01&page%5Bsize%5D=10000&page%5Bnumber%5D=1&sort=auction_date",fetched,2026-09-30T10:44:13Z
2009-09-09,13:00,2009-09-09T13:00:00-04:00,2009-09-09T17:00:00Z,12:00,NOMINAL,10y,original,False,Note,9-Year 11-Month,10-Year,Yes,912828LJ7,2009-09-15,2019-08-15,20000000000,19854240000,8319200000,545760000,10989280000,20042302200,42285700,3.5100,2.770000,0.419014,2009-09-03,R_20090909_2.pdf,,"https://api.fiscaldata.treasury.gov/services/api/fiscal_service/v1/accounting/od/auctions_query?filter=security_type:in:(Note,Bond),auction_date:gte:2009-01-01&page%5Bsize%5D=10000&page%5Bnumber%5D=1&sort=auction_date",fetched,2026-09-30T10:44:13Z
2009-09-10,13:00,2009-09-10T13:00:00-04:00,2009-09-10T17:00:00Z,12:00,NOMINAL,30y,original,False,Bond,29-Year 11-Month,30-Year,Yes,912810QC5,2009-09-15,2039-08-15,12000000000,11980450000,6174000000,239000000,5567450000,12025435000,25371400,4.2380,2.920000,0.515340,2009-09-03,R_20090910_1.pdf,,"https://api.fiscaldata.treasury.gov/services/api/fiscal_service/v1/accounting/od/auctions_query?filter=security_type:in:(Note,Bond),auction_date:gte:2009-01-01&page%5Bsize%5D=10000&page%5Bnumber%5D=1&sort=auction_date",fetched,2026-09-30T10:44:13Z
2009-09-22,13:00,2009-09-22T13:00:00-04:00,2009-09-22T17:00:00Z,12:00,NOMINAL,2y,original,False,Note,2-Year,2-Year,No,912828LW8,2009-09-30,2011-09-30,43000000000,42466030000,18261380000,5025000000,19179650000,43761663200,761655200,1.0340,3.230000,0.430023,2009-09-17,R_20090922_3.pdf,,"https://api.fiscaldata.treasury.gov/services/api/fiscal_service/v1/accounting/od/auctions_query?filter=security_type:in:(Note,Bond),auction_date:gte:2009-01-01&page%5Bsize%5D=10000&page%5Bnumber%5D=1&sort=auction_date",fetched,2026-09-30T10:44:13Z
2009-09-23,13:00,2009-09-23T13:00:00-04:00,2009-09-23T17:00:00Z,12:00,NOMINAL,5y,original,False,Note,5-Year,5-Year,No,912828LQ1,2009-09-30,2014-09-30,40000000000,39832906800,17650206800,4333000000,17849700000,40708545800,708516400,2.4700,2.400000,0.443106,2009-09-17,R_20090923_1.pdf,,"https://api.fiscaldata.treasury.gov/services/api/fiscal_service/v1/accounting/od/auctions_query?filter=security_type:in:(Note,Bond),auction_date:gte:2009-01-01&page%5Bsize%5D=10000&page%5Bnumber%5D=1&sort=auction_date",fetched,2026-09-30T10:44:13Z
2009-09-24,13:00,2009-09-24T13:00:00-04:00,2009-09-24T17:00:00Z,12:00,NOMINAL,7y,original,False,Note,7-Year,7-Year,No,912828LP3,2009-09-30,2016-09-30,29000000000,28960497000,9270220000,1823022000,17867255000,29513678400,513674400,3.0050,2.790000,0.320099,2009-09-17,R_20090924_1.pdf,,"https://api.fiscaldata.treasury.gov/services/api/fiscal_service/v1/accounting/od/auctions_query?filter=security_type:in:(Note,Bond),auction_date:gte:2009-01-01&page%5Bsize%5D=10000&page%5Bnumber%5D=1&sort=auction_date",fetched,2026-09-30T10:44:13Z
2009-10-05,13:00,2009-10-05T13:00:00-04:00,2009-10-05T17:00:00Z,12:00,TIPS,10y,original,False,Note,9-Year 9-Month,10-Year,Yes,912828LA6,2009-10-15,2019-07-15,7000000000,6846125000,3804200000,29000000,3012925000,7054746800,54743500,1.5100,3.120000,0.555672,2009-10-01,R_20091005_3.pdf,,"https://api.fiscaldata.treasury.gov/services/api/fiscal_service/v1/accounting/od/auctions_query?filter=security_type:in:(Note,Bond),auction_date:gte:2009-01-01&page%5Bsize%5D=10000&page%5Bnumber%5D=1&sort=auction_date",fetched,2026-09-30T10:44:13Z
2009-10-06,13:00,2009-10-06T13:00:00-04:00,2009-10-06T17:00:00Z,12:00,NOMINAL,3y,original,False,Note,3-Year,3-Year,No,912828LR9,2009-10-15,2012-10-15,39000000000,38828362000,15537960000,4242196000,19048206000,39305007000,305000200,1.4450,2.760000,0.400170,2009-10-01,R_20091006_2.pdf,,"https://api.fiscaldata.treasury.gov/services/api/fiscal_service/v1/accounting/od/auctions_query?filter=security_type:in:(Note,Bond),auction_date:gte:2009-01-01&page%5Bsize%5D=10000&page%5Bnumber%5D=1&sort=auction_date",fetched,2026-09-30T10:44:13Z
2009-10-07,13:00,2009-10-07T13:00:00-04:00,2009-10-07T17:00:00Z,12:00,NOMINAL,10y,original,False,Note,9-Year 10-Month,10-Year,Yes,912828LJ7,2009-10-15,2019-08-15,20000000000,19858112000,9430311500,1008038500,9419762000,20156443200,156410200,3.2100,3.010000,0.474885,2009-10-01,R_20091007_1.pdf,,"https://api.fiscaldata.treasury.gov/services/api/fiscal_service/v1/accounting/od/auctions_query?filter=security_type:in:(Note,Bond),auction_date:gte:2009-01-01&page%5Bsize%5D=10000&page%5Bnumber%5D=1&sort=auction_date",fetched,2026-09-30T10:44:13Z
2009-10-08,13:00,2009-10-08T13:00:00-04:00,2009-10-08T17:00:00Z,12:00,NOMINAL,30y,original,False,Bond,29-Year 10-Month,30-Year,Yes,912810QC5,2009-10-15,2039-08-15,12000000000,11981124000,6825259000,1022000000,4133865000,12093852800,93846100,4.0090,2.370000,0.569668,2009-10-01,R_20091008_2.pdf,,"https://api.fiscaldata.treasury.gov/services/api/fiscal_service/v1/accounting/od/auctions_query?filter=security_type:in:(Note,Bond),auction_date:gte:2009-01-01&page%5Bsize%5D=10000&page%5Bnumber%5D=1&sort=auction_date",fetched,2026-09-30T10:44:13Z
2009-10-26,13:00,2009-10-26T13:00:00-04:00,2009-10-26T17:00:00Z,12:00,TIPS,5y,original,False,Note,4-Year 6-Month,5-Year,Yes,912828KM1,2009-10-30,2014-04-15,7000000000,6763845000,3499260000,34120000,3230465000,7000004100,0,0.7690,3.100000,0.517348,2009-10-22,R_20091026_3.pdf,,"https://api.fiscaldata.treasury.gov/services/api/fiscal_service/v1/accounting/od/auctions_query?filter=security_type:in:(Note,Bond),auction_date:gte:2009-01-01&page%5Bsize%5D=10000&page%5Bnumber%5D=1&sort=auction_date",fetched,2026-09-30T10:44:13Z
2009-10-27,13:00,2009-10-27T13:00:00-04:00,2009-10-27T17:00:00Z,12:00,NOMINAL,2y,original,False,Note,2-Year,2-Year,No,912828LT5,2009-11-02,2011-10-31,44000000000,43463337100,12783446000,11360316100,19319575000,45085220300,1084753400,1.0200,3.630000,0.294120,2009-10-22,R_20091027_2.pdf,,"https://api.fiscaldata.treasury.gov/services/api/fiscal_service/v1/accounting/od/auctions_query?filter=security_type:in:(Note,Bond),auction_date:gte:2009-01-01&page%5Bsize%5D=10000&page%5Bnumber%5D=1&sort=auction_date",fetched,2026-09-30T10:44:13Z
2009-10-28,13:00,2009-10-28T13:00:00-04:00,2009-10-28T17:00:00Z,12:00,NOMINAL,5y,original,False,Note,5-Year,5-Year,No,912828LS7,2009-11-02,2014-10-31,41000000000,40878005000,17278405000,1218000000,22381600000,42010794200,1010792700,2.3880,2.630000,0.422682,2009-10-22,R_20091028_2.pdf,,"https://api.fiscaldata.treasury.gov/services/api/fiscal_service/v1/accounting/od/auctions_query?filter=security_type:in:(Note,Bond),auction_date:gte:2009-01-01&page%5Bsize%5D=10000&page%5Bnumber%5D=1&sort=auction_date",fetched,2026-09-30T10:44:13Z
2009-10-29,13:00,2009-10-29T13:00:00-04:00,2009-10-29T17:00:00Z,12:00,NOMINAL,7y,original,False,Note,7-Year,7-Year,No,912828LU2,2009-11-02,2016-10-31,31000000000,30966150000,11476950000,1119000000,18370200000,31764262900,764257900,3.1410,2.650000,0.370629,2009-10-22,R_20091029_1.pdf,,"https://api.fiscaldata.treasury.gov/services/api/fiscal_service/v1/accounting/od/auctions_query?filter=security_type:in:(Note,Bond),auction_date:gte:2009-01-01&page%5Bsize%5D=10000&page%5Bnumber%5D=1&sort=auction_date",fetched,2026-09-30T10:44:13Z
2009-11-09,13:00,2009-11-09T13:00:00-05:00,2009-11-09T18:00:00Z,12:00,NOMINAL,3y,original,False,Note,3-Year,3-Year,No,912828LX6,2009-11-16,2012-11-15,40000000000,39724600000,9501700000,2993000000,27229900000,44973709600,4973253400,1.4040,3.330000,0.239189,2009-11-04,R_20091109_3.pdf,,"https://api.fiscaldata.treasury.gov/services/api/fiscal_service/v1/accounting/od/auctions_query?filter=security_type:in:(Note,Bond),auction_date:gte:2009-01-01&page%5Bsize%5D=10000&page%5Bnumber%5D=1&sort=auction_date",fetched,2026-09-30T10:44:13Z
2009-11-10,13:00,2009-11-10T13:00:00-05:00,2009-11-10T18:00:00Z,12:00,NOMINAL,10y,original,False,Note,10-Year,10-Year,No,912828LY4,2009-11-16,2019-11-15,25000000000,24794093800,11942474000,1120124500,11731495300,28108393900,3108283300,3.4700,2.810000,0.481666,2009-11-04,R_20091110_2.pdf,,"https://api.fiscaldata.treasury.gov/services/api/fiscal_service/v1/accounting/od/auctions_query?filter=security_type:in:(Note,Bond),auction_date:gte:2009-01-01&page%5Bsize%5D=10000&page%5Bnumber%5D=1&sort=auction_date",fetched,2026-09-30T10:44:13Z
2009-11-12,13:00,2009-11-12T13:00:00-05:00,2009-11-12T18:00:00Z,12:00,NOMINAL,30y,original,False,Bond,30-Year,30-Year,No,912810QD3,2009-11-16,2039-11-15,16000000000,15972237100,7009957000,1932180100,7030100000,17989304100,1989301300,4.4690,2.260000,0.438884,2009-11-04,R_20091112_1.pdf,,"https://api.fiscaldata.treasury.gov/services/api/fiscal_service/v1/accounting/od/auctions_query?filter=security_type:in:(Note,Bond),auction_date:gte:2009-01-01&page%5Bsize%5D=10000&page%5Bnumber%5D=1&sort=auction_date",fetched,2026-09-30T10:44:13Z
2009-11-23,13:00,2009-11-23T13:00:00-05:00,2009-11-23T18:00:00Z,12:00,NOMINAL,2y,original,False,Note,2-Year,2-Year,No,912828MM9,2009-11-30,2011-11-30,44000000000,43483420000,22082350000,2037000000,19364070000,45321323100,1321280900,0.8020,3.160000,0.507834,2009-11-19,R_20091123_3.pdf,,"https://api.fiscaldata.treasury.gov/services/api/fiscal_service/v1/accounting/od/auctions_query?filter=security_type:in:(Note,Bond),auction_date:gte:2009-01-01&page%5Bsize%5D=10000&page%5Bnumber%5D=1&sort=auction_date",fetched,2026-09-30T10:44:13Z
2009-11-24,13:00,2009-11-24T13:00:00-05:00,2009-11-24T18:00:00Z,12:00,NOMINAL,5y,original,False,Note,5-Year,5-Year,No,912828LZ1,2009-11-30,2014-11-30,42000000000,41831884000,15146360000,1198000000,25487524000,43261295100,1261222600,2.1750,2.810000,0.362077,2009-11-19,R_20091124_2.pdf,,"https://api.fiscaldata.treasury.gov/services/api/fiscal_service/v1/accounting/od/auctions_query?filter=security_type:in:(Note,Bond),auction_date:gte:2009-01-01&page%5Bsize%5D=10000&page%5Bnumber%5D=1&sort=auction_date",fetched,2026-09-30T10:44:13Z
2009-11-25,13:00,2009-11-25T13:00:00-05:00,2009-11-25T18:00:00Z,12:00,NOMINAL,7y,original,False,Note,7-Year,7-Year,No,912828MA5,2009-11-30,2016-11-30,32000000000,31976388000,8922950000,3073000000,19980438000,32960977300,960931500,2.8350,2.760000,0.279048,2009-11-19,R_20091125_1.pdf,,"https://api.fiscaldata.treasury.gov/services/api/fiscal_service/v1/accounting/od/auctions_query?filter=security_type:in:(Note,Bond),auction_date:gte:2009-01-01&page%5Bsize%5D=10000&page%5Bnumber%5D=1&sort=auction_date",fetched,2026-09-30T10:44:13Z
2009-12-08,13:00,2009-12-08T13:00:00-05:00,2009-12-08T18:00:00Z,12:00,NOMINAL,3y,original,False,Note,3-Year,3-Year,No,912828MB3,2009-12-15,2012-12-15,40000000000,39825400000,14407200000,1173000000,24245200000,40215139200,215135200,1.2230,2.980000,0.361759,2009-12-03,R_20091208_3.pdf,,"https://api.fiscaldata.treasury.gov/services/api/fiscal_service/v1/accounting/od/auctions_query?filter=security_type:in:(Note,Bond),auction_date:gte:2009-01-01&page%5Bsize%5D=10000&page%5Bnumber%5D=1&sort=auction_date",fetched,2026-09-30T10:44:13Z
2009-12-09,13:00,2009-12-09T13:00:00-05:00,2009-12-09T18:00:00Z,12:00,NOMINAL,10y,original,False,Note,9-Year 11-Month,10-Year,Yes,912828LY4,2009-12-15,2019-11-15,21000000000,20954820000,11766020000,1875000000,7313800000,21112967300,112945900,3.4480,2.620000,0.561495,2009-12-03,R_20091209_2.pdf,,"https://api.fiscaldata.treasury.gov/services/api/fiscal_service/v1/accounting/od/auctions_query?filter=security_type:in:(Note,Bond),auction_date:gte:2009-01-01&page%5Bsize%5D=10000&page%5Bnumber%5D=1&sort=auction_date",fetched,2026-09-30T10:44:13Z
2009-12-10,13:00,2009-12-10T13:00:00-05:00,2009-12-10T18:00:00Z,12:00,NOMINAL,30y,original,False,Bond,29-Year 11-Month,30-Year,Yes,912810QD3,2009-12-15,2039-11-15,13000000000,12981895000,6866426000,902062000,5213407000,13069953400,69918900,4.5200,2.450000,0.528923,2009-12-03,R_20091210_1.pdf,,"https://api.fiscaldata.treasury.gov/services/api/fiscal_service/v1/accounting/od/auctions_query?filter=security_type:in:(Note,Bond),auction_date:gte:2009-01-01&page%5Bsize%5D=10000&page%5Bnumber%5D=1&sort=auction_date",fetched,2026-09-30T10:44:13Z
2009-12-28,13:00,2009-12-28T13:00:00-05:00,2009-12-28T18:00:00Z,12:00,NOMINAL,2y,original,False,Note,2-Year,2-Year,No,912828ML1,2009-12-31,2011-12-31,44000000000,43627860000,19954360000,8494000000,15179500000,45304092700,1304048200,1.0890,2.910000,0.457377,2009-12-23,R_20091228_3.pdf,,"https://api.fiscaldata.treasury.gov/services/api/fiscal_service/v1/accounting/od/auctions_query?filter=security_type:in:(Note,Bond),auction_date:gte:2009-01-01&page%5Bsize%5D=10000&page%5Bnumber%5D=1&sort=auction_date",fetched,2026-09-30T10:44:13Z
2009-12-29,13:00,2009-12-29T13:00:00-05:00,2009-12-29T18:00:00Z,12:00,NOMINAL,5y,original,False,Note,5-Year,5-Year,No,912828ME7,2009-12-31,2014-12-31,42000000000,41890770000,17995580000,5457370000,18437820000,43244809700,1244773200,2.6650,2.590000,0.429583,2009-12-23,R_20091229_2.pdf,,"https://api.fiscaldata.treasury.gov/services/api/fiscal_service/v1/accounting/od/auctions_query?filter=security_type:in:(Note,Bond),auction_date:gte:2009-01-01&page%5Bsize%5D=10000&page%5Bnumber%5D=1&sort=auction_date",fetched,2026-09-30T10:44:13Z
2009-12-30,13:00,2009-12-30T13:00:00-05:00,2009-12-30T18:00:00Z,12:00,NOMINAL,7y,original,False,Note,7-Year,7-Year,No,912828MD9,2009-12-31,2016-12-31,32000000000,31947974000,15563767500,2113784500,14270422000,32948435700,948398600,3.3450,2.720000,0.487160,2009-12-23,R_20091230_2.pdf,,"https://api.fiscaldata.treasury.gov/services/api/fiscal_service/v1/accounting/od/auctions_query?filter=security_type:in:(Note,Bond),auction_date:gte:2009-01-01&page%5Bsize%5D=10000&page%5Bnumber%5D=1&sort=auction_date",fetched,2026-09-30T10:44:13Z
2010-01-11,13:00,2010-01-11T13:00:00-05:00,2010-01-11T18:00:00Z,12:00,TIPS,10y,original,False,Note,10-Year,10-Year,No,912828MF4,2010-01-15,2020-01-15,10000000000,9727475300,5462075000,310000000,3955400300,10388280600,388273200,1.4300,2.650000,0.561510,2010-01-07,R_20100111_3.pdf,,"https://api.fiscaldata.treasury.gov/services/api/fiscal_service/v1/accounting/od/auctions_query?filter=security_type:in:(Note,Bond),auction_date:gte:2009-01-01&page%5Bsize%5D=10000&page%5Bnumber%5D=1&sort=auction_date",fetched,2026-09-30T10:44:13Z
2010-01-12,13:00,2010-01-12T13:00:00-05:00,2010-01-12T18:00:00Z,12:00,NOMINAL,3y,original,False,Note,3-Year,3-Year,No,912828MG2,2010-01-15,2013-01-15,40000000000,39918320000,15406200000,9342000000,15170120000,41553284000,1553093000,1.4900,2.980000,0.385943,2010-01-07,R_20100112_3.pdf,,"https://api.fiscaldata.treasury.gov/services/api/fiscal_service/v1/accounting/od/auctions_query?filter=security_type:in:(Note,Bond),auction_date:gte:2009-01-01&page%5Bsize%5D=10000&page%5Bnumber%5D=1&sort=auction_date",fetched,2026-09-30T10:44:13Z
2010-01-13,13:00,2010-01-13T13:00:00-05:00,2010-01-13T18:00:00Z,12:00,NOMINAL,10y,original,False,Note,9-Year 10-Month,10-Year,Yes,912828LY4,2010-01-15,2019-11-15,21000000000,20833507500,11182387500,3606000000,6045120000,21815387700,815373700,3.7540,3.000000,0.536750,2010-01-07,R_20100113_1.pdf,,"https://api.fiscaldata.treasury.gov/services/api/fiscal_service/v1/accounting/od/auctions_query?filter=security_type:in:(Note,Bond),auction_date:gte:2009-01-01&page%5Bsize%5D=10000&page%5Bnumber%5D=1&sort=auction_date",fetched,2026-09-30T10:44:13Z
2010-01-14,13:00,2010-01-14T13:00:00-05:00,2010-01-14T18:00:00Z,12:00,NOMINAL,30y,original,False,Bond,29-Year 10-Month,30-Year,Yes,912810QD3,2010-01-15,2039-11-15,13000000000,12982574200,7058196500,636337600,5288040100,13504789200,504755100,4.6400,2.680000,0.543667,2010-01-07,R_20100114_1.pdf,,"https://api.fiscaldata.treasury.gov/services/api/fiscal_service/v1/accounting/od/auctions_query?filter=security_type:in:(Note,Bond),auction_date:gte:2009-01-01&page%5Bsize%5D=10000&page%5Bnumber%5D=1&sort=auction_date",fetched,2026-09-30T10:44:13Z
2010-01-26,13:00,2010-01-26T13:00:00-05:00,2010-01-26T18:00:00Z,12:00,NOMINAL,2y,original,False,Note,2-Year,2-Year,No,912828MJ6,2010-02-01,2012-01-31,44000000000,43494455000,20057085000,4685395000,18751975000,44717037600,716982800,0.8800,3.130000,0.461141,2010-01-21,R_20100126_2.pdf,,"https://api.fiscaldata.treasury.gov/services/api/fiscal_service/v1/accounting/od/auctions_query?filter=security_type:in:(Note,Bond),auction_date:gte:2009-01-01&page%5Bsize%5D=10000&page%5Bnumber%5D=1&sort=auction_date",fetched,2026-09-30T10:44:13Z
2010-01-27,13:00,2010-01-27T13:00:00-05:00,2010-01-27T18:00:00Z,12:00,NOMINAL,5y,original,False,Note,5-Year,5-Year,No,912828MH0,2010-02-01,2015-01-31,42000000000,41895838000,16585545000,3119790500,22190502500,42684401800,684392400,2.3700,2.800000,0.395876,2010-01-21,R_20100127_1.pdf,,"https://api.fiscaldata.treasury.gov/services/api/fiscal_service/v1/accounting/od/auctions_query?filter=security_type:in:(Note,Bond),auction_date:gte:2009-01-01&page%5Bsize%5D=10000&page%5Bnumber%5D=1&sort=auction_date",fetched,2026-09-30T10:44:13Z
2010-01-28,13:00,2010-01-28T13:00:00-05:00,2010-01-28T18:00:00Z,12:00,NOMINAL,7y,original,False,Note,7-Year,7-Year,No,912828MK3,2010-02-01,2017-01-31,32000000000,31976347000,11874660000,3775300000,16326387000,32521465700,521441800,3.1270,2.850000,0.371358,2010-01-21,R_20100128_1.pdf,,"https://api.fiscaldata.treasury.gov/services/api/fiscal_service/v1/accounting/od/auctions_query?filter=security_type:in:(Note,Bond),auction_date:gte:2009-01-01&page%5Bsize%5D=10000&page%5Bnumber%5D=1&sort=auction_date",fetched,2026-09-30T10:44:13Z
2010-02-09,13:00,2010-02-09T13:00:00-05:00,2010-02-09T18:00:00Z,12:00,NOMINAL,3y,original,False,Note,3-Year,3-Year,No,912828MN7,2010-02-16,2013-02-15,40000000000,39793300000,15416500000,4009000000,20367800000,44491937400,4491922600,1.3770,2.830000,0.387414,2010-02-03,R_20100209_3.pdf,,"https://api.fiscaldata.treasury.gov/services/api/fiscal_service/v1/accounting/od/auctions_query?filter=security_type:in:(Note,Bond),auction_date:gte:2009-01-01&page%5Bsize%5D=10000&page%5Bnumber%5D=1&sort=auction_date",fetched,2026-09-30T10:44:13Z
2010-02-10,13:00,2010-02-10T13:00:00-05:00,2010-02-10T18:00:00Z,12:00,NOMINAL,10y,original,False,Note,10-Year,10-Year,No,912828MP2,2010-02-16,2020-02-15,25000000000,24755125000,13320000000,3219000000,8216125000,27807458000,2807451500,3.6920,2.670000,0.538070,2010-02-03,R_20100210_1.pdf,,"https://api.fiscaldata.treasury.gov/services/api/fiscal_service/v1/accounting/od/auctions_query?filter=security_type:in:(Note,Bond),auction_date:gte:2009-01-01&page%5Bsize%5D=10000&page%5Bnumber%5D=1&sort=auction_date",fetched,2026-09-30T10:44:13Z
2010-02-11,13:00,2010-02-11T13:00:00-05:00,2010-02-11T18:00:00Z,12:00,NOMINAL,30y,original,False,Bond,30-Year,30-Year,No,912810QE1,2010-02-16,2040-02-15,16000000000,15980095700,7573590500,3847481400,4559023800,17796775900,1796768900,4.7200,2.360000,0.473939,2010-02-03,R_20100211_1.pdf,,"https://api.fiscaldata.treasury.gov/services/api/fiscal_service/v1/accounting/od/auctions_query?filter=security_type:in:(Note,Bond),auction_date:gte:2009-01-01&page%5Bsize%5D=10000&page%5Bnumber%5D=1&sort=auction_date",fetched,2026-09-30T10:44:13Z
2010-02-22,13:00,2010-02-22T13:00:00-05:00,2010-02-22T18:00:00Z,12:00,TIPS,30y,original,False,Bond,30-Year,30-Year,No,912810QF8,2010-02-26,2040-02-15,8000000000,7913925000,4050285000,505750000,3357890000,8000000000,0,2.2290,2.450000,0.511792,2010-02-18,R_20100222_3.pdf,,"https://api.fiscaldata.treasury.gov/services/api/fiscal_service/v1/accounting/od/auctions_query?filter=security_type:in:(Note,Bond),auction_date:gte:2009-01-01&page%5Bsize%5D=10000&page%5Bnumber%5D=1&sort=auction_date",fetched,2026-09-30T10:44:13Z
2010-02-23,13:00,2010-02-23T13:00:00-05:00,2010-02-23T18:00:00Z,12:00,NOMINAL,2y,original,False,Note,2-Year,2-Year,No,912828MQ0,2010-03-01,2012-02-29,44000000000,43558832500,16654832500,3572000000,23332000000,45081383400,1081378100,0.8950,3.330000,0.382353,2010-02-18,R_20100223_2.pdf,,"https://api.fiscaldata.treasury.gov/services/api/fiscal_service/v1/accounting/od/auctions_query?filter=security_type:in:(Note,Bond),auction_date:gte:2009-01-01&page%5Bsize%5D=10000&page%5Bnumber%5D=1&sort=auction_date",fetched,2026-09-30T10:44:13Z
2010-02-24,13:00,2010-02-24T13:00:00-05:00,2010-02-24T18:00:00Z,12:00,NOMINAL,5y,original,False,Note,5-Year,5-Year,No,912828MR8,2010-03-01,2015-02-28,42000000000,41822967500,19580565000,5373195000,16869207500,43032259900,1032224300,2.3950,2.750000,0.468177,2010-02-18,R_20100224_2.pdf,,"https://api.fiscaldata.treasury.gov/services/api/fiscal_service/v1/accounting/od/auctions_query?filter=security_type:in:(Note,Bond),auction_date:gte:2009-01-01&page%5Bsize%5D=10000&page%5Bnumber%5D=1&sort=auction_date",fetched,2026-09-30T10:44:13Z
2010-02-25,13:00,2010-02-25T13:00:00-05:00,2010-02-25T18:00:00Z,12:00,NOMINAL,7y,original,False,Note,7-Year,7-Year,No,912828MS6,2010-03-01,2017-02-28,32000000000,31964824000,13569000000,5505680000,12890144000,32786469300,786456600,3.0780,2.980000,0.424498,2010-02-18,R_20100225_1.pdf,,"https://api.fiscaldata.treasury.gov/services/api/fiscal_service/v1/accounting/od/auctions_query?filter=security_type:in:(Note,Bond),auction_date:gte:2009-01-01&page%5Bsize%5D=10000&page%5Bnumber%5D=1&sort=auction_date",fetched,2026-09-30T10:44:13Z
2010-03-09,13:00,2010-03-09T13:00:00-05:00,2010-03-09T18:00:00Z,12:00,NOMINAL,3y,original,False,Note,3-Year,3-Year,No,912828MT4,2010-03-15,2013-03-15,40000000000,39829538000,15060338000,4119000000,20650200000,40473259300,473243300,1.4370,3.130000,0.378120,2010-03-04,R_20100309_3.pdf,,"https://api.fiscaldata.treasury.gov/services/api/fiscal_service/v1/accounting/od/auctions_query?filter=security_type:in:(Note,Bond),auction_date:gte:2009-01-01&page%5Bsize%5D=10000&page%5Bnumber%5D=1&sort=auction_date",fetched,2026-09-30T10:44:13Z
2010-03-10,13:00,2010-03-10T13:00:00-05:00,2010-03-10T18:00:00Z,12:00,NOMINAL,10y,original,False,Note,9-Year 11-Month,10-Year,Yes,912828MP2,2010-03-15,2020-02-15,21000000000,20829510800,9857410000,3653110800,7318990000,21248466500,248452700,3.7350,3.450000,0.473243,2010-03-04,R_20100310_2.pdf,,"https://api.fiscaldata.treasury.gov/services/api/fiscal_service/v1/accounting/od/auctions_query?filter=security_type:in:(Note,Bond),auction_date:gte:2009-01-01&page%5Bsize%5D=10000&page%5Bnumber%5D=1&sort=auction_date",fetched,2026-09-30T10:44:13Z
2010-03-11,13:00,2010-03-11T13:00:00-05:00,2010-03-11T18:00:00Z,12:00,NOMINAL,30y,original,False,Bond,29-Year 11-Month,30-Year,Yes,912810QE1,2010-03-15,2040-02-15,13000000000,12978916000,6026600000,3848000000,3104316000,13153807100,153804000,4.6790,2.890000,0.464338,2010-03-04,R_20100311_1.pdf,,"https://api.fiscaldata.treasury.gov/services/api/fiscal_service/v1/accounting/od/auctions_query?filter=security_type:in:(Note,Bond),auction_date:gte:2009-01-01&page%5Bsize%5D=10000&page%5Bnumber%5D=1&sort=auction_date",fetched,2026-09-30T10:44:13Z
2010-03-23,13:00,2010-03-23T13:00:00-04:00,2010-03-23T17:00:00Z,12:00,NOMINAL,2y,original,False,Note,2-Year,2-Year,No,912828MU1,2010-03-31,2012-03-31,44000000000,43517432000,22374000000,6007064000,15136368000,45488534600,1488393700,1.0000,3.000000,0.514139,2010-03-18,R_20100323_2.pdf,,"https://api.fiscaldata.treasury.gov/services/api/fiscal_service/v1/accounting/od/auctions_query?filter=security_type:in:(Note,Bond),auction_date:gte:2009-01-01&page%5Bsize%5D=10000&page%5Bnumber%5D=1&sort=auction_date",fetched,2026-09-30T10:44:13Z
2010-03-24,13:00,2010-03-24T13:00:00-04:00,2010-03-24T17:00:00Z,12:00,NOMINAL,5y,original,False,Note,5-Year,5-Year,No,912828MW7,2010-03-31,2015-03-31,42000000000,41854341000,20754661000,4502000000,16597680000,43420773900,1420739300,2.6050,2.550000,0.495878,2010-03-18,R_20100324_2.pdf,,"https://api.fiscaldata.treasury.gov/services/api/fiscal_service/v1/accounting/od/auctions_query?filter=security_type:in:(Note,Bond),auction_date:gte:2009-01-01&page%5Bsize%5D=10000&page%5Bnumber%5D=1&sort=auction_date",fetched,2026-09-30T10:44:13Z
2010-03-25,13:00,2010-03-25T13:00:00-04:00,2010-03-25T17:00:00Z,12:00,NOMINAL,7y,original,False,Note,7-Year,7-Year,No,912828MV9,2010-03-31,2017-03-31,32000000000,31954140000,15982000000,2593000000,13379140000,33082472700,1082468000,3.3740,2.610000,0.500154,2010-03-18,R_20100325_1.pdf,,"https://api.fiscaldata.treasury.gov/services/api/fiscal_service/v1/accounting/od/auctions_query?filter=security_type:in:(Note,Bond),auction_date:gte:2009-01-01&page%5Bsize%5D=10000&page%5Bnumber%5D=1&sort=auction_date",fetched,2026-09-30T10:44:13Z
2010-04-05,13:00,2010-04-05T13:00:00-04:00,2010-04-05T17:00:00Z,12:00,TIPS,10y,original,False,Note,9-Year 9-Month,10-Year,Yes,912828MF4,2010-04-15,2020-01-15,8000000000,7882605000,4337175000,592000000,2953430000,8585632500,585631700,1.7090,3.430000,0.550221,2010-04-01,R_20100405_3.pdf,,"https://api.fiscaldata.treasury.gov/services/api/fiscal_service/v1/accounting/od/auctions_query?filter=security_type:in:(Note,Bond),auction_date:gte:2009-01-01&page%5Bsize%5D=10000&page%5Bnumber%5D=1&sort=auction_date",fetched,2026-09-30T10:44:13Z
2010-04-06,13:00,2010-04-06T13:00:00-04:00,2010-04-06T17:00:00Z,12:00,NOMINAL,3y,original,False,Note,3-Year,3-Year,No,912828MX5,2010-04-15,2013-04-15,40000000000,39941588000,14780000000,4293188000,20868400000,42928161200,2928158500,1.7760,3.100000,0.370040,2010-04-01,R_20100406_3.pdf,,"https://api.fiscaldata.treasury.gov/services/api/fiscal_service/v1/accounting/od/auctions_query?filter=security_type:in:(Note,Bond),auction_date:gte:2009-01-01&page%5Bsize%5D=10000&page%5Bnumber%5D=1&sort=auction_date",fetched,2026-09-30T10:44:13Z
2010-04-07,13:00,2010-04-07T13:00:00-04:00,2010-04-07T17:00:00Z,12:00,NOMINAL,10y,original,False,Note,9-Year 10-Month,10-Year,Yes,912828MP2,2010-04-15,2020-02-15,21000000000,20897524100,8477492000,3410825200,9009206900,22537541900,1537283200,3.9000,3.720000,0.405670,2010-04-01,R_20100407_2.pdf,,"https://api.fiscaldata.treasury.gov/services/api/fiscal_service/v1/accounting/od/auctions_query?filter=security_type:in:(Note,Bond),auction_date:gte:2009-01-01&page%5Bsize%5D=10000&page%5Bnumber%5D=1&sort=auction_date",fetched,2026-09-30T10:44:13Z
2010-04-08,13:00,2010-04-08T13:00:00-04:00,2010-04-08T17:00:00Z,12:00,NOMINAL,30y,original,False,Bond,29-Year 10-Month,30-Year,Yes,912810QE1,2010-04-15,2040-02-15,13000000000,12986601600,4893032000,3308597600,4784972000,13951661800,951651500,4.7700,2.730000,0.376775,2010-04-01,R_20100408_1.pdf,,"https://api.fiscaldata.treasury.gov/services/api/fiscal_service/v1/accounting/od/auctions_query?filter=security_type:in:(Note,Bond),auction_date:gte:2009-01-01&page%5Bsize%5D=10000&page%5Bnumber%5D=1&sort=auction_date",fetched,2026-09-30T10:44:13Z
2010-04-26,13:00,2010-04-26T13:00:00-04:00,2010-04-26T17:00:00Z,12:00,TIPS,5y,original,False,Note,5-Year,5-Year,No,912828MY3,2010-04-30,2015-04-15,11000000000,10657405000,6801452500,1390093000,2465859500,11234681600,234650900,0.5500,3.150000,0.638190,2010-04-22,R_20100426_3.pdf,,"https://api.fiscaldata.treasury.gov/services/api/fiscal_service/v1/accounting/od/auctions_query?filter=security_type:in:(Note,Bond),auction_date:gte:2009-01-01&page%5Bsize%5D=10000&page%5Bnumber%5D=1&sort=auction_date",fetched,2026-09-30T10:44:13Z
2010-04-27,13:00,2010-04-27T13:00:00-04:00,2010-04-27T17:00:00Z,12:00,NOMINAL,2y,original,False,Note,2-Year,2-Year,No,912828NB2,2010-04-30,2012-04-30,44000000000,43531285000,20704660000,9315000000,13511625000,44938632800,938604100,1.0240,3.030000,0.475627,2010-04-22,R_20100427_2.pdf,,"https://api.fiscaldata.treasury.gov/services/api/fiscal_service/v1/accounting/od/auctions_query?filter=security_type:in:(Note,Bond),auction_date:gte:2009-01-01&page%5Bsize%5D=10000&page%5Bnumber%5D=1&sort=auction_date",fetched,2026-09-30T10:44:13Z
2010-04-28,13:00,2010-04-28T13:00:00-04:00,2010-04-28T17:00:00Z,12:00,NOMINAL,5y,original,False,Note,5-Year,5-Year,No,912828MZ0,2010-04-30,2015-04-30,42000000000,41872392000,15385280000,6001056000,20486056000,42895963300,895940000,2.5400,2.750000,0.367433,2010-04-22,R_20100428_2.pdf,,"https://api.fiscaldata.treasury.gov/services/api/fiscal_service/v1/accounting/od/auctions_query?filter=security_type:in:(Note,Bond),auction_date:gte:2009-01-01&page%5Bsize%5D=10000&page%5Bnumber%5D=1&sort=auction_date",fetched,2026-09-30T10:44:13Z
2010-04-29,13:00,2010-04-29T13:00:00-04:00,2010-04-29T17:00:00Z,12:00,NOMINAL,7y,original,False,Note,7-Year,7-Year,No,912828NA4,2010-04-30,2017-04-30,32000000000,31964144200,9041842500,3902316200,19019985500,32682661900,682620900,3.2100,2.820000,0.282875,2010-04-22,R_20100429_1.pdf,,"https://api.fiscaldata.treasury.gov/services/api/fiscal_service/v1/accounting/od/auctions_query?filter=security_type:in:(Note,Bond),auction_date:gte:2009-01-01&page%5Bsize%5D=10000&page%5Bnumber%5D=1&sort=auction_date",fetched,2026-09-30T10:44:13Z
2010-05-11,13:00,2010-05-11T13:00:00-04:00,2010-05-11T17:00:00Z,12:00,NOMINAL,3y,original,False,Note,3-Year,3-Year,No,912828NC0,2010-05-17,2013-05-15,38000000000,37773880000,12361080000,6246000000,19166800000,41311863500,3311833500,1.4140,3.270000,0.327239,2010-05-05,R_20100511_2.pdf,,"https://api.fiscaldata.treasury.gov/services/api/fiscal_service/v1/accounting/od/auctions_query?filter=security_type:in:(Note,Bond),auction_date:gte:2009-01-01&page%5Bsize%5D=10000&page%5Bnumber%5D=1&sort=auction_date",fetched,2026-09-30T10:44:13Z
2010-05-12,13:00,2010-05-12T13:00:00-04:00,2010-05-12T17:00:00Z,12:00,NOMINAL,10y,original,False,Note,10-Year,10-Year,No,912828ND8,2010-05-17,2020-05-15,24000000000,23862765500,7919637500,5955682500,9987445500,26091687100,2091684300,3.5480,2.960000,0.331883,2010-05-05,R_20100512_2.pdf,,"https://api.fiscaldata.treasury.gov/services/api/fiscal_service/v1/accounting/od/auctions_query?filter=security_type:in:(Note,Bond),auction_date:gte:2009-01-01&page%5Bsize%5D=10000&page%5Bnumber%5D=1&sort=auction_date",fetched,2026-09-30T10:44:13Z
2010-05-13,13:00,2010-05-13T13:00:00-04:00,2010-05-13T17:00:00Z,12:00,NOMINAL,30y,original,False,Bond,30-Year,30-Year,No,912810QH4,2010-05-17,2040-05-15,16000000000,15970444200,7291263000,3486721000,5192460200,17394512800,1394456200,4.4900,2.600000,0.456547,2010-05-05,R_20100513_1.pdf,,"https://api.fiscaldata.treasury.gov/services/api/fiscal_service/v1/accounting/od/auctions_query?filter=security_type:in:(Note,Bond),auction_date:gte:2009-01-01&page%5Bsize%5D=10000&page%5Bnumber%5D=1&sort=auction_date",fetched,2026-09-30T10:44:13Z
2010-05-25,13:00,2010-05-25T13:00:00-04:00,2010-05-25T17:00:00Z,12:00,NOMINAL,2y,original,False,Note,2-Year,2-Year,No,912828NE6,2010-06-01,2012-05-31,42000000000,41515725000,20178610000,6300030000,15037085000,42912797200,912662600,0.7690,2.930000,0.486047,2010-05-20,R_20100525_2.pdf,,"https://api.fiscaldata.treasury.gov/services/api/fiscal_service/v1/accounting/od/auctions_query?filter=security_type:in:(Note,Bond),auction_date:gte:2009-01-01&page%5Bsize%5D=10000&page%5Bnumber%5D=1&sort=auction_date",fetched,2026-09-30T10:44:13Z
2010-05-26,13:00,2010-05-26T13:00:00-04:00,2010-05-26T17:00:00Z,12:00,NOMINAL,5y,original,False,Note,5-Year,5-Year,No,912828NF3,2010-06-01,2015-05-31,40000000000,39854633000,17702442500,5985060000,16167130500,40869212400,869202400,2.1300,2.710000,0.444175,2010-05-20,R_20100526_2.pdf,,"https://api.fiscaldata.treasury.gov/services/api/fiscal_service/v1/accounting/od/auctions_query?filter=security_type:in:(Note,Bond),auction_date:gte:2009-01-01&page%5Bsize%5D=10000&page%5Bnumber%5D=1&sort=auction_date",fetched,2026-09-30T10:44:13Z
2010-05-27,13:00,2010-05-27T13:00:00-04:00,2010-05-27T17:00:00Z,12:00,NOMINAL,7y,original,False,Note,7-Year,7-Year,No,912828NG1,2010-06-01,2017-05-31,31000000000,30970053000,11622279000,3520298000,15827476000,31673639000,673631800,2.8150,2.880000,0.375275,2010-05-20,R_20100527_1.pdf,,"https://api.fiscaldata.treasury.gov/services/api/fiscal_service/v1/accounting/od/auctions_query?filter=security_type:in:(Note,Bond),auction_date:gte:2009-01-01&page%5Bsize%5D=10000&page%5Bnumber%5D=1&sort=auction_date",fetched,2026-09-30T10:44:13Z
2010-06-08,13:00,2010-06-08T13:00:00-04:00,2010-06-08T17:00:00Z,12:00,NOMINAL,3y,original,False,Note,3-Year,3-Year,No,912828NH9,2010-06-15,2013-06-15,36000000000,35923890000,13286840000,5856387500,16780662500,36207773000,207771500,1.2200,3.230000,0.369861,2010-06-03,R_20100608_3.pdf,,"https://api.fiscaldata.treasury.gov/services/api/fiscal_service/v1/accounting/od/auctions_query?filter=security_type:in:(Note,Bond),auction_date:gte:2009-01-01&page%5Bsize%5D=10000&page%5Bnumber%5D=1&sort=auction_date",fetched,2026-09-30T10:44:13Z
2010-06-09,13:00,2010-06-09T13:00:00-04:00,2010-06-09T17:00:00Z,12:00,NOMINAL,10y,original,False,Note,9-Year 11-Month,10-Year,Yes,912828ND8,2010-06-15,2020-05-15,21000000000,20953737500,9714750000,2825300000,8413687500,21121248200,121200000,3.2420,3.240000,0.463629,2010-06-03,R_20100609_2.pdf,,"https://api.fiscaldata.treasury.gov/services/api/fiscal_service/v1/accounting/od/auctions_query?filter=security_type:in:(Note,Bond),auction_date:gte:2009-01-01&page%5Bsize%5D=10000&page%5Bnumber%5D=1&sort=auction_date",fetched,2026-09-30T10:44:13Z
2010-06-10,13:00,2010-06-10T13:00:00-04:00,2010-06-10T17:00:00Z,12:00,NOMINAL,30y,original,False,Bond,29-Year 11-Month,30-Year,Yes,912810QH4,2010-06-15,2040-05-15,13000000000,12974030000,5665010000,2634420000,4674600000,13075029400,75028500,4.1820,2.870000,0.436642,2010-06-03,R_20100610_1.pdf,,"https://api.fiscaldata.treasury.gov/services/api/fiscal_service/v1/accounting/od/auctions_query?filter=security_type:in:(Note,Bond),auction_date:gte:2009-01-01&page%5Bsize%5D=10000&page%5Bnumber%5D=1&sort=auction_date",fetched,2026-09-30T10:44:13Z
2010-06-22,13:00,2010-06-22T13:00:00-04:00,2010-06-22T17:00:00Z,12:00,NOMINAL,2y,original,False,Note,2-Year,2-Year,No,912828NS5,2010-06-30,2012-06-30,40000000000,39567560000,14748340000,8427620000,16391600000,41158095600,1157955700,0.7380,3.450000,0.372738,2010-06-17,R_20100622_2.pdf,,"https://api.fiscaldata.treasury.gov/services/api/fiscal_service/v1/accounting/od/auctions_query?filter=security_type:in:(Note,Bond),auction_date:gte:2009-01-01&page%5Bsize%5D=10000&page%5Bnumber%5D=1&sort=auction_date",fetched,2026-09-30T10:44:13Z
2010-06-23,13:00,2010-06-23T13:00:00-04:00,2010-06-23T17:00:00Z,12:00,NOMINAL,5y,original,False,Note,5-Year,5-Year,No,912828NL0,2010-06-30,2015-06-30,38000000000,37876066000,20742070000,4044180000,13089816000,39100162000,1100057700,1.9950,2.580000,0.547630,2010-06-17,R_20100623_2.pdf,,"https://api.fiscaldata.treasury.gov/services/api/fiscal_service/v1/accounting/od/auctions_query?filter=security_type:in:(Note,Bond),auction_date:gte:2009-01-01&page%5Bsize%5D=10000&page%5Bnumber%5D=1&sort=auction_date",fetched,2026-09-30T10:44:13Z
2010-06-24,13:00,2010-06-24T13:00:00-04:00,2010-06-24T17:00:00Z,12:00,NOMINAL,7y,original,False,Note,7-Year,7-Year,No,912828NK2,2010-06-30,2017-06-30,30000000000,29973625600,11745208000,2942845000,15285572600,30868478100,868466600,2.5750,3.010000,0.391851,2010-06-17,R_20100624_1.pdf,,"https://api.fiscaldata.treasury.gov/services/api/fiscal_service/v1/accounting/od/auctions_query?filter=security_type:in:(Note,Bond),auction_date:gte:2009-01-01&page%5Bsize%5D=10000&page%5Bnumber%5D=1&sort=auction_date",fetched,2026-09-30T10:44:13Z
2010-07-08,13:00,2010-07-08T13:00:00-04:00,2010-07-08T17:00:00Z,12:00,TIPS,10y,original,False,Note,10-Year,10-Year,No,912828NM8,2010-07-15,2020-07-15,12000000000,11851727800,5201250000,501000000,6149477800,12003449100,3407400,1.2950,2.880000,0.438860,2010-07-01,R_20100708_1.pdf,,"https://api.fiscaldata.treasury.gov/services/api/fiscal_service/v1/accounting/od/auctions_query?filter=security_type:in:(Note,Bond),auction_date:gte:2009-01-01&page%5Bsize%5D=10000&page%5Bnumber%5D=1&sort=auction_date",fetched,2026-09-30T10:44:13Z
2010-07-12,13:00,2010-07-12T13:00:00-04:00,2010-07-12T17:00:00Z,12:00,NOMINAL,3y,original,False,Note,3-Year,3-Year,No,912828NN6,2010-07-15,2013-07-15,35000000000,34940227000,15760547500,4984150000,14195529500,35009987100,9938400,1.0550,3.200000,0.451072,2010-07-08,R_20100712_3.pdf,,"https://api.fiscaldata.treasury.gov/services/api/fiscal_service/v1/accounting/od/auctions_query?filter=security_type:in:(Note,Bond),auction_date:gte:2009-01-01&page%5Bsize%5D=10000&page%5Bnumber%5D=1&sort=auction_date",fetched,2026-09-30T10:44:13Z
2010-07-13,13:00,2010-07-13T13:00:00-04:00,2010-07-13T17:00:00Z,12:00,NOMINAL,10y,original,False,Note,9-Year 10-Month,10-Year,Yes,912828ND8,2010-07-15,2020-05-15,21000000000,20951325500,10175802500,2048000000,8727523000,21005965500,5962900,3.1190,3.090000,0.485688,2010-07-08,R_20100713_2.pdf,,"https://api.fiscaldata.treasury.gov/services/api/fiscal_service/v1/accounting/od/auctions_query?filter=security_type:in:(Note,Bond),auction_date:gte:2009-01-01&page%5Bsize%5D=10000&page%5Bnumber%5D=1&sort=auction_date",fetched,2026-09-30T10:44:13Z
2010-07-14,13:00,2010-07-14T13:00:00-04:00,2010-07-14T17:00:00Z,12:00,NOMINAL,30y,original,False,Bond,29-Year 10-Month,30-Year,Yes,912810QH4,2010-07-15,2040-05-15,13000000000,12985141500,6030859900,2093261500,4861020100,13003707100,3691300,4.0800,2.890000,0.464443,2010-07-08,R_20100714_2.pdf,,"https://api.fiscaldata.treasury.gov/services/api/fiscal_service/v1/accounting/od/auctions_query?filter=security_type:in:(Note,Bond),auction_date:gte:2009-01-01&page%5Bsize%5D=10000&page%5Bnumber%5D=1&sort=auction_date",fetched,2026-09-30T10:44:13Z
2010-07-27,13:00,2010-07-27T13:00:00-04:00,2010-07-27T17:00:00Z,12:00,NOMINAL,2y,original,False,Note,2-Year,2-Year,No,912828NQ9,2010-08-02,2012-07-31,38000000000,37477680000,20121012500,5055000000,12301667500,39247900200,1247784500,0.6650,3.330000,0.536880,2010-07-22,R_20100727_3.pdf,,"https://api.fiscaldata.treasury.gov/services/api/fiscal_service/v1/accounting/od/auctions_query?filter=security_type:in:(Note,Bond),auction_date:gte:2009-01-01&page%5Bsize%5D=10000&page%5Bnumber%5D=1&sort=auction_date",fetched,2026-09-30T10:44:13Z
2010-07-28,13:00,2010-07-28T13:00:00-04:00,2010-07-28T17:00:00Z,12:00,NOMINAL,5y,original,False,Note,5-Year,5-Year,No,912828NP1,2010-08-02,2015-07-31,37000000000,36896905000,15262955000,4190000000,17443950000,38215003400,1214948000,1.7960,3.060000,0.413665,2010-07-22,R_20100728_2.pdf,,"https://api.fiscaldata.treasury.gov/services/api/fiscal_service/v1/accounting/od/auctions_query?filter=security_type:in:(Note,Bond),auction_date:gte:2009-01-01&page%5Bsize%5D=10000&page%5Bnumber%5D=1&sort=auction_date",fetched,2026-09-30T10:44:13Z
2010-07-29,13:00,2010-07-29T13:00:00-04:00,2010-07-29T17:00:00Z,12:00,NOMINAL,7y,original,False,Note,7-Year,7-Year,No,912828NR7,2010-08-02,2017-07-31,29000000000,28918027500,14098785000,2601000000,12218242500,29952301500,952256500,2.3940,2.780000,0.487543,2010-07-22,R_20100729_1.pdf,,"https://api.fiscaldata.treasury.gov/services/api/fiscal_service/v1/accounting/od/auctions_query?filter=security_type:in:(Note,Bond),auction_date:gte:2009-01-01&page%5Bsize%5D=10000&page%5Bnumber%5D=1&sort=auction_date",fetched,2026-09-30T10:44:13Z
2010-08-10,13:00,2010-08-10T13:00:00-04:00,2010-08-10T17:00:00Z,12:00,NOMINAL,3y,original,False,Note,3-Year,3-Year,No,912828NU0,2010-08-16,2013-08-15,34000000000,33908375000,14823810000,5350555000,13734010000,36036086600,2036029500,0.8440,3.310000,0.437173,2010-08-04,R_20100810_2.pdf,,"https://api.fiscaldata.treasury.gov/services/api/fiscal_service/v1/accounting/od/auctions_query?filter=security_type:in:(Note,Bond),auction_date:gte:2009-01-01&page%5Bsize%5D=10000&page%5Bnumber%5D=1&sort=auction_date",fetched,2026-09-30T10:44:13Z
2010-08-11,13:00,2010-08-11T13:00:00-04:00,2010-08-11T17:00:00Z,12:00,NOMINAL,10y,original,False,Note,10-Year,10-Year,No,912828NT3,2010-08-16,2020-08-15,24000000000,23824219500,10375725500,2532513000,10915981000,25437227300,1437197100,2.7300,3.040000,0.435512,2010-08-04,R_20100811_2.pdf,,"https://api.fiscaldata.treasury.gov/services/api/fiscal_service/v1/accounting/od/auctions_query?filter=security_type:in:(Note,Bond),auction_date:gte:2009-01-01&page%5Bsize%5D=10000&page%5Bnumber%5D=1&sort=auction_date",fetched,2026-09-30T10:44:13Z
2010-08-12,13:00,2010-08-12T13:00:00-04:00,2010-08-12T17:00:00Z,12:00,NOMINAL,30y,original,False,Bond,30-Year,30-Year,No,912810QK7,2010-08-16,2040-08-15,16000000000,15946538000,5633578000,2971000000,7341960000,16958140300,958131400,3.9540,2.770000,0.353279,2010-08-04,R_20100812_1.pdf,,"https://api.fiscaldata.treasury.gov/services/api/fiscal_service/v1/accounting/od/auctions_query?filter=security_type:in:(Note,Bond),auction_date:gte:2009-01-01&page%5Bsize%5D=10000&page%5Bnumber%5D=1&sort=auction_date",fetched,2026-09-30T10:44:13Z
2010-08-23,13:00,2010-08-23T13:00:00-04:00,2010-08-23T17:00:00Z,12:00,TIPS,30y,original,False,Bond,29-Year 6-Month,30-Year,Yes,912810QF8,2010-08-31,2040-02-15,7000000000,6961930000,2305330000,1946400000,2710200000,7171390500,171388200,1.7680,2.780000,0.331134,2010-08-19,R_20100823_3.pdf,,"https://api.fiscaldata.treasury.gov/services/api/fiscal_service/v1/accounting/od/auctions_query?filter=security_type:in:(Note,Bond),auction_date:gte:2009-01-01&page%5Bsize%5D=10000&page%5Bnumber%5D=1&sort=auction_date",fetched,2026-09-30T10:44:13Z
2010-08-24,13:00,2010-08-24T13:00:00-04:00,2010-08-24T17:00:00Z,12:00,NOMINAL,2y,original,False,Note,2-Year,2-Year,No,912828PH7,2010-08-31,2012-08-31,37000000000,36544452500,21445130000,4411847500,10687475000,37905982800,905909600,0.4980,3.120000,0.586823,2010-08-19,R_20100824_3.pdf,,"https://api.fiscaldata.treasury.gov/services/api/fiscal_service/v1/accounting/od/auctions_query?filter=security_type:in:(Note,Bond),auction_date:gte:2009-01-01&page%5Bsize%5D=10000&page%5Bnumber%5D=1&sort=auction_date",fetched,2026-09-30T10:44:13Z
2010-08-25,13:00,2010-08-25T13:00:00-04:00,2010-08-25T17:00:00Z,12:00,NOMINAL,5y,original,False,Note,5-Year,5-Year,No,912828NV8,2010-08-31,2015-08-31,36000000000,35839576500,14532845500,3111831000,18194900000,36881451400,881425400,1.3740,2.830000,0.405497,2010-08-19,R_20100825_3.pdf,,"https://api.fiscaldata.treasury.gov/services/api/fiscal_service/v1/accounting/od/auctions_query?filter=security_type:in:(Note,Bond),auction_date:gte:2009-01-01&page%5Bsize%5D=10000&page%5Bnumber%5D=1&sort=auction_date",fetched,2026-09-30T10:44:13Z
2010-08-26,13:00,2010-08-26T13:00:00-04:00,2010-08-26T17:00:00Z,12:00,NOMINAL,7y,original,False,Note,7-Year,7-Year,No,912828NW6,2010-08-31,2017-08-31,29000000000,28864452800,10034000000,2470492800,16359960000,29710045700,710037100,1.9890,2.980000,0.347625,2010-08-19,R_20100826_1.pdf,,"https://api.fiscaldata.treasury.gov/services/api/fiscal_service/v1/accounting/od/auctions_query?filter=security_type:in:(Note,Bond),auction_date:gte:2009-01-01&page%5Bsize%5D=10000&page%5Bnumber%5D=1&sort=auction_date",fetched,2026-09-30T10:44:13Z
2010-09-02,13:00,2010-09-02T13:00:00-04:00,2010-09-02T17:00:00Z,12:00,TIPS,10y,original,False,Note,9-Year 10-Month,10-Year,Yes,912828NM8,2010-09-15,2020-07-15,10000000000,9937855000,5053565000,250000000,4634290000,10108183000,108181800,1.0190,2.800000,0.508517,2010-08-30,R_20100902_1.pdf,,"https://api.fiscaldata.treasury.gov/services/api/fiscal_service/v1/accounting/od/auctions_query?filter=security_type:in:(Note,Bond),auction_date:gte:2009-01-01&page%5Bsize%5D=10000&page%5Bnumber%5D=1&sort=auction_date",fetched,2026-09-30T10:44:13Z
2010-09-07,13:00,2010-09-07T13:00:00-04:00,2010-09-07T17:00:00Z,12:00,NOMINAL,3y,original,False,Note,3-Year,3-Year,No,912828NY2,2010-09-15,2013-09-15,33000000000,32961212800,15139105000,3860487800,13961620000,33357124900,357000100,0.7900,3.210000,0.459301,2010-09-02,R_20100907_3.pdf,,"https://api.fiscaldata.treasury.gov/services/api/fiscal_service/v1/accounting/od/auctions_query?filter=security_type:in:(Note,Bond),auction_date:gte:2009-01-01&page%5Bsize%5D=10000&page%5Bnumber%5D=1&sort=auction_date",fetched,2026-09-30T10:44:13Z
2010-09-08,13:00,2010-09-08T13:00:00-04:00,2010-09-08T17:00:00Z,12:00,NOMINAL,10y,original,False,Note,9-Year 11-Month,10-Year,Yes,912828NT3,2010-09-15,2020-08-15,21000000000,20959787500,8035370000,1452845000,11471572500,21227191500,227181800,2.6700,3.210000,0.383371,2010-09-02,R_20100908_3.pdf,,"https://api.fiscaldata.treasury.gov/services/api/fiscal_service/v1/accounting/od/auctions_query?filter=security_type:in:(Note,Bond),auction_date:gte:2009-01-01&page%5Bsize%5D=10000&page%5Bnumber%5D=1&sort=auction_date",fetched,2026-09-30T10:44:13Z
2010-09-09,13:00,2010-09-09T13:00:00-04:00,2010-09-09T17:00:00Z,12:00,NOMINAL,30y,original,False,Bond,29-Year 11-Month,30-Year,Yes,912810QK7,2010-09-15,2040-08-15,13000000000,12985762000,7222022000,1077000000,4686740000,13140694200,140636300,3.8200,2.730000,0.556149,2010-09-02,R_20100909_1.pdf,,"https://api.fiscaldata.treasury.gov/services/api/fiscal_service/v1/accounting/od/auctions_query?filter=security_type:in:(Note,Bond),auction_date:gte:2009-01-01&page%5Bsize%5D=10000&page%5Bnumber%5D=1&sort=auction_date",fetched,2026-09-30T10:44:13Z
2010-09-27,13:00,2010-09-27T13:00:00-04:00,2010-09-27T17:00:00Z,12:00,NOMINAL,2y,original,False,Note,2-Year,2-Year,No,912828NX4,2010-09-30,2012-09-30,36000000000,35570425000,17851500000,3834000000,13884925000,37134262500,1134162700,0.4410,3.780000,0.501864,2010-09-23,R_20100927_3.pdf,,"https://api.fiscaldata.treasury.gov/services/api/fiscal_service/v1/accounting/od/auctions_query?filter=security_type:in:(Note,Bond),auction_date:gte:2009-01-01&page%5Bsize%5D=10000&page%5Bnumber%5D=1&sort=auction_date",fetched,2026-09-30T10:44:13Z
2010-09-28,13:00,2010-09-28T13:00:00-04:00,2010-09-28T17:00:00Z,12:00,NOMINAL,5y,original,False,Note,5-Year,5-Year,No,912828NZ9,2010-09-30,2015-09-30,35000000000,34863410000,14370950000,3022110000,17470350000,36102696100,1102658100,1.2600,2.960000,0.412207,2010-09-23,R_20100928_2.pdf,,"https://api.fiscaldata.treasury.gov/services/api/fiscal_service/v1/accounting/od/auctions_query?filter=security_type:in:(Note,Bond),auction_date:gte:2009-01-01&page%5Bsize%5D=10000&page%5Bnumber%5D=1&sort=auction_date",fetched,2026-09-30T10:44:13Z
2010-09-29,13:00,2010-09-29T13:00:00-04:00,2010-09-29T17:00:00Z,12:00,NOMINAL,7y,original,False,Note,7-Year,7-Year,No,912828PA2,2010-09-30,2017-09-30,29000000000,28985198000,10543735000,3878000000,14563463000,29913659100,913631000,1.8900,3.040000,0.363763,2010-09-23,R_20100929_2.pdf,,"https://api.fiscaldata.treasury.gov/services/api/fiscal_service/v1/accounting/od/auctions_query?filter=security_type:in:(Note,Bond),auction_date:gte:2009-01-01&page%5Bsize%5D=10000&page%5Bnumber%5D=1&sort=auction_date",fetched,2026-09-30T10:44:13Z
2010-10-12,13:00,2010-10-12T13:00:00-04:00,2010-10-12T17:00:00Z,12:00,NOMINAL,3y,original,False,Note,3-Year,3-Year,No,912828PB0,2010-10-15,2013-10-15,32000000000,31969744500,18896687500,3808457000,9264600000,32281265200,281212200,0.5690,2.950000,0.591080,2010-10-07,R_20101012_3.pdf,,"https://api.fiscaldata.treasury.gov/services/api/fiscal_service/v1/accounting/od/auctions_query?filter=security_type:in:(Note,Bond),auction_date:gte:2009-01-01&page%5Bsize%5D=10000&page%5Bnumber%5D=1&sort=auction_date",fetched,2026-09-30T10:44:13Z
2010-10-13,13:00,2010-10-13T13:00:00-04:00,2010-10-13T17:00:00Z,12:00,NOMINAL,10y,original,False,Note,9-Year 10-Month,10-Year,Yes,912828NT3,2010-10-15,2020-08-15,21000000000,20984297000,10035715000,2237864500,8710717500,21184575600,184545400,2.4750,2.990000,0.478249,2010-10-07,R_20101013_3.pdf,,"https://api.fiscaldata.treasury.gov/services/api/fiscal_service/v1/accounting/od/auctions_query?filter=security_type:in:(Note,Bond),auction_date:gte:2009-01-01&page%5Bsize%5D=10000&page%5Bnumber%5D=1&sort=auction_date",fetched,2026-09-30T10:44:13Z
2010-10-14,13:00,2010-10-14T13:00:00-04:00,2010-10-14T17:00:00Z,12:00,NOMINAL,30y,original,False,Bond,29-Year 10-Month,30-Year,Yes,912810QK7,2010-10-15,2040-08-15,13000000000,12987894000,7607431000,1178000000,4202463000,13114248700,114242400,3.8520,2.490000,0.585732,2010-10-07,R_20101014_1.pdf,,"https://api.fiscaldata.treasury.gov/services/api/fiscal_service/v1/accounting/od/auctions_query?filter=security_type:in:(Note,Bond),auction_date:gte:2009-01-01&page%5Bsize%5D=10000&page%5Bnumber%5D=1&sort=auction_date",fetched,2026-09-30T10:44:13Z
2010-10-25,13:00,2010-10-25T13:00:00-04:00,2010-10-25T17:00:00Z,12:00,TIPS,5y,original,False,Note,4-Year 6-Month,5-Year,Yes,912828MY3,2010-10-29,2015-04-15,10000000000,9920189600,5700782000,313500000,3905907600,10000000500,0,-0.5500,2.840000,0.574665,2010-10-21,R_20101025_3.pdf,,"https://api.fiscaldata.treasury.gov/services/api/fiscal_service/v1/accounting/od/auctions_query?filter=security_type:in:(Note,Bond),auction_date:gte:2009-01-01&page%5Bsize%5D=10000&page%5Bnumber%5D=1&sort=auction_date",fetched,2026-09-30T10:44:13Z
2010-10-26,13:00,2010-10-26T13:00:00-04:00,2010-10-26T17:00:00Z,12:00,NOMINAL,2y,original,False,Note,2-Year,2-Year,No,912828PD6,2010-11-01,2012-10-31,35000000000,34669525000,15293675000,5513300000,13862550000,35717523000,717474600,0.4000,3.430000,0.441127,2010-10-21,R_20101026_2.pdf,,"https://api.fiscaldata.treasury.gov/services/api/fiscal_service/v1/accounting/od/auctions_query?filter=security_type:in:(Note,Bond),auction_date:gte:2009-01-01&page%5Bsize%5D=10000&page%5Bnumber%5D=1&sort=auction_date",fetched,2026-09-30T10:44:13Z
2010-10-27,13:00,2010-10-27T13:00:00-04:00,2010-10-27T17:00:00Z,12:00,NOMINAL,5y,original,False,Note,5-Year,5-Year,No,912828PE4,2010-11-01,2015-10-31,35000000000,34845790600,17013578500,4085362100,13746850000,35717506500,717474500,1.3300,2.820000,0.488253,2010-10-21,R_20101027_2.pdf,,"https://api.fiscaldata.treasury.gov/services/api/fiscal_service/v1/accounting/od/auctions_query?filter=security_type:in:(Note,Bond),auction_date:gte:2009-01-01&page%5Bsize%5D=10000&page%5Bnumber%5D=1&sort=auction_date",fetched,2026-09-30T10:44:13Z
2010-10-28,13:00,2010-10-28T13:00:00-04:00,2010-10-28T17:00:00Z,12:00,NOMINAL,7y,original,False,Note,7-Year,7-Year,No,912828PF1,2010-11-01,2017-10-31,29000000000,28985484000,12842092000,1587000000,14556392000,29594504500,594478900,1.9700,3.060000,0.443053,2010-10-21,R_20101028_1.pdf,,"https://api.fiscaldata.treasury.gov/services/api/fiscal_service/v1/accounting/od/auctions_query?filter=security_type:in:(Note,Bond),auction_date:gte:2009-01-01&page%5Bsize%5D=10000&page%5Bnumber%5D=1&sort=auction_date",fetched,2026-09-30T10:44:13Z
2010-11-04,13:00,2010-11-04T13:00:00-04:00,2010-11-04T17:00:00Z,12:00,TIPS,10y,original,False,Note,9-Year 8-Month,10-Year,Yes,912828NM8,2010-11-15,2020-07-15,10000000000,9957000000,3987700000,220000000,5749300000,10268153000,268144100,0.4090,2.910000,0.400492,2010-11-01,R_20101104_1.pdf,,"https://api.fiscaldata.treasury.gov/services/api/fiscal_service/v1/accounting/od/auctions_query?filter=security_type:in:(Note,Bond),auction_date:gte:2009-01-01&page%5Bsize%5D=10000&page%5Bnumber%5D=1&sort=auction_date",fetched,2026-09-30T10:44:13Z
2010-11-08,13:00,2010-11-08T13:00:00-05:00,2010-11-08T18:00:00Z,12:00,NOMINAL,3y,original,False,Note,3-Year,3-Year,No,912828PU8,2010-11-15,2013-11-15,32000000000,31950518000,16320900000,4443128000,11186490000,32858259800,858061400,0.5750,3.260000,0.510818,2010-11-03,R_20101108_3.pdf,,"https://api.fiscaldata.treasury.gov/services/api/fiscal_service/v1/accounting/od/auctions_query?filter=security_type:in:(Note,Bond),auction_date:gte:2009-01-01&page%5Bsize%5D=10000&page%5Bnumber%5D=1&sort=auction_date",fetched,2026-09-30T10:44:13Z
2010-11-09,13:00,2010-11-09T13:00:00-05:00,2010-11-09T18:00:00Z,12:00,NOMINAL,10y,original,False,Note,10-Year,10-Year,No,912828PC8,2010-11-15,2020-11-15,24000000000,23896675000,8132175000,2238000000,13526500000,24643546400,643545900,2.6360,2.800000,0.340306,2010-11-03,R_20101109_2.pdf,,"https://api.fiscaldata.treasury.gov/services/api/fiscal_service/v1/accounting/od/auctions_query?filter=security_type:in:(Note,Bond),auction_date:gte:2009-01-01&page%5Bsize%5D=10000&page%5Bnumber%5D=1&sort=auction_date",fetched,2026-09-30T10:44:13Z
2010-11-10,13:00,2010-11-10T13:00:00-05:00,2010-11-10T18:00:00Z,12:00,NOMINAL,30y,original,False,Bond,30-Year,30-Year,No,912810QL5,2010-11-15,2040-11-15,16000000000,15965370000,8111416000,1722954000,6131000000,16429035200,429030600,4.3200,2.310000,0.508063,2010-11-03,R_20101110_2.pdf,,"https://api.fiscaldata.treasury.gov/services/api/fiscal_service/v1/accounting/od/auctions_query?filter=security_type:in:(Note,Bond),auction_date:gte:2009-01-01&page%5Bsize%5D=10000&page%5Bnumber%5D=1&sort=auction_date",fetched,2026-09-30T10:44:13Z
2010-11-22,13:00,2010-11-22T13:00:00-05:00,2010-11-22T18:00:00Z,12:00,NOMINAL,2y,original,False,Note,2-Year,2-Year,No,912828PV6,2010-11-30,2012-11-30,35000000000,34702807000,16431180000,4993535000,13278092000,36379322800,1379124800,0.5200,3.700000,0.473483,2010-11-18,R_20101122_3.pdf,,"https://api.fiscaldata.treasury.gov/services/api/fiscal_service/v1/accounting/od/auctions_query?filter=security_type:in:(Note,Bond),auction_date:gte:2009-01-01&page%5Bsize%5D=10000&page%5Bnumber%5D=1&sort=auction_date",fetched,2026-09-30T10:44:13Z
2010-11-23,13:00,2010-11-23T13:00:00-05:00,2010-11-23T18:00:00Z,12:00,NOMINAL,5y,original,False,Note,5-Year,5-Year,No,912828PJ3,2010-11-30,2015-11-30,35000000000,34898865000,18464740000,5442025000,10992100000,36379135100,1379124600,1.4110,2.650000,0.529093,2010-11-18,R_20101123_2.pdf,,"https://api.fiscaldata.treasury.gov/services/api/fiscal_service/v1/accounting/od/auctions_query?filter=security_type:in:(Note,Bond),auction_date:gte:2009-01-01&page%5Bsize%5D=10000&page%5Bnumber%5D=1&sort=auction_date",fetched,2026-09-30T10:44:13Z
2010-11-24,13:00,2010-11-24T13:00:00-05:00,2010-11-24T18:00:00Z,12:00,NOMINAL,7y,original,False,Note,7-Year,7-Year,No,912828PK0,2010-11-30,2017-11-30,29000000000,28991945000,14291000000,2465000000,12235945000,30142704500,1142703200,2.2530,2.630000,0.492930,2010-11-18,R_20101124_2.pdf,,"https://api.fiscaldata.treasury.gov/services/api/fiscal_service/v1/accounting/od/auctions_query?filter=security_type:in:(Note,Bond),auction_date:gte:2009-01-01&page%5Bsize%5D=10000&page%5Bnumber%5D=1&sort=auction_date",fetched,2026-09-30T10:44:13Z
2010-12-07,13:00,2010-12-07T13:00:00-05:00,2010-12-07T18:00:00Z,12:00,NOMINAL,3y,original,False,Note,3-Year,3-Year,No,912828PL8,2010-12-15,2013-12-15,32000000000,31969090000,14505090000,5746000000,11718000000,32465482400,465454600,0.8620,2.910000,0.453722,2010-12-02,R_20101207_3.pdf,,"https://api.fiscaldata.treasury.gov/services/api/fiscal_service/v1/accounting/od/auctions_query?filter=security_type:in:(Note,Bond),auction_date:gte:2009-01-01&page%5Bsize%5D=10000&page%5Bnumber%5D=1&sort=auction_date",fetched,2026-09-30T10:44:13Z
2010-12-08,13:00,2010-12-08T13:00:00-05:00,2010-12-08T18:00:00Z,12:00,NOMINAL,10y,original,False,Note,9-Year 11-Month,10-Year,Yes,912828PC8,2010-12-15,2020-11-15,21000000000,20968746000,9267936000,2395000000,9305810000,21305471900,305454500,3.3400,2.920000,0.441988,2010-12-02,R_20101208_2.pdf,,"https://api.fiscaldata.treasury.gov/services/api/fiscal_service/v1/accounting/od/auctions_query?filter=security_type:in:(Note,Bond),auction_date:gte:2009-01-01&page%5Bsize%5D=10000&page%5Bnumber%5D=1&sort=auction_date",fetched,2026-09-30T10:44:13Z
2010-12-09,13:00,2010-12-09T13:00:00-05:00,2010-12-09T18:00:00Z,12:00,NOMINAL,30y,original,False,Bond,29-Year 11-Month,30-Year,Yes,912810QL5,2010-12-15,2040-11-15,13000000000,12975079000,5502347500,1055208500,6417523000,13189116000,189090900,4.4100,2.740000,0.424070,2010-12-02,R_20101209_1.pdf,,"https://api.fiscaldata.treasury.gov/services/api/fiscal_service/v1/accounting/od/auctions_query?filter=security_type:in:(Note,Bond),auction_date:gte:2009-01-01&page%5Bsize%5D=10000&page%5Bnumber%5D=1&sort=auction_date",fetched,2026-09-30T10:44:13Z
2010-12-27,13:00,2010-12-27T13:00:00-05:00,2010-12-27T18:00:00Z,12:00,NOMINAL,2y,original,False,Note,2-Year,2-Year,No,912828PW4,2010-12-31,2012-12-31,35000000000,34727660000,19995575000,6892355000,7839730000,36754518900,1754353400,0.7400,3.710000,0.575782,2010-12-23,R_20101227_3.pdf,,"https://api.fiscaldata.treasury.gov/services/api/fiscal_service/v1/accounting/od/auctions_query?filter=security_type:in:(Note,Bond),auction_date:gte:2009-01-01&page%5Bsize%5D=10000&page%5Bnumber%5D=1&sort=auction_date",fetched,2026-09-30T10:44:13Z
2010-12-28,13:00,2010-12-28T13:00:00-05:00,2010-12-28T18:00:00Z,12:00,NOMINAL,5y,original,False,Note,5-Year,5-Year,No,912828PM6,2010-12-31,2015-12-31,35000000000,34924650000,20327250000,2177000000,12420400000,36754364500,1754353300,2.1490,2.610000,0.582032,2010-12-23,R_20101228_2.pdf,,"https://api.fiscaldata.treasury.gov/services/api/fiscal_service/v1/accounting/od/auctions_query?filter=security_type:in:(Note,Bond),auction_date:gte:2009-01-01&page%5Bsize%5D=10000&page%5Bnumber%5D=1&sort=auction_date",fetched,2026-09-30T10:44:13Z
2010-12-29,13:00,2010-12-29T13:00:00-05:00,2010-12-29T18:00:00Z,12:00,NOMINAL,7y,original,False,Note,7-Year,7-Year,No,912828PN4,2010-12-31,2017-12-31,29000000000,28968307000,9035352000,1332000000,18600955000,30453703600,1453607000,2.8300,2.860000,0.311905,2010-12-23,R_20101229_2.pdf,,"https://api.fiscaldata.treasury.gov/services/api/fiscal_service/v1/accounting/od/auctions_query?filter=security_type:in:(Note,Bond),auction_date:gte:2009-01-01&page%5Bsize%5D=10000&page%5Bnumber%5D=1&sort=auction_date",fetched,2026-09-30T10:44:13Z
2011-01-11,13:00,2011-01-11T13:00:00-05:00,2011-01-11T18:00:00Z,12:00,NOMINAL,3y,original,False,Note,3-Year,3-Year,No,912828PQ7,2011-01-18,2014-01-15,32000000000,31959450000,14207950000,5173000000,12578500000,32701309000,701276400,1.0270,3.060000,0.444562,2011-01-06,R_20110111_3.pdf,,"https://api.fiscaldata.treasury.gov/services/api/fiscal_service/v1/accounting/od/auctions_query?filter=security_type:in:(Note,Bond),auction_date:gte:2009-01-01&page%5Bsize%5D=10000&page%5Bnumber%5D=1&sort=auction_date",fetched,2026-09-30T10:44:13Z
2011-01-12,13:00,2011-01-12T13:00:00-05:00,2011-01-12T18:00:00Z,12:00,NOMINAL,10y,original,False,Note,9-Year 10-Month,10-Year,Yes,912828PC8,2011-01-18,2020-11-15,21000000000,20962535000,8064000000,1670210000,11228325000,21460236400,460212600,3.3880,3.300000,0.384686,2011-01-06,R_20110112_2.pdf,,"https://api.fiscaldata.treasury.gov/services/api/fiscal_service/v1/accounting/od/auctions_query?filter=security_type:in:(Note,Bond),auction_date:gte:2009-01-01&page%5Bsize%5D=10000&page%5Bnumber%5D=1&sort=auction_date",fetched,2026-09-30T10:44:13Z
2011-01-13,13:00,2011-01-13T13:00:00-05:00,2011-01-13T18:00:00Z,12:00,NOMINAL,30y,original,False,Bond,29-Year 10-Month,30-Year,Yes,912810QL5,2011-01-18,2040-11-15,13000000000,12987572500,6476372500,1604000000,4907200000,13284906000,284893500,4.5150,2.670000,0.498659,2011-01-06,R_20110113_1.pdf,,"https://api.fiscaldata.treasury.gov/services/api/fiscal_service/v1/accounting/od/auctions_query?filter=security_type:in:(Note,Bond),auction_date:gte:2009-01-01&page%5Bsize%5D=10000&page%5Bnumber%5D=1&sort=auction_date",fetched,2026-09-30T10:44:13Z
2011-01-20,13:00,2011-01-20T13:00:00-05:00,2011-01-20T18:00:00Z,12:00,TIPS,10y,original,False,Note,10-Year,10-Year,No,912828PP9,2011-01-31,2021-01-15,13000000000,12842205000,7555460000,414000000,4872745000,13259048000,259047400,1.1700,2.370000,0.588330,2011-01-13,R_20110120_1.pdf,,"https://api.fiscaldata.treasury.gov/services/api/fiscal_service/v1/accounting/od/auctions_query?filter=security_type:in:(Note,Bond),auction_date:gte:2009-01-01&page%5Bsize%5D=10000&page%5Bnumber%5D=1&sort=auction_date",fetched,2026-09-30T10:44:13Z
2011-01-25,13:00,2011-01-25T13:00:00-05:00,2011-01-25T18:00:00Z,12:00,NOMINAL,2y,original,False,Note,2-Year,2-Year,No,912828PR5,2011-01-31,2013-01-31,35000000000,34693864000,20168464000,5166900000,9358500000,35697586000,697435800,0.6500,3.470000,0.581327,2011-01-20,R_20110125_2.pdf,,"https://api.fiscaldata.treasury.gov/services/api/fiscal_service/v1/accounting/od/auctions_query?filter=security_type:in:(Note,Bond),auction_date:gte:2009-01-01&page%5Bsize%5D=10000&page%5Bnumber%5D=1&sort=auction_date",fetched,2026-09-30T10:44:13Z
2011-01-26,13:00,2011-01-26T13:00:00-05:00,2011-01-26T18:00:00Z,12:00,NOMINAL,5y,original,False,Note,5-Year,5-Year,No,912828PS3,2011-01-31,2016-01-31,35000000000,34938970000,15875000000,3358745000,15705225000,35697519500,697435500,2.0410,2.970000,0.454364,2011-01-20,R_20110126_2.pdf,,"https://api.fiscaldata.treasury.gov/services/api/fiscal_service/v1/accounting/od/auctions_query?filter=security_type:in:(Note,Bond),auction_date:gte:2009-01-01&page%5Bsize%5D=10000&page%5Bnumber%5D=1&sort=auction_date",fetched,2026-09-30T10:44:13Z
2011-01-27,13:00,2011-01-27T13:00:00-05:00,2011-01-27T18:00:00Z,12:00,NOMINAL,7y,original,False,Note,7-Year,7-Year,No,912828PT1,2011-01-31,2018-01-31,29000000000,28982822500,12232000000,1639692500,15111130000,29577900100,577875100,2.7440,2.850000,0.422043,2011-01-20,R_20110127_1.pdf,,"https://api.fiscaldata.treasury.gov/services/api/fiscal_service/v1/accounting/od/auctions_query?filter=security_type:in:(Note,Bond),auction_date:gte:2009-01-01&page%5Bsize%5D=10000&page%5Bnumber%5D=1&sort=auction_date",fetched,2026-09-30T10:44:13Z
2011-02-08,13:00,2011-02-08T13:00:00-05:00,2011-02-08T18:00:00Z,12:00,NOMINAL,3y,original,False,Note,3-Year,3-Year,No,912828QH6,2011-02-15,2014-02-15,32000000000,31928640000,19890840000,3229000000,8808800000,32734227300,734226700,1.3490,3.010000,0.622978,2011-02-02,R_20110208_3.pdf,,"https://api.fiscaldata.treasury.gov/services/api/fiscal_service/v1/accounting/od/auctions_query?filter=security_type:in:(Note,Bond),auction_date:gte:2009-01-01&page%5Bsize%5D=10000&page%5Bnumber%5D=1&sort=auction_date",fetched,2026-09-30T10:44:13Z
2011-02-09,13:00,2011-02-09T13:00:00-05:00,2011-02-09T18:00:00Z,12:00,NOMINAL,10y,original,False,Note,10-Year,10-Year,No,912828PX2,2011-02-15,2021-02-15,24000000000,23856010600,6731960600,118000000,17006050000,24550680100,550670000,3.6650,3.230000,0.282191,2011-02-02,R_20110209_1.pdf,,"https://api.fiscaldata.treasury.gov/services/api/fiscal_service/v1/accounting/od/auctions_query?filter=security_type:in:(Note,Bond),auction_date:gte:2009-01-01&page%5Bsize%5D=10000&page%5Bnumber%5D=1&sort=auction_date",fetched,2026-09-30T10:44:13Z
2011-02-10,13:00,2011-02-10T13:00:00-05:00,2011-02-10T18:00:00Z,12:00,NOMINAL,30y,original,False,Bond,30-Year,30-Year,No,912810QN1,2011-02-15,2041-02-15,16000000000,15957319000,7807250000,1274900000,6875169000,16367142000,367113300,4.7500,2.510000,0.489258,2011-02-02,R_20110210_1.pdf,,"https://api.fiscaldata.treasury.gov/services/api/fiscal_service/v1/accounting/od/auctions_query?filter=security_type:in:(Note,Bond),auction_date:gte:2009-01-01&page%5Bsize%5D=10000&page%5Bnumber%5D=1&sort=auction_date",fetched,2026-09-30T10:44:13Z
2011-02-17,13:00,2011-02-17T13:00:00-05:00,2011-02-17T18:00:00Z,12:00,TIPS,30y,original,False,Bond,30-Year,30-Year,No,912810QP6,2011-02-28,2041-02-15,9000000000,8941640000,3684880000,320500000,4936260000,9494448900,494392000,2.1900,2.540000,0.412103,2011-02-10,R_20110217_1.pdf,,"https://api.fiscaldata.treasury.gov/services/api/fiscal_service/v1/accounting/od/auctions_query?filter=security_type:in:(Note,Bond),auction_date:gte:2009-01-01&page%5Bsize%5D=10000&page%5Bnumber%5D=1&sort=auction_date",fetched,2026-09-30T10:44:13Z
2011-02-22,13:00,2011-02-22T13:00:00-05:00,2011-02-22T18:00:00Z,12:00,NOMINAL,2y,original,False,Note,2-Year,2-Year,No,912828QK9,2011-02-28,2013-02-28,35000000000,34646720000,21427480000,2361000000,10858240000,36922671800,1922635800,0.7450,3.030000,0.618456,2011-02-17,R_20110222_3.pdf,,"https://api.fiscaldata.treasury.gov/services/api/fiscal_service/v1/accounting/od/auctions_query?filter=security_type:in:(Note,Bond),auction_date:gte:2009-01-01&page%5Bsize%5D=10000&page%5Bnumber%5D=1&sort=auction_date",fetched,2026-09-30T10:44:13Z
2011-02-23,13:00,2011-02-23T13:00:00-05:00,2011-02-23T18:00:00Z,12:00,NOMINAL,5y,original,False,Note,5-Year,5-Year,No,912828QJ2,2011-02-28,2016-02-29,35000000000,34903750000,20300025000,2677825000,11925900000,36922649000,1922635600,2.1900,2.690000,0.581600,2011-02-17,R_20110223_3.pdf,,"https://api.fiscaldata.treasury.gov/services/api/fiscal_service/v1/accounting/od/auctions_query?filter=security_type:in:(Note,Bond),auction_date:gte:2009-01-01&page%5Bsize%5D=10000&page%5Bnumber%5D=1&sort=auction_date",fetched,2026-09-30T10:44:13Z
2011-02-24,13:00,2011-02-24T13:00:00-05:00,2011-02-24T18:00:00Z,12:00,NOMINAL,7y,original,False,Note,7-Year,7-Year,No,912828PY0,2011-02-28,2018-02-28,29000000000,28979372000,13291280000,1297364000,14390728000,30593053300,1593040900,2.8540,2.860000,0.458646,2011-02-17,R_20110224_1.pdf,,"https://api.fiscaldata.treasury.gov/services/api/fiscal_service/v1/accounting/od/auctions_query?filter=security_type:in:(Note,Bond),auction_date:gte:2009-01-01&page%5Bsize%5D=10000&page%5Bnumber%5D=1&sort=auction_date",fetched,2026-09-30T10:44:13Z
2011-03-08,13:00,2011-03-08T13:00:00-05:00,2011-03-08T18:00:00Z,12:00,NOMINAL,3y,original,False,Note,3-Year,3-Year,No,912828PZ7,2011-03-15,2014-03-15,32000000000,31889962000,16997352000,3933720000,10958890000,32000009100,0,1.2980,3.220000,0.533000,2011-03-03,R_20110308_3.pdf,,"https://api.fiscaldata.treasury.gov/services/api/fiscal_service/v1/accounting/od/auctions_query?filter=security_type:in:(Note,Bond),auction_date:gte:2009-01-01&page%5Bsize%5D=10000&page%5Bnumber%5D=1&sort=auction_date",fetched,2026-09-30T10:44:13Z
2011-03-09,13:00,2011-03-09T13:00:00-05:00,2011-03-09T18:00:00Z,12:00,NOMINAL,10y,original,False,Note,9-Year 11-Month,10-Year,Yes,912828PX2,2011-03-15,2021-02-15,21000000000,20931300400,8476765000,1356000000,11098535400,21000027900,0,3.4990,3.320000,0.404980,2011-03-03,R_20110309_1.pdf,,"https://api.fiscaldata.treasury.gov/services/api/fiscal_service/v1/accounting/od/auctions_query?filter=security_type:in:(Note,Bond),auction_date:gte:2009-01-01&page%5Bsize%5D=10000&page%5Bnumber%5D=1&sort=auction_date",fetched,2026-09-30T10:44:13Z
2011-03-10,13:00,2011-03-10T13:00:00-05:00,2011-03-10T18:00:00Z,12:00,NOMINAL,30y,original,False,Bond,29-Year 11-Month,30-Year,Yes,912810QN1,2011-03-15,2041-02-15,13000000000,12981221100,6878500000,824720100,5278001000,13000018600,0,4.5690,3.020000,0.529881,2011-03-03,R_20110310_1.pdf,,"https://api.fiscaldata.treasury.gov/services/api/fiscal_service/v1/accounting/od/auctions_query?filter=security_type:in:(Note,Bond),auction_date:gte:2009-01-01&page%5Bsize%5D=10000&page%5Bnumber%5D=1&sort=auction_date",fetched,2026-09-30T10:44:13Z
2011-03-24,13:00,2011-03-24T13:00:00-04:00,2011-03-24T17:00:00Z,12:00,TIPS,10y,original,False,Note,9-Year 10-Month,10-Year,Yes,912828PP9,2011-03-31,2021-01-15,11000000000,10931886000,7403896000,773440000,2754550000,11493334800,493298400,0.9200,2.970000,0.677275,2011-03-17,R_20110324_1.pdf,,"https://api.fiscaldata.treasury.gov/services/api/fiscal_service/v1/accounting/od/auctions_query?filter=security_type:in:(Note,Bond),auction_date:gte:2009-01-01&page%5Bsize%5D=10000&page%5Bnumber%5D=1&sort=auction_date",fetched,2026-09-30T10:44:13Z
2011-03-28,13:00,2011-03-28T13:00:00-04:00,2011-03-28T17:00:00Z,12:00,NOMINAL,2y,original,False,Note,2-Year,2-Year,No,912828QL7,2011-03-31,2013-03-31,35000000000,34612770000,18593500000,4608250000,11411020000,36569643000,1569586100,0.7890,3.160000,0.537186,2011-03-24,R_20110328_3.pdf,,"https://api.fiscaldata.treasury.gov/services/api/fiscal_service/v1/accounting/od/auctions_query?filter=security_type:in:(Note,Bond),auction_date:gte:2009-01-01&page%5Bsize%5D=10000&page%5Bnumber%5D=1&sort=auction_date",fetched,2026-09-30T10:44:13Z
2011-03-29,13:00,2011-03-29T13:00:00-04:00,2011-03-29T17:00:00Z,12:00,NOMINAL,5y,original,False,Note,5-Year,5-Year,No,912828QA1,2011-03-31,2016-03-31,35000000000,34878698000,16187198000,3901000000,14790500000,36569589300,1569586000,2.2600,2.790000,0.464100,2011-03-24,R_20110329_2.pdf,,"https://api.fiscaldata.treasury.gov/services/api/fiscal_service/v1/accounting/od/auctions_query?filter=security_type:in:(Note,Bond),auction_date:gte:2009-01-01&page%5Bsize%5D=10000&page%5Bnumber%5D=1&sort=auction_date",fetched,2026-09-30T10:44:13Z
2011-03-30,13:00,2011-03-30T13:00:00-04:00,2011-03-30T17:00:00Z,12:00,NOMINAL,7y,original,False,Note,7-Year,7-Year,No,912828QB9,2011-03-31,2018-03-31,29000000000,28964657000,12115090000,2536930000,14312637000,30300515500,1300514100,2.8950,2.790000,0.418271,2011-03-24,R_20110330_1.pdf,,"https://api.fiscaldata.treasury.gov/services/api/fiscal_service/v1/accounting/od/auctions_query?filter=security_type:in:(Note,Bond),auction_date:gte:2009-01-01&page%5Bsize%5D=10000&page%5Bnumber%5D=1&sort=auction_date",fetched,2026-09-30T10:44:13Z
2011-04-12,13:00,2011-04-12T13:00:00-04:00,2011-04-12T17:00:00Z,12:00,NOMINAL,3y,original,False,Note,3-Year,3-Year,No,912828QC7,2011-04-15,2014-04-15,32000000000,31954220000,18333695000,2852225000,10768300000,33575292800,1575217400,1.2800,3.250000,0.573749,2011-04-07,R_20110412_2.pdf,,"https://api.fiscaldata.treasury.gov/services/api/fiscal_service/v1/accounting/od/auctions_query?filter=security_type:in:(Note,Bond),auction_date:gte:2009-01-01&page%5Bsize%5D=10000&page%5Bnumber%5D=1&sort=auction_date",fetched,2026-09-30T10:44:13Z
2011-04-13,13:00,2011-04-13T13:00:00-04:00,2011-04-13T17:00:00Z,12:00,NOMINAL,10y,original,False,Note,9-Year 10-Month,10-Year,Yes,912828PX2,2011-04-15,2021-02-15,21000000000,20941221000,10829730000,1227850000,8883641000,22033775400,1033736200,3.4940,3.130000,0.517149,2011-04-07,R_20110413_1.pdf,,"https://api.fiscaldata.treasury.gov/services/api/fiscal_service/v1/accounting/od/auctions_query?filter=security_type:in:(Note,Bond),auction_date:gte:2009-01-01&page%5Bsize%5D=10000&page%5Bnumber%5D=1&sort=auction_date",fetched,2026-09-30T10:44:13Z
2011-04-14,13:00,2011-04-14T13:00:00-04:00,2011-04-14T17:00:00Z,12:00,NOMINAL,30y,original,False,Bond,29-Year 10-Month,30-Year,Yes,912810QN1,2011-04-15,2041-02-15,13000000000,12986800000,5456000000,1401000000,6129800000,13639971000,639931900,4.5310,2.830000,0.420119,2011-04-07,R_20110414_1.pdf,,"https://api.fiscaldata.treasury.gov/services/api/fiscal_service/v1/accounting/od/auctions_query?filter=security_type:in:(Note,Bond),auction_date:gte:2009-01-01&page%5Bsize%5D=10000&page%5Bnumber%5D=1&sort=auction_date",fetched,2026-09-30T10:44:13Z
2011-04-21,11:30,2011-04-21T11:30:00-04:00,2011-04-21T15:30:00Z,11:00,TIPS,5y,original,False,Note,5-Year,5-Year,No,912828QD5,2011-04-29,2016-04-15,14000000000,13838530000,8004220000,374000000,5460310000,14000058200,0,-0.1800,2.570000,0.578401,2011-04-14,R_20110421_1.pdf,,"https://api.fiscaldata.treasury.gov/services/api/fiscal_service/v1/accounting/od/auctions_query?filter=security_type:in:(Note,Bond),auction_date:gte:2009-01-01&page%5Bsize%5D=10000&page%5Bnumber%5D=1&sort=auction_date",fetched,2026-09-30T10:44:13Z
2011-04-26,13:00,2011-04-26T13:00:00-04:00,2011-04-26T17:00:00Z,12:00,NOMINAL,2y,original,False,Note,2-Year,2-Year,No,912828QE3,2011-05-02,2013-04-30,35000000000,34689365300,16921432000,4635895000,13132038300,37208284800,2208217500,0.6730,3.060000,0.487799,2011-04-21,R_20110426_2.pdf,,"https://api.fiscaldata.treasury.gov/services/api/fiscal_service/v1/accounting/od/auctions_query?filter=security_type:in:(Note,Bond),auction_date:gte:2009-01-01&page%5Bsize%5D=10000&page%5Bnumber%5D=1&sort=auction_date",fetched,2026-09-30T10:44:13Z
2011-04-27,11:30,2011-04-27T11:30:00-04:00,2011-04-27T15:30:00Z,11:00,NOMINAL,5y,original,False,Note,5-Year,5-Year,No,912828QF0,2011-05-02,2016-04-30,35000000000,34898270000,17036770000,3905000000,13956500000,37208260500,2208217400,2.1240,2.770000,0.488184,2011-04-21,R_20110427_1.pdf,,"https://api.fiscaldata.treasury.gov/services/api/fiscal_service/v1/accounting/od/auctions_query?filter=security_type:in:(Note,Bond),auction_date:gte:2009-01-01&page%5Bsize%5D=10000&page%5Bnumber%5D=1&sort=auction_date",fetched,2026-09-30T10:44:13Z
2011-04-28,13:00,2011-04-28T13:00:00-04:00,2011-04-28T17:00:00Z,12:00,NOMINAL,7y,original,False,Note,7-Year,7-Year,No,912828QG8,2011-05-02,2018-04-30,29000000000,28989580000,15369880000,2277000000,11342700000,30829673800,1829665800,2.7120,2.630000,0.530186,2011-04-21,R_20110428_1.pdf,,"https://api.fiscaldata.treasury.gov/services/api/fiscal_service/v1/accounting/od/auctions_query?filter=security_type:in:(Note,Bond),auction_date:gte:2009-01-01&page%5Bsize%5D=10000&page%5Bnumber%5D=1&sort=auction_date",fetched,2026-09-30T10:44:13Z
2011-05-10,13:00,2011-05-10T13:00:00-04:00,2011-05-10T17:00:00Z,12:00,NOMINAL,3y,original,False,Note,3-Year,3-Year,No,912828QM5,2011-05-16,2014-05-15,32000000000,31974166800,16602718000,4907928800,10463520000,32000041500,0,1.0000,3.290000,0.519254,2011-05-04,R_20110510_2.pdf,,"https://api.fiscaldata.treasury.gov/services/api/fiscal_service/v1/accounting/od/auctions_query?filter=security_type:in:(Note,Bond),auction_date:gte:2009-01-01&page%5Bsize%5D=10000&page%5Bnumber%5D=1&sort=auction_date",fetched,2026-09-30T10:44:13Z
2011-05-11,13:00,2011-05-11T13:00:00-04:00,2011-05-11T17:00:00Z,12:00,NOMINAL,10y,original,False,Note,10-Year,10-Year,No,912828QN3,2011-05-16,2021-05-15,24000000000,23898363000,10616992000,2007000000,11274371000,24000044200,0,3.2100,3.000000,0.444256,2011-05-04,R_20110511_1.pdf,,"https://api.fiscaldata.treasury.gov/services/api/fiscal_service/v1/accounting/od/auctions_query?filter=security_type:in:(Note,Bond),auction_date:gte:2009-01-01&page%5Bsize%5D=10000&page%5Bnumber%5D=1&sort=auction_date",fetched,2026-09-30T10:44:13Z
2011-05-12,13:00,2011-05-12T13:00:00-04:00,2011-05-12T17:00:00Z,12:00,NOMINAL,30y,original,False,Bond,30-Year,30-Year,No,912810QQ4,2011-05-16,2041-05-15,16000000000,15975790000,9303346000,1395120000,5277324000,16000003500,0,4.3800,2.430000,0.582340,2011-05-04,R_20110512_1.pdf,,"https://api.fiscaldata.treasury.gov/services/api/fiscal_service/v1/accounting/od/auctions_query?filter=security_type:in:(Note,Bond),auction_date:gte:2009-01-01&page%5Bsize%5D=10000&page%5Bnumber%5D=1&sort=auction_date",fetched,2026-09-30T10:44:13Z
2011-05-19,13:00,2011-05-19T13:00:00-04:00,2011-05-19T17:00:00Z,12:00,TIPS,10y,original,False,Note,9-Year 8-Month,10-Year,Yes,912828PP9,2011-05-31,2021-01-15,11000000000,10905237500,6135152500,334700000,4435385000,11925857600,925855500,0.8870,2.660000,0.562588,2011-05-12,R_20110519_1.pdf,,"https://api.fiscaldata.treasury.gov/services/api/fiscal_service/v1/accounting/od/auctions_query?filter=security_type:in:(Note,Bond),auction_date:gte:2009-01-01&page%5Bsize%5D=10000&page%5Bnumber%5D=1&sort=auction_date",fetched,2026-09-30T10:44:13Z
2011-05-24,13:00,2011-05-24T13:00:00-04:00,2011-05-24T17:00:00Z,12:00,NOMINAL,2y,original,False,Note,2-Year,2-Year,No,912828QZ6,2011-05-31,2013-05-31,35000000000,34851311000,17274550000,6672700000,10904061000,37945946600,2945904300,0.5600,3.460000,0.495664,2011-05-19,R_20110524_2.pdf,,"https://api.fiscaldata.treasury.gov/services/api/fiscal_service/v1/accounting/od/auctions_query?filter=security_type:in:(Note,Bond),auction_date:gte:2009-01-01&page%5Bsize%5D=10000&page%5Bnumber%5D=1&sort=auction_date",fetched,2026-09-30T10:44:13Z
2011-05-25,13:00,2011-05-25T13:00:00-04:00,2011-05-25T17:00:00Z,12:00,NOMINAL,5y,original,False,Note,5-Year,5-Year,No,912828QP8,2011-05-31,2016-05-31,35000000000,34945232000,15369000000,3126460000,16449772000,37945943100,2945904100,1.8130,3.200000,0.439802,2011-05-19,R_20110525_1.pdf,,"https://api.fiscaldata.treasury.gov/services/api/fiscal_service/v1/accounting/od/auctions_query?filter=security_type:in:(Note,Bond),auction_date:gte:2009-01-01&page%5Bsize%5D=10000&page%5Bnumber%5D=1&sort=auction_date",fetched,2026-09-30T10:44:13Z
2011-05-26,13:00,2011-05-26T13:00:00-04:00,2011-05-26T17:00:00Z,12:00,NOMINAL,7y,original,False,Note,7-Year,7-Year,No,912828QQ6,2011-05-31,2018-05-31,29000000000,28980960500,11405025000,3768160500,13807775000,31440908600,2440892000,2.4290,3.240000,0.393535,2011-05-19,R_20110526_1.pdf,,"https://api.fiscaldata.treasury.gov/services/api/fiscal_service/v1/accounting/od/auctions_query?filter=security_type:in:(Note,Bond),auction_date:gte:2009-01-01&page%5Bsize%5D=10000&page%5Bnumber%5D=1&sort=auction_date",fetched,2026-09-30T10:44:13Z
2011-06-07,13:00,2011-06-07T13:00:00-04:00,2011-06-07T17:00:00Z,12:00,NOMINAL,3y,original,False,Note,3-Year,3-Year,No,912828QS2,2011-06-15,2014-06-15,32000000000,31979934400,17657900000,2928590000,11393444400,32000008200,0,0.7650,3.280000,0.552156,2011-06-02,R_20110607_2.pdf,,"https://api.fiscaldata.treasury.gov/services/api/fiscal_service/v1/accounting/od/auctions_query?filter=security_type:in:(Note,Bond),auction_date:gte:2009-01-01&page%5Bsize%5D=10000&page%5Bnumber%5D=1&sort=auction_date",fetched,2026-09-30T10:44:13Z
2011-06-08,13:00,2011-06-08T13:00:00-04:00,2011-06-08T17:00:00Z,12:00,NOMINAL,10y,original,False,Note,9-Year 11-Month,10-Year,Yes,912828QN3,2011-06-15,2021-05-15,21000000000,20978419200,8608528000,1747000000,10622891200,21000006500,0,2.9670,3.230000,0.410352,2011-06-02,R_20110608_2.pdf,,"https://api.fiscaldata.treasury.gov/services/api/fiscal_service/v1/accounting/od/auctions_query?filter=security_type:in:(Note,Bond),auction_date:gte:2009-01-01&page%5Bsize%5D=10000&page%5Bnumber%5D=1&sort=auction_date",fetched,2026-09-30T10:44:13Z
2011-06-09,13:00,2011-06-09T13:00:00-04:00,2011-06-09T17:00:00Z,12:00,NOMINAL,30y,original,False,Bond,29-Year 11-Month,30-Year,Yes,912810QQ4,2011-06-15,2041-05-15,13000000000,12979895500,6788512500,1208210000,4983173000,13000033700,0,4.2380,2.630000,0.523002,2011-06-02,R_20110609_1.pdf,,"https://api.fiscaldata.treasury.gov/services/api/fiscal_service/v1/accounting/od/auctions_query?filter=security_type:in:(Note,Bond),auction_date:gte:2009-01-01&page%5Bsize%5D=10000&page%5Bnumber%5D=1&sort=auction_date",fetched,2026-09-30T10:44:13Z
2011-06-23,13:00,2011-06-23T13:00:00-04:00,2011-06-23T17:00:00Z,12:00,TIPS,30y,original,False,Bond,29-Year 8-Month,30-Year,Yes,912810QP6,2011-06-30,2041-02-15,7000000000,6978954000,3525000000,1824404000,1629550000,7225388200,225361200,1.7440,3.020000,0.505090,2011-06-16,R_20110623_1.pdf,,"https://api.fiscaldata.treasury.gov/services/api/fiscal_service/v1/accounting/od/auctions_query?filter=security_type:in:(Note,Bond),auction_date:gte:2009-01-01&page%5Bsize%5D=10000&page%5Bnumber%5D=1&sort=auction_date",fetched,2026-09-30T10:44:13Z
2011-06-27,13:00,2011-06-27T13:00:00-04:00,2011-06-27T17:00:00Z,12:00,NOMINAL,2y,original,False,Note,2-Year,2-Year,No,912828RA0,2011-06-30,2013-06-30,35000000000,34851312500,22468375000,4714467500,7668470000,36126970000,1126806400,0.3950,3.080000,0.644692,2011-06-23,R_20110627_3.pdf,,"https://api.fiscaldata.treasury.gov/services/api/fiscal_service/v1/accounting/od/auctions_query?filter=security_type:in:(Note,Bond),auction_date:gte:2009-01-01&page%5Bsize%5D=10000&page%5Bnumber%5D=1&sort=auction_date",fetched,2026-09-30T10:44:13Z
2011-06-28,13:00,2011-06-28T13:00:00-04:00,2011-06-28T17:00:00Z,12:00,NOMINAL,5y,original,False,Note,5-Year,5-Year,No,912828QR4,2011-06-30,2016-06-30,35000000000,34962151000,18228925000,3580000000,13153226000,36126842000,1126806200,1.6150,2.590000,0.521390,2011-06-23,R_20110628_3.pdf,,"https://api.fiscaldata.treasury.gov/services/api/fiscal_service/v1/accounting/od/auctions_query?filter=security_type:in:(Note,Bond),auction_date:gte:2009-01-01&page%5Bsize%5D=10000&page%5Bnumber%5D=1&sort=auction_date",fetched,2026-09-30T10:44:13Z
2011-06-29,13:00,2011-06-29T13:00:00-04:00,2011-06-29T17:00:00Z,12:00,NOMINAL,7y,original,False,Note,7-Year,7-Year,No,912828QT0,2011-06-30,2018-06-30,29000000000,28983461000,16251561000,3407000000,9324900000,29933710700,933639400,2.4300,2.620000,0.560718,2011-06-23,R_20110629_1.pdf,,"https://api.fiscaldata.treasury.gov/services/api/fiscal_service/v1/accounting/od/auctions_query?filter=security_type:in:(Note,Bond),auction_date:gte:2009-01-01&page%5Bsize%5D=10000&page%5Bnumber%5D=1&sort=auction_date",fetched,2026-09-30T10:44:13Z
2011-07-12,13:00,2011-07-12T13:00:00-04:00,2011-07-12T17:00:00Z,12:00,NOMINAL,3y,original,False,Note,3-Year,3-Year,No,912828QU7,2011-07-15,2014-07-15,32000000000,31935822500,15644152500,5266797500,11024872500,32000022700,0,0.6700,3.220000,0.489862,2011-07-07,R_20110712_2.pdf,,"https://api.fiscaldata.treasury.gov/services/api/fiscal_service/v1/accounting/od/auctions_query?filter=security_type:in:(Note,Bond),auction_date:gte:2009-01-01&page%5Bsize%5D=10000&page%5Bnumber%5D=1&sort=auction_date",fetched,2026-09-30T10:44:13Z
2011-07-13,13:00,2011-07-13T13:00:00-04:00,2011-07-13T17:00:00Z,12:00,NOMINAL,10y,original,False,Note,9-Year 10-Month,10-Year,Yes,912828QN3,2011-07-15,2021-05-15,21000000000,20969246000,9249646000,2914000000,8805600000,21000017100,0,2.9180,3.170000,0.441105,2011-07-07,R_20110713_2.pdf,,"https://api.fiscaldata.treasury.gov/services/api/fiscal_service/v1/accounting/od/auctions_query?filter=security_type:in:(Note,Bond),auction_date:gte:2009-01-01&page%5Bsize%5D=10000&page%5Bnumber%5D=1&sort=auction_date",fetched,2026-09-30T10:44:13Z
2011-07-14,13:00,2011-07-14T13:00:00-04:00,2011-07-14T17:00:00Z,12:00,NOMINAL,30y,original,False,Bond,29-Year 10-Month,30-Year,Yes,912810QQ4,2011-07-15,2041-05-15,13000000000,12990828600,5233000000,2848528600,4909300000,13000003700,0,4.1980,2.800000,0.402823,2011-07-07,R_20110714_1.pdf,,"https://api.fiscaldata.treasury.gov/services/api/fiscal_service/v1/accounting/od/auctions_query?filter=security_type:in:(Note,Bond),auction_date:gte:2009-01-01&page%5Bsize%5D=10000&page%5Bnumber%5D=1&sort=auction_date",fetched,2026-09-30T10:44:13Z
2011-07-21,13:00,2011-07-21T13:00:00-04:00,2011-07-21T17:00:00Z,12:00,TIPS,10y,original,False,Note,10-Year,10-Year,No,912828QV5,2011-07-29,2021-07-15,13000000000,12903916200,5757000000,1773000000,5373916200,13000004500,0,0.6390,2.620000,0.446144,2011-07-14,R_20110721_1.pdf,,"https://api.fiscaldata.treasury.gov/services/api/fiscal_service/v1/accounting/od/auctions_query?filter=security_type:in:(Note,Bond),auction_date:gte:2009-01-01&page%5Bsize%5D=10000&page%5Bnumber%5D=1&sort=auction_date",fetched,2026-09-30T10:44:13Z
2011-07-26,13:00,2011-07-26T13:00:00-04:00,2011-07-26T17:00:00Z,12:00,NOMINAL,2y,original,False,Note,2-Year,2-Year,No,912828QW3,2011-08-01,2013-07-31,35000000000,34870410000,18237120000,6984890000,9648400000,36042237500,1042194000,0.4170,3.140000,0.522997,2011-07-21,R_20110726_3.pdf,,"https://api.fiscaldata.treasury.gov/services/api/fiscal_service/v1/accounting/od/auctions_query?filter=security_type:in:(Note,Bond),auction_date:gte:2009-01-01&page%5Bsize%5D=10000&page%5Bnumber%5D=1&sort=auction_date",fetched,2026-09-30T10:44:13Z
2011-07-27,13:00,2011-07-27T13:00:00-04:00,2011-07-27T17:00:00Z,12:00,NOMINAL,5y,original,False,Note,5-Year,5-Year,No,912828QX1,2011-08-01,2016-07-31,35000000000,34918613500,17033466000,5108000000,12777147500,36042216100,1042193900,1.5800,2.620000,0.487805,2011-07-21,R_20110727_2.pdf,,"https://api.fiscaldata.treasury.gov/services/api/fiscal_service/v1/accounting/od/auctions_query?filter=security_type:in:(Note,Bond),auction_date:gte:2009-01-01&page%5Bsize%5D=10000&page%5Bnumber%5D=1&sort=auction_date",fetched,2026-09-30T10:44:13Z
2011-07-28,13:00,2011-07-28T13:00:00-04:00,2011-07-28T17:00:00Z,12:00,NOMINAL,7y,original,False,Note,7-Year,7-Year,No,912828QY9,2011-08-01,2018-07-31,29000000000,28986960000,14837000000,2685000000,11464960000,29863551800,863532000,2.2800,2.630000,0.511851,2011-07-21,R_20110728_1.pdf,,"https://api.fiscaldata.treasury.gov/services/api/fiscal_service/v1/accounting/od/auctions_query?filter=security_type:in:(Note,Bond),auction_date:gte:2009-01-01&page%5Bsize%5D=10000&page%5Bnumber%5D=1&sort=auction_date",fetched,2026-09-30T10:44:13Z
2011-08-09,13:00,2011-08-09T13:00:00-04:00,2011-08-09T17:00:00Z,12:00,NOMINAL,3y,original,False,Note,3-Year,3-Year,No,912828RB8,2011-08-15,2014-08-15,32000000000,31984970000,13110125000,3547000000,15327845000,32980045100,979857000,0.5000,3.290000,0.409884,2011-08-03,R_20110809_2.pdf,,"https://api.fiscaldata.treasury.gov/services/api/fiscal_service/v1/accounting/od/auctions_query?filter=security_type:in:(Note,Bond),auction_date:gte:2009-01-01&page%5Bsize%5D=10000&page%5Bnumber%5D=1&sort=auction_date",fetched,2026-09-30T10:44:13Z
2011-08-10,13:00,2011-08-10T13:00:00-04:00,2011-08-10T17:00:00Z,12:00,NOMINAL,10y,original,False,Note,10-Year,10-Year,No,912828RC6,2011-08-15,2021-08-15,24000000000,23909666600,7885826000,7570275600,8453565000,24734946300,734892600,2.1400,3.220000,0.329817,2011-08-03,R_20110810_1.pdf,,"https://api.fiscaldata.treasury.gov/services/api/fiscal_service/v1/accounting/od/auctions_query?filter=security_type:in:(Note,Bond),auction_date:gte:2009-01-01&page%5Bsize%5D=10000&page%5Bnumber%5D=1&sort=auction_date",fetched,2026-09-30T10:44:13Z
2011-08-11,13:00,2011-08-11T13:00:00-04:00,2011-08-11T17:00:00Z,12:00,NOMINAL,30y,original,False,Bond,30-Year,30-Year,No,912810QS0,2011-08-15,2041-08-15,16000000000,15985160000,10921532000,3119654000,1943974000,16489944000,489928400,3.7500,2.080000,0.683229,2011-08-03,R_20110811_1.pdf,,"https://api.fiscaldata.treasury.gov/services/api/fiscal_service/v1/accounting/od/auctions_query?filter=security_type:in:(Note,Bond),auction_date:gte:2009-01-01&page%5Bsize%5D=10000&page%5Bnumber%5D=1&sort=auction_date",fetched,2026-09-30T10:44:13Z
2011-08-18,13:00,2011-08-18T13:00:00-04:00,2011-08-18T17:00:00Z,12:00,TIPS,5y,original,False,Note,4-Year 8-Month,5-Year,Yes,912828QD5,2011-08-31,2016-04-15,12000000000,11962390000,4269890000,2045000000,5647500000,12367034500,367024600,-0.8250,2.490000,0.356943,2011-08-11,R_20110818_1.pdf,,"https://api.fiscaldata.treasury.gov/services/api/fiscal_service/v1/accounting/od/auctions_query?filter=security_type:in:(Note,Bond),auction_date:gte:2009-01-01&page%5Bsize%5D=10000&page%5Bnumber%5D=1&sort=auction_date",fetched,2026-09-30T10:44:13Z
2011-08-23,13:00,2011-08-23T13:00:00-04:00,2011-08-23T17:00:00Z,12:00,NOMINAL,2y,original,False,Note,2-Year,2-Year,No,912828RD4,2011-08-31,2013-08-31,35000000000,34852330000,18287395000,5535935000,11029000000,36070566600,1070488700,0.2220,3.440000,0.524711,2011-08-18,R_20110823_3.pdf,,"https://api.fiscaldata.treasury.gov/services/api/fiscal_service/v1/accounting/od/auctions_query?filter=security_type:in:(Note,Bond),auction_date:gte:2009-01-01&page%5Bsize%5D=10000&page%5Bnumber%5D=1&sort=auction_date",fetched,2026-09-30T10:44:13Z
2011-08-24,13:00,2011-08-24T13:00:00-04:00,2011-08-24T17:00:00Z,12:00,NOMINAL,5y,original,False,Note,5-Year,5-Year,No,912828RF9,2011-08-31,2016-08-31,35000000000,34893515000,15355365000,4833000000,14705150000,36070514800,1070488400,1.0290,2.710000,0.440064,2011-08-18,R_20110824_1.pdf,,"https://api.fiscaldata.treasury.gov/services/api/fiscal_service/v1/accounting/od/auctions_query?filter=security_type:in:(Note,Bond),auction_date:gte:2009-01-01&page%5Bsize%5D=10000&page%5Bnumber%5D=1&sort=auction_date",fetched,2026-09-30T10:44:13Z
2011-08-25,13:00,2011-08-25T13:00:00-04:00,2011-08-25T17:00:00Z,12:00,NOMINAL,7y,original,False,Note,7-Year,7-Year,No,912828RE2,2011-08-31,2018-08-31,29000000000,28921095200,11681694000,2281440000,14957961200,29886984900,886976100,1.5800,2.760000,0.403916,2011-08-18,R_20110825_1.pdf,,"https://api.fiscaldata.treasury.gov/services/api/fiscal_service/v1/accounting/od/auctions_query?filter=security_type:in:(Note,Bond),auction_date:gte:2009-01-01&page%5Bsize%5D=10000&page%5Bnumber%5D=1&sort=auction_date",fetched,2026-09-30T10:44:13Z
2011-09-12,13:00,2011-09-12T13:00:00-04:00,2011-09-12T17:00:00Z,12:00,NOMINAL,3y,original,False,Note,3-Year,3-Year,No,912828RG7,2011-09-15,2014-09-15,32000000000,31973660000,17169885000,3381220000,11422555000,32000054400,0,0.3340,3.150000,0.537001,2011-09-08,R_20110912_3.pdf,,"https://api.fiscaldata.treasury.gov/services/api/fiscal_service/v1/accounting/od/auctions_query?filter=security_type:in:(Note,Bond),auction_date:gte:2009-01-01&page%5Bsize%5D=10000&page%5Bnumber%5D=1&sort=auction_date",fetched,2026-09-30T10:44:13Z
2011-09-13,13:00,2011-09-13T13:00:00-04:00,2011-09-13T17:00:00Z,12:00,NOMINAL,10y,original,False,Note,9-Year 11-Month,10-Year,Yes,912828RC6,2011-09-15,2021-08-15,21000000000,20986620000,8483520000,2320140000,10182960000,21000026900,0,2.0000,3.030000,0.404235,2011-09-08,R_20110913_2.pdf,,"https://api.fiscaldata.treasury.gov/services/api/fiscal_service/v1/accounting/od/auctions_query?filter=security_type:in:(Note,Bond),auction_date:gte:2009-01-01&page%5Bsize%5D=10000&page%5Bnumber%5D=1&sort=auction_date",fetched,2026-09-30T10:44:13Z
2011-09-14,13:00,2011-09-14T13:00:00-04:00,2011-09-14T17:00:00Z,12:00,NOMINAL,30y,original,False,Bond,29-Year 11-Month,30-Year,Yes,912810QS0,2011-09-15,2041-08-15,13000000000,12985241000,5621444000,2251854400,5111942600,13000034200,0,3.3100,2.850000,0.432910,2011-09-08,R_20110914_1.pdf,,"https://api.fiscaldata.treasury.gov/services/api/fiscal_service/v1/accounting/od/auctions_query?filter=security_type:in:(Note,Bond),auction_date:gte:2009-01-01&page%5Bsize%5D=10000&page%5Bnumber%5D=1&sort=auction_date",fetched,2026-09-30T10:44:13Z
2011-09-22,13:00,2011-09-22T13:00:00-04:00,2011-09-22T17:00:00Z,12:00,TIPS,10y,original,False,Note,9-Year 10-Month,10-Year,Yes,912828QV5,2011-09-30,2021-07-15,11000000000,10959236000,3715961000,3916000000,3327275000,11342466800,342465500,0.0780,2.610000,0.339071,2011-09-15,R_20110922_1.pdf,,"https://api.fiscaldata.treasury.gov/services/api/fiscal_service/v1/accounting/od/auctions_query?filter=security_type:in:(Note,Bond),auction_date:gte:2009-01-01&page%5Bsize%5D=10000&page%5Bnumber%5D=1&sort=auction_date",fetched,2026-09-30T10:44:13Z
2011-09-27,13:00,2011-09-27T13:00:00-04:00,2011-09-27T17:00:00Z,12:00,NOMINAL,2y,original,False,Note,2-Year,2-Year,No,912828RK8,2011-09-30,2013-09-30,35000000000,34795600000,17776950000,4231587500,12787062500,36089771300,1089663100,0.2490,3.760000,0.510896,2011-09-22,R_20110927_2.pdf,,"https://api.fiscaldata.treasury.gov/services/api/fiscal_service/v1/accounting/od/auctions_query?filter=security_type:in:(Note,Bond),auction_date:gte:2009-01-01&page%5Bsize%5D=10000&page%5Bnumber%5D=1&sort=auction_date",fetched,2026-09-30T10:44:13Z
2011-09-28,13:00,2011-09-28T13:00:00-04:00,2011-09-28T17:00:00Z,12:00,NOMINAL,5y,original,False,Note,5-Year,5-Year,No,912828RJ1,2011-09-30,2016-09-30,35000000000,34959982800,14102910000,4807140000,16049932800,36089743500,1089663000,1.0150,3.040000,0.403402,2011-09-22,R_20110928_1.pdf,,"https://api.fiscaldata.treasury.gov/services/api/fiscal_service/v1/accounting/od/auctions_query?filter=security_type:in:(Note,Bond),auction_date:gte:2009-01-01&page%5Bsize%5D=10000&page%5Bnumber%5D=1&sort=auction_date",fetched,2026-09-30T10:44:13Z
2011-09-29,13:00,2011-09-29T13:00:00-04:00,2011-09-29T17:00:00Z,12:00,NOMINAL,7y,original,False,Note,7-Year,7-Year,No,912828RH5,2011-09-30,2018-09-30,29000000000,28986202000,12967802000,3954500000,12063900000,29902866400,902863600,1.4960,3.020000,0.447378,2011-09-22,R_20110929_1.pdf,,"https://api.fiscaldata.treasury.gov/services/api/fiscal_service/v1/accounting/od/auctions_query?filter=security_type:in:(Note,Bond),auction_date:gte:2009-01-01&page%5Bsize%5D=10000&page%5Bnumber%5D=1&sort=auction_date",fetched,2026-09-30T10:44:13Z
2011-10-11,13:00,2011-10-11T13:00:00-04:00,2011-10-11T17:00:00Z,12:00,NOMINAL,3y,original,False,Note,3-Year,3-Year,No,912828RL6,2011-10-17,2014-10-15,32000000000,31971694200,17371900000,2509000000,12090794200,32000010200,0,0.5440,3.300000,0.543353,2011-10-06,R_20111011_3.pdf,,"https://api.fiscaldata.treasury.gov/services/api/fiscal_service/v1/accounting/od/auctions_query?filter=security_type:in:(Note,Bond),auction_date:gte:2009-01-01&page%5Bsize%5D=10000&page%5Bnumber%5D=1&sort=auction_date",fetched,2026-09-30T10:44:13Z
2011-10-12,13:00,2011-10-12T13:00:00-04:00,2011-10-12T17:00:00Z,12:00,NOMINAL,10y,original,False,Note,9-Year 10-Month,10-Year,Yes,912828RC6,2011-10-17,2021-08-15,21000000000,20988665000,12285160000,1350005000,7353500000,21000017200,0,2.2710,2.860000,0.585324,2011-10-06,R_20111012_2.pdf,,"https://api.fiscaldata.treasury.gov/services/api/fiscal_service/v1/accounting/od/auctions_query?filter=security_type:in:(Note,Bond),auction_date:gte:2009-01-01&page%5Bsize%5D=10000&page%5Bnumber%5D=1&sort=auction_date",fetched,2026-09-30T10:44:13Z
2011-10-13,13:00,2011-10-13T13:00:00-04:00,2011-10-13T17:00:00Z,12:00,NOMINAL,30y,original,False,Bond,29-Year 10-Month,30-Year,Yes,912810QS0,2011-10-17,2041-08-15,13000000000,12986795500,5436363500,3827057500,3723374500,13000007200,0,3.1200,2.940000,0.418607,2011-10-06,R_20111013_1.pdf,,"https://api.fiscaldata.treasury.gov/services/api/fiscal_service/v1/accounting/od/auctions_query?filter=security_type:in:(Note,Bond),auction_date:gte:2009-01-01&page%5Bsize%5D=10000&page%5Bnumber%5D=1&sort=auction_date",fetched,2026-09-30T10:44:13Z
2011-10-20,13:00,2011-10-20T13:00:00-04:00,2011-10-20T17:00:00Z,12:00,TIPS,30y,original,False,Bond,29-Year 4-Month,30-Year,Yes,912810QP6,2011-10-31,2041-02-15,7000000000,6986012500,2108120500,1862110000,3015782000,7266179200,266148900,0.9990,3.060000,0.301763,2011-10-13,R_20111020_1.pdf,,"https://api.fiscaldata.treasury.gov/services/api/fiscal_service/v1/accounting/od/auctions_query?filter=security_type:in:(Note,Bond),auction_date:gte:2009-01-01&page%5Bsize%5D=10000&page%5Bnumber%5D=1&sort=auction_date",fetched,2026-09-30T10:44:13Z
2011-10-25,13:00,2011-10-25T13:00:00-04:00,2011-10-25T17:00:00Z,12:00,NOMINAL,2y,original,False,Note,2-Year,2-Year,No,912828RN2,2011-10-31,2013-10-31,35000000000,34801560000,18295080000,2855480000,13651000000,36330750700,1330744800,0.2810,3.640000,0.525697,2011-10-20,R_20111025_2.pdf,,"https://api.fiscaldata.treasury.gov/services/api/fiscal_service/v1/accounting/od/auctions_query?filter=security_type:in:(Note,Bond),auction_date:gte:2009-01-01&page%5Bsize%5D=10000&page%5Bnumber%5D=1&sort=auction_date",fetched,2026-09-30T10:44:13Z
2011-10-26,13:00,2011-10-26T13:00:00-04:00,2011-10-26T17:00:00Z,12:00,NOMINAL,5y,original,False,Note,5-Year,5-Year,No,912828RM4,2011-10-31,2016-10-31,35000000000,34971405600,14110900000,3635000000,17225505600,36330796900,1330744700,1.0550,2.900000,0.403498,2011-10-20,R_20111026_1.pdf,,"https://api.fiscaldata.treasury.gov/services/api/fiscal_service/v1/accounting/od/auctions_query?filter=security_type:in:(Note,Bond),auction_date:gte:2009-01-01&page%5Bsize%5D=10000&page%5Bnumber%5D=1&sort=auction_date",fetched,2026-09-30T10:44:13Z
2011-10-27,13:00,2011-10-27T13:00:00-04:00,2011-10-27T17:00:00Z,12:00,NOMINAL,7y,original,False,Note,7-Year,7-Year,No,912828RP7,2011-10-31,2018-10-31,29000000000,28986450000,15697550000,3463000000,9825900000,30102630900,1102617000,1.7910,2.590000,0.541548,2011-10-20,R_20111027_1.pdf,,"https://api.fiscaldata.treasury.gov/services/api/fiscal_service/v1/accounting/od/auctions_query?filter=security_type:in:(Note,Bond),auction_date:gte:2009-01-01&page%5Bsize%5D=10000&page%5Bnumber%5D=1&sort=auction_date",fetched,2026-09-30T10:44:13Z
2011-11-08,13:00,2011-11-08T13:00:00-05:00,2011-11-08T18:00:00Z,12:00,NOMINAL,3y,original,False,Note,3-Year,3-Year,No,912828RQ5,2011-11-15,2014-11-15,32000000000,31957440800,13253092000,6350148800,12354200000,34448575700,2448487400,0.3790,3.410000,0.414711,2011-11-02,R_20111108_2.pdf,,"https://api.fiscaldata.treasury.gov/services/api/fiscal_service/v1/accounting/od/auctions_query?filter=security_type:in:(Note,Bond),auction_date:gte:2009-01-01&page%5Bsize%5D=10000&page%5Bnumber%5D=1&sort=auction_date",fetched,2026-09-30T10:44:13Z
2011-11-09,13:00,2011-11-09T13:00:00-05:00,2011-11-09T18:00:00Z,12:00,NOMINAL,10y,original,False,Note,10-Year,10-Year,No,912828RR3,2011-11-15,2021-11-15,24000000000,23970837500,12034162500,1975175000,9961500000,25836407100,1836365500,2.0300,2.640000,0.502033,2011-11-02,R_20111109_1.pdf,,"https://api.fiscaldata.treasury.gov/services/api/fiscal_service/v1/accounting/od/auctions_query?filter=security_type:in:(Note,Bond),auction_date:gte:2009-01-01&page%5Bsize%5D=10000&page%5Bnumber%5D=1&sort=auction_date",fetched,2026-09-30T10:44:13Z
2011-11-10,13:00,2011-11-10T13:00:00-05:00,2011-11-10T18:00:00Z,12:00,NOMINAL,30y,original,False,Bond,30-Year,30-Year,No,912810QT8,2011-11-15,2041-11-15,16000000000,15988527000,8911427000,2531300000,4545800000,17224269400,1224243600,3.1990,2.400000,0.557364,2011-11-02,R_20111110_1.pdf,,"https://api.fiscaldata.treasury.gov/services/api/fiscal_service/v1/accounting/od/auctions_query?filter=security_type:in:(Note,Bond),auction_date:gte:2009-01-01&page%5Bsize%5D=10000&page%5Bnumber%5D=1&sort=auction_date",fetched,2026-09-30T10:44:13Z
2011-11-17,13:00,2011-11-17T13:00:00-05:00,2011-11-17T18:00:00Z,12:00,TIPS,10y,original,False,Note,9-Year 8-Month,10-Year,Yes,912828QV5,2011-11-30,2021-07-15,11000000000,10977605000,4618520000,1275000000,5084085000,11498424100,498401700,0.0990,2.640000,0.420722,2011-11-10,R_20111117_1.pdf,,"https://api.fiscaldata.treasury.gov/services/api/fiscal_service/v1/accounting/od/auctions_query?filter=security_type:in:(Note,Bond),auction_date:gte:2009-01-01&page%5Bsize%5D=10000&page%5Bnumber%5D=1&sort=auction_date",fetched,2026-09-30T10:44:13Z
2011-11-21,13:00,2011-11-21T13:00:00-05:00,2011-11-21T18:00:00Z,12:00,NOMINAL,2y,original,False,Note,2-Year,2-Year,No,912828RS1,2011-11-30,2013-11-30,35000000000,34827060000,16203440000,3913800000,14709820000,36586067300,1585824100,0.2800,4.070000,0.465254,2011-11-17,R_20111121_3.pdf,,"https://api.fiscaldata.treasury.gov/services/api/fiscal_service/v1/accounting/od/auctions_query?filter=security_type:in:(Note,Bond),auction_date:gte:2009-01-01&page%5Bsize%5D=10000&page%5Bnumber%5D=1&sort=auction_date",fetched,2026-09-30T10:44:13Z
2011-11-22,13:00,2011-11-22T13:00:00-05:00,2011-11-22T18:00:00Z,12:00,NOMINAL,5y,original,False,Note,5-Year,5-Year,No,912828RU6,2011-11-30,2016-11-30,35000000000,34965926000,15768505000,3341968500,15855452500,36585896100,1585823800,0.9370,3.150000,0.450968,2011-11-17,R_20111122_2.pdf,,"https://api.fiscaldata.treasury.gov/services/api/fiscal_service/v1/accounting/od/auctions_query?filter=security_type:in:(Note,Bond),auction_date:gte:2009-01-01&page%5Bsize%5D=10000&page%5Bnumber%5D=1&sort=auction_date",fetched,2026-09-30T10:44:13Z
2011-11-23,13:00,2011-11-23T13:00:00-05:00,2011-11-23T18:00:00Z,12:00,NOMINAL,7y,original,False,Note,7-Year,7-Year,No,912828RT9,2011-11-30,2018-11-30,29000000000,28979885000,11958000000,5464000000,11557885000,30314142800,1313968300,1.4150,3.200000,0.412631,2011-11-17,R_20111123_1.pdf,,"https://api.fiscaldata.treasury.gov/services/api/fiscal_service/v1/accounting/od/auctions_query?filter=security_type:in:(Note,Bond),auction_date:gte:2009-01-01&page%5Bsize%5D=10000&page%5Bnumber%5D=1&sort=auction_date",fetched,2026-09-30T10:44:13Z
2011-12-12,13:00,2011-12-12T13:00:00-05:00,2011-12-12T18:00:00Z,12:00,NOMINAL,3y,original,False,Note,3-Year,3-Year,No,912828RV4,2011-12-15,2014-12-15,32000000000,31951317500,17212905000,2237000000,12501412500,33171203600,1171134000,0.3520,3.620000,0.538723,2011-12-08,R_20111212_3.pdf,,"https://api.fiscaldata.treasury.gov/services/api/fiscal_service/v1/accounting/od/auctions_query?filter=security_type:in:(Note,Bond),auction_date:gte:2009-01-01&page%5Bsize%5D=10000&page%5Bnumber%5D=1&sort=auction_date",fetched,2026-09-30T10:44:13Z
2011-12-13,13:00,2011-12-13T13:00:00-05:00,2011-12-13T18:00:00Z,12:00,NOMINAL,10y,original,False,Note,9-Year 11-Month,10-Year,Yes,912828RR3,2011-12-15,2021-11-15,21000000000,20966790400,6232546000,1762674800,12971569600,21768614000,768556600,2.0200,3.530000,0.297258,2011-12-08,R_20111213_3.pdf,,"https://api.fiscaldata.treasury.gov/services/api/fiscal_service/v1/accounting/od/auctions_query?filter=security_type:in:(Note,Bond),auction_date:gte:2009-01-01&page%5Bsize%5D=10000&page%5Bnumber%5D=1&sort=auction_date",fetched,2026-09-30T10:44:13Z
2011-12-14,13:00,2011-12-14T13:00:00-05:00,2011-12-14T18:00:00Z,12:00,NOMINAL,30y,original,False,Bond,29-Year 11-Month,30-Year,Yes,912810QT8,2011-12-15,2041-11-15,13000000000,12979616000,6006456000,2750840000,4222320000,13475784100,475773100,2.9250,3.050000,0.462761,2011-12-08,R_20111214_1.pdf,,"https://api.fiscaldata.treasury.gov/services/api/fiscal_service/v1/accounting/od/auctions_query?filter=security_type:in:(Note,Bond),auction_date:gte:2009-01-01&page%5Bsize%5D=10000&page%5Bnumber%5D=1&sort=auction_date",fetched,2026-09-30T10:44:13Z
2011-12-15,13:00,2011-12-15T13:00:00-05:00,2011-12-15T18:00:00Z,12:00,TIPS,5y,original,False,Note,4-Year 4-Month,5-Year,Yes,912828QD5,2011-12-30,2016-04-15,12000000000,11941840000,4983940000,1127000000,5830900000,12000004300,0,-0.8770,3.010000,0.417351,2011-12-08,R_20111215_1.pdf,,"https://api.fiscaldata.treasury.gov/services/api/fiscal_service/v1/accounting/od/auctions_query?filter=security_type:in:(Note,Bond),auction_date:gte:2009-01-01&page%5Bsize%5D=10000&page%5Bnumber%5D=1&sort=auction_date",fetched,2026-09-30T10:44:13Z
2011-12-19,13:00,2011-12-19T13:00:00-05:00,2011-12-19T18:00:00Z,12:00,NOMINAL,2y,original,False,Note,2-Year,2-Year,No,912828RW2,2012-01-03,2013-12-31,35000000000,34834727600,22175420000,5118137600,7541170000,36133434000,1133425000,0.2400,3.450000,0.636589,2011-12-15,R_20111219_3.pdf,,"https://api.fiscaldata.treasury.gov/services/api/fiscal_service/v1/accounting/od/auctions_query?filter=security_type:in:(Note,Bond),auction_date:gte:2009-01-01&page%5Bsize%5D=10000&page%5Bnumber%5D=1&sort=auction_date",fetched,2026-09-30T10:44:13Z
2011-12-20,13:00,2011-12-20T13:00:00-05:00,2011-12-20T18:00:00Z,12:00,NOMINAL,5y,original,False,Note,5-Year,5-Year,No,912828RX0,2012-01-03,2016-12-31,35000000000,34966762000,14099656000,3182696000,17684410000,36133437400,1133424800,0.8800,2.860000,0.403230,2011-12-15,R_20111220_2.pdf,,"https://api.fiscaldata.treasury.gov/services/api/fiscal_service/v1/accounting/od/auctions_query?filter=security_type:in:(Note,Bond),auction_date:gte:2009-01-01&page%5Bsize%5D=10000&page%5Bnumber%5D=1&sort=auction_date",fetched,2026-09-30T10:44:13Z
2011-12-21,13:00,2011-12-21T13:00:00-05:00,2011-12-21T18:00:00Z,12:00,NOMINAL,7y,original,False,Note,7-Year,7-Year,No,912828RY8,2012-01-03,2018-12-31,29000000000,28986003000,13056416000,3752469500,12177117500,29939158900,939123400,1.4300,2.680000,0.450439,2011-12-15,R_20111221_1.pdf,,"https://api.fiscaldata.treasury.gov/services/api/fiscal_service/v1/accounting/od/auctions_query?filter=security_type:in:(Note,Bond),auction_date:gte:2009-01-01&page%5Bsize%5D=10000&page%5Bnumber%5D=1&sort=auction_date",fetched,2026-09-30T10:44:13Z
2012-01-10,13:00,2012-01-10T13:00:00-05:00,2012-01-10T18:00:00Z,12:00,NOMINAL,3y,original,False,Note,3-Year,3-Year,No,912828RZ5,2012-01-17,2015-01-15,32000000000,31968173400,17949118400,1704290000,12314765000,34271402200,2271146000,0.3700,3.730000,0.561468,2012-01-05,R_20120110_3.pdf,,"https://api.fiscaldata.treasury.gov/services/api/fiscal_service/v1/accounting/od/auctions_query?filter=security_type:in:(Note,Bond),auction_date:gte:2009-01-01&page%5Bsize%5D=10000&page%5Bnumber%5D=1&sort=auction_date",fetched,2026-09-30T10:44:13Z
2012-01-11,13:00,2012-01-11T13:00:00-05:00,2012-01-11T18:00:00Z,12:00,NOMINAL,10y,original,False,Note,9-Year 10-Month,10-Year,Yes,912828RR3,2012-01-17,2021-11-15,21000000000,20979746100,9289552500,3651743100,8038450500,22490516800,1490439400,1.9000,3.290000,0.442787,2012-01-05,R_20120111_1.pdf,,"https://api.fiscaldata.treasury.gov/services/api/fiscal_service/v1/accounting/od/auctions_query?filter=security_type:in:(Note,Bond),auction_date:gte:2009-01-01&page%5Bsize%5D=10000&page%5Bnumber%5D=1&sort=auction_date",fetched,2026-09-30T10:44:13Z
2012-01-12,13:00,2012-01-12T13:00:00-05:00,2012-01-12T18:00:00Z,12:00,NOMINAL,30y,original,False,Bond,29-Year 10-Month,30-Year,Yes,912810QT8,2012-01-17,2041-11-15,13000000000,12986800000,7911130000,933600000,4142070000,13922655800,922652900,2.9850,2.600000,0.609167,2012-01-05,R_20120112_1.pdf,,"https://api.fiscaldata.treasury.gov/services/api/fiscal_service/v1/accounting/od/auctions_query?filter=security_type:in:(Note,Bond),auction_date:gte:2009-01-01&page%5Bsize%5D=10000&page%5Bnumber%5D=1&sort=auction_date",fetched,2026-09-30T10:44:13Z
2012-01-19,13:00,2012-01-19T13:00:00-05:00,2012-01-19T18:00:00Z,12:00,TIPS,10y,original,False,Note,10-Year,10-Year,No,912828SA9,2012-01-31,2022-01-15,15000000000,14832710000,7462000000,1986350000,5384360000,15282340600,282266100,-0.0460,2.910000,0.503077,2012-01-12,R_20120119_1.pdf,,"https://api.fiscaldata.treasury.gov/services/api/fiscal_service/v1/accounting/od/auctions_query?filter=security_type:in:(Note,Bond),auction_date:gte:2009-01-01&page%5Bsize%5D=10000&page%5Bnumber%5D=1&sort=auction_date",fetched,2026-09-30T10:44:13Z
2012-01-24,13:00,2012-01-24T13:00:00-05:00,2012-01-24T18:00:00Z,12:00,NOMINAL,2y,original,False,Note,2-Year,2-Year,No,912828SB7,2012-01-31,2014-01-31,35000000000,34803517600,20479120000,2876745600,11447652000,35658817000,658621200,0.2500,3.750000,0.588421,2012-01-19,R_20120124_2.pdf,,"https://api.fiscaldata.treasury.gov/services/api/fiscal_service/v1/accounting/od/auctions_query?filter=security_type:in:(Note,Bond),auction_date:gte:2009-01-01&page%5Bsize%5D=10000&page%5Bnumber%5D=1&sort=auction_date",fetched,2026-09-30T10:44:13Z
2012-01-25,11:30,2012-01-25T11:30:00-05:00,2012-01-25T16:30:00Z,11:00,NOMINAL,5y,original,False,Note,5-Year,5-Year,No,912828SC5,2012-01-31,2017-01-31,35000000000,34963616000,14514570000,5278156000,15170890000,35658673300,658621000,0.8990,3.170000,0.415134,2012-01-19,R_20120125_1.pdf,,"https://api.fiscaldata.treasury.gov/services/api/fiscal_service/v1/accounting/od/auctions_query?filter=security_type:in:(Note,Bond),auction_date:gte:2009-01-01&page%5Bsize%5D=10000&page%5Bnumber%5D=1&sort=auction_date",fetched,2026-09-30T10:44:13Z
2012-01-26,13:00,2012-01-26T13:00:00-05:00,2012-01-26T18:00:00Z,12:00,NOMINAL,7y,original,False,Note,7-Year,7-Year,No,912828SD3,2012-01-31,2019-01-31,29000000000,28974030000,16411440000,3357590000,9205000000,29545749100,545714500,1.3590,2.730000,0.566419,2012-01-19,R_20120126_1.pdf,,"https://api.fiscaldata.treasury.gov/services/api/fiscal_service/v1/accounting/od/auctions_query?filter=security_type:in:(Note,Bond),auction_date:gte:2009-01-01&page%5Bsize%5D=10000&page%5Bnumber%5D=1&sort=auction_date",fetched,2026-09-30T10:44:13Z
2012-02-07,13:00,2012-02-07T13:00:00-05:00,2012-02-07T18:00:00Z,12:00,NOMINAL,3y,original,False,Note,3-Year,3-Year,No,912828SE1,2012-02-15,2015-02-15,32000000000,31962430000,20387260000,2718170000,8857000000,35901818200,3901769900,0.3470,3.300000,0.637851,2012-02-01,R_20120207_3.pdf,,"https://api.fiscaldata.treasury.gov/services/api/fiscal_service/v1/accounting/od/auctions_query?filter=security_type:in:(Note,Bond),auction_date:gte:2009-01-01&page%5Bsize%5D=10000&page%5Bnumber%5D=1&sort=auction_date",fetched,2026-09-30T10:44:13Z
2012-02-08,13:00,2012-02-08T13:00:00-05:00,2012-02-08T18:00:00Z,12:00,NOMINAL,10y,original,False,Note,10-Year,10-Year,No,912828SF8,2012-02-15,2022-02-15,24000000000,23872684000,10327060000,4266304500,9279319500,26926334000,2926327400,2.0200,3.050000,0.432589,2012-02-01,R_20120208_1.pdf,,"https://api.fiscaldata.treasury.gov/services/api/fiscal_service/v1/accounting/od/auctions_query?filter=security_type:in:(Note,Bond),auction_date:gte:2009-01-01&page%5Bsize%5D=10000&page%5Bnumber%5D=1&sort=auction_date",fetched,2026-09-30T10:44:13Z
2012-02-09,13:00,2012-02-09T13:00:00-05:00,2012-02-09T18:00:00Z,12:00,NOMINAL,30y,original,False,Bond,30-Year,30-Year,No,912810QU5,2012-02-15,2042-02-15,16000000000,15963522900,8952073000,2354000000,4657449900,17950905300,1950884900,3.2400,2.470000,0.560783,2012-02-01,R_20120209_1.pdf,,"https://api.fiscaldata.treasury.gov/services/api/fiscal_service/v1/accounting/od/auctions_query?filter=security_type:in:(Note,Bond),auction_date:gte:2009-01-01&page%5Bsize%5D=10000&page%5Bnumber%5D=1&sort=auction_date",fetched,2026-09-30T10:44:13Z
2012-02-16,13:00,2012-02-16T13:00:00-05:00,2012-02-16T18:00:00Z,12:00,TIPS,30y,original,False,Bond,30-Year,30-Year,No,912810QV3,2012-02-29,2042-02-15,9000000000,8956291000,4100816000,1221400000,3634075000,9127756000,127751900,0.7700,2.460000,0.457870,2012-02-09,R_20120216_1.pdf,,"https://api.fiscaldata.treasury.gov/services/api/fiscal_service/v1/accounting/od/auctions_query?filter=security_type:in:(Note,Bond),auction_date:gte:2009-01-01&page%5Bsize%5D=10000&page%5Bnumber%5D=1&sort=auction_date",fetched,2026-09-30T10:44:13Z
2012-02-21,13:00,2012-02-21T13:00:00-05:00,2012-02-21T18:00:00Z,12:00,NOMINAL,2y,original,False,Note,2-Year,2-Year,No,912828SG6,2012-02-29,2014-02-28,35000000000,34832549000,19036102500,3310857500,12485589000,35496956000,496813200,0.3100,3.540000,0.546503,2012-02-16,R_20120221_3.pdf,,"https://api.fiscaldata.treasury.gov/services/api/fiscal_service/v1/accounting/od/auctions_query?filter=security_type:in:(Note,Bond),auction_date:gte:2009-01-01&page%5Bsize%5D=10000&page%5Bnumber%5D=1&sort=auction_date",fetched,2026-09-30T10:44:13Z
2012-02-22,13:00,2012-02-22T13:00:00-05:00,2012-02-22T18:00:00Z,12:00,NOMINAL,5y,original,False,Note,5-Year,5-Year,No,912828SJ0,2012-02-29,2017-02-28,35000000000,34965569800,15845117500,4506533000,14613919300,35497018200,496813000,0.9000,2.890000,0.453163,2012-02-16,R_20120222_2.pdf,,"https://api.fiscaldata.treasury.gov/services/api/fiscal_service/v1/accounting/od/auctions_query?filter=security_type:in:(Note,Bond),auction_date:gte:2009-01-01&page%5Bsize%5D=10000&page%5Bnumber%5D=1&sort=auction_date",fetched,2026-09-30T10:44:13Z
2012-02-23,13:00,2012-02-23T13:00:00-05:00,2012-02-23T18:00:00Z,12:00,NOMINAL,7y,original,False,Note,7-Year,7-Year,No,912828SH4,2012-02-29,2019-02-28,29000000000,28980240000,11269000000,5583540000,12127700000,29411654800,411645000,1.4180,3.110000,0.388851,2012-02-16,R_20120223_1.pdf,,"https://api.fiscaldata.treasury.gov/services/api/fiscal_service/v1/accounting/od/auctions_query?filter=security_type:in:(Note,Bond),auction_date:gte:2009-01-01&page%5Bsize%5D=10000&page%5Bnumber%5D=1&sort=auction_date",fetched,2026-09-30T10:44:13Z
2012-03-12,13:00,2012-03-12T13:00:00-04:00,2012-03-12T17:00:00Z,12:00,NOMINAL,3y,original,False,Note,3-Year,3-Year,No,912828SK7,2012-03-15,2015-03-15,32000000000,31966062500,18064662500,2843000000,11058400000,34221947500,2221922200,0.4560,3.440000,0.565120,2012-03-08,R_20120312_3.pdf,,"https://api.fiscaldata.treasury.gov/services/api/fiscal_service/v1/accounting/od/auctions_query?filter=security_type:in:(Note,Bond),auction_date:gte:2009-01-01&page%5Bsize%5D=10000&page%5Bnumber%5D=1&sort=auction_date",fetched,2026-09-30T10:44:13Z
2012-03-13,13:00,2012-03-13T13:00:00-04:00,2012-03-13T17:00:00Z,12:00,NOMINAL,10y,original,False,Note,9-Year 11-Month,10-Year,Yes,912828SF8,2012-03-15,2022-02-15,21000000000,20979800000,8811000000,4063600000,8105200000,22458323700,1458136400,2.0760,3.240000,0.419975,2012-03-08,R_20120313_2.pdf,,"https://api.fiscaldata.treasury.gov/services/api/fiscal_service/v1/accounting/od/auctions_query?filter=security_type:in:(Note,Bond),auction_date:gte:2009-01-01&page%5Bsize%5D=10000&page%5Bnumber%5D=1&sort=auction_date",fetched,2026-09-30T10:44:13Z
2012-03-14,13:00,2012-03-14T13:00:00-04:00,2012-03-14T17:00:00Z,12:00,NOMINAL,30y,original,False,Bond,29-Year 11-Month,30-Year,Yes,912810QU5,2012-03-15,2042-02-15,13000000000,12992497000,7317000000,1910937000,3764560000,13902658400,902655800,3.3830,2.700000,0.563171,2012-03-08,R_20120314_1.pdf,,"https://api.fiscaldata.treasury.gov/services/api/fiscal_service/v1/accounting/od/auctions_query?filter=security_type:in:(Note,Bond),auction_date:gte:2009-01-01&page%5Bsize%5D=10000&page%5Bnumber%5D=1&sort=auction_date",fetched,2026-09-30T10:44:13Z
2012-03-22,13:00,2012-03-22T13:00:00-04:00,2012-03-22T17:00:00Z,12:00,TIPS,10y,original,False,Note,9-Year 10-Month,10-Year,Yes,912828SA9,2012-03-30,2022-01-15,13000000000,12954982000,4986500000,2735000000,5233482000,13000001900,0,-0.0890,2.810000,0.384910,2012-03-15,R_20120322_1.pdf,,"https://api.fiscaldata.treasury.gov/services/api/fiscal_service/v1/accounting/od/auctions_query?filter=security_type:in:(Note,Bond),auction_date:gte:2009-01-01&page%5Bsize%5D=10000&page%5Bnumber%5D=1&sort=auction_date",fetched,2026-09-30T10:44:13Z
2012-03-27,13:00,2012-03-27T13:00:00-04:00,2012-03-27T17:00:00Z,12:00,NOMINAL,2y,original,False,Note,2-Year,2-Year,No,912828SL5,2012-04-02,2014-03-31,35000000000,34811973000,15423000000,7455200000,11933773000,35831088100,830890100,0.3400,3.690000,0.443037,2012-03-22,R_20120327_2.pdf,,"https://api.fiscaldata.treasury.gov/services/api/fiscal_service/v1/accounting/od/auctions_query?filter=security_type:in:(Note,Bond),auction_date:gte:2009-01-01&page%5Bsize%5D=10000&page%5Bnumber%5D=1&sort=auction_date",fetched,2026-09-30T10:44:13Z
2012-03-28,13:00,2012-03-28T13:00:00-04:00,2012-03-28T17:00:00Z,12:00,NOMINAL,5y,original,False,Note,5-Year,5-Year,No,912828SM3,2012-04-02,2017-03-31,35000000000,34971448400,16349483400,3968025000,14653940000,35830981800,830889900,1.0400,2.850000,0.467509,2012-03-22,R_20120328_1.pdf,,"https://api.fiscaldata.treasury.gov/services/api/fiscal_service/v1/accounting/od/auctions_query?filter=security_type:in:(Note,Bond),auction_date:gte:2009-01-01&page%5Bsize%5D=10000&page%5Bnumber%5D=1&sort=auction_date",fetched,2026-09-30T10:44:13Z
2012-03-29,13:00,2012-03-29T13:00:00-04:00,2012-03-29T17:00:00Z,12:00,NOMINAL,7y,original,False,Note,7-Year,7-Year,No,912828SN1,2012-04-02,2019-03-31,29000000000,28987303000,12699589000,3885284000,12402430000,29688495400,688451700,1.5900,2.720000,0.438109,2012-03-22,R_20120329_1.pdf,,"https://api.fiscaldata.treasury.gov/services/api/fiscal_service/v1/accounting/od/auctions_query?filter=security_type:in:(Note,Bond),auction_date:gte:2009-01-01&page%5Bsize%5D=10000&page%5Bnumber%5D=1&sort=auction_date",fetched,2026-09-30T10:44:13Z
2012-04-10,13:00,2012-04-10T13:00:00-04:00,2012-04-10T17:00:00Z,12:00,NOMINAL,3y,original,False,Note,3-Year,3-Year,No,912828SP6,2012-04-16,2015-04-15,32000000000,31960290000,16679150000,2496040000,12785100000,37822698000,5822666200,0.4270,3.360000,0.521871,2012-04-05,R_20120410_2.pdf,,"https://api.fiscaldata.treasury.gov/services/api/fiscal_service/v1/accounting/od/auctions_query?filter=security_type:in:(Note,Bond),auction_date:gte:2009-01-01&page%5Bsize%5D=10000&page%5Bnumber%5D=1&sort=auction_date",fetched,2026-09-30T10:44:13Z
2012-04-11,13:00,2012-04-11T13:00:00-04:00,2012-04-11T17:00:00Z,12:00,NOMINAL,10y,original,False,Note,9-Year 10-Month,10-Year,Yes,912828SF8,2012-04-16,2022-02-15,21000000000,20991225000,10603371000,2307835000,8080019000,24821130400,3821124600,2.0430,3.080000,0.505134,2012-04-05,R_20120411_1.pdf,,"https://api.fiscaldata.treasury.gov/services/api/fiscal_service/v1/accounting/od/auctions_query?filter=security_type:in:(Note,Bond),auction_date:gte:2009-01-01&page%5Bsize%5D=10000&page%5Bnumber%5D=1&sort=auction_date",fetched,2026-09-30T10:44:13Z
2012-04-12,13:00,2012-04-12T13:00:00-04:00,2012-04-12T17:00:00Z,12:00,NOMINAL,30y,original,False,Bond,29-Year 10-Month,30-Year,Yes,912810QU5,2012-04-16,2042-02-15,13000000000,12994979500,7269377500,1739567000,3986035000,15365467900,2365458100,3.2300,2.760000,0.559399,2012-04-05,R_20120412_1.pdf,,"https://api.fiscaldata.treasury.gov/services/api/fiscal_service/v1/accounting/od/auctions_query?filter=security_type:in:(Note,Bond),auction_date:gte:2009-01-01&page%5Bsize%5D=10000&page%5Bnumber%5D=1&sort=auction_date",fetched,2026-09-30T10:44:13Z
2012-04-19,13:00,2012-04-19T13:00:00-04:00,2012-04-19T17:00:00Z,12:00,TIPS,5y,original,False,Note,5-Year,5-Year,No,912828SQ4,2012-04-30,2017-04-15,16000000000,15883588000,8719318000,1447000000,5717270000,16429892400,429877900,-1.0800,2.580000,0.548951,2012-04-12,R_20120419_1.pdf,,"https://api.fiscaldata.treasury.gov/services/api/fiscal_service/v1/accounting/od/auctions_query?filter=security_type:in:(Note,Bond),auction_date:gte:2009-01-01&page%5Bsize%5D=10000&page%5Bnumber%5D=1&sort=auction_date",fetched,2026-09-30T10:44:13Z
2012-04-24,13:00,2012-04-24T13:00:00-04:00,2012-04-24T17:00:00Z,12:00,NOMINAL,2y,original,False,Note,2-Year,2-Year,No,912828SR2,2012-04-30,2014-04-30,35000000000,34837391300,20916839700,2725000000,11195551600,35940493300,940358300,0.2700,3.760000,0.600413,2012-04-19,R_20120424_2.pdf,,"https://api.fiscaldata.treasury.gov/services/api/fiscal_service/v1/accounting/od/auctions_query?filter=security_type:in:(Note,Bond),auction_date:gte:2009-01-01&page%5Bsize%5D=10000&page%5Bnumber%5D=1&sort=auction_date",fetched,2026-09-30T10:44:13Z
2012-04-25,11:30,2012-04-25T11:30:00-04:00,2012-04-25T15:30:00Z,11:00,NOMINAL,5y,original,False,Note,5-Year,5-Year,No,912828SS0,2012-04-30,2017-04-30,35000000000,34977756000,15070486000,3280000000,16627270000,35940363500,940358100,0.8870,3.090000,0.430859,2012-04-19,R_20120425_1.pdf,,"https://api.fiscaldata.treasury.gov/services/api/fiscal_service/v1/accounting/od/auctions_query?filter=security_type:in:(Note,Bond),auction_date:gte:2009-01-01&page%5Bsize%5D=10000&page%5Bnumber%5D=1&sort=auction_date",fetched,2026-09-30T10:44:13Z
2012-04-26,13:00,2012-04-26T13:00:00-04:00,2012-04-26T17:00:00Z,12:00,NOMINAL,7y,original,False,Note,7-Year,7-Year,No,912828ST8,2012-04-30,2019-04-30,29000000000,28963068000,12777548000,5110000000,11075520000,29779201400,779153800,1.3470,2.830000,0.441167,2012-04-19,R_20120426_1.pdf,,"https://api.fiscaldata.treasury.gov/services/api/fiscal_service/v1/accounting/od/auctions_query?filter=security_type:in:(Note,Bond),auction_date:gte:2009-01-01&page%5Bsize%5D=10000&page%5Bnumber%5D=1&sort=auction_date",fetched,2026-09-30T10:44:13Z
2012-05-08,13:00,2012-05-08T13:00:00-04:00,2012-05-08T17:00:00Z,12:00,NOMINAL,3y,original,False,Note,3-Year,3-Year,No,912828SU5,2012-05-15,2015-05-15,32000000000,31964617500,16962902500,3592935000,11408780000,34002103500,2001928400,0.3620,3.650000,0.530677,2012-05-02,R_20120508_2.pdf,,"https://api.fiscaldata.treasury.gov/services/api/fiscal_service/v1/accounting/od/auctions_query?filter=security_type:in:(Note,Bond),auction_date:gte:2009-01-01&page%5Bsize%5D=10000&page%5Bnumber%5D=1&sort=auction_date",fetched,2026-09-30T10:44:13Z
2012-05-09,13:00,2012-05-09T13:00:00-04:00,2012-05-09T17:00:00Z,12:00,NOMINAL,10y,original,False,Note,10-Year,10-Year,No,912828SV3,2012-05-15,2022-05-15,24000000000,23977009000,10905315000,3786000000,9285694000,25501532900,1501446300,1.8550,2.900000,0.454824,2012-05-02,R_20120509_1.pdf,,"https://api.fiscaldata.treasury.gov/services/api/fiscal_service/v1/accounting/od/auctions_query?filter=security_type:in:(Note,Bond),auction_date:gte:2009-01-01&page%5Bsize%5D=10000&page%5Bnumber%5D=1&sort=auction_date",fetched,2026-09-30T10:44:13Z
2012-05-10,13:00,2012-05-10T13:00:00-04:00,2012-05-10T17:00:00Z,12:00,NOMINAL,30y,original,False,Bond,30-Year,30-Year,No,912810QW1,2012-05-15,2042-05-15,16000000000,15980516700,8121952500,2463688600,5394875600,17001019800,1000964200,3.0900,2.730000,0.508241,2012-05-02,R_20120510_1.pdf,,"https://api.fiscaldata.treasury.gov/services/api/fiscal_service/v1/accounting/od/auctions_query?filter=security_type:in:(Note,Bond),auction_date:gte:2009-01-01&page%5Bsize%5D=10000&page%5Bnumber%5D=1&sort=auction_date",fetched,2026-09-30T10:44:13Z
2012-05-17,13:00,2012-05-17T13:00:00-04:00,2012-05-17T17:00:00Z,12:00,TIPS,10y,original,False,Note,9-Year 8-Month,10-Year,Yes,912828SA9,2012-05-31,2022-01-15,13000000000,12977192500,4477000000,1926092500,6574100000,13000457900,174200,-0.3910,3.010000,0.344990,2012-05-10,R_20120517_1.pdf,,"https://api.fiscaldata.treasury.gov/services/api/fiscal_service/v1/accounting/od/auctions_query?filter=security_type:in:(Note,Bond),auction_date:gte:2009-01-01&page%5Bsize%5D=10000&page%5Bnumber%5D=1&sort=auction_date",fetched,2026-09-30T10:44:13Z
2012-05-22,13:00,2012-05-22T13:00:00-04:00,2012-05-22T17:00:00Z,12:00,NOMINAL,2y,original,False,Note,2-Year,2-Year,No,912828SW1,2012-05-31,2014-05-31,35000000000,34814977000,20022030000,3125814500,11667132500,35000803300,469400,0.3000,3.950000,0.575098,2012-05-17,R_20120522_2.pdf,,"https://api.fiscaldata.treasury.gov/services/api/fiscal_service/v1/accounting/od/auctions_query?filter=security_type:in:(Note,Bond),auction_date:gte:2009-01-01&page%5Bsize%5D=10000&page%5Bnumber%5D=1&sort=auction_date",fetched,2026-09-30T10:44:13Z
2012-05-23,13:00,2012-05-23T13:00:00-04:00,2012-05-23T17:00:00Z,12:00,NOMINAL,5y,original,False,Note,5-Year,5-Year,No,912828SY7,2012-05-31,2017-05-31,35000000000,34925512500,17773022500,2281425000,14871065000,35000482100,469200,0.7480,2.990000,0.508884,2012-05-17,R_20120523_1.pdf,,"https://api.fiscaldata.treasury.gov/services/api/fiscal_service/v1/accounting/od/auctions_query?filter=security_type:in:(Note,Bond),auction_date:gte:2009-01-01&page%5Bsize%5D=10000&page%5Bnumber%5D=1&sort=auction_date",fetched,2026-09-30T10:44:13Z
2012-05-24,13:00,2012-05-24T13:00:00-04:00,2012-05-24T17:00:00Z,12:00,NOMINAL,7y,original,False,Note,7-Year,7-Year,No,912828SX9,2012-05-31,2019-05-31,29000000000,28965844000,12042250000,4547124000,12376470000,29000406200,388800,1.2030,2.800000,0.415740,2012-05-17,R_20120524_1.pdf,,"https://api.fiscaldata.treasury.gov/services/api/fiscal_service/v1/accounting/od/auctions_query?filter=security_type:in:(Note,Bond),auction_date:gte:2009-01-01&page%5Bsize%5D=10000&page%5Bnumber%5D=1&sort=auction_date",fetched,2026-09-30T10:44:13Z
2012-06-12,13:00,2012-06-12T13:00:00-04:00,2012-06-12T17:00:00Z,12:00,NOMINAL,3y,original,False,Note,3-Year,3-Year,No,912828SZ4,2012-06-15,2015-06-15,32000000000,31972625000,19474312500,3851112500,8647200000,34259567800,2259356800,0.3870,3.530000,0.609093,2012-06-07,R_20120612_2.pdf,,"https://api.fiscaldata.treasury.gov/services/api/fiscal_service/v1/accounting/od/auctions_query?filter=security_type:in:(Note,Bond),auction_date:gte:2009-01-01&page%5Bsize%5D=10000&page%5Bnumber%5D=1&sort=auction_date",fetched,2026-09-30T10:44:13Z
2012-06-13,13:00,2012-06-13T13:00:00-04:00,2012-06-13T17:00:00Z,12:00,NOMINAL,10y,original,False,Note,9-Year 11-Month,10-Year,Yes,912828SV3,2012-06-15,2022-05-15,21000000000,20989206000,7802080000,4369000000,8818126000,22482717900,1482702800,1.6220,3.060000,0.371719,2012-06-07,R_20120613_1.pdf,,"https://api.fiscaldata.treasury.gov/services/api/fiscal_service/v1/accounting/od/auctions_query?filter=security_type:in:(Note,Bond),auction_date:gte:2009-01-01&page%5Bsize%5D=10000&page%5Bnumber%5D=1&sort=auction_date",fetched,2026-09-30T10:44:13Z
2012-06-14,13:00,2012-06-14T13:00:00-04:00,2012-06-14T17:00:00Z,12:00,NOMINAL,30y,original,False,Bond,29-Year 11-Month,30-Year,Yes,912810QW1,2012-06-15,2042-05-15,13000000000,12991345000,5649289000,3121500000,4220556000,13917865200,917863600,2.7200,2.400000,0.434850,2012-06-07,R_20120614_1.pdf,,"https://api.fiscaldata.treasury.gov/services/api/fiscal_service/v1/accounting/od/auctions_query?filter=security_type:in:(Note,Bond),auction_date:gte:2009-01-01&page%5Bsize%5D=10000&page%5Bnumber%5D=1&sort=auction_date",fetched,2026-09-30T10:44:13Z
2012-06-21,13:00,2012-06-21T13:00:00-04:00,2012-06-21T17:00:00Z,12:00,TIPS,30y,original,False,Bond,29-Year 8-Month,30-Year,Yes,912810QV3,2012-06-29,2042-02-15,7000000000,6989982900,2631205500,1962000000,2396777400,7000024900,0,0.5200,2.640000,0.376425,2012-06-14,R_20120621_1.pdf,,"https://api.fiscaldata.treasury.gov/services/api/fiscal_service/v1/accounting/od/auctions_query?filter=security_type:in:(Note,Bond),auction_date:gte:2009-01-01&page%5Bsize%5D=10000&page%5Bnumber%5D=1&sort=auction_date",fetched,2026-09-30T10:44:13Z
2012-06-26,13:00,2012-06-26T13:00:00-04:00,2012-06-26T17:00:00Z,12:00,NOMINAL,2y,original,False,Note,2-Year,2-Year,No,912828TA8,2012-07-02,2014-06-30,35000000000,34724032800,20974960000,2745000000,11004072800,35357351900,357340200,0.3130,3.620000,0.604047,2012-06-21,R_20120626_3.pdf,,"https://api.fiscaldata.treasury.gov/services/api/fiscal_service/v1/accounting/od/auctions_query?filter=security_type:in:(Note,Bond),auction_date:gte:2009-01-01&page%5Bsize%5D=10000&page%5Bnumber%5D=1&sort=auction_date",fetched,2026-09-30T10:44:13Z
2012-06-27,13:00,2012-06-27T13:00:00-04:00,2012-06-27T17:00:00Z,12:00,NOMINAL,5y,original,False,Note,5-Year,5-Year,No,912828TB6,2012-07-02,2017-06-30,35000000000,34949760000,18920890000,3744500000,12284370000,35357341900,357340100,0.7520,2.610000,0.541374,2012-06-21,R_20120627_1.pdf,,"https://api.fiscaldata.treasury.gov/services/api/fiscal_service/v1/accounting/od/auctions_query?filter=security_type:in:(Note,Bond),auction_date:gte:2009-01-01&page%5Bsize%5D=10000&page%5Bnumber%5D=1&sort=auction_date",fetched,2026-09-30T10:44:13Z
2012-06-28,13:00,2012-06-28T13:00:00-04:00,2012-06-28T17:00:00Z,12:00,NOMINAL,7y,original,False,Note,7-Year,7-Year,No,912828TC4,2012-07-02,2019-06-30,29000000000,28967395000,14913192500,1880000000,12174202500,29296130800,296081700,1.0750,2.640000,0.514827,2012-06-21,R_20120628_1.pdf,,"https://api.fiscaldata.treasury.gov/services/api/fiscal_service/v1/accounting/od/auctions_query?filter=security_type:in:(Note,Bond),auction_date:gte:2009-01-01&page%5Bsize%5D=10000&page%5Bnumber%5D=1&sort=auction_date",fetched,2026-09-30T10:44:13Z
2012-07-10,13:00,2012-07-10T13:00:00-04:00,2012-07-10T17:00:00Z,12:00,NOMINAL,3y,original,False,Note,3-Year,3-Year,No,912828TD2,2012-07-16,2015-07-15,32000000000,31874299500,19071222500,3245425000,9557652000,32000164500,0,0.3660,3.520000,0.598326,2012-07-05,R_20120710_2.pdf,,"https://api.fiscaldata.treasury.gov/services/api/fiscal_service/v1/accounting/od/auctions_query?filter=security_type:in:(Note,Bond),auction_date:gte:2009-01-01&page%5Bsize%5D=10000&page%5Bnumber%5D=1&sort=auction_date",fetched,2026-09-30T10:44:13Z
2012-07-11,13:00,2012-07-11T13:00:00-04:00,2012-07-11T17:00:00Z,12:00,NOMINAL,10y,original,False,Note,9-Year 10-Month,10-Year,Yes,912828SV3,2012-07-16,2022-05-15,21000000000,20993024000,2942000000,9532040000,8518984000,21000540200,0,1.4590,3.610000,0.140142,2012-07-05,R_20120711_1.pdf,,"https://api.fiscaldata.treasury.gov/services/api/fiscal_service/v1/accounting/od/auctions_query?filter=security_type:in:(Note,Bond),auction_date:gte:2009-01-01&page%5Bsize%5D=10000&page%5Bnumber%5D=1&sort=auction_date",fetched,2026-09-30T10:44:13Z
2012-07-12,13:00,2012-07-12T13:00:00-04:00,2012-07-12T17:00:00Z,12:00,NOMINAL,30y,original,False,Bond,29-Year 10-Month,30-Year,Yes,912810QW1,2012-07-16,2042-05-15,13000000000,12990192000,5601672000,2614160000,4774360000,13000030200,0,2.5800,2.700000,0.431223,2012-07-05,R_20120712_1.pdf,,"https://api.fiscaldata.treasury.gov/services/api/fiscal_service/v1/accounting/od/auctions_query?filter=security_type:in:(Note,Bond),auction_date:gte:2009-01-01&page%5Bsize%5D=10000&page%5Bnumber%5D=1&sort=auction_date",fetched,2026-09-30T10:44:13Z
2012-07-19,13:00,2012-07-19T13:00:00-04:00,2012-07-19T17:00:00Z,12:00,TIPS,10y,original,False,Note,10-Year,10-Year,No,912828TE0,2012-07-31,2022-07-15,15000000000,14873305000,5904935000,2390000000,6578370000,15000005000,0,-0.6370,2.620000,0.397016,2012-07-12,R_20120719_1.pdf,,"https://api.fiscaldata.treasury.gov/services/api/fiscal_service/v1/accounting/od/auctions_query?filter=security_type:in:(Note,Bond),auction_date:gte:2009-01-01&page%5Bsize%5D=10000&page%5Bnumber%5D=1&sort=auction_date",fetched,2026-09-30T10:44:13Z
2012-07-24,13:00,2012-07-24T13:00:00-04:00,2012-07-24T17:00:00Z,12:00,NOMINAL,2y,original,False,Note,2-Year,2-Year,No,912828TF7,2012-07-31,2014-07-31,35000000000,34694366000,20538120000,3451240000,10705006000,35000129500,0,0.2200,4.000000,0.591973,2012-07-19,R_20120724_3.pdf,,"https://api.fiscaldata.treasury.gov/services/api/fiscal_service/v1/accounting/od/auctions_query?filter=security_type:in:(Note,Bond),auction_date:gte:2009-01-01&page%5Bsize%5D=10000&page%5Bnumber%5D=1&sort=auction_date",fetched,2026-09-30T10:44:13Z
2012-07-25,13:00,2012-07-25T13:00:00-04:00,2012-07-25T17:00:00Z,12:00,NOMINAL,5y,original,False,Note,5-Year,5-Year,No,912828TG5,2012-07-31,2017-07-31,35000000000,34974600000,18259800000,1813000000,14901800000,35000111400,0,0.5840,2.710000,0.522087,2012-07-19,R_20120725_1.pdf,,"https://api.fiscaldata.treasury.gov/services/api/fiscal_service/v1/accounting/od/auctions_query?filter=security_type:in:(Note,Bond),auction_date:gte:2009-01-01&page%5Bsize%5D=10000&page%5Bnumber%5D=1&sort=auction_date",fetched,2026-09-30T10:44:13Z
2012-07-26,13:00,2012-07-26T13:00:00-04:00,2012-07-26T17:00:00Z,12:00,NOMINAL,7y,original,False,Note,7-Year,7-Year,No,912828TH3,2012-07-31,2019-07-31,29000000000,28991990000,13522390000,2046000000,13423600000,29000021900,0,0.9540,2.640000,0.466418,2012-07-19,R_20120726_1.pdf,,"https://api.fiscaldata.treasury.gov/services/api/fiscal_service/v1/accounting/od/auctions_query?filter=security_type:in:(Note,Bond),auction_date:gte:2009-01-01&page%5Bsize%5D=10000&page%5Bnumber%5D=1&sort=auction_date",fetched,2026-09-30T10:44:13Z
2012-08-07,13:00,2012-08-07T13:00:00-04:00,2012-08-07T17:00:00Z,12:00,NOMINAL,3y,original,False,Note,3-Year,3-Year,No,912828TK6,2012-08-15,2015-08-15,32000000000,31854007500,19713812500,2686895000,9453300000,32000116900,0,0.3700,3.510000,0.618880,2012-08-01,R_20120807_2.pdf,,"https://api.fiscaldata.treasury.gov/services/api/fiscal_service/v1/accounting/od/auctions_query?filter=security_type:in:(Note,Bond),auction_date:gte:2009-01-01&page%5Bsize%5D=10000&page%5Bnumber%5D=1&sort=auction_date",fetched,2026-09-30T10:44:13Z
2012-08-08,13:00,2012-08-08T13:00:00-04:00,2012-08-08T17:00:00Z,12:00,NOMINAL,10y,original,False,Note,10-Year,10-Year,No,912828TJ9,2012-08-15,2022-08-15,24000000000,23919409400,12958875000,1247305200,9713229200,24000045500,0,1.6800,2.490000,0.541772,2012-08-01,R_20120808_1.pdf,,"https://api.fiscaldata.treasury.gov/services/api/fiscal_service/v1/accounting/od/auctions_query?filter=security_type:in:(Note,Bond),auction_date:gte:2009-01-01&page%5Bsize%5D=10000&page%5Bnumber%5D=1&sort=auction_date",fetched,2026-09-30T10:44:13Z
2012-08-09,13:00,2012-08-09T13:00:00-04:00,2012-08-09T17:00:00Z,12:00,NOMINAL,30y,original,False,Bond,30-Year,30-Year,No,912810QX9,2012-08-15,2042-08-15,16000000000,15980892000,8886824000,1229000000,5865068000,16000007700,0,2.8250,2.410000,0.556091,2012-08-01,R_20120809_1.pdf,,"https://api.fiscaldata.treasury.gov/services/api/fiscal_service/v1/accounting/od/auctions_query?filter=security_type:in:(Note,Bond),auction_date:gte:2009-01-01&page%5Bsize%5D=10000&page%5Bnumber%5D=1&sort=auction_date",fetched,2026-09-30T10:44:13Z
2012-08-23,13:00,2012-08-23T13:00:00-04:00,2012-08-23T17:00:00Z,12:00,TIPS,5y,original,False,Note,4-Year 8-Month,5-Year,Yes,912828SQ4,2012-08-31,2017-04-15,14000000000,13948290000,7021000000,2123450000,4803840000,14000043900,0,-1.2860,3.110000,0.503359,2012-08-16,R_20120823_1.pdf,,"https://api.fiscaldata.treasury.gov/services/api/fiscal_service/v1/accounting/od/auctions_query?filter=security_type:in:(Note,Bond),auction_date:gte:2009-01-01&page%5Bsize%5D=10000&page%5Bnumber%5D=1&sort=auction_date",fetched,2026-09-30T10:44:13Z
2012-08-28,13:00,2012-08-28T13:00:00-04:00,2012-08-28T17:00:00Z,12:00,NOMINAL,2y,original,False,Note,2-Year,2-Year,No,912828TL4,2012-08-31,2014-08-31,35000000000,34695548900,21378170000,5579000000,7738378900,35000091200,0,0.2730,3.940000,0.616165,2012-08-23,R_20120828_2.pdf,,"https://api.fiscaldata.treasury.gov/services/api/fiscal_service/v1/accounting/od/auctions_query?filter=security_type:in:(Note,Bond),auction_date:gte:2009-01-01&page%5Bsize%5D=10000&page%5Bnumber%5D=1&sort=auction_date",fetched,2026-09-30T10:44:13Z
2012-08-29,13:00,2012-08-29T13:00:00-04:00,2012-08-29T17:00:00Z,12:00,NOMINAL,5y,original,False,Note,5-Year,5-Year,No,912828TM2,2012-08-31,2017-08-31,35000000000,34942925000,17247525000,3837000000,13858400000,35000002500,0,0.7080,2.920000,0.493591,2012-08-23,R_20120829_2.pdf,,"https://api.fiscaldata.treasury.gov/services/api/fiscal_service/v1/accounting/od/auctions_query?filter=security_type:in:(Note,Bond),auction_date:gte:2009-01-01&page%5Bsize%5D=10000&page%5Bnumber%5D=1&sort=auction_date",fetched,2026-09-30T10:44:13Z
2012-08-30,13:00,2012-08-30T13:00:00-04:00,2012-08-30T17:00:00Z,12:00,NOMINAL,7y,original,False,Note,7-Year,7-Year,No,912828TN0,2012-08-31,2019-08-31,29000000000,28992270000,12685370000,5186000000,11120900000,29000016100,0,1.0810,2.800000,0.437543,2012-08-23,R_20120830_1.pdf,,"https://api.fiscaldata.treasury.gov/services/api/fiscal_service/v1/accounting/od/auctions_query?filter=security_type:in:(Note,Bond),auction_date:gte:2009-01-01&page%5Bsize%5D=10000&page%5Bnumber%5D=1&sort=auction_date",fetched,2026-09-30T10:44:13Z
2012-09-11,13:00,2012-09-11T13:00:00-04:00,2012-09-11T17:00:00Z,12:00,NOMINAL,3y,original,False,Note,3-Year,3-Year,No,912828TP5,2012-09-17,2015-09-15,32000000000,31869800800,15872092900,4266000000,11731707900,32000079000,0,0.3370,3.940000,0.498029,2012-09-06,R_20120911_2.pdf,,"https://api.fiscaldata.treasury.gov/services/api/fiscal_service/v1/accounting/od/auctions_query?filter=security_type:in:(Note,Bond),auction_date:gte:2009-01-01&page%5Bsize%5D=10000&page%5Bnumber%5D=1&sort=auction_date",fetched,2026-09-30T10:44:13Z
2012-09-12,13:00,2012-09-12T13:00:00-04:00,2012-09-12T17:00:00Z,12:00,NOMINAL,10y,original,False,Note,9-Year 11-Month,10-Year,Yes,912828TJ9,2012-09-17,2022-08-15,21000000000,20984994000,10960394000,2435000000,7589600000,21000036700,0,1.7640,2.850000,0.522297,2012-09-06,R_20120912_1.pdf,,"https://api.fiscaldata.treasury.gov/services/api/fiscal_service/v1/accounting/od/auctions_query?filter=security_type:in:(Note,Bond),auction_date:gte:2009-01-01&page%5Bsize%5D=10000&page%5Bnumber%5D=1&sort=auction_date",fetched,2026-09-30T10:44:13Z
2012-09-13,11:30,2012-09-13T11:30:00-04:00,2012-09-13T15:30:00Z,11:00,NOMINAL,30y,original,False,Bond,29-Year 11-Month,30-Year,Yes,912810QX9,2012-09-17,2042-08-15,13000000000,12989950000,6357550000,1606500000,5025900000,13000001500,0,2.8960,2.680000,0.489421,2012-09-06,R_20120913_1.pdf,,"https://api.fiscaldata.treasury.gov/services/api/fiscal_service/v1/accounting/od/auctions_query?filter=security_type:in:(Note,Bond),auction_date:gte:2009-01-01&page%5Bsize%5D=10000&page%5Bnumber%5D=1&sort=auction_date",fetched,2026-09-30T10:44:13Z
2012-09-20,13:00,2012-09-20T13:00:00-04:00,2012-09-20T17:00:00Z,12:00,TIPS,10y,original,False,Note,9-Year 10-Month,10-Year,Yes,912828TE0,2012-09-28,2022-07-15,13000000000,12972017000,6292323500,995000000,5684693500,13000025200,0,-0.7500,2.360000,0.485069,2012-09-13,R_20120920_1.pdf,,"https://api.fiscaldata.treasury.gov/services/api/fiscal_service/v1/accounting/od/auctions_query?filter=security_type:in:(Note,Bond),auction_date:gte:2009-01-01&page%5Bsize%5D=10000&page%5Bnumber%5D=1&sort=auction_date",fetched,2026-09-30T10:44:13Z
2012-09-25,13:00,2012-09-25T13:00:00-04:00,2012-09-25T17:00:00Z,12:00,NOMINAL,2y,original,False,Note,2-Year,2-Year,No,912828TQ3,2012-10-01,2014-09-30,35000000000,34728560000,19214050000,6077420000,9437090000,35000079200,0,0.2730,3.600000,0.553264,2012-09-20,R_20120925_2.pdf,,"https://api.fiscaldata.treasury.gov/services/api/fiscal_service/v1/accounting/od/auctions_query?filter=security_type:in:(Note,Bond),auction_date:gte:2009-01-01&page%5Bsize%5D=10000&page%5Bnumber%5D=1&sort=auction_date",fetched,2026-09-30T10:44:13Z
2012-09-26,13:00,2012-09-26T13:00:00-04:00,2012-09-26T17:00:00Z,12:00,NOMINAL,5y,original,False,Note,5-Year,5-Year,No,912828TS9,2012-10-01,2017-09-30,35000000000,34979612000,16521780000,3750000000,14707832000,35000024600,0,0.6470,3.060000,0.472326,2012-09-20,R_20120926_1.pdf,,"https://api.fiscaldata.treasury.gov/services/api/fiscal_service/v1/accounting/od/auctions_query?filter=security_type:in:(Note,Bond),auction_date:gte:2009-01-01&page%5Bsize%5D=10000&page%5Bnumber%5D=1&sort=auction_date",fetched,2026-09-30T10:44:13Z
2012-09-27,13:00,2012-09-27T13:00:00-04:00,2012-09-27T17:00:00Z,12:00,NOMINAL,7y,original,False,Note,7-Year,7-Year,No,912828TR1,2012-10-01,2019-09-30,29000000000,28993869000,13952850000,4928898000,10112121000,29000017700,0,1.0550,2.610000,0.481234,2012-09-20,R_20120927_1.pdf,,"https://api.fiscaldata.treasury.gov/services/api/fiscal_service/v1/accounting/od/auctions_query?filter=security_type:in:(Note,Bond),auction_date:gte:2009-01-01&page%5Bsize%5D=10000&page%5Bnumber%5D=1&sort=auction_date",fetched,2026-09-30T10:44:13Z
2012-10-09,13:00,2012-10-09T13:00:00-04:00,2012-10-09T17:00:00Z,12:00,NOMINAL,3y,original,False,Note,3-Year,3-Year,No,912828TT7,2012-10-15,2015-10-15,32000000000,31874744000,15518544000,7180000000,9176200000,32000028700,0,0.3460,3.960000,0.486860,2012-10-04,R_20121009_3.pdf,,"https://api.fiscaldata.treasury.gov/services/api/fiscal_service/v1/accounting/od/auctions_query?filter=security_type:in:(Note,Bond),auction_date:gte:2009-01-01&page%5Bsize%5D=10000&page%5Bnumber%5D=1&sort=auction_date",fetched,2026-09-30T10:44:13Z
2012-10-10,13:00,2012-10-10T13:00:00-04:00,2012-10-10T17:00:00Z,12:00,NOMINAL,10y,original,False,Note,9-Year 10-Month,10-Year,Yes,912828TJ9,2012-10-15,2022-08-15,21000000000,20987142400,7494522400,4811000000,8681620000,21000029300,0,1.7000,3.260000,0.357101,2012-10-04,R_20121010_2.pdf,,"https://api.fiscaldata.treasury.gov/services/api/fiscal_service/v1/accounting/od/auctions_query?filter=security_type:in:(Note,Bond),auction_date:gte:2009-01-01&page%5Bsize%5D=10000&page%5Bnumber%5D=1&sort=auction_date",fetched,2026-09-30T10:44:13Z
2012-10-11,13:00,2012-10-11T13:00:00-04:00,2012-10-11T17:00:00Z,12:00,NOMINAL,30y,original,False,Bond,29-Year 10-Month,30-Year,Yes,912810QX9,2012-10-15,2042-08-15,13000000000,12994701000,7707451000,1840000000,3447250000,13000014200,0,2.9040,2.490000,0.593123,2012-10-04,R_20121011_1.pdf,,"https://api.fiscaldata.treasury.gov/services/api/fiscal_service/v1/accounting/od/auctions_query?filter=security_type:in:(Note,Bond),auction_date:gte:2009-01-01&page%5Bsize%5D=10000&page%5Bnumber%5D=1&sort=auction_date",fetched,2026-09-30T10:44:13Z
2012-10-18,13:00,2012-10-18T13:00:00-04:00,2012-10-18T17:00:00Z,12:00,TIPS,30y,original,False,Bond,29-Year 4-Month,30-Year,Yes,912810QV3,2012-10-31,2042-02-15,7000000000,6985120400,2630000000,925365200,3429755200,7000088200,0,0.4790,2.820000,0.376515,2012-10-11,R_20121018_1.pdf,,"https://api.fiscaldata.treasury.gov/services/api/fiscal_service/v1/accounting/od/auctions_query?filter=security_type:in:(Note,Bond),auction_date:gte:2009-01-01&page%5Bsize%5D=10000&page%5Bnumber%5D=1&sort=auction_date",fetched,2026-09-30T10:44:13Z
2012-10-23,13:00,2012-10-23T13:00:00-04:00,2012-10-23T17:00:00Z,12:00,NOMINAL,2y,original,False,Note,2-Year,2-Year,No,912828TU4,2012-10-31,2014-10-31,35000000000,34728216000,9835060000,13252720000,11640436000,35000053500,0,0.2950,4.020000,0.283201,2012-10-18,R_20121023_2.pdf,,"https://api.fiscaldata.treasury.gov/services/api/fiscal_service/v1/accounting/od/auctions_query?filter=security_type:in:(Note,Bond),auction_date:gte:2009-01-01&page%5Bsize%5D=10000&page%5Bnumber%5D=1&sort=auction_date",fetched,2026-09-30T10:44:13Z
2012-10-24,13:00,2012-10-24T13:00:00-04:00,2012-10-24T17:00:00Z,12:00,NOMINAL,5y,original,False,Note,5-Year,5-Year,No,912828TW0,2012-10-31,2017-10-31,35000000000,34964010000,14743500000,5413260000,14807250000,35000040800,0,0.7740,2.730000,0.421676,2012-10-18,R_20121024_1.pdf,,"https://api.fiscaldata.treasury.gov/services/api/fiscal_service/v1/accounting/od/auctions_query?filter=security_type:in:(Note,Bond),auction_date:gte:2009-01-01&page%5Bsize%5D=10000&page%5Bnumber%5D=1&sort=auction_date",fetched,2026-09-30T10:44:13Z
2012-10-25,13:00,2012-10-25T13:00:00-04:00,2012-10-25T17:00:00Z,12:00,NOMINAL,7y,original,False,Note,7-Year,7-Year,No,912828TV2,2012-10-31,2019-10-31,29000000000,28942450000,12653250000,5220000000,11069200000,29000049700,0,1.2670,2.560000,0.437187,2012-10-18,R_20121025_1.pdf,,"https://api.fiscaldata.treasury.gov/services/api/fiscal_service/v1/accounting/od/auctions_query?filter=security_type:in:(Note,Bond),auction_date:gte:2009-01-01&page%5Bsize%5D=10000&page%5Bnumber%5D=1&sort=auction_date",fetched,2026-09-30T10:44:13Z
2012-11-06,13:00,2012-11-06T13:00:00-05:00,2012-11-06T18:00:00Z,12:00,NOMINAL,3y,original,False,Note,3-Year,3-Year,No,912828TX8,2012-11-15,2015-11-15,32000000000,31855100000,16783850000,7088390000,7982860000,32000089300,0,0.3920,3.410000,0.526881,2012-10-31,R_20121106_2.pdf,,"https://api.fiscaldata.treasury.gov/services/api/fiscal_service/v1/accounting/od/auctions_query?filter=security_type:in:(Note,Bond),auction_date:gte:2009-01-01&page%5Bsize%5D=10000&page%5Bnumber%5D=1&sort=auction_date",fetched,2026-09-30T10:44:13Z
2012-11-07,13:00,2012-11-07T13:00:00-05:00,2012-11-07T18:00:00Z,12:00,NOMINAL,10y,original,False,Note,10-Year,10-Year,No,912828TY6,2012-11-15,2022-11-15,24000000000,23973206500,11073380000,3384000000,9515826500,24000003800,0,1.6750,2.590000,0.461907,2012-10-31,R_20121107_2.pdf,,"https://api.fiscaldata.treasury.gov/services/api/fiscal_service/v1/accounting/od/auctions_query?filter=security_type:in:(Note,Bond),auction_date:gte:2009-01-01&page%5Bsize%5D=10000&page%5Bnumber%5D=1&sort=auction_date",fetched,2026-09-30T10:44:13Z
2012-11-08,13:00,2012-11-08T13:00:00-05:00,2012-11-08T18:00:00Z,12:00,NOMINAL,30y,original,False,Bond,30-Year,30-Year,No,912810QY7,2012-11-15,2042-11-15,16000000000,15983444400,6736517400,1985407400,7261519600,16000008200,0,2.8200,2.770000,0.421468,2012-10-31,R_20121108_1.pdf,,"https://api.fiscaldata.treasury.gov/services/api/fiscal_service/v1/accounting/od/auctions_query?filter=security_type:in:(Note,Bond),auction_date:gte:2009-01-01&page%5Bsize%5D=10000&page%5Bnumber%5D=1&sort=auction_date",fetched,2026-09-30T10:44:13Z
2012-11-21,11:30,2012-11-21T11:30:00-05:00,2012-11-21T16:30:00Z,11:00,TIPS,10y,original,False,Note,9-Year 8-Month,10-Year,Yes,912828TE0,2012-11-30,2022-07-15,13000000000,12981519000,5367615500,1343963500,6269940000,13000022400,0,-0.7200,2.520000,0.413481,2012-11-15,R_20121121_1.pdf,,"https://api.fiscaldata.treasury.gov/services/api/fiscal_service/v1/accounting/od/auctions_query?filter=security_type:in:(Note,Bond),auction_date:gte:2009-01-01&page%5Bsize%5D=10000&page%5Bnumber%5D=1&sort=auction_date",fetched,2026-09-30T10:44:13Z
2012-11-27,13:00,2012-11-27T13:00:00-05:00,2012-11-27T18:00:00Z,12:00,NOMINAL,2y,original,False,Note,2-Year,2-Year,No,912828TZ3,2012-11-30,2014-11-30,35000000000,34749362700,14573155000,8216134500,11960073200,35000071500,0,0.2700,4.070000,0.419379,2012-11-21,R_20121127_2.pdf,,"https://api.fiscaldata.treasury.gov/services/api/fiscal_service/v1/accounting/od/auctions_query?filter=security_type:in:(Note,Bond),auction_date:gte:2009-01-01&page%5Bsize%5D=10000&page%5Bnumber%5D=1&sort=auction_date",fetched,2026-09-30T10:44:13Z
2012-11-28,13:00,2012-11-28T13:00:00-05:00,2012-11-28T18:00:00Z,12:00,NOMINAL,5y,original,False,Note,5-Year,5-Year,No,912828UA6,2012-11-30,2017-11-30,35000000000,34974605000,13554555000,5556000000,15864050000,35000027500,0,0.6410,2.890000,0.387554,2012-11-21,R_20121128_1.pdf,,"https://api.fiscaldata.treasury.gov/services/api/fiscal_service/v1/accounting/od/auctions_query?filter=security_type:in:(Note,Bond),auction_date:gte:2009-01-01&page%5Bsize%5D=10000&page%5Bnumber%5D=1&sort=auction_date",fetched,2026-09-30T10:44:13Z
2012-11-29,13:00,2012-11-29T13:00:00-05:00,2012-11-29T18:00:00Z,12:00,NOMINAL,7y,original,False,Note,7-Year,7-Year,No,912828UB4,2012-11-30,2019-11-30,29000000000,28989464400,11946780000,5712960000,11329724400,29000055100,0,1.0450,2.810000,0.412108,2012-11-21,R_20121129_1.pdf,,"https://api.fiscaldata.treasury.gov/services/api/fiscal_service/v1/accounting/od/auctions_query?filter=security_type:in:(Note,Bond),auction_date:gte:2009-01-01&page%5Bsize%5D=10000&page%5Bnumber%5D=1&sort=auction_date",fetched,2026-09-30T10:44:13Z
2012-12-11,13:00,2012-12-11T13:00:00-05:00,2012-12-11T18:00:00Z,12:00,NOMINAL,3y,original,False,Note,3-Year,3-Year,No,912828UC2,2012-12-17,2015-12-15,32000000000,31867330000,16972115000,7901045000,6994170000,32000073700,0,0.3270,3.360000,0.532587,2012-12-06,R_20121211_3.pdf,,"https://api.fiscaldata.treasury.gov/services/api/fiscal_service/v1/accounting/od/auctions_query?filter=security_type:in:(Note,Bond),auction_date:gte:2009-01-01&page%5Bsize%5D=10000&page%5Bnumber%5D=1&sort=auction_date",fetched,2026-09-30T10:44:13Z
2012-12-12,11:30,2012-12-12T11:30:00-05:00,2012-12-12T16:30:00Z,11:00,NOMINAL,10y,original,False,Note,9-Year 11-Month,10-Year,Yes,912828TY6,2012-12-17,2022-11-15,21000000000,20980100000,6945000000,8960200000,5074900000,21000045500,0,1.6520,2.950000,0.331028,2012-12-06,R_20121212_1.pdf,,"https://api.fiscaldata.treasury.gov/services/api/fiscal_service/v1/accounting/od/auctions_query?filter=security_type:in:(Note,Bond),auction_date:gte:2009-01-01&page%5Bsize%5D=10000&page%5Bnumber%5D=1&sort=auction_date",fetched,2026-09-30T10:44:13Z
2012-12-13,13:00,2012-12-13T13:00:00-05:00,2012-12-13T18:00:00Z,12:00,NOMINAL,30y,original,False,Bond,29-Year 11-Month,30-Year,Yes,912810QY7,2012-12-17,2042-11-15,13000000000,12989562500,5983047500,2633500000,4373015000,13000003900,0,2.9170,2.500000,0.460604,2012-12-06,R_20121213_2.pdf,,"https://api.fiscaldata.treasury.gov/services/api/fiscal_service/v1/accounting/od/auctions_query?filter=security_type:in:(Note,Bond),auction_date:gte:2009-01-01&page%5Bsize%5D=10000&page%5Bnumber%5D=1&sort=auction_date",fetched,2026-09-30T10:44:13Z
2012-12-17,13:00,2012-12-17T13:00:00-05:00,2012-12-17T18:00:00Z,12:00,NOMINAL,2y,original,False,Note,2-Year,2-Year,No,912828UD0,2012-12-31,2014-12-31,35000000000,34777565000,18733775000,9888513000,6155277000,35000165000,0,0.2450,3.590000,0.538674,2012-12-13,R_20121217_3.pdf,,"https://api.fiscaldata.treasury.gov/services/api/fiscal_service/v1/accounting/od/auctions_query?filter=security_type:in:(Note,Bond),auction_date:gte:2009-01-01&page%5Bsize%5D=10000&page%5Bnumber%5D=1&sort=auction_date",fetched,2026-09-30T10:44:13Z
2012-12-18,13:00,2012-12-18T13:00:00-05:00,2012-12-18T18:00:00Z,12:00,NOMINAL,5y,original,False,Note,5-Year,5-Year,No,912828UE8,2012-12-31,2017-12-31,35000000000,34925500000,12977450000,10616580000,11331470000,35000025600,0,0.7690,2.720000,0.371575,2012-12-13,R_20121218_2.pdf,,"https://api.fiscaldata.treasury.gov/services/api/fiscal_service/v1/accounting/od/auctions_query?filter=security_type:in:(Note,Bond),auction_date:gte:2009-01-01&page%5Bsize%5D=10000&page%5Bnumber%5D=1&sort=auction_date",fetched,2026-09-30T10:44:13Z
2012-12-19,13:00,2012-12-19T13:00:00-05:00,2012-12-19T18:00:00Z,12:00,NOMINAL,7y,original,False,Note,7-Year,7-Year,No,912828UF5,2012-12-31,2019-12-31,29000000000,28971710000,10720000000,6694000000,11557710000,29000003400,0,1.2330,2.720000,0.370016,2012-12-13,R_20121219_1.pdf,,"https://api.fiscaldata.treasury.gov/services/api/fiscal_service/v1/accounting/od/auctions_query?filter=security_type:in:(Note,Bond),auction_date:gte:2009-01-01&page%5Bsize%5D=10000&page%5Bnumber%5D=1&sort=auction_date",fetched,2026-09-30T10:44:13Z
2012-12-20,13:00,2012-12-20T13:00:00-05:00,2012-12-20T18:00:00Z,12:00,TIPS,5y,original,False,Note,4-Year 4-Month,5-Year,Yes,912828SQ4,2012-12-31,2017-04-15,14000000000,13980098000,5641000000,1491728000,6847370000,14000034200,0,-1.4960,2.700000,0.403502,2012-12-13,R_20121220_1.pdf,,"https://api.fiscaldata.treasury.gov/services/api/fiscal_service/v1/accounting/od/auctions_query?filter=security_type:in:(Note,Bond),auction_date:gte:2009-01-01&page%5Bsize%5D=10000&page%5Bnumber%5D=1&sort=auction_date",fetched,2026-09-30T10:44:13Z
2013-01-08,13:00,2013-01-08T13:00:00-05:00,2013-01-08T18:00:00Z,12:00,NOMINAL,3y,original,False,Note,3-Year,3-Year,No,912828UG3,2013-01-15,2016-01-15,32000000000,31869925000,14410485000,8407000000,9052440000,32000047100,0,0.3850,3.620000,0.452166,2013-01-03,R_20130108_3.pdf,,"https://api.fiscaldata.treasury.gov/services/api/fiscal_service/v1/accounting/od/auctions_query?filter=security_type:in:(Note,Bond),auction_date:gte:2009-01-01&page%5Bsize%5D=10000&page%5Bnumber%5D=1&sort=auction_date",fetched,2026-09-30T10:44:13Z
2013-01-09,13:00,2013-01-09T13:00:00-05:00,2013-01-09T18:00:00Z,12:00,NOMINAL,10y,original,False,Note,9-Year 10-Month,10-Year,Yes,912828TY6,2013-01-15,2022-11-15,21000000000,20991170400,11910480000,3102000000,5978690400,21000005700,0,1.8630,2.830000,0.567404,2013-01-03,R_20130109_1.pdf,,"https://api.fiscaldata.treasury.gov/services/api/fiscal_service/v1/accounting/od/auctions_query?filter=security_type:in:(Note,Bond),auction_date:gte:2009-01-01&page%5Bsize%5D=10000&page%5Bnumber%5D=1&sort=auction_date",fetched,2026-09-30T10:44:13Z
2013-01-10,13:00,2013-01-10T13:00:00-05:00,2013-01-10T18:00:00Z,12:00,NOMINAL,30y,original,False,Bond,29-Year 10-Month,30-Year,Yes,912810QY7,2013-01-15,2042-11-15,13000000000,12989715500,5910162500,2163163500,4916389500,13000000900,0,3.0700,2.770000,0.454988,2013-01-03,R_20130110_1.pdf,,"https://api.fiscaldata.treasury.gov/services/api/fiscal_service/v1/accounting/od/auctions_query?filter=security_type:in:(Note,Bond),auction_date:gte:2009-01-01&page%5Bsize%5D=10000&page%5Bnumber%5D=1&sort=auction_date",fetched,2026-09-30T10:44:13Z
2013-01-24,13:00,2013-01-24T13:00:00-05:00,2013-01-24T18:00:00Z,12:00,TIPS,10y,original,False,Note,10-Year,10-Year,No,912828UH1,2013-01-31,2023-01-15,15000000000,14933824700,5285355000,1688142000,7960327700,15000000300,0,-0.6300,2.710000,0.353918,2013-01-17,R_20130124_1.pdf,,"https://api.fiscaldata.treasury.gov/services/api/fiscal_service/v1/accounting/od/auctions_query?filter=security_type:in:(Note,Bond),auction_date:gte:2009-01-01&page%5Bsize%5D=10000&page%5Bnumber%5D=1&sort=auction_date",fetched,2026-09-30T10:44:13Z
2013-01-28,13:00,2013-01-28T13:00:00-05:00,2013-01-28T18:00:00Z,12:00,NOMINAL,2y,original,False,Note,2-Year,2-Year,No,912828UK4,2013-01-31,2015-01-31,35000000000,34732725000,18061165000,10416460000,6255100000,35000111200,0,0.2880,3.770000,0.520004,2013-01-24,R_20130128_3.pdf,,"https://api.fiscaldata.treasury.gov/services/api/fiscal_service/v1/accounting/od/auctions_query?filter=security_type:in:(Note,Bond),auction_date:gte:2009-01-01&page%5Bsize%5D=10000&page%5Bnumber%5D=1&sort=auction_date",fetched,2026-09-30T10:44:13Z
2013-01-29,13:00,2013-01-29T13:00:00-05:00,2013-01-29T18:00:00Z,12:00,NOMINAL,5y,original,False,Note,5-Year,5-Year,No,912828UJ7,2013-01-31,2018-01-31,35000000000,34970740500,15201535000,5888810500,13880395000,35000013900,0,0.8890,2.880000,0.434693,2013-01-24,R_20130129_2.pdf,,"https://api.fiscaldata.treasury.gov/services/api/fiscal_service/v1/accounting/od/auctions_query?filter=security_type:in:(Note,Bond),auction_date:gte:2009-01-01&page%5Bsize%5D=10000&page%5Bnumber%5D=1&sort=auction_date",fetched,2026-09-30T10:44:13Z
2013-01-30,13:00,2013-01-30T13:00:00-05:00,2013-01-30T18:00:00Z,12:00,NOMINAL,7y,original,False,Note,7-Year,7-Year,No,912828UL2,2013-01-31,2020-01-31,29000000000,28989474000,12187490000,5724500000,11077484000,29000019000,0,1.4160,2.600000,0.420411,2013-01-24,R_20130130_1.pdf,,"https://api.fiscaldata.treasury.gov/services/api/fiscal_service/v1/accounting/od/auctions_query?filter=security_type:in:(Note,Bond),auction_date:gte:2009-01-01&page%5Bsize%5D=10000&page%5Bnumber%5D=1&sort=auction_date",fetched,2026-09-30T10:44:13Z
2013-02-12,13:00,2013-02-12T13:00:00-05:00,2013-02-12T18:00:00Z,12:00,NOMINAL,3y,original,False,Note,3-Year,3-Year,No,912828UM0,2013-02-15,2016-02-15,32000000000,31855397500,17558237500,8556060000,5741100000,32000052200,0,0.4110,3.590000,0.551186,2013-02-06,R_20130212_3.pdf,,"https://api.fiscaldata.treasury.gov/services/api/fiscal_service/v1/accounting/od/auctions_query?filter=security_type:in:(Note,Bond),auction_date:gte:2009-01-01&page%5Bsize%5D=10000&page%5Bnumber%5D=1&sort=auction_date",fetched,2026-09-30T10:44:13Z
2013-02-13,13:00,2013-02-13T13:00:00-05:00,2013-02-13T18:00:00Z,12:00,NOMINAL,10y,original,False,Note,10-Year,10-Year,No,912828UN8,2013-02-15,2023-02-15,24000000000,23960836000,11436760000,5810000000,6714076000,24000010900,0,2.0460,2.680000,0.477311,2013-02-06,R_20130213_1.pdf,,"https://api.fiscaldata.treasury.gov/services/api/fiscal_service/v1/accounting/od/auctions_query?filter=security_type:in:(Note,Bond),auction_date:gte:2009-01-01&page%5Bsize%5D=10000&page%5Bnumber%5D=1&sort=auction_date",fetched,2026-09-30T10:44:13Z
2013-02-14,13:00,2013-02-14T13:00:00-05:00,2013-02-14T18:00:00Z,12:00,NOMINAL,30y,original,False,Bond,30-Year,30-Year,No,912810QZ4,2013-02-15,2043-02-15,16000000000,15980720000,7852860000,2315000000,5812860000,16000139500,0,3.1800,2.740000,0.491396,2013-02-06,R_20130214_1.pdf,,"https://api.fiscaldata.treasury.gov/services/api/fiscal_service/v1/accounting/od/auctions_query?filter=security_type:in:(Note,Bond),auction_date:gte:2009-01-01&page%5Bsize%5D=10000&page%5Bnumber%5D=1&sort=auction_date",fetched,2026-09-30T10:44:13Z
2013-02-21,13:00,2013-02-21T13:00:00-05:00,2013-02-21T18:00:00Z,12:00,TIPS,30y,original,False,Bond,30-Year,30-Year,No,912810RA8,2013-02-28,2043-02-15,9000000000,8976956000,2833000000,1255000000,4888956000,9000042800,0,0.6390,2.470000,0.315586,2013-02-14,R_20130221_1.pdf,,"https://api.fiscaldata.treasury.gov/services/api/fiscal_service/v1/accounting/od/auctions_query?filter=security_type:in:(Note,Bond),auction_date:gte:2009-01-01&page%5Bsize%5D=10000&page%5Bnumber%5D=1&sort=auction_date",fetched,2026-09-30T10:44:13Z
2013-02-25,13:00,2013-02-25T13:00:00-05:00,2013-02-25T18:00:00Z,12:00,NOMINAL,2y,original,False,Note,2-Year,2-Year,No,912828UP3,2013-02-28,2015-02-28,35000000000,34745648000,16126760000,10974380000,7644508000,35000121300,0,0.2570,3.330000,0.464138,2013-02-21,R_20130225_3.pdf,,"https://api.fiscaldata.treasury.gov/services/api/fiscal_service/v1/accounting/od/auctions_query?filter=security_type:in:(Note,Bond),auction_date:gte:2009-01-01&page%5Bsize%5D=10000&page%5Bnumber%5D=1&sort=auction_date",fetched,2026-09-30T10:44:13Z
2013-02-26,13:00,2013-02-26T13:00:00-05:00,2013-02-26T18:00:00Z,12:00,NOMINAL,5y,original,False,Note,5-Year,5-Year,No,912828UR9,2013-02-28,2018-02-28,35000000000,34976003000,15382730000,5003000000,14590273000,35000014500,0,0.7770,2.850000,0.439808,2013-02-21,R_20130226_2.pdf,,"https://api.fiscaldata.treasury.gov/services/api/fiscal_service/v1/accounting/od/auctions_query?filter=security_type:in:(Note,Bond),auction_date:gte:2009-01-01&page%5Bsize%5D=10000&page%5Bnumber%5D=1&sort=auction_date",fetched,2026-09-30T10:44:13Z
2013-02-27,13:00,2013-02-27T13:00:00-05:00,2013-02-27T18:00:00Z,12:00,NOMINAL,7y,original,False,Note,7-Year,7-Year,No,912828UQ1,2013-02-28,2020-02-29,29000000000,28993175000,14022250000,5282625000,9688300000,29000021000,0,1.2600,2.650000,0.483640,2013-02-21,R_20130227_1.pdf,,"https://api.fiscaldata.treasury.gov/services/api/fiscal_service/v1/accounting/od/auctions_query?filter=security_type:in:(Note,Bond),auction_date:gte:2009-01-01&page%5Bsize%5D=10000&page%5Bnumber%5D=1&sort=auction_date",fetched,2026-09-30T10:44:13Z
2013-03-12,13:00,2013-03-12T13:00:00-04:00,2013-03-12T17:00:00Z,12:00,NOMINAL,3y,original,False,Note,3-Year,3-Year,No,912828US7,2013-03-15,2016-03-15,32000000000,31848142500,17848292500,7443000000,6556850000,32000042200,0,0.4110,3.510000,0.560419,2013-03-07,R_20130312_2.pdf,,"https://api.fiscaldata.treasury.gov/services/api/fiscal_service/v1/accounting/od/auctions_query?filter=security_type:in:(Note,Bond),auction_date:gte:2009-01-01&page%5Bsize%5D=10000&page%5Bnumber%5D=1&sort=auction_date",fetched,2026-09-30T10:44:13Z
2013-03-13,13:00,2013-03-13T13:00:00-04:00,2013-03-13T17:00:00Z,12:00,NOMINAL,10y,original,False,Note,9-Year 11-Month,10-Year,Yes,912828UN8,2013-03-15,2023-02-15,21000000000,20979758500,4671550000,6303000000,10005208500,21000012400,0,2.0290,3.190000,0.222669,2013-03-07,R_20130313_1.pdf,,"https://api.fiscaldata.treasury.gov/services/api/fiscal_service/v1/accounting/od/auctions_query?filter=security_type:in:(Note,Bond),auction_date:gte:2009-01-01&page%5Bsize%5D=10000&page%5Bnumber%5D=1&sort=auction_date",fetched,2026-09-30T10:44:13Z
2013-03-14,13:00,2013-03-14T13:00:00-04:00,2013-03-14T17:00:00Z,12:00,NOMINAL,30y,original,False,Bond,29-Year 11-Month,30-Year,Yes,912810QZ4,2013-03-15,2043-02-15,13000000000,12985524900,6901237500,633000000,5451287400,13000036000,0,3.2480,2.430000,0.531456,2013-03-07,R_20130314_2.pdf,,"https://api.fiscaldata.treasury.gov/services/api/fiscal_service/v1/accounting/od/auctions_query?filter=security_type:in:(Note,Bond),auction_date:gte:2009-01-01&page%5Bsize%5D=10000&page%5Bnumber%5D=1&sort=auction_date",fetched,2026-09-30T10:44:13Z
2013-03-21,13:00,2013-03-21T13:00:00-04:00,2013-03-21T17:00:00Z,12:00,TIPS,10y,original,False,Note,9-Year 10-Month,10-Year,Yes,912828UH1,2013-03-28,2023-01-15,13000000000,12987461000,5579000000,745000000,6663461000,13000008000,0,-0.6020,2.740000,0.429568,2013-03-14,R_20130321_1.pdf,,"https://api.fiscaldata.treasury.gov/services/api/fiscal_service/v1/accounting/od/auctions_query?filter=security_type:in:(Note,Bond),auction_date:gte:2009-01-01&page%5Bsize%5D=10000&page%5Bnumber%5D=1&sort=auction_date",fetched,2026-09-30T10:44:13Z
2013-03-26,13:00,2013-03-26T13:00:00-04:00,2013-03-26T17:00:00Z,12:00,NOMINAL,2y,original,False,Note,2-Year,2-Year,No,912828UT5,2013-04-01,2015-03-31,35000000000,34704098000,19976610000,7570000000,7157488000,35000303100,0,0.2550,3.270000,0.575627,2013-03-21,R_20130326_2.pdf,,"https://api.fiscaldata.treasury.gov/services/api/fiscal_service/v1/accounting/od/auctions_query?filter=security_type:in:(Note,Bond),auction_date:gte:2009-01-01&page%5Bsize%5D=10000&page%5Bnumber%5D=1&sort=auction_date",fetched,2026-09-30T10:44:13Z
2013-03-27,13:00,2013-03-27T13:00:00-04:00,2013-03-27T17:00:00Z,12:00,NOMINAL,5y,original,False,Note,5-Year,5-Year,No,912828UU2,2013-04-01,2018-03-31,35000000000,34975054500,12969467500,5888422000,16117165000,35000030600,0,0.7600,2.730000,0.370821,2013-03-21,R_20130327_1.pdf,,"https://api.fiscaldata.treasury.gov/services/api/fiscal_service/v1/accounting/od/auctions_query?filter=security_type:in:(Note,Bond),auction_date:gte:2009-01-01&page%5Bsize%5D=10000&page%5Bnumber%5D=1&sort=auction_date",fetched,2026-09-30T10:44:13Z
2013-03-28,11:30,2013-03-28T11:30:00-04:00,2013-03-28T15:30:00Z,11:00,NOMINAL,7y,original,False,Note,7-Year,7-Year,No,912828UV0,2013-04-01,2020-03-31,29000000000,28988580600,13048065600,5655000000,10285515000,29000073100,0,1.2480,2.560000,0.450111,2013-03-21,R_20130328_1.pdf,,"https://api.fiscaldata.treasury.gov/services/api/fiscal_service/v1/accounting/od/auctions_query?filter=security_type:in:(Note,Bond),auction_date:gte:2009-01-01&page%5Bsize%5D=10000&page%5Bnumber%5D=1&sort=auction_date",fetched,2026-09-30T10:44:13Z
2013-04-09,13:00,2013-04-09T13:00:00-04:00,2013-04-09T17:00:00Z,12:00,NOMINAL,3y,original,False,Note,3-Year,3-Year,No,912828UW8,2013-04-15,2016-04-15,32000000000,31875611400,20674813600,5152650000,6048147800,32000223900,0,0.3420,3.240000,0.648609,2013-04-04,R_20130409_2.pdf,,"https://api.fiscaldata.treasury.gov/services/api/fiscal_service/v1/accounting/od/auctions_query?filter=security_type:in:(Note,Bond),auction_date:gte:2009-01-01&page%5Bsize%5D=10000&page%5Bnumber%5D=1&sort=auction_date",fetched,2026-09-30T10:44:13Z
2013-04-10,13:00,2013-04-10T13:00:00-04:00,2013-04-10T17:00:00Z,12:00,NOMINAL,10y,original,False,Note,9-Year 10-Month,10-Year,Yes,912828UN8,2013-04-15,2023-02-15,21000000000,20991399500,7051310000,6104715500,7835374000,21000008800,0,1.7950,2.790000,0.335914,2013-04-04,R_20130410_1.pdf,,"https://api.fiscaldata.treasury.gov/services/api/fiscal_service/v1/accounting/od/auctions_query?filter=security_type:in:(Note,Bond),auction_date:gte:2009-01-01&page%5Bsize%5D=10000&page%5Bnumber%5D=1&sort=auction_date",fetched,2026-09-30T10:44:13Z
2013-04-11,13:00,2013-04-11T13:00:00-04:00,2013-04-11T17:00:00Z,12:00,NOMINAL,30y,original,False,Bond,29-Year 10-Month,30-Year,Yes,912810QZ4,2013-04-15,2043-02-15,13000000000,12994492000,6409392000,2499522000,4085578000,13000012900,0,2.9980,2.490000,0.493239,2013-04-04,R_20130411_1.pdf,,"https://api.fiscaldata.treasury.gov/services/api/fiscal_service/v1/accounting/od/auctions_query?filter=security_type:in:(Note,Bond),auction_date:gte:2009-01-01&page%5Bsize%5D=10000&page%5Bnumber%5D=1&sort=auction_date",fetched,2026-09-30T10:44:13Z
2013-04-18,13:00,2013-04-18T13:00:00-04:00,2013-04-18T17:00:00Z,12:00,TIPS,5y,original,False,Note,5-Year,5-Year,No,912828UX6,2013-04-30,2018-04-15,18000000000,17931575000,8274025000,1400000000,8257550000,18000009700,0,-1.3110,2.180000,0.461422,2013-04-11,R_20130418_1.pdf,,"https://api.fiscaldata.treasury.gov/services/api/fiscal_service/v1/accounting/od/auctions_query?filter=security_type:in:(Note,Bond),auction_date:gte:2009-01-01&page%5Bsize%5D=10000&page%5Bnumber%5D=1&sort=auction_date",fetched,2026-09-30T10:44:13Z
2013-04-23,13:00,2013-04-23T13:00:00-04:00,2013-04-23T17:00:00Z,12:00,NOMINAL,2y,original,False,Note,2-Year,2-Year,No,912828UY4,2013-04-30,2015-04-30,35000000000,34758400000,17937985000,9639895000,7180520000,35000209200,0,0.2330,3.630000,0.516076,2013-04-18,R_20130423_2.pdf,,"https://api.fiscaldata.treasury.gov/services/api/fiscal_service/v1/accounting/od/auctions_query?filter=security_type:in:(Note,Bond),auction_date:gte:2009-01-01&page%5Bsize%5D=10000&page%5Bnumber%5D=1&sort=auction_date",fetched,2026-09-30T10:44:13Z
2013-04-24,13:00,2013-04-24T13:00:00-04:00,2013-04-24T17:00:00Z,12:00,NOMINAL,5y,original,False,Note,5-Year,5-Year,No,912828UZ1,2013-04-30,2018-04-30,35000000000,34981280800,14847772500,4884081900,15249426400,35000013600,0,0.7100,2.860000,0.424449,2013-04-18,R_20130424_1.pdf,,"https://api.fiscaldata.treasury.gov/services/api/fiscal_service/v1/accounting/od/auctions_query?filter=security_type:in:(Note,Bond),auction_date:gte:2009-01-01&page%5Bsize%5D=10000&page%5Bnumber%5D=1&sort=auction_date",fetched,2026-09-30T10:44:13Z
2013-04-25,13:00,2013-04-25T13:00:00-04:00,2013-04-25T17:00:00Z,12:00,NOMINAL,7y,original,False,Note,7-Year,7-Year,No,912828VA5,2013-04-30,2020-04-30,29000000000,28988402200,11886420000,5718000000,11383982200,29000051700,0,1.1550,2.710000,0.410041,2013-04-18,R_20130425_1.pdf,,"https://api.fiscaldata.treasury.gov/services/api/fiscal_service/v1/accounting/od/auctions_query?filter=security_type:in:(Note,Bond),auction_date:gte:2009-01-01&page%5Bsize%5D=10000&page%5Bnumber%5D=1&sort=auction_date",fetched,2026-09-30T10:44:13Z
2013-05-07,13:00,2013-05-07T13:00:00-04:00,2013-05-07T17:00:00Z,12:00,NOMINAL,3y,original,False,Note,3-Year,3-Year,No,912828VC1,2013-05-15,2016-05-15,32000000000,31859100000,17422500000,4653625000,9782975000,32000046800,0,0.3540,3.380000,0.546861,2013-05-01,R_20130507_2.pdf,,"https://api.fiscaldata.treasury.gov/services/api/fiscal_service/v1/accounting/od/auctions_query?filter=security_type:in:(Note,Bond),auction_date:gte:2009-01-01&page%5Bsize%5D=10000&page%5Bnumber%5D=1&sort=auction_date",fetched,2026-09-30T10:44:13Z
2013-05-08,13:00,2013-05-08T13:00:00-04:00,2013-05-08T17:00:00Z,12:00,NOMINAL,10y,original,False,Note,10-Year,10-Year,No,912828VB3,2013-05-15,2023-05-15,24000000000,23981548400,11808070000,4049060400,8124418000,24000037200,0,1.8100,2.700000,0.492381,2013-05-01,R_20130508_1.pdf,,"https://api.fiscaldata.treasury.gov/services/api/fiscal_service/v1/accounting/od/auctions_query?filter=security_type:in:(Note,Bond),auction_date:gte:2009-01-01&page%5Bsize%5D=10000&page%5Bnumber%5D=1&sort=auction_date",fetched,2026-09-30T10:44:13Z
2013-05-09,13:00,2013-05-09T13:00:00-04:00,2013-05-09T17:00:00Z,12:00,NOMINAL,30y,original,False,Bond,30-Year,30-Year,No,912810RB6,2013-05-15,2043-05-15,16000000000,15987798500,7307889000,2474401000,6205508500,16000063300,0,2.9800,2.530000,0.457092,2013-05-01,R_20130509_1.pdf,,"https://api.fiscaldata.treasury.gov/services/api/fiscal_service/v1/accounting/od/auctions_query?filter=security_type:in:(Note,Bond),auction_date:gte:2009-01-01&page%5Bsize%5D=10000&page%5Bnumber%5D=1&sort=auction_date",fetched,2026-09-30T10:44:13Z
2013-05-23,13:00,2013-05-23T13:00:00-04:00,2013-05-23T17:00:00Z,12:00,TIPS,10y,original,False,Note,9-Year 8-Month,10-Year,Yes,912828UH1,2013-05-31,2023-01-15,13000000000,12970210000,4002740000,1605000000,7362470000,13000009400,0,-0.2250,2.520000,0.308610,2013-05-16,R_20130523_1.pdf,,"https://api.fiscaldata.treasury.gov/services/api/fiscal_service/v1/accounting/od/auctions_query?filter=security_type:in:(Note,Bond),auction_date:gte:2009-01-01&page%5Bsize%5D=10000&page%5Bnumber%5D=1&sort=auction_date",fetched,2026-09-30T10:44:13Z
2013-05-28,13:00,2013-05-28T13:00:00-04:00,2013-05-28T17:00:00Z,12:00,NOMINAL,2y,original,False,Note,2-Year,2-Year,No,912828VD9,2013-05-31,2015-05-31,35000000000,34741100000,22745200000,4378000000,7617900000,35000060600,0,0.2830,3.040000,0.654706,2013-05-23,R_20130528_3.pdf,,"https://api.fiscaldata.treasury.gov/services/api/fiscal_service/v1/accounting/od/auctions_query?filter=security_type:in:(Note,Bond),auction_date:gte:2009-01-01&page%5Bsize%5D=10000&page%5Bnumber%5D=1&sort=auction_date",fetched,2026-09-30T10:44:13Z
2013-05-29,13:00,2013-05-29T13:00:00-04:00,2013-05-29T17:00:00Z,12:00,NOMINAL,5y,original,False,Note,5-Year,5-Year,No,912828VE7,2013-05-31,2018-05-31,35000000000,34965154100,11406955000,8157565000,15400634100,35000033000,0,1.0450,2.790000,0.326238,2013-05-23,R_20130529_3.pdf,,"https://api.fiscaldata.treasury.gov/services/api/fiscal_service/v1/accounting/od/auctions_query?filter=security_type:in:(Note,Bond),auction_date:gte:2009-01-01&page%5Bsize%5D=10000&page%5Bnumber%5D=1&sort=auction_date",fetched,2026-09-30T10:44:13Z
2013-05-30,13:00,2013-05-30T13:00:00-04:00,2013-05-30T17:00:00Z,12:00,NOMINAL,7y,original,False,Note,7-Year,7-Year,No,912828VF4,2013-05-31,2020-05-31,29000000000,28975279200,11149380000,5991500000,11834399200,29000038800,0,1.4960,2.700000,0.384789,2013-05-23,R_20130530_1.pdf,,"https://api.fiscaldata.treasury.gov/services/api/fiscal_service/v1/accounting/od/auctions_query?filter=security_type:in:(Note,Bond),auction_date:gte:2009-01-01&page%5Bsize%5D=10000&page%5Bnumber%5D=1&sort=auction_date",fetched,2026-09-30T10:44:13Z
2013-06-11,13:00,2013-06-11T13:00:00-04:00,2013-06-11T17:00:00Z,12:00,NOMINAL,3y,original,False,Note,3-Year,3-Year,No,912828VG2,2013-06-17,2016-06-15,32000000000,31869780000,18625336000,2687000000,10557444000,32000097300,0,0.5810,2.950000,0.584420,2013-06-06,R_20130611_2.pdf,,"https://api.fiscaldata.treasury.gov/services/api/fiscal_service/v1/accounting/od/auctions_query?filter=security_type:in:(Note,Bond),auction_date:gte:2009-01-01&page%5Bsize%5D=10000&page%5Bnumber%5D=1&sort=auction_date",fetched,2026-09-30T10:44:13Z
2013-06-12,13:00,2013-06-12T13:00:00-04:00,2013-06-12T17:00:00Z,12:00,NOMINAL,10y,original,False,Note,9-Year 11-Month,10-Year,Yes,912828VB3,2013-06-17,2023-05-15,21000000000,20983168000,7675500000,2464920000,10842748000,21000017400,0,2.2090,2.530000,0.365793,2013-06-06,R_20130612_1.pdf,,"https://api.fiscaldata.treasury.gov/services/api/fiscal_service/v1/accounting/od/auctions_query?filter=security_type:in:(Note,Bond),auction_date:gte:2009-01-01&page%5Bsize%5D=10000&page%5Bnumber%5D=1&sort=auction_date",fetched,2026-09-30T10:44:13Z
2013-06-13,13:00,2013-06-13T13:00:00-04:00,2013-06-13T17:00:00Z,12:00,NOMINAL,30y,original,False,Bond,29-Year 11-Month,30-Year,Yes,912810RB6,2013-06-17,2043-05-15,13000000000,12996532000,6662532000,1104600000,5229400000,13000004600,0,3.3550,2.470000,0.512639,2013-06-06,R_20130613_1.pdf,,"https://api.fiscaldata.treasury.gov/services/api/fiscal_service/v1/accounting/od/auctions_query?filter=security_type:in:(Note,Bond),auction_date:gte:2009-01-01&page%5Bsize%5D=10000&page%5Bnumber%5D=1&sort=auction_date",fetched,2026-09-30T10:44:13Z
2013-06-20,13:00,2013-06-20T13:00:00-04:00,2013-06-20T17:00:00Z,12:00,TIPS,30y,original,False,Bond,29-Year 8-Month,30-Year,Yes,912810RA8,2013-06-28,2043-02-15,7000000000,6982081700,2713438500,25000000,4243643200,7000001800,0,1.4200,2.480000,0.388629,2013-06-13,R_20130620_1.pdf,,"https://api.fiscaldata.treasury.gov/services/api/fiscal_service/v1/accounting/od/auctions_query?filter=security_type:in:(Note,Bond),auction_date:gte:2009-01-01&page%5Bsize%5D=10000&page%5Bnumber%5D=1&sort=auction_date",fetched,2026-09-30T10:44:13Z
2013-06-25,13:00,2013-06-25T13:00:00-04:00,2013-06-25T17:00:00Z,12:00,NOMINAL,2y,original,False,Note,2-Year,2-Year,No,912828VH0,2013-07-01,2015-06-30,35000000000,34756915000,19581850000,2722197500,12452867500,35000095900,0,0.4300,3.050000,0.563394,2013-06-20,R_20130625_3.pdf,,"https://api.fiscaldata.treasury.gov/services/api/fiscal_service/v1/accounting/od/auctions_query?filter=security_type:in:(Note,Bond),auction_date:gte:2009-01-01&page%5Bsize%5D=10000&page%5Bnumber%5D=1&sort=auction_date",fetched,2026-09-30T10:44:13Z
2013-06-26,13:00,2013-06-26T13:00:00-04:00,2013-06-26T17:00:00Z,12:00,NOMINAL,5y,original,False,Note,5-Year,5-Year,No,912828VK3,2013-07-01,2018-06-30,35000000000,34953989700,15188885000,1243500000,18521604700,35000000400,0,1.4840,2.450000,0.434539,2013-06-20,R_20130626_1.pdf,,"https://api.fiscaldata.treasury.gov/services/api/fiscal_service/v1/accounting/od/auctions_query?filter=security_type:in:(Note,Bond),auction_date:gte:2009-01-01&page%5Bsize%5D=10000&page%5Bnumber%5D=1&sort=auction_date",fetched,2026-09-30T10:44:13Z
2013-06-27,13:00,2013-06-27T13:00:00-04:00,2013-06-27T17:00:00Z,12:00,NOMINAL,7y,original,False,Note,7-Year,7-Year,No,912828VJ6,2013-07-01,2020-06-30,29000000000,28987299300,10970000000,4557000000,13460299300,29000017500,0,1.9320,2.610000,0.378442,2013-06-20,R_20130627_1.pdf,,"https://api.fiscaldata.treasury.gov/services/api/fiscal_service/v1/accounting/od/auctions_query?filter=security_type:in:(Note,Bond),auction_date:gte:2009-01-01&page%5Bsize%5D=10000&page%5Bnumber%5D=1&sort=auction_date",fetched,2026-09-30T10:44:13Z
2013-07-09,13:00,2013-07-09T13:00:00-04:00,2013-07-09T17:00:00Z,12:00,NOMINAL,3y,original,False,Note,3-Year,3-Year,No,912828VL1,2013-07-15,2016-07-15,32000000000,31870932000,16398575000,4134370000,11337987000,32000196300,0,0.7190,3.350000,0.514531,2013-07-03,R_20130709_2.pdf,,"https://api.fiscaldata.treasury.gov/services/api/fiscal_service/v1/accounting/od/auctions_query?filter=security_type:in:(Note,Bond),auction_date:gte:2009-01-01&page%5Bsize%5D=10000&page%5Bnumber%5D=1&sort=auction_date",fetched,2026-09-30T10:44:13Z
2013-07-10,13:00,2013-07-10T13:00:00-04:00,2013-07-10T17:00:00Z,12:00,NOMINAL,10y,original,False,Note,9-Year 10-Month,10-Year,Yes,912828VB3,2013-07-15,2023-05-15,21000000000,20979426400,9474580000,3413880000,8090966400,21000017600,0,2.6700,2.570000,0.451613,2013-07-03,R_20130710_1.pdf,,"https://api.fiscaldata.treasury.gov/services/api/fiscal_service/v1/accounting/od/auctions_query?filter=security_type:in:(Note,Bond),auction_date:gte:2009-01-01&page%5Bsize%5D=10000&page%5Bnumber%5D=1&sort=auction_date",fetched,2026-09-30T10:44:13Z
2013-07-11,13:00,2013-07-11T13:00:00-04:00,2013-07-11T17:00:00Z,12:00,NOMINAL,30y,original,False,Bond,29-Year 10-Month,30-Year,Yes,912810RB6,2013-07-15,2043-05-15,13000000000,12991278700,5644338200,2122630200,5224310300,13000001900,0,3.6600,2.260000,0.434471,2013-07-03,R_20130711_1.pdf,,"https://api.fiscaldata.treasury.gov/services/api/fiscal_service/v1/accounting/od/auctions_query?filter=security_type:in:(Note,Bond),auction_date:gte:2009-01-01&page%5Bsize%5D=10000&page%5Bnumber%5D=1&sort=auction_date",fetched,2026-09-30T10:44:13Z
2013-07-18,13:00,2013-07-18T13:00:00-04:00,2013-07-18T17:00:00Z,12:00,TIPS,10y,original,False,Note,10-Year,10-Year,No,912828VM9,2013-07-31,2023-07-15,15000000000,14971731800,5294000000,1036000000,8641731800,15000001500,0,0.3840,2.440000,0.353600,2013-07-11,R_20130718_1.pdf,,"https://api.fiscaldata.treasury.gov/services/api/fiscal_service/v1/accounting/od/auctions_query?filter=security_type:in:(Note,Bond),auction_date:gte:2009-01-01&page%5Bsize%5D=10000&page%5Bnumber%5D=1&sort=auction_date",fetched,2026-09-30T10:44:13Z
2013-07-23,13:00,2013-07-23T13:00:00-04:00,2013-07-23T17:00:00Z,12:00,NOMINAL,2y,original,False,Note,2-Year,2-Year,No,912828VN7,2013-07-31,2015-07-31,35000000000,34722869000,18488170000,5683749000,10550950000,35000055600,0,0.3360,3.080000,0.532449,2013-07-18,R_20130723_3.pdf,,"https://api.fiscaldata.treasury.gov/services/api/fiscal_service/v1/accounting/od/auctions_query?filter=security_type:in:(Note,Bond),auction_date:gte:2009-01-01&page%5Bsize%5D=10000&page%5Bnumber%5D=1&sort=auction_date",fetched,2026-09-30T10:44:13Z
2013-07-24,13:00,2013-07-24T13:00:00-04:00,2013-07-24T17:00:00Z,12:00,NOMINAL,5y,original,False,Note,5-Year,5-Year,No,912828VQ0,2013-07-31,2018-07-31,35000000000,34944039000,13205850000,2902759000,18835430000,35000080100,0,1.4100,2.460000,0.377914,2013-07-18,R_20130724_1.pdf,,"https://api.fiscaldata.treasury.gov/services/api/fiscal_service/v1/accounting/od/auctions_query?filter=security_type:in:(Note,Bond),auction_date:gte:2009-01-01&page%5Bsize%5D=10000&page%5Bnumber%5D=1&sort=auction_date",fetched,2026-09-30T10:44:13Z
2013-07-25,13:00,2013-07-25T13:00:00-04:00,2013-07-25T17:00:00Z,12:00,NOMINAL,7y,original,False,Note,7-Year,7-Year,No,912828VP2,2013-07-31,2020-07-31,29000000000,28987220000,10109240000,4799855000,14078125000,29000034900,0,2.0260,2.540000,0.348748,2013-07-18,R_20130725_1.pdf,,"https://api.fiscaldata.treasury.gov/services/api/fiscal_service/v1/accounting/od/auctions_query?filter=security_type:in:(Note,Bond),auction_date:gte:2009-01-01&page%5Bsize%5D=10000&page%5Bnumber%5D=1&sort=auction_date",fetched,2026-09-30T10:44:13Z
2013-08-06,13:00,2013-08-06T13:00:00-04:00,2013-08-06T17:00:00Z,12:00,NOMINAL,3y,original,False,Note,3-Year,3-Year,No,912828VR8,2013-08-15,2016-08-15,32000000000,31850385000,14227185000,4447000000,13176200000,32000011900,0,0.6310,3.210000,0.446688,2013-07-31,R_20130806_2.pdf,,"https://api.fiscaldata.treasury.gov/services/api/fiscal_service/v1/accounting/od/auctions_query?filter=security_type:in:(Note,Bond),auction_date:gte:2009-01-01&page%5Bsize%5D=10000&page%5Bnumber%5D=1&sort=auction_date",fetched,2026-09-30T10:44:13Z
2013-08-07,13:00,2013-08-07T13:00:00-04:00,2013-08-07T17:00:00Z,12:00,NOMINAL,10y,original,False,Note,10-Year,10-Year,No,912828VS6,2013-08-15,2023-08-15,24000000000,23930609000,9209505000,3630654000,11090450000,24000027900,0,2.6200,2.450000,0.384842,2013-07-31,R_20130807_1.pdf,,"https://api.fiscaldata.treasury.gov/services/api/fiscal_service/v1/accounting/od/auctions_query?filter=security_type:in:(Note,Bond),auction_date:gte:2009-01-01&page%5Bsize%5D=10000&page%5Bnumber%5D=1&sort=auction_date",fetched,2026-09-30T10:44:13Z
2013-08-08,13:00,2013-08-08T13:00:00-04:00,2013-08-08T17:00:00Z,12:00,NOMINAL,30y,original,False,Bond,30-Year,30-Year,No,912810RC4,2013-08-15,2043-08-15,16000000000,15988105000,6831293000,2732300000,6424512000,16000007000,0,3.6520,2.110000,0.427273,2013-07-31,R_20130808_1.pdf,,"https://api.fiscaldata.treasury.gov/services/api/fiscal_service/v1/accounting/od/auctions_query?filter=security_type:in:(Note,Bond),auction_date:gte:2009-01-01&page%5Bsize%5D=10000&page%5Bnumber%5D=1&sort=auction_date",fetched,2026-09-30T10:44:13Z
2013-08-22,13:00,2013-08-22T13:00:00-04:00,2013-08-22T17:00:00Z,12:00,TIPS,5y,original,False,Note,4-Year 8-Month,5-Year,Yes,912828UX6,2013-08-30,2018-04-15,16000000000,15981531500,8581586500,1300000000,6099945000,16000013200,0,-0.1270,2.180000,0.536969,2013-08-15,R_20130822_1.pdf,,"https://api.fiscaldata.treasury.gov/services/api/fiscal_service/v1/accounting/od/auctions_query?filter=security_type:in:(Note,Bond),auction_date:gte:2009-01-01&page%5Bsize%5D=10000&page%5Bnumber%5D=1&sort=auction_date",fetched,2026-09-30T10:44:13Z
2013-08-27,13:00,2013-08-27T13:00:00-04:00,2013-08-27T17:00:00Z,12:00,NOMINAL,2y,original,False,Note,2-Year,2-Year,No,912828VU1,2013-09-03,2015-08-31,34000000000,33757045000,18430200000,8810460000,6516385000,34000025500,0,0.3860,3.210000,0.545966,2013-08-22,R_20130827_3.pdf,,"https://api.fiscaldata.treasury.gov/services/api/fiscal_service/v1/accounting/od/auctions_query?filter=security_type:in:(Note,Bond),auction_date:gte:2009-01-01&page%5Bsize%5D=10000&page%5Bnumber%5D=1&sort=auction_date",fetched,2026-09-30T10:44:13Z
2013-08-28,13:00,2013-08-28T13:00:00-04:00,2013-08-28T17:00:00Z,12:00,NOMINAL,5y,as_auctioned,False,Note,5-Year,7-Year,Yes,912828RE2,2013-09-03,2018-08-31,35000000000,34954364000,16405120000,4452144000,14097100000,35000105000,0,1.6240,2.380000,0.469330,2013-08-22,R_20130828_1.pdf,,"https://api.fiscaldata.treasury.gov/services/api/fiscal_service/v1/accounting/od/auctions_query?filter=security_type:in:(Note,Bond),auction_date:gte:2009-01-01&page%5Bsize%5D=10000&page%5Bnumber%5D=1&sort=auction_date",fetched,2026-09-30T10:44:13Z
2013-08-29,13:00,2013-08-29T13:00:00-04:00,2013-08-29T17:00:00Z,12:00,NOMINAL,7y,original,False,Note,7-Year,7-Year,No,912828VV9,2013-09-03,2020-08-31,29000000000,28970354000,10658450000,6488000000,11823904000,29000003100,0,2.2210,2.430000,0.367909,2013-08-22,R_20130829_1.pdf,,"https://api.fiscaldata.treasury.gov/services/api/fiscal_service/v1/accounting/od/auctions_query?filter=security_type:in:(Note,Bond),auction_date:gte:2009-01-01&page%5Bsize%5D=10000&page%5Bnumber%5D=1&sort=auction_date",fetched,2026-09-30T10:44:13Z
2013-09-10,13:00,2013-09-10T13:00:00-04:00,2013-09-10T17:00:00Z,12:00,NOMINAL,3y,original,False,Note,3-Year,3-Year,No,912828VW7,2013-09-16,2016-09-15,31000000000,30858700000,14452160000,6184040000,10222500000,31000007200,0,0.9130,3.290000,0.468333,2013-09-05,R_20130910_3.pdf,,"https://api.fiscaldata.treasury.gov/services/api/fiscal_service/v1/accounting/od/auctions_query?filter=security_type:in:(Note,Bond),auction_date:gte:2009-01-01&page%5Bsize%5D=10000&page%5Bnumber%5D=1&sort=auction_date",fetched,2026-09-30T10:44:13Z
2013-09-11,13:00,2013-09-11T13:00:00-04:00,2013-09-11T17:00:00Z,12:00,NOMINAL,10y,original,False,Note,9-Year 11-Month,10-Year,Yes,912828VS6,2013-09-16,2023-08-15,21000000000,20939200000,7081000000,6195000000,7663200000,21000154900,0,2.9460,2.860000,0.338170,2013-09-05,R_20130911_1.pdf,,"https://api.fiscaldata.treasury.gov/services/api/fiscal_service/v1/accounting/od/auctions_query?filter=security_type:in:(Note,Bond),auction_date:gte:2009-01-01&page%5Bsize%5D=10000&page%5Bnumber%5D=1&sort=auction_date",fetched,2026-09-30T10:44:13Z
2013-09-12,13:00,2013-09-12T13:00:00-04:00,2013-09-12T17:00:00Z,12:00,NOMINAL,30y,original,False,Bond,29-Year 11-Month,30-Year,Yes,912810RC4,2013-09-16,2043-08-15,13000000000,12988700000,5419731000,2672590000,4896379000,13000006800,0,3.8200,2.400000,0.417265,2013-09-05,R_20130912_1.pdf,,"https://api.fiscaldata.treasury.gov/services/api/fiscal_service/v1/accounting/od/auctions_query?filter=security_type:in:(Note,Bond),auction_date:gte:2009-01-01&page%5Bsize%5D=10000&page%5Bnumber%5D=1&sort=auction_date",fetched,2026-09-30T10:44:13Z
2013-09-19,13:00,2013-09-19T13:00:00-04:00,2013-09-19T17:00:00Z,12:00,TIPS,10y,original,False,Note,9-Year 10-Month,10-Year,Yes,912828VM9,2013-09-30,2023-07-15,13000000000,12981348000,5793760000,208800000,6978788000,13000063400,0,0.5000,2.380000,0.446314,2013-09-12,R_20130919_1.pdf,,"https://api.fiscaldata.treasury.gov/services/api/fiscal_service/v1/accounting/od/auctions_query?filter=security_type:in:(Note,Bond),auction_date:gte:2009-01-01&page%5Bsize%5D=10000&page%5Bnumber%5D=1&sort=auction_date",fetched,2026-09-30T10:44:13Z
2013-09-24,13:00,2013-09-24T13:00:00-04:00,2013-09-24T17:00:00Z,12:00,NOMINAL,2y,original,False,Note,2-Year,2-Year,No,912828VY3,2013-09-30,2015-09-30,33000000000,32728979000,17741820000,7129495000,7857664000,33000096200,0,0.3480,3.090000,0.542083,2013-09-19,R_20130924_2.pdf,,"https://api.fiscaldata.treasury.gov/services/api/fiscal_service/v1/accounting/od/auctions_query?filter=security_type:in:(Note,Bond),auction_date:gte:2009-01-01&page%5Bsize%5D=10000&page%5Bnumber%5D=1&sort=auction_date",fetched,2026-09-30T10:44:13Z
2013-09-25,13:00,2013-09-25T13:00:00-04:00,2013-09-25T17:00:00Z,12:00,NOMINAL,5y,as_auctioned,False,Note,5-Year,7-Year,Yes,912828RH5,2013-09-30,2018-09-30,35000000000,34967525000,15167325000,4117000000,15683200000,35000017300,0,1.4360,2.670000,0.433755,2013-09-19,R_20130925_1.pdf,,"https://api.fiscaldata.treasury.gov/services/api/fiscal_service/v1/accounting/od/auctions_query?filter=security_type:in:(Note,Bond),auction_date:gte:2009-01-01&page%5Bsize%5D=10000&page%5Bnumber%5D=1&sort=auction_date",fetched,2026-09-30T10:44:13Z
2013-09-26,13:00,2013-09-26T13:00:00-04:00,2013-09-26T17:00:00Z,12:00,NOMINAL,7y,original,False,Note,7-Year,7-Year,No,912828VZ0,2013-09-30,2020-09-30,29000000000,28969973600,11648740000,5156000000,12165233600,29000000900,0,2.0580,2.460000,0.402097,2013-09-19,R_20130926_1.pdf,,"https://api.fiscaldata.treasury.gov/services/api/fiscal_service/v1/accounting/od/auctions_query?filter=security_type:in:(Note,Bond),auction_date:gte:2009-01-01&page%5Bsize%5D=10000&page%5Bnumber%5D=1&sort=auction_date",fetched,2026-09-30T10:44:13Z
2013-10-08,13:00,2013-10-08T13:00:00-04:00,2013-10-08T17:00:00Z,12:00,NOMINAL,3y,original,False,Note,3-Year,3-Year,No,912828WA4,2013-10-15,2016-10-15,30000000000,29866604100,13691547500,5897789100,10277267500,30000043700,0,0.7100,3.050000,0.458423,2013-10-03,R_20131008_2.pdf,,"https://api.fiscaldata.treasury.gov/services/api/fiscal_service/v1/accounting/od/auctions_query?filter=security_type:in:(Note,Bond),auction_date:gte:2009-01-01&page%5Bsize%5D=10000&page%5Bnumber%5D=1&sort=auction_date",fetched,2026-09-30T10:44:13Z
2013-10-09,13:00,2013-10-09T13:00:00-04:00,2013-10-09T17:00:00Z,12:00,NOMINAL,10y,original,False,Note,9-Year 10-Month,10-Year,Yes,912828VS6,2013-10-15,2023-08-15,21000000000,20973227400,8438622500,4439504900,8095100000,21000004500,0,2.6570,2.580000,0.402352,2013-10-03,R_20131009_2.pdf,,"https://api.fiscaldata.treasury.gov/services/api/fiscal_service/v1/accounting/od/auctions_query?filter=security_type:in:(Note,Bond),auction_date:gte:2009-01-01&page%5Bsize%5D=10000&page%5Bnumber%5D=1&sort=auction_date",fetched,2026-09-30T10:44:13Z
2013-10-10,13:00,2013-10-10T13:00:00-04:00,2013-10-10T17:00:00Z,12:00,NOMINAL,30y,original,False,Bond,29-Year 10-Month,30-Year,Yes,912810RC4,2013-10-15,2043-08-15,13000000000,12987665700,4608000000,2941390000,5438275700,13000040700,0,3.7580,2.640000,0.354798,2013-10-03,R_20131010_1.pdf,,"https://api.fiscaldata.treasury.gov/services/api/fiscal_service/v1/accounting/od/auctions_query?filter=security_type:in:(Note,Bond),auction_date:gte:2009-01-01&page%5Bsize%5D=10000&page%5Bnumber%5D=1&sort=auction_date",fetched,2026-09-30T10:44:13Z
2013-10-24,13:00,2013-10-24T13:00:00-04:00,2013-10-24T17:00:00Z,12:00,TIPS,30y,original,False,Bond,29-Year 4-Month,30-Year,Yes,912810RA8,2013-10-31,2043-02-15,7000000000,6989552200,2507497200,1335000000,3147055000,7000017300,0,1.3300,2.760000,0.358749,2013-10-17,R_20131024_1.pdf,,"https://api.fiscaldata.treasury.gov/services/api/fiscal_service/v1/accounting/od/auctions_query?filter=security_type:in:(Note,Bond),auction_date:gte:2009-01-01&page%5Bsize%5D=10000&page%5Bnumber%5D=1&sort=auction_date",fetched,2026-09-30T10:44:13Z
2013-10-28,13:00,2013-10-28T13:00:00-04:00,2013-10-28T17:00:00Z,12:00,NOMINAL,2y,original,False,Note,2-Year,2-Year,No,912828WB2,2013-10-31,2015-10-31,32000000000,31749280000,12702980000,9832000000,9214300000,32000152000,0,0.3230,3.320000,0.400103,2013-10-24,R_20131028_3.pdf,,"https://api.fiscaldata.treasury.gov/services/api/fiscal_service/v1/accounting/od/auctions_query?filter=security_type:in:(Note,Bond),auction_date:gte:2009-01-01&page%5Bsize%5D=10000&page%5Bnumber%5D=1&sort=auction_date",fetched,2026-09-30T10:44:13Z
2013-10-29,13:00,2013-10-29T13:00:00-04:00,2013-10-29T17:00:00Z,12:00,NOMINAL,5y,original,False,Note,5-Year,5-Year,No,912828WD8,2013-10-31,2018-10-31,35000000000,34961887500,14639687500,4277700000,16044500000,35000023600,0,1.3000,2.650000,0.418733,2013-10-24,R_20131029_2.pdf,,"https://api.fiscaldata.treasury.gov/services/api/fiscal_service/v1/accounting/od/auctions_query?filter=security_type:in:(Note,Bond),auction_date:gte:2009-01-01&page%5Bsize%5D=10000&page%5Bnumber%5D=1&sort=auction_date",fetched,2026-09-30T10:44:13Z
2013-10-30,13:00,2013-10-30T13:00:00-04:00,2013-10-30T17:00:00Z,12:00,NOMINAL,7y,original,False,Note,7-Year,7-Year,No,912828WC0,2013-10-31,2020-10-31,29000000000,28985969000,9787229500,6937384500,12261355000,29000005100,0,1.8700,2.660000,0.337654,2013-10-24,R_20131030_1.pdf,,"https://api.fiscaldata.treasury.gov/services/api/fiscal_service/v1/accounting/od/auctions_query?filter=security_type:in:(Note,Bond),auction_date:gte:2009-01-01&page%5Bsize%5D=10000&page%5Bnumber%5D=1&sort=auction_date",fetched,2026-09-30T10:44:13Z
2013-11-12,13:00,2013-11-12T13:00:00-05:00,2013-11-12T18:00:00Z,12:00,NOMINAL,3y,original,False,Note,3-Year,3-Year,No,912828WF3,2013-11-15,2016-11-15,30000000000,29867225000,14123225000,5807000000,9937000000,30000106800,0,0.6440,3.460000,0.472867,2013-11-06,R_20131112_3.pdf,,"https://api.fiscaldata.treasury.gov/services/api/fiscal_service/v1/accounting/od/auctions_query?filter=security_type:in:(Note,Bond),auction_date:gte:2009-01-01&page%5Bsize%5D=10000&page%5Bnumber%5D=1&sort=auction_date",fetched,2026-09-30T10:44:13Z
2013-11-13,13:00,2013-11-13T13:00:00-05:00,2013-11-13T18:00:00Z,12:00,NOMINAL,10y,original,False,Note,10-Year,10-Year,No,912828WE6,2013-11-15,2023-11-15,24000000000,23953527800,8089022500,4446084400,11418420900,24000124300,0,2.7500,2.700000,0.337696,2013-11-06,R_20131113_3.pdf,,"https://api.fiscaldata.treasury.gov/services/api/fiscal_service/v1/accounting/od/auctions_query?filter=security_type:in:(Note,Bond),auction_date:gte:2009-01-01&page%5Bsize%5D=10000&page%5Bnumber%5D=1&sort=auction_date",fetched,2026-09-30T10:44:13Z
2013-11-14,13:00,2013-11-14T13:00:00-05:00,2013-11-14T18:00:00Z,12:00,NOMINAL,30y,original,False,Bond,30-Year,30-Year,No,912810RD2,2013-11-15,2043-11-15,16000000000,15984557600,7429616000,2920359000,5634582600,16000044800,0,3.8100,2.160000,0.464800,2013-11-06,R_20131114_1.pdf,,"https://api.fiscaldata.treasury.gov/services/api/fiscal_service/v1/accounting/od/auctions_query?filter=security_type:in:(Note,Bond),auction_date:gte:2009-01-01&page%5Bsize%5D=10000&page%5Bnumber%5D=1&sort=auction_date",fetched,2026-09-30T10:44:13Z
2013-11-21,13:00,2013-11-21T13:00:00-05:00,2013-11-21T18:00:00Z,12:00,TIPS,10y,original,False,Note,9-Year 8-Month,10-Year,Yes,912828VM9,2013-11-29,2023-07-15,13000000000,12982102000,4132342500,2791460000,6058299500,13000283900,0,0.5600,2.590000,0.318311,2013-11-14,R_20131121_1.pdf,,"https://api.fiscaldata.treasury.gov/services/api/fiscal_service/v1/accounting/od/auctions_query?filter=security_type:in:(Note,Bond),auction_date:gte:2009-01-01&page%5Bsize%5D=10000&page%5Bnumber%5D=1&sort=auction_date",fetched,2026-09-30T10:44:13Z
2013-11-25,13:00,2013-11-25T13:00:00-05:00,2013-11-25T18:00:00Z,12:00,NOMINAL,2y,original,False,Note,2-Year,2-Year,No,912828A26,2013-12-02,2015-11-30,32000000000,31742730000,15950840000,8660150000,7131740000,32000056500,0,0.3000,3.540000,0.502504,2013-11-21,R_20131125_3.pdf,,"https://api.fiscaldata.treasury.gov/services/api/fiscal_service/v1/accounting/od/auctions_query?filter=security_type:in:(Note,Bond),auction_date:gte:2009-01-01&page%5Bsize%5D=10000&page%5Bnumber%5D=1&sort=auction_date",fetched,2026-09-30T10:44:13Z
2013-11-26,13:00,2013-11-26T13:00:00-05:00,2013-11-26T18:00:00Z,12:00,NOMINAL,5y,original,False,Note,5-Year,5-Year,No,912828A34,2013-12-02,2018-11-30,35000000000,34951213800,13697575000,3777535500,17476103300,35000099900,0,1.3400,2.610000,0.391906,2013-11-21,R_20131126_2.pdf,,"https://api.fiscaldata.treasury.gov/services/api/fiscal_service/v1/accounting/od/auctions_query?filter=security_type:in:(Note,Bond),auction_date:gte:2009-01-01&page%5Bsize%5D=10000&page%5Bnumber%5D=1&sort=auction_date",fetched,2026-09-30T10:44:13Z
2013-11-27,11:30,2013-11-27T11:30:00-05:00,2013-11-27T16:30:00Z,11:00,NOMINAL,7y,original,False,Note,7-Year,7-Year,No,912828A42,2013-12-02,2020-11-30,29000000000,28990096000,14434000000,4679000000,9877096000,29000075800,0,2.1060,2.360000,0.497894,2013-11-21,R_20131127_1.pdf,,"https://api.fiscaldata.treasury.gov/services/api/fiscal_service/v1/accounting/od/auctions_query?filter=security_type:in:(Note,Bond),auction_date:gte:2009-01-01&page%5Bsize%5D=10000&page%5Bnumber%5D=1&sort=auction_date",fetched,2026-09-30T10:44:13Z
2013-12-10,13:00,2013-12-10T13:00:00-05:00,2013-12-10T18:00:00Z,12:00,NOMINAL,3y,original,False,Note,3-Year,3-Year,No,912828A59,2013-12-16,2016-12-15,30000000000,29871105000,14804905000,3595000000,11471200000,30000000600,0,0.6310,3.550000,0.495626,2013-12-05,R_20131210_3.pdf,,"https://api.fiscaldata.treasury.gov/services/api/fiscal_service/v1/accounting/od/auctions_query?filter=security_type:in:(Note,Bond),auction_date:gte:2009-01-01&page%5Bsize%5D=10000&page%5Bnumber%5D=1&sort=auction_date",fetched,2026-09-30T10:44:13Z
2013-12-11,13:00,2013-12-11T13:00:00-05:00,2013-12-11T18:00:00Z,12:00,NOMINAL,10y,original,False,Note,9-Year 11-Month,10-Year,Yes,912828WE6,2013-12-16,2023-11-15,21000000000,20965762000,8490180000,2216500000,10259082000,21000002000,0,2.8240,2.610000,0.404955,2013-12-05,R_20131211_1.pdf,,"https://api.fiscaldata.treasury.gov/services/api/fiscal_service/v1/accounting/od/auctions_query?filter=security_type:in:(Note,Bond),auction_date:gte:2009-01-01&page%5Bsize%5D=10000&page%5Bnumber%5D=1&sort=auction_date",fetched,2026-09-30T10:44:13Z
2013-12-12,13:00,2013-12-12T13:00:00-05:00,2013-12-12T18:00:00Z,12:00,NOMINAL,30y,original,False,Bond,29-Year 11-Month,30-Year,Yes,912810RD2,2013-12-16,2043-11-15,13000000000,12995076400,5386270400,1630000000,5978806000,13000030900,0,3.9000,2.350000,0.414485,2013-12-05,R_20131212_1.pdf,,"https://api.fiscaldata.treasury.gov/services/api/fiscal_service/v1/accounting/od/auctions_query?filter=security_type:in:(Note,Bond),auction_date:gte:2009-01-01&page%5Bsize%5D=10000&page%5Bnumber%5D=1&sort=auction_date",fetched,2026-09-30T10:44:13Z
2013-12-17,13:00,2013-12-17T13:00:00-05:00,2013-12-17T18:00:00Z,12:00,NOMINAL,2y,original,False,Note,2-Year,2-Year,No,912828A67,2013-12-31,2015-12-31,32000000000,31791205000,15326375000,9614000000,6850830000,32000156400,0,0.3450,3.770000,0.482095,2013-12-12,R_20131217_2.pdf,,"https://api.fiscaldata.treasury.gov/services/api/fiscal_service/v1/accounting/od/auctions_query?filter=security_type:in:(Note,Bond),auction_date:gte:2009-01-01&page%5Bsize%5D=10000&page%5Bnumber%5D=1&sort=auction_date",fetched,2026-09-30T10:44:13Z
2013-12-18,11:30,2013-12-18T11:30:00-05:00,2013-12-18T16:30:00Z,11:00,NOMINAL,5y,original,False,Note,5-Year,5-Year,No,912828A75,2013-12-31,2018-12-31,35000000000,34969118000,21814297500,4125552500,9029268000,35000117700,0,1.6000,2.420000,0.623816,2013-12-12,R_20131218_1.pdf,,"https://api.fiscaldata.treasury.gov/services/api/fiscal_service/v1/accounting/od/auctions_query?filter=security_type:in:(Note,Bond),auction_date:gte:2009-01-01&page%5Bsize%5D=10000&page%5Bnumber%5D=1&sort=auction_date",fetched,2026-09-30T10:44:13Z
2013-12-19,11:30,2013-12-19T11:30:00-05:00,2013-12-19T16:30:00Z,11:00,TIPS,5y,original,False,Note,4-Year 4-Month,5-Year,Yes,912828UX6,2013-12-31,2018-04-15,16000000000,15988810000,6576860000,2291450000,7120500000,16000012200,0,-0.3750,2.540000,0.411341,2013-12-12,R_20131219_1.pdf,NOMINAL-7y@13:00,"https://api.fiscaldata.treasury.gov/services/api/fiscal_service/v1/accounting/od/auctions_query?filter=security_type:in:(Note,Bond),auction_date:gte:2009-01-01&page%5Bsize%5D=10000&page%5Bnumber%5D=1&sort=auction_date",fetched,2026-09-30T10:44:13Z
2013-12-19,13:00,2013-12-19T13:00:00-05:00,2013-12-19T18:00:00Z,12:00,NOMINAL,7y,original,False,Note,7-Year,7-Year,No,912828A83,2013-12-31,2020-12-31,29000000000,28985000800,11941470000,4945000000,12098530800,29000005700,0,2.3850,2.450000,0.411988,2013-12-12,R_20131219_2.pdf,TIPS-5y@11:30,"https://api.fiscaldata.treasury.gov/services/api/fiscal_service/v1/accounting/od/auctions_query?filter=security_type:in:(Note,Bond),auction_date:gte:2009-01-01&page%5Bsize%5D=10000&page%5Bnumber%5D=1&sort=auction_date",fetched,2026-09-30T10:44:13Z
2014-01-07,13:00,2014-01-07T13:00:00-05:00,2014-01-07T18:00:00Z,12:00,NOMINAL,3y,original,False,Note,3-Year,3-Year,No,912828A91,2014-01-15,2017-01-15,30000000000,29872734000,14770304000,6752135000,8350295000,30000311700,0,0.7990,3.250000,0.494441,2014-01-02,R_20140107_3.pdf,,"https://api.fiscaldata.treasury.gov/services/api/fiscal_service/v1/accounting/od/auctions_query?filter=security_type:in:(Note,Bond),auction_date:gte:2009-01-01&page%5Bsize%5D=10000&page%5Bnumber%5D=1&sort=auction_date",fetched,2026-09-30T10:44:13Z
2014-01-08,13:00,2014-01-08T13:00:00-05:00,2014-01-08T18:00:00Z,12:00,NOMINAL,10y,original,False,Note,9-Year 10-Month,10-Year,Yes,912828WE6,2014-01-15,2023-11-15,21000000000,20958904200,8333788000,2854000000,9771116200,21000011800,0,3.0090,2.680000,0.397625,2014-01-02,R_20140108_1.pdf,,"https://api.fiscaldata.treasury.gov/services/api/fiscal_service/v1/accounting/od/auctions_query?filter=security_type:in:(Note,Bond),auction_date:gte:2009-01-01&page%5Bsize%5D=10000&page%5Bnumber%5D=1&sort=auction_date",fetched,2026-09-30T10:44:13Z
2014-01-09,13:00,2014-01-09T13:00:00-05:00,2014-01-09T18:00:00Z,12:00,NOMINAL,30y,original,False,Bond,29-Year 10-Month,30-Year,Yes,912810RD2,2014-01-15,2043-11-15,13000000000,12994052600,4948695000,2272826000,5772531600,13000032100,0,3.8990,2.570000,0.380843,2014-01-02,R_20140109_1.pdf,,"https://api.fiscaldata.treasury.gov/services/api/fiscal_service/v1/accounting/od/auctions_query?filter=security_type:in:(Note,Bond),auction_date:gte:2009-01-01&page%5Bsize%5D=10000&page%5Bnumber%5D=1&sort=auction_date",fetched,2026-09-30T10:44:13Z
2014-01-23,13:00,2014-01-23T13:00:00-05:00,2014-01-23T18:00:00Z,12:00,TIPS,10y,original,False,Note,10-Year,10-Year,No,912828B25,2014-01-31,2024-01-15,15000000000,14958985000,5970575000,1239000000,7749410000,15000000300,0,0.6610,2.310000,0.399130,2014-01-16,R_20140123_1.pdf,,"https://api.fiscaldata.treasury.gov/services/api/fiscal_service/v1/accounting/od/auctions_query?filter=security_type:in:(Note,Bond),auction_date:gte:2009-01-01&page%5Bsize%5D=10000&page%5Bnumber%5D=1&sort=auction_date",fetched,2026-09-30T10:44:13Z
2014-01-28,13:00,2014-01-28T13:00:00-05:00,2014-01-28T18:00:00Z,12:00,NOMINAL,2y,original,False,Note,2-Year,2-Year,No,912828B41,2014-01-31,2016-01-31,32000000000,31709555000,15590150000,7096000000,9023405000,32000015700,0,0.3800,3.300000,0.491655,2014-01-23,R_20140128_2.pdf,,"https://api.fiscaldata.treasury.gov/services/api/fiscal_service/v1/accounting/od/auctions_query?filter=security_type:in:(Note,Bond),auction_date:gte:2009-01-01&page%5Bsize%5D=10000&page%5Bnumber%5D=1&sort=auction_date",fetched,2026-09-30T10:44:13Z
2014-01-29,11:30,2014-01-29T11:30:00-05:00,2014-01-29T16:30:00Z,11:00,FRN,2y,original,False,Note,2-Year,2-Year,No,912828WK2,2014-01-31,2016-01-31,15000000000,14925524000,7941490000,1335000000,5649034000,15000071200,0,,5.670000,0.532074,2014-01-23,R_20140129_1.pdf,,"https://api.fiscaldata.treasury.gov/services/api/fiscal_service/v1/accounting/od/auctions_query?filter=security_type:in:(Note,Bond),auction_date:gte:2009-01-01&page%5Bsize%5D=10000&page%5Bnumber%5D=1&sort=auction_date",fetched,2026-09-30T10:44:13Z
2014-01-30,11:30,2014-01-30T11:30:00-05:00,2014-01-30T16:30:00Z,11:00,NOMINAL,5y,original,False,Note,5-Year,5-Year,No,912828B33,2014-01-31,2019-01-31,35000000000,34928010500,15621826000,3742000000,15564184500,35000035800,0,1.5720,2.590000,0.447258,2014-01-23,R_20140130_1.pdf,NOMINAL-7y@13:00,"https://api.fiscaldata.treasury.gov/services/api/fiscal_service/v1/accounting/od/auctions_query?filter=security_type:in:(Note,Bond),auction_date:gte:2009-01-01&page%5Bsize%5D=10000&page%5Bnumber%5D=1&sort=auction_date",fetched,2026-09-30T10:44:13Z
2014-01-30,13:00,2014-01-30T13:00:00-05:00,2014-01-30T18:00:00Z,12:00,NOMINAL,7y,original,False,Note,7-Year,7-Year,No,912828B58,2014-01-31,2021-01-31,29000000000,28963610000,9355350000,5774260000,13834000000,29000056200,0,2.1900,2.650000,0.323004,2014-01-23,R_20140130_2.pdf,NOMINAL-5y@11:30,"https://api.fiscaldata.treasury.gov/services/api/fiscal_service/v1/accounting/od/auctions_query?filter=security_type:in:(Note,Bond),auction_date:gte:2009-01-01&page%5Bsize%5D=10000&page%5Bnumber%5D=1&sort=auction_date",fetched,2026-09-30T10:44:13Z
2014-02-11,13:00,2014-02-11T13:00:00-05:00,2014-02-11T18:00:00Z,12:00,NOMINAL,3y,original,False,Note,3-Year,3-Year,No,912828B74,2014-02-18,2017-02-15,30000000000,29831677000,12322922000,4966000000,12542755000,30000052800,0,0.7150,3.420000,0.413082,2014-02-05,R_20140211_2.pdf,,"https://api.fiscaldata.treasury.gov/services/api/fiscal_service/v1/accounting/od/auctions_query?filter=security_type:in:(Note,Bond),auction_date:gte:2009-01-01&page%5Bsize%5D=10000&page%5Bnumber%5D=1&sort=auction_date",fetched,2026-09-30T10:44:13Z
2014-02-12,13:00,2014-02-12T13:00:00-05:00,2014-02-12T18:00:00Z,12:00,NOMINAL,10y,original,False,Note,10-Year,10-Year,No,912828B66,2014-02-18,2024-02-15,24000000000,23917803500,8144163500,3885000000,11888640000,24000005400,0,2.7950,2.540000,0.340506,2014-02-05,R_20140212_1.pdf,,"https://api.fiscaldata.treasury.gov/services/api/fiscal_service/v1/accounting/od/auctions_query?filter=security_type:in:(Note,Bond),auction_date:gte:2009-01-01&page%5Bsize%5D=10000&page%5Bnumber%5D=1&sort=auction_date",fetched,2026-09-30T10:44:13Z
2014-02-13,13:00,2014-02-13T13:00:00-05:00,2014-02-13T18:00:00Z,12:00,NOMINAL,30y,original,False,Bond,30-Year,30-Year,No,912810RE0,2014-02-18,2044-02-15,16000000000,15973955600,6520337600,2224873600,7228744400,16000018300,0,3.6900,2.270000,0.408186,2014-02-05,R_20140213_1.pdf,,"https://api.fiscaldata.treasury.gov/services/api/fiscal_service/v1/accounting/od/auctions_query?filter=security_type:in:(Note,Bond),auction_date:gte:2009-01-01&page%5Bsize%5D=10000&page%5Bnumber%5D=1&sort=auction_date",fetched,2026-09-30T10:44:13Z
2014-02-20,13:00,2014-02-20T13:00:00-05:00,2014-02-20T18:00:00Z,12:00,TIPS,30y,original,False,Bond,30-Year,30-Year,No,912810RF7,2014-02-28,2044-02-15,9000000000,8990284000,3462770000,445000000,5082514000,9025319500,25283700,1.4950,2.340000,0.385168,2014-02-13,R_20140220_1.pdf,,"https://api.fiscaldata.treasury.gov/services/api/fiscal_service/v1/accounting/od/auctions_query?filter=security_type:in:(Note,Bond),auction_date:gte:2009-01-01&page%5Bsize%5D=10000&page%5Bnumber%5D=1&sort=auction_date",fetched,2026-09-30T10:44:13Z
2014-02-25,13:00,2014-02-25T13:00:00-05:00,2014-02-25T18:00:00Z,12:00,NOMINAL,2y,original,False,Note,2-Year,2-Year,No,912828B82,2014-02-28,2016-02-29,32000000000,31742996100,14734495000,6118809000,10889692100,32090096100,89897700,0.3400,3.600000,0.464181,2014-02-20,R_20140225_2.pdf,,"https://api.fiscaldata.treasury.gov/services/api/fiscal_service/v1/accounting/od/auctions_query?filter=security_type:in:(Note,Bond),auction_date:gte:2009-01-01&page%5Bsize%5D=10000&page%5Bnumber%5D=1&sort=auction_date",fetched,2026-09-30T10:44:13Z
2014-02-26,11:30,2014-02-26T11:30:00-05:00,2014-02-26T16:30:00Z,11:00,FRN,2y,original,False,Note,1-Year 11-Month,2-Year,Yes,912828WK2,2014-02-28,2016-01-31,13000000000,12985120000,7095520000,740000000,5149600000,13000089900,0,,5.290000,0.546435,2014-02-20,R_20140226_1.pdf,NOMINAL-5y@13:00,"https://api.fiscaldata.treasury.gov/services/api/fiscal_service/v1/accounting/od/auctions_query?filter=security_type:in:(Note,Bond),auction_date:gte:2009-01-01&page%5Bsize%5D=10000&page%5Bnumber%5D=1&sort=auction_date",fetched,2026-09-30T10:44:13Z
2014-02-26,13:00,2014-02-26T13:00:00-05:00,2014-02-26T18:00:00Z,12:00,NOMINAL,5y,original,False,Note,5-Year,5-Year,No,912828C24,2014-02-28,2019-02-28,35000000000,34936216000,14027728000,3213000000,17695488000,35098371700,98325500,1.5300,2.980000,0.401524,2014-02-20,R_20140226_2.pdf,FRN-2y@11:30,"https://api.fiscaldata.treasury.gov/services/api/fiscal_service/v1/accounting/od/auctions_query?filter=security_type:in:(Note,Bond),auction_date:gte:2009-01-01&page%5Bsize%5D=10000&page%5Bnumber%5D=1&sort=auction_date",fetched,2026-09-30T10:44:13Z
2014-02-27,13:00,2014-02-27T13:00:00-05:00,2014-02-27T18:00:00Z,12:00,NOMINAL,7y,original,False,Note,7-Year,7-Year,No,912828B90,2014-02-28,2021-02-28,29000000000,28944655500,9921655500,7121000000,11902000000,29081483200,81469700,2.1050,2.720000,0.342780,2014-02-20,R_20140227_1.pdf,,"https://api.fiscaldata.treasury.gov/services/api/fiscal_service/v1/accounting/od/auctions_query?filter=security_type:in:(Note,Bond),auction_date:gte:2009-01-01&page%5Bsize%5D=10000&page%5Bnumber%5D=1&sort=auction_date",fetched,2026-09-30T10:44:13Z
2014-03-11,13:00,2014-03-11T13:00:00-04:00,2014-03-11T17:00:00Z,12:00,NOMINAL,3y,original,False,Note,3-Year,3-Year,No,912828C32,2014-03-17,2017-03-15,30000000000,29861190000,16303190000,4616000000,8942000000,30000074200,0,0.8020,3.250000,0.545966,2014-03-06,R_20140311_2.pdf,,"https://api.fiscaldata.treasury.gov/services/api/fiscal_service/v1/accounting/od/auctions_query?filter=security_type:in:(Note,Bond),auction_date:gte:2009-01-01&page%5Bsize%5D=10000&page%5Bnumber%5D=1&sort=auction_date",fetched,2026-09-30T10:44:13Z
2014-03-12,13:00,2014-03-12T13:00:00-04:00,2014-03-12T17:00:00Z,12:00,NOMINAL,10y,original,False,Note,9-Year 11-Month,10-Year,Yes,912828B66,2014-03-17,2024-02-15,21000000000,20964124400,6098816400,5764378000,9100930000,21000023900,0,2.7290,2.920000,0.290917,2014-03-06,R_20140312_1.pdf,,"https://api.fiscaldata.treasury.gov/services/api/fiscal_service/v1/accounting/od/auctions_query?filter=security_type:in:(Note,Bond),auction_date:gte:2009-01-01&page%5Bsize%5D=10000&page%5Bnumber%5D=1&sort=auction_date",fetched,2026-09-30T10:44:13Z
2014-03-13,13:00,2014-03-13T13:00:00-04:00,2014-03-13T17:00:00Z,12:00,NOMINAL,30y,original,False,Bond,29-Year 11-Month,30-Year,Yes,912810RE0,2014-03-17,2044-02-15,13000000000,12983982500,6316369000,1635215000,5032398500,13000007400,0,3.6300,2.350000,0.486474,2014-03-06,R_20140313_1.pdf,,"https://api.fiscaldata.treasury.gov/services/api/fiscal_service/v1/accounting/od/auctions_query?filter=security_type:in:(Note,Bond),auction_date:gte:2009-01-01&page%5Bsize%5D=10000&page%5Bnumber%5D=1&sort=auction_date",fetched,2026-09-30T10:44:13Z
2014-03-20,13:00,2014-03-20T13:00:00-04:00,2014-03-20T17:00:00Z,12:00,TIPS,10y,original,False,Note,9-Year 10-Month,10-Year,Yes,912828B25,2014-03-31,2024-01-15,13000000000,12982906000,5898536000,1030000000,6054370000,13000005400,0,0.6590,2.480000,0.454331,2014-03-13,R_20140320_1.pdf,,"https://api.fiscaldata.treasury.gov/services/api/fiscal_service/v1/accounting/od/auctions_query?filter=security_type:in:(Note,Bond),auction_date:gte:2009-01-01&page%5Bsize%5D=10000&page%5Bnumber%5D=1&sort=auction_date",fetched,2026-09-30T10:44:13Z
2014-03-25,13:00,2014-03-25T13:00:00-04:00,2014-03-25T17:00:00Z,12:00,NOMINAL,2y,original,False,Note,2-Year,2-Year,No,912828C40,2014-03-31,2016-03-31,32000000000,31745103000,11914475000,6836000000,12994628000,32000113000,0,0.4690,3.200000,0.375317,2014-03-20,R_20140325_2.pdf,,"https://api.fiscaldata.treasury.gov/services/api/fiscal_service/v1/accounting/od/auctions_query?filter=security_type:in:(Note,Bond),auction_date:gte:2009-01-01&page%5Bsize%5D=10000&page%5Bnumber%5D=1&sort=auction_date",fetched,2026-09-30T10:44:13Z
2014-03-26,11:30,2014-03-26T11:30:00-04:00,2014-03-26T15:30:00Z,11:00,FRN,2y,original,False,Note,1-Year 10-Month,2-Year,Yes,912828WK2,2014-03-28,2016-01-31,13000000000,12991900000,8187300000,558700000,4245900000,13000151200,0,,4.670000,0.630185,2014-03-20,R_20140326_1.pdf,NOMINAL-5y@13:00,"https://api.fiscaldata.treasury.gov/services/api/fiscal_service/v1/accounting/od/auctions_query?filter=security_type:in:(Note,Bond),auction_date:gte:2009-01-01&page%5Bsize%5D=10000&page%5Bnumber%5D=1&sort=auction_date",fetched,2026-09-30T10:44:13Z
2014-03-26,13:00,2014-03-26T13:00:00-04:00,2014-03-26T17:00:00Z,12:00,NOMINAL,5y,original,False,Note,5-Year,5-Year,No,912828C65,2014-03-31,2019-03-31,35000000000,34929601000,9063140000,8073300000,17793161000,35000399700,0,1.7150,2.990000,0.259469,2014-03-20,R_20140326_2.pdf,FRN-2y@11:30,"https://api.fiscaldata.treasury.gov/services/api/fiscal_service/v1/accounting/od/auctions_query?filter=security_type:in:(Note,Bond),auction_date:gte:2009-01-01&page%5Bsize%5D=10000&page%5Bnumber%5D=1&sort=auction_date",fetched,2026-09-30T10:44:13Z
2014-03-27,13:00,2014-03-27T13:00:00-04:00,2014-03-27T17:00:00Z,12:00,NOMINAL,7y,original,False,Note,7-Year,7-Year,No,912828C57,2014-03-31,2021-03-31,29000000000,28979342500,7523955000,9449000000,12006387500,29000011800,0,2.2580,2.590000,0.259632,2014-03-20,R_20140327_1.pdf,,"https://api.fiscaldata.treasury.gov/services/api/fiscal_service/v1/accounting/od/auctions_query?filter=security_type:in:(Note,Bond),auction_date:gte:2009-01-01&page%5Bsize%5D=10000&page%5Bnumber%5D=1&sort=auction_date",fetched,2026-09-30T10:44:13Z
2014-04-08,13:00,2014-04-08T13:00:00-04:00,2014-04-08T17:00:00Z,12:00,NOMINAL,3y,original,False,Note,3-Year,3-Year,No,912828C73,2014-04-15,2017-04-15,30000000000,29856952000,14562830000,7155522000,8138600000,30000033700,0,0.8950,3.360000,0.487753,2014-04-03,R_20140408_2.pdf,,"https://api.fiscaldata.treasury.gov/services/api/fiscal_service/v1/accounting/od/auctions_query?filter=security_type:in:(Note,Bond),auction_date:gte:2009-01-01&page%5Bsize%5D=10000&page%5Bnumber%5D=1&sort=auction_date",fetched,2026-09-30T10:44:13Z
2014-04-09,13:00,2014-04-09T13:00:00-04:00,2014-04-09T17:00:00Z,12:00,NOMINAL,10y,original,False,Note,9-Year 10-Month,10-Year,Yes,912828B66,2014-04-15,2024-02-15,21000000000,20972618000,8412152000,3190972000,9369494000,21000071200,0,2.7200,2.760000,0.401102,2014-04-03,R_20140409_1.pdf,,"https://api.fiscaldata.treasury.gov/services/api/fiscal_service/v1/accounting/od/auctions_query?filter=security_type:in:(Note,Bond),auction_date:gte:2009-01-01&page%5Bsize%5D=10000&page%5Bnumber%5D=1&sort=auction_date",fetched,2026-09-30T10:44:13Z
2014-04-10,13:00,2014-04-10T13:00:00-04:00,2014-04-10T17:00:00Z,12:00,NOMINAL,30y,original,False,Bond,29-Year 10-Month,30-Year,Yes,912810RE0,2014-04-15,2044-02-15,13000000000,12994814300,5037162500,2326275700,5631376100,13000006700,0,3.5250,2.520000,0.387629,2014-04-03,R_20140410_1.pdf,,"https://api.fiscaldata.treasury.gov/services/api/fiscal_service/v1/accounting/od/auctions_query?filter=security_type:in:(Note,Bond),auction_date:gte:2009-01-01&page%5Bsize%5D=10000&page%5Bnumber%5D=1&sort=auction_date",fetched,2026-09-30T10:44:13Z
2014-04-17,11:30,2014-04-17T11:30:00-04:00,2014-04-17T15:30:00Z,11:00,TIPS,5y,original,False,Note,5-Year,5-Year,No,912828C99,2014-04-30,2019-04-15,18000000000,17937960000,6405000000,1061300000,10471660000,18000056400,0,-0.2130,2.700000,0.357064,2014-04-10,R_20140417_1.pdf,,"https://api.fiscaldata.treasury.gov/services/api/fiscal_service/v1/accounting/od/auctions_query?filter=security_type:in:(Note,Bond),auction_date:gte:2009-01-01&page%5Bsize%5D=10000&page%5Bnumber%5D=1&sort=auction_date",fetched,2026-09-30T10:44:13Z
2014-04-22,13:00,2014-04-22T13:00:00-04:00,2014-04-22T17:00:00Z,12:00,NOMINAL,2y,original,False,Note,2-Year,2-Year,No,912828C81,2014-04-30,2016-04-30,32000000000,31760190000,18319942500,6020442500,7419805000,32000473700,0,0.4470,3.350000,0.576821,2014-04-17,R_20140422_2.pdf,,"https://api.fiscaldata.treasury.gov/services/api/fiscal_service/v1/accounting/od/auctions_query?filter=security_type:in:(Note,Bond),auction_date:gte:2009-01-01&page%5Bsize%5D=10000&page%5Bnumber%5D=1&sort=auction_date",fetched,2026-09-30T10:44:13Z
2014-04-23,13:00,2014-04-23T13:00:00-04:00,2014-04-23T17:00:00Z,12:00,NOMINAL,5y,original,False,Note,5-Year,5-Year,No,912828D23,2014-04-30,2019-04-30,35000000000,34949035600,12756753000,6489000000,15703282600,35000000400,0,1.7320,2.790000,0.365010,2014-04-17,R_20140423_1.pdf,,"https://api.fiscaldata.treasury.gov/services/api/fiscal_service/v1/accounting/od/auctions_query?filter=security_type:in:(Note,Bond),auction_date:gte:2009-01-01&page%5Bsize%5D=10000&page%5Bnumber%5D=1&sort=auction_date",fetched,2026-09-30T10:44:13Z
2014-04-24,13:00,2014-04-24T13:00:00-04:00,2014-04-24T17:00:00Z,12:00,NOMINAL,7y,original,False,Note,7-Year,7-Year,No,912828WG1,2014-04-30,2021-04-30,29000000000,28978881000,8985581000,5531000000,14462300000,29000021700,0,2.3170,2.600000,0.310073,2014-04-17,R_20140424_1.pdf,,"https://api.fiscaldata.treasury.gov/services/api/fiscal_service/v1/accounting/od/auctions_query?filter=security_type:in:(Note,Bond),auction_date:gte:2009-01-01&page%5Bsize%5D=10000&page%5Bnumber%5D=1&sort=auction_date",fetched,2026-09-30T10:44:13Z
2014-04-29,13:00,2014-04-29T13:00:00-04:00,2014-04-29T17:00:00Z,12:00,FRN,2y,original,False,Note,2-Year,2-Year,No,912828D31,2014-04-30,2016-04-30,15000000000,14970690000,9094217000,721015000,5155458000,15000246400,0,,4.640000,0.607468,2014-04-24,R_20140429_3.pdf,,"https://api.fiscaldata.treasury.gov/services/api/fiscal_service/v1/accounting/od/auctions_query?filter=security_type:in:(Note,Bond),auction_date:gte:2009-01-01&page%5Bsize%5D=10000&page%5Bnumber%5D=1&sort=auction_date",fetched,2026-09-30T10:44:13Z
2014-05-06,13:00,2014-05-06T13:00:00-04:00,2014-05-06T17:00:00Z,12:00,NOMINAL,3y,original,False,Note,3-Year,3-Year,No,912828WH9,2014-05-15,2017-05-15,29000000000,28856160000,13676868000,7064040000,8115252000,29000032600,0,0.9280,3.400000,0.473967,2014-04-30,R_20140506_2.pdf,,"https://api.fiscaldata.treasury.gov/services/api/fiscal_service/v1/accounting/od/auctions_query?filter=security_type:in:(Note,Bond),auction_date:gte:2009-01-01&page%5Bsize%5D=10000&page%5Bnumber%5D=1&sort=auction_date",fetched,2026-09-30T10:44:13Z
2014-05-07,13:00,2014-05-07T13:00:00-04:00,2014-05-07T17:00:00Z,12:00,NOMINAL,10y,original,False,Note,10-Year,10-Year,No,912828WJ5,2014-05-15,2024-05-15,24000000000,23934170000,6965170000,5174000000,11795000000,24000001500,0,2.6120,2.630000,0.291014,2014-04-30,R_20140507_1.pdf,,"https://api.fiscaldata.treasury.gov/services/api/fiscal_service/v1/accounting/od/auctions_query?filter=security_type:in:(Note,Bond),auction_date:gte:2009-01-01&page%5Bsize%5D=10000&page%5Bnumber%5D=1&sort=auction_date",fetched,2026-09-30T10:44:13Z
2014-05-08,13:00,2014-05-08T13:00:00-04:00,2014-05-08T17:00:00Z,12:00,NOMINAL,30y,original,False,Bond,30-Year,30-Year,No,912810RG5,2014-05-15,2044-05-15,16000000000,15972546000,8175221000,1348000000,6449325000,16000008800,0,3.4400,2.090000,0.511830,2014-04-30,R_20140508_1.pdf,,"https://api.fiscaldata.treasury.gov/services/api/fiscal_service/v1/accounting/od/auctions_query?filter=security_type:in:(Note,Bond),auction_date:gte:2009-01-01&page%5Bsize%5D=10000&page%5Bnumber%5D=1&sort=auction_date",fetched,2026-09-30T10:44:13Z
2014-05-22,13:00,2014-05-22T13:00:00-04:00,2014-05-22T17:00:00Z,12:00,TIPS,10y,original,False,Note,9-Year 8-Month,10-Year,Yes,912828B25,2014-05-30,2024-01-15,13000000000,12958280400,3557886400,815000000,8585394000,13000052600,0,0.3390,2.910000,0.274565,2014-05-15,R_20140522_1.pdf,,"https://api.fiscaldata.treasury.gov/services/api/fiscal_service/v1/accounting/od/auctions_query?filter=security_type:in:(Note,Bond),auction_date:gte:2009-01-01&page%5Bsize%5D=10000&page%5Bnumber%5D=1&sort=auction_date",fetched,2026-09-30T10:44:13Z
2014-05-27,13:00,2014-05-27T13:00:00-04:00,2014-05-27T17:00:00Z,12:00,NOMINAL,2y,original,False,Note,2-Year,2-Year,No,912828WM8,2014-06-02,2016-05-31,31000000000,30708385500,17169610500,7746565000,5792210000,31012032100,11925700,0.3920,3.520000,0.559118,2014-05-22,R_20140527_3.pdf,,"https://api.fiscaldata.treasury.gov/services/api/fiscal_service/v1/accounting/od/auctions_query?filter=security_type:in:(Note,Bond),auction_date:gte:2009-01-01&page%5Bsize%5D=10000&page%5Bnumber%5D=1&sort=auction_date",fetched,2026-09-30T10:44:13Z
2014-05-28,13:00,2014-05-28T13:00:00-04:00,2014-05-28T17:00:00Z,12:00,FRN,2y,original,False,Note,1-Year 11-Month,2-Year,Yes,912828D31,2014-05-30,2016-04-30,13000000000,12985502500,6345375000,1224437500,5415690000,13000068400,0,,4.690000,0.488651,2014-05-22,R_20140528_3.pdf,NOMINAL-5y@13:00,"https://api.fiscaldata.treasury.gov/services/api/fiscal_service/v1/accounting/od/auctions_query?filter=security_type:in:(Note,Bond),auction_date:gte:2009-01-01&page%5Bsize%5D=10000&page%5Bnumber%5D=1&sort=auction_date",fetched,2026-09-30T10:44:13Z
2014-05-28,13:00,2014-05-28T13:00:00-04:00,2014-05-28T17:00:00Z,12:00,NOMINAL,5y,original,False,Note,5-Year,5-Year,No,912828WL0,2014-06-02,2019-05-31,35000000000,34926472300,13649705000,3662000000,17614767300,35013499900,13464500,1.5130,2.730000,0.390813,2014-05-22,R_20140528_4.pdf,FRN-2y@13:00,"https://api.fiscaldata.treasury.gov/services/api/fiscal_service/v1/accounting/od/auctions_query?filter=security_type:in:(Note,Bond),auction_date:gte:2009-01-01&page%5Bsize%5D=10000&page%5Bnumber%5D=1&sort=auction_date",fetched,2026-09-30T10:44:13Z
2014-05-29,13:00,2014-05-29T13:00:00-04:00,2014-05-29T17:00:00Z,12:00,NOMINAL,7y,original,False,Note,7-Year,7-Year,No,912828WN6,2014-06-02,2021-05-31,29000000000,28962173000,10296162000,6977158000,11688853000,29011216100,11156300,2.0100,2.600000,0.355504,2014-05-22,R_20140529_1.pdf,,"https://api.fiscaldata.treasury.gov/services/api/fiscal_service/v1/accounting/od/auctions_query?filter=security_type:in:(Note,Bond),auction_date:gte:2009-01-01&page%5Bsize%5D=10000&page%5Bnumber%5D=1&sort=auction_date",fetched,2026-09-30T10:44:13Z
2014-06-10,13:00,2014-06-10T13:00:00-04:00,2014-06-10T17:00:00Z,12:00,NOMINAL,3y,original,False,Note,3-Year,3-Year,No,912828WP1,2014-06-16,2017-06-15,28000000000,27842337500,15070850000,5401447500,7370040000,28000115900,0,0.9300,3.410000,0.541293,2014-06-05,R_20140610_2.pdf,,"https://api.fiscaldata.treasury.gov/services/api/fiscal_service/v1/accounting/od/auctions_query?filter=security_type:in:(Note,Bond),auction_date:gte:2009-01-01&page%5Bsize%5D=10000&page%5Bnumber%5D=1&sort=auction_date",fetched,2026-09-30T10:44:13Z
2014-06-11,13:00,2014-06-11T13:00:00-04:00,2014-06-11T17:00:00Z,12:00,NOMINAL,10y,original,False,Note,9-Year 11-Month,10-Year,Yes,912828WJ5,2014-06-16,2024-05-15,21000000000,20959604000,9331504000,4069240000,7558860000,21000066200,0,2.6480,2.880000,0.445214,2014-06-05,R_20140611_1.pdf,,"https://api.fiscaldata.treasury.gov/services/api/fiscal_service/v1/accounting/od/auctions_query?filter=security_type:in:(Note,Bond),auction_date:gte:2009-01-01&page%5Bsize%5D=10000&page%5Bnumber%5D=1&sort=auction_date",fetched,2026-09-30T10:44:13Z
2014-06-12,13:00,2014-06-12T13:00:00-04:00,2014-06-12T17:00:00Z,12:00,NOMINAL,30y,original,False,Bond,29-Year 11-Month,30-Year,Yes,912810RG5,2014-06-16,2044-05-15,13000000000,12992125000,3440310000,2827000000,6724815000,13000001400,0,3.4440,2.690000,0.264800,2014-06-05,R_20140612_1.pdf,,"https://api.fiscaldata.treasury.gov/services/api/fiscal_service/v1/accounting/od/auctions_query?filter=security_type:in:(Note,Bond),auction_date:gte:2009-01-01&page%5Bsize%5D=10000&page%5Bnumber%5D=1&sort=auction_date",fetched,2026-09-30T10:44:13Z
2014-06-19,13:00,2014-06-19T13:00:00-04:00,2014-06-19T17:00:00Z,12:00,TIPS,30y,original,False,Bond,29-Year 8-Month,30-Year,Yes,912810RF7,2014-06-30,2044-02-15,7000000000,6989189000,2244000000,574000000,4171189000,7000002600,0,1.1160,2.760000,0.321067,2014-06-12,R_20140619_1.pdf,,"https://api.fiscaldata.treasury.gov/services/api/fiscal_service/v1/accounting/od/auctions_query?filter=security_type:in:(Note,Bond),auction_date:gte:2009-01-01&page%5Bsize%5D=10000&page%5Bnumber%5D=1&sort=auction_date",fetched,2026-09-30T10:44:13Z
2014-06-24,13:00,2014-06-24T13:00:00-04:00,2014-06-24T17:00:00Z,12:00,NOMINAL,2y,original,False,Note,2-Year,2-Year,No,912828WQ9,2014-06-30,2016-06-30,30000000000,29754517500,15943032500,6930135000,6881350000,30000030300,0,0.5110,3.230000,0.535819,2014-06-19,R_20140624_3.pdf,,"https://api.fiscaldata.treasury.gov/services/api/fiscal_service/v1/accounting/od/auctions_query?filter=security_type:in:(Note,Bond),auction_date:gte:2009-01-01&page%5Bsize%5D=10000&page%5Bnumber%5D=1&sort=auction_date",fetched,2026-09-30T10:44:13Z
2014-06-25,11:30,2014-06-25T11:30:00-04:00,2014-06-25T15:30:00Z,11:00,FRN,2y,original,False,Note,1-Year 10-Month,2-Year,Yes,912828D31,2014-06-27,2016-04-30,13000000000,12989590000,7122140000,657570000,5209880000,13000391500,0,,4.430000,0.548296,2014-06-19,R_20140625_1.pdf,NOMINAL-5y@13:00,"https://api.fiscaldata.treasury.gov/services/api/fiscal_service/v1/accounting/od/auctions_query?filter=security_type:in:(Note,Bond),auction_date:gte:2009-01-01&page%5Bsize%5D=10000&page%5Bnumber%5D=1&sort=auction_date",fetched,2026-09-30T10:44:13Z
2014-06-25,13:00,2014-06-25T13:00:00-04:00,2014-06-25T17:00:00Z,12:00,NOMINAL,5y,original,False,Note,5-Year,5-Year,No,912828WS5,2014-06-30,2019-06-30,35000000000,34944550000,13338745000,3257900000,18347905000,35000219200,0,1.6700,2.740000,0.381712,2014-06-19,R_20140625_2.pdf,FRN-2y@11:30,"https://api.fiscaldata.treasury.gov/services/api/fiscal_service/v1/accounting/od/auctions_query?filter=security_type:in:(Note,Bond),auction_date:gte:2009-01-01&page%5Bsize%5D=10000&page%5Bnumber%5D=1&sort=auction_date",fetched,2026-09-30T10:44:13Z
2014-06-26,13:00,2014-06-26T13:00:00-04:00,2014-06-26T17:00:00Z,12:00,NOMINAL,7y,original,False,Note,7-Year,7-Year,No,912828WR7,2014-06-30,2021-06-30,29000000000,28983440000,12380540000,4829000000,11773900000,29000012900,0,2.1520,2.440000,0.427159,2014-06-19,R_20140626_1.pdf,,"https://api.fiscaldata.treasury.gov/services/api/fiscal_service/v1/accounting/od/auctions_query?filter=security_type:in:(Note,Bond),auction_date:gte:2009-01-01&page%5Bsize%5D=10000&page%5Bnumber%5D=1&sort=auction_date",fetched,2026-09-30T10:44:13Z
2014-07-08,13:00,2014-07-08T13:00:00-04:00,2014-07-08T17:00:00Z,12:00,NOMINAL,3y,original,False,Note,3-Year,3-Year,No,912828WT3,2014-07-15,2017-07-15,27000000000,26825885000,13165685000,3413000000,10247200000,27000025300,0,0.9920,3.380000,0.490783,2014-07-03,R_20140708_2.pdf,,"https://api.fiscaldata.treasury.gov/services/api/fiscal_service/v1/accounting/od/auctions_query?filter=security_type:in:(Note,Bond),auction_date:gte:2009-01-01&page%5Bsize%5D=10000&page%5Bnumber%5D=1&sort=auction_date",fetched,2026-09-30T10:44:13Z
2014-07-09,13:00,2014-07-09T13:00:00-04:00,2014-07-09T17:00:00Z,12:00,NOMINAL,10y,original,False,Note,9-Year 10-Month,10-Year,Yes,912828WJ5,2014-07-15,2024-05-15,21000000000,20983520000,9748120000,2919000000,8316400000,21000026800,0,2.5970,2.570000,0.464561,2014-07-03,R_20140709_1.pdf,,"https://api.fiscaldata.treasury.gov/services/api/fiscal_service/v1/accounting/od/auctions_query?filter=security_type:in:(Note,Bond),auction_date:gte:2009-01-01&page%5Bsize%5D=10000&page%5Bnumber%5D=1&sort=auction_date",fetched,2026-09-30T10:44:13Z
2014-07-10,13:00,2014-07-10T13:00:00-04:00,2014-07-10T17:00:00Z,12:00,NOMINAL,30y,original,False,Bond,29-Year 10-Month,30-Year,Yes,912810RG5,2014-07-15,2044-05-15,13000000000,12992272000,4635195000,1440577000,6916500000,13000017100,0,3.3690,2.400000,0.356766,2014-07-03,R_20140710_1.pdf,,"https://api.fiscaldata.treasury.gov/services/api/fiscal_service/v1/accounting/od/auctions_query?filter=security_type:in:(Note,Bond),auction_date:gte:2009-01-01&page%5Bsize%5D=10000&page%5Bnumber%5D=1&sort=auction_date",fetched,2026-09-30T10:44:13Z
2014-07-24,13:00,2014-07-24T13:00:00-04:00,2014-07-24T17:00:00Z,12:00,TIPS,10y,original,False,Note,10-Year,10-Year,No,912828WU0,2014-07-31,2024-07-15,15000000000,14952646400,5478150000,1540000000,7934496400,15004900000,4872900,0.2490,2.490000,0.366367,2014-07-17,R_20140724_1.pdf,,"https://api.fiscaldata.treasury.gov/services/api/fiscal_service/v1/accounting/od/auctions_query?filter=security_type:in:(Note,Bond),auction_date:gte:2009-01-01&page%5Bsize%5D=10000&page%5Bnumber%5D=1&sort=auction_date",fetched,2026-09-30T10:44:13Z
2014-07-28,13:00,2014-07-28T13:00:00-04:00,2014-07-28T17:00:00Z,12:00,NOMINAL,2y,original,False,Note,2-Year,2-Year,No,912828WX4,2014-07-31,2016-07-31,29000000000,28731073400,16858134400,4122449000,7750490000,29009629100,9421100,0.5440,3.220000,0.586756,2014-07-24,R_20140728_3.pdf,,"https://api.fiscaldata.treasury.gov/services/api/fiscal_service/v1/accounting/od/auctions_query?filter=security_type:in:(Note,Bond),auction_date:gte:2009-01-01&page%5Bsize%5D=10000&page%5Bnumber%5D=1&sort=auction_date",fetched,2026-09-30T10:44:13Z
2014-07-29,13:00,2014-07-29T13:00:00-04:00,2014-07-29T17:00:00Z,12:00,NOMINAL,5y,original,False,Note,5-Year,5-Year,No,912828WW6,2014-07-31,2019-07-31,35000000000,34949542000,9051248000,9047000000,16851294000,35011378300,11370100,1.7200,2.810000,0.258980,2014-07-24,R_20140729_2.pdf,,"https://api.fiscaldata.treasury.gov/services/api/fiscal_service/v1/accounting/od/auctions_query?filter=security_type:in:(Note,Bond),auction_date:gte:2009-01-01&page%5Bsize%5D=10000&page%5Bnumber%5D=1&sort=auction_date",fetched,2026-09-30T10:44:13Z
2014-07-30,11:30,2014-07-30T11:30:00-04:00,2014-07-30T15:30:00Z,11:00,FRN,2y,original,False,Note,2-Year,2-Year,No,912828WV8,2014-07-31,2016-07-31,15000000000,14972463000,7489297500,489025000,6994140500,15005102800,4873000,,4.090000,0.500205,2014-07-24,R_20140730_1.pdf,NOMINAL-7y@13:00,"https://api.fiscaldata.treasury.gov/services/api/fiscal_service/v1/accounting/od/auctions_query?filter=security_type:in:(Note,Bond),auction_date:gte:2009-01-01&page%5Bsize%5D=10000&page%5Bnumber%5D=1&sort=auction_date",fetched,2026-09-30T10:44:13Z
2014-07-30,13:00,2014-07-30T13:00:00-04:00,2014-07-30T17:00:00Z,12:00,NOMINAL,7y,original,False,Note,7-Year,7-Year,No,912828WY2,2014-07-31,2021-07-31,29000000000,28983150200,10839685000,4406000000,13737465200,29009472100,9421000,2.2500,2.580000,0.374000,2014-07-24,R_20140730_2.pdf,FRN-2y@11:30,"https://api.fiscaldata.treasury.gov/services/api/fiscal_service/v1/accounting/od/auctions_query?filter=security_type:in:(Note,Bond),auction_date:gte:2009-01-01&page%5Bsize%5D=10000&page%5Bnumber%5D=1&sort=auction_date",fetched,2026-09-30T10:44:13Z
2014-08-12,13:00,2014-08-12T13:00:00-04:00,2014-08-12T17:00:00Z,12:00,NOMINAL,3y,original,False,Note,3-Year,3-Year,No,912828D49,2014-08-15,2017-08-15,27000000000,26846357000,12020485000,5108000000,9717872000,27000030700,0,0.9240,3.030000,0.447751,2014-08-06,R_20140812_2.pdf,,"https://api.fiscaldata.treasury.gov/services/api/fiscal_service/v1/accounting/od/auctions_query?filter=security_type:in:(Note,Bond),auction_date:gte:2009-01-01&page%5Bsize%5D=10000&page%5Bnumber%5D=1&sort=auction_date",fetched,2026-09-30T10:44:13Z
2014-08-13,13:00,2014-08-13T13:00:00-04:00,2014-08-13T17:00:00Z,12:00,NOMINAL,10y,original,False,Note,10-Year,10-Year,No,912828D56,2014-08-15,2024-08-15,24000000000,23947353000,9078585000,3617000000,11251768000,24000004500,0,2.4390,2.830000,0.379106,2014-08-06,R_20140813_1.pdf,,"https://api.fiscaldata.treasury.gov/services/api/fiscal_service/v1/accounting/od/auctions_query?filter=security_type:in:(Note,Bond),auction_date:gte:2009-01-01&page%5Bsize%5D=10000&page%5Bnumber%5D=1&sort=auction_date",fetched,2026-09-30T10:44:13Z
2014-08-14,13:00,2014-08-14T13:00:00-04:00,2014-08-14T17:00:00Z,12:00,NOMINAL,30y,original,False,Bond,30-Year,30-Year,No,912810RH3,2014-08-15,2044-08-15,16000000000,15975753000,4758672500,3891380500,7325700000,16000001400,0,3.2240,2.600000,0.297868,2014-08-06,R_20140814_1.pdf,,"https://api.fiscaldata.treasury.gov/services/api/fiscal_service/v1/accounting/od/auctions_query?filter=security_type:in:(Note,Bond),auction_date:gte:2009-01-01&page%5Bsize%5D=10000&page%5Bnumber%5D=1&sort=auction_date",fetched,2026-09-30T10:44:13Z
2014-08-21,13:00,2014-08-21T13:00:00-04:00,2014-08-21T17:00:00Z,12:00,TIPS,5y,original,False,Note,4-Year 8-Month,5-Year,Yes,912828C99,2014-08-29,2019-04-15,16000000000,15975325000,6423000000,560000000,8992325000,16000008200,0,-0.2810,2.480000,0.402058,2014-08-14,R_20140821_1.pdf,,"https://api.fiscaldata.treasury.gov/services/api/fiscal_service/v1/accounting/od/auctions_query?filter=security_type:in:(Note,Bond),auction_date:gte:2009-01-01&page%5Bsize%5D=10000&page%5Bnumber%5D=1&sort=auction_date",fetched,2026-09-30T10:44:13Z
2014-08-26,13:00,2014-08-26T13:00:00-04:00,2014-08-26T17:00:00Z,12:00,NOMINAL,2y,original,False,Note,2-Year,2-Year,No,912828D64,2014-09-02,2016-08-31,29000000000,28720680000,13795900000,3486000000,11438780000,29001570700,1463600,0.5300,3.480000,0.480347,2014-08-21,R_20140826_2.pdf,,"https://api.fiscaldata.treasury.gov/services/api/fiscal_service/v1/accounting/od/auctions_query?filter=security_type:in:(Note,Bond),auction_date:gte:2009-01-01&page%5Bsize%5D=10000&page%5Bnumber%5D=1&sort=auction_date",fetched,2026-09-30T10:44:13Z
2014-08-27,11:30,2014-08-27T11:30:00-04:00,2014-08-27T15:30:00Z,11:00,FRN,2y,original,False,Note,1-Year 11-Month,2-Year,Yes,912828WV8,2014-08-29,2016-07-31,13000000000,12983360000,6516020000,424600000,6042740000,13000173900,0,,4.380000,0.501875,2014-08-21,R_20140827_1.pdf,NOMINAL-5y@13:00,"https://api.fiscaldata.treasury.gov/services/api/fiscal_service/v1/accounting/od/auctions_query?filter=security_type:in:(Note,Bond),auction_date:gte:2009-01-01&page%5Bsize%5D=10000&page%5Bnumber%5D=1&sort=auction_date",fetched,2026-09-30T10:44:13Z
2014-08-27,13:00,2014-08-27T13:00:00-04:00,2014-08-27T17:00:00Z,12:00,NOMINAL,5y,original,False,Note,5-Year,5-Year,No,912828D80,2014-09-02,2019-08-31,35000000000,34908107500,12722520000,3785000000,18400587500,35001767800,1766400,1.6460,2.810000,0.364457,2014-08-21,R_20140827_2.pdf,FRN-2y@11:30,"https://api.fiscaldata.treasury.gov/services/api/fiscal_service/v1/accounting/od/auctions_query?filter=security_type:in:(Note,Bond),auction_date:gte:2009-01-01&page%5Bsize%5D=10000&page%5Bnumber%5D=1&sort=auction_date",fetched,2026-09-30T10:44:13Z
2014-08-28,13:00,2014-08-28T13:00:00-04:00,2014-08-28T17:00:00Z,12:00,NOMINAL,7y,original,False,Note,7-Year,7-Year,No,912828D72,2014-09-02,2021-08-31,29000000000,28973630000,8903430000,5919000000,14151200000,29001470200,1463500,2.0450,2.570000,0.307294,2014-08-21,R_20140828_1.pdf,,"https://api.fiscaldata.treasury.gov/services/api/fiscal_service/v1/accounting/od/auctions_query?filter=security_type:in:(Note,Bond),auction_date:gte:2009-01-01&page%5Bsize%5D=10000&page%5Bnumber%5D=1&sort=auction_date",fetched,2026-09-30T10:44:13Z
2014-09-09,13:00,2014-09-09T13:00:00-04:00,2014-09-09T17:00:00Z,12:00,NOMINAL,3y,original,False,Note,3-Year,3-Year,No,912828D98,2014-09-15,2017-09-15,27000000000,26834400000,12511640000,5438000000,8884760000,27000004100,0,1.0660,3.170000,0.466254,2014-09-04,R_20140909_2.pdf,,"https://api.fiscaldata.treasury.gov/services/api/fiscal_service/v1/accounting/od/auctions_query?filter=security_type:in:(Note,Bond),auction_date:gte:2009-01-01&page%5Bsize%5D=10000&page%5Bnumber%5D=1&sort=auction_date",fetched,2026-09-30T10:44:13Z
2014-09-10,13:00,2014-09-10T13:00:00-04:00,2014-09-10T17:00:00Z,12:00,NOMINAL,10y,original,False,Note,9-Year 11-Month,10-Year,Yes,912828D56,2014-09-15,2024-08-15,21000000000,20985427000,7033484000,2826613000,11125330000,21000022700,0,2.5350,2.710000,0.335160,2014-09-04,R_20140910_1.pdf,,"https://api.fiscaldata.treasury.gov/services/api/fiscal_service/v1/accounting/od/auctions_query?filter=security_type:in:(Note,Bond),auction_date:gte:2009-01-01&page%5Bsize%5D=10000&page%5Bnumber%5D=1&sort=auction_date",fetched,2026-09-30T10:44:13Z
2014-09-11,13:00,2014-09-11T13:00:00-04:00,2014-09-11T17:00:00Z,12:00,NOMINAL,30y,original,False,Bond,29-Year 11-Month,30-Year,Yes,912810RH3,2014-09-15,2044-08-15,13000000000,12991801000,4259869000,2825959400,5905972600,13000061200,0,3.2400,2.670000,0.327889,2014-09-04,R_20140911_1.pdf,,"https://api.fiscaldata.treasury.gov/services/api/fiscal_service/v1/accounting/od/auctions_query?filter=security_type:in:(Note,Bond),auction_date:gte:2009-01-01&page%5Bsize%5D=10000&page%5Bnumber%5D=1&sort=auction_date",fetched,2026-09-30T10:44:13Z
2014-09-18,13:00,2014-09-18T13:00:00-04:00,2014-09-18T17:00:00Z,12:00,TIPS,10y,original,False,Note,9-Year 10-Month,10-Year,Yes,912828WU0,2014-09-30,2024-07-15,13000000000,12975895000,5406560000,735000000,6834335000,13000009000,0,0.6100,2.200000,0.416662,2014-09-11,R_20140918_1.pdf,,"https://api.fiscaldata.treasury.gov/services/api/fiscal_service/v1/accounting/od/auctions_query?filter=security_type:in:(Note,Bond),auction_date:gte:2009-01-01&page%5Bsize%5D=10000&page%5Bnumber%5D=1&sort=auction_date",fetched,2026-09-30T10:44:13Z
2014-09-23,13:00,2014-09-23T13:00:00-04:00,2014-09-23T17:00:00Z,12:00,NOMINAL,2y,original,False,Note,2-Year,2-Year,No,912828F47,2014-09-30,2016-09-30,29000000000,28749197500,12356407500,4630590000,11762200000,29000113100,0,0.5890,3.560000,0.429800,2014-09-18,R_20140923_2.pdf,,"https://api.fiscaldata.treasury.gov/services/api/fiscal_service/v1/accounting/od/auctions_query?filter=security_type:in:(Note,Bond),auction_date:gte:2009-01-01&page%5Bsize%5D=10000&page%5Bnumber%5D=1&sort=auction_date",fetched,2026-09-30T10:44:13Z
2014-09-24,11:30,2014-09-24T11:30:00-04:00,2014-09-24T15:30:00Z,11:00,FRN,2y,original,False,Note,1-Year 10-Month,2-Year,Yes,912828WV8,2014-09-26,2016-07-31,13000000000,12980530000,5321250000,600000000,7059280000,13000059200,0,,4.450000,0.409941,2014-09-18,R_20140924_1.pdf,NOMINAL-5y@13:00,"https://api.fiscaldata.treasury.gov/services/api/fiscal_service/v1/accounting/od/auctions_query?filter=security_type:in:(Note,Bond),auction_date:gte:2009-01-01&page%5Bsize%5D=10000&page%5Bnumber%5D=1&sort=auction_date",fetched,2026-09-30T10:44:13Z
2014-09-24,13:00,2014-09-24T13:00:00-04:00,2014-09-24T17:00:00Z,12:00,NOMINAL,5y,original,False,Note,5-Year,5-Year,No,912828F39,2014-09-30,2019-09-30,35000000000,34899950000,14295200000,3066350000,17538400000,35000047100,0,1.8000,2.560000,0.409605,2014-09-18,R_20140924_2.pdf,FRN-2y@11:30,"https://api.fiscaldata.treasury.gov/services/api/fiscal_service/v1/accounting/od/auctions_query?filter=security_type:in:(Note,Bond),auction_date:gte:2009-01-01&page%5Bsize%5D=10000&page%5Bnumber%5D=1&sort=auction_date",fetched,2026-09-30T10:44:13Z
2014-09-25,13:00,2014-09-25T13:00:00-04:00,2014-09-25T17:00:00Z,12:00,NOMINAL,7y,original,False,Note,7-Year,7-Year,No,912828F21,2014-09-30,2021-09-30,29000000000,28981216000,12071360000,2904120000,14005736000,29000003500,0,2.2350,2.480000,0.416524,2014-09-18,R_20140925_1.pdf,,"https://api.fiscaldata.treasury.gov/services/api/fiscal_service/v1/accounting/od/auctions_query?filter=security_type:in:(Note,Bond),auction_date:gte:2009-01-01&page%5Bsize%5D=10000&page%5Bnumber%5D=1&sort=auction_date",fetched,2026-09-30T10:44:13Z
2014-10-07,13:00,2014-10-07T13:00:00-04:00,2014-10-07T17:00:00Z,12:00,NOMINAL,3y,original,False,Note,3-Year,3-Year,No,912828F54,2014-10-15,2017-10-15,27000000000,26839681000,12626380000,4676845000,9536456000,27000033800,0,0.9940,3.420000,0.470437,2014-10-02,R_20141007_2.pdf,,"https://api.fiscaldata.treasury.gov/services/api/fiscal_service/v1/accounting/od/auctions_query?filter=security_type:in:(Note,Bond),auction_date:gte:2009-01-01&page%5Bsize%5D=10000&page%5Bnumber%5D=1&sort=auction_date",fetched,2026-09-30T10:44:13Z
2014-10-08,13:00,2014-10-08T13:00:00-04:00,2014-10-08T17:00:00Z,12:00,NOMINAL,10y,original,False,Note,9-Year 10-Month,10-Year,Yes,912828D56,2014-10-15,2024-08-15,21000000000,20984300000,10278200000,1395000000,9311100000,21000006600,0,2.3810,2.520000,0.489804,2014-10-02,R_20141008_1.pdf,,"https://api.fiscaldata.treasury.gov/services/api/fiscal_service/v1/accounting/od/auctions_query?filter=security_type:in:(Note,Bond),auction_date:gte:2009-01-01&page%5Bsize%5D=10000&page%5Bnumber%5D=1&sort=auction_date",fetched,2026-09-30T10:44:13Z
2014-10-09,13:00,2014-10-09T13:00:00-04:00,2014-10-09T17:00:00Z,12:00,NOMINAL,30y,original,False,Bond,29-Year 10-Month,30-Year,Yes,912810RH3,2014-10-15,2044-08-15,13000000000,12992973000,4189073000,2799000000,6004900000,13000000900,0,3.0740,2.400000,0.322411,2014-10-02,R_20141009_1.pdf,,"https://api.fiscaldata.treasury.gov/services/api/fiscal_service/v1/accounting/od/auctions_query?filter=security_type:in:(Note,Bond),auction_date:gte:2009-01-01&page%5Bsize%5D=10000&page%5Bnumber%5D=1&sort=auction_date",fetched,2026-09-30T10:44:13Z
2014-10-23,13:00,2014-10-23T13:00:00-04:00,2014-10-23T17:00:00Z,12:00,TIPS,30y,original,False,Bond,29-Year 4-Month,30-Year,Yes,912810RF7,2014-10-31,2044-02-15,7000000000,6982090000,2163000000,315000000,4504090000,7000004300,0,0.9850,2.290000,0.309793,2014-10-16,R_20141023_1.pdf,,"https://api.fiscaldata.treasury.gov/services/api/fiscal_service/v1/accounting/od/auctions_query?filter=security_type:in:(Note,Bond),auction_date:gte:2009-01-01&page%5Bsize%5D=10000&page%5Bnumber%5D=1&sort=auction_date",fetched,2026-09-30T10:44:13Z
2014-10-28,13:00,2014-10-28T13:00:00-04:00,2014-10-28T17:00:00Z,12:00,NOMINAL,2y,original,False,Note,2-Year,2-Year,No,912828F88,2014-10-31,2016-10-31,29000000000,28731490000,13549190000,4651000000,10531300000,29000159700,0,0.4250,3.110000,0.471580,2014-10-23,R_20141028_2.pdf,,"https://api.fiscaldata.treasury.gov/services/api/fiscal_service/v1/accounting/od/auctions_query?filter=security_type:in:(Note,Bond),auction_date:gte:2009-01-01&page%5Bsize%5D=10000&page%5Bnumber%5D=1&sort=auction_date",fetched,2026-09-30T10:44:13Z
2014-10-29,11:30,2014-10-29T11:30:00-04:00,2014-10-29T15:30:00Z,11:00,FRN,2y,original,False,Note,2-Year,2-Year,No,912828F70,2014-10-31,2016-10-31,15000000000,14981768000,7506645000,500000000,6975123000,15000191100,0,,3.580000,0.501052,2014-10-23,R_20141029_1.pdf,NOMINAL-5y@13:00,"https://api.fiscaldata.treasury.gov/services/api/fiscal_service/v1/accounting/od/auctions_query?filter=security_type:in:(Note,Bond),auction_date:gte:2009-01-01&page%5Bsize%5D=10000&page%5Bnumber%5D=1&sort=auction_date",fetched,2026-09-30T10:44:13Z
2014-10-29,13:00,2014-10-29T13:00:00-04:00,2014-10-29T17:00:00Z,12:00,NOMINAL,5y,original,False,Note,5-Year,5-Year,No,912828F62,2014-10-31,2019-10-31,35000000000,34941790000,14574800000,3668035000,16698955000,35000002000,0,1.5670,2.360000,0.417117,2014-10-23,R_20141029_2.pdf,FRN-2y@11:30,"https://api.fiscaldata.treasury.gov/services/api/fiscal_service/v1/accounting/od/auctions_query?filter=security_type:in:(Note,Bond),auction_date:gte:2009-01-01&page%5Bsize%5D=10000&page%5Bnumber%5D=1&sort=auction_date",fetched,2026-09-30T10:44:13Z
2014-10-30,13:00,2014-10-30T13:00:00-04:00,2014-10-30T17:00:00Z,12:00,NOMINAL,7y,original,False,Note,7-Year,7-Year,No,912828F96,2014-10-31,2021-10-31,29000000000,28987713000,11002040000,4469253000,13516420000,29000010100,0,2.0180,2.420000,0.379541,2014-10-23,R_20141030_1.pdf,,"https://api.fiscaldata.treasury.gov/services/api/fiscal_service/v1/accounting/od/auctions_query?filter=security_type:in:(Note,Bond),auction_date:gte:2009-01-01&page%5Bsize%5D=10000&page%5Bnumber%5D=1&sort=auction_date",fetched,2026-09-30T10:44:13Z
2014-11-10,13:00,2014-11-10T13:00:00-05:00,2014-11-10T18:00:00Z,12:00,NOMINAL,3y,original,False,Note,3-Year,3-Year,No,912828G20,2014-11-17,2017-11-15,26000000000,25838249600,12162050000,3924000000,9752199600,26034729700,34696400,0.9980,3.180000,0.470699,2014-11-05,R_20141110_3.pdf,,"https://api.fiscaldata.treasury.gov/services/api/fiscal_service/v1/accounting/od/auctions_query?filter=security_type:in:(Note,Bond),auction_date:gte:2009-01-01&page%5Bsize%5D=10000&page%5Bnumber%5D=1&sort=auction_date",fetched,2026-09-30T10:44:13Z
2014-11-12,13:00,2014-11-12T13:00:00-05:00,2014-11-12T18:00:00Z,12:00,NOMINAL,10y,original,False,Note,10-Year,10-Year,No,912828G38,2014-11-17,2024-11-15,24000000000,23931420000,10039450000,3204660000,10687310000,24032079300,32027400,2.3650,2.520000,0.419509,2014-11-05,R_20141112_3.pdf,,"https://api.fiscaldata.treasury.gov/services/api/fiscal_service/v1/accounting/od/auctions_query?filter=security_type:in:(Note,Bond),auction_date:gte:2009-01-01&page%5Bsize%5D=10000&page%5Bnumber%5D=1&sort=auction_date",fetched,2026-09-30T10:44:13Z
2014-11-13,13:00,2014-11-13T13:00:00-05:00,2014-11-13T18:00:00Z,12:00,NOMINAL,30y,original,False,Bond,30-Year,30-Year,No,912810RJ9,2014-11-17,2044-11-15,16000000000,15979608800,6783978000,2199000000,6996630800,16021352000,21351600,3.0920,2.290000,0.424540,2014-11-05,R_20141113_1.pdf,,"https://api.fiscaldata.treasury.gov/services/api/fiscal_service/v1/accounting/od/auctions_query?filter=security_type:in:(Note,Bond),auction_date:gte:2009-01-01&page%5Bsize%5D=10000&page%5Bnumber%5D=1&sort=auction_date",fetched,2026-09-30T10:44:13Z
2014-11-20,13:00,2014-11-20T13:00:00-05:00,2014-11-20T18:00:00Z,12:00,TIPS,10y,original,False,Note,9-Year 8-Month,10-Year,Yes,912828WU0,2014-11-28,2024-07-15,13000000000,12989284000,3836930000,1050000000,8102354000,13000007200,0,0.4970,2.570000,0.295392,2014-11-13,R_20141120_1.pdf,,"https://api.fiscaldata.treasury.gov/services/api/fiscal_service/v1/accounting/od/auctions_query?filter=security_type:in:(Note,Bond),auction_date:gte:2009-01-01&page%5Bsize%5D=10000&page%5Bnumber%5D=1&sort=auction_date",fetched,2026-09-30T10:44:13Z
2014-11-24,13:00,2014-11-24T13:00:00-05:00,2014-11-24T18:00:00Z,12:00,NOMINAL,2y,original,False,Note,2-Year,2-Year,No,912828G46,2014-12-01,2016-11-30,28000000000,27753076800,13313780000,4496750000,9942546800,28000116800,0,0.5420,3.710000,0.479723,2014-11-20,R_20141124_3.pdf,,"https://api.fiscaldata.treasury.gov/services/api/fiscal_service/v1/accounting/od/auctions_query?filter=security_type:in:(Note,Bond),auction_date:gte:2009-01-01&page%5Bsize%5D=10000&page%5Bnumber%5D=1&sort=auction_date",fetched,2026-09-30T10:44:13Z
2014-11-25,11:30,2014-11-25T11:30:00-05:00,2014-11-25T16:30:00Z,11:00,FRN,2y,original,False,Note,1-Year 11-Month,2-Year,Yes,912828F70,2014-11-28,2016-10-31,13000000000,12992342500,5555910000,700000000,6736432500,13000072600,0,,4.000000,0.427630,2014-11-20,R_20141125_1.pdf,NOMINAL-5y@13:00,"https://api.fiscaldata.treasury.gov/services/api/fiscal_service/v1/accounting/od/auctions_query?filter=security_type:in:(Note,Bond),auction_date:gte:2009-01-01&page%5Bsize%5D=10000&page%5Bnumber%5D=1&sort=auction_date",fetched,2026-09-30T10:44:13Z
2014-11-25,13:00,2014-11-25T13:00:00-05:00,2014-11-25T18:00:00Z,12:00,NOMINAL,5y,original,False,Note,5-Year,5-Year,No,912828G61,2014-12-01,2019-11-30,35000000000,34946474500,8764195000,3449827500,22732452000,35000117800,0,1.5950,2.910000,0.250789,2014-11-20,R_20141125_3.pdf,FRN-2y@11:30,"https://api.fiscaldata.treasury.gov/services/api/fiscal_service/v1/accounting/od/auctions_query?filter=security_type:in:(Note,Bond),auction_date:gte:2009-01-01&page%5Bsize%5D=10000&page%5Bnumber%5D=1&sort=auction_date",fetched,2026-09-30T10:44:13Z
2014-11-26,11:30,2014-11-26T11:30:00-05:00,2014-11-26T16:30:00Z,11:00,NOMINAL,7y,original,False,Note,7-Year,7-Year,No,912828G53,2014-12-01,2021-11-30,29000000000,28978250000,10759695500,3721847500,14496707000,29000046300,0,1.9600,2.630000,0.371302,2014-11-20,R_20141126_1.pdf,,"https://api.fiscaldata.treasury.gov/services/api/fiscal_service/v1/accounting/od/auctions_query?filter=security_type:in:(Note,Bond),auction_date:gte:2009-01-01&page%5Bsize%5D=10000&page%5Bnumber%5D=1&sort=auction_date",fetched,2026-09-30T10:44:13Z
2014-12-09,13:00,2014-12-09T13:00:00-05:00,2014-12-09T18:00:00Z,12:00,NOMINAL,3y,original,False,Note,3-Year,3-Year,No,912828G79,2014-12-15,2017-12-15,25000000000,24834056000,11854066000,2502995000,10476995000,25000001900,0,1.0660,3.240000,0.477331,2014-12-04,R_20141209_3.pdf,,"https://api.fiscaldata.treasury.gov/services/api/fiscal_service/v1/accounting/od/auctions_query?filter=security_type:in:(Note,Bond),auction_date:gte:2009-01-01&page%5Bsize%5D=10000&page%5Bnumber%5D=1&sort=auction_date",fetched,2026-09-30T10:44:13Z
2014-12-10,13:00,2014-12-10T13:00:00-05:00,2014-12-10T18:00:00Z,12:00,NOMINAL,10y,original,False,Note,9-Year 11-Month,10-Year,Yes,912828G38,2014-12-15,2024-11-15,21000000000,20960300700,8236682500,1443000000,11280618200,21000013400,0,2.2140,2.970000,0.392966,2014-12-04,R_20141210_1.pdf,,"https://api.fiscaldata.treasury.gov/services/api/fiscal_service/v1/accounting/od/auctions_query?filter=security_type:in:(Note,Bond),auction_date:gte:2009-01-01&page%5Bsize%5D=10000&page%5Bnumber%5D=1&sort=auction_date",fetched,2026-09-30T10:44:13Z
2014-12-11,13:00,2014-12-11T13:00:00-05:00,2014-12-11T18:00:00Z,12:00,NOMINAL,30y,original,False,Bond,29-Year 11-Month,30-Year,Yes,912810RJ9,2014-12-15,2044-11-15,13000000000,12993900800,3366000000,3152000000,6475900800,13000022300,0,2.8480,2.760000,0.259045,2014-12-04,R_20141211_1.pdf,,"https://api.fiscaldata.treasury.gov/services/api/fiscal_service/v1/accounting/od/auctions_query?filter=security_type:in:(Note,Bond),auction_date:gte:2009-01-01&page%5Bsize%5D=10000&page%5Bnumber%5D=1&sort=auction_date",fetched,2026-09-30T10:44:13Z
2014-12-18,13:00,2014-12-18T13:00:00-05:00,2014-12-18T18:00:00Z,12:00,TIPS,5y,original,False,Note,4-Year 4-Month,5-Year,Yes,912828C99,2014-12-31,2019-04-15,16000000000,15964900000,4788640000,830000000,10346260000,16000002500,0,0.3950,2.370000,0.299948,2014-12-11,R_20141218_1.pdf,,"https://api.fiscaldata.treasury.gov/services/api/fiscal_service/v1/accounting/od/auctions_query?filter=security_type:in:(Note,Bond),auction_date:gte:2009-01-01&page%5Bsize%5D=10000&page%5Bnumber%5D=1&sort=auction_date",fetched,2026-09-30T10:44:13Z
2014-12-22,13:00,2014-12-22T13:00:00-05:00,2014-12-22T18:00:00Z,12:00,NOMINAL,2y,original,False,Note,2-Year,2-Year,No,912828H29,2014-12-31,2016-12-31,27000000000,26757687500,13326975000,3891000000,9539712500,27000004000,0,0.7030,3.210000,0.498062,2014-12-18,R_20141222_3.pdf,,"https://api.fiscaldata.treasury.gov/services/api/fiscal_service/v1/accounting/od/auctions_query?filter=security_type:in:(Note,Bond),auction_date:gte:2009-01-01&page%5Bsize%5D=10000&page%5Bnumber%5D=1&sort=auction_date",fetched,2026-09-30T10:44:13Z
2014-12-23,11:30,2014-12-23T11:30:00-05:00,2014-12-23T16:30:00Z,11:00,FRN,2y,original,False,Note,1-Year 10-Month,2-Year,Yes,912828F70,2014-12-26,2016-10-31,13000000000,12994430000,9106840000,680240000,3207350000,13000223200,0,,2.900000,0.700826,2014-12-18,R_20141223_1.pdf,NOMINAL-5y@13:00,"https://api.fiscaldata.treasury.gov/services/api/fiscal_service/v1/accounting/od/auctions_query?filter=security_type:in:(Note,Bond),auction_date:gte:2009-01-01&page%5Bsize%5D=10000&page%5Bnumber%5D=1&sort=auction_date",fetched,2026-09-30T10:44:13Z
2014-12-23,13:00,2014-12-23T13:00:00-05:00,2014-12-23T18:00:00Z,12:00,NOMINAL,5y,original,False,Note,5-Year,5-Year,No,912828G95,2014-12-31,2019-12-31,35000000000,34963455500,11857685500,2569542500,20536227500,35000073800,0,1.7390,2.390000,0.339145,2014-12-18,R_20141223_3.pdf,FRN-2y@11:30,"https://api.fiscaldata.treasury.gov/services/api/fiscal_service/v1/accounting/od/auctions_query?filter=security_type:in:(Note,Bond),auction_date:gte:2009-01-01&page%5Bsize%5D=10000&page%5Bnumber%5D=1&sort=auction_date",fetched,2026-09-30T10:44:13Z
2014-12-24,11:30,2014-12-24T11:30:00-05:00,2014-12-24T16:30:00Z,11:00,NOMINAL,7y,original,False,Note,7-Year,7-Year,No,912828G87,2014-12-31,2021-12-31,29000000000,28990150000,10895485000,1715100000,16379565000,29000009300,0,2.1250,2.390000,0.375834,2014-12-18,R_20141224_1.pdf,,"https://api.fiscaldata.treasury.gov/services/api/fiscal_service/v1/accounting/od/auctions_query?filter=security_type:in:(Note,Bond),auction_date:gte:2009-01-01&page%5Bsize%5D=10000&page%5Bnumber%5D=1&sort=auction_date",fetched,2026-09-30T10:44:13Z
2015-01-12,13:00,2015-01-12T13:00:00-05:00,2015-01-12T18:00:00Z,12:00,NOMINAL,3y,original,False,Note,3-Year,3-Year,No,912828H37,2015-01-15,2018-01-15,24000000000,23948532600,9430532600,3554000000,10964000000,24000082700,0,0.9260,3.330000,0.393783,2015-01-08,R_20150112_3.pdf,,"https://api.fiscaldata.treasury.gov/services/api/fiscal_service/v1/accounting/od/auctions_query?filter=security_type:in:(Note,Bond),auction_date:gte:2009-01-01&page%5Bsize%5D=10000&page%5Bnumber%5D=1&sort=auction_date",fetched,2026-09-30T10:44:13Z
2015-01-13,13:00,2015-01-13T13:00:00-05:00,2015-01-13T18:00:00Z,12:00,NOMINAL,10y,original,False,Note,9-Year 10-Month,10-Year,Yes,912828G38,2015-01-15,2024-11-15,21000000000,20987184200,8561070500,1928739700,10497374000,21000051400,0,1.9300,2.610000,0.407919,2015-01-08,R_20150113_2.pdf,,"https://api.fiscaldata.treasury.gov/services/api/fiscal_service/v1/accounting/od/auctions_query?filter=security_type:in:(Note,Bond),auction_date:gte:2009-01-01&page%5Bsize%5D=10000&page%5Bnumber%5D=1&sort=auction_date",fetched,2026-09-30T10:44:13Z
2015-01-14,13:00,2015-01-14T13:00:00-05:00,2015-01-14T18:00:00Z,12:00,NOMINAL,30y,original,False,Bond,29-Year 10-Month,30-Year,Yes,912810RJ9,2015-01-15,2044-11-15,13000000000,12996689000,4860544700,1779454800,6356689500,13000011900,0,2.4300,2.320000,0.373983,2015-01-08,R_20150114_1.pdf,,"https://api.fiscaldata.treasury.gov/services/api/fiscal_service/v1/accounting/od/auctions_query?filter=security_type:in:(Note,Bond),auction_date:gte:2009-01-01&page%5Bsize%5D=10000&page%5Bnumber%5D=1&sort=auction_date",fetched,2026-09-30T10:44:13Z
2015-01-22,13:00,2015-01-22T13:00:00-05:00,2015-01-22T18:00:00Z,12:00,TIPS,10y,original,False,Note,10-Year,10-Year,No,912828H45,2015-01-30,2025-01-15,15000000000,14953505400,3865602500,1525000000,9562902900,15000007600,0,0.3150,2.390000,0.258508,2015-01-15,R_20150122_1.pdf,,"https://api.fiscaldata.treasury.gov/services/api/fiscal_service/v1/accounting/od/auctions_query?filter=security_type:in:(Note,Bond),auction_date:gte:2009-01-01&page%5Bsize%5D=10000&page%5Bnumber%5D=1&sort=auction_date",fetched,2026-09-30T10:44:13Z
2015-01-28,11:30,2015-01-28T11:30:00-05:00,2015-01-28T16:30:00Z,11:00,FRN,2y,original,False,Note,2-Year,2-Year,No,912828H60,2015-02-02,2017-01-31,15000000000,14989230000,6895530000,1040000000,7053700000,15000260800,0,,3.720000,0.460032,2015-01-22,R_20150128_1.pdf,NOMINAL-2y@13:00,"https://api.fiscaldata.treasury.gov/services/api/fiscal_service/v1/accounting/od/auctions_query?filter=security_type:in:(Note,Bond),auction_date:gte:2009-01-01&page%5Bsize%5D=10000&page%5Bnumber%5D=1&sort=auction_date",fetched,2026-09-30T10:44:13Z
2015-01-28,13:00,2015-01-28T13:00:00-05:00,2015-01-28T18:00:00Z,12:00,NOMINAL,2y,original,False,Note,2-Year,2-Year,No,912828H78,2015-02-02,2017-01-31,26000000000,25733300000,10962000000,2252650000,12518650000,26000071200,0,0.5400,3.740000,0.425985,2015-01-22,R_20150128_2.pdf,FRN-2y@11:30,"https://api.fiscaldata.treasury.gov/services/api/fiscal_service/v1/accounting/od/auctions_query?filter=security_type:in:(Note,Bond),auction_date:gte:2009-01-01&page%5Bsize%5D=10000&page%5Bnumber%5D=1&sort=auction_date",fetched,2026-09-30T10:44:13Z
2015-01-29,11:30,2015-01-29T11:30:00-05:00,2015-01-29T16:30:00Z,11:00,NOMINAL,5y,original,False,Note,5-Year,5-Year,No,912828H52,2015-02-02,2020-01-31,35000000000,34957398500,9594325000,3317000000,22046073500,35000014400,0,1.2880,2.490000,0.274458,2015-01-22,R_20150129_1.pdf,NOMINAL-7y@13:00,"https://api.fiscaldata.treasury.gov/services/api/fiscal_service/v1/accounting/od/auctions_query?filter=security_type:in:(Note,Bond),auction_date:gte:2009-01-01&page%5Bsize%5D=10000&page%5Bnumber%5D=1&sort=auction_date",fetched,2026-09-30T10:44:13Z
2015-01-29,13:00,2015-01-29T13:00:00-05:00,2015-01-29T18:00:00Z,12:00,NOMINAL,7y,original,False,Note,7-Year,7-Year,No,912828H86,2015-02-02,2022-01-31,29000000000,28982457500,8416962500,4315000000,16250495000,29000013800,0,1.5900,2.500000,0.290416,2015-01-22,R_20150129_2.pdf,NOMINAL-5y@11:30,"https://api.fiscaldata.treasury.gov/services/api/fiscal_service/v1/accounting/od/auctions_query?filter=security_type:in:(Note,Bond),auction_date:gte:2009-01-01&page%5Bsize%5D=10000&page%5Bnumber%5D=1&sort=auction_date",fetched,2026-09-30T10:44:13Z
2015-02-10,13:00,2015-02-10T13:00:00-05:00,2015-02-10T18:00:00Z,12:00,NOMINAL,3y,original,False,Note,3-Year,3-Year,No,912828H94,2015-02-17,2018-02-15,24000000000,23838254000,10475220000,1707000000,11656034000,24001113600,905600,1.0500,3.340000,0.439429,2015-02-04,R_20150210_2.pdf,,"https://api.fiscaldata.treasury.gov/services/api/fiscal_service/v1/accounting/od/auctions_query?filter=security_type:in:(Note,Bond),auction_date:gte:2009-01-01&page%5Bsize%5D=10000&page%5Bnumber%5D=1&sort=auction_date",fetched,2026-09-30T10:44:13Z
2015-02-11,13:00,2015-02-11T13:00:00-05:00,2015-02-11T18:00:00Z,12:00,NOMINAL,10y,original,False,Note,10-Year,10-Year,No,912828J27,2015-02-17,2025-02-15,24000000000,23960830000,6658302500,3043407500,14259120000,24000907500,905600,2.0000,2.620000,0.277883,2015-02-04,R_20150211_1.pdf,,"https://api.fiscaldata.treasury.gov/services/api/fiscal_service/v1/accounting/od/auctions_query?filter=security_type:in:(Note,Bond),auction_date:gte:2009-01-01&page%5Bsize%5D=10000&page%5Bnumber%5D=1&sort=auction_date",fetched,2026-09-30T10:44:13Z
2015-02-12,13:00,2015-02-12T13:00:00-05:00,2015-02-12T18:00:00Z,12:00,NOMINAL,30y,original,False,Bond,30-Year,30-Year,No,912810RK6,2015-02-17,2045-02-15,16000000000,15977833000,5615644000,2469172000,7893017000,16000605500,603700,2.5600,2.260000,0.351465,2015-02-04,R_20150212_1.pdf,,"https://api.fiscaldata.treasury.gov/services/api/fiscal_service/v1/accounting/od/auctions_query?filter=security_type:in:(Note,Bond),auction_date:gte:2009-01-01&page%5Bsize%5D=10000&page%5Bnumber%5D=1&sort=auction_date",fetched,2026-09-30T10:44:13Z
2015-02-19,13:00,2015-02-19T13:00:00-05:00,2015-02-19T18:00:00Z,12:00,TIPS,30y,original,False,Bond,30-Year,30-Year,No,912810RL4,2015-02-27,2045-02-15,9000000000,8983111400,2425400000,356000000,6201711400,9000002100,0,0.8420,2.430000,0.269996,2015-02-12,R_20150219_1.pdf,,"https://api.fiscaldata.treasury.gov/services/api/fiscal_service/v1/accounting/od/auctions_query?filter=security_type:in:(Note,Bond),auction_date:gte:2009-01-01&page%5Bsize%5D=10000&page%5Bnumber%5D=1&sort=auction_date",fetched,2026-09-30T10:44:13Z
2015-02-24,13:00,2015-02-24T13:00:00-05:00,2015-02-24T18:00:00Z,12:00,NOMINAL,2y,original,False,Note,2-Year,2-Year,No,912828J35,2015-03-02,2017-02-28,26000000000,25726956400,9908956400,3415000000,12403000000,26000079000,0,0.6030,3.450000,0.385159,2015-02-19,R_20150224_2.pdf,,"https://api.fiscaldata.treasury.gov/services/api/fiscal_service/v1/accounting/od/auctions_query?filter=security_type:in:(Note,Bond),auction_date:gte:2009-01-01&page%5Bsize%5D=10000&page%5Bnumber%5D=1&sort=auction_date",fetched,2026-09-30T10:44:13Z
2015-02-25,11:30,2015-02-25T11:30:00-05:00,2015-02-25T16:30:00Z,11:00,FRN,2y,original,False,Note,1-Year 11-Month,2-Year,Yes,912828H60,2015-02-27,2017-01-31,13000000000,12991038000,6478200000,250000000,6262838000,13000305100,0,,4.280000,0.498667,2015-02-19,R_20150225_1.pdf,NOMINAL-5y@13:00,"https://api.fiscaldata.treasury.gov/services/api/fiscal_service/v1/accounting/od/auctions_query?filter=security_type:in:(Note,Bond),auction_date:gte:2009-01-01&page%5Bsize%5D=10000&page%5Bnumber%5D=1&sort=auction_date",fetched,2026-09-30T10:44:13Z
2015-02-25,13:00,2015-02-25T13:00:00-05:00,2015-02-25T18:00:00Z,12:00,NOMINAL,5y,original,False,Note,5-Year,5-Year,No,912828J50,2015-03-02,2020-02-29,35000000000,34939683000,11329210000,2617554000,20992919000,35000033800,0,1.4800,2.540000,0.324251,2015-02-19,R_20150225_2.pdf,FRN-2y@11:30,"https://api.fiscaldata.treasury.gov/services/api/fiscal_service/v1/accounting/od/auctions_query?filter=security_type:in:(Note,Bond),auction_date:gte:2009-01-01&page%5Bsize%5D=10000&page%5Bnumber%5D=1&sort=auction_date",fetched,2026-09-30T10:44:13Z
2015-02-26,13:00,2015-02-26T13:00:00-05:00,2015-02-26T18:00:00Z,12:00,NOMINAL,7y,original,False,Note,7-Year,7-Year,No,912828J43,2015-03-02,2022-02-28,29000000000,28990292200,10768791200,3054530000,15166971000,29000022400,0,1.8340,2.370000,0.371462,2015-02-19,R_20150226_1.pdf,,"https://api.fiscaldata.treasury.gov/services/api/fiscal_service/v1/accounting/od/auctions_query?filter=security_type:in:(Note,Bond),auction_date:gte:2009-01-01&page%5Bsize%5D=10000&page%5Bnumber%5D=1&sort=auction_date",fetched,2026-09-30T10:44:13Z
2015-03-10,13:00,2015-03-10T13:00:00-04:00,2015-03-10T17:00:00Z,12:00,NOMINAL,3y,original,False,Note,3-Year,3-Year,No,912828J68,2015-03-16,2018-03-15,24000000000,23812015000,9651960000,1915000000,12245055000,24000036900,0,1.1040,3.330000,0.405340,2015-03-05,R_20150310_2.pdf,,"https://api.fiscaldata.treasury.gov/services/api/fiscal_service/v1/accounting/od/auctions_query?filter=security_type:in:(Note,Bond),auction_date:gte:2009-01-01&page%5Bsize%5D=10000&page%5Bnumber%5D=1&sort=auction_date",fetched,2026-09-30T10:44:13Z
2015-03-11,13:00,2015-03-11T13:00:00-04:00,2015-03-11T17:00:00Z,12:00,NOMINAL,10y,original,False,Note,9-Year 11-Month,10-Year,Yes,912828J27,2015-03-16,2025-02-15,21000000000,20977824800,6542770000,2139200000,12295854800,21000075100,0,2.1390,2.650000,0.311890,2015-03-05,R_20150311_1.pdf,,"https://api.fiscaldata.treasury.gov/services/api/fiscal_service/v1/accounting/od/auctions_query?filter=security_type:in:(Note,Bond),auction_date:gte:2009-01-01&page%5Bsize%5D=10000&page%5Bnumber%5D=1&sort=auction_date",fetched,2026-09-30T10:44:13Z
2015-03-12,13:00,2015-03-12T13:00:00-04:00,2015-03-12T17:00:00Z,12:00,NOMINAL,30y,original,False,Bond,29-Year 11-Month,30-Year,Yes,912810RK6,2015-03-16,2045-02-15,13000000000,12988700000,4748500000,1501918500,6738281500,13000001400,0,2.6810,2.180000,0.365587,2015-03-05,R_20150312_1.pdf,,"https://api.fiscaldata.treasury.gov/services/api/fiscal_service/v1/accounting/od/auctions_query?filter=security_type:in:(Note,Bond),auction_date:gte:2009-01-01&page%5Bsize%5D=10000&page%5Bnumber%5D=1&sort=auction_date",fetched,2026-09-30T10:44:13Z
2015-03-19,13:00,2015-03-19T13:00:00-04:00,2015-03-19T17:00:00Z,12:00,TIPS,10y,original,False,Note,9-Year 10-Month,10-Year,Yes,912828H45,2015-03-31,2025-01-15,13000000000,12985266500,3014460000,140000000,9830806500,13000001600,0,0.2000,2.430000,0.232145,2015-03-12,R_20150319_1.pdf,,"https://api.fiscaldata.treasury.gov/services/api/fiscal_service/v1/accounting/od/auctions_query?filter=security_type:in:(Note,Bond),auction_date:gte:2009-01-01&page%5Bsize%5D=10000&page%5Bnumber%5D=1&sort=auction_date",fetched,2026-09-30T10:44:13Z
2015-03-24,13:00,2015-03-24T13:00:00-04:00,2015-03-24T17:00:00Z,12:00,NOMINAL,2y,original,False,Note,2-Year,2-Year,No,912828J92,2015-03-31,2017-03-31,26000000000,25743302500,9265000000,4712822500,11765480000,26000007600,0,0.5980,3.460000,0.359899,2015-03-19,R_20150324_2.pdf,,"https://api.fiscaldata.treasury.gov/services/api/fiscal_service/v1/accounting/od/auctions_query?filter=security_type:in:(Note,Bond),auction_date:gte:2009-01-01&page%5Bsize%5D=10000&page%5Bnumber%5D=1&sort=auction_date",fetched,2026-09-30T10:44:13Z
2015-03-25,11:30,2015-03-25T11:30:00-04:00,2015-03-25T15:30:00Z,11:00,FRN,2y,original,False,Note,1-Year 10-Month,2-Year,Yes,912828H60,2015-03-27,2017-01-31,13000000000,12994614500,3180585000,0,9814029500,13000215000,0,,4.340000,0.244762,2015-03-19,R_20150325_1.pdf,NOMINAL-5y@13:00,"https://api.fiscaldata.treasury.gov/services/api/fiscal_service/v1/accounting/od/auctions_query?filter=security_type:in:(Note,Bond),auction_date:gte:2009-01-01&page%5Bsize%5D=10000&page%5Bnumber%5D=1&sort=auction_date",fetched,2026-09-30T10:44:13Z
2015-03-25,13:00,2015-03-25T13:00:00-04:00,2015-03-25T17:00:00Z,12:00,NOMINAL,5y,original,False,Note,5-Year,5-Year,No,912828J84,2015-03-31,2020-03-31,35000000000,34864745000,13801845000,1647000000,19415900000,35000032500,0,1.3870,2.350000,0.395868,2015-03-19,R_20150325_2.pdf,FRN-2y@11:30,"https://api.fiscaldata.treasury.gov/services/api/fiscal_service/v1/accounting/od/auctions_query?filter=security_type:in:(Note,Bond),auction_date:gte:2009-01-01&page%5Bsize%5D=10000&page%5Bnumber%5D=1&sort=auction_date",fetched,2026-09-30T10:44:13Z
2015-03-26,13:00,2015-03-26T13:00:00-04:00,2015-03-26T17:00:00Z,12:00,NOMINAL,7y,original,False,Note,7-Year,7-Year,No,912828J76,2015-03-31,2022-03-31,29000000000,28987122000,10780324000,3564000000,14642798000,29000002000,0,1.7920,2.320000,0.371900,2015-03-19,R_20150326_1.pdf,,"https://api.fiscaldata.treasury.gov/services/api/fiscal_service/v1/accounting/od/auctions_query?filter=security_type:in:(Note,Bond),auction_date:gte:2009-01-01&page%5Bsize%5D=10000&page%5Bnumber%5D=1&sort=auction_date",fetched,2026-09-30T10:44:13Z
2015-04-07,13:00,2015-04-07T13:00:00-04:00,2015-04-07T17:00:00Z,12:00,NOMINAL,3y,original,False,Note,3-Year,3-Year,No,912828K25,2015-04-15,2018-04-15,24000000000,23787644000,9399360000,2632000000,11756284000,24000006600,0,0.8650,3.250000,0.395136,2015-04-02,R_20150407_2.pdf,,"https://api.fiscaldata.treasury.gov/services/api/fiscal_service/v1/accounting/od/auctions_query?filter=security_type:in:(Note,Bond),auction_date:gte:2009-01-01&page%5Bsize%5D=10000&page%5Bnumber%5D=1&sort=auction_date",fetched,2026-09-30T10:44:13Z
2015-04-08,13:00,2015-04-08T13:00:00-04:00,2015-04-08T17:00:00Z,12:00,NOMINAL,10y,original,False,Note,9-Year 10-Month,10-Year,Yes,912828J27,2015-04-15,2025-02-15,21000000000,20987829000,6767432000,1951567000,12268830000,21000013500,0,1.9250,2.620000,0.322446,2015-04-02,R_20150408_1.pdf,,"https://api.fiscaldata.treasury.gov/services/api/fiscal_service/v1/accounting/od/auctions_query?filter=security_type:in:(Note,Bond),auction_date:gte:2009-01-01&page%5Bsize%5D=10000&page%5Bnumber%5D=1&sort=auction_date",fetched,2026-09-30T10:44:13Z
2015-04-09,13:00,2015-04-09T13:00:00-04:00,2015-04-09T17:00:00Z,12:00,NOMINAL,30y,original,False,Bond,29-Year 10-Month,30-Year,Yes,912810RK6,2015-04-15,2045-02-15,13000000000,12991787000,5426360000,906000000,6659427000,13000012600,0,2.5970,2.180000,0.417676,2015-04-02,R_20150409_1.pdf,,"https://api.fiscaldata.treasury.gov/services/api/fiscal_service/v1/accounting/od/auctions_query?filter=security_type:in:(Note,Bond),auction_date:gte:2009-01-01&page%5Bsize%5D=10000&page%5Bnumber%5D=1&sort=auction_date",fetched,2026-09-30T10:44:13Z
2015-04-23,13:00,2015-04-23T13:00:00-04:00,2015-04-23T17:00:00Z,12:00,TIPS,5y,original,False,Note,5-Year,5-Year,No,912828K33,2015-04-30,2020-04-15,18000000000,17952433000,5791115000,1125000000,11036318000,18065862900,65844800,-0.3350,2.270000,0.322581,2015-04-16,R_20150423_1.pdf,,"https://api.fiscaldata.treasury.gov/services/api/fiscal_service/v1/accounting/od/auctions_query?filter=security_type:in:(Note,Bond),auction_date:gte:2009-01-01&page%5Bsize%5D=10000&page%5Bnumber%5D=1&sort=auction_date",fetched,2026-09-30T10:44:13Z
2015-04-27,13:00,2015-04-27T13:00:00-04:00,2015-04-27T17:00:00Z,12:00,NOMINAL,2y,original,False,Note,2-Year,2-Year,No,912828K66,2015-04-30,2017-04-30,26000000000,25733048200,12171898200,3759000000,9802150000,26095183100,95109300,0.5400,3.300000,0.473006,2015-04-23,R_20150427_3.pdf,,"https://api.fiscaldata.treasury.gov/services/api/fiscal_service/v1/accounting/od/auctions_query?filter=security_type:in:(Note,Bond),auction_date:gte:2009-01-01&page%5Bsize%5D=10000&page%5Bnumber%5D=1&sort=auction_date",fetched,2026-09-30T10:44:13Z
2015-04-28,13:00,2015-04-28T13:00:00-04:00,2015-04-28T17:00:00Z,12:00,NOMINAL,5y,original,False,Note,5-Year,5-Year,No,912828K58,2015-04-30,2020-04-30,35000000000,34964631500,11617699500,1949000000,21397932000,35128097400,128031700,1.3800,2.560000,0.332270,2015-04-23,R_20150428_3.pdf,,"https://api.fiscaldata.treasury.gov/services/api/fiscal_service/v1/accounting/od/auctions_query?filter=security_type:in:(Note,Bond),auction_date:gte:2009-01-01&page%5Bsize%5D=10000&page%5Bnumber%5D=1&sort=auction_date",fetched,2026-09-30T10:44:13Z
2015-04-29,11:30,2015-04-29T11:30:00-04:00,2015-04-29T15:30:00Z,11:00,FRN,2y,original,False,Note,2-Year,2-Year,No,912828K41,2015-04-30,2017-04-30,15000000000,14987645000,5526175000,63490000,9397980000,15054921400,54870800,,3.810000,0.368715,2015-04-23,R_20150429_1.pdf,NOMINAL-7y@13:00,"https://api.fiscaldata.treasury.gov/services/api/fiscal_service/v1/accounting/od/auctions_query?filter=security_type:in:(Note,Bond),auction_date:gte:2009-01-01&page%5Bsize%5D=10000&page%5Bnumber%5D=1&sort=auction_date",fetched,2026-09-30T10:44:13Z
2015-04-29,13:00,2015-04-29T13:00:00-04:00,2015-04-29T17:00:00Z,12:00,NOMINAL,7y,original,False,Note,7-Year,7-Year,No,912828WZ9,2015-04-30,2022-04-30,29000000000,28982414000,9578390000,3721000000,15683024000,29106083700,106083400,1.8200,2.440000,0.330490,2015-04-23,R_20150429_2.pdf,FRN-2y@11:30,"https://api.fiscaldata.treasury.gov/services/api/fiscal_service/v1/accounting/od/auctions_query?filter=security_type:in:(Note,Bond),auction_date:gte:2009-01-01&page%5Bsize%5D=10000&page%5Bnumber%5D=1&sort=auction_date",fetched,2026-09-30T10:44:13Z
2015-05-12,13:00,2015-05-12T13:00:00-04:00,2015-05-12T17:00:00Z,12:00,NOMINAL,3y,original,False,Note,3-Year,3-Year,No,912828XA3,2015-05-15,2018-05-15,24000000000,23779044500,8488042000,2759202500,12531800000,24542959600,542818700,1.0000,3.340000,0.356955,2015-05-06,R_20150512_2.pdf,,"https://api.fiscaldata.treasury.gov/services/api/fiscal_service/v1/accounting/od/auctions_query?filter=security_type:in:(Note,Bond),auction_date:gte:2009-01-01&page%5Bsize%5D=10000&page%5Bnumber%5D=1&sort=auction_date",fetched,2026-09-30T10:44:13Z
2015-05-13,13:00,2015-05-13T13:00:00-04:00,2015-05-13T17:00:00Z,12:00,NOMINAL,10y,original,False,Note,10-Year,10-Year,No,912828XB1,2015-05-15,2025-05-15,24000000000,23950105000,4535000000,5004000000,14411105000,24543188500,542818600,2.2370,2.720000,0.189352,2015-05-06,R_20150513_1.pdf,,"https://api.fiscaldata.treasury.gov/services/api/fiscal_service/v1/accounting/od/auctions_query?filter=security_type:in:(Note,Bond),auction_date:gte:2009-01-01&page%5Bsize%5D=10000&page%5Bnumber%5D=1&sort=auction_date",fetched,2026-09-30T10:44:13Z
2015-05-14,13:00,2015-05-14T13:00:00-04:00,2015-05-14T17:00:00Z,12:00,NOMINAL,30y,original,False,Bond,30-Year,30-Year,No,912810RM2,2015-05-15,2045-05-15,16000000000,15980095000,6079270000,1780000000,8120825000,16361897800,361879100,3.0440,2.200000,0.380428,2015-05-06,R_20150514_1.pdf,,"https://api.fiscaldata.treasury.gov/services/api/fiscal_service/v1/accounting/od/auctions_query?filter=security_type:in:(Note,Bond),auction_date:gte:2009-01-01&page%5Bsize%5D=10000&page%5Bnumber%5D=1&sort=auction_date",fetched,2026-09-30T10:44:13Z
2015-05-21,13:00,2015-05-21T13:00:00-04:00,2015-05-21T17:00:00Z,12:00,TIPS,10y,original,False,Note,9-Year 8-Month,10-Year,Yes,912828H45,2015-05-29,2025-01-15,13000000000,12967200000,3676575000,590000000,8700625000,13000004200,0,0.3580,2.330000,0.283529,2015-05-14,R_20150521_1.pdf,,"https://api.fiscaldata.treasury.gov/services/api/fiscal_service/v1/accounting/od/auctions_query?filter=security_type:in:(Note,Bond),auction_date:gte:2009-01-01&page%5Bsize%5D=10000&page%5Bnumber%5D=1&sort=auction_date",fetched,2026-09-30T10:44:13Z
2015-05-26,13:00,2015-05-26T13:00:00-04:00,2015-05-26T17:00:00Z,12:00,NOMINAL,2y,as_auctioned,False,Note,2-Year,5-Year,Yes,912828SY7,2015-06-01,2017-05-31,26000000000,25768857500,10434975000,4441537500,10892345000,26000062700,0,0.6480,3.400000,0.404945,2015-05-21,R_20150526_3.pdf,,"https://api.fiscaldata.treasury.gov/services/api/fiscal_service/v1/accounting/od/auctions_query?filter=security_type:in:(Note,Bond),auction_date:gte:2009-01-01&page%5Bsize%5D=10000&page%5Bnumber%5D=1&sort=auction_date",fetched,2026-09-30T10:44:13Z
2015-05-27,13:00,2015-05-27T13:00:00-04:00,2015-05-27T17:00:00Z,12:00,NOMINAL,5y,original,False,Note,5-Year,5-Year,No,912828XE5,2015-06-01,2020-05-31,35000000000,34846340000,10996920000,3471000000,20378420000,35000026300,0,1.5600,2.460000,0.315583,2015-05-21,R_20150527_3.pdf,,"https://api.fiscaldata.treasury.gov/services/api/fiscal_service/v1/accounting/od/auctions_query?filter=security_type:in:(Note,Bond),auction_date:gte:2009-01-01&page%5Bsize%5D=10000&page%5Bnumber%5D=1&sort=auction_date",fetched,2026-09-30T10:44:13Z
2015-05-28,11:30,2015-05-28T11:30:00-04:00,2015-05-28T15:30:00Z,11:00,FRN,2y,original,False,Note,1-Year 11-Month,2-Year,Yes,912828K41,2015-05-29,2017-04-30,13000000000,12998280000,6298180000,300000000,6400100000,13000020800,0,,4.010000,0.484539,2015-05-21,R_20150528_1.pdf,NOMINAL-7y@13:00,"https://api.fiscaldata.treasury.gov/services/api/fiscal_service/v1/accounting/od/auctions_query?filter=security_type:in:(Note,Bond),auction_date:gte:2009-01-01&page%5Bsize%5D=10000&page%5Bnumber%5D=1&sort=auction_date",fetched,2026-09-30T10:44:13Z
2015-05-28,13:00,2015-05-28T13:00:00-04:00,2015-05-28T17:00:00Z,12:00,NOMINAL,7y,original,False,Note,7-Year,7-Year,No,912828XD7,2015-06-01,2022-05-31,29000000000,28985144500,9908455000,3475374500,15601315000,29000021100,0,1.8880,2.490000,0.341846,2015-05-21,R_20150528_2.pdf,FRN-2y@11:30,"https://api.fiscaldata.treasury.gov/services/api/fiscal_service/v1/accounting/od/auctions_query?filter=security_type:in:(Note,Bond),auction_date:gte:2009-01-01&page%5Bsize%5D=10000&page%5Bnumber%5D=1&sort=auction_date",fetched,2026-09-30T10:44:13Z
2015-06-09,13:00,2015-06-09T13:00:00-04:00,2015-06-09T17:00:00Z,12:00,NOMINAL,3y,original,False,Note,3-Year,3-Year,No,912828XF2,2015-06-15,2018-06-15,24000000000,23707395000,9395900000,2291535000,12019960000,24000180400,0,1.1250,3.330000,0.396328,2015-06-04,R_20150609_2.pdf,,"https://api.fiscaldata.treasury.gov/services/api/fiscal_service/v1/accounting/od/auctions_query?filter=security_type:in:(Note,Bond),auction_date:gte:2009-01-01&page%5Bsize%5D=10000&page%5Bnumber%5D=1&sort=auction_date",fetched,2026-09-30T10:44:13Z
2015-06-10,13:00,2015-06-10T13:00:00-04:00,2015-06-10T17:00:00Z,12:00,NOMINAL,10y,original,False,Note,9-Year 11-Month,10-Year,Yes,912828XB1,2015-06-15,2025-05-15,21000000000,20976310000,6285790000,2548000000,12142520000,21000013200,0,2.4610,2.740000,0.299661,2015-06-04,R_20150610_1.pdf,,"https://api.fiscaldata.treasury.gov/services/api/fiscal_service/v1/accounting/od/auctions_query?filter=security_type:in:(Note,Bond),auction_date:gte:2009-01-01&page%5Bsize%5D=10000&page%5Bnumber%5D=1&sort=auction_date",fetched,2026-09-30T10:44:13Z
2015-06-11,13:00,2015-06-11T13:00:00-04:00,2015-06-11T17:00:00Z,12:00,NOMINAL,30y,original,False,Bond,29-Year 11-Month,30-Year,Yes,912810RM2,2015-06-15,2045-05-15,13000000000,12990127000,4364485000,1870280000,6755362000,13000060100,0,3.1380,2.540000,0.335985,2015-06-04,R_20150611_1.pdf,,"https://api.fiscaldata.treasury.gov/services/api/fiscal_service/v1/accounting/od/auctions_query?filter=security_type:in:(Note,Bond),auction_date:gte:2009-01-01&page%5Bsize%5D=10000&page%5Bnumber%5D=1&sort=auction_date",fetched,2026-09-30T10:44:13Z
2015-06-18,13:00,2015-06-18T13:00:00-04:00,2015-06-18T17:00:00Z,12:00,TIPS,30y,original,False,Bond,29-Year 8-Month,30-Year,Yes,912810RL4,2015-06-30,2045-02-15,7000000000,6990315000,1740060000,300000000,4950255000,7000002700,0,1.1420,2.450000,0.248924,2015-06-11,R_20150618_1.pdf,,"https://api.fiscaldata.treasury.gov/services/api/fiscal_service/v1/accounting/od/auctions_query?filter=security_type:in:(Note,Bond),auction_date:gte:2009-01-01&page%5Bsize%5D=10000&page%5Bnumber%5D=1&sort=auction_date",fetched,2026-09-30T10:44:13Z
2015-06-23,13:00,2015-06-23T13:00:00-04:00,2015-06-23T17:00:00Z,12:00,NOMINAL,2y,original,False,Note,2-Year,2-Year,No,912828XJ4,2015-06-30,2017-06-30,26000000000,25758660000,9593530000,2613510000,13551620000,26000006500,0,0.6920,3.280000,0.372439,2015-06-18,R_20150623_3.pdf,,"https://api.fiscaldata.treasury.gov/services/api/fiscal_service/v1/accounting/od/auctions_query?filter=security_type:in:(Note,Bond),auction_date:gte:2009-01-01&page%5Bsize%5D=10000&page%5Bnumber%5D=1&sort=auction_date",fetched,2026-09-30T10:44:13Z
2015-06-24,11:30,2015-06-24T11:30:00-04:00,2015-06-24T15:30:00Z,11:00,FRN,2y,original,False,Note,1-Year 10-Month,2-Year,Yes,912828K41,2015-06-26,2017-04-30,13000000000,12994300000,5516840000,151460000,7326000000,13000004700,0,,3.740000,0.424558,2015-06-18,R_20150624_1.pdf,NOMINAL-5y@13:00,"https://api.fiscaldata.treasury.gov/services/api/fiscal_service/v1/accounting/od/auctions_query?filter=security_type:in:(Note,Bond),auction_date:gte:2009-01-01&page%5Bsize%5D=10000&page%5Bnumber%5D=1&sort=auction_date",fetched,2026-09-30T10:44:13Z
2015-06-24,13:00,2015-06-24T13:00:00-04:00,2015-06-24T17:00:00Z,12:00,NOMINAL,5y,original,False,Note,5-Year,5-Year,No,912828XH8,2015-06-30,2020-06-30,35000000000,34846722000,13195585000,1937310000,19713827000,35000141000,0,1.7100,2.390000,0.378675,2015-06-18,R_20150624_2.pdf,FRN-2y@11:30,"https://api.fiscaldata.treasury.gov/services/api/fiscal_service/v1/accounting/od/auctions_query?filter=security_type:in:(Note,Bond),auction_date:gte:2009-01-01&page%5Bsize%5D=10000&page%5Bnumber%5D=1&sort=auction_date",fetched,2026-09-30T10:44:13Z
2015-06-25,13:00,2015-06-25T13:00:00-04:00,2015-06-25T17:00:00Z,12:00,NOMINAL,7y,original,False,Note,7-Year,7-Year,No,912828XG0,2015-06-30,2022-06-30,29000000000,28985640000,9120434000,3447000000,16418206000,29000014000,0,2.1530,2.380000,0.314654,2015-06-18,R_20150625_1.pdf,,"https://api.fiscaldata.treasury.gov/services/api/fiscal_service/v1/accounting/od/auctions_query?filter=security_type:in:(Note,Bond),auction_date:gte:2009-01-01&page%5Bsize%5D=10000&page%5Bnumber%5D=1&sort=auction_date",fetched,2026-09-30T10:44:13Z
2015-07-07,13:00,2015-07-07T13:00:00-04:00,2015-07-07T17:00:00Z,12:00,NOMINAL,3y,original,False,Note,3-Year,3-Year,No,912828XK1,2015-07-15,2018-07-15,24000000000,23860550000,9157030000,3313000000,11390520000,24000026200,0,0.9320,3.160000,0.383773,2015-07-02,R_20150707_2.pdf,,"https://api.fiscaldata.treasury.gov/services/api/fiscal_service/v1/accounting/od/auctions_query?filter=security_type:in:(Note,Bond),auction_date:gte:2009-01-01&page%5Bsize%5D=10000&page%5Bnumber%5D=1&sort=auction_date",fetched,2026-09-30T10:44:13Z
2015-07-08,13:00,2015-07-08T13:00:00-04:00,2015-07-08T17:00:00Z,12:00,NOMINAL,10y,original,False,Note,9-Year 10-Month,10-Year,Yes,912828XB1,2015-07-15,2025-05-15,21000000000,20962212500,6245625000,2533000000,12183587500,21000007000,0,2.2250,2.720000,0.297947,2015-07-02,R_20150708_1.pdf,,"https://api.fiscaldata.treasury.gov/services/api/fiscal_service/v1/accounting/od/auctions_query?filter=security_type:in:(Note,Bond),auction_date:gte:2009-01-01&page%5Bsize%5D=10000&page%5Bnumber%5D=1&sort=auction_date",fetched,2026-09-30T10:44:13Z
2015-07-09,13:00,2015-07-09T13:00:00-04:00,2015-07-09T17:00:00Z,12:00,NOMINAL,30y,original,False,Bond,29-Year 10-Month,30-Year,Yes,912810RM2,2015-07-15,2045-05-15,13000000000,12990135000,5300000000,1055000000,6635135000,13000001200,0,3.0840,2.230000,0.408002,2015-07-02,R_20150709_1.pdf,,"https://api.fiscaldata.treasury.gov/services/api/fiscal_service/v1/accounting/od/auctions_query?filter=security_type:in:(Note,Bond),auction_date:gte:2009-01-01&page%5Bsize%5D=10000&page%5Bnumber%5D=1&sort=auction_date",fetched,2026-09-30T10:44:13Z
2015-07-23,13:00,2015-07-23T13:00:00-04:00,2015-07-23T17:00:00Z,12:00,TIPS,10y,original,False,Note,10-Year,10-Year,No,912828XL9,2015-07-31,2025-07-15,15000000000,14971510000,4045355000,1220000000,9706155000,15000006900,0,0.4910,2.310000,0.270204,2015-07-16,R_20150723_1.pdf,,"https://api.fiscaldata.treasury.gov/services/api/fiscal_service/v1/accounting/od/auctions_query?filter=security_type:in:(Note,Bond),auction_date:gte:2009-01-01&page%5Bsize%5D=10000&page%5Bnumber%5D=1&sort=auction_date",fetched,2026-09-30T10:44:13Z
2015-07-28,13:00,2015-07-28T13:00:00-04:00,2015-07-28T17:00:00Z,12:00,NOMINAL,2y,original,False,Note,2-Year,2-Year,No,912828XP0,2015-07-31,2017-07-31,26000000000,25731815000,7141355000,4600955000,13989505000,26000064100,0,0.6900,3.420000,0.277530,2015-07-23,R_20150728_2.pdf,,"https://api.fiscaldata.treasury.gov/services/api/fiscal_service/v1/accounting/od/auctions_query?filter=security_type:in:(Note,Bond),auction_date:gte:2009-01-01&page%5Bsize%5D=10000&page%5Bnumber%5D=1&sort=auction_date",fetched,2026-09-30T10:44:13Z
2015-07-29,11:30,2015-07-29T11:30:00-04:00,2015-07-29T15:30:00Z,11:00,FRN,2y,original,False,Note,2-Year,2-Year,No,912828XN5,2015-07-31,2017-07-31,15000000000,14992189000,6758690000,250000000,7983499000,15000124900,0,,3.930000,0.450814,2015-07-23,R_20150729_1.pdf,NOMINAL-5y@13:00,"https://api.fiscaldata.treasury.gov/services/api/fiscal_service/v1/accounting/od/auctions_query?filter=security_type:in:(Note,Bond),auction_date:gte:2009-01-01&page%5Bsize%5D=10000&page%5Bnumber%5D=1&sort=auction_date",fetched,2026-09-30T10:44:13Z
2015-07-29,13:00,2015-07-29T13:00:00-04:00,2015-07-29T17:00:00Z,12:00,NOMINAL,5y,original,False,Note,5-Year,5-Year,No,912828XM7,2015-07-31,2020-07-31,35000000000,34855273000,9484980000,1847980000,23522313000,35000016700,0,1.6250,2.580000,0.272125,2015-07-23,R_20150729_2.pdf,FRN-2y@11:30,"https://api.fiscaldata.treasury.gov/services/api/fiscal_service/v1/accounting/od/auctions_query?filter=security_type:in:(Note,Bond),auction_date:gte:2009-01-01&page%5Bsize%5D=10000&page%5Bnumber%5D=1&sort=auction_date",fetched,2026-09-30T10:44:13Z
2015-07-30,13:00,2015-07-30T13:00:00-04:00,2015-07-30T17:00:00Z,12:00,NOMINAL,7y,original,False,Note,7-Year,7-Year,No,912828XQ8,2015-07-31,2022-07-31,29000000000,28986811300,11259837500,3480000000,14246973800,29000008600,0,2.0210,2.470000,0.388447,2015-07-23,R_20150730_1.pdf,,"https://api.fiscaldata.treasury.gov/services/api/fiscal_service/v1/accounting/od/auctions_query?filter=security_type:in:(Note,Bond),auction_date:gte:2009-01-01&page%5Bsize%5D=10000&page%5Bnumber%5D=1&sort=auction_date",fetched,2026-09-30T10:44:13Z
2015-08-11,13:00,2015-08-11T13:00:00-04:00,2015-08-11T17:00:00Z,12:00,NOMINAL,3y,original,False,Note,3-Year,3-Year,No,912828K82,2015-08-17,2018-08-15,24000000000,23834489000,9303565000,1944823000,12586101000,24482463700,482460400,1.0130,3.340000,0.390340,2015-08-05,R_20150811_3.pdf,,"https://api.fiscaldata.treasury.gov/services/api/fiscal_service/v1/accounting/od/auctions_query?filter=security_type:in:(Note,Bond),auction_date:gte:2009-01-01&page%5Bsize%5D=10000&page%5Bnumber%5D=1&sort=auction_date",fetched,2026-09-30T10:44:13Z
2015-08-12,13:00,2015-08-12T13:00:00-04:00,2015-08-12T17:00:00Z,12:00,NOMINAL,10y,original,False,Note,10-Year,10-Year,No,912828K74,2015-08-17,2025-08-15,24000000000,23964984000,8159184000,1394000000,14411800000,24482477000,482460400,2.1150,2.400000,0.340463,2015-08-05,R_20150812_1.pdf,,"https://api.fiscaldata.treasury.gov/services/api/fiscal_service/v1/accounting/od/auctions_query?filter=security_type:in:(Note,Bond),auction_date:gte:2009-01-01&page%5Bsize%5D=10000&page%5Bnumber%5D=1&sort=auction_date",fetched,2026-09-30T10:44:13Z
2015-08-13,13:00,2015-08-13T13:00:00-04:00,2015-08-13T17:00:00Z,12:00,NOMINAL,30y,original,False,Bond,30-Year,30-Year,No,912810RN0,2015-08-17,2045-08-15,16000000000,15991233000,6107735000,1587000000,8296498000,16321647800,321640200,2.8800,2.260000,0.381943,2015-08-05,R_20150813_1.pdf,,"https://api.fiscaldata.treasury.gov/services/api/fiscal_service/v1/accounting/od/auctions_query?filter=security_type:in:(Note,Bond),auction_date:gte:2009-01-01&page%5Bsize%5D=10000&page%5Bnumber%5D=1&sort=auction_date",fetched,2026-09-30T10:44:13Z
2015-08-20,13:00,2015-08-20T13:00:00-04:00,2015-08-20T17:00:00Z,12:00,TIPS,5y,original,False,Note,4-Year 8-Month,5-Year,Yes,912828K33,2015-08-31,2020-04-15,16000000000,15975547500,3691922500,85000000,12198625000,16000001300,0,0.3050,2.580000,0.231098,2015-08-13,R_20150820_1.pdf,,"https://api.fiscaldata.treasury.gov/services/api/fiscal_service/v1/accounting/od/auctions_query?filter=security_type:in:(Note,Bond),auction_date:gte:2009-01-01&page%5Bsize%5D=10000&page%5Bnumber%5D=1&sort=auction_date",fetched,2026-09-30T10:44:13Z
2015-08-25,13:00,2015-08-25T13:00:00-04:00,2015-08-25T17:00:00Z,12:00,NOMINAL,2y,as_auctioned,False,Note,2-Year,5-Year,Yes,912828TM2,2015-08-31,2017-08-31,26000000000,25762078400,10983958000,2646765000,12131355400,26000118800,0,0.6630,3.160000,0.426361,2015-08-20,R_20150825_2.pdf,,"https://api.fiscaldata.treasury.gov/services/api/fiscal_service/v1/accounting/od/auctions_query?filter=security_type:in:(Note,Bond),auction_date:gte:2009-01-01&page%5Bsize%5D=10000&page%5Bnumber%5D=1&sort=auction_date",fetched,2026-09-30T10:44:13Z
2015-08-26,11:30,2015-08-26T11:30:00-04:00,2015-08-26T15:30:00Z,11:00,FRN,2y,original,False,Note,1-Year 11-Month,2-Year,Yes,912828XN5,2015-08-28,2017-07-31,13000000000,12997240000,7337240000,0,5660000000,13000085700,0,,3.500000,0.564523,2015-08-20,R_20150826_1.pdf,NOMINAL-5y@13:00,"https://api.fiscaldata.treasury.gov/services/api/fiscal_service/v1/accounting/od/auctions_query?filter=security_type:in:(Note,Bond),auction_date:gte:2009-01-01&page%5Bsize%5D=10000&page%5Bnumber%5D=1&sort=auction_date",fetched,2026-09-30T10:44:13Z
2015-08-26,13:00,2015-08-26T13:00:00-04:00,2015-08-26T17:00:00Z,12:00,NOMINAL,5y,original,False,Note,5-Year,5-Year,No,912828L32,2015-08-31,2020-08-31,35000000000,34963820000,14853540000,2606000000,17504280000,35000013600,0,1.4630,2.340000,0.424826,2015-08-20,R_20150826_2.pdf,FRN-2y@11:30,"https://api.fiscaldata.treasury.gov/services/api/fiscal_service/v1/accounting/od/auctions_query?filter=security_type:in:(Note,Bond),auction_date:gte:2009-01-01&page%5Bsize%5D=10000&page%5Bnumber%5D=1&sort=auction_date",fetched,2026-09-30T10:44:13Z
2015-08-27,13:00,2015-08-27T13:00:00-04:00,2015-08-27T17:00:00Z,12:00,NOMINAL,7y,original,False,Note,7-Year,7-Year,No,912828L24,2015-08-31,2022-08-31,29000000000,28985391800,10146100000,4102455000,14736836800,29000002200,0,1.9300,2.530000,0.350042,2015-08-20,R_20150827_1.pdf,,"https://api.fiscaldata.treasury.gov/services/api/fiscal_service/v1/accounting/od/auctions_query?filter=security_type:in:(Note,Bond),auction_date:gte:2009-01-01&page%5Bsize%5D=10000&page%5Bnumber%5D=1&sort=auction_date",fetched,2026-09-30T10:44:13Z
2015-09-08,13:00,2015-09-08T13:00:00-04:00,2015-09-08T17:00:00Z,12:00,NOMINAL,3y,original,False,Note,3-Year,3-Year,No,912828L40,2015-09-15,2018-09-15,24000000000,23960270000,9828385000,1906000000,12225885000,24000053300,0,1.0560,3.230000,0.410195,2015-09-03,R_20150908_3.pdf,,"https://api.fiscaldata.treasury.gov/services/api/fiscal_service/v1/accounting/od/auctions_query?filter=security_type:in:(Note,Bond),auction_date:gte:2009-01-01&page%5Bsize%5D=10000&page%5Bnumber%5D=1&sort=auction_date",fetched,2026-09-30T10:44:13Z
2015-09-09,13:00,2015-09-09T13:00:00-04:00,2015-09-09T17:00:00Z,12:00,NOMINAL,10y,original,False,Note,9-Year 11-Month,10-Year,Yes,912828K74,2015-09-15,2025-08-15,21000000000,20991158000,6014440000,2896998000,12079720000,21000032900,0,2.2350,2.700000,0.286523,2015-09-03,R_20150909_3.pdf,,"https://api.fiscaldata.treasury.gov/services/api/fiscal_service/v1/accounting/od/auctions_query?filter=security_type:in:(Note,Bond),auction_date:gte:2009-01-01&page%5Bsize%5D=10000&page%5Bnumber%5D=1&sort=auction_date",fetched,2026-09-30T10:44:13Z
2015-09-10,13:00,2015-09-10T13:00:00-04:00,2015-09-10T17:00:00Z,12:00,NOMINAL,30y,original,False,Bond,29-Year 11-Month,30-Year,Yes,912810RN0,2015-09-15,2045-08-15,13000000000,12986627000,3450632000,961000000,8574995000,13000049000,0,2.9800,2.540000,0.265707,2015-09-03,R_20150910_1.pdf,,"https://api.fiscaldata.treasury.gov/services/api/fiscal_service/v1/accounting/od/auctions_query?filter=security_type:in:(Note,Bond),auction_date:gte:2009-01-01&page%5Bsize%5D=10000&page%5Bnumber%5D=1&sort=auction_date",fetched,2026-09-30T10:44:13Z
2015-09-18,11:30,2015-09-18T11:30:00-04:00,2015-09-18T15:30:00Z,11:00,TIPS,10y,original,False,Note,9-Year 10-Month,10-Year,Yes,912828XL9,2015-09-30,2025-07-15,13000000000,12987951500,3371755000,98000000,9518196500,13000012300,0,0.6000,2.360000,0.259606,2015-09-10,R_20150918_1.pdf,,"https://api.fiscaldata.treasury.gov/services/api/fiscal_service/v1/accounting/od/auctions_query?filter=security_type:in:(Note,Bond),auction_date:gte:2009-01-01&page%5Bsize%5D=10000&page%5Bnumber%5D=1&sort=auction_date",fetched,2026-09-30T10:44:13Z
2015-09-22,13:00,2015-09-22T13:00:00-04:00,2015-09-22T17:00:00Z,12:00,NOMINAL,2y,as_auctioned,False,Note,2-Year,5-Year,Yes,912828TS9,2015-09-30,2017-09-30,26000000000,25857186400,11241500000,3441000000,11174686400,26000049500,0,0.6990,3.270000,0.434753,2015-09-17,R_20150922_2.pdf,,"https://api.fiscaldata.treasury.gov/services/api/fiscal_service/v1/accounting/od/auctions_query?filter=security_type:in:(Note,Bond),auction_date:gte:2009-01-01&page%5Bsize%5D=10000&page%5Bnumber%5D=1&sort=auction_date",fetched,2026-09-30T10:44:13Z
2015-09-23,11:30,2015-09-23T11:30:00-04:00,2015-09-23T15:30:00Z,11:00,FRN,2y,original,False,Note,1-Year 10-Month,2-Year,Yes,912828XN5,2015-09-25,2017-07-31,13000000000,12991822500,9779982500,351840000,2860000000,13000063900,0,,2.870000,0.752780,2015-09-17,R_20150923_1.pdf,NOMINAL-5y@13:00,"https://api.fiscaldata.treasury.gov/services/api/fiscal_service/v1/accounting/od/auctions_query?filter=security_type:in:(Note,Bond),auction_date:gte:2009-01-01&page%5Bsize%5D=10000&page%5Bnumber%5D=1&sort=auction_date",fetched,2026-09-30T10:44:13Z
2015-09-23,13:00,2015-09-23T13:00:00-04:00,2015-09-23T17:00:00Z,12:00,NOMINAL,5y,original,False,Note,5-Year,5-Year,No,912828L65,2015-09-30,2020-09-30,35000000000,34965484800,11020000000,1755000000,22190484800,35000000900,0,1.4670,2.570000,0.315168,2015-09-17,R_20150923_2.pdf,FRN-2y@11:30,"https://api.fiscaldata.treasury.gov/services/api/fiscal_service/v1/accounting/od/auctions_query?filter=security_type:in:(Note,Bond),auction_date:gte:2009-01-01&page%5Bsize%5D=10000&page%5Bnumber%5D=1&sort=auction_date",fetched,2026-09-30T10:44:13Z
2015-09-24,13:00,2015-09-24T13:00:00-04:00,2015-09-24T17:00:00Z,12:00,NOMINAL,7y,original,False,Note,7-Year,7-Year,No,912828L57,2015-09-30,2022-09-30,29000000000,28983895600,8267000000,2577000000,18139895600,29000000800,0,1.8130,2.510000,0.285227,2015-09-17,R_20150924_1.pdf,,"https://api.fiscaldata.treasury.gov/services/api/fiscal_service/v1/accounting/od/auctions_query?filter=security_type:in:(Note,Bond),auction_date:gte:2009-01-01&page%5Bsize%5D=10000&page%5Bnumber%5D=1&sort=auction_date",fetched,2026-09-30T10:44:13Z
2015-10-06,13:00,2015-10-06T13:00:00-04:00,2015-10-06T17:00:00Z,12:00,NOMINAL,3y,original,False,Note,3-Year,3-Year,No,912828L81,2015-10-15,2018-10-15,24000000000,23958404000,9851180000,2670000000,11437224000,24000028000,0,0.8950,3.140000,0.411178,2015-10-01,R_20151006_3.pdf,,"https://api.fiscaldata.treasury.gov/services/api/fiscal_service/v1/accounting/od/auctions_query?filter=security_type:in:(Note,Bond),auction_date:gte:2009-01-01&page%5Bsize%5D=10000&page%5Bnumber%5D=1&sort=auction_date",fetched,2026-09-30T10:44:13Z
2015-10-07,13:00,2015-10-07T13:00:00-04:00,2015-10-07T17:00:00Z,12:00,NOMINAL,10y,original,False,Note,9-Year 10-Month,10-Year,Yes,912828K74,2015-10-15,2025-08-15,21000000000,20992429500,5781254500,2152000000,13059175000,21000001700,0,2.0660,2.590000,0.275397,2015-10-01,R_20151007_1.pdf,,"https://api.fiscaldata.treasury.gov/services/api/fiscal_service/v1/accounting/od/auctions_query?filter=security_type:in:(Note,Bond),auction_date:gte:2009-01-01&page%5Bsize%5D=10000&page%5Bnumber%5D=1&sort=auction_date",fetched,2026-09-30T10:44:13Z
2015-10-08,13:00,2015-10-08T13:00:00-04:00,2015-10-08T17:00:00Z,12:00,NOMINAL,30y,original,False,Bond,29-Year 10-Month,30-Year,Yes,912810RN0,2015-10-15,2045-08-15,13000000000,12998353300,3652370000,2017000000,7328983300,13000005300,0,2.9140,2.460000,0.280987,2015-10-01,R_20151008_1.pdf,,"https://api.fiscaldata.treasury.gov/services/api/fiscal_service/v1/accounting/od/auctions_query?filter=security_type:in:(Note,Bond),auction_date:gte:2009-01-01&page%5Bsize%5D=10000&page%5Bnumber%5D=1&sort=auction_date",fetched,2026-09-30T10:44:13Z
2015-10-22,13:00,2015-10-22T13:00:00-04:00,2015-10-22T17:00:00Z,12:00,TIPS,30y,original,False,Bond,29-Year 4-Month,30-Year,Yes,912810RL4,2015-10-30,2045-02-15,7000000000,6982886500,1513000000,593000000,4876886500,7000000200,0,1.2000,2.620000,0.216673,2015-10-15,R_20151022_1.pdf,,"https://api.fiscaldata.treasury.gov/services/api/fiscal_service/v1/accounting/od/auctions_query?filter=security_type:in:(Note,Bond),auction_date:gte:2009-01-01&page%5Bsize%5D=10000&page%5Bnumber%5D=1&sort=auction_date",fetched,2026-09-30T10:44:13Z
2015-10-28,11:30,2015-10-28T11:30:00-04:00,2015-10-28T15:30:00Z,11:00,FRN,2y,original,False,Note,2-Year,2-Year,No,912828M23,2015-11-02,2017-10-31,15000000000,14995435000,7250435000,300000000,7445000000,15000016400,0,,3.100000,0.483509,2015-10-22,R_20151028_1.pdf,NOMINAL-5y@13:00,"https://api.fiscaldata.treasury.gov/services/api/fiscal_service/v1/accounting/od/auctions_query?filter=security_type:in:(Note,Bond),auction_date:gte:2009-01-01&page%5Bsize%5D=10000&page%5Bnumber%5D=1&sort=auction_date",fetched,2026-09-30T10:44:13Z
2015-10-28,13:00,2015-10-28T13:00:00-04:00,2015-10-28T17:00:00Z,12:00,NOMINAL,5y,original,False,Note,5-Year,5-Year,No,912828L99,2015-11-02,2020-10-31,35000000000,34958894000,13020994000,1331000000,20606900000,35000100200,0,1.4150,2.430000,0.372466,2015-10-22,R_20151028_2.pdf,FRN-2y@11:30,"https://api.fiscaldata.treasury.gov/services/api/fiscal_service/v1/accounting/od/auctions_query?filter=security_type:in:(Note,Bond),auction_date:gte:2009-01-01&page%5Bsize%5D=10000&page%5Bnumber%5D=1&sort=auction_date",fetched,2026-09-30T10:44:13Z
2015-10-29,13:00,2015-10-29T13:00:00-04:00,2015-10-29T17:00:00Z,12:00,NOMINAL,7y,original,False,Note,7-Year,7-Year,No,912828M49,2015-11-02,2022-10-31,29000000000,28989633000,6861080000,4057000000,18071553000,29000018200,0,1.8850,2.550000,0.236674,2015-10-22,R_20151029_2.pdf,,"https://api.fiscaldata.treasury.gov/services/api/fiscal_service/v1/accounting/od/auctions_query?filter=security_type:in:(Note,Bond),auction_date:gte:2009-01-01&page%5Bsize%5D=10000&page%5Bnumber%5D=1&sort=auction_date",fetched,2026-09-30T10:44:13Z
2015-11-04,13:00,2015-11-04T13:00:00-05:00,2015-11-04T18:00:00Z,12:00,NOMINAL,2y,as_auctioned,False,Note,2-Year,5-Year,Yes,912828TW0,2015-11-05,2017-10-31,26000000000,25933500000,12687710000,2860000000,10385790000,26000064400,0,0.8240,3.010000,0.489240,2015-10-30,R_20151104_1.pdf,,"https://api.fiscaldata.treasury.gov/services/api/fiscal_service/v1/accounting/od/auctions_query?filter=security_type:in:(Note,Bond),auction_date:gte:2009-01-01&page%5Bsize%5D=10000&page%5Bnumber%5D=1&sort=auction_date",fetched,2026-09-30T10:44:13Z
2015-11-09,13:00,2015-11-09T13:00:00-05:00,2015-11-09T18:00:00Z,12:00,NOMINAL,3y,original,False,Note,3-Year,3-Year,No,912828M64,2015-11-16,2018-11-15,24000000000,23924892500,10548000000,3612000000,9764892500,24122282600,122282300,1.2710,2.820000,0.440880,2015-11-04,R_20151109_3.pdf,,"https://api.fiscaldata.treasury.gov/services/api/fiscal_service/v1/accounting/od/auctions_query?filter=security_type:in:(Note,Bond),auction_date:gte:2009-01-01&page%5Bsize%5D=10000&page%5Bnumber%5D=1&sort=auction_date",fetched,2026-09-30T10:44:13Z
2015-11-10,13:00,2015-11-10T13:00:00-05:00,2015-11-10T18:00:00Z,12:00,NOMINAL,10y,original,False,Note,10-Year,10-Year,No,912828M56,2015-11-16,2025-11-15,24000000000,23937360000,6032950000,3414000000,14490410000,24122291300,122282200,2.3040,2.580000,0.252031,2015-11-04,R_20151110_3.pdf,,"https://api.fiscaldata.treasury.gov/services/api/fiscal_service/v1/accounting/od/auctions_query?filter=security_type:in:(Note,Bond),auction_date:gte:2009-01-01&page%5Bsize%5D=10000&page%5Bnumber%5D=1&sort=auction_date",fetched,2026-09-30T10:44:13Z
2015-11-12,13:00,2015-11-12T13:00:00-05:00,2015-11-12T18:00:00Z,12:00,NOMINAL,30y,original,False,Bond,30-Year,30-Year,No,912810RP5,2015-11-16,2045-11-15,16000000000,15984180000,4728746500,1624688500,9630745000,16081524200,81521500,3.0700,2.410000,0.295839,2015-11-04,R_20151112_1.pdf,,"https://api.fiscaldata.treasury.gov/services/api/fiscal_service/v1/accounting/od/auctions_query?filter=security_type:in:(Note,Bond),auction_date:gte:2009-01-01&page%5Bsize%5D=10000&page%5Bnumber%5D=1&sort=auction_date",fetched,2026-09-30T10:44:13Z
2015-11-19,13:00,2015-11-19T13:00:00-05:00,2015-11-19T18:00:00Z,12:00,TIPS,10y,original,False,Note,9-Year 8-Month,10-Year,Yes,912828XL9,2015-11-30,2025-07-15,13000000000,12986157500,3281957500,975000000,8729200000,13000001800,0,0.6640,2.380000,0.252727,2015-11-12,R_20151119_1.pdf,,"https://api.fiscaldata.treasury.gov/services/api/fiscal_service/v1/accounting/od/auctions_query?filter=security_type:in:(Note,Bond),auction_date:gte:2009-01-01&page%5Bsize%5D=10000&page%5Bnumber%5D=1&sort=auction_date",fetched,2026-09-30T10:44:13Z
2015-11-23,13:00,2015-11-23T13:00:00-05:00,2015-11-23T18:00:00Z,12:00,NOMINAL,2y,original,False,Note,2-Year,2-Year,No,912828M72,2015-11-30,2017-11-30,26000000000,25837205000,9121910000,4912000000,11803295000,26000028800,0,0.9480,3.150000,0.353053,2015-11-19,R_20151123_3.pdf,,"https://api.fiscaldata.treasury.gov/services/api/fiscal_service/v1/accounting/od/auctions_query?filter=security_type:in:(Note,Bond),auction_date:gte:2009-01-01&page%5Bsize%5D=10000&page%5Bnumber%5D=1&sort=auction_date",fetched,2026-09-30T10:44:13Z
2015-11-24,11:30,2015-11-24T11:30:00-05:00,2015-11-24T16:30:00Z,11:00,FRN,2y,original,False,Note,1-Year 11-Month,2-Year,Yes,912828M23,2015-11-27,2017-10-31,13000000000,12990385000,6808105000,416280000,5766000000,13000000500,0,,3.110000,0.524088,2015-11-19,R_20151124_2.pdf,NOMINAL-5y@13:00,"https://api.fiscaldata.treasury.gov/services/api/fiscal_service/v1/accounting/od/auctions_query?filter=security_type:in:(Note,Bond),auction_date:gte:2009-01-01&page%5Bsize%5D=10000&page%5Bnumber%5D=1&sort=auction_date",fetched,2026-09-30T10:44:13Z
2015-11-24,13:00,2015-11-24T13:00:00-05:00,2015-11-24T18:00:00Z,12:00,NOMINAL,5y,original,False,Note,5-Year,5-Year,No,912828M98,2015-11-30,2020-11-30,35000000000,34958126000,11594856000,3547000000,19816270000,35000052000,0,1.6700,2.520000,0.331678,2015-11-19,R_20151124_3.pdf,FRN-2y@11:30,"https://api.fiscaldata.treasury.gov/services/api/fiscal_service/v1/accounting/od/auctions_query?filter=security_type:in:(Note,Bond),auction_date:gte:2009-01-01&page%5Bsize%5D=10000&page%5Bnumber%5D=1&sort=auction_date",fetched,2026-09-30T10:44:13Z
2015-11-25,11:30,2015-11-25T11:30:00-05:00,2015-11-25T16:30:00Z,11:00,NOMINAL,7y,original,False,Note,7-Year,7-Year,No,912828M80,2015-11-30,2022-11-30,29000000000,28979345000,8846225000,3920000000,16213120000,29000024100,0,2.0130,2.510000,0.305260,2015-11-19,R_20151125_1.pdf,,"https://api.fiscaldata.treasury.gov/services/api/fiscal_service/v1/accounting/od/auctions_query?filter=security_type:in:(Note,Bond),auction_date:gte:2009-01-01&page%5Bsize%5D=10000&page%5Bnumber%5D=1&sort=auction_date",fetched,2026-09-30T10:44:13Z
2015-12-08,13:00,2015-12-08T13:00:00-05:00,2015-12-08T18:00:00Z,12:00,NOMINAL,3y,original,False,Note,3-Year,3-Year,No,912828N22,2015-12-15,2018-12-15,24000000000,23919822500,8131897500,4440300000,11347625000,24000024400,0,1.2550,3.140000,0.339965,2015-12-03,R_20151208_3.pdf,,"https://api.fiscaldata.treasury.gov/services/api/fiscal_service/v1/accounting/od/auctions_query?filter=security_type:in:(Note,Bond),auction_date:gte:2009-01-01&page%5Bsize%5D=10000&page%5Bnumber%5D=1&sort=auction_date",fetched,2026-09-30T10:44:13Z
2015-12-09,13:00,2015-12-09T13:00:00-05:00,2015-12-09T18:00:00Z,12:00,NOMINAL,10y,original,False,Note,9-Year 11-Month,10-Year,Yes,912828M56,2015-12-15,2025-11-15,21000000000,20985272500,5452530000,2531000000,13001742500,21000010800,0,2.2330,2.640000,0.259827,2015-12-03,R_20151209_1.pdf,,"https://api.fiscaldata.treasury.gov/services/api/fiscal_service/v1/accounting/od/auctions_query?filter=security_type:in:(Note,Bond),auction_date:gte:2009-01-01&page%5Bsize%5D=10000&page%5Bnumber%5D=1&sort=auction_date",fetched,2026-09-30T10:44:13Z
2015-12-10,13:00,2015-12-10T13:00:00-05:00,2015-12-10T18:00:00Z,12:00,NOMINAL,30y,original,False,Bond,29-Year 11-Month,30-Year,Yes,912810RP5,2015-12-15,2045-11-15,13000000000,12990084500,3342227000,1349000000,8298857500,13000002800,0,2.9780,2.420000,0.257291,2015-12-03,R_20151210_1.pdf,,"https://api.fiscaldata.treasury.gov/services/api/fiscal_service/v1/accounting/od/auctions_query?filter=security_type:in:(Note,Bond),auction_date:gte:2009-01-01&page%5Bsize%5D=10000&page%5Bnumber%5D=1&sort=auction_date",fetched,2026-09-30T10:44:13Z
2015-12-17,13:00,2015-12-17T13:00:00-05:00,2015-12-17T18:00:00Z,12:00,TIPS,5y,original,False,Note,4-Year 4-Month,5-Year,Yes,912828K33,2015-12-31,2020-04-15,16000000000,15971695000,4000380000,805000000,11166315000,16000020000,0,0.4720,2.380000,0.250467,2015-12-10,R_20151217_1.pdf,,"https://api.fiscaldata.treasury.gov/services/api/fiscal_service/v1/accounting/od/auctions_query?filter=security_type:in:(Note,Bond),auction_date:gte:2009-01-01&page%5Bsize%5D=10000&page%5Bnumber%5D=1&sort=auction_date",fetched,2026-09-30T10:44:13Z
2015-12-23,11:30,2015-12-23T11:30:00-05:00,2015-12-23T16:30:00Z,11:00,FRN,2y,original,False,Note,1-Year 10-Month,2-Year,Yes,912828M23,2015-12-28,2017-10-31,13000000000,12988453500,7673440000,200000000,5115013500,13000418300,0,,3.480000,0.590789,2015-12-17,R_20151223_1.pdf,,"https://api.fiscaldata.treasury.gov/services/api/fiscal_service/v1/accounting/od/auctions_query?filter=security_type:in:(Note,Bond),auction_date:gte:2009-01-01&page%5Bsize%5D=10000&page%5Bnumber%5D=1&sort=auction_date",fetched,2026-09-30T10:44:13Z
2015-12-28,13:00,2015-12-28T13:00:00-05:00,2015-12-28T18:00:00Z,12:00,NOMINAL,2y,original,False,Note,2-Year,2-Year,No,912828N55,2015-12-31,2017-12-31,26000000000,25835900000,9150250000,6993800000,9691850000,26000086200,0,1.0560,2.800000,0.354168,2015-12-24,R_20151228_3.pdf,,"https://api.fiscaldata.treasury.gov/services/api/fiscal_service/v1/accounting/od/auctions_query?filter=security_type:in:(Note,Bond),auction_date:gte:2009-01-01&page%5Bsize%5D=10000&page%5Bnumber%5D=1&sort=auction_date",fetched,2026-09-30T10:44:13Z
2015-12-29,13:00,2015-12-29T13:00:00-05:00,2015-12-29T18:00:00Z,12:00,NOMINAL,5y,original,False,Note,5-Year,5-Year,No,912828N48,2015-12-31,2020-12-31,35000000000,34954117500,12766097500,3831470000,18356550000,35000019100,0,1.7850,2.320000,0.365224,2015-12-24,R_20151229_2.pdf,,"https://api.fiscaldata.treasury.gov/services/api/fiscal_service/v1/accounting/od/auctions_query?filter=security_type:in:(Note,Bond),auction_date:gte:2009-01-01&page%5Bsize%5D=10000&page%5Bnumber%5D=1&sort=auction_date",fetched,2026-09-30T10:44:13Z
2015-12-30,13:00,2015-12-30T13:00:00-05:00,2015-12-30T18:00:00Z,12:00,NOMINAL,7y,original,False,Note,7-Year,7-Year,No,912828N30,2015-12-31,2022-12-31,29000000000,28982792000,11252430000,4076000000,13654362000,29000008300,0,2.1610,2.340000,0.388245,2015-12-24,R_20151230_1.pdf,,"https://api.fiscaldata.treasury.gov/services/api/fiscal_service/v1/accounting/od/auctions_query?filter=security_type:in:(Note,Bond),auction_date:gte:2009-01-01&page%5Bsize%5D=10000&page%5Bnumber%5D=1&sort=auction_date",fetched,2026-09-30T10:44:13Z
2016-01-12,13:00,2016-01-12T13:00:00-05:00,2016-01-12T18:00:00Z,12:00,NOMINAL,3y,original,False,Note,3-Year,3-Year,No,912828N63,2016-01-15,2019-01-15,24000000000,23954858000,6659000000,2250728000,15045130000,24000003800,0,1.1740,2.940000,0.277981,2016-01-07,R_20160112_2.pdf,,"https://api.fiscaldata.treasury.gov/services/api/fiscal_service/v1/accounting/od/auctions_query?filter=security_type:in:(Note,Bond),auction_date:gte:2009-01-01&page%5Bsize%5D=10000&page%5Bnumber%5D=1&sort=auction_date",fetched,2026-09-30T10:44:13Z
2016-01-13,13:00,2016-01-13T13:00:00-05:00,2016-01-13T18:00:00Z,12:00,NOMINAL,10y,original,False,Note,9-Year 10-Month,10-Year,Yes,912828M56,2016-01-15,2025-11-15,21000000000,20980572000,3717708000,2369000000,14893864000,21000041600,0,2.0900,2.770000,0.177198,2016-01-07,R_20160113_1.pdf,,"https://api.fiscaldata.treasury.gov/services/api/fiscal_service/v1/accounting/od/auctions_query?filter=security_type:in:(Note,Bond),auction_date:gte:2009-01-01&page%5Bsize%5D=10000&page%5Bnumber%5D=1&sort=auction_date",fetched,2026-09-30T10:44:13Z
2016-01-14,13:00,2016-01-14T13:00:00-05:00,2016-01-14T18:00:00Z,12:00,NOMINAL,30y,original,False,Bond,29-Year 10-Month,30-Year,Yes,912810RP5,2016-01-15,2045-11-15,13000000000,12987262000,4238018500,1409000000,7340243500,13000002300,0,2.9050,2.290000,0.326321,2016-01-07,R_20160114_1.pdf,,"https://api.fiscaldata.treasury.gov/services/api/fiscal_service/v1/accounting/od/auctions_query?filter=security_type:in:(Note,Bond),auction_date:gte:2009-01-01&page%5Bsize%5D=10000&page%5Bnumber%5D=1&sort=auction_date",fetched,2026-09-30T10:44:13Z
2016-01-21,13:00,2016-01-21T13:00:00-05:00,2016-01-21T18:00:00Z,12:00,TIPS,10y,original,False,Note,10-Year,10-Year,No,912828N71,2016-01-29,2026-01-15,15000000000,14971265000,5022590000,1476265000,8472410000,15000014400,0,0.7250,2.190000,0.335482,2016-01-14,R_20160121_1.pdf,,"https://api.fiscaldata.treasury.gov/services/api/fiscal_service/v1/accounting/od/auctions_query?filter=security_type:in:(Note,Bond),auction_date:gte:2009-01-01&page%5Bsize%5D=10000&page%5Bnumber%5D=1&sort=auction_date",fetched,2026-09-30T10:44:13Z
2016-01-26,13:00,2016-01-26T13:00:00-05:00,2016-01-26T18:00:00Z,12:00,NOMINAL,2y,original,False,Note,2-Year,2-Year,No,912828P20,2016-02-01,2018-01-31,26000000000,25827813300,7709298300,3176515000,14942000000,26473356800,473307900,0.8600,2.900000,0.298488,2016-01-21,R_20160126_2.pdf,,"https://api.fiscaldata.treasury.gov/services/api/fiscal_service/v1/accounting/od/auctions_query?filter=security_type:in:(Note,Bond),auction_date:gte:2009-01-01&page%5Bsize%5D=10000&page%5Bnumber%5D=1&sort=auction_date",fetched,2026-09-30T10:44:13Z
2016-01-27,11:30,2016-01-27T11:30:00-05:00,2016-01-27T16:30:00Z,11:00,FRN,2y,original,False,Note,2-Year,2-Year,No,912828N97,2016-02-01,2018-01-31,15000000000,14988533000,6395000000,325000000,8268533000,15273078800,273062300,,3.670000,0.426660,2016-01-21,R_20160127_1.pdf,NOMINAL-5y@13:00,"https://api.fiscaldata.treasury.gov/services/api/fiscal_service/v1/accounting/od/auctions_query?filter=security_type:in:(Note,Bond),auction_date:gte:2009-01-01&page%5Bsize%5D=10000&page%5Bnumber%5D=1&sort=auction_date",fetched,2026-09-30T10:44:13Z
2016-01-27,13:00,2016-01-27T13:00:00-05:00,2016-01-27T18:00:00Z,12:00,NOMINAL,5y,original,False,Note,5-Year,5-Year,No,912828N89,2016-02-01,2021-01-31,35000000000,34949540000,13215370000,3021000000,18713170000,35637167300,637145100,1.4960,2.440000,0.378127,2016-01-21,R_20160127_2.pdf,FRN-2y@11:30,"https://api.fiscaldata.treasury.gov/services/api/fiscal_service/v1/accounting/od/auctions_query?filter=security_type:in:(Note,Bond),auction_date:gte:2009-01-01&page%5Bsize%5D=10000&page%5Bnumber%5D=1&sort=auction_date",fetched,2026-09-30T10:44:13Z
2016-01-28,13:00,2016-01-28T13:00:00-05:00,2016-01-28T18:00:00Z,12:00,NOMINAL,7y,original,False,Note,7-Year,7-Year,No,912828P38,2016-02-01,2023-01-31,29000000000,28973484000,4576127000,4295410000,20101947000,29527996900,527920200,1.7590,2.630000,0.157942,2016-01-21,R_20160128_1.pdf,,"https://api.fiscaldata.treasury.gov/services/api/fiscal_service/v1/accounting/od/auctions_query?filter=security_type:in:(Note,Bond),auction_date:gte:2009-01-01&page%5Bsize%5D=10000&page%5Bnumber%5D=1&sort=auction_date",fetched,2026-09-30T10:44:13Z
2016-02-09,13:00,2016-02-09T13:00:00-05:00,2016-02-09T18:00:00Z,12:00,NOMINAL,3y,original,False,Note,3-Year,3-Year,No,912828P53,2016-02-16,2019-02-15,24000000000,23938790000,10424290000,3586000000,9928500000,25884497900,1884490100,0.8440,2.740000,0.435456,2016-02-03,R_20160209_2.pdf,,"https://api.fiscaldata.treasury.gov/services/api/fiscal_service/v1/accounting/od/auctions_query?filter=security_type:in:(Note,Bond),auction_date:gte:2009-01-01&page%5Bsize%5D=10000&page%5Bnumber%5D=1&sort=auction_date",fetched,2026-09-30T10:44:13Z
2016-02-10,13:00,2016-02-10T13:00:00-05:00,2016-02-10T18:00:00Z,12:00,NOMINAL,10y,original,False,Note,10-Year,10-Year,No,912828P46,2016-02-16,2026-02-15,23000000000,22975657800,5136875000,3523586800,14315196000,24806001500,1805969700,1.7300,2.560000,0.223579,2016-02-03,R_20160210_1.pdf,,"https://api.fiscaldata.treasury.gov/services/api/fiscal_service/v1/accounting/od/auctions_query?filter=security_type:in:(Note,Bond),auction_date:gte:2009-01-01&page%5Bsize%5D=10000&page%5Bnumber%5D=1&sort=auction_date",fetched,2026-09-30T10:44:13Z
2016-02-11,13:00,2016-02-11T13:00:00-05:00,2016-02-11T18:00:00Z,12:00,NOMINAL,30y,original,False,Bond,30-Year,30-Year,No,912810RQ3,2016-02-16,2046-02-15,15000000000,14983581200,4754480000,1535876000,8693225200,16177830500,1177806200,2.5000,2.090000,0.317313,2016-02-03,R_20160211_1.pdf,,"https://api.fiscaldata.treasury.gov/services/api/fiscal_service/v1/accounting/od/auctions_query?filter=security_type:in:(Note,Bond),auction_date:gte:2009-01-01&page%5Bsize%5D=10000&page%5Bnumber%5D=1&sort=auction_date",fetched,2026-09-30T10:44:13Z
2016-02-18,13:00,2016-02-18T13:00:00-05:00,2016-02-18T18:00:00Z,12:00,TIPS,30y,original,False,Bond,30-Year,30-Year,No,912810RR1,2016-02-29,2046-02-15,7000000000,6979778000,1878015000,192000000,4909763000,9346034000,2346033000,1.1200,2.110000,0.269065,2016-02-11,R_20160218_1.pdf,,"https://api.fiscaldata.treasury.gov/services/api/fiscal_service/v1/accounting/od/auctions_query?filter=security_type:in:(Note,Bond),auction_date:gte:2009-01-01&page%5Bsize%5D=10000&page%5Bnumber%5D=1&sort=auction_date",fetched,2026-09-30T10:44:13Z
2016-02-23,13:00,2016-02-23T13:00:00-05:00,2016-02-23T18:00:00Z,12:00,NOMINAL,2y,as_auctioned,False,Note,2-Year,5-Year,Yes,912828UR9,2016-02-29,2018-02-28,26000000000,25827900000,8633000000,2789000000,14405900000,34713862100,8713837300,0.7520,2.910000,0.334251,2016-02-18,R_20160223_2.pdf,,"https://api.fiscaldata.treasury.gov/services/api/fiscal_service/v1/accounting/od/auctions_query?filter=security_type:in:(Note,Bond),auction_date:gte:2009-01-01&page%5Bsize%5D=10000&page%5Bnumber%5D=1&sort=auction_date",fetched,2026-09-30T10:44:13Z
2016-02-24,11:30,2016-02-24T11:30:00-05:00,2016-02-24T16:30:00Z,11:00,FRN,2y,original,False,Note,1-Year 11-Month,2-Year,Yes,912828N97,2016-02-26,2018-01-31,13000000000,12986560000,7890000000,1300000000,3796560000,13000110800,0,,3.630000,0.607551,2016-02-18,R_20160224_1.pdf,NOMINAL-5y@13:00,"https://api.fiscaldata.treasury.gov/services/api/fiscal_service/v1/accounting/od/auctions_query?filter=security_type:in:(Note,Bond),auction_date:gte:2009-01-01&page%5Bsize%5D=10000&page%5Bnumber%5D=1&sort=auction_date",fetched,2026-09-30T10:44:13Z
2016-02-24,13:00,2016-02-24T13:00:00-05:00,2016-02-24T18:00:00Z,12:00,NOMINAL,5y,original,False,Note,5-Year,5-Year,No,912828P87,2016-02-29,2021-02-28,34000000000,33944285000,7713720000,3402000000,22828565000,45395032000,11395017900,1.1690,2.440000,0.227247,2016-02-18,R_20160224_2.pdf,FRN-2y@11:30,"https://api.fiscaldata.treasury.gov/services/api/fiscal_service/v1/accounting/od/auctions_query?filter=security_type:in:(Note,Bond),auction_date:gte:2009-01-01&page%5Bsize%5D=10000&page%5Bnumber%5D=1&sort=auction_date",fetched,2026-09-30T10:44:13Z
2016-02-26,11:30,2016-02-26T11:30:00-05:00,2016-02-26T16:30:00Z,11:00,NOMINAL,7y,original,False,Note,7-Year,7-Year,No,912828P79,2016-02-29,2023-02-28,28000000000,27979590000,9042600000,3973000000,14963990000,37384154500,9384132400,1.5680,2.250000,0.323186,2016-02-18,R_20160226_1.pdf,,"https://api.fiscaldata.treasury.gov/services/api/fiscal_service/v1/accounting/od/auctions_query?filter=security_type:in:(Note,Bond),auction_date:gte:2009-01-01&page%5Bsize%5D=10000&page%5Bnumber%5D=1&sort=auction_date",fetched,2026-09-30T10:44:13Z
2016-03-08,13:00,2016-03-08T13:00:00-05:00,2016-03-08T18:00:00Z,12:00,NOMINAL,3y,original,False,Note,3-Year,3-Year,No,912828P95,2016-03-15,2019-03-15,24000000000,23946760000,10714640000,2168320000,11063800000,24000007400,0,1.0390,2.710000,0.447436,2016-03-03,R_20160308_2.pdf,,"https://api.fiscaldata.treasury.gov/services/api/fiscal_service/v1/accounting/od/auctions_query?filter=security_type:in:(Note,Bond),auction_date:gte:2009-01-01&page%5Bsize%5D=10000&page%5Bnumber%5D=1&sort=auction_date",fetched,2026-09-30T10:44:13Z
2016-03-09,13:00,2016-03-09T13:00:00-05:00,2016-03-09T18:00:00Z,12:00,NOMINAL,10y,original,False,Note,9-Year 11-Month,10-Year,Yes,912828P46,2016-03-15,2026-02-15,20000000000,19986700000,6471180000,2217000000,11298520000,20000048200,0,1.8950,2.490000,0.323774,2016-03-03,R_20160309_1.pdf,,"https://api.fiscaldata.treasury.gov/services/api/fiscal_service/v1/accounting/od/auctions_query?filter=security_type:in:(Note,Bond),auction_date:gte:2009-01-01&page%5Bsize%5D=10000&page%5Bnumber%5D=1&sort=auction_date",fetched,2026-09-30T10:44:13Z
2016-03-10,13:00,2016-03-10T13:00:00-05:00,2016-03-10T18:00:00Z,12:00,NOMINAL,30y,original,False,Bond,29-Year 11-Month,30-Year,Yes,912810RQ3,2016-03-15,2046-02-15,12000000000,11996210600,3243823000,1441000000,7311387600,12000000100,0,2.7200,2.330000,0.270404,2016-03-03,R_20160310_1.pdf,,"https://api.fiscaldata.treasury.gov/services/api/fiscal_service/v1/accounting/od/auctions_query?filter=security_type:in:(Note,Bond),auction_date:gte:2009-01-01&page%5Bsize%5D=10000&page%5Bnumber%5D=1&sort=auction_date",fetched,2026-09-30T10:44:13Z
2016-03-17,13:00,2016-03-17T13:00:00-04:00,2016-03-17T17:00:00Z,12:00,TIPS,10y,original,False,Note,9-Year 10-Month,10-Year,Yes,912828N71,2016-03-31,2026-01-15,11000000000,10983074500,3560000000,225000000,7198074500,13620798800,2620797400,0.3150,2.250000,0.324135,2016-03-10,R_20160317_1.pdf,,"https://api.fiscaldata.treasury.gov/services/api/fiscal_service/v1/accounting/od/auctions_query?filter=security_type:in:(Note,Bond),auction_date:gte:2009-01-01&page%5Bsize%5D=10000&page%5Bnumber%5D=1&sort=auction_date",fetched,2026-09-30T10:44:13Z
2016-03-23,11:30,2016-03-23T11:30:00-04:00,2016-03-23T15:30:00Z,11:00,FRN,2y,original,False,Note,1-Year 10-Month,2-Year,Yes,912828N97,2016-03-28,2018-01-31,13000000000,12997848600,7228455000,420260000,5349133600,13000085900,0,,3.070000,0.556127,2016-03-17,R_20160323_1.pdf,,"https://api.fiscaldata.treasury.gov/services/api/fiscal_service/v1/accounting/od/auctions_query?filter=security_type:in:(Note,Bond),auction_date:gte:2009-01-01&page%5Bsize%5D=10000&page%5Bnumber%5D=1&sort=auction_date",fetched,2026-09-30T10:44:13Z
2016-03-28,13:00,2016-03-28T13:00:00-04:00,2016-03-28T17:00:00Z,12:00,NOMINAL,2y,original,False,Note,2-Year,2-Year,No,912828Q45,2016-03-31,2018-03-31,26000000000,25829771000,9658760000,3923370000,12247641000,32194617000,6194612100,0.8770,2.580000,0.373939,2016-03-24,R_20160328_3.pdf,,"https://api.fiscaldata.treasury.gov/services/api/fiscal_service/v1/accounting/od/auctions_query?filter=security_type:in:(Note,Bond),auction_date:gte:2009-01-01&page%5Bsize%5D=10000&page%5Bnumber%5D=1&sort=auction_date",fetched,2026-09-30T10:44:13Z
2016-03-29,13:00,2016-03-29T13:00:00-04:00,2016-03-29T17:00:00Z,12:00,NOMINAL,5y,original,False,Note,5-Year,5-Year,No,912828Q37,2016-03-31,2021-03-31,34000000000,33943566400,13212248000,2431246400,18300072000,42100686500,8100646500,1.3350,2.380000,0.389242,2016-03-24,R_20160329_3.pdf,,"https://api.fiscaldata.treasury.gov/services/api/fiscal_service/v1/accounting/od/auctions_query?filter=security_type:in:(Note,Bond),auction_date:gte:2009-01-01&page%5Bsize%5D=10000&page%5Bnumber%5D=1&sort=auction_date",fetched,2026-09-30T10:44:13Z
2016-03-30,13:00,2016-03-30T13:00:00-04:00,2016-03-30T17:00:00Z,12:00,NOMINAL,7y,original,False,Note,7-Year,7-Year,No,912828Q29,2016-03-31,2023-03-31,28000000000,27982057000,7468260000,4336000000,16177797000,34671134500,6671120600,1.6060,2.510000,0.266895,2016-03-24,R_20160330_1.pdf,,"https://api.fiscaldata.treasury.gov/services/api/fiscal_service/v1/accounting/od/auctions_query?filter=security_type:in:(Note,Bond),auction_date:gte:2009-01-01&page%5Bsize%5D=10000&page%5Bnumber%5D=1&sort=auction_date",fetched,2026-09-30T10:44:13Z
2016-04-12,13:00,2016-04-12T13:00:00-04:00,2016-04-12T17:00:00Z,12:00,NOMINAL,3y,original,False,Note,3-Year,3-Year,No,912828Q52,2016-04-15,2019-04-15,24000000000,23848430000,7768420000,2733817500,13346192500,24168927800,168895300,0.8900,2.720000,0.325741,2016-04-07,R_20160412_2.pdf,,"https://api.fiscaldata.treasury.gov/services/api/fiscal_service/v1/accounting/od/auctions_query?filter=security_type:in:(Note,Bond),auction_date:gte:2009-01-01&page%5Bsize%5D=10000&page%5Bnumber%5D=1&sort=auction_date",fetched,2026-09-30T10:44:13Z
2016-04-13,13:00,2016-04-13T13:00:00-04:00,2016-04-13T17:00:00Z,12:00,NOMINAL,10y,original,False,Note,9-Year 10-Month,10-Year,Yes,912828P46,2016-04-15,2026-02-15,20000000000,19992376000,4952011600,3052000000,11988364400,20140758900,140746000,1.7650,2.750000,0.247695,2016-04-07,R_20160413_1.pdf,,"https://api.fiscaldata.treasury.gov/services/api/fiscal_service/v1/accounting/od/auctions_query?filter=security_type:in:(Note,Bond),auction_date:gte:2009-01-01&page%5Bsize%5D=10000&page%5Bnumber%5D=1&sort=auction_date",fetched,2026-09-30T10:44:13Z
2016-04-14,13:00,2016-04-14T13:00:00-04:00,2016-04-14T17:00:00Z,12:00,NOMINAL,30y,original,False,Bond,29-Year 10-Month,30-Year,Yes,912810RQ3,2016-04-15,2046-02-15,12000000000,11987516000,2886345000,1296500000,7804671000,12084451100,84447600,2.5960,2.400000,0.240779,2016-04-07,R_20160414_1.pdf,,"https://api.fiscaldata.treasury.gov/services/api/fiscal_service/v1/accounting/od/auctions_query?filter=security_type:in:(Note,Bond),auction_date:gte:2009-01-01&page%5Bsize%5D=10000&page%5Bnumber%5D=1&sort=auction_date",fetched,2026-09-30T10:44:13Z
2016-04-21,13:00,2016-04-21T13:00:00-04:00,2016-04-21T17:00:00Z,12:00,TIPS,5y,original,False,Note,5-Year,5-Year,No,912828Q60,2016-04-29,2021-04-15,16000000000,15948825500,5229762000,1300000000,9419063500,16000020300,0,-0.1950,2.420000,0.327909,2016-04-14,R_20160421_1.pdf,,"https://api.fiscaldata.treasury.gov/services/api/fiscal_service/v1/accounting/od/auctions_query?filter=security_type:in:(Note,Bond),auction_date:gte:2009-01-01&page%5Bsize%5D=10000&page%5Bnumber%5D=1&sort=auction_date",fetched,2026-09-30T10:44:13Z
2016-04-25,13:00,2016-04-25T13:00:00-04:00,2016-04-25T17:00:00Z,12:00,NOMINAL,2y,original,False,Note,2-Year,2-Year,No,912828Q94,2016-05-02,2018-04-30,26000000000,25859390000,9919440000,3751000000,12188950000,32909256100,6909230600,0.8420,2.640000,0.383591,2016-04-21,R_20160425_3.pdf,,"https://api.fiscaldata.treasury.gov/services/api/fiscal_service/v1/accounting/od/auctions_query?filter=security_type:in:(Note,Bond),auction_date:gte:2009-01-01&page%5Bsize%5D=10000&page%5Bnumber%5D=1&sort=auction_date",fetched,2026-09-30T10:44:13Z
2016-04-26,13:00,2016-04-26T13:00:00-04:00,2016-04-26T17:00:00Z,12:00,NOMINAL,5y,original,False,Note,5-Year,5-Year,No,912828Q78,2016-05-02,2021-04-30,34000000000,33947734000,10112874000,2296000000,21538860000,43035161700,9035147700,1.4100,2.410000,0.297895,2016-04-21,R_20160426_3.pdf,,"https://api.fiscaldata.treasury.gov/services/api/fiscal_service/v1/accounting/od/auctions_query?filter=security_type:in:(Note,Bond),auction_date:gte:2009-01-01&page%5Bsize%5D=10000&page%5Bnumber%5D=1&sort=auction_date",fetched,2026-09-30T10:44:13Z
2016-04-28,11:30,2016-04-28T11:30:00-04:00,2016-04-28T15:30:00Z,11:00,FRN,2y,original,False,Note,2-Year,2-Year,No,912828Q86,2016-05-02,2018-04-30,15000000000,14976652000,7010580000,720000,7965352000,18986101400,3986094600,,3.570000,0.468101,2016-04-21,R_20160428_1.pdf,NOMINAL-7y@13:00,"https://api.fiscaldata.treasury.gov/services/api/fiscal_service/v1/accounting/od/auctions_query?filter=security_type:in:(Note,Bond),auction_date:gte:2009-01-01&page%5Bsize%5D=10000&page%5Bnumber%5D=1&sort=auction_date",fetched,2026-09-30T10:44:13Z
2016-04-28,13:00,2016-04-28T13:00:00-04:00,2016-04-28T17:00:00Z,12:00,NOMINAL,7y,original,False,Note,7-Year,7-Year,No,912828R28,2016-05-02,2023-04-30,28000000000,27973669000,5659035000,3979000000,18335634000,35440718100,7440709800,1.6340,2.650000,0.202299,2016-04-21,R_20160428_2.pdf,FRN-2y@11:30,"https://api.fiscaldata.treasury.gov/services/api/fiscal_service/v1/accounting/od/auctions_query?filter=security_type:in:(Note,Bond),auction_date:gte:2009-01-01&page%5Bsize%5D=10000&page%5Bnumber%5D=1&sort=auction_date",fetched,2026-09-30T10:44:13Z
2016-05-10,13:00,2016-05-10T13:00:00-04:00,2016-05-10T17:00:00Z,12:00,NOMINAL,3y,original,False,Note,3-Year,3-Year,No,912828R44,2016-05-16,2019-05-15,24000000000,23930900000,6766080000,2447000000,14717820000,29427648400,5427606600,0.8750,2.930000,0.282734,2016-05-04,R_20160510_2.pdf,,"https://api.fiscaldata.treasury.gov/services/api/fiscal_service/v1/accounting/od/auctions_query?filter=security_type:in:(Note,Bond),auction_date:gte:2009-01-01&page%5Bsize%5D=10000&page%5Bnumber%5D=1&sort=auction_date",fetched,2026-09-30T10:44:13Z
2016-05-11,13:00,2016-05-11T13:00:00-04:00,2016-05-11T17:00:00Z,12:00,NOMINAL,10y,original,False,Note,10-Year,10-Year,No,912828R36,2016-05-16,2026-05-15,23000000000,22968975500,3382496000,2708000000,16878479500,28201483200,5201456300,1.7100,2.680000,0.147264,2016-05-04,R_20160511_1.pdf,,"https://api.fiscaldata.treasury.gov/services/api/fiscal_service/v1/accounting/od/auctions_query?filter=security_type:in:(Note,Bond),auction_date:gte:2009-01-01&page%5Bsize%5D=10000&page%5Bnumber%5D=1&sort=auction_date",fetched,2026-09-30T10:44:13Z
2016-05-12,13:00,2016-05-12T13:00:00-04:00,2016-05-12T17:00:00Z,12:00,NOMINAL,30y,original,False,Bond,30-Year,30-Year,No,912810RS9,2016-05-16,2046-05-15,15000000000,14984696000,4719288000,1315000000,8950408000,18392288900,3392254100,2.6150,2.190000,0.314941,2016-05-04,R_20160512_1.pdf,,"https://api.fiscaldata.treasury.gov/services/api/fiscal_service/v1/accounting/od/auctions_query?filter=security_type:in:(Note,Bond),auction_date:gte:2009-01-01&page%5Bsize%5D=10000&page%5Bnumber%5D=1&sort=auction_date",fetched,2026-09-30T10:44:13Z
2016-05-19,13:00,2016-05-19T13:00:00-04:00,2016-05-19T17:00:00Z,12:00,TIPS,10y,original,False,Note,9-Year 8-Month,10-Year,Yes,912828N71,2016-05-31,2026-01-15,11000000000,10968824700,3564965000,445000000,6958859700,13805333100,2805308000,0.2750,2.270000,0.325009,2016-05-12,R_20160519_1.pdf,,"https://api.fiscaldata.treasury.gov/services/api/fiscal_service/v1/accounting/od/auctions_query?filter=security_type:in:(Note,Bond),auction_date:gte:2009-01-01&page%5Bsize%5D=10000&page%5Bnumber%5D=1&sort=auction_date",fetched,2026-09-30T10:44:13Z
2016-05-24,13:00,2016-05-24T13:00:00-04:00,2016-05-24T17:00:00Z,12:00,NOMINAL,2y,original,False,Note,2-Year,2-Year,No,912828R51,2016-05-31,2018-05-31,26000000000,25792767000,4564245000,8387350000,12841172000,32630737400,6630728300,0.9200,3.000000,0.176958,2016-05-19,R_20160524_3.pdf,,"https://api.fiscaldata.treasury.gov/services/api/fiscal_service/v1/accounting/od/auctions_query?filter=security_type:in:(Note,Bond),auction_date:gte:2009-01-01&page%5Bsize%5D=10000&page%5Bnumber%5D=1&sort=auction_date",fetched,2026-09-30T10:44:13Z
2016-05-25,11:30,2016-05-25T11:30:00-04:00,2016-05-25T15:30:00Z,11:00,FRN,2y,original,False,Note,1-Year 11-Month,2-Year,Yes,912828Q86,2016-05-27,2018-04-30,13000000000,12987555000,8589555000,250000000,4148000000,13000013800,0,,3.350000,0.661368,2016-05-19,R_20160525_1.pdf,NOMINAL-5y@13:00,"https://api.fiscaldata.treasury.gov/services/api/fiscal_service/v1/accounting/od/auctions_query?filter=security_type:in:(Note,Bond),auction_date:gte:2009-01-01&page%5Bsize%5D=10000&page%5Bnumber%5D=1&sort=auction_date",fetched,2026-09-30T10:44:13Z
2016-05-25,13:00,2016-05-25T13:00:00-04:00,2016-05-25T17:00:00Z,12:00,NOMINAL,5y,original,False,Note,5-Year,5-Year,No,912828R77,2016-05-31,2021-05-31,34000000000,33942055000,7404000000,3925000000,22613055000,42671088000,8670952300,1.3950,2.600000,0.218136,2016-05-19,R_20160525_2.pdf,FRN-2y@11:30,"https://api.fiscaldata.treasury.gov/services/api/fiscal_service/v1/accounting/od/auctions_query?filter=security_type:in:(Note,Bond),auction_date:gte:2009-01-01&page%5Bsize%5D=10000&page%5Bnumber%5D=1&sort=auction_date",fetched,2026-09-30T10:44:13Z
2016-05-26,13:00,2016-05-26T13:00:00-04:00,2016-05-26T17:00:00Z,12:00,NOMINAL,7y,original,False,Note,7-Year,7-Year,No,912828R69,2016-05-31,2023-05-31,28000000000,27975020500,5183087500,4717000000,18074933000,35140794700,7140784200,1.6520,2.570000,0.185276,2016-05-19,R_20160526_1.pdf,,"https://api.fiscaldata.treasury.gov/services/api/fiscal_service/v1/accounting/od/auctions_query?filter=security_type:in:(Note,Bond),auction_date:gte:2009-01-01&page%5Bsize%5D=10000&page%5Bnumber%5D=1&sort=auction_date",fetched,2026-09-30T10:44:13Z
2016-06-07,13:00,2016-06-07T13:00:00-04:00,2016-06-07T17:00:00Z,12:00,NOMINAL,3y,original,False,Note,3-Year,3-Year,No,912828R85,2016-06-15,2019-06-15,24000000000,23970054500,9784110000,2660000000,11525944500,24000056400,0,0.9300,2.790000,0.408181,2016-06-02,R_20160607_2.pdf,,"https://api.fiscaldata.treasury.gov/services/api/fiscal_service/v1/accounting/od/auctions_query?filter=security_type:in:(Note,Bond),auction_date:gte:2009-01-01&page%5Bsize%5D=10000&page%5Bnumber%5D=1&sort=auction_date",fetched,2026-09-30T10:44:13Z
2016-06-08,13:00,2016-06-08T13:00:00-04:00,2016-06-08T17:00:00Z,12:00,NOMINAL,10y,original,False,Note,9-Year 11-Month,10-Year,Yes,912828R36,2016-06-15,2026-05-15,20000000000,19987961500,3840695500,1430000000,14717266000,20000015600,0,1.7020,2.700000,0.192150,2016-06-02,R_20160608_1.pdf,,"https://api.fiscaldata.treasury.gov/services/api/fiscal_service/v1/accounting/od/auctions_query?filter=security_type:in:(Note,Bond),auction_date:gte:2009-01-01&page%5Bsize%5D=10000&page%5Bnumber%5D=1&sort=auction_date",fetched,2026-09-30T10:44:13Z
2016-06-09,13:00,2016-06-09T13:00:00-04:00,2016-06-09T17:00:00Z,12:00,NOMINAL,30y,original,False,Bond,29-Year 11-Month,30-Year,Yes,912810RS9,2016-06-15,2046-05-15,12000000000,11997283500,3236609500,970174500,7790499500,12000014600,0,2.4750,2.420000,0.269779,2016-06-02,R_20160609_1.pdf,,"https://api.fiscaldata.treasury.gov/services/api/fiscal_service/v1/accounting/od/auctions_query?filter=security_type:in:(Note,Bond),auction_date:gte:2009-01-01&page%5Bsize%5D=10000&page%5Bnumber%5D=1&sort=auction_date",fetched,2026-09-30T10:44:13Z
2016-06-20,13:00,2016-06-20T13:00:00-04:00,2016-06-20T17:00:00Z,12:00,NOMINAL,2y,original,False,Note,2-Year,2-Year,No,912828R93,2016-06-30,2018-06-30,26000000000,25861780000,11049385000,2565000000,12247395000,29792960800,3792895400,0.7450,2.720000,0.427248,2016-06-16,R_20160620_3.pdf,,"https://api.fiscaldata.treasury.gov/services/api/fiscal_service/v1/accounting/od/auctions_query?filter=security_type:in:(Note,Bond),auction_date:gte:2009-01-01&page%5Bsize%5D=10000&page%5Bnumber%5D=1&sort=auction_date",fetched,2026-09-30T10:44:13Z
2016-06-21,13:00,2016-06-21T13:00:00-04:00,2016-06-21T17:00:00Z,12:00,NOMINAL,5y,original,False,Note,5-Year,5-Year,No,912828S27,2016-06-30,2021-06-30,34000000000,33968028600,13268228600,1266000000,19433800000,38959981900,4959940200,1.2180,2.290000,0.390609,2016-06-16,R_20160621_3.pdf,,"https://api.fiscaldata.treasury.gov/services/api/fiscal_service/v1/accounting/od/auctions_query?filter=security_type:in:(Note,Bond),auction_date:gte:2009-01-01&page%5Bsize%5D=10000&page%5Bnumber%5D=1&sort=auction_date",fetched,2026-09-30T10:44:13Z
2016-06-22,11:30,2016-06-22T11:30:00-04:00,2016-06-22T15:30:00Z,11:00,FRN,2y,original,False,Note,1-Year 10-Month,2-Year,Yes,912828Q86,2016-06-24,2018-04-30,13000000000,12996190000,7781190000,0,5215000000,13000016000,0,,3.150000,0.598729,2016-06-16,R_20160622_1.pdf,TIPS-30y@11:30;NOMINAL-7y@13:00,"https://api.fiscaldata.treasury.gov/services/api/fiscal_service/v1/accounting/od/auctions_query?filter=security_type:in:(Note,Bond),auction_date:gte:2009-01-01&page%5Bsize%5D=10000&page%5Bnumber%5D=1&sort=auction_date",fetched,2026-09-30T10:44:13Z
2016-06-22,11:30,2016-06-22T11:30:00-04:00,2016-06-22T15:30:00Z,11:00,TIPS,30y,original,False,Bond,29-Year 8-Month,30-Year,Yes,912810RR1,2016-06-30,2046-02-15,5000000000,4984619300,1145571500,0,3839047800,5729408500,729402900,0.9050,2.690000,0.229821,2016-06-16,R_20160622_2.pdf,FRN-2y@11:30;NOMINAL-7y@13:00,"https://api.fiscaldata.treasury.gov/services/api/fiscal_service/v1/accounting/od/auctions_query?filter=security_type:in:(Note,Bond),auction_date:gte:2009-01-01&page%5Bsize%5D=10000&page%5Bnumber%5D=1&sort=auction_date",fetched,2026-09-30T10:44:13Z
2016-06-22,13:00,2016-06-22T13:00:00-04:00,2016-06-22T17:00:00Z,12:00,NOMINAL,7y,original,False,Note,7-Year,7-Year,No,912828S35,2016-06-30,2023-06-30,28000000000,27992960200,7076240000,2557000000,18359720200,32084663900,4084656500,1.4970,2.560000,0.252786,2016-06-16,R_20160622_3.pdf,FRN-2y@11:30;TIPS-30y@11:30,"https://api.fiscaldata.treasury.gov/services/api/fiscal_service/v1/accounting/od/auctions_query?filter=security_type:in:(Note,Bond),auction_date:gte:2009-01-01&page%5Bsize%5D=10000&page%5Bnumber%5D=1&sort=auction_date",fetched,2026-09-30T10:44:13Z
2016-07-11,13:00,2016-07-11T13:00:00-04:00,2016-07-11T17:00:00Z,12:00,NOMINAL,3y,original,False,Note,3-Year,3-Year,No,912828S43,2016-07-15,2019-07-15,24000000000,23952075000,9442870000,3791000000,10718205000,25563200300,1563173600,0.7650,2.690000,0.394240,2016-07-07,R_20160711_3.pdf,,"https://api.fiscaldata.treasury.gov/services/api/fiscal_service/v1/accounting/od/auctions_query?filter=security_type:in:(Note,Bond),auction_date:gte:2009-01-01&page%5Bsize%5D=10000&page%5Bnumber%5D=1&sort=auction_date",fetched,2026-09-30T10:44:13Z
2016-07-12,13:00,2016-07-12T13:00:00-04:00,2016-07-12T17:00:00Z,12:00,NOMINAL,10y,original,False,Note,9-Year 10-Month,10-Year,Yes,912828R36,2016-07-15,2026-05-15,20000000000,19995341000,7546850000,1588155000,10860336000,21302646200,1302644700,1.5160,2.330000,0.377430,2016-07-07,R_20160712_2.pdf,,"https://api.fiscaldata.treasury.gov/services/api/fiscal_service/v1/accounting/od/auctions_query?filter=security_type:in:(Note,Bond),auction_date:gte:2009-01-01&page%5Bsize%5D=10000&page%5Bnumber%5D=1&sort=auction_date",fetched,2026-09-30T10:44:13Z
2016-07-13,13:00,2016-07-13T13:00:00-04:00,2016-07-13T17:00:00Z,12:00,NOMINAL,30y,original,False,Bond,29-Year 10-Month,30-Year,Yes,912810RS9,2016-07-15,2046-05-15,12000000000,11996909400,2770188000,1009500000,8217221400,12781587000,781586800,2.1720,2.480000,0.230908,2016-07-07,R_20160713_1.pdf,,"https://api.fiscaldata.treasury.gov/services/api/fiscal_service/v1/accounting/od/auctions_query?filter=security_type:in:(Note,Bond),auction_date:gte:2009-01-01&page%5Bsize%5D=10000&page%5Bnumber%5D=1&sort=auction_date",fetched,2026-09-30T10:44:13Z
2016-07-21,13:00,2016-07-21T13:00:00-04:00,2016-07-21T17:00:00Z,12:00,TIPS,10y,original,False,Note,10-Year,10-Year,No,912828S50,2016-07-29,2026-07-15,13000000000,12964877700,3100000000,1000000000,8864877700,13000041400,0,0.0450,2.390000,0.239108,2016-07-14,R_20160721_1.pdf,,"https://api.fiscaldata.treasury.gov/services/api/fiscal_service/v1/accounting/od/auctions_query?filter=security_type:in:(Note,Bond),auction_date:gte:2009-01-01&page%5Bsize%5D=10000&page%5Bnumber%5D=1&sort=auction_date",fetched,2026-09-30T10:44:13Z
2016-07-25,13:00,2016-07-25T13:00:00-04:00,2016-07-25T17:00:00Z,12:00,NOMINAL,2y,original,False,Note,2-Year,2-Year,No,912828S68,2016-08-01,2018-07-31,26000000000,25827210000,15442960000,2668000000,7716250000,27815841100,1815682000,0.7600,2.520000,0.597934,2016-07-21,R_20160725_3.pdf,,"https://api.fiscaldata.treasury.gov/services/api/fiscal_service/v1/accounting/od/auctions_query?filter=security_type:in:(Note,Bond),auction_date:gte:2009-01-01&page%5Bsize%5D=10000&page%5Bnumber%5D=1&sort=auction_date",fetched,2026-09-30T10:44:13Z
2016-07-26,13:00,2016-07-26T13:00:00-04:00,2016-07-26T17:00:00Z,12:00,NOMINAL,5y,original,False,Note,5-Year,5-Year,No,912828S76,2016-08-01,2021-07-31,34000000000,33969972000,14141442500,1606000000,18222529500,36374437900,2374353200,1.1800,2.270000,0.416292,2016-07-21,R_20160726_2.pdf,,"https://api.fiscaldata.treasury.gov/services/api/fiscal_service/v1/accounting/od/auctions_query?filter=security_type:in:(Note,Bond),auction_date:gte:2009-01-01&page%5Bsize%5D=10000&page%5Bnumber%5D=1&sort=auction_date",fetched,2026-09-30T10:44:13Z
2016-07-27,11:30,2016-07-27T11:30:00-04:00,2016-07-27T15:30:00Z,11:00,FRN,2y,original,False,Note,2-Year,2-Year,No,912828S84,2016-08-01,2018-07-31,15000000000,14993200000,8335330000,45000000,6612870000,16047631600,1047508900,,3.820000,0.555941,2016-07-21,R_20160727_1.pdf,,"https://api.fiscaldata.treasury.gov/services/api/fiscal_service/v1/accounting/od/auctions_query?filter=security_type:in:(Note,Bond),auction_date:gte:2009-01-01&page%5Bsize%5D=10000&page%5Bnumber%5D=1&sort=auction_date",fetched,2026-09-30T10:44:13Z
2016-07-28,13:00,2016-07-28T13:00:00-04:00,2016-07-28T17:00:00Z,12:00,NOMINAL,7y,original,False,Note,7-Year,7-Year,No,912828S92,2016-08-01,2023-07-31,28000000000,27985785000,7507176000,2158752000,18319857000,29955423500,1955349700,1.3400,2.510000,0.268250,2016-07-21,R_20160728_1.pdf,,"https://api.fiscaldata.treasury.gov/services/api/fiscal_service/v1/accounting/od/auctions_query?filter=security_type:in:(Note,Bond),auction_date:gte:2009-01-01&page%5Bsize%5D=10000&page%5Bnumber%5D=1&sort=auction_date",fetched,2026-09-30T10:44:13Z
2016-08-09,13:00,2016-08-09T13:00:00-04:00,2016-08-09T17:00:00Z,12:00,NOMINAL,3y,original,False,Note,3-Year,3-Year,No,9128282B5,2016-08-15,2019-08-15,24000000000,23958877000,8069477000,2268000000,13621400000,26458325800,2458280200,0.8500,2.980000,0.336805,2016-08-03,R_20160809_2.pdf,,"https://api.fiscaldata.treasury.gov/services/api/fiscal_service/v1/accounting/od/auctions_query?filter=security_type:in:(Note,Bond),auction_date:gte:2009-01-01&page%5Bsize%5D=10000&page%5Bnumber%5D=1&sort=auction_date",fetched,2026-09-30T10:44:13Z
2016-08-10,13:00,2016-08-10T13:00:00-04:00,2016-08-10T17:00:00Z,12:00,NOMINAL,10y,original,False,Note,10-Year,10-Year,No,9128282A7,2016-08-15,2026-08-15,23000000000,22983250000,4636800000,1757000000,16589450000,25355880400,2355851800,1.5030,2.430000,0.201747,2016-08-03,R_20160810_1.pdf,,"https://api.fiscaldata.treasury.gov/services/api/fiscal_service/v1/accounting/od/auctions_query?filter=security_type:in:(Note,Bond),auction_date:gte:2009-01-01&page%5Bsize%5D=10000&page%5Bnumber%5D=1&sort=auction_date",fetched,2026-09-30T10:44:13Z
2016-08-11,13:00,2016-08-11T13:00:00-04:00,2016-08-11T17:00:00Z,12:00,NOMINAL,30y,original,False,Bond,30-Year,30-Year,No,912810RT7,2016-08-15,2046-08-15,15000000000,14994474400,4146168000,1633980000,9214326400,16536444600,1536425000,2.2740,2.240000,0.276513,2016-08-03,R_20160811_1.pdf,,"https://api.fiscaldata.treasury.gov/services/api/fiscal_service/v1/accounting/od/auctions_query?filter=security_type:in:(Note,Bond),auction_date:gte:2009-01-01&page%5Bsize%5D=10000&page%5Bnumber%5D=1&sort=auction_date",fetched,2026-09-30T10:44:13Z
2016-08-18,13:00,2016-08-18T13:00:00-04:00,2016-08-18T17:00:00Z,12:00,TIPS,5y,original,False,Note,4-Year 8-Month,5-Year,Yes,912828Q60,2016-08-31,2021-04-15,14000000000,13980680000,4265000000,1018000000,8697680000,14957477200,957435800,-0.2090,2.370000,0.305064,2016-08-11,R_20160818_1.pdf,,"https://api.fiscaldata.treasury.gov/services/api/fiscal_service/v1/accounting/od/auctions_query?filter=security_type:in:(Note,Bond),auction_date:gte:2009-01-01&page%5Bsize%5D=10000&page%5Bnumber%5D=1&sort=auction_date",fetched,2026-09-30T10:44:13Z
2016-08-23,13:00,2016-08-23T13:00:00-04:00,2016-08-23T17:00:00Z,12:00,NOMINAL,2y,original,False,Note,2-Year,2-Year,No,9128282C3,2016-08-31,2018-08-31,26000000000,25821775000,7492210000,6498400000,11831165000,27778206400,1778095100,0.7600,2.830000,0.290151,2016-08-18,R_20160823_2.pdf,,"https://api.fiscaldata.treasury.gov/services/api/fiscal_service/v1/accounting/od/auctions_query?filter=security_type:in:(Note,Bond),auction_date:gte:2009-01-01&page%5Bsize%5D=10000&page%5Bnumber%5D=1&sort=auction_date",fetched,2026-09-30T10:44:13Z
2016-08-24,11:30,2016-08-24T11:30:00-04:00,2016-08-24T15:30:00Z,11:00,FRN,2y,original,False,Note,1-Year 11-Month,2-Year,Yes,912828S84,2016-08-26,2018-07-31,13000000000,12994280000,8096480000,249560000,4648240000,13000051400,0,,3.460000,0.623080,2016-08-18,R_20160824_1.pdf,NOMINAL-5y@13:00,"https://api.fiscaldata.treasury.gov/services/api/fiscal_service/v1/accounting/od/auctions_query?filter=security_type:in:(Note,Bond),auction_date:gte:2009-01-01&page%5Bsize%5D=10000&page%5Bnumber%5D=1&sort=auction_date",fetched,2026-09-30T10:44:13Z
2016-08-24,13:00,2016-08-24T13:00:00-04:00,2016-08-24T17:00:00Z,12:00,NOMINAL,5y,original,False,Note,5-Year,5-Year,No,9128282F6,2016-08-31,2021-08-31,34000000000,33957302600,8537314000,2089000000,23330988600,36325290800,2325201200,1.1250,2.540000,0.251413,2016-08-18,R_20160824_2.pdf,FRN-2y@11:30,"https://api.fiscaldata.treasury.gov/services/api/fiscal_service/v1/accounting/od/auctions_query?filter=security_type:in:(Note,Bond),auction_date:gte:2009-01-01&page%5Bsize%5D=10000&page%5Bnumber%5D=1&sort=auction_date",fetched,2026-09-30T10:44:13Z
2016-08-25,13:00,2016-08-25T13:00:00-04:00,2016-08-25T17:00:00Z,12:00,NOMINAL,7y,original,False,Note,7-Year,7-Year,No,9128282D1,2016-08-31,2023-08-31,28000000000,27986923000,8754300000,2907000000,16325623000,29914878600,1914871600,1.4230,2.380000,0.312800,2016-08-18,R_20160825_1.pdf,,"https://api.fiscaldata.treasury.gov/services/api/fiscal_service/v1/accounting/od/auctions_query?filter=security_type:in:(Note,Bond),auction_date:gte:2009-01-01&page%5Bsize%5D=10000&page%5Bnumber%5D=1&sort=auction_date",fetched,2026-09-30T10:44:13Z
2016-09-12,13:00,2016-09-12T13:00:00-04:00,2016-09-12T17:00:00Z,12:00,NOMINAL,10y,original,False,Note,9-Year 11-Month,10-Year,Yes,9128282A7,2016-09-15,2026-08-15,20000000000,19983257000,6893210500,678000000,12412046500,20000013000,0,1.6990,2.350000,0.344949,2016-09-08,R_20160912_3.pdf,NOMINAL-3y@13:00,"https://api.fiscaldata.treasury.gov/services/api/fiscal_service/v1/accounting/od/auctions_query?filter=security_type:in:(Note,Bond),auction_date:gte:2009-01-01&page%5Bsize%5D=10000&page%5Bnumber%5D=1&sort=auction_date",fetched,2026-09-30T10:44:13Z
2016-09-12,13:00,2016-09-12T13:00:00-04:00,2016-09-12T17:00:00Z,12:00,NOMINAL,3y,original,False,Note,3-Year,3-Year,No,9128282G4,2016-09-15,2019-09-15,24000000000,23952000000,9711000000,1115980000,13125020000,24000039100,0,0.9470,2.770000,0.405436,2016-09-08,R_20160912_4.pdf,NOMINAL-10y@13:00,"https://api.fiscaldata.treasury.gov/services/api/fiscal_service/v1/accounting/od/auctions_query?filter=security_type:in:(Note,Bond),auction_date:gte:2009-01-01&page%5Bsize%5D=10000&page%5Bnumber%5D=1&sort=auction_date",fetched,2026-09-30T10:44:13Z
2016-09-13,13:00,2016-09-13T13:00:00-04:00,2016-09-13T17:00:00Z,12:00,NOMINAL,30y,original,False,Bond,29-Year 11-Month,30-Year,Yes,912810RT7,2016-09-15,2046-08-15,12000000000,11981287900,4489864800,549493200,6941929900,12000017800,0,2.4750,2.130000,0.374740,2016-09-08,R_20160913_3.pdf,,"https://api.fiscaldata.treasury.gov/services/api/fiscal_service/v1/accounting/od/auctions_query?filter=security_type:in:(Note,Bond),auction_date:gte:2009-01-01&page%5Bsize%5D=10000&page%5Bnumber%5D=1&sort=auction_date",fetched,2026-09-30T10:44:13Z
2016-09-22,13:00,2016-09-22T13:00:00-04:00,2016-09-22T17:00:00Z,12:00,TIPS,10y,original,False,Note,9-Year 10-Month,10-Year,Yes,912828S50,2016-09-30,2026-07-15,11000000000,10983085000,3278510000,48000000,7656575000,11670544400,670542000,0.0520,2.590000,0.298505,2016-09-15,R_20160922_1.pdf,,"https://api.fiscaldata.treasury.gov/services/api/fiscal_service/v1/accounting/od/auctions_query?filter=security_type:in:(Note,Bond),auction_date:gte:2009-01-01&page%5Bsize%5D=10000&page%5Bnumber%5D=1&sort=auction_date",fetched,2026-09-30T10:44:13Z
2016-09-26,13:00,2016-09-26T13:00:00-04:00,2016-09-26T17:00:00Z,12:00,NOMINAL,2y,original,False,Note,2-Year,2-Year,No,912828T42,2016-09-30,2018-09-30,26000000000,25825977500,11459237500,4898250000,9468490000,27585092300,1584917700,0.7500,2.650000,0.443710,2016-09-22,R_20160926_3.pdf,,"https://api.fiscaldata.treasury.gov/services/api/fiscal_service/v1/accounting/od/auctions_query?filter=security_type:in:(Note,Bond),auction_date:gte:2009-01-01&page%5Bsize%5D=10000&page%5Bnumber%5D=1&sort=auction_date",fetched,2026-09-30T10:44:13Z
2016-09-27,13:00,2016-09-27T13:00:00-04:00,2016-09-27T17:00:00Z,12:00,NOMINAL,5y,original,False,Note,5-Year,5-Year,No,912828T34,2016-09-30,2021-09-30,34000000000,33962157800,11593594000,1504276000,20864287800,36072640100,2072584500,1.1290,2.390000,0.341368,2016-09-22,R_20160927_2.pdf,,"https://api.fiscaldata.treasury.gov/services/api/fiscal_service/v1/accounting/od/auctions_query?filter=security_type:in:(Note,Bond),auction_date:gte:2009-01-01&page%5Bsize%5D=10000&page%5Bnumber%5D=1&sort=auction_date",fetched,2026-09-30T10:44:13Z
2016-09-28,11:30,2016-09-28T11:30:00-04:00,2016-09-28T15:30:00Z,11:00,FRN,2y,original,False,Note,1-Year 10-Month,2-Year,Yes,912828S84,2016-09-30,2018-07-31,13000000000,12993599500,7308395000,0,5685204500,13792479300,792458900,,3.090000,0.562461,2016-09-22,R_20160928_1.pdf,NOMINAL-7y@13:00,"https://api.fiscaldata.treasury.gov/services/api/fiscal_service/v1/accounting/od/auctions_query?filter=security_type:in:(Note,Bond),auction_date:gte:2009-01-01&page%5Bsize%5D=10000&page%5Bnumber%5D=1&sort=auction_date",fetched,2026-09-30T10:44:13Z
2016-09-28,13:00,2016-09-28T13:00:00-04:00,2016-09-28T17:00:00Z,12:00,NOMINAL,7y,original,False,Note,7-Year,7-Year,No,912828T26,2016-09-30,2023-09-30,28000000000,27986791500,8444592500,2927000000,16615199000,29706834800,1706834300,1.3890,2.470000,0.301735,2016-09-22,R_20160928_2.pdf,FRN-2y@11:30,"https://api.fiscaldata.treasury.gov/services/api/fiscal_service/v1/accounting/od/auctions_query?filter=security_type:in:(Note,Bond),auction_date:gte:2009-01-01&page%5Bsize%5D=10000&page%5Bnumber%5D=1&sort=auction_date",fetched,2026-09-30T10:44:13Z
2016-10-12,11:30,2016-10-12T11:30:00-04:00,2016-10-12T15:30:00Z,11:00,NOMINAL,3y,original,False,Note,3-Year,3-Year,No,912828T59,2016-10-17,2019-10-15,24000000000,23960507200,9044147200,2423960000,12492400000,24000052900,0,1.0450,2.920000,0.377461,2016-10-06,R_20161012_1.pdf,NOMINAL-10y@13:00,"https://api.fiscaldata.treasury.gov/services/api/fiscal_service/v1/accounting/od/auctions_query?filter=security_type:in:(Note,Bond),auction_date:gte:2009-01-01&page%5Bsize%5D=10000&page%5Bnumber%5D=1&sort=auction_date",fetched,2026-09-30T10:44:13Z
2016-10-12,13:00,2016-10-12T13:00:00-04:00,2016-10-12T17:00:00Z,12:00,NOMINAL,10y,original,False,Note,9-Year 10-Month,10-Year,Yes,9128282A7,2016-10-17,2026-08-15,20000000000,19991812500,6125650000,1325150000,12541012500,20000021100,0,1.7930,2.530000,0.306408,2016-10-06,R_20161012_2.pdf,NOMINAL-3y@11:30,"https://api.fiscaldata.treasury.gov/services/api/fiscal_service/v1/accounting/od/auctions_query?filter=security_type:in:(Note,Bond),auction_date:gte:2009-01-01&page%5Bsize%5D=10000&page%5Bnumber%5D=1&sort=auction_date",fetched,2026-09-30T10:44:13Z
2016-10-13,13:00,2016-10-13T13:00:00-04:00,2016-10-13T17:00:00Z,12:00,NOMINAL,30y,original,False,Bond,29-Year 10-Month,30-Year,Yes,912810RT7,2016-10-17,2046-08-15,12000000000,11993142200,3415405000,735000000,7842737200,12000031000,0,2.4700,2.440000,0.284780,2016-10-06,R_20161013_1.pdf,,"https://api.fiscaldata.treasury.gov/services/api/fiscal_service/v1/accounting/od/auctions_query?filter=security_type:in:(Note,Bond),auction_date:gte:2009-01-01&page%5Bsize%5D=10000&page%5Bnumber%5D=1&sort=auction_date",fetched,2026-09-30T10:44:13Z
2016-10-20,13:00,2016-10-20T13:00:00-04:00,2016-10-20T17:00:00Z,12:00,TIPS,30y,original,False,Bond,29-Year 4-Month,30-Year,Yes,912810RR1,2016-10-31,2046-02-15,5000000000,4991818500,1076856000,452000000,3462962500,5302274500,302268600,0.6660,2.280000,0.215724,2016-10-13,R_20161020_1.pdf,,"https://api.fiscaldata.treasury.gov/services/api/fiscal_service/v1/accounting/od/auctions_query?filter=security_type:in:(Note,Bond),auction_date:gte:2009-01-01&page%5Bsize%5D=10000&page%5Bnumber%5D=1&sort=auction_date",fetched,2026-09-30T10:44:13Z
2016-10-25,13:00,2016-10-25T13:00:00-04:00,2016-10-25T17:00:00Z,12:00,NOMINAL,2y,original,False,Note,2-Year,2-Year,No,912828T83,2016-10-31,2018-10-31,26000000000,25816184600,14507789600,2602780000,8705615000,27571869400,1571797000,0.8550,2.530000,0.561965,2016-10-20,R_20161025_2.pdf,,"https://api.fiscaldata.treasury.gov/services/api/fiscal_service/v1/accounting/od/auctions_query?filter=security_type:in:(Note,Bond),auction_date:gte:2009-01-01&page%5Bsize%5D=10000&page%5Bnumber%5D=1&sort=auction_date",fetched,2026-09-30T10:44:13Z
2016-10-26,11:30,2016-10-26T11:30:00-04:00,2016-10-26T15:30:00Z,11:00,FRN,2y,original,False,Note,2-Year,2-Year,No,912828T75,2016-10-31,2018-10-31,15000000000,14992260000,9186080000,200000000,5606180000,15906838800,906806000,,3.350000,0.612721,2016-10-20,R_20161026_1.pdf,NOMINAL-5y@13:00,"https://api.fiscaldata.treasury.gov/services/api/fiscal_service/v1/accounting/od/auctions_query?filter=security_type:in:(Note,Bond),auction_date:gte:2009-01-01&page%5Bsize%5D=10000&page%5Bnumber%5D=1&sort=auction_date",fetched,2026-09-30T10:44:13Z
2016-10-26,13:00,2016-10-26T13:00:00-04:00,2016-10-26T17:00:00Z,12:00,NOMINAL,5y,original,False,Note,5-Year,5-Year,No,912828T67,2016-10-31,2021-10-31,34000000000,33966348500,12021660000,1650000000,20294688500,36055478500,2055426700,1.3030,2.490000,0.353929,2016-10-20,R_20161026_2.pdf,FRN-2y@11:30,"https://api.fiscaldata.treasury.gov/services/api/fiscal_service/v1/accounting/od/auctions_query?filter=security_type:in:(Note,Bond),auction_date:gte:2009-01-01&page%5Bsize%5D=10000&page%5Bnumber%5D=1&sort=auction_date",fetched,2026-09-30T10:44:13Z
2016-10-27,13:00,2016-10-27T13:00:00-04:00,2016-10-27T17:00:00Z,12:00,NOMINAL,7y,original,False,Note,7-Year,7-Year,No,912828T91,2016-10-31,2023-10-31,28000000000,27984258400,7087321800,3684000000,17212936600,29692705500,1692704300,1.6530,2.490000,0.253261,2016-10-20,R_20161027_1.pdf,,"https://api.fiscaldata.treasury.gov/services/api/fiscal_service/v1/accounting/od/auctions_query?filter=security_type:in:(Note,Bond),auction_date:gte:2009-01-01&page%5Bsize%5D=10000&page%5Bnumber%5D=1&sort=auction_date",fetched,2026-09-30T10:44:13Z
2016-11-08,13:00,2016-11-08T13:00:00-05:00,2016-11-08T18:00:00Z,12:00,NOMINAL,3y,original,False,Note,3-Year,3-Year,No,912828U32,2016-11-15,2019-11-15,24000000000,23959084800,11910842300,1831000000,10217242500,29254188300,5254109900,1.0340,2.690000,0.497133,2016-11-02,R_20161108_3.pdf,,"https://api.fiscaldata.treasury.gov/services/api/fiscal_service/v1/accounting/od/auctions_query?filter=security_type:in:(Note,Bond),auction_date:gte:2009-01-01&page%5Bsize%5D=10000&page%5Bnumber%5D=1&sort=auction_date",fetched,2026-09-30T10:44:13Z
2016-11-09,13:00,2016-11-09T13:00:00-05:00,2016-11-09T18:00:00Z,12:00,NOMINAL,10y,original,False,Note,10-Year,10-Year,No,912828U24,2016-11-15,2026-11-15,23000000000,22979766000,9000303000,1917558000,12061905000,28035256900,5035188500,2.0200,2.220000,0.391662,2016-11-02,R_20161109_1.pdf,,"https://api.fiscaldata.treasury.gov/services/api/fiscal_service/v1/accounting/od/auctions_query?filter=security_type:in:(Note,Bond),auction_date:gte:2009-01-01&page%5Bsize%5D=10000&page%5Bnumber%5D=1&sort=auction_date",fetched,2026-09-30T10:44:13Z
2016-11-10,13:00,2016-11-10T13:00:00-05:00,2016-11-10T18:00:00Z,12:00,NOMINAL,30y,original,False,Bond,30-Year,30-Year,No,912810RU4,2016-11-15,2046-11-15,15000000000,14990499200,4955112000,1873000000,8162387200,18283818600,3283818600,2.9020,2.110000,0.330550,2016-11-02,R_20161110_1.pdf,,"https://api.fiscaldata.treasury.gov/services/api/fiscal_service/v1/accounting/od/auctions_query?filter=security_type:in:(Note,Bond),auction_date:gte:2009-01-01&page%5Bsize%5D=10000&page%5Bnumber%5D=1&sort=auction_date",fetched,2026-09-30T10:44:13Z
2016-11-17,13:00,2016-11-17T13:00:00-05:00,2016-11-17T18:00:00Z,12:00,TIPS,10y,original,False,Note,9-Year 8-Month,10-Year,Yes,912828S50,2016-11-30,2026-07-15,11000000000,10976237500,1999000000,1020000000,7957237500,12170751300,1170750500,0.3690,2.390000,0.182121,2016-11-10,R_20161117_1.pdf,,"https://api.fiscaldata.treasury.gov/services/api/fiscal_service/v1/accounting/od/auctions_query?filter=security_type:in:(Note,Bond),auction_date:gte:2009-01-01&page%5Bsize%5D=10000&page%5Bnumber%5D=1&sort=auction_date",fetched,2026-09-30T10:44:13Z
2016-11-21,13:00,2016-11-21T13:00:00-05:00,2016-11-21T18:00:00Z,12:00,NOMINAL,2y,original,False,Note,2-Year,2-Year,No,912828U40,2016-11-30,2018-11-30,26000000000,25845402500,13121590000,3471600000,9252212500,28767455900,2767228700,1.0850,2.730000,0.507695,2016-11-17,R_20161121_3.pdf,,"https://api.fiscaldata.treasury.gov/services/api/fiscal_service/v1/accounting/od/auctions_query?filter=security_type:in:(Note,Bond),auction_date:gte:2009-01-01&page%5Bsize%5D=10000&page%5Bnumber%5D=1&sort=auction_date",fetched,2026-09-30T10:44:13Z
2016-11-22,11:30,2016-11-22T11:30:00-05:00,2016-11-22T16:30:00Z,11:00,FRN,2y,original,False,Note,1-Year 11-Month,2-Year,Yes,912828T75,2016-11-25,2018-10-31,13000000000,12989875000,6276800000,50750000,6662325000,13000003100,0,,3.320000,0.483207,2016-11-17,R_20161122_1.pdf,NOMINAL-5y@13:00,"https://api.fiscaldata.treasury.gov/services/api/fiscal_service/v1/accounting/od/auctions_query?filter=security_type:in:(Note,Bond),auction_date:gte:2009-01-01&page%5Bsize%5D=10000&page%5Bnumber%5D=1&sort=auction_date",fetched,2026-09-30T10:44:13Z
2016-11-22,13:00,2016-11-22T13:00:00-05:00,2016-11-22T18:00:00Z,12:00,NOMINAL,5y,original,False,Note,5-Year,5-Year,No,912828U65,2016-11-30,2021-11-30,34000000000,33958792000,12119965500,1539000000,20299826500,37618703900,3618683700,1.7600,2.440000,0.356902,2016-11-17,R_20161122_3.pdf,FRN-2y@11:30,"https://api.fiscaldata.treasury.gov/services/api/fiscal_service/v1/accounting/od/auctions_query?filter=security_type:in:(Note,Bond),auction_date:gte:2009-01-01&page%5Bsize%5D=10000&page%5Bnumber%5D=1&sort=auction_date",fetched,2026-09-30T10:44:13Z
2016-11-23,11:30,2016-11-23T11:30:00-05:00,2016-11-23T16:30:00Z,11:00,NOMINAL,7y,original,False,Note,7-Year,7-Year,No,912828U57,2016-11-30,2023-11-30,28000000000,27983649000,5034150000,2618000000,20331499000,30980130700,2980092400,2.2150,2.680000,0.179896,2016-11-17,R_20161123_1.pdf,,"https://api.fiscaldata.treasury.gov/services/api/fiscal_service/v1/accounting/od/auctions_query?filter=security_type:in:(Note,Bond),auction_date:gte:2009-01-01&page%5Bsize%5D=10000&page%5Bnumber%5D=1&sort=auction_date",fetched,2026-09-30T10:44:13Z
2016-12-12,11:30,2016-12-12T11:30:00-05:00,2016-12-12T16:30:00Z,11:00,NOMINAL,3y,original,False,Note,3-Year,3-Year,No,912828U73,2016-12-15,2019-12-15,24000000000,23947682500,11608835000,2145000000,10193847500,24000151800,0,1.4520,2.650000,0.484758,2016-12-08,R_20161212_2.pdf,NOMINAL-10y@13:00,"https://api.fiscaldata.treasury.gov/services/api/fiscal_service/v1/accounting/od/auctions_query?filter=security_type:in:(Note,Bond),auction_date:gte:2009-01-01&page%5Bsize%5D=10000&page%5Bnumber%5D=1&sort=auction_date",fetched,2026-09-30T10:44:13Z
2016-12-12,13:00,2016-12-12T13:00:00-05:00,2016-12-12T18:00:00Z,12:00,NOMINAL,10y,original,False,Note,9-Year 11-Month,10-Year,Yes,912828U24,2016-12-15,2026-11-15,20000000000,19981417000,7292097000,1200500000,11488820000,20000048000,0,2.4850,2.390000,0.364944,2016-12-08,R_20161212_3.pdf,NOMINAL-3y@11:30,"https://api.fiscaldata.treasury.gov/services/api/fiscal_service/v1/accounting/od/auctions_query?filter=security_type:in:(Note,Bond),auction_date:gte:2009-01-01&page%5Bsize%5D=10000&page%5Bnumber%5D=1&sort=auction_date",fetched,2026-09-30T10:44:13Z
2016-12-13,13:00,2016-12-13T13:00:00-05:00,2016-12-13T18:00:00Z,12:00,NOMINAL,30y,original,False,Bond,29-Year 11-Month,30-Year,Yes,912810RU4,2016-12-15,2046-11-15,12000000000,11994987400,3219265000,1115700000,7660022400,12000033700,0,3.1520,2.390000,0.268384,2016-12-08,R_20161213_2.pdf,,"https://api.fiscaldata.treasury.gov/services/api/fiscal_service/v1/accounting/od/auctions_query?filter=security_type:in:(Note,Bond),auction_date:gte:2009-01-01&page%5Bsize%5D=10000&page%5Bnumber%5D=1&sort=auction_date",fetched,2026-09-30T10:44:13Z
2016-12-22,13:00,2016-12-22T13:00:00-05:00,2016-12-22T18:00:00Z,12:00,TIPS,5y,original,False,Note,4-Year 4-Month,5-Year,Yes,912828Q60,2016-12-30,2021-04-15,14000000000,13962568100,2609800000,1116000000,10236768100,14000047700,0,0.1200,2.680000,0.186914,2016-12-15,R_20161222_1.pdf,,"https://api.fiscaldata.treasury.gov/services/api/fiscal_service/v1/accounting/od/auctions_query?filter=security_type:in:(Note,Bond),auction_date:gte:2009-01-01&page%5Bsize%5D=10000&page%5Bnumber%5D=1&sort=auction_date",fetched,2026-09-30T10:44:13Z
2016-12-27,13:00,2016-12-27T13:00:00-05:00,2016-12-27T18:00:00Z,12:00,NOMINAL,2y,original,False,Note,2-Year,2-Year,No,912828U99,2017-01-03,2018-12-31,26000000000,25826223000,14976848000,2394440000,8454935000,29457404400,3457357000,1.2800,2.440000,0.579909,2016-12-22,R_20161227_4.pdf,,"https://api.fiscaldata.treasury.gov/services/api/fiscal_service/v1/accounting/od/auctions_query?filter=security_type:in:(Note,Bond),auction_date:gte:2009-01-01&page%5Bsize%5D=10000&page%5Bnumber%5D=1&sort=auction_date",fetched,2026-09-30T10:44:13Z
2016-12-28,11:30,2016-12-28T11:30:00-05:00,2016-12-28T16:30:00Z,11:00,FRN,2y,original,False,Note,1-Year 10-Month,2-Year,Yes,912828T75,2016-12-30,2018-10-31,13000000000,12984009500,8129684500,200000,4854125000,13000063300,0,,3.800000,0.626131,2016-12-22,R_20161228_1.pdf,NOMINAL-5y@13:00,"https://api.fiscaldata.treasury.gov/services/api/fiscal_service/v1/accounting/od/auctions_query?filter=security_type:in:(Note,Bond),auction_date:gte:2009-01-01&page%5Bsize%5D=10000&page%5Bnumber%5D=1&sort=auction_date",fetched,2026-09-30T10:44:13Z
2016-12-28,13:00,2016-12-28T13:00:00-05:00,2016-12-28T18:00:00Z,12:00,NOMINAL,5y,original,False,Note,5-Year,5-Year,No,912828U81,2017-01-03,2021-12-31,34000000000,33949174000,8302740000,1404410000,24242024000,38521273600,4521159000,2.0570,2.720000,0.244564,2016-12-22,R_20161228_2.pdf,FRN-2y@11:30,"https://api.fiscaldata.treasury.gov/services/api/fiscal_service/v1/accounting/od/auctions_query?filter=security_type:in:(Note,Bond),auction_date:gte:2009-01-01&page%5Bsize%5D=10000&page%5Bnumber%5D=1&sort=auction_date",fetched,2026-09-30T10:44:13Z
2016-12-29,13:00,2016-12-29T13:00:00-05:00,2016-12-29T18:00:00Z,12:00,NOMINAL,7y,original,False,Note,7-Year,7-Year,No,912828V23,2017-01-03,2023-12-31,28000000000,27984987000,4769472000,5311700000,17903815000,31723405800,3723307400,2.2840,2.540000,0.170430,2016-12-22,R_20161229_1.pdf,,"https://api.fiscaldata.treasury.gov/services/api/fiscal_service/v1/accounting/od/auctions_query?filter=security_type:in:(Note,Bond),auction_date:gte:2009-01-01&page%5Bsize%5D=10000&page%5Bnumber%5D=1&sort=auction_date",fetched,2026-09-30T10:44:13Z
2017-01-10,13:00,2017-01-10T13:00:00-05:00,2017-01-10T18:00:00Z,12:00,NOMINAL,3y,original,False,Note,3-Year,3-Year,No,912828V31,2017-01-17,2020-01-15,24000000000,23948026000,9281376000,1591000000,13075650000,25329938900,1329851600,1.4720,2.970000,0.387563,2017-01-05,R_20170110_2.pdf,,"https://api.fiscaldata.treasury.gov/services/api/fiscal_service/v1/accounting/od/auctions_query?filter=security_type:in:(Note,Bond),auction_date:gte:2009-01-01&page%5Bsize%5D=10000&page%5Bnumber%5D=1&sort=auction_date",fetched,2026-09-30T10:44:13Z
2017-01-11,13:00,2017-01-11T13:00:00-05:00,2017-01-11T18:00:00Z,12:00,NOMINAL,10y,original,False,Note,9-Year 10-Month,10-Year,Yes,912828U24,2017-01-17,2026-11-15,20000000000,19986520000,4142500000,1748650000,14095370000,21108267300,1108209600,2.3420,2.580000,0.207265,2017-01-05,R_20170111_1.pdf,,"https://api.fiscaldata.treasury.gov/services/api/fiscal_service/v1/accounting/od/auctions_query?filter=security_type:in:(Note,Bond),auction_date:gte:2009-01-01&page%5Bsize%5D=10000&page%5Bnumber%5D=1&sort=auction_date",fetched,2026-09-30T10:44:13Z
2017-01-12,13:00,2017-01-12T13:00:00-05:00,2017-01-12T18:00:00Z,12:00,NOMINAL,30y,original,False,Bond,29-Year 10-Month,30-Year,Yes,912810RU4,2017-01-17,2046-11-15,12000000000,11994935000,3455500000,544000000,7995435000,12664929300,664925700,2.9140,2.320000,0.288080,2017-01-05,R_20170112_1.pdf,,"https://api.fiscaldata.treasury.gov/services/api/fiscal_service/v1/accounting/od/auctions_query?filter=security_type:in:(Note,Bond),auction_date:gte:2009-01-01&page%5Bsize%5D=10000&page%5Bnumber%5D=1&sort=auction_date",fetched,2026-09-30T10:44:13Z
2017-01-19,13:00,2017-01-19T13:00:00-05:00,2017-01-19T18:00:00Z,12:00,TIPS,10y,original,False,Note,10-Year,10-Year,No,912828V49,2017-01-31,2027-01-15,13000000000,12949970000,2060000000,910750000,9979220000,13824492200,824386300,0.4360,2.450000,0.159074,2017-01-12,R_20170119_1.pdf,,"https://api.fiscaldata.treasury.gov/services/api/fiscal_service/v1/accounting/od/auctions_query?filter=security_type:in:(Note,Bond),auction_date:gte:2009-01-01&page%5Bsize%5D=10000&page%5Bnumber%5D=1&sort=auction_date",fetched,2026-09-30T10:44:13Z
2017-01-24,13:00,2017-01-24T13:00:00-05:00,2017-01-24T18:00:00Z,12:00,NOMINAL,2y,original,False,Note,2-Year,2-Year,No,912828V56,2017-01-31,2019-01-31,26000000000,25846671000,10822100000,2406100000,12618471000,27648852500,1648772700,1.2100,2.680000,0.418704,2017-01-19,R_20170124_2.pdf,,"https://api.fiscaldata.treasury.gov/services/api/fiscal_service/v1/accounting/od/auctions_query?filter=security_type:in:(Note,Bond),auction_date:gte:2009-01-01&page%5Bsize%5D=10000&page%5Bnumber%5D=1&sort=auction_date",fetched,2026-09-30T10:44:13Z
2017-01-25,11:30,2017-01-25T11:30:00-05:00,2017-01-25T16:30:00Z,11:00,FRN,2y,original,False,Note,2-Year,2-Year,No,912828V64,2017-01-31,2019-01-31,15000000000,14977544000,10947180000,227859000,3802505000,15951334900,951215100,,3.160000,0.730906,2017-01-19,R_20170125_1.pdf,NOMINAL-5y@13:00,"https://api.fiscaldata.treasury.gov/services/api/fiscal_service/v1/accounting/od/auctions_query?filter=security_type:in:(Note,Bond),auction_date:gte:2009-01-01&page%5Bsize%5D=10000&page%5Bnumber%5D=1&sort=auction_date",fetched,2026-09-30T10:44:13Z
2017-01-25,13:00,2017-01-25T13:00:00-05:00,2017-01-25T18:00:00Z,12:00,NOMINAL,5y,original,False,Note,5-Year,5-Year,No,912828V72,2017-01-31,2022-01-31,34000000000,33955508400,10893680000,1577000000,21484828400,36156151000,2156087400,1.9880,2.380000,0.320822,2017-01-19,R_20170125_2.pdf,FRN-2y@11:30,"https://api.fiscaldata.treasury.gov/services/api/fiscal_service/v1/accounting/od/auctions_query?filter=security_type:in:(Note,Bond),auction_date:gte:2009-01-01&page%5Bsize%5D=10000&page%5Bnumber%5D=1&sort=auction_date",fetched,2026-09-30T10:44:13Z
2017-01-26,13:00,2017-01-26T13:00:00-05:00,2017-01-26T18:00:00Z,12:00,NOMINAL,7y,original,False,Note,7-Year,7-Year,No,912828V80,2017-01-31,2024-01-31,28000000000,27986313000,5780025000,1834075000,20372213000,29775647800,1775601300,2.3350,2.450000,0.206530,2017-01-19,R_20170126_1.pdf,,"https://api.fiscaldata.treasury.gov/services/api/fiscal_service/v1/accounting/od/auctions_query?filter=security_type:in:(Note,Bond),auction_date:gte:2009-01-01&page%5Bsize%5D=10000&page%5Bnumber%5D=1&sort=auction_date",fetched,2026-09-30T10:44:13Z
2017-02-07,13:00,2017-02-07T13:00:00-05:00,2017-02-07T18:00:00Z,12:00,NOMINAL,3y,original,False,Note,3-Year,3-Year,No,912828W22,2017-02-15,2020-02-15,24000000000,23949604000,8308604000,1940000000,13701000000,26771114900,2771052800,1.4230,2.780000,0.346920,2017-02-01,R_20170207_3.pdf,,"https://api.fiscaldata.treasury.gov/services/api/fiscal_service/v1/accounting/od/auctions_query?filter=security_type:in:(Note,Bond),auction_date:gte:2009-01-01&page%5Bsize%5D=10000&page%5Bnumber%5D=1&sort=auction_date",fetched,2026-09-30T10:44:13Z
2017-02-08,13:00,2017-02-08T13:00:00-05:00,2017-02-08T18:00:00Z,12:00,NOMINAL,10y,original,False,Note,10-Year,10-Year,No,912828V98,2017-02-15,2027-02-15,23000000000,22965537000,7016937000,1007000000,14941600000,25655599300,2655592300,2.3330,2.290000,0.305542,2017-02-01,R_20170208_1.pdf,,"https://api.fiscaldata.treasury.gov/services/api/fiscal_service/v1/accounting/od/auctions_query?filter=security_type:in:(Note,Bond),auction_date:gte:2009-01-01&page%5Bsize%5D=10000&page%5Bnumber%5D=1&sort=auction_date",fetched,2026-09-30T10:44:13Z
2017-02-09,13:00,2017-02-09T13:00:00-05:00,2017-02-09T18:00:00Z,12:00,NOMINAL,30y,original,False,Bond,30-Year,30-Year,No,912810RV2,2017-02-15,2047-02-15,15000000000,14995499500,4331882500,735000000,9928617000,16731908100,1731907900,3.0050,2.250000,0.288879,2017-02-01,R_20170209_1.pdf,,"https://api.fiscaldata.treasury.gov/services/api/fiscal_service/v1/accounting/od/auctions_query?filter=security_type:in:(Note,Bond),auction_date:gte:2009-01-01&page%5Bsize%5D=10000&page%5Bnumber%5D=1&sort=auction_date",fetched,2026-09-30T10:44:13Z
2017-02-16,13:00,2017-02-16T13:00:00-05:00,2017-02-16T18:00:00Z,12:00,TIPS,30y,original,False,Bond,30-Year,30-Year,No,912810RW0,2017-02-28,2047-02-15,7000000000,6979775000,1649420000,460000000,4870355000,7970819700,970809300,0.9230,2.250000,0.236314,2017-02-09,R_20170216_1.pdf,,"https://api.fiscaldata.treasury.gov/services/api/fiscal_service/v1/accounting/od/auctions_query?filter=security_type:in:(Note,Bond),auction_date:gte:2009-01-01&page%5Bsize%5D=10000&page%5Bnumber%5D=1&sort=auction_date",fetched,2026-09-30T10:44:13Z
2017-02-21,13:00,2017-02-21T13:00:00-05:00,2017-02-21T18:00:00Z,12:00,NOMINAL,2y,original,False,Note,2-Year,2-Year,No,912828W30,2017-02-28,2019-02-28,26000000000,25838140000,7784400000,5190000000,12863740000,29605874800,3605863300,1.2300,2.820000,0.301276,2017-02-16,R_20170221_3.pdf,,"https://api.fiscaldata.treasury.gov/services/api/fiscal_service/v1/accounting/od/auctions_query?filter=security_type:in:(Note,Bond),auction_date:gte:2009-01-01&page%5Bsize%5D=10000&page%5Bnumber%5D=1&sort=auction_date",fetched,2026-09-30T10:44:13Z
2017-02-22,11:30,2017-02-22T11:30:00-05:00,2017-02-22T16:30:00Z,11:00,FRN,2y,original,False,Note,1-Year 11-Month,2-Year,Yes,912828V64,2017-02-24,2019-01-31,13000000000,12989450000,6611300000,50000000,6328150000,13000014500,0,,3.080000,0.508975,2017-02-16,R_20170222_1.pdf,NOMINAL-5y@13:00,"https://api.fiscaldata.treasury.gov/services/api/fiscal_service/v1/accounting/od/auctions_query?filter=security_type:in:(Note,Bond),auction_date:gte:2009-01-01&page%5Bsize%5D=10000&page%5Bnumber%5D=1&sort=auction_date",fetched,2026-09-30T10:44:13Z
2017-02-22,13:00,2017-02-22T13:00:00-05:00,2017-02-22T18:00:00Z,12:00,NOMINAL,5y,original,False,Note,5-Year,5-Year,No,912828W55,2017-02-28,2022-02-28,34000000000,33947683000,11321540000,2864400000,19761743000,38715401600,4715359700,1.9370,2.290000,0.333500,2017-02-16,R_20170222_2.pdf,FRN-2y@11:30,"https://api.fiscaldata.treasury.gov/services/api/fiscal_service/v1/accounting/od/auctions_query?filter=security_type:in:(Note,Bond),auction_date:gte:2009-01-01&page%5Bsize%5D=10000&page%5Bnumber%5D=1&sort=auction_date",fetched,2026-09-30T10:44:13Z
2017-02-23,13:00,2017-02-23T13:00:00-05:00,2017-02-23T18:00:00Z,12:00,NOMINAL,7y,original,False,Note,7-Year,7-Year,No,912828W48,2017-02-28,2024-02-29,28000000000,27992594500,6946830000,3188200000,17857564500,31883241500,3883237300,2.1970,2.490000,0.248167,2017-02-16,R_20170223_1.pdf,,"https://api.fiscaldata.treasury.gov/services/api/fiscal_service/v1/accounting/od/auctions_query?filter=security_type:in:(Note,Bond),auction_date:gte:2009-01-01&page%5Bsize%5D=10000&page%5Bnumber%5D=1&sort=auction_date",fetched,2026-09-30T10:44:13Z
2017-03-07,13:00,2017-03-07T13:00:00-05:00,2017-03-07T18:00:00Z,12:00,NOMINAL,3y,original,False,Note,3-Year,3-Year,No,912828W63,2017-03-15,2020-03-15,24000000000,23838790000,10069650000,1999770000,11769370000,24000028000,0,1.6300,2.740000,0.422406,2017-03-02,R_20170307_3.pdf,,"https://api.fiscaldata.treasury.gov/services/api/fiscal_service/v1/accounting/od/auctions_query?filter=security_type:in:(Note,Bond),auction_date:gte:2009-01-01&page%5Bsize%5D=10000&page%5Bnumber%5D=1&sort=auction_date",fetched,2026-09-30T10:44:13Z
2017-03-08,13:00,2017-03-08T13:00:00-05:00,2017-03-08T18:00:00Z,12:00,NOMINAL,10y,original,False,Note,9-Year 11-Month,10-Year,Yes,912828V98,2017-03-15,2027-02-15,20000000000,19990395000,3709102500,3136025000,13145267500,20000066600,0,2.5600,2.660000,0.185544,2017-03-02,R_20170308_1.pdf,,"https://api.fiscaldata.treasury.gov/services/api/fiscal_service/v1/accounting/od/auctions_query?filter=security_type:in:(Note,Bond),auction_date:gte:2009-01-01&page%5Bsize%5D=10000&page%5Bnumber%5D=1&sort=auction_date",fetched,2026-09-30T10:44:13Z
2017-03-09,13:00,2017-03-09T13:00:00-05:00,2017-03-09T18:00:00Z,12:00,NOMINAL,30y,original,False,Bond,29-Year 11-Month,30-Year,Yes,912810RV2,2017-03-15,2047-02-15,12000000000,11993718400,3098049500,1573065400,7322603500,12000003100,0,3.1700,2.340000,0.258306,2017-03-02,R_20170309_1.pdf,,"https://api.fiscaldata.treasury.gov/services/api/fiscal_service/v1/accounting/od/auctions_query?filter=security_type:in:(Note,Bond),auction_date:gte:2009-01-01&page%5Bsize%5D=10000&page%5Bnumber%5D=1&sort=auction_date",fetched,2026-09-30T10:44:13Z
2017-03-23,13:00,2017-03-23T13:00:00-04:00,2017-03-23T17:00:00Z,12:00,TIPS,10y,original,False,Note,9-Year 10-Month,10-Year,Yes,912828V49,2017-03-31,2027-01-15,11000000000,10978393400,2235000000,1710000000,7033393400,12331743000,1331722600,0.4660,2.230000,0.203582,2017-03-16,R_20170323_1.pdf,,"https://api.fiscaldata.treasury.gov/services/api/fiscal_service/v1/accounting/od/auctions_query?filter=security_type:in:(Note,Bond),auction_date:gte:2009-01-01&page%5Bsize%5D=10000&page%5Bnumber%5D=1&sort=auction_date",fetched,2026-09-30T10:44:13Z
2017-03-27,13:00,2017-03-27T13:00:00-04:00,2017-03-27T17:00:00Z,12:00,NOMINAL,2y,original,False,Note,2-Year,2-Year,No,912828W97,2017-03-31,2019-03-31,26000000000,25728012500,9174612500,2768000000,13785400000,29147741400,3147708100,1.2610,2.730000,0.356600,2017-03-23,R_20170327_3.pdf,,"https://api.fiscaldata.treasury.gov/services/api/fiscal_service/v1/accounting/od/auctions_query?filter=security_type:in:(Note,Bond),auction_date:gte:2009-01-01&page%5Bsize%5D=10000&page%5Bnumber%5D=1&sort=auction_date",fetched,2026-09-30T10:44:13Z
2017-03-28,13:00,2017-03-28T13:00:00-04:00,2017-03-28T17:00:00Z,12:00,NOMINAL,5y,original,False,Note,5-Year,5-Year,No,912828W89,2017-03-31,2022-03-31,34000000000,33941214500,8948845000,1613000000,23379369500,38116242400,4116233700,1.9500,2.370000,0.263657,2017-03-23,R_20170328_3.pdf,,"https://api.fiscaldata.treasury.gov/services/api/fiscal_service/v1/accounting/od/auctions_query?filter=security_type:in:(Note,Bond),auction_date:gte:2009-01-01&page%5Bsize%5D=10000&page%5Bnumber%5D=1&sort=auction_date",fetched,2026-09-30T10:44:13Z
2017-03-29,11:30,2017-03-29T11:30:00-04:00,2017-03-29T15:30:00Z,11:00,FRN,2y,original,False,Note,1-Year 10-Month,2-Year,Yes,912828V64,2017-03-31,2019-01-31,13000000000,12994035000,7643035000,100045000,5250955000,14573931800,1573854100,,3.430000,0.588196,2017-03-23,R_20170329_1.pdf,NOMINAL-7y@13:00,"https://api.fiscaldata.treasury.gov/services/api/fiscal_service/v1/accounting/od/auctions_query?filter=security_type:in:(Note,Bond),auction_date:gte:2009-01-01&page%5Bsize%5D=10000&page%5Bnumber%5D=1&sort=auction_date",fetched,2026-09-30T10:44:13Z
2017-03-29,13:00,2017-03-29T13:00:00-04:00,2017-03-29T17:00:00Z,12:00,NOMINAL,7y,original,False,Note,7-Year,7-Year,No,912828W71,2017-03-31,2024-03-31,28000000000,27987754000,5736880000,2350000000,19900874000,31389847400,3389839400,2.2150,2.560000,0.204978,2017-03-23,R_20170329_2.pdf,FRN-2y@11:30,"https://api.fiscaldata.treasury.gov/services/api/fiscal_service/v1/accounting/od/auctions_query?filter=security_type:in:(Note,Bond),auction_date:gte:2009-01-01&page%5Bsize%5D=10000&page%5Bnumber%5D=1&sort=auction_date",fetched,2026-09-30T10:44:13Z
2017-04-10,13:00,2017-04-10T13:00:00-04:00,2017-04-10T17:00:00Z,12:00,NOMINAL,3y,original,False,Note,3-Year,3-Year,No,912828X21,2017-04-17,2020-04-15,24000000000,23847530000,9508780000,1981000000,12357750000,24197292400,197264200,1.5250,2.620000,0.398732,2017-04-06,R_20170410_3.pdf,,"https://api.fiscaldata.treasury.gov/services/api/fiscal_service/v1/accounting/od/auctions_query?filter=security_type:in:(Note,Bond),auction_date:gte:2009-01-01&page%5Bsize%5D=10000&page%5Bnumber%5D=1&sort=auction_date",fetched,2026-09-30T10:44:13Z
2017-04-11,13:00,2017-04-11T13:00:00-04:00,2017-04-11T17:00:00Z,12:00,NOMINAL,10y,original,False,Note,9-Year 10-Month,10-Year,Yes,912828V98,2017-04-17,2027-02-15,20000000000,19992757500,5890517500,1063000000,13039240000,20164418800,164386800,2.3320,2.480000,0.294633,2017-04-06,R_20170411_2.pdf,,"https://api.fiscaldata.treasury.gov/services/api/fiscal_service/v1/accounting/od/auctions_query?filter=security_type:in:(Note,Bond),auction_date:gte:2009-01-01&page%5Bsize%5D=10000&page%5Bnumber%5D=1&sort=auction_date",fetched,2026-09-30T10:44:13Z
2017-04-12,13:00,2017-04-12T13:00:00-04:00,2017-04-12T17:00:00Z,12:00,NOMINAL,30y,original,False,Bond,29-Year 10-Month,30-Year,Yes,912810RV2,2017-04-17,2047-02-15,12000000000,11992750500,3563515000,698000000,7731235500,12098641600,98632100,2.9380,2.230000,0.297139,2017-04-06,R_20170412_1.pdf,,"https://api.fiscaldata.treasury.gov/services/api/fiscal_service/v1/accounting/od/auctions_query?filter=security_type:in:(Note,Bond),auction_date:gte:2009-01-01&page%5Bsize%5D=10000&page%5Bnumber%5D=1&sort=auction_date",fetched,2026-09-30T10:44:13Z
2017-04-20,13:00,2017-04-20T13:00:00-04:00,2017-04-20T17:00:00Z,12:00,TIPS,5y,original,False,Note,5-Year,5-Year,No,912828X39,2017-04-28,2022-04-15,16000000000,15919680000,2651620000,1459000000,11809060000,16000003300,0,-0.0490,2.520000,0.166562,2017-04-13,R_20170420_1.pdf,,"https://api.fiscaldata.treasury.gov/services/api/fiscal_service/v1/accounting/od/auctions_query?filter=security_type:in:(Note,Bond),auction_date:gte:2009-01-01&page%5Bsize%5D=10000&page%5Bnumber%5D=1&sort=auction_date",fetched,2026-09-30T10:44:13Z
2017-04-25,13:00,2017-04-25T13:00:00-04:00,2017-04-25T17:00:00Z,12:00,NOMINAL,2y,as_auctioned,False,Note,2-Year,7-Year,Yes,912828ST8,2017-05-01,2019-04-30,26000000000,25730103000,7629348000,2941000000,15159755000,29548676400,3548611100,1.2800,2.850000,0.296514,2017-04-20,R_20170425_3.pdf,,"https://api.fiscaldata.treasury.gov/services/api/fiscal_service/v1/accounting/od/auctions_query?filter=security_type:in:(Note,Bond),auction_date:gte:2009-01-01&page%5Bsize%5D=10000&page%5Bnumber%5D=1&sort=auction_date",fetched,2026-09-30T10:44:13Z
2017-04-26,11:30,2017-04-26T11:30:00-04:00,2017-04-26T15:30:00Z,11:00,FRN,2y,original,False,Note,2-Year,2-Year,No,912828X54,2017-05-01,2019-04-30,15000000000,14979774000,5525993000,50000000,9403781000,17047347300,2047275600,,3.350000,0.368897,2017-04-20,R_20170426_1.pdf,NOMINAL-5y@13:00,"https://api.fiscaldata.treasury.gov/services/api/fiscal_service/v1/accounting/od/auctions_query?filter=security_type:in:(Note,Bond),auction_date:gte:2009-01-01&page%5Bsize%5D=10000&page%5Bnumber%5D=1&sort=auction_date",fetched,2026-09-30T10:44:13Z
2017-04-26,13:00,2017-04-26T13:00:00-04:00,2017-04-26T17:00:00Z,12:00,NOMINAL,5y,original,False,Note,5-Year,5-Year,No,912828X47,2017-05-01,2022-04-30,34000000000,33963391400,12708157400,1796090000,19459144000,38640885200,4640491300,1.8750,2.340000,0.374172,2017-04-20,R_20170426_2.pdf,FRN-2y@11:30,"https://api.fiscaldata.treasury.gov/services/api/fiscal_service/v1/accounting/od/auctions_query?filter=security_type:in:(Note,Bond),auction_date:gte:2009-01-01&page%5Bsize%5D=10000&page%5Bnumber%5D=1&sort=auction_date",fetched,2026-09-30T10:44:13Z
2017-04-27,13:00,2017-04-27T13:00:00-04:00,2017-04-27T17:00:00Z,12:00,NOMINAL,7y,original,False,Note,7-Year,7-Year,No,912828X70,2017-05-01,2024-04-30,28000000000,27991657000,2456885000,2669000000,22865772000,31821585100,3821581100,2.0840,2.730000,0.087772,2017-04-20,R_20170427_1.pdf,,"https://api.fiscaldata.treasury.gov/services/api/fiscal_service/v1/accounting/od/auctions_query?filter=security_type:in:(Note,Bond),auction_date:gte:2009-01-01&page%5Bsize%5D=10000&page%5Bnumber%5D=1&sort=auction_date",fetched,2026-09-30T10:44:13Z
2017-05-09,13:00,2017-05-09T13:00:00-04:00,2017-05-09T17:00:00Z,12:00,NOMINAL,3y,original,False,Note,3-Year,3-Year,No,912828X96,2017-05-15,2020-05-15,24000000000,23850350000,9519850000,2222000000,12108500000,31929051900,7929035700,1.5720,2.760000,0.399149,2017-05-03,R_20170509_2.pdf,,"https://api.fiscaldata.treasury.gov/services/api/fiscal_service/v1/accounting/od/auctions_query?filter=security_type:in:(Note,Bond),auction_date:gte:2009-01-01&page%5Bsize%5D=10000&page%5Bnumber%5D=1&sort=auction_date",fetched,2026-09-30T10:44:13Z
2017-05-10,13:00,2017-05-10T13:00:00-04:00,2017-05-10T17:00:00Z,12:00,NOMINAL,10y,original,False,Note,10-Year,10-Year,No,912828X88,2017-05-15,2027-05-15,23000000000,22972960000,7861440000,1161920000,13949600000,30598792900,7598659100,2.4000,2.330000,0.342204,2017-05-03,R_20170510_1.pdf,,"https://api.fiscaldata.treasury.gov/services/api/fiscal_service/v1/accounting/od/auctions_query?filter=security_type:in:(Note,Bond),auction_date:gte:2009-01-01&page%5Bsize%5D=10000&page%5Bnumber%5D=1&sort=auction_date",fetched,2026-09-30T10:44:13Z
2017-05-11,13:00,2017-05-11T13:00:00-04:00,2017-05-11T17:00:00Z,12:00,NOMINAL,30y,original,False,Bond,30-Year,30-Year,No,912810RX8,2017-05-15,2047-05-15,15000000000,14987803000,5341230000,792000000,8854573000,19955665200,4955647200,3.0500,2.190000,0.356372,2017-05-03,R_20170511_1.pdf,,"https://api.fiscaldata.treasury.gov/services/api/fiscal_service/v1/accounting/od/auctions_query?filter=security_type:in:(Note,Bond),auction_date:gte:2009-01-01&page%5Bsize%5D=10000&page%5Bnumber%5D=1&sort=auction_date",fetched,2026-09-30T10:44:13Z
2017-05-18,13:00,2017-05-18T13:00:00-04:00,2017-05-18T17:00:00Z,12:00,TIPS,10y,original,False,Note,9-Year 8-Month,10-Year,Yes,912828V49,2017-05-31,2027-01-15,11000000000,10971200000,1243000000,918000000,8810200000,12323383200,1323344500,0.4200,2.560000,0.113297,2017-05-11,R_20170518_1.pdf,,"https://api.fiscaldata.treasury.gov/services/api/fiscal_service/v1/accounting/od/auctions_query?filter=security_type:in:(Note,Bond),auction_date:gte:2009-01-01&page%5Bsize%5D=10000&page%5Bnumber%5D=1&sort=auction_date",fetched,2026-09-30T10:44:13Z
2017-05-23,13:00,2017-05-23T13:00:00-04:00,2017-05-23T17:00:00Z,12:00,NOMINAL,2y,original,False,Note,2-Year,2-Year,No,912828XS4,2017-05-31,2019-05-31,26000000000,25776462000,7848100000,3197000000,14731362000,29127948000,3127905400,1.3160,2.900000,0.304468,2017-05-18,R_20170523_3.pdf,,"https://api.fiscaldata.treasury.gov/services/api/fiscal_service/v1/accounting/od/auctions_query?filter=security_type:in:(Note,Bond),auction_date:gte:2009-01-01&page%5Bsize%5D=10000&page%5Bnumber%5D=1&sort=auction_date",fetched,2026-09-30T10:44:13Z
2017-05-24,11:30,2017-05-24T11:30:00-04:00,2017-05-24T15:30:00Z,11:00,FRN,2y,original,False,Note,1-Year 11-Month,2-Year,Yes,912828X54,2017-05-26,2019-04-30,13000000000,12992350000,7592600000,100000000,5299750000,13000007400,0,,2.990000,0.584390,2017-05-18,R_20170524_1.pdf,NOMINAL-5y@13:00,"https://api.fiscaldata.treasury.gov/services/api/fiscal_service/v1/accounting/od/auctions_query?filter=security_type:in:(Note,Bond),auction_date:gte:2009-01-01&page%5Bsize%5D=10000&page%5Bnumber%5D=1&sort=auction_date",fetched,2026-09-30T10:44:13Z
2017-05-24,13:00,2017-05-24T13:00:00-04:00,2017-05-24T17:00:00Z,12:00,NOMINAL,5y,original,False,Note,5-Year,5-Year,No,912828XR6,2017-05-31,2022-05-31,34000000000,33931858000,7713724000,2916000000,23302134000,38090349900,4090337700,1.8310,2.670000,0.227330,2017-05-18,R_20170524_2.pdf,FRN-2y@11:30,"https://api.fiscaldata.treasury.gov/services/api/fiscal_service/v1/accounting/od/auctions_query?filter=security_type:in:(Note,Bond),auction_date:gte:2009-01-01&page%5Bsize%5D=10000&page%5Bnumber%5D=1&sort=auction_date",fetched,2026-09-30T10:44:13Z
2017-05-25,13:00,2017-05-25T13:00:00-04:00,2017-05-25T17:00:00Z,12:00,NOMINAL,7y,original,False,Note,7-Year,7-Year,No,912828XT2,2017-05-31,2024-05-31,28000000000,27991040000,6043716000,4806408000,17140916000,31368553400,3368513400,2.0600,2.540000,0.215916,2017-05-18,R_20170525_1.pdf,,"https://api.fiscaldata.treasury.gov/services/api/fiscal_service/v1/accounting/od/auctions_query?filter=security_type:in:(Note,Bond),auction_date:gte:2009-01-01&page%5Bsize%5D=10000&page%5Bnumber%5D=1&sort=auction_date",fetched,2026-09-30T10:44:13Z
2017-06-12,11:30,2017-06-12T11:30:00-04:00,2017-06-12T15:30:00Z,11:00,NOMINAL,3y,original,False,Note,3-Year,3-Year,No,912828XU9,2017-06-15,2020-06-15,24000000000,23823072000,6707164000,1484000000,15631908000,24000079600,0,1.5000,3.000000,0.281541,2017-06-08,R_20170612_1.pdf,NOMINAL-10y@13:00,"https://api.fiscaldata.treasury.gov/services/api/fiscal_service/v1/accounting/od/auctions_query?filter=security_type:in:(Note,Bond),auction_date:gte:2009-01-01&page%5Bsize%5D=10000&page%5Bnumber%5D=1&sort=auction_date",fetched,2026-09-30T10:44:13Z
2017-06-12,13:00,2017-06-12T13:00:00-04:00,2017-06-12T17:00:00Z,12:00,NOMINAL,10y,original,False,Note,9-Year 11-Month,10-Year,Yes,912828X88,2017-06-15,2027-05-15,20000000000,19990115500,5707695000,1061063000,13221357500,20000060600,0,2.1950,2.540000,0.285526,2017-06-08,R_20170612_4.pdf,NOMINAL-3y@11:30,"https://api.fiscaldata.treasury.gov/services/api/fiscal_service/v1/accounting/od/auctions_query?filter=security_type:in:(Note,Bond),auction_date:gte:2009-01-01&page%5Bsize%5D=10000&page%5Bnumber%5D=1&sort=auction_date",fetched,2026-09-30T10:44:13Z
2017-06-13,13:00,2017-06-13T13:00:00-04:00,2017-06-13T17:00:00Z,12:00,NOMINAL,30y,original,False,Bond,29-Year 11-Month,30-Year,Yes,912810RX8,2017-06-15,2047-05-15,12000000000,11997542500,3548471000,805000000,7644071500,12000003200,0,2.8700,2.320000,0.295766,2017-06-08,R_20170613_2.pdf,,"https://api.fiscaldata.treasury.gov/services/api/fiscal_service/v1/accounting/od/auctions_query?filter=security_type:in:(Note,Bond),auction_date:gte:2009-01-01&page%5Bsize%5D=10000&page%5Bnumber%5D=1&sort=auction_date",fetched,2026-09-30T10:44:13Z
2017-06-22,13:00,2017-06-22T13:00:00-04:00,2017-06-22T17:00:00Z,12:00,TIPS,30y,original,False,Bond,29-Year 8-Month,30-Year,Yes,912810RW0,2017-06-30,2047-02-15,5000000000,4990663800,772732400,421000000,3796931400,5607779400,607773900,0.8800,2.830000,0.154836,2017-06-15,R_20170622_1.pdf,,"https://api.fiscaldata.treasury.gov/services/api/fiscal_service/v1/accounting/od/auctions_query?filter=security_type:in:(Note,Bond),auction_date:gte:2009-01-01&page%5Bsize%5D=10000&page%5Bnumber%5D=1&sort=auction_date",fetched,2026-09-30T10:44:13Z
2017-06-26,13:00,2017-06-26T13:00:00-04:00,2017-06-26T17:00:00Z,12:00,NOMINAL,2y,original,False,Note,2-Year,2-Year,No,912828XV7,2017-06-30,2019-06-30,26000000000,25723844900,6440040000,4720000000,14563804900,29160503600,3160424300,1.3480,3.030000,0.250353,2017-06-22,R_20170626_3.pdf,,"https://api.fiscaldata.treasury.gov/services/api/fiscal_service/v1/accounting/od/auctions_query?filter=security_type:in:(Note,Bond),auction_date:gte:2009-01-01&page%5Bsize%5D=10000&page%5Bnumber%5D=1&sort=auction_date",fetched,2026-09-30T10:44:13Z
2017-06-27,13:00,2017-06-27T13:00:00-04:00,2017-06-27T17:00:00Z,12:00,NOMINAL,5y,original,False,Note,5-Year,5-Year,No,912828XW5,2017-06-30,2022-06-30,34000000000,33949132000,8691815000,3118000000,22139317000,38132873500,4132862500,1.8280,2.330000,0.256025,2017-06-22,R_20170627_2.pdf,,"https://api.fiscaldata.treasury.gov/services/api/fiscal_service/v1/accounting/od/auctions_query?filter=security_type:in:(Note,Bond),auction_date:gte:2009-01-01&page%5Bsize%5D=10000&page%5Bnumber%5D=1&sort=auction_date",fetched,2026-09-30T10:44:13Z
2017-06-28,11:30,2017-06-28T11:30:00-04:00,2017-06-28T15:30:00Z,11:00,FRN,2y,original,False,Note,1-Year 10-Month,2-Year,Yes,912828X54,2017-06-30,2019-04-30,13000000000,12995110000,4767600000,25000000,8202510000,14580256200,1580212200,,3.130000,0.366876,2017-06-22,R_20170628_1.pdf,NOMINAL-7y@13:00,"https://api.fiscaldata.treasury.gov/services/api/fiscal_service/v1/accounting/od/auctions_query?filter=security_type:in:(Note,Bond),auction_date:gte:2009-01-01&page%5Bsize%5D=10000&page%5Bnumber%5D=1&sort=auction_date",fetched,2026-09-30T10:44:13Z
2017-06-28,13:00,2017-06-28T13:00:00-04:00,2017-06-28T17:00:00Z,12:00,NOMINAL,7y,original,False,Note,7-Year,7-Year,No,912828XX3,2017-06-30,2024-06-30,28000000000,27988950500,7041487500,2634000000,18313463000,31403567900,3403533800,2.0560,2.460000,0.251581,2017-06-22,R_20170628_2.pdf,FRN-2y@11:30,"https://api.fiscaldata.treasury.gov/services/api/fiscal_service/v1/accounting/od/auctions_query?filter=security_type:in:(Note,Bond),auction_date:gte:2009-01-01&page%5Bsize%5D=10000&page%5Bnumber%5D=1&sort=auction_date",fetched,2026-09-30T10:44:13Z
2017-07-11,13:00,2017-07-11T13:00:00-04:00,2017-07-11T17:00:00Z,12:00,NOMINAL,3y,original,False,Note,3-Year,3-Year,No,9128282J8,2017-07-17,2020-07-15,24000000000,23831954000,8950362500,2348000000,12533591500,24547823000,547813900,1.5730,2.870000,0.375561,2017-07-06,R_20170711_2.pdf,,"https://api.fiscaldata.treasury.gov/services/api/fiscal_service/v1/accounting/od/auctions_query?filter=security_type:in:(Note,Bond),auction_date:gte:2009-01-01&page%5Bsize%5D=10000&page%5Bnumber%5D=1&sort=auction_date",fetched,2026-09-30T10:44:13Z
2017-07-12,13:00,2017-07-12T13:00:00-04:00,2017-07-12T17:00:00Z,12:00,NOMINAL,10y,original,False,Note,9-Year 10-Month,10-Year,Yes,912828X88,2017-07-17,2027-05-15,20000000000,19988308600,5887165000,1149000000,12952143600,20456565100,456511600,2.3250,2.450000,0.294530,2017-07-06,R_20170712_1.pdf,,"https://api.fiscaldata.treasury.gov/services/api/fiscal_service/v1/accounting/od/auctions_query?filter=security_type:in:(Note,Bond),auction_date:gte:2009-01-01&page%5Bsize%5D=10000&page%5Bnumber%5D=1&sort=auction_date",fetched,2026-09-30T10:44:13Z
2017-07-13,13:00,2017-07-13T13:00:00-04:00,2017-07-13T17:00:00Z,12:00,NOMINAL,30y,original,False,Bond,29-Year 10-Month,30-Year,Yes,912810RX8,2017-07-17,2047-05-15,12000000000,11995970000,3831640000,765000000,7399330000,12273921200,273906900,2.9360,2.310000,0.319411,2017-07-06,R_20170713_1.pdf,,"https://api.fiscaldata.treasury.gov/services/api/fiscal_service/v1/accounting/od/auctions_query?filter=security_type:in:(Note,Bond),auction_date:gte:2009-01-01&page%5Bsize%5D=10000&page%5Bnumber%5D=1&sort=auction_date",fetched,2026-09-30T10:44:13Z
2017-07-20,13:00,2017-07-20T13:00:00-04:00,2017-07-20T17:00:00Z,12:00,TIPS,10y,original,False,Note,10-Year,10-Year,No,9128282L3,2017-07-31,2027-07-15,13000000000,12976015000,5120735000,1044000000,6811280000,14321777400,1321770100,0.4890,1.980000,0.394631,2017-07-13,R_20170720_1.pdf,,"https://api.fiscaldata.treasury.gov/services/api/fiscal_service/v1/accounting/od/auctions_query?filter=security_type:in:(Note,Bond),auction_date:gte:2009-01-01&page%5Bsize%5D=10000&page%5Bnumber%5D=1&sort=auction_date",fetched,2026-09-30T10:44:13Z
2017-07-25,13:00,2017-07-25T13:00:00-04:00,2017-07-25T17:00:00Z,12:00,NOMINAL,2y,original,False,Note,2-Year,2-Year,No,9128282K5,2017-07-31,2019-07-31,26000000000,25716736500,6335781500,4347150000,15033805000,28643560700,2643540300,1.3950,3.060000,0.246368,2017-07-20,R_20170725_2.pdf,,"https://api.fiscaldata.treasury.gov/services/api/fiscal_service/v1/accounting/od/auctions_query?filter=security_type:in:(Note,Bond),auction_date:gte:2009-01-01&page%5Bsize%5D=10000&page%5Bnumber%5D=1&sort=auction_date",fetched,2026-09-30T10:44:13Z
2017-07-26,11:30,2017-07-26T11:30:00-04:00,2017-07-26T15:30:00Z,11:00,FRN,2y,original,False,Note,2-Year,2-Year,No,9128282M1,2017-07-31,2019-07-31,15000000000,14991978000,5803975000,305300000,8882703000,16525444600,1525119400,,3.320000,0.387139,2017-07-20,R_20170726_1.pdf,NOMINAL-5y@13:00,"https://api.fiscaldata.treasury.gov/services/api/fiscal_service/v1/accounting/od/auctions_query?filter=security_type:in:(Note,Bond),auction_date:gte:2009-01-01&page%5Bsize%5D=10000&page%5Bnumber%5D=1&sort=auction_date",fetched,2026-09-30T10:44:13Z
2017-07-26,13:00,2017-07-26T13:00:00-04:00,2017-07-26T17:00:00Z,12:00,NOMINAL,5y,original,False,Note,5-Year,5-Year,No,9128282P4,2017-07-31,2022-07-31,34000000000,33962774900,8170590500,2100000000,23692184400,37457038900,3456937200,1.8840,2.580000,0.240575,2017-07-20,R_20170726_2.pdf,FRN-2y@11:30,"https://api.fiscaldata.treasury.gov/services/api/fiscal_service/v1/accounting/od/auctions_query?filter=security_type:in:(Note,Bond),auction_date:gte:2009-01-01&page%5Bsize%5D=10000&page%5Bnumber%5D=1&sort=auction_date",fetched,2026-09-30T10:44:13Z
2017-07-27,13:00,2017-07-27T13:00:00-04:00,2017-07-27T17:00:00Z,12:00,NOMINAL,7y,original,False,Note,7-Year,7-Year,No,9128282N9,2017-07-31,2024-07-31,28000000000,27989153000,5772548000,3258000000,18958605000,30846902400,2846889500,2.1260,2.540000,0.206242,2017-07-20,R_20170727_2.pdf,,"https://api.fiscaldata.treasury.gov/services/api/fiscal_service/v1/accounting/od/auctions_query?filter=security_type:in:(Note,Bond),auction_date:gte:2009-01-01&page%5Bsize%5D=10000&page%5Bnumber%5D=1&sort=auction_date",fetched,2026-09-30T10:44:13Z
2017-08-08,13:00,2017-08-08T13:00:00-04:00,2017-08-08T17:00:00Z,12:00,NOMINAL,3y,original,False,Note,3-Year,3-Year,No,9128282Q2,2017-08-15,2020-08-15,24000000000,23847186000,6149130000,2423890000,15274166000,31221297500,7221290400,1.5200,3.130000,0.257856,2017-08-02,R_20170808_2.pdf,,"https://api.fiscaldata.treasury.gov/services/api/fiscal_service/v1/accounting/od/auctions_query?filter=security_type:in:(Note,Bond),auction_date:gte:2009-01-01&page%5Bsize%5D=10000&page%5Bnumber%5D=1&sort=auction_date",fetched,2026-09-30T10:44:13Z
2017-08-09,13:00,2017-08-09T13:00:00-04:00,2017-08-09T17:00:00Z,12:00,NOMINAL,10y,original,False,Note,10-Year,10-Year,No,9128282R0,2017-08-15,2027-08-15,23000000000,22972220000,8100393500,1564301000,13307525500,29920439700,6920403200,2.2500,2.230000,0.352617,2017-08-02,R_20170809_1.pdf,,"https://api.fiscaldata.treasury.gov/services/api/fiscal_service/v1/accounting/od/auctions_query?filter=security_type:in:(Note,Bond),auction_date:gte:2009-01-01&page%5Bsize%5D=10000&page%5Bnumber%5D=1&sort=auction_date",fetched,2026-09-30T10:44:13Z
2017-08-10,13:00,2017-08-10T13:00:00-04:00,2017-08-10T17:00:00Z,12:00,NOMINAL,30y,original,False,Bond,30-Year,30-Year,No,912810RY6,2017-08-15,2047-08-15,15000000000,14997186500,4172865000,807035000,10017286500,19513311500,4513306400,2.8180,2.320000,0.278243,2017-08-02,R_20170810_1.pdf,,"https://api.fiscaldata.treasury.gov/services/api/fiscal_service/v1/accounting/od/auctions_query?filter=security_type:in:(Note,Bond),auction_date:gte:2009-01-01&page%5Bsize%5D=10000&page%5Bnumber%5D=1&sort=auction_date",fetched,2026-09-30T10:44:13Z
2017-08-23,11:30,2017-08-23T11:30:00-04:00,2017-08-23T15:30:00Z,11:00,FRN,2y,original,False,Note,1-Year 11-Month,2-Year,Yes,9128282M1,2017-08-25,2019-07-31,13000000000,12993206000,6441584000,47880000,6503742000,13000065300,0,,3.090000,0.495766,2017-08-17,R_20170823_1.pdf,,"https://api.fiscaldata.treasury.gov/services/api/fiscal_service/v1/accounting/od/auctions_query?filter=security_type:in:(Note,Bond),auction_date:gte:2009-01-01&page%5Bsize%5D=10000&page%5Bnumber%5D=1&sort=auction_date",fetched,2026-09-30T10:44:13Z
2017-08-24,13:00,2017-08-24T13:00:00-04:00,2017-08-24T17:00:00Z,12:00,TIPS,5y,original,False,Note,4-Year 8-Month,5-Year,Yes,912828X39,2017-08-31,2022-04-15,14000000000,13966584700,3190390000,1625000000,9151194700,14438855000,438809000,0.1170,2.410000,0.228430,2017-08-17,R_20170824_1.pdf,,"https://api.fiscaldata.treasury.gov/services/api/fiscal_service/v1/accounting/od/auctions_query?filter=security_type:in:(Note,Bond),auction_date:gte:2009-01-01&page%5Bsize%5D=10000&page%5Bnumber%5D=1&sort=auction_date",fetched,2026-09-30T10:44:13Z
2017-08-28,11:30,2017-08-28T11:30:00-04:00,2017-08-28T15:30:00Z,11:00,NOMINAL,2y,original,False,Note,2-Year,2-Year,No,9128282T6,2017-08-31,2019-08-31,26000000000,25788640000,10738140000,3240000000,11810500000,26814999800,814931100,1.3450,2.860000,0.416390,2017-08-24,R_20170828_1.pdf,NOMINAL-5y@13:00,"https://api.fiscaldata.treasury.gov/services/api/fiscal_service/v1/accounting/od/auctions_query?filter=security_type:in:(Note,Bond),auction_date:gte:2009-01-01&page%5Bsize%5D=10000&page%5Bnumber%5D=1&sort=auction_date",fetched,2026-09-30T10:44:13Z
2017-08-28,13:00,2017-08-28T13:00:00-04:00,2017-08-28T17:00:00Z,12:00,NOMINAL,5y,original,False,Note,5-Year,5-Year,No,9128282S8,2017-08-31,2022-08-31,34000000000,33908057000,5925410000,4565000000,23417647000,35065701200,1065679000,1.7420,2.580000,0.174749,2017-08-24,R_20170828_4.pdf,NOMINAL-2y@11:30,"https://api.fiscaldata.treasury.gov/services/api/fiscal_service/v1/accounting/od/auctions_query?filter=security_type:in:(Note,Bond),auction_date:gte:2009-01-01&page%5Bsize%5D=10000&page%5Bnumber%5D=1&sort=auction_date",fetched,2026-09-30T10:44:13Z
2017-08-29,13:00,2017-08-29T13:00:00-04:00,2017-08-29T17:00:00Z,12:00,NOMINAL,7y,original,False,Note,7-Year,7-Year,No,9128282U3,2017-08-31,2024-08-31,28000000000,27981344000,4089430000,4642000000,19249914000,28877628800,877618000,1.9410,2.460000,0.146148,2017-08-24,R_20170829_3.pdf,,"https://api.fiscaldata.treasury.gov/services/api/fiscal_service/v1/accounting/od/auctions_query?filter=security_type:in:(Note,Bond),auction_date:gte:2009-01-01&page%5Bsize%5D=10000&page%5Bnumber%5D=1&sort=auction_date",fetched,2026-09-30T10:44:13Z
2017-09-11,13:00,2017-09-11T13:00:00-04:00,2017-09-11T17:00:00Z,12:00,NOMINAL,3y,original,False,Note,3-Year,3-Year,No,9128282V1,2017-09-15,2020-09-15,24000000000,23852322500,10359565000,2483000000,11009757500,24000020800,0,1.4330,2.700000,0.434321,2017-09-07,R_20170911_3.pdf,,"https://api.fiscaldata.treasury.gov/services/api/fiscal_service/v1/accounting/od/auctions_query?filter=security_type:in:(Note,Bond),auction_date:gte:2009-01-01&page%5Bsize%5D=10000&page%5Bnumber%5D=1&sort=auction_date",fetched,2026-09-30T10:44:13Z
2017-09-12,13:00,2017-09-12T13:00:00-04:00,2017-09-12T17:00:00Z,12:00,NOMINAL,10y,original,False,Note,9-Year 11-Month,10-Year,Yes,9128282R0,2017-09-15,2027-08-15,20000000000,19989855000,7730100000,1209000000,11050755000,20000010700,0,2.1800,2.280000,0.386701,2017-09-07,R_20170912_3.pdf,,"https://api.fiscaldata.treasury.gov/services/api/fiscal_service/v1/accounting/od/auctions_query?filter=security_type:in:(Note,Bond),auction_date:gte:2009-01-01&page%5Bsize%5D=10000&page%5Bnumber%5D=1&sort=auction_date",fetched,2026-09-30T10:44:13Z
2017-09-13,13:00,2017-09-13T13:00:00-04:00,2017-09-13T17:00:00Z,12:00,NOMINAL,30y,original,False,Bond,29-Year 11-Month,30-Year,Yes,912810RY6,2017-09-15,2047-08-15,12000000000,11995788000,4126280000,818000000,7051508000,12000001700,0,2.7900,2.210000,0.343977,2017-09-07,R_20170913_1.pdf,,"https://api.fiscaldata.treasury.gov/services/api/fiscal_service/v1/accounting/od/auctions_query?filter=security_type:in:(Note,Bond),auction_date:gte:2009-01-01&page%5Bsize%5D=10000&page%5Bnumber%5D=1&sort=auction_date",fetched,2026-09-30T10:44:13Z
2017-09-21,13:00,2017-09-21T13:00:00-04:00,2017-09-21T17:00:00Z,12:00,TIPS,10y,original,False,Note,9-Year 10-Month,10-Year,Yes,9128282L3,2017-09-29,2027-07-15,11000000000,10988177500,3002965500,255000000,7730212000,11000003900,0,0.4500,2.320000,0.273291,2017-09-14,R_20170921_1.pdf,,"https://api.fiscaldata.treasury.gov/services/api/fiscal_service/v1/accounting/od/auctions_query?filter=security_type:in:(Note,Bond),auction_date:gte:2009-01-01&page%5Bsize%5D=10000&page%5Bnumber%5D=1&sort=auction_date",fetched,2026-09-30T10:44:13Z
2017-09-26,13:00,2017-09-26T13:00:00-04:00,2017-09-26T17:00:00Z,12:00,NOMINAL,2y,original,False,Note,2-Year,2-Year,No,9128282X7,2017-10-02,2019-09-30,26000000000,25781600000,9490800000,4907600000,11383200000,29234491500,3234231900,1.4620,2.880000,0.368123,2017-09-21,R_20170926_2.pdf,,"https://api.fiscaldata.treasury.gov/services/api/fiscal_service/v1/accounting/od/auctions_query?filter=security_type:in:(Note,Bond),auction_date:gte:2009-01-01&page%5Bsize%5D=10000&page%5Bnumber%5D=1&sort=auction_date",fetched,2026-09-30T10:44:13Z
2017-09-27,11:30,2017-09-27T11:30:00-04:00,2017-09-27T15:30:00Z,11:00,FRN,2y,original,False,Note,1-Year 10-Month,2-Year,Yes,9128282M1,2017-09-29,2019-07-31,13000000000,12986905000,6869170000,0,6117735000,13000463400,0,,3.460000,0.528930,2017-09-21,R_20170927_1.pdf,NOMINAL-5y@13:00,"https://api.fiscaldata.treasury.gov/services/api/fiscal_service/v1/accounting/od/auctions_query?filter=security_type:in:(Note,Bond),auction_date:gte:2009-01-01&page%5Bsize%5D=10000&page%5Bnumber%5D=1&sort=auction_date",fetched,2026-09-30T10:44:13Z
2017-09-27,13:00,2017-09-27T13:00:00-04:00,2017-09-27T17:00:00Z,12:00,NOMINAL,5y,original,False,Note,5-Year,5-Year,No,9128282W9,2017-10-02,2022-09-30,34000000000,33896178000,7901980000,2391000000,23603198000,38229432500,4229380200,1.9110,2.520000,0.233123,2017-09-21,R_20170927_2.pdf,FRN-2y@11:30,"https://api.fiscaldata.treasury.gov/services/api/fiscal_service/v1/accounting/od/auctions_query?filter=security_type:in:(Note,Bond),auction_date:gte:2009-01-01&page%5Bsize%5D=10000&page%5Bnumber%5D=1&sort=auction_date",fetched,2026-09-30T10:44:13Z
2017-09-28,13:00,2017-09-28T13:00:00-04:00,2017-09-28T17:00:00Z,12:00,NOMINAL,7y,original,False,Note,7-Year,7-Year,No,9128282Y5,2017-10-02,2024-09-30,28000000000,27987167000,2912643500,5304157000,19770366500,31483105600,3483018900,2.1300,2.700000,0.104071,2017-09-21,R_20170928_1.pdf,,"https://api.fiscaldata.treasury.gov/services/api/fiscal_service/v1/accounting/od/auctions_query?filter=security_type:in:(Note,Bond),auction_date:gte:2009-01-01&page%5Bsize%5D=10000&page%5Bnumber%5D=1&sort=auction_date",fetched,2026-09-30T10:44:13Z
2017-10-11,11:30,2017-10-11T11:30:00-04:00,2017-10-11T15:30:00Z,11:00,NOMINAL,3y,original,False,Note,3-Year,3-Year,No,9128282Z2,2017-10-16,2020-10-15,24000000000,23823582000,9201310000,1684362000,12937910000,24000066200,0,1.6570,2.830000,0.386227,2017-10-05,R_20171011_1.pdf,NOMINAL-10y@13:00,"https://api.fiscaldata.treasury.gov/services/api/fiscal_service/v1/accounting/od/auctions_query?filter=security_type:in:(Note,Bond),auction_date:gte:2009-01-01&page%5Bsize%5D=10000&page%5Bnumber%5D=1&sort=auction_date",fetched,2026-09-30T10:44:13Z
2017-10-11,13:00,2017-10-11T13:00:00-04:00,2017-10-11T17:00:00Z,12:00,NOMINAL,10y,original,False,Note,9-Year 10-Month,10-Year,Yes,9128282R0,2017-10-16,2027-08-15,20000000000,19989855200,4971980000,1204000000,13813875200,20000021500,0,2.3460,2.540000,0.248725,2017-10-05,R_20171011_2.pdf,NOMINAL-3y@11:30,"https://api.fiscaldata.treasury.gov/services/api/fiscal_service/v1/accounting/od/auctions_query?filter=security_type:in:(Note,Bond),auction_date:gte:2009-01-01&page%5Bsize%5D=10000&page%5Bnumber%5D=1&sort=auction_date",fetched,2026-09-30T10:44:13Z
2017-10-12,13:00,2017-10-12T13:00:00-04:00,2017-10-12T17:00:00Z,12:00,NOMINAL,30y,original,False,Bond,29-Year 10-Month,30-Year,Yes,912810RY6,2017-10-16,2047-08-15,12000000000,11995097500,3189571500,1272000000,7533526000,12000002900,0,2.8700,2.530000,0.265906,2017-10-05,R_20171012_1.pdf,,"https://api.fiscaldata.treasury.gov/services/api/fiscal_service/v1/accounting/od/auctions_query?filter=security_type:in:(Note,Bond),auction_date:gte:2009-01-01&page%5Bsize%5D=10000&page%5Bnumber%5D=1&sort=auction_date",fetched,2026-09-30T10:44:13Z
2017-10-19,13:00,2017-10-19T13:00:00-04:00,2017-10-19T17:00:00Z,12:00,TIPS,30y,original,False,Bond,29-Year 4-Month,30-Year,Yes,912810RW0,2017-10-31,2047-02-15,5000000000,4989275000,1152640000,25000000,3811635000,5125070200,125068400,0.9080,2.640000,0.231024,2017-10-12,R_20171019_1.pdf,,"https://api.fiscaldata.treasury.gov/services/api/fiscal_service/v1/accounting/od/auctions_query?filter=security_type:in:(Note,Bond),auction_date:gte:2009-01-01&page%5Bsize%5D=10000&page%5Bnumber%5D=1&sort=auction_date",fetched,2026-09-30T10:44:13Z
2017-10-24,13:00,2017-10-24T13:00:00-04:00,2017-10-24T17:00:00Z,12:00,NOMINAL,2y,as_auctioned,False,Note,2-Year,5-Year,Yes,912828F62,2017-10-31,2019-10-31,26000000000,25770610000,9714935000,3645625000,12410050000,26650436300,650356100,1.5960,2.740000,0.376977,2017-10-19,R_20171024_2.pdf,,"https://api.fiscaldata.treasury.gov/services/api/fiscal_service/v1/accounting/od/auctions_query?filter=security_type:in:(Note,Bond),auction_date:gte:2009-01-01&page%5Bsize%5D=10000&page%5Bnumber%5D=1&sort=auction_date",fetched,2026-09-30T10:44:13Z
2017-10-25,11:30,2017-10-25T11:30:00-04:00,2017-10-25T15:30:00Z,11:00,FRN,2y,original,False,Note,2-Year,2-Year,No,9128283B4,2017-10-31,2019-10-31,15000000000,14991145500,5873080000,100000000,9018065500,15375300700,375205500,,3.560000,0.391770,2017-10-19,R_20171025_1.pdf,NOMINAL-5y@13:00,"https://api.fiscaldata.treasury.gov/services/api/fiscal_service/v1/accounting/od/auctions_query?filter=security_type:in:(Note,Bond),auction_date:gte:2009-01-01&page%5Bsize%5D=10000&page%5Bnumber%5D=1&sort=auction_date",fetched,2026-09-30T10:44:13Z
2017-10-25,13:00,2017-10-25T13:00:00-04:00,2017-10-25T17:00:00Z,12:00,NOMINAL,5y,original,False,Note,5-Year,5-Year,No,9128283C2,2017-10-31,2022-10-31,34000000000,33948068000,9298700000,3750000000,20899368000,34850476900,850465500,2.0580,2.440000,0.273910,2017-10-19,R_20171025_2.pdf,FRN-2y@11:30,"https://api.fiscaldata.treasury.gov/services/api/fiscal_service/v1/accounting/od/auctions_query?filter=security_type:in:(Note,Bond),auction_date:gte:2009-01-01&page%5Bsize%5D=10000&page%5Bnumber%5D=1&sort=auction_date",fetched,2026-09-30T10:44:13Z
2017-10-26,13:00,2017-10-26T13:00:00-04:00,2017-10-26T17:00:00Z,12:00,NOMINAL,7y,original,False,Note,7-Year,7-Year,No,9128283D0,2017-10-31,2024-10-31,28000000000,27988839000,6503526500,3726490000,17758822500,28700455100,700383400,2.2800,2.390000,0.232361,2017-10-19,R_20171026_1.pdf,,"https://api.fiscaldata.treasury.gov/services/api/fiscal_service/v1/accounting/od/auctions_query?filter=security_type:in:(Note,Bond),auction_date:gte:2009-01-01&page%5Bsize%5D=10000&page%5Bnumber%5D=1&sort=auction_date",fetched,2026-09-30T10:44:13Z
2017-11-07,13:00,2017-11-07T13:00:00-05:00,2017-11-07T18:00:00Z,12:00,NOMINAL,3y,original,False,Note,3-Year,3-Year,No,9128283G3,2017-11-15,2020-11-15,24000000000,23837834000,8927931000,2151000000,12758903000,26918433500,2918371200,1.7500,2.760000,0.374528,2017-11-01,R_20171107_3.pdf,,"https://api.fiscaldata.treasury.gov/services/api/fiscal_service/v1/accounting/od/auctions_query?filter=security_type:in:(Note,Bond),auction_date:gte:2009-01-01&page%5Bsize%5D=10000&page%5Bnumber%5D=1&sort=auction_date",fetched,2026-09-30T10:44:13Z
2017-11-08,13:00,2017-11-08T13:00:00-05:00,2017-11-08T18:00:00Z,12:00,NOMINAL,10y,original,False,Note,10-Year,10-Year,No,9128283F5,2017-11-15,2027-11-15,23000000000,22968866000,5274203000,2076000000,15618663000,25796784000,2796772400,2.3140,2.480000,0.229624,2017-11-01,R_20171108_1.pdf,,"https://api.fiscaldata.treasury.gov/services/api/fiscal_service/v1/accounting/od/auctions_query?filter=security_type:in:(Note,Bond),auction_date:gte:2009-01-01&page%5Bsize%5D=10000&page%5Bnumber%5D=1&sort=auction_date",fetched,2026-09-30T10:44:13Z
2017-11-09,13:00,2017-11-09T13:00:00-05:00,2017-11-09T18:00:00Z,12:00,NOMINAL,30y,original,False,Bond,30-Year,30-Year,No,912810RZ3,2017-11-15,2047-11-15,15000000000,14995116000,4762610000,963000000,9269506000,16823982700,1823982000,2.8010,2.230000,0.317611,2017-11-01,R_20171109_1.pdf,,"https://api.fiscaldata.treasury.gov/services/api/fiscal_service/v1/accounting/od/auctions_query?filter=security_type:in:(Note,Bond),auction_date:gte:2009-01-01&page%5Bsize%5D=10000&page%5Bnumber%5D=1&sort=auction_date",fetched,2026-09-30T10:44:13Z
2017-11-16,13:00,2017-11-16T13:00:00-05:00,2017-11-16T18:00:00Z,12:00,TIPS,10y,original,False,Note,9-Year 8-Month,10-Year,Yes,9128282L3,2017-11-30,2027-07-15,11000000000,10983585000,2875350000,525000000,7583235000,11596917300,596910800,0.5120,2.430000,0.261786,2017-11-09,R_20171116_1.pdf,,"https://api.fiscaldata.treasury.gov/services/api/fiscal_service/v1/accounting/od/auctions_query?filter=security_type:in:(Note,Bond),auction_date:gte:2009-01-01&page%5Bsize%5D=10000&page%5Bnumber%5D=1&sort=auction_date",fetched,2026-09-30T10:44:13Z
2017-11-21,11:30,2017-11-21T11:30:00-05:00,2017-11-21T16:30:00Z,11:00,FRN,2y,original,False,Note,1-Year 11-Month,2-Year,Yes,9128283B4,2017-11-24,2019-10-31,13000000000,12977330000,5728170000,813880000,6435280000,13000127900,0,,3.690000,0.441398,2017-11-16,R_20171121_2.pdf,,"https://api.fiscaldata.treasury.gov/services/api/fiscal_service/v1/accounting/od/auctions_query?filter=security_type:in:(Note,Bond),auction_date:gte:2009-01-01&page%5Bsize%5D=10000&page%5Bnumber%5D=1&sort=auction_date",fetched,2026-09-30T10:44:13Z
2017-11-27,11:30,2017-11-27T11:30:00-05:00,2017-11-27T16:30:00Z,11:00,NOMINAL,2y,original,False,Note,2-Year,2-Year,No,9128283H1,2017-11-30,2019-11-30,26000000000,25687765500,10571886000,4365000000,10750879500,27410954500,1410880300,1.7650,2.730000,0.411553,2017-11-22,R_20171127_2.pdf,NOMINAL-5y@13:00,"https://api.fiscaldata.treasury.gov/services/api/fiscal_service/v1/accounting/od/auctions_query?filter=security_type:in:(Note,Bond),auction_date:gte:2009-01-01&page%5Bsize%5D=10000&page%5Bnumber%5D=1&sort=auction_date",fetched,2026-09-30T10:44:13Z
2017-11-27,13:00,2017-11-27T13:00:00-05:00,2017-11-27T18:00:00Z,12:00,NOMINAL,5y,as_auctioned,False,Note,5-Year,7-Year,Yes,912828M80,2017-11-30,2022-11-30,34000000000,33972587000,7758790000,3858000000,22355797000,35845019800,1844997300,2.0660,2.460000,0.228384,2017-11-22,R_20171127_4.pdf,NOMINAL-2y@11:30,"https://api.fiscaldata.treasury.gov/services/api/fiscal_service/v1/accounting/od/auctions_query?filter=security_type:in:(Note,Bond),auction_date:gte:2009-01-01&page%5Bsize%5D=10000&page%5Bnumber%5D=1&sort=auction_date",fetched,2026-09-30T10:44:13Z
2017-11-28,13:00,2017-11-28T13:00:00-05:00,2017-11-28T18:00:00Z,12:00,NOMINAL,7y,original,False,Note,7-Year,7-Year,No,9128283J7,2017-11-30,2024-11-30,28000000000,27991991000,7743681000,3846000000,16402310000,29519458000,1519409500,2.2300,2.360000,0.276639,2017-11-22,R_20171128_2.pdf,,"https://api.fiscaldata.treasury.gov/services/api/fiscal_service/v1/accounting/od/auctions_query?filter=security_type:in:(Note,Bond),auction_date:gte:2009-01-01&page%5Bsize%5D=10000&page%5Bnumber%5D=1&sort=auction_date",fetched,2026-09-30T10:44:13Z
2017-12-11,11:30,2017-12-11T11:30:00-05:00,2017-12-11T16:30:00Z,11:00,NOMINAL,3y,original,False,Note,3-Year,3-Year,No,9128283L2,2017-12-15,2020-12-15,24000000000,23846190000,8003620000,1762270000,14080300000,24000009500,0,1.9320,3.150000,0.335635,2017-12-07,R_20171211_2.pdf,NOMINAL-10y@13:00,"https://api.fiscaldata.treasury.gov/services/api/fiscal_service/v1/accounting/od/auctions_query?filter=security_type:in:(Note,Bond),auction_date:gte:2009-01-01&page%5Bsize%5D=10000&page%5Bnumber%5D=1&sort=auction_date",fetched,2026-09-30T10:44:13Z
2017-12-11,13:00,2017-12-11T13:00:00-05:00,2017-12-11T18:00:00Z,12:00,NOMINAL,10y,original,False,Note,9-Year 11-Month,10-Year,Yes,9128283F5,2017-12-15,2027-11-15,20000000000,19990658000,6883920000,1673000000,11433738000,20000012700,0,2.3840,2.370000,0.344357,2017-12-07,R_20171211_4.pdf,NOMINAL-3y@11:30,"https://api.fiscaldata.treasury.gov/services/api/fiscal_service/v1/accounting/od/auctions_query?filter=security_type:in:(Note,Bond),auction_date:gte:2009-01-01&page%5Bsize%5D=10000&page%5Bnumber%5D=1&sort=auction_date",fetched,2026-09-30T10:44:13Z
2017-12-12,13:00,2017-12-12T13:00:00-05:00,2017-12-12T18:00:00Z,12:00,NOMINAL,30y,original,False,Bond,29-Year 11-Month,30-Year,Yes,912810RZ3,2017-12-15,2047-11-15,12000000000,11992460000,3484950000,1083000000,7424510000,12000011800,0,2.8040,2.480000,0.290595,2017-12-07,R_20171212_2.pdf,,"https://api.fiscaldata.treasury.gov/services/api/fiscal_service/v1/accounting/od/auctions_query?filter=security_type:in:(Note,Bond),auction_date:gte:2009-01-01&page%5Bsize%5D=10000&page%5Bnumber%5D=1&sort=auction_date",fetched,2026-09-30T10:44:13Z
2017-12-21,13:00,2017-12-21T13:00:00-05:00,2017-12-21T18:00:00Z,12:00,TIPS,5y,original,False,Note,4-Year 4-Month,5-Year,Yes,912828X39,2017-12-29,2022-04-15,14000000000,13957084000,2249360000,1707000000,10000724000,14000003400,0,0.3700,2.780000,0.161163,2017-12-14,R_20171221_1.pdf,,"https://api.fiscaldata.treasury.gov/services/api/fiscal_service/v1/accounting/od/auctions_query?filter=security_type:in:(Note,Bond),auction_date:gte:2009-01-01&page%5Bsize%5D=10000&page%5Bnumber%5D=1&sort=auction_date",fetched,2026-09-30T10:44:13Z
2017-12-26,13:00,2017-12-26T13:00:00-05:00,2017-12-26T18:00:00Z,12:00,NOMINAL,2y,original,False,Note,2-Year,2-Year,No,9128283N8,2018-01-02,2019-12-31,26000000000,25727830000,11703600000,3740265000,10283965000,29398819700,3398793000,1.9220,2.520000,0.454900,2017-12-21,R_20171226_3.pdf,,"https://api.fiscaldata.treasury.gov/services/api/fiscal_service/v1/accounting/od/auctions_query?filter=security_type:in:(Note,Bond),auction_date:gte:2009-01-01&page%5Bsize%5D=10000&page%5Bnumber%5D=1&sort=auction_date",fetched,2026-09-30T10:44:13Z
2017-12-27,11:30,2017-12-27T11:30:00-05:00,2017-12-27T16:30:00Z,11:00,FRN,2y,original,False,Note,1-Year 10-Month,2-Year,Yes,9128283B4,2017-12-29,2019-10-31,13000000000,12991358000,4840278000,0,8151080000,13000051100,0,,3.260000,0.372577,2017-12-21,R_20171227_1.pdf,NOMINAL-5y@13:00,"https://api.fiscaldata.treasury.gov/services/api/fiscal_service/v1/accounting/od/auctions_query?filter=security_type:in:(Note,Bond),auction_date:gte:2009-01-01&page%5Bsize%5D=10000&page%5Bnumber%5D=1&sort=auction_date",fetched,2026-09-30T10:44:13Z
2017-12-27,13:00,2017-12-27T13:00:00-05:00,2017-12-27T18:00:00Z,12:00,NOMINAL,5y,as_auctioned,False,Note,5-Year,7-Year,Yes,912828N30,2018-01-02,2022-12-31,34000000000,33968841000,11432455000,2698000000,19838386000,38444665200,4444575500,2.2450,2.360000,0.336557,2017-12-21,R_20171227_2.pdf,FRN-2y@11:30,"https://api.fiscaldata.treasury.gov/services/api/fiscal_service/v1/accounting/od/auctions_query?filter=security_type:in:(Note,Bond),auction_date:gte:2009-01-01&page%5Bsize%5D=10000&page%5Bnumber%5D=1&sort=auction_date",fetched,2026-09-30T10:44:13Z
2017-12-28,13:00,2017-12-28T13:00:00-05:00,2017-12-28T18:00:00Z,12:00,NOMINAL,7y,original,False,Note,7-Year,7-Year,No,9128283P3,2018-01-02,2024-12-31,28000000000,27991938500,7382507500,3678430000,16931001000,31660304600,3660238500,2.3700,2.550000,0.263737,2017-12-21,R_20171228_1.pdf,,"https://api.fiscaldata.treasury.gov/services/api/fiscal_service/v1/accounting/od/auctions_query?filter=security_type:in:(Note,Bond),auction_date:gte:2009-01-01&page%5Bsize%5D=10000&page%5Bnumber%5D=1&sort=auction_date",fetched,2026-09-30T10:44:13Z
2018-01-09,13:00,2018-01-09T13:00:00-05:00,2018-01-09T18:00:00Z,12:00,NOMINAL,3y,original,False,Note,3-Year,3-Year,No,9128283Q1,2018-01-16,2021-01-15,24000000000,23839925000,8006250000,2746000000,13087675000,24812807800,812778200,2.0800,3.130000,0.335834,2018-01-04,R_20180109_2.pdf,,"https://api.fiscaldata.treasury.gov/services/api/fiscal_service/v1/accounting/od/auctions_query?filter=security_type:in:(Note,Bond),auction_date:gte:2009-01-01&page%5Bsize%5D=10000&page%5Bnumber%5D=1&sort=auction_date",fetched,2026-09-30T10:44:13Z
2018-01-10,13:00,2018-01-10T13:00:00-05:00,2018-01-10T18:00:00Z,12:00,NOMINAL,10y,original,False,Note,9-Year 10-Month,10-Year,Yes,9128283F5,2018-01-16,2027-11-15,20000000000,19991883000,4407365000,1307000000,14277518000,20677365100,677315100,2.5790,2.690000,0.220458,2018-01-04,R_20180110_1.pdf,,"https://api.fiscaldata.treasury.gov/services/api/fiscal_service/v1/accounting/od/auctions_query?filter=security_type:in:(Note,Bond),auction_date:gte:2009-01-01&page%5Bsize%5D=10000&page%5Bnumber%5D=1&sort=auction_date",fetched,2026-09-30T10:44:13Z
2018-01-11,13:00,2018-01-11T13:00:00-05:00,2018-01-11T18:00:00Z,12:00,NOMINAL,30y,original,False,Bond,29-Year 10-Month,30-Year,Yes,912810RZ3,2018-01-16,2047-11-15,12000000000,11997353200,2547563200,873000000,8576790000,12406398400,406389000,2.8670,2.740000,0.212344,2018-01-04,R_20180111_1.pdf,,"https://api.fiscaldata.treasury.gov/services/api/fiscal_service/v1/accounting/od/auctions_query?filter=security_type:in:(Note,Bond),auction_date:gte:2009-01-01&page%5Bsize%5D=10000&page%5Bnumber%5D=1&sort=auction_date",fetched,2026-09-30T10:44:13Z
2018-01-18,13:00,2018-01-18T13:00:00-05:00,2018-01-18T18:00:00Z,12:00,TIPS,10y,original,False,Note,10-Year,10-Year,No,9128283R9,2018-01-31,2028-01-15,13000000000,12944735000,1428975000,1296000000,10219760000,14910648600,1910607900,0.5480,2.690000,0.110390,2018-01-11,R_20180118_1.pdf,,"https://api.fiscaldata.treasury.gov/services/api/fiscal_service/v1/accounting/od/auctions_query?filter=security_type:in:(Note,Bond),auction_date:gte:2009-01-01&page%5Bsize%5D=10000&page%5Bnumber%5D=1&sort=auction_date",fetched,2026-09-30T10:44:13Z
2018-01-23,13:00,2018-01-23T13:00:00-05:00,2018-01-23T18:00:00Z,12:00,NOMINAL,2y,original,False,Note,2-Year,2-Year,No,9128283S7,2018-01-31,2020-01-31,26000000000,25555407500,6603992500,4060215000,14891200000,29821227800,3821216000,2.0660,3.220000,0.258419,2018-01-18,R_20180123_2.pdf,,"https://api.fiscaldata.treasury.gov/services/api/fiscal_service/v1/accounting/od/auctions_query?filter=security_type:in:(Note,Bond),auction_date:gte:2009-01-01&page%5Bsize%5D=10000&page%5Bnumber%5D=1&sort=auction_date",fetched,2026-09-30T10:44:13Z
2018-01-24,11:30,2018-01-24T11:30:00-05:00,2018-01-24T16:30:00Z,11:00,FRN,2y,original,False,Note,2-Year,2-Year,No,9128283T5,2018-01-31,2020-01-31,15000000000,14979942000,9401360000,0,5578582000,17204781800,2204547700,,3.380000,0.627597,2018-01-18,R_20180124_1.pdf,NOMINAL-5y@13:00,"https://api.fiscaldata.treasury.gov/services/api/fiscal_service/v1/accounting/od/auctions_query?filter=security_type:in:(Note,Bond),auction_date:gte:2009-01-01&page%5Bsize%5D=10000&page%5Bnumber%5D=1&sort=auction_date",fetched,2026-09-30T10:44:13Z
2018-01-24,13:00,2018-01-24T13:00:00-05:00,2018-01-24T18:00:00Z,12:00,NOMINAL,5y,original,False,Note,5-Year,5-Year,No,9128283U2,2018-01-31,2023-01-31,34000000000,33951297000,8810665000,3078000000,22062632000,38997034500,4996974700,2.4340,2.480000,0.259509,2018-01-18,R_20180124_2.pdf,FRN-2y@11:30,"https://api.fiscaldata.treasury.gov/services/api/fiscal_service/v1/accounting/od/auctions_query?filter=security_type:in:(Note,Bond),auction_date:gte:2009-01-01&page%5Bsize%5D=10000&page%5Bnumber%5D=1&sort=auction_date",fetched,2026-09-30T10:44:13Z
2018-01-25,13:00,2018-01-25T13:00:00-05:00,2018-01-25T18:00:00Z,12:00,NOMINAL,7y,original,False,Note,7-Year,7-Year,No,9128283V0,2018-01-31,2025-01-31,28000000000,27982405000,3275208000,2851000000,21856197000,32115171200,4115155600,2.5650,2.730000,0.117045,2018-01-18,R_20180125_1.pdf,,"https://api.fiscaldata.treasury.gov/services/api/fiscal_service/v1/accounting/od/auctions_query?filter=security_type:in:(Note,Bond),auction_date:gte:2009-01-01&page%5Bsize%5D=10000&page%5Bnumber%5D=1&sort=auction_date",fetched,2026-09-30T10:44:13Z
2018-02-06,13:00,2018-02-06T13:00:00-05:00,2018-02-06T18:00:00Z,12:00,NOMINAL,3y,original,False,Note,3-Year,3-Year,No,9128283X6,2018-02-15,2021-02-15,26000000000,25838064700,10474530000,2507000000,12856534700,30914178300,4914122100,2.2800,3.000000,0.405391,2018-01-31,R_20180206_3.pdf,,"https://api.fiscaldata.treasury.gov/services/api/fiscal_service/v1/accounting/od/auctions_query?filter=security_type:in:(Note,Bond),auction_date:gte:2009-01-01&page%5Bsize%5D=10000&page%5Bnumber%5D=1&sort=auction_date",fetched,2026-09-30T10:44:13Z
2018-02-07,13:00,2018-02-07T13:00:00-05:00,2018-02-07T18:00:00Z,12:00,NOMINAL,10y,original,False,Note,10-Year,10-Year,No,9128283W8,2018-02-15,2028-02-15,24000000000,23956710000,6504000000,1285000000,16167710000,28536158300,4536112700,2.8110,2.340000,0.271490,2018-01-31,R_20180207_1.pdf,,"https://api.fiscaldata.treasury.gov/services/api/fiscal_service/v1/accounting/od/auctions_query?filter=security_type:in:(Note,Bond),auction_date:gte:2009-01-01&page%5Bsize%5D=10000&page%5Bnumber%5D=1&sort=auction_date",fetched,2026-09-30T10:44:13Z
2018-02-08,13:00,2018-02-08T13:00:00-05:00,2018-02-08T18:00:00Z,12:00,NOMINAL,30y,original,False,Bond,30-Year,30-Year,No,912810SA7,2018-02-15,2048-02-15,16000000000,15983370000,4922065000,1287000000,9774305000,19024077000,3024075100,3.1210,2.260000,0.307949,2018-01-31,R_20180208_1.pdf,,"https://api.fiscaldata.treasury.gov/services/api/fiscal_service/v1/accounting/od/auctions_query?filter=security_type:in:(Note,Bond),auction_date:gte:2009-01-01&page%5Bsize%5D=10000&page%5Bnumber%5D=1&sort=auction_date",fetched,2026-09-30T10:44:13Z
2018-02-15,13:00,2018-02-15T13:00:00-05:00,2018-02-15T18:00:00Z,12:00,TIPS,30y,original,False,Bond,30-Year,30-Year,No,912810SB5,2018-02-28,2048-02-15,7000000000,6976330200,1571208000,268000000,5137122200,8706576400,1706564400,1.0030,2.310000,0.225220,2018-02-08,R_20180215_1.pdf,,"https://api.fiscaldata.treasury.gov/services/api/fiscal_service/v1/accounting/od/auctions_query?filter=security_type:in:(Note,Bond),auction_date:gte:2009-01-01&page%5Bsize%5D=10000&page%5Bnumber%5D=1&sort=auction_date",fetched,2026-09-30T10:44:13Z
2018-02-20,13:00,2018-02-20T13:00:00-05:00,2018-02-20T18:00:00Z,12:00,NOMINAL,2y,original,False,Note,2-Year,2-Year,No,9128283Y4,2018-02-28,2020-02-29,28000000000,27636164500,11133705000,3698714500,12803745000,34826345700,6826258000,2.2550,2.720000,0.402867,2018-02-15,R_20180220_4.pdf,,"https://api.fiscaldata.treasury.gov/services/api/fiscal_service/v1/accounting/od/auctions_query?filter=security_type:in:(Note,Bond),auction_date:gte:2009-01-01&page%5Bsize%5D=10000&page%5Bnumber%5D=1&sort=auction_date",fetched,2026-09-30T10:44:13Z
2018-02-21,11:30,2018-02-21T11:30:00-05:00,2018-02-21T16:30:00Z,11:00,FRN,2y,original,False,Note,1-Year 11-Month,2-Year,Yes,9128283T5,2018-02-23,2020-01-31,15000000000,14982160000,8831160000,2100000000,4051000000,15000012400,0,,2.750000,0.589445,2018-02-15,R_20180221_1.pdf,NOMINAL-5y@13:00,"https://api.fiscaldata.treasury.gov/services/api/fiscal_service/v1/accounting/od/auctions_query?filter=security_type:in:(Note,Bond),auction_date:gte:2009-01-01&page%5Bsize%5D=10000&page%5Bnumber%5D=1&sort=auction_date",fetched,2026-09-30T10:44:13Z
2018-02-21,13:00,2018-02-21T13:00:00-05:00,2018-02-21T18:00:00Z,12:00,NOMINAL,5y,original,False,Note,5-Year,5-Year,No,9128284A5,2018-02-28,2023-02-28,35000000000,34910309000,10228430000,4422000000,20259879000,43532854900,8532822500,2.6580,2.440000,0.292992,2018-02-15,R_20180221_2.pdf,FRN-2y@11:30,"https://api.fiscaldata.treasury.gov/services/api/fiscal_service/v1/accounting/od/auctions_query?filter=security_type:in:(Note,Bond),auction_date:gte:2009-01-01&page%5Bsize%5D=10000&page%5Bnumber%5D=1&sort=auction_date",fetched,2026-09-30T10:44:13Z
2018-02-22,13:00,2018-02-22T13:00:00-05:00,2018-02-22T18:00:00Z,12:00,NOMINAL,7y,original,False,Note,7-Year,7-Year,No,9128283Z1,2018-02-28,2025-02-28,29000000000,28980465000,6413300000,4528000000,18039165000,36070110200,7070052900,2.8390,2.490000,0.221297,2018-02-15,R_20180222_1.pdf,,"https://api.fiscaldata.treasury.gov/services/api/fiscal_service/v1/accounting/od/auctions_query?filter=security_type:in:(Note,Bond),auction_date:gte:2009-01-01&page%5Bsize%5D=10000&page%5Bnumber%5D=1&sort=auction_date",fetched,2026-09-30T10:44:13Z
2018-03-12,11:30,2018-03-12T11:30:00-04:00,2018-03-12T15:30:00Z,11:00,NOMINAL,3y,original,False,Note,3-Year,3-Year,No,9128284B3,2018-03-15,2021-03-15,28000000000,27687462500,11272387500,2575000000,13840075000,28000025100,0,2.4360,2.940000,0.407130,2018-03-08,R_20180312_1.pdf,NOMINAL-10y@13:00,"https://api.fiscaldata.treasury.gov/services/api/fiscal_service/v1/accounting/od/auctions_query?filter=security_type:in:(Note,Bond),auction_date:gte:2009-01-01&page%5Bsize%5D=10000&page%5Bnumber%5D=1&sort=auction_date",fetched,2026-09-30T10:44:13Z
2018-03-12,13:00,2018-03-12T13:00:00-04:00,2018-03-12T17:00:00Z,12:00,NOMINAL,10y,original,False,Note,9-Year 11-Month,10-Year,Yes,9128283W8,2018-03-15,2028-02-15,21000000000,20983754000,5726580000,1358896000,13898278000,21000005900,0,2.8890,2.500000,0.272905,2018-03-08,R_20180312_4.pdf,NOMINAL-3y@11:30,"https://api.fiscaldata.treasury.gov/services/api/fiscal_service/v1/accounting/od/auctions_query?filter=security_type:in:(Note,Bond),auction_date:gte:2009-01-01&page%5Bsize%5D=10000&page%5Bnumber%5D=1&sort=auction_date",fetched,2026-09-30T10:44:13Z
2018-03-13,13:00,2018-03-13T13:00:00-04:00,2018-03-13T17:00:00Z,12:00,NOMINAL,30y,original,False,Bond,29-Year 11-Month,30-Year,Yes,912810SA7,2018-03-15,2048-02-15,13000000000,12995571000,3548000000,1917000000,7530571000,13000001700,0,3.1090,2.380000,0.273016,2018-03-08,R_20180313_2.pdf,,"https://api.fiscaldata.treasury.gov/services/api/fiscal_service/v1/accounting/od/auctions_query?filter=security_type:in:(Note,Bond),auction_date:gte:2009-01-01&page%5Bsize%5D=10000&page%5Bnumber%5D=1&sort=auction_date",fetched,2026-09-30T10:44:13Z
2018-03-22,13:00,2018-03-22T13:00:00-04:00,2018-03-22T17:00:00Z,12:00,TIPS,10y,original,False,Note,9-Year 10-Month,10-Year,Yes,9128283R9,2018-03-29,2028-01-15,11000000000,10983900000,2406640000,1833000000,6744260000,11000002700,0,0.7640,2.560000,0.219106,2018-03-15,R_20180322_1.pdf,,"https://api.fiscaldata.treasury.gov/services/api/fiscal_service/v1/accounting/od/auctions_query?filter=security_type:in:(Note,Bond),auction_date:gte:2009-01-01&page%5Bsize%5D=10000&page%5Bnumber%5D=1&sort=auction_date",fetched,2026-09-30T10:44:13Z
2018-03-26,13:00,2018-03-26T13:00:00-04:00,2018-03-26T17:00:00Z,12:00,NOMINAL,2y,original,False,Note,2-Year,2-Year,No,9128284C1,2018-04-02,2020-03-31,30000000000,29596381000,12235375000,4179086000,13181920000,35284834700,5284713600,2.3100,2.910000,0.413408,2018-03-22,R_20180326_3.pdf,,"https://api.fiscaldata.treasury.gov/services/api/fiscal_service/v1/accounting/od/auctions_query?filter=security_type:in:(Note,Bond),auction_date:gte:2009-01-01&page%5Bsize%5D=10000&page%5Bnumber%5D=1&sort=auction_date",fetched,2026-09-30T10:44:13Z
2018-03-27,13:00,2018-03-27T13:00:00-04:00,2018-03-27T17:00:00Z,12:00,NOMINAL,5y,original,False,Note,5-Year,5-Year,No,9128284D9,2018-04-02,2023-03-31,35000000000,34942858600,9851000000,2899000000,22192858600,41165536500,6165499200,2.6120,2.500000,0.281917,2018-03-22,R_20180327_3.pdf,,"https://api.fiscaldata.treasury.gov/services/api/fiscal_service/v1/accounting/od/auctions_query?filter=security_type:in:(Note,Bond),auction_date:gte:2009-01-01&page%5Bsize%5D=10000&page%5Bnumber%5D=1&sort=auction_date",fetched,2026-09-30T10:44:13Z
2018-03-28,11:30,2018-03-28T11:30:00-04:00,2018-03-28T15:30:00Z,11:00,FRN,2y,original,False,Note,1-Year 10-Month,2-Year,Yes,9128283T5,2018-04-02,2020-01-31,15000000000,14983875000,7718875000,200000000,7065000000,17642362900,2642356900,,2.780000,0.515145,2018-03-22,R_20180328_1.pdf,NOMINAL-7y@13:00,"https://api.fiscaldata.treasury.gov/services/api/fiscal_service/v1/accounting/od/auctions_query?filter=security_type:in:(Note,Bond),auction_date:gte:2009-01-01&page%5Bsize%5D=10000&page%5Bnumber%5D=1&sort=auction_date",fetched,2026-09-30T10:44:13Z
2018-03-28,13:00,2018-03-28T13:00:00-04:00,2018-03-28T17:00:00Z,12:00,NOMINAL,7y,original,False,Note,7-Year,7-Year,No,9128284F4,2018-04-02,2025-03-31,29000000000,28977509400,9300272400,3494000000,16183237000,34108590900,5108556500,2.7200,2.340000,0.320948,2018-03-22,R_20180328_2.pdf,FRN-2y@11:30,"https://api.fiscaldata.treasury.gov/services/api/fiscal_service/v1/accounting/od/auctions_query?filter=security_type:in:(Note,Bond),auction_date:gte:2009-01-01&page%5Bsize%5D=10000&page%5Bnumber%5D=1&sort=auction_date",fetched,2026-09-30T10:44:13Z
2018-04-10,13:00,2018-04-10T13:00:00-04:00,2018-04-10T17:00:00Z,12:00,NOMINAL,3y,original,False,Note,3-Year,3-Year,No,9128284G2,2018-04-16,2021-04-15,30000000000,29810138700,12187390000,3448000000,14174748700,30051494400,51432000,2.4500,2.850000,0.408834,2018-04-05,R_20180410_2.pdf,,"https://api.fiscaldata.treasury.gov/services/api/fiscal_service/v1/accounting/od/auctions_query?filter=security_type:in:(Note,Bond),auction_date:gte:2009-01-01&page%5Bsize%5D=10000&page%5Bnumber%5D=1&sort=auction_date",fetched,2026-09-30T10:44:13Z
2018-04-11,13:00,2018-04-11T13:00:00-04:00,2018-04-11T17:00:00Z,12:00,NOMINAL,10y,original,False,Note,9-Year 10-Month,10-Year,Yes,9128283W8,2018-04-16,2028-02-15,21000000000,20991784000,8053772000,1768480000,11169532000,21036051300,36002400,2.7950,2.460000,0.383663,2018-04-05,R_20180411_1.pdf,,"https://api.fiscaldata.treasury.gov/services/api/fiscal_service/v1/accounting/od/auctions_query?filter=security_type:in:(Note,Bond),auction_date:gte:2009-01-01&page%5Bsize%5D=10000&page%5Bnumber%5D=1&sort=auction_date",fetched,2026-09-30T10:44:13Z
2018-04-12,13:00,2018-04-12T13:00:00-04:00,2018-04-12T17:00:00Z,12:00,NOMINAL,30y,original,False,Bond,29-Year 10-Month,30-Year,Yes,912810SA7,2018-04-16,2048-02-15,13000000000,12998197000,3171000000,1896000000,7931197000,13022289700,22287100,3.0440,2.410000,0.243957,2018-04-05,R_20180412_1.pdf,,"https://api.fiscaldata.treasury.gov/services/api/fiscal_service/v1/accounting/od/auctions_query?filter=security_type:in:(Note,Bond),auction_date:gte:2009-01-01&page%5Bsize%5D=10000&page%5Bnumber%5D=1&sort=auction_date",fetched,2026-09-30T10:44:13Z
2018-04-19,13:00,2018-04-19T13:00:00-04:00,2018-04-19T17:00:00Z,12:00,TIPS,5y,original,False,Note,5-Year,5-Year,No,9128284H0,2018-04-30,2023-04-15,16000000000,15900862300,3695490000,2281000000,9924372300,18042280700,2042188700,0.6310,2.550000,0.232408,2018-04-12,R_20180419_1.pdf,,"https://api.fiscaldata.treasury.gov/services/api/fiscal_service/v1/accounting/od/auctions_query?filter=security_type:in:(Note,Bond),auction_date:gte:2009-01-01&page%5Bsize%5D=10000&page%5Bnumber%5D=1&sort=auction_date",fetched,2026-09-30T10:44:13Z
2018-04-24,13:00,2018-04-24T13:00:00-04:00,2018-04-24T17:00:00Z,12:00,NOMINAL,2y,original,False,Note,2-Year,2-Year,No,9128284J6,2018-04-30,2020-04-30,32000000000,31492600000,13572100000,4834000000,13086500000,36084396900,4084377400,2.4980,2.610000,0.430962,2018-04-19,R_20180424_3.pdf,,"https://api.fiscaldata.treasury.gov/services/api/fiscal_service/v1/accounting/od/auctions_query?filter=security_type:in:(Note,Bond),auction_date:gte:2009-01-01&page%5Bsize%5D=10000&page%5Bnumber%5D=1&sort=auction_date",fetched,2026-09-30T10:44:13Z
2018-04-25,11:30,2018-04-25T11:30:00-04:00,2018-04-25T15:30:00Z,11:00,FRN,2y,original,False,Note,2-Year,2-Year,No,9128284K3,2018-04-30,2020-04-30,17000000000,16959289000,8321620000,2200000000,6437669000,19169908300,2169825600,,3.650000,0.490682,2018-04-19,R_20180425_1.pdf,NOMINAL-5y@13:00,"https://api.fiscaldata.treasury.gov/services/api/fiscal_service/v1/accounting/od/auctions_query?filter=security_type:in:(Note,Bond),auction_date:gte:2009-01-01&page%5Bsize%5D=10000&page%5Bnumber%5D=1&sort=auction_date",fetched,2026-09-30T10:44:13Z
2018-04-25,13:00,2018-04-25T13:00:00-04:00,2018-04-25T17:00:00Z,12:00,NOMINAL,5y,original,False,Note,5-Year,5-Year,No,9128284L1,2018-04-30,2023-04-30,35000000000,34945476000,9141400000,4780000000,21024076000,39467309000,4467287800,2.8370,2.490000,0.261590,2018-04-19,R_20180425_2.pdf,FRN-2y@11:30,"https://api.fiscaldata.treasury.gov/services/api/fiscal_service/v1/accounting/od/auctions_query?filter=security_type:in:(Note,Bond),auction_date:gte:2009-01-01&page%5Bsize%5D=10000&page%5Bnumber%5D=1&sort=auction_date",fetched,2026-09-30T10:44:13Z
2018-04-26,13:00,2018-04-26T13:00:00-04:00,2018-04-26T17:00:00Z,12:00,NOMINAL,7y,original,False,Note,7-Year,7-Year,No,9128284M9,2018-04-30,2025-04-30,29000000000,28975939000,6245260000,3673000000,19057679000,32701509600,3701467000,2.9520,2.560000,0.215533,2018-04-19,R_20180426_1.pdf,,"https://api.fiscaldata.treasury.gov/services/api/fiscal_service/v1/accounting/od/auctions_query?filter=security_type:in:(Note,Bond),auction_date:gte:2009-01-01&page%5Bsize%5D=10000&page%5Bnumber%5D=1&sort=auction_date",fetched,2026-09-30T10:44:13Z
2018-05-08,13:00,2018-05-08T13:00:00-04:00,2018-05-08T17:00:00Z,12:00,NOMINAL,3y,original,False,Note,3-Year,3-Year,No,9128284P2,2018-05-15,2021-05-15,31000000000,30818150000,12993410000,3782000000,14042740000,38473125500,7473107000,2.6640,2.760000,0.421616,2018-05-02,R_20180508_2.pdf,,"https://api.fiscaldata.treasury.gov/services/api/fiscal_service/v1/accounting/od/auctions_query?filter=security_type:in:(Note,Bond),auction_date:gte:2009-01-01&page%5Bsize%5D=10000&page%5Bnumber%5D=1&sort=auction_date",fetched,2026-09-30T10:44:13Z
2018-05-09,13:00,2018-05-09T13:00:00-04:00,2018-05-09T17:00:00Z,12:00,NOMINAL,10y,original,False,Note,10-Year,10-Year,No,9128284N7,2018-05-15,2028-05-15,25000000000,24954719000,7152318500,2076325000,15726075500,31026732300,6026699100,2.9950,2.560000,0.286612,2018-05-02,R_20180509_1.pdf,,"https://api.fiscaldata.treasury.gov/services/api/fiscal_service/v1/accounting/od/auctions_query?filter=security_type:in:(Note,Bond),auction_date:gte:2009-01-01&page%5Bsize%5D=10000&page%5Bnumber%5D=1&sort=auction_date",fetched,2026-09-30T10:44:13Z
2018-05-10,13:00,2018-05-10T13:00:00-04:00,2018-05-10T17:00:00Z,12:00,NOMINAL,30y,original,False,Bond,30-Year,30-Year,No,912810SC3,2018-05-15,2048-05-15,17000000000,16994954700,4913239000,1418000000,10663715700,21098197100,4098155300,3.1300,2.380000,0.289100,2018-05-02,R_20180510_1.pdf,,"https://api.fiscaldata.treasury.gov/services/api/fiscal_service/v1/accounting/od/auctions_query?filter=security_type:in:(Note,Bond),auction_date:gte:2009-01-01&page%5Bsize%5D=10000&page%5Bnumber%5D=1&sort=auction_date",fetched,2026-09-30T10:44:13Z
2018-05-17,13:00,2018-05-17T13:00:00-04:00,2018-05-17T17:00:00Z,12:00,TIPS,10y,original,False,Note,9-Year 8-Month,10-Year,Yes,9128283R9,2018-05-31,2028-01-15,11000000000,10986447500,3186000000,741000000,7059447500,12910859800,1910830000,0.9340,2.420000,0.289994,2018-05-10,R_20180517_1.pdf,,"https://api.fiscaldata.treasury.gov/services/api/fiscal_service/v1/accounting/od/auctions_query?filter=security_type:in:(Note,Bond),auction_date:gte:2009-01-01&page%5Bsize%5D=10000&page%5Bnumber%5D=1&sort=auction_date",fetched,2026-09-30T10:44:13Z
2018-05-22,13:00,2018-05-22T13:00:00-04:00,2018-05-22T17:00:00Z,12:00,NOMINAL,2y,original,False,Note,2-Year,2-Year,No,9128284Q0,2018-05-31,2020-05-31,33000000000,32429810000,14712135000,4975000000,12742675000,38732492100,5732490200,2.5900,2.880000,0.453661,2018-05-17,R_20180522_3.pdf,,"https://api.fiscaldata.treasury.gov/services/api/fiscal_service/v1/accounting/od/auctions_query?filter=security_type:in:(Note,Bond),auction_date:gte:2009-01-01&page%5Bsize%5D=10000&page%5Bnumber%5D=1&sort=auction_date",fetched,2026-09-30T10:44:13Z
2018-05-23,11:30,2018-05-23T11:30:00-04:00,2018-05-23T15:30:00Z,11:00,FRN,2y,original,False,Note,1-Year 11-Month,2-Year,Yes,9128284K3,2018-05-25,2020-04-30,16000000000,15982911500,6896460000,1200000000,7886451500,16000041600,0,,3.260000,0.431490,2018-05-17,R_20180523_1.pdf,NOMINAL-5y@13:00,"https://api.fiscaldata.treasury.gov/services/api/fiscal_service/v1/accounting/od/auctions_query?filter=security_type:in:(Note,Bond),auction_date:gte:2009-01-01&page%5Bsize%5D=10000&page%5Bnumber%5D=1&sort=auction_date",fetched,2026-09-30T10:44:13Z
2018-05-23,13:00,2018-05-23T13:00:00-04:00,2018-05-23T17:00:00Z,12:00,NOMINAL,5y,original,False,Note,5-Year,5-Year,No,9128284S6,2018-05-31,2023-05-31,36000000000,35936698800,11838508800,3904000000,20194190000,42253698300,6253625600,2.8640,2.520000,0.329427,2018-05-17,R_20180523_2.pdf,FRN-2y@11:30,"https://api.fiscaldata.treasury.gov/services/api/fiscal_service/v1/accounting/od/auctions_query?filter=security_type:in:(Note,Bond),auction_date:gte:2009-01-01&page%5Bsize%5D=10000&page%5Bnumber%5D=1&sort=auction_date",fetched,2026-09-30T10:44:13Z
2018-05-24,13:00,2018-05-24T13:00:00-04:00,2018-05-24T17:00:00Z,12:00,NOMINAL,7y,original,False,Note,7-Year,7-Year,No,9128284R8,2018-05-31,2025-05-31,30000000000,29974623800,6472380000,3864092000,19638151800,35211597100,5211354700,2.9300,2.620000,0.215929,2018-05-17,R_20180524_1.pdf,,"https://api.fiscaldata.treasury.gov/services/api/fiscal_service/v1/accounting/od/auctions_query?filter=security_type:in:(Note,Bond),auction_date:gte:2009-01-01&page%5Bsize%5D=10000&page%5Bnumber%5D=1&sort=auction_date",fetched,2026-09-30T10:44:13Z
2018-06-11,11:30,2018-06-11T11:30:00-04:00,2018-06-11T15:30:00Z,11:00,NOMINAL,3y,original,False,Note,3-Year,3-Year,No,9128284T4,2018-06-15,2021-06-15,32000000000,31825119500,12542665000,2932000000,16350454500,32000118800,0,2.6640,2.830000,0.394112,2018-06-07,R_20180611_2.pdf,NOMINAL-10y@13:00,"https://api.fiscaldata.treasury.gov/services/api/fiscal_service/v1/accounting/od/auctions_query?filter=security_type:in:(Note,Bond),auction_date:gte:2009-01-01&page%5Bsize%5D=10000&page%5Bnumber%5D=1&sort=auction_date",fetched,2026-09-30T10:44:13Z
2018-06-11,13:00,2018-06-11T13:00:00-04:00,2018-06-11T17:00:00Z,12:00,NOMINAL,10y,original,False,Note,9-Year 11-Month,10-Year,Yes,9128284N7,2018-06-15,2028-05-15,22000000000,21989208000,6092018000,3576150000,12321040000,22000050600,0,2.9620,2.590000,0.277046,2018-06-07,R_20180611_3.pdf,NOMINAL-3y@11:30,"https://api.fiscaldata.treasury.gov/services/api/fiscal_service/v1/accounting/od/auctions_query?filter=security_type:in:(Note,Bond),auction_date:gte:2009-01-01&page%5Bsize%5D=10000&page%5Bnumber%5D=1&sort=auction_date",fetched,2026-09-30T10:44:13Z
2018-06-12,13:00,2018-06-12T13:00:00-04:00,2018-06-12T17:00:00Z,12:00,NOMINAL,30y,original,False,Bond,29-Year 11-Month,30-Year,Yes,912810SC3,2018-06-15,2048-05-15,14000000000,13992939100,3846767100,1437258000,8708914000,14000008100,0,3.1000,2.380000,0.274908,2018-06-07,R_20180612_2.pdf,,"https://api.fiscaldata.treasury.gov/services/api/fiscal_service/v1/accounting/od/auctions_query?filter=security_type:in:(Note,Bond),auction_date:gte:2009-01-01&page%5Bsize%5D=10000&page%5Bnumber%5D=1&sort=auction_date",fetched,2026-09-30T10:44:13Z
2018-06-21,13:00,2018-06-21T13:00:00-04:00,2018-06-21T17:00:00Z,12:00,TIPS,30y,original,False,Bond,29-Year 8-Month,30-Year,Yes,912810SB5,2018-06-29,2048-02-15,5000000000,4997983200,730405500,230000000,4037577700,5000001200,0,0.9340,2.620000,0.146140,2018-06-14,R_20180621_1.pdf,,"https://api.fiscaldata.treasury.gov/services/api/fiscal_service/v1/accounting/od/auctions_query?filter=security_type:in:(Note,Bond),auction_date:gte:2009-01-01&page%5Bsize%5D=10000&page%5Bnumber%5D=1&sort=auction_date",fetched,2026-09-30T10:44:13Z
2018-06-26,13:00,2018-06-26T13:00:00-04:00,2018-06-26T17:00:00Z,12:00,NOMINAL,2y,original,False,Note,2-Year,2-Year,No,912828XY1,2018-07-02,2020-06-30,34000000000,33475880000,14171220000,5155650000,14149010000,38234251300,4234201900,2.5380,2.730000,0.423326,2018-06-21,R_20180626_2.pdf,,"https://api.fiscaldata.treasury.gov/services/api/fiscal_service/v1/accounting/od/auctions_query?filter=security_type:in:(Note,Bond),auction_date:gte:2009-01-01&page%5Bsize%5D=10000&page%5Bnumber%5D=1&sort=auction_date",fetched,2026-09-30T10:44:13Z
2018-06-27,11:30,2018-06-27T11:30:00-04:00,2018-06-27T15:30:00Z,11:00,FRN,2y,original,False,Note,1-Year 10-Month,2-Year,Yes,9128284K3,2018-06-29,2020-04-30,16000000000,15992600000,8844600000,1150000000,5998000000,16000077700,0,,2.790000,0.553043,2018-06-21,R_20180627_1.pdf,NOMINAL-5y@13:00,"https://api.fiscaldata.treasury.gov/services/api/fiscal_service/v1/accounting/od/auctions_query?filter=security_type:in:(Note,Bond),auction_date:gte:2009-01-01&page%5Bsize%5D=10000&page%5Bnumber%5D=1&sort=auction_date",fetched,2026-09-30T10:44:13Z
2018-06-27,13:00,2018-06-27T13:00:00-04:00,2018-06-27T17:00:00Z,12:00,NOMINAL,5y,original,False,Note,5-Year,5-Year,No,9128284U1,2018-07-02,2023-06-30,36000000000,35963725700,10241116200,3415000000,22307609500,40483394000,4483272500,2.7190,2.550000,0.284762,2018-06-21,R_20180627_2.pdf,FRN-2y@11:30,"https://api.fiscaldata.treasury.gov/services/api/fiscal_service/v1/accounting/od/auctions_query?filter=security_type:in:(Note,Bond),auction_date:gte:2009-01-01&page%5Bsize%5D=10000&page%5Bnumber%5D=1&sort=auction_date",fetched,2026-09-30T10:44:13Z
2018-06-28,13:00,2018-06-28T13:00:00-04:00,2018-06-28T17:00:00Z,12:00,NOMINAL,7y,original,False,Note,7-Year,7-Year,No,912828XZ8,2018-07-02,2025-06-30,30000000000,29983974000,7238680000,4570000000,18175294000,33736074500,3736060400,2.8090,2.530000,0.241418,2018-06-21,R_20180628_1.pdf,,"https://api.fiscaldata.treasury.gov/services/api/fiscal_service/v1/accounting/od/auctions_query?filter=security_type:in:(Note,Bond),auction_date:gte:2009-01-01&page%5Bsize%5D=10000&page%5Bnumber%5D=1&sort=auction_date",fetched,2026-09-30T10:44:13Z
2018-07-10,13:00,2018-07-10T13:00:00-04:00,2018-07-10T17:00:00Z,12:00,NOMINAL,3y,original,False,Note,3-Year,3-Year,No,912828Y20,2018-07-16,2021-07-15,33000000000,32837502500,16840402500,3000000000,12997100000,33128311900,128264400,2.6850,2.510000,0.512841,2018-07-05,R_20180710_2.pdf,,"https://api.fiscaldata.treasury.gov/services/api/fiscal_service/v1/accounting/od/auctions_query?filter=security_type:in:(Note,Bond),auction_date:gte:2009-01-01&page%5Bsize%5D=10000&page%5Bnumber%5D=1&sort=auction_date",fetched,2026-09-30T10:44:13Z
2018-07-11,13:00,2018-07-11T13:00:00-04:00,2018-07-11T17:00:00Z,12:00,NOMINAL,10y,original,False,Note,9-Year 10-Month,10-Year,Yes,9128284N7,2018-07-16,2028-05-15,22000000000,21993278500,5389821000,2299350000,14304107500,22085574700,85509600,2.8590,2.570000,0.245067,2018-07-05,R_20180711_1.pdf,,"https://api.fiscaldata.treasury.gov/services/api/fiscal_service/v1/accounting/od/auctions_query?filter=security_type:in:(Note,Bond),auction_date:gte:2009-01-01&page%5Bsize%5D=10000&page%5Bnumber%5D=1&sort=auction_date",fetched,2026-09-30T10:44:13Z
2018-07-12,13:00,2018-07-12T13:00:00-04:00,2018-07-12T17:00:00Z,12:00,NOMINAL,30y,original,False,Bond,29-Year 10-Month,30-Year,Yes,912810SC3,2018-07-16,2048-05-15,14000000000,13995064000,3890000000,1445000000,8660064000,14054415600,54415100,2.9580,2.340000,0.277955,2018-07-05,R_20180712_1.pdf,,"https://api.fiscaldata.treasury.gov/services/api/fiscal_service/v1/accounting/od/auctions_query?filter=security_type:in:(Note,Bond),auction_date:gte:2009-01-01&page%5Bsize%5D=10000&page%5Bnumber%5D=1&sort=auction_date",fetched,2026-09-30T10:44:13Z
2018-07-19,13:00,2018-07-19T13:00:00-04:00,2018-07-19T17:00:00Z,12:00,TIPS,10y,original,False,Note,10-Year,10-Year,No,912828Y38,2018-07-31,2028-07-15,13000000000,12970650000,2930680000,1987000000,8052970000,13705922200,705917400,0.7620,2.220000,0.225947,2018-07-12,R_20180719_1.pdf,,"https://api.fiscaldata.treasury.gov/services/api/fiscal_service/v1/accounting/od/auctions_query?filter=security_type:in:(Note,Bond),auction_date:gte:2009-01-01&page%5Bsize%5D=10000&page%5Bnumber%5D=1&sort=auction_date",fetched,2026-09-30T10:44:13Z
2018-07-24,13:00,2018-07-24T13:00:00-04:00,2018-07-24T17:00:00Z,12:00,NOMINAL,2y,original,False,Note,2-Year,2-Year,No,912828Y46,2018-07-31,2020-07-31,35000000000,34462311000,14021916000,4923000000,15517395000,36900694700,1900547100,2.6570,2.920000,0.406877,2018-07-19,R_20180724_2.pdf,,"https://api.fiscaldata.treasury.gov/services/api/fiscal_service/v1/accounting/od/auctions_query?filter=security_type:in:(Note,Bond),auction_date:gte:2009-01-01&page%5Bsize%5D=10000&page%5Bnumber%5D=1&sort=auction_date",fetched,2026-09-30T10:44:13Z
2018-07-25,11:30,2018-07-25T11:30:00-04:00,2018-07-25T15:30:00Z,11:00,FRN,2y,original,False,Note,2-Year,2-Year,No,912828Y53,2018-07-31,2020-07-31,18000000000,17967915000,7607770000,1125000000,9235145000,18977701600,977424200,,2.790000,0.423409,2018-07-19,R_20180725_1.pdf,NOMINAL-5y@13:00,"https://api.fiscaldata.treasury.gov/services/api/fiscal_service/v1/accounting/od/auctions_query?filter=security_type:in:(Note,Bond),auction_date:gte:2009-01-01&page%5Bsize%5D=10000&page%5Bnumber%5D=1&sort=auction_date",fetched,2026-09-30T10:44:13Z
2018-07-25,13:00,2018-07-25T13:00:00-04:00,2018-07-25T17:00:00Z,12:00,NOMINAL,5y,original,False,Note,5-Year,5-Year,No,912828Y61,2018-07-31,2023-07-31,36000000000,35966433000,8666800000,3124392000,24175241000,37954982400,1954848300,2.8150,2.610000,0.240969,2018-07-19,R_20180725_2.pdf,FRN-2y@11:30,"https://api.fiscaldata.treasury.gov/services/api/fiscal_service/v1/accounting/od/auctions_query?filter=security_type:in:(Note,Bond),auction_date:gte:2009-01-01&page%5Bsize%5D=10000&page%5Bnumber%5D=1&sort=auction_date",fetched,2026-09-30T10:44:13Z
2018-07-26,13:00,2018-07-26T13:00:00-04:00,2018-07-26T17:00:00Z,12:00,NOMINAL,7y,original,False,Note,7-Year,7-Year,No,912828Y79,2018-07-31,2025-07-31,30000000000,29992613000,7026716000,3590000000,19375897000,31629113100,1629040300,2.9300,2.490000,0.234282,2018-07-19,R_20180726_1.pdf,,"https://api.fiscaldata.treasury.gov/services/api/fiscal_service/v1/accounting/od/auctions_query?filter=security_type:in:(Note,Bond),auction_date:gte:2009-01-01&page%5Bsize%5D=10000&page%5Bnumber%5D=1&sort=auction_date",fetched,2026-09-30T10:44:13Z
2018-08-07,13:00,2018-08-07T13:00:00-04:00,2018-08-07T17:00:00Z,12:00,NOMINAL,3y,original,False,Note,3-Year,3-Year,No,9128284W7,2018-08-15,2021-08-15,34000000000,33807730000,15288800000,4088240000,14430690000,38570974200,4570943900,2.7650,2.650000,0.452228,2018-08-01,R_20180807_2.pdf,,"https://api.fiscaldata.treasury.gov/services/api/fiscal_service/v1/accounting/od/auctions_query?filter=security_type:in:(Note,Bond),auction_date:gte:2009-01-01&page%5Bsize%5D=10000&page%5Bnumber%5D=1&sort=auction_date",fetched,2026-09-30T10:44:13Z
2018-08-08,13:00,2018-08-08T13:00:00-04:00,2018-08-08T17:00:00Z,12:00,NOMINAL,10y,original,False,Note,10-Year,10-Year,No,9128284V9,2018-08-15,2028-08-15,26000000000,25970654000,7129974000,2928000000,15912680000,29495528000,3495427700,2.9600,2.550000,0.274540,2018-08-01,R_20180808_1.pdf,,"https://api.fiscaldata.treasury.gov/services/api/fiscal_service/v1/accounting/od/auctions_query?filter=security_type:in:(Note,Bond),auction_date:gte:2009-01-01&page%5Bsize%5D=10000&page%5Bnumber%5D=1&sort=auction_date",fetched,2026-09-30T10:44:13Z
2018-08-09,13:00,2018-08-09T13:00:00-04:00,2018-08-09T17:00:00Z,12:00,NOMINAL,30y,original,False,Bond,30-Year,30-Year,No,912810SD1,2018-08-15,2048-08-15,18000000000,17991688500,5346461000,1446000000,11199227500,20419916800,2419911400,3.0900,2.270000,0.297163,2018-08-01,R_20180809_1.pdf,,"https://api.fiscaldata.treasury.gov/services/api/fiscal_service/v1/accounting/od/auctions_query?filter=security_type:in:(Note,Bond),auction_date:gte:2009-01-01&page%5Bsize%5D=10000&page%5Bnumber%5D=1&sort=auction_date",fetched,2026-09-30T10:44:13Z
2018-08-23,13:00,2018-08-23T13:00:00-04:00,2018-08-23T17:00:00Z,12:00,TIPS,5y,original,False,Note,4-Year 8-Month,5-Year,Yes,9128284H0,2018-08-31,2023-04-15,14000000000,13964787300,2681000000,1890000000,9393787300,14986736700,986728200,0.7240,2.780000,0.191983,2018-08-16,R_20180823_1.pdf,,"https://api.fiscaldata.treasury.gov/services/api/fiscal_service/v1/accounting/od/auctions_query?filter=security_type:in:(Note,Bond),auction_date:gte:2009-01-01&page%5Bsize%5D=10000&page%5Bnumber%5D=1&sort=auction_date",fetched,2026-09-30T10:44:13Z
2018-08-27,13:00,2018-08-27T13:00:00-04:00,2018-08-27T17:00:00Z,12:00,NOMINAL,2y,original,False,Note,2-Year,2-Year,No,9128284Y3,2018-08-31,2020-08-31,36000000000,35536266000,15102395000,4861000000,15572871000,38537491100,2537301200,2.6550,2.890000,0.424985,2018-08-23,R_20180827_3.pdf,,"https://api.fiscaldata.treasury.gov/services/api/fiscal_service/v1/accounting/od/auctions_query?filter=security_type:in:(Note,Bond),auction_date:gte:2009-01-01&page%5Bsize%5D=10000&page%5Bnumber%5D=1&sort=auction_date",fetched,2026-09-30T10:44:13Z
2018-08-28,13:00,2018-08-28T13:00:00-04:00,2018-08-28T17:00:00Z,12:00,NOMINAL,5y,original,False,Note,5-Year,5-Year,No,9128284X5,2018-08-31,2023-08-31,37000000000,36946038000,9141549200,3330000000,24474488800,39607828100,2607781700,2.7650,2.490000,0.247430,2018-08-23,R_20180828_2.pdf,,"https://api.fiscaldata.treasury.gov/services/api/fiscal_service/v1/accounting/od/auctions_query?filter=security_type:in:(Note,Bond),auction_date:gte:2009-01-01&page%5Bsize%5D=10000&page%5Bnumber%5D=1&sort=auction_date",fetched,2026-09-30T10:44:13Z
2018-08-29,11:30,2018-08-29T11:30:00-04:00,2018-08-29T15:30:00Z,11:00,FRN,2y,original,False,Note,1-Year 11-Month,2-Year,Yes,912828Y53,2018-08-31,2020-07-31,17000000000,16974762500,8811925000,1450000000,6712837500,18198222700,1198170100,,2.940000,0.519119,2018-08-23,R_20180829_1.pdf,NOMINAL-7y@13:00,"https://api.fiscaldata.treasury.gov/services/api/fiscal_service/v1/accounting/od/auctions_query?filter=security_type:in:(Note,Bond),auction_date:gte:2009-01-01&page%5Bsize%5D=10000&page%5Bnumber%5D=1&sort=auction_date",fetched,2026-09-30T10:44:13Z
2018-08-29,13:00,2018-08-29T13:00:00-04:00,2018-08-29T17:00:00Z,12:00,NOMINAL,7y,original,False,Note,7-Year,7-Year,No,9128284Z0,2018-08-31,2025-08-31,31000000000,30985490000,6670200000,5877040000,18438250000,33184943100,2184898200,2.8440,2.650000,0.215269,2018-08-23,R_20180829_2.pdf,FRN-2y@11:30,"https://api.fiscaldata.treasury.gov/services/api/fiscal_service/v1/accounting/od/auctions_query?filter=security_type:in:(Note,Bond),auction_date:gte:2009-01-01&page%5Bsize%5D=10000&page%5Bnumber%5D=1&sort=auction_date",fetched,2026-09-30T10:44:13Z
2018-09-11,13:00,2018-09-11T13:00:00-04:00,2018-09-11T17:00:00Z,12:00,NOMINAL,3y,original,False,Note,3-Year,3-Year,No,9128285A4,2018-09-17,2021-09-15,35000000000,34789505900,14958752400,3731000000,16099753500,35000019100,0,2.8210,2.680000,0.429979,2018-09-06,R_20180911_3.pdf,,"https://api.fiscaldata.treasury.gov/services/api/fiscal_service/v1/accounting/od/auctions_query?filter=security_type:in:(Note,Bond),auction_date:gte:2009-01-01&page%5Bsize%5D=10000&page%5Bnumber%5D=1&sort=auction_date",fetched,2026-09-30T10:44:13Z
2018-09-12,13:00,2018-09-12T13:00:00-04:00,2018-09-12T17:00:00Z,12:00,NOMINAL,10y,original,False,Note,9-Year 11-Month,10-Year,Yes,9128284V9,2018-09-17,2028-08-15,23000000000,22984575000,5203000000,3090000000,14691575000,23000004800,0,2.9570,2.580000,0.226369,2018-09-06,R_20180912_1.pdf,,"https://api.fiscaldata.treasury.gov/services/api/fiscal_service/v1/accounting/od/auctions_query?filter=security_type:in:(Note,Bond),auction_date:gte:2009-01-01&page%5Bsize%5D=10000&page%5Bnumber%5D=1&sort=auction_date",fetched,2026-09-30T10:44:13Z
2018-09-13,13:00,2018-09-13T13:00:00-04:00,2018-09-13T17:00:00Z,12:00,NOMINAL,30y,original,False,Bond,29-Year 11-Month,30-Year,Yes,912810SD1,2018-09-17,2048-08-15,15000000000,14996787500,4049031000,1692857500,9254899000,15000011400,0,3.0880,2.340000,0.269993,2018-09-06,R_20180913_1.pdf,,"https://api.fiscaldata.treasury.gov/services/api/fiscal_service/v1/accounting/od/auctions_query?filter=security_type:in:(Note,Bond),auction_date:gte:2009-01-01&page%5Bsize%5D=10000&page%5Bnumber%5D=1&sort=auction_date",fetched,2026-09-30T10:44:13Z
2018-09-20,13:00,2018-09-20T13:00:00-04:00,2018-09-20T17:00:00Z,12:00,TIPS,10y,original,False,Note,9-Year 10-Month,10-Year,Yes,912828Y38,2018-09-28,2028-07-15,11000000000,10986204000,2379096000,974668000,7632440000,11000007500,0,0.9100,2.570000,0.216553,2018-09-13,R_20180920_1.pdf,,"https://api.fiscaldata.treasury.gov/services/api/fiscal_service/v1/accounting/od/auctions_query?filter=security_type:in:(Note,Bond),auction_date:gte:2009-01-01&page%5Bsize%5D=10000&page%5Bnumber%5D=1&sort=auction_date",fetched,2026-09-30T10:44:13Z
2018-09-24,13:00,2018-09-24T13:00:00-04:00,2018-09-24T17:00:00Z,12:00,NOMINAL,2y,original,False,Note,2-Year,2-Year,No,9128285B2,2018-10-01,2020-09-30,37000000000,36509217400,17024568000,4894000000,14590649400,37000075500,0,2.8290,2.440000,0.466309,2018-09-20,R_20180924_3.pdf,,"https://api.fiscaldata.treasury.gov/services/api/fiscal_service/v1/accounting/od/auctions_query?filter=security_type:in:(Note,Bond),auction_date:gte:2009-01-01&page%5Bsize%5D=10000&page%5Bnumber%5D=1&sort=auction_date",fetched,2026-09-30T10:44:13Z
2018-09-25,11:30,2018-09-25T11:30:00-04:00,2018-09-25T15:30:00Z,11:00,FRN,2y,original,False,Note,1-Year 10-Month,2-Year,Yes,912828Y53,2018-09-28,2020-07-31,17000000000,16987902000,5850726000,1366990000,9770186000,17000058900,0,,3.060000,0.344405,2018-09-20,R_20180925_2.pdf,NOMINAL-5y@13:00,"https://api.fiscaldata.treasury.gov/services/api/fiscal_service/v1/accounting/od/auctions_query?filter=security_type:in:(Note,Bond),auction_date:gte:2009-01-01&page%5Bsize%5D=10000&page%5Bnumber%5D=1&sort=auction_date",fetched,2026-09-30T10:44:13Z
2018-09-25,13:00,2018-09-25T13:00:00-04:00,2018-09-25T17:00:00Z,12:00,NOMINAL,5y,original,False,Note,5-Year,5-Year,No,9128285D8,2018-10-01,2023-09-30,38000000000,37961268000,12495168000,3501000000,21965100000,38000046700,0,2.9970,2.390000,0.329156,2018-09-20,R_20180925_3.pdf,FRN-2y@11:30,"https://api.fiscaldata.treasury.gov/services/api/fiscal_service/v1/accounting/od/auctions_query?filter=security_type:in:(Note,Bond),auction_date:gte:2009-01-01&page%5Bsize%5D=10000&page%5Bnumber%5D=1&sort=auction_date",fetched,2026-09-30T10:44:13Z
2018-09-27,13:00,2018-09-27T13:00:00-04:00,2018-09-27T17:00:00Z,12:00,NOMINAL,7y,original,False,Note,7-Year,7-Year,No,9128285C0,2018-10-01,2025-09-30,31000000000,30976622800,7828496000,3956400000,19191726800,31000048300,0,3.0340,2.450000,0.252723,2018-09-20,R_20180927_1.pdf,,"https://api.fiscaldata.treasury.gov/services/api/fiscal_service/v1/accounting/od/auctions_query?filter=security_type:in:(Note,Bond),auction_date:gte:2009-01-01&page%5Bsize%5D=10000&page%5Bnumber%5D=1&sort=auction_date",fetched,2026-09-30T10:44:13Z
2018-10-10,11:30,2018-10-10T11:30:00-04:00,2018-10-10T15:30:00Z,11:00,NOMINAL,3y,original,False,Note,3-Year,3-Year,No,9128285F3,2018-10-15,2021-10-15,36000000000,35703620000,15469960000,3487000000,16746660000,36000081000,0,2.9890,2.560000,0.433288,2018-10-04,R_20181010_1.pdf,NOMINAL-10y@13:00,"https://api.fiscaldata.treasury.gov/services/api/fiscal_service/v1/accounting/od/auctions_query?filter=security_type:in:(Note,Bond),auction_date:gte:2009-01-01&page%5Bsize%5D=10000&page%5Bnumber%5D=1&sort=auction_date",fetched,2026-09-30T10:44:13Z
2018-10-10,13:00,2018-10-10T13:00:00-04:00,2018-10-10T17:00:00Z,12:00,NOMINAL,10y,original,False,Note,9-Year 10-Month,10-Year,Yes,9128284V9,2018-10-15,2028-08-15,23000000000,22974381100,6923757500,1240945000,14809678600,23000049000,0,3.2250,2.390000,0.301369,2018-10-04,R_20181010_2.pdf,NOMINAL-3y@11:30,"https://api.fiscaldata.treasury.gov/services/api/fiscal_service/v1/accounting/od/auctions_query?filter=security_type:in:(Note,Bond),auction_date:gte:2009-01-01&page%5Bsize%5D=10000&page%5Bnumber%5D=1&sort=auction_date",fetched,2026-09-30T10:44:13Z
2018-10-11,13:00,2018-10-11T13:00:00-04:00,2018-10-11T17:00:00Z,12:00,NOMINAL,30y,original,False,Bond,29-Year 10-Month,30-Year,Yes,912810SD1,2018-10-15,2048-08-15,15000000000,14997966200,3421101000,1916000000,9660865200,15000000400,0,3.3440,2.420000,0.228104,2018-10-04,R_20181011_1.pdf,,"https://api.fiscaldata.treasury.gov/services/api/fiscal_service/v1/accounting/od/auctions_query?filter=security_type:in:(Note,Bond),auction_date:gte:2009-01-01&page%5Bsize%5D=10000&page%5Bnumber%5D=1&sort=auction_date",fetched,2026-09-30T10:44:13Z
2018-10-18,13:00,2018-10-18T13:00:00-04:00,2018-10-18T17:00:00Z,12:00,TIPS,30y,original,False,Bond,29-Year 4-Month,30-Year,Yes,912810SB5,2018-10-31,2048-02-15,5000000000,4998075700,1166187000,46995000,3784893700,5000003100,0,1.2350,2.320000,0.233327,2018-10-11,R_20181018_1.pdf,,"https://api.fiscaldata.treasury.gov/services/api/fiscal_service/v1/accounting/od/auctions_query?filter=security_type:in:(Note,Bond),auction_date:gte:2009-01-01&page%5Bsize%5D=10000&page%5Bnumber%5D=1&sort=auction_date",fetched,2026-09-30T10:44:13Z
2018-10-23,13:00,2018-10-23T13:00:00-04:00,2018-10-23T17:00:00Z,12:00,NOMINAL,2y,original,False,Note,2-Year,2-Year,No,9128285G1,2018-10-31,2020-10-31,38000000000,37472866800,15699606600,2060000000,19713260200,38000195100,0,2.8800,2.670000,0.418959,2018-10-18,R_20181023_3.pdf,,"https://api.fiscaldata.treasury.gov/services/api/fiscal_service/v1/accounting/od/auctions_query?filter=security_type:in:(Note,Bond),auction_date:gte:2009-01-01&page%5Bsize%5D=10000&page%5Bnumber%5D=1&sort=auction_date",fetched,2026-09-30T10:44:13Z
2018-10-24,11:30,2018-10-24T11:30:00-04:00,2018-10-24T15:30:00Z,11:00,FRN,2y,original,False,Note,2-Year,2-Year,No,9128285H9,2018-10-31,2020-10-31,19000000000,18963250000,9096480000,25000000,9841770000,19000368500,0,,3.320000,0.479690,2018-10-18,R_20181024_1.pdf,NOMINAL-5y@13:00,"https://api.fiscaldata.treasury.gov/services/api/fiscal_service/v1/accounting/od/auctions_query?filter=security_type:in:(Note,Bond),auction_date:gte:2009-01-01&page%5Bsize%5D=10000&page%5Bnumber%5D=1&sort=auction_date",fetched,2026-09-30T10:44:13Z
2018-10-24,13:00,2018-10-24T13:00:00-04:00,2018-10-24T17:00:00Z,12:00,NOMINAL,5y,original,False,Note,5-Year,5-Year,No,9128285K2,2018-10-31,2023-10-31,39000000000,38858615000,15202650000,727000000,22928965000,39000005200,0,2.9770,2.300000,0.391230,2018-10-18,R_20181024_2.pdf,FRN-2y@11:30,"https://api.fiscaldata.treasury.gov/services/api/fiscal_service/v1/accounting/od/auctions_query?filter=security_type:in:(Note,Bond),auction_date:gte:2009-01-01&page%5Bsize%5D=10000&page%5Bnumber%5D=1&sort=auction_date",fetched,2026-09-30T10:44:13Z
2018-10-25,13:00,2018-10-25T13:00:00-04:00,2018-10-25T17:00:00Z,12:00,NOMINAL,7y,original,False,Note,7-Year,7-Year,No,9128285J5,2018-10-31,2025-10-31,31000000000,30979771200,9339472500,1616100000,20024198700,31000000300,0,3.0740,2.390000,0.301470,2018-10-18,R_20181025_1.pdf,,"https://api.fiscaldata.treasury.gov/services/api/fiscal_service/v1/accounting/od/auctions_query?filter=security_type:in:(Note,Bond),auction_date:gte:2009-01-01&page%5Bsize%5D=10000&page%5Bnumber%5D=1&sort=auction_date",fetched,2026-09-30T10:44:13Z
2018-11-05,13:00,2018-11-05T13:00:00-05:00,2018-11-05T18:00:00Z,12:00,NOMINAL,3y,original,False,Note,3-Year,3-Year,No,9128285L0,2018-11-15,2021-11-15,37000000000,36702980900,17584965000,1102628500,18015387400,44545606000,7545438700,2.9830,2.540000,0.479115,2018-10-31,R_20181105_3.pdf,,"https://api.fiscaldata.treasury.gov/services/api/fiscal_service/v1/accounting/od/auctions_query?filter=security_type:in:(Note,Bond),auction_date:gte:2009-01-01&page%5Bsize%5D=10000&page%5Bnumber%5D=1&sort=auction_date",fetched,2026-09-30T10:44:13Z
2018-11-06,13:00,2018-11-06T13:00:00-05:00,2018-11-06T18:00:00Z,12:00,NOMINAL,10y,original,False,Note,10-Year,10-Year,No,9128285M8,2018-11-15,2028-11-15,27000000000,26952935100,6726464000,328000000,19898471100,32506247900,5506130800,3.2090,2.540000,0.249563,2018-10-31,R_20181106_4.pdf,,"https://api.fiscaldata.treasury.gov/services/api/fiscal_service/v1/accounting/od/auctions_query?filter=security_type:in:(Note,Bond),auction_date:gte:2009-01-01&page%5Bsize%5D=10000&page%5Bnumber%5D=1&sort=auction_date",fetched,2026-09-30T10:44:13Z
2018-11-07,13:00,2018-11-07T13:00:00-05:00,2018-11-07T18:00:00Z,12:00,NOMINAL,30y,original,False,Bond,30-Year,30-Year,No,912810SE9,2018-11-15,2048-11-15,19000000000,18993389800,7227000000,550000000,11216389800,22874685200,3874684700,3.4180,2.060000,0.380501,2018-10-31,R_20181107_1.pdf,,"https://api.fiscaldata.treasury.gov/services/api/fiscal_service/v1/accounting/od/auctions_query?filter=security_type:in:(Note,Bond),auction_date:gte:2009-01-01&page%5Bsize%5D=10000&page%5Bnumber%5D=1&sort=auction_date",fetched,2026-09-30T10:44:13Z
2018-11-21,11:30,2018-11-21T11:30:00-05:00,2018-11-21T16:30:00Z,11:00,TIPS,10y,original,False,Note,9-Year 8-Month,10-Year,Yes,912828Y38,2018-11-30,2028-07-15,11000000000,10989087900,2178352500,1326900000,7483835400,11965978500,965963500,1.1090,2.590000,0.198229,2018-11-15,R_20181121_1.pdf,,"https://api.fiscaldata.treasury.gov/services/api/fiscal_service/v1/accounting/od/auctions_query?filter=security_type:in:(Note,Bond),auction_date:gte:2009-01-01&page%5Bsize%5D=10000&page%5Bnumber%5D=1&sort=auction_date",fetched,2026-09-30T10:44:13Z
2018-11-26,13:00,2018-11-26T13:00:00-05:00,2018-11-26T18:00:00Z,12:00,NOMINAL,2y,original,False,Note,2-Year,2-Year,No,9128285Q9,2018-11-30,2020-11-30,39000000000,38562886000,13744165000,7513486000,17305235000,42424857200,3424779900,2.8360,2.650000,0.356409,2018-11-21,R_20181126_3.pdf,,"https://api.fiscaldata.treasury.gov/services/api/fiscal_service/v1/accounting/od/auctions_query?filter=security_type:in:(Note,Bond),auction_date:gte:2009-01-01&page%5Bsize%5D=10000&page%5Bnumber%5D=1&sort=auction_date",fetched,2026-09-30T10:44:13Z
2018-11-27,13:00,2018-11-27T13:00:00-05:00,2018-11-27T18:00:00Z,12:00,NOMINAL,5y,original,False,Note,5-Year,5-Year,No,9128285P1,2018-11-30,2023-11-30,40000000000,39853291500,11866460000,4115900000,23870931500,43512625200,3512594700,2.8800,2.490000,0.297754,2018-11-21,R_20181127_3.pdf,,"https://api.fiscaldata.treasury.gov/services/api/fiscal_service/v1/accounting/od/auctions_query?filter=security_type:in:(Note,Bond),auction_date:gte:2009-01-01&page%5Bsize%5D=10000&page%5Bnumber%5D=1&sort=auction_date",fetched,2026-09-30T10:44:13Z
2018-11-28,11:30,2018-11-28T11:30:00-05:00,2018-11-28T16:30:00Z,11:00,FRN,2y,original,False,Note,1-Year 11-Month,2-Year,Yes,9128285H9,2018-11-30,2020-10-31,18000000000,17975557500,10891070000,1050000000,6034487500,19580708100,1580667700,,2.620000,0.605882,2018-11-21,R_20181128_1.pdf,NOMINAL-7y@13:00,"https://api.fiscaldata.treasury.gov/services/api/fiscal_service/v1/accounting/od/auctions_query?filter=security_type:in:(Note,Bond),auction_date:gte:2009-01-01&page%5Bsize%5D=10000&page%5Bnumber%5D=1&sort=auction_date",fetched,2026-09-30T10:44:13Z
2018-11-28,13:00,2018-11-28T13:00:00-05:00,2018-11-28T18:00:00Z,12:00,NOMINAL,7y,original,False,Note,7-Year,7-Year,No,9128285N6,2018-11-30,2025-11-30,32000000000,31977842000,5225844000,8647824500,18104173500,34810090800,2810075800,2.9740,2.550000,0.163421,2018-11-21,R_20181128_2.pdf,FRN-2y@11:30,"https://api.fiscaldata.treasury.gov/services/api/fiscal_service/v1/accounting/od/auctions_query?filter=security_type:in:(Note,Bond),auction_date:gte:2009-01-01&page%5Bsize%5D=10000&page%5Bnumber%5D=1&sort=auction_date",fetched,2026-09-30T10:44:13Z
2018-12-11,13:00,2018-12-11T13:00:00-05:00,2018-12-11T18:00:00Z,12:00,NOMINAL,3y,original,False,Note,3-Year,3-Year,No,9128285R7,2018-12-17,2021-12-15,38000000000,37794031200,13973660000,4737000000,19083371200,38000030400,0,2.7480,2.590000,0.369732,2018-12-06,R_20181211_1.pdf,,"https://api.fiscaldata.treasury.gov/services/api/fiscal_service/v1/accounting/od/auctions_query?filter=security_type:in:(Note,Bond),auction_date:gte:2009-01-01&page%5Bsize%5D=10000&page%5Bnumber%5D=1&sort=auction_date",fetched,2026-09-30T10:44:13Z
2018-12-12,13:00,2018-12-12T13:00:00-05:00,2018-12-12T18:00:00Z,12:00,NOMINAL,10y,original,False,Note,9-Year 11-Month,10-Year,Yes,9128285M8,2018-12-17,2028-11-15,24000000000,23987828100,6270074500,2580000000,15137753600,24000064500,0,2.9150,2.350000,0.261386,2018-12-06,R_20181212_1.pdf,,"https://api.fiscaldata.treasury.gov/services/api/fiscal_service/v1/accounting/od/auctions_query?filter=security_type:in:(Note,Bond),auction_date:gte:2009-01-01&page%5Bsize%5D=10000&page%5Bnumber%5D=1&sort=auction_date",fetched,2026-09-30T10:44:13Z
2018-12-13,13:00,2018-12-13T13:00:00-05:00,2018-12-13T18:00:00Z,12:00,NOMINAL,30y,original,False,Bond,29-Year 11-Month,30-Year,Yes,912810SE9,2018-12-17,2048-11-15,16000000000,15995815500,3528025000,1844000000,10623790500,16000009200,0,3.1650,2.310000,0.220559,2018-12-06,R_20181213_3.pdf,,"https://api.fiscaldata.treasury.gov/services/api/fiscal_service/v1/accounting/od/auctions_query?filter=security_type:in:(Note,Bond),auction_date:gte:2009-01-01&page%5Bsize%5D=10000&page%5Bnumber%5D=1&sort=auction_date",fetched,2026-09-30T10:44:13Z
2018-12-20,13:00,2018-12-20T13:00:00-05:00,2018-12-20T18:00:00Z,12:00,TIPS,5y,original,False,Note,4-Year 4-Month,5-Year,Yes,9128284H0,2018-12-31,2023-04-15,14000000000,13970192400,1757000000,930000000,11283192400,14000017000,0,1.1290,2.800000,0.125768,2018-12-13,R_20181220_3.pdf,,"https://api.fiscaldata.treasury.gov/services/api/fiscal_service/v1/accounting/od/auctions_query?filter=security_type:in:(Note,Bond),auction_date:gte:2009-01-01&page%5Bsize%5D=10000&page%5Bnumber%5D=1&sort=auction_date",fetched,2026-09-30T10:44:13Z
2018-12-24,11:30,2018-12-24T11:30:00-05:00,2018-12-24T16:30:00Z,11:00,NOMINAL,2y,original,False,Note,2-Year,2-Year,No,9128285S5,2018-12-31,2020-12-31,40000000000,39523090000,18648460000,3102000000,17772630000,40000083900,0,2.6190,2.310000,0.471837,2018-12-20,R_20181224_3.pdf,,"https://api.fiscaldata.treasury.gov/services/api/fiscal_service/v1/accounting/od/auctions_query?filter=security_type:in:(Note,Bond),auction_date:gte:2009-01-01&page%5Bsize%5D=10000&page%5Bnumber%5D=1&sort=auction_date",fetched,2026-09-30T10:44:13Z
2018-12-26,11:30,2018-12-26T11:30:00-05:00,2018-12-26T16:30:00Z,11:00,FRN,2y,original,False,Note,1-Year 10-Month,2-Year,Yes,9128285H9,2018-12-28,2020-10-31,18000000000,17989740000,5784740000,25000000,12180000000,18000034800,0,,2.710000,0.321558,2018-12-20,R_20181226_1.pdf,NOMINAL-5y@13:00,"https://api.fiscaldata.treasury.gov/services/api/fiscal_service/v1/accounting/od/auctions_query?filter=security_type:in:(Note,Bond),auction_date:gte:2009-01-01&page%5Bsize%5D=10000&page%5Bnumber%5D=1&sort=auction_date",fetched,2026-09-30T10:44:13Z
2018-12-26,13:00,2018-12-26T13:00:00-05:00,2018-12-26T18:00:00Z,12:00,NOMINAL,5y,original,False,Note,5-Year,5-Year,No,9128285U0,2018-12-31,2023-12-31,41000000000,40964967900,15056000000,3933000000,21975967900,41000018600,0,2.6520,2.090000,0.367534,2018-12-20,R_20181226_2.pdf,FRN-2y@11:30,"https://api.fiscaldata.treasury.gov/services/api/fiscal_service/v1/accounting/od/auctions_query?filter=security_type:in:(Note,Bond),auction_date:gte:2009-01-01&page%5Bsize%5D=10000&page%5Bnumber%5D=1&sort=auction_date",fetched,2026-09-30T10:44:13Z
2018-12-27,13:00,2018-12-27T13:00:00-05:00,2018-12-27T18:00:00Z,12:00,NOMINAL,7y,original,False,Note,7-Year,7-Year,No,9128285T3,2018-12-31,2025-12-31,32000000000,31988328300,5752350000,4678000000,21557978300,32000158000,0,2.6800,2.460000,0.179827,2018-12-20,R_20181227_3.pdf,,"https://api.fiscaldata.treasury.gov/services/api/fiscal_service/v1/accounting/od/auctions_query?filter=security_type:in:(Note,Bond),auction_date:gte:2009-01-01&page%5Bsize%5D=10000&page%5Bnumber%5D=1&sort=auction_date",fetched,2026-09-30T10:44:13Z
2019-01-08,13:00,2019-01-08T13:00:00-05:00,2019-01-08T18:00:00Z,12:00,NOMINAL,3y,original,False,Note,3-Year,3-Year,No,9128285V8,2019-01-15,2022-01-15,38000000000,37834902900,15271970000,6710000000,15852932900,38000062100,0,2.5590,2.440000,0.403648,2019-01-03,R_20190108_1.pdf,,"https://api.fiscaldata.treasury.gov/services/api/fiscal_service/v1/accounting/od/auctions_query?filter=security_type:in:(Note,Bond),auction_date:gte:2009-01-01&page%5Bsize%5D=10000&page%5Bnumber%5D=1&sort=auction_date",fetched,2026-09-30T10:44:13Z
2019-01-09,13:00,2019-01-09T13:00:00-05:00,2019-01-09T18:00:00Z,12:00,NOMINAL,10y,original,False,Note,9-Year 10-Month,10-Year,Yes,9128285M8,2019-01-15,2028-11-15,24000000000,23994624100,5357000000,4981000000,13656624100,24000004600,0,2.7280,2.510000,0.223258,2019-01-03,R_20190109_1.pdf,,"https://api.fiscaldata.treasury.gov/services/api/fiscal_service/v1/accounting/od/auctions_query?filter=security_type:in:(Note,Bond),auction_date:gte:2009-01-01&page%5Bsize%5D=10000&page%5Bnumber%5D=1&sort=auction_date",fetched,2026-09-30T10:44:13Z
2019-01-10,13:00,2019-01-10T13:00:00-05:00,2019-01-10T18:00:00Z,12:00,NOMINAL,30y,original,False,Bond,29-Year 10-Month,30-Year,Yes,912810SE9,2019-01-15,2048-11-15,16000000000,15992784300,4275503000,2550100000,9167181300,16000003500,0,3.0350,2.190000,0.267340,2019-01-03,R_20190110_3.pdf,,"https://api.fiscaldata.treasury.gov/services/api/fiscal_service/v1/accounting/od/auctions_query?filter=security_type:in:(Note,Bond),auction_date:gte:2009-01-01&page%5Bsize%5D=10000&page%5Bnumber%5D=1&sort=auction_date",fetched,2026-09-30T10:44:13Z
2019-01-17,13:00,2019-01-17T13:00:00-05:00,2019-01-17T18:00:00Z,12:00,TIPS,10y,original,False,Note,10-Year,10-Year,No,9128285W6,2019-01-31,2029-01-15,13000000000,12955260500,2153000000,1854000000,8948260500,13000009700,0,0.9190,2.420000,0.166187,2019-01-10,R_20190117_3.pdf,,"https://api.fiscaldata.treasury.gov/services/api/fiscal_service/v1/accounting/od/auctions_query?filter=security_type:in:(Note,Bond),auction_date:gte:2009-01-01&page%5Bsize%5D=10000&page%5Bnumber%5D=1&sort=auction_date",fetched,2026-09-30T10:44:13Z
2019-01-28,11:30,2019-01-28T11:30:00-05:00,2019-01-28T16:30:00Z,11:00,NOMINAL,2y,original,False,Note,2-Year,2-Year,No,9128285X4,2019-01-31,2021-01-31,40000000000,39581800000,10886200000,7572000000,21123600000,40000052800,0,2.6000,2.560000,0.275030,2019-01-24,R_20190128_2.pdf,NOMINAL-5y@13:00,"https://api.fiscaldata.treasury.gov/services/api/fiscal_service/v1/accounting/od/auctions_query?filter=security_type:in:(Note,Bond),auction_date:gte:2009-01-01&page%5Bsize%5D=10000&page%5Bnumber%5D=1&sort=auction_date",fetched,2026-09-30T10:44:13Z
2019-01-28,13:00,2019-01-28T13:00:00-05:00,2019-01-28T18:00:00Z,12:00,NOMINAL,5y,original,False,Note,5-Year,5-Year,No,9128285Z9,2019-01-31,2024-01-31,41000000000,40965284100,10065644100,6238000000,24661640000,41000065400,0,2.5760,2.410000,0.245712,2019-01-24,R_20190128_4.pdf,NOMINAL-2y@11:30,"https://api.fiscaldata.treasury.gov/services/api/fiscal_service/v1/accounting/od/auctions_query?filter=security_type:in:(Note,Bond),auction_date:gte:2009-01-01&page%5Bsize%5D=10000&page%5Bnumber%5D=1&sort=auction_date",fetched,2026-09-30T10:44:13Z
2019-01-29,11:30,2019-01-29T11:30:00-05:00,2019-01-29T16:30:00Z,11:00,FRN,2y,original,False,Note,2-Year,2-Year,No,9128285Y2,2019-01-31,2021-01-31,20000000000,19970680000,10402240000,50000000,9518440000,20000181600,0,,2.890000,0.520876,2019-01-24,R_20190129_1.pdf,NOMINAL-7y@13:00,"https://api.fiscaldata.treasury.gov/services/api/fiscal_service/v1/accounting/od/auctions_query?filter=security_type:in:(Note,Bond),auction_date:gte:2009-01-01&page%5Bsize%5D=10000&page%5Bnumber%5D=1&sort=auction_date",fetched,2026-09-30T10:44:13Z
2019-01-29,13:00,2019-01-29T13:00:00-05:00,2019-01-29T18:00:00Z,12:00,NOMINAL,7y,original,False,Note,7-Year,7-Year,No,9128286A3,2019-01-31,2026-01-31,32000000000,31985843200,5382401500,7966555000,18636886700,32000106200,0,2.6250,2.540000,0.168274,2019-01-24,R_20190129_3.pdf,FRN-2y@11:30,"https://api.fiscaldata.treasury.gov/services/api/fiscal_service/v1/accounting/od/auctions_query?filter=security_type:in:(Note,Bond),auction_date:gte:2009-01-01&page%5Bsize%5D=10000&page%5Bnumber%5D=1&sort=auction_date",fetched,2026-09-30T10:44:13Z
2019-02-05,13:00,2019-02-05T13:00:00-05:00,2019-02-05T18:00:00Z,12:00,NOMINAL,3y,original,False,Note,3-Year,3-Year,No,9128286C9,2019-02-15,2022-02-15,38000000000,37820750000,13561250000,6980000000,17279500000,47151292800,9151237200,2.5020,2.550000,0.358566,2019-01-30,R_20190205_1.pdf,,"https://api.fiscaldata.treasury.gov/services/api/fiscal_service/v1/accounting/od/auctions_query?filter=security_type:in:(Note,Bond),auction_date:gte:2009-01-01&page%5Bsize%5D=10000&page%5Bnumber%5D=1&sort=auction_date",fetched,2026-09-30T10:44:13Z
2019-02-06,13:00,2019-02-06T13:00:00-05:00,2019-02-06T18:00:00Z,12:00,NOMINAL,10y,original,False,Note,10-Year,10-Year,No,9128286B1,2019-02-15,2029-02-15,27000000000,26969069000,7648410000,3286000000,16034659000,33502200100,6502194700,2.6890,2.350000,0.283599,2019-01-30,R_20190206_2.pdf,,"https://api.fiscaldata.treasury.gov/services/api/fiscal_service/v1/accounting/od/auctions_query?filter=security_type:in:(Note,Bond),auction_date:gte:2009-01-01&page%5Bsize%5D=10000&page%5Bnumber%5D=1&sort=auction_date",fetched,2026-09-30T10:44:13Z
2019-02-07,13:00,2019-02-07T13:00:00-05:00,2019-02-07T18:00:00Z,12:00,NOMINAL,30y,original,False,Bond,30-Year,30-Year,No,912810SF6,2019-02-15,2049-02-15,19000000000,18992283200,5060310000,3229100000,10702873200,23575631600,4575618500,3.0220,2.270000,0.266440,2019-01-30,R_20190207_3.pdf,,"https://api.fiscaldata.treasury.gov/services/api/fiscal_service/v1/accounting/od/auctions_query?filter=security_type:in:(Note,Bond),auction_date:gte:2009-01-01&page%5Bsize%5D=10000&page%5Bnumber%5D=1&sort=auction_date",fetched,2026-09-30T10:44:13Z
2019-02-20,11:30,2019-02-20T11:30:00-05:00,2019-02-20T16:30:00Z,11:00,FRN,2y,original,False,Note,1-Year 11-Month,2-Year,Yes,9128285Y2,2019-02-22,2021-01-31,18000000000,17986050000,8624050000,75000000,9287000000,18000006600,0,,2.700000,0.479485,2019-02-14,R_20190220_1.pdf,,"https://api.fiscaldata.treasury.gov/services/api/fiscal_service/v1/accounting/od/auctions_query?filter=security_type:in:(Note,Bond),auction_date:gte:2009-01-01&page%5Bsize%5D=10000&page%5Bnumber%5D=1&sort=auction_date",fetched,2026-09-30T10:44:13Z
2019-02-21,13:00,2019-02-21T13:00:00-05:00,2019-02-21T18:00:00Z,12:00,TIPS,30y,original,False,Bond,30-Year,30-Year,No,912810SG4,2019-02-28,2049-02-15,8000000000,7990077700,1198818300,237000000,6554259400,8385013000,385006000,1.0930,2.460000,0.150038,2019-02-14,R_20190221_3.pdf,,"https://api.fiscaldata.treasury.gov/services/api/fiscal_service/v1/accounting/od/auctions_query?filter=security_type:in:(Note,Bond),auction_date:gte:2009-01-01&page%5Bsize%5D=10000&page%5Bnumber%5D=1&sort=auction_date",fetched,2026-09-30T10:44:13Z
2019-02-25,11:30,2019-02-25T11:30:00-05:00,2019-02-25T16:30:00Z,11:00,NOMINAL,2y,original,False,Note,2-Year,2-Year,No,9128286D7,2019-02-28,2021-02-28,40000000000,39512863600,15330790000,8946000000,15236073600,41925084100,1925030500,2.5030,2.500000,0.387995,2019-02-21,R_20190225_1.pdf,NOMINAL-5y@13:00,"https://api.fiscaldata.treasury.gov/services/api/fiscal_service/v1/accounting/od/auctions_query?filter=security_type:in:(Note,Bond),auction_date:gte:2009-01-01&page%5Bsize%5D=10000&page%5Bnumber%5D=1&sort=auction_date",fetched,2026-09-30T10:44:13Z
2019-02-25,13:00,2019-02-25T13:00:00-05:00,2019-02-25T18:00:00Z,12:00,NOMINAL,5y,original,False,Note,5-Year,5-Year,No,9128286G0,2019-02-28,2024-02-29,41000000000,40962936200,8122448800,9223000000,23617487400,42973156300,1973156300,2.4890,2.400000,0.198288,2019-02-21,R_20190225_3.pdf,NOMINAL-2y@11:30,"https://api.fiscaldata.treasury.gov/services/api/fiscal_service/v1/accounting/od/auctions_query?filter=security_type:in:(Note,Bond),auction_date:gte:2009-01-01&page%5Bsize%5D=10000&page%5Bnumber%5D=1&sort=auction_date",fetched,2026-09-30T10:44:13Z
2019-02-26,13:00,2019-02-26T13:00:00-05:00,2019-02-26T18:00:00Z,12:00,NOMINAL,7y,original,False,Note,7-Year,7-Year,No,9128286F2,2019-02-28,2026-02-28,32000000000,31983000200,5246000000,9090235200,17646765000,33540102000,1540024400,2.5380,2.600000,0.164025,2019-02-21,R_20190226_2.pdf,,"https://api.fiscaldata.treasury.gov/services/api/fiscal_service/v1/accounting/od/auctions_query?filter=security_type:in:(Note,Bond),auction_date:gte:2009-01-01&page%5Bsize%5D=10000&page%5Bnumber%5D=1&sort=auction_date",fetched,2026-09-30T10:44:13Z
2019-03-11,13:00,2019-03-11T13:00:00-04:00,2019-03-11T17:00:00Z,12:00,NOMINAL,3y,original,False,Note,3-Year,3-Year,No,9128286H8,2019-03-15,2022-03-15,38000000000,37811102500,15525615000,3557000000,18728487500,38000072100,0,2.4480,2.560000,0.410610,2019-03-07,R_20190311_3.pdf,,"https://api.fiscaldata.treasury.gov/services/api/fiscal_service/v1/accounting/od/auctions_query?filter=security_type:in:(Note,Bond),auction_date:gte:2009-01-01&page%5Bsize%5D=10000&page%5Bnumber%5D=1&sort=auction_date",fetched,2026-09-30T10:44:13Z
2019-03-12,13:00,2019-03-12T13:00:00-04:00,2019-03-12T17:00:00Z,12:00,NOMINAL,10y,original,False,Note,9-Year 11-Month,10-Year,Yes,9128286B1,2019-03-15,2029-02-15,24000000000,23989900400,5152777600,2178000000,16659122800,24000129600,0,2.6150,2.590000,0.214789,2019-03-07,R_20190312_1.pdf,,"https://api.fiscaldata.treasury.gov/services/api/fiscal_service/v1/accounting/od/auctions_query?filter=security_type:in:(Note,Bond),auction_date:gte:2009-01-01&page%5Bsize%5D=10000&page%5Bnumber%5D=1&sort=auction_date",fetched,2026-09-30T10:44:13Z
2019-03-13,13:00,2019-03-13T13:00:00-04:00,2019-03-13T17:00:00Z,12:00,NOMINAL,30y,original,False,Bond,29-Year 11-Month,30-Year,Yes,912810SF6,2019-03-15,2049-02-15,16000000000,15997798300,4501463000,2248300000,9248035300,16000010200,0,3.0140,2.250000,0.281380,2019-03-07,R_20190313_1.pdf,,"https://api.fiscaldata.treasury.gov/services/api/fiscal_service/v1/accounting/od/auctions_query?filter=security_type:in:(Note,Bond),auction_date:gte:2009-01-01&page%5Bsize%5D=10000&page%5Bnumber%5D=1&sort=auction_date",fetched,2026-09-30T10:44:13Z
2019-03-21,13:00,2019-03-21T13:00:00-04:00,2019-03-21T17:00:00Z,12:00,TIPS,10y,original,False,Note,9-Year 10-Month,10-Year,Yes,9128285W6,2019-03-29,2029-01-15,11000000000,10984062000,1913730000,618000000,8452332000,11000005100,0,0.5780,2.430000,0.174228,2019-03-14,R_20190321_3.pdf,,"https://api.fiscaldata.treasury.gov/services/api/fiscal_service/v1/accounting/od/auctions_query?filter=security_type:in:(Note,Bond),auction_date:gte:2009-01-01&page%5Bsize%5D=10000&page%5Bnumber%5D=1&sort=auction_date",fetched,2026-09-30T10:44:13Z
2019-03-26,13:00,2019-03-26T13:00:00-04:00,2019-03-26T17:00:00Z,12:00,NOMINAL,2y,as_auctioned,False,Note,2-Year,7-Year,Yes,912828C57,2019-04-01,2021-03-31,40000000000,39516105000,12131900000,5243000000,22141205000,40000023200,0,2.2610,2.600000,0.307012,2019-03-21,R_20190326_2.pdf,,"https://api.fiscaldata.treasury.gov/services/api/fiscal_service/v1/accounting/od/auctions_query?filter=security_type:in:(Note,Bond),auction_date:gte:2009-01-01&page%5Bsize%5D=10000&page%5Bnumber%5D=1&sort=auction_date",fetched,2026-09-30T10:44:13Z
2019-03-27,11:30,2019-03-27T11:30:00-04:00,2019-03-27T15:30:00Z,11:00,FRN,2y,original,False,Note,1-Year 10-Month,2-Year,Yes,9128285Y2,2019-03-29,2021-01-31,18000000000,17989911000,8272038000,100000000,9617873000,18000386600,0,,3.780000,0.459815,2019-03-21,R_20190327_1.pdf,NOMINAL-5y@13:00,"https://api.fiscaldata.treasury.gov/services/api/fiscal_service/v1/accounting/od/auctions_query?filter=security_type:in:(Note,Bond),auction_date:gte:2009-01-01&page%5Bsize%5D=10000&page%5Bnumber%5D=1&sort=auction_date",fetched,2026-09-30T10:44:13Z
2019-03-27,13:00,2019-03-27T13:00:00-04:00,2019-03-27T17:00:00Z,12:00,NOMINAL,5y,as_auctioned,False,Note,5-Year,7-Year,Yes,912828W71,2019-04-01,2024-03-31,41000000000,40968002200,9737000000,7063000000,24168002200,41000021100,0,2.1720,2.350000,0.237673,2019-03-21,R_20190327_2.pdf,FRN-2y@11:30,"https://api.fiscaldata.treasury.gov/services/api/fiscal_service/v1/accounting/od/auctions_query?filter=security_type:in:(Note,Bond),auction_date:gte:2009-01-01&page%5Bsize%5D=10000&page%5Bnumber%5D=1&sort=auction_date",fetched,2026-09-30T10:44:13Z
2019-03-28,13:00,2019-03-28T13:00:00-04:00,2019-03-28T17:00:00Z,12:00,NOMINAL,7y,original,False,Note,7-Year,7-Year,No,9128286L9,2019-04-01,2026-03-31,32000000000,31992200000,4733080000,6627400000,20631720000,32000000900,0,2.2810,2.540000,0.147945,2019-03-21,R_20190328_3.pdf,,"https://api.fiscaldata.treasury.gov/services/api/fiscal_service/v1/accounting/od/auctions_query?filter=security_type:in:(Note,Bond),auction_date:gte:2009-01-01&page%5Bsize%5D=10000&page%5Bnumber%5D=1&sort=auction_date",fetched,2026-09-30T10:44:13Z
2019-04-09,13:00,2019-04-09T13:00:00-04:00,2019-04-09T17:00:00Z,12:00,NOMINAL,3y,original,False,Note,3-Year,3-Year,No,9128286M7,2019-04-15,2022-04-15,38000000000,37816560000,14588040000,7074000000,16154520000,38005305000,5280000,2.3010,2.490000,0.385758,2019-04-04,R_20190409_1.pdf,,"https://api.fiscaldata.treasury.gov/services/api/fiscal_service/v1/accounting/od/auctions_query?filter=security_type:in:(Note,Bond),auction_date:gte:2009-01-01&page%5Bsize%5D=10000&page%5Bnumber%5D=1&sort=auction_date",fetched,2026-09-30T10:44:13Z
2019-04-10,13:00,2019-04-10T13:00:00-04:00,2019-04-10T17:00:00Z,12:00,NOMINAL,10y,original,False,Note,9-Year 10-Month,10-Year,Yes,9128286B1,2019-04-15,2029-02-15,24000000000,23982300500,4706537500,2880000000,16395763000,24003370500,3334700,2.4660,2.550000,0.196250,2019-04-04,R_20190410_1.pdf,,"https://api.fiscaldata.treasury.gov/services/api/fiscal_service/v1/accounting/od/auctions_query?filter=security_type:in:(Note,Bond),auction_date:gte:2009-01-01&page%5Bsize%5D=10000&page%5Bnumber%5D=1&sort=auction_date",fetched,2026-09-30T10:44:13Z
2019-04-11,13:00,2019-04-11T13:00:00-04:00,2019-04-11T17:00:00Z,12:00,NOMINAL,30y,original,False,Bond,29-Year 10-Month,30-Year,Yes,912810SF6,2019-04-15,2049-02-15,16000000000,15997217500,4021640000,2303362500,9672215000,16002247400,2223100,2.9300,2.250000,0.251396,2019-04-04,R_20190411_3.pdf,,"https://api.fiscaldata.treasury.gov/services/api/fiscal_service/v1/accounting/od/auctions_query?filter=security_type:in:(Note,Bond),auction_date:gte:2009-01-01&page%5Bsize%5D=10000&page%5Bnumber%5D=1&sort=auction_date",fetched,2026-09-30T10:44:13Z
2019-04-18,11:30,2019-04-18T11:30:00-04:00,2019-04-18T15:30:00Z,11:00,TIPS,5y,original,False,Note,5-Year,5-Year,No,9128286N5,2019-04-30,2024-04-15,17000000000,16931802500,2679937500,1486000000,12765865000,17217057200,217041600,0.5150,2.500000,0.158278,2019-04-11,R_20190418_3.pdf,,"https://api.fiscaldata.treasury.gov/services/api/fiscal_service/v1/accounting/od/auctions_query?filter=security_type:in:(Note,Bond),auction_date:gte:2009-01-01&page%5Bsize%5D=10000&page%5Bnumber%5D=1&sort=auction_date",fetched,2026-09-30T10:44:13Z
2019-04-23,13:00,2019-04-23T13:00:00-04:00,2019-04-23T17:00:00Z,12:00,NOMINAL,2y,as_auctioned,False,Note,2-Year,7-Year,Yes,912828WG1,2019-04-30,2021-04-30,40000000000,39673507100,14477640200,6255660000,18940206900,40510736100,510686300,2.3550,2.510000,0.364920,2019-04-18,R_20190423_2.pdf,,"https://api.fiscaldata.treasury.gov/services/api/fiscal_service/v1/accounting/od/auctions_query?filter=security_type:in:(Note,Bond),auction_date:gte:2009-01-01&page%5Bsize%5D=10000&page%5Bnumber%5D=1&sort=auction_date",fetched,2026-09-30T10:44:13Z
2019-04-24,11:30,2019-04-24T11:30:00-04:00,2019-04-24T15:30:00Z,11:00,FRN,2y,original,False,Note,2-Year,2-Year,No,9128286Q8,2019-04-30,2021-04-30,20000000000,19972560000,12031960000,250000000,7690600000,20255375900,255343200,,2.680000,0.602425,2019-04-18,R_20190424_1.pdf,NOMINAL-5y@13:00,"https://api.fiscaldata.treasury.gov/services/api/fiscal_service/v1/accounting/od/auctions_query?filter=security_type:in:(Note,Bond),auction_date:gte:2009-01-01&page%5Bsize%5D=10000&page%5Bnumber%5D=1&sort=auction_date",fetched,2026-09-30T10:44:13Z
2019-04-24,13:00,2019-04-24T13:00:00-04:00,2019-04-24T17:00:00Z,12:00,NOMINAL,5y,original,False,Note,5-Year,5-Year,No,9128286R6,2019-04-30,2024-04-30,41000000000,40966994000,9525625000,6255250000,25186119000,41523527200,523453400,2.3150,2.440000,0.232520,2019-04-18,R_20190424_2.pdf,FRN-2y@11:30,"https://api.fiscaldata.treasury.gov/services/api/fiscal_service/v1/accounting/od/auctions_query?filter=security_type:in:(Note,Bond),auction_date:gte:2009-01-01&page%5Bsize%5D=10000&page%5Bnumber%5D=1&sort=auction_date",fetched,2026-09-30T10:44:13Z
2019-04-25,13:00,2019-04-25T13:00:00-04:00,2019-04-25T17:00:00Z,12:00,NOMINAL,7y,original,False,Note,7-Year,7-Year,No,9128286S4,2019-04-30,2026-04-30,32000000000,31940860000,6576255000,6085200000,19279405000,32408620100,408549000,2.4260,2.490000,0.205888,2019-04-18,R_20190425_3.pdf,,"https://api.fiscaldata.treasury.gov/services/api/fiscal_service/v1/accounting/od/auctions_query?filter=security_type:in:(Note,Bond),auction_date:gte:2009-01-01&page%5Bsize%5D=10000&page%5Bnumber%5D=1&sort=auction_date",fetched,2026-09-30T10:44:13Z
2019-05-07,13:00,2019-05-07T13:00:00-04:00,2019-05-07T17:00:00Z,12:00,NOMINAL,3y,original,False,Note,3-Year,3-Year,No,9128286U9,2019-05-15,2022-05-15,38000000000,37914860000,15936640000,7600000000,14378220000,50945077900,12944989800,2.2480,2.480000,0.420327,2019-05-01,R_20190507_1.pdf,,"https://api.fiscaldata.treasury.gov/services/api/fiscal_service/v1/accounting/od/auctions_query?filter=security_type:in:(Note,Bond),auction_date:gte:2009-01-01&page%5Bsize%5D=10000&page%5Bnumber%5D=1&sort=auction_date",fetched,2026-09-30T10:44:13Z
2019-05-08,13:00,2019-05-08T13:00:00-04:00,2019-05-08T17:00:00Z,12:00,NOMINAL,10y,original,False,Note,10-Year,10-Year,No,9128286T2,2019-05-15,2029-05-15,27000000000,26978718000,9497820000,3090000000,14390898000,36197798200,9197755900,2.4790,2.170000,0.352049,2019-05-01,R_20190508_1.pdf,,"https://api.fiscaldata.treasury.gov/services/api/fiscal_service/v1/accounting/od/auctions_query?filter=security_type:in:(Note,Bond),auction_date:gte:2009-01-01&page%5Bsize%5D=10000&page%5Bnumber%5D=1&sort=auction_date",fetched,2026-09-30T10:44:13Z
2019-05-09,13:00,2019-05-09T13:00:00-04:00,2019-05-09T17:00:00Z,12:00,NOMINAL,30y,original,False,Bond,30-Year,30-Year,No,912810SH2,2019-05-15,2049-05-15,19000000000,18992200500,5418212500,2086200000,11487788000,25472499400,6472494800,2.8920,2.200000,0.285286,2019-05-01,R_20190509_3.pdf,,"https://api.fiscaldata.treasury.gov/services/api/fiscal_service/v1/accounting/od/auctions_query?filter=security_type:in:(Note,Bond),auction_date:gte:2009-01-01&page%5Bsize%5D=10000&page%5Bnumber%5D=1&sort=auction_date",fetched,2026-09-30T10:44:13Z
2019-05-23,13:00,2019-05-23T13:00:00-04:00,2019-05-23T17:00:00Z,12:00,TIPS,10y,original,False,Note,9-Year 8-Month,10-Year,Yes,9128285W6,2019-05-31,2029-01-15,11000000000,10992136600,1525000000,3198000000,6269136600,12155529400,1155528000,0.5670,3.070000,0.138736,2019-05-16,R_20190523_3.pdf,,"https://api.fiscaldata.treasury.gov/services/api/fiscal_service/v1/accounting/od/auctions_query?filter=security_type:in:(Note,Bond),auction_date:gte:2009-01-01&page%5Bsize%5D=10000&page%5Bnumber%5D=1&sort=auction_date",fetched,2026-09-30T10:44:13Z
2019-05-28,11:30,2019-05-28T11:30:00-04:00,2019-05-28T15:30:00Z,11:00,NOMINAL,2y,original,False,Note,2-Year,2-Year,No,9128286V7,2019-05-31,2021-05-31,40000000000,39610396400,10383000000,10766290000,18461106400,44201927600,4201920200,2.1250,2.750000,0.262128,2019-05-23,R_20190528_2.pdf,NOMINAL-5y@13:00,"https://api.fiscaldata.treasury.gov/services/api/fiscal_service/v1/accounting/od/auctions_query?filter=security_type:in:(Note,Bond),auction_date:gte:2009-01-01&page%5Bsize%5D=10000&page%5Bnumber%5D=1&sort=auction_date",fetched,2026-09-30T10:44:13Z
2019-05-28,13:00,2019-05-28T13:00:00-04:00,2019-05-28T17:00:00Z,12:00,NOMINAL,5y,as_auctioned,False,Note,5-Year,7-Year,Yes,912828XT2,2019-05-31,2024-05-31,41000000000,40959885200,9889970000,7523220200,23546695000,45307118300,4306968200,2.0650,2.380000,0.241455,2019-05-23,R_20190528_4.pdf,NOMINAL-2y@11:30,"https://api.fiscaldata.treasury.gov/services/api/fiscal_service/v1/accounting/od/auctions_query?filter=security_type:in:(Note,Bond),auction_date:gte:2009-01-01&page%5Bsize%5D=10000&page%5Bnumber%5D=1&sort=auction_date",fetched,2026-09-30T10:44:13Z
2019-05-29,11:30,2019-05-29T11:30:00-04:00,2019-05-29T15:30:00Z,11:00,FRN,2y,original,False,Note,1-Year 11-Month,2-Year,Yes,9128286Q8,2019-05-31,2021-04-30,18000000000,17991775000,10305945000,521150000,7164680000,19890932700,1890864100,,2.840000,0.572814,2019-05-23,R_20190529_1.pdf,NOMINAL-7y@13:00,"https://api.fiscaldata.treasury.gov/services/api/fiscal_service/v1/accounting/od/auctions_query?filter=security_type:in:(Note,Bond),auction_date:gte:2009-01-01&page%5Bsize%5D=10000&page%5Bnumber%5D=1&sort=auction_date",fetched,2026-09-30T10:44:13Z
2019-05-29,13:00,2019-05-29T13:00:00-04:00,2019-05-29T17:00:00Z,12:00,NOMINAL,7y,original,False,Note,7-Year,7-Year,No,9128286X3,2019-05-31,2026-05-31,32000000000,31974790000,9737150000,3611100000,18626540000,35361557000,3361536100,2.1440,2.300000,0.304526,2019-05-23,R_20190529_2.pdf,FRN-2y@11:30,"https://api.fiscaldata.treasury.gov/services/api/fiscal_service/v1/accounting/od/auctions_query?filter=security_type:in:(Note,Bond),auction_date:gte:2009-01-01&page%5Bsize%5D=10000&page%5Bnumber%5D=1&sort=auction_date",fetched,2026-09-30T10:44:13Z
2019-06-11,13:00,2019-06-11T13:00:00-04:00,2019-06-11T17:00:00Z,12:00,NOMINAL,3y,original,False,Note,3-Year,3-Year,No,9128286Y1,2019-06-17,2022-06-15,38000000000,37744031200,11331890000,5048000000,21364141200,38000208300,0,1.8610,2.620000,0.300230,2019-06-06,R_20190611_1.pdf,,"https://api.fiscaldata.treasury.gov/services/api/fiscal_service/v1/accounting/od/auctions_query?filter=security_type:in:(Note,Bond),auction_date:gte:2009-01-01&page%5Bsize%5D=10000&page%5Bnumber%5D=1&sort=auction_date",fetched,2026-09-30T10:44:13Z
2019-06-12,13:00,2019-06-12T13:00:00-04:00,2019-06-12T17:00:00Z,12:00,NOMINAL,10y,original,False,Note,9-Year 11-Month,10-Year,Yes,9128286T2,2019-06-17,2029-05-15,24000000000,23990062000,4994832000,3264840000,15730390000,24000002600,0,2.1300,2.490000,0.208204,2019-06-06,R_20190612_1.pdf,,"https://api.fiscaldata.treasury.gov/services/api/fiscal_service/v1/accounting/od/auctions_query?filter=security_type:in:(Note,Bond),auction_date:gte:2009-01-01&page%5Bsize%5D=10000&page%5Bnumber%5D=1&sort=auction_date",fetched,2026-09-30T10:44:13Z
2019-06-13,13:00,2019-06-13T13:00:00-04:00,2019-06-13T17:00:00Z,12:00,NOMINAL,30y,original,False,Bond,29-Year 11-Month,30-Year,Yes,912810SH2,2019-06-17,2049-05-15,16000000000,15990054000,3850657000,2421200000,9718197000,16000010400,0,2.6070,2.320000,0.240816,2019-06-06,R_20190613_3.pdf,,"https://api.fiscaldata.treasury.gov/services/api/fiscal_service/v1/accounting/od/auctions_query?filter=security_type:in:(Note,Bond),auction_date:gte:2009-01-01&page%5Bsize%5D=10000&page%5Bnumber%5D=1&sort=auction_date",fetched,2026-09-30T10:44:13Z
2019-06-20,13:00,2019-06-20T13:00:00-04:00,2019-06-20T17:00:00Z,12:00,TIPS,5y,original,False,Note,4-Year 10-Month,5-Year,Yes,9128286N5,2019-06-28,2024-04-15,15000000000,14981705500,2006615500,1630000000,11345090000,15000001500,0,0.1520,2.550000,0.133938,2019-06-13,R_20190620_3.pdf,,"https://api.fiscaldata.treasury.gov/services/api/fiscal_service/v1/accounting/od/auctions_query?filter=security_type:in:(Note,Bond),auction_date:gte:2009-01-01&page%5Bsize%5D=10000&page%5Bnumber%5D=1&sort=auction_date",fetched,2026-09-30T10:44:13Z
2019-06-21,11:00,2019-06-21T11:00:00-04:00,2019-06-21T15:00:00Z,,NOMINAL,10y,original,True,Note,9-Year 11-Month,10-Year,Yes,9128286T2,2019-06-26,2029-05-15,25000000,25000400,25000400,0,0,25000400,0,2.0650,3.430000,1.000000,2019-06-21,R_20190621_1.pdf,,"https://api.fiscaldata.treasury.gov/services/api/fiscal_service/v1/accounting/od/auctions_query?filter=security_type:in:(Note,Bond),auction_date:gte:2009-01-01&page%5Bsize%5D=10000&page%5Bnumber%5D=1&sort=auction_date",fetched,2026-09-30T10:44:13Z
2019-06-25,13:00,2019-06-25T13:00:00-04:00,2019-06-25T17:00:00Z,12:00,NOMINAL,2y,original,False,Note,2-Year,2-Year,No,9128287A2,2019-07-01,2021-06-30,40000000000,39645985000,10834025000,9589000000,19222960000,42287660200,2287612800,1.6950,2.580000,0.273269,2019-06-20,R_20190625_1.pdf,,"https://api.fiscaldata.treasury.gov/services/api/fiscal_service/v1/accounting/od/auctions_query?filter=security_type:in:(Note,Bond),auction_date:gte:2009-01-01&page%5Bsize%5D=10000&page%5Bnumber%5D=1&sort=auction_date",fetched,2026-09-30T10:44:13Z
2019-06-26,11:30,2019-06-26T11:30:00-04:00,2019-06-26T15:30:00Z,11:00,FRN,2y,original,False,Note,1-Year 10-Month,2-Year,Yes,9128286Q8,2019-06-28,2021-04-30,18000000000,17990274500,5665529500,50000000,12274745000,18000075100,0,,3.360000,0.314922,2019-06-20,R_20190626_1.pdf,NOMINAL-5y@13:00,"https://api.fiscaldata.treasury.gov/services/api/fiscal_service/v1/accounting/od/auctions_query?filter=security_type:in:(Note,Bond),auction_date:gte:2009-01-01&page%5Bsize%5D=10000&page%5Bnumber%5D=1&sort=auction_date",fetched,2026-09-30T10:44:13Z
2019-06-26,13:00,2019-06-26T13:00:00-04:00,2019-06-26T17:00:00Z,12:00,NOMINAL,5y,original,False,Note,5-Year,5-Year,No,9128286Z8,2019-07-01,2024-06-30,41000000000,40973818400,9497863400,8074115000,23401840000,43344827600,2344803100,1.7910,2.350000,0.231803,2019-06-20,R_20190626_2.pdf,FRN-2y@11:30,"https://api.fiscaldata.treasury.gov/services/api/fiscal_service/v1/accounting/od/auctions_query?filter=security_type:in:(Note,Bond),auction_date:gte:2009-01-01&page%5Bsize%5D=10000&page%5Bnumber%5D=1&sort=auction_date",fetched,2026-09-30T10:44:13Z
2019-06-27,13:00,2019-06-27T13:00:00-04:00,2019-06-27T17:00:00Z,12:00,NOMINAL,7y,original,False,Note,7-Year,7-Year,No,9128287B0,2019-07-01,2026-06-30,32000000000,31990670400,6478385000,7752500000,17759785400,33830122200,1830090100,1.8890,2.440000,0.202509,2019-06-20,R_20190627_3.pdf,,"https://api.fiscaldata.treasury.gov/services/api/fiscal_service/v1/accounting/od/auctions_query?filter=security_type:in:(Note,Bond),auction_date:gte:2009-01-01&page%5Bsize%5D=10000&page%5Bnumber%5D=1&sort=auction_date",fetched,2026-09-30T10:44:13Z
2019-07-09,13:00,2019-07-09T13:00:00-04:00,2019-07-09T17:00:00Z,12:00,NOMINAL,3y,original,False,Note,3-Year,3-Year,No,9128287C8,2019-07-15,2022-07-15,38000000000,37971150000,12750475000,6803000000,18417675000,38323614100,323524200,1.8570,2.390000,0.335794,2019-07-03,R_20190709_1.pdf,,"https://api.fiscaldata.treasury.gov/services/api/fiscal_service/v1/accounting/od/auctions_query?filter=security_type:in:(Note,Bond),auction_date:gte:2009-01-01&page%5Bsize%5D=10000&page%5Bnumber%5D=1&sort=auction_date",fetched,2026-09-30T10:44:13Z
2019-07-10,13:00,2019-07-10T13:00:00-04:00,2019-07-10T17:00:00Z,12:00,NOMINAL,10y,original,False,Note,9-Year 10-Month,10-Year,Yes,9128286T2,2019-07-15,2029-05-15,24000000000,23995397000,6332384000,3084000000,14579013000,24204348800,204331000,2.0640,2.410000,0.263900,2019-07-03,R_20190710_1.pdf,,"https://api.fiscaldata.treasury.gov/services/api/fiscal_service/v1/accounting/od/auctions_query?filter=security_type:in:(Note,Bond),auction_date:gte:2009-01-01&page%5Bsize%5D=10000&page%5Bnumber%5D=1&sort=auction_date",fetched,2026-09-30T10:44:13Z
2019-07-11,13:00,2019-07-11T13:00:00-04:00,2019-07-11T17:00:00Z,12:00,NOMINAL,30y,original,False,Bond,29-Year 10-Month,30-Year,Yes,912810SH2,2019-07-15,2049-05-15,16000000000,15992757000,5314762000,2683300000,7994695000,16136224700,136220700,2.6440,2.130000,0.332323,2019-07-03,R_20190711_3.pdf,,"https://api.fiscaldata.treasury.gov/services/api/fiscal_service/v1/accounting/od/auctions_query?filter=security_type:in:(Note,Bond),auction_date:gte:2009-01-01&page%5Bsize%5D=10000&page%5Bnumber%5D=1&sort=auction_date",fetched,2026-09-30T10:44:13Z
2019-07-18,13:00,2019-07-18T13:00:00-04:00,2019-07-18T17:00:00Z,12:00,TIPS,10y,original,False,Note,10-Year,10-Year,No,9128287D6,2019-07-31,2029-07-15,14000000000,13977442000,2390015000,2599000000,8988427000,14556159100,556155900,0.2820,2.280000,0.170991,2019-07-11,R_20190718_3.pdf,,"https://api.fiscaldata.treasury.gov/services/api/fiscal_service/v1/accounting/od/auctions_query?filter=security_type:in:(Note,Bond),auction_date:gte:2009-01-01&page%5Bsize%5D=10000&page%5Bnumber%5D=1&sort=auction_date",fetched,2026-09-30T10:44:13Z
2019-07-23,13:00,2019-07-23T13:00:00-04:00,2019-07-23T17:00:00Z,12:00,NOMINAL,2y,original,False,Note,2-Year,2-Year,No,9128287F1,2019-07-31,2021-07-31,40000000000,39710027000,12546135000,9898000000,17265892000,41589175600,1589017100,1.8250,2.500000,0.315944,2019-07-18,R_20190723_1.pdf,,"https://api.fiscaldata.treasury.gov/services/api/fiscal_service/v1/accounting/od/auctions_query?filter=security_type:in:(Note,Bond),auction_date:gte:2009-01-01&page%5Bsize%5D=10000&page%5Bnumber%5D=1&sort=auction_date",fetched,2026-09-30T10:44:13Z
2019-07-24,11:30,2019-07-24T11:30:00-04:00,2019-07-24T15:30:00Z,11:00,FRN,2y,original,False,Note,2-Year,2-Year,No,9128287G9,2019-07-31,2021-07-31,20000000000,19980585000,10217400000,25000000,9738185000,20794664700,794508600,,2.730000,0.511366,2019-07-18,R_20190724_1.pdf,NOMINAL-5y@13:00,"https://api.fiscaldata.treasury.gov/services/api/fiscal_service/v1/accounting/od/auctions_query?filter=security_type:in:(Note,Bond),auction_date:gte:2009-01-01&page%5Bsize%5D=10000&page%5Bnumber%5D=1&sort=auction_date",fetched,2026-09-30T10:44:13Z
2019-07-24,13:00,2019-07-24T13:00:00-04:00,2019-07-24T17:00:00Z,12:00,NOMINAL,5y,original,False,Note,5-Year,5-Year,No,912828Y87,2019-07-31,2024-07-31,41000000000,40949530000,13453035000,5626000000,21870495000,42628824700,1628742500,1.8240,2.260000,0.328527,2019-07-18,R_20190724_2.pdf,FRN-2y@11:30,"https://api.fiscaldata.treasury.gov/services/api/fiscal_service/v1/accounting/od/auctions_query?filter=security_type:in:(Note,Bond),auction_date:gte:2009-01-01&page%5Bsize%5D=10000&page%5Bnumber%5D=1&sort=auction_date",fetched,2026-09-30T10:44:13Z
2019-07-25,13:00,2019-07-25T13:00:00-04:00,2019-07-25T17:00:00Z,12:00,NOMINAL,7y,original,False,Note,7-Year,7-Year,No,912828Y95,2019-07-31,2026-07-31,32000000000,31982395000,7945585000,5052000000,18984810000,33271236300,1271213600,1.9670,2.270000,0.248436,2019-07-18,R_20190725_3.pdf,,"https://api.fiscaldata.treasury.gov/services/api/fiscal_service/v1/accounting/od/auctions_query?filter=security_type:in:(Note,Bond),auction_date:gte:2009-01-01&page%5Bsize%5D=10000&page%5Bnumber%5D=1&sort=auction_date",fetched,2026-09-30T10:44:13Z
2019-08-06,13:00,2019-08-06T13:00:00-04:00,2019-08-06T17:00:00Z,12:00,NOMINAL,3y,original,False,Note,3-Year,3-Year,No,912828YA2,2019-08-15,2022-08-15,38000000000,37953300000,12908760000,7337000000,17707540000,62796996600,24796993800,1.5620,2.410000,0.340122,2019-07-31,R_20190806_1.pdf,,"https://api.fiscaldata.treasury.gov/services/api/fiscal_service/v1/accounting/od/auctions_query?filter=security_type:in:(Note,Bond),auction_date:gte:2009-01-01&page%5Bsize%5D=10000&page%5Bnumber%5D=1&sort=auction_date",fetched,2026-09-30T10:44:13Z
2019-08-07,13:00,2019-08-07T13:00:00-04:00,2019-08-07T17:00:00Z,12:00,NOMINAL,10y,original,False,Note,10-Year,10-Year,No,912828YB0,2019-08-15,2029-08-15,27000000000,26972550500,8286980000,3657000000,15028570500,44618951200,17618916700,1.6700,2.200000,0.307238,2019-07-31,R_20190807_1.pdf,,"https://api.fiscaldata.treasury.gov/services/api/fiscal_service/v1/accounting/od/auctions_query?filter=security_type:in:(Note,Bond),auction_date:gte:2009-01-01&page%5Bsize%5D=10000&page%5Bnumber%5D=1&sort=auction_date",fetched,2026-09-30T10:44:13Z
2019-08-08,13:00,2019-08-08T13:00:00-04:00,2019-08-08T17:00:00Z,12:00,NOMINAL,30y,original,False,Bond,30-Year,30-Year,No,912810SJ8,2019-08-15,2049-08-15,19000000000,18991314000,4965230000,2377884000,11648200000,31398523000,12398496800,2.3350,2.240000,0.261447,2019-07-31,R_20190808_3.pdf,,"https://api.fiscaldata.treasury.gov/services/api/fiscal_service/v1/accounting/od/auctions_query?filter=security_type:in:(Note,Bond),auction_date:gte:2009-01-01&page%5Bsize%5D=10000&page%5Bnumber%5D=1&sort=auction_date",fetched,2026-09-30T10:44:13Z
2019-08-22,13:00,2019-08-22T13:00:00-04:00,2019-08-22T17:00:00Z,12:00,TIPS,30y,original,False,Bond,29-Year 6-Month,30-Year,Yes,912810SG4,2019-08-30,2049-02-15,7000000000,6989083800,743000000,541650000,5704433800,7000015200,0,0.5010,2.700000,0.106309,2019-08-15,R_20190822_3.pdf,,"https://api.fiscaldata.treasury.gov/services/api/fiscal_service/v1/accounting/od/auctions_query?filter=security_type:in:(Note,Bond),auction_date:gte:2009-01-01&page%5Bsize%5D=10000&page%5Bnumber%5D=1&sort=auction_date",fetched,2026-09-30T10:44:13Z
2019-08-27,13:00,2019-08-27T13:00:00-04:00,2019-08-27T17:00:00Z,12:00,NOMINAL,2y,original,False,Note,2-Year,2-Year,No,912828YC8,2019-09-03,2021-08-31,40000000000,39740475000,12915980000,8090000000,18734495000,45194261300,5194229300,1.5160,2.600000,0.325008,2019-08-22,R_20190827_1.pdf,,"https://api.fiscaldata.treasury.gov/services/api/fiscal_service/v1/accounting/od/auctions_query?filter=security_type:in:(Note,Bond),auction_date:gte:2009-01-01&page%5Bsize%5D=10000&page%5Bnumber%5D=1&sort=auction_date",fetched,2026-09-30T10:44:13Z
2019-08-28,11:30,2019-08-28T11:30:00-04:00,2019-08-28T15:30:00Z,11:00,FRN,2y,original,False,Note,1-Year 11-Month,2-Year,Yes,9128287G9,2019-08-30,2021-07-31,18000000000,17994235000,7847000000,25000000,10122235000,18000005300,0,,2.920000,0.436084,2019-08-22,R_20190828_1.pdf,NOMINAL-5y@13:00,"https://api.fiscaldata.treasury.gov/services/api/fiscal_service/v1/accounting/od/auctions_query?filter=security_type:in:(Note,Bond),auction_date:gte:2009-01-01&page%5Bsize%5D=10000&page%5Bnumber%5D=1&sort=auction_date",fetched,2026-09-30T10:44:13Z
2019-08-28,13:00,2019-08-28T13:00:00-04:00,2019-08-28T17:00:00Z,12:00,NOMINAL,5y,original,False,Note,5-Year,5-Year,No,912828YE4,2019-09-03,2024-08-31,41000000000,40974690000,8865025000,7664500000,24445165000,46324147700,5324084900,1.3650,2.480000,0.216354,2019-08-22,R_20190828_2.pdf,FRN-2y@11:30,"https://api.fiscaldata.treasury.gov/services/api/fiscal_service/v1/accounting/od/auctions_query?filter=security_type:in:(Note,Bond),auction_date:gte:2009-01-01&page%5Bsize%5D=10000&page%5Bnumber%5D=1&sort=auction_date",fetched,2026-09-30T10:44:13Z
2019-08-29,13:00,2019-08-29T13:00:00-04:00,2019-08-29T17:00:00Z,12:00,NOMINAL,7y,original,False,Note,7-Year,7-Year,No,912828YD6,2019-09-03,2026-08-31,32000000000,31989237200,10797000000,5134500000,16057737200,36155384100,4155383300,1.4890,2.160000,0.337520,2019-08-22,R_20190829_3.pdf,,"https://api.fiscaldata.treasury.gov/services/api/fiscal_service/v1/accounting/od/auctions_query?filter=security_type:in:(Note,Bond),auction_date:gte:2009-01-01&page%5Bsize%5D=10000&page%5Bnumber%5D=1&sort=auction_date",fetched,2026-09-30T10:44:13Z
2019-09-10,13:00,2019-09-10T13:00:00-04:00,2019-09-10T17:00:00Z,12:00,NOMINAL,3y,original,False,Note,3-Year,3-Year,No,912828YF1,2019-09-16,2022-09-15,38000000000,37916593800,14123390000,6281000000,17512203800,38000053000,0,1.5730,2.420000,0.372486,2019-09-05,R_20190910_2.pdf,,"https://api.fiscaldata.treasury.gov/services/api/fiscal_service/v1/accounting/od/auctions_query?filter=security_type:in:(Note,Bond),auction_date:gte:2009-01-01&page%5Bsize%5D=10000&page%5Bnumber%5D=1&sort=auction_date",fetched,2026-09-30T10:44:13Z
2019-09-11,13:00,2019-09-11T13:00:00-04:00,2019-09-11T17:00:00Z,12:00,NOMINAL,10y,original,False,Note,9-Year 11-Month,10-Year,Yes,912828YB0,2019-09-16,2029-08-15,24000000000,23997675800,5920000000,3052000000,15025675800,24000000400,0,1.7390,2.460000,0.246691,2019-09-05,R_20190911_1.pdf,,"https://api.fiscaldata.treasury.gov/services/api/fiscal_service/v1/accounting/od/auctions_query?filter=security_type:in:(Note,Bond),auction_date:gte:2009-01-01&page%5Bsize%5D=10000&page%5Bnumber%5D=1&sort=auction_date",fetched,2026-09-30T10:44:13Z
2019-09-12,13:00,2019-09-12T13:00:00-04:00,2019-09-12T17:00:00Z,12:00,NOMINAL,30y,original,False,Bond,29-Year 11-Month,30-Year,Yes,912810SJ8,2019-09-16,2049-08-15,16000000000,15981862800,4216078000,2126700000,9639084800,16000014000,0,2.2700,2.220000,0.263804,2019-09-05,R_20190912_3.pdf,,"https://api.fiscaldata.treasury.gov/services/api/fiscal_service/v1/accounting/od/auctions_query?filter=security_type:in:(Note,Bond),auction_date:gte:2009-01-01&page%5Bsize%5D=10000&page%5Bnumber%5D=1&sort=auction_date",fetched,2026-09-30T10:44:13Z
2019-09-19,13:00,2019-09-19T13:00:00-04:00,2019-09-19T17:00:00Z,12:00,TIPS,10y,original,False,Note,9-Year 10-Month,10-Year,Yes,9128287D6,2019-09-30,2029-07-15,12000000000,11990950000,2073000000,1953000000,7964950000,13246585400,1246582200,0.1740,2.410000,0.172880,2019-09-12,R_20190919_3.pdf,,"https://api.fiscaldata.treasury.gov/services/api/fiscal_service/v1/accounting/od/auctions_query?filter=security_type:in:(Note,Bond),auction_date:gte:2009-01-01&page%5Bsize%5D=10000&page%5Bnumber%5D=1&sort=auction_date",fetched,2026-09-30T10:44:13Z
2019-09-24,13:00,2019-09-24T13:00:00-04:00,2019-09-24T17:00:00Z,12:00,NOMINAL,2y,original,False,Note,2-Year,2-Year,No,912828YJ3,2019-09-30,2021-09-30,40000000000,39853186400,10784437500,6347918900,22720830000,44155280500,4155274300,1.6120,2.640000,0.270604,2019-09-19,R_20190924_1.pdf,,"https://api.fiscaldata.treasury.gov/services/api/fiscal_service/v1/accounting/od/auctions_query?filter=security_type:in:(Note,Bond),auction_date:gte:2009-01-01&page%5Bsize%5D=10000&page%5Bnumber%5D=1&sort=auction_date",fetched,2026-09-30T10:44:13Z
2019-09-25,11:30,2019-09-25T11:30:00-04:00,2019-09-25T15:30:00Z,11:00,FRN,2y,original,False,Note,1-Year 10-Month,2-Year,Yes,9128287G9,2019-09-27,2021-07-31,18000000000,17995615000,9089115000,280000000,8626500000,18000009400,0,,2.660000,0.505074,2019-09-19,R_20190925_1.pdf,NOMINAL-5y@13:00,"https://api.fiscaldata.treasury.gov/services/api/fiscal_service/v1/accounting/od/auctions_query?filter=security_type:in:(Note,Bond),auction_date:gte:2009-01-01&page%5Bsize%5D=10000&page%5Bnumber%5D=1&sort=auction_date",fetched,2026-09-30T10:44:13Z
2019-09-25,13:00,2019-09-25T13:00:00-04:00,2019-09-25T17:00:00Z,12:00,NOMINAL,5y,original,False,Note,5-Year,5-Year,No,912828YH7,2019-09-30,2024-09-30,41000000000,40983213400,11068120000,5818240000,24096853400,45259281000,4259156100,1.6000,2.320000,0.270065,2019-09-19,R_20190925_2.pdf,FRN-2y@11:30,"https://api.fiscaldata.treasury.gov/services/api/fiscal_service/v1/accounting/od/auctions_query?filter=security_type:in:(Note,Bond),auction_date:gte:2009-01-01&page%5Bsize%5D=10000&page%5Bnumber%5D=1&sort=auction_date",fetched,2026-09-30T10:44:13Z
2019-09-26,13:00,2019-09-26T13:00:00-04:00,2019-09-26T17:00:00Z,12:00,NOMINAL,7y,original,False,Note,7-Year,7-Year,No,912828YG9,2019-09-30,2026-09-30,32000000000,31993709400,6468536000,4664700000,20860473400,35324243400,3324219300,1.6330,2.490000,0.202181,2019-09-19,R_20190926_3.pdf,,"https://api.fiscaldata.treasury.gov/services/api/fiscal_service/v1/accounting/od/auctions_query?filter=security_type:in:(Note,Bond),auction_date:gte:2009-01-01&page%5Bsize%5D=10000&page%5Bnumber%5D=1&sort=auction_date",fetched,2026-09-30T10:44:13Z
2019-10-08,13:00,2019-10-08T13:00:00-04:00,2019-10-08T17:00:00Z,12:00,NOMINAL,3y,original,False,Note,3-Year,3-Year,No,912828YK0,2019-10-15,2022-10-15,38000000000,37971665400,14163710000,6418000000,17389955400,38000042000,0,1.4130,2.430000,0.373007,2019-10-03,R_20191008_2.pdf,,"https://api.fiscaldata.treasury.gov/services/api/fiscal_service/v1/accounting/od/auctions_query?filter=security_type:in:(Note,Bond),auction_date:gte:2009-01-01&page%5Bsize%5D=10000&page%5Bnumber%5D=1&sort=auction_date",fetched,2026-09-30T10:44:13Z
2019-10-09,13:00,2019-10-09T13:00:00-04:00,2019-10-09T17:00:00Z,12:00,NOMINAL,10y,original,False,Note,9-Year 10-Month,10-Year,Yes,912828YB0,2019-10-15,2029-08-15,24000000000,23996736500,6881891500,3070000000,14044845000,24000050500,0,1.5900,2.430000,0.286784,2019-10-03,R_20191009_1.pdf,,"https://api.fiscaldata.treasury.gov/services/api/fiscal_service/v1/accounting/od/auctions_query?filter=security_type:in:(Note,Bond),auction_date:gte:2009-01-01&page%5Bsize%5D=10000&page%5Bnumber%5D=1&sort=auction_date",fetched,2026-09-30T10:44:13Z
2019-10-10,13:00,2019-10-10T13:00:00-04:00,2019-10-10T17:00:00Z,12:00,NOMINAL,30y,original,False,Bond,29-Year 10-Month,30-Year,Yes,912810SJ8,2019-10-15,2049-08-15,16000000000,15997302900,3669756500,2965600000,9361946400,16000019200,0,2.1700,2.250000,0.229398,2019-10-03,R_20191010_3.pdf,,"https://api.fiscaldata.treasury.gov/services/api/fiscal_service/v1/accounting/od/auctions_query?filter=security_type:in:(Note,Bond),auction_date:gte:2009-01-01&page%5Bsize%5D=10000&page%5Bnumber%5D=1&sort=auction_date",fetched,2026-09-30T10:44:13Z
2019-10-17,13:00,2019-10-17T13:00:00-04:00,2019-10-17T17:00:00Z,12:00,TIPS,5y,original,False,Note,5-Year,5-Year,No,912828YL8,2019-10-31,2024-10-15,17000000000,16969123800,2344480000,3095000000,11529643800,18777363000,1777356900,0.0540,2.750000,0.138162,2019-10-10,R_20191017_3.pdf,,"https://api.fiscaldata.treasury.gov/services/api/fiscal_service/v1/accounting/od/auctions_query?filter=security_type:in:(Note,Bond),auction_date:gte:2009-01-01&page%5Bsize%5D=10000&page%5Bnumber%5D=1&sort=auction_date",fetched,2026-09-30T10:44:13Z
2019-10-22,13:00,2019-10-22T13:00:00-04:00,2019-10-22T17:00:00Z,12:00,NOMINAL,2y,original,False,Note,2-Year,2-Year,No,912828YP9,2019-10-31,2021-10-31,40000000000,39893161200,12453000000,5568500000,21871661200,44182080800,4182016500,1.5940,2.700000,0.312159,2019-10-17,R_20191022_1.pdf,,"https://api.fiscaldata.treasury.gov/services/api/fiscal_service/v1/accounting/od/auctions_query?filter=security_type:in:(Note,Bond),auction_date:gte:2009-01-01&page%5Bsize%5D=10000&page%5Bnumber%5D=1&sort=auction_date",fetched,2026-09-30T10:44:13Z
2019-10-23,11:30,2019-10-23T11:30:00-04:00,2019-10-23T15:30:00Z,11:00,FRN,2y,original,False,Note,2-Year,2-Year,No,912828YN4,2019-10-31,2021-10-31,20000000000,19985075000,10431925000,240100000,9313050000,22091218900,2091008300,,2.580000,0.521986,2019-10-17,R_20191023_1.pdf,NOMINAL-5y@13:00,"https://api.fiscaldata.treasury.gov/services/api/fiscal_service/v1/accounting/od/auctions_query?filter=security_type:in:(Note,Bond),auction_date:gte:2009-01-01&page%5Bsize%5D=10000&page%5Bnumber%5D=1&sort=auction_date",fetched,2026-09-30T10:44:13Z
2019-10-23,13:00,2019-10-23T13:00:00-04:00,2019-10-23T17:00:00Z,12:00,NOMINAL,5y,original,False,Note,5-Year,5-Year,No,912828YM6,2019-10-31,2024-10-31,41000000000,40965995900,9332762500,4720966300,26912267100,45286741200,4286566800,1.5700,2.410000,0.227817,2019-10-17,R_20191023_2.pdf,FRN-2y@11:30,"https://api.fiscaldata.treasury.gov/services/api/fiscal_service/v1/accounting/od/auctions_query?filter=security_type:in:(Note,Bond),auction_date:gte:2009-01-01&page%5Bsize%5D=10000&page%5Bnumber%5D=1&sort=auction_date",fetched,2026-09-30T10:44:13Z
2019-10-24,13:00,2019-10-24T13:00:00-04:00,2019-10-24T17:00:00Z,12:00,NOMINAL,7y,original,False,Note,7-Year,7-Year,No,912828YQ7,2019-10-31,2026-10-31,32000000000,31995464500,6422000000,4636600000,20936864500,35345641600,3345613100,1.6570,2.460000,0.200716,2019-10-17,R_20191024_3.pdf,,"https://api.fiscaldata.treasury.gov/services/api/fiscal_service/v1/accounting/od/auctions_query?filter=security_type:in:(Note,Bond),auction_date:gte:2009-01-01&page%5Bsize%5D=10000&page%5Bnumber%5D=1&sort=auction_date",fetched,2026-09-30T10:44:13Z
2019-11-05,13:00,2019-11-05T13:00:00-05:00,2019-11-05T18:00:00Z,12:00,NOMINAL,3y,as_auctioned,False,Note,3-Year,10-Year,Yes,912828TY6,2019-11-15,2022-11-15,38000000000,37851001000,11260318000,6409572000,20181111000,55993381300,17993322500,1.6300,2.600000,0.297491,2019-10-30,R_20191105_2.pdf,,"https://api.fiscaldata.treasury.gov/services/api/fiscal_service/v1/accounting/od/auctions_query?filter=security_type:in:(Note,Bond),auction_date:gte:2009-01-01&page%5Bsize%5D=10000&page%5Bnumber%5D=1&sort=auction_date",fetched,2026-09-30T10:44:13Z
2019-11-06,13:00,2019-11-06T13:00:00-05:00,2019-11-06T18:00:00Z,12:00,NOMINAL,10y,original,False,Note,10-Year,10-Year,No,912828YS3,2019-11-15,2029-11-15,27000000000,26979990400,6230948000,3337000000,17412042400,39784731300,12784729100,1.8090,2.490000,0.230947,2019-10-30,R_20191106_1.pdf,,"https://api.fiscaldata.treasury.gov/services/api/fiscal_service/v1/accounting/od/auctions_query?filter=security_type:in:(Note,Bond),auction_date:gte:2009-01-01&page%5Bsize%5D=10000&page%5Bnumber%5D=1&sort=auction_date",fetched,2026-09-30T10:44:13Z
2019-11-07,13:00,2019-11-07T13:00:00-05:00,2019-11-07T18:00:00Z,12:00,NOMINAL,30y,original,False,Bond,30-Year,30-Year,No,912810SK5,2019-11-15,2049-11-15,19000000000,18985715000,3935722500,3888700000,11161292500,27996676000,8996661200,2.4300,2.230000,0.207299,2019-10-30,R_20191107_3.pdf,,"https://api.fiscaldata.treasury.gov/services/api/fiscal_service/v1/accounting/od/auctions_query?filter=security_type:in:(Note,Bond),auction_date:gte:2009-01-01&page%5Bsize%5D=10000&page%5Bnumber%5D=1&sort=auction_date",fetched,2026-09-30T10:44:13Z
2019-11-21,13:00,2019-11-21T13:00:00-05:00,2019-11-21T18:00:00Z,12:00,TIPS,10y,original,False,Note,9-Year 8-Month,10-Year,Yes,9128287D6,2019-11-29,2029-07-15,12000000000,11984045100,1846087500,3091000000,7046957600,12000004900,0,0.1490,2.400000,0.154045,2019-11-14,R_20191121_3.pdf,,"https://api.fiscaldata.treasury.gov/services/api/fiscal_service/v1/accounting/od/auctions_query?filter=security_type:in:(Note,Bond),auction_date:gte:2009-01-01&page%5Bsize%5D=10000&page%5Bnumber%5D=1&sort=auction_date",fetched,2026-09-30T10:44:13Z
2019-11-25,13:00,2019-11-25T13:00:00-05:00,2019-11-25T18:00:00Z,12:00,NOMINAL,2y,original,False,Note,2-Year,2-Year,No,912828YT1,2019-12-02,2021-11-30,40000000000,39801229400,9198550000,11586396400,19016283000,43175557500,3175532900,1.6010,2.630000,0.231112,2019-11-21,R_20191125_3.pdf,,"https://api.fiscaldata.treasury.gov/services/api/fiscal_service/v1/accounting/od/auctions_query?filter=security_type:in:(Note,Bond),auction_date:gte:2009-01-01&page%5Bsize%5D=10000&page%5Bnumber%5D=1&sort=auction_date",fetched,2026-09-30T10:44:13Z
2019-11-26,11:30,2019-11-26T11:30:00-05:00,2019-11-26T16:30:00Z,11:00,FRN,2y,original,False,Note,1-Year 11-Month,2-Year,Yes,912828YN4,2019-11-29,2021-10-31,18000000000,17990617000,14100285000,117782000,3772550000,18000173600,0,,2.500000,0.783758,2019-11-21,R_20191126_1.pdf,NOMINAL-5y@13:00,"https://api.fiscaldata.treasury.gov/services/api/fiscal_service/v1/accounting/od/auctions_query?filter=security_type:in:(Note,Bond),auction_date:gte:2009-01-01&page%5Bsize%5D=10000&page%5Bnumber%5D=1&sort=auction_date",fetched,2026-09-30T10:44:13Z
2019-11-26,13:00,2019-11-26T13:00:00-05:00,2019-11-26T18:00:00Z,12:00,NOMINAL,5y,original,False,Note,5-Year,5-Year,No,912828YV6,2019-12-02,2024-11-30,41000000000,40967296000,8863021000,5549500000,26554775000,44254945900,3254921200,1.5870,2.500000,0.216344,2019-11-21,R_20191126_2.pdf,FRN-2y@11:30,"https://api.fiscaldata.treasury.gov/services/api/fiscal_service/v1/accounting/od/auctions_query?filter=security_type:in:(Note,Bond),auction_date:gte:2009-01-01&page%5Bsize%5D=10000&page%5Bnumber%5D=1&sort=auction_date",fetched,2026-09-30T10:44:13Z
2019-11-27,11:30,2019-11-27T11:30:00-05:00,2019-11-27T16:30:00Z,11:00,NOMINAL,7y,original,False,Note,7-Year,7-Year,No,912828YU8,2019-12-02,2026-11-30,32000000000,31993382500,6499017500,3216365000,22278000000,34540488100,2540426200,1.7190,2.440000,0.203136,2019-11-21,R_20191127_3.pdf,,"https://api.fiscaldata.treasury.gov/services/api/fiscal_service/v1/accounting/od/auctions_query?filter=security_type:in:(Note,Bond),auction_date:gte:2009-01-01&page%5Bsize%5D=10000&page%5Bnumber%5D=1&sort=auction_date",fetched,2026-09-30T10:44:13Z
2019-12-06,11:00,2019-12-06T11:00:00-05:00,2019-12-06T16:00:00Z,,FRN,2y,original,True,Note,1-Year 11-Month,2-Year,Yes,912828YN4,2019-12-09,2021-10-31,25000000,25000200,25000200,0,0,25000200,0,,5.400000,1.000000,2019-12-06,R_20191206_1.pdf,,"https://api.fiscaldata.treasury.gov/services/api/fiscal_service/v1/accounting/od/auctions_query?filter=security_type:in:(Note,Bond),auction_date:gte:2009-01-01&page%5Bsize%5D=10000&page%5Bnumber%5D=1&sort=auction_date",fetched,2026-09-30T10:44:13Z
2019-12-09,13:00,2019-12-09T13:00:00-05:00,2019-12-09T18:00:00Z,12:00,NOMINAL,3y,original,False,Note,3-Year,3-Year,No,912828YW4,2019-12-16,2022-12-15,38000000000,37843440000,10250500000,9018000000,18574940000,38000047000,0,1.6320,2.560000,0.270866,2019-12-05,R_20191209_3.pdf,,"https://api.fiscaldata.treasury.gov/services/api/fiscal_service/v1/accounting/od/auctions_query?filter=security_type:in:(Note,Bond),auction_date:gte:2009-01-01&page%5Bsize%5D=10000&page%5Bnumber%5D=1&sort=auction_date",fetched,2026-09-30T10:44:13Z
2019-12-10,13:00,2019-12-10T13:00:00-05:00,2019-12-10T18:00:00Z,12:00,NOMINAL,10y,original,False,Note,9-Year 11-Month,10-Year,Yes,912828YS3,2019-12-16,2029-11-15,24000000000,23993631300,5885000000,4643121300,13465510000,24000048400,0,1.8420,2.430000,0.245273,2019-12-05,R_20191210_1.pdf,,"https://api.fiscaldata.treasury.gov/services/api/fiscal_service/v1/accounting/od/auctions_query?filter=security_type:in:(Note,Bond),auction_date:gte:2009-01-01&page%5Bsize%5D=10000&page%5Bnumber%5D=1&sort=auction_date",fetched,2026-09-30T10:44:13Z
2019-12-12,13:00,2019-12-12T13:00:00-05:00,2019-12-12T18:00:00Z,12:00,NOMINAL,30y,original,False,Bond,29-Year 11-Month,30-Year,Yes,912810SK5,2019-12-16,2049-11-15,16000000000,15994580000,2473550000,3375600000,10145430000,16000006300,0,2.3070,2.460000,0.154649,2019-12-05,R_20191212_3.pdf,,"https://api.fiscaldata.treasury.gov/services/api/fiscal_service/v1/accounting/od/auctions_query?filter=security_type:in:(Note,Bond),auction_date:gte:2009-01-01&page%5Bsize%5D=10000&page%5Bnumber%5D=1&sort=auction_date",fetched,2026-09-30T10:44:13Z
2019-12-18,11:30,2019-12-18T11:30:00-05:00,2019-12-18T16:30:00Z,11:00,FRN,2y,original,False,Note,1-Year 10-Month,2-Year,Yes,912828YN4,2019-12-27,2021-10-31,18000000000,17989539200,8328000000,148640000,9512899200,18000101100,0,,4.170000,0.462936,2019-12-12,R_20191218_1.pdf,,"https://api.fiscaldata.treasury.gov/services/api/fiscal_service/v1/accounting/od/auctions_query?filter=security_type:in:(Note,Bond),auction_date:gte:2009-01-01&page%5Bsize%5D=10000&page%5Bnumber%5D=1&sort=auction_date",fetched,2026-09-30T10:44:13Z
2019-12-19,13:00,2019-12-19T13:00:00-05:00,2019-12-19T18:00:00Z,12:00,TIPS,5y,original,False,Note,4-Year 10-Month,5-Year,Yes,912828YL8,2019-12-31,2024-10-15,15000000000,14974600800,1958420000,4767000000,8249180800,16411808900,1411733500,0.0200,2.690000,0.130783,2019-12-12,R_20191219_3.pdf,,"https://api.fiscaldata.treasury.gov/services/api/fiscal_service/v1/accounting/od/auctions_query?filter=security_type:in:(Note,Bond),auction_date:gte:2009-01-01&page%5Bsize%5D=10000&page%5Bnumber%5D=1&sort=auction_date",fetched,2026-09-30T10:44:13Z
2019-12-23,13:00,2019-12-23T13:00:00-05:00,2019-12-23T18:00:00Z,12:00,NOMINAL,2y,original,False,Note,2-Year,2-Year,No,912828YZ7,2019-12-31,2021-12-31,40000000000,39734202000,12812376000,8524000000,18397826000,43764668600,3764622900,1.6530,2.300000,0.322452,2019-12-19,R_20191223_3.pdf,,"https://api.fiscaldata.treasury.gov/services/api/fiscal_service/v1/accounting/od/auctions_query?filter=security_type:in:(Note,Bond),auction_date:gte:2009-01-01&page%5Bsize%5D=10000&page%5Bnumber%5D=1&sort=auction_date",fetched,2026-09-30T10:44:13Z
2019-12-24,10:00,2019-12-24T10:00:00-05:00,2019-12-24T15:00:00Z,09:30,NOMINAL,5y,original,False,Note,5-Year,5-Year,No,912828YY0,2019-12-31,2024-12-31,41000000000,40970167500,8799000000,6608947500,25562220000,44858810600,3858738400,1.7560,2.490000,0.214766,2019-12-19,R_20191224_1.pdf,,"https://api.fiscaldata.treasury.gov/services/api/fiscal_service/v1/accounting/od/auctions_query?filter=security_type:in:(Note,Bond),auction_date:gte:2009-01-01&page%5Bsize%5D=10000&page%5Bnumber%5D=1&sort=auction_date",fetched,2026-09-30T10:44:13Z
2019-12-26,13:00,2019-12-26T13:00:00-05:00,2019-12-26T18:00:00Z,12:00,NOMINAL,7y,original,False,Note,7-Year,7-Year,No,912828YX2,2019-12-31,2026-12-31,32000000000,31992488000,5486661000,7496109500,19009717500,35011701500,3011698200,1.8350,2.470000,0.171498,2019-12-19,R_20191226_3.pdf,,"https://api.fiscaldata.treasury.gov/services/api/fiscal_service/v1/accounting/od/auctions_query?filter=security_type:in:(Note,Bond),auction_date:gte:2009-01-01&page%5Bsize%5D=10000&page%5Bnumber%5D=1&sort=auction_date",fetched,2026-09-30T10:44:13Z
2020-01-07,13:00,2020-01-07T13:00:00-05:00,2020-01-07T18:00:00Z,12:00,NOMINAL,3y,original,False,Note,3-Year,3-Year,No,912828Z29,2020-01-15,2023-01-15,38000000000,37951625200,13569390000,6356000000,18026235200,39215913300,1215860200,1.5670,2.450000,0.357544,2020-01-02,R_20200107_1.pdf,,"https://api.fiscaldata.treasury.gov/services/api/fiscal_service/v1/accounting/od/auctions_query?filter=security_type:in:(Note,Bond),auction_date:gte:2009-01-01&page%5Bsize%5D=10000&page%5Bnumber%5D=1&sort=auction_date",fetched,2026-09-30T10:44:13Z
2020-01-08,13:00,2020-01-08T13:00:00-05:00,2020-01-08T18:00:00Z,12:00,NOMINAL,10y,original,False,Note,9-Year 10-Month,10-Year,Yes,912828YS3,2020-01-15,2029-11-15,24000000000,23995938400,6885790000,3866673400,13243475000,24767945400,767911700,1.8690,2.450000,0.286956,2020-01-02,R_20200108_1.pdf,,"https://api.fiscaldata.treasury.gov/services/api/fiscal_service/v1/accounting/od/auctions_query?filter=security_type:in:(Note,Bond),auction_date:gte:2009-01-01&page%5Bsize%5D=10000&page%5Bnumber%5D=1&sort=auction_date",fetched,2026-09-30T10:44:13Z
2020-01-09,13:00,2020-01-09T13:00:00-05:00,2020-01-09T18:00:00Z,12:00,NOMINAL,30y,original,False,Bond,29-Year 10-Month,30-Year,Yes,912810SK5,2020-01-15,2049-11-15,16000000000,15983332000,3050475000,2858734300,10074122700,16511946200,511941100,2.3410,2.540000,0.190854,2020-01-02,R_20200109_3.pdf,,"https://api.fiscaldata.treasury.gov/services/api/fiscal_service/v1/accounting/od/auctions_query?filter=security_type:in:(Note,Bond),auction_date:gte:2009-01-01&page%5Bsize%5D=10000&page%5Bnumber%5D=1&sort=auction_date",fetched,2026-09-30T10:44:13Z
2020-01-23,13:00,2020-01-23T13:00:00-05:00,2020-01-23T18:00:00Z,12:00,TIPS,10y,original,False,Note,10-Year,10-Year,No,912828Z37,2020-01-31,2030-01-15,14000000000,13960090000,2146000000,1598000000,10216090000,15445660100,1445630500,0.0360,2.330000,0.153724,2020-01-16,R_20200123_3.pdf,,"https://api.fiscaldata.treasury.gov/services/api/fiscal_service/v1/accounting/od/auctions_query?filter=security_type:in:(Note,Bond),auction_date:gte:2009-01-01&page%5Bsize%5D=10000&page%5Bnumber%5D=1&sort=auction_date",fetched,2026-09-30T10:44:13Z
2020-01-27,11:30,2020-01-27T11:30:00-05:00,2020-01-27T16:30:00Z,11:00,NOMINAL,2y,original,False,Note,2-Year,2-Year,No,912828Z60,2020-01-31,2022-01-31,40000000000,39757037000,12000430000,8248367000,19508240000,44130503000,4130373000,1.4400,2.650000,0.301844,2020-01-23,R_20200127_2.pdf,NOMINAL-5y@13:00,"https://api.fiscaldata.treasury.gov/services/api/fiscal_service/v1/accounting/od/auctions_query?filter=security_type:in:(Note,Bond),auction_date:gte:2009-01-01&page%5Bsize%5D=10000&page%5Bnumber%5D=1&sort=auction_date",fetched,2026-09-30T10:44:13Z
2020-01-27,13:00,2020-01-27T13:00:00-05:00,2020-01-27T18:00:00Z,12:00,NOMINAL,5y,original,False,Note,5-Year,5-Year,No,912828Z52,2020-01-31,2025-01-31,41000000000,40971056600,10675776000,5699000000,24596280600,45233673600,4233632300,1.4480,2.330000,0.260569,2020-01-23,R_20200127_4.pdf,NOMINAL-2y@11:30,"https://api.fiscaldata.treasury.gov/services/api/fiscal_service/v1/accounting/od/auctions_query?filter=security_type:in:(Note,Bond),auction_date:gte:2009-01-01&page%5Bsize%5D=10000&page%5Bnumber%5D=1&sort=auction_date",fetched,2026-09-30T10:44:13Z
2020-01-28,11:30,2020-01-28T11:30:00-05:00,2020-01-28T16:30:00Z,11:00,FRN,2y,original,False,Note,2-Year,2-Year,No,912828Z45,2020-01-31,2022-01-31,20000000000,19973500000,9716000000,345000000,9912500000,22065262600,2065186500,,3.230000,0.486445,2020-01-23,R_20200128_1.pdf,NOMINAL-7y@13:00,"https://api.fiscaldata.treasury.gov/services/api/fiscal_service/v1/accounting/od/auctions_query?filter=security_type:in:(Note,Bond),auction_date:gte:2009-01-01&page%5Bsize%5D=10000&page%5Bnumber%5D=1&sort=auction_date",fetched,2026-09-30T10:44:13Z
2020-01-28,13:00,2020-01-28T13:00:00-05:00,2020-01-28T18:00:00Z,12:00,NOMINAL,7y,original,False,Note,7-Year,7-Year,No,912828Z78,2020-01-31,2027-01-31,32000000000,31990590200,7908318000,5512315000,18569957200,35304302200,3304298300,1.5700,2.370000,0.247208,2020-01-23,R_20200128_3.pdf,FRN-2y@11:30,"https://api.fiscaldata.treasury.gov/services/api/fiscal_service/v1/accounting/od/auctions_query?filter=security_type:in:(Note,Bond),auction_date:gte:2009-01-01&page%5Bsize%5D=10000&page%5Bnumber%5D=1&sort=auction_date",fetched,2026-09-30T10:44:13Z
2020-02-11,13:00,2020-02-11T13:00:00-05:00,2020-02-11T18:00:00Z,12:00,NOMINAL,3y,original,False,Note,3-Year,3-Year,No,912828Z86,2020-02-18,2023-02-15,38000000000,37847024000,14378350000,6845000000,16623674000,54899762100,16899739700,1.3940,2.560000,0.379907,2020-02-05,R_20200211_2.pdf,,"https://api.fiscaldata.treasury.gov/services/api/fiscal_service/v1/accounting/od/auctions_query?filter=security_type:in:(Note,Bond),auction_date:gte:2009-01-01&page%5Bsize%5D=10000&page%5Bnumber%5D=1&sort=auction_date",fetched,2026-09-30T10:44:13Z
2020-02-12,13:00,2020-02-12T13:00:00-05:00,2020-02-12T18:00:00Z,12:00,NOMINAL,10y,original,False,Note,10-Year,10-Year,No,912828Z94,2020-02-18,2030-02-15,27000000000,26979320900,6452908500,3984000000,16542412400,39007715400,12007709700,1.6220,2.580000,0.239180,2020-02-05,R_20200212_1.pdf,,"https://api.fiscaldata.treasury.gov/services/api/fiscal_service/v1/accounting/od/auctions_query?filter=security_type:in:(Note,Bond),auction_date:gte:2009-01-01&page%5Bsize%5D=10000&page%5Bnumber%5D=1&sort=auction_date",fetched,2026-09-30T10:44:13Z
2020-02-13,13:00,2020-02-13T13:00:00-05:00,2020-02-13T18:00:00Z,12:00,NOMINAL,30y,original,False,Bond,30-Year,30-Year,No,912810SL3,2020-02-18,2050-02-15,19000000000,18996908800,3623475000,3687700000,11685733800,27449872500,8449869800,2.0610,2.430000,0.190740,2020-02-05,R_20200213_3.pdf,,"https://api.fiscaldata.treasury.gov/services/api/fiscal_service/v1/accounting/od/auctions_query?filter=security_type:in:(Note,Bond),auction_date:gte:2009-01-01&page%5Bsize%5D=10000&page%5Bnumber%5D=1&sort=auction_date",fetched,2026-09-30T10:44:13Z
2020-02-20,13:00,2020-02-20T13:00:00-05:00,2020-02-20T18:00:00Z,12:00,TIPS,30y,original,False,Bond,30-Year,30-Year,No,912810SM1,2020-02-28,2050-02-15,8000000000,7993317500,1182390500,918000000,5892927000,8000004200,0,0.2610,2.400000,0.147922,2020-02-13,R_20200220_3.pdf,,"https://api.fiscaldata.treasury.gov/services/api/fiscal_service/v1/accounting/od/auctions_query?filter=security_type:in:(Note,Bond),auction_date:gte:2009-01-01&page%5Bsize%5D=10000&page%5Bnumber%5D=1&sort=auction_date",fetched,2026-09-30T10:44:13Z
2020-02-25,13:00,2020-02-25T13:00:00-05:00,2020-02-25T18:00:00Z,12:00,NOMINAL,2y,original,False,Note,2-Year,2-Year,No,912828ZA1,2020-03-02,2022-02-28,40000000000,39738640000,17685760000,3700000000,18352880000,46045446200,6045401100,1.1880,2.450000,0.445052,2020-02-20,R_20200225_2.pdf,,"https://api.fiscaldata.treasury.gov/services/api/fiscal_service/v1/accounting/od/auctions_query?filter=security_type:in:(Note,Bond),auction_date:gte:2009-01-01&page%5Bsize%5D=10000&page%5Bnumber%5D=1&sort=auction_date",fetched,2026-09-30T10:44:13Z
2020-02-26,11:30,2020-02-26T11:30:00-05:00,2020-02-26T16:30:00Z,11:00,FRN,2y,original,False,Note,1-Year 11-Month,2-Year,Yes,912828Z45,2020-02-28,2022-01-31,18000000000,17989598000,12615294000,235054000,5139250000,18000022500,0,,2.490000,0.701255,2020-02-20,R_20200226_1.pdf,NOMINAL-5y@13:00,"https://api.fiscaldata.treasury.gov/services/api/fiscal_service/v1/accounting/od/auctions_query?filter=security_type:in:(Note,Bond),auction_date:gte:2009-01-01&page%5Bsize%5D=10000&page%5Bnumber%5D=1&sort=auction_date",fetched,2026-09-30T10:44:13Z
2020-02-26,13:00,2020-02-26T13:00:00-05:00,2020-02-26T18:00:00Z,12:00,NOMINAL,5y,original,False,Note,5-Year,5-Year,No,912828ZC7,2020-03-02,2025-02-28,41000000000,40967278500,11741139300,4016000000,25210139200,47196559300,6196536100,1.1500,2.460000,0.286598,2020-02-20,R_20200226_2.pdf,FRN-2y@11:30,"https://api.fiscaldata.treasury.gov/services/api/fiscal_service/v1/accounting/od/auctions_query?filter=security_type:in:(Note,Bond),auction_date:gte:2009-01-01&page%5Bsize%5D=10000&page%5Bnumber%5D=1&sort=auction_date",fetched,2026-09-30T10:44:13Z
2020-02-27,13:00,2020-02-27T13:00:00-05:00,2020-02-27T18:00:00Z,12:00,NOMINAL,7y,original,False,Note,7-Year,7-Year,No,912828ZB9,2020-03-02,2027-02-28,32000000000,31991333600,7656995000,4191500000,20142838600,36836326900,4836320800,1.2470,2.490000,0.239346,2020-02-20,R_20200227_3.pdf,,"https://api.fiscaldata.treasury.gov/services/api/fiscal_service/v1/accounting/od/auctions_query?filter=security_type:in:(Note,Bond),auction_date:gte:2009-01-01&page%5Bsize%5D=10000&page%5Bnumber%5D=1&sort=auction_date",fetched,2026-09-30T10:44:13Z
2020-03-10,13:00,2020-03-10T13:00:00-04:00,2020-03-10T17:00:00Z,12:00,NOMINAL,3y,original,False,Note,3-Year,3-Year,No,912828ZD5,2020-03-16,2023-03-15,38000000000,37958109600,16714000000,1408000000,19836109600,38036596200,36538500,0.5630,2.200000,0.440328,2020-03-05,R_20200310_1.pdf,,"https://api.fiscaldata.treasury.gov/services/api/fiscal_service/v1/accounting/od/auctions_query?filter=security_type:in:(Note,Bond),auction_date:gte:2009-01-01&page%5Bsize%5D=10000&page%5Bnumber%5D=1&sort=auction_date",fetched,2026-09-30T10:44:13Z
2020-03-11,13:00,2020-03-11T13:00:00-04:00,2020-03-11T17:00:00Z,12:00,NOMINAL,10y,original,False,Note,9-Year 11-Month,10-Year,Yes,912828Z94,2020-03-16,2030-02-15,24000000000,23996279000,7145470000,2206494000,14644315000,24023077900,23076900,0.8490,2.360000,0.297774,2020-03-05,R_20200311_1.pdf,,"https://api.fiscaldata.treasury.gov/services/api/fiscal_service/v1/accounting/od/auctions_query?filter=security_type:in:(Note,Bond),auction_date:gte:2009-01-01&page%5Bsize%5D=10000&page%5Bnumber%5D=1&sort=auction_date",fetched,2026-09-30T10:44:13Z
2020-03-12,13:00,2020-03-12T13:00:00-04:00,2020-03-12T17:00:00Z,12:00,NOMINAL,30y,original,False,Bond,29-Year 11-Month,30-Year,Yes,912810SL3,2020-03-16,2050-02-15,16000000000,15997570200,3452000000,1420000000,11125570200,16015385200,15384600,1.3200,2.360000,0.215783,2020-03-05,R_20200312_3.pdf,,"https://api.fiscaldata.treasury.gov/services/api/fiscal_service/v1/accounting/od/auctions_query?filter=security_type:in:(Note,Bond),auction_date:gte:2009-01-01&page%5Bsize%5D=10000&page%5Bnumber%5D=1&sort=auction_date",fetched,2026-09-30T10:44:13Z
2020-03-19,13:00,2020-03-19T13:00:00-04:00,2020-03-19T17:00:00Z,12:00,TIPS,10y,original,False,Note,9-Year 10-Month,10-Year,Yes,912828Z37,2020-03-31,2030-01-15,12000000000,11982173400,2356000000,2040000000,7586173400,13613368400,1613348500,0.6800,2.320000,0.196625,2020-03-12,R_20200319_4.pdf,,"https://api.fiscaldata.treasury.gov/services/api/fiscal_service/v1/accounting/od/auctions_query?filter=security_type:in:(Note,Bond),auction_date:gte:2009-01-01&page%5Bsize%5D=10000&page%5Bnumber%5D=1&sort=auction_date",fetched,2026-09-30T10:44:13Z
2020-03-24,13:00,2020-03-24T13:00:00-04:00,2020-03-24T17:00:00Z,12:00,NOMINAL,2y,original,False,Note,2-Year,2-Year,No,912828ZG8,2020-03-31,2022-03-31,40000000000,39824357500,14435610000,3405000000,21983747500,45377861200,5377828400,0.3980,2.360000,0.362482,2020-03-19,R_20200324_2.pdf,,"https://api.fiscaldata.treasury.gov/services/api/fiscal_service/v1/accounting/od/auctions_query?filter=security_type:in:(Note,Bond),auction_date:gte:2009-01-01&page%5Bsize%5D=10000&page%5Bnumber%5D=1&sort=auction_date",fetched,2026-09-30T10:44:13Z
2020-03-25,11:30,2020-03-25T11:30:00-04:00,2020-03-25T15:30:00Z,11:00,FRN,2y,original,False,Note,1-Year 10-Month,2-Year,Yes,912828Z45,2020-03-27,2022-01-31,18000000000,17995560000,6506610000,275000000,11213950000,18000135100,0,,2.910000,0.361568,2020-03-19,R_20200325_1.pdf,NOMINAL-5y@13:00,"https://api.fiscaldata.treasury.gov/services/api/fiscal_service/v1/accounting/od/auctions_query?filter=security_type:in:(Note,Bond),auction_date:gte:2009-01-01&page%5Bsize%5D=10000&page%5Bnumber%5D=1&sort=auction_date",fetched,2026-09-30T10:44:13Z
2020-03-25,13:00,2020-03-25T13:00:00-04:00,2020-03-25T17:00:00Z,12:00,NOMINAL,5y,original,False,Note,5-Year,5-Year,No,912828ZF0,2020-03-31,2025-03-31,41000000000,40986935600,14483490000,5165639600,21337806000,46512285400,5512274100,0.5350,2.530000,0.353368,2020-03-19,R_20200325_2.pdf,FRN-2y@11:30,"https://api.fiscaldata.treasury.gov/services/api/fiscal_service/v1/accounting/od/auctions_query?filter=security_type:in:(Note,Bond),auction_date:gte:2009-01-01&page%5Bsize%5D=10000&page%5Bnumber%5D=1&sort=auction_date",fetched,2026-09-30T10:44:13Z
2020-03-26,13:00,2020-03-26T13:00:00-04:00,2020-03-26T17:00:00Z,12:00,NOMINAL,7y,original,False,Note,7-Year,7-Year,No,912828ZE3,2020-03-31,2027-03-31,32000000000,31994071000,9135600000,2909425000,19949046000,36302504700,4302262600,0.6800,2.760000,0.285540,2020-03-19,R_20200326_3.pdf,,"https://api.fiscaldata.treasury.gov/services/api/fiscal_service/v1/accounting/od/auctions_query?filter=security_type:in:(Note,Bond),auction_date:gte:2009-01-01&page%5Bsize%5D=10000&page%5Bnumber%5D=1&sort=auction_date",fetched,2026-09-30T10:44:13Z
2020-04-06,13:00,2020-04-06T13:00:00-04:00,2020-04-06T17:00:00Z,12:00,NOMINAL,3y,original,False,Note,3-Year,3-Year,No,912828ZH6,2020-04-15,2023-04-15,40000000000,39872330900,16162380000,1622000000,22087950900,40131675300,131654200,0.3480,2.270000,0.405353,2020-04-02,R_20200406_3.pdf,,"https://api.fiscaldata.treasury.gov/services/api/fiscal_service/v1/accounting/od/auctions_query?filter=security_type:in:(Note,Bond),auction_date:gte:2009-01-01&page%5Bsize%5D=10000&page%5Bnumber%5D=1&sort=auction_date",fetched,2026-09-30T10:44:13Z
2020-04-07,13:00,2020-04-07T13:00:00-04:00,2020-04-07T17:00:00Z,12:00,NOMINAL,10y,original,False,Note,9-Year 10-Month,10-Year,Yes,912828Z94,2020-04-15,2030-02-15,25000000000,24998289000,6897224000,3307000000,14794065000,25082286900,82283800,0.7820,2.430000,0.275908,2020-04-02,R_20200407_3.pdf,,"https://api.fiscaldata.treasury.gov/services/api/fiscal_service/v1/accounting/od/auctions_query?filter=security_type:in:(Note,Bond),auction_date:gte:2009-01-01&page%5Bsize%5D=10000&page%5Bnumber%5D=1&sort=auction_date",fetched,2026-09-30T10:44:13Z
2020-04-08,13:00,2020-04-08T13:00:00-04:00,2020-04-08T17:00:00Z,12:00,NOMINAL,30y,original,False,Bond,29-Year 10-Month,30-Year,Yes,912810SL3,2020-04-15,2050-02-15,17000000000,16996500700,3842205000,1862000000,11292295700,17055977200,55953000,1.3250,2.350000,0.226059,2020-04-02,R_20200408_4.pdf,,"https://api.fiscaldata.treasury.gov/services/api/fiscal_service/v1/accounting/od/auctions_query?filter=security_type:in:(Note,Bond),auction_date:gte:2009-01-01&page%5Bsize%5D=10000&page%5Bnumber%5D=1&sort=auction_date",fetched,2026-09-30T10:44:13Z
2020-04-23,13:00,2020-04-23T13:00:00-04:00,2020-04-23T17:00:00Z,12:00,TIPS,5y,original,False,Note,5-Year,5-Year,No,912828ZJ2,2020-04-30,2025-04-15,17000000000,16924858300,2415000000,510000000,13999858300,18476364300,1476352100,-0.3200,2.740000,0.142690,2020-04-16,R_20200423_3.pdf,,"https://api.fiscaldata.treasury.gov/services/api/fiscal_service/v1/accounting/od/auctions_query?filter=security_type:in:(Note,Bond),auction_date:gte:2009-01-01&page%5Bsize%5D=10000&page%5Bnumber%5D=1&sort=auction_date",fetched,2026-09-30T10:44:13Z
2020-04-27,11:30,2020-04-27T11:30:00-04:00,2020-04-27T15:30:00Z,11:00,NOMINAL,2y,original,False,Note,2-Year,2-Year,No,912828ZM5,2020-04-30,2022-04-30,42000000000,41788275000,11025000000,7440000000,23323275000,45647472600,3647458300,0.2290,3.100000,0.263830,2020-04-23,R_20200427_2.pdf,NOMINAL-5y@13:00,"https://api.fiscaldata.treasury.gov/services/api/fiscal_service/v1/accounting/od/auctions_query?filter=security_type:in:(Note,Bond),auction_date:gte:2009-01-01&page%5Bsize%5D=10000&page%5Bnumber%5D=1&sort=auction_date",fetched,2026-09-30T10:44:13Z
2020-04-27,13:00,2020-04-27T13:00:00-04:00,2020-04-27T17:00:00Z,12:00,NOMINAL,5y,original,False,Note,5-Year,5-Year,No,912828ZL7,2020-04-30,2025-04-30,43000000000,42983620000,8320115000,8681000000,25982505000,46734367800,3734302400,0.3940,2.740000,0.193565,2020-04-23,R_20200427_3.pdf,NOMINAL-2y@11:30,"https://api.fiscaldata.treasury.gov/services/api/fiscal_service/v1/accounting/od/auctions_query?filter=security_type:in:(Note,Bond),auction_date:gte:2009-01-01&page%5Bsize%5D=10000&page%5Bnumber%5D=1&sort=auction_date",fetched,2026-09-30T10:44:13Z
2020-04-28,11:30,2020-04-28T11:30:00-04:00,2020-04-28T15:30:00Z,11:00,FRN,2y,original,False,Note,2-Year,2-Year,No,912828ZK9,2020-04-30,2022-04-30,22000000000,21979152000,6925000000,3750000000,11304152000,23910733300,1910573400,,3.020000,0.315071,2020-04-23,R_20200428_2.pdf,NOMINAL-7y@13:00,"https://api.fiscaldata.treasury.gov/services/api/fiscal_service/v1/accounting/od/auctions_query?filter=security_type:in:(Note,Bond),auction_date:gte:2009-01-01&page%5Bsize%5D=10000&page%5Bnumber%5D=1&sort=auction_date",fetched,2026-09-30T10:44:13Z
2020-04-28,13:00,2020-04-28T13:00:00-04:00,2020-04-28T17:00:00Z,12:00,NOMINAL,7y,original,False,Note,7-Year,7-Year,No,912828ZN3,2020-04-30,2027-04-30,35000000000,34993593100,7441710500,4298710000,23253172600,38039593700,3039548500,0.5250,2.560000,0.212659,2020-04-23,R_20200428_3.pdf,FRN-2y@11:30,"https://api.fiscaldata.treasury.gov/services/api/fiscal_service/v1/accounting/od/auctions_query?filter=security_type:in:(Note,Bond),auction_date:gte:2009-01-01&page%5Bsize%5D=10000&page%5Bnumber%5D=1&sort=auction_date",fetched,2026-09-30T10:44:13Z
2020-05-11,13:00,2020-05-11T13:00:00-04:00,2020-05-11T17:00:00Z,12:00,NOMINAL,3y,original,False,Note,3-Year,3-Year,No,912828ZP8,2020-05-15,2023-05-15,42000000000,41967910000,13678570000,5479000000,22810340000,64211663800,22211648800,0.2300,2.540000,0.325929,2020-05-06,R_20200511_3.pdf,,"https://api.fiscaldata.treasury.gov/services/api/fiscal_service/v1/accounting/od/auctions_query?filter=security_type:in:(Note,Bond),auction_date:gte:2009-01-01&page%5Bsize%5D=10000&page%5Bnumber%5D=1&sort=auction_date",fetched,2026-09-30T10:44:13Z
2020-05-12,13:00,2020-05-12T13:00:00-04:00,2020-05-12T17:00:00Z,12:00,NOMINAL,10y,original,False,Note,10-Year,10-Year,No,912828ZQ6,2020-05-15,2030-05-15,32000000000,31988685800,6563637500,4266000000,21159048300,48923196400,16923161000,0.7000,2.690000,0.205186,2020-05-06,R_20200512_3.pdf,,"https://api.fiscaldata.treasury.gov/services/api/fiscal_service/v1/accounting/od/auctions_query?filter=security_type:in:(Note,Bond),auction_date:gte:2009-01-01&page%5Bsize%5D=10000&page%5Bnumber%5D=1&sort=auction_date",fetched,2026-09-30T10:44:13Z
2020-05-13,13:00,2020-05-13T13:00:00-04:00,2020-05-13T17:00:00Z,12:00,NOMINAL,30y,original,False,Bond,30-Year,30-Year,No,912810SN9,2020-05-15,2050-05-15,22000000000,21993520000,4701400000,2845200000,14446920000,33634677800,11634673100,1.3420,2.300000,0.213763,2020-05-06,R_20200513_3.pdf,,"https://api.fiscaldata.treasury.gov/services/api/fiscal_service/v1/accounting/od/auctions_query?filter=security_type:in:(Note,Bond),auction_date:gte:2009-01-01&page%5Bsize%5D=10000&page%5Bnumber%5D=1&sort=auction_date",fetched,2026-09-30T10:44:13Z
2020-05-20,13:00,2020-05-20T13:00:00-04:00,2020-05-20T17:00:00Z,12:00,NOMINAL,20y,original,False,Bond,20-Year,20-Year,No,912810SR0,2020-06-01,2040-05-15,20000000000,19993692500,4910912500,2941000000,12141780000,22099678800,2099658500,1.2200,2.530000,0.245623,2020-05-14,R_20200520_3.pdf,,"https://api.fiscaldata.treasury.gov/services/api/fiscal_service/v1/accounting/od/auctions_query?filter=security_type:in:(Note,Bond),auction_date:gte:2009-01-01&page%5Bsize%5D=10000&page%5Bnumber%5D=1&sort=auction_date",fetched,2026-09-30T10:44:13Z
2020-05-21,13:00,2020-05-21T13:00:00-04:00,2020-05-21T17:00:00Z,12:00,TIPS,10y,original,False,Note,9-Year 8-Month,10-Year,Yes,912828Z37,2020-05-29,2030-01-15,12000000000,11965595000,3605174000,928000000,7432421000,12000015400,0,-0.4700,2.390000,0.301295,2020-05-14,R_20200521_3.pdf,,"https://api.fiscaldata.treasury.gov/services/api/fiscal_service/v1/accounting/od/auctions_query?filter=security_type:in:(Note,Bond),auction_date:gte:2009-01-01&page%5Bsize%5D=10000&page%5Bnumber%5D=1&sort=auction_date",fetched,2026-09-30T10:44:13Z
2020-05-26,13:00,2020-05-26T13:00:00-04:00,2020-05-26T17:00:00Z,12:00,NOMINAL,2y,original,False,Note,2-Year,2-Year,No,912828ZR4,2020-06-01,2022-05-31,44000000000,43789995000,14058420000,6490000000,23241575000,48619273200,4619248800,0.1780,2.680000,0.321042,2020-05-21,R_20200526_4.pdf,,"https://api.fiscaldata.treasury.gov/services/api/fiscal_service/v1/accounting/od/auctions_query?filter=security_type:in:(Note,Bond),auction_date:gte:2009-01-01&page%5Bsize%5D=10000&page%5Bnumber%5D=1&sort=auction_date",fetched,2026-09-30T10:44:13Z
2020-05-27,11:30,2020-05-27T11:30:00-04:00,2020-05-27T15:30:00Z,11:00,FRN,2y,original,False,Note,1-Year 11-Month,2-Year,Yes,912828ZK9,2020-05-29,2022-04-30,20000000000,19993360000,9226460000,4030000000,6736900000,20000035500,0,,3.120000,0.461476,2020-05-21,R_20200527_4.pdf,NOMINAL-5y@13:00,"https://api.fiscaldata.treasury.gov/services/api/fiscal_service/v1/accounting/od/auctions_query?filter=security_type:in:(Note,Bond),auction_date:gte:2009-01-01&page%5Bsize%5D=10000&page%5Bnumber%5D=1&sort=auction_date",fetched,2026-09-30T10:44:13Z
2020-05-27,13:00,2020-05-27T13:00:00-04:00,2020-05-27T17:00:00Z,12:00,NOMINAL,5y,original,False,Note,5-Year,5-Year,No,912828ZT0,2020-06-01,2025-05-31,45000000000,44983345000,14317000000,4872760000,25793585000,49724276500,4724231700,0.3340,2.280000,0.318273,2020-05-21,R_20200527_5.pdf,FRN-2y@11:30,"https://api.fiscaldata.treasury.gov/services/api/fiscal_service/v1/accounting/od/auctions_query?filter=security_type:in:(Note,Bond),auction_date:gte:2009-01-01&page%5Bsize%5D=10000&page%5Bnumber%5D=1&sort=auction_date",fetched,2026-09-30T10:44:13Z
2020-05-28,13:00,2020-05-28T13:00:00-04:00,2020-05-28T17:00:00Z,12:00,NOMINAL,7y,original,False,Note,7-Year,7-Year,No,912828ZS2,2020-06-01,2027-05-31,38000000000,37990920000,9126520000,4708400000,24156000000,41989354500,3989351200,0.5530,2.550000,0.240229,2020-05-21,R_20200528_3.pdf,,"https://api.fiscaldata.treasury.gov/services/api/fiscal_service/v1/accounting/od/auctions_query?filter=security_type:in:(Note,Bond),auction_date:gte:2009-01-01&page%5Bsize%5D=10000&page%5Bnumber%5D=1&sort=auction_date",fetched,2026-09-30T10:44:13Z
2020-06-08,13:00,2020-06-08T13:00:00-04:00,2020-06-08T17:00:00Z,12:00,NOMINAL,3y,original,False,Note,3-Year,3-Year,No,912828ZU7,2020-06-15,2023-06-15,44000000000,43982678700,14171375000,6365933700,23445370000,44625568900,625565300,0.2800,2.550000,0.322204,2020-06-04,R_20200608_3.pdf,,"https://api.fiscaldata.treasury.gov/services/api/fiscal_service/v1/accounting/od/auctions_query?filter=security_type:in:(Note,Bond),auction_date:gte:2009-01-01&page%5Bsize%5D=10000&page%5Bnumber%5D=1&sort=auction_date",fetched,2026-09-30T10:44:13Z
2020-06-09,13:00,2020-06-09T13:00:00-04:00,2020-06-09T17:00:00Z,12:00,NOMINAL,10y,original,False,Note,9-Year 11-Month,10-Year,Yes,912828ZQ6,2020-06-15,2030-05-15,29000000000,28998725800,9134276500,3410000000,16454449300,29412319200,412304300,0.8320,2.260000,0.314989,2020-06-04,R_20200609_3.pdf,,"https://api.fiscaldata.treasury.gov/services/api/fiscal_service/v1/accounting/od/auctions_query?filter=security_type:in:(Note,Bond),auction_date:gte:2009-01-01&page%5Bsize%5D=10000&page%5Bnumber%5D=1&sort=auction_date",fetched,2026-09-30T10:44:13Z
2020-06-11,13:00,2020-06-11T13:00:00-04:00,2020-06-11T17:00:00Z,12:00,NOMINAL,30y,original,False,Bond,29-Year 11-Month,30-Year,Yes,912810SN9,2020-06-15,2050-05-15,19000000000,18999108200,4663961200,2517400000,11817747000,19270143500,270130400,1.4500,2.300000,0.245483,2020-06-04,R_20200611_3.pdf,,"https://api.fiscaldata.treasury.gov/services/api/fiscal_service/v1/accounting/od/auctions_query?filter=security_type:in:(Note,Bond),auction_date:gte:2009-01-01&page%5Bsize%5D=10000&page%5Bnumber%5D=1&sort=auction_date",fetched,2026-09-30T10:44:13Z
2020-06-17,13:00,2020-06-17T13:00:00-04:00,2020-06-17T17:00:00Z,12:00,NOMINAL,20y,original,False,Bond,19-Year 11-Month,20-Year,Yes,912810SR0,2020-06-30,2040-05-15,17000000000,16998646000,3726341000,2797000000,10475305000,19325136300,2325129100,1.3140,2.630000,0.219214,2020-06-11,R_20200617_3.pdf,,"https://api.fiscaldata.treasury.gov/services/api/fiscal_service/v1/accounting/od/auctions_query?filter=security_type:in:(Note,Bond),auction_date:gte:2009-01-01&page%5Bsize%5D=10000&page%5Bnumber%5D=1&sort=auction_date",fetched,2026-09-30T10:44:13Z
2020-06-18,13:00,2020-06-18T13:00:00-04:00,2020-06-18T17:00:00Z,12:00,TIPS,5y,original,False,Note,4-Year 10-Month,5-Year,Yes,912828ZJ2,2020-06-30,2025-04-15,15000000000,14959452400,2258659000,2189445900,10511347500,17051642600,2051584500,-0.7660,2.780000,0.150985,2020-06-11,R_20200618_3.pdf,,"https://api.fiscaldata.treasury.gov/services/api/fiscal_service/v1/accounting/od/auctions_query?filter=security_type:in:(Note,Bond),auction_date:gte:2009-01-01&page%5Bsize%5D=10000&page%5Bnumber%5D=1&sort=auction_date",fetched,2026-09-30T10:44:13Z
2020-06-23,13:00,2020-06-23T13:00:00-04:00,2020-06-23T17:00:00Z,12:00,NOMINAL,2y,original,False,Note,2-Year,2-Year,No,912828ZX1,2020-06-30,2022-06-30,46000000000,45799187500,14302827500,7669620000,23826740000,52291638700,6291525900,0.1930,2.460000,0.312294,2020-06-18,R_20200623_3.pdf,,"https://api.fiscaldata.treasury.gov/services/api/fiscal_service/v1/accounting/od/auctions_query?filter=security_type:in:(Note,Bond),auction_date:gte:2009-01-01&page%5Bsize%5D=10000&page%5Bnumber%5D=1&sort=auction_date",fetched,2026-09-30T10:44:13Z
2020-06-24,13:00,2020-06-24T13:00:00-04:00,2020-06-24T17:00:00Z,12:00,FRN,2y,original,False,Note,1-Year 10-Month,2-Year,Yes,912828ZK9,2020-06-26,2022-04-30,20000000000,19989040000,11905950000,3919500000,4163590000,20000113800,0,,3.160000,0.595624,2020-06-18,R_20200624_3.pdf,NOMINAL-5y@13:00,"https://api.fiscaldata.treasury.gov/services/api/fiscal_service/v1/accounting/od/auctions_query?filter=security_type:in:(Note,Bond),auction_date:gte:2009-01-01&page%5Bsize%5D=10000&page%5Bnumber%5D=1&sort=auction_date",fetched,2026-09-30T10:44:13Z
2020-06-24,13:00,2020-06-24T13:00:00-04:00,2020-06-24T17:00:00Z,12:00,NOMINAL,5y,original,False,Note,5-Year,5-Year,No,912828ZW3,2020-06-30,2025-06-30,47000000000,46985336000,10319840000,7413783000,29251713000,53428398500,6428298100,0.3300,2.580000,0.219640,2020-06-18,R_20200624_4.pdf,FRN-2y@13:00,"https://api.fiscaldata.treasury.gov/services/api/fiscal_service/v1/accounting/od/auctions_query?filter=security_type:in:(Note,Bond),auction_date:gte:2009-01-01&page%5Bsize%5D=10000&page%5Bnumber%5D=1&sort=auction_date",fetched,2026-09-30T10:44:13Z
2020-06-25,13:00,2020-06-25T13:00:00-04:00,2020-06-25T17:00:00Z,12:00,NOMINAL,7y,original,False,Note,7-Year,7-Year,No,912828ZV5,2020-06-30,2027-06-30,41000000000,40997855000,8891360000,6437100000,25669395000,46607737000,5607664300,0.5110,2.490000,0.216874,2020-06-18,R_20200625_3.pdf,,"https://api.fiscaldata.treasury.gov/services/api/fiscal_service/v1/accounting/od/auctions_query?filter=security_type:in:(Note,Bond),auction_date:gte:2009-01-01&page%5Bsize%5D=10000&page%5Bnumber%5D=1&sort=auction_date",fetched,2026-09-30T10:44:13Z
2020-07-07,13:00,2020-07-07T13:00:00-04:00,2020-07-07T17:00:00Z,12:00,NOMINAL,3y,original,False,Note,3-Year,3-Year,No,912828ZY9,2020-07-15,2023-07-15,46000000000,45882774400,14887300000,6080000000,24915474400,50035625700,4035617100,0.1900,2.440000,0.324464,2020-07-02,R_20200707_3.pdf,,"https://api.fiscaldata.treasury.gov/services/api/fiscal_service/v1/accounting/od/auctions_query?filter=security_type:in:(Note,Bond),auction_date:gte:2009-01-01&page%5Bsize%5D=10000&page%5Bnumber%5D=1&sort=auction_date",fetched,2026-09-30T10:44:13Z
2020-07-08,13:00,2020-07-08T13:00:00-04:00,2020-07-08T17:00:00Z,12:00,NOMINAL,10y,original,False,Note,9-Year 10-Month,10-Year,Yes,912828ZQ6,2020-07-15,2030-05-15,29000000000,28996179500,5708195000,4915000000,18372984500,31544209100,2544193400,0.6530,2.620000,0.196860,2020-07-02,R_20200708_3.pdf,,"https://api.fiscaldata.treasury.gov/services/api/fiscal_service/v1/accounting/od/auctions_query?filter=security_type:in:(Note,Bond),auction_date:gte:2009-01-01&page%5Bsize%5D=10000&page%5Bnumber%5D=1&sort=auction_date",fetched,2026-09-30T10:44:13Z
2020-07-09,13:00,2020-07-09T13:00:00-04:00,2020-07-09T17:00:00Z,12:00,NOMINAL,30y,original,False,Bond,29-Year 10-Month,30-Year,Yes,912810SN9,2020-07-15,2050-05-15,19000000000,18997073000,3314976600,1995000000,13687096400,20666899600,1666885300,1.3300,2.500000,0.174499,2020-07-02,R_20200709_3.pdf,,"https://api.fiscaldata.treasury.gov/services/api/fiscal_service/v1/accounting/od/auctions_query?filter=security_type:in:(Note,Bond),auction_date:gte:2009-01-01&page%5Bsize%5D=10000&page%5Bnumber%5D=1&sort=auction_date",fetched,2026-09-30T10:44:13Z
2020-07-10,11:00,2020-07-10T11:00:00-04:00,2020-07-10T15:00:00Z,,TIPS,5y,original,True,Note,4-Year 10-Month,5-Year,Yes,912828ZJ2,2020-07-13,2025-04-15,25000000,25000000,25000000,0,0,25000000,0,-0.9510,6.310000,1.000000,2020-07-10,R_20200710_1.pdf,,"https://api.fiscaldata.treasury.gov/services/api/fiscal_service/v1/accounting/od/auctions_query?filter=security_type:in:(Note,Bond),auction_date:gte:2009-01-01&page%5Bsize%5D=10000&page%5Bnumber%5D=1&sort=auction_date",fetched,2026-09-30T10:44:13Z
2020-07-22,13:00,2020-07-22T13:00:00-04:00,2020-07-22T17:00:00Z,12:00,NOMINAL,20y,original,False,Bond,19-Year 10-Month,20-Year,Yes,912810SR0,2020-07-31,2040-05-15,17000000000,16999579200,3608780100,1999000000,11391799100,18931875600,1931854100,1.0590,2.430000,0.212286,2020-07-16,R_20200722_3.pdf,,"https://api.fiscaldata.treasury.gov/services/api/fiscal_service/v1/accounting/od/auctions_query?filter=security_type:in:(Note,Bond),auction_date:gte:2009-01-01&page%5Bsize%5D=10000&page%5Bnumber%5D=1&sort=auction_date",fetched,2026-09-30T10:44:13Z
2020-07-23,13:00,2020-07-23T13:00:00-04:00,2020-07-23T17:00:00Z,12:00,TIPS,10y,original,False,Note,10-Year,10-Year,No,912828ZZ6,2020-07-31,2030-07-15,14000000000,13953053500,2480317500,1381000000,10091736000,15590943600,1590938600,-0.9300,2.240000,0.177762,2020-07-16,R_20200723_3.pdf,,"https://api.fiscaldata.treasury.gov/services/api/fiscal_service/v1/accounting/od/auctions_query?filter=security_type:in:(Note,Bond),auction_date:gte:2009-01-01&page%5Bsize%5D=10000&page%5Bnumber%5D=1&sort=auction_date",fetched,2026-09-30T10:44:13Z
2020-07-27,11:30,2020-07-27T11:30:00-04:00,2020-07-27T15:30:00Z,11:00,NOMINAL,2y,original,False,Note,2-Year,2-Year,No,91282CAC5,2020-07-31,2022-07-31,48000000000,47836870000,18821065000,7087000000,21928805000,53454745100,5454646900,0.1550,2.340000,0.393443,2020-07-23,R_20200727_1.pdf,NOMINAL-5y@13:00,"https://api.fiscaldata.treasury.gov/services/api/fiscal_service/v1/accounting/od/auctions_query?filter=security_type:in:(Note,Bond),auction_date:gte:2009-01-01&page%5Bsize%5D=10000&page%5Bnumber%5D=1&sort=auction_date",fetched,2026-09-30T10:44:13Z
2020-07-27,13:00,2020-07-27T13:00:00-04:00,2020-07-27T17:00:00Z,12:00,NOMINAL,5y,original,False,Note,5-Year,5-Year,No,91282CAB7,2020-07-31,2025-07-31,49000000000,48971823300,14471647500,6031000000,28469175800,54568288400,5568285400,0.2880,2.320000,0.295510,2020-07-23,R_20200727_4.pdf,NOMINAL-2y@11:30,"https://api.fiscaldata.treasury.gov/services/api/fiscal_service/v1/accounting/od/auctions_query?filter=security_type:in:(Note,Bond),auction_date:gte:2009-01-01&page%5Bsize%5D=10000&page%5Bnumber%5D=1&sort=auction_date",fetched,2026-09-30T10:44:13Z
2020-07-28,13:00,2020-07-28T13:00:00-04:00,2020-07-28T17:00:00Z,12:00,FRN,2y,original,False,Note,2-Year,2-Year,No,91282CAA9,2020-07-31,2022-07-31,24000000000,23979527500,7956527000,300000000,15723000500,26727449700,2727323500,,3.290000,0.331805,2020-07-23,R_20200728_4.pdf,NOMINAL-7y@13:00,"https://api.fiscaldata.treasury.gov/services/api/fiscal_service/v1/accounting/od/auctions_query?filter=security_type:in:(Note,Bond),auction_date:gte:2009-01-01&page%5Bsize%5D=10000&page%5Bnumber%5D=1&sort=auction_date",fetched,2026-09-30T10:44:13Z
2020-07-28,13:00,2020-07-28T13:00:00-04:00,2020-07-28T17:00:00Z,12:00,NOMINAL,7y,original,False,Note,7-Year,7-Year,No,91282CAD3,2020-07-31,2027-07-31,44000000000,43998130000,8474310000,7401900000,28121920000,49000106200,5000092900,0.4460,2.450000,0.192606,2020-07-23,R_20200728_3.pdf,FRN-2y@13:00,"https://api.fiscaldata.treasury.gov/services/api/fiscal_service/v1/accounting/od/auctions_query?filter=security_type:in:(Note,Bond),auction_date:gte:2009-01-01&page%5Bsize%5D=10000&page%5Bnumber%5D=1&sort=auction_date",fetched,2026-09-30T10:44:13Z
2020-08-11,13:00,2020-08-11T13:00:00-04:00,2020-08-11T17:00:00Z,12:00,NOMINAL,3y,original,False,Note,3-Year,3-Year,No,91282CAF8,2020-08-17,2023-08-15,48000000000,47864336000,14689312000,5883464000,27291560000,76548181000,28548134900,0.1790,2.440000,0.306895,2020-08-05,R_20200811_4.pdf,,"https://api.fiscaldata.treasury.gov/services/api/fiscal_service/v1/accounting/od/auctions_query?filter=security_type:in:(Note,Bond),auction_date:gte:2009-01-01&page%5Bsize%5D=10000&page%5Bnumber%5D=1&sort=auction_date",fetched,2026-09-30T10:44:13Z
2020-08-12,13:00,2020-08-12T13:00:00-04:00,2020-08-12T17:00:00Z,12:00,NOMINAL,10y,original,False,Note,10-Year,10-Year,No,91282CAE1,2020-08-17,2030-08-15,38000000000,37989294600,7533524600,5601000000,24854770000,60600624700,22600606800,0.6770,2.410000,0.198307,2020-08-05,R_20200812_3.pdf,,"https://api.fiscaldata.treasury.gov/services/api/fiscal_service/v1/accounting/od/auctions_query?filter=security_type:in:(Note,Bond),auction_date:gte:2009-01-01&page%5Bsize%5D=10000&page%5Bnumber%5D=1&sort=auction_date",fetched,2026-09-30T10:44:13Z
2020-08-13,13:00,2020-08-13T13:00:00-04:00,2020-08-13T17:00:00Z,12:00,NOMINAL,30y,original,False,Bond,30-Year,30-Year,No,912810SP4,2020-08-17,2050-08-15,26000000000,25991895000,7354440000,3086400000,15551055000,41463586800,15463573000,1.4060,2.140000,0.282951,2020-08-05,R_20200813_3.pdf,,"https://api.fiscaldata.treasury.gov/services/api/fiscal_service/v1/accounting/od/auctions_query?filter=security_type:in:(Note,Bond),auction_date:gte:2009-01-01&page%5Bsize%5D=10000&page%5Bnumber%5D=1&sort=auction_date",fetched,2026-09-30T10:44:13Z
2020-08-19,13:00,2020-08-19T13:00:00-04:00,2020-08-19T17:00:00Z,12:00,NOMINAL,20y,original,False,Bond,20-Year,20-Year,No,912810SQ2,2020-08-31,2040-08-15,25000000000,24999361000,6548115000,2797087500,15654158500,27171851700,2171847400,1.1850,2.260000,0.261931,2020-08-13,R_20200819_3.pdf,,"https://api.fiscaldata.treasury.gov/services/api/fiscal_service/v1/accounting/od/auctions_query?filter=security_type:in:(Note,Bond),auction_date:gte:2009-01-01&page%5Bsize%5D=10000&page%5Bnumber%5D=1&sort=auction_date",fetched,2026-09-30T10:44:13Z
2020-08-20,13:00,2020-08-20T13:00:00-04:00,2020-08-20T17:00:00Z,12:00,TIPS,30y,original,False,Bond,29-Year 6-Month,30-Year,Yes,912810SM1,2020-08-31,2050-02-15,7000000000,6990635000,1543293000,526000000,4921342000,7608120200,608117200,-0.2720,2.250000,0.220766,2020-08-13,R_20200820_3.pdf,,"https://api.fiscaldata.treasury.gov/services/api/fiscal_service/v1/accounting/od/auctions_query?filter=security_type:in:(Note,Bond),auction_date:gte:2009-01-01&page%5Bsize%5D=10000&page%5Bnumber%5D=1&sort=auction_date",fetched,2026-09-30T10:44:13Z
2020-08-25,13:00,2020-08-25T13:00:00-04:00,2020-08-25T17:00:00Z,12:00,NOMINAL,2y,original,False,Note,2-Year,2-Year,No,91282CAG6,2020-08-31,2022-08-31,50000000000,49895360000,14312000000,6827000000,28756360000,54343773700,4343694800,0.1550,2.780000,0.286840,2020-08-20,R_20200825_3.pdf,,"https://api.fiscaldata.treasury.gov/services/api/fiscal_service/v1/accounting/od/auctions_query?filter=security_type:in:(Note,Bond),auction_date:gte:2009-01-01&page%5Bsize%5D=10000&page%5Bnumber%5D=1&sort=auction_date",fetched,2026-09-30T10:44:13Z
2020-08-26,13:00,2020-08-26T13:00:00-04:00,2020-08-26T17:00:00Z,12:00,FRN,2y,original,False,Note,1-Year 11-Month,2-Year,Yes,91282CAA9,2020-08-28,2022-07-31,22000000000,21990144000,10100811500,290000000,11599332500,22000228200,0,,2.850000,0.459334,2020-08-20,R_20200826_3.pdf,NOMINAL-5y@13:00,"https://api.fiscaldata.treasury.gov/services/api/fiscal_service/v1/accounting/od/auctions_query?filter=security_type:in:(Note,Bond),auction_date:gte:2009-01-01&page%5Bsize%5D=10000&page%5Bnumber%5D=1&sort=auction_date",fetched,2026-09-30T10:44:13Z
2020-08-26,13:00,2020-08-26T13:00:00-04:00,2020-08-26T17:00:00Z,12:00,NOMINAL,5y,original,False,Note,5-Year,5-Year,No,91282CAJ0,2020-08-31,2025-08-31,51000000000,50980249000,9085642000,8121000000,33773607000,55430929100,4430568700,0.2980,2.710000,0.178219,2020-08-20,R_20200826_4.pdf,FRN-2y@13:00,"https://api.fiscaldata.treasury.gov/services/api/fiscal_service/v1/accounting/od/auctions_query?filter=security_type:in:(Note,Bond),auction_date:gte:2009-01-01&page%5Bsize%5D=10000&page%5Bnumber%5D=1&sort=auction_date",fetched,2026-09-30T10:44:13Z
2020-08-27,13:00,2020-08-27T13:00:00-04:00,2020-08-27T17:00:00Z,12:00,NOMINAL,7y,original,False,Note,7-Year,7-Year,No,91282CAH4,2020-08-31,2027-08-31,47000000000,46991264800,7210130000,7688031600,32093103200,51083075700,4083073100,0.5190,2.470000,0.153436,2020-08-20,R_20200827_3.pdf,,"https://api.fiscaldata.treasury.gov/services/api/fiscal_service/v1/accounting/od/auctions_query?filter=security_type:in:(Note,Bond),auction_date:gte:2009-01-01&page%5Bsize%5D=10000&page%5Bnumber%5D=1&sort=auction_date",fetched,2026-09-30T10:44:13Z
2020-09-08,13:00,2020-09-08T13:00:00-04:00,2020-09-08T17:00:00Z,12:00,NOMINAL,3y,original,False,Note,3-Year,3-Year,No,91282CAK7,2020-09-15,2023-09-15,50000000000,49870766400,18098420000,6466223400,25306123000,52055619500,2055555600,0.1700,2.280000,0.362906,2020-09-03,R_20200908_5.pdf,,"https://api.fiscaldata.treasury.gov/services/api/fiscal_service/v1/accounting/od/auctions_query?filter=security_type:in:(Note,Bond),auction_date:gte:2009-01-01&page%5Bsize%5D=10000&page%5Bnumber%5D=1&sort=auction_date",fetched,2026-09-30T10:44:13Z
2020-09-09,13:00,2020-09-09T13:00:00-04:00,2020-09-09T17:00:00Z,12:00,NOMINAL,10y,original,False,Note,9-Year 11-Month,10-Year,Yes,91282CAE1,2020-09-15,2030-08-15,35000000000,34989939300,9486894000,5109000000,20394045300,36438927500,1438888900,0.7040,2.300000,0.271132,2020-09-03,R_20200909_3.pdf,,"https://api.fiscaldata.treasury.gov/services/api/fiscal_service/v1/accounting/od/auctions_query?filter=security_type:in:(Note,Bond),auction_date:gte:2009-01-01&page%5Bsize%5D=10000&page%5Bnumber%5D=1&sort=auction_date",fetched,2026-09-30T10:44:13Z
2020-09-10,13:00,2020-09-10T13:00:00-04:00,2020-09-10T17:00:00Z,12:00,NOMINAL,30y,original,False,Bond,29-Year 11-Month,30-Year,Yes,912810SP4,2020-09-15,2050-08-15,23000000000,22993399000,4902284000,3698000000,14393115000,23945568700,945555500,1.4730,2.310000,0.213204,2020-09-03,R_20200910_3.pdf,,"https://api.fiscaldata.treasury.gov/services/api/fiscal_service/v1/accounting/od/auctions_query?filter=security_type:in:(Note,Bond),auction_date:gte:2009-01-01&page%5Bsize%5D=10000&page%5Bnumber%5D=1&sort=auction_date",fetched,2026-09-30T10:44:13Z
2020-09-15,13:00,2020-09-15T13:00:00-04:00,2020-09-15T17:00:00Z,12:00,NOMINAL,20y,original,False,Bond,19-Year 11-Month,20-Year,Yes,912810SQ2,2020-09-30,2040-08-15,22000000000,21993452100,5288860000,3361000000,13343592100,25011919600,3011904700,1.2130,2.390000,0.240474,2020-09-10,R_20200915_3.pdf,,"https://api.fiscaldata.treasury.gov/services/api/fiscal_service/v1/accounting/od/auctions_query?filter=security_type:in:(Note,Bond),auction_date:gte:2009-01-01&page%5Bsize%5D=10000&page%5Bnumber%5D=1&sort=auction_date",fetched,2026-09-30T10:44:13Z
2020-09-17,13:00,2020-09-17T13:00:00-04:00,2020-09-17T17:00:00Z,12:00,TIPS,10y,original,False,Note,9-Year 10-Month,10-Year,Yes,912828ZZ6,2020-09-30,2030-07-15,12000000000,11980266500,1951959000,1802000000,8226307500,13642870400,1642857100,-0.9660,2.650000,0.162931,2020-09-10,R_20200917_3.pdf,,"https://api.fiscaldata.treasury.gov/services/api/fiscal_service/v1/accounting/od/auctions_query?filter=security_type:in:(Note,Bond),auction_date:gte:2009-01-01&page%5Bsize%5D=10000&page%5Bnumber%5D=1&sort=auction_date",fetched,2026-09-30T10:44:13Z
2020-09-22,13:00,2020-09-22T13:00:00-04:00,2020-09-22T17:00:00Z,12:00,NOMINAL,2y,original,False,Note,2-Year,2-Year,No,91282CAN1,2020-09-30,2022-09-30,52000000000,51892313000,17339073000,7294000000,27259240000,59119072300,7119047700,0.1360,2.420000,0.334136,2020-09-17,R_20200922_3.pdf,,"https://api.fiscaldata.treasury.gov/services/api/fiscal_service/v1/accounting/od/auctions_query?filter=security_type:in:(Note,Bond),auction_date:gte:2009-01-01&page%5Bsize%5D=10000&page%5Bnumber%5D=1&sort=auction_date",fetched,2026-09-30T10:44:13Z
2020-09-23,13:00,2020-09-23T13:00:00-04:00,2020-09-23T17:00:00Z,12:00,FRN,2y,original,False,Note,1-Year 10-Month,2-Year,Yes,91282CAA9,2020-09-25,2022-07-31,22000000000,21991860000,16356860000,2060000000,3575000000,22000067700,0,,2.880000,0.743769,2020-09-17,R_20200923_4.pdf,NOMINAL-5y@13:00,"https://api.fiscaldata.treasury.gov/services/api/fiscal_service/v1/accounting/od/auctions_query?filter=security_type:in:(Note,Bond),auction_date:gte:2009-01-01&page%5Bsize%5D=10000&page%5Bnumber%5D=1&sort=auction_date",fetched,2026-09-30T10:44:13Z
2020-09-23,13:00,2020-09-23T13:00:00-04:00,2020-09-23T17:00:00Z,12:00,NOMINAL,5y,original,False,Note,5-Year,5-Year,No,91282CAM3,2020-09-30,2025-09-30,53000000000,52978600000,10954195000,9214000000,32810405000,60256032200,7255952400,0.2750,2.520000,0.206766,2020-09-17,R_20200923_3.pdf,FRN-2y@13:00,"https://api.fiscaldata.treasury.gov/services/api/fiscal_service/v1/accounting/od/auctions_query?filter=security_type:in:(Note,Bond),auction_date:gte:2009-01-01&page%5Bsize%5D=10000&page%5Bnumber%5D=1&sort=auction_date",fetched,2026-09-30T10:44:13Z
2020-09-24,13:00,2020-09-24T13:00:00-04:00,2020-09-24T17:00:00Z,12:00,NOMINAL,7y,original,False,Note,7-Year,7-Year,No,91282CAL5,2020-09-30,2027-09-30,50000000000,49997050000,10251610000,8324235000,31421205000,56845294300,6845238100,0.4620,2.420000,0.205044,2020-09-17,R_20200924_3.pdf,,"https://api.fiscaldata.treasury.gov/services/api/fiscal_service/v1/accounting/od/auctions_query?filter=security_type:in:(Note,Bond),auction_date:gte:2009-01-01&page%5Bsize%5D=10000&page%5Bnumber%5D=1&sort=auction_date",fetched,2026-09-30T10:44:13Z
2020-10-06,13:00,2020-10-06T13:00:00-04:00,2020-10-06T17:00:00Z,12:00,NOMINAL,3y,original,False,Note,3-Year,3-Year,No,91282CAP6,2020-10-15,2023-10-15,52000000000,51976275000,16483670000,6565000000,28927605000,53454724700,1454581900,0.1930,2.440000,0.317138,2020-10-01,R_20201006_4.pdf,,"https://api.fiscaldata.treasury.gov/services/api/fiscal_service/v1/accounting/od/auctions_query?filter=security_type:in:(Note,Bond),auction_date:gte:2009-01-01&page%5Bsize%5D=10000&page%5Bnumber%5D=1&sort=auction_date",fetched,2026-09-30T10:44:13Z
2020-10-07,13:00,2020-10-07T13:00:00-04:00,2020-10-07T17:00:00Z,12:00,NOMINAL,10y,original,False,Note,9-Year 10-Month,10-Year,Yes,91282CAE1,2020-10-15,2030-08-15,35000000000,34989282000,8023200000,4966000000,22000082000,35979108800,979045400,0.7650,2.470000,0.229305,2020-10-01,R_20201007_3.pdf,,"https://api.fiscaldata.treasury.gov/services/api/fiscal_service/v1/accounting/od/auctions_query?filter=security_type:in:(Note,Bond),auction_date:gte:2009-01-01&page%5Bsize%5D=10000&page%5Bnumber%5D=1&sort=auction_date",fetched,2026-09-30T10:44:13Z
2020-10-08,13:00,2020-10-08T13:00:00-04:00,2020-10-08T17:00:00Z,12:00,NOMINAL,30y,original,False,Bond,29-Year 10-Month,30-Year,Yes,912810SP4,2020-10-15,2050-08-15,23000000000,22996151800,5291921000,3443400000,14260830800,23643373500,643372700,1.5780,2.290000,0.230122,2020-10-01,R_20201008_3.pdf,,"https://api.fiscaldata.treasury.gov/services/api/fiscal_service/v1/accounting/od/auctions_query?filter=security_type:in:(Note,Bond),auction_date:gte:2009-01-01&page%5Bsize%5D=10000&page%5Bnumber%5D=1&sort=auction_date",fetched,2026-09-30T10:44:13Z
2020-10-21,13:00,2020-10-21T13:00:00-04:00,2020-10-21T17:00:00Z,12:00,NOMINAL,20y,original,False,Bond,19-Year 10-Month,20-Year,Yes,912810SQ2,2020-11-02,2040-08-15,22000000000,21998494500,4720145000,3431000000,13847349500,24334075500,2334060400,1.3700,2.430000,0.214567,2020-10-15,R_20201021_3.pdf,,"https://api.fiscaldata.treasury.gov/services/api/fiscal_service/v1/accounting/od/auctions_query?filter=security_type:in:(Note,Bond),auction_date:gte:2009-01-01&page%5Bsize%5D=10000&page%5Bnumber%5D=1&sort=auction_date",fetched,2026-09-30T10:44:13Z
2020-10-22,13:00,2020-10-22T13:00:00-04:00,2020-10-22T17:00:00Z,12:00,TIPS,5y,original,False,Note,5-Year,5-Year,No,91282CAQ4,2020-10-30,2025-10-15,17000000000,16953138000,2836000000,3479000000,10638138000,17000006500,0,-1.3200,2.660000,0.167285,2020-10-15,R_20201022_3.pdf,,"https://api.fiscaldata.treasury.gov/services/api/fiscal_service/v1/accounting/od/auctions_query?filter=security_type:in:(Note,Bond),auction_date:gte:2009-01-01&page%5Bsize%5D=10000&page%5Bnumber%5D=1&sort=auction_date",fetched,2026-09-30T10:44:13Z
2020-10-27,13:00,2020-10-27T13:00:00-04:00,2020-10-27T17:00:00Z,12:00,NOMINAL,2y,original,False,Note,2-Year,2-Year,No,91282CAR2,2020-11-02,2022-10-31,54000000000,53854052700,17244627700,8399000000,28210425000,59729134900,5729057500,0.1510,2.410000,0.320210,2020-10-22,R_20201027_3.pdf,,"https://api.fiscaldata.treasury.gov/services/api/fiscal_service/v1/accounting/od/auctions_query?filter=security_type:in:(Note,Bond),auction_date:gte:2009-01-01&page%5Bsize%5D=10000&page%5Bnumber%5D=1&sort=auction_date",fetched,2026-09-30T10:44:13Z
2020-10-28,13:00,2020-10-28T13:00:00-04:00,2020-10-28T17:00:00Z,12:00,FRN,2y,original,False,Note,2-Year,2-Year,No,91282CAS0,2020-11-02,2022-10-31,26000000000,25958520000,10920655000,75000000,14962865000,28758513200,2758435100,,3.220000,0.420696,2020-10-22,R_20201028_4.pdf,NOMINAL-5y@13:00,"https://api.fiscaldata.treasury.gov/services/api/fiscal_service/v1/accounting/od/auctions_query?filter=security_type:in:(Note,Bond),auction_date:gte:2009-01-01&page%5Bsize%5D=10000&page%5Bnumber%5D=1&sort=auction_date",fetched,2026-09-30T10:44:13Z
2020-10-28,13:00,2020-10-28T13:00:00-04:00,2020-10-28T17:00:00Z,12:00,NOMINAL,5y,original,False,Note,5-Year,5-Year,No,91282CAT8,2020-11-02,2025-10-31,55000000000,54974867500,13242905000,7680000000,34051962500,60835176100,5835151000,0.3300,2.380000,0.240890,2020-10-22,R_20201028_3.pdf,FRN-2y@13:00,"https://api.fiscaldata.treasury.gov/services/api/fiscal_service/v1/accounting/od/auctions_query?filter=security_type:in:(Note,Bond),auction_date:gte:2009-01-01&page%5Bsize%5D=10000&page%5Bnumber%5D=1&sort=auction_date",fetched,2026-09-30T10:44:13Z
2020-10-29,13:00,2020-10-29T13:00:00-04:00,2020-10-29T17:00:00Z,12:00,NOMINAL,7y,original,False,Note,7-Year,7-Year,No,91282CAU5,2020-11-02,2027-10-31,53000000000,52997237000,13180245000,7557859000,32259133000,58622976800,5622963700,0.6000,2.240000,0.248697,2020-10-22,R_20201029_3.pdf,,"https://api.fiscaldata.treasury.gov/services/api/fiscal_service/v1/accounting/od/auctions_query?filter=security_type:in:(Note,Bond),auction_date:gte:2009-01-01&page%5Bsize%5D=10000&page%5Bnumber%5D=1&sort=auction_date",fetched,2026-09-30T10:44:13Z
2020-11-09,13:00,2020-11-09T13:00:00-05:00,2020-11-09T18:00:00Z,12:00,NOMINAL,3y,original,False,Note,3-Year,3-Year,No,91282CAW1,2020-11-16,2023-11-15,54000000000,53864522000,25222794000,7693937000,20947791000,68806998700,14806881600,0.2500,2.400000,0.468264,2020-11-04,R_20201109_5.pdf,,"https://api.fiscaldata.treasury.gov/services/api/fiscal_service/v1/accounting/od/auctions_query?filter=security_type:in:(Note,Bond),auction_date:gte:2009-01-01&page%5Bsize%5D=10000&page%5Bnumber%5D=1&sort=auction_date",fetched,2026-09-30T10:44:13Z
2020-11-10,13:00,2020-11-10T13:00:00-05:00,2020-11-10T18:00:00Z,12:00,NOMINAL,10y,original,False,Note,10-Year,10-Year,No,91282CAV3,2020-11-16,2030-11-15,41000000000,40974468400,13123082500,5380205500,22471180400,52242273200,11242261900,0.9600,2.320000,0.320275,2020-11-04,R_20201110_1.pdf,,"https://api.fiscaldata.treasury.gov/services/api/fiscal_service/v1/accounting/od/auctions_query?filter=security_type:in:(Note,Bond),auction_date:gte:2009-01-01&page%5Bsize%5D=10000&page%5Bnumber%5D=1&sort=auction_date",fetched,2026-09-30T10:44:13Z
2020-11-12,13:00,2020-11-12T13:00:00-05:00,2020-11-12T18:00:00Z,12:00,NOMINAL,30y,original,False,Bond,30-Year,30-Year,No,912810SS8,2020-11-16,2050-11-15,27000000000,26986999000,5817878000,4463300000,16705821000,34403465600,7403440700,1.6800,2.290000,0.215581,2020-11-04,R_20201112_5.pdf,,"https://api.fiscaldata.treasury.gov/services/api/fiscal_service/v1/accounting/od/auctions_query?filter=security_type:in:(Note,Bond),auction_date:gte:2009-01-01&page%5Bsize%5D=10000&page%5Bnumber%5D=1&sort=auction_date",fetched,2026-09-30T10:44:13Z
2020-11-18,13:00,2020-11-18T13:00:00-05:00,2020-11-18T18:00:00Z,12:00,NOMINAL,20y,original,False,Bond,20-Year,20-Year,No,912810ST6,2020-11-30,2040-11-15,27000000000,26998970900,6341402000,4129000000,16528568900,30745714300,3745702100,1.4220,2.270000,0.234876,2020-11-12,R_20201118_3.pdf,,"https://api.fiscaldata.treasury.gov/services/api/fiscal_service/v1/accounting/od/auctions_query?filter=security_type:in:(Note,Bond),auction_date:gte:2009-01-01&page%5Bsize%5D=10000&page%5Bnumber%5D=1&sort=auction_date",fetched,2026-09-30T10:44:13Z
2020-11-19,13:00,2020-11-19T13:00:00-05:00,2020-11-19T18:00:00Z,12:00,TIPS,10y,original,False,Note,9-Year 8-Month,10-Year,Yes,912828ZZ6,2020-11-30,2030-07-15,12000000000,11989498400,1695000000,1982100000,8312398400,13664774800,1664756500,-0.8670,2.710000,0.141374,2020-11-12,R_20201119_3.pdf,,"https://api.fiscaldata.treasury.gov/services/api/fiscal_service/v1/accounting/od/auctions_query?filter=security_type:in:(Note,Bond),auction_date:gte:2009-01-01&page%5Bsize%5D=10000&page%5Bnumber%5D=1&sort=auction_date",fetched,2026-09-30T10:44:13Z
2020-11-23,11:30,2020-11-23T11:30:00-05:00,2020-11-23T16:30:00Z,11:00,NOMINAL,2y,original,False,Note,2-Year,2-Year,No,91282CAX9,2020-11-30,2022-11-30,56000000000,55876965500,21373712500,8772000000,25731253000,63769185500,7768863900,0.1650,2.710000,0.382514,2020-11-19,R_20201123_1.pdf,NOMINAL-5y@13:00,"https://api.fiscaldata.treasury.gov/services/api/fiscal_service/v1/accounting/od/auctions_query?filter=security_type:in:(Note,Bond),auction_date:gte:2009-01-01&page%5Bsize%5D=10000&page%5Bnumber%5D=1&sort=auction_date",fetched,2026-09-30T10:44:13Z
2020-11-23,13:00,2020-11-23T13:00:00-05:00,2020-11-23T18:00:00Z,12:00,NOMINAL,5y,original,False,Note,5-Year,5-Year,No,91282CAZ4,2020-11-30,2025-11-30,57000000000,56986339000,16647300000,8163076500,32175962500,64907623700,7907593600,0.3970,2.380000,0.292128,2020-11-19,R_20201123_3.pdf,NOMINAL-2y@11:30,"https://api.fiscaldata.treasury.gov/services/api/fiscal_service/v1/accounting/od/auctions_query?filter=security_type:in:(Note,Bond),auction_date:gte:2009-01-01&page%5Bsize%5D=10000&page%5Bnumber%5D=1&sort=auction_date",fetched,2026-09-30T10:44:13Z
2020-11-24,13:00,2020-11-24T13:00:00-05:00,2020-11-24T18:00:00Z,12:00,FRN,2y,original,False,Note,1-Year 11-Month,2-Year,Yes,91282CAS0,2020-11-27,2022-10-31,24000000000,23985750000,11291750000,1300000000,11394000000,24000088500,0,,2.900000,0.470769,2020-11-19,R_20201124_4.pdf,NOMINAL-7y@13:00,"https://api.fiscaldata.treasury.gov/services/api/fiscal_service/v1/accounting/od/auctions_query?filter=security_type:in:(Note,Bond),auction_date:gte:2009-01-01&page%5Bsize%5D=10000&page%5Bnumber%5D=1&sort=auction_date",fetched,2026-09-30T10:44:13Z
2020-11-24,13:00,2020-11-24T13:00:00-05:00,2020-11-24T18:00:00Z,12:00,NOMINAL,7y,original,False,Note,7-Year,7-Year,No,91282CAY7,2020-11-30,2027-11-30,56000000000,55996950000,10907025000,8465700000,36624225000,63768886200,7768863800,0.6530,2.370000,0.194779,2020-11-19,R_20201124_3.pdf,FRN-2y@13:00,"https://api.fiscaldata.treasury.gov/services/api/fiscal_service/v1/accounting/od/auctions_query?filter=security_type:in:(Note,Bond),auction_date:gte:2009-01-01&page%5Bsize%5D=10000&page%5Bnumber%5D=1&sort=auction_date",fetched,2026-09-30T10:44:13Z
2020-12-08,13:00,2020-12-08T13:00:00-05:00,2020-12-08T18:00:00Z,12:00,NOMINAL,3y,original,False,Note,3-Year,3-Year,No,91282CBA8,2020-12-15,2023-12-15,56000000000,55948886000,19513281000,8878000000,27557605000,58385320100,2385220400,0.2110,2.280000,0.348770,2020-12-03,R_20201208_3.pdf,,"https://api.fiscaldata.treasury.gov/services/api/fiscal_service/v1/accounting/od/auctions_query?filter=security_type:in:(Note,Bond),auction_date:gte:2009-01-01&page%5Bsize%5D=10000&page%5Bnumber%5D=1&sort=auction_date",fetched,2026-09-30T10:44:13Z
2020-12-09,13:00,2020-12-09T13:00:00-05:00,2020-12-09T18:00:00Z,12:00,NOMINAL,10y,original,False,Note,9-Year 11-Month,10-Year,Yes,91282CAV3,2020-12-15,2030-11-15,38000000000,37994217000,8734669000,5587000000,23672548000,39618559500,1618542400,0.9510,2.330000,0.229895,2020-12-03,R_20201209_3.pdf,,"https://api.fiscaldata.treasury.gov/services/api/fiscal_service/v1/accounting/od/auctions_query?filter=security_type:in:(Note,Bond),auction_date:gte:2009-01-01&page%5Bsize%5D=10000&page%5Bnumber%5D=1&sort=auction_date",fetched,2026-09-30T10:44:13Z
2020-12-10,13:00,2020-12-10T13:00:00-05:00,2020-12-10T18:00:00Z,12:00,NOMINAL,30y,original,False,Bond,29-Year 11-Month,30-Year,Yes,912810SS8,2020-12-15,2050-11-15,24000000000,23997277300,4166000000,4024034400,15807242900,25022244200,1022237200,1.6650,2.480000,0.173603,2020-12-03,R_20201210_3.pdf,,"https://api.fiscaldata.treasury.gov/services/api/fiscal_service/v1/accounting/od/auctions_query?filter=security_type:in:(Note,Bond),auction_date:gte:2009-01-01&page%5Bsize%5D=10000&page%5Bnumber%5D=1&sort=auction_date",fetched,2026-09-30T10:44:13Z
2020-12-21,13:00,2020-12-21T13:00:00-05:00,2020-12-21T18:00:00Z,12:00,NOMINAL,20y,original,False,Bond,19-Year 11-Month,20-Year,Yes,912810ST6,2020-12-31,2040-11-15,24000000000,23999443700,6247706000,4248000000,13503737700,27651539800,3651460500,1.4700,2.390000,0.260327,2020-12-17,R_20201221_3.pdf,,"https://api.fiscaldata.treasury.gov/services/api/fiscal_service/v1/accounting/od/auctions_query?filter=security_type:in:(Note,Bond),auction_date:gte:2009-01-01&page%5Bsize%5D=10000&page%5Bnumber%5D=1&sort=auction_date",fetched,2026-09-30T10:44:13Z
2020-12-22,13:00,2020-12-22T13:00:00-05:00,2020-12-22T18:00:00Z,12:00,TIPS,5y,original,False,Note,4-Year 10-Month,5-Year,Yes,91282CAQ4,2020-12-31,2025-10-15,15000000000,14981191200,4062000000,1301279700,9617911500,17282300500,2282162700,-1.5750,2.860000,0.271140,2020-12-17,R_20201222_3.pdf,,"https://api.fiscaldata.treasury.gov/services/api/fiscal_service/v1/accounting/od/auctions_query?filter=security_type:in:(Note,Bond),auction_date:gte:2009-01-01&page%5Bsize%5D=10000&page%5Bnumber%5D=1&sort=auction_date",fetched,2026-09-30T10:44:13Z
2020-12-23,13:00,2020-12-23T13:00:00-05:00,2020-12-23T18:00:00Z,12:00,FRN,2y,original,False,Note,1-Year 10-Month,2-Year,Yes,91282CAS0,2020-12-28,2022-10-31,24000000000,23984219000,11775214000,484165000,11724840000,24000105200,0,,2.830000,0.490957,2020-12-17,R_20201223_3.pdf,,"https://api.fiscaldata.treasury.gov/services/api/fiscal_service/v1/accounting/od/auctions_query?filter=security_type:in:(Note,Bond),auction_date:gte:2009-01-01&page%5Bsize%5D=10000&page%5Bnumber%5D=1&sort=auction_date",fetched,2026-09-30T10:44:13Z
2020-12-28,11:30,2020-12-28T11:30:00-05:00,2020-12-28T16:30:00Z,11:00,NOMINAL,2y,original,False,Note,2-Year,2-Year,No,91282CBD2,2020-12-31,2022-12-31,58000000000,57875597500,19261632500,10130000000,28483965000,66824414100,8824362800,0.1370,2.450000,0.332811,2020-12-24,R_20201228_2.pdf,NOMINAL-5y@13:00,"https://api.fiscaldata.treasury.gov/services/api/fiscal_service/v1/accounting/od/auctions_query?filter=security_type:in:(Note,Bond),auction_date:gte:2009-01-01&page%5Bsize%5D=10000&page%5Bnumber%5D=1&sort=auction_date",fetched,2026-09-30T10:44:13Z
2020-12-28,13:00,2020-12-28T13:00:00-05:00,2020-12-28T18:00:00Z,12:00,NOMINAL,5y,original,False,Note,5-Year,5-Year,No,91282CBC4,2020-12-31,2025-12-31,59000000000,58980979600,14699600000,10596000000,33685379600,67976554900,8976507000,0.3940,2.390000,0.249226,2020-12-24,R_20201228_4.pdf,NOMINAL-2y@11:30,"https://api.fiscaldata.treasury.gov/services/api/fiscal_service/v1/accounting/od/auctions_query?filter=security_type:in:(Note,Bond),auction_date:gte:2009-01-01&page%5Bsize%5D=10000&page%5Bnumber%5D=1&sort=auction_date",fetched,2026-09-30T10:44:13Z
2020-12-29,13:00,2020-12-29T13:00:00-05:00,2020-12-29T18:00:00Z,12:00,NOMINAL,7y,original,False,Note,7-Year,7-Year,No,91282CBB6,2020-12-31,2027-12-31,59000000000,58994289400,13384682000,10017451400,35592156000,67976515100,8976507000,0.6620,2.310000,0.226881,2020-12-24,R_20201229_4.pdf,,"https://api.fiscaldata.treasury.gov/services/api/fiscal_service/v1/accounting/od/auctions_query?filter=security_type:in:(Note,Bond),auction_date:gte:2009-01-01&page%5Bsize%5D=10000&page%5Bnumber%5D=1&sort=auction_date",fetched,2026-09-30T10:44:13Z
2021-01-11,13:00,2021-01-11T13:00:00-05:00,2021-01-11T18:00:00Z,12:00,NOMINAL,3y,original,False,Note,3-Year,3-Year,No,91282CBE0,2021-01-15,2024-01-15,58000000000,57876000000,19230710000,8434060000,30211230000,63830661800,5830507000,0.2340,2.520000,0.332274,2021-01-07,R_20210111_3.pdf,,"https://api.fiscaldata.treasury.gov/services/api/fiscal_service/v1/accounting/od/auctions_query?filter=security_type:in:(Note,Bond),auction_date:gte:2009-01-01&page%5Bsize%5D=10000&page%5Bnumber%5D=1&sort=auction_date",fetched,2026-09-30T10:44:13Z
2021-01-12,13:00,2021-01-12T13:00:00-05:00,2021-01-12T18:00:00Z,12:00,NOMINAL,10y,original,False,Note,9-Year 10-Month,10-Year,Yes,91282CAV3,2021-01-15,2030-11-15,38000000000,37991685000,7593650000,6749600000,23648435000,41819991000,3819987200,1.1640,2.470000,0.199877,2021-01-07,R_20210112_3.pdf,,"https://api.fiscaldata.treasury.gov/services/api/fiscal_service/v1/accounting/od/auctions_query?filter=security_type:in:(Note,Bond),auction_date:gte:2009-01-01&page%5Bsize%5D=10000&page%5Bnumber%5D=1&sort=auction_date",fetched,2026-09-30T10:44:13Z
2021-01-13,13:00,2021-01-13T13:00:00-05:00,2021-01-13T18:00:00Z,12:00,NOMINAL,30y,original,False,Bond,29-Year 10-Month,30-Year,Yes,912810SS8,2021-01-15,2050-11-15,24000000000,23996512600,3396744500,4128017500,16471750600,26412625300,2412623500,1.8250,2.470000,0.141552,2021-01-07,R_20210113_3.pdf,,"https://api.fiscaldata.treasury.gov/services/api/fiscal_service/v1/accounting/od/auctions_query?filter=security_type:in:(Note,Bond),auction_date:gte:2009-01-01&page%5Bsize%5D=10000&page%5Bnumber%5D=1&sort=auction_date",fetched,2026-09-30T10:44:13Z
2021-01-20,13:00,2021-01-20T13:00:00-05:00,2021-01-20T18:00:00Z,12:00,NOMINAL,20y,original,False,Bond,19-Year 10-Month,20-Year,Yes,912810ST6,2021-02-01,2040-11-15,24000000000,23997476000,6178816000,3482530000,14336130000,27243816900,3243793500,1.6570,2.280000,0.257478,2021-01-14,R_20210120_3.pdf,,"https://api.fiscaldata.treasury.gov/services/api/fiscal_service/v1/accounting/od/auctions_query?filter=security_type:in:(Note,Bond),auction_date:gte:2009-01-01&page%5Bsize%5D=10000&page%5Bnumber%5D=1&sort=auction_date",fetched,2026-09-30T10:44:13Z
2021-01-21,13:00,2021-01-21T13:00:00-05:00,2021-01-21T18:00:00Z,12:00,TIPS,10y,original,False,Note,10-Year,10-Year,No,91282CBF7,2021-01-29,2031-01-15,15000000000,14954043300,2642540000,2923000000,9388503300,15000041500,0,-0.9870,2.680000,0.176711,2021-01-14,R_20210121_3.pdf,,"https://api.fiscaldata.treasury.gov/services/api/fiscal_service/v1/accounting/od/auctions_query?filter=security_type:in:(Note,Bond),auction_date:gte:2009-01-01&page%5Bsize%5D=10000&page%5Bnumber%5D=1&sort=auction_date",fetched,2026-09-30T10:44:13Z
2021-01-25,13:00,2021-01-25T13:00:00-05:00,2021-01-25T18:00:00Z,12:00,NOMINAL,2y,original,False,Note,2-Year,2-Year,No,91282CBG5,2021-02-01,2023-01-31,60000000000,59789059000,16582176000,9356000000,33850883000,68109489600,8109483900,0.1250,2.670000,0.277345,2021-01-21,R_20210125_3.pdf,,"https://api.fiscaldata.treasury.gov/services/api/fiscal_service/v1/accounting/od/auctions_query?filter=security_type:in:(Note,Bond),auction_date:gte:2009-01-01&page%5Bsize%5D=10000&page%5Bnumber%5D=1&sort=auction_date",fetched,2026-09-30T10:44:13Z
2021-01-26,13:00,2021-01-26T13:00:00-05:00,2021-01-26T18:00:00Z,12:00,NOMINAL,5y,original,False,Note,5-Year,5-Year,No,91282CBH3,2021-02-01,2026-01-31,61000000000,60970515000,15460420000,8625000000,36885095000,69244750400,8244642000,0.4240,2.340000,0.253572,2021-01-21,R_20210126_3.pdf,,"https://api.fiscaldata.treasury.gov/services/api/fiscal_service/v1/accounting/od/auctions_query?filter=security_type:in:(Note,Bond),auction_date:gte:2009-01-01&page%5Bsize%5D=10000&page%5Bnumber%5D=1&sort=auction_date",fetched,2026-09-30T10:44:13Z
2021-01-27,13:00,2021-01-27T13:00:00-05:00,2021-01-27T18:00:00Z,12:00,FRN,2y,original,False,Note,2-Year,2-Year,No,91282CBK6,2021-02-01,2023-01-31,28000000000,27974737500,13096210000,300000000,14578527500,31784496000,3784425800,,2.820000,0.468144,2021-01-21,R_20210127_3.pdf,,"https://api.fiscaldata.treasury.gov/services/api/fiscal_service/v1/accounting/od/auctions_query?filter=security_type:in:(Note,Bond),auction_date:gte:2009-01-01&page%5Bsize%5D=10000&page%5Bnumber%5D=1&sort=auction_date",fetched,2026-09-30T10:44:13Z
2021-01-28,13:00,2021-01-28T13:00:00-05:00,2021-01-28T18:00:00Z,12:00,NOMINAL,7y,original,False,Note,7-Year,7-Year,No,91282CBJ9,2021-02-01,2028-01-31,62000000000,61994272000,12161487500,10094325000,39738459500,70379843400,8379799900,0.7540,2.300000,0.196171,2021-01-21,R_20210128_3.pdf,,"https://api.fiscaldata.treasury.gov/services/api/fiscal_service/v1/accounting/od/auctions_query?filter=security_type:in:(Note,Bond),auction_date:gte:2009-01-01&page%5Bsize%5D=10000&page%5Bnumber%5D=1&sort=auction_date",fetched,2026-09-30T10:44:13Z
2021-02-09,13:00,2021-02-09T13:00:00-05:00,2021-02-09T18:00:00Z,12:00,NOMINAL,3y,original,False,Note,3-Year,3-Year,No,91282CBM2,2021-02-16,2024-02-15,58000000000,57857920000,18059920000,9286000000,30512000000,79041210600,21041170200,0.1960,2.390000,0.312143,2021-02-03,R_20210209_3.pdf,,"https://api.fiscaldata.treasury.gov/services/api/fiscal_service/v1/accounting/od/auctions_query?filter=security_type:in:(Note,Bond),auction_date:gte:2009-01-01&page%5Bsize%5D=10000&page%5Bnumber%5D=1&sort=auction_date",fetched,2026-09-30T10:44:13Z
2021-02-10,13:00,2021-02-10T13:00:00-05:00,2021-02-10T18:00:00Z,12:00,NOMINAL,10y,original,False,Note,10-Year,10-Year,No,91282CBL4,2021-02-16,2031-02-15,41000000000,40976823200,8387105000,7753035000,24836683200,55873973800,14873930700,1.1550,2.370000,0.204679,2021-02-03,R_20210210_3.pdf,,"https://api.fiscaldata.treasury.gov/services/api/fiscal_service/v1/accounting/od/auctions_query?filter=security_type:in:(Note,Bond),auction_date:gte:2009-01-01&page%5Bsize%5D=10000&page%5Bnumber%5D=1&sort=auction_date",fetched,2026-09-30T10:44:13Z
2021-02-11,13:00,2021-02-11T13:00:00-05:00,2021-02-11T18:00:00Z,12:00,NOMINAL,30y,original,False,Bond,30-Year,30-Year,No,912810SU3,2021-02-16,2051-02-15,27000000000,26989315200,5992955200,4679620000,16316740000,36795047400,9795027400,1.9330,2.180000,0.222049,2021-02-03,R_20210211_3.pdf,,"https://api.fiscaldata.treasury.gov/services/api/fiscal_service/v1/accounting/od/auctions_query?filter=security_type:in:(Note,Bond),auction_date:gte:2009-01-01&page%5Bsize%5D=10000&page%5Bnumber%5D=1&sort=auction_date",fetched,2026-09-30T10:44:13Z
2021-02-17,13:00,2021-02-17T13:00:00-05:00,2021-02-17T18:00:00Z,12:00,NOMINAL,20y,original,False,Bond,20-Year,20-Year,No,912810SW9,2021-03-01,2041-02-15,27000000000,26996535500,7851713000,4323538000,14821284500,32849044800,5849038000,1.9200,2.150000,0.290842,2021-02-11,R_20210217_1.pdf,,"https://api.fiscaldata.treasury.gov/services/api/fiscal_service/v1/accounting/od/auctions_query?filter=security_type:in:(Note,Bond),auction_date:gte:2009-01-01&page%5Bsize%5D=10000&page%5Bnumber%5D=1&sort=auction_date",fetched,2026-09-30T10:44:13Z
2021-02-18,13:00,2021-02-18T13:00:00-05:00,2021-02-18T18:00:00Z,12:00,TIPS,30y,original,False,Bond,30-Year,30-Year,No,912810SV1,2021-02-26,2051-02-15,9000000000,8976926000,1545315000,1314000000,6117611000,9000019900,0,-0.0400,2.310000,0.172143,2021-02-11,R_20210218_3.pdf,,"https://api.fiscaldata.treasury.gov/services/api/fiscal_service/v1/accounting/od/auctions_query?filter=security_type:in:(Note,Bond),auction_date:gte:2009-01-01&page%5Bsize%5D=10000&page%5Bnumber%5D=1&sort=auction_date",fetched,2026-09-30T10:44:13Z
2021-02-23,13:00,2021-02-23T13:00:00-05:00,2021-02-23T18:00:00Z,12:00,NOMINAL,2y,original,False,Note,2-Year,2-Year,No,91282CBN0,2021-03-01,2023-02-28,60000000000,59682313300,18313622500,7168925000,34199765800,72997992300,12997862400,0.1190,2.440000,0.306852,2021-02-18,R_20210223_3.pdf,,"https://api.fiscaldata.treasury.gov/services/api/fiscal_service/v1/accounting/od/auctions_query?filter=security_type:in:(Note,Bond),auction_date:gte:2009-01-01&page%5Bsize%5D=10000&page%5Bnumber%5D=1&sort=auction_date",fetched,2026-09-30T10:44:13Z
2021-02-24,11:30,2021-02-24T11:30:00-05:00,2021-02-24T16:30:00Z,11:00,FRN,2y,original,False,Note,1-Year 11-Month,2-Year,Yes,91282CBK6,2021-02-26,2023-01-31,26000000000,25987360000,10201752000,275000000,15510608000,26000444500,0,,2.880000,0.392566,2021-02-18,R_20210224_2.pdf,NOMINAL-5y@13:00,"https://api.fiscaldata.treasury.gov/services/api/fiscal_service/v1/accounting/od/auctions_query?filter=security_type:in:(Note,Bond),auction_date:gte:2009-01-01&page%5Bsize%5D=10000&page%5Bnumber%5D=1&sort=auction_date",fetched,2026-09-30T10:44:13Z
2021-02-24,13:00,2021-02-24T13:00:00-05:00,2021-02-24T18:00:00Z,12:00,NOMINAL,5y,original,False,Note,5-Year,5-Year,No,91282CBQ3,2021-03-01,2026-02-28,61000000000,60974980000,17417705000,8770000000,34787275000,74214501500,13214493400,0.6210,2.240000,0.285653,2021-02-18,R_20210224_3.pdf,FRN-2y@11:30,"https://api.fiscaldata.treasury.gov/services/api/fiscal_service/v1/accounting/od/auctions_query?filter=security_type:in:(Note,Bond),auction_date:gte:2009-01-01&page%5Bsize%5D=10000&page%5Bnumber%5D=1&sort=auction_date",fetched,2026-09-30T10:44:13Z
2021-02-25,13:00,2021-02-25T13:00:00-05:00,2021-02-25T18:00:00Z,12:00,NOMINAL,7y,original,False,Note,7-Year,7-Year,No,91282CBP5,2021-03-01,2028-02-29,62000000000,61989770000,24678990000,13717900000,23592880000,75431149700,13431124300,1.1950,2.040000,0.398114,2021-02-18,R_20210225_3.pdf,,"https://api.fiscaldata.treasury.gov/services/api/fiscal_service/v1/accounting/od/auctions_query?filter=security_type:in:(Note,Bond),auction_date:gte:2009-01-01&page%5Bsize%5D=10000&page%5Bnumber%5D=1&sort=auction_date",fetched,2026-09-30T10:44:13Z
2021-03-09,13:00,2021-03-09T13:00:00-05:00,2021-03-09T18:00:00Z,12:00,NOMINAL,3y,original,False,Note,3-Year,3-Year,No,91282CBR1,2021-03-15,2024-03-15,58000000000,57869787000,19669837500,10561000000,27638949500,61595110800,3594550000,0.3550,2.690000,0.339898,2021-03-04,R_20210309_2.pdf,,"https://api.fiscaldata.treasury.gov/services/api/fiscal_service/v1/accounting/od/auctions_query?filter=security_type:in:(Note,Bond),auction_date:gte:2009-01-01&page%5Bsize%5D=10000&page%5Bnumber%5D=1&sort=auction_date",fetched,2026-09-30T10:44:13Z
2021-03-10,13:00,2021-03-10T13:00:00-05:00,2021-03-10T18:00:00Z,12:00,NOMINAL,10y,original,False,Note,9-Year 11-Month,10-Year,Yes,91282CBL4,2021-03-15,2031-02-15,38000000000,37966272200,9649528500,6748585000,21568158700,40355061500,2355050000,1.5230,2.380000,0.254161,2021-03-04,R_20210310_2.pdf,,"https://api.fiscaldata.treasury.gov/services/api/fiscal_service/v1/accounting/od/auctions_query?filter=security_type:in:(Note,Bond),auction_date:gte:2009-01-01&page%5Bsize%5D=10000&page%5Bnumber%5D=1&sort=auction_date",fetched,2026-09-30T10:44:13Z
2021-03-11,13:00,2021-03-11T13:00:00-05:00,2021-03-11T18:00:00Z,12:00,NOMINAL,30y,original,False,Bond,29-Year 11-Month,30-Year,Yes,912810SU3,2021-03-15,2051-02-15,24000000000,23994280000,4609756000,4855700000,14528824000,25487401400,1487400000,2.2950,2.280000,0.192119,2021-03-04,R_20210311_3.pdf,,"https://api.fiscaldata.treasury.gov/services/api/fiscal_service/v1/accounting/od/auctions_query?filter=security_type:in:(Note,Bond),auction_date:gte:2009-01-01&page%5Bsize%5D=10000&page%5Bnumber%5D=1&sort=auction_date",fetched,2026-09-30T10:44:13Z
2021-03-16,13:00,2021-03-16T13:00:00-04:00,2021-03-16T17:00:00Z,12:00,NOMINAL,20y,original,False,Bond,19-Year 11-Month,20-Year,Yes,912810SW9,2021-03-31,2041-02-15,24000000000,23997803700,5174537500,4087000000,14736266200,28309707400,4309706800,2.2900,2.510000,0.215625,2021-03-11,R_20210316_2.pdf,,"https://api.fiscaldata.treasury.gov/services/api/fiscal_service/v1/accounting/od/auctions_query?filter=security_type:in:(Note,Bond),auction_date:gte:2009-01-01&page%5Bsize%5D=10000&page%5Bnumber%5D=1&sort=auction_date",fetched,2026-09-30T10:44:13Z
2021-03-18,13:00,2021-03-18T13:00:00-04:00,2021-03-18T17:00:00Z,12:00,TIPS,10y,original,False,Note,9-Year 10-Month,10-Year,Yes,91282CBF7,2021-03-31,2031-01-15,13000000000,12980608000,1396077000,1976000000,9608531000,15334433800,2334424500,-0.5800,2.420000,0.107551,2021-03-11,R_20210318_3.pdf,,"https://api.fiscaldata.treasury.gov/services/api/fiscal_service/v1/accounting/od/auctions_query?filter=security_type:in:(Note,Bond),auction_date:gte:2009-01-01&page%5Bsize%5D=10000&page%5Bnumber%5D=1&sort=auction_date",fetched,2026-09-30T10:44:13Z
2021-03-23,13:00,2021-03-23T13:00:00-04:00,2021-03-23T17:00:00Z,12:00,NOMINAL,2y,original,False,Note,2-Year,2-Year,No,91282CBU4,2021-03-31,2023-03-31,60000000000,59795900800,18972725000,10511205800,30311970000,70774350800,10774267300,0.1520,2.540000,0.317291,2021-03-18,R_20210323_3.pdf,,"https://api.fiscaldata.treasury.gov/services/api/fiscal_service/v1/accounting/od/auctions_query?filter=security_type:in:(Note,Bond),auction_date:gte:2009-01-01&page%5Bsize%5D=10000&page%5Bnumber%5D=1&sort=auction_date",fetched,2026-09-30T10:44:13Z
2021-03-24,11:30,2021-03-24T11:30:00-04:00,2021-03-24T15:30:00Z,11:00,FRN,2y,original,False,Note,1-Year 10-Month,2-Year,Yes,91282CBK6,2021-03-26,2023-01-31,26000000000,25985087500,8332612500,500000000,17152475000,26000046400,0,,3.250000,0.320669,2021-03-18,R_20210324_1.pdf,NOMINAL-5y@13:00,"https://api.fiscaldata.treasury.gov/services/api/fiscal_service/v1/accounting/od/auctions_query?filter=security_type:in:(Note,Bond),auction_date:gte:2009-01-01&page%5Bsize%5D=10000&page%5Bnumber%5D=1&sort=auction_date",fetched,2026-09-30T10:44:13Z
2021-03-24,13:00,2021-03-24T13:00:00-04:00,2021-03-24T17:00:00Z,12:00,NOMINAL,5y,original,False,Note,5-Year,5-Year,No,91282CBT7,2021-03-31,2026-03-31,61000000000,60945407500,15422997500,10127000000,35395410000,71953839200,10953838400,0.8500,2.360000,0.253063,2021-03-18,R_20210324_3.pdf,FRN-2y@11:30,"https://api.fiscaldata.treasury.gov/services/api/fiscal_service/v1/accounting/od/auctions_query?filter=security_type:in:(Note,Bond),auction_date:gte:2009-01-01&page%5Bsize%5D=10000&page%5Bnumber%5D=1&sort=auction_date",fetched,2026-09-30T10:44:13Z
2021-03-25,13:00,2021-03-25T13:00:00-04:00,2021-03-25T17:00:00Z,12:00,NOMINAL,7y,original,False,Note,7-Year,7-Year,No,91282CBS9,2021-03-31,2028-03-31,62000000000,61938581000,15316240000,11150900000,35471441000,73133436200,11133409500,1.3000,2.230000,0.247281,2021-03-18,R_20210325_3.pdf,,"https://api.fiscaldata.treasury.gov/services/api/fiscal_service/v1/accounting/od/auctions_query?filter=security_type:in:(Note,Bond),auction_date:gte:2009-01-01&page%5Bsize%5D=10000&page%5Bnumber%5D=1&sort=auction_date",fetched,2026-09-30T10:44:13Z
2021-04-12,11:30,2021-04-12T11:30:00-04:00,2021-04-12T15:30:00Z,11:00,NOMINAL,3y,original,False,Note,3-Year,3-Year,No,91282CBV2,2021-04-15,2024-04-15,58000000000,57742558400,19131710000,9105044000,29505804400,66904057600,8903972600,0.3760,2.320000,0.331328,2021-04-08,R_20210412_1.pdf,NOMINAL-10y@13:00,"https://api.fiscaldata.treasury.gov/services/api/fiscal_service/v1/accounting/od/auctions_query?filter=security_type:in:(Note,Bond),auction_date:gte:2009-01-01&page%5Bsize%5D=10000&page%5Bnumber%5D=1&sort=auction_date",fetched,2026-09-30T10:44:13Z
2021-04-12,13:00,2021-04-12T13:00:00-04:00,2021-04-12T17:00:00Z,12:00,NOMINAL,10y,original,False,Note,9-Year 10-Month,10-Year,Yes,91282CBL4,2021-04-15,2031-02-15,38000000000,37986519600,9185753000,6160000000,22640766600,43833656700,5833637100,1.6800,2.360000,0.241816,2021-04-08,R_20210412_4.pdf,NOMINAL-3y@11:30,"https://api.fiscaldata.treasury.gov/services/api/fiscal_service/v1/accounting/od/auctions_query?filter=security_type:in:(Note,Bond),auction_date:gte:2009-01-01&page%5Bsize%5D=10000&page%5Bnumber%5D=1&sort=auction_date",fetched,2026-09-30T10:44:13Z
2021-04-13,13:00,2021-04-13T13:00:00-04:00,2021-04-13T17:00:00Z,12:00,NOMINAL,30y,original,False,Bond,29-Year 10-Month,30-Year,Yes,912810SU3,2021-04-15,2051-02-15,24000000000,23993018000,4101400000,5265970000,14625648000,27684435400,3684402400,2.3200,2.470000,0.170941,2021-04-08,R_20210413_2.pdf,,"https://api.fiscaldata.treasury.gov/services/api/fiscal_service/v1/accounting/od/auctions_query?filter=security_type:in:(Note,Bond),auction_date:gte:2009-01-01&page%5Bsize%5D=10000&page%5Bnumber%5D=1&sort=auction_date",fetched,2026-09-30T10:44:13Z
2021-04-21,13:00,2021-04-21T13:00:00-04:00,2021-04-21T17:00:00Z,12:00,NOMINAL,20y,original,False,Bond,19-Year 10-Month,20-Year,Yes,912810SW9,2021-04-30,2041-02-15,24000000000,23995619000,5060548000,4843000000,14092071000,28583344600,4583339800,2.1440,2.420000,0.210895,2021-04-15,R_20210421_2.pdf,,"https://api.fiscaldata.treasury.gov/services/api/fiscal_service/v1/accounting/od/auctions_query?filter=security_type:in:(Note,Bond),auction_date:gte:2009-01-01&page%5Bsize%5D=10000&page%5Bnumber%5D=1&sort=auction_date",fetched,2026-09-30T10:44:13Z
2021-04-22,13:00,2021-04-22T13:00:00-04:00,2021-04-22T17:00:00Z,12:00,TIPS,5y,original,False,Note,5-Year,5-Year,No,91282CCA7,2021-04-30,2026-04-15,18000000000,17911104000,2346305000,3214000000,12350799000,21437543400,3437504900,-1.6310,2.500000,0.130997,2021-04-15,R_20210422_3.pdf,,"https://api.fiscaldata.treasury.gov/services/api/fiscal_service/v1/accounting/od/auctions_query?filter=security_type:in:(Note,Bond),auction_date:gte:2009-01-01&page%5Bsize%5D=10000&page%5Bnumber%5D=1&sort=auction_date",fetched,2026-09-30T10:44:13Z
2021-04-26,11:30,2021-04-26T11:30:00-04:00,2021-04-26T15:30:00Z,11:00,NOMINAL,2y,original,False,Note,2-Year,2-Year,No,91282CBX8,2021-04-30,2023-04-30,60000000000,59711305000,22649525000,11049000000,26012780000,71458424100,11458349800,0.1750,2.340000,0.379317,2021-04-22,R_20210426_2.pdf,NOMINAL-5y@13:00,"https://api.fiscaldata.treasury.gov/services/api/fiscal_service/v1/accounting/od/auctions_query?filter=security_type:in:(Note,Bond),auction_date:gte:2009-01-01&page%5Bsize%5D=10000&page%5Bnumber%5D=1&sort=auction_date",fetched,2026-09-30T10:44:13Z
2021-04-26,13:00,2021-04-26T13:00:00-04:00,2021-04-26T17:00:00Z,12:00,NOMINAL,5y,original,False,Note,5-Year,5-Year,No,91282CBW0,2021-04-30,2026-04-30,61000000000,60852802000,14948070000,10653010000,35251722000,72649342300,11649322200,0.8490,2.310000,0.245643,2021-04-22,R_20210426_4.pdf,NOMINAL-2y@11:30,"https://api.fiscaldata.treasury.gov/services/api/fiscal_service/v1/accounting/od/auctions_query?filter=security_type:in:(Note,Bond),auction_date:gte:2009-01-01&page%5Bsize%5D=10000&page%5Bnumber%5D=1&sort=auction_date",fetched,2026-09-30T10:44:13Z
2021-04-27,11:30,2021-04-27T11:30:00-04:00,2021-04-27T15:30:00Z,11:00,FRN,2y,original,False,Note,2-Year,2-Year,No,91282CBY6,2021-04-30,2023-04-30,28000000000,27969820000,10278880000,1000000000,16690940000,33347241700,5347229900,,2.910000,0.367499,2021-04-22,R_20210427_1.pdf,NOMINAL-7y@13:00,"https://api.fiscaldata.treasury.gov/services/api/fiscal_service/v1/accounting/od/auctions_query?filter=security_type:in:(Note,Bond),auction_date:gte:2009-01-01&page%5Bsize%5D=10000&page%5Bnumber%5D=1&sort=auction_date",fetched,2026-09-30T10:44:13Z
2021-04-27,13:00,2021-04-27T13:00:00-04:00,2021-04-27T17:00:00Z,12:00,NOMINAL,7y,original,False,Note,7-Year,7-Year,No,91282CBZ3,2021-04-30,2028-04-30,62000000000,61976072000,13838775000,12765200000,35372097000,73840305800,11840294700,1.3060,2.310000,0.223292,2021-04-22,R_20210427_3.pdf,FRN-2y@11:30,"https://api.fiscaldata.treasury.gov/services/api/fiscal_service/v1/accounting/od/auctions_query?filter=security_type:in:(Note,Bond),auction_date:gte:2009-01-01&page%5Bsize%5D=10000&page%5Bnumber%5D=1&sort=auction_date",fetched,2026-09-30T10:44:13Z
2021-05-11,13:00,2021-05-11T13:00:00-04:00,2021-05-11T17:00:00Z,12:00,NOMINAL,3y,original,False,Note,3-Year,3-Year,No,91282CCC3,2021-05-17,2024-05-15,58000000000,57851534000,18665234000,10478000000,28708300000,88769313900,30769279500,0.3290,2.420000,0.322640,2021-05-05,R_20210511_2.pdf,,"https://api.fiscaldata.treasury.gov/services/api/fiscal_service/v1/accounting/od/auctions_query?filter=security_type:in:(Note,Bond),auction_date:gte:2009-01-01&page%5Bsize%5D=10000&page%5Bnumber%5D=1&sort=auction_date",fetched,2026-09-30T10:44:13Z
2021-05-12,13:00,2021-05-12T13:00:00-04:00,2021-05-12T17:00:00Z,12:00,NOMINAL,10y,original,False,Note,10-Year,10-Year,No,91282CCB5,2021-05-17,2031-05-15,41000000000,40960994000,7984229000,7015000000,25961765000,62750698000,21750697500,1.6840,2.450000,0.194923,2021-05-05,R_20210512_2.pdf,,"https://api.fiscaldata.treasury.gov/services/api/fiscal_service/v1/accounting/od/auctions_query?filter=security_type:in:(Note,Bond),auction_date:gte:2009-01-01&page%5Bsize%5D=10000&page%5Bnumber%5D=1&sort=auction_date",fetched,2026-09-30T10:44:13Z
2021-05-13,13:00,2021-05-13T13:00:00-04:00,2021-05-13T17:00:00Z,12:00,NOMINAL,30y,original,False,Bond,30-Year,30-Year,No,912810SX7,2021-05-17,2051-05-15,27000000000,26989331700,5411506700,5415300000,16162525000,41323641800,14323630000,2.3950,2.220000,0.200505,2021-05-05,R_20210513_3.pdf,,"https://api.fiscaldata.treasury.gov/services/api/fiscal_service/v1/accounting/od/auctions_query?filter=security_type:in:(Note,Bond),auction_date:gte:2009-01-01&page%5Bsize%5D=10000&page%5Bnumber%5D=1&sort=auction_date",fetched,2026-09-30T10:44:13Z
2021-05-19,13:00,2021-05-19T13:00:00-04:00,2021-05-19T17:00:00Z,12:00,NOMINAL,20y,original,False,Bond,20-Year,20-Year,No,912810SY5,2021-06-01,2041-05-15,27000000000,26994852500,6411342500,5267900000,15315610000,32240706100,5240703700,2.2860,2.240000,0.237502,2021-05-13,R_20210519_2.pdf,,"https://api.fiscaldata.treasury.gov/services/api/fiscal_service/v1/accounting/od/auctions_query?filter=security_type:in:(Note,Bond),auction_date:gte:2009-01-01&page%5Bsize%5D=10000&page%5Bnumber%5D=1&sort=auction_date",fetched,2026-09-30T10:44:13Z
2021-05-20,13:00,2021-05-20T13:00:00-04:00,2021-05-20T17:00:00Z,12:00,TIPS,10y,original,False,Note,9-Year 8-Month,10-Year,Yes,91282CBF7,2021-05-28,2031-01-15,13000000000,12983118000,2018358000,2059000000,8905760000,13000023000,0,-0.8050,2.500000,0.155460,2021-05-13,R_20210520_3.pdf,,"https://api.fiscaldata.treasury.gov/services/api/fiscal_service/v1/accounting/od/auctions_query?filter=security_type:in:(Note,Bond),auction_date:gte:2009-01-01&page%5Bsize%5D=10000&page%5Bnumber%5D=1&sort=auction_date",fetched,2026-09-30T10:44:13Z
2021-05-25,13:00,2021-05-25T13:00:00-04:00,2021-05-25T17:00:00Z,12:00,NOMINAL,2y,original,False,Note,2-Year,2-Year,No,91282CCD1,2021-06-01,2023-05-31,60000000000,59794745000,14896020000,10780000000,34118725000,71646038200,11646008300,0.1520,2.740000,0.249119,2021-05-20,R_20210525_2.pdf,,"https://api.fiscaldata.treasury.gov/services/api/fiscal_service/v1/accounting/od/auctions_query?filter=security_type:in:(Note,Bond),auction_date:gte:2009-01-01&page%5Bsize%5D=10000&page%5Bnumber%5D=1&sort=auction_date",fetched,2026-09-30T10:44:13Z
2021-05-26,11:30,2021-05-26T11:30:00-04:00,2021-05-26T15:30:00Z,11:00,FRN,2y,original,False,Note,1-Year 11-Month,2-Year,Yes,91282CBY6,2021-05-28,2023-04-30,26000000000,25974237500,10260750000,329050000,15384437500,26000143500,0,,3.030000,0.395036,2021-05-20,R_20210526_2.pdf,NOMINAL-5y@13:00,"https://api.fiscaldata.treasury.gov/services/api/fiscal_service/v1/accounting/od/auctions_query?filter=security_type:in:(Note,Bond),auction_date:gte:2009-01-01&page%5Bsize%5D=10000&page%5Bnumber%5D=1&sort=auction_date",fetched,2026-09-30T10:44:13Z
2021-05-26,13:00,2021-05-26T13:00:00-04:00,2021-05-26T17:00:00Z,12:00,NOMINAL,5y,original,False,Note,5-Year,5-Year,No,91282CCF6,2021-06-01,2026-05-31,61000000000,60861800400,12648000000,9048000000,39165800400,72840141200,11840108300,0.7880,2.490000,0.207815,2021-05-20,R_20210526_3.pdf,FRN-2y@11:30,"https://api.fiscaldata.treasury.gov/services/api/fiscal_service/v1/accounting/od/auctions_query?filter=security_type:in:(Note,Bond),auction_date:gte:2009-01-01&page%5Bsize%5D=10000&page%5Bnumber%5D=1&sort=auction_date",fetched,2026-09-30T10:44:13Z
2021-05-27,13:00,2021-05-27T13:00:00-04:00,2021-05-27T17:00:00Z,12:00,NOMINAL,7y,original,False,Note,7-Year,7-Year,No,91282CCE9,2021-06-01,2028-05-31,62000000000,61978474500,12228762500,12828300000,36921412000,74034259400,12034208500,1.2850,2.410000,0.197307,2021-05-20,R_20210527_3.pdf,,"https://api.fiscaldata.treasury.gov/services/api/fiscal_service/v1/accounting/od/auctions_query?filter=security_type:in:(Note,Bond),auction_date:gte:2009-01-01&page%5Bsize%5D=10000&page%5Bnumber%5D=1&sort=auction_date",fetched,2026-09-30T10:44:13Z
2021-06-08,13:00,2021-06-08T13:00:00-04:00,2021-06-08T17:00:00Z,12:00,NOMINAL,3y,original,False,Note,3-Year,3-Year,No,91282CCG4,2021-06-15,2024-06-15,58000000000,57961361600,15968925000,10594000000,31398436600,63332231400,5332133400,0.3250,2.470000,0.275510,2021-06-03,R_20210608_2.pdf,,"https://api.fiscaldata.treasury.gov/services/api/fiscal_service/v1/accounting/od/auctions_query?filter=security_type:in:(Note,Bond),auction_date:gte:2009-01-01&page%5Bsize%5D=10000&page%5Bnumber%5D=1&sort=auction_date",fetched,2026-09-30T10:44:13Z
2021-06-09,13:00,2021-06-09T13:00:00-04:00,2021-06-09T17:00:00Z,12:00,NOMINAL,10y,original,False,Note,9-Year 11-Month,10-Year,Yes,91282CCB5,2021-06-15,2031-05-15,38000000000,37989945700,5973472500,7306000000,24710473200,41493489400,3493466600,1.4970,2.580000,0.157238,2021-06-03,R_20210609_2.pdf,,"https://api.fiscaldata.treasury.gov/services/api/fiscal_service/v1/accounting/od/auctions_query?filter=security_type:in:(Note,Bond),auction_date:gte:2009-01-01&page%5Bsize%5D=10000&page%5Bnumber%5D=1&sort=auction_date",fetched,2026-09-30T10:44:13Z
2021-06-10,13:00,2021-06-10T13:00:00-04:00,2021-06-10T17:00:00Z,12:00,NOMINAL,30y,original,False,Bond,29-Year 11-Month,30-Year,Yes,912810SX7,2021-06-15,2051-05-15,24000000000,23996814500,4313726500,4316700000,15366388000,26206402700,2206400000,2.1720,2.290000,0.179762,2021-06-03,R_20210610_3.pdf,,"https://api.fiscaldata.treasury.gov/services/api/fiscal_service/v1/accounting/od/auctions_query?filter=security_type:in:(Note,Bond),auction_date:gte:2009-01-01&page%5Bsize%5D=10000&page%5Bnumber%5D=1&sort=auction_date",fetched,2026-09-30T10:44:13Z
2021-06-15,13:00,2021-06-15T13:00:00-04:00,2021-06-15T17:00:00Z,12:00,NOMINAL,20y,original,False,Bond,19-Year 11-Month,20-Year,Yes,912810SY5,2021-06-30,2041-05-15,24000000000,23996113900,4206447500,4896380500,14893285900,27643030700,3643001200,2.1200,2.400000,0.175297,2021-06-10,R_20210615_3.pdf,,"https://api.fiscaldata.treasury.gov/services/api/fiscal_service/v1/accounting/od/auctions_query?filter=security_type:in:(Note,Bond),auction_date:gte:2009-01-01&page%5Bsize%5D=10000&page%5Bnumber%5D=1&sort=auction_date",fetched,2026-09-30T10:44:13Z
2021-06-17,13:00,2021-06-17T13:00:00-04:00,2021-06-17T17:00:00Z,12:00,TIPS,5y,original,False,Note,4-Year 10-Month,5-Year,Yes,91282CCA7,2021-06-30,2026-04-15,16000000000,15963858500,757032500,1266889000,13939937000,18428822600,2428667400,-1.4160,2.670000,0.047422,2021-06-10,R_20210617_3.pdf,,"https://api.fiscaldata.treasury.gov/services/api/fiscal_service/v1/accounting/od/auctions_query?filter=security_type:in:(Note,Bond),auction_date:gte:2009-01-01&page%5Bsize%5D=10000&page%5Bnumber%5D=1&sort=auction_date",fetched,2026-09-30T10:44:13Z
2021-06-22,13:00,2021-06-22T13:00:00-04:00,2021-06-22T17:00:00Z,12:00,NOMINAL,2y,original,False,Note,2-Year,2-Year,No,91282CCK5,2021-06-30,2023-06-30,60000000000,59890423500,18495300000,11070000000,30325123500,69107625300,9107503100,0.2490,2.540000,0.308819,2021-06-17,R_20210622_2.pdf,,"https://api.fiscaldata.treasury.gov/services/api/fiscal_service/v1/accounting/od/auctions_query?filter=security_type:in:(Note,Bond),auction_date:gte:2009-01-01&page%5Bsize%5D=10000&page%5Bnumber%5D=1&sort=auction_date",fetched,2026-09-30T10:44:13Z
2021-06-23,11:30,2021-06-23T11:30:00-04:00,2021-06-23T15:30:00Z,11:00,FRN,2y,original,False,Note,1-Year 10-Month,2-Year,Yes,91282CBY6,2021-06-25,2023-04-30,26000000000,25988842100,8269895000,487550000,17231397100,26000348200,0,,3.230000,0.318209,2021-06-17,R_20210623_2.pdf,NOMINAL-5y@13:00,"https://api.fiscaldata.treasury.gov/services/api/fiscal_service/v1/accounting/od/auctions_query?filter=security_type:in:(Note,Bond),auction_date:gte:2009-01-01&page%5Bsize%5D=10000&page%5Bnumber%5D=1&sort=auction_date",fetched,2026-09-30T10:44:13Z
2021-06-23,13:00,2021-06-23T13:00:00-04:00,2021-06-23T17:00:00Z,12:00,NOMINAL,5y,original,False,Note,5-Year,5-Year,No,91282CCJ8,2021-06-30,2026-06-30,61000000000,60967054400,14807700000,11028000000,35131354400,70259297300,9259294800,0.9040,2.360000,0.242880,2021-06-17,R_20210623_3.pdf,FRN-2y@11:30,"https://api.fiscaldata.treasury.gov/services/api/fiscal_service/v1/accounting/od/auctions_query?filter=security_type:in:(Note,Bond),auction_date:gte:2009-01-01&page%5Bsize%5D=10000&page%5Bnumber%5D=1&sort=auction_date",fetched,2026-09-30T10:44:13Z
2021-06-24,13:00,2021-06-24T13:00:00-04:00,2021-06-24T17:00:00Z,12:00,NOMINAL,7y,original,False,Note,7-Year,7-Year,No,91282CCH2,2021-06-30,2028-06-30,62000000000,61982078000,11584815000,13225800000,37171463000,71411089100,9411086500,1.2640,2.360000,0.186906,2021-06-17,R_20210624_3.pdf,,"https://api.fiscaldata.treasury.gov/services/api/fiscal_service/v1/accounting/od/auctions_query?filter=security_type:in:(Note,Bond),auction_date:gte:2009-01-01&page%5Bsize%5D=10000&page%5Bnumber%5D=1&sort=auction_date",fetched,2026-09-30T10:44:13Z
2021-07-12,11:30,2021-07-12T11:30:00-04:00,2021-07-12T15:30:00Z,11:00,NOMINAL,3y,original,False,Note,3-Year,3-Year,No,91282CCL3,2021-07-15,2024-07-15,58000000000,57962031000,16549666000,10596000000,30816365000,67548183300,9548051900,0.4260,2.410000,0.285526,2021-07-08,R_20210712_1.pdf,NOMINAL-10y@13:00,"https://api.fiscaldata.treasury.gov/services/api/fiscal_service/v1/accounting/od/auctions_query?filter=security_type:in:(Note,Bond),auction_date:gte:2009-01-01&page%5Bsize%5D=10000&page%5Bnumber%5D=1&sort=auction_date",fetched,2026-09-30T10:44:13Z
2021-07-12,13:00,2021-07-12T13:00:00-04:00,2021-07-12T17:00:00Z,12:00,NOMINAL,10y,original,False,Note,9-Year 10-Month,10-Year,Yes,91282CCB5,2021-07-15,2031-05-15,38000000000,37990493300,7233000000,6641000000,24116493300,44255708800,6255620100,1.3710,2.390000,0.190390,2021-07-08,R_20210712_4.pdf,NOMINAL-3y@11:30,"https://api.fiscaldata.treasury.gov/services/api/fiscal_service/v1/accounting/od/auctions_query?filter=security_type:in:(Note,Bond),auction_date:gte:2009-01-01&page%5Bsize%5D=10000&page%5Bnumber%5D=1&sort=auction_date",fetched,2026-09-30T10:44:13Z
2021-07-13,13:00,2021-07-13T13:00:00-04:00,2021-07-13T17:00:00Z,12:00,NOMINAL,30y,original,False,Bond,29-Year 10-Month,30-Year,Yes,912810SX7,2021-07-15,2051-05-15,24000000000,23998547300,5347580800,3989841500,14661125000,27950950000,3950918000,2.0000,2.190000,0.222829,2021-07-08,R_20210713_3.pdf,,"https://api.fiscaldata.treasury.gov/services/api/fiscal_service/v1/accounting/od/auctions_query?filter=security_type:in:(Note,Bond),auction_date:gte:2009-01-01&page%5Bsize%5D=10000&page%5Bnumber%5D=1&sort=auction_date",fetched,2026-09-30T10:44:13Z
2021-07-21,13:00,2021-07-21T13:00:00-04:00,2021-07-21T17:00:00Z,12:00,NOMINAL,20y,original,False,Bond,19-Year 10-Month,20-Year,Yes,912810SY5,2021-08-02,2041-05-15,24000000000,23998663600,5017129600,4545000000,14436534000,26298329200,2298311400,1.8900,2.330000,0.209059,2021-07-15,R_20210721_2.pdf,,"https://api.fiscaldata.treasury.gov/services/api/fiscal_service/v1/accounting/od/auctions_query?filter=security_type:in:(Note,Bond),auction_date:gte:2009-01-01&page%5Bsize%5D=10000&page%5Bnumber%5D=1&sort=auction_date",fetched,2026-09-30T10:44:13Z
2021-07-22,13:00,2021-07-22T13:00:00-04:00,2021-07-22T17:00:00Z,12:00,TIPS,10y,original,False,Note,10-Year,10-Year,No,91282CCM1,2021-07-30,2031-07-15,16000000000,15970325400,2285620000,2483292000,11201413400,16000086600,0,-1.0160,2.500000,0.143117,2021-07-15,R_20210722_3.pdf,,"https://api.fiscaldata.treasury.gov/services/api/fiscal_service/v1/accounting/od/auctions_query?filter=security_type:in:(Note,Bond),auction_date:gte:2009-01-01&page%5Bsize%5D=10000&page%5Bnumber%5D=1&sort=auction_date",fetched,2026-09-30T10:44:13Z
2021-07-26,13:00,2021-07-26T13:00:00-04:00,2021-07-26T17:00:00Z,12:00,NOMINAL,2y,original,False,Note,2-Year,2-Year,No,91282CCN9,2021-08-02,2023-07-31,60000000000,59682552500,15506882500,12688000000,31487670000,65745819700,5745778700,0.2130,2.470000,0.259823,2021-07-22,R_20210726_3.pdf,,"https://api.fiscaldata.treasury.gov/services/api/fiscal_service/v1/accounting/od/auctions_query?filter=security_type:in:(Note,Bond),auction_date:gte:2009-01-01&page%5Bsize%5D=10000&page%5Bnumber%5D=1&sort=auction_date",fetched,2026-09-30T10:44:13Z
2021-07-27,13:00,2021-07-27T13:00:00-04:00,2021-07-27T17:00:00Z,12:00,NOMINAL,5y,original,False,Note,5-Year,5-Year,No,91282CCP4,2021-08-02,2026-07-31,61000000000,60929303000,14731250000,10814345000,35383708000,66841604300,5841541700,0.7100,2.360000,0.241776,2021-07-22,R_20210727_2.pdf,,"https://api.fiscaldata.treasury.gov/services/api/fiscal_service/v1/accounting/od/auctions_query?filter=security_type:in:(Note,Bond),auction_date:gte:2009-01-01&page%5Bsize%5D=10000&page%5Bnumber%5D=1&sort=auction_date",fetched,2026-09-30T10:44:13Z
2021-07-28,11:30,2021-07-28T11:30:00-04:00,2021-07-28T15:30:00Z,11:00,FRN,2y,original,False,Note,2-Year,2-Year,No,91282CCQ2,2021-08-02,2023-07-31,28000000000,27979650000,7568415000,300000000,20111235000,30681581600,2681363400,,3.040000,0.270497,2021-07-22,R_20210728_2.pdf,,"https://api.fiscaldata.treasury.gov/services/api/fiscal_service/v1/accounting/od/auctions_query?filter=security_type:in:(Note,Bond),auction_date:gte:2009-01-01&page%5Bsize%5D=10000&page%5Bnumber%5D=1&sort=auction_date",fetched,2026-09-30T10:44:13Z
2021-07-29,13:00,2021-07-29T13:00:00-04:00,2021-07-29T17:00:00Z,12:00,NOMINAL,7y,original,False,Note,7-Year,7-Year,No,91282CCR0,2021-08-02,2028-07-31,62000000000,61991100400,13751280400,12056900000,36182920000,67937363800,5937304700,1.0500,2.230000,0.221827,2021-07-22,R_20210729_3.pdf,,"https://api.fiscaldata.treasury.gov/services/api/fiscal_service/v1/accounting/od/auctions_query?filter=security_type:in:(Note,Bond),auction_date:gte:2009-01-01&page%5Bsize%5D=10000&page%5Bnumber%5D=1&sort=auction_date",fetched,2026-09-30T10:44:13Z
2021-08-10,13:00,2021-08-10T13:00:00-04:00,2021-08-10T17:00:00Z,12:00,NOMINAL,3y,original,False,Note,3-Year,3-Year,No,91282CCT6,2021-08-16,2024-08-15,58000000000,57952470300,15164810000,10678000000,32109660300,83876214400,25876210500,0.4650,2.540000,0.261677,2021-08-04,R_20210810_3.pdf,,"https://api.fiscaldata.treasury.gov/services/api/fiscal_service/v1/accounting/od/auctions_query?filter=security_type:in:(Note,Bond),auction_date:gte:2009-01-01&page%5Bsize%5D=10000&page%5Bnumber%5D=1&sort=auction_date",fetched,2026-09-30T10:44:13Z
2021-08-11,13:00,2021-08-11T13:00:00-04:00,2021-08-11T17:00:00Z,12:00,NOMINAL,10y,original,False,Note,10-Year,10-Year,No,91282CCS8,2021-08-16,2031-08-15,41000000000,40984628800,3947671400,5377000000,31659957400,59291870300,18291803900,1.3400,2.650000,0.096321,2021-08-04,R_20210811_2.pdf,,"https://api.fiscaldata.treasury.gov/services/api/fiscal_service/v1/accounting/od/auctions_query?filter=security_type:in:(Note,Bond),auction_date:gte:2009-01-01&page%5Bsize%5D=10000&page%5Bnumber%5D=1&sort=auction_date",fetched,2026-09-30T10:44:13Z
2021-08-12,13:00,2021-08-12T13:00:00-04:00,2021-08-12T17:00:00Z,12:00,NOMINAL,30y,original,False,Bond,30-Year,30-Year,No,912810SZ2,2021-08-16,2051-08-15,27000000000,26997292300,4953777300,5668600000,16374915000,39045825200,12045822100,2.0400,2.210000,0.183492,2021-08-04,R_20210812_3.pdf,,"https://api.fiscaldata.treasury.gov/services/api/fiscal_service/v1/accounting/od/auctions_query?filter=security_type:in:(Note,Bond),auction_date:gte:2009-01-01&page%5Bsize%5D=10000&page%5Bnumber%5D=1&sort=auction_date",fetched,2026-09-30T10:44:13Z
2021-08-18,13:00,2021-08-18T13:00:00-04:00,2021-08-18T17:00:00Z,12:00,NOMINAL,20y,original,False,Bond,20-Year,20-Year,No,912810TA6,2021-08-31,2041-08-15,27000000000,26998711800,5135985000,5043357700,16819369100,30392375200,3392326300,1.8500,2.440000,0.190231,2021-08-12,R_20210818_2.pdf,,"https://api.fiscaldata.treasury.gov/services/api/fiscal_service/v1/accounting/od/auctions_query?filter=security_type:in:(Note,Bond),auction_date:gte:2009-01-01&page%5Bsize%5D=10000&page%5Bnumber%5D=1&sort=auction_date",fetched,2026-09-30T10:44:13Z
2021-08-19,13:00,2021-08-19T13:00:00-04:00,2021-08-19T17:00:00Z,12:00,TIPS,30y,original,False,Bond,29-Year 6-Month,30-Year,Yes,912810SV1,2021-08-31,2051-02-15,8000000000,7994305500,1017000000,990000000,5987305500,9005135100,1005133700,-0.2920,2.340000,0.127216,2021-08-12,R_20210819_3.pdf,,"https://api.fiscaldata.treasury.gov/services/api/fiscal_service/v1/accounting/od/auctions_query?filter=security_type:in:(Note,Bond),auction_date:gte:2009-01-01&page%5Bsize%5D=10000&page%5Bnumber%5D=1&sort=auction_date",fetched,2026-09-30T10:44:13Z
2021-08-24,13:00,2021-08-24T13:00:00-04:00,2021-08-24T17:00:00Z,12:00,NOMINAL,2y,original,False,Note,2-Year,2-Year,No,91282CCU3,2021-08-31,2023-08-31,60000000000,59912499300,10950597500,12690000000,36271901800,67538628300,7538503000,0.2420,2.650000,0.182777,2021-08-19,R_20210824_2.pdf,,"https://api.fiscaldata.treasury.gov/services/api/fiscal_service/v1/accounting/od/auctions_query?filter=security_type:in:(Note,Bond),auction_date:gte:2009-01-01&page%5Bsize%5D=10000&page%5Bnumber%5D=1&sort=auction_date",fetched,2026-09-30T10:44:13Z
2021-08-25,11:30,2021-08-25T11:30:00-04:00,2021-08-25T15:30:00Z,11:00,FRN,2y,original,False,Note,1-Year 11-Month,2-Year,Yes,91282CCQ2,2021-08-27,2023-07-31,26000000000,25986947200,7695000000,350000000,17941947200,26000630600,0,,3.170000,0.296110,2021-08-19,R_20210825_2.pdf,NOMINAL-5y@13:00,"https://api.fiscaldata.treasury.gov/services/api/fiscal_service/v1/accounting/od/auctions_query?filter=security_type:in:(Note,Bond),auction_date:gte:2009-01-01&page%5Bsize%5D=10000&page%5Bnumber%5D=1&sort=auction_date",fetched,2026-09-30T10:44:13Z
2021-08-25,13:00,2021-08-25T13:00:00-04:00,2021-08-25T17:00:00Z,12:00,NOMINAL,5y,original,False,Note,5-Year,5-Year,No,91282CCW9,2021-08-31,2026-08-31,61000000000,60962612600,12049902500,10691000000,38221710100,68664203000,7664144700,0.8310,2.350000,0.197661,2021-08-19,R_20210825_3.pdf,FRN-2y@11:30,"https://api.fiscaldata.treasury.gov/services/api/fiscal_service/v1/accounting/od/auctions_query?filter=security_type:in:(Note,Bond),auction_date:gte:2009-01-01&page%5Bsize%5D=10000&page%5Bnumber%5D=1&sort=auction_date",fetched,2026-09-30T10:44:13Z
2021-08-26,13:00,2021-08-26T13:00:00-04:00,2021-08-26T17:00:00Z,12:00,NOMINAL,7y,original,False,Note,7-Year,7-Year,No,91282CCV1,2021-08-31,2028-08-31,62000000000,61985937500,12444302500,11688800000,37852835000,69789802900,7789786300,1.1550,2.340000,0.200760,2021-08-19,R_20210826_3.pdf,,"https://api.fiscaldata.treasury.gov/services/api/fiscal_service/v1/accounting/od/auctions_query?filter=security_type:in:(Note,Bond),auction_date:gte:2009-01-01&page%5Bsize%5D=10000&page%5Bnumber%5D=1&sort=auction_date",fetched,2026-09-30T10:44:13Z
2021-09-07,13:00,2021-09-07T13:00:00-04:00,2021-09-07T17:00:00Z,12:00,NOMINAL,3y,original,False,Note,3-Year,3-Year,No,91282CCX7,2021-09-15,2024-09-15,58000000000,57956330000,14121280000,10992000000,32843050000,64176071300,6176033400,0.4470,2.450000,0.243654,2021-09-02,R_20210907_5.pdf,,"https://api.fiscaldata.treasury.gov/services/api/fiscal_service/v1/accounting/od/auctions_query?filter=security_type:in:(Note,Bond),auction_date:gte:2009-01-01&page%5Bsize%5D=10000&page%5Bnumber%5D=1&sort=auction_date",fetched,2026-09-30T10:44:13Z
2021-09-08,13:00,2021-09-08T13:00:00-04:00,2021-09-08T17:00:00Z,12:00,NOMINAL,10y,original,False,Note,9-Year 11-Month,10-Year,Yes,91282CCS8,2021-09-15,2031-08-15,38000000000,37991230000,4682000000,6315000000,26994230000,42046369700,4046366600,1.3380,2.590000,0.123239,2021-09-02,R_20210908_2.pdf,,"https://api.fiscaldata.treasury.gov/services/api/fiscal_service/v1/accounting/od/auctions_query?filter=security_type:in:(Note,Bond),auction_date:gte:2009-01-01&page%5Bsize%5D=10000&page%5Bnumber%5D=1&sort=auction_date",fetched,2026-09-30T10:44:13Z
2021-09-09,13:00,2021-09-09T13:00:00-04:00,2021-09-09T17:00:00Z,12:00,NOMINAL,30y,original,False,Bond,29-Year 11-Month,30-Year,Yes,912810SZ2,2021-09-15,2051-08-15,24000000000,23998388300,3139591000,4139313800,16719483500,26555612000,2555600000,1.9100,2.490000,0.130825,2021-09-02,R_20210909_3.pdf,,"https://api.fiscaldata.treasury.gov/services/api/fiscal_service/v1/accounting/od/auctions_query?filter=security_type:in:(Note,Bond),auction_date:gte:2009-01-01&page%5Bsize%5D=10000&page%5Bnumber%5D=1&sort=auction_date",fetched,2026-09-30T10:44:13Z
2021-09-21,13:00,2021-09-21T13:00:00-04:00,2021-09-21T17:00:00Z,12:00,NOMINAL,20y,original,False,Bond,19-Year 11-Month,20-Year,Yes,912810TA6,2021-09-30,2041-08-15,24000000000,23999023000,4052346000,4534000000,15412677000,26890418900,2890410000,1.7950,2.360000,0.168855,2021-09-16,R_20210921_1.pdf,,"https://api.fiscaldata.treasury.gov/services/api/fiscal_service/v1/accounting/od/auctions_query?filter=security_type:in:(Note,Bond),auction_date:gte:2009-01-01&page%5Bsize%5D=10000&page%5Bnumber%5D=1&sort=auction_date",fetched,2026-09-30T10:44:13Z
2021-09-22,11:30,2021-09-22T11:30:00-04:00,2021-09-22T15:30:00Z,11:00,FRN,2y,original,False,Note,1-Year 10-Month,2-Year,Yes,91282CCQ2,2021-09-24,2023-07-31,26000000000,25982680000,11103485000,0,14879195000,26000034600,0,,2.840000,0.427342,2021-09-16,R_20210922_1.pdf,,"https://api.fiscaldata.treasury.gov/services/api/fiscal_service/v1/accounting/od/auctions_query?filter=security_type:in:(Note,Bond),auction_date:gte:2009-01-01&page%5Bsize%5D=10000&page%5Bnumber%5D=1&sort=auction_date",fetched,2026-09-30T10:44:13Z
2021-09-23,13:00,2021-09-23T13:00:00-04:00,2021-09-23T17:00:00Z,12:00,TIPS,10y,original,False,Note,9-Year 10-Month,10-Year,Yes,91282CCM1,2021-09-30,2031-07-15,14000000000,13986580000,1775000000,2209900000,10001680000,15686082900,1686072500,-0.9390,2.550000,0.126907,2021-09-16,R_20210923_3.pdf,,"https://api.fiscaldata.treasury.gov/services/api/fiscal_service/v1/accounting/od/auctions_query?filter=security_type:in:(Note,Bond),auction_date:gte:2009-01-01&page%5Bsize%5D=10000&page%5Bnumber%5D=1&sort=auction_date",fetched,2026-09-30T10:44:13Z
2021-09-27,11:30,2021-09-27T11:30:00-04:00,2021-09-27T15:30:00Z,11:00,NOMINAL,2y,original,False,Note,2-Year,2-Year,No,91282CDA6,2021-09-30,2023-09-30,60000000000,59906153000,19761960000,12993000000,27151193000,67226031500,7226025100,0.3100,2.280000,0.329882,2021-09-23,R_20210927_2.pdf,NOMINAL-5y@13:00,"https://api.fiscaldata.treasury.gov/services/api/fiscal_service/v1/accounting/od/auctions_query?filter=security_type:in:(Note,Bond),auction_date:gte:2009-01-01&page%5Bsize%5D=10000&page%5Bnumber%5D=1&sort=auction_date",fetched,2026-09-30T10:44:13Z
2021-09-27,13:00,2021-09-27T13:00:00-04:00,2021-09-27T17:00:00Z,12:00,NOMINAL,5y,original,False,Note,5-Year,5-Year,No,91282CCZ2,2021-09-30,2026-09-30,61000000000,60956028000,15529240000,12317000000,33109788000,68346508900,7346458700,0.9900,2.370000,0.254761,2021-09-23,R_20210927_3.pdf,NOMINAL-2y@11:30,"https://api.fiscaldata.treasury.gov/services/api/fiscal_service/v1/accounting/od/auctions_query?filter=security_type:in:(Note,Bond),auction_date:gte:2009-01-01&page%5Bsize%5D=10000&page%5Bnumber%5D=1&sort=auction_date",fetched,2026-09-30T10:44:13Z
2021-09-28,13:00,2021-09-28T13:00:00-04:00,2021-09-28T17:00:00Z,12:00,NOMINAL,7y,original,False,Note,7-Year,7-Year,No,91282CCY5,2021-09-30,2028-09-30,62000000000,61976716000,11770891000,12965900000,37239925000,69466897600,7466892500,1.3320,2.240000,0.189924,2021-09-23,R_20210928_1.pdf,,"https://api.fiscaldata.treasury.gov/services/api/fiscal_service/v1/accounting/od/auctions_query?filter=security_type:in:(Note,Bond),auction_date:gte:2009-01-01&page%5Bsize%5D=10000&page%5Bnumber%5D=1&sort=auction_date",fetched,2026-09-30T10:44:13Z
2021-10-12,11:30,2021-10-12T11:30:00-04:00,2021-10-12T15:30:00Z,11:00,NOMINAL,3y,original,False,Note,3-Year,3-Year,No,91282CDB4,2021-10-15,2024-10-15,58000000000,57751703700,21310005000,10897000000,25544698700,62364041500,4364016700,0.6350,2.360000,0.368994,2021-10-07,R_20211012_2.pdf,NOMINAL-10y@13:00,"https://api.fiscaldata.treasury.gov/services/api/fiscal_service/v1/accounting/od/auctions_query?filter=security_type:in:(Note,Bond),auction_date:gte:2009-01-01&page%5Bsize%5D=10000&page%5Bnumber%5D=1&sort=auction_date",fetched,2026-09-30T10:44:13Z
2021-10-12,13:00,2021-10-12T13:00:00-04:00,2021-10-12T17:00:00Z,12:00,NOMINAL,10y,original,False,Note,9-Year 10-Month,10-Year,Yes,91282CCS8,2021-10-15,2031-08-15,38000000000,37982884300,4256000000,6739000000,26987884300,40859190800,2859183300,1.5840,2.580000,0.112050,2021-10-07,R_20211012_3.pdf,NOMINAL-3y@11:30,"https://api.fiscaldata.treasury.gov/services/api/fiscal_service/v1/accounting/od/auctions_query?filter=security_type:in:(Note,Bond),auction_date:gte:2009-01-01&page%5Bsize%5D=10000&page%5Bnumber%5D=1&sort=auction_date",fetched,2026-09-30T10:44:13Z
2021-10-13,13:00,2021-10-13T13:00:00-04:00,2021-10-13T17:00:00Z,12:00,NOMINAL,30y,original,False,Bond,29-Year 10-Month,30-Year,Yes,912810SZ2,2021-10-15,2051-08-15,24000000000,23996214400,2948000000,4120000000,16928214400,25805823000,1805800000,2.0490,2.360000,0.122853,2021-10-07,R_20211013_2.pdf,,"https://api.fiscaldata.treasury.gov/services/api/fiscal_service/v1/accounting/od/auctions_query?filter=security_type:in:(Note,Bond),auction_date:gte:2009-01-01&page%5Bsize%5D=10000&page%5Bnumber%5D=1&sort=auction_date",fetched,2026-09-30T10:44:13Z
2021-10-20,13:00,2021-10-20T13:00:00-04:00,2021-10-20T17:00:00Z,12:00,NOMINAL,20y,original,False,Bond,19-Year 10-Month,20-Year,Yes,912810TA6,2021-11-01,2041-08-15,24000000000,23993770400,4694380000,3744000000,15555390400,26439990100,2439978000,2.1000,2.250000,0.195650,2021-10-14,R_20211020_3.pdf,,"https://api.fiscaldata.treasury.gov/services/api/fiscal_service/v1/accounting/od/auctions_query?filter=security_type:in:(Note,Bond),auction_date:gte:2009-01-01&page%5Bsize%5D=10000&page%5Bnumber%5D=1&sort=auction_date",fetched,2026-09-30T10:44:13Z
2021-10-21,13:00,2021-10-21T13:00:00-04:00,2021-10-21T17:00:00Z,12:00,TIPS,5y,original,False,Note,5-Year,5-Year,No,91282CDC2,2021-10-29,2026-10-15,19000000000,18942742100,1160000000,2929445100,14853297000,19000103200,0,-1.6850,2.450000,0.061237,2021-10-14,R_20211021_3.pdf,,"https://api.fiscaldata.treasury.gov/services/api/fiscal_service/v1/accounting/od/auctions_query?filter=security_type:in:(Note,Bond),auction_date:gte:2009-01-01&page%5Bsize%5D=10000&page%5Bnumber%5D=1&sort=auction_date",fetched,2026-09-30T10:44:13Z
2021-10-26,13:00,2021-10-26T13:00:00-04:00,2021-10-26T17:00:00Z,12:00,NOMINAL,2y,original,False,Note,2-Year,2-Year,No,91282CDD0,2021-11-01,2023-10-31,60000000000,59802980200,11694000000,13337000000,34771980200,66099945100,6099945100,0.4810,2.690000,0.195542,2021-10-21,R_20211026_2.pdf,,"https://api.fiscaldata.treasury.gov/services/api/fiscal_service/v1/accounting/od/auctions_query?filter=security_type:in:(Note,Bond),auction_date:gte:2009-01-01&page%5Bsize%5D=10000&page%5Bnumber%5D=1&sort=auction_date",fetched,2026-09-30T10:44:13Z
2021-10-27,11:30,2021-10-27T11:30:00-04:00,2021-10-27T15:30:00Z,11:00,FRN,2y,original,False,Note,2-Year,2-Year,No,91282CDE8,2021-11-01,2023-10-31,28000000000,27969875000,9542300000,250000000,18177575000,30846849000,2846641100,,2.990000,0.341163,2021-10-21,R_20211027_2.pdf,NOMINAL-5y@13:00,"https://api.fiscaldata.treasury.gov/services/api/fiscal_service/v1/accounting/od/auctions_query?filter=security_type:in:(Note,Bond),auction_date:gte:2009-01-01&page%5Bsize%5D=10000&page%5Bnumber%5D=1&sort=auction_date",fetched,2026-09-30T10:44:13Z
2021-10-27,13:00,2021-10-27T13:00:00-04:00,2021-10-27T17:00:00Z,12:00,NOMINAL,5y,original,False,Note,5-Year,5-Year,No,91282CDG3,2021-11-01,2026-10-31,61000000000,60856788400,10864080000,10569825600,39422882800,67201668600,6201610800,1.1570,2.550000,0.178519,2021-10-21,R_20211027_3.pdf,FRN-2y@11:30,"https://api.fiscaldata.treasury.gov/services/api/fiscal_service/v1/accounting/od/auctions_query?filter=security_type:in:(Note,Bond),auction_date:gte:2009-01-01&page%5Bsize%5D=10000&page%5Bnumber%5D=1&sort=auction_date",fetched,2026-09-30T10:44:13Z
2021-10-28,13:00,2021-10-28T13:00:00-04:00,2021-10-28T17:00:00Z,12:00,NOMINAL,7y,original,False,Note,7-Year,7-Year,No,91282CDF5,2021-11-01,2028-10-31,62000000000,61980820000,10267740000,12111700000,39601380000,68303284400,6303276500,1.4610,2.250000,0.165660,2021-10-21,R_20211028_3.pdf,,"https://api.fiscaldata.treasury.gov/services/api/fiscal_service/v1/accounting/od/auctions_query?filter=security_type:in:(Note,Bond),auction_date:gte:2009-01-01&page%5Bsize%5D=10000&page%5Bnumber%5D=1&sort=auction_date",fetched,2026-09-30T10:44:13Z
2021-11-08,13:00,2021-11-08T13:00:00-05:00,2021-11-08T18:00:00Z,12:00,NOMINAL,3y,original,False,Note,3-Year,3-Year,No,91282CDH1,2021-11-15,2024-11-15,56000000000,55799030000,13580390000,10068030000,32150610000,88393596100,32393526800,0.7500,2.330000,0.243380,2021-11-03,R_20211108_3.pdf,,"https://api.fiscaldata.treasury.gov/services/api/fiscal_service/v1/accounting/od/auctions_query?filter=security_type:in:(Note,Bond),auction_date:gte:2009-01-01&page%5Bsize%5D=10000&page%5Bnumber%5D=1&sort=auction_date",fetched,2026-09-30T10:44:13Z
2021-11-09,13:00,2021-11-09T13:00:00-05:00,2021-11-09T18:00:00Z,12:00,NOMINAL,10y,original,False,Note,10-Year,10-Year,No,91282CDJ7,2021-11-15,2031-11-15,39000000000,38978888200,5919555000,5381000000,27678333200,61559787100,22559777600,1.4440,2.350000,0.151866,2021-11-03,R_20211109_1.pdf,,"https://api.fiscaldata.treasury.gov/services/api/fiscal_service/v1/accounting/od/auctions_query?filter=security_type:in:(Note,Bond),auction_date:gte:2009-01-01&page%5Bsize%5D=10000&page%5Bnumber%5D=1&sort=auction_date",fetched,2026-09-30T10:44:13Z
2021-11-10,13:00,2021-11-10T13:00:00-05:00,2021-11-10T18:00:00Z,12:00,NOMINAL,30y,original,False,Bond,30-Year,30-Year,No,912810TB4,2021-11-15,2051-11-15,25000000000,24996054000,6305384000,3943890000,14746780000,39461425700,14461395800,1.9400,2.200000,0.252255,2021-11-03,R_20211110_4.pdf,,"https://api.fiscaldata.treasury.gov/services/api/fiscal_service/v1/accounting/od/auctions_query?filter=security_type:in:(Note,Bond),auction_date:gte:2009-01-01&page%5Bsize%5D=10000&page%5Bnumber%5D=1&sort=auction_date",fetched,2026-09-30T10:44:13Z
2021-11-17,13:00,2021-11-17T13:00:00-05:00,2021-11-17T18:00:00Z,12:00,NOMINAL,20y,original,False,Bond,20-Year,20-Year,No,912810TC2,2021-11-30,2041-11-15,23000000000,22997792000,4700360000,4456291600,13841140400,24895749600,1895741600,2.0650,2.340000,0.204383,2021-11-10,R_20211117_3.pdf,,"https://api.fiscaldata.treasury.gov/services/api/fiscal_service/v1/accounting/od/auctions_query?filter=security_type:in:(Note,Bond),auction_date:gte:2009-01-01&page%5Bsize%5D=10000&page%5Bnumber%5D=1&sort=auction_date",fetched,2026-09-30T10:44:13Z
2021-11-18,13:00,2021-11-18T13:00:00-05:00,2021-11-18T18:00:00Z,12:00,TIPS,10y,original,False,Note,9-Year 8-Month,10-Year,Yes,91282CCM1,2021-11-30,2031-07-15,14000000000,13985622100,1426514000,1815000000,10744108100,15153946400,1153929700,-1.1450,2.430000,0.101999,2021-11-10,R_20211118_3.pdf,,"https://api.fiscaldata.treasury.gov/services/api/fiscal_service/v1/accounting/od/auctions_query?filter=security_type:in:(Note,Bond),auction_date:gte:2009-01-01&page%5Bsize%5D=10000&page%5Bnumber%5D=1&sort=auction_date",fetched,2026-09-30T10:44:13Z
2021-11-22,11:30,2021-11-22T11:30:00-05:00,2021-11-22T16:30:00Z,11:00,NOMINAL,2y,original,False,Note,2-Year,2-Year,No,91282CDM0,2021-11-30,2023-11-30,58000000000,57840525000,21523445000,9930000000,26387080000,62780583800,4780566100,0.6230,2.360000,0.372117,2021-11-18,R_20211122_2.pdf,NOMINAL-5y@13:00,"https://api.fiscaldata.treasury.gov/services/api/fiscal_service/v1/accounting/od/auctions_query?filter=security_type:in:(Note,Bond),auction_date:gte:2009-01-01&page%5Bsize%5D=10000&page%5Bnumber%5D=1&sort=auction_date",fetched,2026-09-30T10:44:13Z
2021-11-22,13:00,2021-11-22T13:00:00-05:00,2021-11-22T18:00:00Z,12:00,NOMINAL,5y,original,False,Note,5-Year,5-Year,No,91282CDK4,2021-11-30,2026-11-30,59000000000,58883726000,15830300000,9563000000,33490426000,63863050800,4862989600,1.3190,2.340000,0.268840,2021-11-18,R_20211122_4.pdf,NOMINAL-2y@11:30,"https://api.fiscaldata.treasury.gov/services/api/fiscal_service/v1/accounting/od/auctions_query?filter=security_type:in:(Note,Bond),auction_date:gte:2009-01-01&page%5Bsize%5D=10000&page%5Bnumber%5D=1&sort=auction_date",fetched,2026-09-30T10:44:13Z
2021-11-23,11:30,2021-11-23T11:30:00-05:00,2021-11-23T16:30:00Z,11:00,FRN,2y,original,False,Note,1-Year 11-Month,2-Year,Yes,91282CDE8,2021-11-26,2023-10-31,24000000000,23965025000,5071025000,300000000,18594000000,24000063100,0,,2.800000,0.211601,2021-11-18,R_20211123_2.pdf,NOMINAL-7y@13:00,"https://api.fiscaldata.treasury.gov/services/api/fiscal_service/v1/accounting/od/auctions_query?filter=security_type:in:(Note,Bond),auction_date:gte:2009-01-01&page%5Bsize%5D=10000&page%5Bnumber%5D=1&sort=auction_date",fetched,2026-09-30T10:44:13Z
2021-11-23,13:00,2021-11-23T13:00:00-05:00,2021-11-23T18:00:00Z,12:00,NOMINAL,7y,original,False,Note,7-Year,7-Year,No,91282CDL2,2021-11-30,2028-11-30,59000000000,58977844400,10277354000,13730200000,34970290400,63862990700,4862989600,1.5880,2.420000,0.174258,2021-11-18,R_20211123_3.pdf,FRN-2y@11:30,"https://api.fiscaldata.treasury.gov/services/api/fiscal_service/v1/accounting/od/auctions_query?filter=security_type:in:(Note,Bond),auction_date:gte:2009-01-01&page%5Bsize%5D=10000&page%5Bnumber%5D=1&sort=auction_date",fetched,2026-09-30T10:44:13Z
2021-12-02,13:00,2021-12-02T13:00:00-05:00,2021-12-02T18:00:00Z,,NOMINAL,20y,original,True,Bond,19-Year 11-Month,20-Year,Yes,912810TC2,2021-12-06,2041-11-15,25000000,25000100,25000100,0,0,25000100,0,1.8720,2.920000,1.000000,2021-12-02,R_20211202_9.pdf,,"https://api.fiscaldata.treasury.gov/services/api/fiscal_service/v1/accounting/od/auctions_query?filter=security_type:in:(Note,Bond),auction_date:gte:2009-01-01&page%5Bsize%5D=10000&page%5Bnumber%5D=1&sort=auction_date",fetched,2026-09-30T10:44:13Z
2021-12-07,13:00,2021-12-07T13:00:00-05:00,2021-12-07T18:00:00Z,12:00,NOMINAL,3y,original,False,Note,3-Year,3-Year,No,91282CDN8,2021-12-15,2024-12-15,54000000000,53801326000,16040726000,9691000000,28069600000,61962809400,7962589300,1.0000,2.430000,0.298147,2021-12-02,R_20211207_1.pdf,,"https://api.fiscaldata.treasury.gov/services/api/fiscal_service/v1/accounting/od/auctions_query?filter=security_type:in:(Note,Bond),auction_date:gte:2009-01-01&page%5Bsize%5D=10000&page%5Bnumber%5D=1&sort=auction_date",fetched,2026-09-30T10:44:13Z
2021-12-08,13:00,2021-12-08T13:00:00-05:00,2021-12-08T18:00:00Z,12:00,NOMINAL,10y,original,False,Note,9-Year 11-Month,10-Year,Yes,91282CDJ7,2021-12-15,2031-11-15,36000000000,35983170000,4809155000,6403000000,24771015000,41308393200,5308392900,1.5180,2.430000,0.133650,2021-12-02,R_20211208_2.pdf,,"https://api.fiscaldata.treasury.gov/services/api/fiscal_service/v1/accounting/od/auctions_query?filter=security_type:in:(Note,Bond),auction_date:gte:2009-01-01&page%5Bsize%5D=10000&page%5Bnumber%5D=1&sort=auction_date",fetched,2026-09-30T10:44:13Z
2021-12-09,13:00,2021-12-09T13:00:00-05:00,2021-12-09T18:00:00Z,12:00,NOMINAL,30y,original,False,Bond,29-Year 11-Month,30-Year,Yes,912810TB4,2021-12-15,2051-11-15,22000000000,21997290000,4555785000,4066785000,13374720000,25244019100,3244017800,1.8950,2.220000,0.207107,2021-12-02,R_20211209_3.pdf,,"https://api.fiscaldata.treasury.gov/services/api/fiscal_service/v1/accounting/od/auctions_query?filter=security_type:in:(Note,Bond),auction_date:gte:2009-01-01&page%5Bsize%5D=10000&page%5Bnumber%5D=1&sort=auction_date",fetched,2026-09-30T10:44:13Z
2021-12-21,13:00,2021-12-21T13:00:00-05:00,2021-12-21T18:00:00Z,12:00,NOMINAL,20y,original,False,Bond,19-Year 11-Month,20-Year,Yes,912810TC2,2021-12-31,2041-11-15,20000000000,19998115000,2868000000,4166110000,12964005000,22717275700,2717198400,1.9420,2.590000,0.143414,2021-12-16,R_20211221_1.pdf,,"https://api.fiscaldata.treasury.gov/services/api/fiscal_service/v1/accounting/od/auctions_query?filter=security_type:in:(Note,Bond),auction_date:gte:2009-01-01&page%5Bsize%5D=10000&page%5Bnumber%5D=1&sort=auction_date",fetched,2026-09-30T10:44:13Z
2021-12-22,13:00,2021-12-22T13:00:00-05:00,2021-12-22T18:00:00Z,12:00,TIPS,5y,original,False,Note,4-Year 10-Month,5-Year,Yes,91282CDC2,2021-12-31,2026-10-15,17000000000,16951667800,2370245000,2513000000,12068422800,19309655800,2309618600,-1.5080,2.420000,0.139824,2021-12-16,R_20211222_2.pdf,,"https://api.fiscaldata.treasury.gov/services/api/fiscal_service/v1/accounting/od/auctions_query?filter=security_type:in:(Note,Bond),auction_date:gte:2009-01-01&page%5Bsize%5D=10000&page%5Bnumber%5D=1&sort=auction_date",fetched,2026-09-30T10:44:13Z
2021-12-27,13:00,2021-12-27T13:00:00-05:00,2021-12-27T18:00:00Z,12:00,NOMINAL,2y,original,False,Note,2-Year,2-Year,No,91282CDR9,2021-12-31,2023-12-31,56000000000,55729046300,13498860000,8017750000,34212436300,63608352900,7608155600,0.7690,2.550000,0.242223,2021-12-23,R_20211227_3.pdf,,"https://api.fiscaldata.treasury.gov/services/api/fiscal_service/v1/accounting/od/auctions_query?filter=security_type:in:(Note,Bond),auction_date:gte:2009-01-01&page%5Bsize%5D=10000&page%5Bnumber%5D=1&sort=auction_date",fetched,2026-09-30T10:44:13Z
2021-12-28,13:00,2021-12-28T13:00:00-05:00,2021-12-28T18:00:00Z,12:00,NOMINAL,5y,original,False,Note,5-Year,5-Year,No,91282CDQ1,2021-12-31,2026-12-31,57000000000,56962248500,11402297500,8158918000,37401033000,64744045600,7744015600,1.2630,2.410000,0.200173,2021-12-23,R_20211228_2.pdf,,"https://api.fiscaldata.treasury.gov/services/api/fiscal_service/v1/accounting/od/auctions_query?filter=security_type:in:(Note,Bond),auction_date:gte:2009-01-01&page%5Bsize%5D=10000&page%5Bnumber%5D=1&sort=auction_date",fetched,2026-09-30T10:44:13Z
2021-12-29,11:30,2021-12-29T11:30:00-05:00,2021-12-29T16:30:00Z,11:00,FRN,2y,original,False,Note,1-Year 10-Month,2-Year,Yes,91282CDE8,2021-12-31,2023-10-31,24000000000,23982036400,7992027000,2909310000,13080699400,27261069200,3260638200,,4.030000,0.333251,2021-12-23,R_20211229_2.pdf,NOMINAL-7y@13:00,"https://api.fiscaldata.treasury.gov/services/api/fiscal_service/v1/accounting/od/auctions_query?filter=security_type:in:(Note,Bond),auction_date:gte:2009-01-01&page%5Bsize%5D=10000&page%5Bnumber%5D=1&sort=auction_date",fetched,2026-09-30T10:44:13Z
2021-12-29,13:00,2021-12-29T13:00:00-05:00,2021-12-29T18:00:00Z,12:00,NOMINAL,7y,original,False,Note,7-Year,7-Year,No,91282CDP3,2021-12-31,2028-12-31,56000000000,55989175000,11922390000,10891500000,33175285000,63608177100,7608155500,1.4800,2.210000,0.212941,2021-12-23,R_20211229_3.pdf,FRN-2y@11:30,"https://api.fiscaldata.treasury.gov/services/api/fiscal_service/v1/accounting/od/auctions_query?filter=security_type:in:(Note,Bond),auction_date:gte:2009-01-01&page%5Bsize%5D=10000&page%5Bnumber%5D=1&sort=auction_date",fetched,2026-09-30T10:44:13Z
2022-01-11,13:00,2022-01-11T13:00:00-05:00,2022-01-11T18:00:00Z,12:00,NOMINAL,3y,original,False,Note,3-Year,3-Year,No,91282CDS7,2022-01-18,2025-01-15,52000000000,51896683000,11853850000,8049000000,31993833000,60343434900,8343334300,1.2370,2.470000,0.228412,2022-01-06,R_20220111_1.pdf,,"https://api.fiscaldata.treasury.gov/services/api/fiscal_service/v1/accounting/od/auctions_query?filter=security_type:in:(Note,Bond),auction_date:gte:2009-01-01&page%5Bsize%5D=10000&page%5Bnumber%5D=1&sort=auction_date",fetched,2026-09-30T10:44:13Z
2022-01-12,13:00,2022-01-12T13:00:00-05:00,2022-01-12T18:00:00Z,12:00,NOMINAL,10y,original,False,Note,9-Year 10-Month,10-Year,Yes,91282CDJ7,2022-01-18,2031-11-15,36000000000,35992396200,5977970000,6430000000,23584426200,41776170100,5776154500,1.7230,2.510000,0.166090,2022-01-06,R_20220112_2.pdf,,"https://api.fiscaldata.treasury.gov/services/api/fiscal_service/v1/accounting/od/auctions_query?filter=security_type:in:(Note,Bond),auction_date:gte:2009-01-01&page%5Bsize%5D=10000&page%5Bnumber%5D=1&sort=auction_date",fetched,2026-09-30T10:44:13Z
2022-01-13,13:00,2022-01-13T13:00:00-05:00,2022-01-13T18:00:00Z,12:00,NOMINAL,30y,original,False,Bond,29-Year 10-Month,30-Year,Yes,912810TB4,2022-01-18,2051-11-15,22000000000,21997657500,3948099500,3756281500,14293276500,25529881900,3529872200,2.0750,2.350000,0.179478,2022-01-06,R_20220113_3.pdf,,"https://api.fiscaldata.treasury.gov/services/api/fiscal_service/v1/accounting/od/auctions_query?filter=security_type:in:(Note,Bond),auction_date:gte:2009-01-01&page%5Bsize%5D=10000&page%5Bnumber%5D=1&sort=auction_date",fetched,2026-09-30T10:44:13Z
2022-01-19,13:00,2022-01-19T13:00:00-05:00,2022-01-19T18:00:00Z,12:00,NOMINAL,20y,original,False,Bond,19-Year 10-Month,20-Year,Yes,912810TC2,2022-01-31,2041-11-15,20000000000,19998247200,3350196500,3404864500,13243186200,22989260500,2989254100,2.2100,2.480000,0.167525,2022-01-13,R_20220119_2.pdf,,"https://api.fiscaldata.treasury.gov/services/api/fiscal_service/v1/accounting/od/auctions_query?filter=security_type:in:(Note,Bond),auction_date:gte:2009-01-01&page%5Bsize%5D=10000&page%5Bnumber%5D=1&sort=auction_date",fetched,2026-09-30T10:44:13Z
2022-01-20,13:00,2022-01-20T13:00:00-05:00,2022-01-20T18:00:00Z,12:00,TIPS,10y,original,False,Note,10-Year,10-Year,No,91282CDX6,2022-01-31,2032-01-15,16000000000,15951431500,2388678000,2508080000,11054673500,18391416900,2391403300,-0.5400,2.300000,0.149747,2022-01-13,R_20220120_3.pdf,,"https://api.fiscaldata.treasury.gov/services/api/fiscal_service/v1/accounting/od/auctions_query?filter=security_type:in:(Note,Bond),auction_date:gte:2009-01-01&page%5Bsize%5D=10000&page%5Bnumber%5D=1&sort=auction_date",fetched,2026-09-30T10:44:13Z
2022-01-24,13:00,2022-01-24T13:00:00-05:00,2022-01-24T18:00:00Z,12:00,NOMINAL,2y,original,False,Note,2-Year,2-Year,No,91282CDV0,2022-01-31,2024-01-31,54000000000,53665608000,13207128000,5037500000,35420980000,62071266800,8070986400,0.9900,2.810000,0.246100,2022-01-20,R_20220124_3.pdf,,"https://api.fiscaldata.treasury.gov/services/api/fiscal_service/v1/accounting/od/auctions_query?filter=security_type:in:(Note,Bond),auction_date:gte:2009-01-01&page%5Bsize%5D=10000&page%5Bnumber%5D=1&sort=auction_date",fetched,2026-09-30T10:44:13Z
2022-01-25,13:00,2022-01-25T13:00:00-05:00,2022-01-25T18:00:00Z,12:00,NOMINAL,5y,as_auctioned,False,Note,5-Year,7-Year,Yes,912828Z78,2022-01-31,2027-01-31,55000000000,54946015000,8133150000,9053500000,37759365000,63220529200,8220449100,1.5330,2.500000,0.148021,2022-01-20,R_20220125_2.pdf,,"https://api.fiscaldata.treasury.gov/services/api/fiscal_service/v1/accounting/od/auctions_query?filter=security_type:in:(Note,Bond),auction_date:gte:2009-01-01&page%5Bsize%5D=10000&page%5Bnumber%5D=1&sort=auction_date",fetched,2026-09-30T10:44:13Z
2022-01-26,11:30,2022-01-26T11:30:00-05:00,2022-01-26T16:30:00Z,11:00,FRN,2y,original,False,Note,2-Year,2-Year,No,91282CDU2,2022-01-31,2024-01-31,26000000000,25951865000,6353760000,0,19598105000,29886042100,3886030500,,3.340000,0.244829,2022-01-20,R_20220126_1.pdf,,"https://api.fiscaldata.treasury.gov/services/api/fiscal_service/v1/accounting/od/auctions_query?filter=security_type:in:(Note,Bond),auction_date:gte:2009-01-01&page%5Bsize%5D=10000&page%5Bnumber%5D=1&sort=auction_date",fetched,2026-09-30T10:44:13Z
2022-01-27,13:00,2022-01-27T13:00:00-05:00,2022-01-27T18:00:00Z,12:00,NOMINAL,7y,original,False,Note,7-Year,7-Year,No,91282CDW8,2022-01-31,2029-01-31,53000000000,52976471700,7677362500,12110756700,33188352500,60921526900,7921523500,1.7690,2.360000,0.144920,2022-01-20,R_20220127_3.pdf,,"https://api.fiscaldata.treasury.gov/services/api/fiscal_service/v1/accounting/od/auctions_query?filter=security_type:in:(Note,Bond),auction_date:gte:2009-01-01&page%5Bsize%5D=10000&page%5Bnumber%5D=1&sort=auction_date",fetched,2026-09-30T10:44:13Z
2022-02-08,13:00,2022-02-08T13:00:00-05:00,2022-02-08T18:00:00Z,12:00,NOMINAL,3y,original,False,Note,3-Year,3-Year,No,91282CDZ1,2022-02-15,2025-02-15,50000000000,49803033900,10113355000,5550250000,34139428900,80248121000,30248102600,1.5920,2.450000,0.203067,2022-02-02,R_20220208_1.pdf,,"https://api.fiscaldata.treasury.gov/services/api/fiscal_service/v1/accounting/od/auctions_query?filter=security_type:in:(Note,Bond),auction_date:gte:2009-01-01&page%5Bsize%5D=10000&page%5Bnumber%5D=1&sort=auction_date",fetched,2026-09-30T10:44:13Z
2022-02-09,13:00,2022-02-09T13:00:00-05:00,2022-02-09T18:00:00Z,12:00,NOMINAL,10y,original,False,Note,10-Year,10-Year,No,91282CDY4,2022-02-15,2032-02-15,37000000000,36977598400,2752472000,5545000000,28680126400,59383597100,22383595900,1.9040,2.680000,0.074436,2022-02-02,R_20220209_2.pdf,,"https://api.fiscaldata.treasury.gov/services/api/fiscal_service/v1/accounting/od/auctions_query?filter=security_type:in:(Note,Bond),auction_date:gte:2009-01-01&page%5Bsize%5D=10000&page%5Bnumber%5D=1&sort=auction_date",fetched,2026-09-30T10:44:13Z
2022-02-10,13:00,2022-02-10T13:00:00-05:00,2022-02-10T18:00:00Z,12:00,NOMINAL,30y,original,False,Bond,30-Year,30-Year,No,912810TD0,2022-02-15,2052-02-15,23000000000,22996924400,3287463000,4082150000,15627311400,36914133100,13914127100,2.3400,2.300000,0.142952,2022-02-02,R_20220210_3.pdf,,"https://api.fiscaldata.treasury.gov/services/api/fiscal_service/v1/accounting/od/auctions_query?filter=security_type:in:(Note,Bond),auction_date:gte:2009-01-01&page%5Bsize%5D=10000&page%5Bnumber%5D=1&sort=auction_date",fetched,2026-09-30T10:44:13Z
2022-02-16,13:00,2022-02-16T13:00:00-05:00,2022-02-16T18:00:00Z,12:00,NOMINAL,20y,original,False,Bond,20-Year,20-Year,No,912810TF5,2022-02-28,2042-02-15,19000000000,18993522000,3060030000,3985500000,11947992000,22255007600,3254997000,2.3960,2.440000,0.161109,2022-02-10,R_20220216_2.pdf,,"https://api.fiscaldata.treasury.gov/services/api/fiscal_service/v1/accounting/od/auctions_query?filter=security_type:in:(Note,Bond),auction_date:gte:2009-01-01&page%5Bsize%5D=10000&page%5Bnumber%5D=1&sort=auction_date",fetched,2026-09-30T10:44:13Z
2022-02-17,13:00,2022-02-17T13:00:00-05:00,2022-02-17T18:00:00Z,12:00,TIPS,30y,original,False,Bond,30-Year,30-Year,No,912810TE8,2022-02-28,2052-02-15,9000000000,8986020000,1820400000,886000000,6279620000,10541851400,1541840600,0.1950,2.170000,0.202581,2022-02-10,R_20220217_3.pdf,,"https://api.fiscaldata.treasury.gov/services/api/fiscal_service/v1/accounting/od/auctions_query?filter=security_type:in:(Note,Bond),auction_date:gte:2009-01-01&page%5Bsize%5D=10000&page%5Bnumber%5D=1&sort=auction_date",fetched,2026-09-30T10:44:13Z
2022-02-22,13:00,2022-02-22T13:00:00-05:00,2022-02-22T18:00:00Z,12:00,NOMINAL,2y,original,False,Note,2-Year,2-Year,No,91282CEA5,2022-02-28,2024-02-29,52000000000,51690563000,8088835000,9702000000,33899728000,60908420100,8908413000,1.5530,2.640000,0.156486,2022-02-17,R_20220222_4.pdf,,"https://api.fiscaldata.treasury.gov/services/api/fiscal_service/v1/accounting/od/auctions_query?filter=security_type:in:(Note,Bond),auction_date:gte:2009-01-01&page%5Bsize%5D=10000&page%5Bnumber%5D=1&sort=auction_date",fetched,2026-09-30T10:44:13Z
2022-02-23,11:30,2022-02-23T11:30:00-05:00,2022-02-23T16:30:00Z,11:00,FRN,2y,original,False,Note,1-Year 11-Month,2-Year,Yes,91282CDU2,2022-02-25,2024-01-31,22000000000,21971075000,5975690000,0,15995385000,22000223000,0,,3.220000,0.271980,2022-02-17,R_20220223_2.pdf,NOMINAL-5y@13:00,"https://api.fiscaldata.treasury.gov/services/api/fiscal_service/v1/accounting/od/auctions_query?filter=security_type:in:(Note,Bond),auction_date:gte:2009-01-01&page%5Bsize%5D=10000&page%5Bnumber%5D=1&sort=auction_date",fetched,2026-09-30T10:44:13Z
2022-02-23,13:00,2022-02-23T13:00:00-05:00,2022-02-23T18:00:00Z,12:00,NOMINAL,5y,original,False,Note,5-Year,5-Year,No,91282CEC1,2022-02-28,2027-02-28,53000000000,52926360900,7282514900,9754000000,35889846000,62079759100,9079728600,1.8800,2.490000,0.137597,2022-02-17,R_20220223_3.pdf,FRN-2y@11:30,"https://api.fiscaldata.treasury.gov/services/api/fiscal_service/v1/accounting/od/auctions_query?filter=security_type:in:(Note,Bond),auction_date:gte:2009-01-01&page%5Bsize%5D=10000&page%5Bnumber%5D=1&sort=auction_date",fetched,2026-09-30T10:44:13Z
2022-02-24,13:00,2022-02-24T13:00:00-05:00,2022-02-24T18:00:00Z,12:00,NOMINAL,7y,original,False,Note,7-Year,7-Year,No,91282CEB3,2022-02-28,2029-02-28,50000000000,49985494800,6160120000,11908268000,31917106800,58565810800,8565781600,1.9050,2.360000,0.123238,2022-02-17,R_20220224_3.pdf,,"https://api.fiscaldata.treasury.gov/services/api/fiscal_service/v1/accounting/od/auctions_query?filter=security_type:in:(Note,Bond),auction_date:gte:2009-01-01&page%5Bsize%5D=10000&page%5Bnumber%5D=1&sort=auction_date",fetched,2026-09-30T10:44:13Z
2022-03-08,13:00,2022-03-08T13:00:00-05:00,2022-03-08T18:00:00Z,12:00,NOMINAL,3y,original,False,Note,3-Year,3-Year,No,91282CED9,2022-03-15,2025-03-15,48000000000,47816992500,12581642500,8894000000,26341350000,56065009400,8064941200,1.7750,2.390000,0.263121,2022-03-03,R_20220308_1.pdf,,"https://api.fiscaldata.treasury.gov/services/api/fiscal_service/v1/accounting/od/auctions_query?filter=security_type:in:(Note,Bond),auction_date:gte:2009-01-01&page%5Bsize%5D=10000&page%5Bnumber%5D=1&sort=auction_date",fetched,2026-09-30T10:44:13Z
2022-03-09,13:00,2022-03-09T13:00:00-05:00,2022-03-09T18:00:00Z,12:00,NOMINAL,10y,original,False,Note,9-Year 11-Month,10-Year,Yes,91282CDY4,2022-03-15,2032-02-15,34000000000,33991365000,4670532000,6130000000,23190833000,39712689300,5712666700,1.9200,2.470000,0.137403,2022-03-03,R_20220309_2.pdf,,"https://api.fiscaldata.treasury.gov/services/api/fiscal_service/v1/accounting/od/auctions_query?filter=security_type:in:(Note,Bond),auction_date:gte:2009-01-01&page%5Bsize%5D=10000&page%5Bnumber%5D=1&sort=auction_date",fetched,2026-09-30T10:44:13Z
2022-03-10,13:00,2022-03-10T13:00:00-05:00,2022-03-10T18:00:00Z,12:00,NOMINAL,30y,original,False,Bond,29-Year 11-Month,30-Year,Yes,912810TD0,2022-03-15,2052-02-15,20000000000,19995810500,2411321000,3284127400,14300362100,23360394000,3360392100,2.3750,2.460000,0.120591,2022-03-03,R_20220310_3.pdf,,"https://api.fiscaldata.treasury.gov/services/api/fiscal_service/v1/accounting/od/auctions_query?filter=security_type:in:(Note,Bond),auction_date:gte:2009-01-01&page%5Bsize%5D=10000&page%5Bnumber%5D=1&sort=auction_date",fetched,2026-09-30T10:44:13Z
2022-03-23,11:30,2022-03-23T11:30:00-04:00,2022-03-23T15:30:00Z,11:00,FRN,2y,original,False,Note,1-Year 10-Month,2-Year,Yes,91282CDU2,2022-03-25,2024-01-31,22000000000,21940770000,5212375000,0,16728395000,22000552700,0,,3.750000,0.237566,2022-03-17,R_20220323_1.pdf,NOMINAL-20y@13:00,"https://api.fiscaldata.treasury.gov/services/api/fiscal_service/v1/accounting/od/auctions_query?filter=security_type:in:(Note,Bond),auction_date:gte:2009-01-01&page%5Bsize%5D=10000&page%5Bnumber%5D=1&sort=auction_date",fetched,2026-09-30T10:44:13Z
2022-03-23,13:00,2022-03-23T13:00:00-04:00,2022-03-23T17:00:00Z,12:00,NOMINAL,20y,original,False,Bond,19-Year 11-Month,20-Year,Yes,912810TF5,2022-03-31,2042-02-15,16000000000,15993546300,1533000000,4162596300,10297950000,18978623300,2978612300,2.6510,2.720000,0.095851,2022-03-17,R_20220323_3.pdf,FRN-2y@11:30,"https://api.fiscaldata.treasury.gov/services/api/fiscal_service/v1/accounting/od/auctions_query?filter=security_type:in:(Note,Bond),auction_date:gte:2009-01-01&page%5Bsize%5D=10000&page%5Bnumber%5D=1&sort=auction_date",fetched,2026-09-30T10:44:13Z
2022-03-24,13:00,2022-03-24T13:00:00-04:00,2022-03-24T17:00:00Z,12:00,TIPS,10y,original,False,Note,9-Year 10-Month,10-Year,Yes,91282CDX6,2022-03-31,2032-01-15,14000000000,13972685000,1483047000,3009000000,9480638000,16606322800,2606285700,-0.5890,2.430000,0.106139,2022-03-17,R_20220324_3.pdf,,"https://api.fiscaldata.treasury.gov/services/api/fiscal_service/v1/accounting/od/auctions_query?filter=security_type:in:(Note,Bond),auction_date:gte:2009-01-01&page%5Bsize%5D=10000&page%5Bnumber%5D=1&sort=auction_date",fetched,2026-09-30T10:44:13Z
2022-03-28,11:30,2022-03-28T11:30:00-04:00,2022-03-28T15:30:00Z,11:00,NOMINAL,2y,original,False,Note,2-Year,2-Year,No,91282CEG2,2022-03-31,2024-03-31,50000000000,49186880000,9554645000,12566000000,27066235000,59308206800,9308163600,2.3650,2.460000,0.194252,2022-03-24,R_20220328_2.pdf,NOMINAL-5y@13:00,"https://api.fiscaldata.treasury.gov/services/api/fiscal_service/v1/accounting/od/auctions_query?filter=security_type:in:(Note,Bond),auction_date:gte:2009-01-01&page%5Bsize%5D=10000&page%5Bnumber%5D=1&sort=auction_date",fetched,2026-09-30T10:44:13Z
2022-03-28,13:00,2022-03-28T13:00:00-04:00,2022-03-28T17:00:00Z,12:00,NOMINAL,5y,original,False,Note,5-Year,5-Year,No,91282CEF4,2022-03-31,2027-03-31,51000000000,50923260900,10212000000,10053145700,30658115200,60494406000,9494326800,2.5430,2.530000,0.200537,2022-03-24,R_20220328_4.pdf,NOMINAL-2y@11:30,"https://api.fiscaldata.treasury.gov/services/api/fiscal_service/v1/accounting/od/auctions_query?filter=security_type:in:(Note,Bond),auction_date:gte:2009-01-01&page%5Bsize%5D=10000&page%5Bnumber%5D=1&sort=auction_date",fetched,2026-09-30T10:44:13Z
2022-03-29,13:00,2022-03-29T13:00:00-04:00,2022-03-29T17:00:00Z,12:00,NOMINAL,7y,original,False,Note,7-Year,7-Year,No,91282CEE7,2022-03-31,2029-03-31,47000000000,46981439500,4940522500,13413600000,28627317000,55749674800,8749673700,2.4990,2.440000,0.105159,2022-03-24,R_20220329_1.pdf,,"https://api.fiscaldata.treasury.gov/services/api/fiscal_service/v1/accounting/od/auctions_query?filter=security_type:in:(Note,Bond),auction_date:gte:2009-01-01&page%5Bsize%5D=10000&page%5Bnumber%5D=1&sort=auction_date",fetched,2026-09-30T10:44:13Z
2022-04-11,13:00,2022-04-11T13:00:00-04:00,2022-04-11T17:00:00Z,12:00,NOMINAL,3y,original,False,Note,3-Year,3-Year,No,91282CEH0,2022-04-18,2025-04-15,46000000000,45557551100,13208395000,8000111100,24349045000,56973107400,10973031600,2.7380,2.480000,0.289928,2022-04-07,R_20220411_3.pdf,,"https://api.fiscaldata.treasury.gov/services/api/fiscal_service/v1/accounting/od/auctions_query?filter=security_type:in:(Note,Bond),auction_date:gte:2009-01-01&page%5Bsize%5D=10000&page%5Bnumber%5D=1&sort=auction_date",fetched,2026-09-30T10:44:13Z
2022-04-12,13:00,2022-04-12T13:00:00-04:00,2022-04-12T17:00:00Z,12:00,NOMINAL,10y,original,False,Note,9-Year 10-Month,10-Year,Yes,91282CDY4,2022-04-18,2032-02-15,34000000000,33990122000,6341930000,5784000000,21864192000,42110578600,8110501600,2.7200,2.430000,0.186582,2022-04-07,R_20220412_1.pdf,,"https://api.fiscaldata.treasury.gov/services/api/fiscal_service/v1/accounting/od/auctions_query?filter=security_type:in:(Note,Bond),auction_date:gte:2009-01-01&page%5Bsize%5D=10000&page%5Bnumber%5D=1&sort=auction_date",fetched,2026-09-30T10:44:13Z
2022-04-13,13:00,2022-04-13T13:00:00-04:00,2022-04-13T17:00:00Z,12:00,NOMINAL,30y,original,False,Bond,29-Year 10-Month,30-Year,Yes,912810TD0,2022-04-18,2052-02-15,20000000000,19995400600,3172481000,3780900000,13042019600,24770919400,4770883200,2.8150,2.300000,0.158661,2022-04-07,R_20220413_2.pdf,,"https://api.fiscaldata.treasury.gov/services/api/fiscal_service/v1/accounting/od/auctions_query?filter=security_type:in:(Note,Bond),auction_date:gte:2009-01-01&page%5Bsize%5D=10000&page%5Bnumber%5D=1&sort=auction_date",fetched,2026-09-30T10:44:13Z
2022-04-20,13:00,2022-04-20T13:00:00-04:00,2022-04-20T17:00:00Z,12:00,NOMINAL,20y,original,False,Bond,19-Year 10-Month,20-Year,Yes,912810TF5,2022-05-02,2042-02-15,16000000000,15991717700,1397998000,2450372100,12143347600,18218454400,2218396100,3.0950,2.800000,0.087420,2022-04-14,R_20220420_2.pdf,,"https://api.fiscaldata.treasury.gov/services/api/fiscal_service/v1/accounting/od/auctions_query?filter=security_type:in:(Note,Bond),auction_date:gte:2009-01-01&page%5Bsize%5D=10000&page%5Bnumber%5D=1&sort=auction_date",fetched,2026-09-30T10:44:13Z
2022-04-21,13:00,2022-04-21T13:00:00-04:00,2022-04-21T17:00:00Z,12:00,TIPS,5y,original,False,Note,5-Year,5-Year,No,91282CEJ6,2022-04-29,2027-04-15,20000000000,19868575700,1295000000,800000000,17773575700,20000220100,0,-0.3400,2.730000,0.065178,2022-04-14,R_20220421_3.pdf,,"https://api.fiscaldata.treasury.gov/services/api/fiscal_service/v1/accounting/od/auctions_query?filter=security_type:in:(Note,Bond),auction_date:gte:2009-01-01&page%5Bsize%5D=10000&page%5Bnumber%5D=1&sort=auction_date",fetched,2026-09-30T10:44:13Z
2022-04-26,13:00,2022-04-26T13:00:00-04:00,2022-04-26T17:00:00Z,12:00,NOMINAL,2y,original,False,Note,2-Year,2-Year,No,91282CEK3,2022-05-02,2024-04-30,48000000000,47034301300,5925550000,10082500000,31026251300,54655193600,6655188500,2.5850,2.740000,0.125984,2022-04-21,R_20220426_1.pdf,,"https://api.fiscaldata.treasury.gov/services/api/fiscal_service/v1/accounting/od/auctions_query?filter=security_type:in:(Note,Bond),auction_date:gte:2009-01-01&page%5Bsize%5D=10000&page%5Bnumber%5D=1&sort=auction_date",fetched,2026-09-30T10:44:13Z
2022-04-27,11:30,2022-04-27T11:30:00-04:00,2022-04-27T15:30:00Z,11:00,FRN,2y,original,False,Note,2-Year,2-Year,No,91282CEL1,2022-05-02,2024-04-30,24000000000,23938470000,11883770000,5000000000,7054700000,27327613900,3327594300,,2.510000,0.496430,2022-04-21,R_20220427_2.pdf,NOMINAL-5y@13:00,"https://api.fiscaldata.treasury.gov/services/api/fiscal_service/v1/accounting/od/auctions_query?filter=security_type:in:(Note,Bond),auction_date:gte:2009-01-01&page%5Bsize%5D=10000&page%5Bnumber%5D=1&sort=auction_date",fetched,2026-09-30T10:44:13Z
2022-04-27,13:00,2022-04-27T13:00:00-04:00,2022-04-27T17:00:00Z,12:00,NOMINAL,5y,original,False,Note,5-Year,5-Year,No,91282CEN7,2022-05-02,2027-04-30,49000000000,48795541400,8060464000,9492000000,31243077400,55793844000,6793838100,2.7850,2.410000,0.165189,2022-04-21,R_20220427_3.pdf,FRN-2y@11:30,"https://api.fiscaldata.treasury.gov/services/api/fiscal_service/v1/accounting/od/auctions_query?filter=security_type:in:(Note,Bond),auction_date:gte:2009-01-01&page%5Bsize%5D=10000&page%5Bnumber%5D=1&sort=auction_date",fetched,2026-09-30T10:44:13Z
2022-04-28,13:00,2022-04-28T13:00:00-04:00,2022-04-28T17:00:00Z,12:00,NOMINAL,7y,original,False,Note,7-Year,7-Year,No,91282CEM9,2022-05-02,2029-04-30,44000000000,43979363000,6694743000,8718300000,28566320000,50100607600,6100589400,2.9080,2.410000,0.152225,2022-04-21,R_20220428_3.pdf,,"https://api.fiscaldata.treasury.gov/services/api/fiscal_service/v1/accounting/od/auctions_query?filter=security_type:in:(Note,Bond),auction_date:gte:2009-01-01&page%5Bsize%5D=10000&page%5Bnumber%5D=1&sort=auction_date",fetched,2026-09-30T10:44:13Z
2022-05-10,13:00,2022-05-10T13:00:00-04:00,2022-05-10T17:00:00Z,12:00,NOMINAL,3y,original,False,Note,3-Year,3-Year,No,91282CEQ0,2022-05-16,2025-05-15,45000000000,44663736000,8935800000,8057306000,27670630000,76492768400,31492633500,2.8090,2.590000,0.200068,2022-05-04,R_20220510_1.pdf,,"https://api.fiscaldata.treasury.gov/services/api/fiscal_service/v1/accounting/od/auctions_query?filter=security_type:in:(Note,Bond),auction_date:gte:2009-01-01&page%5Bsize%5D=10000&page%5Bnumber%5D=1&sort=auction_date",fetched,2026-09-30T10:44:13Z
2022-05-11,13:00,2022-05-11T13:00:00-04:00,2022-05-11T17:00:00Z,12:00,NOMINAL,10y,original,False,Note,10-Year,10-Year,No,91282CEP2,2022-05-16,2032-05-15,36000000000,35949055600,4132000000,6545000000,25272055600,61194142100,25194106800,2.9430,2.490000,0.114940,2022-05-04,R_20220511_2.pdf,,"https://api.fiscaldata.treasury.gov/services/api/fiscal_service/v1/accounting/od/auctions_query?filter=security_type:in:(Note,Bond),auction_date:gte:2009-01-01&page%5Bsize%5D=10000&page%5Bnumber%5D=1&sort=auction_date",fetched,2026-09-30T10:44:13Z
2022-05-12,13:00,2022-05-12T13:00:00-04:00,2022-05-12T17:00:00Z,12:00,NOMINAL,30y,original,False,Bond,30-Year,30-Year,No,912810TG3,2022-05-16,2052-05-15,22000000000,21985717700,3021000000,3648842700,15315875000,37396398800,15396398600,2.9970,2.380000,0.137407,2022-05-04,R_20220512_3.pdf,,"https://api.fiscaldata.treasury.gov/services/api/fiscal_service/v1/accounting/od/auctions_query?filter=security_type:in:(Note,Bond),auction_date:gte:2009-01-01&page%5Bsize%5D=10000&page%5Bnumber%5D=1&sort=auction_date",fetched,2026-09-30T10:44:13Z
2022-05-18,13:00,2022-05-18T13:00:00-04:00,2022-05-18T17:00:00Z,12:00,NOMINAL,20y,original,False,Bond,20-Year,20-Year,No,912810TH1,2022-05-31,2042-05-15,17000000000,16988406000,2208632500,2790775000,11988998500,19555763900,2555726000,3.2900,2.500000,0.130008,2022-05-12,R_20220518_3.pdf,,"https://api.fiscaldata.treasury.gov/services/api/fiscal_service/v1/accounting/od/auctions_query?filter=security_type:in:(Note,Bond),auction_date:gte:2009-01-01&page%5Bsize%5D=10000&page%5Bnumber%5D=1&sort=auction_date",fetched,2026-09-30T10:44:13Z
2022-05-19,13:00,2022-05-19T13:00:00-04:00,2022-05-19T17:00:00Z,12:00,TIPS,10y,original,False,Note,9-Year 8-Month,10-Year,Yes,91282CDX6,2022-05-31,2032-01-15,14000000000,13968922500,2493677500,1595000000,9880245000,16104716300,2104715500,0.2320,2.240000,0.178516,2022-05-12,R_20220519_3.pdf,,"https://api.fiscaldata.treasury.gov/services/api/fiscal_service/v1/accounting/od/auctions_query?filter=security_type:in:(Note,Bond),auction_date:gte:2009-01-01&page%5Bsize%5D=10000&page%5Bnumber%5D=1&sort=auction_date",fetched,2026-09-30T10:44:13Z
2022-05-24,13:00,2022-05-24T13:00:00-04:00,2022-05-24T17:00:00Z,12:00,NOMINAL,2y,original,False,Note,2-Year,2-Year,No,91282CER8,2022-05-31,2024-05-31,47000000000,46222751600,7096680000,10212168600,28913903000,54065998700,7065830800,2.5190,2.610000,0.153532,2022-05-19,R_20220524_1.pdf,,"https://api.fiscaldata.treasury.gov/services/api/fiscal_service/v1/accounting/od/auctions_query?filter=security_type:in:(Note,Bond),auction_date:gte:2009-01-01&page%5Bsize%5D=10000&page%5Bnumber%5D=1&sort=auction_date",fetched,2026-09-30T10:44:13Z
2022-05-25,11:30,2022-05-25T11:30:00-04:00,2022-05-25T15:30:00Z,11:00,FRN,2y,original,False,Note,1-Year 11-Month,2-Year,Yes,91282CEL1,2022-05-27,2024-04-30,22000000000,21974717000,4904591000,1000000000,16070126000,22000711400,0,,3.220000,0.223192,2022-05-19,R_20220525_2.pdf,NOMINAL-5y@13:00,"https://api.fiscaldata.treasury.gov/services/api/fiscal_service/v1/accounting/od/auctions_query?filter=security_type:in:(Note,Bond),auction_date:gte:2009-01-01&page%5Bsize%5D=10000&page%5Bnumber%5D=1&sort=auction_date",fetched,2026-09-30T10:44:13Z
2022-05-25,13:00,2022-05-25T13:00:00-04:00,2022-05-25T17:00:00Z,12:00,NOMINAL,5y,original,False,Note,5-Year,5-Year,No,91282CET4,2022-05-31,2027-05-31,48000000000,47789053400,8143440000,9572000000,30073613400,55216217500,7216167600,2.7360,2.440000,0.170404,2022-05-19,R_20220525_3.pdf,FRN-2y@11:30,"https://api.fiscaldata.treasury.gov/services/api/fiscal_service/v1/accounting/od/auctions_query?filter=security_type:in:(Note,Bond),auction_date:gte:2009-01-01&page%5Bsize%5D=10000&page%5Bnumber%5D=1&sort=auction_date",fetched,2026-09-30T10:44:13Z
2022-05-26,13:00,2022-05-26T13:00:00-04:00,2022-05-26T17:00:00Z,12:00,NOMINAL,7y,original,False,Note,7-Year,7-Year,No,91282CES6,2022-05-31,2029-05-31,42000000000,41982995000,2677000000,6617100000,32688895000,48314150600,6314146600,2.7770,2.690000,0.063764,2022-05-19,R_20220526_3.pdf,,"https://api.fiscaldata.treasury.gov/services/api/fiscal_service/v1/accounting/od/auctions_query?filter=security_type:in:(Note,Bond),auction_date:gte:2009-01-01&page%5Bsize%5D=10000&page%5Bnumber%5D=1&sort=auction_date",fetched,2026-09-30T10:44:13Z
2022-06-07,13:00,2022-06-07T13:00:00-04:00,2022-06-07T17:00:00Z,12:00,NOMINAL,3y,original,False,Note,3-Year,3-Year,No,91282CEU1,2022-06-15,2025-06-15,44000000000,43625747800,10867545000,10284652800,22473550000,46587278700,2587168100,2.9270,2.450000,0.249109,2022-06-02,R_20220607_1.pdf,,"https://api.fiscaldata.treasury.gov/services/api/fiscal_service/v1/accounting/od/auctions_query?filter=security_type:in:(Note,Bond),auction_date:gte:2009-01-01&page%5Bsize%5D=10000&page%5Bnumber%5D=1&sort=auction_date",fetched,2026-09-30T10:44:13Z
2022-06-08,13:00,2022-06-08T13:00:00-04:00,2022-06-08T17:00:00Z,12:00,NOMINAL,10y,original,False,Note,9-Year 11-Month,10-Year,Yes,91282CEP2,2022-06-15,2032-05-15,33000000000,32980790000,5619095000,6388000000,20973695000,34940394200,1940376000,3.0300,2.410000,0.170375,2022-06-02,R_20220608_2.pdf,,"https://api.fiscaldata.treasury.gov/services/api/fiscal_service/v1/accounting/od/auctions_query?filter=security_type:in:(Note,Bond),auction_date:gte:2009-01-01&page%5Bsize%5D=10000&page%5Bnumber%5D=1&sort=auction_date",fetched,2026-09-30T10:44:13Z
2022-06-09,13:00,2022-06-09T13:00:00-04:00,2022-06-09T17:00:00Z,12:00,NOMINAL,30y,original,False,Bond,29-Year 11-Month,30-Year,Yes,912810TG3,2022-06-15,2052-05-15,19000000000,18995835000,2675000000,3209450000,13111385000,20117204100,1117186100,3.1850,2.350000,0.140820,2022-06-02,R_20220609_3.pdf,,"https://api.fiscaldata.treasury.gov/services/api/fiscal_service/v1/accounting/od/auctions_query?filter=security_type:in:(Note,Bond),auction_date:gte:2009-01-01&page%5Bsize%5D=10000&page%5Bnumber%5D=1&sort=auction_date",fetched,2026-09-30T10:44:13Z
2022-06-22,11:30,2022-06-22T11:30:00-04:00,2022-06-22T15:30:00Z,11:00,FRN,2y,original,False,Note,1-Year 10-Month,2-Year,Yes,91282CEL1,2022-06-24,2024-04-30,22000000000,21930240000,5683000000,1510000000,14737240000,22000422500,0,,3.490000,0.259140,2022-06-16,R_20220622_1.pdf,NOMINAL-20y@13:00,"https://api.fiscaldata.treasury.gov/services/api/fiscal_service/v1/accounting/od/auctions_query?filter=security_type:in:(Note,Bond),auction_date:gte:2009-01-01&page%5Bsize%5D=10000&page%5Bnumber%5D=1&sort=auction_date",fetched,2026-09-30T10:44:13Z
2022-06-22,13:00,2022-06-22T13:00:00-04:00,2022-06-22T17:00:00Z,12:00,NOMINAL,20y,original,False,Bond,19-Year 11-Month,20-Year,Yes,912810TH1,2022-06-30,2042-05-15,14000000000,13987507000,1728000000,2826000000,9433507000,15069995600,1069995200,3.4880,2.600000,0.123539,2022-06-16,R_20220622_3.pdf,FRN-2y@11:30,"https://api.fiscaldata.treasury.gov/services/api/fiscal_service/v1/accounting/od/auctions_query?filter=security_type:in:(Note,Bond),auction_date:gte:2009-01-01&page%5Bsize%5D=10000&page%5Bnumber%5D=1&sort=auction_date",fetched,2026-09-30T10:44:13Z
2022-06-23,13:00,2022-06-23T13:00:00-04:00,2022-06-23T17:00:00Z,12:00,TIPS,5y,original,False,Note,4-Year 10-Month,5-Year,Yes,91282CEJ6,2022-06-30,2027-04-15,18000000000,17862291000,1212000000,1665000000,14985291000,19375711400,1375708100,0.3620,2.610000,0.067852,2022-06-16,R_20220623_3.pdf,,"https://api.fiscaldata.treasury.gov/services/api/fiscal_service/v1/accounting/od/auctions_query?filter=security_type:in:(Note,Bond),auction_date:gte:2009-01-01&page%5Bsize%5D=10000&page%5Bnumber%5D=1&sort=auction_date",fetched,2026-09-30T10:44:13Z
2022-06-27,11:30,2022-06-27T11:30:00-04:00,2022-06-27T15:30:00Z,11:00,NOMINAL,2y,original,False,Note,2-Year,2-Year,No,91282CEX5,2022-06-30,2024-06-30,46000000000,45115298500,10486322500,11406300000,23222676000,49515934000,3515698700,3.0840,2.510000,0.232434,2022-06-23,R_20220627_2.pdf,NOMINAL-5y@13:00,"https://api.fiscaldata.treasury.gov/services/api/fiscal_service/v1/accounting/od/auctions_query?filter=security_type:in:(Note,Bond),auction_date:gte:2009-01-01&page%5Bsize%5D=10000&page%5Bnumber%5D=1&sort=auction_date",fetched,2026-09-30T10:44:13Z
2022-06-27,13:00,2022-06-27T13:00:00-04:00,2022-06-27T17:00:00Z,12:00,NOMINAL,5y,original,False,Note,5-Year,5-Year,No,91282CEW7,2022-06-30,2027-06-30,47000000000,46888035000,11173600000,9237000000,26477435000,50592129800,3592126900,3.2710,2.280000,0.238304,2022-06-23,R_20220627_4.pdf,NOMINAL-2y@11:30,"https://api.fiscaldata.treasury.gov/services/api/fiscal_service/v1/accounting/od/auctions_query?filter=security_type:in:(Note,Bond),auction_date:gte:2009-01-01&page%5Bsize%5D=10000&page%5Bnumber%5D=1&sort=auction_date",fetched,2026-09-30T10:44:13Z
2022-06-28,13:00,2022-06-28T13:00:00-04:00,2022-06-28T17:00:00Z,12:00,NOMINAL,7y,original,False,Note,7-Year,7-Year,No,91282CEV9,2022-06-30,2029-06-30,40000000000,39973204000,7086765000,8160500000,24725939000,43057150400,3057129200,3.2800,2.480000,0.177288,2022-06-23,R_20220628_1.pdf,,"https://api.fiscaldata.treasury.gov/services/api/fiscal_service/v1/accounting/od/auctions_query?filter=security_type:in:(Note,Bond),auction_date:gte:2009-01-01&page%5Bsize%5D=10000&page%5Bnumber%5D=1&sort=auction_date",fetched,2026-09-30T10:44:13Z
2022-07-11,13:00,2022-07-11T13:00:00-04:00,2022-07-11T17:00:00Z,12:00,NOMINAL,3y,original,False,Note,3-Year,3-Year,No,91282CEY3,2022-07-15,2025-07-15,43000000000,42740347400,8668240000,8271207400,25800900000,48480681900,5480672400,3.0930,2.430000,0.202812,2022-07-07,R_20220711_3.pdf,,"https://api.fiscaldata.treasury.gov/services/api/fiscal_service/v1/accounting/od/auctions_query?filter=security_type:in:(Note,Bond),auction_date:gte:2009-01-01&page%5Bsize%5D=10000&page%5Bnumber%5D=1&sort=auction_date",fetched,2026-09-30T10:44:13Z
2022-07-12,13:00,2022-07-12T13:00:00-04:00,2022-07-12T17:00:00Z,12:00,NOMINAL,10y,original,False,Note,9-Year 10-Month,10-Year,Yes,91282CEP2,2022-07-15,2032-05-15,33000000000,32988390000,6827870000,5929000000,20231520000,37206110400,4206097400,2.9600,2.340000,0.206978,2022-07-07,R_20220712_2.pdf,,"https://api.fiscaldata.treasury.gov/services/api/fiscal_service/v1/accounting/od/auctions_query?filter=security_type:in:(Note,Bond),auction_date:gte:2009-01-01&page%5Bsize%5D=10000&page%5Bnumber%5D=1&sort=auction_date",fetched,2026-09-30T10:44:13Z
2022-07-13,13:00,2022-07-13T13:00:00-04:00,2022-07-13T17:00:00Z,12:00,NOMINAL,30y,original,False,Bond,29-Year 10-Month,30-Year,Yes,912810TG3,2022-07-15,2052-05-15,19000000000,18997865100,1988000000,3103450000,13906415100,21421698300,2421692400,3.1150,2.440000,0.104643,2022-07-07,R_20220713_2.pdf,,"https://api.fiscaldata.treasury.gov/services/api/fiscal_service/v1/accounting/od/auctions_query?filter=security_type:in:(Note,Bond),auction_date:gte:2009-01-01&page%5Bsize%5D=10000&page%5Bnumber%5D=1&sort=auction_date",fetched,2026-09-30T10:44:13Z
2022-07-14,13:00,2022-07-14T13:00:00-04:00,2022-07-14T17:00:00Z,,FRN,2y,original,True,Note,1-Year 10-Month,2-Year,Yes,91282CEL1,2022-07-18,2024-04-30,25000000,25000000,25000000,0,0,25000000,0,,5.320000,1.000000,2022-07-14,R_20220714_9.pdf,,"https://api.fiscaldata.treasury.gov/services/api/fiscal_service/v1/accounting/od/auctions_query?filter=security_type:in:(Note,Bond),auction_date:gte:2009-01-01&page%5Bsize%5D=10000&page%5Bnumber%5D=1&sort=auction_date",fetched,2026-09-30T10:44:13Z
2022-07-20,13:00,2022-07-20T13:00:00-04:00,2022-07-20T17:00:00Z,12:00,NOMINAL,20y,original,False,Bond,19-Year 10-Month,20-Year,Yes,912810TH1,2022-08-01,2042-05-15,14000000000,13980661700,1110241400,1970000000,10900420300,15214669000,1214667200,3.4200,2.650000,0.079413,2022-07-14,R_20220720_2.pdf,,"https://api.fiscaldata.treasury.gov/services/api/fiscal_service/v1/accounting/od/auctions_query?filter=security_type:in:(Note,Bond),auction_date:gte:2009-01-01&page%5Bsize%5D=10000&page%5Bnumber%5D=1&sort=auction_date",fetched,2026-09-30T10:44:13Z
2022-07-21,13:00,2022-07-21T13:00:00-04:00,2022-07-21T17:00:00Z,12:00,TIPS,10y,original,False,Note,10-Year,10-Year,No,91282CEZ0,2022-07-29,2032-07-15,17000000000,16913863500,2679726500,2888000000,11346137000,17000000400,0,0.6300,2.180000,0.158434,2022-07-14,R_20220721_3.pdf,,"https://api.fiscaldata.treasury.gov/services/api/fiscal_service/v1/accounting/od/auctions_query?filter=security_type:in:(Note,Bond),auction_date:gte:2009-01-01&page%5Bsize%5D=10000&page%5Bnumber%5D=1&sort=auction_date",fetched,2026-09-30T10:44:13Z
2022-07-25,13:00,2022-07-25T13:00:00-04:00,2022-07-25T17:00:00Z,12:00,NOMINAL,2y,original,False,Note,2-Year,2-Year,No,91282CFA4,2022-08-01,2024-07-31,45000000000,44253657400,7941490000,8855682400,27456485000,48904336300,3904287700,3.0150,2.580000,0.179454,2022-07-21,R_20220725_3.pdf,,"https://api.fiscaldata.treasury.gov/services/api/fiscal_service/v1/accounting/od/auctions_query?filter=security_type:in:(Note,Bond),auction_date:gte:2009-01-01&page%5Bsize%5D=10000&page%5Bnumber%5D=1&sort=auction_date",fetched,2026-09-30T10:44:13Z
2022-07-26,13:00,2022-07-26T13:00:00-04:00,2022-07-26T17:00:00Z,12:00,NOMINAL,5y,original,False,Note,5-Year,5-Year,No,91282CFB2,2022-08-01,2027-07-31,46000000000,45932955000,7722335000,7723500000,30487120000,49991086600,3991049500,2.8600,2.460000,0.168122,2022-07-21,R_20220726_1.pdf,,"https://api.fiscaldata.treasury.gov/services/api/fiscal_service/v1/accounting/od/auctions_query?filter=security_type:in:(Note,Bond),auction_date:gte:2009-01-01&page%5Bsize%5D=10000&page%5Bnumber%5D=1&sort=auction_date",fetched,2026-09-30T10:44:13Z
2022-07-27,11:30,2022-07-27T11:30:00-04:00,2022-07-27T15:30:00Z,11:00,FRN,2y,original,False,Note,2-Year,2-Year,No,91282CFD8,2022-08-01,2024-07-31,24000000000,23976282600,7075525000,260000000,16640757600,26082304300,2082286800,,3.130000,0.295105,2022-07-21,R_20220727_1.pdf,,"https://api.fiscaldata.treasury.gov/services/api/fiscal_service/v1/accounting/od/auctions_query?filter=security_type:in:(Note,Bond),auction_date:gte:2009-01-01&page%5Bsize%5D=10000&page%5Bnumber%5D=1&sort=auction_date",fetched,2026-09-30T10:44:13Z
2022-07-28,13:00,2022-07-28T13:00:00-04:00,2022-07-28T17:00:00Z,12:00,NOMINAL,7y,original,False,Note,7-Year,7-Year,No,91282CFC0,2022-08-01,2029-07-31,38000000000,37986148000,4037280000,7003480000,26945388000,41297000800,3296953900,2.7300,2.600000,0.106283,2022-07-21,R_20220728_3.pdf,,"https://api.fiscaldata.treasury.gov/services/api/fiscal_service/v1/accounting/od/auctions_query?filter=security_type:in:(Note,Bond),auction_date:gte:2009-01-01&page%5Bsize%5D=10000&page%5Bnumber%5D=1&sort=auction_date",fetched,2026-09-30T10:44:13Z
2022-08-09,13:00,2022-08-09T13:00:00-04:00,2022-08-09T17:00:00Z,12:00,NOMINAL,3y,original,False,Note,3-Year,3-Year,No,91282CFE6,2022-08-15,2025-08-15,42000000000,41704680000,8191625000,7207500000,26305555000,68564317600,26564314000,3.2020,2.500000,0.196420,2022-08-03,R_20220809_2.pdf,,"https://api.fiscaldata.treasury.gov/services/api/fiscal_service/v1/accounting/od/auctions_query?filter=security_type:in:(Note,Bond),auction_date:gte:2009-01-01&page%5Bsize%5D=10000&page%5Bnumber%5D=1&sort=auction_date",fetched,2026-09-30T10:44:13Z
2022-08-10,13:00,2022-08-10T13:00:00-04:00,2022-08-10T17:00:00Z,12:00,NOMINAL,10y,original,False,Note,10-Year,10-Year,No,91282CFF3,2022-08-15,2032-08-15,35000000000,34972143000,3469593000,5442000000,26060550000,57136938400,22136928300,2.7550,2.530000,0.099210,2022-08-03,R_20220810_2.pdf,,"https://api.fiscaldata.treasury.gov/services/api/fiscal_service/v1/accounting/od/auctions_query?filter=security_type:in:(Note,Bond),auction_date:gte:2009-01-01&page%5Bsize%5D=10000&page%5Bnumber%5D=1&sort=auction_date",fetched,2026-09-30T10:44:13Z
2022-08-11,13:00,2022-08-11T13:00:00-04:00,2022-08-11T17:00:00Z,12:00,NOMINAL,30y,original,False,Bond,30-Year,30-Year,No,912810TJ7,2022-08-15,2052-08-15,21000000000,20991551000,2275000000,3886400000,14830151000,34282158900,13282157000,3.1060,2.310000,0.108377,2022-08-03,R_20220811_3.pdf,,"https://api.fiscaldata.treasury.gov/services/api/fiscal_service/v1/accounting/od/auctions_query?filter=security_type:in:(Note,Bond),auction_date:gte:2009-01-01&page%5Bsize%5D=10000&page%5Bnumber%5D=1&sort=auction_date",fetched,2026-09-30T10:44:13Z
2022-08-17,13:00,2022-08-17T13:00:00-04:00,2022-08-17T17:00:00Z,12:00,NOMINAL,20y,original,False,Bond,20-Year,20-Year,No,912810TK4,2022-08-31,2042-08-15,15000000000,14975804000,2202984000,2743000000,10029820000,16952881200,1952865900,3.3800,2.300000,0.147103,2022-08-11,R_20220817_2.pdf,,"https://api.fiscaldata.treasury.gov/services/api/fiscal_service/v1/accounting/od/auctions_query?filter=security_type:in:(Note,Bond),auction_date:gte:2009-01-01&page%5Bsize%5D=10000&page%5Bnumber%5D=1&sort=auction_date",fetched,2026-09-30T10:44:13Z
2022-08-18,13:00,2022-08-18T13:00:00-04:00,2022-08-18T17:00:00Z,12:00,TIPS,30y,original,False,Bond,29-Year 6-Month,30-Year,Yes,912810TE8,2022-08-31,2052-02-15,8000000000,7993466300,885625000,961000000,6146841300,9041546900,1041528400,0.9200,2.690000,0.110794,2022-08-11,R_20220818_3.pdf,,"https://api.fiscaldata.treasury.gov/services/api/fiscal_service/v1/accounting/od/auctions_query?filter=security_type:in:(Note,Bond),auction_date:gte:2009-01-01&page%5Bsize%5D=10000&page%5Bnumber%5D=1&sort=auction_date",fetched,2026-09-30T10:44:13Z
2022-08-23,13:00,2022-08-23T13:00:00-04:00,2022-08-23T17:00:00Z,12:00,NOMINAL,2y,original,False,Note,2-Year,2-Year,No,91282CFG1,2022-08-31,2024-08-31,44000000000,43039847000,9878580000,7452000000,25709267000,49728465100,5728406800,3.3070,2.490000,0.229522,2022-08-18,R_20220823_2.pdf,,"https://api.fiscaldata.treasury.gov/services/api/fiscal_service/v1/accounting/od/auctions_query?filter=security_type:in:(Note,Bond),auction_date:gte:2009-01-01&page%5Bsize%5D=10000&page%5Bnumber%5D=1&sort=auction_date",fetched,2026-09-30T10:44:13Z
2022-08-24,11:30,2022-08-24T11:30:00-04:00,2022-08-24T15:30:00Z,11:00,FRN,2y,original,False,Note,1-Year 11-Month,2-Year,Yes,91282CFD8,2022-08-26,2024-07-31,22000000000,21960190000,9234290000,194900000,12531000000,22000011500,0,,2.570000,0.420501,2022-08-18,R_20220824_2.pdf,NOMINAL-5y@13:00,"https://api.fiscaldata.treasury.gov/services/api/fiscal_service/v1/accounting/od/auctions_query?filter=security_type:in:(Note,Bond),auction_date:gte:2009-01-01&page%5Bsize%5D=10000&page%5Bnumber%5D=1&sort=auction_date",fetched,2026-09-30T10:44:13Z
2022-08-24,13:00,2022-08-24T13:00:00-04:00,2022-08-24T17:00:00Z,12:00,NOMINAL,5y,original,False,Note,5-Year,5-Year,No,91282CFH9,2022-08-31,2027-08-31,45000000000,44899090000,9251960000,8179000000,27468130000,50858640200,5858597800,3.2300,2.300000,0.206061,2022-08-18,R_20220824_3.pdf,FRN-2y@11:30,"https://api.fiscaldata.treasury.gov/services/api/fiscal_service/v1/accounting/od/auctions_query?filter=security_type:in:(Note,Bond),auction_date:gte:2009-01-01&page%5Bsize%5D=10000&page%5Bnumber%5D=1&sort=auction_date",fetched,2026-09-30T10:44:13Z
2022-08-25,13:00,2022-08-25T13:00:00-04:00,2022-08-25T17:00:00Z,12:00,NOMINAL,7y,original,False,Note,7-Year,7-Year,No,91282CFJ5,2022-08-31,2029-08-31,37000000000,36980452100,3174403000,5805500000,28000549100,41817126000,4817069300,3.1300,2.650000,0.085840,2022-08-18,R_20220825_3.pdf,,"https://api.fiscaldata.treasury.gov/services/api/fiscal_service/v1/accounting/od/auctions_query?filter=security_type:in:(Note,Bond),auction_date:gte:2009-01-01&page%5Bsize%5D=10000&page%5Bnumber%5D=1&sort=auction_date",fetched,2026-09-30T10:44:13Z
2022-09-12,11:30,2022-09-12T11:30:00-04:00,2022-09-12T15:30:00Z,11:00,NOMINAL,3y,original,False,Note,3-Year,3-Year,No,91282CFK2,2022-09-15,2025-09-15,41000000000,40791578000,9627585000,8913000000,22250993000,41000013000,0,3.5640,2.490000,0.236019,2022-09-08,R_20220912_2.pdf,NOMINAL-10y@13:00,"https://api.fiscaldata.treasury.gov/services/api/fiscal_service/v1/accounting/od/auctions_query?filter=security_type:in:(Note,Bond),auction_date:gte:2009-01-01&page%5Bsize%5D=10000&page%5Bnumber%5D=1&sort=auction_date",fetched,2026-09-30T10:44:13Z
2022-09-12,13:00,2022-09-12T13:00:00-04:00,2022-09-12T17:00:00Z,12:00,NOMINAL,10y,original,False,Note,9-Year 11-Month,10-Year,Yes,91282CFF3,2022-09-15,2032-08-15,32000000000,31981829000,6336744000,5721000000,19924085000,32000010400,0,3.3300,2.370000,0.198136,2022-09-08,R_20220912_3.pdf,NOMINAL-3y@11:30,"https://api.fiscaldata.treasury.gov/services/api/fiscal_service/v1/accounting/od/auctions_query?filter=security_type:in:(Note,Bond),auction_date:gte:2009-01-01&page%5Bsize%5D=10000&page%5Bnumber%5D=1&sort=auction_date",fetched,2026-09-30T10:44:13Z
2022-09-13,13:00,2022-09-13T13:00:00-04:00,2022-09-13T17:00:00Z,12:00,NOMINAL,30y,original,False,Bond,29-Year 11-Month,30-Year,Yes,912810TJ7,2022-09-15,2052-08-15,18000000000,17996633400,1952911900,3070100000,12973621500,18000009800,0,3.5110,2.420000,0.108515,2022-09-08,R_20220913_1.pdf,,"https://api.fiscaldata.treasury.gov/services/api/fiscal_service/v1/accounting/od/auctions_query?filter=security_type:in:(Note,Bond),auction_date:gte:2009-01-01&page%5Bsize%5D=10000&page%5Bnumber%5D=1&sort=auction_date",fetched,2026-09-30T10:44:13Z
2022-09-20,13:00,2022-09-20T13:00:00-04:00,2022-09-20T17:00:00Z,12:00,NOMINAL,20y,original,False,Bond,19-Year 11-Month,20-Year,Yes,912810TK4,2022-09-30,2042-08-15,12000000000,11989480000,966529000,1992500000,9030451000,12000023100,0,3.8200,2.650000,0.080615,2022-09-15,R_20220920_1.pdf,,"https://api.fiscaldata.treasury.gov/services/api/fiscal_service/v1/accounting/od/auctions_query?filter=security_type:in:(Note,Bond),auction_date:gte:2009-01-01&page%5Bsize%5D=10000&page%5Bnumber%5D=1&sort=auction_date",fetched,2026-09-30T10:44:13Z
2022-09-22,13:00,2022-09-22T13:00:00-04:00,2022-09-22T17:00:00Z,12:00,TIPS,10y,original,False,Note,9-Year 10-Month,10-Year,Yes,91282CEZ0,2022-09-30,2032-07-15,15000000000,14951115000,1179000000,3188300000,10583815000,15000099700,0,1.2480,2.540000,0.078857,2022-09-15,R_20220922_3.pdf,,"https://api.fiscaldata.treasury.gov/services/api/fiscal_service/v1/accounting/od/auctions_query?filter=security_type:in:(Note,Bond),auction_date:gte:2009-01-01&page%5Bsize%5D=10000&page%5Bnumber%5D=1&sort=auction_date",fetched,2026-09-30T10:44:13Z
2022-09-26,13:00,2022-09-26T13:00:00-04:00,2022-09-26T17:00:00Z,12:00,NOMINAL,2y,original,False,Note,2-Year,2-Year,No,91282CFN6,2022-09-30,2024-09-30,43000000000,41136040500,9133651500,10219000000,21783389000,43000123700,0,4.2900,2.510000,0.222035,2022-09-22,R_20220926_3.pdf,,"https://api.fiscaldata.treasury.gov/services/api/fiscal_service/v1/accounting/od/auctions_query?filter=security_type:in:(Note,Bond),auction_date:gte:2009-01-01&page%5Bsize%5D=10000&page%5Bnumber%5D=1&sort=auction_date",fetched,2026-09-30T10:44:13Z
2022-09-27,13:00,2022-09-27T13:00:00-04:00,2022-09-27T17:00:00Z,12:00,NOMINAL,5y,original,False,Note,5-Year,5-Year,No,91282CFM8,2022-09-30,2027-09-30,44000000000,43805510000,9514000000,8192000000,26099510000,44000107900,0,4.2280,2.270000,0.217187,2022-09-22,R_20220927_1.pdf,,"https://api.fiscaldata.treasury.gov/services/api/fiscal_service/v1/accounting/od/auctions_query?filter=security_type:in:(Note,Bond),auction_date:gte:2009-01-01&page%5Bsize%5D=10000&page%5Bnumber%5D=1&sort=auction_date",fetched,2026-09-30T10:44:13Z
2022-09-28,11:30,2022-09-28T11:30:00-04:00,2022-09-28T15:30:00Z,11:00,FRN,2y,original,False,Note,1-Year 10-Month,2-Year,Yes,91282CFD8,2022-09-30,2024-07-31,22000000000,21966440000,7495840000,375000000,14095600000,22000029100,0,,2.840000,0.341241,2022-09-22,R_20220928_1.pdf,NOMINAL-7y@13:00,"https://api.fiscaldata.treasury.gov/services/api/fiscal_service/v1/accounting/od/auctions_query?filter=security_type:in:(Note,Bond),auction_date:gte:2009-01-01&page%5Bsize%5D=10000&page%5Bnumber%5D=1&sort=auction_date",fetched,2026-09-30T10:44:13Z
2022-09-28,13:00,2022-09-28T13:00:00-04:00,2022-09-28T17:00:00Z,12:00,NOMINAL,7y,original,False,Note,7-Year,7-Year,No,91282CFL0,2022-09-30,2029-09-30,36000000000,35947089000,4618000000,8865400000,22463689000,36000003600,0,3.8980,2.570000,0.128467,2022-09-22,R_20220928_3.pdf,FRN-2y@11:30,"https://api.fiscaldata.treasury.gov/services/api/fiscal_service/v1/accounting/od/auctions_query?filter=security_type:in:(Note,Bond),auction_date:gte:2009-01-01&page%5Bsize%5D=10000&page%5Bnumber%5D=1&sort=auction_date",fetched,2026-09-30T10:44:13Z
2022-10-11,13:00,2022-10-11T13:00:00-04:00,2022-10-11T17:00:00Z,12:00,NOMINAL,3y,original,False,Note,3-Year,3-Year,No,91282CFP1,2022-10-17,2025-10-15,40000000000,39502040000,10685170000,7724000000,21092870000,40000009700,0,4.3180,2.570000,0.270497,2022-10-06,R_20221011_3.pdf,,"https://api.fiscaldata.treasury.gov/services/api/fiscal_service/v1/accounting/od/auctions_query?filter=security_type:in:(Note,Bond),auction_date:gte:2009-01-01&page%5Bsize%5D=10000&page%5Bnumber%5D=1&sort=auction_date",fetched,2026-09-30T10:44:13Z
2022-10-12,13:00,2022-10-12T13:00:00-04:00,2022-10-12T17:00:00Z,12:00,NOMINAL,10y,original,False,Note,9-Year 10-Month,10-Year,Yes,91282CFF3,2022-10-17,2032-08-15,32000000000,31985066500,6300632500,7520600000,18163834000,32000029600,0,3.9300,2.340000,0.196987,2022-10-06,R_20221012_2.pdf,,"https://api.fiscaldata.treasury.gov/services/api/fiscal_service/v1/accounting/od/auctions_query?filter=security_type:in:(Note,Bond),auction_date:gte:2009-01-01&page%5Bsize%5D=10000&page%5Bnumber%5D=1&sort=auction_date",fetched,2026-09-30T10:44:13Z
2022-10-13,13:00,2022-10-13T13:00:00-04:00,2022-10-13T17:00:00Z,12:00,NOMINAL,30y,original,False,Bond,29-Year 10-Month,30-Year,Yes,912810TJ7,2022-10-17,2052-08-15,18000000000,17990969000,2198950000,3355600000,12436419000,18000001400,0,3.9300,2.390000,0.122225,2022-10-06,R_20221013_3.pdf,,"https://api.fiscaldata.treasury.gov/services/api/fiscal_service/v1/accounting/od/auctions_query?filter=security_type:in:(Note,Bond),auction_date:gte:2009-01-01&page%5Bsize%5D=10000&page%5Bnumber%5D=1&sort=auction_date",fetched,2026-09-30T10:44:13Z
2022-10-19,13:00,2022-10-19T13:00:00-04:00,2022-10-19T17:00:00Z,12:00,NOMINAL,20y,original,False,Bond,19-Year 10-Month,20-Year,Yes,912810TK4,2022-10-31,2042-08-15,12000000000,11965293000,1966430000,2376843000,7622020000,12000010800,0,4.3950,2.500000,0.164344,2022-10-13,R_20221019_2.pdf,,"https://api.fiscaldata.treasury.gov/services/api/fiscal_service/v1/accounting/od/auctions_query?filter=security_type:in:(Note,Bond),auction_date:gte:2009-01-01&page%5Bsize%5D=10000&page%5Bnumber%5D=1&sort=auction_date",fetched,2026-09-30T10:44:13Z
2022-10-20,13:00,2022-10-20T13:00:00-04:00,2022-10-20T17:00:00Z,12:00,TIPS,5y,original,False,Note,5-Year,5-Year,No,91282CFR7,2022-10-31,2027-10-15,21000000000,20743965500,1604815500,3529000000,15610150000,21000000000,0,1.7320,2.380000,0.077363,2022-10-13,R_20221020_3.pdf,,"https://api.fiscaldata.treasury.gov/services/api/fiscal_service/v1/accounting/od/auctions_query?filter=security_type:in:(Note,Bond),auction_date:gte:2009-01-01&page%5Bsize%5D=10000&page%5Bnumber%5D=1&sort=auction_date",fetched,2026-09-30T10:44:13Z
2022-10-25,13:00,2022-10-25T13:00:00-04:00,2022-10-25T17:00:00Z,12:00,NOMINAL,2y,original,False,Note,2-Year,2-Year,No,91282CFQ9,2022-10-31,2024-10-31,42000000000,40527786000,9812941000,10244600000,20470245000,42000045400,0,4.4600,2.590000,0.242129,2022-10-20,R_20221025_1.pdf,,"https://api.fiscaldata.treasury.gov/services/api/fiscal_service/v1/accounting/od/auctions_query?filter=security_type:in:(Note,Bond),auction_date:gte:2009-01-01&page%5Bsize%5D=10000&page%5Bnumber%5D=1&sort=auction_date",fetched,2026-09-30T10:44:13Z
2022-10-26,11:30,2022-10-26T11:30:00-04:00,2022-10-26T15:30:00Z,11:00,FRN,2y,original,False,Note,2-Year,2-Year,No,91282CFS5,2022-10-31,2024-10-31,24000000000,23957062500,6212112500,350000000,17394950000,24000072400,0,,2.650000,0.259302,2022-10-20,R_20221026_1.pdf,NOMINAL-5y@13:00,"https://api.fiscaldata.treasury.gov/services/api/fiscal_service/v1/accounting/od/auctions_query?filter=security_type:in:(Note,Bond),auction_date:gte:2009-01-01&page%5Bsize%5D=10000&page%5Bnumber%5D=1&sort=auction_date",fetched,2026-09-30T10:44:13Z
2022-10-26,13:00,2022-10-26T13:00:00-04:00,2022-10-26T17:00:00Z,12:00,NOMINAL,5y,original,False,Note,5-Year,5-Year,No,91282CFU0,2022-10-31,2027-10-31,43000000000,42777382000,7042830000,6655500000,29079052000,43000006400,0,4.1920,2.480000,0.164639,2022-10-20,R_20221026_3.pdf,FRN-2y@11:30,"https://api.fiscaldata.treasury.gov/services/api/fiscal_service/v1/accounting/od/auctions_query?filter=security_type:in:(Note,Bond),auction_date:gte:2009-01-01&page%5Bsize%5D=10000&page%5Bnumber%5D=1&sort=auction_date",fetched,2026-09-30T10:44:13Z
2022-10-27,13:00,2022-10-27T13:00:00-04:00,2022-10-27T17:00:00Z,12:00,NOMINAL,7y,original,False,Note,7-Year,7-Year,No,91282CFT3,2022-10-31,2029-10-31,35000000000,34956232800,4933492500,7941356300,22081384000,35000027000,0,4.0270,2.430000,0.141133,2022-10-20,R_20221027_3.pdf,,"https://api.fiscaldata.treasury.gov/services/api/fiscal_service/v1/accounting/od/auctions_query?filter=security_type:in:(Note,Bond),auction_date:gte:2009-01-01&page%5Bsize%5D=10000&page%5Bnumber%5D=1&sort=auction_date",fetched,2026-09-30T10:44:13Z
2022-11-08,13:00,2022-11-08T13:00:00-05:00,2022-11-08T18:00:00Z,12:00,NOMINAL,3y,original,False,Note,3-Year,3-Year,No,91282CFW6,2022-11-15,2025-11-15,40000000000,39411710000,8188975000,6716100000,24506635000,54027076300,14027052200,4.6050,2.570000,0.207780,2022-11-02,R_20221108_1.pdf,,"https://api.fiscaldata.treasury.gov/services/api/fiscal_service/v1/accounting/od/auctions_query?filter=security_type:in:(Note,Bond),auction_date:gte:2009-01-01&page%5Bsize%5D=10000&page%5Bnumber%5D=1&sort=auction_date",fetched,2026-09-30T10:44:13Z
2022-11-09,13:00,2022-11-09T13:00:00-05:00,2022-11-09T18:00:00Z,12:00,NOMINAL,10y,original,False,Note,10-Year,10-Year,No,91282CFV8,2022-11-15,2032-11-15,35000000000,34879130000,8520247500,6303000000,20055882500,47273701400,12273670600,4.1400,2.230000,0.244279,2022-11-02,R_20221109_2.pdf,,"https://api.fiscaldata.treasury.gov/services/api/fiscal_service/v1/accounting/od/auctions_query?filter=security_type:in:(Note,Bond),auction_date:gte:2009-01-01&page%5Bsize%5D=10000&page%5Bnumber%5D=1&sort=auction_date",fetched,2026-09-30T10:44:13Z
2022-11-10,13:00,2022-11-10T13:00:00-05:00,2022-11-10T18:00:00Z,12:00,NOMINAL,30y,original,False,Bond,30-Year,30-Year,No,912810TL2,2022-11-15,2052-11-15,21000000000,20964791200,2030932000,4273800000,14660059200,28364253300,7364202400,4.0800,2.420000,0.096873,2022-11-02,R_20221110_3.pdf,,"https://api.fiscaldata.treasury.gov/services/api/fiscal_service/v1/accounting/od/auctions_query?filter=security_type:in:(Note,Bond),auction_date:gte:2009-01-01&page%5Bsize%5D=10000&page%5Bnumber%5D=1&sort=auction_date",fetched,2026-09-30T10:44:13Z
2022-11-16,13:00,2022-11-16T13:00:00-05:00,2022-11-16T18:00:00Z,12:00,NOMINAL,20y,original,False,Bond,20-Year,20-Year,No,912810TM0,2022-11-30,2042-11-15,15000000000,14897800100,1378000000,2295000000,11224800100,16630739200,1630725800,4.0720,2.640000,0.092497,2022-11-10,R_20221116_2.pdf,,"https://api.fiscaldata.treasury.gov/services/api/fiscal_service/v1/accounting/od/auctions_query?filter=security_type:in:(Note,Bond),auction_date:gte:2009-01-01&page%5Bsize%5D=10000&page%5Bnumber%5D=1&sort=auction_date",fetched,2026-09-30T10:44:13Z
2022-11-17,13:00,2022-11-17T13:00:00-05:00,2022-11-17T18:00:00Z,12:00,TIPS,10y,original,False,Note,9-Year 8-Month,10-Year,Yes,91282CEZ0,2022-11-30,2032-07-15,15000000000,14962102000,1416742000,2410000000,11135360000,16630747900,1630725800,1.4850,2.250000,0.094689,2022-11-10,R_20221117_3.pdf,,"https://api.fiscaldata.treasury.gov/services/api/fiscal_service/v1/accounting/od/auctions_query?filter=security_type:in:(Note,Bond),auction_date:gte:2009-01-01&page%5Bsize%5D=10000&page%5Bnumber%5D=1&sort=auction_date",fetched,2026-09-30T10:44:13Z
2022-11-21,11:30,2022-11-21T11:30:00-05:00,2022-11-21T16:30:00Z,11:00,NOMINAL,2y,original,False,Note,2-Year,2-Year,No,91282CFX4,2022-11-30,2024-11-30,42000000000,40926642500,8441050000,9164525000,23321067500,46566125200,4566032400,4.5050,2.640000,0.206248,2022-11-17,R_20221121_1.pdf,NOMINAL-5y@13:00,"https://api.fiscaldata.treasury.gov/services/api/fiscal_service/v1/accounting/od/auctions_query?filter=security_type:in:(Note,Bond),auction_date:gte:2009-01-01&page%5Bsize%5D=10000&page%5Bnumber%5D=1&sort=auction_date",fetched,2026-09-30T10:44:13Z
2022-11-21,13:00,2022-11-21T13:00:00-05:00,2022-11-21T18:00:00Z,12:00,NOMINAL,5y,original,False,Note,5-Year,5-Year,No,91282CFZ9,2022-11-30,2027-11-30,43000000000,42854513600,6457253000,8016895000,28380365600,47674762400,4674747500,3.9740,2.390000,0.150678,2022-11-17,R_20221121_3.pdf,NOMINAL-2y@11:30,"https://api.fiscaldata.treasury.gov/services/api/fiscal_service/v1/accounting/od/auctions_query?filter=security_type:in:(Note,Bond),auction_date:gte:2009-01-01&page%5Bsize%5D=10000&page%5Bnumber%5D=1&sort=auction_date",fetched,2026-09-30T10:44:13Z
2022-11-22,11:30,2022-11-22T11:30:00-05:00,2022-11-22T16:30:00Z,11:00,FRN,2y,original,False,Note,1-Year 11-Month,2-Year,Yes,91282CFS5,2022-11-25,2024-10-31,22000000000,21930915000,11339915000,1025000000,9566000000,22000102000,0,,2.450000,0.517074,2022-11-17,R_20221122_1.pdf,NOMINAL-7y@13:00,"https://api.fiscaldata.treasury.gov/services/api/fiscal_service/v1/accounting/od/auctions_query?filter=security_type:in:(Note,Bond),auction_date:gte:2009-01-01&page%5Bsize%5D=10000&page%5Bnumber%5D=1&sort=auction_date",fetched,2026-09-30T10:44:13Z
2022-11-22,13:00,2022-11-22T13:00:00-05:00,2022-11-22T18:00:00Z,12:00,NOMINAL,7y,original,False,Note,7-Year,7-Year,No,91282CFY2,2022-11-30,2029-11-30,35000000000,34961096000,7465736000,5856990000,21638370000,38805040100,3805026900,3.8900,2.330000,0.213544,2022-11-17,R_20221122_2.pdf,FRN-2y@11:30,"https://api.fiscaldata.treasury.gov/services/api/fiscal_service/v1/accounting/od/auctions_query?filter=security_type:in:(Note,Bond),auction_date:gte:2009-01-01&page%5Bsize%5D=10000&page%5Bnumber%5D=1&sort=auction_date",fetched,2026-09-30T10:44:13Z
2022-12-12,11:30,2022-12-12T11:30:00-05:00,2022-12-12T16:30:00Z,11:00,NOMINAL,3y,original,False,Note,3-Year,3-Year,No,91282CGA3,2022-12-15,2025-12-15,40000000000,39545800000,7060000000,8083000000,24402800000,40000047800,0,4.0930,2.550000,0.178527,2022-12-08,R_20221212_2.pdf,NOMINAL-10y@13:00,"https://api.fiscaldata.treasury.gov/services/api/fiscal_service/v1/accounting/od/auctions_query?filter=security_type:in:(Note,Bond),auction_date:gte:2009-01-01&page%5Bsize%5D=10000&page%5Bnumber%5D=1&sort=auction_date",fetched,2026-09-30T10:44:13Z
2022-12-12,13:00,2022-12-12T13:00:00-05:00,2022-12-12T18:00:00Z,12:00,NOMINAL,10y,original,False,Note,9-Year 11-Month,10-Year,Yes,91282CFV8,2022-12-15,2032-11-15,32000000000,31952660000,6984090000,5974000000,18994570000,32000004400,0,3.6250,2.310000,0.218576,2022-12-08,R_20221212_3.pdf,NOMINAL-3y@11:30,"https://api.fiscaldata.treasury.gov/services/api/fiscal_service/v1/accounting/od/auctions_query?filter=security_type:in:(Note,Bond),auction_date:gte:2009-01-01&page%5Bsize%5D=10000&page%5Bnumber%5D=1&sort=auction_date",fetched,2026-09-30T10:44:13Z
2022-12-13,13:00,2022-12-13T13:00:00-05:00,2022-12-13T18:00:00Z,12:00,NOMINAL,30y,original,False,Bond,29-Year 11-Month,30-Year,Yes,912810TL2,2022-12-15,2052-11-15,18000000000,17977779200,2756104000,4153400000,11068275200,18000021400,0,3.5130,2.250000,0.153306,2022-12-08,R_20221213_1.pdf,,"https://api.fiscaldata.treasury.gov/services/api/fiscal_service/v1/accounting/od/auctions_query?filter=security_type:in:(Note,Bond),auction_date:gte:2009-01-01&page%5Bsize%5D=10000&page%5Bnumber%5D=1&sort=auction_date",fetched,2026-09-30T10:44:13Z
2022-12-21,13:00,2022-12-21T13:00:00-05:00,2022-12-21T18:00:00Z,12:00,NOMINAL,20y,original,False,Bond,19-Year 11-Month,20-Year,Yes,912810TM0,2023-01-03,2042-11-15,12000000000,11940441500,1037415000,2270000000,8633026500,12000000800,0,3.9350,2.680000,0.086882,2022-12-15,R_20221221_2.pdf,,"https://api.fiscaldata.treasury.gov/services/api/fiscal_service/v1/accounting/od/auctions_query?filter=security_type:in:(Note,Bond),auction_date:gte:2009-01-01&page%5Bsize%5D=10000&page%5Bnumber%5D=1&sort=auction_date",fetched,2026-09-30T10:44:13Z
2022-12-22,13:00,2022-12-22T13:00:00-05:00,2022-12-22T18:00:00Z,12:00,TIPS,5y,original,False,Note,4-Year 10-Month,5-Year,Yes,91282CFR7,2022-12-30,2027-10-15,19000000000,18829737500,1533247500,3350000000,13946490000,19000000300,0,1.5040,2.510000,0.081427,2022-12-15,R_20221222_3.pdf,,"https://api.fiscaldata.treasury.gov/services/api/fiscal_service/v1/accounting/od/auctions_query?filter=security_type:in:(Note,Bond),auction_date:gte:2009-01-01&page%5Bsize%5D=10000&page%5Bnumber%5D=1&sort=auction_date",fetched,2026-09-30T10:44:13Z
2022-12-27,13:00,2022-12-27T13:00:00-05:00,2022-12-27T18:00:00Z,12:00,NOMINAL,2y,original,False,Note,2-Year,2-Year,No,91282CGD7,2023-01-03,2024-12-31,42000000000,41144126000,7846000000,7697666000,25600460000,42000043000,0,4.3730,2.710000,0.190696,2022-12-22,R_20221227_4.pdf,,"https://api.fiscaldata.treasury.gov/services/api/fiscal_service/v1/accounting/od/auctions_query?filter=security_type:in:(Note,Bond),auction_date:gte:2009-01-01&page%5Bsize%5D=10000&page%5Bnumber%5D=1&sort=auction_date",fetched,2026-09-30T10:44:13Z
2022-12-28,11:30,2022-12-28T11:30:00-05:00,2022-12-28T16:30:00Z,11:00,FRN,2y,original,False,Note,1-Year 10-Month,2-Year,Yes,91282CFS5,2022-12-30,2024-10-31,22000000000,21966939000,8440000000,200000000,13326939000,22000190300,0,,3.400000,0.384214,2022-12-22,R_20221228_2.pdf,NOMINAL-5y@13:00,"https://api.fiscaldata.treasury.gov/services/api/fiscal_service/v1/accounting/od/auctions_query?filter=security_type:in:(Note,Bond),auction_date:gte:2009-01-01&page%5Bsize%5D=10000&page%5Bnumber%5D=1&sort=auction_date",fetched,2026-09-30T10:44:13Z
2022-12-28,13:00,2022-12-28T13:00:00-05:00,2022-12-28T18:00:00Z,12:00,NOMINAL,5y,original,False,Note,5-Year,5-Year,No,91282CGC9,2023-01-03,2027-12-31,43000000000,42861166900,7253180000,7957034900,27650952000,43000018900,0,3.9730,2.460000,0.169225,2022-12-22,R_20221228_3.pdf,FRN-2y@11:30,"https://api.fiscaldata.treasury.gov/services/api/fiscal_service/v1/accounting/od/auctions_query?filter=security_type:in:(Note,Bond),auction_date:gte:2009-01-01&page%5Bsize%5D=10000&page%5Bnumber%5D=1&sort=auction_date",fetched,2026-09-30T10:44:13Z
2022-12-29,13:00,2022-12-29T13:00:00-05:00,2022-12-29T18:00:00Z,12:00,NOMINAL,7y,original,False,Note,7-Year,7-Year,No,91282CGB1,2023-01-03,2029-12-31,35000000000,34946725000,5505060000,5650100000,23791565000,35000010200,0,3.9210,2.450000,0.157527,2022-12-22,R_20221229_3.pdf,,"https://api.fiscaldata.treasury.gov/services/api/fiscal_service/v1/accounting/od/auctions_query?filter=security_type:in:(Note,Bond),auction_date:gte:2009-01-01&page%5Bsize%5D=10000&page%5Bnumber%5D=1&sort=auction_date",fetched,2026-09-30T10:44:13Z
2023-01-10,13:00,2023-01-10T13:00:00-05:00,2023-01-10T18:00:00Z,12:00,NOMINAL,3y,original,False,Note,3-Year,3-Year,No,91282CGE5,2023-01-17,2026-01-15,40000000000,39795840000,6877000000,5244000000,27674840000,40000009200,0,3.9770,2.840000,0.172807,2023-01-05,R_20230110_1.pdf,,"https://api.fiscaldata.treasury.gov/services/api/fiscal_service/v1/accounting/od/auctions_query?filter=security_type:in:(Note,Bond),auction_date:gte:2009-01-01&page%5Bsize%5D=10000&page%5Bnumber%5D=1&sort=auction_date",fetched,2026-09-30T10:44:13Z
2023-01-11,13:00,2023-01-11T13:00:00-05:00,2023-01-11T18:00:00Z,12:00,NOMINAL,10y,original,False,Note,9-Year 10-Month,10-Year,Yes,91282CFV8,2023-01-17,2032-11-15,32000000000,31971531000,4816000000,5728380000,21427151000,32000033900,0,3.5750,2.530000,0.150634,2023-01-05,R_20230111_2.pdf,,"https://api.fiscaldata.treasury.gov/services/api/fiscal_service/v1/accounting/od/auctions_query?filter=security_type:in:(Note,Bond),auction_date:gte:2009-01-01&page%5Bsize%5D=10000&page%5Bnumber%5D=1&sort=auction_date",fetched,2026-09-30T10:44:13Z
2023-01-12,13:00,2023-01-12T13:00:00-05:00,2023-01-12T18:00:00Z,12:00,NOMINAL,30y,original,False,Bond,29-Year 10-Month,30-Year,Yes,912810TL2,2023-01-17,2052-11-15,18000000000,17986672000,1626132000,2937600000,13422940000,18000040700,0,3.5850,2.450000,0.090408,2023-01-05,R_20230112_4.pdf,,"https://api.fiscaldata.treasury.gov/services/api/fiscal_service/v1/accounting/od/auctions_query?filter=security_type:in:(Note,Bond),auction_date:gte:2009-01-01&page%5Bsize%5D=10000&page%5Bnumber%5D=1&sort=auction_date",fetched,2026-09-30T10:44:13Z
2023-01-18,13:00,2023-01-18T13:00:00-05:00,2023-01-18T18:00:00Z,12:00,NOMINAL,20y,original,False,Bond,19-Year 10-Month,20-Year,Yes,912810TM0,2023-01-31,2042-11-15,12000000000,11980222300,975000000,1870000000,9135222300,12000004700,0,3.6780,2.830000,0.081384,2023-01-12,R_20230118_2.pdf,,"https://api.fiscaldata.treasury.gov/services/api/fiscal_service/v1/accounting/od/auctions_query?filter=security_type:in:(Note,Bond),auction_date:gte:2009-01-01&page%5Bsize%5D=10000&page%5Bnumber%5D=1&sort=auction_date",fetched,2026-09-30T10:44:13Z
2023-01-19,13:00,2023-01-19T13:00:00-05:00,2023-01-19T18:00:00Z,12:00,TIPS,10y,original,False,Note,10-Year,10-Year,No,91282CGK1,2023-01-31,2033-01-15,17000000000,16908854100,1285000000,2220000000,13403854100,17000139300,0,1.2200,2.790000,0.075996,2023-01-12,R_20230119_4.pdf,,"https://api.fiscaldata.treasury.gov/services/api/fiscal_service/v1/accounting/od/auctions_query?filter=security_type:in:(Note,Bond),auction_date:gte:2009-01-01&page%5Bsize%5D=10000&page%5Bnumber%5D=1&sort=auction_date",fetched,2026-09-30T10:44:13Z
2023-01-24,13:00,2023-01-24T13:00:00-05:00,2023-01-24T18:00:00Z,12:00,NOMINAL,2y,original,False,Note,2-Year,2-Year,No,91282CGG0,2023-01-31,2025-01-31,42000000000,41380365000,6737000000,7750000000,26893365000,42000002800,0,4.1390,2.940000,0.162807,2023-01-19,R_20230124_2.pdf,,"https://api.fiscaldata.treasury.gov/services/api/fiscal_service/v1/accounting/od/auctions_query?filter=security_type:in:(Note,Bond),auction_date:gte:2009-01-01&page%5Bsize%5D=10000&page%5Bnumber%5D=1&sort=auction_date",fetched,2026-09-30T10:44:13Z
2023-01-25,11:30,2023-01-25T11:30:00-05:00,2023-01-25T16:30:00Z,11:00,FRN,2y,original,False,Note,2-Year,2-Year,No,91282CGF2,2023-01-31,2025-01-31,24000000000,23955925000,7792840000,25000000,16138085000,24000111300,0,,2.800000,0.325299,2023-01-19,R_20230125_1.pdf,NOMINAL-5y@13:00,"https://api.fiscaldata.treasury.gov/services/api/fiscal_service/v1/accounting/od/auctions_query?filter=security_type:in:(Note,Bond),auction_date:gte:2009-01-01&page%5Bsize%5D=10000&page%5Bnumber%5D=1&sort=auction_date",fetched,2026-09-30T10:44:13Z
2023-01-25,13:00,2023-01-25T13:00:00-05:00,2023-01-25T18:00:00Z,12:00,NOMINAL,5y,original,False,Note,5-Year,5-Year,No,91282CGH8,2023-01-31,2028-01-31,43000000000,42888479000,3783229000,6621570000,32483680000,43000012400,0,3.5300,2.640000,0.088211,2023-01-19,R_20230125_3.pdf,FRN-2y@11:30,"https://api.fiscaldata.treasury.gov/services/api/fiscal_service/v1/accounting/od/auctions_query?filter=security_type:in:(Note,Bond),auction_date:gte:2009-01-01&page%5Bsize%5D=10000&page%5Bnumber%5D=1&sort=auction_date",fetched,2026-09-30T10:44:13Z
2023-01-26,13:00,2023-01-26T13:00:00-05:00,2023-01-26T18:00:00Z,12:00,NOMINAL,7y,original,False,Note,7-Year,7-Year,No,91282CGJ4,2023-01-31,2030-01-31,35000000000,34962200000,2138250000,5879300000,26944650000,35000009400,0,3.5170,2.690000,0.061159,2023-01-19,R_20230126_3.pdf,,"https://api.fiscaldata.treasury.gov/services/api/fiscal_service/v1/accounting/od/auctions_query?filter=security_type:in:(Note,Bond),auction_date:gte:2009-01-01&page%5Bsize%5D=10000&page%5Bnumber%5D=1&sort=auction_date",fetched,2026-09-30T10:44:13Z
2023-02-07,13:00,2023-02-07T13:00:00-05:00,2023-02-07T18:00:00Z,12:00,NOMINAL,3y,original,False,Note,3-Year,3-Year,No,91282CGL9,2023-02-15,2026-02-15,40000000000,39717991000,7898050000,8365000000,23454941000,55631649500,15631526200,4.0730,2.330000,0.198853,2023-02-01,R_20230207_1.pdf,,"https://api.fiscaldata.treasury.gov/services/api/fiscal_service/v1/accounting/od/auctions_query?filter=security_type:in:(Note,Bond),auction_date:gte:2009-01-01&page%5Bsize%5D=10000&page%5Bnumber%5D=1&sort=auction_date",fetched,2026-09-30T10:44:13Z
2023-02-08,13:00,2023-02-08T13:00:00-05:00,2023-02-08T18:00:00Z,12:00,NOMINAL,10y,original,False,Note,10-Year,10-Year,No,91282CGM7,2023-02-15,2033-02-15,35000000000,34884868400,1870000000,5297784000,27717084400,48677914400,13677585300,3.6130,2.660000,0.053605,2023-02-01,R_20230208_2.pdf,,"https://api.fiscaldata.treasury.gov/services/api/fiscal_service/v1/accounting/od/auctions_query?filter=security_type:in:(Note,Bond),auction_date:gte:2009-01-01&page%5Bsize%5D=10000&page%5Bnumber%5D=1&sort=auction_date",fetched,2026-09-30T10:44:13Z
2023-02-09,13:00,2023-02-09T13:00:00-05:00,2023-02-09T18:00:00Z,12:00,NOMINAL,30y,original,False,Bond,30-Year,30-Year,No,912810TN8,2023-02-15,2053-02-15,21000000000,20982385000,3324655000,3974400000,13683330000,29206565300,8206551200,3.6860,2.250000,0.158450,2023-02-01,R_20230209_3.pdf,,"https://api.fiscaldata.treasury.gov/services/api/fiscal_service/v1/accounting/od/auctions_query?filter=security_type:in:(Note,Bond),auction_date:gte:2009-01-01&page%5Bsize%5D=10000&page%5Bnumber%5D=1&sort=auction_date",fetched,2026-09-30T10:44:13Z
2023-02-15,13:00,2023-02-15T13:00:00-05:00,2023-02-15T18:00:00Z,12:00,NOMINAL,20y,original,False,Bond,20-Year,20-Year,No,912810TQ1,2023-02-28,2043-02-15,15000000000,14957677000,1005945000,2688197000,11263535000,18408094800,3408061900,3.9770,2.540000,0.067253,2023-02-09,R_20230215_2.pdf,,"https://api.fiscaldata.treasury.gov/services/api/fiscal_service/v1/accounting/od/auctions_query?filter=security_type:in:(Note,Bond),auction_date:gte:2009-01-01&page%5Bsize%5D=10000&page%5Bnumber%5D=1&sort=auction_date",fetched,2026-09-30T10:44:13Z
2023-02-16,13:00,2023-02-16T13:00:00-05:00,2023-02-16T18:00:00Z,12:00,TIPS,30y,original,False,Bond,30-Year,30-Year,No,912810TP3,2023-02-28,2053-02-15,9000000000,8975589000,885856000,1268000000,6821733000,11044841300,2044837100,1.5500,2.380000,0.098696,2023-02-09,R_20230216_3.pdf,,"https://api.fiscaldata.treasury.gov/services/api/fiscal_service/v1/accounting/od/auctions_query?filter=security_type:in:(Note,Bond),auction_date:gte:2009-01-01&page%5Bsize%5D=10000&page%5Bnumber%5D=1&sort=auction_date",fetched,2026-09-30T10:44:13Z
2023-02-21,13:00,2023-02-21T13:00:00-05:00,2023-02-21T18:00:00Z,12:00,NOMINAL,2y,original,False,Note,2-Year,2-Year,No,91282CGN5,2023-02-28,2025-02-28,42000000000,41323938100,6185000000,9500778000,25638160100,51542599200,9542573400,4.6730,2.610000,0.149671,2023-02-16,R_20230221_4.pdf,,"https://api.fiscaldata.treasury.gov/services/api/fiscal_service/v1/accounting/od/auctions_query?filter=security_type:in:(Note,Bond),auction_date:gte:2009-01-01&page%5Bsize%5D=10000&page%5Bnumber%5D=1&sort=auction_date",fetched,2026-09-30T10:44:13Z
2023-02-22,11:30,2023-02-22T11:30:00-05:00,2023-02-22T16:30:00Z,11:00,FRN,2y,original,False,Note,1-Year 11-Month,2-Year,Yes,91282CGF2,2023-02-24,2025-01-31,22000000000,21972190000,6768137000,0,15204053000,22000160900,0,,3.290000,0.308032,2023-02-16,R_20230222_2.pdf,NOMINAL-5y@13:00,"https://api.fiscaldata.treasury.gov/services/api/fiscal_service/v1/accounting/od/auctions_query?filter=security_type:in:(Note,Bond),auction_date:gte:2009-01-01&page%5Bsize%5D=10000&page%5Bnumber%5D=1&sort=auction_date",fetched,2026-09-30T10:44:13Z
2023-02-22,13:00,2023-02-22T13:00:00-05:00,2023-02-22T18:00:00Z,12:00,NOMINAL,5y,original,False,Note,5-Year,5-Year,No,91282CGP0,2023-02-28,2028-02-29,43000000000,42848281500,4722000000,8154901500,29971380000,52769839400,9769777400,4.1090,2.480000,0.110203,2023-02-16,R_20230222_3.pdf,FRN-2y@11:30,"https://api.fiscaldata.treasury.gov/services/api/fiscal_service/v1/accounting/od/auctions_query?filter=security_type:in:(Note,Bond),auction_date:gte:2009-01-01&page%5Bsize%5D=10000&page%5Bnumber%5D=1&sort=auction_date",fetched,2026-09-30T10:44:13Z
2023-02-23,13:00,2023-02-23T13:00:00-05:00,2023-02-23T18:00:00Z,12:00,NOMINAL,7y,original,False,Note,7-Year,7-Year,No,91282CGQ8,2023-02-28,2030-02-28,35000000000,34960939000,4792140000,7270300000,22898499000,42952149500,7952144400,4.0620,2.490000,0.137071,2023-02-16,R_20230223_4.pdf,,"https://api.fiscaldata.treasury.gov/services/api/fiscal_service/v1/accounting/od/auctions_query?filter=security_type:in:(Note,Bond),auction_date:gte:2009-01-01&page%5Bsize%5D=10000&page%5Bnumber%5D=1&sort=auction_date",fetched,2026-09-30T10:44:13Z
2023-03-07,13:00,2023-03-07T13:00:00-05:00,2023-03-07T18:00:00Z,12:00,NOMINAL,3y,original,False,Note,3-Year,3-Year,No,91282CGR6,2023-03-15,2026-03-15,40000000000,39774711000,6696840000,8223024000,24854847000,40000003600,0,4.6350,2.730000,0.168369,2023-03-02,R_20230307_1.pdf,,"https://api.fiscaldata.treasury.gov/services/api/fiscal_service/v1/accounting/od/auctions_query?filter=security_type:in:(Note,Bond),auction_date:gte:2009-01-01&page%5Bsize%5D=10000&page%5Bnumber%5D=1&sort=auction_date",fetched,2026-09-30T10:44:13Z
2023-03-08,13:00,2023-03-08T13:00:00-05:00,2023-03-08T18:00:00Z,12:00,NOMINAL,10y,original,False,Note,9-Year 11-Month,10-Year,Yes,91282CGM7,2023-03-15,2033-02-15,32000000000,31963511800,5666940000,6386420000,19910151800,32000042400,0,3.9850,2.350000,0.177294,2023-03-02,R_20230308_2.pdf,,"https://api.fiscaldata.treasury.gov/services/api/fiscal_service/v1/accounting/od/auctions_query?filter=security_type:in:(Note,Bond),auction_date:gte:2009-01-01&page%5Bsize%5D=10000&page%5Bnumber%5D=1&sort=auction_date",fetched,2026-09-30T10:44:13Z
2023-03-09,13:00,2023-03-09T13:00:00-05:00,2023-03-09T18:00:00Z,12:00,NOMINAL,30y,original,False,Bond,29-Year 11-Month,30-Year,Yes,912810TN8,2023-03-15,2053-02-15,18000000000,17995635000,1700330000,3569500000,12725805000,18000000000,0,3.8770,2.350000,0.094486,2023-03-02,R_20230309_3.pdf,,"https://api.fiscaldata.treasury.gov/services/api/fiscal_service/v1/accounting/od/auctions_query?filter=security_type:in:(Note,Bond),auction_date:gte:2009-01-01&page%5Bsize%5D=10000&page%5Bnumber%5D=1&sort=auction_date",fetched,2026-09-30T10:44:13Z
2023-03-21,13:00,2023-03-21T13:00:00-04:00,2023-03-21T17:00:00Z,12:00,NOMINAL,20y,original,False,Bond,19-Year 11-Month,20-Year,Yes,912810TQ1,2023-03-31,2043-02-15,12000000000,11963995000,1425000000,2520000000,8018995000,12000001600,0,3.9090,2.530000,0.119107,2023-03-16,R_20230321_2.pdf,,"https://api.fiscaldata.treasury.gov/services/api/fiscal_service/v1/accounting/od/auctions_query?filter=security_type:in:(Note,Bond),auction_date:gte:2009-01-01&page%5Bsize%5D=10000&page%5Bnumber%5D=1&sort=auction_date",fetched,2026-09-30T10:44:13Z
2023-03-23,13:00,2023-03-23T13:00:00-04:00,2023-03-23T17:00:00Z,12:00,TIPS,10y,original,False,Note,9-Year 10-Month,10-Year,Yes,91282CGK1,2023-03-31,2033-01-15,15000000000,14970090000,1634095000,2390000000,10945995000,15000005800,0,1.1820,2.280000,0.109157,2023-03-16,R_20230323_3.pdf,,"https://api.fiscaldata.treasury.gov/services/api/fiscal_service/v1/accounting/od/auctions_query?filter=security_type:in:(Note,Bond),auction_date:gte:2009-01-01&page%5Bsize%5D=10000&page%5Bnumber%5D=1&sort=auction_date",fetched,2026-09-30T10:44:13Z
2023-03-27,13:00,2023-03-27T13:00:00-04:00,2023-03-27T17:00:00Z,12:00,NOMINAL,2y,original,False,Note,2-Year,2-Year,No,91282CGU9,2023-03-31,2025-03-31,42000000000,41437725000,9543450000,10015000000,21879275000,42000018600,0,3.9540,2.440000,0.230308,2023-03-23,R_20230327_3.pdf,,"https://api.fiscaldata.treasury.gov/services/api/fiscal_service/v1/accounting/od/auctions_query?filter=security_type:in:(Note,Bond),auction_date:gte:2009-01-01&page%5Bsize%5D=10000&page%5Bnumber%5D=1&sort=auction_date",fetched,2026-09-30T10:44:13Z
2023-03-28,13:00,2023-03-28T13:00:00-04:00,2023-03-28T17:00:00Z,12:00,NOMINAL,5y,original,False,Note,5-Year,5-Year,No,91282CGT2,2023-03-31,2028-03-31,43000000000,42900891500,5718587000,7810463500,29371841000,43000054200,0,3.6650,2.480000,0.133298,2023-03-23,R_20230328_3.pdf,,"https://api.fiscaldata.treasury.gov/services/api/fiscal_service/v1/accounting/od/auctions_query?filter=security_type:in:(Note,Bond),auction_date:gte:2009-01-01&page%5Bsize%5D=10000&page%5Bnumber%5D=1&sort=auction_date",fetched,2026-09-30T10:44:13Z
2023-03-29,11:30,2023-03-29T11:30:00-04:00,2023-03-29T15:30:00Z,11:00,FRN,2y,original,False,Note,1-Year 10-Month,2-Year,Yes,91282CGF2,2023-03-31,2025-01-31,22000000000,21973880000,6969280000,0,15004600000,22000134800,0,,3.510000,0.317162,2023-03-23,R_20230329_2.pdf,NOMINAL-7y@13:00,"https://api.fiscaldata.treasury.gov/services/api/fiscal_service/v1/accounting/od/auctions_query?filter=security_type:in:(Note,Bond),auction_date:gte:2009-01-01&page%5Bsize%5D=10000&page%5Bnumber%5D=1&sort=auction_date",fetched,2026-09-30T10:44:13Z
2023-03-29,13:00,2023-03-29T13:00:00-04:00,2023-03-29T17:00:00Z,12:00,NOMINAL,7y,original,False,Note,7-Year,7-Year,No,91282CGS4,2023-03-31,2030-03-31,35000000000,34952646300,5381730000,7468600000,22102316300,35000010400,0,3.6260,2.390000,0.153972,2023-03-23,R_20230329_3.pdf,FRN-2y@11:30,"https://api.fiscaldata.treasury.gov/services/api/fiscal_service/v1/accounting/od/auctions_query?filter=security_type:in:(Note,Bond),auction_date:gte:2009-01-01&page%5Bsize%5D=10000&page%5Bnumber%5D=1&sort=auction_date",fetched,2026-09-30T10:44:13Z
2023-04-11,13:00,2023-04-11T13:00:00-04:00,2023-04-11T17:00:00Z,12:00,NOMINAL,3y,original,False,Note,3-Year,3-Year,No,91282CGV7,2023-04-17,2026-04-15,40000000000,39847606000,7047714000,8373032000,24426860000,42557489100,2557486100,3.8100,2.590000,0.176867,2023-04-06,R_20230411_1.pdf,,"https://api.fiscaldata.treasury.gov/services/api/fiscal_service/v1/accounting/od/auctions_query?filter=security_type:in:(Note,Bond),auction_date:gte:2009-01-01&page%5Bsize%5D=10000&page%5Bnumber%5D=1&sort=auction_date",fetched,2026-09-30T10:44:13Z
2023-04-12,13:00,2023-04-12T13:00:00-04:00,2023-04-12T17:00:00Z,12:00,NOMINAL,10y,original,False,Note,9-Year 10-Month,10-Year,Yes,91282CGM7,2023-04-17,2033-02-15,32000000000,31949495000,5477215000,6360000000,20112280000,34046008600,2045988800,3.4550,2.360000,0.171434,2023-04-06,R_20230412_2.pdf,,"https://api.fiscaldata.treasury.gov/services/api/fiscal_service/v1/accounting/od/auctions_query?filter=security_type:in:(Note,Bond),auction_date:gte:2009-01-01&page%5Bsize%5D=10000&page%5Bnumber%5D=1&sort=auction_date",fetched,2026-09-30T10:44:13Z
2023-04-13,13:00,2023-04-13T13:00:00-04:00,2023-04-13T17:00:00Z,12:00,NOMINAL,30y,original,False,Bond,29-Year 10-Month,30-Year,Yes,912810TN8,2023-04-17,2053-02-15,18000000000,17979393200,1993095000,3559400000,12426898200,19150871600,1150868700,3.6610,2.360000,0.110854,2023-04-06,R_20230413_3.pdf,,"https://api.fiscaldata.treasury.gov/services/api/fiscal_service/v1/accounting/od/auctions_query?filter=security_type:in:(Note,Bond),auction_date:gte:2009-01-01&page%5Bsize%5D=10000&page%5Bnumber%5D=1&sort=auction_date",fetched,2026-09-30T10:44:13Z
2023-04-19,13:00,2023-04-19T13:00:00-04:00,2023-04-19T17:00:00Z,12:00,NOMINAL,20y,original,False,Bond,19-Year 10-Month,20-Year,Yes,912810TQ1,2023-05-01,2043-02-15,12000000000,11960168000,1440810000,2300783500,8218574500,13171112900,1171099800,3.9200,2.660000,0.120467,2023-04-13,R_20230419_2.pdf,,"https://api.fiscaldata.treasury.gov/services/api/fiscal_service/v1/accounting/od/auctions_query?filter=security_type:in:(Note,Bond),auction_date:gte:2009-01-01&page%5Bsize%5D=10000&page%5Bnumber%5D=1&sort=auction_date",fetched,2026-09-30T10:44:13Z
2023-04-20,13:00,2023-04-20T13:00:00-04:00,2023-04-20T17:00:00Z,12:00,TIPS,5y,original,False,Note,5-Year,5-Year,No,91282CGW5,2023-04-28,2028-04-15,21000000000,20822228000,2125598000,3581400000,15115230000,21000049400,0,1.3200,2.340000,0.102083,2023-04-13,R_20230420_3.pdf,,"https://api.fiscaldata.treasury.gov/services/api/fiscal_service/v1/accounting/od/auctions_query?filter=security_type:in:(Note,Bond),auction_date:gte:2009-01-01&page%5Bsize%5D=10000&page%5Bnumber%5D=1&sort=auction_date",fetched,2026-09-30T10:44:13Z
2023-04-25,13:00,2023-04-25T13:00:00-04:00,2023-04-25T17:00:00Z,12:00,NOMINAL,2y,original,False,Note,2-Year,2-Year,No,91282CGX3,2023-05-01,2025-04-30,42000000000,41610110000,7878580000,8265970000,25465560000,46098902200,4098849500,3.9690,2.680000,0.189343,2023-04-20,R_20230425_1.pdf,,"https://api.fiscaldata.treasury.gov/services/api/fiscal_service/v1/accounting/od/auctions_query?filter=security_type:in:(Note,Bond),auction_date:gte:2009-01-01&page%5Bsize%5D=10000&page%5Bnumber%5D=1&sort=auction_date",fetched,2026-09-30T10:44:13Z
2023-04-26,11:30,2023-04-26T11:30:00-04:00,2023-04-26T15:30:00Z,11:00,FRN,2y,original,False,Note,2-Year,2-Year,No,91282CGY1,2023-05-01,2025-04-30,24000000000,23940550000,6980550000,350000000,16610000000,26342256900,2342199700,,3.040000,0.291579,2023-04-20,R_20230426_2.pdf,NOMINAL-5y@13:00,"https://api.fiscaldata.treasury.gov/services/api/fiscal_service/v1/accounting/od/auctions_query?filter=security_type:in:(Note,Bond),auction_date:gte:2009-01-01&page%5Bsize%5D=10000&page%5Bnumber%5D=1&sort=auction_date",fetched,2026-09-30T10:44:13Z
2023-04-26,13:00,2023-04-26T13:00:00-04:00,2023-04-26T17:00:00Z,12:00,NOMINAL,5y,original,False,Note,5-Year,5-Year,No,91282CHA2,2023-05-01,2028-04-30,43000000000,42915960000,5853000000,7419000000,29643960000,47196460700,4196441000,3.5000,2.540000,0.136383,2023-04-20,R_20230426_3.pdf,FRN-2y@11:30,"https://api.fiscaldata.treasury.gov/services/api/fiscal_service/v1/accounting/od/auctions_query?filter=security_type:in:(Note,Bond),auction_date:gte:2009-01-01&page%5Bsize%5D=10000&page%5Bnumber%5D=1&sort=auction_date",fetched,2026-09-30T10:44:13Z
2023-04-27,13:00,2023-04-27T13:00:00-04:00,2023-04-27T17:00:00Z,12:00,NOMINAL,7y,original,False,Note,7-Year,7-Year,No,91282CGZ8,2023-05-01,2030-04-30,35000000000,34963362500,5178682500,7368800000,22415880000,38415712700,3415707800,3.5630,2.410000,0.148117,2023-04-20,R_20230427_4.pdf,,"https://api.fiscaldata.treasury.gov/services/api/fiscal_service/v1/accounting/od/auctions_query?filter=security_type:in:(Note,Bond),auction_date:gte:2009-01-01&page%5Bsize%5D=10000&page%5Bnumber%5D=1&sort=auction_date",fetched,2026-09-30T10:44:13Z
2023-05-09,13:00,2023-05-09T13:00:00-04:00,2023-05-09T17:00:00Z,12:00,NOMINAL,3y,original,False,Note,3-Year,3-Year,No,91282CHB0,2023-05-15,2026-05-15,40000000000,39890554500,5180892000,5450000000,29259662500,50897713300,10897698800,3.6950,2.930000,0.129878,2023-05-03,R_20230509_1.pdf,,"https://api.fiscaldata.treasury.gov/services/api/fiscal_service/v1/accounting/od/auctions_query?filter=security_type:in:(Note,Bond),auction_date:gte:2009-01-01&page%5Bsize%5D=10000&page%5Bnumber%5D=1&sort=auction_date",fetched,2026-09-30T10:44:13Z
2023-05-10,13:00,2023-05-10T13:00:00-04:00,2023-05-10T17:00:00Z,12:00,NOMINAL,10y,original,False,Note,10-Year,10-Year,No,91282CHC8,2023-05-15,2033-05-15,35000000000,34950234000,4559215000,6800000000,23591019000,44535597500,9535486500,3.4480,2.450000,0.130449,2023-05-03,R_20230510_2.pdf,,"https://api.fiscaldata.treasury.gov/services/api/fiscal_service/v1/accounting/od/auctions_query?filter=security_type:in:(Note,Bond),auction_date:gte:2009-01-01&page%5Bsize%5D=10000&page%5Bnumber%5D=1&sort=auction_date",fetched,2026-09-30T10:44:13Z
2023-05-11,13:00,2023-05-11T13:00:00-04:00,2023-05-11T17:00:00Z,12:00,NOMINAL,30y,original,False,Bond,30-Year,30-Year,No,912810TR9,2023-05-15,2053-05-15,21000000000,20971305000,2141000000,3639800000,15190505000,26721295900,5721291900,3.7410,2.430000,0.102092,2023-05-03,R_20230511_4.pdf,,"https://api.fiscaldata.treasury.gov/services/api/fiscal_service/v1/accounting/od/auctions_query?filter=security_type:in:(Note,Bond),auction_date:gte:2009-01-01&page%5Bsize%5D=10000&page%5Bnumber%5D=1&sort=auction_date",fetched,2026-09-30T10:44:13Z
2023-05-17,13:00,2023-05-17T13:00:00-04:00,2023-05-17T17:00:00Z,12:00,NOMINAL,20y,original,False,Bond,20-Year,20-Year,No,912810TS7,2023-05-31,2043-05-15,15000000000,14922117000,1687000000,2703477000,10531640000,17816959200,2816958900,3.9540,2.560000,0.113054,2023-05-11,R_20230517_2.pdf,,"https://api.fiscaldata.treasury.gov/services/api/fiscal_service/v1/accounting/od/auctions_query?filter=security_type:in:(Note,Bond),auction_date:gte:2009-01-01&page%5Bsize%5D=10000&page%5Bnumber%5D=1&sort=auction_date",fetched,2026-09-30T10:44:13Z
2023-05-18,13:00,2023-05-18T13:00:00-04:00,2023-05-18T17:00:00Z,12:00,TIPS,10y,original,False,Note,9-Year 8-Month,10-Year,Yes,91282CGK1,2023-05-31,2033-01-15,15000000000,14975177400,1155000000,2375000000,11445177400,17816978800,2816958900,1.3950,2.310000,0.077128,2023-05-11,R_20230518_4.pdf,,"https://api.fiscaldata.treasury.gov/services/api/fiscal_service/v1/accounting/od/auctions_query?filter=security_type:in:(Note,Bond),auction_date:gte:2009-01-01&page%5Bsize%5D=10000&page%5Bnumber%5D=1&sort=auction_date",fetched,2026-09-30T10:44:13Z
2023-05-23,13:00,2023-05-23T13:00:00-04:00,2023-05-23T17:00:00Z,12:00,NOMINAL,2y,original,False,Note,2-Year,2-Year,No,91282CHD6,2023-05-31,2025-05-31,42000000000,41665843300,6743954000,6501373500,28420515800,49887600600,7887485100,4.3000,2.900000,0.161858,2023-05-18,R_20230523_2.pdf,,"https://api.fiscaldata.treasury.gov/services/api/fiscal_service/v1/accounting/od/auctions_query?filter=security_type:in:(Note,Bond),auction_date:gte:2009-01-01&page%5Bsize%5D=10000&page%5Bnumber%5D=1&sort=auction_date",fetched,2026-09-30T10:44:13Z
2023-05-24,11:30,2023-05-24T11:30:00-04:00,2023-05-24T15:30:00Z,11:00,FRN,2y,original,False,Note,1-Year 11-Month,2-Year,Yes,91282CGY1,2023-05-26,2025-04-30,22000000000,21971450000,5957046000,225000000,15789404000,22000063100,0,,2.880000,0.271127,2023-05-18,R_20230524_2.pdf,NOMINAL-5y@13:00,"https://api.fiscaldata.treasury.gov/services/api/fiscal_service/v1/accounting/od/auctions_query?filter=security_type:in:(Note,Bond),auction_date:gte:2009-01-01&page%5Bsize%5D=10000&page%5Bnumber%5D=1&sort=auction_date",fetched,2026-09-30T10:44:13Z
2023-05-24,13:00,2023-05-24T13:00:00-04:00,2023-05-24T17:00:00Z,12:00,NOMINAL,5y,original,False,Note,5-Year,5-Year,No,91282CHE4,2023-05-31,2028-05-31,43000000000,42920796300,4007125000,7707051300,31206620000,51075301400,8075282400,3.7490,2.580000,0.093361,2023-05-18,R_20230524_3.pdf,FRN-2y@11:30,"https://api.fiscaldata.treasury.gov/services/api/fiscal_service/v1/accounting/od/auctions_query?filter=security_type:in:(Note,Bond),auction_date:gte:2009-01-01&page%5Bsize%5D=10000&page%5Bnumber%5D=1&sort=auction_date",fetched,2026-09-30T10:44:13Z
2023-05-25,13:00,2023-05-25T13:00:00-04:00,2023-05-25T17:00:00Z,12:00,NOMINAL,7y,original,False,Note,7-Year,7-Year,No,91282CHF1,2023-05-31,2030-05-31,35000000000,34967519600,3641990000,6044500000,25281029600,41573013500,6572904300,3.8270,2.610000,0.104154,2023-05-18,R_20230525_3.pdf,,"https://api.fiscaldata.treasury.gov/services/api/fiscal_service/v1/accounting/od/auctions_query?filter=security_type:in:(Note,Bond),auction_date:gte:2009-01-01&page%5Bsize%5D=10000&page%5Bnumber%5D=1&sort=auction_date",fetched,2026-09-30T10:44:13Z
2023-06-12,11:30,2023-06-12T11:30:00-04:00,2023-06-12T15:30:00Z,11:00,NOMINAL,3y,original,False,Note,3-Year,3-Year,No,91282CHH7,2023-06-15,2026-06-15,40000000000,39884564200,6676000000,8669104200,24539460000,40000073800,0,4.2020,2.700000,0.167383,2023-06-08,R_20230612_2.pdf,NOMINAL-10y@13:00,"https://api.fiscaldata.treasury.gov/services/api/fiscal_service/v1/accounting/od/auctions_query?filter=security_type:in:(Note,Bond),auction_date:gte:2009-01-01&page%5Bsize%5D=10000&page%5Bnumber%5D=1&sort=auction_date",fetched,2026-09-30T10:44:13Z
2023-06-12,13:00,2023-06-12T13:00:00-04:00,2023-06-12T17:00:00Z,12:00,NOMINAL,10y,original,False,Note,9-Year 11-Month,10-Year,Yes,91282CHC8,2023-06-15,2033-05-15,32000000000,31981695000,5691610000,6371000000,19919085000,32000009600,0,3.7910,2.360000,0.177965,2023-06-08,R_20230612_4.pdf,NOMINAL-3y@11:30,"https://api.fiscaldata.treasury.gov/services/api/fiscal_service/v1/accounting/od/auctions_query?filter=security_type:in:(Note,Bond),auction_date:gte:2009-01-01&page%5Bsize%5D=10000&page%5Bnumber%5D=1&sort=auction_date",fetched,2026-09-30T10:44:13Z
2023-06-13,13:00,2023-06-13T13:00:00-04:00,2023-06-13T17:00:00Z,12:00,NOMINAL,30y,original,False,Bond,29-Year 11-Month,30-Year,Yes,912810TR9,2023-06-15,2053-05-15,18000000000,17994584600,1611487500,3263012100,13120085000,18000018100,0,3.9080,2.520000,0.089554,2023-06-08,R_20230613_3.pdf,,"https://api.fiscaldata.treasury.gov/services/api/fiscal_service/v1/accounting/od/auctions_query?filter=security_type:in:(Note,Bond),auction_date:gte:2009-01-01&page%5Bsize%5D=10000&page%5Bnumber%5D=1&sort=auction_date",fetched,2026-09-30T10:44:13Z
2023-06-21,13:00,2023-06-21T13:00:00-04:00,2023-06-21T17:00:00Z,12:00,NOMINAL,20y,original,False,Bond,19-Year 11-Month,20-Year,Yes,912810TS7,2023-06-30,2043-05-15,12000000000,11968954800,932746000,2109500000,8926708800,12000004400,0,4.0100,2.870000,0.077930,2023-06-15,R_20230621_2.pdf,,"https://api.fiscaldata.treasury.gov/services/api/fiscal_service/v1/accounting/od/auctions_query?filter=security_type:in:(Note,Bond),auction_date:gte:2009-01-01&page%5Bsize%5D=10000&page%5Bnumber%5D=1&sort=auction_date",fetched,2026-09-30T10:44:13Z
2023-06-22,13:00,2023-06-22T13:00:00-04:00,2023-06-22T17:00:00Z,12:00,TIPS,5y,original,False,Note,4-Year 10-Month,5-Year,Yes,91282CGW5,2023-06-30,2028-04-15,19000000000,18913942100,732000000,2086712100,16095230000,19000123900,0,1.8320,2.560000,0.038702,2023-06-15,R_20230622_3.pdf,,"https://api.fiscaldata.treasury.gov/services/api/fiscal_service/v1/accounting/od/auctions_query?filter=security_type:in:(Note,Bond),auction_date:gte:2009-01-01&page%5Bsize%5D=10000&page%5Bnumber%5D=1&sort=auction_date",fetched,2026-09-30T10:44:13Z
2023-06-26,13:00,2023-06-26T13:00:00-04:00,2023-06-26T17:00:00Z,12:00,NOMINAL,2y,original,False,Note,2-Year,2-Year,No,91282CHL8,2023-06-30,2025-06-30,42000000000,41536569000,5540938000,7548350000,28447281000,42000044500,0,4.6700,2.860000,0.133399,2023-06-22,R_20230626_3.pdf,,"https://api.fiscaldata.treasury.gov/services/api/fiscal_service/v1/accounting/od/auctions_query?filter=security_type:in:(Note,Bond),auction_date:gte:2009-01-01&page%5Bsize%5D=10000&page%5Bnumber%5D=1&sort=auction_date",fetched,2026-09-30T10:44:13Z
2023-06-27,13:00,2023-06-27T13:00:00-04:00,2023-06-27T17:00:00Z,12:00,NOMINAL,5y,original,False,Note,5-Year,5-Year,No,91282CHK0,2023-06-30,2028-06-30,43000000000,42898324900,5238260000,8447000000,29213064900,43000072100,0,4.0190,2.520000,0.122109,2023-06-22,R_20230627_2.pdf,,"https://api.fiscaldata.treasury.gov/services/api/fiscal_service/v1/accounting/od/auctions_query?filter=security_type:in:(Note,Bond),auction_date:gte:2009-01-01&page%5Bsize%5D=10000&page%5Bnumber%5D=1&sort=auction_date",fetched,2026-09-30T10:44:13Z
2023-06-28,11:30,2023-06-28T11:30:00-04:00,2023-06-28T15:30:00Z,11:00,FRN,2y,original,False,Note,1-Year 10-Month,2-Year,Yes,91282CGY1,2023-06-30,2025-04-30,22000000000,21973750000,8555000000,1000000,13417750000,22000084700,0,,3.390000,0.389328,2023-06-22,R_20230628_1.pdf,NOMINAL-7y@13:00,"https://api.fiscaldata.treasury.gov/services/api/fiscal_service/v1/accounting/od/auctions_query?filter=security_type:in:(Note,Bond),auction_date:gte:2009-01-01&page%5Bsize%5D=10000&page%5Bnumber%5D=1&sort=auction_date",fetched,2026-09-30T10:44:13Z
2023-06-28,13:00,2023-06-28T13:00:00-04:00,2023-06-28T17:00:00Z,12:00,NOMINAL,7y,original,False,Note,7-Year,7-Year,No,91282CHJ3,2023-06-30,2030-06-30,35000000000,34969185800,2846000000,5788500800,26334685000,35000007900,0,3.8390,2.650000,0.081386,2023-06-22,R_20230628_3.pdf,FRN-2y@11:30,"https://api.fiscaldata.treasury.gov/services/api/fiscal_service/v1/accounting/od/auctions_query?filter=security_type:in:(Note,Bond),auction_date:gte:2009-01-01&page%5Bsize%5D=10000&page%5Bnumber%5D=1&sort=auction_date",fetched,2026-09-30T10:44:13Z
2023-07-11,13:00,2023-07-11T13:00:00-04:00,2023-07-11T17:00:00Z,12:00,NOMINAL,3y,original,False,Note,3-Year,3-Year,No,91282CHM6,2023-07-17,2026-07-15,40000000000,39633005100,4272000000,7844280100,27516725000,40000012600,0,4.5340,2.880000,0.107789,2023-07-06,R_20230711_3.pdf,,"https://api.fiscaldata.treasury.gov/services/api/fiscal_service/v1/accounting/od/auctions_query?filter=security_type:in:(Note,Bond),auction_date:gte:2009-01-01&page%5Bsize%5D=10000&page%5Bnumber%5D=1&sort=auction_date",fetched,2026-09-30T10:44:13Z
2023-07-12,13:00,2023-07-12T13:00:00-04:00,2023-07-12T17:00:00Z,12:00,NOMINAL,10y,original,False,Note,9-Year 10-Month,10-Year,Yes,91282CHC8,2023-07-17,2033-05-15,32000000000,31963359600,3961265000,6351000000,21651094600,32000010200,0,3.8570,2.530000,0.123931,2023-07-06,R_20230712_2.pdf,,"https://api.fiscaldata.treasury.gov/services/api/fiscal_service/v1/accounting/od/auctions_query?filter=security_type:in:(Note,Bond),auction_date:gte:2009-01-01&page%5Bsize%5D=10000&page%5Bnumber%5D=1&sort=auction_date",fetched,2026-09-30T10:44:13Z
2023-07-13,13:00,2023-07-13T13:00:00-04:00,2023-07-13T17:00:00Z,12:00,NOMINAL,30y,original,False,Bond,29-Year 10-Month,30-Year,Yes,912810TR9,2023-07-17,2053-05-15,18000000000,17983945000,1951620000,3620700000,12411625000,18000002300,0,3.9100,2.430000,0.108520,2023-07-06,R_20230713_3.pdf,,"https://api.fiscaldata.treasury.gov/services/api/fiscal_service/v1/accounting/od/auctions_query?filter=security_type:in:(Note,Bond),auction_date:gte:2009-01-01&page%5Bsize%5D=10000&page%5Bnumber%5D=1&sort=auction_date",fetched,2026-09-30T10:44:13Z
2023-07-19,13:00,2023-07-19T13:00:00-04:00,2023-07-19T17:00:00Z,12:00,NOMINAL,20y,original,False,Bond,19-Year 10-Month,20-Year,Yes,912810TS7,2023-07-31,2043-05-15,12000000000,11827793000,1131725000,2564000000,8132068000,12000005400,0,4.0360,2.680000,0.095684,2023-07-13,R_20230719_2.pdf,,"https://api.fiscaldata.treasury.gov/services/api/fiscal_service/v1/accounting/od/auctions_query?filter=security_type:in:(Note,Bond),auction_date:gte:2009-01-01&page%5Bsize%5D=10000&page%5Bnumber%5D=1&sort=auction_date",fetched,2026-09-30T10:44:13Z
2023-07-20,13:00,2023-07-20T13:00:00-04:00,2023-07-20T17:00:00Z,12:00,TIPS,10y,original,False,Note,10-Year,10-Year,No,91282CHP9,2023-07-31,2033-07-15,17000000000,16818785400,250000000,2131000000,14437785400,17000032200,0,1.4950,2.510000,0.014864,2023-07-13,R_20230720_3.pdf,,"https://api.fiscaldata.treasury.gov/services/api/fiscal_service/v1/accounting/od/auctions_query?filter=security_type:in:(Note,Bond),auction_date:gte:2009-01-01&page%5Bsize%5D=10000&page%5Bnumber%5D=1&sort=auction_date",fetched,2026-09-30T10:44:13Z
2023-07-24,13:00,2023-07-24T13:00:00-04:00,2023-07-24T17:00:00Z,12:00,NOMINAL,2y,original,False,Note,2-Year,2-Year,No,91282CHN4,2023-07-31,2025-07-31,42000000000,41253110000,5688640000,8566250000,26998220000,42000109600,0,4.8230,2.780000,0.137896,2023-07-20,R_20230724_3.pdf,,"https://api.fiscaldata.treasury.gov/services/api/fiscal_service/v1/accounting/od/auctions_query?filter=security_type:in:(Note,Bond),auction_date:gte:2009-01-01&page%5Bsize%5D=10000&page%5Bnumber%5D=1&sort=auction_date",fetched,2026-09-30T10:44:13Z
2023-07-25,13:00,2023-07-25T13:00:00-04:00,2023-07-25T17:00:00Z,12:00,NOMINAL,5y,original,False,Note,5-Year,5-Year,No,91282CHQ7,2023-07-31,2028-07-31,43000000000,42889723800,5786900000,9489516300,27613307500,43000047900,0,4.1700,2.600000,0.134925,2023-07-20,R_20230725_2.pdf,,"https://api.fiscaldata.treasury.gov/services/api/fiscal_service/v1/accounting/od/auctions_query?filter=security_type:in:(Note,Bond),auction_date:gte:2009-01-01&page%5Bsize%5D=10000&page%5Bnumber%5D=1&sort=auction_date",fetched,2026-09-30T10:44:13Z
2023-07-26,11:30,2023-07-26T11:30:00-04:00,2023-07-26T15:30:00Z,11:00,FRN,2y,original,False,Note,2-Year,2-Year,No,91282CHS3,2023-07-31,2025-07-31,24000000000,23841350000,11140070000,0,12701280000,24000083600,0,,2.580000,0.467258,2023-07-20,R_20230726_2.pdf,,"https://api.fiscaldata.treasury.gov/services/api/fiscal_service/v1/accounting/od/auctions_query?filter=security_type:in:(Note,Bond),auction_date:gte:2009-01-01&page%5Bsize%5D=10000&page%5Bnumber%5D=1&sort=auction_date",fetched,2026-09-30T10:44:13Z
2023-07-27,13:00,2023-07-27T13:00:00-04:00,2023-07-27T17:00:00Z,12:00,NOMINAL,7y,original,False,Note,7-Year,7-Year,No,91282CHR5,2023-07-31,2030-07-31,35000000000,34951525100,5011810100,5559600000,24380115000,35000002700,0,4.0870,2.480000,0.143393,2023-07-20,R_20230727_3.pdf,,"https://api.fiscaldata.treasury.gov/services/api/fiscal_service/v1/accounting/od/auctions_query?filter=security_type:in:(Note,Bond),auction_date:gte:2009-01-01&page%5Bsize%5D=10000&page%5Bnumber%5D=1&sort=auction_date",fetched,2026-09-30T10:44:13Z
2023-08-08,13:00,2023-08-08T13:00:00-04:00,2023-08-08T17:00:00Z,12:00,NOMINAL,3y,original,False,Note,3-Year,3-Year,No,91282CHU8,2023-08-15,2026-08-15,42000000000,41499634100,4286560000,6514000000,30699074100,57712800900,15712741100,4.3980,2.900000,0.103292,2023-08-02,R_20230808_3.pdf,,"https://api.fiscaldata.treasury.gov/services/api/fiscal_service/v1/accounting/od/auctions_query?filter=security_type:in:(Note,Bond),auction_date:gte:2009-01-01&page%5Bsize%5D=10000&page%5Bnumber%5D=1&sort=auction_date",fetched,2026-09-30T10:44:13Z
2023-08-09,13:00,2023-08-09T13:00:00-04:00,2023-08-09T17:00:00Z,12:00,NOMINAL,10y,original,False,Note,10-Year,10-Year,No,91282CHT1,2023-08-15,2033-08-15,38000000000,37866146900,3599155500,6928750000,27338241400,52216310300,14216289500,3.9990,2.560000,0.095049,2023-08-02,R_20230809_2.pdf,,"https://api.fiscaldata.treasury.gov/services/api/fiscal_service/v1/accounting/od/auctions_query?filter=security_type:in:(Note,Bond),auction_date:gte:2009-01-01&page%5Bsize%5D=10000&page%5Bnumber%5D=1&sort=auction_date",fetched,2026-09-30T10:44:13Z
2023-08-10,13:00,2023-08-10T13:00:00-04:00,2023-08-10T17:00:00Z,12:00,NOMINAL,30y,original,False,Bond,30-Year,30-Year,No,912810TT5,2023-08-15,2053-08-15,23000000000,22955401500,2875537500,4509000000,15570864000,31604606400,8604596200,4.1890,2.420000,0.125266,2023-08-02,R_20230810_3.pdf,,"https://api.fiscaldata.treasury.gov/services/api/fiscal_service/v1/accounting/od/auctions_query?filter=security_type:in:(Note,Bond),auction_date:gte:2009-01-01&page%5Bsize%5D=10000&page%5Bnumber%5D=1&sort=auction_date",fetched,2026-09-30T10:44:13Z
2023-08-23,11:30,2023-08-23T11:30:00-04:00,2023-08-23T15:30:00Z,11:00,FRN,2y,original,False,Note,1-Year 11-Month,2-Year,Yes,91282CHS3,2023-08-25,2025-07-31,24000000000,23954161000,14921080000,400000000,8633081000,24000038100,0,,2.420000,0.622901,2023-08-17,R_20230823_1.pdf,NOMINAL-20y@13:00,"https://api.fiscaldata.treasury.gov/services/api/fiscal_service/v1/accounting/od/auctions_query?filter=security_type:in:(Note,Bond),auction_date:gte:2009-01-01&page%5Bsize%5D=10000&page%5Bnumber%5D=1&sort=auction_date",fetched,2026-09-30T10:44:13Z
2023-08-23,13:00,2023-08-23T13:00:00-04:00,2023-08-23T17:00:00Z,12:00,NOMINAL,20y,original,False,Bond,20-Year,20-Year,No,912810TU2,2023-08-31,2043-08-15,16000000000,15885025000,1802980000,3209000000,10873045000,17662322300,1662322000,4.4990,2.560000,0.113502,2023-08-17,R_20230823_3.pdf,FRN-2y@11:30,"https://api.fiscaldata.treasury.gov/services/api/fiscal_service/v1/accounting/od/auctions_query?filter=security_type:in:(Note,Bond),auction_date:gte:2009-01-01&page%5Bsize%5D=10000&page%5Bnumber%5D=1&sort=auction_date",fetched,2026-09-30T10:44:13Z
2023-08-24,13:00,2023-08-24T13:00:00-04:00,2023-08-24T17:00:00Z,12:00,TIPS,30y,original,False,Bond,29-Year 6-Month,30-Year,Yes,912810TP3,2023-08-31,2053-02-15,8000000000,7973105000,341025000,1559000000,6073080000,8831162400,831161000,1.9700,2.420000,0.042772,2023-08-17,R_20230824_3.pdf,,"https://api.fiscaldata.treasury.gov/services/api/fiscal_service/v1/accounting/od/auctions_query?filter=security_type:in:(Note,Bond),auction_date:gte:2009-01-01&page%5Bsize%5D=10000&page%5Bnumber%5D=1&sort=auction_date",fetched,2026-09-30T10:44:13Z
2023-08-28,11:30,2023-08-28T11:30:00-04:00,2023-08-28T15:30:00Z,11:00,NOMINAL,2y,original,False,Note,2-Year,2-Year,No,91282CHV6,2023-08-31,2025-08-31,45000000000,44147021300,6614140000,8832431300,28700450000,49675357100,4675280800,5.0240,2.940000,0.149821,2023-08-24,R_20230828_2.pdf,NOMINAL-5y@13:00,"https://api.fiscaldata.treasury.gov/services/api/fiscal_service/v1/accounting/od/auctions_query?filter=security_type:in:(Note,Bond),auction_date:gte:2009-01-01&page%5Bsize%5D=10000&page%5Bnumber%5D=1&sort=auction_date",fetched,2026-09-30T10:44:13Z
2023-08-28,13:00,2023-08-28T13:00:00-04:00,2023-08-28T17:00:00Z,12:00,NOMINAL,5y,original,False,Note,5-Year,5-Year,No,91282CHX2,2023-08-31,2028-08-31,46000000000,45794512100,6332040000,8359429600,31103042500,50779277000,4779175900,4.4000,2.540000,0.138271,2023-08-24,R_20230828_4.pdf,NOMINAL-2y@11:30,"https://api.fiscaldata.treasury.gov/services/api/fiscal_service/v1/accounting/od/auctions_query?filter=security_type:in:(Note,Bond),auction_date:gte:2009-01-01&page%5Bsize%5D=10000&page%5Bnumber%5D=1&sort=auction_date",fetched,2026-09-30T10:44:13Z
2023-08-29,13:00,2023-08-29T13:00:00-04:00,2023-08-29T17:00:00Z,12:00,NOMINAL,7y,original,False,Note,7-Year,7-Year,No,91282CHW4,2023-08-31,2030-08-31,36000000000,35931827500,3512000000,5380400000,27039427500,39740231100,3740224600,4.2120,2.660000,0.097741,2023-08-24,R_20230829_2.pdf,,"https://api.fiscaldata.treasury.gov/services/api/fiscal_service/v1/accounting/od/auctions_query?filter=security_type:in:(Note,Bond),auction_date:gte:2009-01-01&page%5Bsize%5D=10000&page%5Bnumber%5D=1&sort=auction_date",fetched,2026-09-30T10:44:13Z
2023-09-11,13:00,2023-09-11T13:00:00-04:00,2023-09-11T17:00:00Z,12:00,NOMINAL,3y,original,False,Note,3-Year,3-Year,No,91282CHY0,2023-09-15,2026-09-15,44000000000,43673039500,8845124500,9643000000,25184915000,44000032600,0,4.6600,2.750000,0.202531,2023-09-07,R_20230911_3.pdf,,"https://api.fiscaldata.treasury.gov/services/api/fiscal_service/v1/accounting/od/auctions_query?filter=security_type:in:(Note,Bond),auction_date:gte:2009-01-01&page%5Bsize%5D=10000&page%5Bnumber%5D=1&sort=auction_date",fetched,2026-09-30T10:44:13Z
2023-09-12,13:00,2023-09-12T13:00:00-04:00,2023-09-12T17:00:00Z,12:00,NOMINAL,10y,original,False,Note,9-Year 11-Month,10-Year,Yes,91282CHT1,2023-09-15,2033-08-15,35000000000,34921465200,4808000000,6955740200,23157725000,35000041700,0,4.2890,2.520000,0.137680,2023-09-07,R_20230912_2.pdf,,"https://api.fiscaldata.treasury.gov/services/api/fiscal_service/v1/accounting/od/auctions_query?filter=security_type:in:(Note,Bond),auction_date:gte:2009-01-01&page%5Bsize%5D=10000&page%5Bnumber%5D=1&sort=auction_date",fetched,2026-09-30T10:44:13Z
2023-09-13,13:00,2023-09-13T13:00:00-04:00,2023-09-13T17:00:00Z,12:00,NOMINAL,30y,original,False,Bond,29-Year 11-Month,30-Year,Yes,912810TT5,2023-09-15,2053-08-15,20000000000,19984111000,3152900000,3944100000,12887111000,20000007500,0,4.3450,2.460000,0.157770,2023-09-07,R_20230913_2.pdf,,"https://api.fiscaldata.treasury.gov/services/api/fiscal_service/v1/accounting/od/auctions_query?filter=security_type:in:(Note,Bond),auction_date:gte:2009-01-01&page%5Bsize%5D=10000&page%5Bnumber%5D=1&sort=auction_date",fetched,2026-09-30T10:44:13Z
2023-09-19,13:00,2023-09-19T13:00:00-04:00,2023-09-19T17:00:00Z,12:00,NOMINAL,20y,original,False,Bond,19-Year 11-Month,20-Year,Yes,912810TU2,2023-10-02,2043-08-15,13000000000,12943305000,1200285000,3283000000,8460020000,13000007300,0,4.5920,2.740000,0.092734,2023-09-14,R_20230919_2.pdf,,"https://api.fiscaldata.treasury.gov/services/api/fiscal_service/v1/accounting/od/auctions_query?filter=security_type:in:(Note,Bond),auction_date:gte:2009-01-01&page%5Bsize%5D=10000&page%5Bnumber%5D=1&sort=auction_date",fetched,2026-09-30T10:44:13Z
2023-09-21,13:00,2023-09-21T13:00:00-04:00,2023-09-21T17:00:00Z,12:00,TIPS,10y,original,False,Note,9-Year 10-Month,10-Year,Yes,91282CHP9,2023-09-29,2033-07-15,15000000000,14937082500,1013287500,3266312500,10657482500,15000019800,0,2.0940,2.440000,0.067837,2023-09-14,R_20230921_3.pdf,,"https://api.fiscaldata.treasury.gov/services/api/fiscal_service/v1/accounting/od/auctions_query?filter=security_type:in:(Note,Bond),auction_date:gte:2009-01-01&page%5Bsize%5D=10000&page%5Bnumber%5D=1&sort=auction_date",fetched,2026-09-30T10:44:13Z
2023-09-26,13:00,2023-09-26T13:00:00-04:00,2023-09-26T17:00:00Z,12:00,NOMINAL,2y,original,False,Note,2-Year,2-Year,No,91282CJB8,2023-10-02,2025-09-30,48000000000,47170608500,6597584500,9903340000,30669684000,48000137800,0,5.0850,2.730000,0.139866,2023-09-21,R_20230926_2.pdf,,"https://api.fiscaldata.treasury.gov/services/api/fiscal_service/v1/accounting/od/auctions_query?filter=security_type:in:(Note,Bond),auction_date:gte:2009-01-01&page%5Bsize%5D=10000&page%5Bnumber%5D=1&sort=auction_date",fetched,2026-09-30T10:44:13Z
2023-09-27,11:30,2023-09-27T11:30:00-04:00,2023-09-27T15:30:00Z,11:00,FRN,2y,original,False,Note,1-Year 10-Month,2-Year,Yes,91282CHS3,2023-09-29,2025-07-31,24000000000,23991135000,7813812500,100000000,16077322500,24000208400,0,,3.420000,0.325696,2023-09-21,R_20230927_2.pdf,NOMINAL-5y@13:00,"https://api.fiscaldata.treasury.gov/services/api/fiscal_service/v1/accounting/od/auctions_query?filter=security_type:in:(Note,Bond),auction_date:gte:2009-01-01&page%5Bsize%5D=10000&page%5Bnumber%5D=1&sort=auction_date",fetched,2026-09-30T10:44:13Z
2023-09-27,13:00,2023-09-27T13:00:00-04:00,2023-09-27T17:00:00Z,12:00,NOMINAL,5y,original,False,Note,5-Year,5-Year,No,91282CJA0,2023-10-02,2028-09-30,49000000000,48823560500,5483000000,8602808500,34737752000,49000049600,0,4.6590,2.520000,0.112302,2023-09-21,R_20230927_3.pdf,FRN-2y@11:30,"https://api.fiscaldata.treasury.gov/services/api/fiscal_service/v1/accounting/od/auctions_query?filter=security_type:in:(Note,Bond),auction_date:gte:2009-01-01&page%5Bsize%5D=10000&page%5Bnumber%5D=1&sort=auction_date",fetched,2026-09-30T10:44:13Z
2023-09-28,13:00,2023-09-28T13:00:00-04:00,2023-09-28T17:00:00Z,12:00,NOMINAL,7y,original,False,Note,7-Year,7-Year,No,91282CHZ7,2023-10-02,2030-09-30,37000000000,36908724400,5387712500,7357413400,24163598500,37000026500,0,4.6730,2.470000,0.145974,2023-09-21,R_20230928_3.pdf,,"https://api.fiscaldata.treasury.gov/services/api/fiscal_service/v1/accounting/od/auctions_query?filter=security_type:in:(Note,Bond),auction_date:gte:2009-01-01&page%5Bsize%5D=10000&page%5Bnumber%5D=1&sort=auction_date",fetched,2026-09-30T10:44:13Z
2023-10-10,13:00,2023-10-10T13:00:00-04:00,2023-10-10T17:00:00Z,12:00,NOMINAL,3y,original,False,Note,3-Year,3-Year,No,91282CJC6,2023-10-16,2026-10-15,46000000000,45786940000,10113800000,10047400000,25625740000,46000008300,0,4.7400,2.560000,0.220888,2023-10-05,R_20231010_4.pdf,,"https://api.fiscaldata.treasury.gov/services/api/fiscal_service/v1/accounting/od/auctions_query?filter=security_type:in:(Note,Bond),auction_date:gte:2009-01-01&page%5Bsize%5D=10000&page%5Bnumber%5D=1&sort=auction_date",fetched,2026-09-30T10:44:13Z
2023-10-11,13:00,2023-10-11T13:00:00-04:00,2023-10-11T17:00:00Z,12:00,NOMINAL,10y,original,False,Note,9-Year 10-Month,10-Year,Yes,91282CHT1,2023-10-16,2033-08-15,35000000000,34915937800,6546677800,7300390000,21068870000,35000052400,0,4.6100,2.500000,0.187498,2023-10-05,R_20231011_2.pdf,,"https://api.fiscaldata.treasury.gov/services/api/fiscal_service/v1/accounting/od/auctions_query?filter=security_type:in:(Note,Bond),auction_date:gte:2009-01-01&page%5Bsize%5D=10000&page%5Bnumber%5D=1&sort=auction_date",fetched,2026-09-30T10:44:13Z
2023-10-12,13:00,2023-10-12T13:00:00-04:00,2023-10-12T17:00:00Z,12:00,NOMINAL,30y,original,False,Bond,29-Year 10-Month,30-Year,Yes,912810TT5,2023-10-16,2053-08-15,20000000000,19968020000,3628070000,3335700000,13004250000,20000002800,0,4.8370,2.350000,0.181694,2023-10-05,R_20231012_3.pdf,,"https://api.fiscaldata.treasury.gov/services/api/fiscal_service/v1/accounting/od/auctions_query?filter=security_type:in:(Note,Bond),auction_date:gte:2009-01-01&page%5Bsize%5D=10000&page%5Bnumber%5D=1&sort=auction_date",fetched,2026-09-30T10:44:13Z
2023-10-18,13:00,2023-10-18T13:00:00-04:00,2023-10-18T17:00:00Z,12:00,NOMINAL,20y,original,False,Bond,19-Year 10-Month,20-Year,Yes,912810TU2,2023-10-31,2043-08-15,13000000000,12912887000,1540912500,1962912500,9409062000,13000016300,0,5.2450,2.590000,0.119331,2023-10-12,R_20231018_2.pdf,,"https://api.fiscaldata.treasury.gov/services/api/fiscal_service/v1/accounting/od/auctions_query?filter=security_type:in:(Note,Bond),auction_date:gte:2009-01-01&page%5Bsize%5D=10000&page%5Bnumber%5D=1&sort=auction_date",fetched,2026-09-30T10:44:13Z
2023-10-19,13:00,2023-10-19T13:00:00-04:00,2023-10-19T17:00:00Z,12:00,TIPS,5y,original,False,Note,5-Year,5-Year,No,91282CJH5,2023-10-31,2028-10-15,22000000000,21851656800,2011357500,3837000000,16003299300,22000048900,0,2.4400,2.360000,0.092046,2023-10-12,R_20231019_3.pdf,,"https://api.fiscaldata.treasury.gov/services/api/fiscal_service/v1/accounting/od/auctions_query?filter=security_type:in:(Note,Bond),auction_date:gte:2009-01-01&page%5Bsize%5D=10000&page%5Bnumber%5D=1&sort=auction_date",fetched,2026-09-30T10:44:13Z
2023-10-24,13:00,2023-10-24T13:00:00-04:00,2023-10-24T17:00:00Z,12:00,NOMINAL,2y,original,False,Note,2-Year,2-Year,No,91282CJE2,2023-10-31,2025-10-31,51000000000,50334877100,8872515000,10231750000,31230612100,51000026900,0,5.0550,2.640000,0.176270,2023-10-19,R_20231024_2.pdf,,"https://api.fiscaldata.treasury.gov/services/api/fiscal_service/v1/accounting/od/auctions_query?filter=security_type:in:(Note,Bond),auction_date:gte:2009-01-01&page%5Bsize%5D=10000&page%5Bnumber%5D=1&sort=auction_date",fetched,2026-09-30T10:44:13Z
2023-10-25,11:30,2023-10-25T11:30:00-04:00,2023-10-25T15:30:00Z,11:00,FRN,2y,original,False,Note,2-Year,2-Year,No,91282CJD4,2023-10-31,2025-10-31,26000000000,25974508000,7326180000,36610000,18611718000,26000037300,0,,3.230000,0.282053,2023-10-19,R_20231025_2.pdf,NOMINAL-5y@13:00,"https://api.fiscaldata.treasury.gov/services/api/fiscal_service/v1/accounting/od/auctions_query?filter=security_type:in:(Note,Bond),auction_date:gte:2009-01-01&page%5Bsize%5D=10000&page%5Bnumber%5D=1&sort=auction_date",fetched,2026-09-30T10:44:13Z
2023-10-25,13:00,2023-10-25T13:00:00-04:00,2023-10-25T17:00:00Z,12:00,NOMINAL,5y,original,False,Note,5-Year,5-Year,No,91282CJF9,2023-10-31,2028-10-31,52000000000,51790231000,10050000000,9884000000,31856231000,52000027800,0,4.8990,2.360000,0.194052,2023-10-19,R_20231025_3.pdf,FRN-2y@11:30,"https://api.fiscaldata.treasury.gov/services/api/fiscal_service/v1/accounting/od/auctions_query?filter=security_type:in:(Note,Bond),auction_date:gte:2009-01-01&page%5Bsize%5D=10000&page%5Bnumber%5D=1&sort=auction_date",fetched,2026-09-30T10:44:13Z
2023-10-26,13:00,2023-10-26T13:00:00-04:00,2023-10-26T17:00:00Z,12:00,NOMINAL,7y,original,False,Note,7-Year,7-Year,No,91282CJG7,2023-10-31,2030-10-31,38000000000,37746850000,4145000000,6944820000,26657030000,38000032300,0,4.9080,2.700000,0.109810,2023-10-19,R_20231026_3.pdf,,"https://api.fiscaldata.treasury.gov/services/api/fiscal_service/v1/accounting/od/auctions_query?filter=security_type:in:(Note,Bond),auction_date:gte:2009-01-01&page%5Bsize%5D=10000&page%5Bnumber%5D=1&sort=auction_date",fetched,2026-09-30T10:44:13Z
2023-11-07,13:00,2023-11-07T13:00:00-05:00,2023-11-07T18:00:00Z,12:00,NOMINAL,3y,original,False,Note,3-Year,3-Year,No,91282CJK8,2023-11-15,2026-11-15,48000000000,47505891200,7726280000,9090010400,30689600800,48913468500,913430800,4.7010,2.670000,0.162638,2023-11-01,R_20231107_2.pdf,,"https://api.fiscaldata.treasury.gov/services/api/fiscal_service/v1/accounting/od/auctions_query?filter=security_type:in:(Note,Bond),auction_date:gte:2009-01-01&page%5Bsize%5D=10000&page%5Bnumber%5D=1&sort=auction_date",fetched,2026-09-30T10:44:13Z
2023-11-08,13:00,2023-11-08T13:00:00-05:00,2023-11-08T18:00:00Z,12:00,NOMINAL,10y,original,False,Note,10-Year,10-Year,No,91282CJJ1,2023-11-15,2033-11-15,40000000000,39731221000,6000179000,6028022000,27703020000,40761196600,761192300,4.5190,2.450000,0.151019,2023-11-01,R_20231108_2.pdf,,"https://api.fiscaldata.treasury.gov/services/api/fiscal_service/v1/accounting/od/auctions_query?filter=security_type:in:(Note,Bond),auction_date:gte:2009-01-01&page%5Bsize%5D=10000&page%5Bnumber%5D=1&sort=auction_date",fetched,2026-09-30T10:44:13Z
2023-11-09,13:00,2023-11-09T13:00:00-05:00,2023-11-09T18:00:00Z,12:00,NOMINAL,30y,original,False,Bond,30-Year,30-Year,No,912810TV0,2023-11-15,2053-11-15,24000000000,23910420000,5912940000,3625500000,14371980000,24456732400,456715300,4.7690,2.240000,0.247296,2023-11-01,R_20231109_3.pdf,,"https://api.fiscaldata.treasury.gov/services/api/fiscal_service/v1/accounting/od/auctions_query?filter=security_type:in:(Note,Bond),auction_date:gte:2009-01-01&page%5Bsize%5D=10000&page%5Bnumber%5D=1&sort=auction_date",fetched,2026-09-30T10:44:13Z
2023-11-20,13:00,2023-11-20T13:00:00-05:00,2023-11-20T18:00:00Z,12:00,NOMINAL,20y,original,False,Bond,20-Year,20-Year,No,912810TW8,2023-11-30,2043-11-15,16000000000,15831222900,1505021800,2614007000,11712194100,16184316400,184294600,4.7800,2.580000,0.095067,2023-11-16,R_20231120_3.pdf,,"https://api.fiscaldata.treasury.gov/services/api/fiscal_service/v1/accounting/od/auctions_query?filter=security_type:in:(Note,Bond),auction_date:gte:2009-01-01&page%5Bsize%5D=10000&page%5Bnumber%5D=1&sort=auction_date",fetched,2026-09-30T10:44:13Z
2023-11-21,11:30,2023-11-21T11:30:00-05:00,2023-11-21T16:30:00Z,11:00,FRN,2y,original,False,Note,1-Year 11-Month,2-Year,Yes,91282CJD4,2023-11-24,2025-10-31,26000000000,25977780000,8910920000,145000000,16921860000,26000061100,0,,2.840000,0.343021,2023-11-16,R_20231121_2.pdf,TIPS-10y@13:00,"https://api.fiscaldata.treasury.gov/services/api/fiscal_service/v1/accounting/od/auctions_query?filter=security_type:in:(Note,Bond),auction_date:gte:2009-01-01&page%5Bsize%5D=10000&page%5Bnumber%5D=1&sort=auction_date",fetched,2026-09-30T10:44:13Z
2023-11-21,13:00,2023-11-21T13:00:00-05:00,2023-11-21T18:00:00Z,12:00,TIPS,10y,original,False,Note,9-Year 8-Month,10-Year,Yes,91282CHP9,2023-11-30,2033-07-15,15000000000,14948096900,2032794700,2429000000,10486302200,15172784500,172776200,2.1800,2.320000,0.135990,2023-11-16,R_20231121_3.pdf,FRN-2y@11:30,"https://api.fiscaldata.treasury.gov/services/api/fiscal_service/v1/accounting/od/auctions_query?filter=security_type:in:(Note,Bond),auction_date:gte:2009-01-01&page%5Bsize%5D=10000&page%5Bnumber%5D=1&sort=auction_date",fetched,2026-09-30T10:44:13Z
2023-11-27,11:30,2023-11-27T11:30:00-05:00,2023-11-27T16:30:00Z,11:00,NOMINAL,2y,original,False,Note,2-Year,2-Year,No,91282CJL6,2023-11-30,2025-11-30,54000000000,53293742500,9998362500,12714000000,30581380000,54622032900,621994500,4.8870,2.540000,0.187609,2023-11-22,R_20231127_2.pdf,NOMINAL-5y@13:00,"https://api.fiscaldata.treasury.gov/services/api/fiscal_service/v1/accounting/od/auctions_query?filter=security_type:in:(Note,Bond),auction_date:gte:2009-01-01&page%5Bsize%5D=10000&page%5Bnumber%5D=1&sort=auction_date",fetched,2026-09-30T10:44:13Z
2023-11-27,13:00,2023-11-27T13:00:00-05:00,2023-11-27T18:00:00Z,12:00,NOMINAL,5y,original,False,Note,5-Year,5-Year,No,91282CJN2,2023-11-30,2028-11-30,55000000000,54800530300,9233264500,9663000000,35904265800,55633518500,633512900,4.4200,2.460000,0.168489,2023-11-22,R_20231127_3.pdf,NOMINAL-2y@11:30,"https://api.fiscaldata.treasury.gov/services/api/fiscal_service/v1/accounting/od/auctions_query?filter=security_type:in:(Note,Bond),auction_date:gte:2009-01-01&page%5Bsize%5D=10000&page%5Bnumber%5D=1&sort=auction_date",fetched,2026-09-30T10:44:13Z
2023-11-28,13:00,2023-11-28T13:00:00-05:00,2023-11-28T18:00:00Z,12:00,NOMINAL,7y,original,False,Note,7-Year,7-Year,No,91282CJM4,2023-11-30,2030-11-30,39000000000,38648325000,7842475000,6125300000,24680550000,39449232700,449218100,4.3990,2.440000,0.202919,2023-11-22,R_20231128_3.pdf,,"https://api.fiscaldata.treasury.gov/services/api/fiscal_service/v1/accounting/od/auctions_query?filter=security_type:in:(Note,Bond),auction_date:gte:2009-01-01&page%5Bsize%5D=10000&page%5Bnumber%5D=1&sort=auction_date",fetched,2026-09-30T10:44:13Z
2023-12-11,11:30,2023-12-11T11:30:00-05:00,2023-12-11T16:30:00Z,11:00,NOMINAL,3y,original,False,Note,3-Year,3-Year,No,91282CJP7,2023-12-15,2026-12-15,50000000000,49555200000,13002290000,10747000000,25805910000,50000068500,0,4.4900,2.420000,0.262380,2023-12-07,R_20231211_1.pdf,NOMINAL-10y@13:00,"https://api.fiscaldata.treasury.gov/services/api/fiscal_service/v1/accounting/od/auctions_query?filter=security_type:in:(Note,Bond),auction_date:gte:2009-01-01&page%5Bsize%5D=10000&page%5Bnumber%5D=1&sort=auction_date",fetched,2026-09-30T10:44:13Z
2023-12-11,13:00,2023-12-11T13:00:00-05:00,2023-12-11T18:00:00Z,12:00,NOMINAL,10y,original,False,Note,9-Year 11-Month,10-Year,Yes,91282CJJ1,2023-12-15,2033-11-15,37000000000,36888008000,6383000000,6961000000,23544008000,37000023400,0,4.2960,2.530000,0.173037,2023-12-07,R_20231211_3.pdf,NOMINAL-3y@11:30,"https://api.fiscaldata.treasury.gov/services/api/fiscal_service/v1/accounting/od/auctions_query?filter=security_type:in:(Note,Bond),auction_date:gte:2009-01-01&page%5Bsize%5D=10000&page%5Bnumber%5D=1&sort=auction_date",fetched,2026-09-30T10:44:13Z
2023-12-12,13:00,2023-12-12T13:00:00-05:00,2023-12-12T18:00:00Z,12:00,NOMINAL,30y,original,False,Bond,29-Year 11-Month,30-Year,Yes,912810TV0,2023-12-15,2053-11-15,21000000000,20933494500,2978000000,3621800000,14333694500,21000002000,0,4.3440,2.430000,0.142260,2023-12-07,R_20231212_2.pdf,,"https://api.fiscaldata.treasury.gov/services/api/fiscal_service/v1/accounting/od/auctions_query?filter=security_type:in:(Note,Bond),auction_date:gte:2009-01-01&page%5Bsize%5D=10000&page%5Bnumber%5D=1&sort=auction_date",fetched,2026-09-30T10:44:13Z
2023-12-20,13:00,2023-12-20T13:00:00-05:00,2023-12-20T18:00:00Z,12:00,NOMINAL,20y,original,False,Bond,19-Year 11-Month,20-Year,Yes,912810TW8,2024-01-02,2043-11-15,13000000000,12908193900,1663508000,2673000000,8571685900,13000033000,0,4.2130,2.550000,0.128872,2023-12-14,R_20231220_2.pdf,,"https://api.fiscaldata.treasury.gov/services/api/fiscal_service/v1/accounting/od/auctions_query?filter=security_type:in:(Note,Bond),auction_date:gte:2009-01-01&page%5Bsize%5D=10000&page%5Bnumber%5D=1&sort=auction_date",fetched,2026-09-30T10:44:13Z
2023-12-21,13:00,2023-12-21T13:00:00-05:00,2023-12-21T18:00:00Z,12:00,TIPS,5y,original,False,Note,4-Year 10-Month,5-Year,Yes,91282CJH5,2023-12-29,2028-10-15,20000000000,19951846000,1224537500,3632000000,15095308500,20000009700,0,1.7100,2.550000,0.061375,2023-12-14,R_20231221_3.pdf,,"https://api.fiscaldata.treasury.gov/services/api/fiscal_service/v1/accounting/od/auctions_query?filter=security_type:in:(Note,Bond),auction_date:gte:2009-01-01&page%5Bsize%5D=10000&page%5Bnumber%5D=1&sort=auction_date",fetched,2026-09-30T10:44:13Z
2023-12-26,13:00,2023-12-26T13:00:00-05:00,2023-12-26T18:00:00Z,12:00,NOMINAL,2y,original,False,Note,2-Year,2-Year,No,91282CJS1,2024-01-02,2025-12-31,57000000000,56279769100,10487000000,10981029100,34811740000,57000058100,0,4.3140,2.680000,0.186337,2023-12-21,R_20231226_4.pdf,,"https://api.fiscaldata.treasury.gov/services/api/fiscal_service/v1/accounting/od/auctions_query?filter=security_type:in:(Note,Bond),auction_date:gte:2009-01-01&page%5Bsize%5D=10000&page%5Bnumber%5D=1&sort=auction_date",fetched,2026-09-30T10:44:13Z
2023-12-27,13:00,2023-12-27T13:00:00-05:00,2023-12-27T18:00:00Z,12:00,FRN,2y,original,False,Note,1-Year 10-Month,2-Year,Yes,91282CJD4,2023-12-29,2025-10-31,26000000000,25974211400,9614255000,133000000,16226956400,26000222700,0,,2.930000,0.370146,2023-12-21,R_20231227_3.pdf,NOMINAL-5y@13:00,"https://api.fiscaldata.treasury.gov/services/api/fiscal_service/v1/accounting/od/auctions_query?filter=security_type:in:(Note,Bond),auction_date:gte:2009-01-01&page%5Bsize%5D=10000&page%5Bnumber%5D=1&sort=auction_date",fetched,2026-09-30T10:44:13Z
2023-12-27,13:00,2023-12-27T13:00:00-05:00,2023-12-27T18:00:00Z,12:00,NOMINAL,5y,original,False,Note,5-Year,5-Year,No,91282CJR3,2024-01-02,2028-12-31,58000000000,57821997000,8121000000,8880942000,40820055000,58000021100,0,3.8010,2.500000,0.140448,2023-12-21,R_20231227_4.pdf,FRN-2y@13:00,"https://api.fiscaldata.treasury.gov/services/api/fiscal_service/v1/accounting/od/auctions_query?filter=security_type:in:(Note,Bond),auction_date:gte:2009-01-01&page%5Bsize%5D=10000&page%5Bnumber%5D=1&sort=auction_date",fetched,2026-09-30T10:44:13Z
2023-12-28,13:00,2023-12-28T13:00:00-05:00,2023-12-28T18:00:00Z,12:00,NOMINAL,7y,original,False,Note,7-Year,7-Year,No,91282CJQ5,2024-01-02,2030-12-31,40000000000,39744046800,6723212500,7700236800,25320597500,40000020000,0,3.8590,2.500000,0.169163,2023-12-21,R_20231228_3.pdf,,"https://api.fiscaldata.treasury.gov/services/api/fiscal_service/v1/accounting/od/auctions_query?filter=security_type:in:(Note,Bond),auction_date:gte:2009-01-01&page%5Bsize%5D=10000&page%5Bnumber%5D=1&sort=auction_date",fetched,2026-09-30T10:44:13Z
2024-01-09,13:00,2024-01-09T13:00:00-05:00,2024-01-09T18:00:00Z,12:00,NOMINAL,3y,original,False,Note,3-Year,3-Year,No,91282CJT9,2024-01-16,2027-01-15,52000000000,51612844900,9212502500,8692800200,33707542200,52000056800,0,4.1050,2.670000,0.178492,2024-01-04,R_20240109_2.pdf,,"https://api.fiscaldata.treasury.gov/services/api/fiscal_service/v1/accounting/od/auctions_query?filter=security_type:in:(Note,Bond),auction_date:gte:2009-01-01&page%5Bsize%5D=10000&page%5Bnumber%5D=1&sort=auction_date",fetched,2026-09-30T10:44:13Z
2024-01-10,13:00,2024-01-10T13:00:00-05:00,2024-01-10T18:00:00Z,12:00,NOMINAL,10y,original,False,Note,9-Year 10-Month,10-Year,Yes,91282CJJ1,2024-01-16,2033-11-15,37000000000,36919215500,5593157500,6918000000,24408058000,37000011200,0,4.0240,2.560000,0.151497,2024-01-04,R_20240110_2.pdf,,"https://api.fiscaldata.treasury.gov/services/api/fiscal_service/v1/accounting/od/auctions_query?filter=security_type:in:(Note,Bond),auction_date:gte:2009-01-01&page%5Bsize%5D=10000&page%5Bnumber%5D=1&sort=auction_date",fetched,2026-09-30T10:44:13Z
2024-01-11,13:00,2024-01-11T13:00:00-05:00,2024-01-11T18:00:00Z,12:00,NOMINAL,30y,original,False,Bond,29-Year 10-Month,30-Year,Yes,912810TV0,2024-01-16,2053-11-15,21000000000,20966180200,3044118000,3712937200,14209125000,21000006300,0,4.2290,2.370000,0.145192,2024-01-04,R_20240111_3.pdf,,"https://api.fiscaldata.treasury.gov/services/api/fiscal_service/v1/accounting/od/auctions_query?filter=security_type:in:(Note,Bond),auction_date:gte:2009-01-01&page%5Bsize%5D=10000&page%5Bnumber%5D=1&sort=auction_date",fetched,2026-09-30T10:44:13Z
2024-01-17,13:00,2024-01-17T13:00:00-05:00,2024-01-17T18:00:00Z,12:00,NOMINAL,20y,original,False,Bond,19-Year 10-Month,20-Year,Yes,912810TW8,2024-01-31,2043-11-15,13000000000,12936321300,2242000300,2653000000,8041321000,13000010700,0,4.4230,2.530000,0.173310,2024-01-11,R_20240117_2.pdf,,"https://api.fiscaldata.treasury.gov/services/api/fiscal_service/v1/accounting/od/auctions_query?filter=security_type:in:(Note,Bond),auction_date:gte:2009-01-01&page%5Bsize%5D=10000&page%5Bnumber%5D=1&sort=auction_date",fetched,2026-09-30T10:44:13Z
2024-01-18,13:00,2024-01-18T13:00:00-05:00,2024-01-18T18:00:00Z,12:00,TIPS,10y,original,False,Note,10-Year,10-Year,No,91282CJY8,2024-01-31,2034-01-15,18000000000,17916778500,572675500,3132080000,14212023000,18000021100,0,1.8100,2.620000,0.031963,2024-01-11,R_20240118_3.pdf,,"https://api.fiscaldata.treasury.gov/services/api/fiscal_service/v1/accounting/od/auctions_query?filter=security_type:in:(Note,Bond),auction_date:gte:2009-01-01&page%5Bsize%5D=10000&page%5Bnumber%5D=1&sort=auction_date",fetched,2026-09-30T10:44:13Z
2024-01-23,13:00,2024-01-23T13:00:00-05:00,2024-01-23T18:00:00Z,12:00,NOMINAL,2y,original,False,Note,2-Year,2-Year,No,91282CJV4,2024-01-31,2026-01-31,60000000000,59460369400,8817250000,11815074400,38828045000,60000062600,0,4.3650,2.570000,0.148288,2024-01-18,R_20240123_3.pdf,,"https://api.fiscaldata.treasury.gov/services/api/fiscal_service/v1/accounting/od/auctions_query?filter=security_type:in:(Note,Bond),auction_date:gte:2009-01-01&page%5Bsize%5D=10000&page%5Bnumber%5D=1&sort=auction_date",fetched,2026-09-30T10:44:13Z
2024-01-24,11:30,2024-01-24T11:30:00-05:00,2024-01-24T16:30:00Z,11:00,FRN,2y,original,False,Note,2-Year,2-Year,No,91282CJU6,2024-01-31,2026-01-31,28000000000,27964535000,4594172500,35000000,23335362500,28000612800,0,,3.610000,0.164286,2024-01-18,R_20240124_2.pdf,NOMINAL-5y@13:00,"https://api.fiscaldata.treasury.gov/services/api/fiscal_service/v1/accounting/od/auctions_query?filter=security_type:in:(Note,Bond),auction_date:gte:2009-01-01&page%5Bsize%5D=10000&page%5Bnumber%5D=1&sort=auction_date",fetched,2026-09-30T10:44:13Z
2024-01-24,13:00,2024-01-24T13:00:00-05:00,2024-01-24T18:00:00Z,12:00,NOMINAL,5y,original,False,Note,5-Year,5-Year,No,91282CJW2,2024-01-31,2029-01-31,61000000000,60832652500,12394062500,11368500000,37070090000,61000063600,0,4.0550,2.310000,0.203740,2024-01-18,R_20240124_3.pdf,FRN-2y@11:30,"https://api.fiscaldata.treasury.gov/services/api/fiscal_service/v1/accounting/od/auctions_query?filter=security_type:in:(Note,Bond),auction_date:gte:2009-01-01&page%5Bsize%5D=10000&page%5Bnumber%5D=1&sort=auction_date",fetched,2026-09-30T10:44:13Z
2024-01-25,13:00,2024-01-25T13:00:00-05:00,2024-01-25T18:00:00Z,12:00,NOMINAL,7y,original,False,Note,7-Year,7-Year,No,91282CJX0,2024-01-31,2031-01-31,41000000000,40839822000,5692350000,6944100000,28203372000,41000041100,0,4.1090,2.570000,0.139382,2024-01-18,R_20240125_3.pdf,,"https://api.fiscaldata.treasury.gov/services/api/fiscal_service/v1/accounting/od/auctions_query?filter=security_type:in:(Note,Bond),auction_date:gte:2009-01-01&page%5Bsize%5D=10000&page%5Bnumber%5D=1&sort=auction_date",fetched,2026-09-30T10:44:13Z
2024-02-06,13:00,2024-02-06T13:00:00-05:00,2024-02-06T18:00:00Z,12:00,NOMINAL,3y,original,False,Note,3-Year,3-Year,No,91282CKA8,2024-02-15,2027-02-15,54000000000,53644646000,8428000000,9836976000,35379670000,57993720900,3993698700,4.1690,2.580000,0.157108,2024-01-31,R_20240206_2.pdf,,"https://api.fiscaldata.treasury.gov/services/api/fiscal_service/v1/accounting/od/auctions_query?filter=security_type:in:(Note,Bond),auction_date:gte:2009-01-01&page%5Bsize%5D=10000&page%5Bnumber%5D=1&sort=auction_date",fetched,2026-09-30T10:44:13Z
2024-02-07,13:00,2024-02-07T13:00:00-05:00,2024-02-07T18:00:00Z,12:00,NOMINAL,10y,original,False,Note,10-Year,10-Year,No,91282CJZ5,2024-02-15,2034-02-15,42000000000,41818857500,5429656000,6712161500,29677040000,45106262000,3106210100,4.0930,2.560000,0.129838,2024-01-31,R_20240207_2.pdf,,"https://api.fiscaldata.treasury.gov/services/api/fiscal_service/v1/accounting/od/auctions_query?filter=security_type:in:(Note,Bond),auction_date:gte:2009-01-01&page%5Bsize%5D=10000&page%5Bnumber%5D=1&sort=auction_date",fetched,2026-09-30T10:44:13Z
2024-02-08,13:00,2024-02-08T13:00:00-05:00,2024-02-08T18:00:00Z,12:00,NOMINAL,30y,original,False,Bond,30-Year,30-Year,No,912810TX6,2024-02-15,2054-02-15,25000000000,24949794000,3695172500,3616300000,17638321500,26848948800,1848934600,4.3600,2.400000,0.148104,2024-01-31,R_20240208_3.pdf,,"https://api.fiscaldata.treasury.gov/services/api/fiscal_service/v1/accounting/od/auctions_query?filter=security_type:in:(Note,Bond),auction_date:gte:2009-01-01&page%5Bsize%5D=10000&page%5Bnumber%5D=1&sort=auction_date",fetched,2026-09-30T10:44:13Z
2024-02-21,11:30,2024-02-21T11:30:00-05:00,2024-02-21T16:30:00Z,11:00,FRN,2y,original,False,Note,1-Year 11-Month,2-Year,Yes,91282CJU6,2024-02-23,2026-01-31,28000000000,27977064800,9561490000,60000000,18355574800,28000449500,0,,2.990000,0.341762,2024-02-15,R_20240221_2.pdf,NOMINAL-20y@13:00,"https://api.fiscaldata.treasury.gov/services/api/fiscal_service/v1/accounting/od/auctions_query?filter=security_type:in:(Note,Bond),auction_date:gte:2009-01-01&page%5Bsize%5D=10000&page%5Bnumber%5D=1&sort=auction_date",fetched,2026-09-30T10:44:13Z
2024-02-21,13:00,2024-02-21T13:00:00-05:00,2024-02-21T18:00:00Z,12:00,NOMINAL,20y,original,False,Bond,20-Year,20-Year,No,912810TZ1,2024-02-29,2044-02-15,16000000000,15846278100,3360588800,3123282500,9362406800,16692254200,692217100,4.5950,2.390000,0.212074,2024-02-15,R_20240221_3.pdf,FRN-2y@11:30,"https://api.fiscaldata.treasury.gov/services/api/fiscal_service/v1/accounting/od/auctions_query?filter=security_type:in:(Note,Bond),auction_date:gte:2009-01-01&page%5Bsize%5D=10000&page%5Bnumber%5D=1&sort=auction_date",fetched,2026-09-30T10:44:13Z
2024-02-22,13:00,2024-02-22T13:00:00-05:00,2024-02-22T18:00:00Z,12:00,TIPS,30y,original,False,Bond,30-Year,30-Year,No,912810TY4,2024-02-29,2054-02-15,9000000000,8939474600,802928000,1574000000,6562546600,9389376900,389372100,2.2000,2.430000,0.089818,2024-02-15,R_20240222_3.pdf,,"https://api.fiscaldata.treasury.gov/services/api/fiscal_service/v1/accounting/od/auctions_query?filter=security_type:in:(Note,Bond),auction_date:gte:2009-01-01&page%5Bsize%5D=10000&page%5Bnumber%5D=1&sort=auction_date",fetched,2026-09-30T10:44:13Z
2024-02-26,11:30,2024-02-26T11:30:00-05:00,2024-02-26T16:30:00Z,11:00,NOMINAL,2y,original,False,Note,2-Year,2-Year,No,91282CKB6,2024-02-29,2026-02-28,63000000000,62359886100,9188000000,12538119100,40633767000,65725715600,2725605200,4.6910,2.490000,0.147338,2024-02-22,R_20240226_1.pdf,NOMINAL-5y@13:00,"https://api.fiscaldata.treasury.gov/services/api/fiscal_service/v1/accounting/od/auctions_query?filter=security_type:in:(Note,Bond),auction_date:gte:2009-01-01&page%5Bsize%5D=10000&page%5Bnumber%5D=1&sort=auction_date",fetched,2026-09-30T10:44:13Z
2024-02-26,13:00,2024-02-26T13:00:00-05:00,2024-02-26T18:00:00Z,12:00,NOMINAL,5y,original,False,Note,5-Year,5-Year,No,91282CKD2,2024-02-29,2029-02-28,64000000000,63803007500,10729452500,12541000000,40532555000,66768916600,2768868800,4.3200,2.410000,0.168165,2024-02-22,R_20240226_3.pdf,NOMINAL-2y@11:30,"https://api.fiscaldata.treasury.gov/services/api/fiscal_service/v1/accounting/od/auctions_query?filter=security_type:in:(Note,Bond),auction_date:gte:2009-01-01&page%5Bsize%5D=10000&page%5Bnumber%5D=1&sort=auction_date",fetched,2026-09-30T10:44:13Z
2024-02-27,13:00,2024-02-27T13:00:00-05:00,2024-02-27T18:00:00Z,12:00,NOMINAL,7y,original,False,Note,7-Year,7-Year,No,91282CKC4,2024-02-29,2031-02-28,42000000000,41845698900,6527210000,6206400000,29112088900,43817110700,1817070100,4.3270,2.580000,0.155983,2024-02-22,R_20240227_2.pdf,,"https://api.fiscaldata.treasury.gov/services/api/fiscal_service/v1/accounting/od/auctions_query?filter=security_type:in:(Note,Bond),auction_date:gte:2009-01-01&page%5Bsize%5D=10000&page%5Bnumber%5D=1&sort=auction_date",fetched,2026-09-30T10:44:13Z
2024-03-11,13:00,2024-03-11T13:00:00-04:00,2024-03-11T17:00:00Z,12:00,NOMINAL,3y,original,False,Note,3-Year,3-Year,No,91282CKE0,2024-03-15,2027-03-15,56000000000,55785211300,8032000000,8677596300,39075615000,56000018600,0,4.2560,2.600000,0.143981,2024-03-07,R_20240311_3.pdf,,"https://api.fiscaldata.treasury.gov/services/api/fiscal_service/v1/accounting/od/auctions_query?filter=security_type:in:(Note,Bond),auction_date:gte:2009-01-01&page%5Bsize%5D=10000&page%5Bnumber%5D=1&sort=auction_date",fetched,2026-09-30T10:44:13Z
2024-03-12,13:00,2024-03-12T13:00:00-04:00,2024-03-12T17:00:00Z,12:00,NOMINAL,10y,original,False,Note,9-Year 11-Month,10-Year,Yes,91282CJZ5,2024-03-15,2034-02-15,39000000000,38924270200,6641885200,7258000000,25024385000,39000004400,0,4.1660,2.510000,0.170636,2024-03-07,R_20240312_2.pdf,,"https://api.fiscaldata.treasury.gov/services/api/fiscal_service/v1/accounting/od/auctions_query?filter=security_type:in:(Note,Bond),auction_date:gte:2009-01-01&page%5Bsize%5D=10000&page%5Bnumber%5D=1&sort=auction_date",fetched,2026-09-30T10:44:13Z
2024-03-13,13:00,2024-03-13T13:00:00-04:00,2024-03-13T17:00:00Z,12:00,NOMINAL,30y,original,False,Bond,29-Year 11-Month,30-Year,Yes,912810TX6,2024-03-15,2054-02-15,22000000000,21970196800,3061000000,3685400000,15223796800,22000030500,0,4.3310,2.470000,0.139325,2024-03-07,R_20240313_2.pdf,,"https://api.fiscaldata.treasury.gov/services/api/fiscal_service/v1/accounting/od/auctions_query?filter=security_type:in:(Note,Bond),auction_date:gte:2009-01-01&page%5Bsize%5D=10000&page%5Bnumber%5D=1&sort=auction_date",fetched,2026-09-30T10:44:13Z
2024-03-19,13:00,2024-03-19T13:00:00-04:00,2024-03-19T17:00:00Z,12:00,NOMINAL,20y,original,False,Bond,19-Year 11-Month,20-Year,Yes,912810TZ1,2024-04-01,2044-02-15,13000000000,12917060000,1207300000,2216658000,9493102000,13000024800,0,4.5420,2.790000,0.093466,2024-03-14,R_20240319_3.pdf,,"https://api.fiscaldata.treasury.gov/services/api/fiscal_service/v1/accounting/od/auctions_query?filter=security_type:in:(Note,Bond),auction_date:gte:2009-01-01&page%5Bsize%5D=10000&page%5Bnumber%5D=1&sort=auction_date",fetched,2026-09-30T10:44:13Z
2024-03-21,13:00,2024-03-21T13:00:00-04:00,2024-03-21T17:00:00Z,12:00,TIPS,10y,original,False,Note,9-Year 10-Month,10-Year,Yes,91282CJY8,2024-03-28,2034-01-15,16000000000,15953232300,1910030000,2559000000,11484202300,16000005700,0,1.9320,2.350000,0.119727,2024-03-14,R_20240321_3.pdf,,"https://api.fiscaldata.treasury.gov/services/api/fiscal_service/v1/accounting/od/auctions_query?filter=security_type:in:(Note,Bond),auction_date:gte:2009-01-01&page%5Bsize%5D=10000&page%5Bnumber%5D=1&sort=auction_date",fetched,2026-09-30T10:44:13Z
2024-03-25,13:00,2024-03-25T13:00:00-04:00,2024-03-25T17:00:00Z,12:00,NOMINAL,2y,original,False,Note,2-Year,2-Year,No,91282CKH3,2024-04-01,2026-03-31,66000000000,65275794600,8721963600,13627000000,42926831000,66000028700,0,4.5950,2.620000,0.133617,2024-03-21,R_20240325_3.pdf,,"https://api.fiscaldata.treasury.gov/services/api/fiscal_service/v1/accounting/od/auctions_query?filter=security_type:in:(Note,Bond),auction_date:gte:2009-01-01&page%5Bsize%5D=10000&page%5Bnumber%5D=1&sort=auction_date",fetched,2026-09-30T10:44:13Z
2024-03-26,13:00,2024-03-26T13:00:00-04:00,2024-03-26T17:00:00Z,12:00,NOMINAL,5y,original,False,Note,5-Year,5-Year,No,91282CKG5,2024-04-01,2029-03-31,67000000000,66825255100,8508056000,11236606100,47080593000,67000049700,0,4.2350,2.410000,0.127318,2024-03-21,R_20240326_2.pdf,,"https://api.fiscaldata.treasury.gov/services/api/fiscal_service/v1/accounting/od/auctions_query?filter=security_type:in:(Note,Bond),auction_date:gte:2009-01-01&page%5Bsize%5D=10000&page%5Bnumber%5D=1&sort=auction_date",fetched,2026-09-30T10:44:13Z
2024-03-27,11:30,2024-03-27T11:30:00-04:00,2024-03-27T15:30:00Z,11:00,FRN,2y,original,False,Note,1-Year 10-Month,2-Year,Yes,91282CJU6,2024-04-01,2026-01-31,28000000000,27976941600,11493095000,100000000,16383846600,28000033200,0,,3.220000,0.410806,2024-03-21,R_20240327_1.pdf,NOMINAL-7y@13:00,"https://api.fiscaldata.treasury.gov/services/api/fiscal_service/v1/accounting/od/auctions_query?filter=security_type:in:(Note,Bond),auction_date:gte:2009-01-01&page%5Bsize%5D=10000&page%5Bnumber%5D=1&sort=auction_date",fetched,2026-09-30T10:44:13Z
2024-03-27,13:00,2024-03-27T13:00:00-04:00,2024-03-27T17:00:00Z,12:00,NOMINAL,7y,original,False,Note,7-Year,7-Year,No,91282CKF7,2024-04-01,2031-03-31,43000000000,42879032000,5514197000,7465300000,29899535000,43000000600,0,4.1850,2.610000,0.128599,2024-03-21,R_20240327_3.pdf,FRN-2y@11:30,"https://api.fiscaldata.treasury.gov/services/api/fiscal_service/v1/accounting/od/auctions_query?filter=security_type:in:(Note,Bond),auction_date:gte:2009-01-01&page%5Bsize%5D=10000&page%5Bnumber%5D=1&sort=auction_date",fetched,2026-09-30T10:44:13Z
2024-04-09,13:00,2024-04-09T13:00:00-04:00,2024-04-09T17:00:00Z,12:00,NOMINAL,3y,original,False,Note,3-Year,3-Year,No,91282CKJ9,2024-04-15,2027-04-15,58000000000,57734532500,11148727500,11793000000,34792805000,58956538700,956525500,4.5480,2.500000,0.193103,2024-04-04,R_20240409_2.pdf,,"https://api.fiscaldata.treasury.gov/services/api/fiscal_service/v1/accounting/od/auctions_query?filter=security_type:in:(Note,Bond),auction_date:gte:2009-01-01&page%5Bsize%5D=10000&page%5Bnumber%5D=1&sort=auction_date",fetched,2026-09-30T10:44:13Z
2024-04-10,13:00,2024-04-10T13:00:00-04:00,2024-04-10T17:00:00Z,12:00,NOMINAL,10y,original,False,Note,9-Year 10-Month,10-Year,Yes,91282CJZ5,2024-04-15,2034-02-15,39000000000,38916968000,9322650000,5540000000,24054318000,39643278400,643180900,4.5600,2.340000,0.239552,2024-04-04,R_20240410_2.pdf,,"https://api.fiscaldata.treasury.gov/services/api/fiscal_service/v1/accounting/od/auctions_query?filter=security_type:in:(Note,Bond),auction_date:gte:2009-01-01&page%5Bsize%5D=10000&page%5Bnumber%5D=1&sort=auction_date",fetched,2026-09-30T10:44:13Z
2024-04-11,13:00,2024-04-11T13:00:00-04:00,2024-04-11T17:00:00Z,12:00,NOMINAL,30y,original,False,Bond,29-Year 10-Month,30-Year,Yes,912810TX6,2024-04-15,2054-02-15,22000000000,21977492400,3810907900,4016900000,14149684500,22362826900,362819900,4.6710,2.370000,0.173400,2024-04-04,R_20240411_3.pdf,,"https://api.fiscaldata.treasury.gov/services/api/fiscal_service/v1/accounting/od/auctions_query?filter=security_type:in:(Note,Bond),auction_date:gte:2009-01-01&page%5Bsize%5D=10000&page%5Bnumber%5D=1&sort=auction_date",fetched,2026-09-30T10:44:13Z
2024-04-17,13:00,2024-04-17T13:00:00-04:00,2024-04-17T17:00:00Z,12:00,NOMINAL,20y,original,False,Bond,19-Year 10-Month,20-Year,Yes,912810TZ1,2024-04-30,2044-02-15,13000000000,12921538600,1173948000,2094344100,9653246500,13061977000,61959200,4.8180,2.820000,0.090852,2024-04-11,R_20240417_2.pdf,,"https://api.fiscaldata.treasury.gov/services/api/fiscal_service/v1/accounting/od/auctions_query?filter=security_type:in:(Note,Bond),auction_date:gte:2009-01-01&page%5Bsize%5D=10000&page%5Bnumber%5D=1&sort=auction_date",fetched,2026-09-30T10:44:13Z
2024-04-18,13:00,2024-04-18T13:00:00-04:00,2024-04-18T17:00:00Z,12:00,TIPS,5y,original,False,Note,5-Year,5-Year,No,91282CKL4,2024-04-30,2029-04-15,23000000000,22835460500,900020500,4058000000,17877440000,23109630400,109620200,2.2420,2.580000,0.039413,2024-04-11,R_20240418_3.pdf,,"https://api.fiscaldata.treasury.gov/services/api/fiscal_service/v1/accounting/od/auctions_query?filter=security_type:in:(Note,Bond),auction_date:gte:2009-01-01&page%5Bsize%5D=10000&page%5Bnumber%5D=1&sort=auction_date",fetched,2026-09-30T10:44:13Z
2024-04-23,13:00,2024-04-23T13:00:00-04:00,2024-04-23T17:00:00Z,12:00,NOMINAL,2y,original,False,Note,2-Year,2-Year,No,91282CKK6,2024-04-30,2026-04-30,69000000000,67967911000,10252620000,12709500000,45005791000,69328870200,328860900,4.8980,2.660000,0.150845,2024-04-18,R_20240423_2.pdf,,"https://api.fiscaldata.treasury.gov/services/api/fiscal_service/v1/accounting/od/auctions_query?filter=security_type:in:(Note,Bond),auction_date:gte:2009-01-01&page%5Bsize%5D=10000&page%5Bnumber%5D=1&sort=auction_date",fetched,2026-09-30T10:44:13Z
2024-04-24,11:30,2024-04-24T11:30:00-04:00,2024-04-24T15:30:00Z,11:00,FRN,2y,original,False,Note,2-Year,2-Year,No,91282CKM2,2024-04-30,2026-04-30,30000000000,29927240900,10855872500,300000000,18771368400,30143797900,142983000,,3.330000,0.362742,2024-04-18,R_20240424_1.pdf,NOMINAL-5y@13:00,"https://api.fiscaldata.treasury.gov/services/api/fiscal_service/v1/accounting/od/auctions_query?filter=security_type:in:(Note,Bond),auction_date:gte:2009-01-01&page%5Bsize%5D=10000&page%5Bnumber%5D=1&sort=auction_date",fetched,2026-09-30T10:44:13Z
2024-04-24,13:00,2024-04-24T13:00:00-04:00,2024-04-24T17:00:00Z,12:00,NOMINAL,5y,original,False,Note,5-Year,5-Year,No,91282CKP5,2024-04-30,2029-04-30,70000000000,69773519500,10476530000,13426000000,45870989500,70333647700,333627000,4.6590,2.390000,0.150151,2024-04-18,R_20240424_3.pdf,FRN-2y@11:30,"https://api.fiscaldata.treasury.gov/services/api/fiscal_service/v1/accounting/od/auctions_query?filter=security_type:in:(Note,Bond),auction_date:gte:2009-01-01&page%5Bsize%5D=10000&page%5Bnumber%5D=1&sort=auction_date",fetched,2026-09-30T10:44:13Z
2024-04-25,13:00,2024-04-25T13:00:00-04:00,2024-04-25T17:00:00Z,12:00,NOMINAL,7y,original,False,Note,7-Year,7-Year,No,91282CKN0,2024-04-30,2031-04-30,44000000000,43893603000,6102095000,9212500000,28579008000,44209715500,209708300,4.7160,2.480000,0.139020,2024-04-18,R_20240425_3.pdf,,"https://api.fiscaldata.treasury.gov/services/api/fiscal_service/v1/accounting/od/auctions_query?filter=security_type:in:(Note,Bond),auction_date:gte:2009-01-01&page%5Bsize%5D=10000&page%5Bnumber%5D=1&sort=auction_date",fetched,2026-09-30T10:44:13Z
2024-05-07,13:00,2024-05-07T13:00:00-04:00,2024-05-07T17:00:00Z,12:00,NOMINAL,3y,original,False,Note,3-Year,3-Year,No,91282CKR1,2024-05-15,2027-05-15,58000000000,57695955800,8580670000,11311061800,37804224000,65290209800,7290018100,4.6050,2.630000,0.148722,2024-05-01,R_20240507_2.pdf,,"https://api.fiscaldata.treasury.gov/services/api/fiscal_service/v1/accounting/od/auctions_query?filter=security_type:in:(Note,Bond),auction_date:gte:2009-01-01&page%5Bsize%5D=10000&page%5Bnumber%5D=1&sort=auction_date",fetched,2026-09-30T10:44:13Z
2024-05-08,13:00,2024-05-08T13:00:00-04:00,2024-05-08T17:00:00Z,12:00,NOMINAL,10y,original,False,Note,10-Year,10-Year,No,91282CKQ3,2024-05-15,2034-05-15,42000000000,41835384000,6581536000,7842000000,27411848000,47278984800,5278978600,4.4830,2.490000,0.157320,2024-05-01,R_20240508_2.pdf,,"https://api.fiscaldata.treasury.gov/services/api/fiscal_service/v1/accounting/od/auctions_query?filter=security_type:in:(Note,Bond),auction_date:gte:2009-01-01&page%5Bsize%5D=10000&page%5Bnumber%5D=1&sort=auction_date",fetched,2026-09-30T10:44:13Z
2024-05-09,13:00,2024-05-09T13:00:00-04:00,2024-05-09T17:00:00Z,12:00,NOMINAL,30y,original,False,Bond,30-Year,30-Year,No,912810UA4,2024-05-15,2054-05-15,25000000000,24970545000,3834450000,4939600000,16196495000,28142249900,3142249100,4.6350,2.410000,0.153559,2024-05-01,R_20240509_3.pdf,,"https://api.fiscaldata.treasury.gov/services/api/fiscal_service/v1/accounting/od/auctions_query?filter=security_type:in:(Note,Bond),auction_date:gte:2009-01-01&page%5Bsize%5D=10000&page%5Bnumber%5D=1&sort=auction_date",fetched,2026-09-30T10:44:13Z
2024-05-22,13:00,2024-05-22T13:00:00-04:00,2024-05-22T17:00:00Z,12:00,NOMINAL,20y,original,False,Bond,20-Year,20-Year,No,912810UB2,2024-05-31,2044-05-15,16000000000,15916122000,1601790000,3052000000,11262332000,16949904400,949882800,4.6350,2.510000,0.100639,2024-05-16,R_20240522_2.pdf,,"https://api.fiscaldata.treasury.gov/services/api/fiscal_service/v1/accounting/od/auctions_query?filter=security_type:in:(Note,Bond),auction_date:gte:2009-01-01&page%5Bsize%5D=10000&page%5Bnumber%5D=1&sort=auction_date",fetched,2026-09-30T10:44:13Z
2024-05-23,13:00,2024-05-23T13:00:00-04:00,2024-05-23T17:00:00Z,12:00,TIPS,10y,original,False,Note,9-Year 8-Month,10-Year,Yes,91282CJY8,2024-05-31,2034-01-15,16000000000,15951210000,2240098000,2574000000,11137112000,16949883700,949882800,2.1840,2.330000,0.140434,2024-05-16,R_20240523_3.pdf,,"https://api.fiscaldata.treasury.gov/services/api/fiscal_service/v1/accounting/od/auctions_query?filter=security_type:in:(Note,Bond),auction_date:gte:2009-01-01&page%5Bsize%5D=10000&page%5Bnumber%5D=1&sort=auction_date",fetched,2026-09-30T10:44:13Z
2024-05-28,11:30,2024-05-28T11:30:00-04:00,2024-05-28T15:30:00Z,11:00,NOMINAL,2y,original,False,Note,2-Year,2-Year,No,91282CKS9,2024-05-31,2026-05-31,69000000000,68286045000,11317900000,17426000000,39542145000,73096387700,4096369900,4.9170,2.410000,0.165743,2024-05-23,R_20240528_4.pdf,NOMINAL-5y@13:00,"https://api.fiscaldata.treasury.gov/services/api/fiscal_service/v1/accounting/od/auctions_query?filter=security_type:in:(Note,Bond),auction_date:gte:2009-01-01&page%5Bsize%5D=10000&page%5Bnumber%5D=1&sort=auction_date",fetched,2026-09-30T10:44:13Z
2024-05-28,13:00,2024-05-28T13:00:00-04:00,2024-05-28T17:00:00Z,12:00,NOMINAL,5y,original,False,Note,5-Year,5-Year,No,91282CKT7,2024-05-31,2029-05-31,70000000000,69825542200,13630580000,10783000000,45411962200,74155764000,4155737600,4.5530,2.300000,0.195209,2024-05-23,R_20240528_5.pdf,NOMINAL-2y@11:30,"https://api.fiscaldata.treasury.gov/services/api/fiscal_service/v1/accounting/od/auctions_query?filter=security_type:in:(Note,Bond),auction_date:gte:2009-01-01&page%5Bsize%5D=10000&page%5Bnumber%5D=1&sort=auction_date",fetched,2026-09-30T10:44:13Z
2024-05-29,11:30,2024-05-29T11:30:00-04:00,2024-05-29T15:30:00Z,11:00,FRN,2y,original,False,Note,1-Year 11-Month,2-Year,Yes,91282CKM2,2024-05-31,2026-04-30,28000000000,27980250000,9967500000,250000000,17762750000,29662559600,1662295100,,3.400000,0.356233,2024-05-23,R_20240529_2.pdf,NOMINAL-7y@13:00,"https://api.fiscaldata.treasury.gov/services/api/fiscal_service/v1/accounting/od/auctions_query?filter=security_type:in:(Note,Bond),auction_date:gte:2009-01-01&page%5Bsize%5D=10000&page%5Bnumber%5D=1&sort=auction_date",fetched,2026-09-30T10:44:13Z
2024-05-29,13:00,2024-05-29T13:00:00-04:00,2024-05-29T17:00:00Z,12:00,NOMINAL,7y,original,False,Note,7-Year,7-Year,No,91282CKU4,2024-05-31,2031-05-31,44000000000,43882727000,7458975000,7077000000,29346752000,46612240400,2612177800,4.6500,2.430000,0.169975,2024-05-23,R_20240529_3.pdf,FRN-2y@11:30,"https://api.fiscaldata.treasury.gov/services/api/fiscal_service/v1/accounting/od/auctions_query?filter=security_type:in:(Note,Bond),auction_date:gte:2009-01-01&page%5Bsize%5D=10000&page%5Bnumber%5D=1&sort=auction_date",fetched,2026-09-30T10:44:13Z
2024-06-10,13:00,2024-06-10T13:00:00-04:00,2024-06-10T17:00:00Z,12:00,NOMINAL,3y,original,False,Note,3-Year,3-Year,No,91282CKV2,2024-06-17,2027-06-15,58000000000,57646532000,11506705000,9166000000,36973827000,59876059100,1876038700,4.6590,2.430000,0.199608,2024-06-06,R_20240610_3.pdf,,"https://api.fiscaldata.treasury.gov/services/api/fiscal_service/v1/accounting/od/auctions_query?filter=security_type:in:(Note,Bond),auction_date:gte:2009-01-01&page%5Bsize%5D=10000&page%5Bnumber%5D=1&sort=auction_date",fetched,2026-09-30T10:44:13Z
2024-06-11,13:00,2024-06-11T13:00:00-04:00,2024-06-11T17:00:00Z,12:00,NOMINAL,10y,original,False,Note,9-Year 11-Month,10-Year,Yes,91282CKQ3,2024-06-17,2034-05-15,39000000000,38918545500,4509473000,5375000000,29034072500,40261600500,1261474200,4.4380,2.670000,0.115870,2024-06-06,R_20240611_3.pdf,,"https://api.fiscaldata.treasury.gov/services/api/fiscal_service/v1/accounting/od/auctions_query?filter=security_type:in:(Note,Bond),auction_date:gte:2009-01-01&page%5Bsize%5D=10000&page%5Bnumber%5D=1&sort=auction_date",fetched,2026-09-30T10:44:13Z
2024-06-13,13:00,2024-06-13T13:00:00-04:00,2024-06-13T17:00:00Z,12:00,NOMINAL,30y,original,False,Bond,29-Year 11-Month,30-Year,Yes,912810UA4,2024-06-17,2054-05-15,22000000000,21967151800,3009118500,3910900000,15047133300,22711606600,711600800,4.4030,2.490000,0.136983,2024-06-06,R_20240613_3.pdf,,"https://api.fiscaldata.treasury.gov/services/api/fiscal_service/v1/accounting/od/auctions_query?filter=security_type:in:(Note,Bond),auction_date:gte:2009-01-01&page%5Bsize%5D=10000&page%5Bnumber%5D=1&sort=auction_date",fetched,2026-09-30T10:44:13Z
2024-06-18,13:00,2024-06-18T13:00:00-04:00,2024-06-18T17:00:00Z,12:00,NOMINAL,20y,original,False,Bond,19-Year 11-Month,20-Year,Yes,912810UB2,2024-07-01,2044-05-15,13000000000,12955002200,747000000,2117500000,10090502200,13452687400,452682200,4.4520,2.740000,0.057661,2024-06-13,R_20240618_1.pdf,,"https://api.fiscaldata.treasury.gov/services/api/fiscal_service/v1/accounting/od/auctions_query?filter=security_type:in:(Note,Bond),auction_date:gte:2009-01-01&page%5Bsize%5D=10000&page%5Bnumber%5D=1&sort=auction_date",fetched,2026-09-30T10:44:13Z
2024-06-20,13:00,2024-06-20T13:00:00-04:00,2024-06-20T17:00:00Z,12:00,TIPS,5y,original,False,Note,4-Year 10-Month,5-Year,Yes,91282CKL4,2024-06-28,2029-04-15,21000000000,20936914000,488720000,3878000000,16570194000,21000024600,0,2.0500,2.520000,0.023343,2024-06-13,R_20240620_3.pdf,,"https://api.fiscaldata.treasury.gov/services/api/fiscal_service/v1/accounting/od/auctions_query?filter=security_type:in:(Note,Bond),auction_date:gte:2009-01-01&page%5Bsize%5D=10000&page%5Bnumber%5D=1&sort=auction_date",fetched,2026-09-30T10:44:13Z
2024-06-25,13:00,2024-06-25T13:00:00-04:00,2024-06-25T17:00:00Z,12:00,NOMINAL,2y,original,False,Note,2-Year,2-Year,No,91282CKY6,2024-07-01,2026-06-30,69000000000,68070367100,9178970000,14250437100,44640960000,71402712600,2402698100,4.7060,2.750000,0.134845,2024-06-20,R_20240625_2.pdf,,"https://api.fiscaldata.treasury.gov/services/api/fiscal_service/v1/accounting/od/auctions_query?filter=security_type:in:(Note,Bond),auction_date:gte:2009-01-01&page%5Bsize%5D=10000&page%5Bnumber%5D=1&sort=auction_date",fetched,2026-09-30T10:44:13Z
2024-06-26,11:30,2024-06-26T11:30:00-04:00,2024-06-26T15:30:00Z,11:00,FRN,2y,original,False,Note,1-Year 10-Month,2-Year,Yes,91282CKM2,2024-06-28,2026-04-30,28000000000,27983005000,9507800000,150000000,18325205000,28000082600,0,,2.920000,0.339771,2024-06-20,R_20240626_1.pdf,NOMINAL-5y@13:00,"https://api.fiscaldata.treasury.gov/services/api/fiscal_service/v1/accounting/od/auctions_query?filter=security_type:in:(Note,Bond),auction_date:gte:2009-01-01&page%5Bsize%5D=10000&page%5Bnumber%5D=1&sort=auction_date",fetched,2026-09-30T10:44:13Z
2024-06-26,13:00,2024-06-26T13:00:00-04:00,2024-06-26T17:00:00Z,12:00,NOMINAL,5y,original,False,Note,5-Year,5-Year,No,91282CKX8,2024-07-01,2029-06-30,70000000000,69735289700,9333000000,12343250000,48059039700,72437531400,2437519700,4.3310,2.350000,0.133835,2024-06-20,R_20240626_3.pdf,FRN-2y@11:30,"https://api.fiscaldata.treasury.gov/services/api/fiscal_service/v1/accounting/od/auctions_query?filter=security_type:in:(Note,Bond),auction_date:gte:2009-01-01&page%5Bsize%5D=10000&page%5Bnumber%5D=1&sort=auction_date",fetched,2026-09-30T10:44:13Z
2024-06-27,13:00,2024-06-27T13:00:00-04:00,2024-06-27T17:00:00Z,12:00,NOMINAL,7y,original,False,Note,7-Year,7-Year,No,91282CKW0,2024-07-01,2031-06-30,44000000000,43926227600,5215000000,8115517600,30595710000,45532190200,1532155200,4.2760,2.580000,0.118722,2024-06-20,R_20240627_3.pdf,,"https://api.fiscaldata.treasury.gov/services/api/fiscal_service/v1/accounting/od/auctions_query?filter=security_type:in:(Note,Bond),auction_date:gte:2009-01-01&page%5Bsize%5D=10000&page%5Bnumber%5D=1&sort=auction_date",fetched,2026-09-30T10:44:13Z
2024-07-09,13:00,2024-07-09T13:00:00-04:00,2024-07-09T17:00:00Z,12:00,NOMINAL,3y,original,False,Note,3-Year,3-Year,No,91282CKZ3,2024-07-15,2027-07-15,58000000000,57489880000,8495000000,12220717000,36774163000,67423503800,9423495200,4.3990,2.670000,0.147765,2024-07-03,R_20240709_3.pdf,,"https://api.fiscaldata.treasury.gov/services/api/fiscal_service/v1/accounting/od/auctions_query?filter=security_type:in:(Note,Bond),auction_date:gte:2009-01-01&page%5Bsize%5D=10000&page%5Bnumber%5D=1&sort=auction_date",fetched,2026-09-30T10:44:13Z
2024-07-10,13:00,2024-07-10T13:00:00-04:00,2024-07-10T17:00:00Z,12:00,NOMINAL,10y,original,False,Note,9-Year 10-Month,10-Year,Yes,91282CKQ3,2024-07-15,2034-05-15,39000000000,38932816800,4489600000,8122643400,26320573400,45336567200,6336488000,4.2760,2.580000,0.115317,2024-07-03,R_20240710_2.pdf,,"https://api.fiscaldata.treasury.gov/services/api/fiscal_service/v1/accounting/od/auctions_query?filter=security_type:in:(Note,Bond),auction_date:gte:2009-01-01&page%5Bsize%5D=10000&page%5Bnumber%5D=1&sort=auction_date",fetched,2026-09-30T10:44:13Z
2024-07-11,13:00,2024-07-11T13:00:00-04:00,2024-07-11T17:00:00Z,12:00,NOMINAL,30y,original,False,Bond,29-Year 10-Month,30-Year,Yes,912810UA4,2024-07-15,2054-05-15,22000000000,21966950000,3487264000,5132500000,13347186000,25574432800,3574429100,4.4050,2.300000,0.158750,2024-07-03,R_20240711_3.pdf,,"https://api.fiscaldata.treasury.gov/services/api/fiscal_service/v1/accounting/od/auctions_query?filter=security_type:in:(Note,Bond),auction_date:gte:2009-01-01&page%5Bsize%5D=10000&page%5Bnumber%5D=1&sort=auction_date",fetched,2026-09-30T10:44:13Z
2024-07-17,13:00,2024-07-17T13:00:00-04:00,2024-07-17T17:00:00Z,12:00,NOMINAL,20y,original,False,Bond,19-Year 10-Month,20-Year,Yes,912810UB2,2024-07-31,2044-05-15,13000000000,12951445600,1097560000,1855000000,9998885600,13716789100,716779200,4.4660,2.680000,0.084744,2024-07-11,R_20240717_2.pdf,,"https://api.fiscaldata.treasury.gov/services/api/fiscal_service/v1/accounting/od/auctions_query?filter=security_type:in:(Note,Bond),auction_date:gte:2009-01-01&page%5Bsize%5D=10000&page%5Bnumber%5D=1&sort=auction_date",fetched,2026-09-30T10:44:13Z
2024-07-18,13:00,2024-07-18T13:00:00-04:00,2024-07-18T17:00:00Z,12:00,TIPS,10y,original,False,Note,10-Year,10-Year,No,91282CLE9,2024-07-31,2034-07-15,19000000000,18903927200,1502818000,4419000000,12982109200,20047629100,1047600400,1.8830,2.380000,0.079498,2024-07-11,R_20240718_3.pdf,,"https://api.fiscaldata.treasury.gov/services/api/fiscal_service/v1/accounting/od/auctions_query?filter=security_type:in:(Note,Bond),auction_date:gte:2009-01-01&page%5Bsize%5D=10000&page%5Bnumber%5D=1&sort=auction_date",fetched,2026-09-30T10:44:13Z
2024-07-23,13:00,2024-07-23T13:00:00-04:00,2024-07-23T17:00:00Z,12:00,NOMINAL,2y,original,False,Note,2-Year,2-Year,No,91282CLB5,2024-07-31,2026-07-31,69000000000,68226981000,6149000000,9838656000,52239325000,72804526100,3804443800,4.4340,2.810000,0.090126,2024-07-18,R_20240723_2.pdf,,"https://api.fiscaldata.treasury.gov/services/api/fiscal_service/v1/accounting/od/auctions_query?filter=security_type:in:(Note,Bond),auction_date:gte:2009-01-01&page%5Bsize%5D=10000&page%5Bnumber%5D=1&sort=auction_date",fetched,2026-09-30T10:44:13Z
2024-07-24,11:30,2024-07-24T11:30:00-04:00,2024-07-24T15:30:00Z,11:00,FRN,2y,original,False,Note,2-Year,2-Year,No,91282CLA7,2024-07-31,2026-07-31,30000000000,29946650000,7290000000,250000000,22406650000,31654132700,1654106000,,3.250000,0.243433,2024-07-18,R_20240724_1.pdf,NOMINAL-5y@13:00,"https://api.fiscaldata.treasury.gov/services/api/fiscal_service/v1/accounting/od/auctions_query?filter=security_type:in:(Note,Bond),auction_date:gte:2009-01-01&page%5Bsize%5D=10000&page%5Bnumber%5D=1&sort=auction_date",fetched,2026-09-30T10:44:13Z
2024-07-24,13:00,2024-07-24T13:00:00-04:00,2024-07-24T17:00:00Z,12:00,NOMINAL,5y,original,False,Note,5-Year,5-Year,No,91282CLC3,2024-07-31,2029-07-31,70000000000,69796241000,9750770000,13108280000,46937191000,73859602700,3859580700,4.1210,2.400000,0.139703,2024-07-18,R_20240724_3.pdf,FRN-2y@11:30,"https://api.fiscaldata.treasury.gov/services/api/fiscal_service/v1/accounting/od/auctions_query?filter=security_type:in:(Note,Bond),auction_date:gte:2009-01-01&page%5Bsize%5D=10000&page%5Bnumber%5D=1&sort=auction_date",fetched,2026-09-30T10:44:13Z
2024-07-25,13:00,2024-07-25T13:00:00-04:00,2024-07-25T17:00:00Z,12:00,NOMINAL,7y,original,False,Note,7-Year,7-Year,No,91282CLD1,2024-07-31,2031-07-31,44000000000,43919495000,3895000000,7359000000,32665495000,46426114700,2426022000,4.1620,2.640000,0.088685,2024-07-18,R_20240725_3.pdf,,"https://api.fiscaldata.treasury.gov/services/api/fiscal_service/v1/accounting/od/auctions_query?filter=security_type:in:(Note,Bond),auction_date:gte:2009-01-01&page%5Bsize%5D=10000&page%5Bnumber%5D=1&sort=auction_date",fetched,2026-09-30T10:44:13Z
2024-08-06,13:00,2024-08-06T13:00:00-04:00,2024-08-06T17:00:00Z,12:00,NOMINAL,3y,original,False,Note,3-Year,3-Year,No,91282CLG4,2024-08-15,2027-08-15,58000000000,57745565000,8866300000,11696120000,37183145000,69030182700,11030168500,3.8100,2.550000,0.153541,2024-07-31,R_20240806_3.pdf,,"https://api.fiscaldata.treasury.gov/services/api/fiscal_service/v1/accounting/od/auctions_query?filter=security_type:in:(Note,Bond),auction_date:gte:2009-01-01&page%5Bsize%5D=10000&page%5Bnumber%5D=1&sort=auction_date",fetched,2026-09-30T10:44:13Z
2024-08-07,13:00,2024-08-07T13:00:00-04:00,2024-08-07T17:00:00Z,12:00,NOMINAL,10y,original,False,Note,10-Year,10-Year,No,91282CLF6,2024-08-15,2034-08-15,42000000000,41874806900,7486140000,6680000000,27708666900,49987416200,7987363300,3.9600,2.320000,0.178774,2024-07-31,R_20240807_2.pdf,,"https://api.fiscaldata.treasury.gov/services/api/fiscal_service/v1/accounting/od/auctions_query?filter=security_type:in:(Note,Bond),auction_date:gte:2009-01-01&page%5Bsize%5D=10000&page%5Bnumber%5D=1&sort=auction_date",fetched,2026-09-30T10:44:13Z
2024-08-08,13:00,2024-08-08T13:00:00-04:00,2024-08-08T17:00:00Z,12:00,NOMINAL,30y,original,False,Bond,30-Year,30-Year,No,912810UC0,2024-08-15,2054-08-15,25000000000,24941455500,4784470000,3865900000,16291085500,29754413000,4754382900,4.3140,2.310000,0.191828,2024-07-31,R_20240808_3.pdf,,"https://api.fiscaldata.treasury.gov/services/api/fiscal_service/v1/accounting/od/auctions_query?filter=security_type:in:(Note,Bond),auction_date:gte:2009-01-01&page%5Bsize%5D=10000&page%5Bnumber%5D=1&sort=auction_date",fetched,2026-09-30T10:44:13Z
2024-08-21,13:00,2024-08-21T13:00:00-04:00,2024-08-21T17:00:00Z,12:00,NOMINAL,20y,original,False,Bond,20-Year,20-Year,No,912810UD8,2024-09-03,2044-08-15,16000000000,15914882500,1547625300,3067000000,11300257200,17272241000,1272233600,4.1600,2.540000,0.097244,2024-08-15,R_20240821_3.pdf,,"https://api.fiscaldata.treasury.gov/services/api/fiscal_service/v1/accounting/od/auctions_query?filter=security_type:in:(Note,Bond),auction_date:gte:2009-01-01&page%5Bsize%5D=10000&page%5Bnumber%5D=1&sort=auction_date",fetched,2026-09-30T10:44:13Z
2024-08-22,13:00,2024-08-22T13:00:00-04:00,2024-08-22T17:00:00Z,12:00,TIPS,30y,original,False,Bond,29-Year 6-Month,30-Year,Yes,912810TY4,2024-08-30,2054-02-15,8000000000,7965191800,548605000,1239000000,6177586800,8000008400,0,2.0550,2.610000,0.068875,2024-08-15,R_20240822_3.pdf,,"https://api.fiscaldata.treasury.gov/services/api/fiscal_service/v1/accounting/od/auctions_query?filter=security_type:in:(Note,Bond),auction_date:gte:2009-01-01&page%5Bsize%5D=10000&page%5Bnumber%5D=1&sort=auction_date",fetched,2026-09-30T10:44:13Z
2024-08-27,13:00,2024-08-27T13:00:00-04:00,2024-08-27T17:00:00Z,12:00,NOMINAL,2y,original,False,Note,2-Year,2-Year,No,91282CLH2,2024-09-03,2026-08-31,69000000000,68120579300,8129000000,13016500000,46975079300,74486516100,5486507400,3.8740,2.680000,0.119333,2024-08-22,R_20240827_2.pdf,,"https://api.fiscaldata.treasury.gov/services/api/fiscal_service/v1/accounting/od/auctions_query?filter=security_type:in:(Note,Bond),auction_date:gte:2009-01-01&page%5Bsize%5D=10000&page%5Bnumber%5D=1&sort=auction_date",fetched,2026-09-30T10:44:13Z
2024-08-28,11:30,2024-08-28T11:30:00-04:00,2024-08-28T15:30:00Z,11:00,FRN,2y,original,False,Note,1-Year 11-Month,2-Year,Yes,91282CLA7,2024-08-30,2026-07-31,28000000000,27972140000,10497790000,250000000,17224350000,28000016500,0,,2.650000,0.375294,2024-08-22,R_20240828_1.pdf,NOMINAL-5y@13:00,"https://api.fiscaldata.treasury.gov/services/api/fiscal_service/v1/accounting/od/auctions_query?filter=security_type:in:(Note,Bond),auction_date:gte:2009-01-01&page%5Bsize%5D=10000&page%5Bnumber%5D=1&sort=auction_date",fetched,2026-09-30T10:44:13Z
2024-08-28,13:00,2024-08-28T13:00:00-04:00,2024-08-28T17:00:00Z,12:00,NOMINAL,5y,original,False,Note,5-Year,5-Year,No,91282CLK5,2024-09-03,2029-08-31,70000000000,69728450200,9184900000,11356213700,49187336500,75566080600,5566022000,3.6450,2.410000,0.131724,2024-08-22,R_20240828_3.pdf,FRN-2y@11:30,"https://api.fiscaldata.treasury.gov/services/api/fiscal_service/v1/accounting/od/auctions_query?filter=security_type:in:(Note,Bond),auction_date:gte:2009-01-01&page%5Bsize%5D=10000&page%5Bnumber%5D=1&sort=auction_date",fetched,2026-09-30T10:44:13Z
2024-08-29,13:00,2024-08-29T13:00:00-04:00,2024-08-29T17:00:00Z,12:00,NOMINAL,7y,original,False,Note,7-Year,7-Year,No,91282CLJ8,2024-09-03,2031-08-31,44000000000,43819369000,6012587500,4903085000,32903696500,47498677700,3498642400,3.7700,2.500000,0.137213,2024-08-22,R_20240829_3.pdf,,"https://api.fiscaldata.treasury.gov/services/api/fiscal_service/v1/accounting/od/auctions_query?filter=security_type:in:(Note,Bond),auction_date:gte:2009-01-01&page%5Bsize%5D=10000&page%5Bnumber%5D=1&sort=auction_date",fetched,2026-09-30T10:44:13Z
2024-09-10,13:00,2024-09-10T13:00:00-04:00,2024-09-10T17:00:00Z,12:00,NOMINAL,3y,original,False,Note,3-Year,3-Year,No,91282CLL3,2024-09-16,2027-09-15,58000000000,57711214500,6031675000,6524000000,45155539500,58554417200,554238500,3.4400,2.660000,0.104515,2024-09-05,R_20240910_2.pdf,,"https://api.fiscaldata.treasury.gov/services/api/fiscal_service/v1/accounting/od/auctions_query?filter=security_type:in:(Note,Bond),auction_date:gte:2009-01-01&page%5Bsize%5D=10000&page%5Bnumber%5D=1&sort=auction_date",fetched,2026-09-30T10:44:13Z
2024-09-11,13:00,2024-09-11T13:00:00-04:00,2024-09-11T17:00:00Z,12:00,NOMINAL,10y,original,False,Note,9-Year 11-Month,10-Year,Yes,91282CLF6,2024-09-16,2034-08-15,39000000000,38933491900,3988772000,5337000000,29607719900,39372679500,372677600,3.6480,2.640000,0.102451,2024-09-05,R_20240911_2.pdf,,"https://api.fiscaldata.treasury.gov/services/api/fiscal_service/v1/accounting/od/auctions_query?filter=security_type:in:(Note,Bond),auction_date:gte:2009-01-01&page%5Bsize%5D=10000&page%5Bnumber%5D=1&sort=auction_date",fetched,2026-09-30T10:44:13Z
2024-09-12,13:00,2024-09-12T13:00:00-04:00,2024-09-12T17:00:00Z,12:00,NOMINAL,30y,original,False,Bond,29-Year 11-Month,30-Year,Yes,912810UC0,2024-09-16,2054-08-15,22000000000,21968992200,3440060800,3439700000,15089231400,22210237900,210228400,4.0150,2.380000,0.156587,2024-09-05,R_20240912_3.pdf,,"https://api.fiscaldata.treasury.gov/services/api/fiscal_service/v1/accounting/od/auctions_query?filter=security_type:in:(Note,Bond),auction_date:gte:2009-01-01&page%5Bsize%5D=10000&page%5Bnumber%5D=1&sort=auction_date",fetched,2026-09-30T10:44:13Z
2024-09-17,13:00,2024-09-17T13:00:00-04:00,2024-09-17T17:00:00Z,12:00,NOMINAL,20y,original,False,Bond,19-Year 11-Month,20-Year,Yes,912810UD8,2024-09-30,2044-08-15,13000000000,12953251800,2412422800,2109000000,8431829000,13268394200,268365300,4.0390,2.510000,0.186241,2024-09-12,R_20240917_2.pdf,,"https://api.fiscaldata.treasury.gov/services/api/fiscal_service/v1/accounting/od/auctions_query?filter=security_type:in:(Note,Bond),auction_date:gte:2009-01-01&page%5Bsize%5D=10000&page%5Bnumber%5D=1&sort=auction_date",fetched,2026-09-30T10:44:13Z
2024-09-19,13:00,2024-09-19T13:00:00-04:00,2024-09-19T17:00:00Z,12:00,TIPS,10y,original,False,Note,9-Year 10-Month,10-Year,Yes,91282CLE9,2024-09-30,2034-07-15,17000000000,16967242500,1114967500,3646000000,12206275000,17350940100,350939300,1.5920,2.440000,0.065713,2024-09-12,R_20240919_3.pdf,,"https://api.fiscaldata.treasury.gov/services/api/fiscal_service/v1/accounting/od/auctions_query?filter=security_type:in:(Note,Bond),auction_date:gte:2009-01-01&page%5Bsize%5D=10000&page%5Bnumber%5D=1&sort=auction_date",fetched,2026-09-30T10:44:13Z
2024-09-24,13:00,2024-09-24T13:00:00-04:00,2024-09-24T17:00:00Z,12:00,NOMINAL,2y,original,False,Note,2-Year,2-Year,No,91282CLP4,2024-09-30,2026-09-30,69000000000,68280226100,8735885000,13393939700,46150401400,70424647300,1424401000,3.5200,2.590000,0.127942,2024-09-19,R_20240924_2.pdf,,"https://api.fiscaldata.treasury.gov/services/api/fiscal_service/v1/accounting/od/auctions_query?filter=security_type:in:(Note,Bond),auction_date:gte:2009-01-01&page%5Bsize%5D=10000&page%5Bnumber%5D=1&sort=auction_date",fetched,2026-09-30T10:44:13Z
2024-09-25,11:30,2024-09-25T11:30:00-04:00,2024-09-25T15:30:00Z,11:00,FRN,2y,original,False,Note,1-Year 10-Month,2-Year,Yes,91282CLA7,2024-09-27,2026-07-31,28000000000,27994550000,11917000000,250000000,15827550000,28000020000,0,,2.860000,0.425690,2024-09-19,R_20240925_2.pdf,NOMINAL-5y@13:00,"https://api.fiscaldata.treasury.gov/services/api/fiscal_service/v1/accounting/od/auctions_query?filter=security_type:in:(Note,Bond),auction_date:gte:2009-01-01&page%5Bsize%5D=10000&page%5Bnumber%5D=1&sort=auction_date",fetched,2026-09-30T10:44:13Z
2024-09-25,13:00,2024-09-25T13:00:00-04:00,2024-09-25T17:00:00Z,12:00,NOMINAL,5y,original,False,Note,5-Year,5-Year,No,91282CLN9,2024-09-30,2029-09-30,70000000000,69794407700,7997870000,12723837700,49072700000,71445154300,1445044500,3.5190,2.380000,0.114592,2024-09-19,R_20240925_3.pdf,FRN-2y@11:30,"https://api.fiscaldata.treasury.gov/services/api/fiscal_service/v1/accounting/od/auctions_query?filter=security_type:in:(Note,Bond),auction_date:gte:2009-01-01&page%5Bsize%5D=10000&page%5Bnumber%5D=1&sort=auction_date",fetched,2026-09-30T10:44:13Z
2024-09-26,13:00,2024-09-26T13:00:00-04:00,2024-09-26T17:00:00Z,12:00,NOMINAL,7y,original,False,Note,7-Year,7-Year,No,91282CLM1,2024-09-30,2031-09-30,44000000000,43841525000,3921320000,8880300000,31039905000,44908314000,908313700,3.6680,2.630000,0.089443,2024-09-19,R_20240926_3.pdf,,"https://api.fiscaldata.treasury.gov/services/api/fiscal_service/v1/accounting/od/auctions_query?filter=security_type:in:(Note,Bond),auction_date:gte:2009-01-01&page%5Bsize%5D=10000&page%5Bnumber%5D=1&sort=auction_date",fetched,2026-09-30T10:44:13Z
2024-10-08,13:00,2024-10-08T13:00:00-04:00,2024-10-08T17:00:00Z,12:00,NOMINAL,3y,original,False,Note,3-Year,3-Year,No,91282CLQ2,2024-10-15,2027-10-15,58000000000,57802343200,11080102500,13852695000,32869545700,58796091400,796035000,3.8780,2.450000,0.191690,2024-10-03,R_20241008_2.pdf,,"https://api.fiscaldata.treasury.gov/services/api/fiscal_service/v1/accounting/od/auctions_query?filter=security_type:in:(Note,Bond),auction_date:gte:2009-01-01&page%5Bsize%5D=10000&page%5Bnumber%5D=1&sort=auction_date",fetched,2026-09-30T10:44:13Z
2024-10-09,13:00,2024-10-09T13:00:00-04:00,2024-10-09T17:00:00Z,12:00,NOMINAL,10y,original,False,Note,9-Year 10-Month,10-Year,Yes,91282CLF6,2024-10-15,2034-08-15,39000000000,38928454500,5421000000,3285500000,30221954500,39535267300,535264800,4.0660,2.480000,0.139255,2024-10-03,R_20241009_2.pdf,,"https://api.fiscaldata.treasury.gov/services/api/fiscal_service/v1/accounting/od/auctions_query?filter=security_type:in:(Note,Bond),auction_date:gte:2009-01-01&page%5Bsize%5D=10000&page%5Bnumber%5D=1&sort=auction_date",fetched,2026-09-30T10:44:13Z
2024-10-10,13:00,2024-10-10T13:00:00-04:00,2024-10-10T17:00:00Z,12:00,NOMINAL,30y,original,False,Bond,29-Year 10-Month,30-Year,Yes,912810UC0,2024-10-15,2054-08-15,22000000000,21973803500,2671673500,1619100000,17683030000,22301948200,301944200,4.3890,2.500000,0.121584,2024-10-03,R_20241010_3.pdf,,"https://api.fiscaldata.treasury.gov/services/api/fiscal_service/v1/accounting/od/auctions_query?filter=security_type:in:(Note,Bond),auction_date:gte:2009-01-01&page%5Bsize%5D=10000&page%5Bnumber%5D=1&sort=auction_date",fetched,2026-09-30T10:44:13Z
2024-10-23,13:00,2024-10-23T13:00:00-04:00,2024-10-23T17:00:00Z,12:00,NOMINAL,20y,original,False,Bond,19-Year 10-Month,20-Year,Yes,912810UD8,2024-10-31,2044-08-15,13000000000,12934391000,1873296000,2282000000,8779095000,13219300000,219291900,4.5900,2.590000,0.144831,2024-10-17,R_20241023_2.pdf,,"https://api.fiscaldata.treasury.gov/services/api/fiscal_service/v1/accounting/od/auctions_query?filter=security_type:in:(Note,Bond),auction_date:gte:2009-01-01&page%5Bsize%5D=10000&page%5Bnumber%5D=1&sort=auction_date",fetched,2026-09-30T10:44:13Z
2024-10-24,13:00,2024-10-24T13:00:00-04:00,2024-10-24T17:00:00Z,12:00,TIPS,5y,original,False,Note,5-Year,5-Year,No,91282CLV1,2024-10-31,2029-10-15,24000000000,23913345000,1887560000,4148000000,17877785000,24404854000,404846600,1.6700,2.400000,0.078933,2024-10-17,R_20241024_3.pdf,,"https://api.fiscaldata.treasury.gov/services/api/fiscal_service/v1/accounting/od/auctions_query?filter=security_type:in:(Note,Bond),auction_date:gte:2009-01-01&page%5Bsize%5D=10000&page%5Bnumber%5D=1&sort=auction_date",fetched,2026-09-30T10:44:13Z
2024-10-28,11:30,2024-10-28T11:30:00-04:00,2024-10-28T15:30:00Z,11:00,NOMINAL,2y,original,False,Note,2-Year,2-Year,No,91282CLS8,2024-10-31,2026-10-31,69000000000,68468624000,12274385000,16322000000,39872239000,70164113400,1163934100,4.1300,2.500000,0.179270,2024-10-24,R_20241028_2.pdf,NOMINAL-5y@13:00,"https://api.fiscaldata.treasury.gov/services/api/fiscal_service/v1/accounting/od/auctions_query?filter=security_type:in:(Note,Bond),auction_date:gte:2009-01-01&page%5Bsize%5D=10000&page%5Bnumber%5D=1&sort=auction_date",fetched,2026-09-30T10:44:13Z
2024-10-28,13:00,2024-10-28T13:00:00-04:00,2024-10-28T17:00:00Z,12:00,NOMINAL,5y,original,False,Note,5-Year,5-Year,No,91282CLR0,2024-10-31,2029-10-31,70000000000,69849599000,9899215000,6617000000,53333384000,71180811500,1180802700,4.1380,2.390000,0.141722,2024-10-24,R_20241028_3.pdf,NOMINAL-2y@11:30,"https://api.fiscaldata.treasury.gov/services/api/fiscal_service/v1/accounting/od/auctions_query?filter=security_type:in:(Note,Bond),auction_date:gte:2009-01-01&page%5Bsize%5D=10000&page%5Bnumber%5D=1&sort=auction_date",fetched,2026-09-30T10:44:13Z
2024-10-29,13:00,2024-10-29T13:00:00-04:00,2024-10-29T17:00:00Z,12:00,FRN,2y,original,False,Note,2-Year,2-Year,No,91282CLT6,2024-10-31,2026-10-31,30000000000,29959221000,7033105000,250000000,22676116000,30506099400,506058400,,2.950000,0.234756,2024-10-24,R_20241029_3.pdf,NOMINAL-7y@13:00,"https://api.fiscaldata.treasury.gov/services/api/fiscal_service/v1/accounting/od/auctions_query?filter=security_type:in:(Note,Bond),auction_date:gte:2009-01-01&page%5Bsize%5D=10000&page%5Bnumber%5D=1&sort=auction_date",fetched,2026-09-30T10:44:13Z
2024-10-29,13:00,2024-10-29T13:00:00-04:00,2024-10-29T17:00:00Z,12:00,NOMINAL,7y,original,False,Note,7-Year,7-Year,No,91282CLU3,2024-10-31,2031-10-31,44000000000,43924242300,3279000000,9036867500,31608374800,44742219600,742218800,4.2150,2.740000,0.074651,2024-10-24,R_20241029_4.pdf,FRN-2y@13:00,"https://api.fiscaldata.treasury.gov/services/api/fiscal_service/v1/accounting/od/auctions_query?filter=security_type:in:(Note,Bond),auction_date:gte:2009-01-01&page%5Bsize%5D=10000&page%5Bnumber%5D=1&sort=auction_date",fetched,2026-09-30T10:44:13Z
2024-11-04,13:00,2024-11-04T13:00:00-05:00,2024-11-04T18:00:00Z,12:00,NOMINAL,3y,original,False,Note,3-Year,3-Year,No,91282CLX7,2024-11-15,2027-11-15,58000000000,57778891500,11412250000,5561000000,40805641500,72095620100,14095578800,4.1520,2.600000,0.197516,2024-10-30,R_20241104_3.pdf,,"https://api.fiscaldata.treasury.gov/services/api/fiscal_service/v1/accounting/od/auctions_query?filter=security_type:in:(Note,Bond),auction_date:gte:2009-01-01&page%5Bsize%5D=10000&page%5Bnumber%5D=1&sort=auction_date",fetched,2026-09-30T10:44:13Z
2024-11-05,13:00,2024-11-05T13:00:00-05:00,2024-11-05T18:00:00Z,12:00,NOMINAL,10y,original,False,Note,10-Year,10-Year,No,91282CLW9,2024-11-15,2034-11-15,42000000000,41821963300,6157382000,9879001300,25785580000,52207159000,10207143200,4.3470,2.580000,0.147228,2024-10-30,R_20241105_2.pdf,,"https://api.fiscaldata.treasury.gov/services/api/fiscal_service/v1/accounting/od/auctions_query?filter=security_type:in:(Note,Bond),auction_date:gte:2009-01-01&page%5Bsize%5D=10000&page%5Bnumber%5D=1&sort=auction_date",fetched,2026-09-30T10:44:13Z
2024-11-06,13:00,2024-11-06T13:00:00-05:00,2024-11-06T18:00:00Z,12:00,NOMINAL,30y,original,False,Bond,30-Year,30-Year,No,912810UE6,2024-11-15,2054-11-15,25000000000,24945620800,2540000000,6756644800,15648976000,31075745000,6075680500,4.6080,2.640000,0.101821,2024-10-30,R_20241106_2.pdf,,"https://api.fiscaldata.treasury.gov/services/api/fiscal_service/v1/accounting/od/auctions_query?filter=security_type:in:(Note,Bond),auction_date:gte:2009-01-01&page%5Bsize%5D=10000&page%5Bnumber%5D=1&sort=auction_date",fetched,2026-09-30T10:44:13Z
2024-11-20,13:00,2024-11-20T13:00:00-05:00,2024-11-20T18:00:00Z,12:00,NOMINAL,20y,original,False,Bond,20-Year,20-Year,No,912810UF3,2024-12-02,2044-11-15,16000000000,15896719500,3594548000,1259057500,11043114000,17088318100,1088290600,4.6800,2.340000,0.226119,2024-11-14,R_20241120_3.pdf,,"https://api.fiscaldata.treasury.gov/services/api/fiscal_service/v1/accounting/od/auctions_query?filter=security_type:in:(Note,Bond),auction_date:gte:2009-01-01&page%5Bsize%5D=10000&page%5Bnumber%5D=1&sort=auction_date",fetched,2026-09-30T10:44:13Z
2024-11-21,13:00,2024-11-21T13:00:00-05:00,2024-11-21T18:00:00Z,12:00,TIPS,10y,original,False,Note,9-Year 8-Month,10-Year,Yes,91282CLE9,2024-11-29,2034-07-15,17000000000,16930433800,2388298000,2820000000,11722135800,17000014300,0,2.0710,2.350000,0.141065,2024-11-14,R_20241121_3.pdf,,"https://api.fiscaldata.treasury.gov/services/api/fiscal_service/v1/accounting/od/auctions_query?filter=security_type:in:(Note,Bond),auction_date:gte:2009-01-01&page%5Bsize%5D=10000&page%5Bnumber%5D=1&sort=auction_date",fetched,2026-09-30T10:44:13Z
2024-11-25,13:00,2024-11-25T13:00:00-05:00,2024-11-25T18:00:00Z,12:00,NOMINAL,2y,original,False,Note,2-Year,2-Year,No,91282CLY5,2024-12-02,2026-11-30,69000000000,68278992700,6283000000,13089750000,48906242700,73693402000,4693253400,4.2740,2.770000,0.092020,2024-11-21,R_20241125_3.pdf,,"https://api.fiscaldata.treasury.gov/services/api/fiscal_service/v1/accounting/od/auctions_query?filter=security_type:in:(Note,Bond),auction_date:gte:2009-01-01&page%5Bsize%5D=10000&page%5Bnumber%5D=1&sort=auction_date",fetched,2026-09-30T10:44:13Z
2024-11-26,13:00,2024-11-26T13:00:00-05:00,2024-11-26T18:00:00Z,12:00,FRN,2y,original,False,Note,1-Year 11-Month,2-Year,Yes,91282CLT6,2024-11-29,2026-10-31,28000000000,27978850000,7967410000,250000000,19761440000,28000010800,0,,2.860000,0.284765,2024-11-21,R_20241126_3.pdf,NOMINAL-5y@13:00,"https://api.fiscaldata.treasury.gov/services/api/fiscal_service/v1/accounting/od/auctions_query?filter=security_type:in:(Note,Bond),auction_date:gte:2009-01-01&page%5Bsize%5D=10000&page%5Bnumber%5D=1&sort=auction_date",fetched,2026-09-30T10:44:13Z
2024-11-26,13:00,2024-11-26T13:00:00-05:00,2024-11-26T18:00:00Z,12:00,NOMINAL,5y,original,False,Note,5-Year,5-Year,No,91282CMA6,2024-12-02,2029-11-30,70000000000,69804438500,7886587500,17159250000,44758601000,74761379400,4761271500,4.1970,2.430000,0.112981,2024-11-21,R_20241126_4.pdf,FRN-2y@13:00,"https://api.fiscaldata.treasury.gov/services/api/fiscal_service/v1/accounting/od/auctions_query?filter=security_type:in:(Note,Bond),auction_date:gte:2009-01-01&page%5Bsize%5D=10000&page%5Bnumber%5D=1&sort=auction_date",fetched,2026-09-30T10:44:13Z
2024-11-27,11:30,2024-11-27T11:30:00-05:00,2024-11-27T16:30:00Z,11:00,NOMINAL,7y,original,False,Note,7-Year,7-Year,No,91282CLZ2,2024-12-02,2031-11-30,44000000000,43900455000,4383695000,11386300000,28130460000,46992807400,2992799200,4.1830,2.710000,0.099855,2024-11-21,R_20241127_3.pdf,,"https://api.fiscaldata.treasury.gov/services/api/fiscal_service/v1/accounting/od/auctions_query?filter=security_type:in:(Note,Bond),auction_date:gte:2009-01-01&page%5Bsize%5D=10000&page%5Bnumber%5D=1&sort=auction_date",fetched,2026-09-30T10:44:13Z
2024-12-10,13:00,2024-12-10T13:00:00-05:00,2024-12-10T18:00:00Z,12:00,NOMINAL,3y,original,False,Note,3-Year,3-Year,No,91282CMB4,2024-12-16,2027-12-15,58000000000,57552170000,8697800000,11919000000,36935370000,58415483800,415388500,4.1170,2.580000,0.151129,2024-12-05,R_20241210_2.pdf,,"https://api.fiscaldata.treasury.gov/services/api/fiscal_service/v1/accounting/od/auctions_query?filter=security_type:in:(Note,Bond),auction_date:gte:2009-01-01&page%5Bsize%5D=10000&page%5Bnumber%5D=1&sort=auction_date",fetched,2026-09-30T10:44:13Z
2024-12-11,13:00,2024-12-11T13:00:00-05:00,2024-12-11T18:00:00Z,12:00,NOMINAL,10y,original,False,Note,9-Year 11-Month,10-Year,Yes,91282CLW9,2024-12-16,2034-11-15,39000000000,38928648400,4091907500,7591500000,27245240900,39279340000,279312900,4.2350,2.700000,0.105113,2024-12-05,R_20241211_2.pdf,,"https://api.fiscaldata.treasury.gov/services/api/fiscal_service/v1/accounting/od/auctions_query?filter=security_type:in:(Note,Bond),auction_date:gte:2009-01-01&page%5Bsize%5D=10000&page%5Bnumber%5D=1&sort=auction_date",fetched,2026-09-30T10:44:13Z
2024-12-12,13:00,2024-12-12T13:00:00-05:00,2024-12-12T18:00:00Z,12:00,NOMINAL,30y,original,False,Bond,29-Year 11-Month,30-Year,Yes,912810UE6,2024-12-16,2054-11-15,22000000000,21974300000,3158760000,4196900000,14618640000,22157590100,157561100,4.5350,2.390000,0.143748,2024-12-05,R_20241212_3.pdf,,"https://api.fiscaldata.treasury.gov/services/api/fiscal_service/v1/accounting/od/auctions_query?filter=security_type:in:(Note,Bond),auction_date:gte:2009-01-01&page%5Bsize%5D=10000&page%5Bnumber%5D=1&sort=auction_date",fetched,2026-09-30T10:44:13Z
2024-12-17,13:00,2024-12-17T13:00:00-05:00,2024-12-17T18:00:00Z,12:00,NOMINAL,20y,original,False,Bond,19-Year 11-Month,20-Year,Yes,912810UF3,2024-12-31,2044-11-15,13000000000,12922410000,2313640000,2602000000,8006770000,13127872900,127871300,4.6860,2.500000,0.179041,2024-12-12,R_20241217_2.pdf,,"https://api.fiscaldata.treasury.gov/services/api/fiscal_service/v1/accounting/od/auctions_query?filter=security_type:in:(Note,Bond),auction_date:gte:2009-01-01&page%5Bsize%5D=10000&page%5Bnumber%5D=1&sort=auction_date",fetched,2026-09-30T10:44:13Z
2024-12-19,13:00,2024-12-19T13:00:00-05:00,2024-12-19T18:00:00Z,12:00,TIPS,5y,original,False,Note,4-Year 10-Month,5-Year,Yes,91282CLV1,2024-12-31,2029-10-15,22000000000,21893220000,5564515000,5068000000,11260705000,22216399300,216397600,2.1210,2.100000,0.254166,2024-12-12,R_20241219_3.pdf,,"https://api.fiscaldata.treasury.gov/services/api/fiscal_service/v1/accounting/od/auctions_query?filter=security_type:in:(Note,Bond),auction_date:gte:2009-01-01&page%5Bsize%5D=10000&page%5Bnumber%5D=1&sort=auction_date",fetched,2026-09-30T10:44:13Z
2024-12-23,13:00,2024-12-23T13:00:00-05:00,2024-12-23T18:00:00Z,12:00,NOMINAL,2y,original,False,Note,2-Year,2-Year,No,91282CME8,2024-12-31,2026-12-31,69000000000,68381385400,7702120000,4546317900,56132947500,69678721900,678701700,4.3350,2.730000,0.112635,2024-12-19,R_20241223_5.pdf,,"https://api.fiscaldata.treasury.gov/services/api/fiscal_service/v1/accounting/od/auctions_query?filter=security_type:in:(Note,Bond),auction_date:gte:2009-01-01&page%5Bsize%5D=10000&page%5Bnumber%5D=1&sort=auction_date",fetched,2026-09-30T10:44:13Z
2024-12-24,11:30,2024-12-24T11:30:00-05:00,2024-12-24T16:30:00Z,11:00,FRN,2y,original,False,Note,1-Year 10-Month,2-Year,Yes,91282CLT6,2024-12-27,2026-10-31,28000000000,27987000000,8246000000,250000000,19491000000,28000198200,0,,2.980000,0.294637,2024-12-19,R_20241224_1.pdf,NOMINAL-5y@11:30,"https://api.fiscaldata.treasury.gov/services/api/fiscal_service/v1/accounting/od/auctions_query?filter=security_type:in:(Note,Bond),auction_date:gte:2009-01-01&page%5Bsize%5D=10000&page%5Bnumber%5D=1&sort=auction_date",fetched,2026-09-30T10:44:13Z
2024-12-24,11:30,2024-12-24T11:30:00-05:00,2024-12-24T16:30:00Z,11:00,NOMINAL,5y,original,False,Note,5-Year,5-Year,No,91282CMD0,2024-12-31,2029-12-31,70000000000,69737933500,8696335000,14125500000,46916098500,70688599900,688537800,4.4780,2.400000,0.124700,2024-12-19,R_20241224_2.pdf,FRN-2y@11:30,"https://api.fiscaldata.treasury.gov/services/api/fiscal_service/v1/accounting/od/auctions_query?filter=security_type:in:(Note,Bond),auction_date:gte:2009-01-01&page%5Bsize%5D=10000&page%5Bnumber%5D=1&sort=auction_date",fetched,2026-09-30T10:44:13Z
2024-12-26,13:00,2024-12-26T13:00:00-05:00,2024-12-26T18:00:00Z,12:00,NOMINAL,7y,original,False,Note,7-Year,7-Year,No,91282CMC2,2024-12-31,2031-12-31,44000000000,43890161300,4069400000,1251151800,38569609500,44433012100,432795200,4.5320,2.760000,0.092718,2024-12-19,R_20241226_4.pdf,,"https://api.fiscaldata.treasury.gov/services/api/fiscal_service/v1/accounting/od/auctions_query?filter=security_type:in:(Note,Bond),auction_date:gte:2009-01-01&page%5Bsize%5D=10000&page%5Bnumber%5D=1&sort=auction_date",fetched,2026-09-30T10:44:13Z
2025-01-06,13:00,2025-01-06T13:00:00-05:00,2025-01-06T18:00:00Z,12:00,NOMINAL,3y,original,False,Note,3-Year,3-Year,No,91282CMF5,2025-01-15,2028-01-15,58000000000,57749647500,11178155000,11358000000,35213492500,70744832300,12744830700,4.3320,2.620000,0.193562,2025-01-02,R_20250106_3.pdf,,"https://api.fiscaldata.treasury.gov/services/api/fiscal_service/v1/accounting/od/auctions_query?filter=security_type:in:(Note,Bond),auction_date:gte:2009-01-01&page%5Bsize%5D=10000&page%5Bnumber%5D=1&sort=auction_date",fetched,2026-09-30T10:44:13Z
2025-01-07,13:00,2025-01-07T13:00:00-05:00,2025-01-07T18:00:00Z,12:00,NOMINAL,10y,original,False,Note,9-Year 10-Month,10-Year,Yes,91282CLW9,2025-01-15,2034-11-15,39000000000,38879694200,6081224800,8931395000,23867074400,47569806200,8569799900,4.6800,2.530000,0.156411,2025-01-02,R_20250107_2.pdf,,"https://api.fiscaldata.treasury.gov/services/api/fiscal_service/v1/accounting/od/auctions_query?filter=security_type:in:(Note,Bond),auction_date:gte:2009-01-01&page%5Bsize%5D=10000&page%5Bnumber%5D=1&sort=auction_date",fetched,2026-09-30T10:44:13Z
2025-01-08,13:00,2025-01-08T13:00:00-05:00,2025-01-08T18:00:00Z,12:00,NOMINAL,30y,original,False,Bond,29-Year 10-Month,30-Year,Yes,912810UE6,2025-01-15,2054-11-15,22000000000,21966493600,2780512000,4549750000,14636231600,26834248000,4834246100,4.9130,2.520000,0.126580,2025-01-02,R_20250108_2.pdf,,"https://api.fiscaldata.treasury.gov/services/api/fiscal_service/v1/accounting/od/auctions_query?filter=security_type:in:(Note,Bond),auction_date:gte:2009-01-01&page%5Bsize%5D=10000&page%5Bnumber%5D=1&sort=auction_date",fetched,2026-09-30T10:44:13Z
2025-01-22,13:00,2025-01-22T13:00:00-05:00,2025-01-22T18:00:00Z,12:00,NOMINAL,20y,original,False,Bond,19-Year 10-Month,20-Year,Yes,912810UF3,2025-01-31,2044-11-15,13000000000,12894508000,1340740000,2589724000,8964044000,13721915600,721881100,4.9000,2.750000,0.103978,2025-01-16,R_20250122_3.pdf,,"https://api.fiscaldata.treasury.gov/services/api/fiscal_service/v1/accounting/od/auctions_query?filter=security_type:in:(Note,Bond),auction_date:gte:2009-01-01&page%5Bsize%5D=10000&page%5Bnumber%5D=1&sort=auction_date",fetched,2026-09-30T10:44:13Z
2025-01-23,13:00,2025-01-23T13:00:00-05:00,2025-01-23T18:00:00Z,12:00,TIPS,10y,original,False,Note,10-Year,10-Year,No,91282CML2,2025-01-31,2035-01-15,20000000000,19845131000,2014370000,4631400000,13199361000,21110595700,1110586300,2.2430,2.480000,0.101504,2025-01-16,R_20250123_3.pdf,,"https://api.fiscaldata.treasury.gov/services/api/fiscal_service/v1/accounting/od/auctions_query?filter=security_type:in:(Note,Bond),auction_date:gte:2009-01-01&page%5Bsize%5D=10000&page%5Bnumber%5D=1&sort=auction_date",fetched,2026-09-30T10:44:13Z
2025-01-27,11:30,2025-01-27T11:30:00-05:00,2025-01-27T16:30:00Z,11:00,NOMINAL,2y,original,False,Note,2-Year,2-Year,No,91282CMH1,2025-01-31,2027-01-31,69000000000,68094660000,9333500000,14483500000,44277660000,72831587300,3831522900,4.2110,2.660000,0.137067,2025-01-23,R_20250127_1.pdf,NOMINAL-5y@13:00,"https://api.fiscaldata.treasury.gov/services/api/fiscal_service/v1/accounting/od/auctions_query?filter=security_type:in:(Note,Bond),auction_date:gte:2009-01-01&page%5Bsize%5D=10000&page%5Bnumber%5D=1&sort=auction_date",fetched,2026-09-30T10:44:13Z
2025-01-27,13:00,2025-01-27T13:00:00-05:00,2025-01-27T18:00:00Z,12:00,NOMINAL,5y,original,False,Note,5-Year,5-Year,No,91282CMG3,2025-01-31,2030-01-31,70000000000,69613545200,7738856500,18161665000,43713023700,73887058300,3887052100,4.3300,2.400000,0.111169,2025-01-23,R_20250127_4.pdf,NOMINAL-2y@11:30,"https://api.fiscaldata.treasury.gov/services/api/fiscal_service/v1/accounting/od/auctions_query?filter=security_type:in:(Note,Bond),auction_date:gte:2009-01-01&page%5Bsize%5D=10000&page%5Bnumber%5D=1&sort=auction_date",fetched,2026-09-30T10:44:13Z
2025-01-28,11:30,2025-01-28T11:30:00-05:00,2025-01-28T16:30:00Z,11:00,FRN,2y,original,False,Note,2-Year,2-Year,No,91282CMJ7,2025-01-31,2027-01-31,30000000000,29971392600,6255000000,500000000,23216392600,31665890500,1665879500,,3.010000,0.208699,2025-01-23,R_20250128_1.pdf,NOMINAL-7y@13:00,"https://api.fiscaldata.treasury.gov/services/api/fiscal_service/v1/accounting/od/auctions_query?filter=security_type:in:(Note,Bond),auction_date:gte:2009-01-01&page%5Bsize%5D=10000&page%5Bnumber%5D=1&sort=auction_date",fetched,2026-09-30T10:44:13Z
2025-01-28,13:00,2025-01-28T13:00:00-05:00,2025-01-28T18:00:00Z,12:00,NOMINAL,7y,original,False,Note,7-Year,7-Year,No,91282CMK4,2025-01-31,2032-01-31,44000000000,43817575200,4319098400,10105700000,29392776800,46443305300,2443289900,4.4570,2.640000,0.098570,2025-01-23,R_20250128_3.pdf,FRN-2y@11:30,"https://api.fiscaldata.treasury.gov/services/api/fiscal_service/v1/accounting/od/auctions_query?filter=security_type:in:(Note,Bond),auction_date:gte:2009-01-01&page%5Bsize%5D=10000&page%5Bnumber%5D=1&sort=auction_date",fetched,2026-09-30T10:44:13Z
2025-02-11,13:00,2025-02-11T13:00:00-05:00,2025-02-11T18:00:00Z,12:00,NOMINAL,3y,original,False,Note,3-Year,3-Year,No,91282CMN8,2025-02-18,2028-02-15,58000000000,57514536800,5855950000,9097500000,42561086800,73933406800,15933366100,4.3000,2.790000,0.101817,2025-02-05,R_20250211_2.pdf,,"https://api.fiscaldata.treasury.gov/services/api/fiscal_service/v1/accounting/od/auctions_query?filter=security_type:in:(Note,Bond),auction_date:gte:2009-01-01&page%5Bsize%5D=10000&page%5Bnumber%5D=1&sort=auction_date",fetched,2026-09-30T10:44:13Z
2025-02-12,13:00,2025-02-12T13:00:00-05:00,2025-02-12T18:00:00Z,12:00,NOMINAL,10y,original,False,Note,10-Year,10-Year,No,91282CMM0,2025-02-18,2035-02-15,42000000000,41770656300,6198055000,5687000000,29885601300,53537960700,11537954800,4.6320,2.480000,0.148383,2025-02-05,R_20250212_2.pdf,,"https://api.fiscaldata.treasury.gov/services/api/fiscal_service/v1/accounting/od/auctions_query?filter=security_type:in:(Note,Bond),auction_date:gte:2009-01-01&page%5Bsize%5D=10000&page%5Bnumber%5D=1&sort=auction_date",fetched,2026-09-30T10:44:13Z
2025-02-13,13:00,2025-02-13T13:00:00-05:00,2025-02-13T18:00:00Z,12:00,NOMINAL,30y,original,False,Bond,30-Year,30-Year,No,912810UG1,2025-02-18,2055-02-15,25000000000,24956496300,4078779300,4636400000,16241317000,31867850600,6867830200,4.7480,2.330000,0.163436,2025-02-05,R_20250213_3.pdf,,"https://api.fiscaldata.treasury.gov/services/api/fiscal_service/v1/accounting/od/auctions_query?filter=security_type:in:(Note,Bond),auction_date:gte:2009-01-01&page%5Bsize%5D=10000&page%5Bnumber%5D=1&sort=auction_date",fetched,2026-09-30T10:44:13Z
2025-02-19,13:00,2025-02-19T13:00:00-05:00,2025-02-19T18:00:00Z,12:00,NOMINAL,20y,original,False,Bond,20-Year,20-Year,No,912810UJ5,2025-02-28,2045-02-15,16000000000,15892978000,2782530000,3100000000,10010448000,17612690100,1612645300,4.8300,2.430000,0.175079,2025-02-13,R_20250219_2.pdf,,"https://api.fiscaldata.treasury.gov/services/api/fiscal_service/v1/accounting/od/auctions_query?filter=security_type:in:(Note,Bond),auction_date:gte:2009-01-01&page%5Bsize%5D=10000&page%5Bnumber%5D=1&sort=auction_date",fetched,2026-09-30T10:44:13Z
2025-02-20,13:00,2025-02-20T13:00:00-05:00,2025-02-20T18:00:00Z,12:00,TIPS,30y,original,False,Bond,30-Year,30-Year,No,912810UH9,2025-02-28,2055-02-15,9000000000,8941997400,647000000,1367000000,6927997400,9907113500,907113000,2.4030,2.480000,0.072355,2025-02-13,R_20250220_3.pdf,,"https://api.fiscaldata.treasury.gov/services/api/fiscal_service/v1/accounting/od/auctions_query?filter=security_type:in:(Note,Bond),auction_date:gte:2009-01-01&page%5Bsize%5D=10000&page%5Bnumber%5D=1&sort=auction_date",fetched,2026-09-30T10:44:13Z
2025-02-24,13:00,2025-02-24T13:00:00-05:00,2025-02-24T18:00:00Z,12:00,NOMINAL,2y,original,False,Note,2-Year,2-Year,No,91282CMP3,2025-02-28,2027-02-28,69000000000,68439422200,4700825000,5229432200,58509165000,75954692700,6954533300,4.1690,2.560000,0.068686,2025-02-20,R_20250224_3.pdf,,"https://api.fiscaldata.treasury.gov/services/api/fiscal_service/v1/accounting/od/auctions_query?filter=security_type:in:(Note,Bond),auction_date:gte:2009-01-01&page%5Bsize%5D=10000&page%5Bnumber%5D=1&sort=auction_date",fetched,2026-09-30T10:44:13Z
2025-02-25,13:00,2025-02-25T13:00:00-05:00,2025-02-25T18:00:00Z,12:00,NOMINAL,5y,as_auctioned,False,Note,5-Year,7-Year,Yes,91282CGQ8,2025-02-28,2030-02-28,70000000000,69797603000,7390090000,10151800000,52255713000,77055354600,7055323500,4.1230,2.420000,0.105879,2025-02-20,R_20250225_2.pdf,,"https://api.fiscaldata.treasury.gov/services/api/fiscal_service/v1/accounting/od/auctions_query?filter=security_type:in:(Note,Bond),auction_date:gte:2009-01-01&page%5Bsize%5D=10000&page%5Bnumber%5D=1&sort=auction_date",fetched,2026-09-30T10:44:13Z
2025-02-26,11:30,2025-02-26T11:30:00-05:00,2025-02-26T16:30:00Z,11:00,FRN,2y,original,False,Note,1-Year 11-Month,2-Year,Yes,91282CMJ7,2025-02-28,2027-01-31,28000000000,27973864000,8984820000,500000000,18489044000,30822172600,2822129500,,2.720000,0.321186,2025-02-20,R_20250226_1.pdf,NOMINAL-7y@13:00,"https://api.fiscaldata.treasury.gov/services/api/fiscal_service/v1/accounting/od/auctions_query?filter=security_type:in:(Note,Bond),auction_date:gte:2009-01-01&page%5Bsize%5D=10000&page%5Bnumber%5D=1&sort=auction_date",fetched,2026-09-30T10:44:13Z
2025-02-26,13:00,2025-02-26T13:00:00-05:00,2025-02-26T18:00:00Z,12:00,NOMINAL,7y,original,False,Note,7-Year,7-Year,No,91282CMR9,2025-02-28,2032-02-29,44000000000,43915416500,3856458000,11049500000,29009458500,48434776000,4434774800,4.1940,2.640000,0.087816,2025-02-20,R_20250226_3.pdf,FRN-2y@11:30,"https://api.fiscaldata.treasury.gov/services/api/fiscal_service/v1/accounting/od/auctions_query?filter=security_type:in:(Note,Bond),auction_date:gte:2009-01-01&page%5Bsize%5D=10000&page%5Bnumber%5D=1&sort=auction_date",fetched,2026-09-30T10:44:13Z
2025-03-11,13:00,2025-03-11T13:00:00-04:00,2025-03-11T17:00:00Z,12:00,NOMINAL,3y,original,False,Note,3-Year,3-Year,No,91282CMS7,2025-03-17,2028-03-15,58000000000,57828163100,6630799500,15036243100,36161120500,58983121300,983095500,3.9080,2.700000,0.114664,2025-03-06,R_20250311_2.pdf,,"https://api.fiscaldata.treasury.gov/services/api/fiscal_service/v1/accounting/od/auctions_query?filter=security_type:in:(Note,Bond),auction_date:gte:2009-01-01&page%5Bsize%5D=10000&page%5Bnumber%5D=1&sort=auction_date",fetched,2026-09-30T10:44:13Z
2025-03-12,13:00,2025-03-12T13:00:00-04:00,2025-03-12T17:00:00Z,12:00,NOMINAL,10y,original,False,Note,9-Year 11-Month,10-Year,Yes,91282CMM0,2025-03-17,2035-02-15,39000000000,38912640600,5089809000,7590682000,26232149600,39661161700,661046900,4.3100,2.590000,0.130801,2025-03-06,R_20250312_2.pdf,,"https://api.fiscaldata.treasury.gov/services/api/fiscal_service/v1/accounting/od/auctions_query?filter=security_type:in:(Note,Bond),auction_date:gte:2009-01-01&page%5Bsize%5D=10000&page%5Bnumber%5D=1&sort=auction_date",fetched,2026-09-30T10:44:13Z
2025-03-13,13:00,2025-03-13T13:00:00-04:00,2025-03-13T17:00:00Z,12:00,NOMINAL,30y,original,False,Bond,29-Year 11-Month,30-Year,Yes,912810UG1,2025-03-17,2055-02-15,22000000000,21959626000,3709140000,4974800000,13275686000,22372924000,372898200,4.6230,2.370000,0.168907,2025-03-06,R_20250313_3.pdf,,"https://api.fiscaldata.treasury.gov/services/api/fiscal_service/v1/accounting/od/auctions_query?filter=security_type:in:(Note,Bond),auction_date:gte:2009-01-01&page%5Bsize%5D=10000&page%5Bnumber%5D=1&sort=auction_date",fetched,2026-09-30T10:44:13Z
2025-03-18,13:00,2025-03-18T13:00:00-04:00,2025-03-18T17:00:00Z,12:00,NOMINAL,20y,original,False,Bond,19-Year 11-Month,20-Year,Yes,912810UJ5,2025-03-31,2045-02-15,13000000000,12921252300,1138000000,2888464300,8894788000,13383978900,383969600,4.6320,2.780000,0.088072,2025-03-13,R_20250318_3.pdf,,"https://api.fiscaldata.treasury.gov/services/api/fiscal_service/v1/accounting/od/auctions_query?filter=security_type:in:(Note,Bond),auction_date:gte:2009-01-01&page%5Bsize%5D=10000&page%5Bnumber%5D=1&sort=auction_date",fetched,2026-09-30T10:44:13Z
2025-03-20,13:00,2025-03-20T13:00:00-04:00,2025-03-20T17:00:00Z,12:00,TIPS,10y,original,False,Note,9-Year 10-Month,10-Year,Yes,91282CML2,2025-03-31,2035-01-15,18000000000,17931485800,1685749000,4164000000,12081736800,18531651200,531650200,1.9350,2.350000,0.094011,2025-03-13,R_20250320_3.pdf,,"https://api.fiscaldata.treasury.gov/services/api/fiscal_service/v1/accounting/od/auctions_query?filter=security_type:in:(Note,Bond),auction_date:gte:2009-01-01&page%5Bsize%5D=10000&page%5Bnumber%5D=1&sort=auction_date",fetched,2026-09-30T10:44:13Z
2025-03-25,13:00,2025-03-25T13:00:00-04:00,2025-03-25T17:00:00Z,12:00,NOMINAL,2y,original,False,Note,2-Year,2-Year,No,91282CMV0,2025-03-31,2027-03-31,69000000000,68484645300,7293000000,9301395300,51890250000,71038027300,2037992800,3.9840,2.660000,0.106491,2025-03-20,R_20250325_2.pdf,,"https://api.fiscaldata.treasury.gov/services/api/fiscal_service/v1/accounting/od/auctions_query?filter=security_type:in:(Note,Bond),auction_date:gte:2009-01-01&page%5Bsize%5D=10000&page%5Bnumber%5D=1&sort=auction_date",fetched,2026-09-30T10:44:13Z
2025-03-26,11:30,2025-03-26T11:30:00-04:00,2025-03-26T15:30:00Z,11:00,FRN,2y,original,False,Note,1-Year 10-Month,2-Year,Yes,91282CMJ7,2025-03-28,2027-01-31,28000000000,27985120000,9569145000,500000000,17915975000,28000006300,0,,2.870000,0.341937,2025-03-20,R_20250326_1.pdf,NOMINAL-5y@13:00,"https://api.fiscaldata.treasury.gov/services/api/fiscal_service/v1/accounting/od/auctions_query?filter=security_type:in:(Note,Bond),auction_date:gte:2009-01-01&page%5Bsize%5D=10000&page%5Bnumber%5D=1&sort=auction_date",fetched,2026-09-30T10:44:13Z
2025-03-26,13:00,2025-03-26T13:00:00-04:00,2025-03-26T17:00:00Z,12:00,NOMINAL,5y,original,False,Note,5-Year,5-Year,No,91282CMU2,2025-03-31,2030-03-31,70000000000,69765065500,9204516500,7652000000,52908549000,72067530900,2067528900,4.1000,2.330000,0.131936,2025-03-20,R_20250326_3.pdf,FRN-2y@11:30,"https://api.fiscaldata.treasury.gov/services/api/fiscal_service/v1/accounting/od/auctions_query?filter=security_type:in:(Note,Bond),auction_date:gte:2009-01-01&page%5Bsize%5D=10000&page%5Bnumber%5D=1&sort=auction_date",fetched,2026-09-30T10:44:13Z
2025-03-27,13:00,2025-03-27T13:00:00-04:00,2025-03-27T17:00:00Z,12:00,NOMINAL,7y,original,False,Note,7-Year,7-Year,No,91282CMT5,2025-03-31,2032-03-31,44000000000,43917667200,5564015000,11476200000,26877452200,45299601700,1299589600,4.2330,2.530000,0.126692,2025-03-20,R_20250327_3.pdf,,"https://api.fiscaldata.treasury.gov/services/api/fiscal_service/v1/accounting/od/auctions_query?filter=security_type:in:(Note,Bond),auction_date:gte:2009-01-01&page%5Bsize%5D=10000&page%5Bnumber%5D=1&sort=auction_date",fetched,2026-09-30T10:44:13Z
2025-04-08,13:00,2025-04-08T13:00:00-04:00,2025-04-08T17:00:00Z,12:00,NOMINAL,3y,original,False,Note,3-Year,3-Year,No,91282CMW8,2025-04-15,2028-04-15,58000000000,57790487000,11979447000,3606100000,42204940000,67680795200,9680781300,3.7840,2.470000,0.207291,2025-04-03,R_20250408_2.pdf,,"https://api.fiscaldata.treasury.gov/services/api/fiscal_service/v1/accounting/od/auctions_query?filter=security_type:in:(Note,Bond),auction_date:gte:2009-01-01&page%5Bsize%5D=10000&page%5Bnumber%5D=1&sort=auction_date",fetched,2026-09-30T10:44:13Z
2025-04-09,13:00,2025-04-09T13:00:00-04:00,2025-04-09T17:00:00Z,12:00,NOMINAL,10y,original,False,Note,9-Year 10-Month,10-Year,Yes,91282CMM0,2025-04-15,2035-02-15,39000000000,38903827000,4162929500,546000000,34194897500,45509509700,6509490900,4.4350,2.670000,0.107006,2025-04-03,R_20250409_2.pdf,,"https://api.fiscaldata.treasury.gov/services/api/fiscal_service/v1/accounting/od/auctions_query?filter=security_type:in:(Note,Bond),auction_date:gte:2009-01-01&page%5Bsize%5D=10000&page%5Bnumber%5D=1&sort=auction_date",fetched,2026-09-30T10:44:13Z
2025-04-10,13:00,2025-04-10T13:00:00-04:00,2025-04-10T17:00:00Z,12:00,NOMINAL,30y,original,False,Bond,29-Year 10-Month,30-Year,Yes,912810UG1,2025-04-15,2055-02-15,22000000000,21962662700,2700788000,5671321700,13590553000,25672036400,3672020400,4.8130,2.430000,0.122972,2025-04-03,R_20250410_3.pdf,,"https://api.fiscaldata.treasury.gov/services/api/fiscal_service/v1/accounting/od/auctions_query?filter=security_type:in:(Note,Bond),auction_date:gte:2009-01-01&page%5Bsize%5D=10000&page%5Bnumber%5D=1&sort=auction_date",fetched,2026-09-30T10:44:13Z
2025-04-16,13:00,2025-04-16T13:00:00-04:00,2025-04-16T17:00:00Z,12:00,NOMINAL,20y,original,False,Bond,19-Year 10-Month,20-Year,Yes,912810UJ5,2025-04-30,2045-02-15,13000000000,12883615500,2189235000,1587646500,9106734000,13890238900,890228100,4.8100,2.630000,0.169924,2025-04-10,R_20250416_2.pdf,,"https://api.fiscaldata.treasury.gov/services/api/fiscal_service/v1/accounting/od/auctions_query?filter=security_type:in:(Note,Bond),auction_date:gte:2009-01-01&page%5Bsize%5D=10000&page%5Bnumber%5D=1&sort=auction_date",fetched,2026-09-30T10:44:13Z
2025-04-17,11:30,2025-04-17T11:30:00-04:00,2025-04-17T15:30:00Z,11:00,TIPS,5y,original,False,Note,5-Year,5-Year,No,91282CNB3,2025-04-30,2030-04-15,25000000000,24831252000,4484820000,4412000000,15934432000,26711989800,1711977100,1.7020,2.280000,0.180612,2025-04-10,R_20250417_3.pdf,,"https://api.fiscaldata.treasury.gov/services/api/fiscal_service/v1/accounting/od/auctions_query?filter=security_type:in:(Note,Bond),auction_date:gte:2009-01-01&page%5Bsize%5D=10000&page%5Bnumber%5D=1&sort=auction_date",fetched,2026-09-30T10:44:13Z
2025-04-22,13:00,2025-04-22T13:00:00-04:00,2025-04-22T17:00:00Z,12:00,NOMINAL,2y,original,False,Note,2-Year,2-Year,No,91282CMY4,2025-04-30,2027-04-30,69000000000,68639526300,9431826300,20646000000,38561700000,73725067300,4725057000,3.7950,2.520000,0.137411,2025-04-17,R_20250422_2.pdf,,"https://api.fiscaldata.treasury.gov/services/api/fiscal_service/v1/accounting/od/auctions_query?filter=security_type:in:(Note,Bond),auction_date:gte:2009-01-01&page%5Bsize%5D=10000&page%5Bnumber%5D=1&sort=auction_date",fetched,2026-09-30T10:44:13Z
2025-04-23,11:30,2025-04-23T11:30:00-04:00,2025-04-23T15:30:00Z,11:00,FRN,2y,original,False,Note,2-Year,2-Year,No,91282CMX6,2025-04-30,2027-04-30,30000000000,29983720000,14858720000,550000000,14575000000,32054605000,2054372600,,2.690000,0.495560,2025-04-17,R_20250423_2.pdf,NOMINAL-5y@13:00,"https://api.fiscaldata.treasury.gov/services/api/fiscal_service/v1/accounting/od/auctions_query?filter=security_type:in:(Note,Bond),auction_date:gte:2009-01-01&page%5Bsize%5D=10000&page%5Bnumber%5D=1&sort=auction_date",fetched,2026-09-30T10:44:13Z
2025-04-23,13:00,2025-04-23T13:00:00-04:00,2025-04-23T17:00:00Z,12:00,NOMINAL,5y,original,False,Note,5-Year,5-Year,No,91282CMZ1,2025-04-30,2030-04-30,70000000000,69884341800,7768076000,17362633800,44753632000,74793623100,4793536100,3.9950,2.410000,0.111156,2025-04-17,R_20250423_3.pdf,FRN-2y@11:30,"https://api.fiscaldata.treasury.gov/services/api/fiscal_service/v1/accounting/od/auctions_query?filter=security_type:in:(Note,Bond),auction_date:gte:2009-01-01&page%5Bsize%5D=10000&page%5Bnumber%5D=1&sort=auction_date",fetched,2026-09-30T10:44:13Z
2025-04-24,13:00,2025-04-24T13:00:00-04:00,2025-04-24T17:00:00Z,12:00,NOMINAL,7y,original,False,Note,7-Year,7-Year,No,91282CNA5,2025-04-30,2032-04-30,44000000000,43929113000,6706000000,11173500000,26049613000,47013098600,3013079700,4.1230,2.550000,0.152655,2025-04-17,R_20250424_3.pdf,,"https://api.fiscaldata.treasury.gov/services/api/fiscal_service/v1/accounting/od/auctions_query?filter=security_type:in:(Note,Bond),auction_date:gte:2009-01-01&page%5Bsize%5D=10000&page%5Bnumber%5D=1&sort=auction_date",fetched,2026-09-30T10:44:13Z
2025-05-05,13:00,2025-05-05T13:00:00-04:00,2025-05-05T17:00:00Z,12:00,NOMINAL,3y,original,False,Note,3-Year,3-Year,No,91282CND9,2025-05-15,2028-05-15,58000000000,57734288000,8037448000,13688000000,36008840000,78473611500,20473592400,3.8240,2.560000,0.139214,2025-04-30,R_20250505_3.pdf,,"https://api.fiscaldata.treasury.gov/services/api/fiscal_service/v1/accounting/od/auctions_query?filter=security_type:in:(Note,Bond),auction_date:gte:2009-01-01&page%5Bsize%5D=10000&page%5Bnumber%5D=1&sort=auction_date",fetched,2026-09-30T10:44:13Z
2025-05-06,13:00,2025-05-06T13:00:00-04:00,2025-05-06T17:00:00Z,12:00,NOMINAL,10y,original,False,Note,10-Year,10-Year,No,91282CNC1,2025-05-15,2035-05-15,42000000000,41852615000,3736150000,8321500000,29794965000,56825711900,14825704800,4.3420,2.600000,0.089269,2025-04-30,R_20250506_2.pdf,,"https://api.fiscaldata.treasury.gov/services/api/fiscal_service/v1/accounting/od/auctions_query?filter=security_type:in:(Note,Bond),auction_date:gte:2009-01-01&page%5Bsize%5D=10000&page%5Bnumber%5D=1&sort=auction_date",fetched,2026-09-30T10:44:13Z
2025-05-08,13:00,2025-05-08T13:00:00-04:00,2025-05-08T17:00:00Z,12:00,NOMINAL,30y,original,False,Bond,30-Year,30-Year,No,912810UK2,2025-05-15,2055-05-15,25000000000,24916150000,3467657500,6778900000,14669592500,33824847300,8824824300,4.8190,2.310000,0.139173,2025-04-30,R_20250508_4.pdf,,"https://api.fiscaldata.treasury.gov/services/api/fiscal_service/v1/accounting/od/auctions_query?filter=security_type:in:(Note,Bond),auction_date:gte:2009-01-01&page%5Bsize%5D=10000&page%5Bnumber%5D=1&sort=auction_date",fetched,2026-09-30T10:44:13Z
2025-05-21,13:00,2025-05-21T13:00:00-04:00,2025-05-21T17:00:00Z,12:00,NOMINAL,20y,original,False,Bond,20-Year,20-Year,No,912810UL0,2025-06-02,2045-05-15,16000000000,15784555100,2669255000,2221300000,10894000100,18190439100,2190424200,5.0470,2.460000,0.169105,2025-05-15,R_20250521_2.pdf,,"https://api.fiscaldata.treasury.gov/services/api/fiscal_service/v1/accounting/od/auctions_query?filter=security_type:in:(Note,Bond),auction_date:gte:2009-01-01&page%5Bsize%5D=10000&page%5Bnumber%5D=1&sort=auction_date",fetched,2026-09-30T10:44:13Z
2025-05-22,13:00,2025-05-22T13:00:00-04:00,2025-05-22T17:00:00Z,12:00,TIPS,10y,original,False,Note,9-Year 8-Month,10-Year,Yes,91282CML2,2025-05-30,2035-01-15,18000000000,17921150200,2135121500,2992000000,12794028700,18000018400,0,2.2200,2.360000,0.119140,2025-05-15,R_20250522_3.pdf,,"https://api.fiscaldata.treasury.gov/services/api/fiscal_service/v1/accounting/od/auctions_query?filter=security_type:in:(Note,Bond),auction_date:gte:2009-01-01&page%5Bsize%5D=10000&page%5Bnumber%5D=1&sort=auction_date",fetched,2026-09-30T10:44:13Z
2025-05-27,13:00,2025-05-27T13:00:00-04:00,2025-05-27T17:00:00Z,12:00,NOMINAL,2y,original,False,Note,2-Year,2-Year,No,91282CNE7,2025-06-02,2027-05-31,69000000000,68692183000,7196928000,17986500000,43508755000,78446209700,9446204800,3.9550,2.570000,0.104771,2025-05-22,R_20250527_3.pdf,,"https://api.fiscaldata.treasury.gov/services/api/fiscal_service/v1/accounting/od/auctions_query?filter=security_type:in:(Note,Bond),auction_date:gte:2009-01-01&page%5Bsize%5D=10000&page%5Bnumber%5D=1&sort=auction_date",fetched,2026-09-30T10:44:13Z
2025-05-28,11:30,2025-05-28T11:30:00-04:00,2025-05-28T15:30:00Z,11:00,FRN,2y,original,False,Note,1-Year 11-Month,2-Year,Yes,91282CMX6,2025-05-30,2027-04-30,28000000000,27978551500,9774827500,550000000,17653724000,28000004100,0,,2.950000,0.349369,2025-05-22,R_20250528_2.pdf,NOMINAL-5y@13:00,"https://api.fiscaldata.treasury.gov/services/api/fiscal_service/v1/accounting/od/auctions_query?filter=security_type:in:(Note,Bond),auction_date:gte:2009-01-01&page%5Bsize%5D=10000&page%5Bnumber%5D=1&sort=auction_date",fetched,2026-09-30T10:44:13Z
2025-05-28,13:00,2025-05-28T13:00:00-04:00,2025-05-28T17:00:00Z,12:00,NOMINAL,5y,original,False,Note,5-Year,5-Year,No,91282CNG2,2025-06-02,2030-05-31,70000000000,69880539000,6453820000,8660750000,54765969000,79583112500,9583106300,4.0710,2.390000,0.092355,2025-05-22,R_20250528_3.pdf,FRN-2y@11:30,"https://api.fiscaldata.treasury.gov/services/api/fiscal_service/v1/accounting/od/auctions_query?filter=security_type:in:(Note,Bond),auction_date:gte:2009-01-01&page%5Bsize%5D=10000&page%5Bnumber%5D=1&sort=auction_date",fetched,2026-09-30T10:44:13Z
2025-05-29,13:00,2025-05-29T13:00:00-04:00,2025-05-29T17:00:00Z,12:00,NOMINAL,7y,original,False,Note,7-Year,7-Year,No,91282CNF4,2025-06-02,2032-05-31,44000000000,43834565500,2123837500,10360571300,31350156700,50023709000,6023666700,4.1940,2.690000,0.048451,2025-05-22,R_20250529_3.pdf,,"https://api.fiscaldata.treasury.gov/services/api/fiscal_service/v1/accounting/od/auctions_query?filter=security_type:in:(Note,Bond),auction_date:gte:2009-01-01&page%5Bsize%5D=10000&page%5Bnumber%5D=1&sort=auction_date",fetched,2026-09-30T10:44:13Z
2025-06-10,13:00,2025-06-10T13:00:00-04:00,2025-06-10T17:00:00Z,12:00,NOMINAL,3y,original,False,Note,3-Year,3-Year,No,91282CNH0,2025-06-16,2028-06-15,58000000000,57852154000,8786719000,10430000000,38635435000,59043067400,1043064200,3.9720,2.520000,0.151882,2025-06-05,R_20250610_3.pdf,,"https://api.fiscaldata.treasury.gov/services/api/fiscal_service/v1/accounting/od/auctions_query?filter=security_type:in:(Note,Bond),auction_date:gte:2009-01-01&page%5Bsize%5D=10000&page%5Bnumber%5D=1&sort=auction_date",fetched,2026-09-30T10:44:13Z
2025-06-11,13:00,2025-06-11T13:00:00-04:00,2025-06-11T17:00:00Z,12:00,NOMINAL,10y,original,False,Note,9-Year 11-Month,10-Year,Yes,91282CNC1,2025-06-16,2035-05-15,39000000000,38875284000,3483480000,7962750000,27429054000,39701375700,701370600,4.4210,2.520000,0.089607,2025-06-05,R_20250611_2.pdf,,"https://api.fiscaldata.treasury.gov/services/api/fiscal_service/v1/accounting/od/auctions_query?filter=security_type:in:(Note,Bond),auction_date:gte:2009-01-01&page%5Bsize%5D=10000&page%5Bnumber%5D=1&sort=auction_date",fetched,2026-09-30T10:44:13Z
2025-06-12,13:00,2025-06-12T13:00:00-04:00,2025-06-12T17:00:00Z,12:00,NOMINAL,30y,original,False,Bond,29-Year 11-Month,30-Year,Yes,912810UK2,2025-06-16,2055-05-15,22000000000,21965397000,2507004000,5145200000,14313193000,22395657700,395645000,4.8440,2.430000,0.114134,2025-06-05,R_20250612_3.pdf,,"https://api.fiscaldata.treasury.gov/services/api/fiscal_service/v1/accounting/od/auctions_query?filter=security_type:in:(Note,Bond),auction_date:gte:2009-01-01&page%5Bsize%5D=10000&page%5Bnumber%5D=1&sort=auction_date",fetched,2026-09-30T10:44:13Z
2025-06-16,13:00,2025-06-16T13:00:00-04:00,2025-06-16T17:00:00Z,12:00,NOMINAL,20y,original,False,Bond,19-Year 11-Month,20-Year,Yes,912810UL0,2025-06-30,2045-05-15,13000000000,12912616400,1727004400,2567500000,8618112000,14293677600,1293674900,4.9420,2.680000,0.133746,2025-06-12,R_20250616_3.pdf,,"https://api.fiscaldata.treasury.gov/services/api/fiscal_service/v1/accounting/od/auctions_query?filter=security_type:in:(Note,Bond),auction_date:gte:2009-01-01&page%5Bsize%5D=10000&page%5Bnumber%5D=1&sort=auction_date",fetched,2026-09-30T10:44:13Z
2025-06-17,13:00,2025-06-17T13:00:00-04:00,2025-06-17T17:00:00Z,12:00,TIPS,5y,original,False,Note,4-Year 10-Month,5-Year,Yes,91282CNB3,2025-06-30,2030-04-15,23000000000,22946760900,1503820500,4319000000,17123940400,25288893600,2288809400,1.6500,2.530000,0.065535,2025-06-12,R_20250617_2.pdf,,"https://api.fiscaldata.treasury.gov/services/api/fiscal_service/v1/accounting/od/auctions_query?filter=security_type:in:(Note,Bond),auction_date:gte:2009-01-01&page%5Bsize%5D=10000&page%5Bnumber%5D=1&sort=auction_date",fetched,2026-09-30T10:44:13Z
2025-06-24,13:00,2025-06-24T13:00:00-04:00,2025-06-24T17:00:00Z,12:00,NOMINAL,2y,original,False,Note,2-Year,2-Year,No,91282CNL1,2025-06-30,2027-06-30,69000000000,68694945000,9048450000,18085000000,41561495000,75866447200,6866428500,3.7860,2.580000,0.131719,2025-06-18,R_20250624_2.pdf,,"https://api.fiscaldata.treasury.gov/services/api/fiscal_service/v1/accounting/od/auctions_query?filter=security_type:in:(Note,Bond),auction_date:gte:2009-01-01&page%5Bsize%5D=10000&page%5Bnumber%5D=1&sort=auction_date",fetched,2026-09-30T10:44:13Z
2025-06-25,11:30,2025-06-25T11:30:00-04:00,2025-06-25T15:30:00Z,11:00,FRN,2y,original,False,Note,1-Year 10-Month,2-Year,Yes,91282CMX6,2025-06-27,2027-04-30,28000000000,27982908000,14971000000,250000000,12761908000,28000029900,0,,2.790000,0.535005,2025-06-18,R_20250625_2.pdf,NOMINAL-5y@13:00,"https://api.fiscaldata.treasury.gov/services/api/fiscal_service/v1/accounting/od/auctions_query?filter=security_type:in:(Note,Bond),auction_date:gte:2009-01-01&page%5Bsize%5D=10000&page%5Bnumber%5D=1&sort=auction_date",fetched,2026-09-30T10:44:13Z
2025-06-25,13:00,2025-06-25T13:00:00-04:00,2025-06-25T17:00:00Z,12:00,NOMINAL,5y,original,False,Note,5-Year,5-Year,No,91282CNK3,2025-06-30,2030-06-30,70000000000,69900930400,7608640000,17080558400,45211732000,76966020900,6965941900,3.8790,2.360000,0.108849,2025-06-18,R_20250625_3.pdf,FRN-2y@11:30,"https://api.fiscaldata.treasury.gov/services/api/fiscal_service/v1/accounting/od/auctions_query?filter=security_type:in:(Note,Bond),auction_date:gte:2009-01-01&page%5Bsize%5D=10000&page%5Bnumber%5D=1&sort=auction_date",fetched,2026-09-30T10:44:13Z
2025-06-26,13:00,2025-06-26T13:00:00-04:00,2025-06-26T17:00:00Z,12:00,NOMINAL,7y,original,False,Note,7-Year,7-Year,No,91282CNJ6,2025-06-30,2032-06-30,44000000000,43935954500,5115112500,5104800000,33716042000,48378592200,4378592000,4.0220,2.530000,0.116422,2025-06-18,R_20250626_3.pdf,,"https://api.fiscaldata.treasury.gov/services/api/fiscal_service/v1/accounting/od/auctions_query?filter=security_type:in:(Note,Bond),auction_date:gte:2009-01-01&page%5Bsize%5D=10000&page%5Bnumber%5D=1&sort=auction_date",fetched,2026-09-30T10:44:13Z
2025-07-08,13:00,2025-07-08T13:00:00-04:00,2025-07-08T17:00:00Z,12:00,NOMINAL,3y,original,False,Note,3-Year,3-Year,No,91282CNM9,2025-07-15,2028-07-15,58000000000,57844579000,9549700000,16992784000,31302095000,64862776900,6862758600,3.8910,2.510000,0.165092,2025-07-03,R_20250708_3.pdf,,"https://api.fiscaldata.treasury.gov/services/api/fiscal_service/v1/accounting/od/auctions_query?filter=security_type:in:(Note,Bond),auction_date:gte:2009-01-01&page%5Bsize%5D=10000&page%5Bnumber%5D=1&sort=auction_date",fetched,2026-09-30T10:44:13Z
2025-07-09,13:00,2025-07-09T13:00:00-04:00,2025-07-09T17:00:00Z,12:00,NOMINAL,10y,original,False,Note,9-Year 10-Month,10-Year,Yes,91282CNC1,2025-07-15,2035-05-15,39000000000,38897801100,4229690000,9220455100,25447656000,43614645500,4614613500,4.3620,2.610000,0.108739,2025-07-03,R_20250709_2.pdf,,"https://api.fiscaldata.treasury.gov/services/api/fiscal_service/v1/accounting/od/auctions_query?filter=security_type:in:(Note,Bond),auction_date:gte:2009-01-01&page%5Bsize%5D=10000&page%5Bnumber%5D=1&sort=auction_date",fetched,2026-09-30T10:44:13Z
2025-07-10,13:00,2025-07-10T13:00:00-04:00,2025-07-10T17:00:00Z,12:00,NOMINAL,30y,original,False,Bond,29-Year 10-Month,30-Year,Yes,912810UK2,2025-07-15,2055-05-15,22000000000,21973765000,2816850000,6019900000,13137015000,24603117400,2603115300,4.8890,2.380000,0.128192,2025-07-03,R_20250710_3.pdf,,"https://api.fiscaldata.treasury.gov/services/api/fiscal_service/v1/accounting/od/auctions_query?filter=security_type:in:(Note,Bond),auction_date:gte:2009-01-01&page%5Bsize%5D=10000&page%5Bnumber%5D=1&sort=auction_date",fetched,2026-09-30T10:44:13Z
2025-07-23,13:00,2025-07-23T13:00:00-04:00,2025-07-23T17:00:00Z,12:00,NOMINAL,20y,original,False,Bond,19-Year 10-Month,20-Year,Yes,912810UL0,2025-07-31,2045-05-15,13000000000,12877685000,1379975000,2814500000,8683210000,13885258600,885247700,4.9350,2.790000,0.107160,2025-07-17,R_20250723_2.pdf,,"https://api.fiscaldata.treasury.gov/services/api/fiscal_service/v1/accounting/od/auctions_query?filter=security_type:in:(Note,Bond),auction_date:gte:2009-01-01&page%5Bsize%5D=10000&page%5Bnumber%5D=1&sort=auction_date",fetched,2026-09-30T10:44:13Z
2025-07-24,13:00,2025-07-24T13:00:00-04:00,2025-07-24T17:00:00Z,12:00,TIPS,10y,original,False,Note,10-Year,10-Year,No,91282CNS6,2025-07-31,2035-07-15,21000000000,20913221900,1120066000,6682500000,13110655900,22430027400,1430015600,1.9850,2.410000,0.053558,2025-07-17,R_20250724_3.pdf,,"https://api.fiscaldata.treasury.gov/services/api/fiscal_service/v1/accounting/od/auctions_query?filter=security_type:in:(Note,Bond),auction_date:gte:2009-01-01&page%5Bsize%5D=10000&page%5Bnumber%5D=1&sort=auction_date",fetched,2026-09-30T10:44:13Z
2025-07-28,11:30,2025-07-28T11:30:00-04:00,2025-07-28T15:30:00Z,11:00,NOMINAL,2y,original,False,Note,2-Year,2-Year,No,91282CNP2,2025-07-31,2027-07-31,69000000000,68438880500,7048617500,23524063000,37866200000,73698811200,4698622800,3.9200,2.620000,0.102991,2025-07-24,R_20250728_2.pdf,NOMINAL-5y@13:00,"https://api.fiscaldata.treasury.gov/services/api/fiscal_service/v1/accounting/od/auctions_query?filter=security_type:in:(Note,Bond),auction_date:gte:2009-01-01&page%5Bsize%5D=10000&page%5Bnumber%5D=1&sort=auction_date",fetched,2026-09-30T10:44:13Z
2025-07-28,13:00,2025-07-28T13:00:00-04:00,2025-07-28T17:00:00Z,12:00,NOMINAL,5y,original,False,Note,5-Year,5-Year,No,91282CNN7,2025-07-31,2030-07-31,70000000000,69878752400,8544536000,20611000000,40723216400,74766753000,4766718600,3.9830,2.310000,0.122277,2025-07-24,R_20250728_4.pdf,NOMINAL-2y@11:30,"https://api.fiscaldata.treasury.gov/services/api/fiscal_service/v1/accounting/od/auctions_query?filter=security_type:in:(Note,Bond),auction_date:gte:2009-01-01&page%5Bsize%5D=10000&page%5Bnumber%5D=1&sort=auction_date",fetched,2026-09-30T10:44:13Z
2025-07-29,11:30,2025-07-29T11:30:00-04:00,2025-07-29T15:30:00Z,11:00,FRN,2y,original,False,Note,2-Year,2-Year,No,91282CNQ0,2025-07-31,2027-07-31,30000000000,29975005000,11822005000,250000000,17903000000,32042881500,2042879500,,2.810000,0.394395,2025-07-24,R_20250729_2.pdf,NOMINAL-7y@13:00,"https://api.fiscaldata.treasury.gov/services/api/fiscal_service/v1/accounting/od/auctions_query?filter=security_type:in:(Note,Bond),auction_date:gte:2009-01-01&page%5Bsize%5D=10000&page%5Bnumber%5D=1&sort=auction_date",fetched,2026-09-30T10:44:13Z
2025-07-29,13:00,2025-07-29T13:00:00-04:00,2025-07-29T17:00:00Z,12:00,NOMINAL,7y,original,False,Note,7-Year,7-Year,No,91282CNR8,2025-07-31,2032-07-31,44000000000,43916977700,1784000000,14789730500,27343247200,46996686100,2996223100,4.0920,2.790000,0.040622,2025-07-24,R_20250729_3.pdf,FRN-2y@11:30,"https://api.fiscaldata.treasury.gov/services/api/fiscal_service/v1/accounting/od/auctions_query?filter=security_type:in:(Note,Bond),auction_date:gte:2009-01-01&page%5Bsize%5D=10000&page%5Bnumber%5D=1&sort=auction_date",fetched,2026-09-30T10:44:13Z
2025-08-05,13:00,2025-08-05T13:00:00-04:00,2025-08-05T17:00:00Z,12:00,NOMINAL,3y,original,False,Note,3-Year,3-Year,No,91282CNU1,2025-08-15,2028-08-15,58000000000,57846725000,10342600000,16275135000,31228990000,77683702500,19683688400,3.6690,2.530000,0.178793,2025-07-30,R_20250805_3.pdf,,"https://api.fiscaldata.treasury.gov/services/api/fiscal_service/v1/accounting/od/auctions_query?filter=security_type:in:(Note,Bond),auction_date:gte:2009-01-01&page%5Bsize%5D=10000&page%5Bnumber%5D=1&sort=auction_date",fetched,2026-09-30T10:44:13Z
2025-08-06,13:00,2025-08-06T13:00:00-04:00,2025-08-06T17:00:00Z,12:00,NOMINAL,10y,original,False,Note,10-Year,10-Year,No,91282CNT4,2025-08-15,2035-08-15,42000000000,41857544000,6762778000,8210000000,26884766000,56253817500,14253705400,4.2550,2.350000,0.161567,2025-07-30,R_20250806_2.pdf,,"https://api.fiscaldata.treasury.gov/services/api/fiscal_service/v1/accounting/od/auctions_query?filter=security_type:in:(Note,Bond),auction_date:gte:2009-01-01&page%5Bsize%5D=10000&page%5Bnumber%5D=1&sort=auction_date",fetched,2026-09-30T10:44:13Z
2025-08-07,13:00,2025-08-07T13:00:00-04:00,2025-08-07T17:00:00Z,12:00,NOMINAL,30y,original,False,Bond,30-Year,30-Year,No,912810UM8,2025-08-15,2055-08-15,25000000000,24960862000,4356975000,5747800000,14856087000,33484349300,8484348400,4.8130,2.270000,0.174552,2025-07-30,R_20250807_3.pdf,,"https://api.fiscaldata.treasury.gov/services/api/fiscal_service/v1/accounting/od/auctions_query?filter=security_type:in:(Note,Bond),auction_date:gte:2009-01-01&page%5Bsize%5D=10000&page%5Bnumber%5D=1&sort=auction_date",fetched,2026-09-30T10:44:13Z
2025-08-20,13:00,2025-08-20T13:00:00-04:00,2025-08-20T17:00:00Z,12:00,NOMINAL,20y,original,False,Bond,20-Year,20-Year,No,912810UN6,2025-09-02,2045-08-15,16000000000,15839720000,2040878000,4193000000,9605842000,17931045300,1931037500,4.8760,2.540000,0.128846,2025-08-14,R_20250820_2.pdf,,"https://api.fiscaldata.treasury.gov/services/api/fiscal_service/v1/accounting/od/auctions_query?filter=security_type:in:(Note,Bond),auction_date:gte:2009-01-01&page%5Bsize%5D=10000&page%5Bnumber%5D=1&sort=auction_date",fetched,2026-09-30T10:44:13Z
2025-08-21,13:00,2025-08-21T13:00:00-04:00,2025-08-21T17:00:00Z,12:00,TIPS,30y,original,False,Bond,29-Year 6-Month,30-Year,Yes,912810UH9,2025-08-29,2055-02-15,8000000000,7953749400,354775500,1996000000,5602973900,8000011500,0,2.6500,2.780000,0.044605,2025-08-14,R_20250821_3.pdf,,"https://api.fiscaldata.treasury.gov/services/api/fiscal_service/v1/accounting/od/auctions_query?filter=security_type:in:(Note,Bond),auction_date:gte:2009-01-01&page%5Bsize%5D=10000&page%5Bnumber%5D=1&sort=auction_date",fetched,2026-09-30T10:44:13Z
2025-08-26,13:00,2025-08-26T13:00:00-04:00,2025-08-26T17:00:00Z,12:00,NOMINAL,2y,original,False,Note,2-Year,2-Year,No,91282CNV9,2025-09-02,2027-08-31,69000000000,68364904200,6659350000,22673100000,39032454200,77327624900,8327599600,3.6410,2.690000,0.097409,2025-08-21,R_20250826_2.pdf,,"https://api.fiscaldata.treasury.gov/services/api/fiscal_service/v1/accounting/od/auctions_query?filter=security_type:in:(Note,Bond),auction_date:gte:2009-01-01&page%5Bsize%5D=10000&page%5Bnumber%5D=1&sort=auction_date",fetched,2026-09-30T10:44:13Z
2025-08-27,11:30,2025-08-27T11:30:00-04:00,2025-08-27T15:30:00Z,11:00,FRN,2y,original,False,Note,1-Year 11-Month,2-Year,Yes,91282CNQ0,2025-08-29,2027-07-31,28000000000,27981312500,5997450000,200000000,21783862500,28000072000,0,,3.220000,0.214338,2025-08-21,R_20250827_2.pdf,NOMINAL-5y@13:00,"https://api.fiscaldata.treasury.gov/services/api/fiscal_service/v1/accounting/od/auctions_query?filter=security_type:in:(Note,Bond),auction_date:gte:2009-01-01&page%5Bsize%5D=10000&page%5Bnumber%5D=1&sort=auction_date",fetched,2026-09-30T10:44:13Z
2025-08-27,13:00,2025-08-27T13:00:00-04:00,2025-08-27T17:00:00Z,12:00,NOMINAL,5y,original,False,Note,5-Year,5-Year,No,91282CNX5,2025-09-02,2030-08-31,70000000000,69883850000,6139000000,21480101000,42264749000,78448346900,8448289400,3.7240,2.360000,0.087846,2025-08-21,R_20250827_3.pdf,FRN-2y@11:30,"https://api.fiscaldata.treasury.gov/services/api/fiscal_service/v1/accounting/od/auctions_query?filter=security_type:in:(Note,Bond),auction_date:gte:2009-01-01&page%5Bsize%5D=10000&page%5Bnumber%5D=1&sort=auction_date",fetched,2026-09-30T10:44:13Z
2025-08-28,13:00,2025-08-28T13:00:00-04:00,2025-08-28T17:00:00Z,12:00,NOMINAL,7y,original,False,Note,7-Year,7-Year,No,91282CNW7,2025-09-02,2032-08-31,44000000000,43904285000,4297200000,5604550000,34002535000,49310372900,5310353300,3.9250,2.490000,0.097877,2025-08-21,R_20250828_3.pdf,,"https://api.fiscaldata.treasury.gov/services/api/fiscal_service/v1/accounting/od/auctions_query?filter=security_type:in:(Note,Bond),auction_date:gte:2009-01-01&page%5Bsize%5D=10000&page%5Bnumber%5D=1&sort=auction_date",fetched,2026-09-30T10:44:13Z
2025-09-09,13:00,2025-09-09T13:00:00-04:00,2025-09-09T17:00:00Z,12:00,NOMINAL,3y,original,False,Note,3-Year,3-Year,No,91282CNY3,2025-09-15,2028-09-15,58000000000,57778780200,4835680000,10047772800,42895327400,58000146200,0,3.4850,2.730000,0.083693,2025-09-04,R_20250909_2.pdf,,"https://api.fiscaldata.treasury.gov/services/api/fiscal_service/v1/accounting/od/auctions_query?filter=security_type:in:(Note,Bond),auction_date:gte:2009-01-01&page%5Bsize%5D=10000&page%5Bnumber%5D=1&sort=auction_date",fetched,2026-09-30T10:44:13Z
2025-09-10,13:00,2025-09-10T13:00:00-04:00,2025-09-10T17:00:00Z,12:00,NOMINAL,10y,original,False,Note,9-Year 11-Month,10-Year,Yes,91282CNT4,2025-09-15,2035-08-15,39000000000,38881412000,1638000000,4920500000,32322912000,39000024500,0,4.0330,2.650000,0.042128,2025-09-04,R_20250910_2.pdf,,"https://api.fiscaldata.treasury.gov/services/api/fiscal_service/v1/accounting/od/auctions_query?filter=security_type:in:(Note,Bond),auction_date:gte:2009-01-01&page%5Bsize%5D=10000&page%5Bnumber%5D=1&sort=auction_date",fetched,2026-09-30T10:44:13Z
2025-09-11,13:00,2025-09-11T13:00:00-04:00,2025-09-11T17:00:00Z,12:00,NOMINAL,30y,original,False,Bond,29-Year 11-Month,30-Year,Yes,912810UM8,2025-09-15,2055-08-15,22000000000,21956149000,2185951000,6150500000,13619698000,22000000200,0,4.6510,2.380000,0.099560,2025-09-04,R_20250911_3.pdf,,"https://api.fiscaldata.treasury.gov/services/api/fiscal_service/v1/accounting/od/auctions_query?filter=security_type:in:(Note,Bond),auction_date:gte:2009-01-01&page%5Bsize%5D=10000&page%5Bnumber%5D=1&sort=auction_date",fetched,2026-09-30T10:44:13Z
2025-09-16,13:00,2025-09-16T13:00:00-04:00,2025-09-16T17:00:00Z,12:00,NOMINAL,20y,original,False,Bond,19-Year 11-Month,20-Year,Yes,912810UN6,2025-09-30,2045-08-15,13000000000,12891939200,976440000,3592431200,8323068000,13717873000,717838900,4.6130,2.740000,0.075740,2025-09-11,R_20250916_2.pdf,,"https://api.fiscaldata.treasury.gov/services/api/fiscal_service/v1/accounting/od/auctions_query?filter=security_type:in:(Note,Bond),auction_date:gte:2009-01-01&page%5Bsize%5D=10000&page%5Bnumber%5D=1&sort=auction_date",fetched,2026-09-30T10:44:13Z
2025-09-18,13:00,2025-09-18T13:00:00-04:00,2025-09-18T17:00:00Z,12:00,TIPS,10y,original,False,Note,9-Year 10-Month,10-Year,Yes,91282CNS6,2025-09-30,2035-07-15,19000000000,18956812500,3373105000,4952000000,10631707500,20049149800,1049149200,1.7340,2.200000,0.177936,2025-09-11,R_20250918_3.pdf,,"https://api.fiscaldata.treasury.gov/services/api/fiscal_service/v1/accounting/od/auctions_query?filter=security_type:in:(Note,Bond),auction_date:gte:2009-01-01&page%5Bsize%5D=10000&page%5Bnumber%5D=1&sort=auction_date",fetched,2026-09-30T10:44:13Z
2025-09-23,13:00,2025-09-23T13:00:00-04:00,2025-09-23T17:00:00Z,12:00,NOMINAL,2y,original,False,Note,2-Year,2-Year,No,91282CPB1,2025-09-30,2027-09-30,69000000000,68681817300,7889380000,21131182300,39661255000,72810112800,3810068500,3.5710,2.510000,0.114869,2025-09-18,R_20250923_2.pdf,,"https://api.fiscaldata.treasury.gov/services/api/fiscal_service/v1/accounting/od/auctions_query?filter=security_type:in:(Note,Bond),auction_date:gte:2009-01-01&page%5Bsize%5D=10000&page%5Bnumber%5D=1&sort=auction_date",fetched,2026-09-30T10:44:13Z
2025-09-24,11:30,2025-09-24T11:30:00-04:00,2025-09-24T15:30:00Z,11:00,FRN,2y,original,False,Note,1-Year 10-Month,2-Year,Yes,91282CNQ0,2025-09-26,2027-07-31,28000000000,27969350000,8075885000,250000000,19643465000,28000093600,0,,3.150000,0.288741,2025-09-18,R_20250924_1.pdf,NOMINAL-5y@13:00,"https://api.fiscaldata.treasury.gov/services/api/fiscal_service/v1/accounting/od/auctions_query?filter=security_type:in:(Note,Bond),auction_date:gte:2009-01-01&page%5Bsize%5D=10000&page%5Bnumber%5D=1&sort=auction_date",fetched,2026-09-30T10:44:13Z
2025-09-24,13:00,2025-09-24T13:00:00-04:00,2025-09-24T17:00:00Z,12:00,NOMINAL,5y,original,False,Note,5-Year,5-Year,No,91282CPA3,2025-09-30,2030-09-30,70000000000,69898797200,8347846400,20016676800,41534274000,73865290100,3865286900,3.7100,2.340000,0.119428,2025-09-18,R_20250924_3.pdf,FRN-2y@11:30,"https://api.fiscaldata.treasury.gov/services/api/fiscal_service/v1/accounting/od/auctions_query?filter=security_type:in:(Note,Bond),auction_date:gte:2009-01-01&page%5Bsize%5D=10000&page%5Bnumber%5D=1&sort=auction_date",fetched,2026-09-30T10:44:13Z
2025-09-25,13:00,2025-09-25T13:00:00-04:00,2025-09-25T17:00:00Z,12:00,NOMINAL,7y,original,False,Note,7-Year,7-Year,No,91282CNZ0,2025-09-30,2032-09-30,44000000000,43943699400,5275000000,13877103400,24791596000,46429614600,2429608900,3.9530,2.400000,0.120040,2025-09-18,R_20250925_3.pdf,,"https://api.fiscaldata.treasury.gov/services/api/fiscal_service/v1/accounting/od/auctions_query?filter=security_type:in:(Note,Bond),auction_date:gte:2009-01-01&page%5Bsize%5D=10000&page%5Bnumber%5D=1&sort=auction_date",fetched,2026-09-30T10:44:13Z
2025-10-07,13:00,2025-10-07T13:00:00-04:00,2025-10-07T17:00:00Z,12:00,NOMINAL,3y,original,False,Note,3-Year,3-Year,No,91282CPC9,2025-10-15,2028-10-15,58000000000,57841524400,6203000000,15372614400,36265910000,59076806400,1076671700,3.5760,2.660000,0.107241,2025-10-02,R_20251007_2.pdf,,"https://api.fiscaldata.treasury.gov/services/api/fiscal_service/v1/accounting/od/auctions_query?filter=security_type:in:(Note,Bond),auction_date:gte:2009-01-01&page%5Bsize%5D=10000&page%5Bnumber%5D=1&sort=auction_date",fetched,2026-09-30T10:44:13Z
2025-10-08,13:00,2025-10-08T13:00:00-04:00,2025-10-08T17:00:00Z,12:00,NOMINAL,10y,original,False,Note,9-Year 10-Month,10-Year,Yes,91282CNT4,2025-10-15,2035-08-15,39000000000,38921677000,3539221000,9381000000,26001456000,39723990300,723968800,4.1170,2.480000,0.090932,2025-10-02,R_20251008_2.pdf,,"https://api.fiscaldata.treasury.gov/services/api/fiscal_service/v1/accounting/od/auctions_query?filter=security_type:in:(Note,Bond),auction_date:gte:2009-01-01&page%5Bsize%5D=10000&page%5Bnumber%5D=1&sort=auction_date",fetched,2026-09-30T10:44:13Z
2025-10-09,13:00,2025-10-09T13:00:00-04:00,2025-10-09T17:00:00Z,12:00,NOMINAL,30y,original,False,Bond,29-Year 10-Month,30-Year,Yes,912810UM8,2025-10-15,2055-08-15,22000000000,21956457500,1901737000,5898400000,14156320500,22408408700,408392700,4.7340,2.380000,0.086614,2025-10-02,R_20251009_3.pdf,,"https://api.fiscaldata.treasury.gov/services/api/fiscal_service/v1/accounting/od/auctions_query?filter=security_type:in:(Note,Bond),auction_date:gte:2009-01-01&page%5Bsize%5D=10000&page%5Bnumber%5D=1&sort=auction_date",fetched,2026-09-30T10:44:13Z
2025-10-22,13:00,2025-10-22T13:00:00-04:00,2025-10-22T17:00:00Z,12:00,NOMINAL,20y,original,False,Bond,19-Year 10-Month,20-Year,Yes,912810UN6,2025-10-31,2045-08-15,13000000000,12934036100,1298000000,3405962100,8230074000,13746497600,746486500,4.5060,2.730000,0.100355,2025-10-16,R_20251022_2.pdf,,"https://api.fiscaldata.treasury.gov/services/api/fiscal_service/v1/accounting/od/auctions_query?filter=security_type:in:(Note,Bond),auction_date:gte:2009-01-01&page%5Bsize%5D=10000&page%5Bnumber%5D=1&sort=auction_date",fetched,2026-09-30T10:44:13Z
2025-10-23,13:00,2025-10-23T13:00:00-04:00,2025-10-23T17:00:00Z,12:00,TIPS,5y,original,False,Note,5-Year,5-Year,No,91282CPH8,2025-10-31,2030-10-15,26000000000,25857015600,3485311500,6306755000,16064949100,27492981400,1492973100,1.1820,2.510000,0.134792,2025-10-16,R_20251023_3.pdf,,"https://api.fiscaldata.treasury.gov/services/api/fiscal_service/v1/accounting/od/auctions_query?filter=security_type:in:(Note,Bond),auction_date:gte:2009-01-01&page%5Bsize%5D=10000&page%5Bnumber%5D=1&sort=auction_date",fetched,2026-09-30T10:44:13Z
2025-10-27,11:30,2025-10-27T11:30:00-04:00,2025-10-27T15:30:00Z,11:00,NOMINAL,2y,original,False,Note,2-Year,2-Year,No,91282CPE5,2025-10-31,2027-10-31,69000000000,68473624000,7928260000,23809000000,36736364000,72962136800,3962121200,3.5040,2.590000,0.115786,2025-10-23,R_20251027_1.pdf,NOMINAL-5y@13:00,"https://api.fiscaldata.treasury.gov/services/api/fiscal_service/v1/accounting/od/auctions_query?filter=security_type:in:(Note,Bond),auction_date:gte:2009-01-01&page%5Bsize%5D=10000&page%5Bnumber%5D=1&sort=auction_date",fetched,2026-09-30T10:44:13Z
2025-10-27,13:00,2025-10-27T13:00:00-04:00,2025-10-27T17:00:00Z,12:00,NOMINAL,5y,original,False,Note,5-Year,5-Year,No,91282CPD7,2025-10-31,2030-10-31,70000000000,69902036000,6480750000,16701250000,46720036000,74019650700,4019543200,3.6250,2.380000,0.092712,2025-10-23,R_20251027_4.pdf,NOMINAL-2y@11:30,"https://api.fiscaldata.treasury.gov/services/api/fiscal_service/v1/accounting/od/auctions_query?filter=security_type:in:(Note,Bond),auction_date:gte:2009-01-01&page%5Bsize%5D=10000&page%5Bnumber%5D=1&sort=auction_date",fetched,2026-09-30T10:44:13Z
2025-10-28,13:00,2025-10-28T13:00:00-04:00,2025-10-28T17:00:00Z,12:00,NOMINAL,7y,original,False,Note,7-Year,7-Year,No,91282CPF2,2025-10-31,2032-10-31,44000000000,43954857700,5777731000,12239397000,25937729700,46526609100,2526570100,3.7900,2.460000,0.131447,2025-10-23,R_20251028_3.pdf,,"https://api.fiscaldata.treasury.gov/services/api/fiscal_service/v1/accounting/od/auctions_query?filter=security_type:in:(Note,Bond),auction_date:gte:2009-01-01&page%5Bsize%5D=10000&page%5Bnumber%5D=1&sort=auction_date",fetched,2026-09-30T10:44:13Z
2025-10-29,11:30,2025-10-29T11:30:00-04:00,2025-10-29T15:30:00Z,11:00,FRN,2y,original,False,Note,2-Year,2-Year,No,91282CPG0,2025-10-31,2027-10-31,30000000000,29989880000,10454500000,450000000,19085380000,31722704700,1722661400,,3.630000,0.348601,2025-10-23,R_20251029_1.pdf,,"https://api.fiscaldata.treasury.gov/services/api/fiscal_service/v1/accounting/od/auctions_query?filter=security_type:in:(Note,Bond),auction_date:gte:2009-01-01&page%5Bsize%5D=10000&page%5Bnumber%5D=1&sort=auction_date",fetched,2026-09-30T10:44:13Z
2025-11-10,13:00,2025-11-10T13:00:00-05:00,2025-11-10T18:00:00Z,12:00,NOMINAL,3y,original,False,Note,3-Year,3-Year,No,91282CPK1,2025-11-17,2028-11-15,58000000000,57743491600,5611000000,15775500000,36356991600,67033709400,9033593800,3.5790,2.850000,0.097171,2025-11-05,R_20251110_4.pdf,,"https://api.fiscaldata.treasury.gov/services/api/fiscal_service/v1/accounting/od/auctions_query?filter=security_type:in:(Note,Bond),auction_date:gte:2009-01-01&page%5Bsize%5D=10000&page%5Bnumber%5D=1&sort=auction_date",fetched,2026-09-30T10:44:13Z
2025-11-12,13:00,2025-11-12T13:00:00-05:00,2025-11-12T18:00:00Z,12:00,NOMINAL,10y,original,False,Note,10-Year,10-Year,No,91282CPJ4,2025-11-17,2035-11-15,42000000000,41857012200,4374668000,9439000000,28043344200,48541627100,6541567900,4.0740,2.430000,0.104515,2025-11-05,R_20251112_2.pdf,,"https://api.fiscaldata.treasury.gov/services/api/fiscal_service/v1/accounting/od/auctions_query?filter=security_type:in:(Note,Bond),auction_date:gte:2009-01-01&page%5Bsize%5D=10000&page%5Bnumber%5D=1&sort=auction_date",fetched,2026-09-30T10:44:13Z
2025-11-13,13:00,2025-11-13T13:00:00-05:00,2025-11-13T18:00:00Z,12:00,NOMINAL,30y,original,False,Bond,30-Year,30-Year,No,912810UP1,2025-11-17,2055-11-15,25000000000,24946422000,3619824000,3617560000,17709038000,28893800900,3893790400,4.6940,2.290000,0.145104,2025-11-05,R_20251113_3.pdf,,"https://api.fiscaldata.treasury.gov/services/api/fiscal_service/v1/accounting/od/auctions_query?filter=security_type:in:(Note,Bond),auction_date:gte:2009-01-01&page%5Bsize%5D=10000&page%5Bnumber%5D=1&sort=auction_date",fetched,2026-09-30T10:44:13Z
2025-11-19,13:00,2025-11-19T13:00:00-05:00,2025-11-19T18:00:00Z,12:00,NOMINAL,20y,original,False,Bond,20-Year,20-Year,No,912810UQ9,2025-12-01,2045-11-15,16000000000,15901105500,1809987500,4634500000,9456618000,17829634000,1829631800,4.7060,2.410000,0.113828,2025-11-13,R_20251119_2.pdf,,"https://api.fiscaldata.treasury.gov/services/api/fiscal_service/v1/accounting/od/auctions_query?filter=security_type:in:(Note,Bond),auction_date:gte:2009-01-01&page%5Bsize%5D=10000&page%5Bnumber%5D=1&sort=auction_date",fetched,2026-09-30T10:44:13Z
2025-11-20,13:00,2025-11-20T13:00:00-05:00,2025-11-20T18:00:00Z,12:00,TIPS,10y,original,False,Note,9-Year 8-Month,10-Year,Yes,91282CNS6,2025-11-28,2035-07-15,19000000000,18964646000,2803730000,4500000000,11660916000,19000003700,0,1.8430,2.410000,0.147840,2025-11-13,R_20251120_3.pdf,,"https://api.fiscaldata.treasury.gov/services/api/fiscal_service/v1/accounting/od/auctions_query?filter=security_type:in:(Note,Bond),auction_date:gte:2009-01-01&page%5Bsize%5D=10000&page%5Bnumber%5D=1&sort=auction_date",fetched,2026-09-30T10:44:13Z
2025-11-24,13:00,2025-11-24T13:00:00-05:00,2025-11-24T18:00:00Z,12:00,NOMINAL,2y,original,False,Note,2-Year,2-Year,No,91282CPL9,2025-12-01,2027-11-30,69000000000,68711131300,7684000000,21123896800,39903234500,76890422900,7890287400,3.4890,2.680000,0.111830,2025-11-20,R_20251124_3.pdf,,"https://api.fiscaldata.treasury.gov/services/api/fiscal_service/v1/accounting/od/auctions_query?filter=security_type:in:(Note,Bond),auction_date:gte:2009-01-01&page%5Bsize%5D=10000&page%5Bnumber%5D=1&sort=auction_date",fetched,2026-09-30T10:44:13Z
2025-11-25,13:00,2025-11-25T13:00:00-05:00,2025-11-25T18:00:00Z,12:00,FRN,2y,original,False,Note,1-Year 11-Month,2-Year,Yes,91282CPG0,2025-11-28,2027-10-31,28000000000,27980440000,9442800000,200000000,18337640000,28000017700,0,,3.030000,0.337479,2025-11-20,R_20251125_3.pdf,NOMINAL-5y@13:00,"https://api.fiscaldata.treasury.gov/services/api/fiscal_service/v1/accounting/od/auctions_query?filter=security_type:in:(Note,Bond),auction_date:gte:2009-01-01&page%5Bsize%5D=10000&page%5Bnumber%5D=1&sort=auction_date",fetched,2026-09-30T10:44:13Z
2025-11-25,13:00,2025-11-25T13:00:00-05:00,2025-11-25T18:00:00Z,12:00,NOMINAL,5y,original,False,Note,5-Year,5-Year,No,91282CPN5,2025-12-01,2030-11-30,70000000000,69800167000,7704745000,19272500000,42822922000,78004683600,8004639400,3.5620,2.410000,0.110383,2025-11-20,R_20251125_4.pdf,FRN-2y@13:00,"https://api.fiscaldata.treasury.gov/services/api/fiscal_service/v1/accounting/od/auctions_query?filter=security_type:in:(Note,Bond),auction_date:gte:2009-01-01&page%5Bsize%5D=10000&page%5Bnumber%5D=1&sort=auction_date",fetched,2026-09-30T10:44:13Z
2025-11-26,11:30,2025-11-26T11:30:00-05:00,2025-11-26T16:30:00Z,11:00,NOMINAL,7y,original,False,Note,7-Year,7-Year,No,91282CPM7,2025-12-01,2032-11-30,44000000000,43940026900,5744480000,13302179000,24893367900,49031521300,5031487500,3.7810,2.460000,0.130735,2025-11-20,R_20251126_3.pdf,,"https://api.fiscaldata.treasury.gov/services/api/fiscal_service/v1/accounting/od/auctions_query?filter=security_type:in:(Note,Bond),auction_date:gte:2009-01-01&page%5Bsize%5D=10000&page%5Bnumber%5D=1&sort=auction_date",fetched,2026-09-30T10:44:13Z
2025-12-08,13:00,2025-12-08T13:00:00-05:00,2025-12-08T18:00:00Z,12:00,NOMINAL,3y,original,False,Note,3-Year,3-Year,No,91282CPP0,2025-12-15,2028-12-15,58000000000,57719315000,5211475000,10967232500,41540607500,58000067800,0,3.6140,2.640000,0.090290,2025-12-04,R_20251208_3.pdf,,"https://api.fiscaldata.treasury.gov/services/api/fiscal_service/v1/accounting/od/auctions_query?filter=security_type:in:(Note,Bond),auction_date:gte:2009-01-01&page%5Bsize%5D=10000&page%5Bnumber%5D=1&sort=auction_date",fetched,2026-09-30T10:44:13Z
2025-12-09,13:00,2025-12-09T13:00:00-05:00,2025-12-09T18:00:00Z,12:00,NOMINAL,10y,original,False,Note,9-Year 11-Month,10-Year,Yes,91282CPJ4,2025-12-15,2035-11-15,39000000000,38904926000,3426225000,8153500000,27325201000,39000048600,0,4.1750,2.550000,0.088067,2025-12-04,R_20251209_2.pdf,,"https://api.fiscaldata.treasury.gov/services/api/fiscal_service/v1/accounting/od/auctions_query?filter=security_type:in:(Note,Bond),auction_date:gte:2009-01-01&page%5Bsize%5D=10000&page%5Bnumber%5D=1&sort=auction_date",fetched,2026-09-30T10:44:13Z
2025-12-11,13:00,2025-12-11T13:00:00-05:00,2025-12-11T18:00:00Z,12:00,NOMINAL,30y,original,False,Bond,29-Year 11-Month,30-Year,Yes,912810UP1,2025-12-15,2055-11-15,22000000000,21946790000,2449552000,5148080000,14349158000,22000005100,0,4.7730,2.360000,0.111613,2025-12-04,R_20251211_3.pdf,,"https://api.fiscaldata.treasury.gov/services/api/fiscal_service/v1/accounting/od/auctions_query?filter=security_type:in:(Note,Bond),auction_date:gte:2009-01-01&page%5Bsize%5D=10000&page%5Bnumber%5D=1&sort=auction_date",fetched,2026-09-30T10:44:13Z
2025-12-17,13:00,2025-12-17T13:00:00-05:00,2025-12-17T18:00:00Z,12:00,NOMINAL,20y,original,False,Bond,19-Year 11-Month,20-Year,Yes,912810UQ9,2025-12-31,2045-11-15,13000000000,12942131100,1626790000,2878091100,8437250000,14385501500,1385475400,4.7980,2.670000,0.125697,2025-12-11,R_20251217_2.pdf,,"https://api.fiscaldata.treasury.gov/services/api/fiscal_service/v1/accounting/od/auctions_query?filter=security_type:in:(Note,Bond),auction_date:gte:2009-01-01&page%5Bsize%5D=10000&page%5Bnumber%5D=1&sort=auction_date",fetched,2026-09-30T10:44:13Z
2025-12-18,13:00,2025-12-18T13:00:00-05:00,2025-12-18T18:00:00Z,12:00,TIPS,5y,original,False,Note,4-Year 10-Month,5-Year,Yes,91282CPH8,2025-12-31,2030-10-15,24000000000,23934930000,1298990000,5252750000,17383190000,26557802400,2557800700,1.4330,2.620000,0.054272,2025-12-11,R_20251218_3.pdf,,"https://api.fiscaldata.treasury.gov/services/api/fiscal_service/v1/accounting/od/auctions_query?filter=security_type:in:(Note,Bond),auction_date:gte:2009-01-01&page%5Bsize%5D=10000&page%5Bnumber%5D=1&sort=auction_date",fetched,2026-09-30T10:44:13Z
2025-12-22,13:00,2025-12-22T13:00:00-05:00,2025-12-22T18:00:00Z,12:00,NOMINAL,2y,original,False,Note,2-Year,2-Year,No,91282CPS4,2025-12-31,2027-12-31,69000000000,68696877000,8751400000,23393000000,36552477000,76353747100,7353677200,3.4990,2.540000,0.127392,2025-12-18,R_20251222_3.pdf,,"https://api.fiscaldata.treasury.gov/services/api/fiscal_service/v1/accounting/od/auctions_query?filter=security_type:in:(Note,Bond),auction_date:gte:2009-01-01&page%5Bsize%5D=10000&page%5Bnumber%5D=1&sort=auction_date",fetched,2026-09-30T10:44:13Z
2025-12-23,13:00,2025-12-23T13:00:00-05:00,2025-12-23T18:00:00Z,12:00,FRN,2y,original,False,Note,1-Year 10-Month,2-Year,Yes,91282CPG0,2025-12-26,2027-10-31,28000000000,27987110000,8405370000,200000000,19381740000,28000004500,0,,3.750000,0.300330,2025-12-18,R_20251223_4.pdf,NOMINAL-5y@13:00,"https://api.fiscaldata.treasury.gov/services/api/fiscal_service/v1/accounting/od/auctions_query?filter=security_type:in:(Note,Bond),auction_date:gte:2009-01-01&page%5Bsize%5D=10000&page%5Bnumber%5D=1&sort=auction_date",fetched,2026-09-30T10:44:13Z
2025-12-23,13:00,2025-12-23T13:00:00-05:00,2025-12-23T18:00:00Z,12:00,NOMINAL,5y,original,False,Note,5-Year,5-Year,No,91282CPR6,2025-12-31,2030-12-31,70000000000,69883070500,6175462500,22119000000,41588608000,77460293000,7460252300,3.7470,2.350000,0.088369,2025-12-18,R_20251223_3.pdf,FRN-2y@13:00,"https://api.fiscaldata.treasury.gov/services/api/fiscal_service/v1/accounting/od/auctions_query?filter=security_type:in:(Note,Bond),auction_date:gte:2009-01-01&page%5Bsize%5D=10000&page%5Bnumber%5D=1&sort=auction_date",fetched,2026-09-30T10:44:13Z
2025-12-24,11:30,2025-12-24T11:30:00-05:00,2025-12-24T16:30:00Z,11:00,NOMINAL,7y,original,False,Note,7-Year,7-Year,No,91282CPQ8,2025-12-31,2032-12-31,44000000000,43910962700,4099602500,13886300000,25925060200,48689313800,4689301400,3.9300,2.510000,0.093362,2025-12-18,R_20251224_4.pdf,,"https://api.fiscaldata.treasury.gov/services/api/fiscal_service/v1/accounting/od/auctions_query?filter=security_type:in:(Note,Bond),auction_date:gte:2009-01-01&page%5Bsize%5D=10000&page%5Bnumber%5D=1&sort=auction_date",fetched,2026-09-30T10:44:13Z
2026-01-12,11:30,2026-01-12T11:30:00-05:00,2026-01-12T16:30:00Z,11:00,NOMINAL,3y,original,False,Note,3-Year,3-Year,No,91282CPT2,2026-01-15,2029-01-15,58000000000,57540560800,8058080000,16971685800,32510795000,74882423700,16882359100,3.6090,2.650000,0.140042,2026-01-08,R_20260112_2.pdf,NOMINAL-10y@13:00,"https://api.fiscaldata.treasury.gov/services/api/fiscal_service/v1/accounting/od/auctions_query?filter=security_type:in:(Note,Bond),auction_date:gte:2009-01-01&page%5Bsize%5D=10000&page%5Bnumber%5D=1&sort=auction_date",fetched,2026-09-30T10:44:13Z
2026-01-12,13:00,2026-01-12T13:00:00-05:00,2026-01-12T18:00:00Z,12:00,NOMINAL,10y,original,False,Note,9-Year 10-Month,10-Year,Yes,91282CPJ4,2026-01-15,2035-11-15,39000000000,38924042800,2276072500,9538500000,27109470300,50351940000,11351931000,4.1730,2.550000,0.058475,2026-01-08,R_20260112_4.pdf,NOMINAL-3y@11:30,"https://api.fiscaldata.treasury.gov/services/api/fiscal_service/v1/accounting/od/auctions_query?filter=security_type:in:(Note,Bond),auction_date:gte:2009-01-01&page%5Bsize%5D=10000&page%5Bnumber%5D=1&sort=auction_date",fetched,2026-09-30T10:44:13Z
2026-01-13,13:00,2026-01-13T13:00:00-05:00,2026-01-13T18:00:00Z,12:00,NOMINAL,30y,original,False,Bond,29-Year 10-Month,30-Year,Yes,912810UP1,2026-01-15,2055-11-15,22000000000,21968003900,2625470000,4674100000,14668433900,28403689800,6403653400,4.8250,2.420000,0.119513,2026-01-08,R_20260113_2.pdf,,"https://api.fiscaldata.treasury.gov/services/api/fiscal_service/v1/accounting/od/auctions_query?filter=security_type:in:(Note,Bond),auction_date:gte:2009-01-01&page%5Bsize%5D=10000&page%5Bnumber%5D=1&sort=auction_date",fetched,2026-09-30T10:44:13Z
2026-01-21,13:00,2026-01-21T13:00:00-05:00,2026-01-21T18:00:00Z,12:00,NOMINAL,20y,original,False,Bond,19-Year 10-Month,20-Year,Yes,912810UQ9,2026-02-02,2045-11-15,13000000000,12953038500,804311200,3766176500,8382550800,13916190200,916076700,4.8460,2.860000,0.062094,2026-01-15,R_20260121_2.pdf,,"https://api.fiscaldata.treasury.gov/services/api/fiscal_service/v1/accounting/od/auctions_query?filter=security_type:in:(Note,Bond),auction_date:gte:2009-01-01&page%5Bsize%5D=10000&page%5Bnumber%5D=1&sort=auction_date",fetched,2026-09-30T10:44:13Z
2026-01-22,13:00,2026-01-22T13:00:00-05:00,2026-01-22T18:00:00Z,12:00,TIPS,10y,original,False,Note,10-Year,10-Year,No,91282CPU9,2026-01-30,2036-01-15,21000000000,20866952500,2547340000,4251000000,14068612500,21000013300,0,1.9400,2.380000,0.122075,2026-01-15,R_20260122_3.pdf,,"https://api.fiscaldata.treasury.gov/services/api/fiscal_service/v1/accounting/od/auctions_query?filter=security_type:in:(Note,Bond),auction_date:gte:2009-01-01&page%5Bsize%5D=10000&page%5Bnumber%5D=1&sort=auction_date",fetched,2026-09-30T10:44:13Z
2026-01-26,13:00,2026-01-26T13:00:00-05:00,2026-01-26T18:00:00Z,12:00,NOMINAL,2y,as_auctioned,False,Note,2-Year,5-Year,Yes,91282CGH8,2026-02-02,2028-01-31,69000000000,68645358000,5031125000,19407500000,44206733000,73862272800,4862253600,3.5800,2.750000,0.073292,2026-01-22,R_20260126_3.pdf,,"https://api.fiscaldata.treasury.gov/services/api/fiscal_service/v1/accounting/od/auctions_query?filter=security_type:in:(Note,Bond),auction_date:gte:2009-01-01&page%5Bsize%5D=10000&page%5Bnumber%5D=1&sort=auction_date",fetched,2026-09-30T10:44:13Z
2026-01-27,13:00,2026-01-27T13:00:00-05:00,2026-01-27T18:00:00Z,12:00,NOMINAL,5y,original,False,Note,5-Year,5-Year,No,91282CPW5,2026-02-02,2031-01-31,70000000000,69853052000,7577216000,19887000000,42388836000,74932771600,4932721000,3.8230,2.340000,0.108474,2026-01-22,R_20260127_2.pdf,,"https://api.fiscaldata.treasury.gov/services/api/fiscal_service/v1/accounting/od/auctions_query?filter=security_type:in:(Note,Bond),auction_date:gte:2009-01-01&page%5Bsize%5D=10000&page%5Bnumber%5D=1&sort=auction_date",fetched,2026-09-30T10:44:13Z
2026-01-28,11:30,2026-01-28T11:30:00-05:00,2026-01-28T16:30:00Z,11:00,FRN,2y,original,False,Note,2-Year,2-Year,No,91282CPX3,2026-02-02,2028-01-31,30000000000,29974534000,10268530000,0,19706004000,32114030900,2114023300,,3.160000,0.342575,2026-01-22,R_20260128_1.pdf,,"https://api.fiscaldata.treasury.gov/services/api/fiscal_service/v1/accounting/od/auctions_query?filter=security_type:in:(Note,Bond),auction_date:gte:2009-01-01&page%5Bsize%5D=10000&page%5Bnumber%5D=1&sort=auction_date",fetched,2026-09-30T10:44:13Z
2026-01-29,13:00,2026-01-29T13:00:00-05:00,2026-01-29T18:00:00Z,12:00,NOMINAL,7y,original,False,Note,7-Year,7-Year,No,91282CPY1,2026-02-02,2033-01-31,44000000000,43888735000,4796250000,9742900000,29349585000,47100610800,3100567400,4.0180,2.450000,0.109282,2026-01-22,R_20260129_3.pdf,,"https://api.fiscaldata.treasury.gov/services/api/fiscal_service/v1/accounting/od/auctions_query?filter=security_type:in:(Note,Bond),auction_date:gte:2009-01-01&page%5Bsize%5D=10000&page%5Bnumber%5D=1&sort=auction_date",fetched,2026-09-30T10:44:13Z
2026-02-10,13:00,2026-02-10T13:00:00-05:00,2026-02-10T18:00:00Z,12:00,NOMINAL,3y,original,False,Note,3-Year,3-Year,No,91282CQA2,2026-02-17,2029-02-15,58000000000,57729734400,6313424000,18425590400,32990720000,74434541200,16434528300,3.5180,2.620000,0.109362,2026-02-04,R_20260210_2.pdf,,"https://api.fiscaldata.treasury.gov/services/api/fiscal_service/v1/accounting/od/auctions_query?filter=security_type:in:(Note,Bond),auction_date:gte:2009-01-01&page%5Bsize%5D=10000&page%5Bnumber%5D=1&sort=auction_date",fetched,2026-09-30T10:44:13Z
2026-02-11,13:00,2026-02-11T13:00:00-05:00,2026-02-11T18:00:00Z,12:00,NOMINAL,10y,original,False,Note,10-Year,10-Year,No,91282CPZ8,2026-02-17,2036-02-15,42000000000,41834683000,5595700000,9236850000,27002133000,53900905800,11900865300,4.1770,2.390000,0.133757,2026-02-04,R_20260211_2.pdf,,"https://api.fiscaldata.treasury.gov/services/api/fiscal_service/v1/accounting/od/auctions_query?filter=security_type:in:(Note,Bond),auction_date:gte:2009-01-01&page%5Bsize%5D=10000&page%5Bnumber%5D=1&sort=auction_date",fetched,2026-09-30T10:44:13Z
2026-02-12,13:00,2026-02-12T13:00:00-05:00,2026-02-12T18:00:00Z,12:00,NOMINAL,30y,original,False,Bond,30-Year,30-Year,No,912810UR7,2026-02-17,2056-02-15,25000000000,24961985000,1468440000,6035250000,17458295000,32083920100,7083848300,4.7500,2.660000,0.058827,2026-02-04,R_20260212_3.pdf,,"https://api.fiscaldata.treasury.gov/services/api/fiscal_service/v1/accounting/od/auctions_query?filter=security_type:in:(Note,Bond),auction_date:gte:2009-01-01&page%5Bsize%5D=10000&page%5Bnumber%5D=1&sort=auction_date",fetched,2026-09-30T10:44:13Z
2026-02-18,13:00,2026-02-18T13:00:00-05:00,2026-02-18T18:00:00Z,12:00,NOMINAL,20y,original,False,Bond,20-Year,20-Year,No,912810UT3,2026-03-02,2046-02-15,16000000000,15948334400,2805684600,4344500000,8798149800,17916728200,1916713400,4.6640,2.360000,0.175923,2026-02-12,R_20260218_2.pdf,,"https://api.fiscaldata.treasury.gov/services/api/fiscal_service/v1/accounting/od/auctions_query?filter=security_type:in:(Note,Bond),auction_date:gte:2009-01-01&page%5Bsize%5D=10000&page%5Bnumber%5D=1&sort=auction_date",fetched,2026-09-30T10:44:13Z
2026-02-19,13:00,2026-02-19T13:00:00-05:00,2026-02-19T18:00:00Z,12:00,TIPS,30y,original,False,Bond,30-Year,30-Year,No,912810US5,2026-02-27,2056-02-15,9000000000,8963875700,223000000,1722000000,7018875700,9000008600,0,2.4730,2.750000,0.024878,2026-02-12,R_20260219_3.pdf,,"https://api.fiscaldata.treasury.gov/services/api/fiscal_service/v1/accounting/od/auctions_query?filter=security_type:in:(Note,Bond),auction_date:gte:2009-01-01&page%5Bsize%5D=10000&page%5Bnumber%5D=1&sort=auction_date",fetched,2026-09-30T10:44:13Z
2026-02-24,13:00,2026-02-24T13:00:00-05:00,2026-02-24T18:00:00Z,12:00,NOMINAL,2y,original,False,Note,2-Year,2-Year,No,91282CQB0,2026-03-02,2028-02-29,69000000000,68667373900,6736514000,23538687900,38392172000,77265995400,8265826600,3.4550,2.630000,0.098104,2026-02-19,R_20260224_2.pdf,,"https://api.fiscaldata.treasury.gov/services/api/fiscal_service/v1/accounting/od/auctions_query?filter=security_type:in:(Note,Bond),auction_date:gte:2009-01-01&page%5Bsize%5D=10000&page%5Bnumber%5D=1&sort=auction_date",fetched,2026-09-30T10:44:13Z
2026-02-25,11:30,2026-02-25T11:30:00-05:00,2026-02-25T16:30:00Z,11:00,FRN,2y,original,False,Note,1-Year 11-Month,2-Year,Yes,91282CPX3,2026-02-27,2028-01-31,28000000000,27982697500,11620850000,200000000,16161847500,28000124100,0,,3.010000,0.415287,2026-02-19,R_20260225_1.pdf,NOMINAL-5y@13:00,"https://api.fiscaldata.treasury.gov/services/api/fiscal_service/v1/accounting/od/auctions_query?filter=security_type:in:(Note,Bond),auction_date:gte:2009-01-01&page%5Bsize%5D=10000&page%5Bnumber%5D=1&sort=auction_date",fetched,2026-09-30T10:44:13Z
2026-02-25,13:00,2026-02-25T13:00:00-05:00,2026-02-25T18:00:00Z,12:00,NOMINAL,5y,original,False,Note,5-Year,5-Year,No,91282CQD6,2026-03-02,2031-02-28,70000000000,69910663000,8954072500,17266000000,43690590500,78385634900,8385621200,3.6150,2.320000,0.128079,2026-02-19,R_20260225_3.pdf,FRN-2y@11:30,"https://api.fiscaldata.treasury.gov/services/api/fiscal_service/v1/accounting/od/auctions_query?filter=security_type:in:(Note,Bond),auction_date:gte:2009-01-01&page%5Bsize%5D=10000&page%5Bnumber%5D=1&sort=auction_date",fetched,2026-09-30T10:44:13Z
2026-02-26,13:00,2026-02-26T13:00:00-05:00,2026-02-26T18:00:00Z,12:00,NOMINAL,7y,original,False,Note,7-Year,7-Year,No,91282CQC8,2026-03-02,2033-02-28,44000000000,43954752400,4579240000,11431800000,27943712400,49270982800,5270961800,3.7900,2.500000,0.104181,2026-02-19,R_20260226_3.pdf,,"https://api.fiscaldata.treasury.gov/services/api/fiscal_service/v1/accounting/od/auctions_query?filter=security_type:in:(Note,Bond),auction_date:gte:2009-01-01&page%5Bsize%5D=10000&page%5Bnumber%5D=1&sort=auction_date",fetched,2026-09-30T10:44:13Z
2026-03-10,13:00,2026-03-10T13:00:00-04:00,2026-03-10T17:00:00Z,12:00,NOMINAL,3y,original,False,Note,3-Year,3-Year,No,91282CQE4,2026-03-16,2029-03-15,58000000000,57770165000,11265540000,11934000000,34570625000,58014637500,14621900,3.5790,2.550000,0.195006,2026-03-05,R_20260310_2.pdf,,"https://api.fiscaldata.treasury.gov/services/api/fiscal_service/v1/accounting/od/auctions_query?filter=security_type:in:(Note,Bond),auction_date:gte:2009-01-01&page%5Bsize%5D=10000&page%5Bnumber%5D=1&sort=auction_date",fetched,2026-09-30T10:44:13Z
2026-03-11,13:00,2026-03-11T13:00:00-04:00,2026-03-11T17:00:00Z,12:00,NOMINAL,10y,original,False,Note,9-Year 11-Month,10-Year,Yes,91282CPZ8,2026-03-16,2036-02-15,39000000000,38926836500,4950180000,4994894800,28981761700,39009856200,9831900,4.2170,2.450000,0.127166,2026-03-05,R_20260311_2.pdf,,"https://api.fiscaldata.treasury.gov/services/api/fiscal_service/v1/accounting/od/auctions_query?filter=security_type:in:(Note,Bond),auction_date:gte:2009-01-01&page%5Bsize%5D=10000&page%5Bnumber%5D=1&sort=auction_date",fetched,2026-09-30T10:44:13Z
2026-03-12,13:00,2026-03-12T13:00:00-04:00,2026-03-12T17:00:00Z,12:00,NOMINAL,30y,original,False,Bond,29-Year 11-Month,30-Year,Yes,912810UR7,2026-03-16,2056-02-15,22000000000,21969517000,2056000000,5981890000,13931627000,22005667500,5546200,4.8710,2.450000,0.093584,2026-03-05,R_20260312_3.pdf,,"https://api.fiscaldata.treasury.gov/services/api/fiscal_service/v1/accounting/od/auctions_query?filter=security_type:in:(Note,Bond),auction_date:gte:2009-01-01&page%5Bsize%5D=10000&page%5Bnumber%5D=1&sort=auction_date",fetched,2026-09-30T10:44:13Z
2026-03-17,13:00,2026-03-17T13:00:00-04:00,2026-03-17T17:00:00Z,12:00,NOMINAL,20y,original,False,Bond,19-Year 11-Month,20-Year,Yes,912810UT3,2026-03-31,2046-02-15,13000000000,12959817600,1198000000,2796816000,8965001600,14343301500,1343283200,4.8170,2.760000,0.092440,2026-03-12,R_20260317_3.pdf,,"https://api.fiscaldata.treasury.gov/services/api/fiscal_service/v1/accounting/od/auctions_query?filter=security_type:in:(Note,Bond),auction_date:gte:2009-01-01&page%5Bsize%5D=10000&page%5Bnumber%5D=1&sort=auction_date",fetched,2026-09-30T10:44:13Z
2026-03-19,13:00,2026-03-19T13:00:00-04:00,2026-03-19T17:00:00Z,12:00,TIPS,10y,original,False,Note,9-Year 10-Month,10-Year,Yes,91282CPU9,2026-03-31,2036-01-15,19000000000,18955092500,1421812500,4547000000,12986280000,20963263300,1963260100,1.8960,2.470000,0.075010,2026-03-12,R_20260319_3.pdf,,"https://api.fiscaldata.treasury.gov/services/api/fiscal_service/v1/accounting/od/auctions_query?filter=security_type:in:(Note,Bond),auction_date:gte:2009-01-01&page%5Bsize%5D=10000&page%5Bnumber%5D=1&sort=auction_date",fetched,2026-09-30T10:44:13Z
2026-03-24,13:00,2026-03-24T13:00:00-04:00,2026-03-24T17:00:00Z,12:00,NOMINAL,2y,original,False,Note,2-Year,2-Year,No,91282CQH7,2026-03-31,2028-03-31,69000000000,68414607500,16503900000,11286000000,40624707500,76129743700,7129734200,3.9360,2.440000,0.241234,2026-03-19,R_20260324_2.pdf,,"https://api.fiscaldata.treasury.gov/services/api/fiscal_service/v1/accounting/od/auctions_query?filter=security_type:in:(Note,Bond),auction_date:gte:2009-01-01&page%5Bsize%5D=10000&page%5Bnumber%5D=1&sort=auction_date",fetched,2026-09-30T10:44:13Z
2026-03-25,11:30,2026-03-25T11:30:00-04:00,2026-03-25T15:30:00Z,11:00,FRN,2y,original,False,Note,1-Year 10-Month,2-Year,Yes,91282CPX3,2026-03-27,2028-01-31,28000000000,27982798000,13737740000,0,14245058000,28000002700,0,,2.780000,0.490935,2026-03-19,R_20260325_2.pdf,NOMINAL-5y@13:00,"https://api.fiscaldata.treasury.gov/services/api/fiscal_service/v1/accounting/od/auctions_query?filter=security_type:in:(Note,Bond),auction_date:gte:2009-01-01&page%5Bsize%5D=10000&page%5Bnumber%5D=1&sort=auction_date",fetched,2026-09-30T10:44:13Z
2026-03-25,13:00,2026-03-25T13:00:00-04:00,2026-03-25T17:00:00Z,12:00,NOMINAL,5y,original,False,Note,5-Year,5-Year,No,91282CQG9,2026-03-31,2031-03-31,70000000000,69845769000,10906400000,15703000000,43236369000,77233097500,7233063700,3.9800,2.290000,0.156150,2026-03-19,R_20260325_3.pdf,FRN-2y@11:30,"https://api.fiscaldata.treasury.gov/services/api/fiscal_service/v1/accounting/od/auctions_query?filter=security_type:in:(Note,Bond),auction_date:gte:2009-01-01&page%5Bsize%5D=10000&page%5Bnumber%5D=1&sort=auction_date",fetched,2026-09-30T10:44:13Z
2026-03-26,13:00,2026-03-26T13:00:00-04:00,2026-03-26T17:00:00Z,12:00,NOMINAL,7y,original,False,Note,7-Year,7-Year,No,91282CQF1,2026-03-31,2033-03-31,44000000000,43892441000,5445152000,10988400000,27458889000,48546497200,4546497200,4.2550,2.430000,0.124057,2026-03-19,R_20260326_3.pdf,,"https://api.fiscaldata.treasury.gov/services/api/fiscal_service/v1/accounting/od/auctions_query?filter=security_type:in:(Note,Bond),auction_date:gte:2009-01-01&page%5Bsize%5D=10000&page%5Bnumber%5D=1&sort=auction_date",fetched,2026-09-30T10:44:13Z
2026-04-07,13:00,2026-04-07T13:00:00-04:00,2026-04-07T17:00:00Z,12:00,NOMINAL,3y,original,False,Note,3-Year,3-Year,No,91282CQJ3,2026-04-15,2029-04-15,58000000000,57813627900,7677751000,6886496900,43249380000,68285499500,10285400400,3.8970,2.680000,0.132802,2026-04-02,R_20260407_2.pdf,,"https://api.fiscaldata.treasury.gov/services/api/fiscal_service/v1/accounting/od/auctions_query?filter=security_type:in:(Note,Bond),auction_date:gte:2009-01-01&page%5Bsize%5D=10000&page%5Bnumber%5D=1&sort=auction_date",fetched,2026-09-30T10:44:13Z
2026-04-08,13:00,2026-04-08T13:00:00-04:00,2026-04-08T17:00:00Z,12:00,NOMINAL,10y,original,False,Note,9-Year 10-Month,10-Year,Yes,91282CPZ8,2026-04-15,2036-02-15,39000000000,38921968500,4202167500,9295000000,25424801000,45916047400,6916045100,4.2820,2.430000,0.107964,2026-04-02,R_20260408_2.pdf,,"https://api.fiscaldata.treasury.gov/services/api/fiscal_service/v1/accounting/od/auctions_query?filter=security_type:in:(Note,Bond),auction_date:gte:2009-01-01&page%5Bsize%5D=10000&page%5Bnumber%5D=1&sort=auction_date",fetched,2026-09-30T10:44:13Z
2026-04-09,13:00,2026-04-09T13:00:00-04:00,2026-04-09T17:00:00Z,12:00,NOMINAL,30y,original,False,Bond,29-Year 10-Month,30-Year,Yes,912810UR7,2026-04-15,2056-02-15,22000000000,21973237800,2554092000,5324955200,14094190600,25901386200,3901358700,4.8760,2.390000,0.116236,2026-04-02,R_20260409_3.pdf,,"https://api.fiscaldata.treasury.gov/services/api/fiscal_service/v1/accounting/od/auctions_query?filter=security_type:in:(Note,Bond),auction_date:gte:2009-01-01&page%5Bsize%5D=10000&page%5Bnumber%5D=1&sort=auction_date",fetched,2026-09-30T10:44:13Z
2026-04-22,13:00,2026-04-22T13:00:00-04:00,2026-04-22T17:00:00Z,12:00,NOMINAL,20y,original,False,Bond,19-Year 10-Month,20-Year,Yes,912810UT3,2026-04-30,2046-02-15,13000000000,12944148000,1259140000,2961500000,8723508000,14636144300,1636143300,4.8830,2.680000,0.097275,2026-04-16,R_20260422_2.pdf,,"https://api.fiscaldata.treasury.gov/services/api/fiscal_service/v1/accounting/od/auctions_query?filter=security_type:in:(Note,Bond),auction_date:gte:2009-01-01&page%5Bsize%5D=10000&page%5Bnumber%5D=1&sort=auction_date",fetched,2026-09-30T10:44:13Z
2026-04-23,13:00,2026-04-23T13:00:00-04:00,2026-04-23T17:00:00Z,12:00,TIPS,5y,original,False,Note,5-Year,5-Year,No,91282CQP9,2026-04-30,2031-04-15,26000000000,25815479000,2188590000,6948000000,16678889000,29272293000,3272286700,1.3670,2.570000,0.084778,2026-04-16,R_20260423_3.pdf,,"https://api.fiscaldata.treasury.gov/services/api/fiscal_service/v1/accounting/od/auctions_query?filter=security_type:in:(Note,Bond),auction_date:gte:2009-01-01&page%5Bsize%5D=10000&page%5Bnumber%5D=1&sort=auction_date",fetched,2026-09-30T10:44:13Z
2026-04-27,11:30,2026-04-27T11:30:00-04:00,2026-04-27T15:30:00Z,11:00,NOMINAL,2y,original,False,Note,2-Year,2-Year,No,91282CQL8,2026-04-30,2028-04-30,69000000000,68334730100,8110420000,21626470100,38597840000,77684221100,8684145700,3.8120,2.650000,0.118687,2026-04-23,R_20260427_1.pdf,NOMINAL-5y@13:00,"https://api.fiscaldata.treasury.gov/services/api/fiscal_service/v1/accounting/od/auctions_query?filter=security_type:in:(Note,Bond),auction_date:gte:2009-01-01&page%5Bsize%5D=10000&page%5Bnumber%5D=1&sort=auction_date",fetched,2026-09-30T10:44:13Z
2026-04-27,13:00,2026-04-27T13:00:00-04:00,2026-04-27T17:00:00Z,12:00,NOMINAL,5y,original,False,Note,5-Year,5-Year,No,91282CQK0,2026-04-30,2031-04-30,70000000000,69875552600,8863489600,10499000000,50513063000,78810010600,8810002900,3.9550,2.330000,0.126847,2026-04-23,R_20260427_4.pdf,NOMINAL-2y@11:30,"https://api.fiscaldata.treasury.gov/services/api/fiscal_service/v1/accounting/od/auctions_query?filter=security_type:in:(Note,Bond),auction_date:gte:2009-01-01&page%5Bsize%5D=10000&page%5Bnumber%5D=1&sort=auction_date",fetched,2026-09-30T10:44:13Z
2026-04-28,11:30,2026-04-28T11:30:00-04:00,2026-04-28T15:30:00Z,11:00,FRN,2y,original,False,Note,2-Year,2-Year,No,91282CQM6,2026-04-30,2028-04-30,30000000000,29968630000,10275610000,0,19693020000,33775865800,3775715600,,3.520000,0.342879,2026-04-23,R_20260428_1.pdf,NOMINAL-7y@13:00,"https://api.fiscaldata.treasury.gov/services/api/fiscal_service/v1/accounting/od/auctions_query?filter=security_type:in:(Note,Bond),auction_date:gte:2009-01-01&page%5Bsize%5D=10000&page%5Bnumber%5D=1&sort=auction_date",fetched,2026-09-30T10:44:13Z
2026-04-28,13:00,2026-04-28T13:00:00-04:00,2026-04-28T17:00:00Z,12:00,NOMINAL,7y,original,False,Note,7-Year,7-Year,No,91282CQN4,2026-04-30,2033-04-30,44000000000,43911881800,5110463800,13177650000,25623768000,49537771700,5537716000,4.1750,2.510000,0.116380,2026-04-23,R_20260428_3.pdf,FRN-2y@11:30,"https://api.fiscaldata.treasury.gov/services/api/fiscal_service/v1/accounting/od/auctions_query?filter=security_type:in:(Note,Bond),auction_date:gte:2009-01-01&page%5Bsize%5D=10000&page%5Bnumber%5D=1&sort=auction_date",fetched,2026-09-30T10:44:13Z
2026-05-11,13:00,2026-05-11T13:00:00-04:00,2026-05-11T17:00:00Z,12:00,NOMINAL,3y,original,False,Note,3-Year,3-Year,No,91282CQR5,2026-05-15,2029-05-15,58000000000,57599404500,9737000000,11600454500,36261950000,71771891400,13771891200,3.9650,2.540000,0.169047,2026-05-06,R_20260511_3.pdf,,"https://api.fiscaldata.treasury.gov/services/api/fiscal_service/v1/accounting/od/auctions_query?filter=security_type:in:(Note,Bond),auction_date:gte:2009-01-01&page%5Bsize%5D=10000&page%5Bnumber%5D=1&sort=auction_date",fetched,2026-09-30T10:44:13Z
2026-05-12,13:00,2026-05-12T13:00:00-04:00,2026-05-12T17:00:00Z,12:00,NOMINAL,10y,original,False,Note,10-Year,10-Year,No,91282CQQ7,2026-05-15,2036-05-15,42000000000,41869018000,5015000000,10078500000,26775518000,51972791100,9972748700,4.4680,2.400000,0.119778,2026-05-06,R_20260512_3.pdf,,"https://api.fiscaldata.treasury.gov/services/api/fiscal_service/v1/accounting/od/auctions_query?filter=security_type:in:(Note,Bond),auction_date:gte:2009-01-01&page%5Bsize%5D=10000&page%5Bnumber%5D=1&sort=auction_date",fetched,2026-09-30T10:44:13Z
2026-05-13,13:00,2026-05-13T13:00:00-04:00,2026-05-13T17:00:00Z,12:00,NOMINAL,30y,original,False,Bond,30-Year,30-Year,No,912810UU0,2026-05-15,2056-05-15,25000000000,24937681600,2907060000,5420900000,16609721600,30936165500,5936159900,5.0460,2.300000,0.116573,2026-05-06,R_20260513_2.pdf,,"https://api.fiscaldata.treasury.gov/services/api/fiscal_service/v1/accounting/od/auctions_query?filter=security_type:in:(Note,Bond),auction_date:gte:2009-01-01&page%5Bsize%5D=10000&page%5Bnumber%5D=1&sort=auction_date",fetched,2026-09-30T10:44:13Z
2026-05-20,13:00,2026-05-20T13:00:00-04:00,2026-05-20T17:00:00Z,12:00,NOMINAL,20y,original,False,Bond,20-Year,20-Year,No,912810UV8,2026-06-01,2046-05-15,16000000000,15829823000,1486006000,3631500000,10712317000,18360688200,2360684500,5.1220,2.550000,0.093874,2026-05-14,R_20260520_2.pdf,,"https://api.fiscaldata.treasury.gov/services/api/fiscal_service/v1/accounting/od/auctions_query?filter=security_type:in:(Note,Bond),auction_date:gte:2009-01-01&page%5Bsize%5D=10000&page%5Bnumber%5D=1&sort=auction_date",fetched,2026-09-30T10:44:13Z
2026-05-21,13:00,2026-05-21T13:00:00-04:00,2026-05-21T17:00:00Z,12:00,TIPS,10y,original,False,Note,9-Year 8-Month,10-Year,Yes,91282CPU9,2026-05-29,2036-01-15,19000000000,18935762000,2107000000,5209700000,11619062000,19000007500,0,2.1690,2.520000,0.111271,2026-05-14,R_20260521_4.pdf,,"https://api.fiscaldata.treasury.gov/services/api/fiscal_service/v1/accounting/od/auctions_query?filter=security_type:in:(Note,Bond),auction_date:gte:2009-01-01&page%5Bsize%5D=10000&page%5Bnumber%5D=1&sort=auction_date",fetched,2026-09-30T10:44:13Z
2026-05-26,13:00,2026-05-26T13:00:00-04:00,2026-05-26T17:00:00Z,12:00,NOMINAL,2y,original,False,Note,2-Year,2-Year,No,91282CQS3,2026-06-01,2028-05-31,69000000000,68274791000,8423268000,20557500000,39294023000,79180503700,10180452200,4.0710,2.640000,0.123373,2026-05-21,R_20260526_4.pdf,,"https://api.fiscaldata.treasury.gov/services/api/fiscal_service/v1/accounting/od/auctions_query?filter=security_type:in:(Note,Bond),auction_date:gte:2009-01-01&page%5Bsize%5D=10000&page%5Bnumber%5D=1&sort=auction_date",fetched,2026-09-30T10:44:13Z
2026-05-27,11:30,2026-05-27T11:30:00-04:00,2026-05-27T15:30:00Z,11:00,FRN,2y,original,False,Note,1-Year 11-Month,2-Year,Yes,91282CQM6,2026-05-29,2028-04-30,28000000000,27979569300,7510000000,200000000,20269569300,28000453000,0,,3.490000,0.268410,2026-05-21,R_20260527_1.pdf,NOMINAL-5y@13:00,"https://api.fiscaldata.treasury.gov/services/api/fiscal_service/v1/accounting/od/auctions_query?filter=security_type:in:(Note,Bond),auction_date:gte:2009-01-01&page%5Bsize%5D=10000&page%5Bnumber%5D=1&sort=auction_date",fetched,2026-09-30T10:44:13Z
2026-05-27,13:00,2026-05-27T13:00:00-04:00,2026-05-27T17:00:00Z,12:00,NOMINAL,5y,original,False,Note,5-Year,5-Year,No,91282CQU8,2026-06-01,2031-05-31,70000000000,69746462500,8929565000,8609059400,52207838100,80328049000,10327995000,4.1820,2.340000,0.128029,2026-05-21,R_20260527_3.pdf,FRN-2y@11:30,"https://api.fiscaldata.treasury.gov/services/api/fiscal_service/v1/accounting/od/auctions_query?filter=security_type:in:(Note,Bond),auction_date:gte:2009-01-01&page%5Bsize%5D=10000&page%5Bnumber%5D=1&sort=auction_date",fetched,2026-09-30T10:44:13Z
2026-05-28,13:00,2026-05-28T13:00:00-04:00,2026-05-28T17:00:00Z,12:00,NOMINAL,7y,original,False,Note,7-Year,7-Year,No,91282CQT1,2026-06-01,2033-05-31,44000000000,43917937100,4575690000,4916350000,34425897100,50491888800,6491882600,4.2900,2.520000,0.104187,2026-05-21,R_20260528_3.pdf,,"https://api.fiscaldata.treasury.gov/services/api/fiscal_service/v1/accounting/od/auctions_query?filter=security_type:in:(Note,Bond),auction_date:gte:2009-01-01&page%5Bsize%5D=10000&page%5Bnumber%5D=1&sort=auction_date",fetched,2026-09-30T10:44:13Z
2026-06-09,13:00,2026-06-09T13:00:00-04:00,2026-06-09T17:00:00Z,12:00,NOMINAL,3y,original,False,Note,3-Year,3-Year,No,91282CQV6,2026-06-15,2029-06-15,58000000000,57733403100,8820528000,12131465100,36781410000,58000019200,0,4.1920,2.640000,0.152780,2026-06-04,R_20260609_3.pdf,,"https://api.fiscaldata.treasury.gov/services/api/fiscal_service/v1/accounting/od/auctions_query?filter=security_type:in:(Note,Bond),auction_date:gte:2009-01-01&page%5Bsize%5D=10000&page%5Bnumber%5D=1&sort=auction_date",fetched,2026-09-30T10:44:13Z
2026-06-10,13:00,2026-06-10T13:00:00-04:00,2026-06-10T17:00:00Z,12:00,NOMINAL,10y,original,False,Note,9-Year 11-Month,10-Year,Yes,91282CQQ7,2026-06-15,2036-05-15,39000000000,38914680400,3683175000,4796000000,30435505400,39000001000,0,4.5380,2.570000,0.094647,2026-06-04,R_20260610_2.pdf,,"https://api.fiscaldata.treasury.gov/services/api/fiscal_service/v1/accounting/od/auctions_query?filter=security_type:in:(Note,Bond),auction_date:gte:2009-01-01&page%5Bsize%5D=10000&page%5Bnumber%5D=1&sort=auction_date",fetched,2026-09-30T10:44:13Z
2026-06-11,13:00,2026-06-11T13:00:00-04:00,2026-06-11T17:00:00Z,12:00,NOMINAL,30y,original,False,Bond,29-Year 11-Month,30-Year,Yes,912810UU0,2026-06-15,2056-05-15,22000000000,21959443000,3237630000,5557100000,13164713000,22000022800,0,5.0200,2.330000,0.147437,2026-06-04,R_20260611_3.pdf,,"https://api.fiscaldata.treasury.gov/services/api/fiscal_service/v1/accounting/od/auctions_query?filter=security_type:in:(Note,Bond),auction_date:gte:2009-01-01&page%5Bsize%5D=10000&page%5Bnumber%5D=1&sort=auction_date",fetched,2026-09-30T10:44:13Z
2026-06-16,13:00,2026-06-16T13:00:00-04:00,2026-06-16T17:00:00Z,12:00,NOMINAL,20y,original,False,Bond,19-Year 11-Month,20-Year,Yes,912810UV8,2026-06-22,2046-05-15,13000000000,12932506400,1097000000,2579248900,9256257500,13000031700,0,4.9270,2.750000,0.084825,2026-06-11,R_20260616_2.pdf,,"https://api.fiscaldata.treasury.gov/services/api/fiscal_service/v1/accounting/od/auctions_query?filter=security_type:in:(Note,Bond),auction_date:gte:2009-01-01&page%5Bsize%5D=10000&page%5Bnumber%5D=1&sort=auction_date",fetched,2026-09-30T10:44:13Z
2026-06-18,13:00,2026-06-18T13:00:00-04:00,2026-06-18T17:00:00Z,12:00,TIPS,5y,original,False,Note,4-Year 10-Month,5-Year,Yes,91282CQP9,2026-06-30,2031-04-15,24000000000,23914250000,819075000,6693500000,16401675000,27592591700,3592589300,1.9550,2.610000,0.034250,2026-06-11,R_20260618_3.pdf,,"https://api.fiscaldata.treasury.gov/services/api/fiscal_service/v1/accounting/od/auctions_query?filter=security_type:in:(Note,Bond),auction_date:gte:2009-01-01&page%5Bsize%5D=10000&page%5Bnumber%5D=1&sort=auction_date",fetched,2026-09-30T10:44:13Z
2026-06-23,13:00,2026-06-23T13:00:00-04:00,2026-06-23T17:00:00Z,12:00,NOMINAL,2y,original,False,Note,2-Year,2-Year,No,91282CQY0,2026-06-30,2028-06-30,69000000000,68035905000,6966490000,23343000000,37726415000,79328705800,10328694400,4.1890,2.640000,0.102394,2026-06-18,R_20260623_2.pdf,,"https://api.fiscaldata.treasury.gov/services/api/fiscal_service/v1/accounting/od/auctions_query?filter=security_type:in:(Note,Bond),auction_date:gte:2009-01-01&page%5Bsize%5D=10000&page%5Bnumber%5D=1&sort=auction_date",fetched,2026-09-30T10:44:13Z
2026-06-24,11:30,2026-06-24T11:30:00-04:00,2026-06-24T15:30:00Z,11:00,FRN,2y,original,False,Note,1-Year 10-Month,2-Year,Yes,91282CQM6,2026-06-26,2028-04-30,28000000000,27981075000,9331175000,0,18649900000,28000162200,0,,2.990000,0.333482,2026-06-18,R_20260624_2.pdf,NOMINAL-5y@13:00,"https://api.fiscaldata.treasury.gov/services/api/fiscal_service/v1/accounting/od/auctions_query?filter=security_type:in:(Note,Bond),auction_date:gte:2009-01-01&page%5Bsize%5D=10000&page%5Bnumber%5D=1&sort=auction_date",fetched,2026-09-30T10:44:13Z
2026-06-24,13:00,2026-06-24T13:00:00-04:00,2026-06-24T17:00:00Z,12:00,NOMINAL,5y,original,False,Note,5-Year,5-Year,No,91282CQX2,2026-06-30,2031-06-30,70000000000,69854999700,9006347500,17820350000,43028302200,80478403400,10478385600,4.2000,2.350000,0.128929,2026-06-18,R_20260624_3.pdf,FRN-2y@11:30,"https://api.fiscaldata.treasury.gov/services/api/fiscal_service/v1/accounting/od/auctions_query?filter=security_type:in:(Note,Bond),auction_date:gte:2009-01-01&page%5Bsize%5D=10000&page%5Bnumber%5D=1&sort=auction_date",fetched,2026-09-30T10:44:13Z
2026-06-25,13:00,2026-06-25T13:00:00-04:00,2026-06-25T17:00:00Z,12:00,NOMINAL,7y,original,False,Note,7-Year,7-Year,No,91282CQW4,2026-06-30,2033-06-30,44000000000,43927162000,5600837000,13044711000,25281614000,50586437400,6586413700,4.2600,2.500000,0.127503,2026-06-18,R_20260625_3.pdf,,"https://api.fiscaldata.treasury.gov/services/api/fiscal_service/v1/accounting/od/auctions_query?filter=security_type:in:(Note,Bond),auction_date:gte:2009-01-01&page%5Bsize%5D=10000&page%5Bnumber%5D=1&sort=auction_date",fetched,2026-09-30T10:44:13Z
2026-07-07,13:00,2026-07-07T13:00:00-04:00,2026-07-07T17:00:00Z,12:00,NOMINAL,3y,original,False,Note,3-Year,3-Year,No,91282CQZ7,2026-07-15,2029-07-15,58000000000,57799547000,4474629500,14308250000,39016667500,64031643800,6031635400,4.1790,2.600000,0.077416,2026-07-02,R_20260707_3.pdf,,"https://api.fiscaldata.treasury.gov/services/api/fiscal_service/v1/accounting/od/auctions_query?filter=security_type:in:(Note,Bond),auction_date:gte:2009-01-01&page%5Bsize%5D=10000&page%5Bnumber%5D=1&sort=auction_date",fetched,2026-09-30T10:44:13Z
2026-07-08,13:00,2026-07-08T13:00:00-04:00,2026-07-08T17:00:00Z,12:00,NOMINAL,10y,original,False,Note,9-Year 10-Month,10-Year,Yes,91282CQQ7,2026-07-15,2036-05-15,39000000000,38923847700,3027415300,4175493900,31720938500,43055875200,4055754800,4.5800,2.590000,0.077778,2026-07-02,R_20260708_2.pdf,,"https://api.fiscaldata.treasury.gov/services/api/fiscal_service/v1/accounting/od/auctions_query?filter=security_type:in:(Note,Bond),auction_date:gte:2009-01-01&page%5Bsize%5D=10000&page%5Bnumber%5D=1&sort=auction_date",fetched,2026-09-30T10:44:13Z
2026-07-09,13:00,2026-07-09T13:00:00-04:00,2026-07-09T17:00:00Z,12:00,NOMINAL,30y,original,False,Bond,29-Year 10-Month,30-Year,Yes,912810UU0,2026-07-15,2056-05-15,22000000000,21951364800,2206260000,2679847800,17065257000,24287893700,2287861600,5.0580,2.440000,0.100507,2026-07-02,R_20260709_3.pdf,,"https://api.fiscaldata.treasury.gov/services/api/fiscal_service/v1/accounting/od/auctions_query?filter=security_type:in:(Note,Bond),auction_date:gte:2009-01-01&page%5Bsize%5D=10000&page%5Bnumber%5D=1&sort=auction_date",fetched,2026-09-30T10:44:13Z
2026-07-22,13:00,2026-07-22T13:00:00-04:00,2026-07-22T17:00:00Z,12:00,NOMINAL,20y,original,False,Bond,19-Year 10-Month,20-Year,Yes,912810UV8,2026-07-24,2046-05-15,13000000000,12881600000,1889130000,2088500000,8903970000,13000008500,0,5.1630,2.640000,0.146653,2026-07-16,R_20260722_2.pdf,,"https://api.fiscaldata.treasury.gov/services/api/fiscal_service/v1/accounting/od/auctions_query?filter=security_type:in:(Note,Bond),auction_date:gte:2009-01-01&page%5Bsize%5D=10000&page%5Bnumber%5D=1&sort=auction_date",fetched,2026-09-30T10:44:13Z
2026-07-23,13:00,2026-07-23T13:00:00-04:00,2026-07-23T17:00:00Z,12:00,TIPS,10y,original,False,Note,10-Year,10-Year,No,91282CRE3,2026-07-31,2036-07-15,21000000000,20863290000,2056940000,5212500000,13593850000,23321784700,2321783700,2.4380,2.300000,0.098591,2026-07-16,R_20260723_3.pdf,,"https://api.fiscaldata.treasury.gov/services/api/fiscal_service/v1/accounting/od/auctions_query?filter=security_type:in:(Note,Bond),auction_date:gte:2009-01-01&page%5Bsize%5D=10000&page%5Bnumber%5D=1&sort=auction_date",fetched,2026-09-30T10:44:13Z
2026-07-27,11:30,2026-07-27T11:30:00-04:00,2026-07-27T15:30:00Z,11:00,NOMINAL,2y,original,False,Note,2-Year,2-Year,No,91282CRB9,2026-07-31,2028-07-31,69000000000,67776042400,6340843200,23080167200,38355032000,76628842100,7628718200,4.3150,2.660000,0.093556,2026-07-23,R_20260727_2.pdf,NOMINAL-5y@13:00,"https://api.fiscaldata.treasury.gov/services/api/fiscal_service/v1/accounting/od/auctions_query?filter=security_type:in:(Note,Bond),auction_date:gte:2009-01-01&page%5Bsize%5D=10000&page%5Bnumber%5D=1&sort=auction_date",fetched,2026-09-30T10:44:13Z
2026-07-27,13:00,2026-07-27T13:00:00-04:00,2026-07-27T17:00:00Z,12:00,NOMINAL,5y,original,False,Note,5-Year,5-Year,No,91282CRA1,2026-07-31,2031-07-31,70000000000,69805215000,9447710000,19003000000,41354505000,77739280900,7739279400,4.4080,2.280000,0.135344,2026-07-23,R_20260727_3.pdf,NOMINAL-2y@11:30,"https://api.fiscaldata.treasury.gov/services/api/fiscal_service/v1/accounting/od/auctions_query?filter=security_type:in:(Note,Bond),auction_date:gte:2009-01-01&page%5Bsize%5D=10000&page%5Bnumber%5D=1&sort=auction_date",fetched,2026-09-30T10:44:13Z
2026-07-28,13:00,2026-07-28T13:00:00-04:00,2026-07-28T17:00:00Z,12:00,NOMINAL,7y,original,False,Note,7-Year,7-Year,No,91282CRC7,2026-07-31,2033-07-31,44000000000,43909474000,5694510000,7413000000,30801964000,48864691000,4864689800,4.4730,2.490000,0.129688,2026-07-23,R_20260728_2.pdf,,"https://api.fiscaldata.treasury.gov/services/api/fiscal_service/v1/accounting/od/auctions_query?filter=security_type:in:(Note,Bond),auction_date:gte:2009-01-01&page%5Bsize%5D=10000&page%5Bnumber%5D=1&sort=auction_date",fetched,2026-09-30T10:44:13Z
2026-07-29,11:30,2026-07-29T11:30:00-04:00,2026-07-29T15:30:00Z,11:00,FRN,2y,original,False,Note,2-Year,2-Year,No,91282CRD5,2026-07-31,2028-07-31,30000000000,29962331400,11018200000,818200,18943313200,33317226800,3316834000,,3.370000,0.367735,2026-07-23,R_20260729_1.pdf,,"https://api.fiscaldata.treasury.gov/services/api/fiscal_service/v1/accounting/od/auctions_query?filter=security_type:in:(Note,Bond),auction_date:gte:2009-01-01&page%5Bsize%5D=10000&page%5Bnumber%5D=1&sort=auction_date",fetched,2026-09-30T10:44:13Z
2026-08-11,13:00,2026-08-11T13:00:00-04:00,2026-08-11T17:00:00Z,12:00,NOMINAL,3y,original,False,Note,3-Year,3-Year,No,91282CRG8,2026-08-17,2029-08-15,58000000000,57400241500,6739521500,13788100000,36872620000,72670580300,14670563200,4.2910,2.710000,0.117413,2026-08-05,R_20260811_2.pdf,,"https://api.fiscaldata.treasury.gov/services/api/fiscal_service/v1/accounting/od/auctions_query?filter=security_type:in:(Note,Bond),auction_date:gte:2009-01-01&page%5Bsize%5D=10000&page%5Bnumber%5D=1&sort=auction_date",fetched,2026-09-30T10:44:13Z
2026-08-12,13:00,2026-08-12T13:00:00-04:00,2026-08-12T17:00:00Z,12:00,NOMINAL,10y,original,False,Note,10-Year,10-Year,No,91282CRF0,2026-08-17,2036-08-15,42000000000,41821613600,3597810000,6135867600,32087936000,52623557100,10623511200,4.6830,2.530000,0.086028,2026-08-05,R_20260812_2.pdf,,"https://api.fiscaldata.treasury.gov/services/api/fiscal_service/v1/accounting/od/auctions_query?filter=security_type:in:(Note,Bond),auction_date:gte:2009-01-01&page%5Bsize%5D=10000&page%5Bnumber%5D=1&sort=auction_date",fetched,2026-09-30T10:44:13Z
2026-08-13,13:00,2026-08-13T13:00:00-04:00,2026-08-13T17:00:00Z,12:00,NOMINAL,30y,original,False,Bond,30-Year,30-Year,No,912810UW6,2026-08-17,2056-08-15,25000000000,24904608000,2866735000,5390150000,16647723000,31323533800,6323518500,5.2160,2.390000,0.115109,2026-08-05,R_20260813_3.pdf,,"https://api.fiscaldata.treasury.gov/services/api/fiscal_service/v1/accounting/od/auctions_query?filter=security_type:in:(Note,Bond),auction_date:gte:2009-01-01&page%5Bsize%5D=10000&page%5Bnumber%5D=1&sort=auction_date",fetched,2026-09-30T10:44:13Z
2026-08-19,13:00,2026-08-19T13:00:00-04:00,2026-08-19T17:00:00Z,12:00,NOMINAL,20y,original,False,Bond,20-Year,20-Year,No,912810UX4,2026-08-31,2046-08-15,16000000000,15809192000,1974395000,3886857900,9947939100,18056928100,2056891600,5.2040,2.530000,0.124889,2026-08-13,R_20260819_2.pdf,,"https://api.fiscaldata.treasury.gov/services/api/fiscal_service/v1/accounting/od/auctions_query?filter=security_type:in:(Note,Bond),auction_date:gte:2009-01-01&page%5Bsize%5D=10000&page%5Bnumber%5D=1&sort=auction_date",fetched,2026-09-30T10:44:13Z
2026-08-20,13:00,2026-08-20T13:00:00-04:00,2026-08-20T17:00:00Z,12:00,TIPS,30y,original,False,Bond,29-Year 6-Month,30-Year,Yes,912810US5,2026-08-31,2056-02-15,8000000000,7942741400,167000000,1068130000,6707611400,9028453400,1028445800,2.9730,2.820000,0.021025,2026-08-13,R_20260820_3.pdf,,"https://api.fiscaldata.treasury.gov/services/api/fiscal_service/v1/accounting/od/auctions_query?filter=security_type:in:(Note,Bond),auction_date:gte:2009-01-01&page%5Bsize%5D=10000&page%5Bnumber%5D=1&sort=auction_date",fetched,2026-09-30T10:44:13Z
2026-08-25,13:00,2026-08-25T13:00:00-04:00,2026-08-25T17:00:00Z,12:00,NOMINAL,2y,original,False,Note,2-Year,2-Year,No,91282CRH6,2026-08-31,2028-08-31,69000000000,68107241800,7421560000,15727302400,44958379400,77870538900,8870345200,4.2040,2.600000,0.108969,2026-08-20,R_20260825_2.pdf,,"https://api.fiscaldata.treasury.gov/services/api/fiscal_service/v1/accounting/od/auctions_query?filter=security_type:in:(Note,Bond),auction_date:gte:2009-01-01&page%5Bsize%5D=10000&page%5Bnumber%5D=1&sort=auction_date",fetched,2026-09-30T10:44:13Z
2026-08-26,11:30,2026-08-26T11:30:00-04:00,2026-08-26T15:30:00Z,11:00,FRN,2y,original,False,Note,1-Year 11-Month,2-Year,Yes,91282CRD5,2026-08-28,2028-07-31,28000000000,27986314200,9258861200,100000000,18627453000,28000010700,0,,3.140000,0.330835,2026-08-20,R_20260826_2.pdf,NOMINAL-5y@13:00,"https://api.fiscaldata.treasury.gov/services/api/fiscal_service/v1/accounting/od/auctions_query?filter=security_type:in:(Note,Bond),auction_date:gte:2009-01-01&page%5Bsize%5D=10000&page%5Bnumber%5D=1&sort=auction_date",fetched,2026-09-30T10:44:13Z
2026-08-26,13:00,2026-08-26T13:00:00-04:00,2026-08-26T17:00:00Z,12:00,NOMINAL,5y,original,False,Note,5-Year,5-Year,No,91282CRK9,2026-08-31,2031-08-31,70000000000,69797539000,7013610000,19848750000,42935179000,78998947800,8998900900,4.3930,2.370000,0.100485,2026-08-20,R_20260826_3.pdf,FRN-2y@11:30,"https://api.fiscaldata.treasury.gov/services/api/fiscal_service/v1/accounting/od/auctions_query?filter=security_type:in:(Note,Bond),auction_date:gte:2009-01-01&page%5Bsize%5D=10000&page%5Bnumber%5D=1&sort=auction_date",fetched,2026-09-30T10:44:13Z
2026-08-27,13:00,2026-08-27T13:00:00-04:00,2026-08-27T17:00:00Z,12:00,NOMINAL,7y,original,False,Note,7-Year,7-Year,No,91282CRJ2,2026-08-31,2033-08-31,44000000000,43893808500,5383187500,11833130000,26677491000,49656567600,5656451900,4.5120,2.500000,0.122641,2026-08-20,R_20260827_3.pdf,,"https://api.fiscaldata.treasury.gov/services/api/fiscal_service/v1/accounting/od/auctions_query?filter=security_type:in:(Note,Bond),auction_date:gte:2009-01-01&page%5Bsize%5D=10000&page%5Bnumber%5D=1&sort=auction_date",fetched,2026-09-30T10:44:13Z
2026-09-08,13:00,2026-09-08T13:00:00-04:00,2026-09-08T17:00:00Z,12:00,NOMINAL,3y,original,False,Note,3-Year,3-Year,No,91282CRL7,2026-09-15,2029-09-15,58000000000,57619163700,6285000000,15525163700,35809000000,58000088800,0,4.4740,2.720000,0.109078,2026-09-03,R_20260908_3.pdf,,"https://api.fiscaldata.treasury.gov/services/api/fiscal_service/v1/accounting/od/auctions_query?filter=security_type:in:(Note,Bond),auction_date:gte:2009-01-01&page%5Bsize%5D=10000&page%5Bnumber%5D=1&sort=auction_date",fetched,2026-09-30T10:44:13Z
2026-09-09,13:00,2026-09-09T13:00:00-04:00,2026-09-09T17:00:00Z,12:00,NOMINAL,10y,original,False,Note,9-Year 11-Month,10-Year,Yes,91282CRF0,2026-09-15,2036-08-15,39000000000,38901890000,1677000000,6420800000,30804090000,39000040000,0,4.8340,2.710000,0.043108,2026-09-03,R_20260909_2.pdf,,"https://api.fiscaldata.treasury.gov/services/api/fiscal_service/v1/accounting/od/auctions_query?filter=security_type:in:(Note,Bond),auction_date:gte:2009-01-01&page%5Bsize%5D=10000&page%5Bnumber%5D=1&sort=auction_date",fetched,2026-09-30T10:44:13Z
2026-09-10,13:00,2026-09-10T13:00:00-04:00,2026-09-10T17:00:00Z,12:00,NOMINAL,30y,original,False,Bond,29-Year 11-Month,30-Year,Yes,912810UW6,2026-09-15,2056-08-15,22000000000,21957470500,484800000,4019900000,17452770500,22000024000,0,5.3080,2.610000,0.022079,2026-09-03,R_20260910_3.pdf,,"https://api.fiscaldata.treasury.gov/services/api/fiscal_service/v1/accounting/od/auctions_query?filter=security_type:in:(Note,Bond),auction_date:gte:2009-01-01&page%5Bsize%5D=10000&page%5Bnumber%5D=1&sort=auction_date",fetched,2026-09-30T10:44:13Z
2026-09-15,13:00,2026-09-15T13:00:00-04:00,2026-09-15T17:00:00Z,12:00,NOMINAL,20y,original,False,Bond,19-Year 11-Month,20-Year,Yes,912810UX4,2026-09-18,2046-08-15,13000000000,12914903200,2176481000,3962584000,6775838200,13000008600,0,5.4200,2.570000,0.168525,2026-09-10,R_20260915_2.pdf,,"https://api.fiscaldata.treasury.gov/services/api/fiscal_service/v1/accounting/od/auctions_query?filter=security_type:in:(Note,Bond),auction_date:gte:2009-01-01&page%5Bsize%5D=10000&page%5Bnumber%5D=1&sort=auction_date",fetched,2026-09-30T10:44:13Z
2026-09-17,13:00,2026-09-17T13:00:00-04:00,2026-09-17T17:00:00Z,12:00,TIPS,10y,original,False,Note,9-Year 10-Month,10-Year,Yes,91282CRE3,2026-09-30,2036-07-15,19000000000,18883984000,2300024000,5419000000,11164960000,21860454000,2860448000,2.6530,2.240000,0.121798,2026-09-10,R_20260917_3.pdf,,"https://api.fiscaldata.treasury.gov/services/api/fiscal_service/v1/accounting/od/auctions_query?filter=security_type:in:(Note,Bond),auction_date:gte:2009-01-01&page%5Bsize%5D=10000&page%5Bnumber%5D=1&sort=auction_date",fetched,2026-09-30T10:44:13Z
2026-09-22,13:00,2026-09-22T13:00:00-04:00,2026-09-22T17:00:00Z,12:00,NOMINAL,2y,original,False,Note,2-Year,2-Year,No,91282CRP8,2026-09-30,2028-09-30,69000000000,67685935200,8928390000,19641219200,39116326000,79388014800,10387942900,4.7870,2.630000,0.131909,2026-09-17,R_20260922_2.pdf,,"https://api.fiscaldata.treasury.gov/services/api/fiscal_service/v1/accounting/od/auctions_query?filter=security_type:in:(Note,Bond),auction_date:gte:2009-01-01&page%5Bsize%5D=10000&page%5Bnumber%5D=1&sort=auction_date",fetched,2026-09-30T10:44:13Z
2026-09-23,11:30,2026-09-23T11:30:00-04:00,2026-09-23T15:30:00Z,11:00,FRN,2y,original,False,Note,1-Year 10-Month,2-Year,Yes,91282CRD5,2026-09-25,2028-07-31,28000000000,27989762500,11451850000,0,16537912500,28000087000,0,,2.630000,0.409144,2026-09-17,R_20260923_2.pdf,NOMINAL-5y@13:00,"https://api.fiscaldata.treasury.gov/services/api/fiscal_service/v1/accounting/od/auctions_query?filter=security_type:in:(Note,Bond),auction_date:gte:2009-01-01&page%5Bsize%5D=10000&page%5Bnumber%5D=1&sort=auction_date",fetched,2026-09-30T10:44:13Z
2026-09-23,13:00,2026-09-23T13:00:00-04:00,2026-09-23T17:00:00Z,12:00,NOMINAL,5y,original,False,Note,5-Year,5-Year,No,91282CRN3,2026-09-30,2031-09-30,70000000000,69668682000,10990000000,20841600000,37837082000,80538513000,10538492700,5.0330,2.210000,0.157747,2026-09-17,R_20260923_3.pdf,FRN-2y@11:30,"https://api.fiscaldata.treasury.gov/services/api/fiscal_service/v1/accounting/od/auctions_query?filter=security_type:in:(Note,Bond),auction_date:gte:2009-01-01&page%5Bsize%5D=10000&page%5Bnumber%5D=1&sort=auction_date",fetched,2026-09-30T10:44:13Z
2026-09-24,13:00,2026-09-24T13:00:00-04:00,2026-09-24T17:00:00Z,12:00,NOMINAL,7y,original,False,Note,7-Year,7-Year,No,91282CRM5,2026-09-30,2033-09-30,44000000000,43480804500,5447550000,13163710000,24869544500,50624250500,6624195400,5.0850,2.420000,0.125286,2026-09-17,R_20260924_3.pdf,,"https://api.fiscaldata.treasury.gov/services/api/fiscal_service/v1/accounting/od/auctions_query?filter=security_type:in:(Note,Bond),auction_date:gte:2009-01-01&page%5Bsize%5D=10000&page%5Bnumber%5D=1&sort=auction_date",fetched,2026-09-30T10:44:13Z
