ticker,field,value,period_start,period_end,as_of,form,accession,url,locator,quote,fetched_utc
SPXL,net_assets,552931257,2014-10-31,2014-10-31,2014-10-31,N-CSR,0001104659-16-087689,https://www.sec.gov/Archives/edgar/data/1424958/000110465916087689/a15-22514_1ncsr.htm,"Statement of Changes in Net Assets; row 'Beginning of year'; column 1 of 4 (SPXL, Year Ended October 31, 2015)","Beginning of year 552,931,257",2026-09-27T19:14:31Z
SPXL,net_assets,552931257,2014-10-31,2014-10-31,2014-10-31,N-CSRS,0001193125-15-242918,https://www.sec.gov/Archives/edgar/data/1424958/000119312515242918/d932862dncsrs.htm,"Statement of Changes in Net Assets; row 'Beginning of period/year'; column 1 of 4 (SPXL, Six Months Ended April 30, 2015)","Beginning of period/year 552,931,257",2026-09-27T19:19:46Z
SPXL,distributions_usd,0,2014-11-01,2015-04-30,2015-04-30,N-CSRS,0001193125-15-242918,https://www.sec.gov/Archives/edgar/data/1424958/000119312515242918/d932862dncsrs.htm,"Statement of Changes in Net Assets; row 'Distributions to shareholders:' (all dashes); column 1 of 4 (SPXL, Six Months Ended April 30, 2015)",Distributions to shareholders: — — — —,2026-09-27T19:19:46Z
SPXL,net_assets,517339859,2015-04-30,2015-04-30,2015-04-30,N-CSRS,0001193125-15-242918,https://www.sec.gov/Archives/edgar/data/1424958/000119312515242918/d932862dncsrs.htm,"Statement of Assets and Liabilities April 30, 2015; row 'Net Assets' (first); column 3 of 4 (SPXL)","Net Assets $ 74,766,504 $ 8,035,500 $ 517,339,859",2026-09-27T19:19:46Z
SPXL,net_assets,517339859,2015-04-30,2015-04-30,2015-04-30,N-CSRS,0001193125-15-242918,https://www.sec.gov/Archives/edgar/data/1424958/000119312515242918/d932862dncsrs.htm,"Statement of Changes in Net Assets; row 'End of period/year'; column 1 of 4 (SPXL, Six Months Ended April 30, 2015)","End of period/year $ 517,339,859",2026-09-27T19:19:46Z
SPXL,operations_usd,73457291,2014-11-01,2015-04-30,2015-04-30,N-CSRS,0001193125-15-242918,https://www.sec.gov/Archives/edgar/data/1424958/000119312515242918/d932862dncsrs.htm,"Statement of Changes in Net Assets; row 'Net increase (decrease) in net assets resulting from operations'; column 1 of 4 (SPXL, Six Months Ended April 30, 2015)","Net increase (decrease) in net assets resulting from operations 73,457,291",2026-09-27T19:19:46Z
SPXL,payable_shares_redeemed_usd,0,2015-04-30,2015-04-30,2015-04-30,N-CSRS,0001193125-15-242918,https://www.sec.gov/Archives/edgar/data/1424958/000119312515242918/d932862dncsrs.htm,"Statement of Assets and Liabilities April 30, 2015; row 'Payable for Fund shares redeemed'; column 3 of 4 (SPXL)","Payable for Fund shares redeemed 138,843 — —",2026-09-27T19:19:46Z
SPXL,receivable_shares_sold_usd,96433,2015-04-30,2015-04-30,2015-04-30,N-CSRS,0001193125-15-242918,https://www.sec.gov/Archives/edgar/data/1424958/000119312515242918/d932862dncsrs.htm,"Statement of Assets and Liabilities April 30, 2015; row 'Receivable for Fund shares sold'; column 3 of 4 (SPXL)","Receivable for Fund shares sold — — 96,433",2026-09-27T19:19:46Z
SPXL,redemptions_usd,-379418967,2014-11-01,2015-04-30,2015-04-30,N-CSRS,0001193125-15-242918,https://www.sec.gov/Archives/edgar/data/1424958/000119312515242918/d932862dncsrs.htm,"Statement of Changes in Net Assets; row 'Cost of shares redeemed'; column 1 of 4 (SPXL, Six Months Ended April 30, 2015)","Cost of shares redeemed (379,418,967 )",2026-09-27T19:19:46Z
SPXL,sales_usd,270291632,2014-11-01,2015-04-30,2015-04-30,N-CSRS,0001193125-15-242918,https://www.sec.gov/Archives/edgar/data/1424958/000119312515242918/d932862dncsrs.htm,"Statement of Changes in Net Assets; row 'Proceeds from shares sold'; column 1 of 4 (SPXL, Six Months Ended April 30, 2015)","Proceeds from shares sold 270,291,632",2026-09-27T19:19:46Z
SPXL,shares_redeemed,-4200000,2014-11-01,2015-04-30,2015-04-30,N-CSRS,0001193125-15-242918,https://www.sec.gov/Archives/edgar/data/1424958/000119312515242918/d932862dncsrs.htm,"Statement of Changes in Net Assets; row 'Shares repurchased'; column 1 of 4 (SPXL, Six Months Ended April 30, 2015)","Shares repurchased (4,200,000 )",2026-09-27T19:19:46Z
SPXL,shares_sold,3200000,2014-11-01,2015-04-30,2015-04-30,N-CSRS,0001193125-15-242918,https://www.sec.gov/Archives/edgar/data/1424958/000119312515242918/d932862dncsrs.htm,"Statement of Changes in Net Assets; row 'Shares sold'; column 1 of 4 (SPXL, Six Months Ended April 30, 2015)","Shares sold 3,200,000",2026-09-27T19:19:46Z
SPXL,transaction_fees_usd,78646,2014-11-01,2015-04-30,2015-04-30,N-CSRS,0001193125-15-242918,https://www.sec.gov/Archives/edgar/data/1424958/000119312515242918/d932862dncsrs.htm,"Statement of Changes in Net Assets; row 'Transaction fees'; column 1 of 4 (SPXL, Six Months Ended April 30, 2015)","Transaction fees 78,646",2026-09-27T19:19:46Z
SPXL,month_redemptions_usd,34391000,2014-11-01,2014-11-30,2015-04-30,NSAR-A,0001325358-15-000636,https://www.sec.gov/Archives/edgar/data/1424958/000132535815000636/answer.fil,"N-SAR series 01 = item 7C '007 C020100 DIREXION DAILY S&P 500 BULL 3X SHARES'; item 28A (month 1 of 6) column 04 = total NAV of shares redeemed, $000s",028 A040100 34391,2026-09-27T19:19:11Z
SPXL,month_redemptions_usd,26961000,2014-12-01,2014-12-31,2015-04-30,NSAR-A,0001325358-15-000636,https://www.sec.gov/Archives/edgar/data/1424958/000132535815000636/answer.fil,"N-SAR series 01 = item 7C '007 C020100 DIREXION DAILY S&P 500 BULL 3X SHARES'; item 28B (month 2 of 6) column 04 = total NAV of shares redeemed, $000s",028 B040100 26961,2026-09-27T19:19:11Z
SPXL,month_redemptions_usd,21946000,2015-01-01,2015-01-31,2015-04-30,NSAR-A,0001325358-15-000636,https://www.sec.gov/Archives/edgar/data/1424958/000132535815000636/answer.fil,"N-SAR series 01 = item 7C '007 C020100 DIREXION DAILY S&P 500 BULL 3X SHARES'; item 28C (month 3 of 6) column 04 = total NAV of shares redeemed, $000s",028 C040100 21946,2026-09-27T19:19:11Z
SPXL,month_redemptions_usd,124168000,2015-02-01,2015-02-28,2015-04-30,NSAR-A,0001325358-15-000636,https://www.sec.gov/Archives/edgar/data/1424958/000132535815000636/answer.fil,"N-SAR series 01 = item 7C '007 C020100 DIREXION DAILY S&P 500 BULL 3X SHARES'; item 28D (month 4 of 6) column 04 = total NAV of shares redeemed, $000s",028 D040100 124168,2026-09-27T19:19:11Z
SPXL,month_redemptions_usd,60272000,2015-03-01,2015-03-31,2015-04-30,NSAR-A,0001325358-15-000636,https://www.sec.gov/Archives/edgar/data/1424958/000132535815000636/answer.fil,"N-SAR series 01 = item 7C '007 C020100 DIREXION DAILY S&P 500 BULL 3X SHARES'; item 28E (month 5 of 6) column 04 = total NAV of shares redeemed, $000s",028 E040100 60272,2026-09-27T19:19:11Z
SPXL,month_redemptions_usd,111681000,2015-04-01,2015-04-30,2015-04-30,NSAR-A,0001325358-15-000636,https://www.sec.gov/Archives/edgar/data/1424958/000132535815000636/answer.fil,"N-SAR series 01 = item 7C '007 C020100 DIREXION DAILY S&P 500 BULL 3X SHARES'; item 28F (month 6 of 6) column 04 = total NAV of shares redeemed, $000s",028 F040100 111681,2026-09-27T19:19:11Z
SPXL,month_sales_usd,8926000,2014-11-01,2014-11-30,2015-04-30,NSAR-A,0001325358-15-000636,https://www.sec.gov/Archives/edgar/data/1424958/000132535815000636/answer.fil,"N-SAR series 01 = item 7C '007 C020100 DIREXION DAILY S&P 500 BULL 3X SHARES'; item 28A (month 1 of 6) column 01 = total NAV of shares sold, $000s",028 A010100 8926,2026-09-27T19:19:11Z
SPXL,month_sales_usd,73925000,2014-12-01,2014-12-31,2015-04-30,NSAR-A,0001325358-15-000636,https://www.sec.gov/Archives/edgar/data/1424958/000132535815000636/answer.fil,"N-SAR series 01 = item 7C '007 C020100 DIREXION DAILY S&P 500 BULL 3X SHARES'; item 28B (month 2 of 6) column 01 = total NAV of shares sold, $000s",028 B010100 73925,2026-09-27T19:19:11Z
SPXL,month_sales_usd,91140000,2015-01-01,2015-01-31,2015-04-30,NSAR-A,0001325358-15-000636,https://www.sec.gov/Archives/edgar/data/1424958/000132535815000636/answer.fil,"N-SAR series 01 = item 7C '007 C020100 DIREXION DAILY S&P 500 BULL 3X SHARES'; item 28C (month 3 of 6) column 01 = total NAV of shares sold, $000s",028 C010100 91140,2026-09-27T19:19:11Z
SPXL,month_sales_usd,12401000,2015-02-01,2015-02-28,2015-04-30,NSAR-A,0001325358-15-000636,https://www.sec.gov/Archives/edgar/data/1424958/000132535815000636/answer.fil,"N-SAR series 01 = item 7C '007 C020100 DIREXION DAILY S&P 500 BULL 3X SHARES'; item 28D (month 4 of 6) column 01 = total NAV of shares sold, $000s",028 D010100 12401,2026-09-27T19:19:11Z
SPXL,month_sales_usd,52371000,2015-03-01,2015-03-31,2015-04-30,NSAR-A,0001325358-15-000636,https://www.sec.gov/Archives/edgar/data/1424958/000132535815000636/answer.fil,"N-SAR series 01 = item 7C '007 C020100 DIREXION DAILY S&P 500 BULL 3X SHARES'; item 28E (month 5 of 6) column 01 = total NAV of shares sold, $000s",028 E010100 52371,2026-09-27T19:19:11Z
SPXL,month_sales_usd,31607000,2015-04-01,2015-04-30,2015-04-30,NSAR-A,0001325358-15-000636,https://www.sec.gov/Archives/edgar/data/1424958/000132535815000636/answer.fil,"N-SAR series 01 = item 7C '007 C020100 DIREXION DAILY S&P 500 BULL 3X SHARES'; item 28F (month 6 of 6) column 01 = total NAV of shares sold, $000s",028 F010100 31607,2026-09-27T19:19:11Z
SPXL,net_assets,517340000,2015-04-30,2015-04-30,2015-04-30,NSAR-A,0001325358-15-000636,https://www.sec.gov/Archives/edgar/data/1424958/000132535815000636/answer.fil,"N-SAR series 01 = item 7C '007 C020100 DIREXION DAILY S&P 500 BULL 3X SHARES'; item 74T net assets, $000s",074 T000100 517340,2026-09-27T19:19:11Z
SPXL,net_assets,574270145,2015-10-31,2015-10-31,2015-10-31,N-CSR,0001104659-16-087689,https://www.sec.gov/Archives/edgar/data/1424958/000110465916087689/a15-22514_1ncsr.htm,"Statement of Assets and Liabilities October 31, 2015; row 'Net Assets' (first); column 3 of 4 (SPXL)","Net Assets $ 69,465,841 $ 11,227,331 $ 574,270,145",2026-09-27T19:14:31Z
SPXL,net_assets,574270145,2015-10-31,2015-10-31,2015-10-31,N-CSR,0001104659-17-000187,https://www.sec.gov/Archives/edgar/data/1424958/000110465917000187/a16-20396_1ncsr.htm,"Statement of Changes in Net Assets; row 'Beginning of year'; column 1 of 4 (SPXL, Year Ended October 31, 2016)","Beginning of year 574,270,145",2026-09-27T19:15:36Z
SPXL,net_assets,574270145,2015-10-31,2015-10-31,2015-10-31,N-CSR,0001104659-16-087689,https://www.sec.gov/Archives/edgar/data/1424958/000110465916087689/a15-22514_1ncsr.htm,"Statement of Changes in Net Assets; row 'End of year'; column 1 of 4 (SPXL, Year Ended October 31, 2015)","End of year $ 574,270,145",2026-09-27T19:14:31Z
SPXL,operations_usd,101749292,2014-11-01,2015-10-31,2015-10-31,N-CSR,0001104659-16-087689,https://www.sec.gov/Archives/edgar/data/1424958/000110465916087689/a15-22514_1ncsr.htm,"Statement of Changes in Net Assets; row 'Net increase (decrease) in net assets resulting from operations'; column 1 of 4 (SPXL, Year Ended October 31, 2015)","Net increase (decrease) in net assets resulting from operations 101,749,292",2026-09-27T19:14:31Z
SPXL,payable_shares_redeemed_usd,36529,2015-10-31,2015-10-31,2015-10-31,N-CSR,0001104659-16-087689,https://www.sec.gov/Archives/edgar/data/1424958/000110465916087689/a15-22514_1ncsr.htm,"Statement of Assets and Liabilities October 31, 2015; row 'Payable for Fund shares redeemed'; column 3 of 4 (SPXL)","Payable for Fund shares redeemed — — 36,529",2026-09-27T19:14:31Z
SPXL,redemptions_usd,-946152391,2014-11-01,2015-10-31,2015-10-31,N-CSR,0001104659-16-087689,https://www.sec.gov/Archives/edgar/data/1424958/000110465916087689/a15-22514_1ncsr.htm,"Statement of Changes in Net Assets; row 'Cost of shares redeemed'; column 1 of 4 (SPXL, Year Ended October 31, 2015)","Cost of shares redeemed (946,152,391 )",2026-09-27T19:14:31Z
SPXL,sales_usd,865548280,2014-11-01,2015-10-31,2015-10-31,N-CSR,0001104659-16-087689,https://www.sec.gov/Archives/edgar/data/1424958/000110465916087689/a15-22514_1ncsr.htm,"Statement of Changes in Net Assets; row 'Proceeds from shares sold'; column 1 of 4 (SPXL, Year Ended October 31, 2015)","Proceeds from shares sold 865,548,280",2026-09-27T19:14:31Z
SPXL,shares_redeemed,-10750000,2014-11-01,2015-10-31,2015-10-31,N-CSR,0001104659-16-087689,https://www.sec.gov/Archives/edgar/data/1424958/000110465916087689/a15-22514_1ncsr.htm,"Statement of Changes in Net Assets; row 'Shares repurchased'; column 1 of 4 (SPXL, Year Ended October 31, 2015)","Shares repurchased (10,750,000 )",2026-09-27T19:14:31Z
SPXL,shares_sold,10600000,2014-11-01,2015-10-31,2015-10-31,N-CSR,0001104659-16-087689,https://www.sec.gov/Archives/edgar/data/1424958/000110465916087689/a15-22514_1ncsr.htm,"Statement of Changes in Net Assets; row 'Shares sold'; column 1 of 4 (SPXL, Year Ended October 31, 2015)","Shares sold 10,600,000",2026-09-27T19:14:31Z
SPXL,transaction_fees_usd,193707,2014-11-01,2015-10-31,2015-10-31,N-CSR,0001104659-16-087689,https://www.sec.gov/Archives/edgar/data/1424958/000110465916087689/a15-22514_1ncsr.htm,"Statement of Changes in Net Assets; row 'Transaction fees'; column 1 of 4 (SPXL, Year Ended October 31, 2015)","Transaction fees 193,707",2026-09-27T19:14:31Z
SPXL,net_assets,574270145,2015-10-31,2015-10-31,2015-10-31,N-CSRS,0001104659-16-131500,https://www.sec.gov/Archives/edgar/data/1424958/000110465916131500/a16-13038_1ncsrs.htm,"Statement of Changes in Net Assets; row 'Beginning of period/year'; column 1 of 4 (SPXL, Six Months Ended April 30, 2016)","Beginning of period/year 574,270,145",2026-09-27T19:15:02Z
SPXL,month_redemptions_usd,460668000,2015-05-01,2015-05-31,2015-10-31,NSAR-B,0001171520-15-000672,https://www.sec.gov/Archives/edgar/data/1424958/000117152015000672/answer.fil,"N-SAR series 01 = item 7C '007 C020100 DIREXION DAILY S&P 500 BULL 3X SHARES'; item 28A (month 1 of 6) column 04 = total NAV of shares redeemed, $000s; CHECK: these six rows sum to the statements' FISCAL-YEAR figure (946,152,391), not the half-year's; they are not six monthly flows as labelled",028 A040100 460668,2026-09-27T19:14:04Z
SPXL,month_redemptions_usd,-4569675000,2015-06-01,2015-06-30,2015-10-31,NSAR-B,0001171520-15-000672,https://www.sec.gov/Archives/edgar/data/1424958/000117152015000672/answer.fil,"N-SAR series 01 = item 7C '007 C020100 DIREXION DAILY S&P 500 BULL 3X SHARES'; item 28B (month 2 of 6) column 04 = total NAV of shares redeemed, $000s; CHECK: these six rows sum to the statements' FISCAL-YEAR figure (946,152,391), not the half-year's; they are not six monthly flows as labelled",028 B040100 -4569675,2026-09-27T19:14:04Z
SPXL,month_redemptions_usd,4779766000,2015-07-01,2015-07-31,2015-10-31,NSAR-B,0001171520-15-000672,https://www.sec.gov/Archives/edgar/data/1424958/000117152015000672/answer.fil,"N-SAR series 01 = item 7C '007 C020100 DIREXION DAILY S&P 500 BULL 3X SHARES'; item 28C (month 3 of 6) column 04 = total NAV of shares redeemed, $000s; CHECK: these six rows sum to the statements' FISCAL-YEAR figure (946,152,391), not the half-year's; they are not six monthly flows as labelled",028 C040100 4779766,2026-09-27T19:14:04Z
SPXL,month_redemptions_usd,18126000,2015-08-01,2015-08-31,2015-10-31,NSAR-B,0001171520-15-000672,https://www.sec.gov/Archives/edgar/data/1424958/000117152015000672/answer.fil,"N-SAR series 01 = item 7C '007 C020100 DIREXION DAILY S&P 500 BULL 3X SHARES'; item 28D (month 4 of 6) column 04 = total NAV of shares redeemed, $000s; CHECK: these six rows sum to the statements' FISCAL-YEAR figure (946,152,391), not the half-year's; they are not six monthly flows as labelled",028 D040100 18126,2026-09-27T19:14:04Z
SPXL,month_redemptions_usd,59306000,2015-09-01,2015-09-30,2015-10-31,NSAR-B,0001171520-15-000672,https://www.sec.gov/Archives/edgar/data/1424958/000117152015000672/answer.fil,"N-SAR series 01 = item 7C '007 C020100 DIREXION DAILY S&P 500 BULL 3X SHARES'; item 28E (month 5 of 6) column 04 = total NAV of shares redeemed, $000s; CHECK: these six rows sum to the statements' FISCAL-YEAR figure (946,152,391), not the half-year's; they are not six monthly flows as labelled",028 E040100 59306,2026-09-27T19:14:04Z
SPXL,month_redemptions_usd,197961000,2015-10-01,2015-10-31,2015-10-31,NSAR-B,0001171520-15-000672,https://www.sec.gov/Archives/edgar/data/1424958/000117152015000672/answer.fil,"N-SAR series 01 = item 7C '007 C020100 DIREXION DAILY S&P 500 BULL 3X SHARES'; item 28F (month 6 of 6) column 04 = total NAV of shares redeemed, $000s; CHECK: these six rows sum to the statements' FISCAL-YEAR figure (946,152,391), not the half-year's; they are not six monthly flows as labelled",028 F040100 197961,2026-09-27T19:14:04Z
SPXL,month_sales_usd,298404000,2015-05-01,2015-05-31,2015-10-31,NSAR-B,0001171520-15-000672,https://www.sec.gov/Archives/edgar/data/1424958/000117152015000672/answer.fil,"N-SAR series 01 = item 7C '007 C020100 DIREXION DAILY S&P 500 BULL 3X SHARES'; item 28A (month 1 of 6) column 01 = total NAV of shares sold, $000s; CHECK: these six rows sum to the statements' FISCAL-YEAR figure (865,741,987), not the half-year's; they are not six monthly flows as labelled",028 A010100 298404,2026-09-27T19:14:04Z
SPXL,month_sales_usd,103430000,2015-06-01,2015-06-30,2015-10-31,NSAR-B,0001171520-15-000672,https://www.sec.gov/Archives/edgar/data/1424958/000117152015000672/answer.fil,"N-SAR series 01 = item 7C '007 C020100 DIREXION DAILY S&P 500 BULL 3X SHARES'; item 28B (month 2 of 6) column 01 = total NAV of shares sold, $000s; CHECK: these six rows sum to the statements' FISCAL-YEAR figure (865,741,987), not the half-year's; they are not six monthly flows as labelled",028 B010100 103430,2026-09-27T19:14:04Z
SPXL,month_sales_usd,121333000,2015-07-01,2015-07-31,2015-10-31,NSAR-B,0001171520-15-000672,https://www.sec.gov/Archives/edgar/data/1424958/000117152015000672/answer.fil,"N-SAR series 01 = item 7C '007 C020100 DIREXION DAILY S&P 500 BULL 3X SHARES'; item 28C (month 3 of 6) column 01 = total NAV of shares sold, $000s; CHECK: these six rows sum to the statements' FISCAL-YEAR figure (865,741,987), not the half-year's; they are not six monthly flows as labelled",028 C010100 121333,2026-09-27T19:14:04Z
SPXL,month_sales_usd,212078000,2015-08-01,2015-08-31,2015-10-31,NSAR-B,0001171520-15-000672,https://www.sec.gov/Archives/edgar/data/1424958/000117152015000672/answer.fil,"N-SAR series 01 = item 7C '007 C020100 DIREXION DAILY S&P 500 BULL 3X SHARES'; item 28D (month 4 of 6) column 01 = total NAV of shares sold, $000s; CHECK: these six rows sum to the statements' FISCAL-YEAR figure (865,741,987), not the half-year's; they are not six monthly flows as labelled",028 D010100 212078,2026-09-27T19:14:04Z
SPXL,month_sales_usd,113176000,2015-09-01,2015-09-30,2015-10-31,NSAR-B,0001171520-15-000672,https://www.sec.gov/Archives/edgar/data/1424958/000117152015000672/answer.fil,"N-SAR series 01 = item 7C '007 C020100 DIREXION DAILY S&P 500 BULL 3X SHARES'; item 28E (month 5 of 6) column 01 = total NAV of shares sold, $000s; CHECK: these six rows sum to the statements' FISCAL-YEAR figure (865,741,987), not the half-year's; they are not six monthly flows as labelled",028 E010100 113176,2026-09-27T19:14:04Z
SPXL,month_sales_usd,17321000,2015-10-01,2015-10-31,2015-10-31,NSAR-B,0001171520-15-000672,https://www.sec.gov/Archives/edgar/data/1424958/000117152015000672/answer.fil,"N-SAR series 01 = item 7C '007 C020100 DIREXION DAILY S&P 500 BULL 3X SHARES'; item 28F (month 6 of 6) column 01 = total NAV of shares sold, $000s; CHECK: these six rows sum to the statements' FISCAL-YEAR figure (865,741,987), not the half-year's; they are not six monthly flows as labelled",028 F010100 17321,2026-09-27T19:14:04Z
SPXL,net_assets,574270000,2015-10-31,2015-10-31,2015-10-31,NSAR-B,0001171520-15-000672,https://www.sec.gov/Archives/edgar/data/1424958/000117152015000672/answer.fil,"N-SAR series 01 = item 7C '007 C020100 DIREXION DAILY S&P 500 BULL 3X SHARES'; item 74T net assets, $000s",074 T000100 574270,2026-09-27T19:14:04Z
SPXL,net_assets,676852300,2016-01-31,2016-01-31,2016-01-31,N-Q,0001387131-16-004677,https://www.sec.gov/Archives/edgar/data/1424958/000138713116004677/dsetft-nq_013116.htm,"Schedule of Investments, Direxion Daily S&P 500 ® Bull 3X Shares Schedule of Investments January 31, 2016; foot line 'TOTAL NET ASSETS - 100.0%'","TOTAL NET ASSETS - 100.0% $ 676,852,300",2026-09-27T19:14:37Z
SPXL,net_assets,459361201,2016-04-30,2016-04-30,2016-04-30,N-CSRS,0001104659-16-131500,https://www.sec.gov/Archives/edgar/data/1424958/000110465916131500/a16-13038_1ncsrs.htm,"Statement of Assets and Liabilities April 30, 2016; row 'Net Assets' (first); column 3 of 4 (SPXL)","Net Assets $ 49,787,617 $ 13,174,927 $ 459,361,201",2026-09-27T19:15:02Z
SPXL,net_assets,459361201,2016-04-30,2016-04-30,2016-04-30,N-CSRS,0001104659-16-131500,https://www.sec.gov/Archives/edgar/data/1424958/000110465916131500/a16-13038_1ncsrs.htm,"Statement of Changes in Net Assets; row 'End of period/year'; column 1 of 4 (SPXL, Six Months Ended April 30, 2016)","End of period/year $ 459,361,201",2026-09-27T19:15:02Z
SPXL,operations_usd,-3050547,2015-11-01,2016-04-30,2016-04-30,N-CSRS,0001104659-16-131500,https://www.sec.gov/Archives/edgar/data/1424958/000110465916131500/a16-13038_1ncsrs.htm,"Statement of Changes in Net Assets; row 'Net increase (decrease) in net assets resulting from operations'; column 1 of 4 (SPXL, Six Months Ended April 30, 2016)","Net increase (decrease) in net assets resulting from operations (3,050,547 )",2026-09-27T19:15:02Z
SPXL,payable_shares_redeemed_usd,0,2016-04-30,2016-04-30,2016-04-30,N-CSRS,0001104659-16-131500,https://www.sec.gov/Archives/edgar/data/1424958/000110465916131500/a16-13038_1ncsrs.htm,"Statement of Assets and Liabilities April 30, 2016; row 'Payable for Fund shares redeemed'; column 3 of 4 (SPXL)","Payable for Fund shares redeemed 17,468 — —",2026-09-27T19:15:02Z
SPXL,receivable_shares_sold_usd,0,2016-04-30,2016-04-30,2016-04-30,N-CSRS,0001104659-16-131500,https://www.sec.gov/Archives/edgar/data/1424958/000110465916131500/a16-13038_1ncsrs.htm,"Statement of Assets and Liabilities April 30, 2016; row 'Receivable for Fund shares sold'; column 3 of 4 (SPXL)",Receivable for Fund shares sold — — —,2026-09-27T19:15:02Z
SPXL,redemptions_usd,-584420387,2015-11-01,2016-04-30,2016-04-30,N-CSRS,0001104659-16-131500,https://www.sec.gov/Archives/edgar/data/1424958/000110465916131500/a16-13038_1ncsrs.htm,"Statement of Changes in Net Assets; row 'Cost of shares redeemed'; column 1 of 4 (SPXL, Six Months Ended April 30, 2016)","Cost of shares redeemed (584,420,387 )",2026-09-27T19:15:02Z
SPXL,sales_usd,472438540,2015-11-01,2016-04-30,2016-04-30,N-CSRS,0001104659-16-131500,https://www.sec.gov/Archives/edgar/data/1424958/000110465916131500/a16-13038_1ncsrs.htm,"Statement of Changes in Net Assets; row 'Proceeds from shares sold'; column 1 of 4 (SPXL, Six Months Ended April 30, 2016)","Proceeds from shares sold 472,438,540",2026-09-27T19:15:02Z
SPXL,shares_redeemed,-7450000,2015-11-01,2016-04-30,2016-04-30,N-CSRS,0001104659-16-131500,https://www.sec.gov/Archives/edgar/data/1424958/000110465916131500/a16-13038_1ncsrs.htm,"Statement of Changes in Net Assets; row 'Shares repurchased'; column 1 of 4 (SPXL, Six Months Ended April 30, 2016)","Shares repurchased (7,450,000 )",2026-09-27T19:15:02Z
SPXL,shares_sold,6350000,2015-11-01,2016-04-30,2016-04-30,N-CSRS,0001104659-16-131500,https://www.sec.gov/Archives/edgar/data/1424958/000110465916131500/a16-13038_1ncsrs.htm,"Statement of Changes in Net Assets; row 'Shares sold'; column 1 of 4 (SPXL, Six Months Ended April 30, 2016)","Shares sold 6,350,000",2026-09-27T19:15:02Z
SPXL,transaction_fees_usd,123450,2015-11-01,2016-04-30,2016-04-30,N-CSRS,0001104659-16-131500,https://www.sec.gov/Archives/edgar/data/1424958/000110465916131500/a16-13038_1ncsrs.htm,"Statement of Changes in Net Assets; row 'Transaction fees'; column 1 of 4 (SPXL, Six Months Ended April 30, 2016)","Transaction fees 123,450",2026-09-27T19:15:02Z
SPXL,month_redemptions_usd,53401000,2015-11-01,2015-11-30,2016-04-30,NSAR-A,0001171520-16-000970,https://www.sec.gov/Archives/edgar/data/1424958/000117152016000970/answer.fil,"N-SAR series 01 = item 7C '007 C020100 DIREXION DAILY S&P 500 BULL 3X SHARES'; item 28A (month 1 of 6) column 04 = total NAV of shares redeemed, $000s",028 A040100 53401,2026-09-27T19:14:38Z
SPXL,month_redemptions_usd,102275000,2015-12-01,2015-12-31,2016-04-30,NSAR-A,0001171520-16-000970,https://www.sec.gov/Archives/edgar/data/1424958/000117152016000970/answer.fil,"N-SAR series 01 = item 7C '007 C020100 DIREXION DAILY S&P 500 BULL 3X SHARES'; item 28B (month 2 of 6) column 04 = total NAV of shares redeemed, $000s",028 B040100 102275,2026-09-27T19:14:38Z
SPXL,month_redemptions_usd,22773000,2016-01-01,2016-01-31,2016-04-30,NSAR-A,0001171520-16-000970,https://www.sec.gov/Archives/edgar/data/1424958/000117152016000970/answer.fil,"N-SAR series 01 = item 7C '007 C020100 DIREXION DAILY S&P 500 BULL 3X SHARES'; item 28C (month 3 of 6) column 04 = total NAV of shares redeemed, $000s",028 C040100 22773,2026-09-27T19:14:38Z
SPXL,month_redemptions_usd,127738000,2016-02-01,2016-02-29,2016-04-30,NSAR-A,0001171520-16-000970,https://www.sec.gov/Archives/edgar/data/1424958/000117152016000970/answer.fil,"N-SAR series 01 = item 7C '007 C020100 DIREXION DAILY S&P 500 BULL 3X SHARES'; item 28D (month 4 of 6) column 04 = total NAV of shares redeemed, $000s",028 D040100 127738,2026-09-27T19:14:38Z
SPXL,month_redemptions_usd,166001000,2016-03-01,2016-03-31,2016-04-30,NSAR-A,0001171520-16-000970,https://www.sec.gov/Archives/edgar/data/1424958/000117152016000970/answer.fil,"N-SAR series 01 = item 7C '007 C020100 DIREXION DAILY S&P 500 BULL 3X SHARES'; item 28E (month 5 of 6) column 04 = total NAV of shares redeemed, $000s",028 E040100 166001,2026-09-27T19:14:38Z
SPXL,month_redemptions_usd,112232000,2016-04-01,2016-04-30,2016-04-30,NSAR-A,0001171520-16-000970,https://www.sec.gov/Archives/edgar/data/1424958/000117152016000970/answer.fil,"N-SAR series 01 = item 7C '007 C020100 DIREXION DAILY S&P 500 BULL 3X SHARES'; item 28F (month 6 of 6) column 04 = total NAV of shares redeemed, $000s",028 F040100 112232,2026-09-27T19:14:38Z
SPXL,month_sales_usd,87264000,2015-11-01,2015-11-30,2016-04-30,NSAR-A,0001171520-16-000970,https://www.sec.gov/Archives/edgar/data/1424958/000117152016000970/answer.fil,"N-SAR series 01 = item 7C '007 C020100 DIREXION DAILY S&P 500 BULL 3X SHARES'; item 28A (month 1 of 6) column 01 = total NAV of shares sold, $000s",028 A010100 87264,2026-09-27T19:14:38Z
SPXL,month_sales_usd,145139000,2015-12-01,2015-12-31,2016-04-30,NSAR-A,0001171520-16-000970,https://www.sec.gov/Archives/edgar/data/1424958/000117152016000970/answer.fil,"N-SAR series 01 = item 7C '007 C020100 DIREXION DAILY S&P 500 BULL 3X SHARES'; item 28B (month 2 of 6) column 01 = total NAV of shares sold, $000s",028 B010100 145139,2026-09-27T19:14:38Z
SPXL,month_sales_usd,183742000,2016-01-01,2016-01-31,2016-04-30,NSAR-A,0001171520-16-000970,https://www.sec.gov/Archives/edgar/data/1424958/000117152016000970/answer.fil,"N-SAR series 01 = item 7C '007 C020100 DIREXION DAILY S&P 500 BULL 3X SHARES'; item 28C (month 3 of 6) column 01 = total NAV of shares sold, $000s",028 C010100 183742,2026-09-27T19:14:38Z
SPXL,month_sales_usd,44276000,2016-02-01,2016-02-29,2016-04-30,NSAR-A,0001171520-16-000970,https://www.sec.gov/Archives/edgar/data/1424958/000117152016000970/answer.fil,"N-SAR series 01 = item 7C '007 C020100 DIREXION DAILY S&P 500 BULL 3X SHARES'; item 28D (month 4 of 6) column 01 = total NAV of shares sold, $000s",028 D010100 44276,2026-09-27T19:14:38Z
SPXL,month_sales_usd,12117000,2016-03-01,2016-03-31,2016-04-30,NSAR-A,0001171520-16-000970,https://www.sec.gov/Archives/edgar/data/1424958/000117152016000970/answer.fil,"N-SAR series 01 = item 7C '007 C020100 DIREXION DAILY S&P 500 BULL 3X SHARES'; item 28E (month 5 of 6) column 01 = total NAV of shares sold, $000s",028 E010100 12117,2026-09-27T19:14:38Z
SPXL,month_sales_usd,24000,2016-04-01,2016-04-30,2016-04-30,NSAR-A,0001171520-16-000970,https://www.sec.gov/Archives/edgar/data/1424958/000117152016000970/answer.fil,"N-SAR series 01 = item 7C '007 C020100 DIREXION DAILY S&P 500 BULL 3X SHARES'; item 28F (month 6 of 6) column 01 = total NAV of shares sold, $000s",028 F010100 24,2026-09-27T19:14:38Z
SPXL,net_assets,459361000,2016-04-30,2016-04-30,2016-04-30,NSAR-A,0001171520-16-000970,https://www.sec.gov/Archives/edgar/data/1424958/000117152016000970/answer.fil,"N-SAR series 01 = item 7C '007 C020100 DIREXION DAILY S&P 500 BULL 3X SHARES'; item 74T net assets, $000s",074 T000100 459361,2026-09-27T19:14:38Z
SPXL,net_assets,460001336,2016-07-31,2016-07-31,2016-07-31,N-Q,0001387131-16-007108,https://www.sec.gov/Archives/edgar/data/1424958/000138713116007108/dsetft-nq_073116.htm,"Schedule of Investments, Direxion Daily S&P 500 ® Bull 3X Shares Schedule of Investments July 31, 2016; foot line 'TOTAL NET ASSETS - 100.0%'","TOTAL NET ASSETS - 100.0% $ 460,001,336",2026-09-27T19:15:09Z
SPXL,net_assets,458407106,2016-10-31,2016-10-31,2016-10-31,N-CSR,0001104659-17-000187,https://www.sec.gov/Archives/edgar/data/1424958/000110465917000187/a16-20396_1ncsr.htm,"Statement of Assets and Liabilities October 31, 2016; row 'Net Assets' (first); column 3 of 4 (SPXL)","Net Assets $ 46,169,505 $ 10,940,798 $ 458,407,106",2026-09-27T19:15:36Z
SPXL,net_assets,458407106,2016-10-31,2016-10-31,2016-10-31,N-CSR,0001104659-18-000153,https://www.sec.gov/Archives/edgar/data/1424958/000110465918000153/a17-27464_1ncsr.htm,"Statement of Changes in Net Assets; row 'Beginning of year'; column 1 of 4 (SPXL, Year Ended October 31, 2017)","Beginning of year 458,407,106",2026-09-27T19:16:50Z
SPXL,net_assets,458407106,2016-10-31,2016-10-31,2016-10-31,N-CSR,0001104659-17-000187,https://www.sec.gov/Archives/edgar/data/1424958/000110465917000187/a16-20396_1ncsr.htm,"Statement of Changes in Net Assets; row 'End of year'; column 1 of 4 (SPXL, Year Ended October 31, 2016)","End of year $ 458,407,106",2026-09-27T19:15:36Z
SPXL,operations_usd,58243599,2015-11-01,2016-10-31,2016-10-31,N-CSR,0001104659-17-000187,https://www.sec.gov/Archives/edgar/data/1424958/000110465917000187/a16-20396_1ncsr.htm,"Statement of Changes in Net Assets; row 'Net increase (decrease) in net assets resulting from operations'; column 1 of 4 (SPXL, Year Ended October 31, 2016)","Net increase (decrease) in net assets resulting from operations 58,243,599",2026-09-27T19:15:36Z
SPXL,payable_shares_redeemed_usd,0,2016-10-31,2016-10-31,2016-10-31,N-CSR,0001104659-17-000187,https://www.sec.gov/Archives/edgar/data/1424958/000110465917000187/a16-20396_1ncsr.htm,"Statement of Assets and Liabilities October 31, 2016; row 'Payable for Fund shares redeemed'; column 3 of 4 (SPXL)","Payable for Fund shares redeemed 3,671,746 — —",2026-09-27T19:15:36Z
SPXL,redemptions_usd,-1478054021,2015-11-01,2016-10-31,2016-10-31,N-CSR,0001104659-17-000187,https://www.sec.gov/Archives/edgar/data/1424958/000110465917000187/a16-20396_1ncsr.htm,"Statement of Changes in Net Assets; row 'Cost of shares redeemed'; column 1 of 4 (SPXL, Year Ended October 31, 2016)","Cost of shares redeemed (1,478,054,021 )",2026-09-27T19:15:36Z
SPXL,sales_usd,1303601635,2015-11-01,2016-10-31,2016-10-31,N-CSR,0001104659-17-000187,https://www.sec.gov/Archives/edgar/data/1424958/000110465917000187/a16-20396_1ncsr.htm,"Statement of Changes in Net Assets; row 'Proceeds from shares sold'; column 1 of 4 (SPXL, Year Ended October 31, 2016)","Proceeds from shares sold 1,303,601,635",2026-09-27T19:15:36Z
SPXL,shares_redeemed,-17000000,2015-11-01,2016-10-31,2016-10-31,N-CSR,0001104659-17-000187,https://www.sec.gov/Archives/edgar/data/1424958/000110465917000187/a16-20396_1ncsr.htm,"Statement of Changes in Net Assets; row 'Shares repurchased'; column 1 of 4 (SPXL, Year Ended October 31, 2016)","Shares repurchased (17,000,000 )",2026-09-27T19:15:36Z
SPXL,shares_sold,15450000,2015-11-01,2016-10-31,2016-10-31,N-CSR,0001104659-17-000187,https://www.sec.gov/Archives/edgar/data/1424958/000110465917000187/a16-20396_1ncsr.htm,"Statement of Changes in Net Assets; row 'Shares sold'; column 1 of 4 (SPXL, Year Ended October 31, 2016)","Shares sold 15,450,000",2026-09-27T19:15:36Z
SPXL,transaction_fees_usd,345748,2015-11-01,2016-10-31,2016-10-31,N-CSR,0001104659-17-000187,https://www.sec.gov/Archives/edgar/data/1424958/000110465917000187/a16-20396_1ncsr.htm,"Statement of Changes in Net Assets; row 'Transaction fees'; column 1 of 4 (SPXL, Year Ended October 31, 2016)","Transaction fees 345,748",2026-09-27T19:15:36Z
SPXL,net_assets,458407106,2016-10-31,2016-10-31,2016-10-31,N-CSRS,0001104659-17-044202,https://www.sec.gov/Archives/edgar/data/1424958/000110465917044202/a17-14099_1ncsrs.htm,"Statement of Changes in Net Assets; row 'Beginning of year/period'; column 1 of 4 (SPXL, Six Months Ended April 30, 2017)","Beginning of year/period 458,407,106",2026-09-27T19:16:15Z
SPXL,month_redemptions_usd,59323000,2016-05-01,2016-05-31,2016-10-31,NSAR-B,0001171520-16-001118,https://www.sec.gov/Archives/edgar/data/1424958/000117152016001118/answer.fil,"N-SAR series 01 = item 7C '007 C020100 DIREXION DAILY S&P 500 BULL 3X SHARES'; item 28A (month 1 of 6) column 04 = total NAV of shares redeemed, $000s",028 A040100 59323,2026-09-27T19:15:10Z
SPXL,month_redemptions_usd,65842000,2016-06-01,2016-06-30,2016-10-31,NSAR-B,0001171520-16-001118,https://www.sec.gov/Archives/edgar/data/1424958/000117152016001118/answer.fil,"N-SAR series 01 = item 7C '007 C020100 DIREXION DAILY S&P 500 BULL 3X SHARES'; item 28B (month 2 of 6) column 04 = total NAV of shares redeemed, $000s",028 B040100 65842,2026-09-27T19:15:10Z
SPXL,month_redemptions_usd,183029000,2016-07-01,2016-07-31,2016-10-31,NSAR-B,0001171520-16-001118,https://www.sec.gov/Archives/edgar/data/1424958/000117152016001118/answer.fil,"N-SAR series 01 = item 7C '007 C020100 DIREXION DAILY S&P 500 BULL 3X SHARES'; item 28C (month 3 of 6) column 04 = total NAV of shares redeemed, $000s",028 C040100 183029,2026-09-27T19:15:10Z
SPXL,month_redemptions_usd,44250000,2016-08-01,2016-08-31,2016-10-31,NSAR-B,0001171520-16-001118,https://www.sec.gov/Archives/edgar/data/1424958/000117152016001118/answer.fil,"N-SAR series 01 = item 7C '007 C020100 DIREXION DAILY S&P 500 BULL 3X SHARES'; item 28D (month 4 of 6) column 04 = total NAV of shares redeemed, $000s",028 D040100 44250,2026-09-27T19:15:10Z
SPXL,month_redemptions_usd,88125000,2016-09-01,2016-09-30,2016-10-31,NSAR-B,0001171520-16-001118,https://www.sec.gov/Archives/edgar/data/1424958/000117152016001118/answer.fil,"N-SAR series 01 = item 7C '007 C020100 DIREXION DAILY S&P 500 BULL 3X SHARES'; item 28E (month 5 of 6) column 04 = total NAV of shares redeemed, $000s",028 E040100 88125,2026-09-27T19:15:10Z
SPXL,month_redemptions_usd,453066000,2016-10-01,2016-10-31,2016-10-31,NSAR-B,0001171520-16-001118,https://www.sec.gov/Archives/edgar/data/1424958/000117152016001118/answer.fil,"N-SAR series 01 = item 7C '007 C020100 DIREXION DAILY S&P 500 BULL 3X SHARES'; item 28F (month 6 of 6) column 04 = total NAV of shares redeemed, $000s",028 F040100 453066,2026-09-27T19:15:10Z
SPXL,month_sales_usd,57958000,2016-05-01,2016-05-31,2016-10-31,NSAR-B,0001171520-16-001118,https://www.sec.gov/Archives/edgar/data/1424958/000117152016001118/answer.fil,"N-SAR series 01 = item 7C '007 C020100 DIREXION DAILY S&P 500 BULL 3X SHARES'; item 28A (month 1 of 6) column 01 = total NAV of shares sold, $000s",028 A010100 57958,2026-09-27T19:15:10Z
SPXL,month_sales_usd,108561000,2016-06-01,2016-06-30,2016-10-31,NSAR-B,0001171520-16-001118,https://www.sec.gov/Archives/edgar/data/1424958/000117152016001118/answer.fil,"N-SAR series 01 = item 7C '007 C020100 DIREXION DAILY S&P 500 BULL 3X SHARES'; item 28B (month 2 of 6) column 01 = total NAV of shares sold, $000s",028 B010100 108561,2026-09-27T19:15:10Z
SPXL,month_sales_usd,57981000,2016-07-01,2016-07-31,2016-10-31,NSAR-B,0001171520-16-001118,https://www.sec.gov/Archives/edgar/data/1424958/000117152016001118/answer.fil,"N-SAR series 01 = item 7C '007 C020100 DIREXION DAILY S&P 500 BULL 3X SHARES'; item 28C (month 3 of 6) column 01 = total NAV of shares sold, $000s",028 C010100 57981,2026-09-27T19:15:10Z
SPXL,month_sales_usd,4947000,2016-08-01,2016-08-31,2016-10-31,NSAR-B,0001171520-16-001118,https://www.sec.gov/Archives/edgar/data/1424958/000117152016001118/answer.fil,"N-SAR series 01 = item 7C '007 C020100 DIREXION DAILY S&P 500 BULL 3X SHARES'; item 28D (month 4 of 6) column 01 = total NAV of shares sold, $000s",028 D010100 4947,2026-09-27T19:15:10Z
SPXL,month_sales_usd,172413000,2016-09-01,2016-09-30,2016-10-31,NSAR-B,0001171520-16-001118,https://www.sec.gov/Archives/edgar/data/1424958/000117152016001118/answer.fil,"N-SAR series 01 = item 7C '007 C020100 DIREXION DAILY S&P 500 BULL 3X SHARES'; item 28E (month 5 of 6) column 01 = total NAV of shares sold, $000s",028 E010100 172413,2026-09-27T19:15:10Z
SPXL,month_sales_usd,429526000,2016-10-01,2016-10-31,2016-10-31,NSAR-B,0001171520-16-001118,https://www.sec.gov/Archives/edgar/data/1424958/000117152016001118/answer.fil,"N-SAR series 01 = item 7C '007 C020100 DIREXION DAILY S&P 500 BULL 3X SHARES'; item 28F (month 6 of 6) column 01 = total NAV of shares sold, $000s",028 F010100 429526,2026-09-27T19:15:10Z
SPXL,net_assets,458407000,2016-10-31,2016-10-31,2016-10-31,NSAR-B,0001171520-16-001118,https://www.sec.gov/Archives/edgar/data/1424958/000117152016001118/answer.fil,"N-SAR series 01 = item 7C '007 C020100 DIREXION DAILY S&P 500 BULL 3X SHARES'; item 74T net assets, $000s",074 T000100 458407,2026-09-27T19:15:10Z
SPXL,net_assets,509101384,2017-01-31,2017-01-31,2017-01-31,N-Q,0001387131-17-001739,https://www.sec.gov/Archives/edgar/data/1424958/000138713117001739/dsetft-nq_013117.htm,"Schedule of Investments, Direxion Daily S&P 500 ® Bull 3X Shares Schedule of Investments (Unaudited) January 31, 2017; foot line 'TOTAL NET ASSETS - 100.0%'","TOTAL NET ASSETS - 100.0% $ 509,101,384",2026-09-27T19:15:43Z
SPXL,distributions_usd,0,2016-11-01,2017-04-30,2017-04-30,N-CSRS,0001104659-17-044202,https://www.sec.gov/Archives/edgar/data/1424958/000110465917044202/a17-14099_1ncsrs.htm,"Statement of Changes in Net Assets; row 'Distributions to shareholders:' (all dashes); column 1 of 4 (SPXL, Six Months Ended April 30, 2017)",Distributions to shareholders: — — — —,2026-09-27T19:16:15Z
SPXL,net_assets,571158306,2017-04-30,2017-04-30,2017-04-30,N-CSRS,0001104659-17-044202,https://www.sec.gov/Archives/edgar/data/1424958/000110465917044202/a17-14099_1ncsrs.htm,"Statement of Assets and Liabilities April 30, 2017; row 'Net Assets' (first); column 3 of 4 (SPXL)","Net Assets $ 62,117,667 $ 8,689,054 $ 571,158,306",2026-09-27T19:16:15Z
SPXL,net_assets,571158306,2017-04-30,2017-04-30,2017-04-30,N-CSRS,0001104659-17-044202,https://www.sec.gov/Archives/edgar/data/1424958/000110465917044202/a17-14099_1ncsrs.htm,"Statement of Changes in Net Assets; row 'End of year/period'; column 1 of 4 (SPXL, Six Months Ended April 30, 2017)","End of year/period $ 571,158,306",2026-09-27T19:16:15Z
SPXL,operations_usd,182180797,2016-11-01,2017-04-30,2017-04-30,N-CSRS,0001104659-17-044202,https://www.sec.gov/Archives/edgar/data/1424958/000110465917044202/a17-14099_1ncsrs.htm,"Statement of Changes in Net Assets; row 'Net increase (decrease) in net assets resulting from operations'; column 1 of 4 (SPXL, Six Months Ended April 30, 2017)","Net increase (decrease) in net assets resulting from operations 182,180,797",2026-09-27T19:16:15Z
SPXL,payable_shares_redeemed_usd,6544942,2017-04-30,2017-04-30,2017-04-30,N-CSRS,0001104659-17-044202,https://www.sec.gov/Archives/edgar/data/1424958/000110465917044202/a17-14099_1ncsrs.htm,"Statement of Assets and Liabilities April 30, 2017; row 'Payable for Fund shares redeemed'; column 3 of 4 (SPXL)","Payable for Fund shares redeemed — — 6,544,942",2026-09-27T19:16:15Z
SPXL,receivable_shares_sold_usd,0,2017-04-30,2017-04-30,2017-04-30,N-CSRS,0001104659-17-044202,https://www.sec.gov/Archives/edgar/data/1424958/000110465917044202/a17-14099_1ncsrs.htm,"Statement of Assets and Liabilities April 30, 2017; row 'Receivable for Fund shares sold'; column 3 of 4 (SPXL)","Receivable for Fund shares sold 72,283 — —",2026-09-27T19:16:15Z
SPXL,redemptions_usd,-415051613,2016-11-01,2017-04-30,2017-04-30,N-CSRS,0001104659-17-044202,https://www.sec.gov/Archives/edgar/data/1424958/000110465917044202/a17-14099_1ncsrs.htm,"Statement of Changes in Net Assets; row 'Cost of shares redeemed'; column 1 of 4 (SPXL, Six Months Ended April 30, 2017)","Cost of shares redeemed (415,051,613 )",2026-09-27T19:16:15Z
SPXL,sales_usd,345535362,2016-11-01,2017-04-30,2017-04-30,N-CSRS,0001104659-17-044202,https://www.sec.gov/Archives/edgar/data/1424958/000110465917044202/a17-14099_1ncsrs.htm,"Statement of Changes in Net Assets; row 'Proceeds from shares sold'; column 1 of 4 (SPXL, Six Months Ended April 30, 2017)","Proceeds from shares sold 345,535,362",2026-09-27T19:16:15Z
SPXL,shares_redeemed,-14600000,2016-11-01,2017-04-30,2017-04-30,N-CSRS,0001104659-17-044202,https://www.sec.gov/Archives/edgar/data/1424958/000110465917044202/a17-14099_1ncsrs.htm,"Statement of Changes in Net Assets; row 'Shares repurchased'; column 1 of 4 (SPXL, Six Months Ended April 30, 2017); footnote 1: 'Effective May 1, 2017, the Fund had a 4:1 forward stock split' (share amounts for all periods adjusted)","Shares repurchased (14,600,000 )",2026-09-27T19:16:15Z
SPXL,shares_sold,12200002,2016-11-01,2017-04-30,2017-04-30,N-CSRS,0001104659-17-044202,https://www.sec.gov/Archives/edgar/data/1424958/000110465917044202/a17-14099_1ncsrs.htm,"Statement of Changes in Net Assets; row 'Shares sold'; column 1 of 4 (SPXL, Six Months Ended April 30, 2017); footnote 1: 'Effective May 1, 2017, the Fund had a 4:1 forward stock split' (share amounts for all periods adjusted)","Shares sold 12,200,002",2026-09-27T19:16:15Z
SPXL,transaction_fees_usd,86654,2016-11-01,2017-04-30,2017-04-30,N-CSRS,0001104659-17-044202,https://www.sec.gov/Archives/edgar/data/1424958/000110465917044202/a17-14099_1ncsrs.htm,"Statement of Changes in Net Assets; row 'Transaction fees'; column 1 of 4 (SPXL, Six Months Ended April 30, 2017)","Transaction fees 86,654",2026-09-27T19:16:15Z
SPXL,month_redemptions_usd,73616000,2016-11-01,2016-11-30,2017-04-30,NSAR-A,0001171520-17-000314,https://www.sec.gov/Archives/edgar/data/1424958/000117152017000314/answer.fil,"N-SAR series 01 = item 7C '007 C020100 DIREXION DAILY S&P 500 BULL 3X SHARES'; item 28A (month 1 of 6) column 04 = total NAV of shares redeemed, $000s",028 A040100 73616,2026-09-27T19:15:44Z
SPXL,month_redemptions_usd,32068000,2016-12-01,2016-12-31,2017-04-30,NSAR-A,0001171520-17-000314,https://www.sec.gov/Archives/edgar/data/1424958/000117152017000314/answer.fil,"N-SAR series 01 = item 7C '007 C020100 DIREXION DAILY S&P 500 BULL 3X SHARES'; item 28B (month 2 of 6) column 04 = total NAV of shares redeemed, $000s",028 B040100 32068,2026-09-27T19:15:44Z
SPXL,month_redemptions_usd,122750000,2017-01-01,2017-01-31,2017-04-30,NSAR-A,0001171520-17-000314,https://www.sec.gov/Archives/edgar/data/1424958/000117152017000314/answer.fil,"N-SAR series 01 = item 7C '007 C020100 DIREXION DAILY S&P 500 BULL 3X SHARES'; item 28C (month 3 of 6) column 04 = total NAV of shares redeemed, $000s",028 C040100 122750,2026-09-27T19:15:44Z
SPXL,month_redemptions_usd,84319000,2017-02-01,2017-02-28,2017-04-30,NSAR-A,0001171520-17-000314,https://www.sec.gov/Archives/edgar/data/1424958/000117152017000314/answer.fil,"N-SAR series 01 = item 7C '007 C020100 DIREXION DAILY S&P 500 BULL 3X SHARES'; item 28D (month 4 of 6) column 04 = total NAV of shares redeemed, $000s",028 D040100 84319,2026-09-27T19:15:44Z
SPXL,month_redemptions_usd,38758000,2017-03-01,2017-03-31,2017-04-30,NSAR-A,0001171520-17-000314,https://www.sec.gov/Archives/edgar/data/1424958/000117152017000314/answer.fil,"N-SAR series 01 = item 7C '007 C020100 DIREXION DAILY S&P 500 BULL 3X SHARES'; item 28E (month 5 of 6) column 04 = total NAV of shares redeemed, $000s",028 E040100 38758,2026-09-27T19:15:44Z
SPXL,month_redemptions_usd,63541000,2017-04-01,2017-04-30,2017-04-30,NSAR-A,0001171520-17-000314,https://www.sec.gov/Archives/edgar/data/1424958/000117152017000314/answer.fil,"N-SAR series 01 = item 7C '007 C020100 DIREXION DAILY S&P 500 BULL 3X SHARES'; item 28F (month 6 of 6) column 04 = total NAV of shares redeemed, $000s",028 F040100 63541,2026-09-27T19:15:44Z
SPXL,month_sales_usd,62422000,2016-11-01,2016-11-30,2017-04-30,NSAR-A,0001171520-17-000314,https://www.sec.gov/Archives/edgar/data/1424958/000117152017000314/answer.fil,"N-SAR series 01 = item 7C '007 C020100 DIREXION DAILY S&P 500 BULL 3X SHARES'; item 28A (month 1 of 6) column 01 = total NAV of shares sold, $000s",028 A010100 62422,2026-09-27T19:15:44Z
SPXL,month_sales_usd,44357000,2016-12-01,2016-12-31,2017-04-30,NSAR-A,0001171520-17-000314,https://www.sec.gov/Archives/edgar/data/1424958/000117152017000314/answer.fil,"N-SAR series 01 = item 7C '007 C020100 DIREXION DAILY S&P 500 BULL 3X SHARES'; item 28B (month 2 of 6) column 01 = total NAV of shares sold, $000s",028 B010100 44357,2026-09-27T19:15:44Z
SPXL,month_sales_usd,39699000,2017-01-01,2017-01-31,2017-04-30,NSAR-A,0001171520-17-000314,https://www.sec.gov/Archives/edgar/data/1424958/000117152017000314/answer.fil,"N-SAR series 01 = item 7C '007 C020100 DIREXION DAILY S&P 500 BULL 3X SHARES'; item 28C (month 3 of 6) column 01 = total NAV of shares sold, $000s",028 C010100 39699,2026-09-27T19:15:44Z
SPXL,month_sales_usd,72980000,2017-02-01,2017-02-28,2017-04-30,NSAR-A,0001171520-17-000314,https://www.sec.gov/Archives/edgar/data/1424958/000117152017000314/answer.fil,"N-SAR series 01 = item 7C '007 C020100 DIREXION DAILY S&P 500 BULL 3X SHARES'; item 28D (month 4 of 6) column 01 = total NAV of shares sold, $000s",028 D010100 72980,2026-09-27T19:15:44Z
SPXL,month_sales_usd,107763000,2017-03-01,2017-03-31,2017-04-30,NSAR-A,0001171520-17-000314,https://www.sec.gov/Archives/edgar/data/1424958/000117152017000314/answer.fil,"N-SAR series 01 = item 7C '007 C020100 DIREXION DAILY S&P 500 BULL 3X SHARES'; item 28E (month 5 of 6) column 01 = total NAV of shares sold, $000s",028 E010100 107763,2026-09-27T19:15:44Z
SPXL,month_sales_usd,18401000,2017-04-01,2017-04-30,2017-04-30,NSAR-A,0001171520-17-000314,https://www.sec.gov/Archives/edgar/data/1424958/000117152017000314/answer.fil,"N-SAR series 01 = item 7C '007 C020100 DIREXION DAILY S&P 500 BULL 3X SHARES'; item 28F (month 6 of 6) column 01 = total NAV of shares sold, $000s",028 F010100 18401,2026-09-27T19:15:44Z
SPXL,net_assets,571158000,2017-04-30,2017-04-30,2017-04-30,NSAR-A,0001171520-17-000314,https://www.sec.gov/Archives/edgar/data/1424958/000117152017000314/answer.fil,"N-SAR series 01 = item 7C '007 C020100 DIREXION DAILY S&P 500 BULL 3X SHARES'; item 74T net assets, $000s",074 T000100 571158,2026-09-27T19:15:44Z
SPXL,net_assets,606910595,2017-07-31,2017-07-31,2017-07-31,N-Q,0001387131-17-004865,https://www.sec.gov/Archives/edgar/data/1424958/000138713117004865/dsetft-nq_073117.htm,"Schedule of Investments, Direxion Daily S&P 500 ® Bull 3X Shares Schedule of Investments (Unaudited) July 31, 2017; foot line 'TOTAL NET ASSETS - 100.0%'","TOTAL NET ASSETS - 100.0% $ 606,910,595",2026-09-27T19:16:21Z
SPXL,distributions_usd,0,2016-11-01,2017-10-31,2017-10-31,N-CSR,0001104659-18-000153,https://www.sec.gov/Archives/edgar/data/1424958/000110465918000153/a17-27464_1ncsr.htm,"Statement of Changes in Net Assets; row 'Distributions to shareholders:' (all dashes); column 1 of 4 (SPXL, Year Ended October 31, 2017)",Distributions to shareholders: — — — —,2026-09-27T19:16:50Z
SPXL,net_assets,692850897,2017-10-31,2017-10-31,2017-10-31,N-CSR,0001104659-18-000153,https://www.sec.gov/Archives/edgar/data/1424958/000110465918000153/a17-27464_1ncsr.htm,"Statement of Assets and Liabilities October 31, 2017; row 'Net Assets' (first); column 3 of 4 (SPXL)","Net Assets $ 62,241,679 $ 6,288,280 $ 692,850,897",2026-09-27T19:16:50Z
SPXL,net_assets,692850897,2017-10-31,2017-10-31,2017-10-31,N-CSR,0001104659-19-000390,https://www.sec.gov/Archives/edgar/data/1424958/000110465919000390/a18-36871_1ncsr.htm,"Statement of Changes in Net Assets; row 'Beginning of year'; column 1 of 4 (SPXL, Year Ended October 31, 2018)","Beginning of year 692,850,897",2026-09-27T19:17:49Z
SPXL,net_assets,692850897,2017-10-31,2017-10-31,2017-10-31,N-CSR,0001104659-18-000153,https://www.sec.gov/Archives/edgar/data/1424958/000110465918000153/a17-27464_1ncsr.htm,"Statement of Changes in Net Assets; row 'End of year'; column 1 of 4 (SPXL, Year Ended October 31, 2017)","End of year $ 692,850,897",2026-09-27T19:16:50Z
SPXL,operations_usd,321361332,2016-11-01,2017-10-31,2017-10-31,N-CSR,0001104659-18-000153,https://www.sec.gov/Archives/edgar/data/1424958/000110465918000153/a17-27464_1ncsr.htm,"Statement of Changes in Net Assets; row 'Net increase (decrease) in net assets resulting from operations'; column 1 of 4 (SPXL, Year Ended October 31, 2017)","Net increase (decrease) in net assets resulting from operations 321,361,332",2026-09-27T19:16:50Z
SPXL,payable_shares_redeemed_usd,24518659,2017-10-31,2017-10-31,2017-10-31,N-CSR,0001104659-18-000153,https://www.sec.gov/Archives/edgar/data/1424958/000110465918000153/a17-27464_1ncsr.htm,"Statement of Assets and Liabilities October 31, 2017; row 'Payable for Fund shares redeemed'; column 3 of 4 (SPXL)","Payable for Fund shares redeemed — — 24,518,659",2026-09-27T19:16:50Z
SPXL,receivable_shares_sold_usd,24453084,2017-10-31,2017-10-31,2017-10-31,N-CSR,0001104659-18-000153,https://www.sec.gov/Archives/edgar/data/1424958/000110465918000153/a17-27464_1ncsr.htm,"Statement of Assets and Liabilities October 31, 2017; row 'Receivable for Fund shares sold'; column 3 of 4 (SPXL)","Receivable for Fund shares sold — — 24,453,084",2026-09-27T19:16:50Z
SPXL,redemptions_usd,-1390390693,2016-11-01,2017-10-31,2017-10-31,N-CSR,0001104659-18-000153,https://www.sec.gov/Archives/edgar/data/1424958/000110465918000153/a17-27464_1ncsr.htm,"Statement of Changes in Net Assets; row 'Cost of shares redeemed'; column 1 of 4 (SPXL, Year Ended October 31, 2017)","Cost of shares redeemed (1,390,390,693 )",2026-09-27T19:16:50Z
SPXL,sales_usd,1303134520,2016-11-01,2017-10-31,2017-10-31,N-CSR,0001104659-18-000153,https://www.sec.gov/Archives/edgar/data/1424958/000110465918000153/a17-27464_1ncsr.htm,"Statement of Changes in Net Assets; row 'Proceeds from shares sold'; column 1 of 4 (SPXL, Year Ended October 31, 2017)","Proceeds from shares sold 1,303,134,520",2026-09-27T19:16:50Z
SPXL,shares_redeemed,-41300000,2016-11-01,2017-10-31,2017-10-31,N-CSR,0001104659-18-000153,https://www.sec.gov/Archives/edgar/data/1424958/000110465918000153/a17-27464_1ncsr.htm,"Statement of Changes in Net Assets; row 'Shares repurchased'; column 1 of 4 (SPXL, Year Ended October 31, 2017); footnote 1: 'Effective May 1, 2017, the Fund had a 4:1 forward stock split' (share amounts for all periods adjusted)","Shares repurchased (41,300,000 )",2026-09-27T19:16:50Z
SPXL,shares_sold,38250000,2016-11-01,2017-10-31,2017-10-31,N-CSR,0001104659-18-000153,https://www.sec.gov/Archives/edgar/data/1424958/000110465918000153/a17-27464_1ncsr.htm,"Statement of Changes in Net Assets; row 'Shares sold'; column 1 of 4 (SPXL, Year Ended October 31, 2017); footnote 1: 'Effective May 1, 2017, the Fund had a 4:1 forward stock split' (share amounts for all periods adjusted)","Shares sold 38,250,000",2026-09-27T19:16:50Z
SPXL,transaction_fees_usd,338632,2016-11-01,2017-10-31,2017-10-31,N-CSR,0001104659-18-000153,https://www.sec.gov/Archives/edgar/data/1424958/000110465918000153/a17-27464_1ncsr.htm,"Statement of Changes in Net Assets; row 'Transaction fees (Note 4)'; column 1 of 4 (SPXL, Year Ended October 31, 2017)","Transaction fees (Note 4) 338,632",2026-09-27T19:16:50Z
SPXL,net_assets,692850897,2017-10-31,2017-10-31,2017-10-31,N-CSRS,0001104659-18-044245,https://www.sec.gov/Archives/edgar/data/1424958/000110465918044245/a18-8411_1ncsrs.htm,"Statement of Changes in Net Assets; row 'Beginning of year/period'; column 1 of 4 (SPXL, Six Months Ended April 30, 2018)","Beginning of year/period 692,850,897",2026-09-27T19:17:17Z
SPXL,month_redemptions_usd,49462000,2017-05-01,2017-05-31,2017-10-31,NSAR-B,0001171520-17-000526,https://www.sec.gov/Archives/edgar/data/1424958/000117152017000526/answer.fil,"N-SAR series 01 = item 7C '007 C020100 DIREXION DAILY S&P 500 BULL 3X SHARES'; item 28A (month 1 of 6) column 04 = total NAV of shares redeemed, $000s",028 A040100 49462,2026-09-27T19:16:22Z
SPXL,month_redemptions_usd,128189000,2017-06-01,2017-06-30,2017-10-31,NSAR-B,0001171520-17-000526,https://www.sec.gov/Archives/edgar/data/1424958/000117152017000526/answer.fil,"N-SAR series 01 = item 7C '007 C020100 DIREXION DAILY S&P 500 BULL 3X SHARES'; item 28B (month 2 of 6) column 04 = total NAV of shares redeemed, $000s",028 B040100 128189,2026-09-27T19:16:22Z
SPXL,month_redemptions_usd,122168000,2017-07-01,2017-07-31,2017-10-31,NSAR-B,0001171520-17-000526,https://www.sec.gov/Archives/edgar/data/1424958/000117152017000526/answer.fil,"N-SAR series 01 = item 7C '007 C020100 DIREXION DAILY S&P 500 BULL 3X SHARES'; item 28C (month 3 of 6) column 04 = total NAV of shares redeemed, $000s",028 C040100 122168,2026-09-27T19:16:22Z
SPXL,month_redemptions_usd,259120000,2017-08-01,2017-08-31,2017-10-31,NSAR-B,0001171520-17-000526,https://www.sec.gov/Archives/edgar/data/1424958/000117152017000526/answer.fil,"N-SAR series 01 = item 7C '007 C020100 DIREXION DAILY S&P 500 BULL 3X SHARES'; item 28D (month 4 of 6) column 04 = total NAV of shares redeemed, $000s",028 D040100 259120,2026-09-27T19:16:22Z
SPXL,month_redemptions_usd,182093000,2017-09-01,2017-09-30,2017-10-31,NSAR-B,0001171520-17-000526,https://www.sec.gov/Archives/edgar/data/1424958/000117152017000526/answer.fil,"N-SAR series 01 = item 7C '007 C020100 DIREXION DAILY S&P 500 BULL 3X SHARES'; item 28E (month 5 of 6) column 04 = total NAV of shares redeemed, $000s",028 E040100 182093,2026-09-27T19:16:22Z
SPXL,month_redemptions_usd,234307000,2017-10-01,2017-10-31,2017-10-31,NSAR-B,0001171520-17-000526,https://www.sec.gov/Archives/edgar/data/1424958/000117152017000526/answer.fil,"N-SAR series 01 = item 7C '007 C020100 DIREXION DAILY S&P 500 BULL 3X SHARES'; item 28F (month 6 of 6) column 04 = total NAV of shares redeemed, $000s",028 F040100 234307,2026-09-27T19:16:22Z
SPXL,month_sales_usd,23116000,2017-05-01,2017-05-31,2017-10-31,NSAR-B,0001171520-17-000526,https://www.sec.gov/Archives/edgar/data/1424958/000117152017000526/answer.fil,"N-SAR series 01 = item 7C '007 C020100 DIREXION DAILY S&P 500 BULL 3X SHARES'; item 28A (month 1 of 6) column 01 = total NAV of shares sold, $000s; CHECK: these six rows sum to +2,045,864 vs the statements' half-year (N-CSR year to 2017-10-31 less N-CSRS six months to 2017-04-30, proceeds incl. transaction fees)",028 A010100 23116,2026-09-27T19:16:22Z
SPXL,month_sales_usd,119432000,2017-06-01,2017-06-30,2017-10-31,NSAR-B,0001171520-17-000526,https://www.sec.gov/Archives/edgar/data/1424958/000117152017000526/answer.fil,"N-SAR series 01 = item 7C '007 C020100 DIREXION DAILY S&P 500 BULL 3X SHARES'; item 28B (month 2 of 6) column 01 = total NAV of shares sold, $000s; CHECK: these six rows sum to +2,045,864 vs the statements' half-year (N-CSR year to 2017-10-31 less N-CSRS six months to 2017-04-30, proceeds incl. transaction fees)",028 B010100 119432,2026-09-27T19:16:22Z
SPXL,month_sales_usd,112429000,2017-07-01,2017-07-31,2017-10-31,NSAR-B,0001171520-17-000526,https://www.sec.gov/Archives/edgar/data/1424958/000117152017000526/answer.fil,"N-SAR series 01 = item 7C '007 C020100 DIREXION DAILY S&P 500 BULL 3X SHARES'; item 28C (month 3 of 6) column 01 = total NAV of shares sold, $000s; CHECK: these six rows sum to +2,045,864 vs the statements' half-year (N-CSR year to 2017-10-31 less N-CSRS six months to 2017-04-30, proceeds incl. transaction fees)",028 C010100 112429,2026-09-27T19:16:22Z
SPXL,month_sales_usd,268498000,2017-08-01,2017-08-31,2017-10-31,NSAR-B,0001171520-17-000526,https://www.sec.gov/Archives/edgar/data/1424958/000117152017000526/answer.fil,"N-SAR series 01 = item 7C '007 C020100 DIREXION DAILY S&P 500 BULL 3X SHARES'; item 28D (month 4 of 6) column 01 = total NAV of shares sold, $000s; CHECK: these six rows sum to +2,045,864 vs the statements' half-year (N-CSR year to 2017-10-31 less N-CSRS six months to 2017-04-30, proceeds incl. transaction fees)",028 D010100 268498,2026-09-27T19:16:22Z
SPXL,month_sales_usd,154967000,2017-09-01,2017-09-30,2017-10-31,NSAR-B,0001171520-17-000526,https://www.sec.gov/Archives/edgar/data/1424958/000117152017000526/answer.fil,"N-SAR series 01 = item 7C '007 C020100 DIREXION DAILY S&P 500 BULL 3X SHARES'; item 28E (month 5 of 6) column 01 = total NAV of shares sold, $000s; CHECK: these six rows sum to +2,045,864 vs the statements' half-year (N-CSR year to 2017-10-31 less N-CSRS six months to 2017-04-30, proceeds incl. transaction fees)",028 E010100 154967,2026-09-27T19:16:22Z
SPXL,month_sales_usd,281455000,2017-10-01,2017-10-31,2017-10-31,NSAR-B,0001171520-17-000526,https://www.sec.gov/Archives/edgar/data/1424958/000117152017000526/answer.fil,"N-SAR series 01 = item 7C '007 C020100 DIREXION DAILY S&P 500 BULL 3X SHARES'; item 28F (month 6 of 6) column 01 = total NAV of shares sold, $000s; CHECK: these six rows sum to +2,045,864 vs the statements' half-year (N-CSR year to 2017-10-31 less N-CSRS six months to 2017-04-30, proceeds incl. transaction fees)",028 F010100 281455,2026-09-27T19:16:22Z
SPXL,net_assets,692850000,2017-10-31,2017-10-31,2017-10-31,NSAR-B,0001171520-17-000526,https://www.sec.gov/Archives/edgar/data/1424958/000117152017000526/answer.fil,"N-SAR series 01 = item 7C '007 C020100 DIREXION DAILY S&P 500 BULL 3X SHARES'; item 74T net assets, $000s",074 T000100 692850,2026-09-27T19:16:22Z
SPXL,net_assets,1222378003,2018-01-31,2018-01-31,2018-01-31,N-Q,0001387131-18-001272,https://www.sec.gov/Archives/edgar/data/1424958/000138713118001272/dsetft-nq_013118.htm,"Schedule of Investments, Direxion Daily S&P 500® Bull 3X Shares Schedule of Investments (Unaudited) January 31, 2018; foot line 'TOTAL NET ASSETS - 100.0%'","TOTAL NET ASSETS - 100.0% $ 1,222,378,003",2026-09-27T19:16:57Z
SPXL,distributions_usd,-29982685,2017-11-01,2018-04-30,2018-04-30,N-CSRS,0001104659-18-044245,https://www.sec.gov/Archives/edgar/data/1424958/000110465918044245/a18-8411_1ncsrs.htm,"Statement of Changes in Net Assets; row 'Total distributions'; column 1 of 4 (SPXL, Six Months Ended April 30, 2018)","Total distributions (29,982,685 )",2026-09-27T19:17:17Z
SPXL,net_assets,1121189933,2018-04-30,2018-04-30,2018-04-30,N-CSRS,0001104659-18-044245,https://www.sec.gov/Archives/edgar/data/1424958/000110465918044245/a18-8411_1ncsrs.htm,"Statement of Assets and Liabilities April 30, 2018; row 'Net Assets' (first); column 3 of 4 (SPXL)","Net Assets $ 59,974,450 $ 3,536,968 $ 1,121,189,933",2026-09-27T19:17:17Z
SPXL,net_assets,1121189933,2018-04-30,2018-04-30,2018-04-30,N-CSRS,0001104659-18-044245,https://www.sec.gov/Archives/edgar/data/1424958/000110465918044245/a18-8411_1ncsrs.htm,"Statement of Changes in Net Assets; row 'End of year/period'; column 1 of 4 (SPXL, Six Months Ended April 30, 2018)","End of year/period $ 1,121,189,933",2026-09-27T19:17:17Z
SPXL,operations_usd,-10281056,2017-11-01,2018-04-30,2018-04-30,N-CSRS,0001104659-18-044245,https://www.sec.gov/Archives/edgar/data/1424958/000110465918044245/a18-8411_1ncsrs.htm,"Statement of Changes in Net Assets; row 'Net increase (decrease) in net assets resulting from operations'; column 1 of 4 (SPXL, Six Months Ended April 30, 2018)","Net increase (decrease) in net assets resulting from operations (10,281,056 )",2026-09-27T19:17:17Z
SPXL,payable_shares_redeemed_usd,27660,2018-04-30,2018-04-30,2018-04-30,N-CSRS,0001104659-18-044245,https://www.sec.gov/Archives/edgar/data/1424958/000110465918044245/a18-8411_1ncsrs.htm,"Statement of Assets and Liabilities April 30, 2018; row 'Payable for Fund shares redeemed'; column 3 of 4 (SPXL)","Payable for Fund shares redeemed — 648,468 27,660",2026-09-27T19:17:17Z
SPXL,receivable_shares_sold_usd,10445728,2018-04-30,2018-04-30,2018-04-30,N-CSRS,0001104659-18-044245,https://www.sec.gov/Archives/edgar/data/1424958/000110465918044245/a18-8411_1ncsrs.htm,"Statement of Assets and Liabilities April 30, 2018; row 'Receivable for Fund shares sold'; column 3 of 4 (SPXL)","Receivable for Fund shares sold — — 10,445,728",2026-09-27T19:17:17Z
SPXL,redemptions_usd,-778919820,2017-11-01,2018-04-30,2018-04-30,N-CSRS,0001104659-18-044245,https://www.sec.gov/Archives/edgar/data/1424958/000110465918044245/a18-8411_1ncsrs.htm,"Statement of Changes in Net Assets; row 'Cost of shares redeemed'; column 1 of 4 (SPXL, Six Months Ended April 30, 2018)","Cost of shares redeemed (778,919,820 )",2026-09-27T19:17:17Z
SPXL,sales_usd,1247325359,2017-11-01,2018-04-30,2018-04-30,N-CSRS,0001104659-18-044245,https://www.sec.gov/Archives/edgar/data/1424958/000110465918044245/a18-8411_1ncsrs.htm,"Statement of Changes in Net Assets; row 'Proceeds from shares sold'; column 1 of 4 (SPXL, Six Months Ended April 30, 2018)","Proceeds from shares sold 1,247,325,359",2026-09-27T19:17:17Z
SPXL,shares_redeemed,-17700000,2017-11-01,2018-04-30,2018-04-30,N-CSRS,0001104659-18-044245,https://www.sec.gov/Archives/edgar/data/1424958/000110465918044245/a18-8411_1ncsrs.htm,"Statement of Changes in Net Assets; row 'Shares repurchased'; column 1 of 4 (SPXL, Six Months Ended April 30, 2018)","Shares repurchased (17,700,000 )",2026-09-27T19:17:17Z
SPXL,shares_sold,27950000,2017-11-01,2018-04-30,2018-04-30,N-CSRS,0001104659-18-044245,https://www.sec.gov/Archives/edgar/data/1424958/000110465918044245/a18-8411_1ncsrs.htm,"Statement of Changes in Net Assets; row 'Shares sold'; column 1 of 4 (SPXL, Six Months Ended April 30, 2018)","Shares sold 27,950,000",2026-09-27T19:17:17Z
SPXL,transaction_fees_usd,197238,2017-11-01,2018-04-30,2018-04-30,N-CSRS,0001104659-18-044245,https://www.sec.gov/Archives/edgar/data/1424958/000110465918044245/a18-8411_1ncsrs.htm,"Statement of Changes in Net Assets; row 'Transaction fees (Note 4)'; column 1 of 4 (SPXL, Six Months Ended April 30, 2018)","Transaction fees (Note 4) 197,238",2026-09-27T19:17:17Z
SPXL,net_assets,920352275,2018-07-31,2018-07-31,2018-07-31,N-Q,0001387131-18-005039,https://www.sec.gov/Archives/edgar/data/1424958/000138713118005039/dsetft-nq_073118.htm,"Schedule of Investments, Direxion Daily S&P 500® Bull 3X Shares Schedule of Investments (Unaudited) July 31, 2018; foot line 'TOTAL NET ASSETS - 100.0%'","TOTAL NET ASSETS - 100.0% $ 920,352,275",2026-09-27T19:17:23Z
SPXL,distributions_usd,-32208266,2017-11-01,2018-10-31,2018-10-31,N-CSR,0001104659-19-000390,https://www.sec.gov/Archives/edgar/data/1424958/000110465919000390/a18-36871_1ncsr.htm,"Statement of Changes in Net Assets; row 'Total distributions'; column 1 of 4 (SPXL, Year Ended October 31, 2018)","Total distributions (32,208,266 )",2026-09-27T19:17:49Z
SPXL,net_assets,992231704,2018-10-31,2018-10-31,2018-10-31,N-CSR,0001104659-19-000390,https://www.sec.gov/Archives/edgar/data/1424958/000110465919000390/a18-36871_1ncsr.htm,"Statement of Assets and Liabilities October 31, 2018; row 'Net Assets' (first); column 3 of 4 (SPXL)","Net Assets $ 57,678,063 $ 4,404,405 $ 992,231,704",2026-09-27T19:17:49Z
SPXL,net_assets,992231704,2018-10-31,2018-10-31,2018-10-31,N-CSR,0001104659-19-076733,https://www.sec.gov/Archives/edgar/data/1424958/000110465919076733/a19-23052_1ncsr.htm,"Statement of Changes in Net Assets; row 'Beginning of year'; column 1 of 4 (SPXL, Year Ended October 31, 2019)","Beginning of year 992,231,704",2026-09-27T19:19:17Z
SPXL,net_assets,992231704,2018-10-31,2018-10-31,2018-10-31,N-CSR,0001104659-19-000390,https://www.sec.gov/Archives/edgar/data/1424958/000110465919000390/a18-36871_1ncsr.htm,"Statement of Changes in Net Assets; row 'End of year'; column 1 of 4 (SPXL, Year Ended October 31, 2018)","End of year $ 992,231,704",2026-09-27T19:17:49Z
SPXL,operations_usd,72943609,2017-11-01,2018-10-31,2018-10-31,N-CSR,0001104659-19-000390,https://www.sec.gov/Archives/edgar/data/1424958/000110465919000390/a18-36871_1ncsr.htm,"Statement of Changes in Net Assets; row 'Net increase (decrease) in net assets resulting from operations'; column 1 of 4 (SPXL, Year Ended October 31, 2018)","Net increase (decrease) in net assets resulting from operations 72,943,609",2026-09-27T19:17:49Z
SPXL,payable_shares_redeemed_usd,0,2018-10-31,2018-10-31,2018-10-31,N-CSR,0001104659-19-000390,https://www.sec.gov/Archives/edgar/data/1424958/000110465919000390/a18-36871_1ncsr.htm,"Statement of Assets and Liabilities October 31, 2018; row 'Payable for Fund shares redeemed'; column 3 of 4 (SPXL)",Payable for Fund shares redeemed — — —,2026-09-27T19:17:49Z
SPXL,receivable_shares_sold_usd,186697,2018-10-31,2018-10-31,2018-10-31,N-CSR,0001104659-19-000390,https://www.sec.gov/Archives/edgar/data/1424958/000110465919000390/a18-36871_1ncsr.htm,"Statement of Assets and Liabilities October 31, 2018; row 'Receivable for Fund shares sold'; column 3 of 4 (SPXL)","Receivable for Fund shares sold — — 186,697",2026-09-27T19:17:49Z
SPXL,redemptions_usd,-1417003027,2017-11-01,2018-10-31,2018-10-31,N-CSR,0001104659-19-000390,https://www.sec.gov/Archives/edgar/data/1424958/000110465919000390/a18-36871_1ncsr.htm,"Statement of Changes in Net Assets; row 'Cost of shares redeemed'; column 1 of 4 (SPXL, Year Ended October 31, 2018)","Cost of shares redeemed (1,417,003,027 )",2026-09-27T19:17:49Z
SPXL,sales_usd,1675301042,2017-11-01,2018-10-31,2018-10-31,N-CSR,0001104659-19-000390,https://www.sec.gov/Archives/edgar/data/1424958/000110465919000390/a18-36871_1ncsr.htm,"Statement of Changes in Net Assets; row 'Proceeds from shares sold'; column 1 of 4 (SPXL, Year Ended October 31, 2018)","Proceeds from shares sold 1,675,301,042",2026-09-27T19:17:49Z
SPXL,shares_redeemed,-31300000,2017-11-01,2018-10-31,2018-10-31,N-CSR,0001104659-19-000390,https://www.sec.gov/Archives/edgar/data/1424958/000110465919000390/a18-36871_1ncsr.htm,"Statement of Changes in Net Assets; row 'Shares repurchased'; column 1 of 4 (SPXL, Year Ended October 31, 2018)","Shares repurchased (31,300,000 )",2026-09-27T19:17:49Z
SPXL,shares_sold,37400000,2017-11-01,2018-10-31,2018-10-31,N-CSR,0001104659-19-000390,https://www.sec.gov/Archives/edgar/data/1424958/000110465919000390/a18-36871_1ncsr.htm,"Statement of Changes in Net Assets; row 'Shares sold'; column 1 of 4 (SPXL, Year Ended October 31, 2018)","Shares sold 37,400,000",2026-09-27T19:17:49Z
SPXL,transaction_fees_usd,347449,2017-11-01,2018-10-31,2018-10-31,N-CSR,0001104659-19-000390,https://www.sec.gov/Archives/edgar/data/1424958/000110465919000390/a18-36871_1ncsr.htm,"Statement of Changes in Net Assets; row 'Transaction fees (Note 4)'; column 1 of 4 (SPXL, Year Ended October 31, 2018)","Transaction fees (Note 4) 347,449",2026-09-27T19:17:49Z
SPXL,net_assets,992231704,2018-10-31,2018-10-31,2018-10-31,N-CSRS,0001104659-19-039517,https://www.sec.gov/Archives/edgar/data/1424958/000110465919039517/a19-3737_1ncsrs.htm,"Statement of Changes in Net Assets; row 'Beginning of year/period'; column 1 of 4 (SPXL, Six Months Ended April 30, 2019)","Beginning of year/period 992,231,704",2026-09-27T19:18:42Z
SPXL,net_assets,1030400126,2019-01-31,2019-01-31,2019-01-31,N-Q,0001387131-19-002268,https://www.sec.gov/Archives/edgar/data/1424958/000138713119002268/dsetft-nq_013119.htm,"Schedule of Investments, Direxion Daily S&P 500® Bull 3X Shares Schedule of Investments (Unaudited) January 31, 2019; foot line 'TOTAL NET ASSETS - 100.0%'","TOTAL NET ASSETS - 100.0% $ 1,030,400,126",2026-09-27T19:18:17Z
SPXL,distributions_usd,-5908966,2018-11-01,2019-04-30,2019-04-30,N-CSRS,0001104659-19-039517,https://www.sec.gov/Archives/edgar/data/1424958/000110465919039517/a19-3737_1ncsrs.htm,"Statement of Changes in Net Assets; row 'Total distributions'; column 1 of 4 (SPXL, Six Months Ended April 30, 2019)","Total distributions (5,908,966 )",2026-09-27T19:18:42Z
SPXL,net_assets,1063034723,2019-04-30,2019-04-30,2019-04-30,N-CSRS,0001104659-19-039517,https://www.sec.gov/Archives/edgar/data/1424958/000110465919039517/a19-3737_1ncsrs.htm,"Statement of Assets and Liabilities April 30, 2019; row 'Net Assets' (first); column 3 of 4 (SPXL)","Net Assets $ 54,649,854 $ 3,220,355 $ 1,063,034,723",2026-09-27T19:18:42Z
SPXL,net_assets,1063034723,2019-04-30,2019-04-30,2019-04-30,N-CSRS,0001104659-19-039517,https://www.sec.gov/Archives/edgar/data/1424958/000110465919039517/a19-3737_1ncsrs.htm,"Statement of Changes in Net Assets; row 'End of year/period'; column 1 of 4 (SPXL, Six Months Ended April 30, 2019)","End of year/period $ 1,063,034,723",2026-09-27T19:18:42Z
SPXL,operations_usd,223682834,2018-11-01,2019-04-30,2019-04-30,N-CSRS,0001104659-19-039517,https://www.sec.gov/Archives/edgar/data/1424958/000110465919039517/a19-3737_1ncsrs.htm,"Statement of Changes in Net Assets; row 'Net increase (decrease) in net assets resulting from operations'; column 1 of 4 (SPXL, Six Months Ended April 30, 2019)","Net increase (decrease) in net assets resulting from operations 223,682,834",2026-09-27T19:18:42Z
SPXL,redemptions_usd,-596785249,2018-11-01,2019-04-30,2019-04-30,N-CSRS,0001104659-19-039517,https://www.sec.gov/Archives/edgar/data/1424958/000110465919039517/a19-3737_1ncsrs.htm,"Statement of Changes in Net Assets; row 'Cost of shares redeemed'; column 1 of 4 (SPXL, Six Months Ended April 30, 2019)","Cost of shares redeemed (596,785,249 )",2026-09-27T19:18:42Z
SPXL,sales_usd,449672568,2018-11-01,2019-04-30,2019-04-30,N-CSRS,0001104659-19-039517,https://www.sec.gov/Archives/edgar/data/1424958/000110465919039517/a19-3737_1ncsrs.htm,"Statement of Changes in Net Assets; row 'Proceeds from shares sold'; column 1 of 4 (SPXL, Six Months Ended April 30, 2019)","Proceeds from shares sold 449,672,568",2026-09-27T19:18:42Z
SPXL,shares_redeemed,-14500000,2018-11-01,2019-04-30,2019-04-30,N-CSRS,0001104659-19-039517,https://www.sec.gov/Archives/edgar/data/1424958/000110465919039517/a19-3737_1ncsrs.htm,"Statement of Changes in Net Assets; row 'Shares repurchased'; column 1 of 4 (SPXL, Six Months Ended April 30, 2019)","Shares repurchased (14,500,000 )",2026-09-27T19:18:42Z
SPXL,shares_sold,11750000,2018-11-01,2019-04-30,2019-04-30,N-CSRS,0001104659-19-039517,https://www.sec.gov/Archives/edgar/data/1424958/000110465919039517/a19-3737_1ncsrs.htm,"Statement of Changes in Net Assets; row 'Shares sold'; column 1 of 4 (SPXL, Six Months Ended April 30, 2019)","Shares sold 11,750,000",2026-09-27T19:18:42Z
SPXL,transaction_fees_usd,141832,2018-11-01,2019-04-30,2019-04-30,N-CSRS,0001104659-19-039517,https://www.sec.gov/Archives/edgar/data/1424958/000110465919039517/a19-3737_1ncsrs.htm,"Statement of Changes in Net Assets; row 'Transaction fees (Note 4)'; column 1 of 4 (SPXL, Six Months Ended April 30, 2019)","Transaction fees (Note 4) 141,832",2026-09-27T19:18:42Z
SPXL,net_assets,977845319,2019-07-31,2019-07-31,2019-07-31,NPORT-EX,0001193125-19-256858,https://www.sec.gov/Archives/edgar/data/1424958/000119312519256858/d802631dnportex.htm,"Schedule of Investments, Direxion Daily S&P 500 ® Bull 3X Shares Schedule of Investments (Unaudited) July 31, 2019; foot line 'TOTAL NET ASSETS - 100.0%'","TOTAL NET ASSETS - 100.0% $ 977,845,319",2026-09-27T19:18:50Z
SPXL,distributions_usd,-11449455,2018-11-01,2019-10-31,2019-10-31,N-CSR,0001104659-19-076733,https://www.sec.gov/Archives/edgar/data/1424958/000110465919076733/a19-23052_1ncsr.htm,"Statement of Changes in Net Assets; row 'Total distributions'; column 1 of 4 (SPXL, Year Ended October 31, 2019)","Total distributions (11,449,455 )",2026-09-27T19:19:17Z
SPXL,net_assets,947850788,2019-10-31,2019-10-31,2019-10-31,N-CSR,0001104659-19-076733,https://www.sec.gov/Archives/edgar/data/1424958/000110465919076733/a19-23052_1ncsr.htm,"Statement of Assets and Liabilities October 31, 2019; row 'Net Assets' (first); column 3 of 4 (SPXL)","Net Assets $ 46,481,486 $ 3,059,740 $ 947,850,788",2026-09-27T19:19:17Z
SPXL,net_assets,947850788,2019-10-31,2019-10-31,2019-10-31,N-CSR,0001104659-19-076733,https://www.sec.gov/Archives/edgar/data/1424958/000110465919076733/a19-23052_1ncsr.htm,"Statement of Changes in Net Assets; row 'End of year'; column 1 of 4 (SPXL, Year Ended October 31, 2019)","End of year $ 947,850,788",2026-09-27T19:19:17Z
SPXL,operations_usd,302110564,2018-11-01,2019-10-31,2019-10-31,N-CSR,0001104659-19-076733,https://www.sec.gov/Archives/edgar/data/1424958/000110465919076733/a19-23052_1ncsr.htm,"Statement of Changes in Net Assets; row 'Net increase (decrease) in net assets resulting from operations'; column 1 of 4 (SPXL, Year Ended October 31, 2019)","Net increase (decrease) in net assets resulting from operations 302,110,564",2026-09-27T19:19:17Z
SPXL,payable_shares_redeemed_usd,13813037,2019-10-31,2019-10-31,2019-10-31,N-CSR,0001104659-19-076733,https://www.sec.gov/Archives/edgar/data/1424958/000110465919076733/a19-23052_1ncsr.htm,"Statement of Assets and Liabilities October 31, 2019; row 'Payable for Fund shares redeemed'; column 3 of 4 (SPXL)","Payable for Fund shares redeemed — — 13,813,037",2026-09-27T19:19:17Z
SPXL,receivable_shares_sold_usd,4144,2019-10-31,2019-10-31,2019-10-31,N-CSR,0001104659-19-076733,https://www.sec.gov/Archives/edgar/data/1424958/000110465919076733/a19-23052_1ncsr.htm,"Statement of Assets and Liabilities October 31, 2019; row 'Receivable for Fund shares sold'; column 3 of 4 (SPXL)","Receivable for Fund shares sold — — 4,144",2026-09-27T19:19:17Z
SPXL,redemptions_usd,-1328657459,2018-11-01,2019-10-31,2019-10-31,N-CSR,0001104659-19-076733,https://www.sec.gov/Archives/edgar/data/1424958/000110465919076733/a19-23052_1ncsr.htm,"Statement of Changes in Net Assets; row 'Cost of shares redeemed'; column 1 of 4 (SPXL, Year Ended October 31, 2019)","Cost of shares redeemed (1,328,657,459 )",2026-09-27T19:19:17Z
SPXL,sales_usd,993301395,2018-11-01,2019-10-31,2019-10-31,N-CSR,0001104659-19-076733,https://www.sec.gov/Archives/edgar/data/1424958/000110465919076733/a19-23052_1ncsr.htm,"Statement of Changes in Net Assets; row 'Proceeds from shares sold'; column 1 of 4 (SPXL, Year Ended October 31, 2019)","Proceeds from shares sold 993,301,395",2026-09-27T19:19:17Z
SPXL,shares_redeemed,-28600000,2018-11-01,2019-10-31,2019-10-31,N-CSR,0001104659-19-076733,https://www.sec.gov/Archives/edgar/data/1424958/000110465919076733/a19-23052_1ncsr.htm,"Statement of Changes in Net Assets; row 'Shares repurchased'; column 1 of 4 (SPXL, Year Ended October 31, 2019)","Shares repurchased (28,600,000 )",2026-09-27T19:19:17Z
SPXL,shares_sold,22700000,2018-11-01,2019-10-31,2019-10-31,N-CSR,0001104659-19-076733,https://www.sec.gov/Archives/edgar/data/1424958/000110465919076733/a19-23052_1ncsr.htm,"Statement of Changes in Net Assets; row 'Shares sold'; column 1 of 4 (SPXL, Year Ended October 31, 2019)","Shares sold 22,700,000",2026-09-27T19:19:17Z
SPXL,transaction_fees_usd,314039,2018-11-01,2019-10-31,2019-10-31,N-CSR,0001104659-19-076733,https://www.sec.gov/Archives/edgar/data/1424958/000110465919076733/a19-23052_1ncsr.htm,"Statement of Changes in Net Assets; row 'Transaction fees (Note 4)'; column 1 of 4 (SPXL, Year Ended October 31, 2019)","Transaction fees (Note 4) 314,039",2026-09-27T19:19:17Z
SPXS,net_assets,204478677,2014-10-31,2014-10-31,2014-10-31,N-CSR,0001104659-16-087689,https://www.sec.gov/Archives/edgar/data/1424958/000110465916087689/a15-22514_1ncsr.htm,"Statement of Changes in Net Assets; row 'Beginning of year'; column 3 of 4 (SPXS, Year Ended October 31, 2015)","Beginning of year 552,931,257 299,525,702 204,478,677",2026-09-27T19:14:31Z
SPXS,net_assets,204478677,2014-10-31,2014-10-31,2014-10-31,N-CSRS,0001193125-15-242918,https://www.sec.gov/Archives/edgar/data/1424958/000119312515242918/d932862dncsrs.htm,"Statement of Changes in Net Assets; row 'Beginning of period/year'; column 3 of 4 (SPXS, Six Months Ended April 30, 2015)","Beginning of period/year 552,931,257 299,525,702 204,478,677",2026-09-27T19:19:46Z
SPXS,distributions_usd,0,2014-11-01,2015-04-30,2015-04-30,N-CSRS,0001193125-15-242918,https://www.sec.gov/Archives/edgar/data/1424958/000119312515242918/d932862dncsrs.htm,"Statement of Changes in Net Assets; row 'Distributions to shareholders:' (all dashes); column 3 of 4 (SPXS, Six Months Ended April 30, 2015)",Distributions to shareholders: — — — —,2026-09-27T19:19:46Z
SPXS,net_assets,242823839,2015-04-30,2015-04-30,2015-04-30,N-CSRS,0001193125-15-242918,https://www.sec.gov/Archives/edgar/data/1424958/000119312515242918/d932862dncsrs.htm,"Statement of Assets and Liabilities April 30, 2015; row 'Net Assets' (first); column 4 of 4 (SPXS)","Net Assets $ 74,766,504 $ 8,035,500 $ 517,339,859 $ 242,823,839",2026-09-27T19:19:46Z
SPXS,net_assets,242823839,2015-04-30,2015-04-30,2015-04-30,N-CSRS,0001193125-15-242918,https://www.sec.gov/Archives/edgar/data/1424958/000119312515242918/d932862dncsrs.htm,"Statement of Changes in Net Assets; row 'End of period/year'; column 3 of 4 (SPXS, Six Months Ended April 30, 2015)","End of period/year $ 517,339,859 $ 552,931,257 $ 242,823,839",2026-09-27T19:19:46Z
SPXS,operations_usd,-31725265,2014-11-01,2015-04-30,2015-04-30,N-CSRS,0001193125-15-242918,https://www.sec.gov/Archives/edgar/data/1424958/000119312515242918/d932862dncsrs.htm,"Statement of Changes in Net Assets; row 'Net increase (decrease) in net assets resulting from operations'; column 3 of 4 (SPXS, Six Months Ended April 30, 2015)","Net increase (decrease) in net assets resulting from operations 73,457,291 177,112,830 (31,725,265 )",2026-09-27T19:19:46Z
SPXS,payable_shares_redeemed_usd,8371129,2015-04-30,2015-04-30,2015-04-30,N-CSRS,0001193125-15-242918,https://www.sec.gov/Archives/edgar/data/1424958/000119312515242918/d932862dncsrs.htm,"Statement of Assets and Liabilities April 30, 2015; row 'Payable for Fund shares redeemed'; column 4 of 4 (SPXS)","Payable for Fund shares redeemed 138,843 — — 8,371,129",2026-09-27T19:19:46Z
SPXS,receivable_shares_sold_usd,2736967,2015-04-30,2015-04-30,2015-04-30,N-CSRS,0001193125-15-242918,https://www.sec.gov/Archives/edgar/data/1424958/000119312515242918/d932862dncsrs.htm,"Statement of Assets and Liabilities April 30, 2015; row 'Receivable for Fund shares sold'; column 4 of 4 (SPXS)","Receivable for Fund shares sold — — 96,433 2,736,967",2026-09-27T19:19:46Z
SPXS,redemptions_usd,-64840098,2014-11-01,2015-04-30,2015-04-30,N-CSRS,0001193125-15-242918,https://www.sec.gov/Archives/edgar/data/1424958/000119312515242918/d932862dncsrs.htm,"Statement of Changes in Net Assets; row 'Cost of shares redeemed'; column 3 of 4 (SPXS, Six Months Ended April 30, 2015)","Cost of shares redeemed (379,418,967 ) (1,089,208,613 ) (64,840,098 )",2026-09-27T19:19:46Z
SPXS,sales_usd,134891073,2014-11-01,2015-04-30,2015-04-30,N-CSRS,0001193125-15-242918,https://www.sec.gov/Archives/edgar/data/1424958/000119312515242918/d932862dncsrs.htm,"Statement of Changes in Net Assets; row 'Proceeds from shares sold'; column 3 of 4 (SPXS, Six Months Ended April 30, 2015)","Proceeds from shares sold 270,291,632 1,165,282,695 134,891,073",2026-09-27T19:19:46Z
SPXS,shares_redeemed,-3100000,2014-11-01,2015-04-30,2015-04-30,N-CSRS,0001193125-15-242918,https://www.sec.gov/Archives/edgar/data/1424958/000119312515242918/d932862dncsrs.htm,"Statement of Changes in Net Assets; row 'Shares repurchased'; column 3 of 4 (SPXS, Six Months Ended April 30, 2015)","Shares repurchased (4,200,000 ) (14,550,000 ) (3,100,000 )",2026-09-27T19:19:46Z
SPXS,shares_sold,6950000,2014-11-01,2015-04-30,2015-04-30,N-CSRS,0001193125-15-242918,https://www.sec.gov/Archives/edgar/data/1424958/000119312515242918/d932862dncsrs.htm,"Statement of Changes in Net Assets; row 'Shares sold'; column 3 of 4 (SPXS, Six Months Ended April 30, 2015)","Shares sold 3,200,000 15,750,000 6,950,000",2026-09-27T19:19:46Z
SPXS,transaction_fees_usd,19452,2014-11-01,2015-04-30,2015-04-30,N-CSRS,0001193125-15-242918,https://www.sec.gov/Archives/edgar/data/1424958/000119312515242918/d932862dncsrs.htm,"Statement of Changes in Net Assets; row 'Transaction fees'; column 3 of 4 (SPXS, Six Months Ended April 30, 2015)","Transaction fees 78,646 218,643 19,452",2026-09-27T19:19:46Z
SPXS,month_redemptions_usd,4348000,2014-11-01,2014-11-30,2015-04-30,NSAR-A,0001325358-15-000636,https://www.sec.gov/Archives/edgar/data/1424958/000132535815000636/answer.fil,"N-SAR series 02 = item 7C '007 C020200 DIREXION DAILY S&P 500 BEAR 3X SHARES'; item 28A (month 1 of 6) column 04 = total NAV of shares redeemed, $000s",028 A040200 4348,2026-09-27T19:19:11Z
SPXS,month_redemptions_usd,14158000,2014-12-01,2014-12-31,2015-04-30,NSAR-A,0001325358-15-000636,https://www.sec.gov/Archives/edgar/data/1424958/000132535815000636/answer.fil,"N-SAR series 02 = item 7C '007 C020200 DIREXION DAILY S&P 500 BEAR 3X SHARES'; item 28B (month 2 of 6) column 04 = total NAV of shares redeemed, $000s",028 B040200 14158,2026-09-27T19:19:11Z
SPXS,month_redemptions_usd,24017000,2015-01-01,2015-01-31,2015-04-30,NSAR-A,0001325358-15-000636,https://www.sec.gov/Archives/edgar/data/1424958/000132535815000636/answer.fil,"N-SAR series 02 = item 7C '007 C020200 DIREXION DAILY S&P 500 BEAR 3X SHARES'; item 28C (month 3 of 6) column 04 = total NAV of shares redeemed, $000s",028 C040200 24017,2026-09-27T19:19:11Z
SPXS,month_redemptions_usd,0,2015-02-01,2015-02-28,2015-04-30,NSAR-A,0001325358-15-000636,https://www.sec.gov/Archives/edgar/data/1424958/000132535815000636/answer.fil,"N-SAR series 02 = item 7C '007 C020200 DIREXION DAILY S&P 500 BEAR 3X SHARES'; item 28D (month 4 of 6) column 04 = total NAV of shares redeemed, $000s",028 D040200 0,2026-09-27T19:19:11Z
SPXS,month_redemptions_usd,13946000,2015-03-01,2015-03-31,2015-04-30,NSAR-A,0001325358-15-000636,https://www.sec.gov/Archives/edgar/data/1424958/000132535815000636/answer.fil,"N-SAR series 02 = item 7C '007 C020200 DIREXION DAILY S&P 500 BEAR 3X SHARES'; item 28E (month 5 of 6) column 04 = total NAV of shares redeemed, $000s",028 E040200 13946,2026-09-27T19:19:11Z
SPXS,month_redemptions_usd,8371000,2015-04-01,2015-04-30,2015-04-30,NSAR-A,0001325358-15-000636,https://www.sec.gov/Archives/edgar/data/1424958/000132535815000636/answer.fil,"N-SAR series 02 = item 7C '007 C020200 DIREXION DAILY S&P 500 BEAR 3X SHARES'; item 28F (month 6 of 6) column 04 = total NAV of shares redeemed, $000s",028 F040200 8371,2026-09-27T19:19:11Z
SPXS,month_sales_usd,14212000,2014-11-01,2014-11-30,2015-04-30,NSAR-A,0001325358-15-000636,https://www.sec.gov/Archives/edgar/data/1424958/000132535815000636/answer.fil,"N-SAR series 02 = item 7C '007 C020200 DIREXION DAILY S&P 500 BEAR 3X SHARES'; item 28A (month 1 of 6) column 01 = total NAV of shares sold, $000s",028 A010200 14212,2026-09-27T19:19:11Z
SPXS,month_sales_usd,4000,2014-12-01,2014-12-31,2015-04-30,NSAR-A,0001325358-15-000636,https://www.sec.gov/Archives/edgar/data/1424958/000132535815000636/answer.fil,"N-SAR series 02 = item 7C '007 C020200 DIREXION DAILY S&P 500 BEAR 3X SHARES'; item 28B (month 2 of 6) column 01 = total NAV of shares sold, $000s",028 B010200 4,2026-09-27T19:19:11Z
SPXS,month_sales_usd,4121000,2015-01-01,2015-01-31,2015-04-30,NSAR-A,0001325358-15-000636,https://www.sec.gov/Archives/edgar/data/1424958/000132535815000636/answer.fil,"N-SAR series 02 = item 7C '007 C020200 DIREXION DAILY S&P 500 BEAR 3X SHARES'; item 28C (month 3 of 6) column 01 = total NAV of shares sold, $000s",028 C010200 4121,2026-09-27T19:19:11Z
SPXS,month_sales_usd,52884000,2015-02-01,2015-02-28,2015-04-30,NSAR-A,0001325358-15-000636,https://www.sec.gov/Archives/edgar/data/1424958/000132535815000636/answer.fil,"N-SAR series 02 = item 7C '007 C020200 DIREXION DAILY S&P 500 BEAR 3X SHARES'; item 28D (month 4 of 6) column 01 = total NAV of shares sold, $000s",028 D010200 52884,2026-09-27T19:19:11Z
SPXS,month_sales_usd,13803000,2015-03-01,2015-03-31,2015-04-30,NSAR-A,0001325358-15-000636,https://www.sec.gov/Archives/edgar/data/1424958/000132535815000636/answer.fil,"N-SAR series 02 = item 7C '007 C020200 DIREXION DAILY S&P 500 BEAR 3X SHARES'; item 28E (month 5 of 6) column 01 = total NAV of shares sold, $000s",028 E010200 13803,2026-09-27T19:19:11Z
SPXS,month_sales_usd,49887000,2015-04-01,2015-04-30,2015-04-30,NSAR-A,0001325358-15-000636,https://www.sec.gov/Archives/edgar/data/1424958/000132535815000636/answer.fil,"N-SAR series 02 = item 7C '007 C020200 DIREXION DAILY S&P 500 BEAR 3X SHARES'; item 28F (month 6 of 6) column 01 = total NAV of shares sold, $000s",028 F010200 49887,2026-09-27T19:19:11Z
SPXS,net_assets,242824000,2015-04-30,2015-04-30,2015-04-30,NSAR-A,0001325358-15-000636,https://www.sec.gov/Archives/edgar/data/1424958/000132535815000636/answer.fil,"N-SAR series 02 = item 7C '007 C020200 DIREXION DAILY S&P 500 BEAR 3X SHARES'; item 74T net assets, $000s",074 T000200 242824,2026-09-27T19:19:11Z
SPXS,net_assets,368523310,2015-10-31,2015-10-31,2015-10-31,N-CSR,0001104659-16-087689,https://www.sec.gov/Archives/edgar/data/1424958/000110465916087689/a15-22514_1ncsr.htm,"Statement of Assets and Liabilities October 31, 2015; row 'Net Assets' (first); column 4 of 4 (SPXS)","Net Assets $ 69,465,841 $ 11,227,331 $ 574,270,145 $ 368,523,310",2026-09-27T19:14:31Z
SPXS,net_assets,368523310,2015-10-31,2015-10-31,2015-10-31,N-CSR,0001104659-17-000187,https://www.sec.gov/Archives/edgar/data/1424958/000110465917000187/a16-20396_1ncsr.htm,"Statement of Changes in Net Assets; row 'Beginning of year'; column 3 of 4 (SPXS, Year Ended October 31, 2016)","Beginning of year 574,270,145 552,931,257 368,523,310",2026-09-27T19:15:36Z
SPXS,net_assets,368523310,2015-10-31,2015-10-31,2015-10-31,N-CSR,0001104659-16-087689,https://www.sec.gov/Archives/edgar/data/1424958/000110465916087689/a15-22514_1ncsr.htm,"Statement of Changes in Net Assets; row 'End of year'; column 3 of 4 (SPXS, Year Ended October 31, 2015)","End of year $ 574,270,145 $ 552,931,257 $ 368,523,310",2026-09-27T19:14:31Z
SPXS,operations_usd,-68243285,2014-11-01,2015-10-31,2015-10-31,N-CSR,0001104659-16-087689,https://www.sec.gov/Archives/edgar/data/1424958/000110465916087689/a15-22514_1ncsr.htm,"Statement of Changes in Net Assets; row 'Net increase (decrease) in net assets resulting from operations'; column 3 of 4 (SPXS, Year Ended October 31, 2015)","Net increase (decrease) in net assets resulting from operations 101,749,292 177,112,830 (68,243,285 )",2026-09-27T19:14:31Z
SPXS,payable_shares_redeemed_usd,0,2015-10-31,2015-10-31,2015-10-31,N-CSR,0001104659-16-087689,https://www.sec.gov/Archives/edgar/data/1424958/000110465916087689/a15-22514_1ncsr.htm,"Statement of Assets and Liabilities October 31, 2015; row 'Payable for Fund shares redeemed'; column 4 of 4 (SPXS)","Payable for Fund shares redeemed — — 36,529 —",2026-09-27T19:14:31Z
SPXS,redemptions_usd,-232215930,2014-11-01,2015-10-31,2015-10-31,N-CSR,0001104659-16-087689,https://www.sec.gov/Archives/edgar/data/1424958/000110465916087689/a15-22514_1ncsr.htm,"Statement of Changes in Net Assets; row 'Cost of shares redeemed'; column 3 of 4 (SPXS, Year Ended October 31, 2015)","Cost of shares redeemed (946,152,391 ) (1,089,208,613 ) (232,215,930 )",2026-09-27T19:14:31Z
SPXS,sales_usd,464434184,2014-11-01,2015-10-31,2015-10-31,N-CSR,0001104659-16-087689,https://www.sec.gov/Archives/edgar/data/1424958/000110465916087689/a15-22514_1ncsr.htm,"Statement of Changes in Net Assets; row 'Proceeds from shares sold'; column 3 of 4 (SPXS, Year Ended October 31, 2015)","Proceeds from shares sold 865,548,280 1,165,282,695 464,434,184",2026-09-27T19:14:31Z
SPXS,shares_redeemed,-11850000,2014-11-01,2015-10-31,2015-10-31,N-CSR,0001104659-16-087689,https://www.sec.gov/Archives/edgar/data/1424958/000110465916087689/a15-22514_1ncsr.htm,"Statement of Changes in Net Assets; row 'Shares repurchased'; column 3 of 4 (SPXS, Year Ended October 31, 2015)","Shares repurchased (10,750,000 ) (14,550,000 ) (11,850,000 )",2026-09-27T19:14:31Z
SPXS,shares_sold,24850000,2014-11-01,2015-10-31,2015-10-31,N-CSR,0001104659-16-087689,https://www.sec.gov/Archives/edgar/data/1424958/000110465916087689/a15-22514_1ncsr.htm,"Statement of Changes in Net Assets; row 'Shares sold'; column 3 of 4 (SPXS, Year Ended October 31, 2015)","Shares sold 10,600,000 15,750,000 24,850,000",2026-09-27T19:14:31Z
SPXS,transaction_fees_usd,69664,2014-11-01,2015-10-31,2015-10-31,N-CSR,0001104659-16-087689,https://www.sec.gov/Archives/edgar/data/1424958/000110465916087689/a15-22514_1ncsr.htm,"Statement of Changes in Net Assets; row 'Transaction fees'; column 3 of 4 (SPXS, Year Ended October 31, 2015)","Transaction fees 193,707 218,643 69,664",2026-09-27T19:14:31Z
SPXS,net_assets,368523310,2015-10-31,2015-10-31,2015-10-31,N-CSRS,0001104659-16-131500,https://www.sec.gov/Archives/edgar/data/1424958/000110465916131500/a16-13038_1ncsrs.htm,"Statement of Changes in Net Assets; row 'Beginning of period/year'; column 3 of 4 (SPXS, Six Months Ended April 30, 2016)","Beginning of period/year 574,270,145 552,931,257 368,523,310",2026-09-27T19:15:02Z
SPXS,month_redemptions_usd,96693000,2015-05-01,2015-05-31,2015-10-31,NSAR-B,0001171520-15-000672,https://www.sec.gov/Archives/edgar/data/1424958/000117152015000672/answer.fil,"N-SAR series 02 = item 7C '007 C020200 DIREXION DAILY S&P 500 BEAR 3X SHARES'; item 28A (month 1 of 6) column 04 = total NAV of shares redeemed, $000s; CHECK: these six rows sum to the statements' FISCAL-YEAR figure (232,215,930), not the half-year's; they are not six monthly flows as labelled",028 A040200 96693,2026-09-27T19:14:04Z
SPXS,month_redemptions_usd,28321000,2015-06-01,2015-06-30,2015-10-31,NSAR-B,0001171520-15-000672,https://www.sec.gov/Archives/edgar/data/1424958/000117152015000672/answer.fil,"N-SAR series 02 = item 7C '007 C020200 DIREXION DAILY S&P 500 BEAR 3X SHARES'; item 28B (month 2 of 6) column 04 = total NAV of shares redeemed, $000s; CHECK: these six rows sum to the statements' FISCAL-YEAR figure (232,215,930), not the half-year's; they are not six monthly flows as labelled",028 B040200 28321,2026-09-27T19:14:04Z
SPXS,month_redemptions_usd,52496000,2015-07-01,2015-07-31,2015-10-31,NSAR-B,0001171520-15-000672,https://www.sec.gov/Archives/edgar/data/1424958/000117152015000672/answer.fil,"N-SAR series 02 = item 7C '007 C020200 DIREXION DAILY S&P 500 BEAR 3X SHARES'; item 28C (month 3 of 6) column 04 = total NAV of shares redeemed, $000s; CHECK: these six rows sum to the statements' FISCAL-YEAR figure (232,215,930), not the half-year's; they are not six monthly flows as labelled",028 C040200 52496,2026-09-27T19:14:04Z
SPXS,month_redemptions_usd,18179000,2015-08-01,2015-08-31,2015-10-31,NSAR-B,0001171520-15-000672,https://www.sec.gov/Archives/edgar/data/1424958/000117152015000672/answer.fil,"N-SAR series 02 = item 7C '007 C020200 DIREXION DAILY S&P 500 BEAR 3X SHARES'; item 28D (month 4 of 6) column 04 = total NAV of shares redeemed, $000s; CHECK: these six rows sum to the statements' FISCAL-YEAR figure (232,215,930), not the half-year's; they are not six monthly flows as labelled",028 D040200 18179,2026-09-27T19:14:04Z
SPXS,month_redemptions_usd,27518000,2015-09-01,2015-09-30,2015-10-31,NSAR-B,0001171520-15-000672,https://www.sec.gov/Archives/edgar/data/1424958/000117152015000672/answer.fil,"N-SAR series 02 = item 7C '007 C020200 DIREXION DAILY S&P 500 BEAR 3X SHARES'; item 28E (month 5 of 6) column 04 = total NAV of shares redeemed, $000s; CHECK: these six rows sum to the statements' FISCAL-YEAR figure (232,215,930), not the half-year's; they are not six monthly flows as labelled",028 E040200 27518,2026-09-27T19:14:04Z
SPXS,month_redemptions_usd,9009000,2015-10-01,2015-10-31,2015-10-31,NSAR-B,0001171520-15-000672,https://www.sec.gov/Archives/edgar/data/1424958/000117152015000672/answer.fil,"N-SAR series 02 = item 7C '007 C020200 DIREXION DAILY S&P 500 BEAR 3X SHARES'; item 28F (month 6 of 6) column 04 = total NAV of shares redeemed, $000s; CHECK: these six rows sum to the statements' FISCAL-YEAR figure (232,215,930), not the half-year's; they are not six monthly flows as labelled",028 F040200 9009,2026-09-27T19:14:04Z
SPXS,month_sales_usd,220698000,2015-05-01,2015-05-31,2015-10-31,NSAR-B,0001171520-15-000672,https://www.sec.gov/Archives/edgar/data/1424958/000117152015000672/answer.fil,"N-SAR series 02 = item 7C '007 C020200 DIREXION DAILY S&P 500 BEAR 3X SHARES'; item 28A (month 1 of 6) column 01 = total NAV of shares sold, $000s; CHECK: these six rows sum to the statements' FISCAL-YEAR figure (464,503,848), not the half-year's; they are not six monthly flows as labelled",028 A010200 220698,2026-09-27T19:14:04Z
SPXS,month_sales_usd,23066000,2015-06-01,2015-06-30,2015-10-31,NSAR-B,0001171520-15-000672,https://www.sec.gov/Archives/edgar/data/1424958/000117152015000672/answer.fil,"N-SAR series 02 = item 7C '007 C020200 DIREXION DAILY S&P 500 BEAR 3X SHARES'; item 28B (month 2 of 6) column 01 = total NAV of shares sold, $000s; CHECK: these six rows sum to the statements' FISCAL-YEAR figure (464,503,848), not the half-year's; they are not six monthly flows as labelled",028 B010200 23066,2026-09-27T19:14:04Z
SPXS,month_sales_usd,43914000,2015-07-01,2015-07-31,2015-10-31,NSAR-B,0001171520-15-000672,https://www.sec.gov/Archives/edgar/data/1424958/000117152015000672/answer.fil,"N-SAR series 02 = item 7C '007 C020200 DIREXION DAILY S&P 500 BEAR 3X SHARES'; item 28C (month 3 of 6) column 01 = total NAV of shares sold, $000s; CHECK: these six rows sum to the statements' FISCAL-YEAR figure (464,503,848), not the half-year's; they are not six monthly flows as labelled",028 C010200 43914,2026-09-27T19:14:04Z
SPXS,month_sales_usd,7118000,2015-08-01,2015-08-31,2015-10-31,NSAR-B,0001171520-15-000672,https://www.sec.gov/Archives/edgar/data/1424958/000117152015000672/answer.fil,"N-SAR series 02 = item 7C '007 C020200 DIREXION DAILY S&P 500 BEAR 3X SHARES'; item 28D (month 4 of 6) column 01 = total NAV of shares sold, $000s; CHECK: these six rows sum to the statements' FISCAL-YEAR figure (464,503,848), not the half-year's; they are not six monthly flows as labelled",028 D010200 7118,2026-09-27T19:14:04Z
SPXS,month_sales_usd,52981000,2015-09-01,2015-09-30,2015-10-31,NSAR-B,0001171520-15-000672,https://www.sec.gov/Archives/edgar/data/1424958/000117152015000672/answer.fil,"N-SAR series 02 = item 7C '007 C020200 DIREXION DAILY S&P 500 BEAR 3X SHARES'; item 28E (month 5 of 6) column 01 = total NAV of shares sold, $000s; CHECK: these six rows sum to the statements' FISCAL-YEAR figure (464,503,848), not the half-year's; they are not six monthly flows as labelled",028 E010200 52981,2026-09-27T19:14:04Z
SPXS,month_sales_usd,116727000,2015-10-01,2015-10-31,2015-10-31,NSAR-B,0001171520-15-000672,https://www.sec.gov/Archives/edgar/data/1424958/000117152015000672/answer.fil,"N-SAR series 02 = item 7C '007 C020200 DIREXION DAILY S&P 500 BEAR 3X SHARES'; item 28F (month 6 of 6) column 01 = total NAV of shares sold, $000s; CHECK: these six rows sum to the statements' FISCAL-YEAR figure (464,503,848), not the half-year's; they are not six monthly flows as labelled",028 F010200 116727,2026-09-27T19:14:04Z
SPXS,net_assets,368523000,2015-10-31,2015-10-31,2015-10-31,NSAR-B,0001171520-15-000672,https://www.sec.gov/Archives/edgar/data/1424958/000117152015000672/answer.fil,"N-SAR series 02 = item 7C '007 C020200 DIREXION DAILY S&P 500 BEAR 3X SHARES'; item 74T net assets, $000s",074 T000200 368523,2026-09-27T19:14:04Z
SPXS,net_assets,254737115,2016-01-31,2016-01-31,2016-01-31,N-Q,0001387131-16-004677,https://www.sec.gov/Archives/edgar/data/1424958/000138713116004677/dsetft-nq_013116.htm,"Schedule of Investments, Direxion Daily S&P 500 ® Bear 3X Shares Schedule of Investments January 31, 2016; foot line 'TOTAL NET ASSETS - 100.0%'","TOTAL NET ASSETS - 100.0% $ 254,737,115",2026-09-27T19:14:37Z
SPXS,net_assets,523088990,2016-04-30,2016-04-30,2016-04-30,N-CSRS,0001104659-16-131500,https://www.sec.gov/Archives/edgar/data/1424958/000110465916131500/a16-13038_1ncsrs.htm,"Statement of Assets and Liabilities April 30, 2016; row 'Net Assets' (first); column 4 of 4 (SPXS)","Net Assets $ 49,787,617 $ 13,174,927 $ 459,361,201 $ 523,088,990",2026-09-27T19:15:02Z
SPXS,net_assets,523088990,2016-04-30,2016-04-30,2016-04-30,N-CSRS,0001104659-16-131500,https://www.sec.gov/Archives/edgar/data/1424958/000110465916131500/a16-13038_1ncsrs.htm,"Statement of Changes in Net Assets; row 'End of period/year'; column 3 of 4 (SPXS, Six Months Ended April 30, 2016)","End of period/year $ 459,361,201 $ 574,270,145 $ 523,088,990",2026-09-27T19:15:02Z
SPXS,operations_usd,-33648553,2015-11-01,2016-04-30,2016-04-30,N-CSRS,0001104659-16-131500,https://www.sec.gov/Archives/edgar/data/1424958/000110465916131500/a16-13038_1ncsrs.htm,"Statement of Changes in Net Assets; row 'Net increase (decrease) in net assets resulting from operations'; column 3 of 4 (SPXS, Six Months Ended April 30, 2016)","Net increase (decrease) in net assets resulting from operations (3,050,547 ) 101,749,292 (33,648,553 )",2026-09-27T19:15:02Z
SPXS,payable_shares_redeemed_usd,18207103,2016-04-30,2016-04-30,2016-04-30,N-CSRS,0001104659-16-131500,https://www.sec.gov/Archives/edgar/data/1424958/000110465916131500/a16-13038_1ncsrs.htm,"Statement of Assets and Liabilities April 30, 2016; row 'Payable for Fund shares redeemed'; column 4 of 4 (SPXS)","Payable for Fund shares redeemed 17,468 — — 18,207,103",2026-09-27T19:15:02Z
SPXS,receivable_shares_sold_usd,5462,2016-04-30,2016-04-30,2016-04-30,N-CSRS,0001104659-16-131500,https://www.sec.gov/Archives/edgar/data/1424958/000110465916131500/a16-13038_1ncsrs.htm,"Statement of Assets and Liabilities April 30, 2016; row 'Receivable for Fund shares sold'; column 4 of 4 (SPXS)","Receivable for Fund shares sold — — — 5,462",2026-09-27T19:15:02Z
SPXS,redemptions_usd,-237213735,2015-11-01,2016-04-30,2016-04-30,N-CSRS,0001104659-16-131500,https://www.sec.gov/Archives/edgar/data/1424958/000110465916131500/a16-13038_1ncsrs.htm,"Statement of Changes in Net Assets; row 'Cost of shares redeemed'; column 3 of 4 (SPXS, Six Months Ended April 30, 2016)","Cost of shares redeemed (584,420,387 ) (946,152,391 ) (237,213,735 )",2026-09-27T19:15:02Z
SPXS,sales_usd,425356804,2015-11-01,2016-04-30,2016-04-30,N-CSRS,0001104659-16-131500,https://www.sec.gov/Archives/edgar/data/1424958/000110465916131500/a16-13038_1ncsrs.htm,"Statement of Changes in Net Assets; row 'Proceeds from shares sold'; column 3 of 4 (SPXS, Six Months Ended April 30, 2016)","Proceeds from shares sold 472,438,540 865,548,280 425,356,804",2026-09-27T19:15:02Z
SPXS,shares_redeemed,-13000000,2015-11-01,2016-04-30,2016-04-30,N-CSRS,0001104659-16-131500,https://www.sec.gov/Archives/edgar/data/1424958/000110465916131500/a16-13038_1ncsrs.htm,"Statement of Changes in Net Assets; row 'Shares repurchased'; column 3 of 4 (SPXS, Six Months Ended April 30, 2016)","Shares repurchased (7,450,000 ) (10,750,000 ) (13,000,000 )",2026-09-27T19:15:02Z
SPXS,shares_sold,25400000,2015-11-01,2016-04-30,2016-04-30,N-CSRS,0001104659-16-131500,https://www.sec.gov/Archives/edgar/data/1424958/000110465916131500/a16-13038_1ncsrs.htm,"Statement of Changes in Net Assets; row 'Shares sold'; column 3 of 4 (SPXS, Six Months Ended April 30, 2016)","Shares sold 6,350,000 10,600,000 25,400,000",2026-09-27T19:15:02Z
SPXS,transaction_fees_usd,71164,2015-11-01,2016-04-30,2016-04-30,N-CSRS,0001104659-16-131500,https://www.sec.gov/Archives/edgar/data/1424958/000110465916131500/a16-13038_1ncsrs.htm,"Statement of Changes in Net Assets; row 'Transaction fees'; column 3 of 4 (SPXS, Six Months Ended April 30, 2016)","Transaction fees 123,450 193,707 71,164",2026-09-27T19:15:02Z
SPXS,month_redemptions_usd,57735000,2015-11-01,2015-11-30,2016-04-30,NSAR-A,0001171520-16-000970,https://www.sec.gov/Archives/edgar/data/1424958/000117152016000970/answer.fil,"N-SAR series 02 = item 7C '007 C020200 DIREXION DAILY S&P 500 BEAR 3X SHARES'; item 28A (month 1 of 6) column 04 = total NAV of shares redeemed, $000s",028 A040200 57735,2026-09-27T19:14:38Z
SPXS,month_redemptions_usd,61753000,2015-12-01,2015-12-31,2016-04-30,NSAR-A,0001171520-16-000970,https://www.sec.gov/Archives/edgar/data/1424958/000117152016000970/answer.fil,"N-SAR series 02 = item 7C '007 C020200 DIREXION DAILY S&P 500 BEAR 3X SHARES'; item 28B (month 2 of 6) column 04 = total NAV of shares redeemed, $000s",028 B040200 61753,2026-09-27T19:14:38Z
SPXS,month_redemptions_usd,94792000,2016-01-01,2016-01-31,2016-04-30,NSAR-A,0001171520-16-000970,https://www.sec.gov/Archives/edgar/data/1424958/000117152016000970/answer.fil,"N-SAR series 02 = item 7C '007 C020200 DIREXION DAILY S&P 500 BEAR 3X SHARES'; item 28C (month 3 of 6) column 04 = total NAV of shares redeemed, $000s",028 C040200 94792,2026-09-27T19:14:38Z
SPXS,month_redemptions_usd,0,2016-02-01,2016-02-29,2016-04-30,NSAR-A,0001171520-16-000970,https://www.sec.gov/Archives/edgar/data/1424958/000117152016000970/answer.fil,"N-SAR series 02 = item 7C '007 C020200 DIREXION DAILY S&P 500 BEAR 3X SHARES'; item 28D (month 4 of 6) column 04 = total NAV of shares redeemed, $000s",028 D040200 0,2026-09-27T19:14:38Z
SPXS,month_redemptions_usd,2456000,2016-03-01,2016-03-31,2016-04-30,NSAR-A,0001171520-16-000970,https://www.sec.gov/Archives/edgar/data/1424958/000117152016000970/answer.fil,"N-SAR series 02 = item 7C '007 C020200 DIREXION DAILY S&P 500 BEAR 3X SHARES'; item 28E (month 5 of 6) column 04 = total NAV of shares redeemed, $000s",028 E040200 2456,2026-09-27T19:14:38Z
SPXS,month_redemptions_usd,20478000,2016-04-01,2016-04-30,2016-04-30,NSAR-A,0001171520-16-000970,https://www.sec.gov/Archives/edgar/data/1424958/000117152016000970/answer.fil,"N-SAR series 02 = item 7C '007 C020200 DIREXION DAILY S&P 500 BEAR 3X SHARES'; item 28F (month 6 of 6) column 04 = total NAV of shares redeemed, $000s",028 F040200 20478,2026-09-27T19:14:38Z
SPXS,month_sales_usd,7201000,2015-11-01,2015-11-30,2016-04-30,NSAR-A,0001171520-16-000970,https://www.sec.gov/Archives/edgar/data/1424958/000117152016000970/answer.fil,"N-SAR series 02 = item 7C '007 C020200 DIREXION DAILY S&P 500 BEAR 3X SHARES'; item 28A (month 1 of 6) column 01 = total NAV of shares sold, $000s",028 A010200 7201,2026-09-27T19:14:38Z
SPXS,month_sales_usd,17197000,2015-12-01,2015-12-31,2016-04-30,NSAR-A,0001171520-16-000970,https://www.sec.gov/Archives/edgar/data/1424958/000117152016000970/answer.fil,"N-SAR series 02 = item 7C '007 C020200 DIREXION DAILY S&P 500 BEAR 3X SHARES'; item 28B (month 2 of 6) column 01 = total NAV of shares sold, $000s",028 B010200 17197,2026-09-27T19:14:38Z
SPXS,month_sales_usd,18604000,2016-01-01,2016-01-31,2016-04-30,NSAR-A,0001171520-16-000970,https://www.sec.gov/Archives/edgar/data/1424958/000117152016000970/answer.fil,"N-SAR series 02 = item 7C '007 C020200 DIREXION DAILY S&P 500 BEAR 3X SHARES'; item 28C (month 3 of 6) column 01 = total NAV of shares sold, $000s",028 C010200 18604,2026-09-27T19:14:38Z
SPXS,month_sales_usd,84576000,2016-02-01,2016-02-29,2016-04-30,NSAR-A,0001171520-16-000970,https://www.sec.gov/Archives/edgar/data/1424958/000117152016000970/answer.fil,"N-SAR series 02 = item 7C '007 C020200 DIREXION DAILY S&P 500 BEAR 3X SHARES'; item 28D (month 4 of 6) column 01 = total NAV of shares sold, $000s",028 D010200 84576,2026-09-27T19:14:38Z
SPXS,month_sales_usd,221059000,2016-03-01,2016-03-31,2016-04-30,NSAR-A,0001171520-16-000970,https://www.sec.gov/Archives/edgar/data/1424958/000117152016000970/answer.fil,"N-SAR series 02 = item 7C '007 C020200 DIREXION DAILY S&P 500 BEAR 3X SHARES'; item 28E (month 5 of 6) column 01 = total NAV of shares sold, $000s",028 E010200 221059,2026-09-27T19:14:38Z
SPXS,month_sales_usd,76791000,2016-04-01,2016-04-30,2016-04-30,NSAR-A,0001171520-16-000970,https://www.sec.gov/Archives/edgar/data/1424958/000117152016000970/answer.fil,"N-SAR series 02 = item 7C '007 C020200 DIREXION DAILY S&P 500 BEAR 3X SHARES'; item 28F (month 6 of 6) column 01 = total NAV of shares sold, $000s",028 F010200 76791,2026-09-27T19:14:38Z
SPXS,net_assets,523089000,2016-04-30,2016-04-30,2016-04-30,NSAR-A,0001171520-16-000970,https://www.sec.gov/Archives/edgar/data/1424958/000117152016000970/answer.fil,"N-SAR series 02 = item 7C '007 C020200 DIREXION DAILY S&P 500 BEAR 3X SHARES'; item 74T net assets, $000s",074 T000200 523089,2026-09-27T19:14:38Z
SPXS,net_assets,496927204,2016-07-31,2016-07-31,2016-07-31,N-Q,0001387131-16-007108,https://www.sec.gov/Archives/edgar/data/1424958/000138713116007108/dsetft-nq_073116.htm,"Schedule of Investments, Direxion Daily S&P 500 ® Bear 3X Shares Schedule of Investments July 31, 2016; foot line 'TOTAL NET ASSETS - 100.0%'","TOTAL NET ASSETS - 100.0% $ 496,927,204",2026-09-27T19:15:09Z
SPXS,net_assets,562025085,2016-10-31,2016-10-31,2016-10-31,N-CSR,0001104659-17-000187,https://www.sec.gov/Archives/edgar/data/1424958/000110465917000187/a16-20396_1ncsr.htm,"Statement of Assets and Liabilities October 31, 2016; row 'Net Assets' (first); column 4 of 4 (SPXS)","Net Assets $ 46,169,505 $ 10,940,798 $ 458,407,106 $ 562,025,085",2026-09-27T19:15:36Z
SPXS,net_assets,562025085,2016-10-31,2016-10-31,2016-10-31,N-CSR,0001104659-18-000153,https://www.sec.gov/Archives/edgar/data/1424958/000110465918000153/a17-27464_1ncsr.htm,"Statement of Changes in Net Assets; row 'Beginning of year'; column 3 of 4 (SPXS, Year Ended October 31, 2017)","Beginning of year 458,407,106 574,270,145 562,025,085",2026-09-27T19:16:50Z
SPXS,net_assets,562025085,2016-10-31,2016-10-31,2016-10-31,N-CSR,0001104659-17-000187,https://www.sec.gov/Archives/edgar/data/1424958/000110465917000187/a16-20396_1ncsr.htm,"Statement of Changes in Net Assets; row 'End of year'; column 3 of 4 (SPXS, Year Ended October 31, 2016)","End of year $ 458,407,106 $ 574,270,145 $ 562,025,085",2026-09-27T19:15:36Z
SPXS,operations_usd,-92090059,2015-11-01,2016-10-31,2016-10-31,N-CSR,0001104659-17-000187,https://www.sec.gov/Archives/edgar/data/1424958/000110465917000187/a16-20396_1ncsr.htm,"Statement of Changes in Net Assets; row 'Net increase (decrease) in net assets resulting from operations'; column 3 of 4 (SPXS, Year Ended October 31, 2016)","Net increase (decrease) in net assets resulting from operations 58,243,599 101,749,292 (92,090,059 )",2026-09-27T19:15:36Z
SPXS,payable_shares_redeemed_usd,0,2016-10-31,2016-10-31,2016-10-31,N-CSR,0001104659-17-000187,https://www.sec.gov/Archives/edgar/data/1424958/000110465917000187/a16-20396_1ncsr.htm,"Statement of Assets and Liabilities October 31, 2016; row 'Payable for Fund shares redeemed'; column 4 of 4 (SPXS)","Payable for Fund shares redeemed 3,671,746 — — —",2026-09-27T19:15:36Z
SPXS,redemptions_usd,-491134134,2015-11-01,2016-10-31,2016-10-31,N-CSR,0001104659-17-000187,https://www.sec.gov/Archives/edgar/data/1424958/000110465917000187/a16-20396_1ncsr.htm,"Statement of Changes in Net Assets; row 'Cost of shares redeemed'; column 3 of 4 (SPXS, Year Ended October 31, 2016)","Cost of shares redeemed (1,478,054,021 ) (946,152,391 ) (491,134,134 )",2026-09-27T19:15:36Z
SPXS,sales_usd,776578628,2015-11-01,2016-10-31,2016-10-31,N-CSR,0001104659-17-000187,https://www.sec.gov/Archives/edgar/data/1424958/000110465917000187/a16-20396_1ncsr.htm,"Statement of Changes in Net Assets; row 'Proceeds from shares sold'; column 3 of 4 (SPXS, Year Ended October 31, 2016)","Proceeds from shares sold 1,303,601,635 865,548,280 776,578,628",2026-09-27T19:15:36Z
SPXS,shares_redeemed,-30400000,2015-11-01,2016-10-31,2016-10-31,N-CSR,0001104659-17-000187,https://www.sec.gov/Archives/edgar/data/1424958/000110465917000187/a16-20396_1ncsr.htm,"Statement of Changes in Net Assets; row 'Shares repurchased'; column 3 of 4 (SPXS, Year Ended October 31, 2016)","Shares repurchased (17,000,000 ) (10,750,000 ) (30,400,000 )",2026-09-27T19:15:36Z
SPXS,shares_sold,51800000,2015-11-01,2016-10-31,2016-10-31,N-CSR,0001104659-17-000187,https://www.sec.gov/Archives/edgar/data/1424958/000110465917000187/a16-20396_1ncsr.htm,"Statement of Changes in Net Assets; row 'Shares sold'; column 3 of 4 (SPXS, Year Ended October 31, 2016)","Shares sold 15,450,000 10,600,000 51,800,000",2026-09-27T19:15:36Z
SPXS,transaction_fees_usd,147340,2015-11-01,2016-10-31,2016-10-31,N-CSR,0001104659-17-000187,https://www.sec.gov/Archives/edgar/data/1424958/000110465917000187/a16-20396_1ncsr.htm,"Statement of Changes in Net Assets; row 'Transaction fees'; column 3 of 4 (SPXS, Year Ended October 31, 2016)","Transaction fees 345,748 193,707 147,340",2026-09-27T19:15:36Z
SPXS,net_assets,562025085,2016-10-31,2016-10-31,2016-10-31,N-CSRS,0001104659-17-044202,https://www.sec.gov/Archives/edgar/data/1424958/000110465917044202/a17-14099_1ncsrs.htm,"Statement of Changes in Net Assets; row 'Beginning of year/period'; column 3 of 4 (SPXS, Six Months Ended April 30, 2017)","Beginning of year/period 458,407,106 574,270,145 562,025,085",2026-09-27T19:16:15Z
SPXS,month_redemptions_usd,55719000,2016-05-01,2016-05-31,2016-10-31,NSAR-B,0001171520-16-001118,https://www.sec.gov/Archives/edgar/data/1424958/000117152016001118/answer.fil,"N-SAR series 02 = item 7C '007 C020200 DIREXION DAILY S&P 500 BEAR 3X SHARES'; item 28A (month 1 of 6) column 04 = total NAV of shares redeemed, $000s",028 A040200 55719,2026-09-27T19:15:10Z
SPXS,month_redemptions_usd,129432000,2016-06-01,2016-06-30,2016-10-31,NSAR-B,0001171520-16-001118,https://www.sec.gov/Archives/edgar/data/1424958/000117152016001118/answer.fil,"N-SAR series 02 = item 7C '007 C020200 DIREXION DAILY S&P 500 BEAR 3X SHARES'; item 28B (month 2 of 6) column 04 = total NAV of shares redeemed, $000s",028 B040200 129432,2026-09-27T19:15:10Z
SPXS,month_redemptions_usd,626000,2016-07-01,2016-07-31,2016-10-31,NSAR-B,0001171520-16-001118,https://www.sec.gov/Archives/edgar/data/1424958/000117152016001118/answer.fil,"N-SAR series 02 = item 7C '007 C020200 DIREXION DAILY S&P 500 BEAR 3X SHARES'; item 28C (month 3 of 6) column 04 = total NAV of shares redeemed, $000s",028 C040200 626,2026-09-27T19:15:10Z
SPXS,month_redemptions_usd,0,2016-08-01,2016-08-31,2016-10-31,NSAR-B,0001171520-16-001118,https://www.sec.gov/Archives/edgar/data/1424958/000117152016001118/answer.fil,"N-SAR series 02 = item 7C '007 C020200 DIREXION DAILY S&P 500 BEAR 3X SHARES'; item 28D (month 4 of 6) column 04 = total NAV of shares redeemed, $000s",028 D040200 0,2026-09-27T19:15:10Z
SPXS,month_redemptions_usd,33218000,2016-09-01,2016-09-30,2016-10-31,NSAR-B,0001171520-16-001118,https://www.sec.gov/Archives/edgar/data/1424958/000117152016001118/answer.fil,"N-SAR series 02 = item 7C '007 C020200 DIREXION DAILY S&P 500 BEAR 3X SHARES'; item 28E (month 5 of 6) column 04 = total NAV of shares redeemed, $000s",028 E040200 33218,2026-09-27T19:15:10Z
SPXS,month_redemptions_usd,34926000,2016-10-01,2016-10-31,2016-10-31,NSAR-B,0001171520-16-001118,https://www.sec.gov/Archives/edgar/data/1424958/000117152016001118/answer.fil,"N-SAR series 02 = item 7C '007 C020200 DIREXION DAILY S&P 500 BEAR 3X SHARES'; item 28F (month 6 of 6) column 04 = total NAV of shares redeemed, $000s",028 F040200 34926,2026-09-27T19:15:10Z
SPXS,month_sales_usd,58631000,2016-05-01,2016-05-31,2016-10-31,NSAR-B,0001171520-16-001118,https://www.sec.gov/Archives/edgar/data/1424958/000117152016001118/answer.fil,"N-SAR series 02 = item 7C '007 C020200 DIREXION DAILY S&P 500 BEAR 3X SHARES'; item 28A (month 1 of 6) column 01 = total NAV of shares sold, $000s",028 A010200 58631,2026-09-27T19:15:10Z
SPXS,month_sales_usd,23768000,2016-06-01,2016-06-30,2016-10-31,NSAR-B,0001171520-16-001118,https://www.sec.gov/Archives/edgar/data/1424958/000117152016001118/answer.fil,"N-SAR series 02 = item 7C '007 C020200 DIREXION DAILY S&P 500 BEAR 3X SHARES'; item 28B (month 2 of 6) column 01 = total NAV of shares sold, $000s",028 B010200 23768,2026-09-27T19:15:10Z
SPXS,month_sales_usd,157845000,2016-07-01,2016-07-31,2016-10-31,NSAR-B,0001171520-16-001118,https://www.sec.gov/Archives/edgar/data/1424958/000117152016001118/answer.fil,"N-SAR series 02 = item 7C '007 C020200 DIREXION DAILY S&P 500 BEAR 3X SHARES'; item 28C (month 3 of 6) column 01 = total NAV of shares sold, $000s",028 C010200 157845,2026-09-27T19:15:10Z
SPXS,month_sales_usd,59660000,2016-08-01,2016-08-31,2016-10-31,NSAR-B,0001171520-16-001118,https://www.sec.gov/Archives/edgar/data/1424958/000117152016001118/answer.fil,"N-SAR series 02 = item 7C '007 C020200 DIREXION DAILY S&P 500 BEAR 3X SHARES'; item 28D (month 4 of 6) column 01 = total NAV of shares sold, $000s",028 D010200 59660,2026-09-27T19:15:10Z
SPXS,month_sales_usd,21410000,2016-09-01,2016-09-30,2016-10-31,NSAR-B,0001171520-16-001118,https://www.sec.gov/Archives/edgar/data/1424958/000117152016001118/answer.fil,"N-SAR series 02 = item 7C '007 C020200 DIREXION DAILY S&P 500 BEAR 3X SHARES'; item 28E (month 5 of 6) column 01 = total NAV of shares sold, $000s",028 E010200 21410,2026-09-27T19:15:10Z
SPXS,month_sales_usd,29985000,2016-10-01,2016-10-31,2016-10-31,NSAR-B,0001171520-16-001118,https://www.sec.gov/Archives/edgar/data/1424958/000117152016001118/answer.fil,"N-SAR series 02 = item 7C '007 C020200 DIREXION DAILY S&P 500 BEAR 3X SHARES'; item 28F (month 6 of 6) column 01 = total NAV of shares sold, $000s",028 F010200 29985,2026-09-27T19:15:10Z
SPXS,net_assets,562025000,2016-10-31,2016-10-31,2016-10-31,NSAR-B,0001171520-16-001118,https://www.sec.gov/Archives/edgar/data/1424958/000117152016001118/answer.fil,"N-SAR series 02 = item 7C '007 C020200 DIREXION DAILY S&P 500 BEAR 3X SHARES'; item 74T net assets, $000s",074 T000200 562025,2026-09-27T19:15:10Z
SPXS,net_assets,451778708,2017-01-31,2017-01-31,2017-01-31,N-Q,0001387131-17-001739,https://www.sec.gov/Archives/edgar/data/1424958/000138713117001739/dsetft-nq_013117.htm,"Schedule of Investments, Direxion Daily S&P 500 ® Bear 3X Shares Schedule of Investments (Unaudited) January 31, 2017; foot line 'TOTAL NET ASSETS - 100.0%'","TOTAL NET ASSETS - 100.0% $ 451,778,708",2026-09-27T19:15:43Z
SPXS,distributions_usd,0,2016-11-01,2017-04-30,2017-04-30,N-CSRS,0001104659-17-044202,https://www.sec.gov/Archives/edgar/data/1424958/000110465917044202/a17-14099_1ncsrs.htm,"Statement of Changes in Net Assets; row 'Distributions to shareholders:' (all dashes); column 3 of 4 (SPXS, Six Months Ended April 30, 2017)",Distributions to shareholders: — — — —,2026-09-27T19:16:15Z
SPXS,net_assets,441451705,2017-04-30,2017-04-30,2017-04-30,N-CSRS,0001104659-17-044202,https://www.sec.gov/Archives/edgar/data/1424958/000110465917044202/a17-14099_1ncsrs.htm,"Statement of Assets and Liabilities April 30, 2017; row 'Net Assets' (first); column 4 of 4 (SPXS)","Net Assets $ 62,117,667 $ 8,689,054 $ 571,158,306 $ 441,451,705",2026-09-27T19:16:15Z
SPXS,net_assets,441451705,2017-04-30,2017-04-30,2017-04-30,N-CSRS,0001104659-17-044202,https://www.sec.gov/Archives/edgar/data/1424958/000110465917044202/a17-14099_1ncsrs.htm,"Statement of Changes in Net Assets; row 'End of year/period'; column 3 of 4 (SPXS, Six Months Ended April 30, 2017)","End of year/period $ 571,158,306 $ 458,407,106 $ 441,451,705",2026-09-27T19:16:15Z
SPXS,operations_usd,-178651368,2016-11-01,2017-04-30,2017-04-30,N-CSRS,0001104659-17-044202,https://www.sec.gov/Archives/edgar/data/1424958/000110465917044202/a17-14099_1ncsrs.htm,"Statement of Changes in Net Assets; row 'Net increase (decrease) in net assets resulting from operations'; column 3 of 4 (SPXS, Six Months Ended April 30, 2017)","Net increase (decrease) in net assets resulting from operations 182,180,797 58,243,599 (178,651,368 )",2026-09-27T19:16:15Z
SPXS,payable_shares_redeemed_usd,0,2017-04-30,2017-04-30,2017-04-30,N-CSRS,0001104659-17-044202,https://www.sec.gov/Archives/edgar/data/1424958/000110465917044202/a17-14099_1ncsrs.htm,"Statement of Assets and Liabilities April 30, 2017; row 'Payable for Fund shares redeemed'; column 4 of 4 (SPXS)","Payable for Fund shares redeemed — — 6,544,942 —",2026-09-27T19:16:15Z
SPXS,receivable_shares_sold_usd,0,2017-04-30,2017-04-30,2017-04-30,N-CSRS,0001104659-17-044202,https://www.sec.gov/Archives/edgar/data/1424958/000110465917044202/a17-14099_1ncsrs.htm,"Statement of Assets and Liabilities April 30, 2017; row 'Receivable for Fund shares sold'; column 4 of 4 (SPXS)","Receivable for Fund shares sold 72,283 — — —",2026-09-27T19:16:15Z
SPXS,redemptions_usd,-97323461,2016-11-01,2017-04-30,2017-04-30,N-CSRS,0001104659-17-044202,https://www.sec.gov/Archives/edgar/data/1424958/000110465917044202/a17-14099_1ncsrs.htm,"Statement of Changes in Net Assets; row 'Cost of shares redeemed'; column 3 of 4 (SPXS, Six Months Ended April 30, 2017)","Cost of shares redeemed (415,051,613 ) (1,478,054,021 ) (97,323,461 )",2026-09-27T19:16:15Z
SPXS,sales_usd,155372252,2016-11-01,2017-04-30,2017-04-30,N-CSRS,0001104659-17-044202,https://www.sec.gov/Archives/edgar/data/1424958/000110465917044202/a17-14099_1ncsrs.htm,"Statement of Changes in Net Assets; row 'Proceeds from shares sold'; column 3 of 4 (SPXS, Six Months Ended April 30, 2017)","Proceeds from shares sold 345,535,362 1,303,601,635 155,372,252",2026-09-27T19:16:15Z
SPXS,shares_redeemed,-1720000,2016-11-01,2017-04-30,2017-04-30,N-CSRS,0001104659-17-044202,https://www.sec.gov/Archives/edgar/data/1424958/000110465917044202/a17-14099_1ncsrs.htm,"Statement of Changes in Net Assets; row 'Shares repurchased'; column 3 of 4 (SPXS, Six Months Ended April 30, 2017); footnote 2: 'Effective May 1, 2017, the Fund had a 1:5 reverse stock split' (share amounts for all periods adjusted)","Shares repurchased (14,600,000 ) (68,000,000 ) (1,720,000 )",2026-09-27T19:16:15Z
SPXS,shares_sold,3080000,2016-11-01,2017-04-30,2017-04-30,N-CSRS,0001104659-17-044202,https://www.sec.gov/Archives/edgar/data/1424958/000110465917044202/a17-14099_1ncsrs.htm,"Statement of Changes in Net Assets; row 'Shares sold'; column 3 of 4 (SPXS, Six Months Ended April 30, 2017); footnote 2: 'Effective May 1, 2017, the Fund had a 1:5 reverse stock split' (share amounts for all periods adjusted)","Shares sold 12,200,002 61,800,000 3,080,000",2026-09-27T19:16:15Z
SPXS,transaction_fees_usd,29197,2016-11-01,2017-04-30,2017-04-30,N-CSRS,0001104659-17-044202,https://www.sec.gov/Archives/edgar/data/1424958/000110465917044202/a17-14099_1ncsrs.htm,"Statement of Changes in Net Assets; row 'Transaction fees'; column 3 of 4 (SPXS, Six Months Ended April 30, 2017)","Transaction fees 86,654 345,748 29,197",2026-09-27T19:16:15Z
SPXS,month_redemptions_usd,51589000,2016-11-01,2016-11-30,2017-04-30,NSAR-A,0001171520-17-000314,https://www.sec.gov/Archives/edgar/data/1424958/000117152017000314/answer.fil,"N-SAR series 02 = item 7C '007 C020200 DIREXION DAILY S&P 500 BEAR 3X SHARES'; item 28A (month 1 of 6) column 04 = total NAV of shares redeemed, $000s",028 A040200 51589,2026-09-27T19:15:44Z
SPXS,month_redemptions_usd,15265000,2016-12-01,2016-12-31,2017-04-30,NSAR-A,0001171520-17-000314,https://www.sec.gov/Archives/edgar/data/1424958/000117152017000314/answer.fil,"N-SAR series 02 = item 7C '007 C020200 DIREXION DAILY S&P 500 BEAR 3X SHARES'; item 28B (month 2 of 6) column 04 = total NAV of shares redeemed, $000s",028 B040200 15265,2026-09-27T19:15:44Z
SPXS,month_redemptions_usd,3698000,2017-01-01,2017-01-31,2017-04-30,NSAR-A,0001171520-17-000314,https://www.sec.gov/Archives/edgar/data/1424958/000117152017000314/answer.fil,"N-SAR series 02 = item 7C '007 C020200 DIREXION DAILY S&P 500 BEAR 3X SHARES'; item 28C (month 3 of 6) column 04 = total NAV of shares redeemed, $000s",028 C040200 3698,2026-09-27T19:15:44Z
SPXS,month_redemptions_usd,7155000,2017-02-01,2017-02-28,2017-04-30,NSAR-A,0001171520-17-000314,https://www.sec.gov/Archives/edgar/data/1424958/000117152017000314/answer.fil,"N-SAR series 02 = item 7C '007 C020200 DIREXION DAILY S&P 500 BEAR 3X SHARES'; item 28D (month 4 of 6) column 04 = total NAV of shares redeemed, $000s",028 D040200 7155,2026-09-27T19:15:44Z
SPXS,month_redemptions_usd,11336000,2017-03-01,2017-03-31,2017-04-30,NSAR-A,0001171520-17-000314,https://www.sec.gov/Archives/edgar/data/1424958/000117152017000314/answer.fil,"N-SAR series 02 = item 7C '007 C020200 DIREXION DAILY S&P 500 BEAR 3X SHARES'; item 28E (month 5 of 6) column 04 = total NAV of shares redeemed, $000s",028 E040200 11336,2026-09-27T19:15:44Z
SPXS,month_redemptions_usd,8280000,2017-04-01,2017-04-30,2017-04-30,NSAR-A,0001171520-17-000314,https://www.sec.gov/Archives/edgar/data/1424958/000117152017000314/answer.fil,"N-SAR series 02 = item 7C '007 C020200 DIREXION DAILY S&P 500 BEAR 3X SHARES'; item 28F (month 6 of 6) column 04 = total NAV of shares redeemed, $000s",028 F040200 8280,2026-09-27T19:15:44Z
SPXS,month_sales_usd,27092000,2016-11-01,2016-11-30,2017-04-30,NSAR-A,0001171520-17-000314,https://www.sec.gov/Archives/edgar/data/1424958/000117152017000314/answer.fil,"N-SAR series 02 = item 7C '007 C020200 DIREXION DAILY S&P 500 BEAR 3X SHARES'; item 28A (month 1 of 6) column 01 = total NAV of shares sold, $000s",028 A010200 27092,2026-09-27T19:15:44Z
SPXS,month_sales_usd,25973000,2016-12-01,2016-12-31,2017-04-30,NSAR-A,0001171520-17-000314,https://www.sec.gov/Archives/edgar/data/1424958/000117152017000314/answer.fil,"N-SAR series 02 = item 7C '007 C020200 DIREXION DAILY S&P 500 BEAR 3X SHARES'; item 28B (month 2 of 6) column 01 = total NAV of shares sold, $000s",028 B010200 25973,2026-09-27T19:15:44Z
SPXS,month_sales_usd,19671000,2017-01-01,2017-01-31,2017-04-30,NSAR-A,0001171520-17-000314,https://www.sec.gov/Archives/edgar/data/1424958/000117152017000314/answer.fil,"N-SAR series 02 = item 7C '007 C020200 DIREXION DAILY S&P 500 BEAR 3X SHARES'; item 28C (month 3 of 6) column 01 = total NAV of shares sold, $000s",028 C010200 19671,2026-09-27T19:15:44Z
SPXS,month_sales_usd,43209000,2017-02-01,2017-02-28,2017-04-30,NSAR-A,0001171520-17-000314,https://www.sec.gov/Archives/edgar/data/1424958/000117152017000314/answer.fil,"N-SAR series 02 = item 7C '007 C020200 DIREXION DAILY S&P 500 BEAR 3X SHARES'; item 28D (month 4 of 6) column 01 = total NAV of shares sold, $000s",028 D010200 43209,2026-09-27T19:15:44Z
SPXS,month_sales_usd,33679000,2017-03-01,2017-03-31,2017-04-30,NSAR-A,0001171520-17-000314,https://www.sec.gov/Archives/edgar/data/1424958/000117152017000314/answer.fil,"N-SAR series 02 = item 7C '007 C020200 DIREXION DAILY S&P 500 BEAR 3X SHARES'; item 28E (month 5 of 6) column 01 = total NAV of shares sold, $000s",028 E010200 33679,2026-09-27T19:15:44Z
SPXS,month_sales_usd,5777000,2017-04-01,2017-04-30,2017-04-30,NSAR-A,0001171520-17-000314,https://www.sec.gov/Archives/edgar/data/1424958/000117152017000314/answer.fil,"N-SAR series 02 = item 7C '007 C020200 DIREXION DAILY S&P 500 BEAR 3X SHARES'; item 28F (month 6 of 6) column 01 = total NAV of shares sold, $000s",028 F010200 5777,2026-09-27T19:15:44Z
SPXS,net_assets,441452000,2017-04-30,2017-04-30,2017-04-30,NSAR-A,0001171520-17-000314,https://www.sec.gov/Archives/edgar/data/1424958/000117152017000314/answer.fil,"N-SAR series 02 = item 7C '007 C020200 DIREXION DAILY S&P 500 BEAR 3X SHARES'; item 74T net assets, $000s",074 T000200 441452,2026-09-27T19:15:44Z
SPXS,net_assets,414583224,2017-07-31,2017-07-31,2017-07-31,N-Q,0001387131-17-004865,https://www.sec.gov/Archives/edgar/data/1424958/000138713117004865/dsetft-nq_073117.htm,"Schedule of Investments, Direxion Daily S&P 500 ® Bear 3X Shares Schedule of Investments (Unaudited) July 31, 2017; foot line 'TOTAL NET ASSETS - 100.0%'","TOTAL NET ASSETS - 100.0% $ 414,583,224",2026-09-27T19:16:21Z
SPXS,distributions_usd,0,2016-11-01,2017-10-31,2017-10-31,N-CSR,0001104659-18-000153,https://www.sec.gov/Archives/edgar/data/1424958/000110465918000153/a17-27464_1ncsr.htm,"Statement of Changes in Net Assets; row 'Distributions to shareholders:' (all dashes); column 3 of 4 (SPXS, Year Ended October 31, 2017)",Distributions to shareholders: — — — —,2026-09-27T19:16:50Z
SPXS,net_assets,381924702,2017-10-31,2017-10-31,2017-10-31,N-CSR,0001104659-18-000153,https://www.sec.gov/Archives/edgar/data/1424958/000110465918000153/a17-27464_1ncsr.htm,"Statement of Assets and Liabilities October 31, 2017; row 'Net Assets' (first); column 4 of 4 (SPXS)","Net Assets $ 62,241,679 $ 6,288,280 $ 692,850,897 $ 381,924,702",2026-09-27T19:16:50Z
SPXS,net_assets,381924702,2017-10-31,2017-10-31,2017-10-31,N-CSR,0001104659-19-000390,https://www.sec.gov/Archives/edgar/data/1424958/000110465919000390/a18-36871_1ncsr.htm,"Statement of Changes in Net Assets; row 'Beginning of year'; column 3 of 4 (SPXS, Year Ended October 31, 2018)","Beginning of year 692,850,897 458,407,106 381,924,702",2026-09-27T19:17:49Z
SPXS,net_assets,381924702,2017-10-31,2017-10-31,2017-10-31,N-CSR,0001104659-18-000153,https://www.sec.gov/Archives/edgar/data/1424958/000110465918000153/a17-27464_1ncsr.htm,"Statement of Changes in Net Assets; row 'End of year'; column 3 of 4 (SPXS, Year Ended October 31, 2017)","End of year $ 692,850,897 $ 458,407,106 $ 381,924,702",2026-09-27T19:16:50Z
SPXS,operations_usd,-283058278,2016-11-01,2017-10-31,2017-10-31,N-CSR,0001104659-18-000153,https://www.sec.gov/Archives/edgar/data/1424958/000110465918000153/a17-27464_1ncsr.htm,"Statement of Changes in Net Assets; row 'Net increase (decrease) in net assets resulting from operations'; column 3 of 4 (SPXS, Year Ended October 31, 2017)","Net increase (decrease) in net assets resulting from operations 321,361,332 58,243,599 (283,058,278 )",2026-09-27T19:16:50Z
SPXS,payable_shares_redeemed_usd,0,2017-10-31,2017-10-31,2017-10-31,N-CSR,0001104659-18-000153,https://www.sec.gov/Archives/edgar/data/1424958/000110465918000153/a17-27464_1ncsr.htm,"Statement of Assets and Liabilities October 31, 2017; row 'Payable for Fund shares redeemed'; column 4 of 4 (SPXS)","Payable for Fund shares redeemed — — 24,518,659 —",2026-09-27T19:16:50Z
SPXS,receivable_shares_sold_usd,0,2017-10-31,2017-10-31,2017-10-31,N-CSR,0001104659-18-000153,https://www.sec.gov/Archives/edgar/data/1424958/000110465918000153/a17-27464_1ncsr.htm,"Statement of Assets and Liabilities October 31, 2017; row 'Receivable for Fund shares sold'; column 4 of 4 (SPXS)","Receivable for Fund shares sold — — 24,453,084 —",2026-09-27T19:16:50Z
SPXS,redemptions_usd,-173079457,2016-11-01,2017-10-31,2017-10-31,N-CSR,0001104659-18-000153,https://www.sec.gov/Archives/edgar/data/1424958/000110465918000153/a17-27464_1ncsr.htm,"Statement of Changes in Net Assets; row 'Cost of shares redeemed'; column 3 of 4 (SPXS, Year Ended October 31, 2017)","Cost of shares redeemed (1,390,390,693 ) (1,478,054,021 ) (173,079,457 )",2026-09-27T19:16:50Z
SPXS,sales_usd,275985444,2016-11-01,2017-10-31,2017-10-31,N-CSR,0001104659-18-000153,https://www.sec.gov/Archives/edgar/data/1424958/000110465918000153/a17-27464_1ncsr.htm,"Statement of Changes in Net Assets; row 'Proceeds from shares sold'; column 3 of 4 (SPXS, Year Ended October 31, 2017)","Proceeds from shares sold 1,303,134,520 1,303,601,635 275,985,444",2026-09-27T19:16:50Z
SPXS,shares_redeemed,-3621243,2016-11-01,2017-10-31,2017-10-31,N-CSR,0001104659-18-000153,https://www.sec.gov/Archives/edgar/data/1424958/000110465918000153/a17-27464_1ncsr.htm,"Statement of Changes in Net Assets; row 'Shares repurchased'; column 3 of 4 (SPXS, Year Ended October 31, 2017); footnote 2: 'Effective May 1, 2017, the Fund had a 1:5 reverse stock split' (share amounts for all periods adjusted)","Shares repurchased (41,300,000 ) (68,000,000 ) (3,621,243 )",2026-09-27T19:16:50Z
SPXS,shares_sold,6180000,2016-11-01,2017-10-31,2017-10-31,N-CSR,0001104659-18-000153,https://www.sec.gov/Archives/edgar/data/1424958/000110465918000153/a17-27464_1ncsr.htm,"Statement of Changes in Net Assets; row 'Shares sold'; column 3 of 4 (SPXS, Year Ended October 31, 2017); footnote 2: 'Effective May 1, 2017, the Fund had a 1:5 reverse stock split' (share amounts for all periods adjusted)","Shares sold 38,250,000 61,800,000 6,180,000",2026-09-27T19:16:50Z
SPXS,transaction_fees_usd,51908,2016-11-01,2017-10-31,2017-10-31,N-CSR,0001104659-18-000153,https://www.sec.gov/Archives/edgar/data/1424958/000110465918000153/a17-27464_1ncsr.htm,"Statement of Changes in Net Assets; row 'Transaction fees (Note 4)'; column 3 of 4 (SPXS, Year Ended October 31, 2017)","Transaction fees (Note 4) 338,632 345,748 51,908",2026-09-27T19:16:50Z
SPXS,net_assets,381924702,2017-10-31,2017-10-31,2017-10-31,N-CSRS,0001104659-18-044245,https://www.sec.gov/Archives/edgar/data/1424958/000110465918044245/a18-8411_1ncsrs.htm,"Statement of Changes in Net Assets; row 'Beginning of year/period'; column 3 of 4 (SPXS, Six Months Ended April 30, 2018)","Beginning of year/period 692,850,897 458,407,106 381,924,702",2026-09-27T19:17:17Z
SPXS,month_redemptions_usd,21503000,2017-05-01,2017-05-31,2017-10-31,NSAR-B,0001171520-17-000526,https://www.sec.gov/Archives/edgar/data/1424958/000117152017000526/answer.fil,"N-SAR series 02 = item 7C '007 C020200 DIREXION DAILY S&P 500 BEAR 3X SHARES'; item 28A (month 1 of 6) column 04 = total NAV of shares redeemed, $000s",028 A040200 21503,2026-09-27T19:16:22Z
SPXS,month_redemptions_usd,6111000,2017-06-01,2017-06-30,2017-10-31,NSAR-B,0001171520-17-000526,https://www.sec.gov/Archives/edgar/data/1424958/000117152017000526/answer.fil,"N-SAR series 02 = item 7C '007 C020200 DIREXION DAILY S&P 500 BEAR 3X SHARES'; item 28B (month 2 of 6) column 04 = total NAV of shares redeemed, $000s",028 B040200 6111,2026-09-27T19:16:22Z
SPXS,month_redemptions_usd,2056000,2017-07-01,2017-07-31,2017-10-31,NSAR-B,0001171520-17-000526,https://www.sec.gov/Archives/edgar/data/1424958/000117152017000526/answer.fil,"N-SAR series 02 = item 7C '007 C020200 DIREXION DAILY S&P 500 BEAR 3X SHARES'; item 28C (month 3 of 6) column 04 = total NAV of shares redeemed, $000s",028 C040200 2056,2026-09-27T19:16:22Z
SPXS,month_redemptions_usd,8066000,2017-08-01,2017-08-31,2017-10-31,NSAR-B,0001171520-17-000526,https://www.sec.gov/Archives/edgar/data/1424958/000117152017000526/answer.fil,"N-SAR series 02 = item 7C '007 C020200 DIREXION DAILY S&P 500 BEAR 3X SHARES'; item 28D (month 4 of 6) column 04 = total NAV of shares redeemed, $000s",028 D040200 8066,2026-09-27T19:16:22Z
SPXS,month_redemptions_usd,29256000,2017-09-01,2017-09-30,2017-10-31,NSAR-B,0001171520-17-000526,https://www.sec.gov/Archives/edgar/data/1424958/000117152017000526/answer.fil,"N-SAR series 02 = item 7C '007 C020200 DIREXION DAILY S&P 500 BEAR 3X SHARES'; item 28E (month 5 of 6) column 04 = total NAV of shares redeemed, $000s",028 E040200 29256,2026-09-27T19:16:22Z
SPXS,month_redemptions_usd,8764000,2017-10-01,2017-10-31,2017-10-31,NSAR-B,0001171520-17-000526,https://www.sec.gov/Archives/edgar/data/1424958/000117152017000526/answer.fil,"N-SAR series 02 = item 7C '007 C020200 DIREXION DAILY S&P 500 BEAR 3X SHARES'; item 28F (month 6 of 6) column 04 = total NAV of shares redeemed, $000s",028 F040200 8764,2026-09-27T19:16:22Z
SPXS,month_sales_usd,30169000,2017-05-01,2017-05-31,2017-10-31,NSAR-B,0001171520-17-000526,https://www.sec.gov/Archives/edgar/data/1424958/000117152017000526/answer.fil,"N-SAR series 02 = item 7C '007 C020200 DIREXION DAILY S&P 500 BEAR 3X SHARES'; item 28A (month 1 of 6) column 01 = total NAV of shares sold, $000s",028 A010200 30169,2026-09-27T19:16:22Z
SPXS,month_sales_usd,4087000,2017-06-01,2017-06-30,2017-10-31,NSAR-B,0001171520-17-000526,https://www.sec.gov/Archives/edgar/data/1424958/000117152017000526/answer.fil,"N-SAR series 02 = item 7C '007 C020200 DIREXION DAILY S&P 500 BEAR 3X SHARES'; item 28B (month 2 of 6) column 01 = total NAV of shares sold, $000s",028 B010200 4087,2026-09-27T19:16:22Z
SPXS,month_sales_usd,19425000,2017-07-01,2017-07-31,2017-10-31,NSAR-B,0001171520-17-000526,https://www.sec.gov/Archives/edgar/data/1424958/000117152017000526/answer.fil,"N-SAR series 02 = item 7C '007 C020200 DIREXION DAILY S&P 500 BEAR 3X SHARES'; item 28C (month 3 of 6) column 01 = total NAV of shares sold, $000s",028 C010200 19425,2026-09-27T19:16:22Z
SPXS,month_sales_usd,19460000,2017-08-01,2017-08-31,2017-10-31,NSAR-B,0001171520-17-000526,https://www.sec.gov/Archives/edgar/data/1424958/000117152017000526/answer.fil,"N-SAR series 02 = item 7C '007 C020200 DIREXION DAILY S&P 500 BEAR 3X SHARES'; item 28D (month 4 of 6) column 01 = total NAV of shares sold, $000s",028 D010200 19460,2026-09-27T19:16:22Z
SPXS,month_sales_usd,33595000,2017-09-01,2017-09-30,2017-10-31,NSAR-B,0001171520-17-000526,https://www.sec.gov/Archives/edgar/data/1424958/000117152017000526/answer.fil,"N-SAR series 02 = item 7C '007 C020200 DIREXION DAILY S&P 500 BEAR 3X SHARES'; item 28E (month 5 of 6) column 01 = total NAV of shares sold, $000s",028 E010200 33595,2026-09-27T19:16:22Z
SPXS,month_sales_usd,13900000,2017-10-01,2017-10-31,2017-10-31,NSAR-B,0001171520-17-000526,https://www.sec.gov/Archives/edgar/data/1424958/000117152017000526/answer.fil,"N-SAR series 02 = item 7C '007 C020200 DIREXION DAILY S&P 500 BEAR 3X SHARES'; item 28F (month 6 of 6) column 01 = total NAV of shares sold, $000s",028 F010200 13900,2026-09-27T19:16:22Z
SPXS,net_assets,381925000,2017-10-31,2017-10-31,2017-10-31,NSAR-B,0001171520-17-000526,https://www.sec.gov/Archives/edgar/data/1424958/000117152017000526/answer.fil,"N-SAR series 02 = item 7C '007 C020200 DIREXION DAILY S&P 500 BEAR 3X SHARES'; item 74T net assets, $000s",074 T000200 381925,2026-09-27T19:16:22Z
SPXS,net_assets,266198521,2018-01-31,2018-01-31,2018-01-31,N-Q,0001387131-18-001272,https://www.sec.gov/Archives/edgar/data/1424958/000138713118001272/dsetft-nq_013118.htm,"Schedule of Investments, Direxion Daily S&P 500® Bear 3X Shares Schedule of Investments (Unaudited) January 31, 2018; foot line 'TOTAL NET ASSETS - 100.0%'","TOTAL NET ASSETS - 100.0% $ 266,198,521",2026-09-27T19:16:57Z
SPXS,distributions_usd,-310987,2017-11-01,2018-04-30,2018-04-30,N-CSRS,0001104659-18-044245,https://www.sec.gov/Archives/edgar/data/1424958/000110465918044245/a18-8411_1ncsrs.htm,"Statement of Changes in Net Assets; row 'Total distributions'; column 3 of 4 (SPXS, Six Months Ended April 30, 2018)","Total distributions (29,982,685 ) — (310,987 )",2026-09-27T19:17:17Z
SPXS,net_assets,287903021,2018-04-30,2018-04-30,2018-04-30,N-CSRS,0001104659-18-044245,https://www.sec.gov/Archives/edgar/data/1424958/000110465918044245/a18-8411_1ncsrs.htm,"Statement of Assets and Liabilities April 30, 2018; row 'Net Assets' (first); column 4 of 4 (SPXS)","Net Assets $ 59,974,450 $ 3,536,968 $ 1,121,189,933 $ 287,903,021",2026-09-27T19:17:17Z
SPXS,net_assets,287903021,2018-04-30,2018-04-30,2018-04-30,N-CSRS,0001104659-18-044245,https://www.sec.gov/Archives/edgar/data/1424958/000110465918044245/a18-8411_1ncsrs.htm,"Statement of Changes in Net Assets; row 'End of year/period'; column 3 of 4 (SPXS, Six Months Ended April 30, 2018)","End of year/period $ 1,121,189,933 $ 692,850,897 $ 287,903,021",2026-09-27T19:17:17Z
SPXS,operations_usd,-46200543,2017-11-01,2018-04-30,2018-04-30,N-CSRS,0001104659-18-044245,https://www.sec.gov/Archives/edgar/data/1424958/000110465918044245/a18-8411_1ncsrs.htm,"Statement of Changes in Net Assets; row 'Net increase (decrease) in net assets resulting from operations'; column 3 of 4 (SPXS, Six Months Ended April 30, 2018)","Net increase (decrease) in net assets resulting from operations (10,281,056 ) 321,361,332 (46,200,543 )",2026-09-27T19:17:17Z
SPXS,payable_shares_redeemed_usd,0,2018-04-30,2018-04-30,2018-04-30,N-CSRS,0001104659-18-044245,https://www.sec.gov/Archives/edgar/data/1424958/000110465918044245/a18-8411_1ncsrs.htm,"Statement of Assets and Liabilities April 30, 2018; row 'Payable for Fund shares redeemed'; column 4 of 4 (SPXS)","Payable for Fund shares redeemed — 648,468 27,660 —",2026-09-27T19:17:17Z
SPXS,receivable_shares_sold_usd,0,2018-04-30,2018-04-30,2018-04-30,N-CSRS,0001104659-18-044245,https://www.sec.gov/Archives/edgar/data/1424958/000110465918044245/a18-8411_1ncsrs.htm,"Statement of Assets and Liabilities April 30, 2018; row 'Receivable for Fund shares sold'; column 4 of 4 (SPXS)","Receivable for Fund shares sold — — 10,445,728 —",2026-09-27T19:17:17Z
SPXS,redemptions_usd,-209716243,2017-11-01,2018-04-30,2018-04-30,N-CSRS,0001104659-18-044245,https://www.sec.gov/Archives/edgar/data/1424958/000110465918044245/a18-8411_1ncsrs.htm,"Statement of Changes in Net Assets; row 'Cost of shares redeemed'; column 3 of 4 (SPXS, Six Months Ended April 30, 2018)","Cost of shares redeemed (778,919,820 ) (1,390,390,693 ) (209,716,243 )",2026-09-27T19:17:17Z
SPXS,sales_usd,162143177,2017-11-01,2018-04-30,2018-04-30,N-CSRS,0001104659-18-044245,https://www.sec.gov/Archives/edgar/data/1424958/000110465918044245/a18-8411_1ncsrs.htm,"Statement of Changes in Net Assets; row 'Proceeds from shares sold'; column 3 of 4 (SPXS, Six Months Ended April 30, 2018)","Proceeds from shares sold 1,247,325,359 1,303,134,520 162,143,177",2026-09-27T19:17:17Z
SPXS,shares_redeemed,-7150000,2017-11-01,2018-04-30,2018-04-30,N-CSRS,0001104659-18-044245,https://www.sec.gov/Archives/edgar/data/1424958/000110465918044245/a18-8411_1ncsrs.htm,"Statement of Changes in Net Assets; row 'Shares repurchased'; column 3 of 4 (SPXS, Six Months Ended April 30, 2018)","Shares repurchased (17,700,000 ) (41,300,000 ) (7,150,000 )",2026-09-27T19:17:17Z
SPXS,shares_sold,5850000,2017-11-01,2018-04-30,2018-04-30,N-CSRS,0001104659-18-044245,https://www.sec.gov/Archives/edgar/data/1424958/000110465918044245/a18-8411_1ncsrs.htm,"Statement of Changes in Net Assets; row 'Shares sold'; column 3 of 4 (SPXS, Six Months Ended April 30, 2018)","Shares sold 27,950,000 38,250,000 5,850,000",2026-09-27T19:17:17Z
SPXS,transaction_fees_usd,62915,2017-11-01,2018-04-30,2018-04-30,N-CSRS,0001104659-18-044245,https://www.sec.gov/Archives/edgar/data/1424958/000110465918044245/a18-8411_1ncsrs.htm,"Statement of Changes in Net Assets; row 'Transaction fees (Note 4)'; column 3 of 4 (SPXS, Six Months Ended April 30, 2018)","Transaction fees (Note 4) 197,238 338,632 62,915",2026-09-27T19:17:17Z
SPXS,net_assets,296556121,2018-07-31,2018-07-31,2018-07-31,N-Q,0001387131-18-005039,https://www.sec.gov/Archives/edgar/data/1424958/000138713118005039/dsetft-nq_073118.htm,"Schedule of Investments, Direxion Daily S&P 500® Bear 3X Shares Schedule of Investments (Unaudited) July 31, 2018; foot line 'TOTAL NET ASSETS - 100.0%'","TOTAL NET ASSETS - 100.0% $ 296,556,121",2026-09-27T19:17:23Z
SPXS,distributions_usd,-972234,2017-11-01,2018-10-31,2018-10-31,N-CSR,0001104659-19-000390,https://www.sec.gov/Archives/edgar/data/1424958/000110465919000390/a18-36871_1ncsr.htm,"Statement of Changes in Net Assets; row 'Total distributions'; column 3 of 4 (SPXS, Year Ended October 31, 2018)","Total distributions (32,208,266 ) — (972,234 )",2026-09-27T19:17:49Z
SPXS,net_assets,267114074,2018-10-31,2018-10-31,2018-10-31,N-CSR,0001104659-19-000390,https://www.sec.gov/Archives/edgar/data/1424958/000110465919000390/a18-36871_1ncsr.htm,"Statement of Assets and Liabilities October 31, 2018; row 'Net Assets' (first); column 4 of 4 (SPXS)","Net Assets $ 57,678,063 $ 4,404,405 $ 992,231,704 $ 267,114,074",2026-09-27T19:17:49Z
SPXS,net_assets,267114074,2018-10-31,2018-10-31,2018-10-31,N-CSR,0001104659-19-076733,https://www.sec.gov/Archives/edgar/data/1424958/000110465919076733/a19-23052_1ncsr.htm,"Statement of Changes in Net Assets; row 'Beginning of year'; column 3 of 4 (SPXS, Year Ended October 31, 2019)","Beginning of year 992,231,704 692,850,897 267,114,074",2026-09-27T19:19:17Z
SPXS,net_assets,267114074,2018-10-31,2018-10-31,2018-10-31,N-CSR,0001104659-19-000390,https://www.sec.gov/Archives/edgar/data/1424958/000110465919000390/a18-36871_1ncsr.htm,"Statement of Changes in Net Assets; row 'End of year'; column 3 of 4 (SPXS, Year Ended October 31, 2018)","End of year $ 992,231,704 $ 692,850,897 1 $ 267,114,074",2026-09-27T19:17:49Z
SPXS,operations_usd,-65710929,2017-11-01,2018-10-31,2018-10-31,N-CSR,0001104659-19-000390,https://www.sec.gov/Archives/edgar/data/1424958/000110465919000390/a18-36871_1ncsr.htm,"Statement of Changes in Net Assets; row 'Net increase (decrease) in net assets resulting from operations'; column 3 of 4 (SPXS, Year Ended October 31, 2018)","Net increase (decrease) in net assets resulting from operations 72,943,609 321,361,332 (65,710,929 )",2026-09-27T19:17:49Z
SPXS,payable_shares_redeemed_usd,16076458,2018-10-31,2018-10-31,2018-10-31,N-CSR,0001104659-19-000390,https://www.sec.gov/Archives/edgar/data/1424958/000110465919000390/a18-36871_1ncsr.htm,"Statement of Assets and Liabilities October 31, 2018; row 'Payable for Fund shares redeemed'; column 4 of 4 (SPXS)","Payable for Fund shares redeemed — — — 16,076,458",2026-09-27T19:17:49Z
SPXS,receivable_shares_sold_usd,1296211,2018-10-31,2018-10-31,2018-10-31,N-CSR,0001104659-19-000390,https://www.sec.gov/Archives/edgar/data/1424958/000110465919000390/a18-36871_1ncsr.htm,"Statement of Assets and Liabilities October 31, 2018; row 'Receivable for Fund shares sold'; column 4 of 4 (SPXS)","Receivable for Fund shares sold — — 186,697 1,296,211",2026-09-27T19:17:49Z
SPXS,redemptions_usd,-452601536,2017-11-01,2018-10-31,2018-10-31,N-CSR,0001104659-19-000390,https://www.sec.gov/Archives/edgar/data/1424958/000110465919000390/a18-36871_1ncsr.htm,"Statement of Changes in Net Assets; row 'Cost of shares redeemed'; column 3 of 4 (SPXS, Year Ended October 31, 2018)","Cost of shares redeemed (1,417,003,027 ) (1,390,390,693 ) (452,601,536 )",2026-09-27T19:17:49Z
SPXS,sales_usd,404338291,2017-11-01,2018-10-31,2018-10-31,N-CSR,0001104659-19-000390,https://www.sec.gov/Archives/edgar/data/1424958/000110465919000390/a18-36871_1ncsr.htm,"Statement of Changes in Net Assets; row 'Proceeds from shares sold'; column 3 of 4 (SPXS, Year Ended October 31, 2018)","Proceeds from shares sold 1,675,301,042 1,303,134,520 404,338,291",2026-09-27T19:17:49Z
SPXS,shares_redeemed,-16800000,2017-11-01,2018-10-31,2018-10-31,N-CSR,0001104659-19-000390,https://www.sec.gov/Archives/edgar/data/1424958/000110465919000390/a18-36871_1ncsr.htm,"Statement of Changes in Net Assets; row 'Shares repurchased'; column 3 of 4 (SPXS, Year Ended October 31, 2018)","Shares repurchased (31,300,000 ) (41,300,000 ) (16,800,000 )",2026-09-27T19:17:49Z
SPXS,shares_sold,15850000,2017-11-01,2018-10-31,2018-10-31,N-CSR,0001104659-19-000390,https://www.sec.gov/Archives/edgar/data/1424958/000110465919000390/a18-36871_1ncsr.htm,"Statement of Changes in Net Assets; row 'Shares sold'; column 3 of 4 (SPXS, Year Ended October 31, 2018)","Shares sold 37,400,000 38,250,000 15,850,000",2026-09-27T19:17:49Z
SPXS,transaction_fees_usd,135780,2017-11-01,2018-10-31,2018-10-31,N-CSR,0001104659-19-000390,https://www.sec.gov/Archives/edgar/data/1424958/000110465919000390/a18-36871_1ncsr.htm,"Statement of Changes in Net Assets; row 'Transaction fees (Note 4)'; column 3 of 4 (SPXS, Year Ended October 31, 2018)","Transaction fees (Note 4) 347,449 338,632 135,780",2026-09-27T19:17:49Z
SPXS,net_assets,267114074,2018-10-31,2018-10-31,2018-10-31,N-CSRS,0001104659-19-039517,https://www.sec.gov/Archives/edgar/data/1424958/000110465919039517/a19-3737_1ncsrs.htm,"Statement of Changes in Net Assets; row 'Beginning of year/period'; column 3 of 4 (SPXS, Six Months Ended April 30, 2019)","Beginning of year/period 992,231,704 692,850,897 267,114,074",2026-09-27T19:18:42Z
SPXS,net_assets,319213577,2019-01-31,2019-01-31,2019-01-31,N-Q,0001387131-19-002268,https://www.sec.gov/Archives/edgar/data/1424958/000138713119002268/dsetft-nq_013119.htm,"Schedule of Investments, Direxion Daily S&P 500® Bear 3X Shares Schedule of Investments (Unaudited) January 31, 2019; foot line 'TOTAL NET ASSETS - 100.0%'","TOTAL NET ASSETS - 100.0% $ 319,213,577",2026-09-27T19:18:17Z
SPXS,distributions_usd,-2110240,2018-11-01,2019-04-30,2019-04-30,N-CSRS,0001104659-19-039517,https://www.sec.gov/Archives/edgar/data/1424958/000110465919039517/a19-3737_1ncsrs.htm,"Statement of Changes in Net Assets; row 'Total distributions'; column 3 of 4 (SPXS, Six Months Ended April 30, 2019)","Total distributions (5,908,966 ) (32,208,266 ) (2,110,240 )",2026-09-27T19:18:42Z
SPXS,net_assets,356684195,2019-04-30,2019-04-30,2019-04-30,N-CSRS,0001104659-19-039517,https://www.sec.gov/Archives/edgar/data/1424958/000110465919039517/a19-3737_1ncsrs.htm,"Statement of Assets and Liabilities April 30, 2019; row 'Net Assets' (first); column 4 of 4 (SPXS)","Net Assets $ 54,649,854 $ 3,220,355 $ 1,063,034,723 $ 356,684,195",2026-09-27T19:18:42Z
SPXS,net_assets,356684195,2019-04-30,2019-04-30,2019-04-30,N-CSRS,0001104659-19-039517,https://www.sec.gov/Archives/edgar/data/1424958/000110465919039517/a19-3737_1ncsrs.htm,"Statement of Changes in Net Assets; row 'End of year/period'; column 3 of 4 (SPXS, Six Months Ended April 30, 2019)","End of year/period $ 1,063,034,723 $ 992,231,704 $ 356,684,195",2026-09-27T19:18:42Z
SPXS,operations_usd,-112105642,2018-11-01,2019-04-30,2019-04-30,N-CSRS,0001104659-19-039517,https://www.sec.gov/Archives/edgar/data/1424958/000110465919039517/a19-3737_1ncsrs.htm,"Statement of Changes in Net Assets; row 'Net increase (decrease) in net assets resulting from operations'; column 3 of 4 (SPXS, Six Months Ended April 30, 2019)","Net increase (decrease) in net assets resulting from operations 223,682,834 72,943,609 (112,105,642 )",2026-09-27T19:18:42Z
SPXS,redemptions_usd,-260714155,2018-11-01,2019-04-30,2019-04-30,N-CSRS,0001104659-19-039517,https://www.sec.gov/Archives/edgar/data/1424958/000110465919039517/a19-3737_1ncsrs.htm,"Statement of Changes in Net Assets; row 'Cost of shares redeemed'; column 3 of 4 (SPXS, Six Months Ended April 30, 2019)","Cost of shares redeemed (596,785,249 ) (1,417,003,027 ) (260,714,155 )",2026-09-27T19:18:42Z
SPXS,sales_usd,464421944,2018-11-01,2019-04-30,2019-04-30,N-CSRS,0001104659-19-039517,https://www.sec.gov/Archives/edgar/data/1424958/000110465919039517/a19-3737_1ncsrs.htm,"Statement of Changes in Net Assets; row 'Proceeds from shares sold'; column 3 of 4 (SPXS, Six Months Ended April 30, 2019)","Proceeds from shares sold 449,672,568 1,675,301,042 464,421,944",2026-09-27T19:18:42Z
SPXS,shares_redeemed,-10050000,2018-11-01,2019-04-30,2019-04-30,N-CSRS,0001104659-19-039517,https://www.sec.gov/Archives/edgar/data/1424958/000110465919039517/a19-3737_1ncsrs.htm,"Statement of Changes in Net Assets; row 'Shares repurchased'; column 3 of 4 (SPXS, Six Months Ended April 30, 2019)","Shares repurchased (14,500,000 ) (31,300,000 ) (10,050,000 )",2026-09-27T19:18:42Z
SPXS,shares_sold,18900000,2018-11-01,2019-04-30,2019-04-30,N-CSRS,0001104659-19-039517,https://www.sec.gov/Archives/edgar/data/1424958/000110465919039517/a19-3737_1ncsrs.htm,"Statement of Changes in Net Assets; row 'Shares sold'; column 3 of 4 (SPXS, Six Months Ended April 30, 2019)","Shares sold 11,750,000 37,400,000 18,900,000",2026-09-27T19:18:42Z
SPXS,transaction_fees_usd,78214,2018-11-01,2019-04-30,2019-04-30,N-CSRS,0001104659-19-039517,https://www.sec.gov/Archives/edgar/data/1424958/000110465919039517/a19-3737_1ncsrs.htm,"Statement of Changes in Net Assets; row 'Transaction fees (Note 4)'; column 3 of 4 (SPXS, Six Months Ended April 30, 2019)","Transaction fees (Note 4) 141,832 347,449 78,214",2026-09-27T19:18:42Z
SPXS,net_assets,440479840,2019-07-31,2019-07-31,2019-07-31,NPORT-EX,0001193125-19-256858,https://www.sec.gov/Archives/edgar/data/1424958/000119312519256858/d802631dnportex.htm,"Schedule of Investments, Direxion Daily S&P 500 ® Bear 3X Shares Schedule of Investments (Unaudited) July 31, 2019; foot line 'TOTAL NET ASSETS - 100.0%'","TOTAL NET ASSETS - 100.0% $ 440,479,840",2026-09-27T19:18:50Z
SPXS,distributions_usd,-5338151,2018-11-01,2019-10-31,2019-10-31,N-CSR,0001104659-19-076733,https://www.sec.gov/Archives/edgar/data/1424958/000110465919076733/a19-23052_1ncsr.htm,"Statement of Changes in Net Assets; row 'Total distributions'; column 3 of 4 (SPXS, Year Ended October 31, 2019)","Total distributions (11,449,455 ) (32,208,266 ) (5,338,151 )",2026-09-27T19:19:17Z
SPXS,net_assets,488984309,2019-10-31,2019-10-31,2019-10-31,N-CSR,0001104659-19-076733,https://www.sec.gov/Archives/edgar/data/1424958/000110465919076733/a19-23052_1ncsr.htm,"Statement of Assets and Liabilities October 31, 2019; row 'Net Assets' (first); column 4 of 4 (SPXS)","Net Assets $ 46,481,486 $ 3,059,740 $ 947,850,788 $ 488,984,309",2026-09-27T19:19:17Z
SPXS,net_assets,488984309,2019-10-31,2019-10-31,2019-10-31,N-CSR,0001104659-19-076733,https://www.sec.gov/Archives/edgar/data/1424958/000110465919076733/a19-23052_1ncsr.htm,"Statement of Changes in Net Assets; row 'End of year'; column 3 of 4 (SPXS, Year Ended October 31, 2019)","End of year $ 947,850,788 $ 992,231,704 $ 488,984,309",2026-09-27T19:19:17Z
SPXS,operations_usd,-168772050,2018-11-01,2019-10-31,2019-10-31,N-CSR,0001104659-19-076733,https://www.sec.gov/Archives/edgar/data/1424958/000110465919076733/a19-23052_1ncsr.htm,"Statement of Changes in Net Assets; row 'Net increase (decrease) in net assets resulting from operations'; column 3 of 4 (SPXS, Year Ended October 31, 2019)","Net increase (decrease) in net assets resulting from operations 302,110,564 72,943,609 (168,772,050 )",2026-09-27T19:19:17Z
SPXS,payable_shares_redeemed_usd,0,2019-10-31,2019-10-31,2019-10-31,N-CSR,0001104659-19-076733,https://www.sec.gov/Archives/edgar/data/1424958/000110465919076733/a19-23052_1ncsr.htm,"Statement of Assets and Liabilities October 31, 2019; row 'Payable for Fund shares redeemed'; column 4 of 4 (SPXS)","Payable for Fund shares redeemed — — 13,813,037 —",2026-09-27T19:19:17Z
SPXS,receivable_shares_sold_usd,19268296,2019-10-31,2019-10-31,2019-10-31,N-CSR,0001104659-19-076733,https://www.sec.gov/Archives/edgar/data/1424958/000110465919076733/a19-23052_1ncsr.htm,"Statement of Assets and Liabilities October 31, 2019; row 'Receivable for Fund shares sold'; column 4 of 4 (SPXS)","Receivable for Fund shares sold — — 4,144 19,268,296",2026-09-27T19:19:17Z
SPXS,redemptions_usd,-827834428,2018-11-01,2019-10-31,2019-10-31,N-CSR,0001104659-19-076733,https://www.sec.gov/Archives/edgar/data/1424958/000110465919076733/a19-23052_1ncsr.htm,"Statement of Changes in Net Assets; row 'Cost of shares redeemed'; column 3 of 4 (SPXS, Year Ended October 31, 2019)","Cost of shares redeemed (1,328,657,459 ) (1,417,003,027 ) (827,834,428 )",2026-09-27T19:19:17Z
SPXS,sales_usd,1223566513,2018-11-01,2019-10-31,2019-10-31,N-CSR,0001104659-19-076733,https://www.sec.gov/Archives/edgar/data/1424958/000110465919076733/a19-23052_1ncsr.htm,"Statement of Changes in Net Assets; row 'Proceeds from shares sold'; column 3 of 4 (SPXS, Year Ended October 31, 2019)","Proceeds from shares sold 993,301,395 1,675,301,042 1,223,566,513",2026-09-27T19:19:17Z
SPXS,shares_redeemed,-39750000,2018-11-01,2019-10-31,2019-10-31,N-CSR,0001104659-19-076733,https://www.sec.gov/Archives/edgar/data/1424958/000110465919076733/a19-23052_1ncsr.htm,"Statement of Changes in Net Assets; row 'Shares repurchased'; column 3 of 4 (SPXS, Year Ended October 31, 2019)","Shares repurchased (28,600,000 ) (31,300,000 ) (39,750,000 )",2026-09-27T19:19:17Z
SPXS,shares_sold,59900000,2018-11-01,2019-10-31,2019-10-31,N-CSR,0001104659-19-076733,https://www.sec.gov/Archives/edgar/data/1424958/000110465919076733/a19-23052_1ncsr.htm,"Statement of Changes in Net Assets; row 'Shares sold'; column 3 of 4 (SPXS, Year Ended October 31, 2019)","Shares sold 22,700,000 37,400,000 59,900,000",2026-09-27T19:19:17Z
SPXS,transaction_fees_usd,248351,2018-11-01,2019-10-31,2019-10-31,N-CSR,0001104659-19-076733,https://www.sec.gov/Archives/edgar/data/1424958/000110465919076733/a19-23052_1ncsr.htm,"Statement of Changes in Net Assets; row 'Transaction fees (Note 4)'; column 3 of 4 (SPXS, Year Ended October 31, 2019)","Transaction fees (Note 4) 314,039 347,449 248,351",2026-09-27T19:19:17Z
