cik,entityName_current,period_start_FY_end,period_end_FY_end,ratio_as_reported_earlier,ratio_as_reported_later,level_restatement_factor_on_earlier_FY,abs_log_deviation,filed_earlier,filed_later,case
1402281,Erin Energy Corp.,2011-12-31,2012-12-31,1.008134,1.669096,1.0,5.041811e-01,2014-03-14,2014-12-19,level unchanged
1402281,Erin Energy Corp.,2012-12-31,2013-12-31,1.004961,1.398995,1.65563,3.308054e-01,2014-03-14,2014-12-19,LEVEL RESTATED (split / stock div / recast)
1679688,"DigitalBridge Group, Inc.",2015-12-31,2016-12-31,0.971496,1.011755,0.86197,4.060413e-02,2017-02-28,2018-03-01,LEVEL RESTATED (split / stock div / recast)
1579157,VINCE HOLDING CORP.,2020-02-01,2021-01-30,1.008928,1.0,1.00893,8.888215e-03,2021-04-30,2022-04-29,level unchanged
1631761,Yiren Digital Ltd.,2017-12-31,2018-12-31,1.014832,1.009793,1.51455,4.977799e-03,2019-04-29,2020-05-15,LEVEL RESTATED (split / stock div / recast)
1318605,"Tesla, Inc.",2018-12-31,2019-12-31,1.035088,1.039859,4.9883,4.599259e-03,2020-02-13,2021-02-08,LEVEL RESTATED (split / stock div / recast)
800240,The ODP Corporation,2018-12-29,2019-12-28,0.985533,0.981818,0.09946,3.776932e-03,2020-02-26,2021-02-24,LEVEL RESTATED (split / stock div / recast)
949157,Century Aluminum Company,2010-12-31,2011-12-31,0.99113,0.9888,1.00675,2.354204e-03,2012-02-29,2013-03-18,level unchanged
1045810,NVIDIA CORP,2020-01-26,2021-01-31,1.013136,1.01148,4.00493,1.636038e-03,2021-02-26,2022-03-18,LEVEL RESTATED (split / stock div / recast)
1318605,"Tesla, Inc.",2017-12-31,2018-12-31,1.028759,1.03012,1.00146,1.322748e-03,2019-02-19,2020-02-13,level unchanged
1018724,AMAZON COM INC,2020-12-31,2021-12-31,1.012,1.011194,20.01,7.963617e-04,2022-02-04,2023-02-03,LEVEL RESTATED (split / stock div / recast)
1045810,NVIDIA CORP,2014-01-26,2015-01-25,0.939489,0.938776,1.00018,7.597210e-04,2015-03-12,2016-03-17,level unchanged
1318605,"Tesla, Inc.",2020-12-31,2021-12-31,1.056806,1.057541,2.99893,6.953434e-04,2022-02-07,2023-01-31,LEVEL RESTATED (split / stock div / recast)
1327567,"PALO ALTO NETWORKS, INC",2021-07-31,2022-07-31,1.021784,1.022484,2.99896,6.841935e-04,2022-09-06,2023-09-01,LEVEL RESTATED (split / stock div / recast)
800240,The ODP Corporation,2011-12-31,2012-12-29,1.006509,1.007194,1.0003,6.804681e-04,2013-04-30,2014-02-25,level unchanged
99780,TRINITY INDUSTRIES INC,2012-12-31,2013-12-31,0.988357,0.987718,2.00129,6.466214e-04,2014-02-20,2015-02-19,LEVEL RESTATED (split / stock div / recast)
40545,GENERAL ELECTRIC CO,2019-12-31,2020-12-31,1.003324,1.00275,0.12506,5.726533e-04,2021-02-12,2022-02-11,LEVEL RESTATED (split / stock div / recast)
946647,PREMIER FINANCIAL CORP,2014-12-31,2015-12-31,0.969509,0.968964,0.001,5.625937e-04,2016-02-29,2017-02-28,LEVEL RESTATED (split / stock div / recast)
1166691,COMCAST CORPORATION,2015-12-31,2016-12-31,0.969429,0.969228,2.0,2.074904e-04,2017-02-03,2018-01-31,LEVEL RESTATED (split / stock div / recast)
846377,"TOTALIGENT, INC.",2012-06-30,2013-06-30,1.00241,1.002578,1.0,1.673186e-04,2013-10-15,2014-04-30,level unchanged
1327567,"PALO ALTO NETWORKS, INC",2023-07-31,2024-07-31,1.05277,1.052935,2.0,1.566293e-04,2024-09-06,2025-08-29,LEVEL RESTATED (split / stock div / recast)
104169,WALMART INC.,2022-01-31,2023-01-31,0.975645,0.975525,3.0,1.223766e-04,2023-03-17,2024-03-15,LEVEL RESTATED (split / stock div / recast)
1499912,"Global Brokerage, Inc.",2013-12-31,2014-12-31,1.269847,1.269899,0.1,4.155114e-05,2015-03-16,2016-03-11,LEVEL RESTATED (split / stock div / recast)
908311,CREATIVE MEDIA & COMMUNITY TRUST CORPORATION,2017-12-31,2018-12-31,0.634097,0.634073,0.33334,3.731512e-05,2019-03-18,2020-03-16,LEVEL RESTATED (split / stock div / recast)
858470,COTERRA ENERGY INC.,2019-12-31,2020-12-31,0.959104,0.959135,1.00117,3.227024e-05,2021-02-26,2022-03-01,level unchanged
831001,Citigroup Inc,2009-12-31,2010-12-31,2.487487,2.487552,0.1,2.593327e-05,2011-02-25,2012-02-24,LEVEL RESTATED (split / stock div / recast)
82166,"RAVEN INDUSTRIES, INC.",2011-01-31,2012-01-31,1.002767,1.002787,1.99999,1.927949e-05,2012-03-30,2013-03-29,LEVEL RESTATED (split / stock div / recast)
1828972,"BuzzFeed, Inc.",2022-12-31,2023-12-31,1.035571,1.035585,0.25,1.397986e-05,2024-03-29,2025-03-14,LEVEL RESTATED (split / stock div / recast)
1352010,"EPAM SYSTEMS, INC.",2015-12-31,2016-12-31,1.032594,1.032604,1.0,1.039742e-05,2017-03-01,2018-02-27,level unchanged
910329,"Medifast, Inc.",2014-12-31,2015-12-31,0.943874,0.943883,0.99997,9.472353e-06,2016-03-15,2017-03-16,level unchanged
1352010,"EPAM SYSTEMS, INC.",2018-12-31,2019-12-31,1.020447,1.020439,1.0,7.771035e-06,2020-03-02,2021-02-25,level unchanged
20520,"Frontier Communications Parent, Inc.",2015-12-31,2016-12-31,1.073292,1.073284,0.06667,7.753642e-06,2017-03-01,2018-03-01,LEVEL RESTATED (split / stock div / recast)
1352010,"EPAM SYSTEMS, INC.",2016-12-31,2017-12-31,1.035136,1.035143,0.99999,6.984280e-06,2018-02-27,2019-02-26,level unchanged
858470,COTERRA ENERGY INC.,2009-12-31,2010-12-31,1.002847,1.002851,2.0,4.427651e-06,2011-02-28,2012-02-28,LEVEL RESTATED (split / stock div / recast)
745732,"Ross Stores, Inc.",2010-01-30,2011-01-29,0.958775,0.958771,2.0,4.243735e-06,2011-03-29,2012-03-27,LEVEL RESTATED (split / stock div / recast)
1679688,"DigitalBridge Group, Inc.",2020-12-31,2021-12-31,1.037795,1.037799,0.25,4.223356e-06,2022-02-28,2023-02-27,LEVEL RESTATED (split / stock div / recast)
1027884,CHICAGO BRIDGE & IRON CO N V,2011-12-31,2012-12-31,0.985827,0.98583,0.001,2.594445e-06,2013-02-28,2014-02-27,LEVEL RESTATED (split / stock div / recast)
858470,COTERRA ENERGY INC.,2011-12-31,2012-12-31,1.004988,1.004986,2.0,2.386205e-06,2013-02-28,2014-02-28,LEVEL RESTATED (split / stock div / recast)
1065280,NETFLIX INC,2013-12-31,2014-12-31,1.032304,1.032301,6.99998,2.301056e-06,2015-01-29,2016-01-28,LEVEL RESTATED (split / stock div / recast)
898293,JABIL INC,2019-08-31,2020-08-31,0.974295,0.974293,0.99992,2.204234e-06,2020-10-22,2021-10-22,level unchanged
1402281,Erin Energy Corp.,2011-12-31,2012-12-31,1.008133,1.008134,2434.79386,1.223379e-06,2013-04-15,2014-03-14,LEVEL RESTATED (split / stock div / recast)
84129,Rite Aid Corporation,2017-03-04,2018-03-03,1.00498,1.004979,0.05,9.195149e-07,2018-04-26,2019-04-25,LEVEL RESTATED (split / stock div / recast)
1402281,Erin Energy Corp.,2013-12-31,2014-12-31,1.329754,1.329753,0.16667,5.644197e-07,2015-03-16,2016-03-24,LEVEL RESTATED (split / stock div / recast)
858470,COTERRA ENERGY INC.,2010-12-31,2011-12-31,1.003248,1.003248,1.0,5.201405e-07,2012-02-28,2013-02-28,level unchanged
320193,Apple Inc.,2012-09-29,2013-09-28,0.989852,0.989852,7.0,4.631546e-07,2013-10-30,2014-10-27,LEVEL RESTATED (split / stock div / recast)
1352010,"EPAM SYSTEMS, INC.",2017-12-31,2018-12-31,1.029687,1.029686,1.0,4.163615e-07,2019-02-26,2020-03-02,level unchanged
1065280,NETFLIX INC,2023-12-31,2024-12-31,0.972707,0.972706,10.0,2.201096e-07,2025-01-27,2026-01-23,LEVEL RESTATED (split / stock div / recast)
1346830,"TVARDI THERAPEUTICS, INC.",2022-12-31,2023-12-31,1.009235,1.009235,0.08333,1.668901e-07,2024-03-06,2025-03-11,LEVEL RESTATED (split / stock div / recast)
320193,Apple Inc.,2018-09-29,2019-09-28,0.931883,0.931883,4.0,1.009005e-07,2019-10-31,2020-10-30,LEVEL RESTATED (split / stock div / recast)
745732,"Ross Stores, Inc.",2014-02-01,2015-01-31,0.971327,0.971327,2.0,6.933403e-08,2015-03-31,2016-03-29,LEVEL RESTATED (split / stock div / recast)
1579157,VINCE HOLDING CORP.,2016-01-30,2017-01-28,1.262442,1.262442,0.1,6.462658e-08,2017-04-28,2018-04-25,LEVEL RESTATED (split / stock div / recast)
1358356,"LIMESTONE BANCORP, INC.",2014-12-31,2015-12-31,1.898964,1.898964,0.2,3.867342e-08,2016-03-25,2017-02-28,LEVEL RESTATED (split / stock div / recast)
1063344,HERSHA HOSPITALITY TRUST,2013-12-31,2014-12-31,1.003623,1.003623,0.25,1.510350e-08,2015-02-20,2016-02-17,LEVEL RESTATED (split / stock div / recast)
1811210,"Lucid Group, Inc.",2023-12-31,2024-12-31,1.174565,1.174565,0.1,1.369688e-09,2025-02-25,2026-02-24,LEVEL RESTATED (split / stock div / recast)
1310067,SEARS HOLDINGS CORP,2010-01-30,2011-01-29,0.94652,0.94652,1.0,0.000000e+00,2011-03-11,2012-03-14,level unchanged
1310067,SEARS HOLDINGS CORP,2011-01-29,2012-01-28,0.957848,0.957848,1.0,0.000000e+00,2012-03-14,2013-03-20,level unchanged
1310067,SEARS HOLDINGS CORP,2012-01-28,2013-02-02,0.991573,0.991573,1.0,0.000000e+00,2013-03-20,2014-03-18,level unchanged
1310067,SEARS HOLDINGS CORP,2013-02-02,2014-02-01,1.001889,1.001889,1.0,0.000000e+00,2014-03-18,2015-03-17,level unchanged
1310067,SEARS HOLDINGS CORP,2014-02-01,2015-01-31,1.001885,1.001885,1.0,0.000000e+00,2015-03-17,2016-03-16,level unchanged
1310067,SEARS HOLDINGS CORP,2015-01-31,2016-01-30,1.002822,1.002822,1.0,0.000000e+00,2016-03-16,2017-03-21,level unchanged
1310067,SEARS HOLDINGS CORP,2016-01-30,2017-01-28,1.002814,1.002814,1.0,0.000000e+00,2017-03-21,2018-03-23,level unchanged
886158,"20230930-DK-BUTTERFLY-1, INC.",2009-02-28,2010-02-27,1.005246,1.005246,1.0,0.000000e+00,2010-04-27,2011-04-26,level unchanged
886158,"20230930-DK-BUTTERFLY-1, INC.",2010-02-27,2011-02-26,0.986584,0.986584,1.0,0.000000e+00,2011-04-26,2012-04-24,level unchanged
886158,"20230930-DK-BUTTERFLY-1, INC.",2011-02-26,2012-02-25,0.943841,0.943841,1.0,0.000000e+00,2012-04-24,2013-04-30,level unchanged
886158,"20230930-DK-BUTTERFLY-1, INC.",2012-02-25,2013-03-02,0.935867,0.935867,1.0,0.000000e+00,2013-04-30,2014-04-29,level unchanged
886158,"20230930-DK-BUTTERFLY-1, INC.",2013-03-02,2014-03-01,0.938061,0.938061,1.0,0.000000e+00,2014-04-29,2015-04-28,level unchanged
886158,"20230930-DK-BUTTERFLY-1, INC.",2014-03-01,2015-02-28,0.885857,0.885857,1.0,0.000000e+00,2015-04-28,2016-04-26,level unchanged
886158,"20230930-DK-BUTTERFLY-1, INC.",2015-02-28,2016-02-27,0.874627,0.874627,1.0,0.000000e+00,2016-04-26,2017-04-25,level unchanged
886158,"20230930-DK-BUTTERFLY-1, INC.",2016-02-27,2017-02-25,0.91016,0.91016,1.0,0.000000e+00,2017-04-25,2018-05-02,level unchanged
886158,"20230930-DK-BUTTERFLY-1, INC.",2017-02-25,2018-03-03,0.937062,0.937062,1.0,0.000000e+00,2018-05-02,2019-04-30,level unchanged
886158,"20230930-DK-BUTTERFLY-1, INC.",2018-03-03,2019-03-02,0.964478,0.964478,1.0,0.000000e+00,2019-04-30,2020-04-29,level unchanged
886158,"20230930-DK-BUTTERFLY-1, INC.",2019-03-02,2020-02-29,0.925982,0.925982,1.0,0.000000e+00,2020-04-29,2021-04-22,level unchanged
886158,"20230930-DK-BUTTERFLY-1, INC.",2020-02-29,2021-02-27,0.976631,0.976631,1.0,0.000000e+00,2021-04-22,2022-04-21,level unchanged
886158,"20230930-DK-BUTTERFLY-1, INC.",2021-02-27,2022-02-26,0.817227,0.817227,1.0,0.000000e+00,2022-04-21,2023-06-14,level unchanged
719739,SVB Financial Group,2010-12-31,2011-12-31,1.029444,1.029444,1.0,0.000000e+00,2012-02-28,2013-02-27,level unchanged
719739,SVB Financial Group,2011-12-31,2012-12-31,1.028788,1.028788,1.0,0.000000e+00,2013-02-27,2014-02-27,level unchanged
719739,SVB Financial Group,2012-12-31,2013-12-31,1.024117,1.024117,1.0,0.000000e+00,2014-02-27,2015-02-26,level unchanged
719739,SVB Financial Group,2013-12-31,2014-12-31,1.07994,1.07994,1.0,0.000000e+00,2015-02-26,2016-02-26,level unchanged
719739,SVB Financial Group,2014-12-31,2015-12-31,1.048783,1.048783,1.0,0.000000e+00,2016-02-26,2017-02-28,level unchanged
719739,SVB Financial Group,2015-12-31,2016-12-31,1.011633,1.011633,1.0,0.000000e+00,2017-02-28,2018-02-28,level unchanged
719739,SVB Financial Group,2016-12-31,2017-12-31,1.012963,1.012963,1.0,0.000000e+00,2018-02-28,2019-02-28,level unchanged
719739,SVB Financial Group,2017-12-31,2018-12-31,1.009318,1.009318,1.0,0.000000e+00,2019-02-28,2020-02-28,level unchanged
719739,SVB Financial Group,2018-12-31,2019-12-31,0.978089,0.978089,1.0,0.000000e+00,2020-02-28,2021-03-01,level unchanged
719739,SVB Financial Group,2019-12-31,2020-12-31,0.99557,0.99557,1.0,0.000000e+00,2021-03-01,2022-03-01,level unchanged
719739,SVB Financial Group,2020-12-31,2021-12-31,1.078901,1.078901,1.0,0.000000e+00,2022-03-01,2023-02-24,level unchanged
320193,Apple Inc.,2007-09-29,2008-09-27,1.019659,1.019659,1.0,0.000000e+00,2009-10-27,2010-01-25,level unchanged
320193,Apple Inc.,2008-09-27,2009-09-26,1.012958,1.012958,1.0,0.000000e+00,2009-10-27,2010-01-25,level unchanged
320193,Apple Inc.,2008-09-27,2009-09-26,1.012958,1.012958,1.0,0.000000e+00,2010-01-25,2010-10-27,level unchanged
320193,Apple Inc.,2009-09-26,2010-09-25,1.018415,1.018415,1.0,0.000000e+00,2010-10-27,2011-10-26,level unchanged
320193,Apple Inc.,2010-09-25,2011-09-24,1.01627,1.01627,1.0,0.000000e+00,2011-10-26,2012-10-31,level unchanged
320193,Apple Inc.,2010-09-25,2011-09-24,1.01627,1.01627,1.0,0.000000e+00,2012-10-31,2013-04-24,level unchanged
320193,Apple Inc.,2011-09-24,2012-09-29,1.011425,1.011425,1.0,0.000000e+00,2012-10-31,2013-04-24,level unchanged
320193,Apple Inc.,2011-09-24,2012-09-29,1.011425,1.011425,1.0,0.000000e+00,2013-04-24,2013-10-30,level unchanged
320193,Apple Inc.,2012-09-29,2013-09-28,0.989852,0.989852,1.0,0.000000e+00,2014-10-27,2015-01-28,level unchanged
320193,Apple Inc.,2013-09-28,2014-09-27,0.93952,0.93952,1.0,0.000000e+00,2014-10-27,2015-01-28,level unchanged
320193,Apple Inc.,2013-09-28,2014-09-27,0.93952,0.93952,1.0,0.000000e+00,2015-01-28,2015-10-28,level unchanged
320193,Apple Inc.,2014-09-27,2015-09-26,0.94542,0.94542,1.0,0.000000e+00,2015-10-28,2016-10-26,level unchanged
320193,Apple Inc.,2015-09-26,2016-09-24,0.950881,0.950881,1.0,0.000000e+00,2016-10-26,2017-11-03,level unchanged
320193,Apple Inc.,2016-09-24,2017-09-30,0.953649,0.953649,1.0,0.000000e+00,2017-11-03,2018-11-05,level unchanged
320193,Apple Inc.,2017-09-30,2018-09-29,0.949808,0.949808,1.0,0.000000e+00,2018-11-05,2019-10-31,level unchanged
320193,Apple Inc.,2019-09-28,2020-09-26,0.939408,0.939408,1.0,0.000000e+00,2020-10-30,2021-10-29,level unchanged
320193,Apple Inc.,2020-09-26,2021-09-25,0.962492,0.962492,1.0,0.000000e+00,2021-10-29,2022-10-28,level unchanged
320193,Apple Inc.,2021-09-25,2022-09-24,0.970942,0.970942,1.0,0.000000e+00,2022-10-28,2023-11-03,level unchanged
320193,Apple Inc.,2022-09-24,2023-09-30,0.970909,0.970909,1.0,0.000000e+00,2023-11-03,2024-11-01,level unchanged
320193,Apple Inc.,2023-09-30,2024-09-28,0.974565,0.974565,1.0,0.000000e+00,2024-11-01,2025-10-31,level unchanged
1045810,NVIDIA CORP,2009-01-25,2010-01-31,1.002642,1.002642,1.0,0.000000e+00,2010-03-18,2011-03-16,level unchanged
1045810,NVIDIA CORP,2010-01-31,2011-01-30,1.046587,1.046587,1000.0,0.000000e+00,2011-03-16,2012-03-13,LEVEL RESTATED (split / stock div / recast)
1045810,NVIDIA CORP,2011-01-30,2012-01-29,1.049496,1.049496,1.0,0.000000e+00,2012-03-13,2013-03-12,level unchanged
1045810,NVIDIA CORP,2012-01-29,2013-01-27,1.025972,1.025972,1.0,0.000000e+00,2013-03-12,2014-03-13,level unchanged
1045810,NVIDIA CORP,2013-01-27,2014-01-26,0.94925,0.94925,1.0,0.000000e+00,2014-03-13,2015-03-12,level unchanged
1045810,NVIDIA CORP,2015-01-25,2016-01-31,0.983696,0.983696,1.0,0.000000e+00,2016-03-17,2017-03-01,level unchanged
1045810,NVIDIA CORP,2016-01-31,2017-01-29,0.996317,0.996317,1.0,0.000000e+00,2017-03-01,2018-02-28,level unchanged
1045810,NVIDIA CORP,2017-01-29,2018-01-28,1.107209,1.107209,1.0,0.000000e+00,2018-02-28,2019-02-21,level unchanged
1045810,NVIDIA CORP,2018-01-28,2019-01-27,1.015025,1.015025,1.0,0.000000e+00,2019-02-21,2020-02-20,level unchanged
1045810,NVIDIA CORP,2019-01-27,2020-01-26,1.001645,1.001645,1.0,0.000000e+00,2020-02-20,2021-02-26,level unchanged
1045810,NVIDIA CORP,2021-01-31,2022-01-30,1.011755,1.011755,1.0,0.000000e+00,2022-03-18,2023-02-24,level unchanged
1045810,NVIDIA CORP,2022-01-30,2023-01-29,0.996394,0.996394,1.0,0.000000e+00,2023-02-24,2024-02-21,level unchanged
1045810,NVIDIA CORP,2023-01-29,2024-01-28,0.992762,0.992762,10.0,0.000000e+00,2024-02-21,2025-02-26,LEVEL RESTATED (split / stock div / recast)
1045810,NVIDIA CORP,2024-01-28,2025-01-26,0.994532,0.994532,1.0,0.000000e+00,2025-02-26,2026-02-25,level unchanged
1318605,"Tesla, Inc.",2016-12-31,2017-12-31,1.149405,1.149405,1.0,0.000000e+00,2018-02-23,2019-02-19,level unchanged
1318605,"Tesla, Inc.",2019-12-31,2020-12-31,1.05186,1.05186,1.0,0.000000e+00,2021-02-08,2022-02-07,level unchanged
1318605,"Tesla, Inc.",2021-12-31,2022-12-31,1.05779,1.05779,1.0,0.000000e+00,2023-01-31,2024-01-29,level unchanged
1318605,"Tesla, Inc.",2022-12-31,2023-12-31,1.014058,1.014058,1.0,0.000000e+00,2024-01-29,2025-01-30,level unchanged
1318605,"Tesla, Inc.",2023-12-31,2024-12-31,1.007246,1.007246,1.0,0.000000e+00,2025-01-30,2026-01-29,level unchanged
40545,GENERAL ELECTRIC CO,2012-12-31,2013-12-31,0.971396,0.971396,1.0,0.000000e+00,2014-02-27,2015-02-27,level unchanged
40545,GENERAL ELECTRIC CO,2012-12-31,2013-12-31,0.971396,0.971396,1.0,0.000000e+00,2015-02-27,2015-05-08,level unchanged
40545,GENERAL ELECTRIC CO,2012-12-31,2013-12-31,0.971396,0.971396,1.0,0.000000e+00,2015-05-08,2015-08-07,level unchanged
40545,GENERAL ELECTRIC CO,2013-12-31,2014-12-31,0.982684,0.982684,1.0,0.000000e+00,2015-02-27,2015-05-08,level unchanged
40545,GENERAL ELECTRIC CO,2013-12-31,2014-12-31,0.982684,0.982684,1.0,0.000000e+00,2015-05-08,2015-08-07,level unchanged
40545,GENERAL ELECTRIC CO,2013-12-31,2014-12-31,0.982684,0.982684,1.0,0.000000e+00,2015-08-07,2016-02-26,level unchanged
40545,GENERAL ELECTRIC CO,2013-12-31,2014-12-31,0.982684,0.982684,1.0,0.000000e+00,2016-02-26,2016-06-03,level unchanged
40545,GENERAL ELECTRIC CO,2014-12-31,2015-12-31,0.989945,0.989945,1.0,0.000000e+00,2016-02-26,2016-06-03,level unchanged
40545,GENERAL ELECTRIC CO,2014-12-31,2015-12-31,0.989945,0.989945,1.0,0.000000e+00,2016-06-03,2017-02-24,level unchanged
40545,GENERAL ELECTRIC CO,2015-12-31,2016-12-31,0.907582,0.907582,1.0,0.000000e+00,2017-02-24,2018-02-23,level unchanged
40545,GENERAL ELECTRIC CO,2016-12-31,2017-12-31,0.962548,0.962548,1.0,0.000000e+00,2018-02-23,2019-02-26,level unchanged
40545,GENERAL ELECTRIC CO,2017-12-31,2018-12-31,1.00046,1.00046,1.0,0.000000e+00,2019-02-26,2020-02-24,level unchanged
40545,GENERAL ELECTRIC CO,2018-12-31,2019-12-31,1.003797,1.003797,1.0,0.000000e+00,2020-02-24,2021-02-12,level unchanged
40545,GENERAL ELECTRIC CO,2020-12-31,2021-12-31,1.003656,1.003656,1.0,0.000000e+00,2022-02-11,2023-02-10,level unchanged
40545,GENERAL ELECTRIC CO,2020-12-31,2021-12-31,1.003656,1.003656,1.0,0.000000e+00,2023-02-10,2023-04-25,level unchanged
40545,GENERAL ELECTRIC CO,2021-12-31,2022-12-31,0.998179,0.998179,1.0,0.000000e+00,2023-02-10,2023-04-25,level unchanged
40545,GENERAL ELECTRIC CO,2021-12-31,2022-12-31,0.998179,0.998179,1.0,0.000000e+00,2023-04-25,2024-02-02,level unchanged
40545,GENERAL ELECTRIC CO,2022-12-31,2023-12-31,0.993613,0.993613,1.0,0.000000e+00,2024-02-02,2025-02-03,level unchanged
40545,GENERAL ELECTRIC CO,2023-12-31,2024-12-31,0.996327,0.996327,1.0,0.000000e+00,2025-02-03,2026-01-29,level unchanged
84129,Rite Aid Corporation,2011-02-26,2012-03-03,1.003253,1.003253,1.0,0.000000e+00,2012-04-24,2013-04-23,level unchanged
84129,Rite Aid Corporation,2012-03-03,2013-03-02,1.004225,1.004225,1.0,0.000000e+00,2013-04-23,2014-04-23,level unchanged
84129,Rite Aid Corporation,2013-03-02,2014-03-01,1.036689,1.036689,1.0,0.000000e+00,2014-04-23,2015-04-23,level unchanged
84129,Rite Aid Corporation,2014-03-01,2015-02-28,1.053029,1.053029,1.0,0.000000e+00,2015-04-23,2016-04-25,level unchanged
84129,Rite Aid Corporation,2015-02-28,2016-02-27,1.05486,1.05486,1.0,0.000000e+00,2016-04-25,2017-05-03,level unchanged
84129,Rite Aid Corporation,2015-02-28,2016-02-27,1.05486,1.05486,1.0,0.000000e+00,2017-05-03,2018-04-05,level unchanged
84129,Rite Aid Corporation,2016-02-27,2017-03-04,1.019573,1.019573,1.0,0.000000e+00,2017-05-03,2018-04-05,level unchanged
84129,Rite Aid Corporation,2016-02-27,2017-03-04,1.019573,1.019573,1.0,0.000000e+00,2018-04-05,2018-04-26,level unchanged
84129,Rite Aid Corporation,2018-03-03,2019-03-02,1.007107,1.007107,1.0,0.000000e+00,2019-04-25,2020-04-27,level unchanged
84129,Rite Aid Corporation,2019-03-02,2020-02-29,1.007076,1.007076,1.0,0.000000e+00,2020-04-27,2021-04-27,level unchanged
84129,Rite Aid Corporation,2020-02-29,2021-02-27,1.007985,1.007985,1.0,0.000000e+00,2021-04-27,2022-04-25,level unchanged
84129,Rite Aid Corporation,2021-02-27,2022-02-26,1.007493,1.007493,1.0,0.000000e+00,2022-04-25,2023-05-01,level unchanged
84129,Rite Aid Corporation,2021-02-27,2022-02-26,1.007493,1.007493,1.0,0.000000e+00,2023-05-01,2024-07-25,level unchanged
84129,Rite Aid Corporation,2022-02-26,2023-03-04,1.011562,1.011562,1.0,0.000000e+00,2023-05-01,2024-07-25,level unchanged
831001,Citigroup Inc,2008-12-31,2009-12-31,2.197041,2.197041,1.0,0.000000e+00,2010-02-26,2011-02-25,level unchanged
831001,Citigroup Inc,2010-12-31,2011-12-31,1.01119,1.01119,1.0,0.000000e+00,2012-02-24,2013-03-01,level unchanged
831001,Citigroup Inc,2010-12-31,2011-12-31,1.01119,1.01119,1.0,0.000000e+00,2013-03-01,2013-08-30,level unchanged
831001,Citigroup Inc,2011-12-31,2012-12-31,1.007148,1.007148,1.0,0.000000e+00,2013-03-01,2013-08-30,level unchanged
831001,Citigroup Inc,2011-12-31,2012-12-31,1.007148,1.007148,1.0,0.000000e+00,2013-08-30,2014-03-03,level unchanged
831001,Citigroup Inc,2012-12-31,2013-12-31,1.035897,1.035897,1.0,0.000000e+00,2014-03-03,2015-02-25,level unchanged
831001,Citigroup Inc,2012-12-31,2013-12-31,1.035897,1.035897,1.0,0.000000e+00,2015-02-25,2015-05-28,level unchanged
831001,Citigroup Inc,2013-12-31,2014-12-31,0.998617,0.998617,1.0,0.000000e+00,2015-02-25,2015-05-28,level unchanged
831001,Citigroup Inc,2013-12-31,2014-12-31,0.998617,0.998617,1.0,0.000000e+00,2015-05-28,2016-02-26,level unchanged
831001,Citigroup Inc,2013-12-31,2014-12-31,0.998617,0.998617,1.0,0.000000e+00,2016-02-26,2016-06-17,level unchanged
831001,Citigroup Inc,2014-12-31,2015-12-31,0.990896,0.990896,1.0,0.000000e+00,2016-02-26,2016-06-17,level unchanged
831001,Citigroup Inc,2014-12-31,2015-12-31,0.990896,0.990896,1.0,0.000000e+00,2016-06-17,2017-02-24,level unchanged
831001,Citigroup Inc,2014-12-31,2015-12-31,0.990896,0.990896,1.0,0.000000e+00,2017-02-24,2017-06-16,level unchanged
831001,Citigroup Inc,2015-12-31,2016-12-31,0.961418,0.961418,1.0,0.000000e+00,2017-02-24,2017-06-16,level unchanged
831001,Citigroup Inc,2015-12-31,2016-12-31,0.961418,0.961418,1.0,0.000000e+00,2017-06-16,2018-02-23,level unchanged
831001,Citigroup Inc,2016-12-31,2017-12-31,0.934351,0.934351,1.0,0.000000e+00,2018-02-23,2019-02-22,level unchanged
831001,Citigroup Inc,2017-12-31,2018-12-31,0.923958,0.923958,1.0,0.000000e+00,2019-02-22,2020-02-21,level unchanged
831001,Citigroup Inc,2018-12-31,2019-12-31,0.902098,0.902098,1.0,0.000000e+00,2020-02-21,2021-02-26,level unchanged
831001,Citigroup Inc,2019-12-31,2020-12-31,0.927352,0.927352,1.0,0.000000e+00,2021-02-26,2022-02-28,level unchanged
831001,Citigroup Inc,2019-12-31,2020-12-31,0.927352,0.927352,1.0,0.000000e+00,2022-02-28,2022-05-10,level unchanged
831001,Citigroup Inc,2020-12-31,2021-12-31,0.974686,0.974686,1.0,0.000000e+00,2022-02-28,2022-05-10,level unchanged
831001,Citigroup Inc,2020-12-31,2021-12-31,0.974686,0.974686,1.0,0.000000e+00,2022-05-10,2023-02-27,level unchanged
831001,Citigroup Inc,2021-12-31,2022-12-31,0.95755,0.95755,1.0,0.000000e+00,2023-02-27,2024-02-23,level unchanged
831001,Citigroup Inc,2022-12-31,2023-12-31,0.991473,0.991473,1.0,0.000000e+00,2024-02-23,2025-02-21,level unchanged
831001,Citigroup Inc,2023-12-31,2024-12-31,0.98513,0.98513,1.0,0.000000e+00,2025-02-21,2026-02-20,level unchanged
1018724,AMAZON COM INC,2008-12-31,2009-12-31,1.023641,1.023641,1.0,0.000000e+00,2010-01-29,2011-01-28,level unchanged
1018724,AMAZON COM INC,2009-12-31,2010-12-31,1.032333,1.032333,1.0,0.000000e+00,2011-01-28,2012-02-01,level unchanged
1018724,AMAZON COM INC,2010-12-31,2011-12-31,1.013423,1.013423,1.0,0.000000e+00,2012-02-01,2013-01-30,level unchanged
1018724,AMAZON COM INC,2011-12-31,2012-12-31,1.0,1.0,1.0,0.000000e+00,2013-01-30,2014-01-31,level unchanged
1018724,AMAZON COM INC,2012-12-31,2013-12-31,1.00883,1.00883,1.0,0.000000e+00,2014-01-31,2015-01-30,level unchanged
1018724,AMAZON COM INC,2013-12-31,2014-12-31,1.010941,1.010941,1.0,0.000000e+00,2015-01-30,2016-01-29,level unchanged
1018724,AMAZON COM INC,2014-12-31,2015-12-31,1.010823,1.010823,1.0,0.000000e+00,2016-01-29,2017-02-10,level unchanged
1018724,AMAZON COM INC,2015-12-31,2016-12-31,1.014989,1.014989,1.0,0.000000e+00,2017-02-10,2018-02-02,level unchanged
1018724,AMAZON COM INC,2016-12-31,2017-12-31,1.012658,1.012658,1.0,0.000000e+00,2018-02-02,2019-02-01,level unchanged
1018724,AMAZON COM INC,2017-12-31,2018-12-31,1.014583,1.014583,1.0,0.000000e+00,2019-02-01,2020-01-31,level unchanged
1018724,AMAZON COM INC,2018-12-31,2019-12-31,1.014374,1.014374,1.0,0.000000e+00,2020-01-31,2021-02-03,level unchanged
1018724,AMAZON COM INC,2019-12-31,2020-12-31,1.012146,1.012146,1.0,0.000000e+00,2021-02-03,2022-02-04,level unchanged
1018724,AMAZON COM INC,2021-12-31,2022-12-31,1.007117,1.007117,1.0,0.000000e+00,2023-02-03,2024-02-02,level unchanged
1018724,AMAZON COM INC,2022-12-31,2023-12-31,1.011287,1.011287,1.0,0.000000e+00,2024-02-02,2025-02-07,level unchanged
1018724,AMAZON COM INC,2023-12-31,2024-12-31,1.016401,1.016401,1.0,0.000000e+00,2025-02-07,2026-02-06,level unchanged
1652044,Alphabet Inc.,2023-12-31,2024-12-31,0.975376,0.975376,1.0,0.000000e+00,2025-02-05,2026-02-05,level unchanged
1811210,"Lucid Group, Inc.",2019-12-31,2020-12-31,1.205422,1.205422,1.0,0.000000e+00,2021-12-09,2022-02-28,level unchanged
1811210,"Lucid Group, Inc.",2020-12-31,2021-12-31,29.823388,29.823388,1.0,0.000000e+00,2022-02-28,2023-02-28,level unchanged
1811210,"Lucid Group, Inc.",2021-12-31,2022-12-31,2.266829,2.266829,1.0,0.000000e+00,2023-02-28,2024-02-27,level unchanged
1811210,"Lucid Group, Inc.",2022-12-31,2023-12-31,1.240371,1.240371,1.0,0.000000e+00,2024-02-27,2025-02-25,level unchanged
1744489,WALT DISNEY CO/,2017-09-30,2018-09-29,0.955995,0.955995,1.0,0.000000e+00,2019-08-14,2019-11-20,level unchanged
1744489,WALT DISNEY CO/,2018-09-29,2019-09-28,1.104736,1.104736,1.0,0.000000e+00,2019-11-20,2020-11-25,level unchanged
1744489,WALT DISNEY CO/,2018-09-29,2019-09-28,1.104736,1.104736,1.0,0.000000e+00,2020-11-25,2021-04-01,level unchanged
1744489,WALT DISNEY CO/,2019-09-28,2020-10-03,1.091787,1.091787,1.0,0.000000e+00,2020-11-25,2021-04-01,level unchanged
1744489,WALT DISNEY CO/,2019-09-28,2020-10-03,1.091787,1.091787,1.0,0.000000e+00,2021-04-01,2021-11-24,level unchanged
1744489,WALT DISNEY CO/,2020-10-03,2021-10-02,1.004425,1.004425,1.0,0.000000e+00,2021-11-24,2022-11-29,level unchanged
1744489,WALT DISNEY CO/,2021-10-02,2022-10-01,1.003304,1.003304,1.0,0.000000e+00,2022-11-29,2023-11-21,level unchanged
1744489,WALT DISNEY CO/,2022-10-01,2023-09-30,1.003293,1.003293,1.0,0.000000e+00,2023-11-21,2024-11-14,level unchanged
1744489,WALT DISNEY CO/,2023-09-30,2024-09-28,0.998359,0.998359,1.0,0.000000e+00,2024-11-14,2025-11-13,level unchanged
20520,"Frontier Communications Parent, Inc.",2010-12-31,2011-12-31,1.523252,1.523252,1000.0,0.000000e+00,2012-02-23,2013-02-27,LEVEL RESTATED (split / stock div / recast)
20520,"Frontier Communications Parent, Inc.",2011-12-31,2012-12-31,1.000692,1.000692,1.0,0.000000e+00,2013-02-27,2014-02-27,level unchanged
20520,"Frontier Communications Parent, Inc.",2012-12-31,2013-12-31,1.002142,1.002142,1.0,0.000000e+00,2014-02-27,2015-02-25,level unchanged
20520,"Frontier Communications Parent, Inc.",2013-12-31,2014-12-31,1.001772,1.001772,1.0,0.000000e+00,2015-02-25,2016-02-25,level unchanged
20520,"Frontier Communications Parent, Inc.",2014-12-31,2015-12-31,1.090694,1.090694,1.0,0.000000e+00,2016-02-25,2017-03-01,level unchanged
20520,"Frontier Communications Parent, Inc.",2016-12-31,2017-12-31,1.001662,1.001662,1.0,0.000000e+00,2018-03-01,2019-03-01,level unchanged
20520,"Frontier Communications Parent, Inc.",2017-12-31,2018-12-31,1.153687,1.153687,1.0,0.000000e+00,2019-03-01,2020-03-31,level unchanged
20520,"Frontier Communications Parent, Inc.",2018-12-31,2019-12-31,1.160365,1.160365,1.0,0.000000e+00,2020-03-31,2021-03-03,level unchanged
20520,"Frontier Communications Parent, Inc.",2022-12-31,2023-12-31,1.003007,1.003007,1.0,0.000000e+00,2024-02-23,2025-02-20,level unchanged
800240,The ODP Corporation,2010-12-25,2011-12-31,1.008568,1.008568,1.0,0.000000e+00,2012-02-28,2013-02-20,level unchanged
800240,The ODP Corporation,2010-12-25,2011-12-31,1.008568,1.008568,1.0,0.000000e+00,2013-02-20,2013-04-30,level unchanged
800240,The ODP Corporation,2011-12-31,2012-12-29,1.006509,1.006509,1.0,0.000000e+00,2013-02-20,2013-04-30,level unchanged
800240,The ODP Corporation,2012-12-29,2013-12-28,1.135714,1.135714,1.0,0.000000e+00,2014-02-25,2015-02-24,level unchanged
800240,The ODP Corporation,2013-12-28,2014-12-27,1.68239,1.68239,1.0,0.000000e+00,2015-02-24,2016-02-23,level unchanged
800240,The ODP Corporation,2014-12-27,2015-12-26,1.02243,1.02243,1.0,0.000000e+00,2016-02-23,2017-03-01,level unchanged
800240,The ODP Corporation,2015-12-26,2016-12-31,0.985375,0.985375,1.0,0.000000e+00,2017-03-01,2018-02-28,level unchanged
800240,The ODP Corporation,2016-12-31,2017-12-30,0.96846,0.96846,1.0,0.000000e+00,2018-02-28,2019-02-27,level unchanged
800240,The ODP Corporation,2017-12-30,2018-12-29,1.059387,1.059387,1.0,0.000000e+00,2019-02-27,2020-02-26,level unchanged
800240,The ODP Corporation,2019-12-28,2020-12-26,0.981481,0.981481,1.0,0.000000e+00,2021-02-24,2022-02-23,level unchanged
800240,The ODP Corporation,2020-12-26,2021-12-25,1.0,1.0,1.0,0.000000e+00,2022-02-23,2023-03-01,level unchanged
800240,The ODP Corporation,2021-12-25,2022-12-31,0.90566,0.90566,1.0,0.000000e+00,2023-03-01,2024-02-28,level unchanged
800240,The ODP Corporation,2022-12-31,2023-12-30,0.8125,0.8125,1.0,0.000000e+00,2024-02-28,2025-02-26,level unchanged
1067983,BERKSHIRE HATHAWAY INC,2008-12-31,2009-12-31,1.001429,1.001429,1000000.0,0.000000e+00,2010-03-01,2011-02-28,LEVEL RESTATED (split / stock div / recast)
1067983,BERKSHIRE HATHAWAY INC,2009-12-31,2010-12-31,1.054466,1.054466,1.0,0.000000e+00,2011-02-28,2012-02-27,level unchanged
1067983,BERKSHIRE HATHAWAY INC,2010-12-31,2011-12-31,1.0087,1.0087,0.0,0.000000e+00,2012-02-27,2013-03-01,LEVEL RESTATED (split / stock div / recast)
1067983,BERKSHIRE HATHAWAY INC,2011-12-31,2012-12-31,1.00085,1.00085,1.0,0.000000e+00,2013-03-01,2014-03-03,level unchanged
1067983,BERKSHIRE HATHAWAY INC,2012-12-31,2013-12-31,0.995348,0.995348,1.0,0.000000e+00,2014-03-03,2015-03-02,level unchanged
104169,WALMART INC.,2009-01-31,2010-01-31,0.981467,0.981467,1.0,0.000000e+00,2010-03-30,2011-03-30,level unchanged
104169,WALMART INC.,2010-01-31,2011-01-31,0.94568,0.94568,1.0,0.000000e+00,2011-03-30,2012-03-27,level unchanged
104169,WALMART INC.,2011-01-31,2012-01-31,0.946389,0.946389,1.0,0.000000e+00,2012-03-27,2013-03-26,level unchanged
104169,WALMART INC.,2012-01-31,2013-01-31,0.975145,0.975145,1.0,0.000000e+00,2013-03-26,2014-03-21,level unchanged
104169,WALMART INC.,2013-01-31,2014-01-31,0.96888,0.96888,1.0,0.000000e+00,2014-03-21,2015-04-01,level unchanged
104169,WALMART INC.,2014-01-31,2015-01-31,0.98807,0.98807,1.0,0.000000e+00,2015-04-01,2016-03-30,level unchanged
104169,WALMART INC.,2015-01-31,2016-01-31,0.992879,0.992879,1.0,0.000000e+00,2016-03-30,2017-03-31,level unchanged
104169,WALMART INC.,2016-01-31,2017-01-31,0.966947,0.966947,1.0,0.000000e+00,2017-03-31,2018-03-30,level unchanged
104169,WALMART INC.,2017-01-31,2018-01-31,0.965817,0.965817,1.0,0.000000e+00,2018-03-30,2019-03-28,level unchanged
104169,WALMART INC.,2018-01-31,2019-01-31,0.977963,0.977963,1.0,0.000000e+00,2019-03-28,2020-03-20,level unchanged
104169,WALMART INC.,2019-01-31,2020-01-31,0.973028,0.973028,1.0,0.000000e+00,2020-03-20,2021-03-19,level unchanged
104169,WALMART INC.,2020-01-31,2021-01-31,0.993333,0.993333,1.0,0.000000e+00,2021-03-19,2022-03-18,level unchanged
104169,WALMART INC.,2021-01-31,2022-01-31,0.986224,0.986224,1.0,0.000000e+00,2022-03-18,2023-03-17,level unchanged
104169,WALMART INC.,2023-01-31,2024-01-31,0.988496,0.988496,1.0,0.000000e+00,2024-03-15,2025-03-14,level unchanged
104169,WALMART INC.,2024-01-31,2025-01-31,0.995543,0.995543,1.0,0.000000e+00,2025-03-14,2026-03-13,level unchanged
97476,TEXAS INSTRUMENTS INCORPORATED,2008-12-31,2009-12-31,0.963303,0.963303,1.0,0.000000e+00,2010-02-23,2011-02-25,level unchanged
97476,TEXAS INSTRUMENTS INCORPORATED,2009-12-31,2010-12-31,0.951587,0.951587,1.0,0.000000e+00,2011-02-25,2012-02-24,level unchanged
97476,TEXAS INSTRUMENTS INCORPORATED,2010-12-31,2011-12-31,0.959967,0.959967,1.0,0.000000e+00,2012-02-24,2013-02-22,level unchanged
97476,TEXAS INSTRUMENTS INCORPORATED,2010-12-31,2011-12-31,0.959967,0.959967,1.0,0.000000e+00,2013-02-22,2013-05-03,level unchanged
97476,TEXAS INSTRUMENTS INCORPORATED,2011-12-31,2012-12-31,0.983493,0.983493,1.0,0.000000e+00,2013-02-22,2013-05-03,level unchanged
97476,TEXAS INSTRUMENTS INCORPORATED,2011-12-31,2012-12-31,0.983493,0.983493,1.0,0.000000e+00,2013-05-03,2014-02-24,level unchanged
97476,TEXAS INSTRUMENTS INCORPORATED,2012-12-31,2013-12-31,0.969965,0.969965,1.0,0.000000e+00,2014-02-24,2015-02-24,level unchanged
97476,TEXAS INSTRUMENTS INCORPORATED,2013-12-31,2014-12-31,0.969945,0.969945,1.0,0.000000e+00,2015-02-24,2016-02-24,level unchanged
97476,TEXAS INSTRUMENTS INCORPORATED,2014-12-31,2015-12-31,0.967136,0.967136,1.0,0.000000e+00,2016-02-24,2017-02-23,level unchanged
97476,TEXAS INSTRUMENTS INCORPORATED,2015-12-31,2016-12-31,0.973786,0.973786,1.0,0.000000e+00,2017-02-23,2018-02-22,level unchanged
97476,TEXAS INSTRUMENTS INCORPORATED,2016-12-31,2017-12-31,0.988036,0.988036,1.0,0.000000e+00,2018-02-22,2019-02-22,level unchanged
97476,TEXAS INSTRUMENTS INCORPORATED,2017-12-31,2018-12-31,0.978809,0.978809,1.0,0.000000e+00,2019-02-22,2020-02-20,level unchanged
97476,TEXAS INSTRUMENTS INCORPORATED,2018-12-31,2019-12-31,0.964948,0.964948,1.0,0.000000e+00,2020-02-20,2021-02-05,level unchanged
97476,TEXAS INSTRUMENTS INCORPORATED,2019-12-31,2020-12-31,0.983974,0.983974,1.0,0.000000e+00,2021-02-05,2022-02-04,level unchanged
97476,TEXAS INSTRUMENTS INCORPORATED,2020-12-31,2021-12-31,1.002172,1.002172,1.0,0.000000e+00,2022-02-04,2023-02-03,level unchanged
97476,TEXAS INSTRUMENTS INCORPORATED,2021-12-31,2022-12-31,0.992416,0.992416,1.0,0.000000e+00,2023-02-03,2024-02-02,level unchanged
97476,TEXAS INSTRUMENTS INCORPORATED,2022-12-31,2023-12-31,0.991266,0.991266,1.0,0.000000e+00,2024-02-02,2025-02-14,level unchanged
97476,TEXAS INSTRUMENTS INCORPORATED,2023-12-31,2024-12-31,1.004405,1.004405,1.0,0.000000e+00,2025-02-14,2026-02-06,level unchanged
1065280,NETFLIX INC,2008-12-31,2009-12-31,0.927806,0.927806,1.0,0.000000e+00,2010-02-22,2011-02-18,level unchanged
1065280,NETFLIX INC,2009-12-31,2010-12-31,0.928731,0.928731,1.0,0.000000e+00,2011-02-18,2012-02-10,level unchanged
1065280,NETFLIX INC,2010-12-31,2011-12-31,1.006054,1.006054,1.0,0.000000e+00,2012-02-10,2013-02-01,level unchanged
1065280,NETFLIX INC,2011-12-31,2012-12-31,1.050599,1.050599,1.0,0.000000e+00,2013-02-01,2014-02-03,level unchanged
1065280,NETFLIX INC,2012-12-31,2013-12-31,1.048216,1.048216,1.0,0.000000e+00,2014-02-03,2015-01-29,level unchanged
1065280,NETFLIX INC,2014-12-31,2015-12-31,1.01271,1.01271,1.0,0.000000e+00,2016-01-28,2017-01-27,level unchanged
1065280,NETFLIX INC,2015-12-31,2016-12-31,1.006887,1.006887,1.0,0.000000e+00,2017-01-27,2018-01-29,level unchanged
1065280,NETFLIX INC,2015-12-31,2016-12-31,1.006887,1.006887,1.0,0.000000e+00,2018-01-29,2018-02-05,level unchanged
1065280,NETFLIX INC,2016-12-31,2017-12-31,1.007143,1.007143,1.0,0.000000e+00,2018-01-29,2018-02-05,level unchanged
1065280,NETFLIX INC,2016-12-31,2017-12-31,1.007143,1.007143,1.0,0.000000e+00,2018-02-05,2019-01-29,level unchanged
1065280,NETFLIX INC,2017-12-31,2018-12-31,1.008079,1.008079,1.0,0.000000e+00,2019-01-29,2020-01-29,level unchanged
1065280,NETFLIX INC,2018-12-31,2019-12-31,1.00557,1.00557,1.0,0.000000e+00,2020-01-29,2021-01-28,level unchanged
1065280,NETFLIX INC,2019-12-31,2020-12-31,1.007133,1.007133,1.0,0.000000e+00,2021-01-28,2022-01-27,level unchanged
1065280,NETFLIX INC,2020-12-31,2021-12-31,1.005064,1.005064,1.0,0.000000e+00,2022-01-27,2023-01-26,level unchanged
1065280,NETFLIX INC,2021-12-31,2022-12-31,1.003482,1.003482,1.0,0.000000e+00,2023-01-26,2024-01-26,level unchanged
1065280,NETFLIX INC,2022-12-31,2023-12-31,0.992968,0.992968,1.0,0.000000e+00,2024-01-26,2025-01-27,level unchanged
745732,"Ross Stores, Inc.",2011-01-29,2012-01-28,0.958725,0.958725,1.0,0.000000e+00,2012-03-27,2013-04-02,level unchanged
745732,"Ross Stores, Inc.",2012-01-28,2013-02-02,0.969967,0.969967,1.0,0.000000e+00,2013-04-02,2014-04-01,level unchanged
745732,"Ross Stores, Inc.",2013-02-02,2014-02-01,0.971483,0.971483,1.0,0.000000e+00,2014-04-01,2015-03-31,level unchanged
745732,"Ross Stores, Inc.",2015-01-31,2016-01-30,0.974564,0.974564,1.0,0.000000e+00,2016-03-29,2017-03-28,level unchanged
745732,"Ross Stores, Inc.",2016-01-30,2017-01-28,0.97293,0.97293,1.0,0.000000e+00,2017-03-28,2018-04-03,level unchanged
745732,"Ross Stores, Inc.",2017-01-28,2018-02-03,0.972075,0.972075,1.0,0.000000e+00,2018-04-03,2019-04-02,level unchanged
745732,"Ross Stores, Inc.",2018-02-03,2019-02-02,0.96946,0.96946,1.0,0.000000e+00,2019-04-02,2020-03-31,level unchanged
745732,"Ross Stores, Inc.",2019-02-02,2020-02-01,0.970041,0.970041,1.0,0.000000e+00,2020-03-31,2021-03-30,level unchanged
745732,"Ross Stores, Inc.",2020-02-01,2021-01-30,0.983067,0.983067,1.0,0.000000e+00,2021-03-30,2022-03-29,level unchanged
745732,"Ross Stores, Inc.",2021-01-30,2022-01-29,0.997457,0.997457,1.0,0.000000e+00,2022-03-29,2023-03-28,level unchanged
745732,"Ross Stores, Inc.",2022-01-29,2023-01-28,0.977115,0.977115,1.0,0.000000e+00,2023-03-28,2024-04-02,level unchanged
745732,"Ross Stores, Inc.",2023-01-28,2024-02-03,0.975936,0.975936,1.0,0.000000e+00,2024-04-02,2025-04-01,level unchanged
745732,"Ross Stores, Inc.",2024-02-03,2025-02-01,0.980327,0.980327,1.0,0.000000e+00,2025-04-01,2026-03-31,level unchanged
949157,Century Aluminum Company,2020-12-31,2021-12-31,1.007821,1.007821,1.0,0.000000e+00,2022-02-25,2023-02-27,level unchanged
949157,Century Aluminum Company,2021-12-31,2022-12-31,1.013304,1.013304,1.0,0.000000e+00,2023-02-27,2024-03-15,level unchanged
949157,Century Aluminum Company,2022-12-31,2023-12-31,1.010941,1.010941,1.0,0.000000e+00,2024-03-15,2025-03-03,level unchanged
949157,Century Aluminum Company,2023-12-31,2024-12-31,1.004329,1.004329,1.0,0.000000e+00,2025-03-03,2026-03-03,level unchanged
310354,STANDEX INTERNATIONAL CORPORATION,2011-06-30,2012-06-30,1.003367,1.003367,1.0,0.000000e+00,2012-09-04,2013-08-27,level unchanged
310354,STANDEX INTERNATIONAL CORPORATION,2011-06-30,2012-06-30,1.003367,1.003367,1.0,0.000000e+00,2013-08-27,2014-02-03,level unchanged
310354,STANDEX INTERNATIONAL CORPORATION,2012-06-30,2013-06-30,1.003515,1.003515,1.0,0.000000e+00,2013-08-27,2014-02-03,level unchanged
310354,STANDEX INTERNATIONAL CORPORATION,2012-06-30,2013-06-30,1.003515,1.003515,1.0,0.000000e+00,2014-02-03,2014-08-28,level unchanged
310354,STANDEX INTERNATIONAL CORPORATION,2013-06-30,2014-06-30,1.00414,1.00414,1.0,0.000000e+00,2014-08-28,2015-08-27,level unchanged
310354,STANDEX INTERNATIONAL CORPORATION,2014-06-30,2015-06-30,1.00333,1.00333,1.0,0.000000e+00,2015-08-27,2016-08-25,level unchanged
310354,STANDEX INTERNATIONAL CORPORATION,2015-06-30,2016-06-30,1.002134,1.002134,1.0,0.000000e+00,2016-08-25,2017-08-28,level unchanged
310354,STANDEX INTERNATIONAL CORPORATION,2016-06-30,2017-06-30,0.998738,0.998738,1.0,0.000000e+00,2017-08-28,2018-08-28,level unchanged
310354,STANDEX INTERNATIONAL CORPORATION,2017-06-30,2018-06-30,1.002526,1.002526,1.0,0.000000e+00,2018-08-28,2019-08-27,level unchanged
310354,STANDEX INTERNATIONAL CORPORATION,2018-06-30,2019-06-30,0.990235,0.990235,1.0,0.000000e+00,2019-08-27,2020-08-25,level unchanged
310354,STANDEX INTERNATIONAL CORPORATION,2019-06-30,2020-06-30,0.980118,0.980118,1.0,0.000000e+00,2020-08-25,2021-08-13,level unchanged
310354,STANDEX INTERNATIONAL CORPORATION,2020-06-30,2021-06-30,0.986368,0.986368,1.0,0.000000e+00,2021-08-13,2022-08-05,level unchanged
310354,STANDEX INTERNATIONAL CORPORATION,2021-06-30,2022-06-30,0.985028,0.985028,1.0,0.000000e+00,2022-08-05,2023-08-04,level unchanged
310354,STANDEX INTERNATIONAL CORPORATION,2022-06-30,2023-06-30,0.986304,0.986304,1.0,0.000000e+00,2023-08-04,2024-08-02,level unchanged
310354,STANDEX INTERNATIONAL CORPORATION,2023-06-30,2024-06-30,0.99602,0.99602,1.0,0.000000e+00,2024-08-02,2025-08-04,level unchanged
310354,STANDEX INTERNATIONAL CORPORATION,2024-06-30,2025-06-30,1.013857,1.013857,1.0,0.000000e+00,2025-08-04,2026-08-14,level unchanged
834162,MTR GAMING GROUP INC,2010-12-31,2011-12-31,1.010385,1.010385,1.0,0.000000e+00,2012-03-15,2013-03-15,level unchanged
834162,MTR GAMING GROUP INC,2011-12-31,2012-12-31,1.006318,1.006318,1.0,0.000000e+00,2013-03-15,2014-03-14,level unchanged
949961,"INCOME OPPORTUNITY REALTY INVESTORS, INC.",2010-12-31,2011-12-31,1.0,1.0,1.0,0.000000e+00,2012-03-30,2013-04-16,level unchanged
949961,"INCOME OPPORTUNITY REALTY INVESTORS, INC.",2020-12-31,2021-12-31,1.0,1.0,0.001,0.000000e+00,2022-03-25,2023-03-23,LEVEL RESTATED (split / stock div / recast)
949961,"INCOME OPPORTUNITY REALTY INVESTORS, INC.",2021-12-31,2022-12-31,1.0,1.0,1.0,0.000000e+00,2023-03-23,2024-03-21,level unchanged
949961,"INCOME OPPORTUNITY REALTY INVESTORS, INC.",2022-12-31,2023-12-31,0.998585,0.998585,1.0,0.000000e+00,2024-03-21,2025-03-20,level unchanged
949961,"INCOME OPPORTUNITY REALTY INVESTORS, INC.",2023-12-31,2024-12-31,0.980265,0.980265,1.0,0.000000e+00,2025-03-20,2026-03-12,level unchanged
23111,COMPUTER TASK GROUP INC,2010-12-31,2011-12-31,1.018439,1.018439,1.0,0.000000e+00,2012-02-24,2013-02-22,level unchanged
23111,COMPUTER TASK GROUP INC,2011-12-31,2012-12-31,1.013629,1.013629,1.0,0.000000e+00,2013-02-22,2014-02-26,level unchanged
23111,COMPUTER TASK GROUP INC,2012-12-31,2013-12-31,1.012721,1.012721,1.0,0.000000e+00,2014-02-26,2015-02-25,level unchanged
23111,COMPUTER TASK GROUP INC,2013-12-31,2014-12-31,0.984055,0.984055,1.0,0.000000e+00,2015-02-25,2016-02-23,level unchanged
23111,COMPUTER TASK GROUP INC,2014-12-31,2015-12-31,1.023743,1.023743,1.0,0.000000e+00,2016-02-23,2017-02-24,level unchanged
23111,COMPUTER TASK GROUP INC,2015-12-31,2016-12-31,1.007365,1.007365,1.0,0.000000e+00,2017-02-24,2018-03-14,level unchanged
23111,COMPUTER TASK GROUP INC,2016-12-31,2017-12-31,0.965497,0.965497,1.0,0.000000e+00,2018-03-14,2019-03-15,level unchanged
23111,COMPUTER TASK GROUP INC,2017-12-31,2018-12-31,0.916971,0.916971,1.0,0.000000e+00,2019-03-15,2020-03-13,level unchanged
23111,COMPUTER TASK GROUP INC,2018-12-31,2019-12-31,0.974285,0.974285,1.0,0.000000e+00,2020-03-13,2021-03-12,level unchanged
23111,COMPUTER TASK GROUP INC,2019-12-31,2020-12-31,1.012714,1.012714,1.0,0.000000e+00,2021-03-12,2022-03-15,level unchanged
23111,COMPUTER TASK GROUP INC,2020-12-31,2021-12-31,1.022392,1.022392,1.0,0.000000e+00,2022-03-15,2023-03-15,level unchanged
357173,OLD SECOND BANCORP INC,2012-12-31,2013-12-31,0.99046,0.99046,1.0,0.000000e+00,2014-02-26,2015-03-12,level unchanged
357173,OLD SECOND BANCORP INC,2013-12-31,2014-12-31,1.814997,1.814997,1.0,0.000000e+00,2015-03-12,2016-03-11,level unchanged
357173,OLD SECOND BANCORP INC,2014-12-31,2015-12-31,1.16505,1.16505,1.0,0.000000e+00,2016-03-11,2017-03-13,level unchanged
357173,OLD SECOND BANCORP INC,2015-12-31,2016-12-31,1.001889,1.001889,1.0,0.000000e+00,2017-03-13,2018-03-13,level unchanged
357173,OLD SECOND BANCORP INC,2016-12-31,2017-12-31,1.002309,1.002309,1.0,0.000000e+00,2018-03-13,2019-03-07,level unchanged
357173,OLD SECOND BANCORP INC,2017-12-31,2018-12-31,1.004311,1.004311,1.0,0.000000e+00,2019-03-07,2020-03-06,level unchanged
357173,OLD SECOND BANCORP INC,2018-12-31,2019-12-31,1.005474,1.005474,1.0,0.000000e+00,2020-03-06,2021-03-08,level unchanged
357173,OLD SECOND BANCORP INC,2019-12-31,2020-12-31,0.991044,0.991044,1.0,0.000000e+00,2021-03-08,2022-03-10,level unchanged
357173,OLD SECOND BANCORP INC,2020-12-31,2021-12-31,1.019759,1.019759,1.0,0.000000e+00,2022-03-10,2023-03-09,level unchanged
357173,OLD SECOND BANCORP INC,2021-12-31,2022-12-31,1.47397,1.47397,1.0,0.000000e+00,2023-03-09,2024-03-07,level unchanged
357173,OLD SECOND BANCORP INC,2022-12-31,2023-12-31,1.003078,1.003078,1.0,0.000000e+00,2024-03-07,2025-03-06,level unchanged
357173,OLD SECOND BANCORP INC,2023-12-31,2024-12-31,1.003685,1.003685,1.0,0.000000e+00,2025-03-06,2026-02-26,level unchanged
875159,XL GROUP LTD,2009-12-31,2010-12-31,0.987291,0.987291,1.0,0.000000e+00,2011-03-15,2012-02-27,level unchanged
875159,XL GROUP LTD,2010-12-31,2011-12-31,0.930454,0.930454,1.0,0.000000e+00,2012-02-27,2013-02-28,level unchanged
875159,XL GROUP LTD,2011-12-31,2012-12-31,0.982346,0.982346,1.0,0.000000e+00,2013-02-28,2014-02-26,level unchanged
875159,XL GROUP LTD,2011-12-31,2012-12-31,0.982346,0.982346,1.0,0.000000e+00,2014-02-26,2014-10-31,level unchanged
875159,XL GROUP LTD,2012-12-31,2013-12-31,0.936328,0.936328,1.0,0.000000e+00,2014-02-26,2014-10-31,level unchanged
875159,XL GROUP LTD,2012-12-31,2013-12-31,0.936328,0.936328,1.0,0.000000e+00,2014-10-31,2015-02-25,level unchanged
875159,XL GROUP LTD,2013-12-31,2014-12-31,0.928082,0.928082,1.0,0.000000e+00,2015-02-25,2016-02-26,level unchanged
875159,XL GROUP LTD,2014-12-31,2015-12-31,1.071474,1.071474,1.0,0.000000e+00,2016-02-26,2017-02-23,level unchanged
875159,XL GROUP LTD,2015-12-31,2016-12-31,0.974713,0.974713,1.0,0.000000e+00,2017-02-23,2018-02-23,level unchanged
1171759,"RED ROBIN GOURMET BURGERS, INC.",2010-12-26,2011-12-25,0.973352,0.973352,1.0,0.000000e+00,2012-02-23,2013-02-28,level unchanged
1171759,"RED ROBIN GOURMET BURGERS, INC.",2011-12-25,2012-12-30,0.952982,0.952982,1.0,0.000000e+00,2013-02-28,2014-02-24,level unchanged
1171759,"RED ROBIN GOURMET BURGERS, INC.",2012-12-30,2013-12-29,0.987093,0.987093,1.0,0.000000e+00,2014-02-24,2015-02-20,level unchanged
1171759,"RED ROBIN GOURMET BURGERS, INC.",2013-12-29,2014-12-28,1.000844,1.000844,1.0,0.000000e+00,2015-02-20,2016-02-19,level unchanged
1171759,"RED ROBIN GOURMET BURGERS, INC.",2014-12-28,2015-12-27,0.986303,0.986303,1.0,0.000000e+00,2016-02-19,2017-02-21,level unchanged
1171759,"RED ROBIN GOURMET BURGERS, INC.",2015-12-27,2016-12-25,0.949437,0.949437,1.0,0.000000e+00,2017-02-21,2018-02-27,level unchanged
1171759,"RED ROBIN GOURMET BURGERS, INC.",2016-12-25,2017-12-31,0.967522,0.967522,1.0,0.000000e+00,2018-02-27,2019-02-27,level unchanged
1171759,"RED ROBIN GOURMET BURGERS, INC.",2017-12-31,2018-12-30,1.005969,1.005969,1.0,0.000000e+00,2019-02-27,2020-02-25,level unchanged
1171759,"RED ROBIN GOURMET BURGERS, INC.",2018-12-30,2019-12-29,0.99869,0.99869,1.0,0.000000e+00,2020-02-25,2021-03-03,level unchanged
1171759,"RED ROBIN GOURMET BURGERS, INC.",2019-12-29,2020-12-27,1.104561,1.104561,1.0,0.000000e+00,2021-03-03,2022-03-10,level unchanged
1171759,"RED ROBIN GOURMET BURGERS, INC.",2020-12-27,2021-12-26,1.094034,1.094034,1.0,0.000000e+00,2022-03-10,2023-02-28,level unchanged
1171759,"RED ROBIN GOURMET BURGERS, INC.",2021-12-26,2022-12-25,1.011494,1.011494,1.0,0.000000e+00,2023-02-28,2024-02-28,level unchanged
1171759,"RED ROBIN GOURMET BURGERS, INC.",2022-12-25,2023-12-31,0.999684,0.999684,1.0,0.000000e+00,2024-02-28,2025-02-26,level unchanged
1171759,"RED ROBIN GOURMET BURGERS, INC.",2023-12-31,2024-12-29,0.993748,0.993748,1.0,0.000000e+00,2025-02-26,2026-02-25,level unchanged
1119897,PCT LTD,2019-12-31,2020-12-31,3.209381,3.209381,1.0,0.000000e+00,2021-04-13,2021-09-10,level unchanged
700565,"FIRST MID BANCSHARES, INC.",2011-12-31,2012-12-31,0.996901,0.996901,1.0,0.000000e+00,2013-03-07,2014-03-06,level unchanged
700565,"FIRST MID BANCSHARES, INC.",2012-12-31,2013-12-31,0.98528,0.98528,1.0,0.000000e+00,2014-03-06,2015-03-05,level unchanged
700565,"FIRST MID BANCSHARES, INC.",2013-12-31,2014-12-31,1.011481,1.011481,1.0,0.000000e+00,2015-03-05,2016-03-04,level unchanged
700565,"FIRST MID BANCSHARES, INC.",2014-12-31,2015-12-31,1.295318,1.295318,1.0,0.000000e+00,2016-03-04,2017-03-06,level unchanged
700565,"FIRST MID BANCSHARES, INC.",2015-12-31,2016-12-31,1.305268,1.305268,1.0,0.000000e+00,2017-03-06,2018-03-02,level unchanged
700565,"FIRST MID BANCSHARES, INC.",2015-12-31,2016-12-31,1.305268,1.305268,1.0,0.000000e+00,2018-03-02,2018-03-06,level unchanged
700565,"FIRST MID BANCSHARES, INC.",2016-12-31,2017-12-31,1.234756,1.234756,1.0,0.000000e+00,2018-03-02,2018-03-06,level unchanged
700565,"FIRST MID BANCSHARES, INC.",2016-12-31,2017-12-31,1.234756,1.234756,1.0,0.000000e+00,2018-03-06,2019-03-05,level unchanged
700565,"FIRST MID BANCSHARES, INC.",2017-12-31,2018-12-31,1.156042,1.156042,1.0,0.000000e+00,2019-03-05,2020-03-09,level unchanged
700565,"FIRST MID BANCSHARES, INC.",2018-12-31,2019-12-31,1.151041,1.151041,1.0,0.000000e+00,2020-03-09,2021-03-08,level unchanged
700565,"FIRST MID BANCSHARES, INC.",2019-12-31,2020-12-31,1.002495,1.002495,1.0,0.000000e+00,2021-03-08,2022-03-02,level unchanged
700565,"FIRST MID BANCSHARES, INC.",2020-12-31,2021-12-31,1.069996,1.069996,1.0,0.000000e+00,2022-03-02,2023-03-03,level unchanged
700565,"FIRST MID BANCSHARES, INC.",2021-12-31,2022-12-31,1.127583,1.127583,1.0,0.000000e+00,2023-03-03,2024-03-06,level unchanged
700565,"FIRST MID BANCSHARES, INC.",2022-12-31,2023-12-31,1.079882,1.079882,1.0,0.000000e+00,2024-03-06,2025-02-28,level unchanged
700565,"FIRST MID BANCSHARES, INC.",2023-12-31,2024-12-31,1.092759,1.092759,1.0,0.000000e+00,2025-02-28,2026-02-27,level unchanged
1358356,"LIMESTONE BANCORP, INC.",2011-12-31,2012-12-31,1.002668,1.002668,1.0,0.000000e+00,2013-02-28,2014-03-14,level unchanged
1358356,"LIMESTONE BANCORP, INC.",2012-12-31,2013-12-31,1.004088,1.004088,1.0,0.000000e+00,2014-03-14,2015-03-30,level unchanged
1358356,"LIMESTONE BANCORP, INC.",2013-12-31,2014-12-31,1.037826,1.037826,1.0,0.000000e+00,2015-03-30,2016-03-25,level unchanged
1358356,"LIMESTONE BANCORP, INC.",2015-12-31,2016-12-31,1.245152,1.245152,1.0,0.000000e+00,2017-02-28,2018-02-28,level unchanged
1358356,"LIMESTONE BANCORP, INC.",2016-12-31,2017-12-31,1.052381,1.052381,1.0,0.000000e+00,2018-02-28,2019-03-08,level unchanged
1358356,"LIMESTONE BANCORP, INC.",2017-12-31,2018-12-31,1.156069,1.156069,1.0,0.000000e+00,2019-03-08,2020-02-28,level unchanged
1358356,"LIMESTONE BANCORP, INC.",2018-12-31,2019-12-31,1.049759,1.049759,1.0,0.000000e+00,2020-02-28,2021-02-26,level unchanged
1358356,"LIMESTONE BANCORP, INC.",2019-12-31,2020-12-31,1.005715,1.005715,1.0,0.000000e+00,2021-02-26,2022-02-25,level unchanged
1358356,"LIMESTONE BANCORP, INC.",2020-12-31,2021-12-31,1.006194,1.006194,1.0,0.000000e+00,2022-02-25,2023-02-28,level unchanged
946647,PREMIER FINANCIAL CORP,2011-12-31,2012-12-31,1.038096,1.038096,1.0,0.000000e+00,2013-02-28,2014-02-28,level unchanged
946647,PREMIER FINANCIAL CORP,2012-12-31,2013-12-31,1.003701,1.003701,1.0,0.000000e+00,2014-02-28,2015-02-27,level unchanged
946647,PREMIER FINANCIAL CORP,2013-12-31,2014-12-31,0.974088,0.974088,1.0,0.000000e+00,2015-02-27,2016-02-29,level unchanged
946647,PREMIER FINANCIAL CORP,2015-12-31,2016-12-31,0.973833,0.973833,1.0,0.000000e+00,2017-02-28,2018-02-28,level unchanged
946647,PREMIER FINANCIAL CORP,2016-12-31,2017-12-31,1.111161,1.111161,2000.0,0.000000e+00,2018-02-28,2019-02-28,LEVEL RESTATED (split / stock div / recast)
946647,PREMIER FINANCIAL CORP,2017-12-31,2018-12-31,1.020921,1.020921,1.0,0.000000e+00,2019-02-28,2020-03-16,level unchanged
946647,PREMIER FINANCIAL CORP,2018-12-31,2019-12-31,0.9742,0.9742,1.0,0.000000e+00,2020-03-16,2021-03-12,level unchanged
946647,PREMIER FINANCIAL CORP,2018-12-31,2019-12-31,0.9742,0.9742,1.0,0.000000e+00,2021-03-12,2021-09-28,level unchanged
946647,PREMIER FINANCIAL CORP,2019-12-31,2020-12-31,1.811037,1.811037,1.0,0.000000e+00,2021-03-12,2021-09-28,level unchanged
946647,PREMIER FINANCIAL CORP,2019-12-31,2020-12-31,1.811037,1.811037,1.0,0.000000e+00,2021-09-28,2022-03-01,level unchanged
946647,PREMIER FINANCIAL CORP,2020-12-31,2021-12-31,1.033619,1.033619,1.0,0.000000e+00,2022-03-01,2023-03-01,level unchanged
946647,PREMIER FINANCIAL CORP,2021-12-31,2022-12-31,0.961465,0.961465,1.0,0.000000e+00,2023-03-01,2024-02-28,level unchanged
946647,PREMIER FINANCIAL CORP,2022-12-31,2023-12-31,1.000392,1.000392,1.0,0.000000e+00,2024-02-28,2025-02-28,level unchanged
799088,CARMIKE CINEMAS INC,2010-12-31,2011-12-31,1.004392,1.004392,1.0,0.000000e+00,2012-03-12,2013-03-14,level unchanged
799088,CARMIKE CINEMAS INC,2011-12-31,2012-12-31,1.230655,1.230655,1.0,0.000000e+00,2013-03-14,2014-03-04,level unchanged
799088,CARMIKE CINEMAS INC,2012-12-31,2013-12-31,1.239769,1.239769,1.0,0.000000e+00,2014-03-04,2015-03-02,level unchanged
799088,CARMIKE CINEMAS INC,2012-12-31,2013-12-31,1.239769,1.239769,1.0,0.000000e+00,2015-03-02,2015-06-08,level unchanged
799088,CARMIKE CINEMAS INC,2013-12-31,2014-12-31,1.197134,1.197134,1.0,0.000000e+00,2015-03-02,2015-06-08,level unchanged
799088,CARMIKE CINEMAS INC,2013-12-31,2014-12-31,1.197134,1.197134,1.0,0.000000e+00,2015-06-08,2016-02-29,level unchanged
1499912,"Global Brokerage, Inc.",2011-12-31,2012-12-31,1.453854,1.453854,1000.0,0.000000e+00,2013-03-18,2014-03-17,LEVEL RESTATED (split / stock div / recast)
1499912,"Global Brokerage, Inc.",2012-12-31,2013-12-31,1.36133,1.36133,1.0,0.000000e+00,2014-03-17,2015-03-16,level unchanged
737468,Washington Trust Bancorp Inc,2010-12-31,2011-12-31,1.008688,1.008688,1.0,0.000000e+00,2012-03-07,2013-03-08,level unchanged
737468,Washington Trust Bancorp Inc,2011-12-31,2012-12-31,1.006398,1.006398,1.0,0.000000e+00,2013-03-08,2014-03-07,level unchanged
737468,Washington Trust Bancorp Inc,2012-12-31,2013-12-31,1.009048,1.009048,1.0,0.000000e+00,2014-03-07,2015-03-12,level unchanged
737468,Washington Trust Bancorp Inc,2013-12-31,2014-12-31,1.011087,1.011087,1.0,0.000000e+00,2015-03-12,2016-03-08,level unchanged
737468,Washington Trust Bancorp Inc,2014-12-31,2015-12-31,1.011385,1.011385,1.0,0.000000e+00,2016-03-08,2017-03-06,level unchanged
737468,Washington Trust Bancorp Inc,2015-12-31,2016-12-31,1.011968,1.011968,1.0,0.000000e+00,2017-03-06,2018-02-27,level unchanged
737468,Washington Trust Bancorp Inc,2016-12-31,2017-12-31,1.007377,1.007377,1.0,0.000000e+00,2018-02-27,2019-02-26,level unchanged
737468,Washington Trust Bancorp Inc,2017-12-31,2018-12-31,1.003778,1.003778,1.0,0.000000e+00,2019-02-26,2020-02-25,level unchanged
737468,Washington Trust Bancorp Inc,2018-12-31,2019-12-31,1.003416,1.003416,1.0,0.000000e+00,2020-02-25,2021-02-25,level unchanged
737468,Washington Trust Bancorp Inc,2019-12-31,2020-12-31,0.997173,0.997173,1.0,0.000000e+00,2021-02-25,2022-02-24,level unchanged
737468,Washington Trust Bancorp Inc,2020-12-31,2021-12-31,1.00162,1.00162,1.0,0.000000e+00,2022-02-24,2023-02-23,level unchanged
737468,Washington Trust Bancorp Inc,2021-12-31,2022-12-31,0.996303,0.996303,1.0,0.000000e+00,2023-02-23,2024-02-26,level unchanged
737468,Washington Trust Bancorp Inc,2022-12-31,2023-12-31,0.987649,0.987649,1.0,0.000000e+00,2024-02-26,2025-02-25,level unchanged
737468,Washington Trust Bancorp Inc,2023-12-31,2024-12-31,1.00681,1.00681,1.0,0.000000e+00,2025-02-25,2026-02-24,level unchanged
912242,MACERICH CO,2008-12-31,2009-12-31,1.092937,1.092937,1.0,0.000000e+00,2011-02-25,2011-09-09,level unchanged
912242,MACERICH CO,2009-12-31,2010-12-31,1.481619,1.481619,1.0,0.000000e+00,2011-02-25,2011-09-09,level unchanged
912242,MACERICH CO,2009-12-31,2010-12-31,1.481619,1.481619,1.0,0.000000e+00,2011-09-09,2012-02-24,level unchanged
912242,MACERICH CO,2010-12-31,2011-12-31,1.093746,1.093746,1.0,0.000000e+00,2012-02-24,2013-02-22,level unchanged
912242,MACERICH CO,2011-12-31,2012-12-31,1.018529,1.018529,1.0,0.000000e+00,2013-02-22,2014-02-21,level unchanged
912242,MACERICH CO,2012-12-31,2013-12-31,1.041255,1.041255,1.0,0.000000e+00,2014-02-21,2015-02-23,level unchanged
912242,MACERICH CO,2013-12-31,2014-12-31,1.025402,1.025402,1.0,0.000000e+00,2015-02-23,2016-02-23,level unchanged
912242,MACERICH CO,2014-12-31,2015-12-31,1.103197,1.103197,1.0,0.000000e+00,2016-02-23,2017-02-24,level unchanged
912242,MACERICH CO,2015-12-31,2016-12-31,0.928335,0.928335,1.0,0.000000e+00,2017-02-24,2018-02-23,level unchanged
912242,MACERICH CO,2016-12-31,2017-12-31,0.96779,0.96779,1.0,0.000000e+00,2018-02-23,2019-02-25,level unchanged
912242,MACERICH CO,2017-12-31,2018-12-31,0.994819,0.994819,1.0,0.000000e+00,2019-02-25,2020-02-25,level unchanged
912242,MACERICH CO,2018-12-31,2019-12-31,1.001403,1.001403,1.0,0.000000e+00,2020-02-25,2021-02-24,level unchanged
912242,MACERICH CO,2019-12-31,2020-12-31,1.034612,1.034612,1.0,0.000000e+00,2021-02-24,2022-02-25,level unchanged
912242,MACERICH CO,2020-12-31,2021-12-31,1.354491,1.354491,1.0,0.000000e+00,2022-02-25,2023-02-24,level unchanged
912242,MACERICH CO,2021-12-31,2022-12-31,1.085631,1.085631,1.0,0.000000e+00,2023-02-24,2024-02-26,level unchanged
912242,MACERICH CO,2022-12-31,2023-12-31,1.002404,1.002404,1.0,0.000000e+00,2024-02-26,2025-02-28,level unchanged
912242,MACERICH CO,2023-12-31,2024-12-31,1.029214,1.029214,1.0,0.000000e+00,2025-02-28,2026-02-20,level unchanged
1103021,"BioDelivery Sciences International, Inc.",2010-12-31,2011-12-31,1.223382,1.223382,1.0,0.000000e+00,2012-03-19,2013-03-18,level unchanged
1103021,"BioDelivery Sciences International, Inc.",2011-12-31,2012-12-31,1.078528,1.078528,1.0,0.000000e+00,2013-03-18,2014-03-14,level unchanged
1103021,"BioDelivery Sciences International, Inc.",2012-12-31,2013-12-31,1.242072,1.242072,1.0,0.000000e+00,2014-03-14,2015-03-16,level unchanged
1103021,"BioDelivery Sciences International, Inc.",2016-12-31,2017-12-31,1.031235,1.031235,1.0,0.000000e+00,2018-03-15,2019-03-14,level unchanged
1103021,"BioDelivery Sciences International, Inc.",2017-12-31,2018-12-31,1.141074,1.141074,1.0,0.000000e+00,2019-03-14,2020-03-12,level unchanged
1103021,"BioDelivery Sciences International, Inc.",2018-12-31,2019-12-31,1.317401,1.317401,1.0,0.000000e+00,2020-03-12,2021-03-11,level unchanged
1103021,"BioDelivery Sciences International, Inc.",2019-12-31,2020-12-31,1.199688,1.199688,1.0,0.000000e+00,2021-03-11,2022-03-09,level unchanged
1292519,INVIVO THERAPEUTICS HOLDINGS CORP.,2011-12-31,2012-12-31,1.218365,1.218365,1.0,0.000000e+00,2013-03-12,2014-03-17,level unchanged
1292519,INVIVO THERAPEUTICS HOLDINGS CORP.,2012-12-31,2013-12-31,1.170256,1.170256,1.0,0.000000e+00,2014-03-17,2015-03-11,level unchanged
898293,JABIL INC,2010-08-31,2011-08-31,1.000793,1.000793,1.0,0.000000e+00,2011-10-27,2012-10-25,level unchanged
898293,JABIL INC,2011-08-31,2012-08-31,0.96111,0.96111,1.0,0.000000e+00,2012-10-25,2013-10-28,level unchanged
898293,JABIL INC,2012-08-31,2013-08-31,0.985138,0.985138,1.0,0.000000e+00,2013-10-28,2014-10-21,level unchanged
898293,JABIL INC,2013-08-31,2014-08-31,0.997051,0.997051,1.0,0.000000e+00,2014-10-21,2015-10-16,level unchanged
898293,JABIL INC,2014-08-31,2015-08-31,0.956503,0.956503,1.0,0.000000e+00,2015-10-16,2016-10-20,level unchanged
898293,JABIL INC,2015-08-31,2016-08-31,0.983086,0.983086,0.001,0.000000e+00,2016-10-20,2017-10-19,LEVEL RESTATED (split / stock div / recast)
898293,JABIL INC,2016-08-31,2017-08-31,0.955302,0.955302,1000.0,0.000000e+00,2017-10-19,2018-10-19,LEVEL RESTATED (split / stock div / recast)
898293,JABIL INC,2017-08-31,2018-08-31,0.946867,0.946867,1.0,0.000000e+00,2018-10-19,2019-10-22,level unchanged
898293,JABIL INC,2018-08-31,2019-08-31,0.903482,0.903482,1.0,0.000000e+00,2019-10-22,2020-10-22,level unchanged
898293,JABIL INC,2020-08-31,2021-08-31,0.979551,0.979551,1.0,0.000000e+00,2021-10-22,2022-10-25,level unchanged
898293,JABIL INC,2021-08-31,2022-08-31,0.950842,0.950842,1.0,0.000000e+00,2022-10-25,2023-10-20,level unchanged
898293,JABIL INC,2022-08-31,2023-08-31,0.941926,0.941926,1.0,0.000000e+00,2023-10-20,2024-10-28,level unchanged
898293,JABIL INC,2023-08-31,2024-08-31,0.920301,0.920301,1.0,0.000000e+00,2024-10-28,2025-10-17,level unchanged
1415020,Thompson Creek Metals Co Inc.,2009-12-31,2010-12-31,1.134902,1.134902,1.0,0.000000e+00,2011-02-24,2012-02-27,level unchanged
1415020,Thompson Creek Metals Co Inc.,2010-12-31,2011-12-31,1.155494,1.155494,1.0,0.000000e+00,2012-02-27,2013-02-25,level unchanged
1415020,Thompson Creek Metals Co Inc.,2011-12-31,2012-12-31,1.007177,1.007177,1.0,0.000000e+00,2013-02-25,2014-02-21,level unchanged
1415020,Thompson Creek Metals Co Inc.,2012-12-31,2013-12-31,1.016033,1.016033,1.0,0.000000e+00,2014-02-21,2015-02-20,level unchanged
1415020,Thompson Creek Metals Co Inc.,2013-12-31,2014-12-31,1.132086,1.132086,1.0,0.000000e+00,2015-02-20,2016-02-24,level unchanged
1351541,"Delek US Holdings, Inc.",2010-12-31,2011-12-31,1.042002,1.042002,1.0,0.000000e+00,2012-03-14,2013-03-12,level unchanged
1351541,"Delek US Holdings, Inc.",2011-12-31,2012-12-31,1.038483,1.038483,1.0,0.000000e+00,2013-03-12,2014-03-03,level unchanged
1351541,"Delek US Holdings, Inc.",2012-12-31,2013-12-31,1.007952,1.007952,1.0,0.000000e+00,2014-03-03,2015-02-26,level unchanged
1351541,"Delek US Holdings, Inc.",2013-12-31,2014-12-31,0.993141,0.993141,1.0,0.000000e+00,2015-02-26,2016-02-29,level unchanged
1351541,"Delek US Holdings, Inc.",2014-12-31,2015-12-31,1.034685,1.034685,1.0,0.000000e+00,2016-02-29,2017-02-28,level unchanged
1430723,"SERVISFIRST BANCSHARES, INC.",2011-12-31,2012-12-31,1.041134,1.041134,1.0,0.000000e+00,2013-03-12,2014-03-07,level unchanged
1430723,"SERVISFIRST BANCSHARES, INC.",2011-12-31,2012-12-31,1.041134,1.041134,1.0,0.000000e+00,2014-03-07,2014-03-17,level unchanged
1430723,"SERVISFIRST BANCSHARES, INC.",2012-12-31,2013-12-31,1.145525,1.145525,1.0,0.000000e+00,2014-03-07,2014-03-17,level unchanged
1430723,"SERVISFIRST BANCSHARES, INC.",2012-12-31,2013-12-31,1.145525,1.145525,3.0,0.000000e+00,2014-03-17,2015-03-03,LEVEL RESTATED (split / stock div / recast)
1430723,"SERVISFIRST BANCSHARES, INC.",2013-12-31,2014-12-31,1.157604,1.157604,1.0,0.000000e+00,2015-03-03,2016-02-24,level unchanged
1430723,"SERVISFIRST BANCSHARES, INC.",2014-12-31,2015-12-31,1.077897,1.077897,2.0,0.000000e+00,2016-02-24,2017-02-28,LEVEL RESTATED (split / stock div / recast)
1430723,"SERVISFIRST BANCSHARES, INC.",2015-12-31,2016-12-31,1.01992,1.01992,1.0,0.000000e+00,2017-02-28,2018-02-28,level unchanged
1430723,"SERVISFIRST BANCSHARES, INC.",2016-12-31,2017-12-31,1.008321,1.008321,1.0,0.000000e+00,2018-02-28,2019-02-28,level unchanged
1430723,"SERVISFIRST BANCSHARES, INC.",2017-12-31,2018-12-31,1.005395,1.005395,1.0,0.000000e+00,2019-02-28,2020-02-25,level unchanged
1430723,"SERVISFIRST BANCSHARES, INC.",2017-12-31,2018-12-31,1.005395,1.005395,1.0,0.000000e+00,2020-02-25,2020-03-27,level unchanged
1430723,"SERVISFIRST BANCSHARES, INC.",2018-12-31,2019-12-31,1.006734,1.006734,1.0,0.000000e+00,2020-02-25,2020-03-27,level unchanged
1430723,"SERVISFIRST BANCSHARES, INC.",2018-12-31,2019-12-31,1.006734,1.006734,1.0,0.000000e+00,2020-03-27,2021-02-26,level unchanged
1430723,"SERVISFIRST BANCSHARES, INC.",2019-12-31,2020-12-31,1.00586,1.00586,1.0,0.000000e+00,2021-02-26,2022-02-25,level unchanged
1430723,"SERVISFIRST BANCSHARES, INC.",2020-12-31,2021-12-31,1.005878,1.005878,1.0,0.000000e+00,2022-02-25,2023-02-28,level unchanged
1430723,"SERVISFIRST BANCSHARES, INC.",2021-12-31,2022-12-31,1.002573,1.002573,1.0,0.000000e+00,2023-02-28,2024-03-01,level unchanged
1430723,"SERVISFIRST BANCSHARES, INC.",2022-12-31,2023-12-31,1.002041,1.002041,1.0,0.000000e+00,2024-03-01,2025-03-03,level unchanged
1430723,"SERVISFIRST BANCSHARES, INC.",2023-12-31,2024-12-31,1.002153,1.002153,1.0,0.000000e+00,2025-03-03,2026-02-27,level unchanged
1466815,"Cambium Learning Group, Inc.",2010-12-31,2011-12-31,1.041063,1.041063,1.0,0.000000e+00,2012-03-15,2013-03-08,level unchanged
1027884,CHICAGO BRIDGE & IRON CO N V,2010-12-31,2011-12-31,0.99717,0.99717,1000.0,0.000000e+00,2012-02-24,2013-02-28,LEVEL RESTATED (split / stock div / recast)
1027884,CHICAGO BRIDGE & IRON CO N V,2012-12-31,2013-12-31,1.096261,1.096261,1.0,0.000000e+00,2014-02-27,2015-02-25,level unchanged
1027884,CHICAGO BRIDGE & IRON CO N V,2013-12-31,2014-12-31,1.019937,1.019937,1.0,0.000000e+00,2015-02-25,2016-02-26,level unchanged
1027884,CHICAGO BRIDGE & IRON CO N V,2014-12-31,2015-12-31,0.988144,0.988144,1.0,0.000000e+00,2016-02-26,2017-03-01,level unchanged
1027884,CHICAGO BRIDGE & IRON CO N V,2014-12-31,2015-12-31,0.988144,0.988144,1.0,0.000000e+00,2017-03-01,2018-01-23,level unchanged
1027884,CHICAGO BRIDGE & IRON CO N V,2015-12-31,2016-12-31,0.962956,0.962956,1.0,0.000000e+00,2017-03-01,2018-01-23,level unchanged
1027884,CHICAGO BRIDGE & IRON CO N V,2015-12-31,2016-12-31,0.962956,0.962956,1.0,0.000000e+00,2018-01-23,2018-02-21,level unchanged
10456,BAXTER INTERNATIONAL INC.,2008-12-31,2009-12-31,0.9712,0.9712,1.0,0.000000e+00,2010-02-23,2011-02-23,level unchanged
10456,BAXTER INTERNATIONAL INC.,2009-12-31,2010-12-31,0.971993,0.971993,1.0,0.000000e+00,2011-02-23,2012-02-23,level unchanged
10456,BAXTER INTERNATIONAL INC.,2010-12-31,2011-12-31,0.964407,0.964407,1.0,0.000000e+00,2012-02-23,2013-02-21,level unchanged
10456,BAXTER INTERNATIONAL INC.,2011-12-31,2012-12-31,0.968366,0.968366,1.0,0.000000e+00,2013-02-21,2014-02-21,level unchanged
10456,BAXTER INTERNATIONAL INC.,2012-12-31,2013-12-31,0.985481,0.985481,1.0,0.000000e+00,2014-02-21,2015-02-26,level unchanged
10456,BAXTER INTERNATIONAL INC.,2013-12-31,2014-12-31,0.998158,0.998158,1.0,0.000000e+00,2015-02-26,2016-02-26,level unchanged
10456,BAXTER INTERNATIONAL INC.,2014-12-31,2015-12-31,1.005535,1.005535,1.0,0.000000e+00,2016-02-26,2017-02-23,level unchanged
10456,BAXTER INTERNATIONAL INC.,2015-12-31,2016-12-31,1.001835,1.001835,1.0,0.000000e+00,2017-02-23,2018-02-23,level unchanged
10456,BAXTER INTERNATIONAL INC.,2015-12-31,2016-12-31,1.001835,1.001835,1.0,0.000000e+00,2018-02-23,2018-08-23,level unchanged
10456,BAXTER INTERNATIONAL INC.,2016-12-31,2017-12-31,0.994505,0.994505,1.0,0.000000e+00,2018-02-23,2018-08-23,level unchanged
10456,BAXTER INTERNATIONAL INC.,2016-12-31,2017-12-31,0.994505,0.994505,1.0,0.000000e+00,2018-08-23,2019-02-21,level unchanged
10456,BAXTER INTERNATIONAL INC.,2017-12-31,2018-12-31,0.983425,0.983425,1.0,0.000000e+00,2019-02-21,2020-03-17,level unchanged
10456,BAXTER INTERNATIONAL INC.,2018-12-31,2019-12-31,0.953184,0.953184,1.0,0.000000e+00,2020-03-17,2021-02-11,level unchanged
10456,BAXTER INTERNATIONAL INC.,2018-12-31,2019-12-31,0.953184,0.953184,1.0,0.000000e+00,2021-02-11,2021-04-29,level unchanged
10456,BAXTER INTERNATIONAL INC.,2019-12-31,2020-12-31,1.0,1.0,1.0,0.000000e+00,2021-02-11,2021-04-29,level unchanged
10456,BAXTER INTERNATIONAL INC.,2019-12-31,2020-12-31,1.0,1.0,1.0,0.000000e+00,2021-04-29,2022-02-23,level unchanged
10456,BAXTER INTERNATIONAL INC.,2020-12-31,2021-12-31,0.986248,0.986248,1.0,0.000000e+00,2022-02-23,2023-02-09,level unchanged
10456,BAXTER INTERNATIONAL INC.,2021-12-31,2022-12-31,1.003984,1.003984,1.0,0.000000e+00,2023-02-09,2024-02-08,level unchanged
10456,BAXTER INTERNATIONAL INC.,2022-12-31,2023-12-31,1.003968,1.003968,1.0,0.000000e+00,2024-02-08,2025-02-21,level unchanged
10456,BAXTER INTERNATIONAL INC.,2023-12-31,2024-12-31,1.007905,1.007905,1.0,0.000000e+00,2025-02-21,2026-02-12,level unchanged
95572,"KiNRG, Inc.",2024-12-31,2025-12-31,1.071148,1.071148,1.0,0.000000e+00,2026-03-23,2026-08-07,level unchanged
1135971,PEPCO HOLDINGS INC,2010-12-31,2011-12-31,1.008929,1.008929,1.0,0.000000e+00,2012-02-24,2013-03-01,level unchanged
1135971,PEPCO HOLDINGS INC,2010-12-31,2011-12-31,1.008929,1.008929,1.0,0.000000e+00,2013-03-01,2013-08-30,level unchanged
1135971,PEPCO HOLDINGS INC,2010-12-31,2011-12-31,1.008929,1.008929,1.0,0.000000e+00,2013-08-30,2013-11-26,level unchanged
1135971,PEPCO HOLDINGS INC,2011-12-31,2012-12-31,1.013274,1.013274,1.0,0.000000e+00,2013-03-01,2013-08-30,level unchanged
1135971,PEPCO HOLDINGS INC,2011-12-31,2012-12-31,1.013274,1.013274,1.0,0.000000e+00,2013-08-30,2013-11-26,level unchanged
1135971,PEPCO HOLDINGS INC,2011-12-31,2012-12-31,1.013274,1.013274,1.0,0.000000e+00,2013-11-26,2014-02-28,level unchanged
1135971,PEPCO HOLDINGS INC,2012-12-31,2013-12-31,1.074236,1.074236,1.0,0.000000e+00,2014-02-28,2015-02-27,level unchanged
1135971,PEPCO HOLDINGS INC,2013-12-31,2014-12-31,1.020325,1.020325,1.0,0.000000e+00,2015-02-27,2016-02-19,level unchanged
1579157,VINCE HOLDING CORP.,2013-02-02,2014-02-01,1.072819,1.072819,1.0,0.000000e+00,2014-04-04,2015-03-27,level unchanged
1579157,VINCE HOLDING CORP.,2014-02-01,2015-01-31,1.306215,1.306215,1.0,0.000000e+00,2015-03-27,2016-04-14,level unchanged
1579157,VINCE HOLDING CORP.,2015-01-31,2016-01-30,1.001087,1.001087,1.0,0.000000e+00,2016-04-14,2017-04-28,level unchanged
1579157,VINCE HOLDING CORP.,2017-01-28,2018-02-03,1.638461,1.638461,1.0,0.000000e+00,2018-04-25,2019-04-12,level unchanged
1539680,HAMMER TECHNOLOGY HOLDINGS CORP.,2022-07-31,2023-07-31,1.010397,1.010397,1.0,0.000000e+00,2024-02-16,2024-05-08,level unchanged
1539680,HAMMER TECHNOLOGY HOLDINGS CORP.,2022-07-31,2023-07-31,1.010397,1.010397,1.0,0.000000e+00,2024-05-08,2025-02-19,level unchanged
908311,CREATIVE MEDIA & COMMUNITY TRUST CORPORATION,2010-12-31,2011-12-31,1.001516,1.001516,1.0,0.000000e+00,2012-03-15,2013-03-18,level unchanged
908311,CREATIVE MEDIA & COMMUNITY TRUST CORPORATION,2011-12-31,2012-12-31,1.001419,1.001419,1.0,0.000000e+00,2013-03-18,2014-03-10,level unchanged
908311,CREATIVE MEDIA & COMMUNITY TRUST CORPORATION,2014-12-31,2015-12-31,1.004271,1.004271,1.0,0.000000e+00,2016-03-15,2017-03-16,level unchanged
908311,CREATIVE MEDIA & COMMUNITY TRUST CORPORATION,2015-12-31,2016-12-31,0.935853,0.935853,1.0,0.000000e+00,2017-03-16,2018-03-12,level unchanged
908311,CREATIVE MEDIA & COMMUNITY TRUST CORPORATION,2016-12-31,2017-12-31,0.756197,0.756197,1.0,0.000000e+00,2018-03-12,2019-03-18,level unchanged
908311,CREATIVE MEDIA & COMMUNITY TRUST CORPORATION,2018-12-31,2019-12-31,1.000069,1.000069,1.0,0.000000e+00,2020-03-16,2021-03-16,level unchanged
816761,TERADATA CORPORATION,2009-12-31,2010-12-31,0.973822,0.973822,1.0,0.000000e+00,2011-03-01,2012-02-29,level unchanged
816761,TERADATA CORPORATION,2010-12-31,2011-12-31,1.004182,1.004182,1.0,0.000000e+00,2012-02-29,2013-02-28,level unchanged
816761,TERADATA CORPORATION,2011-12-31,2012-12-31,1.000595,1.000595,1.0,0.000000e+00,2013-02-28,2014-02-27,level unchanged
816761,TERADATA CORPORATION,2012-12-31,2013-12-31,0.971463,0.971463,1.0,0.000000e+00,2014-02-27,2015-02-27,level unchanged
816761,TERADATA CORPORATION,2013-12-31,2014-12-31,0.950428,0.950428,1.0,0.000000e+00,2015-02-27,2016-02-26,level unchanged
816761,TERADATA CORPORATION,2014-12-31,2015-12-31,0.898905,0.898905,1.0,0.000000e+00,2016-02-26,2017-02-27,level unchanged
816761,TERADATA CORPORATION,2015-12-31,2016-12-31,0.929083,0.929083,1.0,0.000000e+00,2017-02-27,2018-02-23,level unchanged
816761,TERADATA CORPORATION,2016-12-31,2017-12-31,0.969931,0.969931,1.0,0.000000e+00,2018-02-23,2019-02-26,level unchanged
816761,TERADATA CORPORATION,2016-12-31,2017-12-31,0.969931,0.969931,1.0,0.000000e+00,2019-02-26,2019-03-01,level unchanged
816761,TERADATA CORPORATION,2017-12-31,2018-12-31,0.947536,0.947536,1.0,0.000000e+00,2019-02-26,2019-03-01,level unchanged
816761,TERADATA CORPORATION,2017-12-31,2018-12-31,0.947536,0.947536,1.0,0.000000e+00,2019-03-01,2020-02-28,level unchanged
816761,TERADATA CORPORATION,2018-12-31,2019-12-31,0.958054,0.958054,1.0,0.000000e+00,2020-02-28,2021-02-26,level unchanged
816761,TERADATA CORPORATION,2019-12-31,2020-12-31,0.957093,0.957093,1.0,0.000000e+00,2021-02-26,2022-02-25,level unchanged
816761,TERADATA CORPORATION,2020-12-31,2021-12-31,0.993596,0.993596,1.0,0.000000e+00,2022-02-25,2023-02-24,level unchanged
816761,TERADATA CORPORATION,2021-12-31,2022-12-31,0.950276,0.950276,1.0,0.000000e+00,2023-02-24,2024-02-23,level unchanged
816761,TERADATA CORPORATION,2022-12-31,2023-12-31,0.967054,0.967054,1.0,0.000000e+00,2024-02-23,2025-02-21,level unchanged
816761,TERADATA CORPORATION,2023-12-31,2024-12-31,0.965932,0.965932,1.0,0.000000e+00,2025-02-21,2026-02-27,level unchanged
1326200,GENCO SHIPPING & TRADING LIMITED,2009-12-31,2010-12-31,1.054073,1.054073,1.0,0.000000e+00,2011-03-10,2012-02-22,level unchanged
1326200,GENCO SHIPPING & TRADING LIMITED,2010-12-31,2011-12-31,1.066443,1.066443,1.0,0.000000e+00,2012-02-22,2013-03-01,level unchanged
1326200,GENCO SHIPPING & TRADING LIMITED,2011-12-31,2012-12-31,1.186128,1.186128,1.0,0.000000e+00,2013-03-01,2014-04-07,level unchanged
1326200,GENCO SHIPPING & TRADING LIMITED,2015-12-31,2016-12-31,1.101481,1.101481,1.0,0.000000e+00,2017-03-28,2018-02-28,level unchanged
1326200,GENCO SHIPPING & TRADING LIMITED,2016-12-31,2017-12-31,4.72232,4.72232,1.0,0.000000e+00,2018-02-28,2019-03-05,level unchanged
1326200,GENCO SHIPPING & TRADING LIMITED,2017-12-31,2018-12-31,1.120901,1.120901,1.0,0.000000e+00,2019-03-05,2020-02-27,level unchanged
1326200,GENCO SHIPPING & TRADING LIMITED,2018-12-31,2019-12-31,1.088068,1.088068,1.0,0.000000e+00,2020-02-27,2021-02-24,level unchanged
1326200,GENCO SHIPPING & TRADING LIMITED,2019-12-31,2020-12-31,1.003465,1.003465,1.0,0.000000e+00,2021-02-24,2022-02-24,level unchanged
1326200,GENCO SHIPPING & TRADING LIMITED,2020-12-31,2021-12-31,1.00366,1.00366,1.0,0.000000e+00,2022-02-24,2023-02-22,level unchanged
1326200,GENCO SHIPPING & TRADING LIMITED,2021-12-31,2022-12-31,1.008362,1.008362,1.0,0.000000e+00,2023-02-22,2024-02-27,level unchanged
1326200,GENCO SHIPPING & TRADING LIMITED,2022-12-31,2023-12-31,1.008336,1.008336,1.0,0.000000e+00,2024-02-27,2025-02-21,level unchanged
1326200,GENCO SHIPPING & TRADING LIMITED,2023-12-31,2024-12-31,1.006739,1.006739,1.0,0.000000e+00,2025-02-21,2026-02-18,level unchanged
99780,TRINITY INDUSTRIES INC,2009-12-31,2010-12-31,1.005236,1.005236,1.0,0.000000e+00,2011-02-17,2012-02-16,level unchanged
99780,TRINITY INDUSTRIES INC,2010-12-31,2011-12-31,1.009115,1.009115,1.0,0.000000e+00,2012-02-16,2013-02-21,level unchanged
99780,TRINITY INDUSTRIES INC,2011-12-31,2012-12-31,0.997419,0.997419,1.0,0.000000e+00,2013-02-21,2014-02-20,level unchanged
99780,TRINITY INDUSTRIES INC,2013-12-31,2014-12-31,0.98822,0.98822,1.0,0.000000e+00,2015-02-19,2016-02-19,level unchanged
99780,TRINITY INDUSTRIES INC,2014-12-31,2015-12-31,0.994702,0.994702,1.0,0.000000e+00,2016-02-19,2017-02-17,level unchanged
99780,TRINITY INDUSTRIES INC,2015-12-31,2016-12-31,0.988016,0.988016,1.0,0.000000e+00,2017-02-17,2018-02-22,level unchanged
99780,TRINITY INDUSTRIES INC,2016-12-31,2017-12-31,1.001348,1.001348,1.0,0.000000e+00,2018-02-22,2019-02-21,level unchanged
99780,TRINITY INDUSTRIES INC,2017-12-31,2018-12-31,0.969044,0.969044,1.0,0.000000e+00,2019-02-21,2020-02-20,level unchanged
99780,TRINITY INDUSTRIES INC,2018-12-31,2019-12-31,0.872222,0.872222,1.0,0.000000e+00,2020-02-20,2021-02-24,level unchanged
99780,TRINITY INDUSTRIES INC,2019-12-31,2020-12-31,0.922771,0.922771,1.0,0.000000e+00,2021-02-24,2022-02-17,level unchanged
99780,TRINITY INDUSTRIES INC,2020-12-31,2021-12-31,0.875755,0.875755,1.0,0.000000e+00,2022-02-17,2023-02-21,level unchanged
99780,TRINITY INDUSTRIES INC,2021-12-31,2022-12-31,0.806897,0.806897,1.0,0.000000e+00,2023-02-21,2024-02-22,level unchanged
99780,TRINITY INDUSTRIES INC,2022-12-31,2023-12-31,0.991453,0.991453,1.0,0.000000e+00,2024-02-22,2025-02-20,level unchanged
99780,TRINITY INDUSTRIES INC,2023-12-31,2024-12-31,1.008621,1.008621,1.0,0.000000e+00,2025-02-20,2026-02-19,level unchanged
1394319,"Tracon Pharmaceuticals, Inc.",2021-12-31,2022-12-31,1.212517,1.212517,1.0,0.000000e+00,2023-03-08,2024-03-05,level unchanged
1419581,Federal-Mogul Holdings LLC,2010-12-31,2011-12-31,1.0,1.0,1.0,0.000000e+00,2013-02-28,2013-04-26,level unchanged
1419581,Federal-Mogul Holdings LLC,2010-12-31,2011-12-31,1.0,1.0,1.0,0.000000e+00,2013-04-26,2013-07-22,level unchanged
1419581,Federal-Mogul Holdings LLC,2010-12-31,2011-12-31,1.0,1.0,1.0,0.000000e+00,2013-07-22,2013-11-01,level unchanged
1419581,Federal-Mogul Holdings LLC,2011-12-31,2012-12-31,1.0,1.0,1.0,0.000000e+00,2013-02-28,2013-04-26,level unchanged
1419581,Federal-Mogul Holdings LLC,2011-12-31,2012-12-31,1.0,1.0,1.0,0.000000e+00,2013-04-26,2013-07-22,level unchanged
1419581,Federal-Mogul Holdings LLC,2011-12-31,2012-12-31,1.0,1.0,1.0,0.000000e+00,2013-07-22,2013-11-01,level unchanged
1419581,Federal-Mogul Holdings LLC,2011-12-31,2012-12-31,1.0,1.0,1.0,0.000000e+00,2013-11-01,2014-02-24,level unchanged
1419581,Federal-Mogul Holdings LLC,2012-12-31,2013-12-31,1.247725,1.247725,1.0,0.000000e+00,2014-02-24,2015-02-27,level unchanged
1419581,Federal-Mogul Holdings LLC,2013-12-31,2014-12-31,1.215559,1.215559,1.0,0.000000e+00,2015-02-27,2016-02-29,level unchanged
1419581,Federal-Mogul Holdings LLC,2014-12-31,2015-12-31,1.098,1.098,1.0,0.000000e+00,2016-02-29,2017-02-22,level unchanged
1615817,King Merger Sub II LLC,2013-12-31,2014-12-31,1.015084,1.015084,1.0,0.000000e+00,2015-07-15,2016-02-29,level unchanged
1615817,King Merger Sub II LLC,2014-12-31,2015-12-31,1.910416,1.910416,1.0,0.000000e+00,2016-02-29,2017-03-02,level unchanged
910329,"Medifast, Inc.",2010-12-31,2011-12-31,0.991678,0.991678,1.0,0.000000e+00,2012-03-15,2013-03-15,level unchanged
910329,"Medifast, Inc.",2011-12-31,2012-12-31,0.982598,0.982598,1.0,0.000000e+00,2013-03-15,2014-03-17,level unchanged
910329,"Medifast, Inc.",2012-12-31,2013-12-31,1.003796,1.003796,1.0,0.000000e+00,2014-03-17,2015-03-16,level unchanged
910329,"Medifast, Inc.",2013-12-31,2014-12-31,0.919872,0.919872,1.0,0.000000e+00,2015-03-16,2016-03-15,level unchanged
910329,"Medifast, Inc.",2015-12-31,2016-12-31,0.990217,0.990217,1.0,0.000000e+00,2017-03-16,2018-03-16,level unchanged
910329,"Medifast, Inc.",2016-12-31,2017-12-31,1.006925,1.006925,1.0,0.000000e+00,2018-03-16,2019-03-01,level unchanged
910329,"Medifast, Inc.",2017-12-31,2018-12-31,1.001929,1.001929,1.0,0.000000e+00,2019-03-01,2020-03-02,level unchanged
910329,"Medifast, Inc.",2018-12-31,2019-12-31,0.985268,0.985268,1.0,0.000000e+00,2020-03-02,2021-02-26,level unchanged
910329,"Medifast, Inc.",2019-12-31,2020-12-31,1.0,1.0,1.0,0.000000e+00,2021-02-26,2022-02-23,level unchanged
910329,"Medifast, Inc.",2020-12-31,2021-12-31,0.994393,0.994393,1.0,0.000000e+00,2022-02-23,2023-02-21,level unchanged
910329,"Medifast, Inc.",2021-12-31,2022-12-31,0.956429,0.956429,1.0,0.000000e+00,2023-02-21,2024-02-20,level unchanged
910329,"Medifast, Inc.",2022-12-31,2023-12-31,0.97222,0.97222,1.0,0.000000e+00,2024-02-20,2025-02-18,level unchanged
910329,"Medifast, Inc.",2023-12-31,2024-12-31,1.004226,1.004226,1.0,0.000000e+00,2025-02-18,2026-02-17,level unchanged
47217,HP INC.,2007-10-31,2008-10-31,0.944106,0.944106,1.0,0.000000e+00,2009-12-17,2010-02-05,level unchanged
47217,HP INC.,2008-10-31,2009-10-31,0.96174,0.96174,1.0,0.000000e+00,2009-12-17,2010-02-05,level unchanged
47217,HP INC.,2008-10-31,2009-10-31,0.96174,0.96174,1.0,0.000000e+00,2010-02-05,2010-12-15,level unchanged
47217,HP INC.,2009-10-31,2010-10-31,0.971106,0.971106,1.0,0.000000e+00,2010-12-15,2011-12-14,level unchanged
47217,HP INC.,2010-10-31,2011-10-31,0.902975,0.902975,1.0,0.000000e+00,2011-12-14,2012-12-27,level unchanged
47217,HP INC.,2011-10-31,2012-10-31,0.942693,0.942693,1.0,0.000000e+00,2012-12-27,2013-12-30,level unchanged
47217,HP INC.,2012-10-31,2013-10-31,0.979737,0.979737,1.0,0.000000e+00,2013-12-30,2014-12-18,level unchanged
47217,HP INC.,2013-10-31,2014-10-31,0.973113,0.973113,1.0,0.000000e+00,2014-12-18,2015-12-16,level unchanged
47217,HP INC.,2013-10-31,2014-10-31,0.973113,0.973113,1.0,0.000000e+00,2015-12-16,2016-04-27,level unchanged
47217,HP INC.,2014-10-31,2015-10-31,0.963868,0.963868,1.0,0.000000e+00,2015-12-16,2016-04-27,level unchanged
47217,HP INC.,2014-10-31,2015-10-31,0.963868,0.963868,1.0,0.000000e+00,2016-04-27,2016-12-15,level unchanged
47217,HP INC.,2015-10-31,2016-10-31,0.953693,0.953693,1.0,0.000000e+00,2016-12-15,2017-12-15,level unchanged
47217,HP INC.,2016-10-31,2017-10-31,0.975723,0.975723,1.0,0.000000e+00,2017-12-15,2018-12-13,level unchanged
47217,HP INC.,2017-10-31,2018-10-31,0.956754,0.956754,1.0,0.000000e+00,2018-12-13,2019-12-12,level unchanged
47217,HP INC.,2018-10-31,2019-10-31,0.93808,0.93808,1.0,0.000000e+00,2019-12-12,2020-12-10,level unchanged
47217,HP INC.,2019-10-31,2020-10-31,0.932673,0.932673,1.0,0.000000e+00,2020-12-10,2021-12-09,level unchanged
47217,HP INC.,2020-10-31,2021-10-31,0.854919,0.854919,1.0,0.000000e+00,2021-12-09,2022-12-06,level unchanged
47217,HP INC.,2020-10-31,2021-10-31,0.854919,0.854919,1.0,0.000000e+00,2022-12-06,2023-09-11,level unchanged
47217,HP INC.,2021-10-31,2022-10-31,0.859272,0.859272,1.0,0.000000e+00,2022-12-06,2023-09-11,level unchanged
47217,HP INC.,2021-10-31,2022-10-31,0.859272,0.859272,1.0,0.000000e+00,2023-09-11,2023-12-18,level unchanged
47217,HP INC.,2022-10-31,2023-10-31,0.955684,0.955684,1.0,0.000000e+00,2023-12-18,2024-12-13,level unchanged
47217,HP INC.,2023-10-31,2024-10-31,0.986895,0.986895,1.0,0.000000e+00,2024-12-13,2025-12-10,level unchanged
1610793,"State National Companies, Inc.",2013-12-31,2014-12-31,1.152347,1.152347,1.0,0.000000e+00,2015-03-30,2016-03-10,level unchanged
1610793,"State National Companies, Inc.",2014-12-31,2015-12-31,1.121416,1.121416,1.0,0.000000e+00,2016-03-10,2017-03-14,level unchanged
82166,"RAVEN INDUSTRIES, INC.",2012-01-31,2013-01-31,1.003057,1.003057,1.0,0.000000e+00,2013-03-29,2014-03-31,level unchanged
82166,"RAVEN INDUSTRIES, INC.",2013-01-31,2014-01-31,1.002802,1.002802,1.0,0.000000e+00,2014-03-31,2015-03-27,level unchanged
82166,"RAVEN INDUSTRIES, INC.",2014-01-31,2015-01-31,1.013209,1.013209,1.0,0.000000e+00,2015-03-27,2016-03-29,level unchanged
82166,"RAVEN INDUSTRIES, INC.",2014-01-31,2015-01-31,1.013209,1.013209,1.0,0.000000e+00,2016-03-29,2017-02-02,level unchanged
82166,"RAVEN INDUSTRIES, INC.",2015-01-31,2016-01-31,1.010722,1.010722,1.0,0.000000e+00,2016-03-29,2017-02-02,level unchanged
82166,"RAVEN INDUSTRIES, INC.",2015-01-31,2016-01-31,1.010722,1.010722,1.0,0.000000e+00,2017-02-02,2017-03-31,level unchanged
82166,"RAVEN INDUSTRIES, INC.",2016-01-31,2017-01-31,0.97101,0.97101,1.0,0.000000e+00,2017-03-31,2018-03-23,level unchanged
82166,"RAVEN INDUSTRIES, INC.",2017-01-31,2018-01-31,0.994696,0.994696,1.0,0.000000e+00,2018-03-23,2019-03-22,level unchanged
82166,"RAVEN INDUSTRIES, INC.",2018-01-31,2019-01-31,0.998801,0.998801,1.0,0.000000e+00,2019-03-22,2020-03-26,level unchanged
82166,"RAVEN INDUSTRIES, INC.",2019-01-31,2020-01-31,0.999364,0.999364,1.0,0.000000e+00,2020-03-26,2021-03-24,level unchanged
1679688,"DigitalBridge Group, Inc.",2016-12-31,2017-12-31,3.236313,3.236313,1.0,0.000000e+00,2018-03-01,2019-03-01,level unchanged
1679688,"DigitalBridge Group, Inc.",2016-12-31,2017-12-31,3.236313,3.236313,1.0,0.000000e+00,2019-03-01,2020-01-10,level unchanged
1679688,"DigitalBridge Group, Inc.",2017-12-31,2018-12-31,0.933145,0.933145,1.0,0.000000e+00,2019-03-01,2020-01-10,level unchanged
1679688,"DigitalBridge Group, Inc.",2017-12-31,2018-12-31,0.933145,0.933145,1.0,0.000000e+00,2020-01-10,2020-03-02,level unchanged
1679688,"DigitalBridge Group, Inc.",2018-12-31,2019-12-31,0.964979,0.964979,1.0,0.000000e+00,2020-03-02,2021-03-01,level unchanged
1679688,"DigitalBridge Group, Inc.",2019-12-31,2020-12-31,0.987427,0.987427,1.0,0.000000e+00,2021-03-01,2022-02-28,level unchanged
1679688,"DigitalBridge Group, Inc.",2021-12-31,2022-12-31,1.257447,1.257447,1.0,0.000000e+00,2023-02-27,2024-02-23,level unchanged
1679688,"DigitalBridge Group, Inc.",2022-12-31,2023-12-31,1.034778,1.034778,1.0,0.000000e+00,2024-02-23,2025-02-21,level unchanged
1679688,"DigitalBridge Group, Inc.",2023-12-31,2024-12-31,1.0536,1.0536,1.0,0.000000e+00,2025-02-21,2026-02-26,level unchanged
1819790,"TARSUS PHARMACEUTICALS, INC.",2022-12-31,2023-12-31,1.193486,1.193486,1.0,0.000000e+00,2024-02-27,2025-02-25,level unchanged
1819790,"TARSUS PHARMACEUTICALS, INC.",2023-12-31,2024-12-31,1.279794,1.279794,1.0,0.000000e+00,2025-02-25,2026-02-23,level unchanged
1160791,GOLD RESOURCE CORP,2010-12-31,2011-12-31,1.05869,1.05869,1.0,0.000000e+00,2012-02-29,2013-03-18,level unchanged
1160791,GOLD RESOURCE CORP,2011-12-31,2012-12-31,0.997484,0.997484,1.0,0.000000e+00,2013-03-18,2014-04-01,level unchanged
1160791,GOLD RESOURCE CORP,2012-12-31,2013-12-31,1.007741,1.007741,1.0,0.000000e+00,2014-04-01,2015-03-20,level unchanged
1160791,GOLD RESOURCE CORP,2013-12-31,2014-12-31,1.016221,1.016221,1.0,0.000000e+00,2015-03-20,2016-03-09,level unchanged
1160791,GOLD RESOURCE CORP,2014-12-31,2015-12-31,1.001246,1.001246,1.0,0.000000e+00,2016-03-09,2017-02-28,level unchanged
1160791,GOLD RESOURCE CORP,2015-12-31,2016-12-31,1.0176,1.0176,1.0,0.000000e+00,2017-02-28,2018-03-08,level unchanged
1160791,GOLD RESOURCE CORP,2016-12-31,2017-12-31,1.031092,1.031092,1.0,0.000000e+00,2018-03-08,2019-02-26,level unchanged
1160791,GOLD RESOURCE CORP,2017-12-31,2018-12-31,1.011963,1.011963,1.0,0.000000e+00,2019-02-26,2020-03-02,level unchanged
1160791,GOLD RESOURCE CORP,2018-12-31,2019-12-31,1.106828,1.106828,1.0,0.000000e+00,2020-03-02,2021-02-24,level unchanged
1160791,GOLD RESOURCE CORP,2019-12-31,2020-12-31,1.097698,1.097698,1.0,0.000000e+00,2021-02-24,2022-03-10,level unchanged
1160791,GOLD RESOURCE CORP,2019-12-31,2020-12-31,1.097698,1.097698,1.0,0.000000e+00,2022-03-10,2022-03-11,level unchanged
1160791,GOLD RESOURCE CORP,2020-12-31,2021-12-31,1.077229,1.077229,1.0,0.000000e+00,2022-03-10,2022-03-11,level unchanged
1835256,"The Duckhorn Portfolio, Inc.",2020-07-31,2021-07-31,1.048843,1.048843,1.0,0.000000e+00,2021-10-04,2022-09-28,level unchanged
1835256,"The Duckhorn Portfolio, Inc.",2021-07-31,2022-07-31,1.078876,1.078876,1.0,0.000000e+00,2022-09-28,2023-09-27,level unchanged
1835256,"The Duckhorn Portfolio, Inc.",2022-07-31,2023-07-31,1.001192,1.001192,1.0,0.000000e+00,2023-09-27,2024-10-07,level unchanged
1731289,Nikola Corporation,2019-12-31,2020-12-31,1.27729,1.27729,1.0,0.000000e+00,2021-05-06,2022-02-24,level unchanged
1731289,Nikola Corporation,2020-12-31,2021-12-31,1.188861,1.188861,1.0,0.000000e+00,2022-02-24,2023-02-23,level unchanged
1731289,Nikola Corporation,2020-12-31,2021-12-31,1.188861,1.188861,1.0,0.000000e+00,2023-02-23,2023-05-12,level unchanged
1731289,Nikola Corporation,2020-12-31,2021-12-31,1.188861,1.188861,1.0,0.000000e+00,2023-05-12,2023-08-17,level unchanged
1731289,Nikola Corporation,2021-12-31,2022-12-31,1.108227,1.108227,1.0,0.000000e+00,2023-02-23,2023-05-12,level unchanged
1731289,Nikola Corporation,2021-12-31,2022-12-31,1.108227,1.108227,1.0,0.000000e+00,2023-05-12,2023-08-17,level unchanged
1731289,Nikola Corporation,2021-12-31,2022-12-31,1.108227,1.108227,1.0,0.000000e+00,2023-08-17,2024-02-28,level unchanged
1631761,Yiren Digital Ltd.,2015-12-31,2016-12-31,1.174744,1.174744,1.0,0.000000e+00,2017-04-24,2018-04-30,level unchanged
1631761,Yiren Digital Ltd.,2016-12-31,2017-12-31,1.018751,1.018751,1.0,0.000000e+00,2018-04-30,2019-04-29,level unchanged
1631761,Yiren Digital Ltd.,2018-12-31,2019-12-31,1.005395,1.005395,1.0,0.000000e+00,2020-05-15,2021-04-29,level unchanged
1631761,Yiren Digital Ltd.,2019-12-31,2020-12-31,0.973449,0.973449,1.0,0.000000e+00,2021-04-29,2022-09-21,level unchanged
1631761,Yiren Digital Ltd.,2020-12-31,2021-12-31,0.937482,0.937482,1.0,0.000000e+00,2022-09-21,2023-04-28,level unchanged
1631761,Yiren Digital Ltd.,2021-12-31,2022-12-31,1.033521,1.033521,1.0,0.000000e+00,2023-04-28,2024-05-15,level unchanged
1631761,Yiren Digital Ltd.,2022-12-31,2023-12-31,1.011756,1.011756,1.0,0.000000e+00,2024-05-15,2025-04-28,level unchanged
1631761,Yiren Digital Ltd.,2023-12-31,2024-12-31,0.980236,0.980236,1.0,0.000000e+00,2025-04-28,2026-04-29,level unchanged
1835597,PEPGEN INC.,2022-12-31,2023-12-31,1.52151,1.52151,1.0,0.000000e+00,2024-03-06,2024-03-29,level unchanged
1770121,"Sana Biotechnology, Inc.",2021-12-31,2022-12-31,1.131651,1.131651,1.0,0.000000e+00,2023-03-16,2024-02-29,level unchanged
1770121,"Sana Biotechnology, Inc.",2022-12-31,2023-12-31,1.032903,1.032903,1.0,0.000000e+00,2024-02-29,2025-03-17,level unchanged
1770121,"Sana Biotechnology, Inc.",2023-12-31,2024-12-31,1.18685,1.18685,1.0,0.000000e+00,2025-03-17,2026-03-03,level unchanged
858470,COTERRA ENERGY INC.,2008-12-31,2009-12-31,1.028579,1.028579,1.0,0.000000e+00,2010-02-26,2011-02-28,level unchanged
858470,COTERRA ENERGY INC.,2012-12-31,2013-12-31,1.002656,1.002656,1.0,0.000000e+00,2014-02-28,2015-02-27,level unchanged
858470,COTERRA ENERGY INC.,2013-12-31,2014-12-31,0.989652,0.989652,1.0,0.000000e+00,2015-02-27,2016-02-22,level unchanged
858470,COTERRA ENERGY INC.,2014-12-31,2015-12-31,0.994844,0.994844,1.0,0.000000e+00,2016-02-22,2017-02-27,level unchanged
858470,COTERRA ENERGY INC.,2015-12-31,2016-12-31,1.104306,1.104306,1.0,0.000000e+00,2017-02-27,2018-03-01,level unchanged
858470,COTERRA ENERGY INC.,2015-12-31,2016-12-31,1.104306,1.104306,1.0,0.000000e+00,2018-03-01,2018-03-02,level unchanged
858470,COTERRA ENERGY INC.,2016-12-31,2017-12-31,1.015077,1.015077,1.0,0.000000e+00,2018-03-01,2018-03-02,level unchanged
858470,COTERRA ENERGY INC.,2016-12-31,2017-12-31,1.015077,1.015077,1.0,0.000000e+00,2018-03-02,2019-02-26,level unchanged
858470,COTERRA ENERGY INC.,2017-12-31,2018-12-31,0.96076,0.96076,1.0,0.000000e+00,2019-02-26,2020-02-25,level unchanged
858470,COTERRA ENERGY INC.,2018-12-31,2019-12-31,0.932612,0.932612,1.0,0.000000e+00,2020-02-25,2021-02-26,level unchanged
858470,COTERRA ENERGY INC.,2020-12-31,2021-12-31,1.260652,1.260652,1.0,0.000000e+00,2022-03-01,2023-02-27,level unchanged
858470,COTERRA ENERGY INC.,2021-12-31,2022-12-31,1.582505,1.582505,1.0,0.000000e+00,2023-02-27,2024-02-23,level unchanged
858470,COTERRA ENERGY INC.,2022-12-31,2023-12-31,0.949749,0.949749,1.0,0.000000e+00,2024-02-23,2025-02-25,level unchanged
858470,COTERRA ENERGY INC.,2023-12-31,2024-12-31,0.981481,0.981481,1.0,0.000000e+00,2025-02-25,2026-02-27,level unchanged
1690666,Xperi Corp,2015-12-31,2016-12-31,0.949519,0.949519,1.0,0.000000e+00,2017-02-27,2018-02-23,level unchanged
1690666,Xperi Corp,2016-12-31,2017-12-31,1.001301,1.001301,1.0,0.000000e+00,2018-02-23,2019-02-20,level unchanged
1690666,Xperi Corp,2017-12-31,2018-12-31,0.99131,0.99131,1.0,0.000000e+00,2019-02-20,2020-02-18,level unchanged
1701051,"WideOpenWest, Inc.",2016-12-31,2017-12-31,1.196561,1.196561,1.0,0.000000e+00,2018-03-14,2019-03-07,level unchanged
1701051,"WideOpenWest, Inc.",2017-12-31,2018-12-31,1.038459,1.038459,1.0,0.000000e+00,2019-03-07,2020-03-04,level unchanged
1701051,"WideOpenWest, Inc.",2018-12-31,2019-12-31,0.986621,0.986621,1.0,0.000000e+00,2020-03-04,2021-02-24,level unchanged
1701051,"WideOpenWest, Inc.",2019-12-31,2020-12-31,1.010504,1.010504,1.0,0.000000e+00,2021-02-24,2022-02-24,level unchanged
1701051,"WideOpenWest, Inc.",2020-12-31,2021-12-31,1.014213,1.014213,1.0,0.000000e+00,2022-02-24,2023-02-27,level unchanged
1701051,"WideOpenWest, Inc.",2021-12-31,2022-12-31,1.014628,1.014628,1.0,0.000000e+00,2023-02-27,2024-03-13,level unchanged
1701051,"WideOpenWest, Inc.",2021-12-31,2022-12-31,1.014628,1.014628,1.0,0.000000e+00,2024-03-13,2024-09-04,level unchanged
1701051,"WideOpenWest, Inc.",2022-12-31,2023-12-31,0.972177,0.972177,1.0,0.000000e+00,2024-03-13,2024-09-04,level unchanged
1701051,"WideOpenWest, Inc.",2022-12-31,2023-12-31,0.972177,0.972177,1.0,0.000000e+00,2024-09-04,2025-03-14,level unchanged
1166691,COMCAST CORPORATION,2009-12-31,2010-12-31,0.976696,0.976696,1.0,0.000000e+00,2011-02-25,2012-02-23,level unchanged
1166691,COMCAST CORPORATION,2010-12-31,2011-12-31,0.97792,0.97792,1.0,0.000000e+00,2012-02-23,2013-02-21,level unchanged
1166691,COMCAST CORPORATION,2010-12-31,2011-12-31,0.97792,0.97792,1.0,0.000000e+00,2013-02-21,2013-09-18,level unchanged
1166691,COMCAST CORPORATION,2011-12-31,2012-12-31,0.975237,0.975237,1.0,0.000000e+00,2013-02-21,2013-09-18,level unchanged
1166691,COMCAST CORPORATION,2011-12-31,2012-12-31,0.975237,0.975237,1.0,0.000000e+00,2013-09-18,2014-02-12,level unchanged
1166691,COMCAST CORPORATION,2012-12-31,2013-12-31,0.980209,0.980209,1.0,0.000000e+00,2014-02-12,2015-02-27,level unchanged
1166691,COMCAST CORPORATION,2013-12-31,2014-12-31,0.984,0.984,1.0,0.000000e+00,2015-02-27,2016-02-05,level unchanged
1166691,COMCAST CORPORATION,2014-12-31,2015-12-31,0.962447,0.962447,1.0,0.000000e+00,2016-02-05,2017-02-03,level unchanged
1166691,COMCAST CORPORATION,2016-12-31,2017-12-31,0.976966,0.976966,1.0,0.000000e+00,2018-01-31,2019-01-31,level unchanged
1166691,COMCAST CORPORATION,2017-12-31,2018-12-31,0.973662,0.973662,1.0,0.000000e+00,2019-01-31,2020-01-30,level unchanged
1166691,COMCAST CORPORATION,2018-12-31,2019-12-31,0.992147,0.992147,1.0,0.000000e+00,2020-01-30,2021-02-04,level unchanged
1166691,COMCAST CORPORATION,2019-12-31,2020-12-31,1.005717,1.005717,1.0,0.000000e+00,2021-02-04,2022-02-02,level unchanged
1166691,COMCAST CORPORATION,2020-12-31,2021-12-31,1.002186,1.002186,1.0,0.000000e+00,2022-02-02,2023-02-03,level unchanged
1166691,COMCAST CORPORATION,2021-12-31,2022-12-31,0.961169,0.961169,1.0,0.000000e+00,2023-02-03,2024-01-31,level unchanged
1166691,COMCAST CORPORATION,2022-12-31,2023-12-31,0.935542,0.935542,1.0,0.000000e+00,2024-01-31,2025-01-31,level unchanged
1166691,COMCAST CORPORATION,2023-12-31,2024-12-31,0.942504,0.942504,1.0,0.000000e+00,2025-01-31,2026-02-03,level unchanged
318833,"TEAM, INC.",2012-05-31,2013-05-31,1.027254,1.027254,1.0,0.000000e+00,2013-08-12,2014-08-08,level unchanged
318833,"TEAM, INC.",2013-05-31,2014-05-31,1.011681,1.011681,1.0,0.000000e+00,2014-08-08,2015-08-07,level unchanged
318833,"TEAM, INC.",2013-05-31,2014-05-31,1.011681,1.011681,1.0,0.000000e+00,2015-08-07,2016-03-15,level unchanged
318833,"TEAM, INC.",2014-05-31,2015-05-31,1.002984,1.002984,1.0,0.000000e+00,2015-08-07,2016-03-15,level unchanged
318833,"TEAM, INC.",2014-05-31,2015-05-31,1.002984,1.002984,1.0,0.000000e+00,2016-03-15,2017-03-16,level unchanged
318833,"TEAM, INC.",2015-12-31,2016-12-31,1.352021,1.352021,1.0,0.000000e+00,2017-03-16,2018-03-15,level unchanged
318833,"TEAM, INC.",2016-12-31,2017-12-31,1.062431,1.062431,1.0,0.000000e+00,2018-03-15,2019-03-19,level unchanged
318833,"TEAM, INC.",2017-12-31,2018-12-31,1.006097,1.006097,1.0,0.000000e+00,2019-03-19,2020-03-16,level unchanged
318833,"TEAM, INC.",2018-12-31,2019-12-31,1.00929,1.00929,1.0,0.000000e+00,2020-03-16,2021-03-12,level unchanged
318833,"TEAM, INC.",2019-12-31,2020-12-31,1.010822,1.010822,1.0,0.000000e+00,2021-03-12,2022-03-16,level unchanged
1504008,"BankUnited, Inc.",2011-12-31,2012-12-31,0.981149,0.981149,1.0,0.000000e+00,2013-02-25,2014-02-27,level unchanged
1504008,"BankUnited, Inc.",2012-12-31,2013-12-31,1.051677,1.051677,1.0,0.000000e+00,2014-02-27,2015-02-26,level unchanged
1504008,"BankUnited, Inc.",2013-12-31,2014-12-31,1.019922,1.019922,1.0,0.000000e+00,2015-02-26,2016-02-26,level unchanged
1504008,"BankUnited, Inc.",2014-12-31,2015-12-31,1.015956,1.015956,1.0,0.000000e+00,2016-02-26,2017-02-28,level unchanged
1504008,"BankUnited, Inc.",2015-12-31,2016-12-31,1.008629,1.008629,1.0,0.000000e+00,2017-02-28,2018-03-01,level unchanged
1504008,"BankUnited, Inc.",2016-12-31,2017-12-31,1.024583,1.024583,1.0,0.000000e+00,2018-03-01,2019-02-27,level unchanged
1504008,"BankUnited, Inc.",2017-12-31,2018-12-31,0.98364,0.98364,1.0,0.000000e+00,2019-02-27,2020-02-28,level unchanged
1504008,"BankUnited, Inc.",2018-12-31,2019-12-31,0.920084,0.920084,1.0,0.000000e+00,2020-02-28,2021-02-26,level unchanged
1504008,"BankUnited, Inc.",2019-12-31,2020-12-31,0.960738,0.960738,1.0,0.000000e+00,2021-02-26,2022-02-24,level unchanged
1504008,"BankUnited, Inc.",2020-12-31,2021-12-31,0.985758,0.985758,1.0,0.000000e+00,2022-02-24,2023-02-22,level unchanged
1504008,"BankUnited, Inc.",2021-12-31,2022-12-31,0.871766,0.871766,1.0,0.000000e+00,2023-02-22,2024-02-20,level unchanged
1504008,"BankUnited, Inc.",2022-12-31,2023-12-31,0.93044,0.93044,1.0,0.000000e+00,2024-02-20,2025-02-28,level unchanged
1504008,"BankUnited, Inc.",2023-12-31,2024-12-31,1.003687,1.003687,1.0,0.000000e+00,2025-02-28,2026-02-26,level unchanged
844059,"FRP HOLDINGS, INC.",2010-09-30,2011-09-30,1.011109,1.011109,1.0,0.000000e+00,2011-12-08,2012-12-06,level unchanged
844059,"FRP HOLDINGS, INC.",2011-09-30,2012-09-30,1.008186,1.008186,1.0,0.000000e+00,2012-12-06,2013-12-04,level unchanged
844059,"FRP HOLDINGS, INC.",2012-09-30,2013-09-30,1.017415,1.017415,1.0,0.000000e+00,2013-12-04,2014-12-08,level unchanged
844059,"FRP HOLDINGS, INC.",2013-09-30,2014-09-30,1.011131,1.011131,1.0,0.000000e+00,2014-12-08,2015-12-11,level unchanged
844059,"FRP HOLDINGS, INC.",2014-09-30,2015-09-30,1.013189,1.013189,1.0,0.000000e+00,2015-12-11,2016-12-12,level unchanged
844059,"FRP HOLDINGS, INC.",2015-09-30,2016-09-30,1.009225,1.009225,1.0,0.000000e+00,2016-12-12,2018-03-16,level unchanged
844059,"FRP HOLDINGS, INC.",2017-12-31,2018-12-31,1.006516,1.006516,1.0,0.000000e+00,2019-03-15,2020-03-12,level unchanged
844059,"FRP HOLDINGS, INC.",2018-12-31,2019-12-31,0.984363,0.984363,1.0,0.000000e+00,2020-03-12,2021-03-19,level unchanged
844059,"FRP HOLDINGS, INC.",2019-12-31,2020-12-31,0.969341,0.969341,1000.0,0.000000e+00,2021-03-19,2022-03-30,LEVEL RESTATED (split / stock div / recast)
844059,"FRP HOLDINGS, INC.",2020-12-31,2021-12-31,0.976514,0.976514,1.0,0.000000e+00,2022-03-30,2023-03-23,level unchanged
844059,"FRP HOLDINGS, INC.",2021-12-31,2022-12-31,1.003314,1.003314,1.0,0.000000e+00,2023-03-23,2024-03-26,level unchanged
844059,"FRP HOLDINGS, INC.",2022-12-31,2023-12-31,1.003622,1.003622,2.0,0.000000e+00,2024-03-26,2025-03-18,LEVEL RESTATED (split / stock div / recast)
844059,"FRP HOLDINGS, INC.",2023-12-31,2024-12-31,1.002229,1.002229,1.0,0.000000e+00,2025-03-18,2026-04-15,level unchanged
1434868,"Esperion Therapeutics, Inc.",2022-12-31,2023-12-31,1.552641,1.552641,1.0,0.000000e+00,2024-02-27,2025-03-07,level unchanged
1434868,"Esperion Therapeutics, Inc.",2023-12-31,2024-12-31,1.81542,1.81542,1.0,0.000000e+00,2025-03-07,2026-03-10,level unchanged
1327567,"PALO ALTO NETWORKS, INC",2020-07-31,2021-07-31,0.99484,0.99484,1.0,0.000000e+00,2021-09-03,2022-09-06,level unchanged
1327567,"PALO ALTO NETWORKS, INC",2022-07-31,2023-07-31,1.02571,1.02571,1.0,0.000000e+00,2023-09-01,2024-09-06,level unchanged
1348036,"AVALARA, INC.",2017-12-31,2018-12-31,6.870028,6.870028,1.0,0.000000e+00,2019-02-28,2020-02-28,level unchanged
1348036,"AVALARA, INC.",2018-12-31,2019-12-31,1.895611,1.895611,1.0,0.000000e+00,2020-02-28,2021-02-25,level unchanged
1348036,"AVALARA, INC.",2019-12-31,2020-12-31,1.104165,1.104165,1.0,0.000000e+00,2021-02-25,2022-02-24,level unchanged
1348036,"AVALARA, INC.",2019-12-31,2020-12-31,1.104165,1.104165,1.0,0.000000e+00,2022-02-24,2022-05-05,level unchanged
1348036,"AVALARA, INC.",2020-12-31,2021-12-31,1.065173,1.065173,1.0,0.000000e+00,2022-02-24,2022-05-05,level unchanged
89439,MUELLER INDUSTRIES INC,2009-12-26,2010-12-25,1.008999,1.008999,1.0,0.000000e+00,2011-02-23,2012-02-28,level unchanged
89439,MUELLER INDUSTRIES INC,2010-12-25,2011-12-31,1.004327,1.004327,1.0,0.000000e+00,2012-02-28,2013-02-27,level unchanged
89439,MUELLER INDUSTRIES INC,2011-12-31,2012-12-29,0.933844,0.933844,1.0,0.000000e+00,2013-02-27,2014-02-26,level unchanged
89439,MUELLER INDUSTRIES INC,2012-12-29,2013-12-28,0.788832,0.788832,2.0,0.000000e+00,2014-02-26,2015-02-24,LEVEL RESTATED (split / stock div / recast)
89439,MUELLER INDUSTRIES INC,2013-12-28,2014-12-27,1.005382,1.005382,1.0,0.000000e+00,2015-02-24,2016-02-24,level unchanged
89439,MUELLER INDUSTRIES INC,2014-12-27,2015-12-26,1.004889,1.004889,1.0,0.000000e+00,2016-02-24,2017-03-01,level unchanged
89439,MUELLER INDUSTRIES INC,2015-12-26,2016-12-31,1.004546,1.004546,1.0,0.000000e+00,2017-03-01,2018-02-28,level unchanged
89439,MUELLER INDUSTRIES INC,2016-12-31,2017-12-30,1.00624,1.00624,1.0,0.000000e+00,2018-02-28,2019-02-27,level unchanged
89439,MUELLER INDUSTRIES INC,2017-12-30,2018-12-29,0.997488,0.997488,1.0,0.000000e+00,2019-02-27,2020-02-26,level unchanged
89439,MUELLER INDUSTRIES INC,2018-12-29,2019-12-28,0.982671,0.982671,1.0,0.000000e+00,2020-02-26,2021-02-24,level unchanged
89439,MUELLER INDUSTRIES INC,2019-12-28,2020-12-26,1.000412,1.000412,1.0,0.000000e+00,2021-02-24,2022-02-23,level unchanged
89439,MUELLER INDUSTRIES INC,2020-12-26,2021-12-25,1.003404,1.003404,1.0,0.000000e+00,2022-02-23,2023-02-28,level unchanged
89439,MUELLER INDUSTRIES INC,2021-12-25,2022-12-31,0.995858,0.995858,2.0,0.000000e+00,2023-02-28,2024-02-28,LEVEL RESTATED (split / stock div / recast)
89439,MUELLER INDUSTRIES INC,2022-12-31,2023-12-30,0.998763,0.998763,1.0,0.000000e+00,2024-02-28,2025-02-26,level unchanged
89439,MUELLER INDUSTRIES INC,2023-12-30,2024-12-28,0.999686,0.999686,1.0,0.000000e+00,2025-02-26,2026-02-25,level unchanged
882508,QUICKLOGIC Corp,2011-01-02,2012-01-01,1.029752,1.029752,1.0,0.000000e+00,2012-03-09,2013-03-08,level unchanged
882508,QUICKLOGIC Corp,2012-12-30,2013-12-29,1.093973,1.093973,1.0,0.000000e+00,2014-03-06,2015-03-05,level unchanged
882508,QUICKLOGIC Corp,2013-12-29,2014-12-28,1.210633,1.210633,1.0,0.000000e+00,2015-03-05,2016-03-18,level unchanged
882508,QUICKLOGIC Corp,2016-01-03,2017-01-01,1.157689,1.157689,1.0,0.000000e+00,2017-03-09,2018-03-09,level unchanged
882508,QUICKLOGIC Corp,2022-01-02,2023-01-01,1.091287,1.091287,0.001,0.000000e+00,2023-03-28,2024-03-27,LEVEL RESTATED (split / stock div / recast)
1402281,Erin Energy Corp.,2012-12-31,2013-12-31,1.398995,1.398995,1.0,0.000000e+00,2014-12-19,2015-03-16,level unchanged
1402281,Erin Energy Corp.,2014-12-31,2015-12-31,1.086631,1.086631,1.0,0.000000e+00,2016-03-24,2017-03-16,level unchanged
1402281,Erin Energy Corp.,2015-12-31,2016-12-31,1.003317,1.003317,1.0,0.000000e+00,2017-03-16,2018-03-16,level unchanged
1352010,"EPAM SYSTEMS, INC.",2012-12-31,2013-12-31,1.138442,1.138442,1000.0,0.000000e+00,2014-03-11,2015-03-02,LEVEL RESTATED (split / stock div / recast)
1352010,"EPAM SYSTEMS, INC.",2013-12-31,2014-12-31,1.031363,1.031363,1.0,0.000000e+00,2015-03-02,2016-02-23,level unchanged
1352010,"EPAM SYSTEMS, INC.",2014-12-31,2015-12-31,1.032465,1.032465,1.0,0.000000e+00,2016-02-23,2017-03-01,level unchanged
1352010,"EPAM SYSTEMS, INC.",2019-12-31,2020-12-31,1.018421,1.018421,1.0,0.000000e+00,2021-02-25,2022-02-25,level unchanged
1352010,"EPAM SYSTEMS, INC.",2020-12-31,2021-12-31,1.014069,1.014069,1.0,0.000000e+00,2022-02-25,2023-02-24,level unchanged
1352010,"EPAM SYSTEMS, INC.",2021-12-31,2022-12-31,1.013803,1.013803,1.0,0.000000e+00,2023-02-24,2024-02-22,level unchanged
1352010,"EPAM SYSTEMS, INC.",2022-12-31,2023-12-31,1.009391,1.009391,1.0,0.000000e+00,2024-02-22,2025-02-28,level unchanged
1352010,"EPAM SYSTEMS, INC.",2023-12-31,2024-12-31,0.990645,0.990645,1.0,0.000000e+00,2025-02-28,2026-02-26,level unchanged
1346830,"TVARDI THERAPEUTICS, INC.",2013-12-31,2014-12-31,5.072643,5.072643,1.0,0.000000e+00,2015-03-27,2016-03-11,level unchanged
1346830,"TVARDI THERAPEUTICS, INC.",2014-12-31,2015-12-31,1.174304,1.174304,1.0,0.000000e+00,2016-03-11,2017-03-10,level unchanged
1346830,"TVARDI THERAPEUTICS, INC.",2015-12-31,2016-12-31,1.107985,1.107985,1.0,0.000000e+00,2017-03-10,2018-03-15,level unchanged
1346830,"TVARDI THERAPEUTICS, INC.",2016-12-31,2017-12-31,1.143841,1.143841,1.0,0.000000e+00,2018-03-15,2019-03-12,level unchanged
1346830,"TVARDI THERAPEUTICS, INC.",2017-12-31,2018-12-31,1.150305,1.150305,1.0,0.000000e+00,2019-03-12,2020-02-27,level unchanged
1346830,"TVARDI THERAPEUTICS, INC.",2018-12-31,2019-12-31,1.1888,1.1888,1.0,0.000000e+00,2020-02-27,2021-02-25,level unchanged
1346830,"TVARDI THERAPEUTICS, INC.",2019-12-31,2020-12-31,1.111179,1.111179,1.0,0.000000e+00,2021-02-25,2022-03-01,level unchanged
1346830,"TVARDI THERAPEUTICS, INC.",2020-12-31,2021-12-31,1.069717,1.069717,1.0,0.000000e+00,2022-03-01,2023-03-06,level unchanged
1346830,"TVARDI THERAPEUTICS, INC.",2021-12-31,2022-12-31,1.057864,1.057864,1.0,0.000000e+00,2023-03-06,2024-03-06,level unchanged
1063344,HERSHA HOSPITALITY TRUST,2010-12-31,2011-12-31,1.255884,1.255884,1.0,0.000000e+00,2012-02-29,2013-02-22,level unchanged
1063344,HERSHA HOSPITALITY TRUST,2011-12-31,2012-12-31,1.110587,1.110587,1.0,0.000000e+00,2013-02-22,2014-02-27,level unchanged
1063344,HERSHA HOSPITALITY TRUST,2012-12-31,2013-12-31,1.058561,1.058561,1.0,0.000000e+00,2014-02-27,2015-02-20,level unchanged
1063344,HERSHA HOSPITALITY TRUST,2014-12-31,2015-12-31,0.960012,0.960012,1.0,0.000000e+00,2016-02-17,2017-02-24,level unchanged
1063344,HERSHA HOSPITALITY TRUST,2015-12-31,2016-12-31,0.898934,0.898934,1.0,0.000000e+00,2017-02-24,2018-02-23,level unchanged
1063344,HERSHA HOSPITALITY TRUST,2016-12-31,2017-12-31,0.964304,0.964304,1.0,0.000000e+00,2018-02-23,2019-02-27,level unchanged
1063344,HERSHA HOSPITALITY TRUST,2018-12-31,2019-12-31,0.987917,0.987917,1.0,0.000000e+00,2020-02-25,2021-03-29,level unchanged
1063344,HERSHA HOSPITALITY TRUST,2019-12-31,2020-12-31,0.992435,0.992435,1.0,0.000000e+00,2021-03-29,2022-02-24,level unchanged
1063344,HERSHA HOSPITALITY TRUST,2020-12-31,2021-12-31,1.012338,1.012338,1.0,0.000000e+00,2022-02-24,2023-02-23,level unchanged
1609989,"Blue Buffalo Pet Products, Inc.",2014-12-31,2015-12-31,1.001014,1.001014,1.0,0.000000e+00,2016-03-10,2017-03-01,level unchanged
1609989,"Blue Buffalo Pet Products, Inc.",2015-12-31,2016-12-31,1.002191,1.002191,1.0,0.000000e+00,2017-03-01,2018-02-26,level unchanged
1802457,"Origin Materials, Inc.",2020-12-31,2021-12-31,1.618385,1.618385,1.0,0.000000e+00,2022-03-01,2023-02-23,level unchanged
1860543,"Cadre Holdings, Inc.",2021-12-31,2022-12-31,1.26264,1.26264,1.0,0.000000e+00,2023-03-15,2024-03-12,level unchanged
1860543,"Cadre Holdings, Inc.",2022-12-31,2023-12-31,1.039435,1.039435,1.0,0.000000e+00,2024-03-12,2025-03-11,level unchanged
1860543,"Cadre Holdings, Inc.",2023-12-31,2024-12-31,1.064266,1.064266,1.0,0.000000e+00,2025-03-11,2026-03-10,level unchanged
1454389,STONEGATE MORTGAGE CORP,2011-12-31,2012-12-31,1.069682,1.069682,1.0,0.000000e+00,2014-03-14,2015-01-14,level unchanged
1454389,STONEGATE MORTGAGE CORP,2012-12-31,2013-12-31,4.404009,4.404009,1.0,0.000000e+00,2014-03-14,2015-01-14,level unchanged
1454389,STONEGATE MORTGAGE CORP,2012-12-31,2013-12-31,4.404009,4.404009,1.0,0.000000e+00,2015-01-14,2015-03-06,level unchanged
1454389,STONEGATE MORTGAGE CORP,2013-12-31,2014-12-31,1.832598,1.832598,1.0,0.000000e+00,2015-03-06,2016-03-15,level unchanged
1454389,STONEGATE MORTGAGE CORP,2014-12-31,2015-12-31,1.000504,1.000504,1.0,0.000000e+00,2016-03-15,2017-03-09,level unchanged
1828972,"BuzzFeed, Inc.",2020-12-31,2021-12-31,2.264947,2.264947,1.0,0.000000e+00,2022-03-30,2023-03-16,level unchanged
1828972,"BuzzFeed, Inc.",2021-12-31,2022-12-31,5.107513,5.107513,1.0,0.000000e+00,2023-03-16,2024-03-29,level unchanged
1828972,"BuzzFeed, Inc.",2023-12-31,2024-12-31,1.045294,1.045294,1.0,0.000000e+00,2025-03-14,2026-03-16,level unchanged
884219,"Pursuit Attractions and Hospitality, Inc.",2010-12-31,2011-12-31,0.988173,0.988173,1.0,0.000000e+00,2012-03-09,2013-03-11,level unchanged
884219,"Pursuit Attractions and Hospitality, Inc.",2011-12-31,2012-12-31,0.999087,0.999087,1.0,0.000000e+00,2013-03-11,2014-03-07,level unchanged
884219,"Pursuit Attractions and Hospitality, Inc.",2012-12-31,2013-12-31,1.007563,1.007563,1.0,0.000000e+00,2014-03-07,2015-03-13,level unchanged
884219,"Pursuit Attractions and Hospitality, Inc.",2013-12-31,2014-12-31,0.997683,0.997683,1.0,0.000000e+00,2015-03-13,2016-03-11,level unchanged
884219,"Pursuit Attractions and Hospitality, Inc.",2014-12-31,2015-12-31,0.999647,0.999647,1.0,0.000000e+00,2016-03-11,2017-03-06,level unchanged
884219,"Pursuit Attractions and Hospitality, Inc.",2015-12-31,2016-12-31,1.009749,1.009749,1.0,0.000000e+00,2017-03-06,2018-02-28,level unchanged
884219,"Pursuit Attractions and Hospitality, Inc.",2016-12-31,2017-12-31,1.007804,1.007804,1.0,0.000000e+00,2018-02-28,2019-02-27,level unchanged
884219,"Pursuit Attractions and Hospitality, Inc.",2017-12-31,2018-12-31,1.001092,1.001092,1.0,0.000000e+00,2019-02-27,2020-02-26,level unchanged
884219,"Pursuit Attractions and Hospitality, Inc.",2018-12-31,2019-12-31,0.998909,0.998909,1.0,0.000000e+00,2020-02-26,2021-03-02,level unchanged
884219,"Pursuit Attractions and Hospitality, Inc.",2019-12-31,2020-12-31,1.006602,1.006602,1.0,0.000000e+00,2021-03-02,2022-02-25,level unchanged
884219,"Pursuit Attractions and Hospitality, Inc.",2020-12-31,2021-12-31,1.006509,1.006509,1.0,0.000000e+00,2022-02-25,2023-02-28,level unchanged
884219,"Pursuit Attractions and Hospitality, Inc.",2021-12-31,2022-12-31,1.008721,1.008721,1.0,0.000000e+00,2023-02-28,2024-03-01,level unchanged
884219,"Pursuit Attractions and Hospitality, Inc.",2022-12-31,2023-12-31,1.01292,1.01292,1.0,0.000000e+00,2024-03-01,2025-03-17,level unchanged
884219,"Pursuit Attractions and Hospitality, Inc.",2023-12-31,2024-12-31,1.027044,1.027044,1.0,0.000000e+00,2025-03-17,2026-02-25,level unchanged
1689923,"ALTERYX, INC.",2017-12-31,2018-12-31,1.147587,1.147587,1.0,0.000000e+00,2019-03-01,2020-02-14,level unchanged
1689923,"ALTERYX, INC.",2018-12-31,2019-12-31,1.042661,1.042661,1.0,0.000000e+00,2020-02-14,2021-02-12,level unchanged
1689923,"ALTERYX, INC.",2019-12-31,2020-12-31,1.04153,1.04153,1.0,0.000000e+00,2021-02-12,2022-02-15,level unchanged
1689923,"ALTERYX, INC.",2020-12-31,2021-12-31,1.017152,1.017152,1.0,0.000000e+00,2022-02-15,2023-02-10,level unchanged
1689923,"ALTERYX, INC.",2021-12-31,2022-12-31,1.019631,1.019631,1.0,0.000000e+00,2023-02-10,2024-02-06,level unchanged
