path,symbol,schema,day,start_utc,end_utc,bytes,usd,records,sha256,fetched_at
GC_bbo-1m/2024/2024-01-02.dbn.zst,GC.v.0,bbo-1m,2024-01-02,2024-01-01T23:30:00+00:00,2024-01-02T08:15:00+00:00,18412,0.000711,525,790e703747a64e14c7bcb5fa75391da01ee177d6121595f59cfe7ce4f46004a8,2026-10-04T00:24:33+00:00
GC_bbo-1m/2024/2024-01-03.dbn.zst,GC.v.0,bbo-1m,2024-01-03,2024-01-02T23:30:00+00:00,2024-01-03T08:15:00+00:00,17938,0.000711,525,241eca7bb43c8779030466a1cede2509b583fb218c19dce43c8a10be4eb7b521,2026-10-04T00:24:35+00:00
GC_bbo-1m/2024/2024-01-04.dbn.zst,GC.v.0,bbo-1m,2024-01-04,2024-01-03T23:30:00+00:00,2024-01-04T08:15:00+00:00,18294,0.000711,525,3517af2205215c2b6c3483fee8702603336ac9822ffc9b4a98c048599afd5989,2026-10-04T00:24:35+00:00
GC_bbo-1m/2024/2024-01-05.dbn.zst,GC.v.0,bbo-1m,2024-01-05,2024-01-04T23:30:00+00:00,2024-01-05T08:15:00+00:00,18063,0.000711,525,2af00b81d5568d9bd212ff34844f79cdbb937edafd9f9fd363d7b67548595b58,2026-10-04T00:24:33+00:00
GC_bbo-1m/2024/2024-01-08.dbn.zst,GC.v.0,bbo-1m,2024-01-08,2024-01-07T23:30:00+00:00,2024-01-08T08:15:00+00:00,18708,0.000711,525,4de6f071b7364974fe2782418004a78e5585216742394697b5e6bc401864aebb,2026-10-04T00:24:36+00:00
GC_bbo-1m/2024/2024-01-09.dbn.zst,GC.v.0,bbo-1m,2024-01-09,2024-01-08T23:30:00+00:00,2024-01-09T08:15:00+00:00,18302,0.000711,525,8fa4b2f036017eb8971a3c4da5edd9f3c07c90cfea2377b5f8e4d3c3a7e7592d,2026-10-04T00:24:37+00:00
GC_bbo-1m/2024/2024-01-10.dbn.zst,GC.v.0,bbo-1m,2024-01-10,2024-01-09T23:30:00+00:00,2024-01-10T08:15:00+00:00,18403,0.000711,525,83aaf9c8829e99b1113f2e51b972933f8c5678e152f27527fa5e49dd60246c25,2026-10-04T00:24:40+00:00
GC_bbo-1m/2024/2024-01-11.dbn.zst,GC.v.0,bbo-1m,2024-01-11,2024-01-10T23:30:00+00:00,2024-01-11T08:15:00+00:00,18266,0.000711,525,b1918a91a91cd8c751223ce0f48a1800fc3a08c590173afd537684193bbea78c,2026-10-04T00:24:45+00:00
GC_bbo-1m/2024/2024-01-12.dbn.zst,GC.v.0,bbo-1m,2024-01-12,2024-01-11T23:30:00+00:00,2024-01-12T08:15:00+00:00,18215,0.000711,525,489cece1c5b43f835a926ec64994652a6dbcc0eb7a0d9445b46fa7009542f9bc,2026-10-04T00:24:39+00:00
GC_bbo-1m/2024/2024-01-15.dbn.zst,GC.v.0,bbo-1m,2024-01-15,2024-01-14T23:30:00+00:00,2024-01-15T08:15:00+00:00,18245,0.000711,525,5a85e5ce641f34155068460b84b444091af14e2806f82ffdd69c80f715a8ebe0,2026-10-04T00:24:39+00:00
GC_bbo-1m/2024/2024-01-16.dbn.zst,GC.v.0,bbo-1m,2024-01-16,2024-01-15T23:30:00+00:00,2024-01-16T08:15:00+00:00,17938,0.000711,525,df9b89e6163fa9198da8e6863597baef6063197beded47b63d7d4a4c2f346253,2026-10-04T00:24:43+00:00
GC_bbo-1m/2024/2024-01-17.dbn.zst,GC.v.0,bbo-1m,2024-01-17,2024-01-16T23:30:00+00:00,2024-01-17T08:15:00+00:00,18714,0.000711,525,a1126bfce88351b9d635db76fdf1443e33aaaa8a039f2afc76239e3477a1af0c,2026-10-04T00:24:40+00:00
GC_bbo-1m/2024/2024-01-18.dbn.zst,GC.v.0,bbo-1m,2024-01-18,2024-01-17T23:30:00+00:00,2024-01-18T08:15:00+00:00,18301,0.000711,525,b8d7810c49d858aeefe8edd934664e4ffff9ea108d2637c519ce02b5a2bbdaa0,2026-10-04T00:24:41+00:00
GC_bbo-1m/2024/2024-01-19.dbn.zst,GC.v.0,bbo-1m,2024-01-19,2024-01-18T23:30:00+00:00,2024-01-19T08:15:00+00:00,18156,0.000711,525,77a8e502cfd45a6b718d16253ad26f864f47b18f45912a61294f901b767f676b,2026-10-04T00:24:42+00:00
GC_bbo-1m/2024/2024-01-22.dbn.zst,GC.v.0,bbo-1m,2024-01-22,2024-01-21T23:30:00+00:00,2024-01-22T08:15:00+00:00,18369,0.000711,525,ae3517f73f9548aab224055ef8b090fc023b4a8fc6d484c7c501155a30b6b8a2,2026-10-04T00:24:47+00:00
GC_bbo-1m/2024/2024-01-23.dbn.zst,GC.v.0,bbo-1m,2024-01-23,2024-01-22T23:30:00+00:00,2024-01-23T08:15:00+00:00,18519,0.000711,525,aa2c327e4d026998d5a11e0448e404ad10fe6254282d7d9b6d2b4f8445aec18e,2026-10-04T00:24:45+00:00
GC_bbo-1m/2024/2024-01-24.dbn.zst,GC.v.0,bbo-1m,2024-01-24,2024-01-23T23:30:00+00:00,2024-01-24T08:15:00+00:00,18233,0.000711,525,367cd4d9a36d54273d274a2822ac3de658f87fe50772bb35ca7a646f8d05d5c6,2026-10-04T00:24:45+00:00
GC_bbo-1m/2024/2024-01-25.dbn.zst,GC.v.0,bbo-1m,2024-01-25,2024-01-24T23:30:00+00:00,2024-01-25T08:15:00+00:00,17446,0.000711,525,3a6457afb53898794c19d08bf1fc36425bdcbe91eeff95a03e3ca998bb07e1aa,2026-10-04T00:24:45+00:00
GC_bbo-1m/2024/2024-01-26.dbn.zst,GC.v.0,bbo-1m,2024-01-26,2024-01-25T23:30:00+00:00,2024-01-26T08:15:00+00:00,17537,0.000711,525,44c962520591f6088e168c4cfad5c74eee534e226dd6de325c118db13e9ab18f,2026-10-04T00:24:47+00:00
GC_bbo-1m/2024/2024-01-29.dbn.zst,GC.v.0,bbo-1m,2024-01-29,2024-01-28T23:30:00+00:00,2024-01-29T08:15:00+00:00,18363,0.000711,525,a41453c55bf185b664da957bba73fabf304f5677dbde7b6143d9e89171a2192b,2026-10-04T00:24:48+00:00
GC_bbo-1m/2024/2024-01-30.dbn.zst,GC.v.0,bbo-1m,2024-01-30,2024-01-29T23:30:00+00:00,2024-01-30T08:15:00+00:00,13298,0.000665,491,c5c430a8a88b408b660cbc728023664b9e55cc8807405f60483dc670680c9023,2026-10-04T00:24:48+00:00
GC_bbo-1m/2024/2024-01-31.dbn.zst,GC.v.0,bbo-1m,2024-01-31,2024-01-30T23:30:00+00:00,2024-01-31T08:15:00+00:00,16800,0.000673,497,f62e3ad562261b2746aeedb0f0b0d4a8e5dda6233f2c288055cd0374e287d452,2026-10-04T00:24:51+00:00
GC_bbo-1m/2024/2024-02-01.dbn.zst,GC.v.0,bbo-1m,2024-02-01,2024-01-31T23:30:00+00:00,2024-02-01T08:15:00+00:00,18106,0.000711,525,ef5cbbbde57c0ab2071df31fb9287590f67230b8bc5f0f93e95270ff72134fa8,2026-10-04T00:24:50+00:00
GC_bbo-1m/2024/2024-02-02.dbn.zst,GC.v.0,bbo-1m,2024-02-02,2024-02-01T23:30:00+00:00,2024-02-02T08:15:00+00:00,17691,0.000711,525,8868ef612a3dbb1acb5f26c00cdfc400746f5ee85317ed3464c9b1621dad98cb,2026-10-04T00:24:51+00:00
GC_bbo-1m/2024/2024-02-05.dbn.zst,GC.v.0,bbo-1m,2024-02-05,2024-02-04T23:30:00+00:00,2024-02-05T08:15:00+00:00,18752,0.000711,525,00c621fc7ed7f9df8a293608dda8429855d8e5b93d916c6d587fd0b8fa6ec6c8,2026-10-04T00:24:51+00:00
GC_bbo-1m/2024/2024-02-06.dbn.zst,GC.v.0,bbo-1m,2024-02-06,2024-02-05T23:30:00+00:00,2024-02-06T08:15:00+00:00,17784,0.000711,525,2f589df0a5508e6cc08c47df4931cfd5c45cd6a96db0f51b38778c06363ae2bf,2026-10-04T00:24:52+00:00
GC_bbo-1m/2024/2024-02-07.dbn.zst,GC.v.0,bbo-1m,2024-02-07,2024-02-06T23:30:00+00:00,2024-02-07T08:15:00+00:00,17296,0.000711,525,e4834fe00c50fca11db916094c430a4202e9f3f5154ff533bf40b093c36042a5,2026-10-04T00:24:52+00:00
GC_bbo-1m/2024/2024-02-08.dbn.zst,GC.v.0,bbo-1m,2024-02-08,2024-02-07T23:30:00+00:00,2024-02-08T08:15:00+00:00,17933,0.000711,525,de7e6fef18fd8276923b50d5f4733f53655e396e8cae9a39504b7ef2c39c57e2,2026-10-04T00:24:55+00:00
GC_bbo-1m/2024/2024-02-09.dbn.zst,GC.v.0,bbo-1m,2024-02-09,2024-02-08T23:30:00+00:00,2024-02-09T08:15:00+00:00,17247,0.000711,525,4ef085256e04ca471e3023c7e10c92e81d0bb7c19ea519297be7860f19a71fb5,2026-10-04T00:24:54+00:00
GC_bbo-1m/2024/2024-02-12.dbn.zst,GC.v.0,bbo-1m,2024-02-12,2024-02-11T23:30:00+00:00,2024-02-12T08:15:00+00:00,17642,0.000711,525,a2f793ed07b3f231dd186cd566b2088123c5be5c00ddfce7871fae11df2b19d7,2026-10-04T00:24:55+00:00
GC_bbo-1m/2024/2024-02-13.dbn.zst,GC.v.0,bbo-1m,2024-02-13,2024-02-12T23:30:00+00:00,2024-02-13T08:15:00+00:00,17766,0.000711,525,59249994df8f49f4e19bd9cc66fc91ad193f64d918038fa35c047fb376785c55,2026-10-04T00:24:56+00:00
GC_bbo-1m/2024/2024-02-14.dbn.zst,GC.v.0,bbo-1m,2024-02-14,2024-02-13T23:30:00+00:00,2024-02-14T08:15:00+00:00,17708,0.000711,525,285b1c35e1326b912bfb78d2fca4c7a328ca2768d240d1370a24fe4fd6257b75,2026-10-04T00:24:58+00:00
GC_bbo-1m/2024/2024-02-15.dbn.zst,GC.v.0,bbo-1m,2024-02-15,2024-02-14T23:30:00+00:00,2024-02-15T08:15:00+00:00,17463,0.000711,525,90d3738110ceafea3e5d1a07e8c80036881688cf339fe8bd8aa1e03e3330530c,2026-10-04T00:24:56+00:00
GC_bbo-1m/2024/2024-02-16.dbn.zst,GC.v.0,bbo-1m,2024-02-16,2024-02-15T23:30:00+00:00,2024-02-16T08:15:00+00:00,17648,0.000711,525,ba9e1f8183660bf6b4ffe5c2e6967fe3ab166b784dedf877cb4b33bca07f8146,2026-10-04T00:25:00+00:00
GC_bbo-1m/2024/2024-02-19.dbn.zst,GC.v.0,bbo-1m,2024-02-19,2024-02-18T23:30:00+00:00,2024-02-19T08:15:00+00:00,18063,0.000711,525,6b13687c874bcb976eb21da58dfd97ee7214f758f6048a17fbb7c5753d243779,2026-10-04T00:24:59+00:00
GC_bbo-1m/2024/2024-02-20.dbn.zst,GC.v.0,bbo-1m,2024-02-20,2024-02-19T23:30:00+00:00,2024-02-20T08:15:00+00:00,17894,0.000711,525,e029beecbc97f04bda38b874858563d65afe04a86083b7a0ad60bafd7bca1f42,2026-10-04T00:24:59+00:00
GC_bbo-1m/2024/2024-02-21.dbn.zst,GC.v.0,bbo-1m,2024-02-21,2024-02-20T23:30:00+00:00,2024-02-21T08:15:00+00:00,17850,0.000711,525,19add027eb6aa54b2e888e25d0c17377092898bc5f5245611fc4a85c1c5c3538,2026-10-04T00:25:02+00:00
GC_bbo-1m/2024/2024-02-22.dbn.zst,GC.v.0,bbo-1m,2024-02-22,2024-02-21T23:30:00+00:00,2024-02-22T08:15:00+00:00,17920,0.000711,525,25f761423bf17c25b8545d1e78ec3eb4f04d5a401af37f3243c115d65d300109,2026-10-04T00:25:01+00:00
GC_bbo-1m/2024/2024-02-23.dbn.zst,GC.v.0,bbo-1m,2024-02-23,2024-02-22T23:30:00+00:00,2024-02-23T08:15:00+00:00,17969,0.000711,525,376e0be482f4bae180a8c1031dfe23b5b6158b1b287d7704af405a0544b481c3,2026-10-04T00:25:02+00:00
GC_bbo-1m/2024/2024-02-26.dbn.zst,GC.v.0,bbo-1m,2024-02-26,2024-02-25T23:30:00+00:00,2024-02-26T08:15:00+00:00,17741,0.000711,525,a790ef64bda46a92631884b4cc5e5411c1bce4c186bc916623d3134ccf21eddf,2026-10-04T00:25:00+00:00
GC_bbo-1m/2024/2024-02-27.dbn.zst,GC.v.0,bbo-1m,2024-02-27,2024-02-26T23:30:00+00:00,2024-02-27T08:15:00+00:00,17537,0.000711,525,5fee80e0df593cbff050a1d1b94e9bca9729e75c7841c356d066a77dd72f3f54,2026-10-04T00:25:12+00:00
GC_bbo-1m/2024/2024-02-28.dbn.zst,GC.v.0,bbo-1m,2024-02-28,2024-02-27T23:30:00+00:00,2024-02-28T08:15:00+00:00,17664,0.000711,525,c304d5e28f86f3757c7c0cdcd69c5551cec3e4fa8784256f44f1d1dd8255b4cb,2026-10-04T00:25:03+00:00
GC_bbo-1m/2024/2024-02-29.dbn.zst,GC.v.0,bbo-1m,2024-02-29,2024-02-28T23:30:00+00:00,2024-02-29T08:15:00+00:00,17389,0.000711,525,f73fbd7f80b084e6f318c73e51855bbd5b8053299745b6051051b146145e6d13,2026-10-04T00:25:06+00:00
GC_bbo-1m/2024/2024-03-01.dbn.zst,GC.v.0,bbo-1m,2024-03-01,2024-02-29T23:30:00+00:00,2024-03-01T08:15:00+00:00,17722,0.000711,525,0bfefd537a952751467fd6592847f2833c8c6aa6042da55e46cb6c7ba113e14d,2026-10-04T00:25:16+00:00
GC_bbo-1m/2024/2024-03-04.dbn.zst,GC.v.0,bbo-1m,2024-03-04,2024-03-03T23:30:00+00:00,2024-03-04T08:15:00+00:00,18096,0.000711,525,8b5a1b9987d4d402bc666419e6def4ed6b99311b9b363a9337da34c6fa0bc553,2026-10-04T00:25:05+00:00
GC_bbo-1m/2024/2024-03-05.dbn.zst,GC.v.0,bbo-1m,2024-03-05,2024-03-04T23:30:00+00:00,2024-03-05T08:15:00+00:00,18355,0.000711,525,0bb299c0abb25137460345bacaea113353b59c49f5366191a55399d9c84c0fd9,2026-10-04T00:25:16+00:00
GC_bbo-1m/2024/2024-03-06.dbn.zst,GC.v.0,bbo-1m,2024-03-06,2024-03-05T23:30:00+00:00,2024-03-06T08:15:00+00:00,18010,0.000711,525,b7cfc9b374b0591195dc992952e34b15cb5bde55d961ca8ffcb286027735d8fb,2026-10-04T00:25:09+00:00
GC_bbo-1m/2024/2024-03-07.dbn.zst,GC.v.0,bbo-1m,2024-03-07,2024-03-06T23:30:00+00:00,2024-03-07T08:15:00+00:00,18741,0.000711,525,d3a7d961fc2c1d239ae44a79be8a0101e58aa64b07be6f973ac8e687e022eb1b,2026-10-04T00:25:16+00:00
GC_bbo-1m/2024/2024-03-08.dbn.zst,GC.v.0,bbo-1m,2024-03-08,2024-03-07T23:30:00+00:00,2024-03-08T08:15:00+00:00,18170,0.000711,525,1a8d94c61760d5aaf9dc8e7a5d3d6b0677eec2b5b50d91dfe46dfc6f6428125d,2026-10-04T00:25:11+00:00
GC_bbo-1m/2024/2024-03-11.dbn.zst,GC.v.0,bbo-1m,2024-03-11,2024-03-10T22:30:00+00:00,2024-03-11T07:15:00+00:00,18588,0.000711,525,23c66d469be90200eda53d40c93df61a85890395a2b3645046a7106256402533,2026-10-04T00:25:11+00:00
GC_bbo-1m/2024/2024-03-12.dbn.zst,GC.v.0,bbo-1m,2024-03-12,2024-03-11T22:30:00+00:00,2024-03-12T07:15:00+00:00,18230,0.000711,525,bbb85f62563bb5ad897a22ed6f092a8a6122faf04841192665a94535edba3a48,2026-10-04T00:25:17+00:00
GC_bbo-1m/2024/2024-03-13.dbn.zst,GC.v.0,bbo-1m,2024-03-13,2024-03-12T22:30:00+00:00,2024-03-13T07:15:00+00:00,17876,0.000711,525,e66ba253da784c80883478605ca6ebe7b003daf948fe4875cd9046308b41ae3b,2026-10-04T00:25:15+00:00
GC_bbo-1m/2024/2024-03-14.dbn.zst,GC.v.0,bbo-1m,2024-03-14,2024-03-13T22:30:00+00:00,2024-03-14T07:15:00+00:00,18110,0.000711,525,b36f5fcd1d2e142c3736bda97b6b73d22488ba6a5cac6f655865fc95293eb9c3,2026-10-04T00:25:18+00:00
GC_bbo-1m/2024/2024-03-15.dbn.zst,GC.v.0,bbo-1m,2024-03-15,2024-03-14T22:30:00+00:00,2024-03-15T07:15:00+00:00,18025,0.000711,525,1f4123c9563a7c45fcc9ea984b48d14ab06d6dba6ec95b848b6e7eb250a3301d,2026-10-04T00:25:17+00:00
GC_bbo-1m/2024/2024-03-18.dbn.zst,GC.v.0,bbo-1m,2024-03-18,2024-03-17T22:30:00+00:00,2024-03-18T07:15:00+00:00,18739,0.000711,525,acbd35c5382df41526935100830f7860f1643ea7855aee9049f12af21611b6c2,2026-10-04T00:25:22+00:00
GC_bbo-1m/2024/2024-03-19.dbn.zst,GC.v.0,bbo-1m,2024-03-19,2024-03-18T22:30:00+00:00,2024-03-19T07:15:00+00:00,18189,0.000711,525,49f98fa00f8861de89fba5927f4694bd93973fb2b378d56e88e7486f7910636b,2026-10-04T00:25:21+00:00
GC_bbo-1m/2024/2024-03-20.dbn.zst,GC.v.0,bbo-1m,2024-03-20,2024-03-19T22:30:00+00:00,2024-03-20T07:15:00+00:00,17825,0.000709,524,b19b939511e7a5129d53cd27114e1c8f4721a37661dfce5b0538dbabfa34ebcb,2026-10-04T00:25:21+00:00
GC_bbo-1m/2024/2024-03-21.dbn.zst,GC.v.0,bbo-1m,2024-03-21,2024-03-20T22:30:00+00:00,2024-03-21T07:15:00+00:00,19017,0.000711,525,3304af4e53e9ccf76bc0814c4ed19ab1daf2d93313122fcfae7d95515bb25916,2026-10-04T00:25:20+00:00
GC_bbo-1m/2024/2024-03-22.dbn.zst,GC.v.0,bbo-1m,2024-03-22,2024-03-21T22:30:00+00:00,2024-03-22T07:15:00+00:00,18700,0.000709,524,205238782ee48b869a4090743850af21c47f1002e46f7a1c689aa59e3dd7d132,2026-10-04T00:25:21+00:00
GC_bbo-1m/2024/2024-03-25.dbn.zst,GC.v.0,bbo-1m,2024-03-25,2024-03-24T22:30:00+00:00,2024-03-25T07:15:00+00:00,18847,0.000711,525,b125ed1d252f8944653700c9834070bb2cc0d05993019e7275043ccf0aecd22d,2026-10-04T00:25:22+00:00
GC_bbo-1m/2024/2024-03-26.dbn.zst,GC.v.0,bbo-1m,2024-03-26,2024-03-25T22:30:00+00:00,2024-03-26T07:15:00+00:00,17791,0.000711,525,a2602bcd66f0b0f52021f6a0762157cb7cbd102cca325c2d9db40aa9146965dd,2026-10-04T00:25:22+00:00
GC_bbo-1m/2024/2024-03-27.dbn.zst,GC.v.0,bbo-1m,2024-03-27,2024-03-26T22:30:00+00:00,2024-03-27T07:15:00+00:00,13891,0.000658,486,833c41d48c1db64de3f5d2f8f93c30d24d579c417fea1e49005d2db516e8835d,2026-10-04T00:25:24+00:00
GC_bbo-1m/2024/2024-03-28.dbn.zst,GC.v.0,bbo-1m,2024-03-28,2024-03-27T22:30:00+00:00,2024-03-28T07:15:00+00:00,15531,0.000597,440,1f1c0b6b5df9982b4c0d2752fb170ca870f622197594ae5813d63497892bd0ce,2026-10-04T00:25:28+00:00
GC_bbo-1m/2024/2024-03-29.dbn.zst,GC.v.0,bbo-1m,2024-03-29,2024-03-28T22:30:00+00:00,2024-03-29T07:15:00+00:00,183,0.000001,1,48a6b1d368c4b387eb65b02c63417e5ad4f48e96cba562822ec84c7a2a8ae6ff,2026-10-04T00:25:27+00:00
GC_bbo-1m/2024/2024-04-01.dbn.zst,GC.v.0,bbo-1m,2024-04-01,2024-03-31T22:30:00+00:00,2024-04-01T07:15:00+00:00,19431,0.000711,525,3a027aa69d8e500b81d7e0b23e0b39aa26d5c1147ec8b72d7c35bc6e11857b66,2026-10-04T00:25:28+00:00
GC_bbo-1m/2024/2024-04-02.dbn.zst,GC.v.0,bbo-1m,2024-04-02,2024-04-01T22:30:00+00:00,2024-04-02T07:15:00+00:00,18456,0.000711,525,a77765c828692a84fd8328c6426c2b4eb29d33c82768baf6a7f2548df1f17f16,2026-10-04T00:25:29+00:00
GC_bbo-1m/2024/2024-04-03.dbn.zst,GC.v.0,bbo-1m,2024-04-03,2024-04-02T22:30:00+00:00,2024-04-03T07:15:00+00:00,18655,0.000711,525,b13f7451ac6a9127999a24531baeb11e0f89f80d3f6eabb971660cf365537e1f,2026-10-04T00:25:29+00:00
GC_bbo-1m/2024/2024-04-04.dbn.zst,GC.v.0,bbo-1m,2024-04-04,2024-04-03T22:30:00+00:00,2024-04-04T07:15:00+00:00,18357,0.000711,525,931abe39ce32443d33b32c7838b4ef0237f30db3a6607d04796d1c2c5e1d8ff7,2026-10-04T00:25:30+00:00
GC_bbo-1m/2024/2024-04-05.dbn.zst,GC.v.0,bbo-1m,2024-04-05,2024-04-04T22:30:00+00:00,2024-04-05T07:15:00+00:00,19150,0.000711,525,247ea11014fc201c0b7becc3833630da1dbcd295871221482dea6845b1161af0,2026-10-04T00:25:35+00:00
GC_bbo-1m/2024/2024-04-08.dbn.zst,GC.v.0,bbo-1m,2024-04-08,2024-04-07T22:30:00+00:00,2024-04-08T07:15:00+00:00,19908,0.000711,525,92193f1059b5c6abeb8bf5bd9378e38eedf30695d83de2b1a6ee017d0caea73e,2026-10-04T00:25:29+00:00
GC_bbo-1m/2024/2024-04-09.dbn.zst,GC.v.0,bbo-1m,2024-04-09,2024-04-08T22:30:00+00:00,2024-04-09T07:15:00+00:00,18177,0.000711,525,c167f70201c1818b344d6ea7185d505d612067cdcca276473f644d68d7f7eb2b,2026-10-04T00:25:33+00:00
GC_bbo-1m/2024/2024-04-10.dbn.zst,GC.v.0,bbo-1m,2024-04-10,2024-04-09T22:30:00+00:00,2024-04-10T07:15:00+00:00,18483,0.000711,525,2076d6808787f821096913d2c7cdd2e530f0c7c7c82835ed537a44a855e71195,2026-10-04T00:25:35+00:00
GC_bbo-1m/2024/2024-04-11.dbn.zst,GC.v.0,bbo-1m,2024-04-11,2024-04-10T22:30:00+00:00,2024-04-11T07:15:00+00:00,18544,0.000711,525,cb7a28e23ae433fb92025d7644d9f8dfb5a2c2b5c9e683d1788cb12612524e3b,2026-10-04T00:25:39+00:00
GC_bbo-1m/2024/2024-04-12.dbn.zst,GC.v.0,bbo-1m,2024-04-12,2024-04-11T22:30:00+00:00,2024-04-12T07:15:00+00:00,18983,0.000711,525,0827874d446dad95423e2d1d8bef7e181f84ab19e61235191c48e2ec8d759848,2026-10-04T00:25:39+00:00
GC_bbo-1m/2024/2024-04-15.dbn.zst,GC.v.0,bbo-1m,2024-04-15,2024-04-14T22:30:00+00:00,2024-04-15T07:15:00+00:00,18715,0.000711,525,c3ef12dd30fe3d4d936dbb699d3bac41a199499f0d01ba35348825f934cd234d,2026-10-04T00:25:38+00:00
GC_bbo-1m/2024/2024-04-16.dbn.zst,GC.v.0,bbo-1m,2024-04-16,2024-04-15T22:30:00+00:00,2024-04-16T07:15:00+00:00,18571,0.000711,525,93e37db0bbf815903b12ba7f61d64b56c68315e4d3b1d880fa662abccfe1de26,2026-10-04T00:25:36+00:00
GC_bbo-1m/2024/2024-04-17.dbn.zst,GC.v.0,bbo-1m,2024-04-17,2024-04-16T22:30:00+00:00,2024-04-17T07:15:00+00:00,18247,0.000711,525,926d7a1e264b451b49b5fcc74d1ca6169deb0f5b2f9f40abc69ec26c6200e047,2026-10-04T00:25:37+00:00
GC_bbo-1m/2024/2024-04-18.dbn.zst,GC.v.0,bbo-1m,2024-04-18,2024-04-17T22:30:00+00:00,2024-04-18T07:15:00+00:00,18395,0.000711,525,a56398e8a291614d1e9cc973ad07749085afa841090e7e67ea851550fcfef682,2026-10-04T00:25:42+00:00
GC_bbo-1m/2024/2024-04-19.dbn.zst,GC.v.0,bbo-1m,2024-04-19,2024-04-18T22:30:00+00:00,2024-04-19T07:15:00+00:00,19782,0.000711,525,8b77c90f235a8115c88ae6db6311307a50b9eaa39333f9687d35529ebcfd168b,2026-10-04T00:25:46+00:00
GC_bbo-1m/2024/2024-04-22.dbn.zst,GC.v.0,bbo-1m,2024-04-22,2024-04-21T22:30:00+00:00,2024-04-22T07:15:00+00:00,19356,0.000711,525,ca8b442e3b3e8aa8614193528c3eeab4e407ae2d9f95118c58eed15f2eed6e14,2026-10-04T00:25:41+00:00
GC_bbo-1m/2024/2024-04-23.dbn.zst,GC.v.0,bbo-1m,2024-04-23,2024-04-22T22:30:00+00:00,2024-04-23T07:15:00+00:00,19161,0.000711,525,f746b3d1cbd02c750e2fd867473febc6d434e72a3a7e2acedefb662af1e195b9,2026-10-04T00:25:44+00:00
GC_bbo-1m/2024/2024-04-24.dbn.zst,GC.v.0,bbo-1m,2024-04-24,2024-04-23T22:30:00+00:00,2024-04-24T07:15:00+00:00,18382,0.000711,525,2c1f08d3b8f9cefe1eb64c304f1feede930e825b854a2582fa35e18d015fb4b6,2026-10-04T00:25:46+00:00
GC_bbo-1m/2024/2024-04-25.dbn.zst,GC.v.0,bbo-1m,2024-04-25,2024-04-24T22:30:00+00:00,2024-04-25T07:15:00+00:00,18283,0.000711,525,aa43ae84fdb32eccbf01e0e0f774a29089d4b9e18960d9c16d663d00e7a231d2,2026-10-04T00:25:49+00:00
GC_bbo-1m/2024/2024-04-26.dbn.zst,GC.v.0,bbo-1m,2024-04-26,2024-04-25T22:30:00+00:00,2024-04-26T07:15:00+00:00,18286,0.000711,525,7438fc8975e32b191da32b6aad26ffe371aa954e8f871be25f35817404456158,2026-10-04T00:25:53+00:00
GC_bbo-1m/2024/2024-04-29.dbn.zst,GC.v.0,bbo-1m,2024-04-29,2024-04-28T22:30:00+00:00,2024-04-29T07:15:00+00:00,18453,0.000711,525,482f5c69574e08b809df20a7f3f56abc31ae026533dcd8639edaff100e72e89b,2026-10-04T00:25:46+00:00
GC_bbo-1m/2024/2024-04-30.dbn.zst,GC.v.0,bbo-1m,2024-04-30,2024-04-29T22:30:00+00:00,2024-04-30T07:15:00+00:00,18539,0.000711,525,16ac8cd31cfd8c76459e4403c63061630ab369a872d0973580a96bdea8be9dd4,2026-10-04T00:25:50+00:00
GC_bbo-1m/2024/2024-05-01.dbn.zst,GC.v.0,bbo-1m,2024-05-01,2024-04-30T22:30:00+00:00,2024-05-01T07:15:00+00:00,18149,0.000711,525,9b5dbed3a1fafb7b22dffeeeec148f1d7e6c4b10be8fa60a1d02f7cf022c321d,2026-10-04T00:25:51+00:00
GC_bbo-1m/2024/2024-05-02.dbn.zst,GC.v.0,bbo-1m,2024-05-02,2024-05-01T22:30:00+00:00,2024-05-02T07:15:00+00:00,18311,0.000711,525,e82e716cc0ecc51d75774664534f1e8a29d474ec537cc6e8c2c38006ba87dc66,2026-10-04T00:25:51+00:00
GC_bbo-1m/2024/2024-05-03.dbn.zst,GC.v.0,bbo-1m,2024-05-03,2024-05-02T22:30:00+00:00,2024-05-03T07:15:00+00:00,17892,0.000711,525,1332457fff9cbb3ac6defafef20718523eed4af1156d92e6b8350a3bca51325c,2026-10-04T00:25:52+00:00
GC_bbo-1m/2024/2024-05-06.dbn.zst,GC.v.0,bbo-1m,2024-05-06,2024-05-05T22:30:00+00:00,2024-05-06T07:15:00+00:00,18615,0.000711,525,0aa52b13c1c9087b9f11a366ddaf80027d818cd3e2591f0497a17976ae555947,2026-10-04T00:25:55+00:00
GC_bbo-1m/2024/2024-05-07.dbn.zst,GC.v.0,bbo-1m,2024-05-07,2024-05-06T22:30:00+00:00,2024-05-07T07:15:00+00:00,18210,0.000711,525,ba8e196aeeb4fb62b3397e7b883e58e52bd75507997266568a33b6cec8717a20,2026-10-04T00:25:57+00:00
GC_bbo-1m/2024/2024-05-08.dbn.zst,GC.v.0,bbo-1m,2024-05-08,2024-05-07T22:30:00+00:00,2024-05-08T07:15:00+00:00,18167,0.000709,524,dfb375c68907e9187152646aad32f531b8f633650f5d6ce4dc3e6cf4e983b178,2026-10-04T00:25:55+00:00
GC_bbo-1m/2024/2024-05-09.dbn.zst,GC.v.0,bbo-1m,2024-05-09,2024-05-08T22:30:00+00:00,2024-05-09T07:15:00+00:00,18154,0.000711,525,168a735601dc944a41fc2e4a851c05e36e029869e8b3fa8306d86e6a23990982,2026-10-04T00:25:59+00:00
GC_bbo-1m/2024/2024-05-10.dbn.zst,GC.v.0,bbo-1m,2024-05-10,2024-05-09T22:30:00+00:00,2024-05-10T07:15:00+00:00,18904,0.000711,525,e3b3610bea65dff4fce8ca9faf1c9cad6f7111c3cb54fc43185e60d845033ab9,2026-10-04T00:25:56+00:00
GC_bbo-1m/2024/2024-05-13.dbn.zst,GC.v.0,bbo-1m,2024-05-13,2024-05-12T22:30:00+00:00,2024-05-13T07:15:00+00:00,18465,0.000711,525,b7cea6b8dc526b6283c1030edb351b60ccbdf984be66fbf36a83860a833c6001,2026-10-04T00:25:56+00:00
GC_bbo-1m/2024/2024-05-14.dbn.zst,GC.v.0,bbo-1m,2024-05-14,2024-05-13T22:30:00+00:00,2024-05-14T07:15:00+00:00,18093,0.000711,525,45b8683405e18d2333fdf3406fb531681568f623dcb16653b2550f67f3826bf1,2026-10-04T00:26:02+00:00
GC_bbo-1m/2024/2024-05-15.dbn.zst,GC.v.0,bbo-1m,2024-05-15,2024-05-14T22:30:00+00:00,2024-05-15T07:15:00+00:00,17750,0.000711,525,c2070e05e0153e9fbf591c48d50d1c5ac2f70c73ea52ecf22071bdb96ea05f47,2026-10-04T00:26:11+00:00
GC_bbo-1m/2024/2024-05-16.dbn.zst,GC.v.0,bbo-1m,2024-05-16,2024-05-15T22:30:00+00:00,2024-05-16T07:15:00+00:00,18363,0.000711,525,77a08830de943a50abcc6eef901cb193a40f2b7646f611c992a840af4b0a85fb,2026-10-04T00:26:11+00:00
GC_bbo-1m/2024/2024-05-17.dbn.zst,GC.v.0,bbo-1m,2024-05-17,2024-05-16T22:30:00+00:00,2024-05-17T07:15:00+00:00,18096,0.000711,525,4167ed0a0da74325d9c9c0f63114dcb4a31f1617f4862a82fe0beb19ee0b0de2,2026-10-04T00:26:02+00:00
GC_bbo-1m/2024/2024-05-20.dbn.zst,GC.v.0,bbo-1m,2024-05-20,2024-05-19T22:30:00+00:00,2024-05-20T07:15:00+00:00,19477,0.000711,525,bb753fe868cbef189bcdd37051bacade98845e3a6ab2d086c6a57c3d4275b927,2026-10-04T00:26:01+00:00
GC_bbo-1m/2024/2024-05-21.dbn.zst,GC.v.0,bbo-1m,2024-05-21,2024-05-20T22:30:00+00:00,2024-05-21T07:15:00+00:00,18986,0.000711,525,db7e05ecfb7c81797a911a5adc20fb8fb361884caea66d59d8042050edef768f,2026-10-04T00:26:02+00:00
GC_bbo-1m/2024/2024-05-22.dbn.zst,GC.v.0,bbo-1m,2024-05-22,2024-05-21T22:30:00+00:00,2024-05-22T07:15:00+00:00,18385,0.000711,525,0e92a5fd345d4a519b71643877a3eea61789bf60d731f06313ecb50d7154cb19,2026-10-04T00:26:12+00:00
GC_bbo-1m/2024/2024-05-23.dbn.zst,GC.v.0,bbo-1m,2024-05-23,2024-05-22T22:30:00+00:00,2024-05-23T07:15:00+00:00,18978,0.000711,525,10445b1adc74b1b45e677ee1539dd9cb4c297f44ff83342672404311e3103b1c,2026-10-04T00:26:05+00:00
GC_bbo-1m/2024/2024-05-24.dbn.zst,GC.v.0,bbo-1m,2024-05-24,2024-05-23T22:30:00+00:00,2024-05-24T07:15:00+00:00,18473,0.000711,525,8a858a3bffe2944c845bac34a80635b510bbfa8e4a6aa8275b73cb7836bafe76,2026-10-04T00:26:06+00:00
GC_bbo-1m/2024/2024-05-27.dbn.zst,GC.v.0,bbo-1m,2024-05-27,2024-05-26T22:30:00+00:00,2024-05-27T07:15:00+00:00,18311,0.000711,525,7678264e26379dd2f5903dc35d8b98d5cc85e5c9a51f9c124f1f2a478abcb62c,2026-10-04T00:26:08+00:00
GC_bbo-1m/2024/2024-05-28.dbn.zst,GC.v.0,bbo-1m,2024-05-28,2024-05-27T22:30:00+00:00,2024-05-28T07:15:00+00:00,18183,0.000711,525,7569ad7a983c1807db9e490bf15142b2f7824e857f6ac13ac3a5829703807a57,2026-10-04T00:26:11+00:00
GC_bbo-1m/2024/2024-05-29.dbn.zst,GC.v.0,bbo-1m,2024-05-29,2024-05-28T22:30:00+00:00,2024-05-29T07:15:00+00:00,17723,0.000711,525,4c7f915681fd8dbf00768fb8f1889bca36911f9d86f7afb52499e3b98c4f2668,2026-10-04T00:26:10+00:00
GC_bbo-1m/2024/2024-05-30.dbn.zst,GC.v.0,bbo-1m,2024-05-30,2024-05-29T22:30:00+00:00,2024-05-30T07:15:00+00:00,14583,0.000649,479,39fbf2821f1f427aab8ba7077f8ece3cd8fd3fd4f95bcae1983ade4ff8cc4129,2026-10-04T00:26:15+00:00
GC_bbo-1m/2024/2024-05-31.dbn.zst,GC.v.0,bbo-1m,2024-05-31,2024-05-30T22:30:00+00:00,2024-05-31T07:15:00+00:00,15332,0.000595,439,a6d71609066abf6f3a4373bc7c4920d366c75ed960990b9c14a0bcaf485cbdc0,2026-10-04T00:26:13+00:00
GC_bbo-1m/2024/2024-06-03.dbn.zst,GC.v.0,bbo-1m,2024-06-03,2024-06-02T22:30:00+00:00,2024-06-03T07:15:00+00:00,18518,0.000711,525,3793c45ceaa14e38f0785a3b8f3abaa093faff49b005db53ca073e2e63853bc2,2026-10-04T00:26:16+00:00
GC_bbo-1m/2024/2024-06-04.dbn.zst,GC.v.0,bbo-1m,2024-06-04,2024-06-03T22:30:00+00:00,2024-06-04T07:15:00+00:00,17917,0.000711,525,70d4554248d3590cd7457f8fddebe126a209427638bd9d1d260fa8c1ccb355af,2026-10-04T00:26:16+00:00
GC_bbo-1m/2024/2024-06-05.dbn.zst,GC.v.0,bbo-1m,2024-06-05,2024-06-04T22:30:00+00:00,2024-06-05T07:15:00+00:00,18534,0.000711,525,346820bc68fe31f5329435b90e3f2630a7ea0027b64a52c3fd4204f250a4e30b,2026-10-04T00:26:17+00:00
GC_bbo-1m/2024/2024-06-06.dbn.zst,GC.v.0,bbo-1m,2024-06-06,2024-06-05T22:30:00+00:00,2024-06-06T07:15:00+00:00,18669,0.000711,525,98b788fe23c6543dc93ce7c0de01ee1fd977a0f6d817f7633c342099651af38e,2026-10-04T00:26:16+00:00
GC_bbo-1m/2024/2024-06-07.dbn.zst,GC.v.0,bbo-1m,2024-06-07,2024-06-06T22:30:00+00:00,2024-06-07T07:15:00+00:00,18744,0.000711,525,58eb6a293b965ea9189bc9520afc917d7466e419e0a138f79a08bcfbab294b7e,2026-10-04T00:26:19+00:00
GC_bbo-1m/2024/2024-06-10.dbn.zst,GC.v.0,bbo-1m,2024-06-10,2024-06-09T22:30:00+00:00,2024-06-10T07:15:00+00:00,18469,0.000711,525,5320f1851e2bd69218d5d8e136831e949f32c2b99a770752a78abb5085bb7a46,2026-10-04T00:26:18+00:00
GC_bbo-1m/2024/2024-06-11.dbn.zst,GC.v.0,bbo-1m,2024-06-11,2024-06-10T22:30:00+00:00,2024-06-11T07:15:00+00:00,18264,0.000711,525,5cf8c1748368d9db48d7f5503d8b0f2c9b9cbbb47902962c05a5bb00a02c00cf,2026-10-04T00:26:19+00:00
GC_bbo-1m/2024/2024-06-12.dbn.zst,GC.v.0,bbo-1m,2024-06-12,2024-06-11T22:30:00+00:00,2024-06-12T07:15:00+00:00,17653,0.000711,525,bdfc1a0e7fa9d4d697fc45373f0ae72e2bed586e430e0304d6bd530da4e7d2a4,2026-10-04T00:26:22+00:00
GC_bbo-1m/2024/2024-06-13.dbn.zst,GC.v.0,bbo-1m,2024-06-13,2024-06-12T22:30:00+00:00,2024-06-13T07:15:00+00:00,18298,0.000711,525,6ef0bffb1f83094849450c23c6337feed4a7e64e17c3691e5857d869ccd9f2bc,2026-10-04T00:26:22+00:00
GC_bbo-1m/2024/2024-06-14.dbn.zst,GC.v.0,bbo-1m,2024-06-14,2024-06-13T22:30:00+00:00,2024-06-14T07:15:00+00:00,18002,0.000711,525,ef5252687511f463d7a3fc1c1933025928120d967178fa9d2fdd809f720eba64,2026-10-04T00:26:21+00:00
GC_bbo-1m/2024/2024-06-17.dbn.zst,GC.v.0,bbo-1m,2024-06-17,2024-06-16T22:30:00+00:00,2024-06-17T07:15:00+00:00,18345,0.000711,525,bbfcfff57133a03003a136e8bb57435e4bcced28219e45957d6ed061cd4d36d6,2026-10-04T00:26:23+00:00
GC_bbo-1m/2024/2024-06-18.dbn.zst,GC.v.0,bbo-1m,2024-06-18,2024-06-17T22:30:00+00:00,2024-06-18T07:15:00+00:00,17920,0.000711,525,9a3027abfea99dcb3abe6777dd3d2270b50352ee8c77712f8c67cf6aa8539cee,2026-10-04T00:26:25+00:00
GC_bbo-1m/2024/2024-06-19.dbn.zst,GC.v.0,bbo-1m,2024-06-19,2024-06-18T22:30:00+00:00,2024-06-19T07:15:00+00:00,17309,0.000711,525,6aaf9dba1dd8773e9e8164788b778df69280cef6bfaf62a03a88e8e1d38aac23,2026-10-04T00:26:23+00:00
GC_bbo-1m/2024/2024-06-20.dbn.zst,GC.v.0,bbo-1m,2024-06-20,2024-06-19T22:30:00+00:00,2024-06-20T07:15:00+00:00,18345,0.000711,525,bbcd3bfc9a3dd4583b4bbae0024f9191144f909179716a3903cd3d10e2566b36,2026-10-04T00:26:30+00:00
GC_bbo-1m/2024/2024-06-21.dbn.zst,GC.v.0,bbo-1m,2024-06-21,2024-06-20T22:30:00+00:00,2024-06-21T07:15:00+00:00,18098,0.000711,525,8cb079cb32551d4bf267d4dea3a044802ea5858bdeafa5da8a9fff1c925e0ca8,2026-10-04T00:26:24+00:00
GC_bbo-1m/2024/2024-06-24.dbn.zst,GC.v.0,bbo-1m,2024-06-24,2024-06-23T22:30:00+00:00,2024-06-24T07:15:00+00:00,18097,0.000711,525,31ceb9c08de068537e38703edf4baa63ac6726dccdce1b175a490499422f0fa4,2026-10-04T00:26:46+00:00
GC_bbo-1m/2024/2024-06-25.dbn.zst,GC.v.0,bbo-1m,2024-06-25,2024-06-24T22:30:00+00:00,2024-06-25T07:15:00+00:00,18092,0.000711,525,b9afd3bad87fba0fa9d511641a628ef078da05828ee4ce1a367507b2ead2c1c2,2026-10-04T00:26:28+00:00
GC_bbo-1m/2024/2024-06-26.dbn.zst,GC.v.0,bbo-1m,2024-06-26,2024-06-25T22:30:00+00:00,2024-06-26T07:15:00+00:00,18260,0.000711,525,93b1c5173dc4d0ff188280193ab92bf840e0023d77e921433df1efb3f229b9e2,2026-10-04T00:26:28+00:00
GC_bbo-1m/2024/2024-06-27.dbn.zst,GC.v.0,bbo-1m,2024-06-27,2024-06-26T22:30:00+00:00,2024-06-27T07:15:00+00:00,17629,0.000711,525,c98114caa0aa70a1b3d40308574bddf2ae6d75fe7cd5c15d6c9d1fe9eebde794,2026-10-04T00:26:28+00:00
GC_bbo-1m/2024/2024-06-28.dbn.zst,GC.v.0,bbo-1m,2024-06-28,2024-06-27T22:30:00+00:00,2024-06-28T07:15:00+00:00,18123,0.000709,524,b7b58d3d2a672f7a50f7ffe679aaefde1c3cff8c441fb1eb8139f5717c74fe02,2026-10-04T00:26:32+00:00
GC_bbo-1m/2024/2024-07-01.dbn.zst,GC.v.0,bbo-1m,2024-07-01,2024-06-30T22:30:00+00:00,2024-07-01T07:15:00+00:00,18334,0.000711,525,ceb51cafda082d08ffd84d098cf844938f3c19f6c3a87853a1c15a8ec97d6f0d,2026-10-04T00:26:31+00:00
GC_bbo-1m/2024/2024-07-02.dbn.zst,GC.v.0,bbo-1m,2024-07-02,2024-07-01T22:30:00+00:00,2024-07-02T07:15:00+00:00,17955,0.000711,525,df18ddbdf7bf09d83ddc7fd815366ac210845a6cc5f77fc9e7f009fd167aaa6c,2026-10-04T00:26:30+00:00
GC_bbo-1m/2024/2024-07-03.dbn.zst,GC.v.0,bbo-1m,2024-07-03,2024-07-02T22:30:00+00:00,2024-07-03T07:15:00+00:00,18282,0.000711,525,67284e4c8cef7ebb056616d033ed1a3cf931b4e508a7c63dc71a685d96ae1bc0,2026-10-04T00:26:37+00:00
GC_bbo-1m/2024/2024-07-04.dbn.zst,GC.v.0,bbo-1m,2024-07-04,2024-07-03T22:30:00+00:00,2024-07-04T07:15:00+00:00,17968,0.000709,524,3f0dc32a02bb579bb7285de24e9116d5741d973b04cdae8311c14b373d8ef572,2026-10-04T00:26:37+00:00
GC_bbo-1m/2024/2024-07-05.dbn.zst,GC.v.0,bbo-1m,2024-07-05,2024-07-04T22:30:00+00:00,2024-07-05T07:15:00+00:00,18232,0.000709,524,7e7bbc9967a45b2d90a64e47f2a913b2a59d91fbfbc81237874984b9b5c954d4,2026-10-04T00:26:40+00:00
GC_bbo-1m/2024/2024-07-08.dbn.zst,GC.v.0,bbo-1m,2024-07-08,2024-07-07T22:30:00+00:00,2024-07-08T07:15:00+00:00,18387,0.000711,525,5e3a18fc3f044dc749bd44c05aa3bccfb28f0657ea1d66e94f68830dc297eb96,2026-10-04T00:26:34+00:00
GC_bbo-1m/2024/2024-07-09.dbn.zst,GC.v.0,bbo-1m,2024-07-09,2024-07-08T22:30:00+00:00,2024-07-09T07:15:00+00:00,18104,0.000709,524,5fe41332a9c87db9c0baed7f3721e640286820c9db4c91e5003c27e48ea25812,2026-10-04T00:26:36+00:00
GC_bbo-1m/2024/2024-07-10.dbn.zst,GC.v.0,bbo-1m,2024-07-10,2024-07-09T22:30:00+00:00,2024-07-10T07:15:00+00:00,17677,0.000711,525,7d8dff9d0c974834b067c1745f257fb5a36b7a8d813c2545495b91b30687704f,2026-10-04T00:26:37+00:00
GC_bbo-1m/2024/2024-07-11.dbn.zst,GC.v.0,bbo-1m,2024-07-11,2024-07-10T22:30:00+00:00,2024-07-11T07:15:00+00:00,18158,0.000711,525,24d31a9ceccc6f6905835914d23c5716c4308e9a359d1ca1c9f276dea4306738,2026-10-04T00:26:42+00:00
GC_bbo-1m/2024/2024-07-12.dbn.zst,GC.v.0,bbo-1m,2024-07-12,2024-07-11T22:30:00+00:00,2024-07-12T07:15:00+00:00,18445,0.000711,525,7e7e2383cbdeef77585a9a1451abfa2b47406bf09f190caf1d76706604ecacc2,2026-10-04T00:26:40+00:00
GC_bbo-1m/2024/2024-07-15.dbn.zst,GC.v.0,bbo-1m,2024-07-15,2024-07-14T22:30:00+00:00,2024-07-15T07:15:00+00:00,18326,0.000711,525,48f4c4f1a816d963ed1709ad7e5e031b4eebac922c967160846827bbe1ffbd86,2026-10-04T00:26:42+00:00
GC_bbo-1m/2024/2024-07-16.dbn.zst,GC.v.0,bbo-1m,2024-07-16,2024-07-15T22:30:00+00:00,2024-07-16T07:15:00+00:00,18599,0.000711,525,4184b7f9b3e9edc677b2ccc2114abdce584b095745a7193b7b10106a0a952b7b,2026-10-04T00:26:43+00:00
GC_bbo-1m/2024/2024-07-17.dbn.zst,GC.v.0,bbo-1m,2024-07-17,2024-07-16T22:30:00+00:00,2024-07-17T07:15:00+00:00,19043,0.000711,525,d939c93de74b8f88f7b477bafa666457bf9c78846ec3a99a2aadfa70d6f163a1,2026-10-04T00:26:42+00:00
GC_bbo-1m/2024/2024-07-18.dbn.zst,GC.v.0,bbo-1m,2024-07-18,2024-07-17T22:30:00+00:00,2024-07-18T07:15:00+00:00,18586,0.000711,525,c3274834a2fbc153c4249a07ea2196148c03a197f0ba6f95c22eebb29eb50f71,2026-10-04T00:26:46+00:00
GC_bbo-1m/2024/2024-07-19.dbn.zst,GC.v.0,bbo-1m,2024-07-19,2024-07-18T22:30:00+00:00,2024-07-19T07:15:00+00:00,19172,0.000711,525,8d068dc415168e948af1b29c73f609fe6328329b9cb6fab030e9680d135728d2,2026-10-04T00:26:48+00:00
GC_bbo-1m/2024/2024-07-22.dbn.zst,GC.v.0,bbo-1m,2024-07-22,2024-07-21T22:30:00+00:00,2024-07-22T07:15:00+00:00,18650,0.000711,525,459573eda22128c980d35d6b50abdc099b2cf6e9d260eef3d7d427a13d63b3f1,2026-10-04T00:26:48+00:00
GC_bbo-1m/2024/2024-07-23.dbn.zst,GC.v.0,bbo-1m,2024-07-23,2024-07-22T22:30:00+00:00,2024-07-23T07:15:00+00:00,18559,0.000711,525,61be928af77b6bc6cd85b5adb35b026cf5583523b0bc11a02bf29aad0a308522,2026-10-04T00:27:02+00:00
GC_bbo-1m/2024/2024-07-24.dbn.zst,GC.v.0,bbo-1m,2024-07-24,2024-07-23T22:30:00+00:00,2024-07-24T07:15:00+00:00,18284,0.000711,525,0f3bb76e3933a7a58493c148328c72c5b44c753b58e667a0956e75d59c157f6b,2026-10-04T00:26:48+00:00
GC_bbo-1m/2024/2024-07-25.dbn.zst,GC.v.0,bbo-1m,2024-07-25,2024-07-24T22:30:00+00:00,2024-07-25T07:15:00+00:00,19175,0.000711,525,505568b56b7eb56074bb48c0ee0906f46aa0561e3fecf1d744ff02b50f90a128,2026-10-04T00:26:49+00:00
GC_bbo-1m/2024/2024-07-26.dbn.zst,GC.v.0,bbo-1m,2024-07-26,2024-07-25T22:30:00+00:00,2024-07-26T07:15:00+00:00,18745,0.000711,525,5e84b81c76e268d99652f5f7be2e027e6d73835bb556d727ca0eaa3696e0ec58,2026-10-04T00:26:49+00:00
GC_bbo-1m/2024/2024-07-29.dbn.zst,GC.v.0,bbo-1m,2024-07-29,2024-07-28T22:30:00+00:00,2024-07-29T07:15:00+00:00,18078,0.000711,525,5355bb9daa70e3be34e56aa972bb8f9c453141723ab24fd4222520735c61ace5,2026-10-04T00:26:52+00:00
GC_bbo-1m/2024/2024-07-30.dbn.zst,GC.v.0,bbo-1m,2024-07-30,2024-07-29T22:30:00+00:00,2024-07-30T07:15:00+00:00,13138,0.000614,453,7b9edaac012b90cb86ad22b9e4de97ccea583c1738bbe8252390b86401cb92b3,2026-10-04T00:26:50+00:00
GC_bbo-1m/2024/2024-07-31.dbn.zst,GC.v.0,bbo-1m,2024-07-31,2024-07-30T22:30:00+00:00,2024-07-31T07:15:00+00:00,15881,0.000594,438,8f13f7f4f2273b1e5e3b477ecc1c21dce0b2c424d23ea1487261d4232c4e9bb2,2026-10-04T00:26:54+00:00
GC_bbo-1m/2024/2024-08-01.dbn.zst,GC.v.0,bbo-1m,2024-08-01,2024-07-31T22:30:00+00:00,2024-08-01T07:15:00+00:00,18581,0.000711,525,f4bba123d13034df3bfedb1d8569b8719283a250e0adec40a8dac46cfb6fac46,2026-10-04T00:26:53+00:00
GC_bbo-1m/2024/2024-08-02.dbn.zst,GC.v.0,bbo-1m,2024-08-02,2024-08-01T22:30:00+00:00,2024-08-02T07:15:00+00:00,19114,0.000711,525,6b7c17fecd2382ae31427d91f716f426df7404406dc6852ab0a03d289101e448,2026-10-04T00:26:53+00:00
GC_bbo-1m/2024/2024-08-05.dbn.zst,GC.v.0,bbo-1m,2024-08-05,2024-08-04T22:30:00+00:00,2024-08-05T07:15:00+00:00,19884,0.000711,525,a0c9e2e2328dc2492d75cf0a8ce449f9f34da3c3e08024607b127281a4186cfb,2026-10-04T00:26:55+00:00
GC_bbo-1m/2024/2024-08-06.dbn.zst,GC.v.0,bbo-1m,2024-08-06,2024-08-05T22:30:00+00:00,2024-08-06T07:15:00+00:00,19009,0.000711,525,b313020cc605c76a0d07670a234a3ead8e9c74fdacad229f1cb8c4e06cb281da,2026-10-04T00:26:54+00:00
GC_bbo-1m/2024/2024-08-07.dbn.zst,GC.v.0,bbo-1m,2024-08-07,2024-08-06T22:30:00+00:00,2024-08-07T07:15:00+00:00,18564,0.000711,525,c56f3a78ef83df4b8ae4f745c3c6687f3b3dc3834ba1815441482a2718aab293,2026-10-04T00:26:57+00:00
GC_bbo-1m/2024/2024-08-08.dbn.zst,GC.v.0,bbo-1m,2024-08-08,2024-08-07T22:30:00+00:00,2024-08-08T07:15:00+00:00,18385,0.000711,525,b8e2d6822514d48d4d62771a82c4f7affce441a3a1541b5105588a0b6be86026,2026-10-04T00:27:01+00:00
GC_bbo-1m/2024/2024-08-09.dbn.zst,GC.v.0,bbo-1m,2024-08-09,2024-08-08T22:30:00+00:00,2024-08-09T07:15:00+00:00,17960,0.000711,525,b4ffabd6448ddb3b2afa391450f4bfcac03b3877f7e6c14d41fd1e02148d14da,2026-10-04T00:26:59+00:00
GC_bbo-1m/2024/2024-08-12.dbn.zst,GC.v.0,bbo-1m,2024-08-12,2024-08-11T22:30:00+00:00,2024-08-12T07:15:00+00:00,18016,0.000711,525,3478368679cde92768dab0db79ab3443ff2f9985a375e4d5c3cdfc29917cb43c,2026-10-04T00:26:57+00:00
GC_bbo-1m/2024/2024-08-13.dbn.zst,GC.v.0,bbo-1m,2024-08-13,2024-08-12T22:30:00+00:00,2024-08-13T07:15:00+00:00,18518,0.000711,525,4922bc18b98de615c6730978efe20369c668a711a359bf7fe5de5e39d6a33386,2026-10-04T00:26:59+00:00
GC_bbo-1m/2024/2024-08-14.dbn.zst,GC.v.0,bbo-1m,2024-08-14,2024-08-13T22:30:00+00:00,2024-08-14T07:15:00+00:00,18196,0.000711,525,35055656379a5ca750182819c8a44bba652b509e373c943ee472baced01d72c2,2026-10-04T00:27:01+00:00
GC_bbo-1m/2024/2024-08-15.dbn.zst,GC.v.0,bbo-1m,2024-08-15,2024-08-14T22:30:00+00:00,2024-08-15T07:15:00+00:00,17981,0.000711,525,11fe8a5ff0e367686510e059673202b2b4ee878a48388f91d012a05c77918d09,2026-10-04T00:27:01+00:00
GC_bbo-1m/2024/2024-08-16.dbn.zst,GC.v.0,bbo-1m,2024-08-16,2024-08-15T22:30:00+00:00,2024-08-16T07:15:00+00:00,17622,0.000711,525,826ae61dbabacae600f39d9f7e2dacd1086516298440cabe586fe17f8ee68817,2026-10-04T00:27:03+00:00
GC_bbo-1m/2024/2024-08-19.dbn.zst,GC.v.0,bbo-1m,2024-08-19,2024-08-18T22:30:00+00:00,2024-08-19T07:15:00+00:00,18388,0.000711,525,35341cee48c4bd70c93e6a5c682114c4514d239c221315e7a778131bfbec9081,2026-10-04T00:27:03+00:00
GC_bbo-1m/2024/2024-08-20.dbn.zst,GC.v.0,bbo-1m,2024-08-20,2024-08-19T22:30:00+00:00,2024-08-20T07:15:00+00:00,17976,0.000711,525,37ccb2b09c19b208871649310f3f3bcc6cda344cde6052e743b6ffcac5114efe,2026-10-04T00:27:04+00:00
GC_bbo-1m/2024/2024-08-21.dbn.zst,GC.v.0,bbo-1m,2024-08-21,2024-08-20T22:30:00+00:00,2024-08-21T07:15:00+00:00,18039,0.000711,525,a50097343a9884e0b361bbc8e8376db7bb9d0390f72bc5814541a99557d443ed,2026-10-04T00:27:07+00:00
GC_bbo-1m/2024/2024-08-22.dbn.zst,GC.v.0,bbo-1m,2024-08-22,2024-08-21T22:30:00+00:00,2024-08-22T07:15:00+00:00,18396,0.000711,525,b6a40f4641f5629d6f335e2f6da28e5c41910e7084c7ae94b316e8fd43675fbc,2026-10-04T00:27:13+00:00
GC_bbo-1m/2024/2024-08-23.dbn.zst,GC.v.0,bbo-1m,2024-08-23,2024-08-22T22:30:00+00:00,2024-08-23T07:15:00+00:00,17941,0.000711,525,2811bef5adea08a391d8c0c0f99bcc2859b22be49ceffe2812ed1413cbc1c1ae,2026-10-04T00:27:08+00:00
GC_bbo-1m/2024/2024-08-26.dbn.zst,GC.v.0,bbo-1m,2024-08-26,2024-08-25T22:30:00+00:00,2024-08-26T07:15:00+00:00,17831,0.000711,525,5f63d553bdef86e8b8230bb8410d958c2df9023d77d0108873c24e01258f9b90,2026-10-04T00:27:08+00:00
GC_bbo-1m/2024/2024-08-27.dbn.zst,GC.v.0,bbo-1m,2024-08-27,2024-08-26T22:30:00+00:00,2024-08-27T07:15:00+00:00,18039,0.000711,525,68b415424ebc3b9e8d802d6b0caaf951f3e5f7f92008d35c042db52d74cc0585,2026-10-04T00:27:06+00:00
GC_bbo-1m/2024/2024-08-28.dbn.zst,GC.v.0,bbo-1m,2024-08-28,2024-08-27T22:30:00+00:00,2024-08-28T07:15:00+00:00,18745,0.000711,525,85750256561e9b4bfcbaa9d9720f02e3ce3cfedc3c90acc74ed74f295bc16572,2026-10-04T00:27:09+00:00
GC_bbo-1m/2024/2024-08-29.dbn.zst,GC.v.0,bbo-1m,2024-08-29,2024-08-28T22:30:00+00:00,2024-08-29T07:15:00+00:00,18182,0.000711,525,240c605427e556bfca9e3829833faf60390caf46a19368f9c78e04886569cce0,2026-10-04T00:27:09+00:00
GC_bbo-1m/2024/2024-08-30.dbn.zst,GC.v.0,bbo-1m,2024-08-30,2024-08-29T22:30:00+00:00,2024-08-30T07:15:00+00:00,17861,0.000711,525,bca6ce65f8cf5942202c543103b849fddba872762281dd8e9356584205693982,2026-10-04T00:27:11+00:00
GC_bbo-1m/2024/2024-09-02.dbn.zst,GC.v.0,bbo-1m,2024-09-02,2024-09-01T22:30:00+00:00,2024-09-02T07:15:00+00:00,18082,0.000711,525,eab4770fa3beb3e3e75ee48ebca59e11a5f39388771c84715445f2789f4ff80f,2026-10-04T00:27:13+00:00
GC_bbo-1m/2024/2024-09-03.dbn.zst,GC.v.0,bbo-1m,2024-09-03,2024-09-02T22:30:00+00:00,2024-09-03T07:15:00+00:00,17873,0.000711,525,dccf48407fb44a528def6f68df460b6caa35d4c81d61a11cdfd5194f204912f6,2026-10-04T00:27:14+00:00
GC_bbo-1m/2024/2024-09-04.dbn.zst,GC.v.0,bbo-1m,2024-09-04,2024-09-03T22:30:00+00:00,2024-09-04T07:15:00+00:00,17886,0.000711,525,b6f18ab583116e196b05f1412301aa7d1ca23f8daf34ffe6cfbe0147247150d9,2026-10-04T00:27:19+00:00
GC_bbo-1m/2024/2024-09-05.dbn.zst,GC.v.0,bbo-1m,2024-09-05,2024-09-04T22:30:00+00:00,2024-09-05T07:15:00+00:00,17747,0.000711,525,147e2d431abdca3c48ae789c5d8847256bce66afbda8179f40a05dc80d7f915e,2026-10-04T00:27:16+00:00
GC_bbo-1m/2024/2024-09-06.dbn.zst,GC.v.0,bbo-1m,2024-09-06,2024-09-05T22:30:00+00:00,2024-09-06T07:15:00+00:00,17465,0.000711,525,98066853cbcd5c4f8c8ca8b12e0b974cad3e92383f17886bfd1223e4b9093b13,2026-10-04T00:27:19+00:00
GC_bbo-1m/2024/2024-09-09.dbn.zst,GC.v.0,bbo-1m,2024-09-09,2024-09-08T22:30:00+00:00,2024-09-09T07:15:00+00:00,18085,0.000711,525,0069d7b2e437bc8c07ae8daeaf2e0953ea3e2821f8a2c2d42a778818a54f58df,2026-10-04T00:27:16+00:00
GC_bbo-1m/2024/2024-09-10.dbn.zst,GC.v.0,bbo-1m,2024-09-10,2024-09-09T22:30:00+00:00,2024-09-10T07:15:00+00:00,17454,0.000709,524,b1e908f8b218fdab944562ebf62ca0ef473a409b0ab42124b87fab9f67cd6f94,2026-10-04T00:27:21+00:00
GC_bbo-1m/2024/2024-09-11.dbn.zst,GC.v.0,bbo-1m,2024-09-11,2024-09-10T22:30:00+00:00,2024-09-11T07:15:00+00:00,17971,0.000711,525,97e51aa3c34e546d6d08e75f3b8a0ffe92bd9c58c8e039484864af551a74acae,2026-10-04T00:27:25+00:00
GC_bbo-1m/2024/2024-09-12.dbn.zst,GC.v.0,bbo-1m,2024-09-12,2024-09-11T22:30:00+00:00,2024-09-12T07:15:00+00:00,17716,0.000711,525,0ff8f36e8348cb305a48583c696df20b089a53842b4b2f4202b37cce656d7373,2026-10-04T00:27:18+00:00
GC_bbo-1m/2024/2024-09-13.dbn.zst,GC.v.0,bbo-1m,2024-09-13,2024-09-12T22:30:00+00:00,2024-09-13T07:15:00+00:00,18373,0.000711,525,1d7c5e93533042b5acc2cdd4710699d97899fa211d5ad784f7c255cdd3543a08,2026-10-04T00:27:23+00:00
GC_bbo-1m/2024/2024-09-16.dbn.zst,GC.v.0,bbo-1m,2024-09-16,2024-09-15T22:30:00+00:00,2024-09-16T07:15:00+00:00,17883,0.000711,525,a561ffb3b091ec4cdf114512824c1e3fc17bb26dcd07173b1d9a92c1f18c358b,2026-10-04T00:27:22+00:00
GC_bbo-1m/2024/2024-09-17.dbn.zst,GC.v.0,bbo-1m,2024-09-17,2024-09-16T22:30:00+00:00,2024-09-17T07:15:00+00:00,18158,0.000711,525,104561affb303b8c12b1fd3d4e128b510da983171f156c2d86fc3180ed3d2f1e,2026-10-04T00:27:22+00:00
GC_bbo-1m/2024/2024-09-18.dbn.zst,GC.v.0,bbo-1m,2024-09-18,2024-09-17T22:30:00+00:00,2024-09-18T07:15:00+00:00,17966,0.000711,525,ce35a9dcd085db21ff4580883204513186eb1b2f739cc629673ea7abb6bb7eda,2026-10-04T00:27:24+00:00
GC_bbo-1m/2024/2024-09-19.dbn.zst,GC.v.0,bbo-1m,2024-09-19,2024-09-18T22:30:00+00:00,2024-09-19T07:15:00+00:00,19009,0.000711,525,6e1b97db13a9a2a93280692192215e9d3eb68caa993321a019732e1c72018945,2026-10-04T00:27:26+00:00
GC_bbo-1m/2024/2024-09-20.dbn.zst,GC.v.0,bbo-1m,2024-09-20,2024-09-19T22:30:00+00:00,2024-09-20T07:15:00+00:00,18251,0.000711,525,2b75baee38424221b30ea4c056e363902b8731a963e236ec6d64d99b3cd92815,2026-10-04T00:27:28+00:00
GC_bbo-1m/2024/2024-09-23.dbn.zst,GC.v.0,bbo-1m,2024-09-23,2024-09-22T22:30:00+00:00,2024-09-23T07:15:00+00:00,18198,0.000711,525,4124e849345762b21bca437edecb7e277c66027654e4f8f13cf7d441d9f78dd3,2026-10-04T00:27:26+00:00
GC_bbo-1m/2024/2024-09-24.dbn.zst,GC.v.0,bbo-1m,2024-09-24,2024-09-23T22:30:00+00:00,2024-09-24T07:15:00+00:00,18443,0.000711,525,deeab77364cd1da34b25a2fbcb3f8bb5087f572e61ce649eb7b735f1feedaf1e,2026-10-04T00:27:29+00:00
GC_bbo-1m/2024/2024-09-25.dbn.zst,GC.v.0,bbo-1m,2024-09-25,2024-09-24T22:30:00+00:00,2024-09-25T07:15:00+00:00,18310,0.000711,525,93fc4e4240cc6f5ad984a896aa7ec6cc55980483f1895084273b6069170370c2,2026-10-04T00:27:27+00:00
GC_bbo-1m/2024/2024-09-26.dbn.zst,GC.v.0,bbo-1m,2024-09-26,2024-09-25T22:30:00+00:00,2024-09-26T07:15:00+00:00,17801,0.000711,525,013d1c107e1d20d37740a2f0f122564a415c4c5fc69bc55a0a17cd36787aa1ff,2026-10-04T00:27:28+00:00
GC_bbo-1m/2024/2024-09-27.dbn.zst,GC.v.0,bbo-1m,2024-09-27,2024-09-26T22:30:00+00:00,2024-09-27T07:15:00+00:00,18104,0.000711,525,912cfe7e9e2f0a92cfd08ecac4e24ff157f593e6b110b70c15a8fc1677b51dbd,2026-10-04T00:27:29+00:00
GC_bbo-1m/2024/2024-09-30.dbn.zst,GC.v.0,bbo-1m,2024-09-30,2024-09-29T22:30:00+00:00,2024-09-30T07:15:00+00:00,18323,0.000711,525,f9326f2092eb596a479a999151868dbee9afe912fdb58b5ed6db35257e977e05,2026-10-04T00:27:32+00:00
GC_bbo-1m/2024/2024-10-01.dbn.zst,GC.v.0,bbo-1m,2024-10-01,2024-09-30T22:30:00+00:00,2024-10-01T07:15:00+00:00,17952,0.000711,525,ee83f3e280c44346229d7a504f1b25a37fc6021700df6e3fb598c2ab9ae74c2f,2026-10-04T00:27:35+00:00
GC_bbo-1m/2024/2024-10-02.dbn.zst,GC.v.0,bbo-1m,2024-10-02,2024-10-01T22:30:00+00:00,2024-10-02T07:15:00+00:00,18059,0.000711,525,139ea406d480ccab1d6a607490e1904b045df20e35d1c91b522ebceefff52948,2026-10-04T00:27:33+00:00
GC_bbo-1m/2024/2024-10-03.dbn.zst,GC.v.0,bbo-1m,2024-10-03,2024-10-02T22:30:00+00:00,2024-10-03T07:15:00+00:00,17673,0.000711,525,7c1e19ff765262c0b65ee62a590e4d9f941c906d38fc31a75501dea8c2f1329d,2026-10-04T00:27:35+00:00
GC_bbo-1m/2024/2024-10-04.dbn.zst,GC.v.0,bbo-1m,2024-10-04,2024-10-03T22:30:00+00:00,2024-10-04T07:15:00+00:00,17850,0.000709,524,aa7ef786d5a1843efd496706e194a470dfa57a41e159d5ebe2e63bed93fe157e,2026-10-04T00:27:32+00:00
GC_bbo-1m/2024/2024-10-07.dbn.zst,GC.v.0,bbo-1m,2024-10-07,2024-10-06T22:30:00+00:00,2024-10-07T07:15:00+00:00,17907,0.000711,525,0367a029611537b84bf11858178e87482e41df05642d9cb14108ec0dba606b80,2026-10-04T00:27:36+00:00
GC_bbo-1m/2024/2024-10-08.dbn.zst,GC.v.0,bbo-1m,2024-10-08,2024-10-07T22:30:00+00:00,2024-10-08T07:15:00+00:00,18393,0.000711,525,290f06362ff968c2a40e263d6fe7eb491a5b60876aa7d957774b1943fa8a6226,2026-10-04T00:27:34+00:00
GC_bbo-1m/2024/2024-10-09.dbn.zst,GC.v.0,bbo-1m,2024-10-09,2024-10-08T22:30:00+00:00,2024-10-09T07:15:00+00:00,18145,0.000711,525,086eaafe012ad7970a4a7a365e2bc1253b57efbc6b15594631a4314535659cb3,2026-10-04T00:27:40+00:00
GC_bbo-1m/2024/2024-10-10.dbn.zst,GC.v.0,bbo-1m,2024-10-10,2024-10-09T22:30:00+00:00,2024-10-10T07:15:00+00:00,17973,0.000711,525,d37a5e28fddfb57dcc56791727d54d7afa66d8c4a8d37ede4ef147d5fc27f76d,2026-10-04T00:27:43+00:00
GC_bbo-1m/2024/2024-10-11.dbn.zst,GC.v.0,bbo-1m,2024-10-11,2024-10-10T22:30:00+00:00,2024-10-11T07:15:00+00:00,18382,0.000711,525,b8077a003442b9d8b7d1edfc41993591ece59b4b3f0175b3b9b68fb9efe339ba,2026-10-04T00:27:38+00:00
GC_bbo-1m/2024/2024-10-14.dbn.zst,GC.v.0,bbo-1m,2024-10-14,2024-10-13T22:30:00+00:00,2024-10-14T07:15:00+00:00,18460,0.000711,525,9bfb7c3e3fdc25d7fab938fd68be0649d8ee6997be1be07767134c94cca3b2b2,2026-10-04T00:27:43+00:00
GC_bbo-1m/2024/2024-10-15.dbn.zst,GC.v.0,bbo-1m,2024-10-15,2024-10-14T22:30:00+00:00,2024-10-15T07:15:00+00:00,18007,0.000711,525,64d8403157a9237b00c2a38e8be2a03e0f90eb3811257c67a0249af0dab17c86,2026-10-04T00:27:40+00:00
GC_bbo-1m/2024/2024-10-16.dbn.zst,GC.v.0,bbo-1m,2024-10-16,2024-10-15T22:30:00+00:00,2024-10-16T07:15:00+00:00,18144,0.000708,523,1103cc45433271b03ae865dcb68814aaacb900c3c51c41a00bfbb98dea344ac0,2026-10-04T00:27:41+00:00
GC_bbo-1m/2024/2024-10-17.dbn.zst,GC.v.0,bbo-1m,2024-10-17,2024-10-16T22:30:00+00:00,2024-10-17T07:15:00+00:00,18168,0.000709,524,9f388a4592971604e9afebe26f2c8eb082c451806d97b8346d9aed6f04dac106,2026-10-04T00:27:41+00:00
GC_bbo-1m/2024/2024-10-18.dbn.zst,GC.v.0,bbo-1m,2024-10-18,2024-10-17T22:30:00+00:00,2024-10-18T07:15:00+00:00,18581,0.000711,525,2539cb69ea59b7fe77f6c197b027631e275937f86eac9098431d30194dfb33a8,2026-10-04T00:27:43+00:00
GC_bbo-1m/2024/2024-10-21.dbn.zst,GC.v.0,bbo-1m,2024-10-21,2024-10-20T22:30:00+00:00,2024-10-21T07:15:00+00:00,18290,0.000711,525,054b3f79af50e0936319ae6352ed0fde94e54c2160a7cd31ed33c010fc034d28,2026-10-04T00:27:43+00:00
GC_bbo-1m/2024/2024-10-22.dbn.zst,GC.v.0,bbo-1m,2024-10-22,2024-10-21T22:30:00+00:00,2024-10-22T07:15:00+00:00,18346,0.000711,525,38d4aa759c9001c3d5bfd2751ffe46c74d78485fa2abd158cec4745280b761a9,2026-10-04T00:27:53+00:00
GC_bbo-1m/2024/2024-10-23.dbn.zst,GC.v.0,bbo-1m,2024-10-23,2024-10-22T22:30:00+00:00,2024-10-23T07:15:00+00:00,18180,0.000711,525,8603008bd06bdade870d2fe4a437c4694be9a9f10498f99e8fa7f542e89fb1ac,2026-10-04T00:27:47+00:00
GC_bbo-1m/2024/2024-10-24.dbn.zst,GC.v.0,bbo-1m,2024-10-24,2024-10-23T22:30:00+00:00,2024-10-24T07:15:00+00:00,18623,0.000711,525,b87493d18ad82673b6da226788d600b34ef7021e10a5bb0ac68ae872e81f938b,2026-10-04T00:27:48+00:00
GC_bbo-1m/2024/2024-10-25.dbn.zst,GC.v.0,bbo-1m,2024-10-25,2024-10-24T22:30:00+00:00,2024-10-25T07:15:00+00:00,18062,0.000709,524,1034afab067cae6d140986ea870ed84bdb803919b017705871d756de1c9638e8,2026-10-04T00:27:47+00:00
GC_bbo-1m/2024/2024-10-28.dbn.zst,GC.v.0,bbo-1m,2024-10-28,2024-10-27T22:30:00+00:00,2024-10-28T07:15:00+00:00,18706,0.000711,525,1c1997180f1a373a25e803ae4120f0dd8c6f52d6970a419176b5a15cc25e47da,2026-10-04T00:27:50+00:00
GC_bbo-1m/2024/2024-10-29.dbn.zst,GC.v.0,bbo-1m,2024-10-29,2024-10-28T22:30:00+00:00,2024-10-29T07:15:00+00:00,18417,0.000711,525,7b638e6038e559f1da6faa57f7b05590707d4874a2b791daa5317685c6d9561e,2026-10-04T00:27:50+00:00
GC_bbo-1m/2024/2024-10-30.dbn.zst,GC.v.0,bbo-1m,2024-10-30,2024-10-29T22:30:00+00:00,2024-10-30T07:15:00+00:00,18313,0.000711,525,4597474c7e5651968e5ee5bc2c38f0cf2a40c756814a7041d51d37f622d773de,2026-10-04T00:27:52+00:00
GC_bbo-1m/2024/2024-10-31.dbn.zst,GC.v.0,bbo-1m,2024-10-31,2024-10-30T22:30:00+00:00,2024-10-31T07:15:00+00:00,17923,0.000711,525,1e83514555d12298b4fa1a1744e3dfea3bdd692b057ba48faece0334f90a178c,2026-10-04T00:27:49+00:00
GC_bbo-1m/2024/2024-11-01.dbn.zst,GC.v.0,bbo-1m,2024-11-01,2024-10-31T22:30:00+00:00,2024-11-01T07:15:00+00:00,18109,0.000711,525,a7400c9f242bdeaf4feccba487623bd4896b646526b6f284a0fd08adb2ff333f,2026-10-04T00:27:54+00:00
GC_bbo-1m/2024/2024-11-04.dbn.zst,GC.v.0,bbo-1m,2024-11-04,2024-11-03T23:30:00+00:00,2024-11-04T08:15:00+00:00,18036,0.000711,525,63eea84d76ac86b913934c5eb5c0dddd6f8821c3cd470bdbc72d88891bbd9e62,2026-10-04T00:27:54+00:00
GC_bbo-1m/2024/2024-11-05.dbn.zst,GC.v.0,bbo-1m,2024-11-05,2024-11-04T23:30:00+00:00,2024-11-05T08:15:00+00:00,18508,0.000711,525,02708a44ff9962356570e01d2ac102ba1a812dc62ab9bb4400454ac48c8d2e33,2026-10-04T00:27:55+00:00
GC_bbo-1m/2024/2024-11-06.dbn.zst,GC.v.0,bbo-1m,2024-11-06,2024-11-05T23:30:00+00:00,2024-11-06T08:15:00+00:00,19519,0.000711,525,b3d011e1a1f351bb8eed7be91dc5d4e6b805634de1c5f9bcaf71ba761bfd3a70,2026-10-04T00:27:55+00:00
GC_bbo-1m/2024/2024-11-07.dbn.zst,GC.v.0,bbo-1m,2024-11-07,2024-11-06T23:30:00+00:00,2024-11-07T08:15:00+00:00,18826,0.000711,525,2d55c80a5a79f36b090ca5ffa7e95a7ca5f92c31e41d59f63699df49ca1b012d,2026-10-04T00:27:56+00:00
GC_bbo-1m/2024/2024-11-08.dbn.zst,GC.v.0,bbo-1m,2024-11-08,2024-11-07T23:30:00+00:00,2024-11-08T08:15:00+00:00,19135,0.000711,525,01d36e5d8514d356bedb91c723efce981cbebf2dfb8b798fec8f7c807f4f71e0,2026-10-04T00:27:57+00:00
GC_bbo-1m/2024/2024-11-11.dbn.zst,GC.v.0,bbo-1m,2024-11-11,2024-11-10T23:30:00+00:00,2024-11-11T08:15:00+00:00,18285,0.000711,525,cfd080684197a33d2bc673e61d93e6b4a639a3a105d85fe7056bd18a4c18cb0e,2026-10-04T00:27:58+00:00
GC_bbo-1m/2024/2024-11-12.dbn.zst,GC.v.0,bbo-1m,2024-11-12,2024-11-11T23:30:00+00:00,2024-11-12T08:15:00+00:00,18815,0.000711,525,8cfb785312a6eaa81d7980d06e30234a712ad4dfea74f8513b56b5109481edb2,2026-10-04T00:27:59+00:00
GC_bbo-1m/2024/2024-11-13.dbn.zst,GC.v.0,bbo-1m,2024-11-13,2024-11-12T23:30:00+00:00,2024-11-13T08:15:00+00:00,18327,0.000711,525,62b8271b0c6a2758be26e07bcb929055f6f0bd3e2445cd35352a00e6ebdb8728,2026-10-04T00:28:07+00:00
GC_bbo-1m/2024/2024-11-14.dbn.zst,GC.v.0,bbo-1m,2024-11-14,2024-11-13T23:30:00+00:00,2024-11-14T08:15:00+00:00,18940,0.000711,525,fb3e535fc23e742a9534c98304516e9ba4602e5e6237fa81afa00eab5b3388f0,2026-10-04T00:28:05+00:00
GC_bbo-1m/2024/2024-11-15.dbn.zst,GC.v.0,bbo-1m,2024-11-15,2024-11-14T23:30:00+00:00,2024-11-15T08:15:00+00:00,18349,0.000711,525,fb769af453dba4ec5a1e3e9a8d5b7347f354b2c53264c3d7670a4c9cae7fcb7e,2026-10-04T00:28:02+00:00
GC_bbo-1m/2024/2024-11-18.dbn.zst,GC.v.0,bbo-1m,2024-11-18,2024-11-17T23:30:00+00:00,2024-11-18T08:15:00+00:00,19010,0.000711,525,5ffda78fe5c7841e7b24da6f862870ae9000abf8edfb9c8c1eaf1812f7434f8f,2026-10-04T00:28:03+00:00
GC_bbo-1m/2024/2024-11-19.dbn.zst,GC.v.0,bbo-1m,2024-11-19,2024-11-18T23:30:00+00:00,2024-11-19T08:15:00+00:00,18466,0.000711,525,97ef4544f9effc242d63e6ba475f4bb6ee1db5cb0a68c96f9737e825c0fe2779,2026-10-04T00:28:02+00:00
GC_bbo-1m/2024/2024-11-20.dbn.zst,GC.v.0,bbo-1m,2024-11-20,2024-11-19T23:30:00+00:00,2024-11-20T08:15:00+00:00,18598,0.000711,525,30d4deb979107b2495fdc3f84d96dcf9d0a1566c09b18b273dc6700db9fd28b1,2026-10-04T00:28:02+00:00
GC_bbo-1m/2024/2024-11-21.dbn.zst,GC.v.0,bbo-1m,2024-11-21,2024-11-20T23:30:00+00:00,2024-11-21T08:15:00+00:00,18304,0.000711,525,bae218231b2b3e08e7e951aceca5bd139f5db7c0829efac4f883d96fc3f72161,2026-10-04T00:28:08+00:00
GC_bbo-1m/2024/2024-11-22.dbn.zst,GC.v.0,bbo-1m,2024-11-22,2024-11-21T23:30:00+00:00,2024-11-22T08:15:00+00:00,19219,0.000711,525,34f87f0370a1f2e44a1278a41cd49b44fb800667eb72c5426428e9fc06d8c229,2026-10-04T00:28:12+00:00
GC_bbo-1m/2024/2024-11-25.dbn.zst,GC.v.0,bbo-1m,2024-11-25,2024-11-24T23:30:00+00:00,2024-11-25T08:15:00+00:00,19929,0.000711,525,92083b755146285c3ef21e75c0b0a228b35bccab61e1905a0ef8f757329af409,2026-10-04T00:28:07+00:00
GC_bbo-1m/2024/2024-11-26.dbn.zst,GC.v.0,bbo-1m,2024-11-26,2024-11-25T23:30:00+00:00,2024-11-26T08:15:00+00:00,18928,0.000711,525,68019507ebffdafc3c2409274ebded2c6f34cdb1f847c4d4fd6932a672df02e9,2026-10-04T00:28:09+00:00
GC_bbo-1m/2024/2024-11-27.dbn.zst,GC.v.0,bbo-1m,2024-11-27,2024-11-26T23:30:00+00:00,2024-11-27T08:15:00+00:00,17600,0.000700,517,e8b42387356dd8d8a5ee45d1f8ba6231622d1aae6caba2d0da471e02a68d44e9,2026-10-04T00:28:12+00:00
GC_bbo-1m/2024/2024-11-28.dbn.zst,GC.v.0,bbo-1m,2024-11-28,2024-11-27T23:30:00+00:00,2024-11-28T08:15:00+00:00,3377,0.000152,113,22681b200aae8b2e11cbfeb9f1bf64dbeee37ce3d9bd47b19cfcbd236c4f4e1a,2026-10-04T00:28:10+00:00
GC_bbo-1m/2024/2024-11-29.dbn.zst,GC.v.0,bbo-1m,2024-11-29,2024-11-28T23:30:00+00:00,2024-11-29T08:15:00+00:00,17736,0.000672,496,2fbd192b8cae6499b877963b7cecf32756cf5caf6df13138c911a74311df16ae,2026-10-04T00:28:11+00:00
GC_bbo-1m/2024/2024-12-02.dbn.zst,GC.v.0,bbo-1m,2024-12-02,2024-12-01T23:30:00+00:00,2024-12-02T08:15:00+00:00,18845,0.000711,525,d6f525fc44b5e96108a8051e3d7949a860abe3e57d0c8d85fcdf8c1ddfcfb6e2,2026-10-04T00:28:13+00:00
GC_bbo-1m/2024/2024-12-03.dbn.zst,GC.v.0,bbo-1m,2024-12-03,2024-12-02T23:30:00+00:00,2024-12-03T08:15:00+00:00,18367,0.000711,525,4b4a3d8be17549f9cccbdf181d4c85390c1b15ae024e6f4d1ff5ae04a2b8a2b2,2026-10-04T00:28:15+00:00
GC_bbo-1m/2024/2024-12-04.dbn.zst,GC.v.0,bbo-1m,2024-12-04,2024-12-03T23:30:00+00:00,2024-12-04T08:15:00+00:00,18109,0.000711,525,faa901074afc2abf2a16705e5910f5b1e566cf469bf03a59fada26f0bf2027e8,2026-10-04T00:28:15+00:00
GC_bbo-1m/2024/2024-12-05.dbn.zst,GC.v.0,bbo-1m,2024-12-05,2024-12-04T23:30:00+00:00,2024-12-05T08:15:00+00:00,18006,0.000711,525,d6203315298101cc19e05da005708e8aae4edc4742d9a3df971b2903016c473b,2026-10-04T00:28:17+00:00
GC_bbo-1m/2024/2024-12-06.dbn.zst,GC.v.0,bbo-1m,2024-12-06,2024-12-05T23:30:00+00:00,2024-12-06T08:15:00+00:00,18935,0.000711,525,407f3e621aecaf70e3bc42da2b801cff2e8222b75837c0d6d4460a0c7dcdd8f0,2026-10-04T00:28:24+00:00
GC_bbo-1m/2024/2024-12-09.dbn.zst,GC.v.0,bbo-1m,2024-12-09,2024-12-08T23:30:00+00:00,2024-12-09T08:15:00+00:00,18834,0.000711,525,2003aab1bd1e8695356cc5fd154c2cd90f1cad36e8c1d005cc3110a859690030,2026-10-04T00:28:18+00:00
GC_bbo-1m/2024/2024-12-10.dbn.zst,GC.v.0,bbo-1m,2024-12-10,2024-12-09T23:30:00+00:00,2024-12-10T08:15:00+00:00,18499,0.000711,525,825711b1fb65ee861d0b12df442a29e603375aba024767b38a7c3fa4310cea28,2026-10-04T00:28:18+00:00
GC_bbo-1m/2024/2024-12-11.dbn.zst,GC.v.0,bbo-1m,2024-12-11,2024-12-10T23:30:00+00:00,2024-12-11T08:15:00+00:00,19182,0.000711,525,ed286f99080f373cb1d8f73a28a58e5c49ad01ac54ac4133d2b2d2c1883f0c38,2026-10-04T00:28:19+00:00
GC_bbo-1m/2024/2024-12-12.dbn.zst,GC.v.0,bbo-1m,2024-12-12,2024-12-11T23:30:00+00:00,2024-12-12T08:15:00+00:00,18417,0.000711,525,aa1507d13b81cf01b6182760f3ebf6d2cb32169cf19a6549beb0f721367fad8b,2026-10-04T00:28:21+00:00
GC_bbo-1m/2024/2024-12-13.dbn.zst,GC.v.0,bbo-1m,2024-12-13,2024-12-12T23:30:00+00:00,2024-12-13T08:15:00+00:00,18279,0.000711,525,814668ca01ef97406a4faa23bd04970c96b443e280987455d25ff14abbdf0c06,2026-10-04T00:28:21+00:00
GC_bbo-1m/2024/2024-12-16.dbn.zst,GC.v.0,bbo-1m,2024-12-16,2024-12-15T23:30:00+00:00,2024-12-16T08:15:00+00:00,18079,0.000711,525,df21640901ff429d821d1e1662ced547d64372071391b2cc162386c98360aea8,2026-10-04T00:28:21+00:00
GC_bbo-1m/2024/2024-12-17.dbn.zst,GC.v.0,bbo-1m,2024-12-17,2024-12-16T23:30:00+00:00,2024-12-17T08:15:00+00:00,18157,0.000711,525,1b7963273645832fbe4590cca38fb431feb6e39b269aafb34ca3b4b7220fc375,2026-10-04T00:28:34+00:00
GC_bbo-1m/2024/2024-12-18.dbn.zst,GC.v.0,bbo-1m,2024-12-18,2024-12-17T23:30:00+00:00,2024-12-18T08:15:00+00:00,18264,0.000711,525,1c9914a724d8928617a1dca765c872ea11e9b998d75572523ec79975e6729f43,2026-10-04T00:28:24+00:00
GC_bbo-1m/2024/2024-12-19.dbn.zst,GC.v.0,bbo-1m,2024-12-19,2024-12-18T23:30:00+00:00,2024-12-19T08:15:00+00:00,19560,0.000711,525,d3dbd65feb582d00675bd175e5b7fdbaf0d172109b481c86896c9266aa1d154b,2026-10-04T00:28:24+00:00
GC_bbo-1m/2024/2024-12-20.dbn.zst,GC.v.0,bbo-1m,2024-12-20,2024-12-19T23:30:00+00:00,2024-12-20T08:15:00+00:00,18607,0.000711,525,eb3ec7e5928f792b9f2c407ad2881ed227f15ec1cbee1075ce8c3b84750eb506,2026-10-04T00:28:25+00:00
GC_bbo-1m/2024/2024-12-23.dbn.zst,GC.v.0,bbo-1m,2024-12-23,2024-12-22T23:30:00+00:00,2024-12-23T08:15:00+00:00,18163,0.000711,525,cca014747ec5b7d9821492cd0210a1c5813337488a76dbb96d1d07ac602b7e4a,2026-10-04T00:28:26+00:00
GC_bbo-1m/2024/2024-12-24.dbn.zst,GC.v.0,bbo-1m,2024-12-24,2024-12-23T23:30:00+00:00,2024-12-24T08:15:00+00:00,17613,0.000711,525,123fdf57b29ab9499dde7b264fd750c0a3329cbb01cfa6bbe6bd82609df83161,2026-10-04T00:28:28+00:00
GC_bbo-1m/2024/2024-12-25.dbn.zst,GC.v.0,bbo-1m,2024-12-25,2024-12-24T23:30:00+00:00,2024-12-25T08:15:00+00:00,187,0.000001,1,6257f599587b13f01d1127b167a925559b6b42d55b31007aa32afee2e0a5145d,2026-10-04T00:28:38+00:00
GC_bbo-1m/2024/2024-12-26.dbn.zst,GC.v.0,bbo-1m,2024-12-26,2024-12-25T23:30:00+00:00,2024-12-26T08:15:00+00:00,17817,0.000711,525,7b24cbba63b445cdc40f3e349424cbd61d3b1e6896e841f57691ec5578dd1f9a,2026-10-04T00:28:32+00:00
GC_bbo-1m/2024/2024-12-27.dbn.zst,GC.v.0,bbo-1m,2024-12-27,2024-12-26T23:30:00+00:00,2024-12-27T08:15:00+00:00,17847,0.000711,525,f4257eab84caef0dbda02649b541d5d65990efbf52c568aa57ce4bc5cf07225d,2026-10-04T00:28:29+00:00
GC_bbo-1m/2024/2024-12-30.dbn.zst,GC.v.0,bbo-1m,2024-12-30,2024-12-29T23:30:00+00:00,2024-12-30T08:15:00+00:00,18073,0.000711,525,a4b54437a8a95c908bb6b5982b3a9f0e88084f7c71045508697b3c42b15779fb,2026-10-04T00:28:30+00:00
GC_bbo-1m/2024/2024-12-31.dbn.zst,GC.v.0,bbo-1m,2024-12-31,2024-12-30T23:30:00+00:00,2024-12-31T08:15:00+00:00,17740,0.000711,525,e549c50a3cf6d52e0a49692ffd339f7e9b22c038347b2feca581eee5ac58a416,2026-10-04T00:28:36+00:00
GC_bbo-1m/2025/2025-01-01.dbn.zst,GC.v.0,bbo-1m,2025-01-01,2024-12-31T23:30:00+00:00,2025-01-01T08:15:00+00:00,181,0.000001,1,df982c6356c429d14c621530131bc9d38eb4b0c11414113979e905631889f301,2026-10-04T00:28:32+00:00
GC_bbo-1m/2025/2025-01-02.dbn.zst,GC.v.0,bbo-1m,2025-01-02,2025-01-01T23:30:00+00:00,2025-01-02T08:15:00+00:00,18018,0.000711,525,663ecad38f0acdfd7bc18343781c1ab5a573320b2d0120cf371d81b369cc58ee,2026-10-04T00:28:36+00:00
GC_bbo-1m/2025/2025-01-03.dbn.zst,GC.v.0,bbo-1m,2025-01-03,2025-01-02T23:30:00+00:00,2025-01-03T08:15:00+00:00,18297,0.000711,525,bced349be64620429aa56fb3350c016b177ca1867523879288ce087cb4fbdddf,2026-10-04T00:28:37+00:00
GC_bbo-1m/2025/2025-01-06.dbn.zst,GC.v.0,bbo-1m,2025-01-06,2025-01-05T23:30:00+00:00,2025-01-06T08:15:00+00:00,18721,0.000711,525,1f111d3e4e3f1954efe3415ac1a2036660f30b22fd88b4d64b435a430b080d20,2026-10-04T00:28:35+00:00
GC_bbo-1m/2025/2025-01-07.dbn.zst,GC.v.0,bbo-1m,2025-01-07,2025-01-06T23:30:00+00:00,2025-01-07T08:15:00+00:00,18233,0.000711,525,ec3a32d400e4bebf721e43d697f36042b91b2c0d2fa7bbc03deea3a4be97c2b2,2026-10-04T00:28:36+00:00
GC_bbo-1m/2025/2025-01-08.dbn.zst,GC.v.0,bbo-1m,2025-01-08,2025-01-07T23:30:00+00:00,2025-01-08T08:15:00+00:00,17836,0.000711,525,80ea569b20febc45d57413ca6a99e832263afe9bd0b95848342a67c0c9b0ddf7,2026-10-04T00:28:37+00:00
GC_bbo-1m/2025/2025-01-09.dbn.zst,GC.v.0,bbo-1m,2025-01-09,2025-01-08T23:30:00+00:00,2025-01-09T08:15:00+00:00,18151,0.000711,525,112e47674d10543eefce13ebd5ffc512e61f65c2713a46248d51c5f2bd3415eb,2026-10-04T00:28:38+00:00
GC_bbo-1m/2025/2025-01-10.dbn.zst,GC.v.0,bbo-1m,2025-01-10,2025-01-09T23:30:00+00:00,2025-01-10T08:15:00+00:00,17960,0.000711,525,6cf92f368d4a3a2f67b3ecbfd3d29e2902f6dd57c4a116431ef72f6f678210ea,2026-10-04T00:28:41+00:00
GC_bbo-1m/2025/2025-01-13.dbn.zst,GC.v.0,bbo-1m,2025-01-13,2025-01-12T23:30:00+00:00,2025-01-13T08:15:00+00:00,18634,0.000711,525,7135afb5233cad384507dc3ea0adeac2022221315d85b4d00ffa3fb6062c3430,2026-10-04T00:28:40+00:00
GC_bbo-1m/2025/2025-01-14.dbn.zst,GC.v.0,bbo-1m,2025-01-14,2025-01-13T23:30:00+00:00,2025-01-14T08:15:00+00:00,17789,0.000711,525,2ec1c7b1ef189641bfad1f01081ac41108fd1ac4a3a441f77f3db0e5f4ddd3d1,2026-10-04T00:28:45+00:00
GC_bbo-1m/2025/2025-01-15.dbn.zst,GC.v.0,bbo-1m,2025-01-15,2025-01-14T23:30:00+00:00,2025-01-15T08:15:00+00:00,18018,0.000711,525,f24b9e33662eb39cc067edc78be2ee4eeaf6045b9fe9249d4af79ef21909bac3,2026-10-04T00:28:42+00:00
GC_bbo-1m/2025/2025-01-16.dbn.zst,GC.v.0,bbo-1m,2025-01-16,2025-01-15T23:30:00+00:00,2025-01-16T08:15:00+00:00,18368,0.000711,525,e06de625d631b783850af826046817632b4c9edcaf050dbd37332b8d9b8e52d8,2026-10-04T00:28:43+00:00
GC_bbo-1m/2025/2025-01-17.dbn.zst,GC.v.0,bbo-1m,2025-01-17,2025-01-16T23:30:00+00:00,2025-01-17T08:15:00+00:00,18005,0.000711,525,5e4e293417dbce05badf8b5394586be5298e346f855106d5f4b37e5b601c1931,2026-10-04T00:28:42+00:00
GC_bbo-1m/2025/2025-01-20.dbn.zst,GC.v.0,bbo-1m,2025-01-20,2025-01-19T23:30:00+00:00,2025-01-20T08:15:00+00:00,18654,0.000711,525,63e79f330d5f56b02b9e593aad600b72bbbf62c72111f2e71b31d34097ec4954,2026-10-04T00:28:49+00:00
GC_bbo-1m/2025/2025-01-21.dbn.zst,GC.v.0,bbo-1m,2025-01-21,2025-01-20T23:30:00+00:00,2025-01-21T08:15:00+00:00,18745,0.000711,525,b308936b9a6b9cadc031cc0b1a02cf100cef3c2fe0e86ec53e1b79d275be7f96,2026-10-04T00:28:44+00:00
GC_bbo-1m/2025/2025-01-22.dbn.zst,GC.v.0,bbo-1m,2025-01-22,2025-01-21T23:30:00+00:00,2025-01-22T08:15:00+00:00,18591,0.000711,525,2e214e3577a8a11c37fd3c6d96d79dbb260cdfb620edf2af7ffe0d382e3f24d6,2026-10-04T00:28:49+00:00
GC_bbo-1m/2025/2025-01-23.dbn.zst,GC.v.0,bbo-1m,2025-01-23,2025-01-22T23:30:00+00:00,2025-01-23T08:15:00+00:00,17647,0.000711,525,399f39e16ce0a58aee4ffaa44601b612c933cffde91b0f9daf419498f88a0807,2026-10-04T00:28:47+00:00
GC_bbo-1m/2025/2025-01-24.dbn.zst,GC.v.0,bbo-1m,2025-01-24,2025-01-23T23:30:00+00:00,2025-01-24T08:15:00+00:00,18899,0.000711,525,74c0f157bb06065b86348c9272489504457bdbf4ebea0ca2cb74a7338e56f88a,2026-10-04T00:28:48+00:00
GC_bbo-1m/2025/2025-01-27.dbn.zst,GC.v.0,bbo-1m,2025-01-27,2025-01-26T23:30:00+00:00,2025-01-27T08:15:00+00:00,18646,0.000711,525,a12d19e1562345f8708ac22a977d77f03eefac192794def7f4085a4ecc8e68a6,2026-10-04T00:28:48+00:00
GC_bbo-1m/2025/2025-01-28.dbn.zst,GC.v.0,bbo-1m,2025-01-28,2025-01-27T23:30:00+00:00,2025-01-28T08:15:00+00:00,17945,0.000711,525,d7d08dc94353a00f0940521a1a836e2f26031f5eaf726a6a3073aaa9482de934,2026-10-04T00:28:47+00:00
GC_bbo-1m/2025/2025-01-29.dbn.zst,GC.v.0,bbo-1m,2025-01-29,2025-01-28T23:30:00+00:00,2025-01-29T08:15:00+00:00,17577,0.000711,525,84316e21d09e25661a6fe48ef59c73b90e3ce38780936b569a4fbe7ccc7f02ed,2026-10-04T00:28:50+00:00
GC_bbo-1m/2025/2025-01-30.dbn.zst,GC.v.0,bbo-1m,2025-01-30,2025-01-29T23:30:00+00:00,2025-01-30T08:15:00+00:00,14780,0.000687,507,b4aafa6fff29bd1a234664a736a0150e2ba2264ea490b1cba6f05a8530b03a46,2026-10-04T00:28:50+00:00
GC_bbo-1m/2025/2025-01-31.dbn.zst,GC.v.0,bbo-1m,2025-01-31,2025-01-30T23:30:00+00:00,2025-01-31T08:15:00+00:00,17058,0.000671,495,493b2b191aa0bd6730a24b5023ea5bb616d6459d47b975eca0d64aef663f02f8,2026-10-04T00:28:55+00:00
GC_bbo-1m/2025/2025-02-03.dbn.zst,GC.v.0,bbo-1m,2025-02-03,2025-02-02T23:30:00+00:00,2025-02-03T08:15:00+00:00,19533,0.000711,525,80cf888ba99d9363d88859c0053070c1527940e6a0d174245259e26d509c849c,2026-10-04T00:28:54+00:00
GC_bbo-1m/2025/2025-02-04.dbn.zst,GC.v.0,bbo-1m,2025-02-04,2025-02-03T23:30:00+00:00,2025-02-04T08:15:00+00:00,18659,0.000711,525,c17b453eb3f09319c2526b68d7648c6b88f21a4e57a8e8482f192b3a7d272896,2026-10-04T00:28:55+00:00
GC_bbo-1m/2025/2025-02-05.dbn.zst,GC.v.0,bbo-1m,2025-02-05,2025-02-04T23:30:00+00:00,2025-02-05T08:15:00+00:00,18716,0.000711,525,21beac3763ce46a5456a41be6bc056398f8f0ca7b77b7bb2b03e9e7e6e00b83f,2026-10-04T00:28:54+00:00
GC_bbo-1m/2025/2025-02-06.dbn.zst,GC.v.0,bbo-1m,2025-02-06,2025-02-05T23:30:00+00:00,2025-02-06T08:15:00+00:00,18327,0.000711,525,0d769f71d8baa2528856ce92614488fe7c751bdf2cfa0298300413683437d011,2026-10-04T00:28:52+00:00
GC_bbo-1m/2025/2025-02-07.dbn.zst,GC.v.0,bbo-1m,2025-02-07,2025-02-06T23:30:00+00:00,2025-02-07T08:15:00+00:00,18283,0.000711,525,aff0ee8dd68fbb2977e1f4a0cc9e457ae76b2e129c026fe8e34ecf0bf25f22cc,2026-10-04T00:28:57+00:00
GC_bbo-1m/2025/2025-02-10.dbn.zst,GC.v.0,bbo-1m,2025-02-10,2025-02-09T23:30:00+00:00,2025-02-10T08:15:00+00:00,19114,0.000711,525,53abf30f3a24cf202a0f7c6a1c6b330c4ad06de3fa7c790bc0d0ed16d7f5ba0a,2026-10-04T00:28:54+00:00
GC_bbo-1m/2025/2025-02-11.dbn.zst,GC.v.0,bbo-1m,2025-02-11,2025-02-10T23:30:00+00:00,2025-02-11T08:15:00+00:00,19647,0.000711,525,ba5a73fa40790efed900cf8d4275e511c73c305bf6d4a70a4c0fcc49d3f40999,2026-10-04T00:28:57+00:00
GC_bbo-1m/2025/2025-02-12.dbn.zst,GC.v.0,bbo-1m,2025-02-12,2025-02-11T23:30:00+00:00,2025-02-12T08:15:00+00:00,18851,0.000711,525,f1daa92d31759444dae29eb20ff919d409e1337998625e598b82722de8deea48,2026-10-04T00:29:00+00:00
GC_bbo-1m/2025/2025-02-13.dbn.zst,GC.v.0,bbo-1m,2025-02-13,2025-02-12T23:30:00+00:00,2025-02-13T08:15:00+00:00,19020,0.000711,525,157167378b2a577a359093375b27224e95de790da753eb9d550991ec70737b10,2026-10-04T00:28:59+00:00
GC_bbo-1m/2025/2025-02-14.dbn.zst,GC.v.0,bbo-1m,2025-02-14,2025-02-13T23:30:00+00:00,2025-02-14T08:15:00+00:00,18447,0.000711,525,81d94e832cdf57b46ba3574ee43eaa61a348e7fdaac51e96642bcf2acf3f782f,2026-10-04T00:29:06+00:00
GC_bbo-1m/2025/2025-02-17.dbn.zst,GC.v.0,bbo-1m,2025-02-17,2025-02-16T23:30:00+00:00,2025-02-17T08:15:00+00:00,19101,0.000711,525,162f7f75f1d30c9b515d68c113c364b0f1efb0fae177ba06b09a7ba5fa90ca84,2026-10-04T00:29:00+00:00
GC_bbo-1m/2025/2025-02-18.dbn.zst,GC.v.0,bbo-1m,2025-02-18,2025-02-17T23:30:00+00:00,2025-02-18T08:15:00+00:00,18664,0.000711,525,06247f5e7e4aadbbe6e44c08df0508cf4f4625549800b08ae273482a1c98cb4d,2026-10-04T00:29:00+00:00
GC_bbo-1m/2025/2025-02-19.dbn.zst,GC.v.0,bbo-1m,2025-02-19,2025-02-18T23:30:00+00:00,2025-02-19T08:15:00+00:00,18750,0.000711,525,fbdbf4354937e6f56b7259ff8e9606cfc982906bc1de8673c76536c0af168075,2026-10-04T00:29:05+00:00
GC_bbo-1m/2025/2025-02-20.dbn.zst,GC.v.0,bbo-1m,2025-02-20,2025-02-19T23:30:00+00:00,2025-02-20T08:15:00+00:00,18758,0.000711,525,f52ee41f7930a21d3bd5138ac9db0a4b4ad860827e2ca365a9e8128cb81b57a9,2026-10-04T00:29:08+00:00
GC_bbo-1m/2025/2025-02-21.dbn.zst,GC.v.0,bbo-1m,2025-02-21,2025-02-20T23:30:00+00:00,2025-02-21T08:15:00+00:00,18932,0.000711,525,9db8d05ebd17445b96bb0a9dbc7fecb62355b9917503d4532c8585ffc208c461,2026-10-04T00:29:02+00:00
GC_bbo-1m/2025/2025-02-24.dbn.zst,GC.v.0,bbo-1m,2025-02-24,2025-02-23T23:30:00+00:00,2025-02-24T08:15:00+00:00,18799,0.000711,525,73c7aa698ea22d5d63862efed4f4d5c032d998a7ad3dd049c9f4a202ec8f26c4,2026-10-04T00:29:05+00:00
GC_bbo-1m/2025/2025-02-25.dbn.zst,GC.v.0,bbo-1m,2025-02-25,2025-02-24T23:30:00+00:00,2025-02-25T08:15:00+00:00,18827,0.000711,525,73492d2d91f385975ce61f13a7a415950d8cd1fb2afe36b0a2f691ede37899a4,2026-10-04T00:29:04+00:00
GC_bbo-1m/2025/2025-02-26.dbn.zst,GC.v.0,bbo-1m,2025-02-26,2025-02-25T23:30:00+00:00,2025-02-26T08:15:00+00:00,18801,0.000711,525,baf24d8c85a8759c6d1362999ced58a4adf80b66c32c4b8c50c52287c9ac0d91,2026-10-04T00:29:07+00:00
GC_bbo-1m/2025/2025-02-27.dbn.zst,GC.v.0,bbo-1m,2025-02-27,2025-02-26T23:30:00+00:00,2025-02-27T08:15:00+00:00,19357,0.000711,525,20965e9b36e49943dabb79df5a0f67721b2914da70ef00b66ee7589ffdac2f73,2026-10-04T00:29:06+00:00
GC_bbo-1m/2025/2025-02-28.dbn.zst,GC.v.0,bbo-1m,2025-02-28,2025-02-27T23:30:00+00:00,2025-02-28T08:15:00+00:00,18949,0.000711,525,5f3e4503bf89f12be4703b131b5b8a9da0680b2ab0bf75639decfb4b54de105d,2026-10-04T00:29:07+00:00
GC_bbo-1m/2025/2025-03-03.dbn.zst,GC.v.0,bbo-1m,2025-03-03,2025-03-02T23:30:00+00:00,2025-03-03T08:15:00+00:00,18500,0.000711,525,104f4d7d95a93ca499a5ef383ffd2600d9f89022632998e07a047fa3b2ae1ceb,2026-10-04T00:29:15+00:00
GC_bbo-1m/2025/2025-03-04.dbn.zst,GC.v.0,bbo-1m,2025-03-04,2025-03-03T23:30:00+00:00,2025-03-04T08:15:00+00:00,18640,0.000711,525,50c23ba88cf1382ef990e551b5cc297c085d2f1626c81ef5d51773f632d3ef24,2026-10-04T00:29:10+00:00
GC_bbo-1m/2025/2025-03-05.dbn.zst,GC.v.0,bbo-1m,2025-03-05,2025-03-04T23:30:00+00:00,2025-03-05T08:15:00+00:00,18767,0.000711,525,bdfb9decfb2ea18496800b9e07cd5083574c17c8c4ce8d35a356559daa5dc147,2026-10-04T00:29:18+00:00
GC_bbo-1m/2025/2025-03-06.dbn.zst,GC.v.0,bbo-1m,2025-03-06,2025-03-05T23:30:00+00:00,2025-03-06T08:15:00+00:00,18638,0.000711,525,6cbeeef01ccb5daaca9c4612deb1489d10482cc3734fe2ba031b60f06419d50a,2026-10-04T00:29:12+00:00
GC_bbo-1m/2025/2025-03-07.dbn.zst,GC.v.0,bbo-1m,2025-03-07,2025-03-06T23:30:00+00:00,2025-03-07T08:15:00+00:00,18656,0.000711,525,695373ed04f57c0cc11880d40e4406115e65e7c2fe110ac9fb2e47a67fe1e1ad,2026-10-04T00:29:39+00:00
GC_bbo-1m/2025/2025-03-10.dbn.zst,GC.v.0,bbo-1m,2025-03-10,2025-03-09T22:30:00+00:00,2025-03-10T07:15:00+00:00,18173,0.000711,525,bf8ef6924d8bb9e5a52d3e2bfcd7c65dc64c2f55d7924136f8c2bd8a4ce84098,2026-10-04T00:29:12+00:00
GC_bbo-1m/2025/2025-03-11.dbn.zst,GC.v.0,bbo-1m,2025-03-11,2025-03-10T22:30:00+00:00,2025-03-11T07:15:00+00:00,18713,0.000711,525,4ee2504845b97f95d8afe550b64b7db33434f29c0b6d40d202fef491b5c8718b,2026-10-04T00:29:15+00:00
GC_bbo-1m/2025/2025-03-12.dbn.zst,GC.v.0,bbo-1m,2025-03-12,2025-03-11T22:30:00+00:00,2025-03-12T07:15:00+00:00,18099,0.000711,525,db270cb202f6c5d6b92d289e79e653aa7d5b66de43fb83520a4ca8b0d06c22a5,2026-10-04T00:29:14+00:00
GC_bbo-1m/2025/2025-03-13.dbn.zst,GC.v.0,bbo-1m,2025-03-13,2025-03-12T22:30:00+00:00,2025-03-13T07:15:00+00:00,18283,0.000711,525,2adb8cf70fadfcf6fc56b9bbf482f460878c475a9679cd406fca32c13fc8b8c0,2026-10-04T00:29:15+00:00
GC_bbo-1m/2025/2025-03-14.dbn.zst,GC.v.0,bbo-1m,2025-03-14,2025-03-13T22:30:00+00:00,2025-03-14T07:15:00+00:00,18190,0.000711,525,4c579376f2f06da767add6a232c7dcc39d9b95b17cc144bb49e57a9243d71a41,2026-10-04T00:29:23+00:00
GC_bbo-1m/2025/2025-03-17.dbn.zst,GC.v.0,bbo-1m,2025-03-17,2025-03-16T22:30:00+00:00,2025-03-17T07:15:00+00:00,17862,0.000711,525,f8097fe7434d0bd561a486d114e9f955b56cd93b851c8d560e6022f94b75972d,2026-10-04T00:29:21+00:00
GC_bbo-1m/2025/2025-03-18.dbn.zst,GC.v.0,bbo-1m,2025-03-18,2025-03-17T22:30:00+00:00,2025-03-18T07:15:00+00:00,18449,0.000711,525,424a5ff6bf61dd7fc454b2d3e5988caf472d4360e736faac8fc37a3383acdd45,2026-10-04T00:29:20+00:00
GC_bbo-1m/2025/2025-03-19.dbn.zst,GC.v.0,bbo-1m,2025-03-19,2025-03-18T22:30:00+00:00,2025-03-19T07:15:00+00:00,18377,0.000711,525,7bc69d2bb2d2fa73d686fc5b3b72cea30dd7535fc77bf35f20c7030e802ac747,2026-10-04T00:29:21+00:00
GC_bbo-1m/2025/2025-03-20.dbn.zst,GC.v.0,bbo-1m,2025-03-20,2025-03-19T22:30:00+00:00,2025-03-20T07:15:00+00:00,18312,0.000711,525,8324cfcbf58e48b0947b6baada5331f568d67fd07db21a31a4bee1d98120d78b,2026-10-04T00:29:20+00:00
GC_bbo-1m/2025/2025-03-21.dbn.zst,GC.v.0,bbo-1m,2025-03-21,2025-03-20T22:30:00+00:00,2025-03-21T07:15:00+00:00,18584,0.000711,525,d9fbe8137c098e6fc98731514a3c59f01c5ab9e78aa6d6e38539ce1b05e32915,2026-10-04T00:29:21+00:00
GC_bbo-1m/2025/2025-03-24.dbn.zst,GC.v.0,bbo-1m,2025-03-24,2025-03-23T22:30:00+00:00,2025-03-24T07:15:00+00:00,18056,0.000711,525,fbef054d3cabae03e55b929644746d43c941482f9f4d8dd4af9534e2fa83d9ab,2026-10-04T00:29:27+00:00
GC_bbo-1m/2025/2025-03-25.dbn.zst,GC.v.0,bbo-1m,2025-03-25,2025-03-24T22:30:00+00:00,2025-03-25T07:15:00+00:00,18227,0.000711,525,b2a26b38a39f08411fbfbf87d3de070c44948877f8f54171c3950d38063869fa,2026-10-04T00:29:24+00:00
GC_bbo-1m/2025/2025-03-26.dbn.zst,GC.v.0,bbo-1m,2025-03-26,2025-03-25T22:30:00+00:00,2025-03-26T07:15:00+00:00,18194,0.000711,525,7350bbee513714bb61f22cbbf1a55b9adcaed0b79130aadde640eb7be82ce44b,2026-10-04T00:29:26+00:00
GC_bbo-1m/2025/2025-03-27.dbn.zst,GC.v.0,bbo-1m,2025-03-27,2025-03-26T22:30:00+00:00,2025-03-27T07:15:00+00:00,18723,0.000711,525,1e7b152a06ae4fbd6cf12463890e3a07326dda1d01d6b5cb8bd25c810e56cb05,2026-10-04T00:29:26+00:00
GC_bbo-1m/2025/2025-03-28.dbn.zst,GC.v.0,bbo-1m,2025-03-28,2025-03-27T22:30:00+00:00,2025-03-28T07:15:00+00:00,15751,0.000661,488,27a847dd90c43362d9f5032615cc4a88d8a6055d676e598dd841c1faaad0469f,2026-10-04T00:29:26+00:00
GC_bbo-1m/2025/2025-03-31.dbn.zst,GC.v.0,bbo-1m,2025-03-31,2025-03-30T22:30:00+00:00,2025-03-31T07:15:00+00:00,19498,0.000711,525,9ec399a462aee14d3a1ae7933983b526e2d799d9be866a5af593cf158d68e6fc,2026-10-04T00:29:27+00:00
GC_bbo-1m/2025/2025-04-01.dbn.zst,GC.v.0,bbo-1m,2025-04-01,2025-03-31T22:30:00+00:00,2025-04-01T07:15:00+00:00,19015,0.000711,525,24149f557deb62823c397359f7d37257878673e677c53021d2904b84979a1d1c,2026-10-04T00:29:30+00:00
GC_bbo-1m/2025/2025-04-02.dbn.zst,GC.v.0,bbo-1m,2025-04-02,2025-04-01T22:30:00+00:00,2025-04-02T07:15:00+00:00,18788,0.000711,525,99fdd1d00f229a5de3e7fe57357a5992fb8383ebe0a0f2d652c2f509578fe095,2026-10-04T00:29:34+00:00
GC_bbo-1m/2025/2025-04-03.dbn.zst,GC.v.0,bbo-1m,2025-04-03,2025-04-02T22:30:00+00:00,2025-04-03T07:15:00+00:00,20221,0.000711,525,66521327580abfc2f95eb1a8d60761b00ffb89cea0e5596d6f83050daa2dfbd5,2026-10-04T00:29:32+00:00
GC_bbo-1m/2025/2025-04-04.dbn.zst,GC.v.0,bbo-1m,2025-04-04,2025-04-03T22:30:00+00:00,2025-04-04T07:15:00+00:00,19255,0.000711,525,f56b64b05ad56c476c2fced18635d9c54193a6770037015771ef0bd49c247c52,2026-10-04T00:29:32+00:00
GC_bbo-1m/2025/2025-04-07.dbn.zst,GC.v.0,bbo-1m,2025-04-07,2025-04-06T22:30:00+00:00,2025-04-07T07:15:00+00:00,21178,0.000711,525,757b2f2be37b35e80bbe32d6c7215dec454eb6fa6da564da2d5daad69ba59aa7,2026-10-04T00:29:31+00:00
GC_bbo-1m/2025/2025-04-08.dbn.zst,GC.v.0,bbo-1m,2025-04-08,2025-04-07T22:30:00+00:00,2025-04-08T07:15:00+00:00,19510,0.000711,525,c2ddf40188a68f17fe1fc866018029df33452e4d2eb47a8cc623f5b5df7ef0c2,2026-10-04T00:29:35+00:00
GC_bbo-1m/2025/2025-04-09.dbn.zst,GC.v.0,bbo-1m,2025-04-09,2025-04-08T22:30:00+00:00,2025-04-09T07:15:00+00:00,20441,0.000711,525,3d2cce4d392e607a00035d1c29a7afe95e4c4c80a1d92e75bdd001b26ba62066,2026-10-04T00:29:31+00:00
GC_bbo-1m/2025/2025-04-10.dbn.zst,GC.v.0,bbo-1m,2025-04-10,2025-04-09T22:30:00+00:00,2025-04-10T07:15:00+00:00,20235,0.000711,525,4f434fa667971cd8b0e6180f1eba9e255aa033847cfe9226cf9634c060f902c7,2026-10-04T00:29:36+00:00
GC_bbo-1m/2025/2025-04-11.dbn.zst,GC.v.0,bbo-1m,2025-04-11,2025-04-10T22:30:00+00:00,2025-04-11T07:15:00+00:00,19961,0.000711,525,bb3a648b68114dce20feafae327b11a4715c856c43331fc885439f2828bace84,2026-10-04T00:29:36+00:00
GC_bbo-1m/2025/2025-04-14.dbn.zst,GC.v.0,bbo-1m,2025-04-14,2025-04-13T22:30:00+00:00,2025-04-14T07:15:00+00:00,18982,0.000711,525,667e509d6c6ee950421c678ec46a672c8ee3821bcc1753d5b1baf2d5e921feae,2026-10-04T00:29:36+00:00
GC_bbo-1m/2025/2025-04-15.dbn.zst,GC.v.0,bbo-1m,2025-04-15,2025-04-14T22:30:00+00:00,2025-04-15T07:15:00+00:00,18839,0.000711,525,06619ec2ac672e18c8d4a259579554fb6bcb32fce32465403f6e1fa38aff5161,2026-10-04T00:29:37+00:00
GC_bbo-1m/2025/2025-04-16.dbn.zst,GC.v.0,bbo-1m,2025-04-16,2025-04-15T22:30:00+00:00,2025-04-16T07:15:00+00:00,20199,0.000711,525,af07b721aa2a21126015af9d839eb4896d12819246d34911606ea5acaec4b932,2026-10-04T00:29:39+00:00
GC_bbo-1m/2025/2025-04-17.dbn.zst,GC.v.0,bbo-1m,2025-04-17,2025-04-16T22:30:00+00:00,2025-04-17T07:15:00+00:00,19563,0.000711,525,d6a90a594fd2f1dff9a45a0803d7f279dad08854e21e6d2589b6200582effa71,2026-10-04T00:29:40+00:00
GC_bbo-1m/2025/2025-04-18.dbn.zst,GC.v.0,bbo-1m,2025-04-18,2025-04-17T22:30:00+00:00,2025-04-18T07:15:00+00:00,183,0.000001,1,a0cc4f5a2f8aa351b1f00db10fc4dac6db0ac2b097c0cf932bf1c2f5f3631f64,2026-10-04T00:29:42+00:00
GC_bbo-1m/2025/2025-04-21.dbn.zst,GC.v.0,bbo-1m,2025-04-21,2025-04-20T22:30:00+00:00,2025-04-21T07:15:00+00:00,19762,0.000711,525,a31cde5c531a9bc19674c9bcae1eb89682532809c574d0365ae5e1acfc28e637,2026-10-04T00:29:42+00:00
GC_bbo-1m/2025/2025-04-22.dbn.zst,GC.v.0,bbo-1m,2025-04-22,2025-04-21T22:30:00+00:00,2025-04-22T07:15:00+00:00,20970,0.000711,525,6ad7b8746cda9e2f7e4b012fce136e267ef771c8f8e88fec365c352e08d6ad16,2026-10-04T00:29:42+00:00
GC_bbo-1m/2025/2025-04-23.dbn.zst,GC.v.0,bbo-1m,2025-04-23,2025-04-22T22:30:00+00:00,2025-04-23T07:15:00+00:00,20937,0.000711,525,060e00426594bc739ed1c728032046f7b5dcac867988472036d1d17b4e1f71ba,2026-10-04T00:29:48+00:00
GC_bbo-1m/2025/2025-04-24.dbn.zst,GC.v.0,bbo-1m,2025-04-24,2025-04-23T22:30:00+00:00,2025-04-24T07:15:00+00:00,20289,0.000711,525,1f1f51c68cfc05c7ed80e052b9c26c9d04253d0fbfff2b238c159c29969ba3fe,2026-10-04T00:29:42+00:00
GC_bbo-1m/2025/2025-04-25.dbn.zst,GC.v.0,bbo-1m,2025-04-25,2025-04-24T22:30:00+00:00,2025-04-25T07:15:00+00:00,20686,0.000711,525,36188b88444f1e689efecfbc00d5b6526c77859bf36d8c5cee07eb5ff70d337c,2026-10-04T00:29:44+00:00
GC_bbo-1m/2025/2025-04-28.dbn.zst,GC.v.0,bbo-1m,2025-04-28,2025-04-27T22:30:00+00:00,2025-04-28T07:15:00+00:00,20126,0.000711,525,8a270a93dbfe46086ce803c50342af5db7e2521b75560ce21b7f16c56d8cf8da,2026-10-04T00:29:46+00:00
GC_bbo-1m/2025/2025-04-29.dbn.zst,GC.v.0,bbo-1m,2025-04-29,2025-04-28T22:30:00+00:00,2025-04-29T07:15:00+00:00,19477,0.000711,525,aaa61182daf76e38eb52d2256f59dc84052a0ef36ff05caeac57c729703920dc,2026-10-04T00:29:50+00:00
GC_bbo-1m/2025/2025-04-30.dbn.zst,GC.v.0,bbo-1m,2025-04-30,2025-04-29T22:30:00+00:00,2025-04-30T07:15:00+00:00,19038,0.000711,525,001f50424f4c176196fdaf6da0db093b572fc79d2ff45ed447d2a6b8d0e1c143,2026-10-04T00:29:48+00:00
GC_bbo-1m/2025/2025-05-01.dbn.zst,GC.v.0,bbo-1m,2025-05-01,2025-04-30T22:30:00+00:00,2025-05-01T07:15:00+00:00,20161,0.000711,525,280af357844c9beccda97607ae441bcb976cb57d88f352817caa93614c546dda,2026-10-04T00:29:49+00:00
GC_bbo-1m/2025/2025-05-02.dbn.zst,GC.v.0,bbo-1m,2025-05-02,2025-05-01T22:30:00+00:00,2025-05-02T07:15:00+00:00,19288,0.000711,525,45b16f66e954b95a362f47a731af784701929887194a159ae8d80f9a2a73778a,2026-10-04T00:30:02+00:00
GC_bbo-1m/2025/2025-05-05.dbn.zst,GC.v.0,bbo-1m,2025-05-05,2025-05-04T22:30:00+00:00,2025-05-05T07:15:00+00:00,19593,0.000711,525,952a211f260ddd6c276568a1d6791277984727600dc45860e85499d934819051,2026-10-04T00:29:49+00:00
GC_bbo-1m/2025/2025-05-06.dbn.zst,GC.v.0,bbo-1m,2025-05-06,2025-05-05T22:30:00+00:00,2025-05-06T07:15:00+00:00,19824,0.000711,525,a89829d01e08e86ba9a97aaa21b302ffc354e95fdebd7697f5e9704f9a4cde6c,2026-10-04T00:29:52+00:00
GC_bbo-1m/2025/2025-05-07.dbn.zst,GC.v.0,bbo-1m,2025-05-07,2025-05-06T22:30:00+00:00,2025-05-07T07:15:00+00:00,19938,0.000711,525,5234eb8bb68e6a4dcf868e6219631aaa3497dfca0be3c9a8bf68780daf23d9cc,2026-10-04T00:29:51+00:00
GC_bbo-1m/2025/2025-05-08.dbn.zst,GC.v.0,bbo-1m,2025-05-08,2025-05-07T22:30:00+00:00,2025-05-08T07:15:00+00:00,20909,0.000711,525,39166923b10853beae5e2d41cc020bf401507729e2ec8f48795521331eaa67ed,2026-10-04T00:29:54+00:00
GC_bbo-1m/2025/2025-05-09.dbn.zst,GC.v.0,bbo-1m,2025-05-09,2025-05-08T22:30:00+00:00,2025-05-09T07:15:00+00:00,20211,0.000711,525,2b1154d13a6ef81abb2b5694e7dd1ac0aecb0c3ae85f369ddc0ba6f116b09566,2026-10-04T00:29:58+00:00
GC_bbo-1m/2025/2025-05-12.dbn.zst,GC.v.0,bbo-1m,2025-05-12,2025-05-11T22:30:00+00:00,2025-05-12T07:15:00+00:00,19523,0.000711,525,2c5e98bfaaceb25e26cd8ddf2d68c57f48e651e74077387a8646441359e20679,2026-10-04T00:29:57+00:00
GC_bbo-1m/2025/2025-05-13.dbn.zst,GC.v.0,bbo-1m,2025-05-13,2025-05-12T22:30:00+00:00,2025-05-13T07:15:00+00:00,19991,0.000711,525,255887530521c0295bcba27a7237f2c57dd887fbe31c62567568588bf2e5263e,2026-10-04T00:29:56+00:00
GC_bbo-1m/2025/2025-05-14.dbn.zst,GC.v.0,bbo-1m,2025-05-14,2025-05-13T22:30:00+00:00,2025-05-14T07:15:00+00:00,19570,0.000711,525,1c324f11f96d6e7c4cf016f83ad7aaec88ee8cd2c39f48834e4d3ff241227f3c,2026-10-04T00:29:56+00:00
GC_bbo-1m/2025/2025-05-15.dbn.zst,GC.v.0,bbo-1m,2025-05-15,2025-05-14T22:30:00+00:00,2025-05-15T07:15:00+00:00,20235,0.000711,525,b08f6455236b52ffa79922bbf7184b4529e694228634044bb9942f93b17c9065,2026-10-04T00:29:56+00:00
GC_bbo-1m/2025/2025-05-16.dbn.zst,GC.v.0,bbo-1m,2025-05-16,2025-05-15T22:30:00+00:00,2025-05-16T07:15:00+00:00,20028,0.000711,525,9e72c73276eadc4f02550b83d27578600211c2f53a2746228a901a822670f18a,2026-10-04T00:29:59+00:00
GC_bbo-1m/2025/2025-05-19.dbn.zst,GC.v.0,bbo-1m,2025-05-19,2025-05-18T22:30:00+00:00,2025-05-19T07:15:00+00:00,19916,0.000711,525,e7eedbfd1f7c279624237ff14fffc335ab3c2f28a0937a1338d2c67775bd7c22,2026-10-04T00:29:59+00:00
GC_bbo-1m/2025/2025-05-20.dbn.zst,GC.v.0,bbo-1m,2025-05-20,2025-05-19T22:30:00+00:00,2025-05-20T07:15:00+00:00,19311,0.000711,525,7bb593d37f3a395df80ecfe0d3e413160671ff6bf1f61977cf300406e353ca92,2026-10-04T00:30:01+00:00
GC_bbo-1m/2025/2025-05-21.dbn.zst,GC.v.0,bbo-1m,2025-05-21,2025-05-20T22:30:00+00:00,2025-05-21T07:15:00+00:00,19422,0.000711,525,e68752edce7e4185bf469b354964fc1918445fc59a2d2bf703f0bc1357156797,2026-10-04T00:30:02+00:00
GC_bbo-1m/2025/2025-05-22.dbn.zst,GC.v.0,bbo-1m,2025-05-22,2025-05-21T22:30:00+00:00,2025-05-22T07:15:00+00:00,19346,0.000711,525,6517233bb695c364a3982b20d1fe1770eb7c733571cc9b4bbc2bc3ea69c33552,2026-10-04T00:30:05+00:00
GC_bbo-1m/2025/2025-05-23.dbn.zst,GC.v.0,bbo-1m,2025-05-23,2025-05-22T22:30:00+00:00,2025-05-23T07:15:00+00:00,19736,0.000711,525,cb493b723dd4350ad22bf0f66b92b61ca0b53159fea0bdb45b6a0072ee653973,2026-10-04T00:30:02+00:00
GC_bbo-1m/2025/2025-05-26.dbn.zst,GC.v.0,bbo-1m,2025-05-26,2025-05-25T22:30:00+00:00,2025-05-26T07:15:00+00:00,19057,0.000711,525,6a7d05d50c306db3700de585cc5e36870eaf4fa0bc3a937ca33b0bceda2a81cd,2026-10-04T00:30:04+00:00
GC_bbo-1m/2025/2025-05-27.dbn.zst,GC.v.0,bbo-1m,2025-05-27,2025-05-26T22:30:00+00:00,2025-05-27T07:15:00+00:00,19685,0.000711,525,99fc926d9c34f12c205203277e149da5e108d898e2646132aa48ac7327f0120e,2026-10-04T00:30:06+00:00
GC_bbo-1m/2025/2025-05-28.dbn.zst,GC.v.0,bbo-1m,2025-05-28,2025-05-27T22:30:00+00:00,2025-05-28T07:15:00+00:00,19143,0.000711,525,09f2be3a68976504e8379c5bf8488dd594e31a1fb8039d82c5f59f15fbc79ddf,2026-10-04T00:30:03+00:00
GC_bbo-1m/2025/2025-05-29.dbn.zst,GC.v.0,bbo-1m,2025-05-29,2025-05-28T22:30:00+00:00,2025-05-29T07:15:00+00:00,15385,0.000620,457,4e810973a9e8d190ba207c34340f8eaea0a7383b1b618da8611aa2a7ad702839,2026-10-04T00:30:06+00:00
GC_bbo-1m/2025/2025-05-30.dbn.zst,GC.v.0,bbo-1m,2025-05-30,2025-05-29T22:30:00+00:00,2025-05-30T07:15:00+00:00,16480,0.000593,437,484e96c066023b6718ef65c6a3f225a2ce74b360553b272231bfb50dd64cd2c3,2026-10-04T00:30:09+00:00
GC_bbo-1m/2025/2025-06-02.dbn.zst,GC.v.0,bbo-1m,2025-06-02,2025-06-01T22:30:00+00:00,2025-06-02T07:15:00+00:00,19406,0.000711,525,d18a886b3547a45903ca539037800e41c40bfd7fe293ae28a033052887a7061f,2026-10-04T00:30:07+00:00
GC_bbo-1m/2025/2025-06-03.dbn.zst,GC.v.0,bbo-1m,2025-06-03,2025-06-02T22:30:00+00:00,2025-06-03T07:15:00+00:00,19555,0.000711,525,c43351f86fc3d6f91de09d7d041032e8fe24ec4f9856627cc8cf9e924b39ce92,2026-10-04T00:30:12+00:00
GC_bbo-1m/2025/2025-06-04.dbn.zst,GC.v.0,bbo-1m,2025-06-04,2025-06-03T22:30:00+00:00,2025-06-04T07:15:00+00:00,19084,0.000711,525,8b6bd382236cd3941d719b6c23af4f6377fc6b525c225b2330b1aee0d32e7780,2026-10-04T00:30:08+00:00
GC_bbo-1m/2025/2025-06-05.dbn.zst,GC.v.0,bbo-1m,2025-06-05,2025-06-04T22:30:00+00:00,2025-06-05T07:15:00+00:00,18937,0.000711,525,fc6f1017cdaf98e17178ffcc3b3014d39aba242ccc003593b0ad97b603aa9d47,2026-10-04T00:30:12+00:00
GC_bbo-1m/2025/2025-06-06.dbn.zst,GC.v.0,bbo-1m,2025-06-06,2025-06-05T22:30:00+00:00,2025-06-06T07:15:00+00:00,18725,0.000711,525,ac427e829b92eff39401e8e2388313c4999aa1d37577864d813b2bf052d374b0,2026-10-04T00:30:12+00:00
GC_bbo-1m/2025/2025-06-09.dbn.zst,GC.v.0,bbo-1m,2025-06-09,2025-06-08T22:30:00+00:00,2025-06-09T07:15:00+00:00,19359,0.000711,525,80298155a46d415c7f38a4d94bd683119e439369dfe8a759362619327e94360d,2026-10-04T00:30:13+00:00
GC_bbo-1m/2025/2025-06-10.dbn.zst,GC.v.0,bbo-1m,2025-06-10,2025-06-09T22:30:00+00:00,2025-06-10T07:15:00+00:00,19453,0.000711,525,6264322e625a2aa1804c5fd463f7e8fdc773e029cc90137cd7030083b7cf320b,2026-10-04T00:30:14+00:00
GC_bbo-1m/2025/2025-06-11.dbn.zst,GC.v.0,bbo-1m,2025-06-11,2025-06-10T22:30:00+00:00,2025-06-11T07:15:00+00:00,19124,0.000711,525,113106f8c81c511e7605ca95634cce7856314008db6111c6a1680b8fed8e5aee,2026-10-04T00:30:14+00:00
GC_bbo-1m/2025/2025-06-12.dbn.zst,GC.v.0,bbo-1m,2025-06-12,2025-06-11T22:30:00+00:00,2025-06-12T07:15:00+00:00,18561,0.000711,525,2e592deb2730255081c8ce25a5c7b14df5721c1124ab73ac9b0543f2ded4bf2b,2026-10-04T00:30:48+00:00
GC_bbo-1m/2025/2025-06-13.dbn.zst,GC.v.0,bbo-1m,2025-06-13,2025-06-12T22:30:00+00:00,2025-06-13T07:15:00+00:00,20149,0.000711,525,21f52439de8488ece51fd98614960b4de8cf312f108a9d8bb05eceb75e3ef954,2026-10-04T00:30:22+00:00
GC_bbo-1m/2025/2025-06-16.dbn.zst,GC.v.0,bbo-1m,2025-06-16,2025-06-15T22:30:00+00:00,2025-06-16T07:15:00+00:00,19719,0.000711,525,219330768f71b2c8285eae94091ae11f17e5c62ccbb0bda8a5d7210e448484d8,2026-10-04T00:30:19+00:00
GC_bbo-1m/2025/2025-06-17.dbn.zst,GC.v.0,bbo-1m,2025-06-17,2025-06-16T22:30:00+00:00,2025-06-17T07:15:00+00:00,19060,0.000711,525,0d91beac0912ba25c4a80d3f2d6136f3bb0d08fe127ecdbb0df1bb1fd58bb281,2026-10-04T00:30:19+00:00
GC_bbo-1m/2025/2025-06-18.dbn.zst,GC.v.0,bbo-1m,2025-06-18,2025-06-17T22:30:00+00:00,2025-06-18T07:15:00+00:00,19446,0.000711,525,ce14ceda85b5b09dc6745567656f93294e03fe70dfd28df0a9e167730e2bac28,2026-10-04T00:30:19+00:00
GC_bbo-1m/2025/2025-06-19.dbn.zst,GC.v.0,bbo-1m,2025-06-19,2025-06-18T22:30:00+00:00,2025-06-19T07:15:00+00:00,19129,0.000711,525,bbbd2f16c603ec96f562bb1fde68a036ce0dba23b8f5cad188f2b64f09a20888,2026-10-04T00:30:19+00:00
GC_bbo-1m/2025/2025-06-20.dbn.zst,GC.v.0,bbo-1m,2025-06-20,2025-06-19T22:30:00+00:00,2025-06-20T07:15:00+00:00,19306,0.000711,525,e3fcabb804ba0e17355ad8d21e991f4c92101452753183680acbf042decb4ded,2026-10-04T00:30:21+00:00
GC_bbo-1m/2025/2025-06-23.dbn.zst,GC.v.0,bbo-1m,2025-06-23,2025-06-22T22:30:00+00:00,2025-06-23T07:15:00+00:00,19361,0.000711,525,341024ecb37730d26c9c387a7698cc73ea74a4aeb7974977329c9319c41950d7,2026-10-04T00:30:22+00:00
GC_bbo-1m/2025/2025-06-24.dbn.zst,GC.v.0,bbo-1m,2025-06-24,2025-06-23T22:30:00+00:00,2025-06-24T07:15:00+00:00,19850,0.000711,525,7494c06c6540427400245ab037d10b44b8097f652959e127ea3b620bcf5530be,2026-10-04T00:30:26+00:00
GC_bbo-1m/2025/2025-06-25.dbn.zst,GC.v.0,bbo-1m,2025-06-25,2025-06-24T22:30:00+00:00,2025-06-25T07:15:00+00:00,18295,0.000711,525,37ad5654ad5743fa9d57dc8b07a7fc6094d3e21cd1e7b78fb4bcb0f1a0e9c04f,2026-10-04T00:30:24+00:00
GC_bbo-1m/2025/2025-06-26.dbn.zst,GC.v.0,bbo-1m,2025-06-26,2025-06-25T22:30:00+00:00,2025-06-26T07:15:00+00:00,18461,0.000711,525,1f72dbbcc2d077975d64a975386bd2921727c4f1593070ec02403e37ddeb5c6a,2026-10-04T00:30:32+00:00
GC_bbo-1m/2025/2025-06-27.dbn.zst,GC.v.0,bbo-1m,2025-06-27,2025-06-26T22:30:00+00:00,2025-06-27T07:15:00+00:00,19613,0.000711,525,53eaa9123cf31b8f8ce482f91be25bb1e04ed88556e04cbe568dc6df4818dc9c,2026-10-04T00:30:24+00:00
GC_bbo-1m/2025/2025-06-30.dbn.zst,GC.v.0,bbo-1m,2025-06-30,2025-06-29T22:30:00+00:00,2025-06-30T07:15:00+00:00,19300,0.000711,525,e590208d9acdfc524ac5b0d83a36057c800dbbaa1ba5f1f15909ef9631dd7cdb,2026-10-04T00:30:34+00:00
GC_bbo-1m/2025/2025-07-01.dbn.zst,GC.v.0,bbo-1m,2025-07-01,2025-06-30T22:30:00+00:00,2025-07-01T07:15:00+00:00,19180,0.000711,525,e06a8265ea1cf097819c5fc4dca30542b4ec41071275addd3834bb2dcf86bec5,2026-10-04T00:30:28+00:00
GC_bbo-1m/2025/2025-07-02.dbn.zst,GC.v.0,bbo-1m,2025-07-02,2025-07-01T22:30:00+00:00,2025-07-02T07:15:00+00:00,18553,0.000711,525,faf30ab2ef17ddb303b365973e07b1deaacfe61dda23b019cbfa9c7d09c87a21,2026-10-04T00:30:33+00:00
GC_bbo-1m/2025/2025-07-03.dbn.zst,GC.v.0,bbo-1m,2025-07-03,2025-07-02T22:30:00+00:00,2025-07-03T07:15:00+00:00,19038,0.000711,525,5e1cecefd41cf2d49874950bc2cdfe49053147b41e7a8932c15e4bbe5aa68ed7,2026-10-04T00:30:30+00:00
GC_bbo-1m/2025/2025-07-04.dbn.zst,GC.v.0,bbo-1m,2025-07-04,2025-07-03T22:30:00+00:00,2025-07-04T07:15:00+00:00,18368,0.000711,525,f88cd238e5bf4b0dcdaf675db9f0661386bc2769d0b552a2dc6d5a76bb9207f3,2026-10-04T00:30:30+00:00
GC_bbo-1m/2025/2025-07-07.dbn.zst,GC.v.0,bbo-1m,2025-07-07,2025-07-06T22:30:00+00:00,2025-07-07T07:15:00+00:00,19378,0.000711,525,96f4cfcb5a7c82ef8d6d8626a161e125c2d98ef98136ab67600fda4ba7fe0363,2026-10-04T00:30:33+00:00
GC_bbo-1m/2025/2025-07-08.dbn.zst,GC.v.0,bbo-1m,2025-07-08,2025-07-07T22:30:00+00:00,2025-07-08T07:15:00+00:00,18276,0.000711,525,ddae718a290419089b17f12d0344879443a693885e91db2be6534e670c8af0ed,2026-10-04T00:30:44+00:00
GC_bbo-1m/2025/2025-07-09.dbn.zst,GC.v.0,bbo-1m,2025-07-09,2025-07-08T22:30:00+00:00,2025-07-09T07:15:00+00:00,18787,0.000711,525,81c28e5729090101b237fdd3a877a6f3ac9fe0aa64d3095193030ef82b6d8002,2026-10-04T00:30:41+00:00
GC_bbo-1m/2025/2025-07-10.dbn.zst,GC.v.0,bbo-1m,2025-07-10,2025-07-09T22:30:00+00:00,2025-07-10T07:15:00+00:00,18319,0.000711,525,7aa2ced0b1a23e42770e3efeb394223429e8a1926dc4bc8f5fcac97374fe19df,2026-10-04T00:30:36+00:00
GC_bbo-1m/2025/2025-07-11.dbn.zst,GC.v.0,bbo-1m,2025-07-11,2025-07-10T22:30:00+00:00,2025-07-11T07:15:00+00:00,18785,0.000711,525,647ae6fa53f4d1e5a17cd2654038f58b5f13686396754ec6fa0d9377cf1e8bbe,2026-10-04T00:30:43+00:00
GC_bbo-1m/2025/2025-07-14.dbn.zst,GC.v.0,bbo-1m,2025-07-14,2025-07-13T22:30:00+00:00,2025-07-14T07:15:00+00:00,18764,0.000711,525,cc24546453e6d929fbf3c15c2c152df29f984abfe0e319a5d48903ab3e122a87,2026-10-04T00:30:40+00:00
GC_bbo-1m/2025/2025-07-15.dbn.zst,GC.v.0,bbo-1m,2025-07-15,2025-07-14T22:30:00+00:00,2025-07-15T07:15:00+00:00,18555,0.000711,525,2b575591fb20c1480455ada0b600ce529bb9957be41bd69d4d7f843eeef87bb3,2026-10-04T00:30:38+00:00
GC_bbo-1m/2025/2025-07-16.dbn.zst,GC.v.0,bbo-1m,2025-07-16,2025-07-15T22:30:00+00:00,2025-07-16T07:15:00+00:00,18437,0.000711,525,236aeb62a83e887b985932fec088b9c2d0dc4c98583b27c72cf3ee4533daab2a,2026-10-04T00:30:46+00:00
GC_bbo-1m/2025/2025-07-17.dbn.zst,GC.v.0,bbo-1m,2025-07-17,2025-07-16T22:30:00+00:00,2025-07-17T07:15:00+00:00,18690,0.000711,525,a488fd1fb84178b401fa732d5932b10a4419ea6557f50cabc736c3f95fe5f3fd,2026-10-04T00:30:41+00:00
GC_bbo-1m/2025/2025-07-18.dbn.zst,GC.v.0,bbo-1m,2025-07-18,2025-07-17T22:30:00+00:00,2025-07-18T07:15:00+00:00,18231,0.000711,525,2247731742112e083be653c22bfc4d6cc5b8334ea3c40833e1f90d85d7ff23b6,2026-10-04T00:30:46+00:00
GC_bbo-1m/2025/2025-07-21.dbn.zst,GC.v.0,bbo-1m,2025-07-21,2025-07-20T22:30:00+00:00,2025-07-21T07:15:00+00:00,18831,0.000711,525,c5f0dfe852aff55198dde93f5b8886219b8690db7a460848db74cd62b2b91a9a,2026-10-04T00:30:46+00:00
GC_bbo-1m/2025/2025-07-22.dbn.zst,GC.v.0,bbo-1m,2025-07-22,2025-07-21T22:30:00+00:00,2025-07-22T07:15:00+00:00,18411,0.000711,525,02c23335fea6f626601c569229dd546908f91fa8e668e4d8297a55b2053d2b39,2026-10-04T00:30:45+00:00
GC_bbo-1m/2025/2025-07-23.dbn.zst,GC.v.0,bbo-1m,2025-07-23,2025-07-22T22:30:00+00:00,2025-07-23T07:15:00+00:00,18656,0.000711,525,bcf89b8a46d0a7dbf13e0f41d4affc68922feac12857ae057d672cd65292477a,2026-10-04T00:30:46+00:00
GC_bbo-1m/2025/2025-07-24.dbn.zst,GC.v.0,bbo-1m,2025-07-24,2025-07-23T22:30:00+00:00,2025-07-24T07:15:00+00:00,18818,0.000711,525,99692c8bb0338f3af9b260f7875a3d8e59fffe25592755db5d7a0c4a75c29b59,2026-10-04T00:30:52+00:00
GC_bbo-1m/2025/2025-07-25.dbn.zst,GC.v.0,bbo-1m,2025-07-25,2025-07-24T22:30:00+00:00,2025-07-25T07:15:00+00:00,18360,0.000711,525,a758f3d97dcf80a6279f696b116f88a4d7dbb5305cb075bf33262588a2993df5,2026-10-04T00:30:52+00:00
GC_bbo-1m/2025/2025-07-28.dbn.zst,GC.v.0,bbo-1m,2025-07-28,2025-07-27T22:30:00+00:00,2025-07-28T07:15:00+00:00,18628,0.000711,525,c63388b5399447df48a40246204dc0adf85849b0cfe7da76d1edd39306879a1c,2026-10-04T00:30:51+00:00
GC_bbo-1m/2025/2025-07-29.dbn.zst,GC.v.0,bbo-1m,2025-07-29,2025-07-28T22:30:00+00:00,2025-07-29T07:15:00+00:00,18329,0.000711,525,2c6371f171deb340fc6af6af1d975d10a2e0fff3e96d97540d0cb4a853871ecd,2026-10-04T00:30:52+00:00
GC_bbo-1m/2025/2025-07-30.dbn.zst,GC.v.0,bbo-1m,2025-07-30,2025-07-29T22:30:00+00:00,2025-07-30T07:15:00+00:00,13348,0.000609,449,68087bcdee3731f246a7bc5cdc54b7c35f5ecf7698033fc5e522413ffca2db39,2026-10-04T00:30:54+00:00
GC_bbo-1m/2025/2025-07-31.dbn.zst,GC.v.0,bbo-1m,2025-07-31,2025-07-30T22:30:00+00:00,2025-07-31T07:15:00+00:00,15997,0.000595,439,ce882eaf6bec83cd6a594ec72bd97bdbc738deb158fe79486bae20a1a3744bce,2026-10-04T00:30:53+00:00
GC_bbo-1m/2025/2025-08-01.dbn.zst,GC.v.0,bbo-1m,2025-08-01,2025-07-31T22:30:00+00:00,2025-08-01T07:15:00+00:00,18548,0.000711,525,26098b0bef5f743ab77a47d7f1de399e2e813a76345e0e43505878926e6dc6b4,2026-10-04T00:30:53+00:00
GC_bbo-1m/2025/2025-08-04.dbn.zst,GC.v.0,bbo-1m,2025-08-04,2025-08-03T22:30:00+00:00,2025-08-04T07:15:00+00:00,18540,0.000711,525,98cea1ab710d5b8cd6adb0d604fc42a0ac4d7462ea5f091850ac2b7d32d0ee7c,2026-10-04T00:31:03+00:00
GC_bbo-1m/2025/2025-08-05.dbn.zst,GC.v.0,bbo-1m,2025-08-05,2025-08-04T22:30:00+00:00,2025-08-05T07:15:00+00:00,18319,0.000709,524,a784e71fb7cec347cf245d7e68880af82e866165dd64efc8472352d8410be2ce,2026-10-04T00:31:16+00:00
GC_bbo-1m/2025/2025-08-06.dbn.zst,GC.v.0,bbo-1m,2025-08-06,2025-08-05T22:30:00+00:00,2025-08-06T07:15:00+00:00,18299,0.000711,525,f3be2d06a42ca4015302059029aea2529d234627df7c7f1f9ad29bcdcb4ea711,2026-10-04T00:31:01+00:00
GC_bbo-1m/2025/2025-08-07.dbn.zst,GC.v.0,bbo-1m,2025-08-07,2025-08-06T22:30:00+00:00,2025-08-07T07:15:00+00:00,18902,0.000711,525,cf2b8d8e80a337fa3b38de77b245c0799c4a178435c1e87a2628644bd802bcaa,2026-10-04T00:30:58+00:00
GC_bbo-1m/2025/2025-08-08.dbn.zst,GC.v.0,bbo-1m,2025-08-08,2025-08-07T22:30:00+00:00,2025-08-08T07:15:00+00:00,19610,0.000711,525,f1348e10cfd6a585d6348b8a499020438e3fc69bd074c882b4b492b2afabedff,2026-10-04T00:30:59+00:00
GC_bbo-1m/2025/2025-08-11.dbn.zst,GC.v.0,bbo-1m,2025-08-11,2025-08-10T22:30:00+00:00,2025-08-11T07:15:00+00:00,19311,0.000711,525,f09b09711ba62fdfac8540f378f3446fb4479258ec9dfe2916dcdcc133f4ee05,2026-10-04T00:30:59+00:00
GC_bbo-1m/2025/2025-08-12.dbn.zst,GC.v.0,bbo-1m,2025-08-12,2025-08-11T22:30:00+00:00,2025-08-12T07:15:00+00:00,18523,0.000711,525,ef47315738a6e12664c4547dd26939b3d33e5a5cbca9f5facf1b5ca7647f1ccd,2026-10-04T00:30:57+00:00
GC_bbo-1m/2025/2025-08-13.dbn.zst,GC.v.0,bbo-1m,2025-08-13,2025-08-12T22:30:00+00:00,2025-08-13T07:15:00+00:00,18382,0.000711,525,d8a8cdebb12aeceff9346c1a208959eef6c39a3fe36eb0432e494af23615e70f,2026-10-04T00:31:01+00:00
GC_bbo-1m/2025/2025-08-14.dbn.zst,GC.v.0,bbo-1m,2025-08-14,2025-08-13T22:30:00+00:00,2025-08-14T07:15:00+00:00,18727,0.000711,525,3da61c8f8790b3fbaa2c016f145e5d23b0f095b82adb2d85cf3e692f755c2753,2026-10-04T00:31:03+00:00
GC_bbo-1m/2025/2025-08-15.dbn.zst,GC.v.0,bbo-1m,2025-08-15,2025-08-14T22:30:00+00:00,2025-08-15T07:15:00+00:00,18230,0.000711,525,444ea40a98101c65de1b06ffa289477bc5e0e82adce634b79b8af66090942e57,2026-10-04T00:31:05+00:00
GC_bbo-1m/2025/2025-08-18.dbn.zst,GC.v.0,bbo-1m,2025-08-18,2025-08-17T22:30:00+00:00,2025-08-18T07:15:00+00:00,19285,0.000711,525,f49c84daa94ec180d19124595aa9ff5126fb12290406af0ca50f52348bc1243e,2026-10-04T00:31:18+00:00
GC_bbo-1m/2025/2025-08-19.dbn.zst,GC.v.0,bbo-1m,2025-08-19,2025-08-18T22:30:00+00:00,2025-08-19T07:15:00+00:00,18155,0.000711,525,c8ad580e5a527ea8e7e2cfd51397e32df0b58f915086ba1e22dd221265451296,2026-10-04T00:31:06+00:00
GC_bbo-1m/2025/2025-08-20.dbn.zst,GC.v.0,bbo-1m,2025-08-20,2025-08-19T22:30:00+00:00,2025-08-20T07:15:00+00:00,18300,0.000711,525,f25f260b3a9694018d381354bcff421d54c04ea3b4d814a0776086f86eb371ef,2026-10-04T00:31:05+00:00
GC_bbo-1m/2025/2025-08-21.dbn.zst,GC.v.0,bbo-1m,2025-08-21,2025-08-20T22:30:00+00:00,2025-08-21T07:15:00+00:00,18343,0.000711,525,26357bf561f623c7e3a437dbe9069b3d46f82b707c9dea57a94c1879fd79b226,2026-10-04T00:31:08+00:00
GC_bbo-1m/2025/2025-08-22.dbn.zst,GC.v.0,bbo-1m,2025-08-22,2025-08-21T22:30:00+00:00,2025-08-22T07:15:00+00:00,18378,0.000711,525,57b273e929c7be7556bd110f164c81756765a620c02cbde6153c75bb6c19545d,2026-10-04T00:31:08+00:00
GC_bbo-1m/2025/2025-08-25.dbn.zst,GC.v.0,bbo-1m,2025-08-25,2025-08-24T22:30:00+00:00,2025-08-25T07:15:00+00:00,17898,0.000711,525,fc03c1406759f005826fe2beadcdb9dd4aca3853b45bd7845ac6ba1c673dd54f,2026-10-04T00:31:08+00:00
GC_bbo-1m/2025/2025-08-26.dbn.zst,GC.v.0,bbo-1m,2025-08-26,2025-08-25T22:30:00+00:00,2025-08-26T07:15:00+00:00,19195,0.000711,525,0e5b6dd2a62cd7c9247cd69c27a01ca37de72862505dcc1bd63631cddf473e94,2026-10-04T00:31:11+00:00
GC_bbo-1m/2025/2025-08-27.dbn.zst,GC.v.0,bbo-1m,2025-08-27,2025-08-26T22:30:00+00:00,2025-08-27T07:15:00+00:00,18522,0.000711,525,84ce9d7f3fc671361875f61aa5bfba24be5dd1baedb06d2e29a66910165844b2,2026-10-04T00:31:16+00:00
GC_bbo-1m/2025/2025-08-28.dbn.zst,GC.v.0,bbo-1m,2025-08-28,2025-08-27T22:30:00+00:00,2025-08-28T07:15:00+00:00,18206,0.000711,525,f2a31baba52868f276df7d5094a5949454b56f37cae9a2346f238d34049e0df6,2026-10-04T00:31:14+00:00
GC_bbo-1m/2025/2025-08-29.dbn.zst,GC.v.0,bbo-1m,2025-08-29,2025-08-28T22:30:00+00:00,2025-08-29T07:15:00+00:00,18019,0.000711,525,05e66ab7ab760ec9aa724fbdaebbd400124d7610709de8118096ce7db3bbfb1e,2026-10-04T00:31:13+00:00
GC_bbo-1m/2025/2025-09-01.dbn.zst,GC.v.0,bbo-1m,2025-09-01,2025-08-31T22:30:00+00:00,2025-09-01T07:15:00+00:00,19613,0.000711,525,603b96fdead1534bd9db81c434132cdb75d2d4df2a11f6eedf4ac3f96bd62946,2026-10-04T00:31:19+00:00
GC_bbo-1m/2025/2025-09-02.dbn.zst,GC.v.0,bbo-1m,2025-09-02,2025-09-01T22:30:00+00:00,2025-09-02T07:15:00+00:00,19193,0.000711,525,19486da7dc79473fa31eccfac089755dc9762ea42d864248d87236223b286367,2026-10-04T00:31:14+00:00
GC_bbo-1m/2025/2025-09-03.dbn.zst,GC.v.0,bbo-1m,2025-09-03,2025-09-02T22:30:00+00:00,2025-09-03T07:15:00+00:00,18833,0.000711,525,4fc16f4761541843b849eb5da89cbfbb23b1eeeb7dd23789833396b7059468f3,2026-10-04T00:31:19+00:00
GC_bbo-1m/2025/2025-09-04.dbn.zst,GC.v.0,bbo-1m,2025-09-04,2025-09-03T22:30:00+00:00,2025-09-04T07:15:00+00:00,19841,0.000711,525,35c89627d4a0ce8c2b023fcb240d1934c7ea421e6464f21c7385f7bb040a57b7,2026-10-04T00:31:19+00:00
GC_bbo-1m/2025/2025-09-05.dbn.zst,GC.v.0,bbo-1m,2025-09-05,2025-09-04T22:30:00+00:00,2025-09-05T07:15:00+00:00,18725,0.000711,525,37f1b63d2158e4bcf674401f87815b820bc7b73ed404e12fa4f4794ffb2a8178,2026-10-04T00:31:19+00:00
GC_bbo-1m/2025/2025-09-08.dbn.zst,GC.v.0,bbo-1m,2025-09-08,2025-09-07T22:30:00+00:00,2025-09-08T07:15:00+00:00,18798,0.000711,525,2a1dd365bf2f3ba554e5c0f8dd90f9f030a0d27020b546027cf5b4acda89245d,2026-10-04T00:31:18+00:00
GC_bbo-1m/2025/2025-09-09.dbn.zst,GC.v.0,bbo-1m,2025-09-09,2025-09-08T22:30:00+00:00,2025-09-09T07:15:00+00:00,19509,0.000711,525,ac69e7a2ee173b8777e0dbd88c6f93f24f1da2f1be65450dca2ce2d445824abc,2026-10-04T00:31:24+00:00
GC_bbo-1m/2025/2025-09-10.dbn.zst,GC.v.0,bbo-1m,2025-09-10,2025-09-09T22:30:00+00:00,2025-09-10T07:15:00+00:00,19392,0.000711,525,9157f72519dded21cc8cd23d2c79b7cf331b1a99c6ec2b577c158103a5fb08b9,2026-10-04T00:31:29+00:00
GC_bbo-1m/2025/2025-09-11.dbn.zst,GC.v.0,bbo-1m,2025-09-11,2025-09-10T22:30:00+00:00,2025-09-11T07:15:00+00:00,19103,0.000711,525,059539373431e90cc1e76f60f866f452dd3ac8c45c02aa59c1e101ad7e2f836c,2026-10-04T00:35:42+00:00
GC_bbo-1m/2025/2025-09-12.dbn.zst,GC.v.0,bbo-1m,2025-09-12,2025-09-11T22:30:00+00:00,2025-09-12T07:15:00+00:00,19029,0.000711,525,4432f814f919d07196cdaa2d50a40960acfc21dd8647f848f5922488646d4ebd,2026-10-04T00:35:47+00:00
GC_bbo-1m/2025/2025-09-15.dbn.zst,GC.v.0,bbo-1m,2025-09-15,2025-09-14T22:30:00+00:00,2025-09-15T07:15:00+00:00,18801,0.000711,525,5a97ac035f83a07fe903d583e0882ded76cb71460134e303952a21863d6216a4,2026-10-04T00:35:43+00:00
GC_bbo-1m/2025/2025-09-16.dbn.zst,GC.v.0,bbo-1m,2025-09-16,2025-09-15T22:30:00+00:00,2025-09-16T07:15:00+00:00,18601,0.000711,525,ba3546044ec381c59091f22253a2e483d16fcde690c1bb8ffe1bf4b68cfdf363,2026-10-04T00:35:46+00:00
GC_bbo-1m/2025/2025-09-17.dbn.zst,GC.v.0,bbo-1m,2025-09-17,2025-09-16T22:30:00+00:00,2025-09-17T07:15:00+00:00,18979,0.000711,525,9c200ac83c902b79dc658456740be3f23d8f2f9d24a5a80b9db5fd1074511430,2026-10-04T00:35:49+00:00
GC_bbo-1m/2025/2025-09-18.dbn.zst,GC.v.0,bbo-1m,2025-09-18,2025-09-17T22:30:00+00:00,2025-09-18T07:15:00+00:00,19497,0.000711,525,9a354f5748373c116364b1294436cb881f3345f1c79d94a5bb3654fe180bfd34,2026-10-04T00:35:47+00:00
GC_bbo-1m/2025/2025-09-19.dbn.zst,GC.v.0,bbo-1m,2025-09-19,2025-09-18T22:30:00+00:00,2025-09-19T07:15:00+00:00,19240,0.000711,525,68069d56f74d0e132018b59cf8586e46b4e4ce2982542d16a79fc86cdd2e8edc,2026-10-04T00:35:49+00:00
GC_bbo-1m/2025/2025-09-22.dbn.zst,GC.v.0,bbo-1m,2025-09-22,2025-09-21T22:30:00+00:00,2025-09-22T07:15:00+00:00,19127,0.000711,525,f2bda2ec96ec2a09d4249c4c7cb84045e03d894e846f92bfb5661834cf7828bd,2026-10-04T00:35:52+00:00
GC_bbo-1m/2025/2025-09-23.dbn.zst,GC.v.0,bbo-1m,2025-09-23,2025-09-22T22:30:00+00:00,2025-09-23T07:15:00+00:00,19077,0.000711,525,b63a432fa6a2cd207e3483ee20c1ceb6ff7a152e805bea3062d7dfc76910115b,2026-10-04T00:35:54+00:00
GC_bbo-1m/2025/2025-09-24.dbn.zst,GC.v.0,bbo-1m,2025-09-24,2025-09-23T22:30:00+00:00,2025-09-24T07:15:00+00:00,19417,0.000711,525,200790ac1ecc0ba63c5447475c7e18087c71c9195a274840c6559be35419e4d4,2026-10-04T00:35:52+00:00
GC_bbo-1m/2025/2025-09-25.dbn.zst,GC.v.0,bbo-1m,2025-09-25,2025-09-24T22:30:00+00:00,2025-09-25T07:15:00+00:00,19076,0.000711,525,b889f884228a063831a1a221909d1138874bde0ee54ed3e5aef86d9486cbe0b3,2026-10-04T00:35:52+00:00
GC_bbo-1m/2025/2025-09-26.dbn.zst,GC.v.0,bbo-1m,2025-09-26,2025-09-25T22:30:00+00:00,2025-09-26T07:15:00+00:00,18928,0.000711,525,dd92d610446913ad4510bb365c9870763403d1dc80e5518e4c8baada47eaaf2f,2026-10-04T00:35:53+00:00
GC_bbo-1m/2025/2025-09-29.dbn.zst,GC.v.0,bbo-1m,2025-09-29,2025-09-28T22:30:00+00:00,2025-09-29T07:15:00+00:00,20223,0.000711,525,90b4910eecd8f2aab41eacd179289f95c15f10ada62dfc47439e24daeb935737,2026-10-04T00:36:03+00:00
GC_bbo-1m/2025/2025-09-30.dbn.zst,GC.v.0,bbo-1m,2025-09-30,2025-09-29T22:30:00+00:00,2025-09-30T07:15:00+00:00,19849,0.000711,525,cd1ee550293699f991b64cbd4697770786675b324edef5aaa3ea8004d06ed9d0,2026-10-04T00:35:56+00:00
GC_bbo-1m/2025/2025-10-01.dbn.zst,GC.v.0,bbo-1m,2025-10-01,2025-09-30T22:30:00+00:00,2025-10-01T07:15:00+00:00,18736,0.000711,525,cf90e203efbcb0fa7a66edb8cdbe297baf9b24fdd05e769d87c8dd80726e40c4,2026-10-04T00:36:02+00:00
GC_bbo-1m/2025/2025-10-02.dbn.zst,GC.v.0,bbo-1m,2025-10-02,2025-10-01T22:30:00+00:00,2025-10-02T07:15:00+00:00,18760,0.000121,525,047fa150c162e4caebbc3b422b6baa32a21e859bbce67fdd7d16e96b91965a34,2026-10-04T00:35:57+00:00
GC_bbo-1m/2025/2025-10-03.dbn.zst,GC.v.0,bbo-1m,2025-10-03,2025-10-02T22:30:00+00:00,2025-10-03T07:15:00+00:00,19224,0.000000,525,14c242ff8f0c608f3c3e7e0ce8b508e0043c0ba1abf0b7905d7f1c5a3430038f,2026-10-04T00:35:56+00:00
GC_bbo-1m/2025/2025-10-06.dbn.zst,GC.v.0,bbo-1m,2025-10-06,2025-10-05T22:30:00+00:00,2025-10-06T07:15:00+00:00,20106,0.000000,525,76b60c43515b742ca9e342d41ac8fc9ecb0118f3d01b59176f807446d41152bf,2026-10-04T00:36:08+00:00
GC_bbo-1m/2025/2025-10-07.dbn.zst,GC.v.0,bbo-1m,2025-10-07,2025-10-06T22:30:00+00:00,2025-10-07T07:15:00+00:00,19394,0.000000,525,db6eb56e6966845ffbed1a6384dbd2d8b8f47074c2d3b629f21771ddb743ab13,2026-10-04T00:36:04+00:00
GC_bbo-1m/2025/2025-10-08.dbn.zst,GC.v.0,bbo-1m,2025-10-08,2025-10-07T22:30:00+00:00,2025-10-08T07:15:00+00:00,20229,0.000000,525,9f28ca230ea7a175c2a4c9bb068342ba8abf2946b867e3ce88a2fd5abad57e08,2026-10-04T00:36:00+00:00
GC_bbo-1m/2025/2025-10-09.dbn.zst,GC.v.0,bbo-1m,2025-10-09,2025-10-08T22:30:00+00:00,2025-10-09T07:15:00+00:00,20068,0.000000,525,0254fb58233455afcbf522b1e3baa956ee5aa1f69d52d8bfd093cd1e729e2663,2026-10-04T00:36:09+00:00
GC_bbo-1m/2025/2025-10-10.dbn.zst,GC.v.0,bbo-1m,2025-10-10,2025-10-09T22:30:00+00:00,2025-10-10T07:15:00+00:00,20078,0.000000,525,e22e9e5394160b5cf1923e51ccd6760eea53a2fc7ab4f87ad662716da3651d81,2026-10-04T00:36:03+00:00
GC_bbo-1m/2025/2025-10-13.dbn.zst,GC.v.0,bbo-1m,2025-10-13,2025-10-12T22:30:00+00:00,2025-10-13T07:15:00+00:00,20090,0.000000,525,c5cd06db7caed8a8636c37f9fd84d082b33b59dde32bf82808734e8a39426150,2026-10-04T00:36:04+00:00
GC_bbo-1m/2025/2025-10-14.dbn.zst,GC.v.0,bbo-1m,2025-10-14,2025-10-13T22:30:00+00:00,2025-10-14T07:15:00+00:00,21159,0.000000,525,0a7b914a7814637f9b17ba7aac6e6c35941cc2e83c17035add55862b5e9a18f6,2026-10-04T00:36:07+00:00
GC_bbo-1m/2025/2025-10-15.dbn.zst,GC.v.0,bbo-1m,2025-10-15,2025-10-14T22:30:00+00:00,2025-10-15T07:15:00+00:00,20076,0.000000,525,9d04d2af56982cab0ddc93dec8bda827124a1424f2150c23b6007a6a5199c95e,2026-10-04T00:36:08+00:00
GC_bbo-1m/2025/2025-10-16.dbn.zst,GC.v.0,bbo-1m,2025-10-16,2025-10-15T22:30:00+00:00,2025-10-16T07:15:00+00:00,20137,0.000000,525,c20fbbf66fd5359b14727d0c4c850039820b1475e26eaa311bcb9a9f13c7103e,2026-10-04T00:36:13+00:00
GC_bbo-1m/2025/2025-10-17.dbn.zst,GC.v.0,bbo-1m,2025-10-17,2025-10-16T22:30:00+00:00,2025-10-17T07:15:00+00:00,20919,0.000000,525,382c61c6cb1759e129283941853bd6a0f7e108650d0fae704803b55fbf2cb07c,2026-10-04T00:36:09+00:00
GC_bbo-1m/2025/2025-10-20.dbn.zst,GC.v.0,bbo-1m,2025-10-20,2025-10-19T22:30:00+00:00,2025-10-20T07:15:00+00:00,20580,0.000000,525,75cbb5bb172746a3ff8df8f5e3aa3f3b42ce01e5bd84d3bb7e4c521e2007574c,2026-10-04T00:36:10+00:00
GC_bbo-1m/2025/2025-10-21.dbn.zst,GC.v.0,bbo-1m,2025-10-21,2025-10-20T22:30:00+00:00,2025-10-21T07:15:00+00:00,20139,0.000000,525,d1214e19d4fcc5c6d5d7ba467ffae35a95a1fe01e33639ad01f35d9ae94f3e70,2026-10-04T00:36:11+00:00
GC_bbo-1m/2025/2025-10-22.dbn.zst,GC.v.0,bbo-1m,2025-10-22,2025-10-21T22:30:00+00:00,2025-10-22T07:15:00+00:00,21473,0.000000,525,11a6dbe4749c0b6a3451fd4b7ae3616dee78a8fe42b941753a802b40bbdbd892,2026-10-04T00:36:17+00:00
GC_bbo-1m/2025/2025-10-23.dbn.zst,GC.v.0,bbo-1m,2025-10-23,2025-10-22T22:30:00+00:00,2025-10-23T07:15:00+00:00,20451,0.000000,525,3746512f1d776acec1a335dac90219409544a0a91bc851c071db19051beda1c1,2026-10-04T00:36:13+00:00
GC_bbo-1m/2025/2025-10-24.dbn.zst,GC.v.0,bbo-1m,2025-10-24,2025-10-23T22:30:00+00:00,2025-10-24T07:15:00+00:00,20174,0.000000,525,5b39daf8bb1e8c46e2007426f39788f077263632b2861e6cf6887515df2aa170,2026-10-04T00:36:13+00:00
GC_bbo-1m/2025/2025-10-27.dbn.zst,GC.v.0,bbo-1m,2025-10-27,2025-10-26T22:30:00+00:00,2025-10-27T07:15:00+00:00,20227,0.000000,525,c10b4606be80e8bda642972f0a0932bb872140aa7ab2c8845a45271168372e2b,2026-10-04T00:36:16+00:00
GC_bbo-1m/2025/2025-10-28.dbn.zst,GC.v.0,bbo-1m,2025-10-28,2025-10-27T22:30:00+00:00,2025-10-28T07:15:00+00:00,20900,0.000000,525,c6d5355b7988626ac96226d0eccda5908de4f8c33e13531ec2a8526c6bbffa98,2026-10-04T00:36:17+00:00
GC_bbo-1m/2025/2025-10-29.dbn.zst,GC.v.0,bbo-1m,2025-10-29,2025-10-28T22:30:00+00:00,2025-10-29T07:15:00+00:00,20418,0.000000,525,def79f3df1813e7c8cddf464b85ff31e444a60a4aaaf874180a7cbd28f174f37,2026-10-04T00:36:15+00:00
GC_bbo-1m/2025/2025-10-30.dbn.zst,GC.v.0,bbo-1m,2025-10-30,2025-10-29T22:30:00+00:00,2025-10-30T07:15:00+00:00,20982,0.000000,525,25869893c336a7c5b36009520b0e0b1cf999f84275485e96465101f87c5f3dd7,2026-10-04T00:36:17+00:00
GC_bbo-1m/2025/2025-10-31.dbn.zst,GC.v.0,bbo-1m,2025-10-31,2025-10-30T22:30:00+00:00,2025-10-31T07:15:00+00:00,20320,0.000000,525,11987eabd02dbc33a1dcdab54b6a34415ccf36ed6d88bb4e2ff2ccb6bc284721,2026-10-04T00:36:23+00:00
GC_bbo-1m/2025/2025-11-03.dbn.zst,GC.v.0,bbo-1m,2025-11-03,2025-11-02T23:30:00+00:00,2025-11-03T08:15:00+00:00,20416,0.000000,525,94aef5689d68ad6892341851ea268367f86270378759684630fd77ef17959d2e,2026-10-04T00:36:20+00:00
GC_bbo-1m/2025/2025-11-04.dbn.zst,GC.v.0,bbo-1m,2025-11-04,2025-11-03T23:30:00+00:00,2025-11-04T08:15:00+00:00,19839,0.000000,525,a052be650c696b284c2599441657ff299d925f04bae06be7379a988f7eece68b,2026-10-04T00:36:24+00:00
GC_bbo-1m/2025/2025-11-05.dbn.zst,GC.v.0,bbo-1m,2025-11-05,2025-11-04T23:30:00+00:00,2025-11-05T08:15:00+00:00,20133,0.000000,525,01538b87884fde77a626754a04e8f88dd4c8e87586ea4d8104655ff9f15fe9e8,2026-10-04T00:36:31+00:00
GC_bbo-1m/2025/2025-11-06.dbn.zst,GC.v.0,bbo-1m,2025-11-06,2025-11-05T23:30:00+00:00,2025-11-06T08:15:00+00:00,19372,0.000000,525,05c3149c274c353d37e22646038491193a89d9ef8402a6b6d3b9b2f5fd653e78,2026-10-04T00:36:24+00:00
GC_bbo-1m/2025/2025-11-07.dbn.zst,GC.v.0,bbo-1m,2025-11-07,2025-11-06T23:30:00+00:00,2025-11-07T08:15:00+00:00,19387,0.000000,525,cc5ed1c343139bc891790ab58a6aecd6daafcbabdf149676dde0e5f38f38d1c1,2026-10-04T00:36:27+00:00
GC_bbo-1m/2025/2025-11-10.dbn.zst,GC.v.0,bbo-1m,2025-11-10,2025-11-09T23:30:00+00:00,2025-11-10T08:15:00+00:00,20511,0.000000,525,34027f9e1fe7152aab5163a448fca4892693698831819a6023929fdce7f03c56,2026-10-04T00:36:24+00:00
GC_bbo-1m/2025/2025-11-11.dbn.zst,GC.v.0,bbo-1m,2025-11-11,2025-11-10T23:30:00+00:00,2025-11-11T08:15:00+00:00,19480,0.000000,525,86f0b9bedad691ecaf23f2673895a2e8d9e9445ff93e2a957531e6532934a52c,2026-10-04T00:36:24+00:00
GC_bbo-1m/2025/2025-11-12.dbn.zst,GC.v.0,bbo-1m,2025-11-12,2025-11-11T23:30:00+00:00,2025-11-12T08:15:00+00:00,19888,0.000000,525,5fde8d0d087d169ec08c5c2f018e021674e954ad0c27fa497e828099416b6e15,2026-10-04T00:36:29+00:00
GC_bbo-1m/2025/2025-11-13.dbn.zst,GC.v.0,bbo-1m,2025-11-13,2025-11-12T23:30:00+00:00,2025-11-13T08:15:00+00:00,20063,0.000000,525,bc5eb98a8eb230ddf3a152b42145ea97d54e09ca44ccae17aff924936470bef9,2026-10-04T00:36:32+00:00
GC_bbo-1m/2025/2025-11-14.dbn.zst,GC.v.0,bbo-1m,2025-11-14,2025-11-13T23:30:00+00:00,2025-11-14T08:15:00+00:00,20491,0.000000,525,fd3d09f68678c4f3886445d7e97f78bf9239b601b6e6991379fae7c1721eb19d,2026-10-04T00:36:29+00:00
GC_bbo-1m/2025/2025-11-17.dbn.zst,GC.v.0,bbo-1m,2025-11-17,2025-11-16T23:30:00+00:00,2025-11-17T08:15:00+00:00,20410,0.000000,525,8f6804acc1abb6b9cd2ad85646b557b328c286afee04cb9a961404f27d464a6e,2026-10-04T00:36:31+00:00
GC_bbo-1m/2025/2025-11-18.dbn.zst,GC.v.0,bbo-1m,2025-11-18,2025-11-17T23:30:00+00:00,2025-11-18T08:15:00+00:00,20361,0.000000,525,33ba56075ec1af3d28a4526d86df12c35ba51f616f191f293af2c759fb5413ab,2026-10-04T00:36:30+00:00
GC_bbo-1m/2025/2025-11-19.dbn.zst,GC.v.0,bbo-1m,2025-11-19,2025-11-18T23:30:00+00:00,2025-11-19T08:15:00+00:00,19735,0.000000,525,73b4d0b75993b3c0d2f3d0a98ca22707724f385650b070a78cbf5a6f362781ad,2026-10-04T00:36:30+00:00
GC_bbo-1m/2025/2025-11-20.dbn.zst,GC.v.0,bbo-1m,2025-11-20,2025-11-19T23:30:00+00:00,2025-11-20T08:15:00+00:00,20588,0.000000,525,94e1aba82a695e05e4c74bc964364deb87dc5d4beb13798497ed26735bc573a6,2026-10-04T00:36:32+00:00
GC_bbo-1m/2025/2025-11-21.dbn.zst,GC.v.0,bbo-1m,2025-11-21,2025-11-20T23:30:00+00:00,2025-11-21T08:15:00+00:00,20450,0.000000,525,0fbcf5b77136a66ec048fbcdf64da23672d7c10f9723741b4b85f08423b117f3,2026-10-04T00:36:37+00:00
GC_bbo-1m/2025/2025-11-24.dbn.zst,GC.v.0,bbo-1m,2025-11-24,2025-11-23T23:30:00+00:00,2025-11-24T08:15:00+00:00,19613,0.000000,525,613885884f1651e693e5f9b787b4baa8119b1697a39d84d226a59cb91168fee0,2026-10-04T00:36:34+00:00
GC_bbo-1m/2025/2025-11-25.dbn.zst,GC.v.0,bbo-1m,2025-11-25,2025-11-24T23:30:00+00:00,2025-11-25T08:15:00+00:00,19652,0.000000,525,d6246dfd7cf321afc2d3029df75c9fe1fd70895cf618172f2e1b087bc76cfc66,2026-10-04T00:36:35+00:00
GC_bbo-1m/2025/2025-11-26.dbn.zst,GC.v.0,bbo-1m,2025-11-26,2025-11-25T23:30:00+00:00,2025-11-26T08:15:00+00:00,13725,0.000000,435,67d7d60004c10fd46ad189bb127fef44c099154fae89cd9aa9d7e77b7700e5da,2026-10-04T00:36:36+00:00
GC_bbo-1m/2025/2025-11-27.dbn.zst,GC.v.0,bbo-1m,2025-11-27,2025-11-26T23:30:00+00:00,2025-11-27T08:15:00+00:00,18398,0.000000,499,9f5e2a614bef20a18e175f8897123d4dc0195481497234e5bdfaf80303c91d3a,2026-10-04T00:36:38+00:00
GC_bbo-1m/2025/2025-11-28.dbn.zst,GC.v.0,bbo-1m,2025-11-28,2025-11-27T23:30:00+00:00,2025-11-28T08:15:00+00:00,7960,0.000000,200,3b5804ef1a76facda7bf1a991ac18917083b02e8f8474dce6b3613b3000ebb94,2026-10-04T00:36:37+00:00
GC_bbo-1m/2025/2025-12-01.dbn.zst,GC.v.0,bbo-1m,2025-12-01,2025-11-30T23:30:00+00:00,2025-12-01T08:15:00+00:00,20023,0.000000,525,7e7575c689363a27d247cd3b43074c824a3357aac6fbcc33b461dba44acc2362,2026-10-04T00:36:38+00:00
GC_bbo-1m/2025/2025-12-02.dbn.zst,GC.v.0,bbo-1m,2025-12-02,2025-12-01T23:30:00+00:00,2025-12-02T08:15:00+00:00,19504,0.000000,525,bb943850e091bf01ef279011e8dfb4730c19a7a951c235de1ff65de8113e53e9,2026-10-04T00:36:38+00:00
GC_bbo-1m/2025/2025-12-03.dbn.zst,GC.v.0,bbo-1m,2025-12-03,2025-12-02T23:30:00+00:00,2025-12-03T08:15:00+00:00,19310,0.000000,525,71592f9ece9c0f963c41647ad2a5c1ce05ebbfb79a9c77bd3ad4bb62a1e2ff8c,2026-10-04T00:36:58+00:00
GC_bbo-1m/2025/2025-12-04.dbn.zst,GC.v.0,bbo-1m,2025-12-04,2025-12-03T23:30:00+00:00,2025-12-04T08:15:00+00:00,19825,0.000000,525,5cdcf662064720f46a575a21f7b7f24d7e4700e45d1fb65fd0cdd79a73e3a04a,2026-10-04T00:36:40+00:00
GC_bbo-1m/2025/2025-12-05.dbn.zst,GC.v.0,bbo-1m,2025-12-05,2025-12-04T23:30:00+00:00,2025-12-05T08:15:00+00:00,19394,0.000000,525,c9b0b3b75ab08e2736639e7d25f7cc71fb2f3c5fd13808b84b8a426e0ea23887,2026-10-04T00:36:42+00:00
GC_bbo-1m/2025/2025-12-08.dbn.zst,GC.v.0,bbo-1m,2025-12-08,2025-12-07T23:30:00+00:00,2025-12-08T08:15:00+00:00,18944,0.000000,525,5351c6bad80baace1f6db741ab5781b99ac724fbb167b0539c25d70f6ee6215c,2026-10-04T00:36:43+00:00
GC_bbo-1m/2025/2025-12-09.dbn.zst,GC.v.0,bbo-1m,2025-12-09,2025-12-08T23:30:00+00:00,2025-12-09T08:15:00+00:00,19229,0.000000,525,0cb3e7c99128ad1801b22f7b5e59c83ea04078b658f7086ca2baee5463f6933a,2026-10-04T00:36:44+00:00
GC_bbo-1m/2025/2025-12-10.dbn.zst,GC.v.0,bbo-1m,2025-12-10,2025-12-09T23:30:00+00:00,2025-12-10T08:15:00+00:00,18699,0.000000,525,c4a4f422a716c631463767a88985e4616b93e64da4f6a134bed9f71632faf75b,2026-10-04T00:36:43+00:00
GC_bbo-1m/2025/2025-12-11.dbn.zst,GC.v.0,bbo-1m,2025-12-11,2025-12-10T23:30:00+00:00,2025-12-11T08:15:00+00:00,19774,0.000000,525,67190f975f4fee95f43022607a9ada19eed52d289fbfeddad0dcb1a2c95341f1,2026-10-04T00:36:44+00:00
GC_bbo-1m/2025/2025-12-12.dbn.zst,GC.v.0,bbo-1m,2025-12-12,2025-12-11T23:30:00+00:00,2025-12-12T08:15:00+00:00,19220,0.000000,525,f82ceab5b8c5c5d228c42f3e92f641c15d04e4f3205725f4d8260a27c11bec33,2026-10-04T00:36:44+00:00
GC_bbo-1m/2025/2025-12-15.dbn.zst,GC.v.0,bbo-1m,2025-12-15,2025-12-14T23:30:00+00:00,2025-12-15T08:15:00+00:00,19660,0.000000,525,d8829cefe729a4da6e5e0130adf551d2272b779e86ef0268ce70eca17fe64279,2026-10-04T00:36:46+00:00
GC_bbo-1m/2025/2025-12-16.dbn.zst,GC.v.0,bbo-1m,2025-12-16,2025-12-15T23:30:00+00:00,2025-12-16T08:15:00+00:00,19633,0.000000,525,324d035ad75a933a8c0a0e4e50335b1d0e9731b54874e65df40c960bfe565886,2026-10-04T00:36:50+00:00
GC_bbo-1m/2025/2025-12-17.dbn.zst,GC.v.0,bbo-1m,2025-12-17,2025-12-16T23:30:00+00:00,2025-12-17T08:15:00+00:00,19718,0.000000,525,1a2b5e1cf94670994d850ab91fb10453be2ed028964ab4c0b3f5bd896d32e69b,2026-10-04T00:36:51+00:00
GC_bbo-1m/2025/2025-12-18.dbn.zst,GC.v.0,bbo-1m,2025-12-18,2025-12-17T23:30:00+00:00,2025-12-18T08:15:00+00:00,18758,0.000000,525,b19340f87f8f8116f3c4d528607caf1cd3aa41978337a7d0d049ab639f80eb68,2026-10-04T00:36:49+00:00
GC_bbo-1m/2025/2025-12-19.dbn.zst,GC.v.0,bbo-1m,2025-12-19,2025-12-18T23:30:00+00:00,2025-12-19T08:15:00+00:00,19359,0.000000,525,7420d06c16177ce7c9732bfd16a83ee79eb912ac87412f8c8b853c97d87a45e9,2026-10-04T00:36:54+00:00
GC_bbo-1m/2025/2025-12-22.dbn.zst,GC.v.0,bbo-1m,2025-12-22,2025-12-21T23:30:00+00:00,2025-12-22T08:15:00+00:00,20564,0.000000,525,ee1d749f8744c5e14bc11f6dbc99cb483d2f239b783f4a1ed9c3a74a99874f6c,2026-10-04T00:36:53+00:00
GC_bbo-1m/2025/2025-12-23.dbn.zst,GC.v.0,bbo-1m,2025-12-23,2025-12-22T23:30:00+00:00,2025-12-23T08:15:00+00:00,19928,0.000000,525,af00963e240ad74c8649353e810659ac5c6e0f79254be6197a476407fd88d1a5,2026-10-04T00:36:52+00:00
GC_bbo-1m/2025/2025-12-24.dbn.zst,GC.v.0,bbo-1m,2025-12-24,2025-12-23T23:30:00+00:00,2025-12-24T08:15:00+00:00,20047,0.000000,525,c7623e3009201c6e9d8bc5132ed4b2d3f993c16ebf7510580297e350fd35910b,2026-10-04T00:36:56+00:00
GC_bbo-1m/2025/2025-12-25.dbn.zst,GC.v.0,bbo-1m,2025-12-25,2025-12-24T23:30:00+00:00,2025-12-25T08:15:00+00:00,186,0.000000,1,b0907092b2256dfd4133d27de37c0a322220c656d8c44e7cb58f21ebc0dc64d8,2026-10-04T00:36:54+00:00
GC_bbo-1m/2025/2025-12-26.dbn.zst,GC.v.0,bbo-1m,2025-12-26,2025-12-25T23:30:00+00:00,2025-12-26T08:15:00+00:00,19593,0.000000,525,e8327ee019e523a4184320c5e06e72c1ed18afe1fc0cd5e55857e215d2975d8e,2026-10-04T00:36:57+00:00
GC_bbo-1m/2025/2025-12-29.dbn.zst,GC.v.0,bbo-1m,2025-12-29,2025-12-28T23:30:00+00:00,2025-12-29T08:15:00+00:00,20746,0.000000,525,6cd8322572dcaf3b1ec94cd2760a124280d9ce3e212647ab3a92a81039f6dcb8,2026-10-04T00:36:57+00:00
GC_bbo-1m/2025/2025-12-30.dbn.zst,GC.v.0,bbo-1m,2025-12-30,2025-12-29T23:30:00+00:00,2025-12-30T08:15:00+00:00,20476,0.000000,525,7fb828fab8ea300f17e542d86a34fea6b30bfeef4eb97e89d898b392737c666b,2026-10-04T00:36:57+00:00
GC_bbo-1m/2025/2025-12-31.dbn.zst,GC.v.0,bbo-1m,2025-12-31,2025-12-30T23:30:00+00:00,2025-12-31T08:15:00+00:00,21190,0.000000,525,11e9a2b6c30daed4a57db67966871413438726040c796b837cf348edffb2cab1,2026-10-04T00:36:59+00:00
GC_bbo-1m/2026/2026-01-01.dbn.zst,GC.v.0,bbo-1m,2026-01-01,2025-12-31T23:30:00+00:00,2026-01-01T08:15:00+00:00,188,0.000000,1,b0850997fe20e483e598a272bab7e2aa4686a24508097802f1b11d81b1e98f42,2026-10-04T00:37:01+00:00
GC_bbo-1m/2026/2026-01-02.dbn.zst,GC.v.0,bbo-1m,2026-01-02,2026-01-01T23:30:00+00:00,2026-01-02T08:15:00+00:00,19599,0.000000,525,2ee31d4787c9c3847cf3414c3bc60d01e49297de4f331df73c1837e791c7b56a,2026-10-04T00:37:12+00:00
GC_bbo-1m/2026/2026-01-05.dbn.zst,GC.v.0,bbo-1m,2026-01-05,2026-01-04T23:30:00+00:00,2026-01-05T08:15:00+00:00,20471,0.000000,525,cb241f9eddea5152498abce31abcdfe6f76f4617a45fd46d4fecc7007088c9a6,2026-10-04T00:37:01+00:00
GC_bbo-1m/2026/2026-01-06.dbn.zst,GC.v.0,bbo-1m,2026-01-06,2026-01-05T23:30:00+00:00,2026-01-06T08:15:00+00:00,19743,0.000000,525,bf52f1aa42af93f9ddd82e1a421ef52b9e1cf22afd09e6611ab7de936ed508fb,2026-10-04T00:37:03+00:00
GC_bbo-1m/2026/2026-01-07.dbn.zst,GC.v.0,bbo-1m,2026-01-07,2026-01-06T23:30:00+00:00,2026-01-07T08:15:00+00:00,20605,0.000000,525,e3a084bebb2cfc5dc2473b331487daa7e46df1a847bdeb033c1672c86fd934cd,2026-10-04T00:37:03+00:00
GC_bbo-1m/2026/2026-01-08.dbn.zst,GC.v.0,bbo-1m,2026-01-08,2026-01-07T23:30:00+00:00,2026-01-08T08:15:00+00:00,20244,0.000000,525,0c1591f043edb0c82534017868e631b3edc28d96ec7ef9baa195424f1848c779,2026-10-04T00:37:02+00:00
GC_bbo-1m/2026/2026-01-09.dbn.zst,GC.v.0,bbo-1m,2026-01-09,2026-01-08T23:30:00+00:00,2026-01-09T08:15:00+00:00,19301,0.000000,525,e19fe4f2a1bb03acffbb1b4e77826b68b218c520d4f29e4ad3fa8a2c7d944a0b,2026-10-04T00:37:03+00:00
GC_bbo-1m/2026/2026-01-12.dbn.zst,GC.v.0,bbo-1m,2026-01-12,2026-01-11T23:30:00+00:00,2026-01-12T08:15:00+00:00,20181,0.000000,525,f417f6552392676318fbca6e73bc7af4858ee14879385d06a8c4e1673e7962fa,2026-10-04T00:37:08+00:00
GC_bbo-1m/2026/2026-01-13.dbn.zst,GC.v.0,bbo-1m,2026-01-13,2026-01-12T23:30:00+00:00,2026-01-13T08:15:00+00:00,19428,0.000000,525,41d36a01e227984463d57d521ec4f47d2df5dd21781ffe958a403a56fa4bb977,2026-10-04T00:37:21+00:00
GC_bbo-1m/2026/2026-01-14.dbn.zst,GC.v.0,bbo-1m,2026-01-14,2026-01-13T23:30:00+00:00,2026-01-14T08:15:00+00:00,19891,0.000000,525,7e50c8bec8ead07cef2e6773d2a9f86682c930cb6405957bea33a47e43692db7,2026-10-04T00:37:12+00:00
GC_bbo-1m/2026/2026-01-15.dbn.zst,GC.v.0,bbo-1m,2026-01-15,2026-01-14T23:30:00+00:00,2026-01-15T08:15:00+00:00,20181,0.000000,525,5f4f0c4740368d2dc7f1b1289099b40468e3b4e7c2964c296947703a8cf0c090,2026-10-04T00:37:10+00:00
GC_bbo-1m/2026/2026-01-16.dbn.zst,GC.v.0,bbo-1m,2026-01-16,2026-01-15T23:30:00+00:00,2026-01-16T08:15:00+00:00,19147,0.000000,525,6e382741d42fccf3aebb2617c48aec7e040cc51b4b7d315f38776280162f119a,2026-10-04T00:37:15+00:00
GC_bbo-1m/2026/2026-01-19.dbn.zst,GC.v.0,bbo-1m,2026-01-19,2026-01-18T23:30:00+00:00,2026-01-19T08:15:00+00:00,19633,0.000000,525,2cc7cd0b02e666d4bf1aa0a8aaa66adcebb275f6c6a95ce37c4a69c957653a3d,2026-10-04T00:37:10+00:00
GC_bbo-1m/2026/2026-01-20.dbn.zst,GC.v.0,bbo-1m,2026-01-20,2026-01-19T23:30:00+00:00,2026-01-20T08:15:00+00:00,20328,0.000000,525,48616ac59a23aac27dd998219550b2caa6a3abfd045a69867f55db8cf112f8a3,2026-10-04T00:37:11+00:00
GC_bbo-1m/2026/2026-01-21.dbn.zst,GC.v.0,bbo-1m,2026-01-21,2026-01-20T23:30:00+00:00,2026-01-21T08:15:00+00:00,21768,0.000000,525,9d7a7584995d642d254b8f3aa0e2e84f4524166b7996929234533dd36874af65,2026-10-04T00:37:29+00:00
GC_bbo-1m/2026/2026-01-22.dbn.zst,GC.v.0,bbo-1m,2026-01-22,2026-01-21T23:30:00+00:00,2026-01-22T08:15:00+00:00,20528,0.000000,525,b17a3183c74029070d0822b717c319ebe2e80b5e6222534b5a2f6b1dc1878cd5,2026-10-04T00:37:18+00:00
GC_bbo-1m/2026/2026-01-23.dbn.zst,GC.v.0,bbo-1m,2026-01-23,2026-01-22T23:30:00+00:00,2026-01-23T08:15:00+00:00,19888,0.000000,525,6a56cb9ec1af29bd1f199552a4dfa892c27fb26c49102f416b5f93170f40e15a,2026-10-04T00:37:19+00:00
GC_bbo-1m/2026/2026-01-26.dbn.zst,GC.v.0,bbo-1m,2026-01-26,2026-01-25T23:30:00+00:00,2026-01-26T08:15:00+00:00,21238,0.000000,525,4c98ff95a7b060734c213971c0efa2805daa47dc7cf898530949f1052e6464e8,2026-10-04T00:37:17+00:00
GC_bbo-1m/2026/2026-01-27.dbn.zst,GC.v.0,bbo-1m,2026-01-27,2026-01-26T23:30:00+00:00,2026-01-27T08:15:00+00:00,21083,0.000000,525,180b0cd0b475e04156863e7e9f6a2cb48395880d4dc61b27d59690846be3695d,2026-10-04T00:37:18+00:00
GC_bbo-1m/2026/2026-01-28.dbn.zst,GC.v.0,bbo-1m,2026-01-28,2026-01-27T23:30:00+00:00,2026-01-28T08:15:00+00:00,21972,0.000000,525,b329389c906f7e172b90fffd88d5bd9a65e9b3330cd4331c117845462865d313,2026-10-04T00:37:18+00:00
GC_bbo-1m/2026/2026-01-29.dbn.zst,GC.v.0,bbo-1m,2026-01-29,2026-01-28T23:30:00+00:00,2026-01-29T08:15:00+00:00,14033,0.000000,403,6426ea96fe9e3b3052fb5bda5fe89594a9296fa5a471b14e37cf7539ccfc4f6a,2026-10-04T00:37:22+00:00
GC_bbo-1m/2026/2026-01-30.dbn.zst,GC.v.0,bbo-1m,2026-01-30,2026-01-29T23:30:00+00:00,2026-01-30T08:15:00+00:00,21982,0.000000,498,8a9ed10f511607b3b2324b02f63242ae59a5f99efacb8ce207974cc7da0a9558,2026-10-04T00:37:23+00:00
GC_bbo-1m/2026/2026-02-02.dbn.zst,GC.v.0,bbo-1m,2026-02-02,2026-02-01T23:30:00+00:00,2026-02-02T08:15:00+00:00,23700,0.000000,525,d2add13bea4ef5dec9d0b901ca1ea6ed1905b7e0bd8d0373a157f8d3f71b4862,2026-10-04T00:37:30+00:00
GC_bbo-1m/2026/2026-02-03.dbn.zst,GC.v.0,bbo-1m,2026-02-03,2026-02-02T23:30:00+00:00,2026-02-03T08:15:00+00:00,22622,0.000000,525,8a3b174cac2b0d4ba6bbd90b8a98b2a2a7ce06965fea8e919a3f757d47a7c404,2026-10-04T00:37:24+00:00
GC_bbo-1m/2026/2026-02-04.dbn.zst,GC.v.0,bbo-1m,2026-02-04,2026-02-03T23:30:00+00:00,2026-02-04T08:15:00+00:00,21868,0.000000,525,c562ab823bc59c28e72d39042907016ed2eb3aca481b600e302348a056407ebf,2026-10-04T00:37:25+00:00
GC_bbo-1m/2026/2026-02-05.dbn.zst,GC.v.0,bbo-1m,2026-02-05,2026-02-04T23:30:00+00:00,2026-02-05T08:15:00+00:00,22502,0.000000,525,d7d2a1afb1a8e999b492ba3ac8db1132a44dbf1e11271881cb4dc66e69e9dc6d,2026-10-04T00:37:26+00:00
GC_bbo-1m/2026/2026-02-06.dbn.zst,GC.v.0,bbo-1m,2026-02-06,2026-02-05T23:30:00+00:00,2026-02-06T08:15:00+00:00,22403,0.000000,525,0733e990204fcfa1eef661e0adbb68ec46ca71d32a7ca8903d31e6bb7402c0ef,2026-10-04T00:37:28+00:00
GC_bbo-1m/2026/2026-02-09.dbn.zst,GC.v.0,bbo-1m,2026-02-09,2026-02-08T23:30:00+00:00,2026-02-09T08:15:00+00:00,21090,0.000000,525,43750ca1d2e8df3da6bab42419267387e72232b0e16a09c9bfc487369a39987a,2026-10-04T00:37:27+00:00
GC_bbo-1m/2026/2026-02-10.dbn.zst,GC.v.0,bbo-1m,2026-02-10,2026-02-09T23:30:00+00:00,2026-02-10T08:15:00+00:00,19658,0.000000,525,f7dd1a23febbf14b34cccc4e9270a401c1a3ec29c2897ee34b3db4e05fa4b8e4,2026-10-04T00:37:30+00:00
GC_bbo-1m/2026/2026-02-11.dbn.zst,GC.v.0,bbo-1m,2026-02-11,2026-02-10T23:30:00+00:00,2026-02-11T08:15:00+00:00,19854,0.000000,525,5353c5df77575beb566492ac4805ef04b11929232679521392baa54aa71af81a,2026-10-04T00:37:30+00:00
GC_bbo-1m/2026/2026-02-12.dbn.zst,GC.v.0,bbo-1m,2026-02-12,2026-02-11T23:30:00+00:00,2026-02-12T08:15:00+00:00,19701,0.000000,525,0bfcf2c84d3506de9b61801646ee4c453a6a4ce02b1a222e6da2cac8d01cf67c,2026-10-04T00:37:32+00:00
GC_bbo-1m/2026/2026-02-13.dbn.zst,GC.v.0,bbo-1m,2026-02-13,2026-02-12T23:30:00+00:00,2026-02-13T08:15:00+00:00,21030,0.000000,525,8f75afa605f30059b60ed4f3899a7a7844714d3025eba4ea4e1df68c3356c933,2026-10-04T00:37:32+00:00
GC_bbo-1m/2026/2026-02-16.dbn.zst,GC.v.0,bbo-1m,2026-02-16,2026-02-15T23:30:00+00:00,2026-02-16T08:15:00+00:00,20701,0.000000,525,3ca3353a5554eec5cda8fc81c70f548244c5ae62978f63107342d8f1f431ae3d,2026-10-04T00:37:34+00:00
GC_bbo-1m/2026/2026-02-17.dbn.zst,GC.v.0,bbo-1m,2026-02-17,2026-02-16T23:30:00+00:00,2026-02-17T08:15:00+00:00,21308,0.000000,525,a189f6ba01cb6caa54fb012497496daa1447f729d4b0ce7154180344ea73487f,2026-10-04T00:37:33+00:00
GC_bbo-1m/2026/2026-02-18.dbn.zst,GC.v.0,bbo-1m,2026-02-18,2026-02-17T23:30:00+00:00,2026-02-18T08:15:00+00:00,20761,0.000000,525,b0ec1656771b95007e6e937fb2187c8e779daf6124b513e399e6f941b884d2b1,2026-10-04T00:37:36+00:00
GC_bbo-1m/2026/2026-02-19.dbn.zst,GC.v.0,bbo-1m,2026-02-19,2026-02-18T23:30:00+00:00,2026-02-19T08:15:00+00:00,20437,0.000000,525,7f7fad5d81331cde86534394036d521bb6f154476d740e382209f195988706b6,2026-10-04T00:37:35+00:00
GC_bbo-1m/2026/2026-02-20.dbn.zst,GC.v.0,bbo-1m,2026-02-20,2026-02-19T23:30:00+00:00,2026-02-20T08:15:00+00:00,20095,0.000000,525,ac70e9fd0a180485b5bbf3ec214b569b6d04eaa70f0ba57d222e0e7f9f75726f,2026-10-04T00:37:38+00:00
GC_bbo-1m/2026/2026-02-23.dbn.zst,GC.v.0,bbo-1m,2026-02-23,2026-02-22T23:30:00+00:00,2026-02-23T08:15:00+00:00,20398,0.000000,525,0bd054bcb5c66685119f7447c8e27efd32a1a225cd54608870a83d14ab446615,2026-10-04T00:37:37+00:00
GC_bbo-1m/2026/2026-02-24.dbn.zst,GC.v.0,bbo-1m,2026-02-24,2026-02-23T23:30:00+00:00,2026-02-24T08:15:00+00:00,20648,0.000000,525,a9e1b380c9915da52cf6c54ecd1f66ad061cac4725dd0a6e8bae9f67460353f1,2026-10-04T00:37:42+00:00
GC_bbo-1m/2026/2026-02-25.dbn.zst,GC.v.0,bbo-1m,2026-02-25,2026-02-24T23:30:00+00:00,2026-02-25T08:15:00+00:00,20254,0.000000,525,b61dabdeebcb9397f6e34e49ad5ccc8925f82d7229b71482c378bd804283d616,2026-10-04T00:37:39+00:00
GC_bbo-1m/2026/2026-02-26.dbn.zst,GC.v.0,bbo-1m,2026-02-26,2026-02-25T23:30:00+00:00,2026-02-26T08:15:00+00:00,19777,0.000000,525,76a568a64dab672e6f96037eb87e9fe3fb6833115c54170f6054fad8742be114,2026-10-04T00:37:39+00:00
GC_bbo-1m/2026/2026-02-27.dbn.zst,GC.v.0,bbo-1m,2026-02-27,2026-02-26T23:30:00+00:00,2026-02-27T08:15:00+00:00,19633,0.000000,525,3782af67cdb066821febbd55b390fc48711ddb09f444ebc301dbad243ec28453,2026-10-04T00:37:40+00:00
GC_bbo-1m/2026/2026-03-02.dbn.zst,GC.v.0,bbo-1m,2026-03-02,2026-03-01T23:30:00+00:00,2026-03-02T08:15:00+00:00,21508,0.000000,525,fbd74ac6cdd923bb22dc69bf92e8aa5ca1a1754a2c7b2bdbca6f5454043b6637,2026-10-04T00:37:44+00:00
GC_bbo-1m/2026/2026-03-03.dbn.zst,GC.v.0,bbo-1m,2026-03-03,2026-03-02T23:30:00+00:00,2026-03-03T08:15:00+00:00,21127,0.000000,525,5a1a47a8ad27bc2b8c992ff3e54e1bd543c3efe21b836b0058f37cf0172946c0,2026-10-04T00:37:42+00:00
GC_bbo-1m/2026/2026-03-04.dbn.zst,GC.v.0,bbo-1m,2026-03-04,2026-03-03T23:30:00+00:00,2026-03-04T08:15:00+00:00,21195,0.000000,525,5d7da4a932d4dd029e059dab199c49de6d163ae1bed6f0bc111416bd538ab9b9,2026-10-04T00:37:44+00:00
GC_bbo-1m/2026/2026-03-05.dbn.zst,GC.v.0,bbo-1m,2026-03-05,2026-03-04T23:30:00+00:00,2026-03-05T08:15:00+00:00,20538,0.000000,525,4014bd17ff906265580fd1c106d09ebe728ec0ba924dc66e076c15a01f41522d,2026-10-04T00:37:43+00:00
GC_bbo-1m/2026/2026-03-06.dbn.zst,GC.v.0,bbo-1m,2026-03-06,2026-03-05T23:30:00+00:00,2026-03-06T08:15:00+00:00,20506,0.000000,525,0579d8ddb57d59b82a38d1d7ee03acf35855dacc9b470e2d29a2c483f817dede,2026-10-04T00:37:46+00:00
GC_bbo-1m/2026/2026-03-09.dbn.zst,GC.v.0,bbo-1m,2026-03-09,2026-03-08T22:30:00+00:00,2026-03-09T07:15:00+00:00,21848,0.000000,525,f97a255a6aca2c7d40bf5af6d61cd430f6ce34f13c21ad4f0a3fa9661787aa91,2026-10-04T00:37:46+00:00
GC_bbo-1m/2026/2026-03-10.dbn.zst,GC.v.0,bbo-1m,2026-03-10,2026-03-09T22:30:00+00:00,2026-03-10T07:15:00+00:00,20711,0.000000,525,e398bc85a68e981b44cc99e903c422f6d1cdcc99c6af35186b4f712d290ca849,2026-10-04T00:37:46+00:00
GC_bbo-1m/2026/2026-03-11.dbn.zst,GC.v.0,bbo-1m,2026-03-11,2026-03-10T22:30:00+00:00,2026-03-11T07:15:00+00:00,19845,0.000000,525,4ef326c11c5ed020c48058445cc0e342b42519e7acb9f39543dc8e18263ebbdf,2026-10-04T00:37:48+00:00
GC_bbo-1m/2026/2026-03-12.dbn.zst,GC.v.0,bbo-1m,2026-03-12,2026-03-11T22:30:00+00:00,2026-03-12T07:15:00+00:00,20280,0.000000,525,668f9be5e64328b3923f19cd2bd7154e48c4bf53df06b95780556576f382fa48,2026-10-04T00:37:50+00:00
GC_bbo-1m/2026/2026-03-13.dbn.zst,GC.v.0,bbo-1m,2026-03-13,2026-03-12T22:30:00+00:00,2026-03-13T07:15:00+00:00,20141,0.000000,525,588f0b3c9b3b764ed60fb3af23b501392bd81300e4eb32919fae3c83b1b56134,2026-10-04T00:37:53+00:00
GC_bbo-1m/2026/2026-03-16.dbn.zst,GC.v.0,bbo-1m,2026-03-16,2026-03-15T22:30:00+00:00,2026-03-16T07:15:00+00:00,20529,0.000000,525,19fe2cb499ba653c37c7d2e56733b22c698e5fd2cebc7565c924a1e9c0663954,2026-10-04T00:37:49+00:00
GC_bbo-1m/2026/2026-03-17.dbn.zst,GC.v.0,bbo-1m,2026-03-17,2026-03-16T22:30:00+00:00,2026-03-17T07:15:00+00:00,19944,0.000000,525,0afb14aa7ccca30b071aed6bc88ae7dfadb085faf23da1af51cf105d7e74b2be,2026-10-04T00:37:52+00:00
GC_bbo-1m/2026/2026-03-18.dbn.zst,GC.v.0,bbo-1m,2026-03-18,2026-03-17T22:30:00+00:00,2026-03-18T07:15:00+00:00,19632,0.000000,525,e0bb105802d2eb033cba68a403f71217da44a028210a537bbdd1e99e9d78abab,2026-10-04T00:37:56+00:00
GC_bbo-1m/2026/2026-03-19.dbn.zst,GC.v.0,bbo-1m,2026-03-19,2026-03-18T22:30:00+00:00,2026-03-19T07:15:00+00:00,20855,0.000000,525,df714de92ad99c9ecab17aefb50f740153587097518d39d0ff2d4c5eca39f643,2026-10-04T00:37:53+00:00
GC_bbo-1m/2026/2026-03-20.dbn.zst,GC.v.0,bbo-1m,2026-03-20,2026-03-19T22:30:00+00:00,2026-03-20T07:15:00+00:00,21595,0.000000,525,5934f034b712355d94ef6aa1d5ec7b14b25d9318b5b11be6d1856fcf4f8449a1,2026-10-04T00:37:56+00:00
GC_bbo-1m/2026/2026-03-23.dbn.zst,GC.v.0,bbo-1m,2026-03-23,2026-03-22T22:30:00+00:00,2026-03-23T07:15:00+00:00,23241,0.000000,525,c408f2632b2efa7e6f0f769e1d3c30a66da6e6ee0e3e5abe15a1bb2309f1b5c9,2026-10-04T00:37:55+00:00
GC_bbo-1m/2026/2026-03-24.dbn.zst,GC.v.0,bbo-1m,2026-03-24,2026-03-23T22:30:00+00:00,2026-03-24T07:15:00+00:00,22331,0.000000,525,286551095c3a7c0cb028415c8fc8a20f45cf8d9535c8c809aaf42ce5499db213,2026-10-04T00:37:55+00:00
GC_bbo-1m/2026/2026-03-25.dbn.zst,GC.v.0,bbo-1m,2026-03-25,2026-03-24T22:30:00+00:00,2026-03-25T07:15:00+00:00,21757,0.000000,525,4e90f4c379f107e0a2ed25f8377e348b2c6d7f5b8a3453ac64a085929401beb5,2026-10-04T00:37:55+00:00
GC_bbo-1m/2026/2026-03-26.dbn.zst,GC.v.0,bbo-1m,2026-03-26,2026-03-25T22:30:00+00:00,2026-03-26T07:15:00+00:00,21616,0.000000,525,59ae3e830aa4efa095b70c3587fa7cb29d5eb11944f41dfb92aa58a7f645ad35,2026-10-04T00:37:58+00:00
GC_bbo-1m/2026/2026-03-27.dbn.zst,GC.v.0,bbo-1m,2026-03-27,2026-03-26T22:30:00+00:00,2026-03-27T07:15:00+00:00,19680,0.000000,513,074f795c3222463abcb559eca706ace7d41a2bd20dd37bdb8567676b98bc6292,2026-10-04T00:38:01+00:00
GC_bbo-1m/2026/2026-03-30.dbn.zst,GC.v.0,bbo-1m,2026-03-30,2026-03-29T22:30:00+00:00,2026-03-30T07:15:00+00:00,19740,0.000000,485,edf27ec3849361bdaf4d3386eda0a25ff7a6b023395bec0ba8d527074b5c76c7,2026-10-04T00:38:06+00:00
GC_bbo-1m/2026/2026-03-31.dbn.zst,GC.v.0,bbo-1m,2026-03-31,2026-03-30T22:30:00+00:00,2026-03-31T07:15:00+00:00,21703,0.000000,525,eea5728afe2c80bee1830908752a09c3fd7f17cc6d8afb46cdda5916e9358973,2026-10-04T00:38:00+00:00
GC_bbo-1m/2026/2026-04-01.dbn.zst,GC.v.0,bbo-1m,2026-04-01,2026-03-31T22:30:00+00:00,2026-04-01T07:15:00+00:00,21222,0.000000,525,d6ef6a204000f22ca6686ca205a4a480f14d9d833d73235517ae09a76c410865,2026-10-04T00:38:03+00:00
GC_bbo-1m/2026/2026-04-02.dbn.zst,GC.v.0,bbo-1m,2026-04-02,2026-04-01T22:30:00+00:00,2026-04-02T07:15:00+00:00,22061,0.000000,525,561410bd74c7cb6911c078bebb98d0b7f32a9ea432dff20ae4a90080e10c4e6f,2026-10-04T00:38:02+00:00
GC_bbo-1m/2026/2026-04-03.dbn.zst,GC.v.0,bbo-1m,2026-04-03,2026-04-02T22:30:00+00:00,2026-04-03T07:15:00+00:00,187,0.000000,1,212d122a05f504519a32115c5c658d3868adb191603a44114cce5a930d840bff,2026-10-04T00:38:02+00:00
GC_bbo-1m/2026/2026-04-06.dbn.zst,GC.v.0,bbo-1m,2026-04-06,2026-04-05T22:30:00+00:00,2026-04-06T07:15:00+00:00,21118,0.000000,525,cfdc11b2c6ceed63fcd6456119a24f898d4f3b40353200bd55d4ebf53ef4bae9,2026-10-04T00:38:03+00:00
GC_bbo-1m/2026/2026-04-07.dbn.zst,GC.v.0,bbo-1m,2026-04-07,2026-04-06T22:30:00+00:00,2026-04-07T07:15:00+00:00,20126,0.000000,525,73379e0e027e5b8e577ae8bdd0d25395c7e1dff03ef6b27df66f7ac1dc65037d,2026-10-04T00:38:05+00:00
GC_bbo-1m/2026/2026-04-08.dbn.zst,GC.v.0,bbo-1m,2026-04-08,2026-04-07T22:30:00+00:00,2026-04-08T07:15:00+00:00,21005,0.000000,525,f01fb36d1ef7b7660db59bf8b7ba65ac988dd957dc088118d40abf94dc74f226,2026-10-04T00:38:07+00:00
GC_bbo-1m/2026/2026-04-09.dbn.zst,GC.v.0,bbo-1m,2026-04-09,2026-04-08T22:30:00+00:00,2026-04-09T07:15:00+00:00,19964,0.000000,525,bfdd534424022ec75cd06c95f2cb6e06c2344160a8eda7b75853f2fc13249813,2026-10-04T00:38:09+00:00
GC_bbo-1m/2026/2026-04-10.dbn.zst,GC.v.0,bbo-1m,2026-04-10,2026-04-09T22:30:00+00:00,2026-04-10T07:15:00+00:00,19495,0.000000,525,87d4c040cee08e5f295dc3a02ffa9a70ecf8ac55e89aff4ebe0195365edd1eea,2026-10-04T00:38:08+00:00
GC_bbo-1m/2026/2026-04-13.dbn.zst,GC.v.0,bbo-1m,2026-04-13,2026-04-12T22:30:00+00:00,2026-04-13T07:15:00+00:00,20453,0.000000,525,a8b2263664e8956ba0043fbf0ce26ce8f7d6623a6192fac934d624b4248867be,2026-10-04T00:38:11+00:00
GC_bbo-1m/2026/2026-04-14.dbn.zst,GC.v.0,bbo-1m,2026-04-14,2026-04-13T22:30:00+00:00,2026-04-14T07:15:00+00:00,19704,0.000000,525,f3a5b88f902b660dcf01a49d0b527afc54d5c054c18d574ed673a8d2175650bd,2026-10-04T00:38:11+00:00
GC_bbo-1m/2026/2026-04-15.dbn.zst,GC.v.0,bbo-1m,2026-04-15,2026-04-14T22:30:00+00:00,2026-04-15T07:15:00+00:00,19987,0.000000,525,c6264292eb403d00af4d38550adf908e14ec58664e28772042360b2cf7132067,2026-10-04T00:38:10+00:00
GC_bbo-1m/2026/2026-04-16.dbn.zst,GC.v.0,bbo-1m,2026-04-16,2026-04-15T22:30:00+00:00,2026-04-16T07:15:00+00:00,19728,0.000000,525,673f666644dd4ae21d17804e9334163a57a933f88eca42c62355258f0b770de8,2026-10-04T00:38:12+00:00
GC_bbo-1m/2026/2026-04-17.dbn.zst,GC.v.0,bbo-1m,2026-04-17,2026-04-16T22:30:00+00:00,2026-04-17T07:15:00+00:00,19574,0.000000,525,91e0888ea64afe858373e90838eb78d2e674ea1e737ad13fd4ef180be2b16d36,2026-10-04T00:38:14+00:00
GC_bbo-1m/2026/2026-04-20.dbn.zst,GC.v.0,bbo-1m,2026-04-20,2026-04-19T22:30:00+00:00,2026-04-20T07:15:00+00:00,20529,0.000000,525,b978b15ea8eeca778411977f3d4693fe6c55b8336d726b1b0e507657e21fb0ec,2026-10-04T00:38:19+00:00
GC_bbo-1m/2026/2026-04-21.dbn.zst,GC.v.0,bbo-1m,2026-04-21,2026-04-20T22:30:00+00:00,2026-04-21T07:15:00+00:00,20364,0.000000,525,d9f1f53c4885eb33558672283c165b85f848bb600693597640bd4b87241b2802,2026-10-04T00:38:16+00:00
GC_bbo-1m/2026/2026-04-22.dbn.zst,GC.v.0,bbo-1m,2026-04-22,2026-04-21T22:30:00+00:00,2026-04-22T07:15:00+00:00,20076,0.000000,525,66b4f9b3842b3e563c7ed93238f4b0ccbed8f657ac58fbd60fd1837f193f7cf1,2026-10-04T00:38:17+00:00
GC_bbo-1m/2026/2026-04-23.dbn.zst,GC.v.0,bbo-1m,2026-04-23,2026-04-22T22:30:00+00:00,2026-04-23T07:15:00+00:00,20302,0.000000,525,b6eaef005f19e528777b6a90a6eed68c726747c3e6e433cb4adc4869a6cb28d3,2026-10-04T00:38:21+00:00
GC_bbo-1m/2026/2026-04-24.dbn.zst,GC.v.0,bbo-1m,2026-04-24,2026-04-23T22:30:00+00:00,2026-04-24T07:15:00+00:00,20012,0.000000,525,28fbcb98e0926b9a5d78141752d3ce43f08cbf4b9b94494dd15cec46d1cfdde6,2026-10-04T00:38:17+00:00
GC_bbo-1m/2026/2026-04-27.dbn.zst,GC.v.0,bbo-1m,2026-04-27,2026-04-26T22:30:00+00:00,2026-04-27T07:15:00+00:00,19824,0.000000,525,ae171ee18f24110505eafdb5b1315fc3086572ef119e9036e1aceab9d25c4add,2026-10-04T00:38:17+00:00
GC_bbo-1m/2026/2026-04-28.dbn.zst,GC.v.0,bbo-1m,2026-04-28,2026-04-27T22:30:00+00:00,2026-04-28T07:15:00+00:00,20377,0.000000,525,3f4c1de3a8d922d62b72a5309cf7928c4a49e401bfe0fd81879158948ee8df3f,2026-10-04T00:38:19+00:00
GC_bbo-1m/2026/2026-04-29.dbn.zst,GC.v.0,bbo-1m,2026-04-29,2026-04-28T22:30:00+00:00,2026-04-29T07:15:00+00:00,19528,0.000000,525,3dac555311d9f3eda868e9a5a95738572b4a12b26550356d22ae9b5ee50f73a4,2026-10-04T00:38:19+00:00
GC_bbo-1m/2026/2026-04-30.dbn.zst,GC.v.0,bbo-1m,2026-04-30,2026-04-29T22:30:00+00:00,2026-04-30T07:15:00+00:00,20362,0.000000,525,c6403b2efa95ecc46d76e06fdf26305df08c828bff7bea1f64497d66aeb5c393,2026-10-04T00:38:21+00:00
GC_bbo-1m/2026/2026-05-01.dbn.zst,GC.v.0,bbo-1m,2026-05-01,2026-04-30T22:30:00+00:00,2026-05-01T07:15:00+00:00,19650,0.000000,525,d97124b92ffe7608394f4a3ba0618716415364e5c05a949d915ae9008d0efc8b,2026-10-04T00:38:24+00:00
GC_bbo-1m/2026/2026-05-04.dbn.zst,GC.v.0,bbo-1m,2026-05-04,2026-05-03T22:30:00+00:00,2026-05-04T07:15:00+00:00,19883,0.000000,525,72f3bba5b9b1ba9d80173fa78508e4e2325c23f0cda1df8ebe72c7210c4f4c3e,2026-10-04T00:38:24+00:00
GC_bbo-1m/2026/2026-05-05.dbn.zst,GC.v.0,bbo-1m,2026-05-05,2026-05-04T22:30:00+00:00,2026-05-05T07:15:00+00:00,19575,0.000000,525,ed764d50d56894f812ef5eac4400fa98099dd2f9b598c9eb0b27ab030363ae5b,2026-10-04T00:38:23+00:00
GC_bbo-1m/2026/2026-05-06.dbn.zst,GC.v.0,bbo-1m,2026-05-06,2026-05-05T22:30:00+00:00,2026-05-06T07:15:00+00:00,21176,0.000000,525,34ea219ab81e5cb414efb42314dbeff23f58ee385356daf1c51378889517b38c,2026-10-04T00:38:26+00:00
GC_bbo-1m/2026/2026-05-07.dbn.zst,GC.v.0,bbo-1m,2026-05-07,2026-05-06T22:30:00+00:00,2026-05-07T07:15:00+00:00,19837,0.000000,525,b3f49ccd58af8b11e9c3546747681076ed5d053e3480a0df810bf09a377689de,2026-10-04T00:38:24+00:00
GC_bbo-1m/2026/2026-05-08.dbn.zst,GC.v.0,bbo-1m,2026-05-08,2026-05-07T22:30:00+00:00,2026-05-08T07:15:00+00:00,19913,0.000000,525,a919fc2a7f90ea7579b6fa6b6f7f2d1c210ce05982dda3385e29842322df806f,2026-10-04T00:38:30+00:00
GC_bbo-1m/2026/2026-05-11.dbn.zst,GC.v.0,bbo-1m,2026-05-11,2026-05-10T22:30:00+00:00,2026-05-11T07:15:00+00:00,20095,0.000000,525,c85ca3b26a7a63e41caf46a18bec7d317b7cec9ccfde94627d03201f3174f1f4,2026-10-04T00:38:30+00:00
GC_bbo-1m/2026/2026-05-12.dbn.zst,GC.v.0,bbo-1m,2026-05-12,2026-05-11T22:30:00+00:00,2026-05-12T07:15:00+00:00,20651,0.000000,525,16667af8efd75d4dca67fcf181fe5a0be13f2eb83eb164e908265db55e983a6e,2026-10-04T00:38:27+00:00
GC_bbo-1m/2026/2026-05-13.dbn.zst,GC.v.0,bbo-1m,2026-05-13,2026-05-12T22:30:00+00:00,2026-05-13T07:15:00+00:00,19652,0.000000,525,521bec6359d256274510cd2928e0fb1862cfb88b7db31b77f030878b39db67f6,2026-10-04T00:38:28+00:00
GC_bbo-1m/2026/2026-05-14.dbn.zst,GC.v.0,bbo-1m,2026-05-14,2026-05-13T22:30:00+00:00,2026-05-14T07:15:00+00:00,19814,0.000000,525,9ed5627554f1aa663ce4db33bd68e513daaba79fcec247185eaa434bc0fbb57c,2026-10-04T00:38:30+00:00
GC_bbo-1m/2026/2026-05-15.dbn.zst,GC.v.0,bbo-1m,2026-05-15,2026-05-14T22:30:00+00:00,2026-05-15T07:15:00+00:00,20610,0.000000,525,5e5c1233d51e355c56138b6164615fd0cdf8d4e07b57a82b70c3716610da088e,2026-10-04T00:38:30+00:00
GC_bbo-1m/2026/2026-05-18.dbn.zst,GC.v.0,bbo-1m,2026-05-18,2026-05-17T22:30:00+00:00,2026-05-18T07:15:00+00:00,20552,0.000000,525,96a6c901e1c5fdf916f192717295b2785a5ca8569c964ce1c530f419e064ce58,2026-10-04T00:38:32+00:00
GC_bbo-1m/2026/2026-05-19.dbn.zst,GC.v.0,bbo-1m,2026-05-19,2026-05-18T22:30:00+00:00,2026-05-19T07:15:00+00:00,20442,0.000000,525,72d691472c13d58ca867a99c20c0b801c43eef9629a5a78e394467d4bc84dfe8,2026-10-04T00:38:32+00:00
GC_bbo-1m/2026/2026-05-20.dbn.zst,GC.v.0,bbo-1m,2026-05-20,2026-05-19T22:30:00+00:00,2026-05-20T07:15:00+00:00,20418,0.000000,525,59502261563d64ab1dad4c428ab7acff81999491274cff56fbdebb4a82d5dd9f,2026-10-04T00:38:34+00:00
GC_bbo-1m/2026/2026-05-21.dbn.zst,GC.v.0,bbo-1m,2026-05-21,2026-05-20T22:30:00+00:00,2026-05-21T07:15:00+00:00,19951,0.000000,525,a8364cf62fbb96b99a8498f4a3614cbaf14b73c35dd6b917d2d8d1c01a9ead8a,2026-10-04T00:38:55+00:00
GC_bbo-1m/2026/2026-05-22.dbn.zst,GC.v.0,bbo-1m,2026-05-22,2026-05-21T22:30:00+00:00,2026-05-22T07:15:00+00:00,19127,0.000000,525,d463d774a373979b745633d9b5801ae489c194966c1b369fc9729a061d553a16,2026-10-04T00:38:36+00:00
GC_bbo-1m/2026/2026-05-25.dbn.zst,GC.v.0,bbo-1m,2026-05-25,2026-05-24T22:30:00+00:00,2026-05-25T07:15:00+00:00,19294,0.000000,525,0046472d58d65a3f596df8e2d8aacef553d6e4ef95d662550b8c559a556d5feb,2026-10-04T00:38:34+00:00
GC_bbo-1m/2026/2026-05-26.dbn.zst,GC.v.0,bbo-1m,2026-05-26,2026-05-25T22:30:00+00:00,2026-05-26T07:15:00+00:00,20044,0.000000,525,acaca2f5d508ed84121763cf2c1fb3993711fee4f73e576dc9a882d9a999d3d3,2026-10-04T00:38:36+00:00
GC_bbo-1m/2026/2026-05-27.dbn.zst,GC.v.0,bbo-1m,2026-05-27,2026-05-26T22:30:00+00:00,2026-05-27T07:15:00+00:00,19156,0.000000,520,cee4048a5e29ca332db7b27af66b4bd6797302b7d2fc669f8bf5614fc3cb8695,2026-10-04T00:38:36+00:00
GC_bbo-1m/2026/2026-05-28.dbn.zst,GC.v.0,bbo-1m,2026-05-28,2026-05-27T22:30:00+00:00,2026-05-28T07:15:00+00:00,10286,0.000000,323,178c7cfb77e850d129aa5cddc00a5adc5e956c63fe45c3c29c1bc572d5b6a3ca,2026-10-04T00:38:38+00:00
GC_bbo-1m/2026/2026-05-29.dbn.zst,GC.v.0,bbo-1m,2026-05-29,2026-05-28T22:30:00+00:00,2026-05-29T07:15:00+00:00,17262,0.000000,456,0c0a10ea227eaa274334eba2175c7a6826c9e7843641e404866d9b7567b65879,2026-10-04T00:38:37+00:00
GC_bbo-1m/2026/2026-06-01.dbn.zst,GC.v.0,bbo-1m,2026-06-01,2026-05-31T22:30:00+00:00,2026-06-01T07:15:00+00:00,19827,0.000000,525,9cfd2423de089207cdd4d49dd84d95980380d878fc9e71e265910ef21d9c760a,2026-10-04T00:38:40+00:00
GC_bbo-1m/2026/2026-06-02.dbn.zst,GC.v.0,bbo-1m,2026-06-02,2026-06-01T22:30:00+00:00,2026-06-02T07:15:00+00:00,20564,0.000000,525,f922c6a27f65c5e2428f990636cfe7f2c8b35e1ac54e0044b551126bf3301963,2026-10-04T00:38:45+00:00
GC_bbo-1m/2026/2026-06-03.dbn.zst,GC.v.0,bbo-1m,2026-06-03,2026-06-02T22:30:00+00:00,2026-06-03T07:15:00+00:00,20069,0.000000,525,0d763f50c3a1c5a48a57f5c96292c27811d9ddf89dbbca521b4f76efebbe7d5c,2026-10-04T00:38:42+00:00
GC_bbo-1m/2026/2026-06-04.dbn.zst,GC.v.0,bbo-1m,2026-06-04,2026-06-03T22:30:00+00:00,2026-06-04T07:15:00+00:00,20166,0.000000,525,f9472ccccef5fb40c728a4a20b7f639fbddbb66d08ff53d13508966928041477,2026-10-04T00:38:47+00:00
GC_bbo-1m/2026/2026-06-05.dbn.zst,GC.v.0,bbo-1m,2026-06-05,2026-06-04T22:30:00+00:00,2026-06-05T07:15:00+00:00,20140,0.000000,525,82f60bbac58c3f181a6bd5d4df491c29a4ed7885731f33bae0bf692c4614436e,2026-10-04T00:38:41+00:00
GC_bbo-1m/2026/2026-06-08.dbn.zst,GC.v.0,bbo-1m,2026-06-08,2026-06-07T22:30:00+00:00,2026-06-08T07:15:00+00:00,20779,0.000000,525,67ff070d1f8c8ca67fb4f764b1e086a0fa50254513dbe57fc25327492dcb0313,2026-10-04T00:38:43+00:00
GC_bbo-1m/2026/2026-06-09.dbn.zst,GC.v.0,bbo-1m,2026-06-09,2026-06-08T22:30:00+00:00,2026-06-09T07:15:00+00:00,19595,0.000000,525,addd4e66c264bbad134ace1e059f7af27a6c03d686b8c4aa6fb05fdda488ee55,2026-10-04T00:38:44+00:00
GC_bbo-1m/2026/2026-06-10.dbn.zst,GC.v.0,bbo-1m,2026-06-10,2026-06-09T22:30:00+00:00,2026-06-10T07:15:00+00:00,21174,0.000000,525,2822536dcf2b2bc8f068dc36de60b4a1b30a178d6cf00fc78a46259a28832d76,2026-10-04T00:38:44+00:00
GC_bbo-1m/2026/2026-06-11.dbn.zst,GC.v.0,bbo-1m,2026-06-11,2026-06-10T22:30:00+00:00,2026-06-11T07:15:00+00:00,21295,0.000000,525,36c7fb24c696ceb4a834222633f7d18711d2113ec642baac365b617fda026808,2026-10-04T00:39:03+00:00
GC_bbo-1m/2026/2026-06-12.dbn.zst,GC.v.0,bbo-1m,2026-06-12,2026-06-11T22:30:00+00:00,2026-06-12T07:15:00+00:00,20482,0.000000,525,febf616d7db786e692f2a805522489d6396e86a73d8ad608f4e509224a9f9b71,2026-10-04T00:38:47+00:00
GC_bbo-1m/2026/2026-06-15.dbn.zst,GC.v.0,bbo-1m,2026-06-15,2026-06-14T22:30:00+00:00,2026-06-15T07:15:00+00:00,20225,0.000000,525,7d3432f85a20a794ba9e8efb9ff30078a4f5a02c438048ca4a771bf00a9f1d99,2026-10-04T00:38:50+00:00
GC_bbo-1m/2026/2026-06-16.dbn.zst,GC.v.0,bbo-1m,2026-06-16,2026-06-15T22:30:00+00:00,2026-06-16T07:15:00+00:00,19162,0.000000,525,99ba2cb14747905cbb02c722bb1b7ebb017e8336bc9220b1013ab69f5de54225,2026-10-04T00:38:51+00:00
GC_bbo-1m/2026/2026-06-17.dbn.zst,GC.v.0,bbo-1m,2026-06-17,2026-06-16T22:30:00+00:00,2026-06-17T07:15:00+00:00,19018,0.000000,525,cd066f3b56e77bb7607446ea933143a1d1f6c1a5663bc331802398dcf32c9803,2026-10-04T00:38:51+00:00
GC_bbo-1m/2026/2026-06-18.dbn.zst,GC.v.0,bbo-1m,2026-06-18,2026-06-17T22:30:00+00:00,2026-06-18T07:15:00+00:00,20554,0.000000,525,9184d3b818a7433c777115489e965761903d89ac1e46e2c6addae0af83337840,2026-10-04T00:39:14+00:00
GC_bbo-1m/2026/2026-06-19.dbn.zst,GC.v.0,bbo-1m,2026-06-19,2026-06-18T22:30:00+00:00,2026-06-19T07:15:00+00:00,20675,0.000000,525,4733026465b981d6e78ce77d90c7d9b6e462e9f5d505cbd17b18eb78ef10a9db,2026-10-04T00:38:54+00:00
GC_bbo-1m/2026/2026-06-22.dbn.zst,GC.v.0,bbo-1m,2026-06-22,2026-06-21T22:30:00+00:00,2026-06-22T07:15:00+00:00,20811,0.000000,525,959d72c884273f0b6489b86a5f5df5d4ae6c2639b69b22b87f4c17f5a011bae9,2026-10-04T00:38:55+00:00
GC_bbo-1m/2026/2026-06-23.dbn.zst,GC.v.0,bbo-1m,2026-06-23,2026-06-22T22:30:00+00:00,2026-06-23T07:15:00+00:00,20774,0.000000,525,b00bdf982d92a02e662d8b1afd51120d8537f6d68e38895d4303a9f38db3d6ee,2026-10-04T00:38:59+00:00
GC_bbo-1m/2026/2026-06-24.dbn.zst,GC.v.0,bbo-1m,2026-06-24,2026-06-23T22:30:00+00:00,2026-06-24T07:15:00+00:00,20767,0.000000,525,b8b0afc63e25e8d84c703b429a437cf507da55b839ce594f75e244180271bdee,2026-10-04T00:38:57+00:00
GC_bbo-1m/2026/2026-06-25.dbn.zst,GC.v.0,bbo-1m,2026-06-25,2026-06-24T22:30:00+00:00,2026-06-25T07:15:00+00:00,20374,0.000000,525,eb4e4049d2caff77cc8baf0374449c01b68243c1e2dec875c3b5da64ed9a089d,2026-10-04T00:39:00+00:00
GC_bbo-1m/2026/2026-06-26.dbn.zst,GC.v.0,bbo-1m,2026-06-26,2026-06-25T22:30:00+00:00,2026-06-26T07:15:00+00:00,20255,0.000000,525,ff2102e5387c0f1b2d2345ea8c46394e4ef0e442de7a7f31982d8abb115c7336,2026-10-04T00:39:06+00:00
GC_bbo-1m/2026/2026-06-29.dbn.zst,GC.v.0,bbo-1m,2026-06-29,2026-06-28T22:30:00+00:00,2026-06-29T07:15:00+00:00,19635,0.000000,525,1d012bcdd9e3b3f246c64b8e36ef7a4c36da66585c6421d968c34b7e01926009,2026-10-04T00:39:15+00:00
GC_bbo-1m/2026/2026-06-30.dbn.zst,GC.v.0,bbo-1m,2026-06-30,2026-06-29T22:30:00+00:00,2026-06-30T07:15:00+00:00,21071,0.000000,525,0cb6ff69a0cbc2fd082a1f37d17e05bd1d431f56bbdff9f3667e378070481b5f,2026-10-04T00:39:09+00:00
GC_bbo-1m/2026/2026-07-01.dbn.zst,GC.v.0,bbo-1m,2026-07-01,2026-06-30T22:30:00+00:00,2026-07-01T07:15:00+00:00,20071,0.000000,525,aa9e4f409678738f119b8c172841ca88798975467d93aee19380d1893a022a29,2026-10-04T00:39:18+00:00
GC_bbo-1m/2026/2026-07-02.dbn.zst,GC.v.0,bbo-1m,2026-07-02,2026-07-01T22:30:00+00:00,2026-07-02T07:15:00+00:00,20178,0.000000,525,b512e2502196d916fe42be8de8525482d7cbcf1e95fb93d9695c6d9ebc734773,2026-10-04T00:39:06+00:00
GC_bbo-1m/2026/2026-07-03.dbn.zst,GC.v.0,bbo-1m,2026-07-03,2026-07-02T22:30:00+00:00,2026-07-03T07:15:00+00:00,19932,0.000000,525,d05138a3a59a2526437ce01e06ce4eaf4c784fd77d23163a319f1cac47d37587,2026-10-04T00:39:09+00:00
GC_bbo-1m/2026/2026-07-06.dbn.zst,GC.v.0,bbo-1m,2026-07-06,2026-07-05T22:30:00+00:00,2026-07-06T07:15:00+00:00,20078,0.000000,525,f55210e90d7b67eab4cf50eb4a6e27d4883fa92a0d1dd357e266d88df16b3d55,2026-10-04T00:39:08+00:00
GC_bbo-1m/2026/2026-07-07.dbn.zst,GC.v.0,bbo-1m,2026-07-07,2026-07-06T22:30:00+00:00,2026-07-07T07:15:00+00:00,19856,0.000000,525,f071f5a4f4e127f0543aeca8ba15da42eec6976345dce74f26e8844e1c5c8367,2026-10-04T00:39:11+00:00
GC_bbo-1m/2026/2026-07-08.dbn.zst,GC.v.0,bbo-1m,2026-07-08,2026-07-07T22:30:00+00:00,2026-07-08T07:15:00+00:00,19757,0.000000,525,590c120698c95185e151a0c75de6e784287671b2d654ac9be08858d347daab38,2026-10-04T00:39:13+00:00
GC_bbo-1m/2026/2026-07-09.dbn.zst,GC.v.0,bbo-1m,2026-07-09,2026-07-08T22:30:00+00:00,2026-07-09T07:15:00+00:00,19942,0.000000,525,82ef8f248d51d746a15fafd70c4face00462bca0665a0d4cb4d69566307cfbd6,2026-10-04T00:39:15+00:00
GC_bbo-1m/2026/2026-07-10.dbn.zst,GC.v.0,bbo-1m,2026-07-10,2026-07-09T22:30:00+00:00,2026-07-10T07:15:00+00:00,18836,0.000000,525,a990ac91f84f578a5b4e1ceecd79719d5b3cb622c73f19fa9650b5b485b09382,2026-10-04T00:39:14+00:00
GC_bbo-1m/2026/2026-07-13.dbn.zst,GC.v.0,bbo-1m,2026-07-13,2026-07-12T22:30:00+00:00,2026-07-13T07:15:00+00:00,19851,0.000000,525,23c444bff46c1193fea52804624438685c496580942d174f5e19ee9d8dae25fc,2026-10-04T00:39:15+00:00
GC_bbo-1m/2026/2026-07-14.dbn.zst,GC.v.0,bbo-1m,2026-07-14,2026-07-13T22:30:00+00:00,2026-07-14T07:15:00+00:00,19665,0.000000,525,065ea4b085c3f2357b8e420dc4717d76171a23e56e1603a5b2a46133fd1ada58,2026-10-04T00:39:18+00:00
GC_bbo-1m/2026/2026-07-15.dbn.zst,GC.v.0,bbo-1m,2026-07-15,2026-07-14T22:30:00+00:00,2026-07-15T07:15:00+00:00,19424,0.000000,525,cec0164d89c5ba5abe8e8d6d8d4318f24db38028223d9c5027b410f860dd739c,2026-10-04T00:39:21+00:00
GC_bbo-1m/2026/2026-07-16.dbn.zst,GC.v.0,bbo-1m,2026-07-16,2026-07-15T22:30:00+00:00,2026-07-16T07:15:00+00:00,19218,0.000000,525,f814c577d85c6854355a5b81e46bfb94802fb757042f0c31cd6c00e7144ac543,2026-10-04T00:39:19+00:00
GC_bbo-1m/2026/2026-07-17.dbn.zst,GC.v.0,bbo-1m,2026-07-17,2026-07-16T22:30:00+00:00,2026-07-17T07:15:00+00:00,19692,0.000000,525,7e79f55cba217a61f034e9623779109324b5580294bfd9f5c31b79e8a9db1ffa,2026-10-04T00:39:20+00:00
GC_bbo-1m/2026/2026-07-20.dbn.zst,GC.v.0,bbo-1m,2026-07-20,2026-07-19T22:30:00+00:00,2026-07-20T07:15:00+00:00,19530,0.000000,525,f738eaf44e14a866330d8f104fd0f879f63fe6de33bd1e1d9b2d670796e9a8c1,2026-10-04T00:39:21+00:00
GC_bbo-1m/2026/2026-07-21.dbn.zst,GC.v.0,bbo-1m,2026-07-21,2026-07-20T22:30:00+00:00,2026-07-21T07:15:00+00:00,20694,0.000000,525,425f5eef3d66835ea43899fe1dc638610fcf263947b985d8b1316fc57e921be2,2026-10-04T00:39:20+00:00
GC_bbo-1m/2026/2026-07-22.dbn.zst,GC.v.0,bbo-1m,2026-07-22,2026-07-21T22:30:00+00:00,2026-07-22T07:15:00+00:00,20035,0.000000,525,07c7ff64648f6ce82fe16ee0409e14b9bc5d9c39c5312d657ab500e3fe6beb2b,2026-10-04T00:39:29+00:00
GC_bbo-1m/2026/2026-07-23.dbn.zst,GC.v.0,bbo-1m,2026-07-23,2026-07-22T22:30:00+00:00,2026-07-23T07:15:00+00:00,19338,0.000000,525,a7f0dd4a774a3edfd883966f72db125ce4996c607eac4ab9344760be35c84a3d,2026-10-04T00:39:25+00:00
GC_bbo-1m/2026/2026-07-24.dbn.zst,GC.v.0,bbo-1m,2026-07-24,2026-07-23T22:30:00+00:00,2026-07-24T07:15:00+00:00,18887,0.000000,525,8cda94ae79c3f79804e1762f4a4ce4a6fc3b6587db0f25b733b56e19b4036abd,2026-10-04T00:39:26+00:00
GC_bbo-1m/2026/2026-07-27.dbn.zst,GC.v.0,bbo-1m,2026-07-27,2026-07-26T22:30:00+00:00,2026-07-27T07:15:00+00:00,19569,0.000000,525,156b4d4c0396614fb27d756f6ad36a58b9b4499510bae84a412a88c9d9d28cee,2026-10-04T00:39:26+00:00
GC_bbo-1m/2026/2026-07-28.dbn.zst,GC.v.0,bbo-1m,2026-07-28,2026-07-27T22:30:00+00:00,2026-07-28T07:15:00+00:00,19174,0.000000,525,3f5fe6db2ba8a2a0aacc1c8f9d0eb2cb27c49eb0867e0fa2b2c1bf8afd4ff5ab,2026-10-04T00:39:26+00:00
GC_bbo-1m/2026/2026-07-29.dbn.zst,GC.v.0,bbo-1m,2026-07-29,2026-07-28T22:30:00+00:00,2026-07-29T07:15:00+00:00,18921,0.000000,525,cf70adaf0940c18f834bb387501e4881948e229db3842e1976dd37a50b2b86ce,2026-10-04T00:39:28+00:00
GC_bbo-1m/2026/2026-07-30.dbn.zst,GC.v.0,bbo-1m,2026-07-30,2026-07-29T22:30:00+00:00,2026-07-30T07:15:00+00:00,10845,0.000000,339,c392d0aa4afab6f12ea7233486e086a4f81db5b09762b8463825516900851520,2026-10-04T00:39:32+00:00
GC_bbo-1m/2026/2026-07-31.dbn.zst,GC.v.0,bbo-1m,2026-07-31,2026-07-30T22:30:00+00:00,2026-07-31T07:15:00+00:00,16414,0.000000,435,824fe5cc97d874d42b28bac6ff6c7f97a61830378b25585371366d57abff8cb6,2026-10-04T00:39:26+00:00
GC_bbo-1m/2026/2026-08-03.dbn.zst,GC.v.0,bbo-1m,2026-08-03,2026-08-02T22:30:00+00:00,2026-08-03T07:15:00+00:00,19442,0.000000,525,1fa2dab96d4668a6f10f67b9f753b662c9ce6bb826632ad7d853a639ecf5d31d,2026-10-04T00:39:30+00:00
GC_bbo-1m/2026/2026-08-04.dbn.zst,GC.v.0,bbo-1m,2026-08-04,2026-08-03T22:30:00+00:00,2026-08-04T07:15:00+00:00,19146,0.000000,525,90050bdab0bc934e3295a2386860bb510f45a636cb67889acd3ed70d9d1deb75,2026-10-04T00:39:31+00:00
GC_bbo-1m/2026/2026-08-05.dbn.zst,GC.v.0,bbo-1m,2026-08-05,2026-08-04T22:30:00+00:00,2026-08-05T07:15:00+00:00,21060,0.000000,525,25d99e7f87b5d1612caf9218ea9fddd61e8943fad5ae3b1e621b27e644305f23,2026-10-04T00:39:37+00:00
GC_bbo-1m/2026/2026-08-06.dbn.zst,GC.v.0,bbo-1m,2026-08-06,2026-08-05T22:30:00+00:00,2026-08-06T07:15:00+00:00,20576,0.000000,525,4e477ec65ec6c61f5146afe40d7179b99cc09007a8164d540f33e0c0748db789,2026-10-04T00:39:49+00:00
GC_bbo-1m/2026/2026-08-07.dbn.zst,GC.v.0,bbo-1m,2026-08-07,2026-08-06T22:30:00+00:00,2026-08-07T07:15:00+00:00,20601,0.000000,525,56cf663d45de1552c6e7dcbbc76233e14880ff5d7e8ebced03c7707d8e9a1b6e,2026-10-04T00:39:32+00:00
GC_bbo-1m/2026/2026-08-10.dbn.zst,GC.v.0,bbo-1m,2026-08-10,2026-08-09T22:30:00+00:00,2026-08-10T07:15:00+00:00,20123,0.000000,525,3d395c15caf6fad490a25b8e8b3bd9bf54d3236f98ec99a92146b2d3321fb3c6,2026-10-04T00:39:39+00:00
GC_bbo-1m/2026/2026-08-11.dbn.zst,GC.v.0,bbo-1m,2026-08-11,2026-08-10T22:30:00+00:00,2026-08-11T07:15:00+00:00,20784,0.000000,525,7fccd1f68bb8323efed66452a8670bead4ca5c079277458156af6282a2e9e3e0,2026-10-04T00:39:37+00:00
GC_bbo-1m/2026/2026-08-12.dbn.zst,GC.v.0,bbo-1m,2026-08-12,2026-08-11T22:30:00+00:00,2026-08-12T07:15:00+00:00,20432,0.000000,525,df8516b5099c3622952ede8da9ff7ce4a880552afa6c857082db21cb50dbf5cd,2026-10-04T00:39:39+00:00
GC_bbo-1m/2026/2026-08-13.dbn.zst,GC.v.0,bbo-1m,2026-08-13,2026-08-12T22:30:00+00:00,2026-08-13T07:15:00+00:00,20556,0.000000,525,c34c6c586c04ae00df14d5eaaea85b2cb7a701dc59a4111f150bf94850136b22,2026-10-04T00:39:37+00:00
GC_bbo-1m/2026/2026-08-14.dbn.zst,GC.v.0,bbo-1m,2026-08-14,2026-08-13T22:30:00+00:00,2026-08-14T07:15:00+00:00,20139,0.000000,525,a4995e7a4d2f010039cdd319d78855a8f03dfaa55cbbbb5478a344b4028679b7,2026-10-04T00:39:38+00:00
GC_bbo-1m/2026/2026-08-17.dbn.zst,GC.v.0,bbo-1m,2026-08-17,2026-08-16T22:30:00+00:00,2026-08-17T07:15:00+00:00,19887,0.000000,525,5f2dd609e6c464c7c4561609ad3559e51cb98ac730a3f27b19fbe99b776645af,2026-10-04T00:39:43+00:00
GC_bbo-1m/2026/2026-08-18.dbn.zst,GC.v.0,bbo-1m,2026-08-18,2026-08-17T22:30:00+00:00,2026-08-18T07:15:00+00:00,20080,0.000000,525,178634ac3759a5a9f12e3b37759472d763a5a29d38249a26b5607ab8fcad88f6,2026-10-04T00:39:44+00:00
GC_bbo-1m/2026/2026-08-19.dbn.zst,GC.v.0,bbo-1m,2026-08-19,2026-08-18T22:30:00+00:00,2026-08-19T07:15:00+00:00,19981,0.000000,525,259eb0a16d740870ba51fead9be5bb38c7f2e60ec8d6223f064f5153ce2df4d8,2026-10-04T00:39:44+00:00
GC_bbo-1m/2026/2026-08-20.dbn.zst,GC.v.0,bbo-1m,2026-08-20,2026-08-19T22:30:00+00:00,2026-08-20T07:15:00+00:00,19888,0.000000,525,fae2fdbb959d38cf8cfcd0e4c610c25f692336f0810bc5106bfda3c9b234e3e3,2026-10-04T00:39:44+00:00
GC_bbo-1m/2026/2026-08-21.dbn.zst,GC.v.0,bbo-1m,2026-08-21,2026-08-20T22:30:00+00:00,2026-08-21T07:15:00+00:00,20405,0.000000,525,9f4ffe708de8a8cb86623381b287ea676503053981a0cad6c2884b0243f51475,2026-10-04T00:39:45+00:00
GC_bbo-1m/2026/2026-08-24.dbn.zst,GC.v.0,bbo-1m,2026-08-24,2026-08-23T22:30:00+00:00,2026-08-24T07:15:00+00:00,20575,0.000000,525,5973fb13b8e3d5752bc020406777d956a8c0c7a6ddd484ea4e8cb60eb4fe9c00,2026-10-04T00:39:50+00:00
GC_bbo-1m/2026/2026-08-25.dbn.zst,GC.v.0,bbo-1m,2026-08-25,2026-08-24T22:30:00+00:00,2026-08-25T07:15:00+00:00,21085,0.000000,525,69a6fd7032960286f7d4b728006321e34e684b25a2bfe214aeb56c56bf5168cb,2026-10-04T00:39:47+00:00
GC_bbo-1m/2026/2026-08-26.dbn.zst,GC.v.0,bbo-1m,2026-08-26,2026-08-25T22:30:00+00:00,2026-08-26T07:15:00+00:00,20190,0.000000,525,8373d225852d94e1c427e898a6a2590628990e56cdc78773402b0b5209c55543,2026-10-04T00:39:49+00:00
GC_bbo-1m/2026/2026-08-27.dbn.zst,GC.v.0,bbo-1m,2026-08-27,2026-08-26T22:30:00+00:00,2026-08-27T07:15:00+00:00,20181,0.000000,525,adb886c7316afb93559ec10e32b4a3b8aa0d5fdbe950fea4ddd67c7e056e5ea4,2026-10-04T00:39:58+00:00
GC_bbo-1m/2026/2026-08-28.dbn.zst,GC.v.0,bbo-1m,2026-08-28,2026-08-27T22:30:00+00:00,2026-08-28T07:15:00+00:00,19995,0.000000,525,b9f9079d95cae358a55be8797a36843239392107ca59cef91926a511aae9f556,2026-10-04T00:39:53+00:00
GC_bbo-1m/2026/2026-08-31.dbn.zst,GC.v.0,bbo-1m,2026-08-31,2026-08-30T22:30:00+00:00,2026-08-31T07:15:00+00:00,20997,0.000000,525,0ef55eec87f0c02818dcad6e503daf71655428017d0dca8271d397588aca9953,2026-10-04T00:39:53+00:00
GC_bbo-1m/2026/2026-09-01.dbn.zst,GC.v.0,bbo-1m,2026-09-01,2026-08-31T22:30:00+00:00,2026-09-01T07:15:00+00:00,19962,0.000000,525,b5e49afd8a9c58614b2cbcaee8b797fc5b0802d84b49e6375a4a038d88d71036,2026-10-04T00:39:51+00:00
GC_bbo-1m/2026/2026-09-02.dbn.zst,GC.v.0,bbo-1m,2026-09-02,2026-09-01T22:30:00+00:00,2026-09-02T07:15:00+00:00,20536,0.000000,525,abdeea1152116e7fd992e2534ff20c1cd30b343c591b8be0ef784995d2ee5e78,2026-10-04T00:39:54+00:00
GC_bbo-1m/2026/2026-09-03.dbn.zst,GC.v.0,bbo-1m,2026-09-03,2026-09-02T22:30:00+00:00,2026-09-03T07:15:00+00:00,20420,0.000000,525,6e4bb19b18f4f7ef6f17c12d535f4e071bb901f32caa2d5f469ce574e45ca8a6,2026-10-04T00:40:04+00:00
GC_bbo-1m/2026/2026-09-04.dbn.zst,GC.v.0,bbo-1m,2026-09-04,2026-09-03T22:30:00+00:00,2026-09-04T07:15:00+00:00,19105,0.000000,525,76a7da2656930c2a5b3094bb0890a49f5b0de8cf177b1139174349aaf3a67282,2026-10-04T00:39:59+00:00
GC_bbo-1m/2026/2026-09-07.dbn.zst,GC.v.0,bbo-1m,2026-09-07,2026-09-06T22:30:00+00:00,2026-09-07T07:15:00+00:00,16784,0.000000,525,a24a8e0ddf98d1a1363337d25968dbb19b5001ed9a423d8e00d0c93c67b0e685,2026-10-04T00:39:56+00:00
GC_bbo-1m/2026/2026-09-08.dbn.zst,GC.v.0,bbo-1m,2026-09-08,2026-09-07T22:30:00+00:00,2026-09-08T07:15:00+00:00,16741,0.000000,525,ca15bdf5ac5957a3487027b5100f7f45c9549ace53de5530aaff431ba08cbf75,2026-10-04T00:39:57+00:00
GC_bbo-1m/2026/2026-09-09.dbn.zst,GC.v.0,bbo-1m,2026-09-09,2026-09-08T22:30:00+00:00,2026-09-09T07:15:00+00:00,16893,0.000000,525,e29a6afa61452e264b6870fd6461d042c5bb07259ecee1eadec0cc839ed246ca,2026-10-04T00:40:00+00:00
GC_bbo-1m/2026/2026-09-10.dbn.zst,GC.v.0,bbo-1m,2026-09-10,2026-09-09T22:30:00+00:00,2026-09-10T07:15:00+00:00,16401,0.000000,525,e869c4fa74b4f04d320f08c918e1712c0fc056f879807de24c709c896296e18d,2026-10-04T00:40:00+00:00
GC_bbo-1m/2026/2026-09-11.dbn.zst,GC.v.0,bbo-1m,2026-09-11,2026-09-10T22:30:00+00:00,2026-09-11T07:15:00+00:00,16922,0.000000,525,8809ac716ad6612652ff70698986cad7e5496bc850d20b5b9e913d3e5eadac01,2026-10-04T00:40:10+00:00
GC_bbo-1m/2026/2026-09-14.dbn.zst,GC.v.0,bbo-1m,2026-09-14,2026-09-13T22:30:00+00:00,2026-09-14T07:15:00+00:00,16394,0.000000,525,32fb642bcf1cdda09243a6632fd3b0edf11fe8d6e9495da41777a565c315b914,2026-10-04T00:40:01+00:00
GC_bbo-1m/2026/2026-09-15.dbn.zst,GC.v.0,bbo-1m,2026-09-15,2026-09-14T22:30:00+00:00,2026-09-15T07:15:00+00:00,16342,0.000000,525,5b6c2ed68361d054e7299756bf6833a9f877e09fa7a24e04233b786e7a9daa27,2026-10-04T00:40:02+00:00
GC_bbo-1m/2026/2026-09-16.dbn.zst,GC.v.0,bbo-1m,2026-09-16,2026-09-15T22:30:00+00:00,2026-09-16T07:15:00+00:00,16491,0.000000,525,006a03efbf85a8079352a0e844cc1593e22a95c8cb4d53d6c2676fc44d2bf4f7,2026-10-04T00:40:06+00:00
GC_bbo-1m/2026/2026-09-17.dbn.zst,GC.v.0,bbo-1m,2026-09-17,2026-09-16T22:30:00+00:00,2026-09-17T07:15:00+00:00,17370,0.000000,525,03b3da80f9ab75db153e6c24b78ac746f221e48db3e4f3e6e6cef8789166941e,2026-10-04T00:40:10+00:00
GC_bbo-1m/2026/2026-09-18.dbn.zst,GC.v.0,bbo-1m,2026-09-18,2026-09-17T22:30:00+00:00,2026-09-18T07:15:00+00:00,16654,0.000000,525,16969af0a729d1c09a9ad101e6f26c3b21811b19539274f5053a1da6698473be,2026-10-04T00:40:04+00:00
GC_tbbo/2024/2024-01-02.dbn.zst,GC.v.0,tbbo,2024-01-02,2024-01-01T23:30:00+00:00,2024-01-02T08:15:00+00:00,444818,0.035438,16735,49dc6d91f4056d375204ef71b8b65691f62a47fe971d82a955bfd4bc5bc8647f,2026-10-04T00:13:48+00:00
GC_tbbo/2024/2024-01-03.dbn.zst,GC.v.0,tbbo,2024-01-03,2024-01-02T23:30:00+00:00,2024-01-03T08:15:00+00:00,375325,0.029905,14209,f266a019f3734f5b399e97c5da8b7a0c337e93a807619189fdd5841c5a2d64d0,2026-10-04T00:13:48+00:00
GC_tbbo/2024/2024-01-04.dbn.zst,GC.v.0,tbbo,2024-01-04,2024-01-03T23:30:00+00:00,2024-01-04T08:15:00+00:00,415631,0.033349,15761,80b87e09d0d9aa68e3df41a40b310005bd766a2f793e0a02af4b6b9109b97ba1,2026-10-04T00:13:47+00:00
GC_tbbo/2024/2024-01-05.dbn.zst,GC.v.0,tbbo,2024-01-05,2024-01-04T23:30:00+00:00,2024-01-05T08:15:00+00:00,364282,0.028927,13641,1db7a0bd324cf7930c64d89c53a25ff562e422eefd5704af4d7c85a499f95e00,2026-10-04T00:13:46+00:00
GC_tbbo/2024/2024-01-08.dbn.zst,GC.v.0,tbbo,2024-01-08,2024-01-07T23:30:00+00:00,2024-01-08T08:15:00+00:00,563004,0.045211,21407,cfadb84e413ae9212a206bb730fcb644836c2ca091d14429e17b7430f8479675,2026-10-04T00:13:51+00:00
GC_tbbo/2024/2024-01-09.dbn.zst,GC.v.0,tbbo,2024-01-09,2024-01-08T23:30:00+00:00,2024-01-09T08:15:00+00:00,508163,0.040432,19068,e3adb0b6e9670671853bfee3dc74c234a7e79f462f002a382b00f05c645058c7,2026-10-04T00:13:48+00:00
GC_tbbo/2024/2024-01-10.dbn.zst,GC.v.0,tbbo,2024-01-10,2024-01-09T23:30:00+00:00,2024-01-10T08:15:00+00:00,494156,0.039572,18650,bb051e6c3b4dcf18b956bef5b7407c579f8d1088f67e3476c70a423332459df9,2026-10-04T00:13:50+00:00
GC_tbbo/2024/2024-01-11.dbn.zst,GC.v.0,tbbo,2024-01-11,2024-01-10T23:30:00+00:00,2024-01-11T08:15:00+00:00,373289,0.030039,14126,c7c1c980ff98376b520da64b3d91ef652fcaf22c54bd684de62936e23a3b4540,2026-10-04T00:13:47+00:00
GC_tbbo/2024/2024-01-12.dbn.zst,GC.v.0,tbbo,2024-01-12,2024-01-11T23:30:00+00:00,2024-01-12T08:15:00+00:00,437699,0.034979,16406,e20dcdf0ad09204992200c2526432427aaf5d394bb342044cd270aebd0f21827,2026-10-04T00:13:50+00:00
GC_tbbo/2024/2024-01-15.dbn.zst,GC.v.0,tbbo,2024-01-15,2024-01-14T23:30:00+00:00,2024-01-15T08:15:00+00:00,405860,0.031637,15057,45231904eab9d69e03eb6137fefc028603b00ca921799b521661f8f78919de1c,2026-10-04T00:13:59+00:00
GC_tbbo/2024/2024-01-16.dbn.zst,GC.v.0,tbbo,2024-01-16,2024-01-15T23:30:00+00:00,2024-01-16T08:15:00+00:00,416190,0.032780,15557,f64ff8d1df2f209f181e3489743b30fda78c4d450bbd20ee1cca091972196968,2026-10-04T00:13:55+00:00
GC_tbbo/2024/2024-01-17.dbn.zst,GC.v.0,tbbo,2024-01-17,2024-01-16T23:30:00+00:00,2024-01-17T08:15:00+00:00,657901,0.052311,24827,51d7951bc8b0f98ca48fc228593aac64c269ea08df882464834dccf1c494f2f0,2026-10-04T00:13:56+00:00
GC_tbbo/2024/2024-01-18.dbn.zst,GC.v.0,tbbo,2024-01-18,2024-01-17T23:30:00+00:00,2024-01-18T08:15:00+00:00,460007,0.036479,17221,cf8286767527759d84c248bb550b845bd35b8c69fc546f64f6a5ea9a5f5e3005,2026-10-04T00:13:53+00:00
GC_tbbo/2024/2024-01-19.dbn.zst,GC.v.0,tbbo,2024-01-19,2024-01-18T23:30:00+00:00,2024-01-19T08:15:00+00:00,410749,0.032705,15488,e6f9eec299bd84cc7e5ceb51a00d9718302c3c22c0c577bf91a4385d910f0d52,2026-10-04T00:13:53+00:00
GC_tbbo/2024/2024-01-22.dbn.zst,GC.v.0,tbbo,2024-01-22,2024-01-21T23:30:00+00:00,2024-01-22T08:15:00+00:00,473313,0.037799,17929,8ade328bb54e8504ea740ee775a043dc118a5b69fc02a8abdd3d9f1579fe65a3,2026-10-04T00:13:57+00:00
GC_tbbo/2024/2024-01-23.dbn.zst,GC.v.0,tbbo,2024-01-23,2024-01-22T23:30:00+00:00,2024-01-23T08:15:00+00:00,536346,0.043465,20603,14441fa991b20dbc0d6efb4f95796cfc95da0871a57d8ebd9cb15dd5a5c04ec4,2026-10-04T00:13:56+00:00
GC_tbbo/2024/2024-01-24.dbn.zst,GC.v.0,tbbo,2024-01-24,2024-01-23T23:30:00+00:00,2024-01-24T08:15:00+00:00,380670,0.030873,14467,3d6b138a7f7b6141fc1669e5c74a1521d4ff9c92461b27914038fd742e65e09e,2026-10-04T00:13:58+00:00
GC_tbbo/2024/2024-01-25.dbn.zst,GC.v.0,tbbo,2024-01-25,2024-01-24T23:30:00+00:00,2024-01-25T08:15:00+00:00,330964,0.026551,12421,5dfe3b10bb725300c0f771270e11e5c42caca2a77d9f6a59b4a47c999b8d85ac,2026-10-04T00:14:04+00:00
GC_tbbo/2024/2024-01-26.dbn.zst,GC.v.0,tbbo,2024-01-26,2024-01-25T23:30:00+00:00,2024-01-26T08:15:00+00:00,226447,0.017686,8368,6158cb218c0c578f418fd568138ac0aa2a055dc1f232e4a5259a3dc1223268d5,2026-10-04T00:14:02+00:00
GC_tbbo/2024/2024-01-29.dbn.zst,GC.v.0,tbbo,2024-01-29,2024-01-28T23:30:00+00:00,2024-01-29T08:15:00+00:00,305394,0.023899,11292,f1624adf7176de63fe7fc22d3d4402e6dc92f9b48dfb94205754bf4f2719dec7,2026-10-04T00:14:00+00:00
GC_tbbo/2024/2024-01-30.dbn.zst,GC.v.0,tbbo,2024-01-30,2024-01-29T23:30:00+00:00,2024-01-30T08:15:00+00:00,14762,0.001091,521,91b7354a5ce7dc725beb41aa130918cfbe0ceac7eb08446c42f051c5baf3e82d,2026-10-04T00:14:02+00:00
GC_tbbo/2024/2024-01-31.dbn.zst,GC.v.0,tbbo,2024-01-31,2024-01-30T23:30:00+00:00,2024-01-31T08:15:00+00:00,270024,0.021681,10202,4a3cc5f89d837b1f54fcc779b6dc7c3ff8593b4bac0e15fb9465fdd1f74fb26c,2026-10-04T00:14:08+00:00
GC_tbbo/2024/2024-02-01.dbn.zst,GC.v.0,tbbo,2024-02-01,2024-01-31T23:30:00+00:00,2024-02-01T08:15:00+00:00,428988,0.034580,16196,500c6c72e91b33576ab7a060f48266a8be089a4593d8afd1a199407bfa1523ee,2026-10-04T00:14:11+00:00
GC_tbbo/2024/2024-02-02.dbn.zst,GC.v.0,tbbo,2024-02-02,2024-02-01T23:30:00+00:00,2024-02-02T08:15:00+00:00,294258,0.023355,11060,57ca3922157ff637aeeff7c3f7a5f0435e493775b0dea459ce76be8a3db38059,2026-10-04T00:14:05+00:00
GC_tbbo/2024/2024-02-05.dbn.zst,GC.v.0,tbbo,2024-02-05,2024-02-04T23:30:00+00:00,2024-02-05T08:15:00+00:00,537628,0.043632,20371,bc999b6ea95fffdab56833014c287c9e1728ce879d7a6541905ee70f8eeef532,2026-10-04T00:14:09+00:00
GC_tbbo/2024/2024-02-06.dbn.zst,GC.v.0,tbbo,2024-02-06,2024-02-05T23:30:00+00:00,2024-02-06T08:15:00+00:00,293639,0.023778,11029,851635de04881e75ac731b222a44caaf3382e58ddf4b7e4816fcb370f6b75f14,2026-10-04T00:14:07+00:00
GC_tbbo/2024/2024-02-07.dbn.zst,GC.v.0,tbbo,2024-02-07,2024-02-06T23:30:00+00:00,2024-02-07T08:15:00+00:00,228678,0.018786,8647,966535324b5b554a162d5dd095ab323d7d473f9562d4184c6336b82a1bcc4e07,2026-10-04T00:14:10+00:00
GC_tbbo/2024/2024-02-08.dbn.zst,GC.v.0,tbbo,2024-02-08,2024-02-07T23:30:00+00:00,2024-02-08T08:15:00+00:00,306774,0.024880,11601,362a7a2366dc9b7f4b7649f716e96f4a6ccf5c95811022c740843376d5bdc187,2026-10-04T00:14:07+00:00
GC_tbbo/2024/2024-02-09.dbn.zst,GC.v.0,tbbo,2024-02-09,2024-02-08T23:30:00+00:00,2024-02-09T08:15:00+00:00,198042,0.016189,7461,f04aab3558a966e32e4bb9a411d8fc5ae7eee3f7f8565cb707cb709c449d70ae,2026-10-04T00:14:17+00:00
GC_tbbo/2024/2024-02-12.dbn.zst,GC.v.0,tbbo,2024-02-12,2024-02-11T23:30:00+00:00,2024-02-12T08:15:00+00:00,189482,0.015039,7067,a58355f93063c354566ac1883ca136194201f3139a4cc48c1ccfe018993ab818,2026-10-04T00:14:11+00:00
GC_tbbo/2024/2024-02-13.dbn.zst,GC.v.0,tbbo,2024-02-13,2024-02-12T23:30:00+00:00,2024-02-13T08:15:00+00:00,245087,0.019727,9263,48dfe7080d26225a0ceee76534f6a7e752b6a2c228a47056e322302f48a6c81b,2026-10-04T00:14:23+00:00
GC_tbbo/2024/2024-02-14.dbn.zst,GC.v.0,tbbo,2024-02-14,2024-02-13T23:30:00+00:00,2024-02-14T08:15:00+00:00,307534,0.025163,11689,0780b3b3985a137f262aaad5abe86dfd2fc372eac87a8f3d1de502706070eb08,2026-10-04T00:14:15+00:00
GC_tbbo/2024/2024-02-15.dbn.zst,GC.v.0,tbbo,2024-02-15,2024-02-14T23:30:00+00:00,2024-02-15T08:15:00+00:00,305003,0.026014,12170,e092cfa64ec7586b87b1b04a7a8d39fde42aa22aa33399d40f59d1fc7330d06d,2026-10-04T00:14:15+00:00
GC_tbbo/2024/2024-02-16.dbn.zst,GC.v.0,tbbo,2024-02-16,2024-02-15T23:30:00+00:00,2024-02-16T08:15:00+00:00,238743,0.019145,9022,bd5972ae3fedf2e14f16420782806fab4562232c8a81cc42cd5cc0ffc51dcb4f,2026-10-04T00:14:20+00:00
GC_tbbo/2024/2024-02-19.dbn.zst,GC.v.0,tbbo,2024-02-19,2024-02-18T23:30:00+00:00,2024-02-19T08:15:00+00:00,431635,0.034553,16460,290384fc2a952cbdefbcb2d23a933c413af954d7c1fc73f620589fc2097c8d3c,2026-10-04T00:14:15+00:00
GC_tbbo/2024/2024-02-20.dbn.zst,GC.v.0,tbbo,2024-02-20,2024-02-19T23:30:00+00:00,2024-02-20T08:15:00+00:00,280073,0.022564,10634,3a9b26578c22a28d34e035d7518baf4a4e4732602ece90adae0d469a17833b17,2026-10-04T00:14:17+00:00
GC_tbbo/2024/2024-02-21.dbn.zst,GC.v.0,tbbo,2024-02-21,2024-02-20T23:30:00+00:00,2024-02-21T08:15:00+00:00,328869,0.026780,12666,2716509e71eec70b0af63657823c600614690e643b6f86cd37efd68e464e6eb4,2026-10-04T00:14:15+00:00
GC_tbbo/2024/2024-02-22.dbn.zst,GC.v.0,tbbo,2024-02-22,2024-02-21T23:30:00+00:00,2024-02-22T08:15:00+00:00,404096,0.034361,15756,c53655d3ce2cd6b31c86e60790655665c4e49b91fbcaf2c1cce4bc0c4d86f869,2026-10-04T00:14:24+00:00
GC_tbbo/2024/2024-02-23.dbn.zst,GC.v.0,tbbo,2024-02-23,2024-02-22T23:30:00+00:00,2024-02-23T08:15:00+00:00,364088,0.030243,14107,814941140c6691681c5211b0150dfdd2de39f6f363d5ae3b0fa5c6556cc2b824,2026-10-04T00:14:23+00:00
GC_tbbo/2024/2024-02-26.dbn.zst,GC.v.0,tbbo,2024-02-26,2024-02-25T23:30:00+00:00,2024-02-26T08:15:00+00:00,352298,0.028090,13293,db5e765164469f3635b3ddbac2b1d00563896a2d45f84abaa669230388f718bc,2026-10-04T00:14:20+00:00
GC_tbbo/2024/2024-02-27.dbn.zst,GC.v.0,tbbo,2024-02-27,2024-02-26T23:30:00+00:00,2024-02-27T08:15:00+00:00,274867,0.022364,10557,5afec49faa2738279640156325e79b81d1be6dced8a92442a5b1e3aad5c0a46d,2026-10-04T00:14:25+00:00
GC_tbbo/2024/2024-02-28.dbn.zst,GC.v.0,tbbo,2024-02-28,2024-02-27T23:30:00+00:00,2024-02-28T08:15:00+00:00,324004,0.026158,12381,a6f8aece678fbf3953a342a0806d74e44efcfb4ca9eb19934cdb83dfbca498f7,2026-10-04T00:14:23+00:00
GC_tbbo/2024/2024-02-29.dbn.zst,GC.v.0,tbbo,2024-02-29,2024-02-28T23:30:00+00:00,2024-02-29T08:15:00+00:00,270389,0.021907,10296,5004dbf617c977723786e8b8ce425c4b20ece4cf539f41c95026e9ef80e5f8cb,2026-10-04T00:14:22+00:00
GC_tbbo/2024/2024-03-01.dbn.zst,GC.v.0,tbbo,2024-03-01,2024-02-29T23:30:00+00:00,2024-03-01T08:15:00+00:00,347845,0.029102,13558,440c4aef7d404d1259cbf10e75703d6a1e1956a5c63ceaa7e34db7452fb4ec36,2026-10-04T00:14:25+00:00
GC_tbbo/2024/2024-03-04.dbn.zst,GC.v.0,tbbo,2024-03-04,2024-03-03T23:30:00+00:00,2024-03-04T08:15:00+00:00,463475,0.038460,18030,46195243ed2b4da58b2f2479f2efdda53b856d7b36958bef6001e316aa3e93de,2026-10-04T00:14:29+00:00
GC_tbbo/2024/2024-03-05.dbn.zst,GC.v.0,tbbo,2024-03-05,2024-03-04T23:30:00+00:00,2024-03-05T08:15:00+00:00,520606,0.043365,20429,0f7c387fd71b19a954e3ecb3397c24784af89eb65116a69e5862ff13ca9bf15b,2026-10-04T00:14:26+00:00
GC_tbbo/2024/2024-03-06.dbn.zst,GC.v.0,tbbo,2024-03-06,2024-03-05T23:30:00+00:00,2024-03-06T08:15:00+00:00,398519,0.032436,15329,8129dd8b780ca5aa6ef737407fda0daf707a2301473ca004b3a038514777ab1f,2026-10-04T00:14:31+00:00
GC_tbbo/2024/2024-03-07.dbn.zst,GC.v.0,tbbo,2024-03-07,2024-03-06T23:30:00+00:00,2024-03-07T08:15:00+00:00,754647,0.061903,29405,95e63b4c042a5ede05700b6ff1e989751fc7dc1abeaa24e8ba0a28585f11d2de,2026-10-04T00:14:27+00:00
GC_tbbo/2024/2024-03-08.dbn.zst,GC.v.0,tbbo,2024-03-08,2024-03-07T23:30:00+00:00,2024-03-08T08:15:00+00:00,409479,0.033197,15726,f4b83617caefa2675985b52b8e4639a3f6bfb38bc5954db53cc52bab732209cc,2026-10-04T00:14:29+00:00
GC_tbbo/2024/2024-03-11.dbn.zst,GC.v.0,tbbo,2024-03-11,2024-03-10T22:30:00+00:00,2024-03-11T07:15:00+00:00,505762,0.040995,19541,115db73d4fe5d9c9578e3e348bf86e94593bc5260ded25679a16c1eaa981d4fe,2026-10-04T00:14:31+00:00
GC_tbbo/2024/2024-03-12.dbn.zst,GC.v.0,tbbo,2024-03-12,2024-03-11T22:30:00+00:00,2024-03-12T07:15:00+00:00,398255,0.032530,15430,230e9ef51c42889607110d88f413ffea55eae700f1fa7b5fc278e1f297e23c1b,2026-10-04T00:14:31+00:00
GC_tbbo/2024/2024-03-13.dbn.zst,GC.v.0,tbbo,2024-03-13,2024-03-12T22:30:00+00:00,2024-03-13T07:15:00+00:00,385077,0.031582,14932,ba8cdb2224898804749f1030bcff2daa87aec1ba4a96ecd836d696176d475e28,2026-10-04T00:14:30+00:00
GC_tbbo/2024/2024-03-14.dbn.zst,GC.v.0,tbbo,2024-03-14,2024-03-13T22:30:00+00:00,2024-03-14T07:15:00+00:00,323646,0.025987,12271,a1b202109a0669966bc2fc2e1b4e2c50fc20c0e13f2ae92cba5f492c059489b6,2026-10-04T00:14:32+00:00
GC_tbbo/2024/2024-03-15.dbn.zst,GC.v.0,tbbo,2024-03-15,2024-03-14T22:30:00+00:00,2024-03-15T07:15:00+00:00,321471,0.025547,12088,f2c35fe2e8b34287506b5b978387c93a5265a44912cdd899bedd7760d2149258,2026-10-04T00:14:47+00:00
GC_tbbo/2024/2024-03-18.dbn.zst,GC.v.0,tbbo,2024-03-18,2024-03-17T22:30:00+00:00,2024-03-18T07:15:00+00:00,511732,0.042086,20028,81756680588560dd50f27206443cf185bad80d1ac533acb1d388214e73fdbdb5,2026-10-04T00:14:35+00:00
GC_tbbo/2024/2024-03-19.dbn.zst,GC.v.0,tbbo,2024-03-19,2024-03-18T22:30:00+00:00,2024-03-19T07:15:00+00:00,411480,0.033310,15768,d09717555650ce2dfb6b499453e084204afbea0606c635c126734fa1818e3ec9,2026-10-04T00:14:34+00:00
GC_tbbo/2024/2024-03-20.dbn.zst,GC.v.0,tbbo,2024-03-20,2024-03-19T22:30:00+00:00,2024-03-20T07:15:00+00:00,241843,0.019118,9031,e48fddbc1fe12ebfddb14127c24f1148abf08d82c9a019df8b1a59ebe75e5056,2026-10-04T00:14:37+00:00
GC_tbbo/2024/2024-03-21.dbn.zst,GC.v.0,tbbo,2024-03-21,2024-03-20T22:30:00+00:00,2024-03-21T07:15:00+00:00,867459,0.070128,33407,6f93eb6cf592ae691602fe786002f81bfc26d396f83a65785b477c886f18a758,2026-10-04T00:14:38+00:00
GC_tbbo/2024/2024-03-22.dbn.zst,GC.v.0,tbbo,2024-03-22,2024-03-21T22:30:00+00:00,2024-03-22T07:15:00+00:00,451998,0.036898,16970,c69f07f3c13738fa7fc2e8292b98f2ff75f62b54cb6a6b3aa18c58e5add199c8,2026-10-04T00:14:39+00:00
GC_tbbo/2024/2024-03-25.dbn.zst,GC.v.0,tbbo,2024-03-25,2024-03-24T22:30:00+00:00,2024-03-25T07:15:00+00:00,598603,0.048685,23188,4500a943d3b307a1e304d5da81a366913d5778b0c1907a9a0510d1aa1f0df816,2026-10-04T00:14:37+00:00
GC_tbbo/2024/2024-03-26.dbn.zst,GC.v.0,tbbo,2024-03-26,2024-03-25T22:30:00+00:00,2024-03-26T07:15:00+00:00,252300,0.019668,9320,9d29da676c305feec4b8953300f460823a44e33ee1f5cfc2b51f5a33b5af6d6d,2026-10-04T00:14:37+00:00
GC_tbbo/2024/2024-03-27.dbn.zst,GC.v.0,tbbo,2024-03-27,2024-03-26T22:30:00+00:00,2024-03-27T07:15:00+00:00,26595,0.002161,979,c836d9f860ed4a7e08671e89f52f90e6fca6ca64005691cdbfce5802a25adca7,2026-10-04T00:14:41+00:00
GC_tbbo/2024/2024-03-28.dbn.zst,GC.v.0,tbbo,2024-03-28,2024-03-27T22:30:00+00:00,2024-03-28T07:15:00+00:00,375046,0.030312,14307,bad68258c8201016cbf26b35dc297596dab2f3a6e5da0318b1ca77bb45d9bc9a,2026-10-04T00:14:42+00:00
GC_tbbo/2024/2024-03-29.dbn.zst,GC.v.0,tbbo,2024-03-29,2024-03-28T22:30:00+00:00,2024-03-29T07:15:00+00:00,108,0.000000,0,52c35103eb575153873f8d3ed404f2f94fdb2de0d7a8ecbeb69d31e7c7f29c48,2026-10-04T00:14:43+00:00
GC_tbbo/2024/2024-04-01.dbn.zst,GC.v.0,tbbo,2024-04-01,2024-03-31T22:30:00+00:00,2024-04-01T07:15:00+00:00,804466,0.064454,30775,a1414eafcacb8b38457b4348c6a084d6fc7b65b708a96675324174c26772588e,2026-10-04T00:14:45+00:00
GC_tbbo/2024/2024-04-02.dbn.zst,GC.v.0,tbbo,2024-04-02,2024-04-01T22:30:00+00:00,2024-04-02T07:15:00+00:00,574388,0.045752,21690,080c25f4160af4a0d1427177be316808b31a80b3bc97ecb59840235db12db082,2026-10-04T00:14:42+00:00
GC_tbbo/2024/2024-04-03.dbn.zst,GC.v.0,tbbo,2024-04-03,2024-04-02T22:30:00+00:00,2024-04-03T07:15:00+00:00,685559,0.055828,26245,4979f7c01ca43add225d9504feed221c10d25e828eb4c745abaf36994d411957,2026-10-04T00:14:42+00:00
GC_tbbo/2024/2024-04-04.dbn.zst,GC.v.0,tbbo,2024-04-04,2024-04-03T22:30:00+00:00,2024-04-04T07:15:00+00:00,493337,0.040240,18757,3b351ae6de42c5b014c2516e38cb0b713ef2fd516161a98972a013e2632ff10e,2026-10-04T00:14:52+00:00
GC_tbbo/2024/2024-04-05.dbn.zst,GC.v.0,tbbo,2024-04-05,2024-04-04T22:30:00+00:00,2024-04-05T07:15:00+00:00,705417,0.056654,26768,9abbff4c484ebd81282935ecfd6003d58434d592520376f61df3e2949ad5e0d7,2026-10-04T00:14:47+00:00
GC_tbbo/2024/2024-04-08.dbn.zst,GC.v.0,tbbo,2024-04-08,2024-04-07T22:30:00+00:00,2024-04-08T07:15:00+00:00,1533405,0.124813,59514,eb172cf977e5c17e0f6389bb7d00239a5e2b1af4df2de7c4fd244d2dbcba8a8e,2026-10-04T00:14:48+00:00
GC_tbbo/2024/2024-04-09.dbn.zst,GC.v.0,tbbo,2024-04-09,2024-04-08T22:30:00+00:00,2024-04-09T07:15:00+00:00,699144,0.059126,26986,977be7d625f6a73f99a1f6c95c24d1742d79e8dcef099d2edd783cc30c701ffb,2026-10-04T00:14:47+00:00
GC_tbbo/2024/2024-04-10.dbn.zst,GC.v.0,tbbo,2024-04-10,2024-04-09T22:30:00+00:00,2024-04-10T07:15:00+00:00,650943,0.052684,24963,fb2917b3bfb73059aebbff727b63f9d70777265720c3b29940a6f57dbc70233d,2026-10-04T00:14:48+00:00
GC_tbbo/2024/2024-04-11.dbn.zst,GC.v.0,tbbo,2024-04-11,2024-04-10T22:30:00+00:00,2024-04-11T07:15:00+00:00,550632,0.044275,21002,2c16f7376dfe6c96db1171780d72614b95070af9e40722b692e0c824aca67674,2026-10-04T00:14:58+00:00
GC_tbbo/2024/2024-04-12.dbn.zst,GC.v.0,tbbo,2024-04-12,2024-04-11T22:30:00+00:00,2024-04-12T07:15:00+00:00,1082928,0.089492,42261,dfbe8a36e65cd681e2fe4073c8d14738bb04eed60ed9b514a219cad4587a1e0b,2026-10-04T00:14:50+00:00
GC_tbbo/2024/2024-04-15.dbn.zst,GC.v.0,tbbo,2024-04-15,2024-04-14T22:30:00+00:00,2024-04-15T07:15:00+00:00,1143341,0.093133,44152,ebe91e1298857f7bb863c8cd47b500ecc31f9b39f052c30b924ed610b16c0f26,2026-10-04T00:14:55+00:00
GC_tbbo/2024/2024-04-16.dbn.zst,GC.v.0,tbbo,2024-04-16,2024-04-15T22:30:00+00:00,2024-04-16T07:15:00+00:00,846030,0.068952,32734,021581ff2f48a344601128a5b09d9e9b0c71fd80b1fbd6d6dc01dd42ad0ffbba,2026-10-04T00:14:52+00:00
GC_tbbo/2024/2024-04-17.dbn.zst,GC.v.0,tbbo,2024-04-17,2024-04-16T22:30:00+00:00,2024-04-17T07:15:00+00:00,634350,0.052755,24998,3719419fd3fb18aa67ef13ebf244b2a9b65b347bb38ca8ee8182dab0e80d7f48,2026-10-04T00:14:52+00:00
GC_tbbo/2024/2024-04-18.dbn.zst,GC.v.0,tbbo,2024-04-18,2024-04-17T22:30:00+00:00,2024-04-18T07:15:00+00:00,598090,0.048359,22862,269d0c2319bc9b06b4d2d9575171fbe830b8e812d78175a794b4610119f66cfd,2026-10-04T00:14:53+00:00
GC_tbbo/2024/2024-04-19.dbn.zst,GC.v.0,tbbo,2024-04-19,2024-04-18T22:30:00+00:00,2024-04-19T07:15:00+00:00,1774433,0.149601,71268,f61dd380eee33a1fe40bad521fb4230f2b34e14906d7072df9032c8e6123d42d,2026-10-04T00:14:55+00:00
GC_tbbo/2024/2024-04-22.dbn.zst,GC.v.0,tbbo,2024-04-22,2024-04-21T22:30:00+00:00,2024-04-22T07:15:00+00:00,1017385,0.084780,40138,ec04924f8f6634c50c427eb392f1a644a7b07b086018a54a403598f8aba2963e,2026-10-04T00:14:58+00:00
GC_tbbo/2024/2024-04-23.dbn.zst,GC.v.0,tbbo,2024-04-23,2024-04-22T22:30:00+00:00,2024-04-23T07:15:00+00:00,1255517,0.105579,50182,087c59787783a5072e6f7adb51b55b4013035dc1071621a2890af596811ed148,2026-10-04T00:15:00+00:00
GC_tbbo/2024/2024-04-24.dbn.zst,GC.v.0,tbbo,2024-04-24,2024-04-23T22:30:00+00:00,2024-04-24T07:15:00+00:00,554117,0.045080,21402,7166fd7ee03d550bc00cac0ee7fb604ce811cdd463b844543187316cd3b10a0c,2026-10-04T00:14:59+00:00
GC_tbbo/2024/2024-04-25.dbn.zst,GC.v.0,tbbo,2024-04-25,2024-04-24T22:30:00+00:00,2024-04-25T07:15:00+00:00,554630,0.045977,21825,ff1a1f75ba495f0ede12c6246be3e88b3d81f7b23f47c4b82e573f0541ac8937,2026-10-04T00:15:00+00:00
GC_tbbo/2024/2024-04-26.dbn.zst,GC.v.0,tbbo,2024-04-26,2024-04-25T22:30:00+00:00,2024-04-26T07:15:00+00:00,438164,0.035784,16894,c8f6d79604a2b4f1ee96587399bb4d3aa0c9c3d481931be8a4fb3c5972a1a483,2026-10-04T00:14:59+00:00
GC_tbbo/2024/2024-04-29.dbn.zst,GC.v.0,tbbo,2024-04-29,2024-04-28T22:30:00+00:00,2024-04-29T07:15:00+00:00,677119,0.055667,26449,11ea4d184b86687adff8d9e3d4b8342ce3005ebdecd78f961fd0a6e718eb3a50,2026-10-04T00:15:00+00:00
GC_tbbo/2024/2024-04-30.dbn.zst,GC.v.0,tbbo,2024-04-30,2024-04-29T22:30:00+00:00,2024-04-30T07:15:00+00:00,537008,0.044494,20991,82473597fa82684a081c4eeb313c2821cd0442b482857683743d858007f6db75,2026-10-04T00:15:02+00:00
GC_tbbo/2024/2024-05-01.dbn.zst,GC.v.0,tbbo,2024-05-01,2024-04-30T22:30:00+00:00,2024-05-01T07:15:00+00:00,370613,0.030796,14589,8c7751f1e230d0fe66f429541cfa9d430924b337d6b6f039a82b899c74f43a78,2026-10-04T00:15:04+00:00
GC_tbbo/2024/2024-05-02.dbn.zst,GC.v.0,tbbo,2024-05-02,2024-05-01T22:30:00+00:00,2024-05-02T07:15:00+00:00,410074,0.033829,15708,bf6d8aceff3451a8b11d16b3182cae0d37b5387d340a3b5819e34119ae1c1d98,2026-10-04T00:15:08+00:00
GC_tbbo/2024/2024-05-03.dbn.zst,GC.v.0,tbbo,2024-05-03,2024-05-02T22:30:00+00:00,2024-05-03T07:15:00+00:00,348930,0.028493,13426,38a63a8522f8078f3561b71d8ea22680ed9dee5304572f98d9d3872b473e2f6c,2026-10-04T00:15:04+00:00
GC_tbbo/2024/2024-05-06.dbn.zst,GC.v.0,tbbo,2024-05-06,2024-05-05T22:30:00+00:00,2024-05-06T07:15:00+00:00,621390,0.051368,24282,4262f96a4ea94ac55118acce27fe1886d26a4bfd45ecb12e32f705fa6f8920bd,2026-10-04T00:15:05+00:00
GC_tbbo/2024/2024-05-07.dbn.zst,GC.v.0,tbbo,2024-05-07,2024-05-06T22:30:00+00:00,2024-05-07T07:15:00+00:00,410197,0.033443,15563,403bea81037c5d2269642df15f4d18631534caefae7f3f69834089edb703c552,2026-10-04T00:15:13+00:00
GC_tbbo/2024/2024-05-08.dbn.zst,GC.v.0,tbbo,2024-05-08,2024-05-07T22:30:00+00:00,2024-05-08T07:15:00+00:00,451140,0.037178,17635,4a9806f08e32190b8a0f214e94d6242f0f0ddf35f23920f79a4ff9fc4811d813,2026-10-04T00:15:09+00:00
GC_tbbo/2024/2024-05-09.dbn.zst,GC.v.0,tbbo,2024-05-09,2024-05-08T22:30:00+00:00,2024-05-09T07:15:00+00:00,404509,0.032751,15576,4ab30c46b0c7e20655a886c7b2e8e958c8676982c1a97ae9aa9ed92647dbe471,2026-10-04T00:15:05+00:00
GC_tbbo/2024/2024-05-10.dbn.zst,GC.v.0,tbbo,2024-05-10,2024-05-09T22:30:00+00:00,2024-05-10T07:15:00+00:00,677748,0.056089,26405,acadb514bcb5bf676758fe5331e1837cb1c140f3ea60f318b5b24f594397efa5,2026-10-04T00:15:07+00:00
GC_tbbo/2024/2024-05-13.dbn.zst,GC.v.0,tbbo,2024-05-13,2024-05-12T22:30:00+00:00,2024-05-13T07:15:00+00:00,444961,0.036051,17129,b9b4f9e276616797f48dd107b0fdaeba3be4777db1c4d16913c9c80d6fd75f52,2026-10-04T00:15:10+00:00
GC_tbbo/2024/2024-05-14.dbn.zst,GC.v.0,tbbo,2024-05-14,2024-05-13T22:30:00+00:00,2024-05-14T07:15:00+00:00,423803,0.034484,16319,5bf31c290bcb961cdd3d24bd9acbd20281de0a64ae1c915a53bdd4ed98ef694d,2026-10-04T00:15:10+00:00
GC_tbbo/2024/2024-05-15.dbn.zst,GC.v.0,tbbo,2024-05-15,2024-05-14T22:30:00+00:00,2024-05-15T07:15:00+00:00,409880,0.033523,15676,ac85cb6c09a13de838ffdd81d54cd43a27d76558cc406e357f4adce892f4cf3c,2026-10-04T00:15:11+00:00
GC_tbbo/2024/2024-05-16.dbn.zst,GC.v.0,tbbo,2024-05-16,2024-05-15T22:30:00+00:00,2024-05-16T07:15:00+00:00,574033,0.046223,21863,bda89d9c8795e8f6e9e7ec610bf8f6005a15cff30208cdf62b60d5e234133f80,2026-10-04T00:15:13+00:00
GC_tbbo/2024/2024-05-17.dbn.zst,GC.v.0,tbbo,2024-05-17,2024-05-16T22:30:00+00:00,2024-05-17T07:15:00+00:00,368465,0.029838,14148,8bd18c369f3a95de345455935875f413900dee6187f64b5767c8d29c13a114b4,2026-10-04T00:15:14+00:00
GC_tbbo/2024/2024-05-20.dbn.zst,GC.v.0,tbbo,2024-05-20,2024-05-19T22:30:00+00:00,2024-05-20T07:15:00+00:00,1080038,0.089240,42305,d0cfc6263af39efbfc559a62ce6b8f2a78d115568e40bf9f41ed382ce4253970,2026-10-04T00:15:15+00:00
GC_tbbo/2024/2024-05-21.dbn.zst,GC.v.0,tbbo,2024-05-21,2024-05-20T22:30:00+00:00,2024-05-21T07:15:00+00:00,940779,0.077094,36584,512412a9ecccbe35f1a6caa73b88bb14a58c63cdd0d23fa312e78e33507d7aa1,2026-10-04T00:15:16+00:00
GC_tbbo/2024/2024-05-22.dbn.zst,GC.v.0,tbbo,2024-05-22,2024-05-21T22:30:00+00:00,2024-05-22T07:15:00+00:00,508203,0.040805,19194,1a73f430af6e33be323fa4b7240e5c5c80a9faf8f25d778c5c76fad413e5aedc,2026-10-04T00:15:19+00:00
GC_tbbo/2024/2024-05-23.dbn.zst,GC.v.0,tbbo,2024-05-23,2024-05-22T22:30:00+00:00,2024-05-23T07:15:00+00:00,841815,0.069254,32540,cb4a82cef8db9faebbbd052fc07a64f043502058a784fdeb99ad0fa29b9328aa,2026-10-04T00:15:17+00:00
GC_tbbo/2024/2024-05-24.dbn.zst,GC.v.0,tbbo,2024-05-24,2024-05-23T22:30:00+00:00,2024-05-24T07:15:00+00:00,612021,0.049069,23274,6a052d951347e669ae4f07a2d05742e18dc5fa471f48e076381ff037e4ec7704,2026-10-04T00:15:25+00:00
GC_tbbo/2024/2024-05-27.dbn.zst,GC.v.0,tbbo,2024-05-27,2024-05-26T22:30:00+00:00,2024-05-27T07:15:00+00:00,394797,0.031751,15089,7bfdc8cd4438606486525fd69433ced45ec593d93ded8cd529d7b0337348bb7e,2026-10-04T00:15:17+00:00
GC_tbbo/2024/2024-05-28.dbn.zst,GC.v.0,tbbo,2024-05-28,2024-05-27T22:30:00+00:00,2024-05-28T07:15:00+00:00,494089,0.039189,18638,f7c709b191fba66449da41c5da930179c2d4c9fc52bba6f55f65bee8f54de62b,2026-10-04T00:15:19+00:00
GC_tbbo/2024/2024-05-29.dbn.zst,GC.v.0,tbbo,2024-05-29,2024-05-28T22:30:00+00:00,2024-05-29T07:15:00+00:00,261616,0.020492,9701,9255329f7465493f2e08923c0971d68b76cb79102c22ef02bd7893bc866a5f16,2026-10-04T00:15:18+00:00
GC_tbbo/2024/2024-05-30.dbn.zst,GC.v.0,tbbo,2024-05-30,2024-05-29T22:30:00+00:00,2024-05-30T07:15:00+00:00,32969,0.002601,1232,4c77df3005f42b7bac568085f75661c283872c5e8b9a55050a698fb785cc0d7a,2026-10-04T00:15:21+00:00
GC_tbbo/2024/2024-05-31.dbn.zst,GC.v.0,tbbo,2024-05-31,2024-05-30T22:30:00+00:00,2024-05-31T07:15:00+00:00,382184,0.030525,14508,b7e9f79581e111095bfd4bbf5da98f8bd3d294ddffd4aee333fc3059818bc4b1,2026-10-04T00:15:21+00:00
GC_tbbo/2024/2024-06-03.dbn.zst,GC.v.0,tbbo,2024-06-03,2024-06-02T22:30:00+00:00,2024-06-03T07:15:00+00:00,559817,0.045520,21393,e8f23fd69354c3f33c070693285b959da83c1b4a956892c863c193be16688c67,2026-10-04T00:15:25+00:00
GC_tbbo/2024/2024-06-04.dbn.zst,GC.v.0,tbbo,2024-06-04,2024-06-03T22:30:00+00:00,2024-06-04T07:15:00+00:00,416657,0.033381,15831,22b42890a2d9f117ef397fabe250da9a634528418adcf6c38b8084ef2a31117d,2026-10-04T00:15:25+00:00
GC_tbbo/2024/2024-06-05.dbn.zst,GC.v.0,tbbo,2024-06-05,2024-06-04T22:30:00+00:00,2024-06-05T07:15:00+00:00,456147,0.036904,17529,4d505f75b5cdef52ef32312b974d1b4a40bb3dfe0fc532fd1d075e2103b20ef8,2026-10-04T00:15:23+00:00
GC_tbbo/2024/2024-06-06.dbn.zst,GC.v.0,tbbo,2024-06-06,2024-06-05T22:30:00+00:00,2024-06-06T07:15:00+00:00,600117,0.048866,23288,a1b93edf6b9c3574b7e4f54b81d8307473e50a65f150ca99427919bc4cebd2ce,2026-10-04T00:15:27+00:00
GC_tbbo/2024/2024-06-07.dbn.zst,GC.v.0,tbbo,2024-06-07,2024-06-06T22:30:00+00:00,2024-06-07T07:15:00+00:00,606860,0.049400,23438,e7a03cf544f5494ab744ecc80f1a2010e7784c697434d96559342ef65c7313a0,2026-10-04T00:15:24+00:00
GC_tbbo/2024/2024-06-10.dbn.zst,GC.v.0,tbbo,2024-06-10,2024-06-09T22:30:00+00:00,2024-06-10T07:15:00+00:00,485977,0.039981,18590,de98ae54c494d6609857a4ea8045665d11725731dacf84a3e51af8f31233eb55,2026-10-04T00:15:26+00:00
GC_tbbo/2024/2024-06-11.dbn.zst,GC.v.0,tbbo,2024-06-11,2024-06-10T22:30:00+00:00,2024-06-11T07:15:00+00:00,519500,0.042120,20035,258fad3425dab58a27e0540b08715c33112c273e414d41991cf0d2de848578d1,2026-10-04T00:15:26+00:00
GC_tbbo/2024/2024-06-12.dbn.zst,GC.v.0,tbbo,2024-06-12,2024-06-11T22:30:00+00:00,2024-06-12T07:15:00+00:00,343232,0.027721,12995,e2c6de91a12002bc360e455e69c06632375b629d2b2530b60250442a2734f670,2026-10-04T00:15:32+00:00
GC_tbbo/2024/2024-06-13.dbn.zst,GC.v.0,tbbo,2024-06-13,2024-06-12T22:30:00+00:00,2024-06-13T07:15:00+00:00,467590,0.037901,17903,612a89968997047e7a1acd3dc0433264932c216e87ad92aadc5c8101c08e28ab,2026-10-04T00:15:30+00:00
GC_tbbo/2024/2024-06-14.dbn.zst,GC.v.0,tbbo,2024-06-14,2024-06-13T22:30:00+00:00,2024-06-14T07:15:00+00:00,392725,0.031897,15021,1e6757182c4a32d43a98fea056a0907a9e4fe133dcd0b9d42053e4dd66ca28ca,2026-10-04T00:15:30+00:00
GC_tbbo/2024/2024-06-17.dbn.zst,GC.v.0,tbbo,2024-06-17,2024-06-16T22:30:00+00:00,2024-06-17T07:15:00+00:00,458985,0.037555,17707,2d0d2aee90bbf3f25eaec0c5b11f818a5151f122e857a4da1d28c71dc08652d4,2026-10-04T00:15:31+00:00
GC_tbbo/2024/2024-06-18.dbn.zst,GC.v.0,tbbo,2024-06-18,2024-06-17T22:30:00+00:00,2024-06-18T07:15:00+00:00,317462,0.025238,11979,44f989ae7501881be50d560fa88bb0692a3b5d4f4e03ebde9d0dfcbda70c7379,2026-10-04T00:15:30+00:00
GC_tbbo/2024/2024-06-19.dbn.zst,GC.v.0,tbbo,2024-06-19,2024-06-18T22:30:00+00:00,2024-06-19T07:15:00+00:00,236570,0.019020,8928,a04dbbb5c620593269967868895cd0f159705d0defc8edd8d744625a7d89d621,2026-10-04T00:15:41+00:00
GC_tbbo/2024/2024-06-20.dbn.zst,GC.v.0,tbbo,2024-06-20,2024-06-19T22:30:00+00:00,2024-06-20T07:15:00+00:00,498146,0.040883,19289,0e0feb6b55463f96157d9c42e3c5e90fed3042b0234deb475bbc546042bc92b8,2026-10-04T00:15:37+00:00
GC_tbbo/2024/2024-06-21.dbn.zst,GC.v.0,tbbo,2024-06-21,2024-06-20T22:30:00+00:00,2024-06-21T07:15:00+00:00,407596,0.032813,15446,d27769e0bd282baf2c142a5cb8863286ff1c4b108fccf292b04eeca0939604b1,2026-10-04T00:15:34+00:00
GC_tbbo/2024/2024-06-24.dbn.zst,GC.v.0,tbbo,2024-06-24,2024-06-23T22:30:00+00:00,2024-06-24T07:15:00+00:00,390463,0.030894,14655,c848b7bd56886f2ce6f6dbd3b755433f1f6cdbdb0e1008628a1b668ace65c3e1,2026-10-04T00:15:37+00:00
GC_tbbo/2024/2024-06-25.dbn.zst,GC.v.0,tbbo,2024-06-25,2024-06-24T22:30:00+00:00,2024-06-25T07:15:00+00:00,404231,0.032550,15449,bec5d7b411e8d51a711ba1c9902208646ae4e9cce9f2d97704b980908230bb4e,2026-10-04T00:15:37+00:00
GC_tbbo/2024/2024-06-26.dbn.zst,GC.v.0,tbbo,2024-06-26,2024-06-25T22:30:00+00:00,2024-06-26T07:15:00+00:00,600843,0.048687,23148,6038a662a6b5f15a7c9a28efe573b59f67fc6d076aef511e8c33ff21521493f5,2026-10-04T00:15:36+00:00
GC_tbbo/2024/2024-06-27.dbn.zst,GC.v.0,tbbo,2024-06-27,2024-06-26T22:30:00+00:00,2024-06-27T07:15:00+00:00,289752,0.023215,10950,57acb3fbe1852d5c93753231c2abb382731b71e75886255d38459287736c3795,2026-10-04T00:15:41+00:00
GC_tbbo/2024/2024-06-28.dbn.zst,GC.v.0,tbbo,2024-06-28,2024-06-27T22:30:00+00:00,2024-06-28T07:15:00+00:00,399381,0.031933,15086,2f2d4235deb506cbfbf6b7147c3dcea254f8d55cc001ac8134833a32fe1a8bf4,2026-10-04T00:15:39+00:00
GC_tbbo/2024/2024-07-01.dbn.zst,GC.v.0,tbbo,2024-07-01,2024-06-30T22:30:00+00:00,2024-07-01T07:15:00+00:00,375865,0.030099,14241,762f1c9e529a114aa713d7a6055f99bfdbe120bd4a72c04b27f574d4751bdd70,2026-10-04T00:15:39+00:00
GC_tbbo/2024/2024-07-02.dbn.zst,GC.v.0,tbbo,2024-07-02,2024-07-01T22:30:00+00:00,2024-07-02T07:15:00+00:00,318917,0.026271,11968,61f0824324ddc18d6f8fdcb85096b5143e198190f5603de96afdaeaae35411e3,2026-10-04T00:15:41+00:00
GC_tbbo/2024/2024-07-03.dbn.zst,GC.v.0,tbbo,2024-07-03,2024-07-02T22:30:00+00:00,2024-07-03T07:15:00+00:00,398714,0.033272,15121,b2d7eb3af7f7260c22a550393a3dd56c1fd47a03e4977bf55489ae6caf2e60a1,2026-10-04T00:15:43+00:00
GC_tbbo/2024/2024-07-04.dbn.zst,GC.v.0,tbbo,2024-07-04,2024-07-03T22:30:00+00:00,2024-07-04T07:15:00+00:00,263139,0.020784,9886,356d739ed819a89f11b065cbf9442a25be4d135b888519b906e37fe1763738eb,2026-10-04T00:15:57+00:00
GC_tbbo/2024/2024-07-05.dbn.zst,GC.v.0,tbbo,2024-07-05,2024-07-04T22:30:00+00:00,2024-07-05T07:15:00+00:00,347330,0.027610,13114,cd8d378df52238fefceabc0ae5132030f3d28cbbf4e98a2bb8522102c4482525,2026-10-04T00:15:52+00:00
GC_tbbo/2024/2024-07-08.dbn.zst,GC.v.0,tbbo,2024-07-08,2024-07-07T22:30:00+00:00,2024-07-08T07:15:00+00:00,430278,0.034609,16315,0f3fb3f26fe2cb75f796e2794fb073cdbd7963539da261e70147fb2049d83c65,2026-10-04T00:15:47+00:00
GC_tbbo/2024/2024-07-09.dbn.zst,GC.v.0,tbbo,2024-07-09,2024-07-08T22:30:00+00:00,2024-07-09T07:15:00+00:00,371894,0.029878,14073,6788959ab7a7c72b5fdd58d48bd640b2fa57ae669872ed01eaa41ce688a1e7b8,2026-10-04T00:15:45+00:00
GC_tbbo/2024/2024-07-10.dbn.zst,GC.v.0,tbbo,2024-07-10,2024-07-09T22:30:00+00:00,2024-07-10T07:15:00+00:00,304422,0.025076,11794,a38ba9d13554095455e54a92a44440672b75691549ea1f6355d611d365f1a5eb,2026-10-04T00:15:46+00:00
GC_tbbo/2024/2024-07-11.dbn.zst,GC.v.0,tbbo,2024-07-11,2024-07-10T22:30:00+00:00,2024-07-11T07:15:00+00:00,306475,0.024535,11537,f48a4b30f785af4c89a20015d1f1d250917aab2a34111afd52c80927f03a25ea,2026-10-04T00:15:46+00:00
GC_tbbo/2024/2024-07-12.dbn.zst,GC.v.0,tbbo,2024-07-12,2024-07-11T22:30:00+00:00,2024-07-12T07:15:00+00:00,444029,0.035515,16649,461430900a46bb0fa723480f5484e7a9c2a68b7a6ec27e42a3b68afc102a7d7f,2026-10-04T00:15:50+00:00
GC_tbbo/2024/2024-07-15.dbn.zst,GC.v.0,tbbo,2024-07-15,2024-07-14T22:30:00+00:00,2024-07-15T07:15:00+00:00,346811,0.027721,13099,83a747ca375538470cffdd0f46d118bf0eaf26bda2a151cce91ca6ffc25d2329,2026-10-04T00:15:58+00:00
GC_tbbo/2024/2024-07-16.dbn.zst,GC.v.0,tbbo,2024-07-16,2024-07-15T22:30:00+00:00,2024-07-16T07:15:00+00:00,432339,0.034968,16406,e9b0ca547762cf9e55a449bfbcc994d1ccb6ec512c6db10d2517e258691fcd11,2026-10-04T00:15:51+00:00
GC_tbbo/2024/2024-07-17.dbn.zst,GC.v.0,tbbo,2024-07-17,2024-07-16T22:30:00+00:00,2024-07-17T07:15:00+00:00,771124,0.062733,29610,ab7f23b4942474187858a874bb5142963bdfe70b139bf7d150450a6ad429ec36,2026-10-04T00:15:50+00:00
GC_tbbo/2024/2024-07-18.dbn.zst,GC.v.0,tbbo,2024-07-18,2024-07-17T22:30:00+00:00,2024-07-18T07:15:00+00:00,531372,0.042789,20308,437052ff1caf4cbcc98cf14ba41b9164544b9bb306fc049f0f30d4f3f4114e07,2026-10-04T00:15:54+00:00
GC_tbbo/2024/2024-07-19.dbn.zst,GC.v.0,tbbo,2024-07-19,2024-07-18T22:30:00+00:00,2024-07-19T07:15:00+00:00,784353,0.064081,30432,3ac1e799468c0b6a24f6e0c57f3536d35410f6409c326d978cd4f72c4832a4b1,2026-10-04T00:15:53+00:00
GC_tbbo/2024/2024-07-22.dbn.zst,GC.v.0,tbbo,2024-07-22,2024-07-21T22:30:00+00:00,2024-07-22T07:15:00+00:00,522279,0.041646,19631,a3b3739ccf68c2065bb1f4f4343e08876792e3175ada6f42c6a5d05c3c39e3ef,2026-10-04T00:15:58+00:00
GC_tbbo/2024/2024-07-23.dbn.zst,GC.v.0,tbbo,2024-07-23,2024-07-22T22:30:00+00:00,2024-07-23T07:15:00+00:00,478435,0.038235,18023,fd7e57463bfed6dd79841eefe0cdd357735ecf7eb12fad4a1a7bc8bb2f09a3c9,2026-10-04T00:15:58+00:00
GC_tbbo/2024/2024-07-24.dbn.zst,GC.v.0,tbbo,2024-07-24,2024-07-23T22:30:00+00:00,2024-07-24T07:15:00+00:00,479483,0.038527,18297,6a523a9cea5170eec57ee372f182b2a5f978e0e4fa7ccd9e02f5716d222bf31e,2026-10-04T00:16:00+00:00
GC_tbbo/2024/2024-07-25.dbn.zst,GC.v.0,tbbo,2024-07-25,2024-07-24T22:30:00+00:00,2024-07-25T07:15:00+00:00,1024212,0.084442,39762,43c07b72c47fa46d51500aafb3495559317ab768748340c455d37cc8d4435074,2026-10-04T00:16:03+00:00
GC_tbbo/2024/2024-07-26.dbn.zst,GC.v.0,tbbo,2024-07-26,2024-07-25T22:30:00+00:00,2024-07-26T07:15:00+00:00,495561,0.039622,18859,3bbdac02b09e41fc652b00a0ffe29f09461405b9844a7d400fa956db9f358f6d,2026-10-04T00:15:59+00:00
GC_tbbo/2024/2024-07-29.dbn.zst,GC.v.0,tbbo,2024-07-29,2024-07-28T22:30:00+00:00,2024-07-29T07:15:00+00:00,333387,0.026250,12310,8521d561d49aa1f01bf212190deac599fe837c68c05270a287870400c7908f6d,2026-10-04T00:16:04+00:00
GC_tbbo/2024/2024-07-30.dbn.zst,GC.v.0,tbbo,2024-07-30,2024-07-29T22:30:00+00:00,2024-07-30T07:15:00+00:00,20371,0.001585,724,c40988d404cfe554d978353a6eda234f1126fd28d757cc504d8f828f4b0cf8dd,2026-10-04T00:16:04+00:00
GC_tbbo/2024/2024-07-31.dbn.zst,GC.v.0,tbbo,2024-07-31,2024-07-30T22:30:00+00:00,2024-07-31T07:15:00+00:00,580759,0.046893,22201,f66b8e60149083ba1e071648fd9c243b98aeb7d217a5200f99b134013a1b7057,2026-10-04T00:16:22+00:00
GC_tbbo/2024/2024-08-01.dbn.zst,GC.v.0,tbbo,2024-08-01,2024-07-31T22:30:00+00:00,2024-08-01T07:15:00+00:00,680821,0.054718,26090,4dcf7c47e7bdb984919c8ee533b547c59c2718b85588fa62fe712b8f3f4c4731,2026-10-04T00:16:04+00:00
GC_tbbo/2024/2024-08-02.dbn.zst,GC.v.0,tbbo,2024-08-02,2024-08-01T22:30:00+00:00,2024-08-02T07:15:00+00:00,748859,0.061965,29200,54def893f5ad2ba1d2e27a828eeea1ffafbc1d1de7a0bad1395c8ad1ca84f167,2026-10-04T00:16:12+00:00
GC_tbbo/2024/2024-08-05.dbn.zst,GC.v.0,tbbo,2024-08-05,2024-08-04T22:30:00+00:00,2024-08-05T07:15:00+00:00,1332826,0.111524,52700,0296e9a79494b2ea84ac70f6bba69d73f043297f2cc8ef28575002c069a56b33,2026-10-04T00:16:07+00:00
GC_tbbo/2024/2024-08-06.dbn.zst,GC.v.0,tbbo,2024-08-06,2024-08-05T22:30:00+00:00,2024-08-06T07:15:00+00:00,758369,0.061508,29141,271d8e43a658c868c409192d994c0bbd295ad94b5e55704e512b1328071992ef,2026-10-04T00:16:07+00:00
GC_tbbo/2024/2024-08-07.dbn.zst,GC.v.0,tbbo,2024-08-07,2024-08-06T22:30:00+00:00,2024-08-07T07:15:00+00:00,694859,0.056877,27046,ea7033d26f6dbc3043bed6b41defeb1a52918a37eb98f60d2292df4295a8b3b8,2026-10-04T00:16:09+00:00
GC_tbbo/2024/2024-08-08.dbn.zst,GC.v.0,tbbo,2024-08-08,2024-08-07T22:30:00+00:00,2024-08-08T07:15:00+00:00,529030,0.042282,20080,a584ae545df212a81337cfe15b95b644d2c144012a51cfd72051391cf42196b3,2026-10-04T00:16:09+00:00
GC_tbbo/2024/2024-08-09.dbn.zst,GC.v.0,tbbo,2024-08-09,2024-08-08T22:30:00+00:00,2024-08-09T07:15:00+00:00,441416,0.035400,16819,d74b8f1f41cf658d69dc70db1b29baf79406b4f38ed61206830ce4f885be6710,2026-10-04T00:16:10+00:00
GC_tbbo/2024/2024-08-12.dbn.zst,GC.v.0,tbbo,2024-08-12,2024-08-11T22:30:00+00:00,2024-08-12T07:15:00+00:00,378865,0.031255,14623,7c7ca2e50c79c2a523bc1b180157ae57ba5ae4ff7df33616387dca3d3771969a,2026-10-04T00:16:10+00:00
GC_tbbo/2024/2024-08-13.dbn.zst,GC.v.0,tbbo,2024-08-13,2024-08-12T22:30:00+00:00,2024-08-13T07:15:00+00:00,535410,0.043868,20632,3b07f7724095addfa46473ba33d8b00f6b9c9a3e46ea6c31e2e3d5527b16ce71,2026-10-04T00:16:18+00:00
GC_tbbo/2024/2024-08-14.dbn.zst,GC.v.0,tbbo,2024-08-14,2024-08-13T22:30:00+00:00,2024-08-14T07:15:00+00:00,499098,0.040714,19158,48981ef7cc51d50bd649806f105dcaf99751a4153d5c07eff09f2ed0608068e6,2026-10-04T00:16:13+00:00
GC_tbbo/2024/2024-08-15.dbn.zst,GC.v.0,tbbo,2024-08-15,2024-08-14T22:30:00+00:00,2024-08-15T07:15:00+00:00,460617,0.037726,17941,c24aed4214eb388e14910c8a88e84a943869c53135f5e7796099953a50d67023,2026-10-04T00:16:19+00:00
GC_tbbo/2024/2024-08-16.dbn.zst,GC.v.0,tbbo,2024-08-16,2024-08-15T22:30:00+00:00,2024-08-16T07:15:00+00:00,401207,0.033114,15459,50d9c843d10eb7af23edd8fa8116bc1eb006535925f2aa4f7eb22c24a44a7770,2026-10-04T00:16:21+00:00
GC_tbbo/2024/2024-08-19.dbn.zst,GC.v.0,tbbo,2024-08-19,2024-08-18T22:30:00+00:00,2024-08-19T07:15:00+00:00,627851,0.051672,24466,2fdb4bd8a1920dc38d38d5d9d613743afccc4b450972f192affc9e801edeb5a0,2026-10-04T00:16:16+00:00
GC_tbbo/2024/2024-08-20.dbn.zst,GC.v.0,tbbo,2024-08-20,2024-08-19T22:30:00+00:00,2024-08-20T07:15:00+00:00,430985,0.034868,16486,5c9dc11142610fc114434789e1ee509e61a2ba0891aa8ecb1f6665749fa9f28a,2026-10-04T00:16:20+00:00
GC_tbbo/2024/2024-08-21.dbn.zst,GC.v.0,tbbo,2024-08-21,2024-08-20T22:30:00+00:00,2024-08-21T07:15:00+00:00,458970,0.037107,17642,d7cac98cc696493285169586cfda1ede0c8ebfe7a15de0ac04e96c4e841a59d1,2026-10-04T00:16:19+00:00
GC_tbbo/2024/2024-08-22.dbn.zst,GC.v.0,tbbo,2024-08-22,2024-08-21T22:30:00+00:00,2024-08-22T07:15:00+00:00,512886,0.042495,19892,265755787dedb915e561d74170da9d5a45fcab62434c1f4d51bf78651b9ed0f4,2026-10-04T00:16:18+00:00
GC_tbbo/2024/2024-08-23.dbn.zst,GC.v.0,tbbo,2024-08-23,2024-08-22T22:30:00+00:00,2024-08-23T07:15:00+00:00,443578,0.036299,17154,48a339c2236a84783c194c13287543360e447d66df0844714301b3dc0b52f5f0,2026-10-04T00:16:21+00:00
GC_tbbo/2024/2024-08-26.dbn.zst,GC.v.0,tbbo,2024-08-26,2024-08-25T22:30:00+00:00,2024-08-26T07:15:00+00:00,437626,0.036397,16731,fadcb07227c0934053b72043f241f2997018b99275cebab515ed9ff36db38113,2026-10-04T00:16:25+00:00
GC_tbbo/2024/2024-08-27.dbn.zst,GC.v.0,tbbo,2024-08-27,2024-08-26T22:30:00+00:00,2024-08-27T07:15:00+00:00,489354,0.040263,18985,9f4314f80486dd9d4dfd6aded9200169d1db57dad6da523151c15bb9281caa13,2026-10-04T00:16:25+00:00
GC_tbbo/2024/2024-08-28.dbn.zst,GC.v.0,tbbo,2024-08-28,2024-08-27T22:30:00+00:00,2024-08-28T07:15:00+00:00,595409,0.049955,23363,75c05f7e7987acfadda284729289bc0d99c95f18346343b8a234d10246e78bb6,2026-10-04T00:16:27+00:00
GC_tbbo/2024/2024-08-29.dbn.zst,GC.v.0,tbbo,2024-08-29,2024-08-28T22:30:00+00:00,2024-08-29T07:15:00+00:00,440140,0.035763,16950,4a52d62f56cef7936d5ea20814e4f063f56a1a6fa230545b47b014f650ebe67e,2026-10-04T00:16:25+00:00
GC_tbbo/2024/2024-08-30.dbn.zst,GC.v.0,tbbo,2024-08-30,2024-08-29T22:30:00+00:00,2024-08-30T07:15:00+00:00,549867,0.045159,21383,8a1e496012f92b697ef96a63b29ec6151db39daca1a3ffd1bfa40c8c1ee68672,2026-10-04T00:16:25+00:00
GC_tbbo/2024/2024-09-02.dbn.zst,GC.v.0,tbbo,2024-09-02,2024-09-01T22:30:00+00:00,2024-09-02T07:15:00+00:00,412483,0.033608,15979,94a3f2d65fe67f30c61a27fa3b33358a99cf0dd802b14841d5d135f5a476fe60,2026-10-04T00:16:27+00:00
GC_tbbo/2024/2024-09-03.dbn.zst,GC.v.0,tbbo,2024-09-03,2024-09-02T22:30:00+00:00,2024-09-03T07:15:00+00:00,476972,0.039549,18539,1773dd5143e1571310a6e6fd7417e77bd1a3b19421d8328d2cf9dde4dc5ef8c4,2026-10-04T00:16:28+00:00
GC_tbbo/2024/2024-09-04.dbn.zst,GC.v.0,tbbo,2024-09-04,2024-09-03T22:30:00+00:00,2024-09-04T07:15:00+00:00,387619,0.031770,14863,64e4a9ad050d2775eb1fafb4afed1f72d5581e3def944463ca53ffb24cc713f6,2026-10-04T00:16:27+00:00
GC_tbbo/2024/2024-09-05.dbn.zst,GC.v.0,tbbo,2024-09-05,2024-09-04T22:30:00+00:00,2024-09-05T07:15:00+00:00,374574,0.030861,14508,9ca60d121ec05333b4ccfba5ec974b4ced7e27d43fe22adb0bc80b7584260bed,2026-10-04T00:16:36+00:00
GC_tbbo/2024/2024-09-06.dbn.zst,GC.v.0,tbbo,2024-09-06,2024-09-05T22:30:00+00:00,2024-09-06T07:15:00+00:00,307083,0.025082,11870,7567bac469cd605979c96debc7c134ed625b8c1fb22b64cc61034266727cfd85,2026-10-04T00:16:34+00:00
GC_tbbo/2024/2024-09-09.dbn.zst,GC.v.0,tbbo,2024-09-09,2024-09-08T22:30:00+00:00,2024-09-09T07:15:00+00:00,467766,0.038404,18112,4b6e8e13d4186f719aac039e40f9b429f6ea73178b63e938cd60bc01d27f7a50,2026-10-04T00:16:35+00:00
GC_tbbo/2024/2024-09-10.dbn.zst,GC.v.0,tbbo,2024-09-10,2024-09-09T22:30:00+00:00,2024-09-10T07:15:00+00:00,295857,0.023809,11262,8a7cb5bf2fb1c0a54be9a175f5d38afad22dcc528e14a0a0d4f259c48392f293,2026-10-04T00:16:32+00:00
GC_tbbo/2024/2024-09-11.dbn.zst,GC.v.0,tbbo,2024-09-11,2024-09-10T22:30:00+00:00,2024-09-11T07:15:00+00:00,502148,0.041350,19671,494d4041bc61c13e724994f20ba6cb6e3b4c4351ee02e80bfb9b301dabd1743e,2026-10-04T00:16:35+00:00
GC_tbbo/2024/2024-09-12.dbn.zst,GC.v.0,tbbo,2024-09-12,2024-09-11T22:30:00+00:00,2024-09-12T07:15:00+00:00,285044,0.023163,10817,a4d69096b93d46ea036d7a351081e5053c9c84590726958662fec3afbf3f42c2,2026-10-04T00:16:40+00:00
GC_tbbo/2024/2024-09-13.dbn.zst,GC.v.0,tbbo,2024-09-13,2024-09-12T22:30:00+00:00,2024-09-13T07:15:00+00:00,530294,0.043244,20322,d414600e7985e7606fb51f118b0429ca79fb0b6d83551547e09f6a752ead8923,2026-10-04T00:16:33+00:00
GC_tbbo/2024/2024-09-16.dbn.zst,GC.v.0,tbbo,2024-09-16,2024-09-15T22:30:00+00:00,2024-09-16T07:15:00+00:00,344244,0.028624,13230,a489e591561bc69ea81890223fff9d9c238a28520e8246a4e772378787af1c32,2026-10-04T00:16:42+00:00
GC_tbbo/2024/2024-09-17.dbn.zst,GC.v.0,tbbo,2024-09-17,2024-09-16T22:30:00+00:00,2024-09-17T07:15:00+00:00,371929,0.030660,14541,e5bf851a7ca0cd5bb9a52c4313da0738d161d917f7f0ef3401038576f69b74ab,2026-10-04T00:16:41+00:00
GC_tbbo/2024/2024-09-18.dbn.zst,GC.v.0,tbbo,2024-09-18,2024-09-17T22:30:00+00:00,2024-09-18T07:15:00+00:00,404251,0.032832,15526,16d60ccb52b52db20166e601fc84d64338e43e4d0e6d15cc5c39b0b9a0b67592,2026-10-04T00:16:39+00:00
GC_tbbo/2024/2024-09-19.dbn.zst,GC.v.0,tbbo,2024-09-19,2024-09-18T22:30:00+00:00,2024-09-19T07:15:00+00:00,682420,0.055963,26374,8f353bbec5d13df9aadba002c4bf5bcca586746c16e986a0717e21bcab0005b3,2026-10-04T00:16:40+00:00
GC_tbbo/2024/2024-09-20.dbn.zst,GC.v.0,tbbo,2024-09-20,2024-09-19T22:30:00+00:00,2024-09-20T07:15:00+00:00,510420,0.043098,19951,affeca6c00fcde1bc12cdc859781ef52df75316acffb87a3963884d38c8684df,2026-10-04T00:16:46+00:00
GC_tbbo/2024/2024-09-23.dbn.zst,GC.v.0,tbbo,2024-09-23,2024-09-22T22:30:00+00:00,2024-09-23T07:15:00+00:00,446248,0.037605,17290,36163d40cfa3dc5b924aff8153b617abe46a917d96b7bc4eccbba1a7908b8d17,2026-10-04T00:16:43+00:00
GC_tbbo/2024/2024-09-24.dbn.zst,GC.v.0,tbbo,2024-09-24,2024-09-23T22:30:00+00:00,2024-09-24T07:15:00+00:00,584887,0.047654,22551,e2691149ff2901c5dd1f0e59cb85719619f2d892dce33143214cb10ee69b2e12,2026-10-04T00:16:43+00:00
GC_tbbo/2024/2024-09-25.dbn.zst,GC.v.0,tbbo,2024-09-25,2024-09-24T22:30:00+00:00,2024-09-25T07:15:00+00:00,642422,0.052283,24760,6c5b44eba30c2a2181b07e4ca685e0c7b3cb032c6161fba8f21818702627f938,2026-10-04T00:16:45+00:00
GC_tbbo/2024/2024-09-26.dbn.zst,GC.v.0,tbbo,2024-09-26,2024-09-25T22:30:00+00:00,2024-09-26T07:15:00+00:00,390909,0.031691,14861,7c7872f58587c7783623382cfc8c65457b0acb7bc977643822db797e810ca2b5,2026-10-04T00:16:44+00:00
GC_tbbo/2024/2024-09-27.dbn.zst,GC.v.0,tbbo,2024-09-27,2024-09-26T22:30:00+00:00,2024-09-27T07:15:00+00:00,468310,0.038125,17849,c897b113266bdc9708c36c788afa19ccc644457f38f087ebf2900f2027d44d7e,2026-10-04T00:16:47+00:00
GC_tbbo/2024/2024-09-30.dbn.zst,GC.v.0,tbbo,2024-09-30,2024-09-29T22:30:00+00:00,2024-09-30T07:15:00+00:00,493136,0.039643,18765,49aed07d7a29db98a7e77fdc99ebafe6e77f9d67f179ba5f1c6c27d6f89509f8,2026-10-04T00:16:46+00:00
GC_tbbo/2024/2024-10-01.dbn.zst,GC.v.0,tbbo,2024-10-01,2024-09-30T22:30:00+00:00,2024-10-01T07:15:00+00:00,305351,0.024840,11607,de32945dce23628c4dd9da81907c10468bdb656983a4782db900dab7e0d47240,2026-10-04T00:16:49+00:00
GC_tbbo/2024/2024-10-02.dbn.zst,GC.v.0,tbbo,2024-10-02,2024-10-01T22:30:00+00:00,2024-10-02T07:15:00+00:00,367556,0.030210,14277,724fc3e8c9625c6ff297f1cb66006e6da48d0283f561c87ea0a58542b775388b,2026-10-04T00:16:48+00:00
GC_tbbo/2024/2024-10-03.dbn.zst,GC.v.0,tbbo,2024-10-03,2024-10-02T22:30:00+00:00,2024-10-03T07:15:00+00:00,313541,0.025775,11948,d86c0764c63cd78d87b266c08424c55fc1a082d2a6954938fbbe4529d528040e,2026-10-04T00:16:49+00:00
GC_tbbo/2024/2024-10-04.dbn.zst,GC.v.0,tbbo,2024-10-04,2024-10-03T22:30:00+00:00,2024-10-04T07:15:00+00:00,254799,0.020891,9862,95fcca027f78532579bcab1ea93e07015587808ca3502624f604c28624ffc403,2026-10-04T00:16:54+00:00
GC_tbbo/2024/2024-10-07.dbn.zst,GC.v.0,tbbo,2024-10-07,2024-10-06T22:30:00+00:00,2024-10-07T07:15:00+00:00,319278,0.025985,12206,7cd98298b5a0c97a40f2ca0b175bf626f2218ed7f9792a602eebfdbc9737b096,2026-10-04T00:16:49+00:00
GC_tbbo/2024/2024-10-08.dbn.zst,GC.v.0,tbbo,2024-10-08,2024-10-07T22:30:00+00:00,2024-10-08T07:15:00+00:00,637880,0.052164,24737,faf239789b0d8a6c6caa0abd92c1615abec081d42b9096e389daabd0a6090b47,2026-10-04T00:16:52+00:00
GC_tbbo/2024/2024-10-09.dbn.zst,GC.v.0,tbbo,2024-10-09,2024-10-08T22:30:00+00:00,2024-10-09T07:15:00+00:00,497056,0.040991,19088,2760ef6b370f97b68c3e0cf31e7ecf7721f88eafe88b2428c1e9ad2979d0bfb2,2026-10-04T00:16:59+00:00
GC_tbbo/2024/2024-10-10.dbn.zst,GC.v.0,tbbo,2024-10-10,2024-10-09T22:30:00+00:00,2024-10-10T07:15:00+00:00,363442,0.029507,13955,c8340a3cdbcc076dee1df431363a3e2cf3fe428db09cabc3c2d2f33e591ad8f0,2026-10-04T00:16:56+00:00
GC_tbbo/2024/2024-10-11.dbn.zst,GC.v.0,tbbo,2024-10-11,2024-10-10T22:30:00+00:00,2024-10-11T07:15:00+00:00,606075,0.050358,23935,9de73965ee17b368642312107f7270d37f43f707b7e84c060017bfcbe7997978,2026-10-04T00:17:03+00:00
GC_tbbo/2024/2024-10-14.dbn.zst,GC.v.0,tbbo,2024-10-14,2024-10-13T22:30:00+00:00,2024-10-14T07:15:00+00:00,498016,0.041150,19535,2e7183acf7b1bc5ed10c2a75678a7db3b3f38ea8c1436113c606ad22bb909814,2026-10-04T00:16:55+00:00
GC_tbbo/2024/2024-10-15.dbn.zst,GC.v.0,tbbo,2024-10-15,2024-10-14T22:30:00+00:00,2024-10-15T07:15:00+00:00,465587,0.038473,18161,017c721feea818c197fe1d5fcbae19cbb7b1b4ddff2845bb7e2ecfc8464bb06d,2026-10-04T00:16:58+00:00
GC_tbbo/2024/2024-10-16.dbn.zst,GC.v.0,tbbo,2024-10-16,2024-10-15T22:30:00+00:00,2024-10-16T07:15:00+00:00,489856,0.039775,18828,503cb0053e76724069566b5532e2310d08e3c5524d7f21bf9030ee8b72179019,2026-10-04T00:16:56+00:00
GC_tbbo/2024/2024-10-17.dbn.zst,GC.v.0,tbbo,2024-10-17,2024-10-16T22:30:00+00:00,2024-10-17T07:15:00+00:00,551783,0.044969,21310,62ab6acfc08bcb8e99461b2a413335556431ee3cd04137bdb66aec5e353a3b5c,2026-10-04T00:16:58+00:00
GC_tbbo/2024/2024-10-18.dbn.zst,GC.v.0,tbbo,2024-10-18,2024-10-17T22:30:00+00:00,2024-10-18T07:15:00+00:00,641703,0.052567,24831,956b8b6eae9f4dc88839353c39ff8aaccff992ceade8f60b10b64d7fba75d28d,2026-10-04T00:17:04+00:00
GC_tbbo/2024/2024-10-21.dbn.zst,GC.v.0,tbbo,2024-10-21,2024-10-20T22:30:00+00:00,2024-10-21T07:15:00+00:00,577817,0.046094,21858,2f5233c73e35dc80aea91303703d38c93ec8d156910c3c57a1b8fa26f86979fe,2026-10-04T00:17:01+00:00
GC_tbbo/2024/2024-10-22.dbn.zst,GC.v.0,tbbo,2024-10-22,2024-10-21T22:30:00+00:00,2024-10-22T07:15:00+00:00,471650,0.037960,18057,c01c1b1f1dafad6457a65cc9939792bd81bc52f1bd20808f48531f5617779a9e,2026-10-04T00:17:03+00:00
GC_tbbo/2024/2024-10-23.dbn.zst,GC.v.0,tbbo,2024-10-23,2024-10-22T22:30:00+00:00,2024-10-23T07:15:00+00:00,529483,0.043008,20397,70131ec91eee67041cdfac38806d96d673eff9faab7d04e6d02f981afaaca28e,2026-10-04T00:17:01+00:00
GC_tbbo/2024/2024-10-24.dbn.zst,GC.v.0,tbbo,2024-10-24,2024-10-23T22:30:00+00:00,2024-10-24T07:15:00+00:00,503706,0.041414,19321,43d7f3b3a642569026b4a5e96a80c3baef9786b4996efb413ffc4d634e20a31e,2026-10-04T00:17:05+00:00
GC_tbbo/2024/2024-10-25.dbn.zst,GC.v.0,tbbo,2024-10-25,2024-10-24T22:30:00+00:00,2024-10-25T07:15:00+00:00,389821,0.031307,14829,4a5848e4f62a17fa3ca95ab7996d01def9e5464683c0702b496166eb4cd659a8,2026-10-04T00:17:04+00:00
GC_tbbo/2024/2024-10-28.dbn.zst,GC.v.0,tbbo,2024-10-28,2024-10-27T22:30:00+00:00,2024-10-28T07:15:00+00:00,607310,0.049448,23434,464fe5ec345cb3bc5100c1967eb0856048217b019efc3938c055c907d562bccf,2026-10-04T00:17:06+00:00
GC_tbbo/2024/2024-10-29.dbn.zst,GC.v.0,tbbo,2024-10-29,2024-10-28T22:30:00+00:00,2024-10-29T07:15:00+00:00,525682,0.042750,20390,ca139ca7774b861d0e058b949ff0f399b04777b1cb82769f9ab1db6af5895ab7,2026-10-04T00:17:06+00:00
GC_tbbo/2024/2024-10-30.dbn.zst,GC.v.0,tbbo,2024-10-30,2024-10-29T22:30:00+00:00,2024-10-30T07:15:00+00:00,500737,0.040344,19132,7b411748963e5c93f40a225eaa740acfb3a3f386d81a6d389a183e237272de08,2026-10-04T00:17:06+00:00
GC_tbbo/2024/2024-10-31.dbn.zst,GC.v.0,tbbo,2024-10-31,2024-10-30T22:30:00+00:00,2024-10-31T07:15:00+00:00,467603,0.037876,17914,bd99f8aeb453197b28b90726eb953aed9aac5512f3c8725e021af9c3773fb7f1,2026-10-04T00:17:10+00:00
GC_tbbo/2024/2024-11-01.dbn.zst,GC.v.0,tbbo,2024-11-01,2024-10-31T22:30:00+00:00,2024-11-01T07:15:00+00:00,411073,0.033059,15703,292aebc00dbe76f1e008e602e6ffb910ecbf4c9020fd675670f61efade568a0c,2026-10-04T00:17:08+00:00
GC_tbbo/2024/2024-11-04.dbn.zst,GC.v.0,tbbo,2024-11-04,2024-11-03T23:30:00+00:00,2024-11-04T08:15:00+00:00,462445,0.037553,17653,37e75b7eb081fedf6e72536eef28a545ed32e239b427877adbd3dae0a21e4972,2026-10-04T00:17:11+00:00
GC_tbbo/2024/2024-11-05.dbn.zst,GC.v.0,tbbo,2024-11-05,2024-11-04T23:30:00+00:00,2024-11-05T08:15:00+00:00,504511,0.040749,19240,aded10634fc59d6f346256c2f76f50b838de5cb7abb6ebf83bbe8cc91580f8f6,2026-10-04T00:17:13+00:00
GC_tbbo/2024/2024-11-06.dbn.zst,GC.v.0,tbbo,2024-11-06,2024-11-05T23:30:00+00:00,2024-11-06T08:15:00+00:00,1561851,0.131332,62083,ba15d9f91fce89ddaccc357fd89af797cbfd8ff61fe6a460f5ee23f524c08536,2026-10-04T00:17:12+00:00
GC_tbbo/2024/2024-11-07.dbn.zst,GC.v.0,tbbo,2024-11-07,2024-11-06T23:30:00+00:00,2024-11-07T08:15:00+00:00,762146,0.063092,29920,1d0c04b22ced5a742304a6e8885e06d58d758c8b092a7e352778cb14794b674e,2026-10-04T00:17:19+00:00
GC_tbbo/2024/2024-11-08.dbn.zst,GC.v.0,tbbo,2024-11-08,2024-11-07T23:30:00+00:00,2024-11-08T08:15:00+00:00,647527,0.053057,24998,8b64e1459ab303d0f84cf48403326a18b6a35be3dc6189b622f727789a698281,2026-10-04T00:17:11+00:00
GC_tbbo/2024/2024-11-11.dbn.zst,GC.v.0,tbbo,2024-11-11,2024-11-10T23:30:00+00:00,2024-11-11T08:15:00+00:00,531613,0.043680,20751,9887aa1d4805092610cff93d17db25fb5f183972af18942d5e556a62ad4c6729,2026-10-04T00:17:15+00:00
GC_tbbo/2024/2024-11-12.dbn.zst,GC.v.0,tbbo,2024-11-12,2024-11-11T23:30:00+00:00,2024-11-12T08:15:00+00:00,789650,0.065264,30885,ab4b8095cf8833dd27c6678fc16cc6f8d395a1202c648c9a4aaf92f3e5e65b4b,2026-10-04T00:17:13+00:00
GC_tbbo/2024/2024-11-13.dbn.zst,GC.v.0,tbbo,2024-11-13,2024-11-12T23:30:00+00:00,2024-11-13T08:15:00+00:00,553290,0.046955,21672,c3e1b390e63a97c6e0d3fade169556b412c6dfef00744261777e9db8918b70da,2026-10-04T00:17:16+00:00
GC_tbbo/2024/2024-11-14.dbn.zst,GC.v.0,tbbo,2024-11-14,2024-11-13T23:30:00+00:00,2024-11-14T08:15:00+00:00,884965,0.075127,35706,c225cdca568c1f8f951c04a3493331ef5a7b544279a8f84feaaacd9b21619766,2026-10-04T00:17:17+00:00
GC_tbbo/2024/2024-11-15.dbn.zst,GC.v.0,tbbo,2024-11-15,2024-11-14T23:30:00+00:00,2024-11-15T08:15:00+00:00,446684,0.036385,17245,a9dedb282e0876b9ae5f55520d4e9f9dd2a56482b8831ea968498bfb90fe6380,2026-10-04T00:17:16+00:00
GC_tbbo/2024/2024-11-18.dbn.zst,GC.v.0,tbbo,2024-11-18,2024-11-17T23:30:00+00:00,2024-11-18T08:15:00+00:00,708342,0.059395,27960,8ca8fca307ce312a6a146df8bf9e88d61c75f57d8066ba15c321d9a0e6b0cd96,2026-10-04T00:17:16+00:00
GC_tbbo/2024/2024-11-19.dbn.zst,GC.v.0,tbbo,2024-11-19,2024-11-18T23:30:00+00:00,2024-11-19T08:15:00+00:00,524313,0.042495,20115,35b55b459aa8c8994c15c32b0b13fa2cc1679569aeb3abbfcd8919c92a57834e,2026-10-04T00:17:19+00:00
GC_tbbo/2024/2024-11-20.dbn.zst,GC.v.0,tbbo,2024-11-20,2024-11-19T23:30:00+00:00,2024-11-20T08:15:00+00:00,508910,0.041873,19844,c477e8ae4f177d7e76ce295e7e36122c5738ad751a3095b9f975522852773a19,2026-10-04T00:17:20+00:00
GC_tbbo/2024/2024-11-21.dbn.zst,GC.v.0,tbbo,2024-11-21,2024-11-20T23:30:00+00:00,2024-11-21T08:15:00+00:00,443254,0.036322,17169,3a4dc351af23fe883c5c9b386dc5ee1dc0abceab65f937d78aed8e0d508e63ce,2026-10-04T00:17:24+00:00
GC_tbbo/2024/2024-11-22.dbn.zst,GC.v.0,tbbo,2024-11-22,2024-11-21T23:30:00+00:00,2024-11-22T08:15:00+00:00,635452,0.053260,24930,da2013d609c8eb978f66de9883f32bce7ff6c71a873c1e015457296c1d09a265,2026-10-04T00:17:25+00:00
GC_tbbo/2024/2024-11-25.dbn.zst,GC.v.0,tbbo,2024-11-25,2024-11-24T23:30:00+00:00,2024-11-25T08:15:00+00:00,1114703,0.091860,43612,af24d56facdeeb73f2380c84549eec3b9c2ba639719a55762ce6bb5486944315,2026-10-04T00:17:24+00:00
GC_tbbo/2024/2024-11-26.dbn.zst,GC.v.0,tbbo,2024-11-26,2024-11-25T23:30:00+00:00,2024-11-26T08:15:00+00:00,525099,0.042839,20327,b2c2058145e431fd893b8a30bce13787e5c2d479f78be55e1020b58a74672a39,2026-10-04T00:17:21+00:00
GC_tbbo/2024/2024-11-27.dbn.zst,GC.v.0,tbbo,2024-11-27,2024-11-26T23:30:00+00:00,2024-11-27T08:15:00+00:00,115574,0.009321,4337,38574f32d5fb1659871b5d3a1f2e4f2b18436cb9a62462e37f683d0b1243400f,2026-10-04T00:17:23+00:00
GC_tbbo/2024/2024-11-28.dbn.zst,GC.v.0,tbbo,2024-11-28,2024-11-27T23:30:00+00:00,2024-11-28T08:15:00+00:00,4165,0.000315,151,dd41e7dc7d41c05ba9ad325f15e6a1c0a274193454ca93ce2e8805f44b9f434c,2026-10-04T00:17:24+00:00
GC_tbbo/2024/2024-11-29.dbn.zst,GC.v.0,tbbo,2024-11-29,2024-11-28T23:30:00+00:00,2024-11-29T08:15:00+00:00,541853,0.044529,21091,10b45e87b25a01811a591fef4f5ebf59003f235c5b3b23e261ca74523afec871,2026-10-04T00:17:26+00:00
GC_tbbo/2024/2024-12-02.dbn.zst,GC.v.0,tbbo,2024-12-02,2024-12-01T23:30:00+00:00,2024-12-02T08:15:00+00:00,769390,0.063219,30156,407c9ac73f730d96e3b3a7d7e40643a97673534efd0e67edc44b763700c25d18,2026-10-04T00:17:26+00:00
GC_tbbo/2024/2024-12-03.dbn.zst,GC.v.0,tbbo,2024-12-03,2024-12-02T23:30:00+00:00,2024-12-03T08:15:00+00:00,488074,0.040190,18926,6d6c7f2f1dcf2f1cc8651184867b10a965d12d2bc31348d7fe2c28c5cf21e100,2026-10-04T00:17:26+00:00
GC_tbbo/2024/2024-12-04.dbn.zst,GC.v.0,tbbo,2024-12-04,2024-12-03T23:30:00+00:00,2024-12-04T08:15:00+00:00,434028,0.035208,16723,1ed6933605b542a4daa30e621b1201f424448c4740bcdc009fb5aac1b24e9975,2026-10-04T00:17:29+00:00
GC_tbbo/2024/2024-12-05.dbn.zst,GC.v.0,tbbo,2024-12-05,2024-12-04T23:30:00+00:00,2024-12-05T08:15:00+00:00,463893,0.038513,18086,2d22523f8d35e193f4511c73b88fed3be8fa13c1f7da7152a3ace5dec7ef5ddc,2026-10-04T00:17:32+00:00
GC_tbbo/2024/2024-12-06.dbn.zst,GC.v.0,tbbo,2024-12-06,2024-12-05T23:30:00+00:00,2024-12-06T08:15:00+00:00,702531,0.059207,28216,5f7818c603e34f0ec9a654cd0e0ecf116374c1c6c6fdfe5f99db061cdb91a7b8,2026-10-04T00:17:38+00:00
GC_tbbo/2024/2024-12-09.dbn.zst,GC.v.0,tbbo,2024-12-09,2024-12-08T23:30:00+00:00,2024-12-09T08:15:00+00:00,649747,0.053408,25307,f18a90e8b77105221db67898aa67b5ce259d4fd92e19a9675ea01a6bcd2a850e,2026-10-04T00:17:33+00:00
GC_tbbo/2024/2024-12-10.dbn.zst,GC.v.0,tbbo,2024-12-10,2024-12-09T23:30:00+00:00,2024-12-10T08:15:00+00:00,577630,0.047742,22612,c5a3a8caaecce88cd1847542d3bccbc6a740a34dd94bd8494d74eb4331024c1b,2026-10-04T00:17:32+00:00
GC_tbbo/2024/2024-12-11.dbn.zst,GC.v.0,tbbo,2024-12-11,2024-12-10T23:30:00+00:00,2024-12-11T08:15:00+00:00,1146465,0.096598,45923,5eb1ddf53af6e41936f202148f938880475a34d3402040bb5c95876183fcbacd,2026-10-04T00:17:32+00:00
GC_tbbo/2024/2024-12-12.dbn.zst,GC.v.0,tbbo,2024-12-12,2024-12-11T23:30:00+00:00,2024-12-12T08:15:00+00:00,578284,0.047996,22564,b14b23b566196b8251c8a0ff0844fae5676b7c24ab187d11ba1b94c5ebc077d6,2026-10-04T00:17:30+00:00
GC_tbbo/2024/2024-12-13.dbn.zst,GC.v.0,tbbo,2024-12-13,2024-12-12T23:30:00+00:00,2024-12-13T08:15:00+00:00,519877,0.043081,20464,d82fcd22cc87b631c5f43a5ace0a9ffa5735a9701520b538710593cc30379e25,2026-10-04T00:17:32+00:00
GC_tbbo/2024/2024-12-16.dbn.zst,GC.v.0,tbbo,2024-12-16,2024-12-15T23:30:00+00:00,2024-12-16T08:15:00+00:00,422227,0.034566,16217,9e76d1981b45330717c994fe52d0f1593ece1e425c8b474517aafddb87ca18a0,2026-10-04T00:17:39+00:00
GC_tbbo/2024/2024-12-17.dbn.zst,GC.v.0,tbbo,2024-12-17,2024-12-16T23:30:00+00:00,2024-12-17T08:15:00+00:00,406350,0.032947,15549,89c0b915e6dde97967ee0fd55dd6773af00449d29d17668de4916abdfc91af1f,2026-10-04T00:17:36+00:00
GC_tbbo/2024/2024-12-18.dbn.zst,GC.v.0,tbbo,2024-12-18,2024-12-17T23:30:00+00:00,2024-12-18T08:15:00+00:00,314562,0.025510,12008,3a00e80c9e3655a8a847f238dffb32abf090be055688f85ffbcace1d6d790ffb,2026-10-04T00:17:40+00:00
GC_tbbo/2024/2024-12-19.dbn.zst,GC.v.0,tbbo,2024-12-19,2024-12-18T23:30:00+00:00,2024-12-19T08:15:00+00:00,825640,0.068111,32430,21ba18ac658028aa976eda776814a5c6616643d32f13b2926e2ee90341cd3084,2026-10-04T00:17:38+00:00
GC_tbbo/2024/2024-12-20.dbn.zst,GC.v.0,tbbo,2024-12-20,2024-12-19T23:30:00+00:00,2024-12-20T08:15:00+00:00,513641,0.042259,20051,9fd10304d4b6f7a0a4f3f9c3f5cd0e4e8786fd7edf1ca870d531ba3e5b39451b,2026-10-04T00:17:45+00:00
GC_tbbo/2024/2024-12-23.dbn.zst,GC.v.0,tbbo,2024-12-23,2024-12-22T23:30:00+00:00,2024-12-23T08:15:00+00:00,432154,0.034453,16272,9064d811db4e58b7e65652d69b55771ccc3efe0ed166adb427fae11249e83643,2026-10-04T00:17:38+00:00
GC_tbbo/2024/2024-12-24.dbn.zst,GC.v.0,tbbo,2024-12-24,2024-12-23T23:30:00+00:00,2024-12-24T08:15:00+00:00,265478,0.020928,9942,677bbf8110d5893f3777d55a6c4941d2b4b21b6e5b0cec99380d764b6f32a59a,2026-10-04T00:17:41+00:00
GC_tbbo/2024/2024-12-25.dbn.zst,GC.v.0,tbbo,2024-12-25,2024-12-24T23:30:00+00:00,2024-12-25T08:15:00+00:00,113,0.000000,0,bf4fa024d9062791254d13a108471f072c010d181580fd5c14b4c3769d98614b,2026-10-04T00:17:43+00:00
GC_tbbo/2024/2024-12-26.dbn.zst,GC.v.0,tbbo,2024-12-26,2024-12-25T23:30:00+00:00,2024-12-26T08:15:00+00:00,284847,0.022852,10858,3de6c8bc0f7bca2a34d4f9ecbde2962d0cad7f46095f2937ea5e7df04d40af39,2026-10-04T00:17:43+00:00
GC_tbbo/2024/2024-12-27.dbn.zst,GC.v.0,tbbo,2024-12-27,2024-12-26T23:30:00+00:00,2024-12-27T08:15:00+00:00,333979,0.027312,12669,b9d83680e22027ec42413da6d5717712ccecd7ab2a6932ce575bc988a90bee3f,2026-10-04T00:17:43+00:00
GC_tbbo/2024/2024-12-30.dbn.zst,GC.v.0,tbbo,2024-12-30,2024-12-29T23:30:00+00:00,2024-12-30T08:15:00+00:00,300001,0.024177,11383,ebc019fc2f33e6d13e8c48639a072aef08a74bfbe7198824c5878e8cb60fde1b,2026-10-04T00:17:44+00:00
GC_tbbo/2024/2024-12-31.dbn.zst,GC.v.0,tbbo,2024-12-31,2024-12-30T23:30:00+00:00,2024-12-31T08:15:00+00:00,252081,0.020261,9585,5ea272f90bf1b11f3737d59b02e871af9194752a2533b28f678293ca84055412,2026-10-04T00:17:46+00:00
GC_tbbo/2025/2025-01-01.dbn.zst,GC.v.0,tbbo,2025-01-01,2024-12-31T23:30:00+00:00,2025-01-01T08:15:00+00:00,113,0.000000,0,e0c0233dc5c238467344ff82fb561ea300e1a6d464c9e61180c0d962c7ff40a3,2026-10-04T00:17:46+00:00
GC_tbbo/2025/2025-01-02.dbn.zst,GC.v.0,tbbo,2025-01-02,2025-01-01T23:30:00+00:00,2025-01-02T08:15:00+00:00,338057,0.026868,12670,fd40c27b9d3004f494ec41f7a335a5937388992eaa55d733c807b4426848dc53,2026-10-04T00:17:47+00:00
GC_tbbo/2025/2025-01-03.dbn.zst,GC.v.0,tbbo,2025-01-03,2025-01-02T23:30:00+00:00,2025-01-03T08:15:00+00:00,442543,0.037311,17667,de660ccaa4be1aa9726633983905dde108b8eb1382ae88872b1cc7020ac54af6,2026-10-04T00:17:48+00:00
GC_tbbo/2025/2025-01-06.dbn.zst,GC.v.0,tbbo,2025-01-06,2025-01-05T23:30:00+00:00,2025-01-06T08:15:00+00:00,504416,0.041848,19948,d288d800b58f757abd8abdf06391f9b066a68e7614db9bcd9d2510c835acc249,2026-10-04T00:17:53+00:00
GC_tbbo/2025/2025-01-07.dbn.zst,GC.v.0,tbbo,2025-01-07,2025-01-06T23:30:00+00:00,2025-01-07T08:15:00+00:00,361211,0.029098,13775,e7d2bedbd14e4cfeb576dba65a3bbeca24d27525bceff046c8e0f57ab189fbd3,2026-10-04T00:17:52+00:00
GC_tbbo/2025/2025-01-08.dbn.zst,GC.v.0,tbbo,2025-01-08,2025-01-07T23:30:00+00:00,2025-01-08T08:15:00+00:00,296949,0.024037,11393,cb5c34f5f7bf7644d70f14ad10687508c907589dda233c70501b20ea14ff6b5b,2026-10-04T00:17:50+00:00
GC_tbbo/2025/2025-01-09.dbn.zst,GC.v.0,tbbo,2025-01-09,2025-01-08T23:30:00+00:00,2025-01-09T08:15:00+00:00,311631,0.025053,11759,7b0faa43a35084b442945aae63717465fa14f699f59f0924ceeca4c95e678ab3,2026-10-04T00:17:50+00:00
GC_tbbo/2025/2025-01-10.dbn.zst,GC.v.0,tbbo,2025-01-10,2025-01-09T23:30:00+00:00,2025-01-10T08:15:00+00:00,371844,0.030717,14497,544f4321a393df782b428fd28da4bfdf7064da081aca7dc02bcc2be43975110b,2026-10-04T00:17:52+00:00
GC_tbbo/2025/2025-01-13.dbn.zst,GC.v.0,tbbo,2025-01-13,2025-01-12T23:30:00+00:00,2025-01-13T08:15:00+00:00,404784,0.032644,15396,9abff91e970952c718f63bcb17278a40b31a8f81871622403b3c934086d94230,2026-10-04T00:17:55+00:00
GC_tbbo/2025/2025-01-14.dbn.zst,GC.v.0,tbbo,2025-01-14,2025-01-13T23:30:00+00:00,2025-01-14T08:15:00+00:00,388681,0.030996,14637,ce349bc4426fea63aaf7cfe3c5800e0a76f2c180ad8fcad822d07533c43d261d,2026-10-04T00:17:54+00:00
GC_tbbo/2025/2025-01-15.dbn.zst,GC.v.0,tbbo,2025-01-15,2025-01-14T23:30:00+00:00,2025-01-15T08:15:00+00:00,349261,0.028284,13359,fe6d26f961b2ff0a3405bd5ec6affaee80175179803a7bd5ba858b8dbcddd786,2026-10-04T00:17:55+00:00
GC_tbbo/2025/2025-01-16.dbn.zst,GC.v.0,tbbo,2025-01-16,2025-01-15T23:30:00+00:00,2025-01-16T08:15:00+00:00,493957,0.040634,19129,23a87d8c8a4793d3eb6f85aef17907281b6e4765a52493aa9f6efa2c0c0301c5,2026-10-04T00:17:58+00:00
GC_tbbo/2025/2025-01-17.dbn.zst,GC.v.0,tbbo,2025-01-17,2025-01-16T23:30:00+00:00,2025-01-17T08:15:00+00:00,357447,0.028501,13558,33d0279f7005636272ab59e993cfdd48a4a20849347ef8aa6040008250db11a8,2026-10-04T00:17:59+00:00
GC_tbbo/2025/2025-01-20.dbn.zst,GC.v.0,tbbo,2025-01-20,2025-01-19T23:30:00+00:00,2025-01-20T08:15:00+00:00,345548,0.027959,13295,4d3d732246cd91d30261032419135bdf19c485deb82627aca4bb78d439aa27e2,2026-10-04T00:17:57+00:00
GC_tbbo/2025/2025-01-21.dbn.zst,GC.v.0,tbbo,2025-01-21,2025-01-20T23:30:00+00:00,2025-01-21T08:15:00+00:00,527133,0.043173,20371,d4efa0d123146c1c1f820b788feb19f82582b68daa3c1daabd63c43c11e06f8e,2026-10-04T00:18:20+00:00
GC_tbbo/2025/2025-01-22.dbn.zst,GC.v.0,tbbo,2025-01-22,2025-01-21T23:30:00+00:00,2025-01-22T08:15:00+00:00,506475,0.041072,19500,999bb8a61b37030892b10d878fca1ceebb000083d4d2bad92746f6473ef18f4a,2026-10-04T00:17:57+00:00
GC_tbbo/2025/2025-01-23.dbn.zst,GC.v.0,tbbo,2025-01-23,2025-01-22T23:30:00+00:00,2025-01-23T08:15:00+00:00,297265,0.024581,11605,80a0baf9b1a958c7c9622f3947123b9f0cb8c8030ca091850f83d851c83b5aa8,2026-10-04T00:18:00+00:00
GC_tbbo/2025/2025-01-24.dbn.zst,GC.v.0,tbbo,2025-01-24,2025-01-23T23:30:00+00:00,2025-01-24T08:15:00+00:00,550721,0.045530,21524,04bbfcc2b7d7bf1ea7fed4da60a99c37ac6397b4e39b12af52e12f3b6e2b1fa5,2026-10-04T00:18:04+00:00
GC_tbbo/2025/2025-01-27.dbn.zst,GC.v.0,tbbo,2025-01-27,2025-01-26T23:30:00+00:00,2025-01-27T08:15:00+00:00,472222,0.039506,18497,cccc0b502f89e7fbf25ad2ce1d8f4d3a66767c7f612889af7ae7a46b3f914b99,2026-10-04T00:18:07+00:00
GC_tbbo/2025/2025-01-28.dbn.zst,GC.v.0,tbbo,2025-01-28,2025-01-27T23:30:00+00:00,2025-01-28T08:15:00+00:00,253529,0.019973,9430,66aa8a4cccb95378759670ae3f467b4a223e67ef26d863769f0311ea4c012608,2026-10-04T00:18:06+00:00
GC_tbbo/2025/2025-01-29.dbn.zst,GC.v.0,tbbo,2025-01-29,2025-01-28T23:30:00+00:00,2025-01-29T08:15:00+00:00,109448,0.008895,3985,d79a234f3484dd4aa549a498bf70731248b460c1e3dbeae28aff2b1cfaef86ab,2026-10-04T00:18:06+00:00
GC_tbbo/2025/2025-01-30.dbn.zst,GC.v.0,tbbo,2025-01-30,2025-01-29T23:30:00+00:00,2025-01-30T08:15:00+00:00,27129,0.002257,1052,1b79124a9cd8645c6f0785277ffbf0c2bbab84890439779cf62f2df1bb57fffd,2026-10-04T00:18:04+00:00
GC_tbbo/2025/2025-01-31.dbn.zst,GC.v.0,tbbo,2025-01-31,2025-01-30T23:30:00+00:00,2025-01-31T08:15:00+00:00,335986,0.027544,13038,a9ec33b23f5d6f1b21173169b7a5e4cbfb748ffa0b4474661319d43b919f83d8,2026-10-04T00:18:08+00:00
GC_tbbo/2025/2025-02-03.dbn.zst,GC.v.0,tbbo,2025-02-03,2025-02-02T23:30:00+00:00,2025-02-03T08:15:00+00:00,693712,0.058335,27475,330a410cdef4b348d09b18ce5f2808c1602690b09fb23eb9e41a0ba807dd5d5e,2026-10-04T00:18:06+00:00
GC_tbbo/2025/2025-02-04.dbn.zst,GC.v.0,tbbo,2025-02-04,2025-02-03T23:30:00+00:00,2025-02-04T08:15:00+00:00,430169,0.036078,16484,40f01312f5146836f7ba01dfdfe049a0dd9eb77234a1fd0e0c743180bd1c8c40,2026-10-04T00:18:11+00:00
GC_tbbo/2025/2025-02-05.dbn.zst,GC.v.0,tbbo,2025-02-05,2025-02-04T23:30:00+00:00,2025-02-05T08:15:00+00:00,464966,0.037862,17892,73aab90a6279b6034dd16363c98a08783f11a9e4e507cc3e9572160ff6e17ffd,2026-10-04T00:18:11+00:00
GC_tbbo/2025/2025-02-06.dbn.zst,GC.v.0,tbbo,2025-02-06,2025-02-05T23:30:00+00:00,2025-02-06T08:15:00+00:00,447572,0.036285,17204,84c955bd4e0d3ae48dadae52d82cd532f292afe2cd520f809606b552e9bbcc0c,2026-10-04T00:18:12+00:00
GC_tbbo/2025/2025-02-07.dbn.zst,GC.v.0,tbbo,2025-02-07,2025-02-06T23:30:00+00:00,2025-02-07T08:15:00+00:00,401118,0.032227,15242,3cd0e4b8ece039cf6ea6db0b7cec5d2fec4161ac3618b92f22b5d810d256d44c,2026-10-04T00:18:12+00:00
GC_tbbo/2025/2025-02-10.dbn.zst,GC.v.0,tbbo,2025-02-10,2025-02-09T23:30:00+00:00,2025-02-10T08:15:00+00:00,523059,0.042474,20099,b51704d2d41c0d813b39cca4aec4b4ff38cee6f2ac6cab22ecd22ddd7547eeb7,2026-10-04T00:18:20+00:00
GC_tbbo/2025/2025-02-11.dbn.zst,GC.v.0,tbbo,2025-02-11,2025-02-10T23:30:00+00:00,2025-02-11T08:15:00+00:00,1011041,0.085255,40610,c0857d8d1010491d0dcbf31e680a4460a32d10c2e54c7886dac2311a9e14c6ba,2026-10-04T00:18:14+00:00
GC_tbbo/2025/2025-02-12.dbn.zst,GC.v.0,tbbo,2025-02-12,2025-02-11T23:30:00+00:00,2025-02-12T08:15:00+00:00,600208,0.049071,23314,977f52d0cf03a9f3e29e487edc29d52d209b01ab6a56f219c0eb731c8fac1d36,2026-10-04T00:18:14+00:00
GC_tbbo/2025/2025-02-13.dbn.zst,GC.v.0,tbbo,2025-02-13,2025-02-12T23:30:00+00:00,2025-02-13T08:15:00+00:00,662669,0.055325,26052,24045b93170d54e782730f0152f71a9ae5607e69483289ce21d8050bb5ecd09f,2026-10-04T00:18:16+00:00
GC_tbbo/2025/2025-02-14.dbn.zst,GC.v.0,tbbo,2025-02-14,2025-02-13T23:30:00+00:00,2025-02-14T08:15:00+00:00,467021,0.038041,17899,c0eb5d36eb2d054cf0337a28ceec8b817d7712f8fd76b01f7591f9fdc56fd65a,2026-10-04T00:18:16+00:00
GC_tbbo/2025/2025-02-17.dbn.zst,GC.v.0,tbbo,2025-02-17,2025-02-16T23:30:00+00:00,2025-02-17T08:15:00+00:00,583404,0.048309,23019,ad505d479b6ae984f013933e3097af9ef066d9141f4f166718c3c81a96ee8502,2026-10-04T00:18:18+00:00
GC_tbbo/2025/2025-02-18.dbn.zst,GC.v.0,tbbo,2025-02-18,2025-02-17T23:30:00+00:00,2025-02-18T08:15:00+00:00,490045,0.040144,19070,f7ffe7eba207186c9c4ab9070deba12445d936a1d4790587a374fb9f9697ed60,2026-10-04T00:18:20+00:00
GC_tbbo/2025/2025-02-19.dbn.zst,GC.v.0,tbbo,2025-02-19,2025-02-18T23:30:00+00:00,2025-02-19T08:15:00+00:00,533977,0.044360,20886,60a0069afbff559ca6b4ef70a92ed35bf0a9101670d490385ac83b1d8674ff39,2026-10-04T00:18:24+00:00
GC_tbbo/2025/2025-02-20.dbn.zst,GC.v.0,tbbo,2025-02-20,2025-02-19T23:30:00+00:00,2025-02-20T08:15:00+00:00,542718,0.045522,21536,20722a1b9d51045fe01def2d4491f36db743f15676eb83142a6b4359ebb9449d,2026-10-04T00:18:23+00:00
GC_tbbo/2025/2025-02-21.dbn.zst,GC.v.0,tbbo,2025-02-21,2025-02-20T23:30:00+00:00,2025-02-21T08:15:00+00:00,701881,0.059952,28071,2783af5b962295aebf76ef88f7ea0243ead4e3c5b00662b4927d4a508b7af3f8,2026-10-04T00:18:23+00:00
GC_tbbo/2025/2025-02-24.dbn.zst,GC.v.0,tbbo,2025-02-24,2025-02-23T23:30:00+00:00,2025-02-24T08:15:00+00:00,550802,0.045641,21506,1efba99c6934a5d3ae217610856b3b0d518d4f23c8898eb90eb95083c199b9f0,2026-10-04T00:18:30+00:00
GC_tbbo/2025/2025-02-25.dbn.zst,GC.v.0,tbbo,2025-02-25,2025-02-24T23:30:00+00:00,2025-02-25T08:15:00+00:00,603358,0.049461,23474,61a16997dd66ef02121e7cea038b1d620bf83cde564c0654403dadcb35e0f685,2026-10-04T00:18:22+00:00
GC_tbbo/2025/2025-02-26.dbn.zst,GC.v.0,tbbo,2025-02-26,2025-02-25T23:30:00+00:00,2025-02-26T08:15:00+00:00,599894,0.049855,23605,8488647f1c93a6cdcbe51faf9972817ead618d0e06aa627f0bc703fb4641d045,2026-10-04T00:18:29+00:00
GC_tbbo/2025/2025-02-27.dbn.zst,GC.v.0,tbbo,2025-02-27,2025-02-26T23:30:00+00:00,2025-02-27T08:15:00+00:00,703620,0.060136,28218,f230070d0408b8ffb047368671dd03b1bce4b21b703a860c2452613fe4756211,2026-10-04T00:18:30+00:00
GC_tbbo/2025/2025-02-28.dbn.zst,GC.v.0,tbbo,2025-02-28,2025-02-27T23:30:00+00:00,2025-02-28T08:15:00+00:00,678956,0.057981,27017,15447f2aa610b6d34d6e9633cfca59b5d75356d09c1daaa92b68475c56487278,2026-10-04T00:18:27+00:00
GC_tbbo/2025/2025-03-03.dbn.zst,GC.v.0,tbbo,2025-03-03,2025-03-02T23:30:00+00:00,2025-03-03T08:15:00+00:00,555793,0.045893,21806,a62b8ad945f58f6bceb5d9d6dcf5173f8345cd2f995065a5368770b5b202cfce,2026-10-04T00:18:28+00:00
GC_tbbo/2025/2025-03-04.dbn.zst,GC.v.0,tbbo,2025-03-04,2025-03-03T23:30:00+00:00,2025-03-04T08:15:00+00:00,575706,0.049776,22869,e2bd13fe5a6f88dcf11ace0e48ead118a1d3d4c0f209a6da8106dfc98c8963f6,2026-10-04T00:18:31+00:00
GC_tbbo/2025/2025-03-05.dbn.zst,GC.v.0,tbbo,2025-03-05,2025-03-04T23:30:00+00:00,2025-03-05T08:15:00+00:00,559573,0.046037,21723,987f32e7a636a31196c30edfd3d2eac058c689c0f7e85fb8a30f7663218bc93c,2026-10-04T00:18:30+00:00
GC_tbbo/2025/2025-03-06.dbn.zst,GC.v.0,tbbo,2025-03-06,2025-03-05T23:30:00+00:00,2025-03-06T08:15:00+00:00,569857,0.048199,22523,c8911d78284c074304e91c0db1ae2b1a3bf19dc426a97d3ebdd4374f621f3463,2026-10-04T00:18:31+00:00
GC_tbbo/2025/2025-03-07.dbn.zst,GC.v.0,tbbo,2025-03-07,2025-03-06T23:30:00+00:00,2025-03-07T08:15:00+00:00,494328,0.040257,19127,305fa653db18ef80f01631718a5a6afc8076d0fe435b6ef26578c52e5ca0732c,2026-10-04T00:18:38+00:00
GC_tbbo/2025/2025-03-10.dbn.zst,GC.v.0,tbbo,2025-03-10,2025-03-09T22:30:00+00:00,2025-03-10T07:15:00+00:00,364079,0.029290,13880,6137802eb4a6560d23f2c029a4791e863b50e380d33e3b974f6a1a9f8447418f,2026-10-04T00:18:36+00:00
GC_tbbo/2025/2025-03-11.dbn.zst,GC.v.0,tbbo,2025-03-11,2025-03-10T22:30:00+00:00,2025-03-11T07:15:00+00:00,468063,0.039228,18465,718faac052aba70f9911b01d1e41992e595d64b1fa7d5c265b438a7329058175,2026-10-04T00:18:34+00:00
GC_tbbo/2025/2025-03-12.dbn.zst,GC.v.0,tbbo,2025-03-12,2025-03-11T22:30:00+00:00,2025-03-12T07:15:00+00:00,334807,0.026945,12775,b9384c66018314e6a0b138513c6ba74f989bbdedb248afc3c87e74490737ec26,2026-10-04T00:18:36+00:00
GC_tbbo/2025/2025-03-13.dbn.zst,GC.v.0,tbbo,2025-03-13,2025-03-12T22:30:00+00:00,2025-03-13T07:15:00+00:00,415049,0.034299,16283,712370d75c5a6a6b5eca8592e67b2ec23bde723b39115311e44f64c1cab12ca8,2026-10-04T00:18:39+00:00
GC_tbbo/2025/2025-03-14.dbn.zst,GC.v.0,tbbo,2025-03-14,2025-03-13T22:30:00+00:00,2025-03-14T07:15:00+00:00,490390,0.040507,19280,709171d809d9aaac68e9fbc70d6d3a6c2c1861ee7ac8f70460435c71ce361549,2026-10-04T00:18:35+00:00
GC_tbbo/2025/2025-03-17.dbn.zst,GC.v.0,tbbo,2025-03-17,2025-03-16T22:30:00+00:00,2025-03-17T07:15:00+00:00,348461,0.028754,13656,eff85ff5ce3004e88c2d2fd45f8e5b2377d05d8a5598eb83b58567b83cd8469f,2026-10-04T00:18:43+00:00
GC_tbbo/2025/2025-03-18.dbn.zst,GC.v.0,tbbo,2025-03-18,2025-03-17T22:30:00+00:00,2025-03-18T07:15:00+00:00,492904,0.040947,19370,e3dacf00b6d036f93ec105d44dfc4feb5b78f5913186148f77db9a784d44cede,2026-10-04T00:18:37+00:00
GC_tbbo/2025/2025-03-19.dbn.zst,GC.v.0,tbbo,2025-03-19,2025-03-18T22:30:00+00:00,2025-03-19T07:15:00+00:00,409885,0.033441,15875,f5b17fe8fcdf5b9ce96d34bc838fde470d7b63bfebdd25a231caf89e51298c09,2026-10-04T00:18:39+00:00
GC_tbbo/2025/2025-03-20.dbn.zst,GC.v.0,tbbo,2025-03-20,2025-03-19T22:30:00+00:00,2025-03-20T07:15:00+00:00,478420,0.040179,19060,cd332bc26d76a6bacab6ea54e8ebb6634a754b8c0bbff47d343a22c728dd9e3f,2026-10-04T00:18:39+00:00
GC_tbbo/2025/2025-03-21.dbn.zst,GC.v.0,tbbo,2025-03-21,2025-03-20T22:30:00+00:00,2025-03-21T07:15:00+00:00,461302,0.038085,18073,da8db82d0d4dacc3379d6a41ef71f2f3dab603607e2d6bbda0b6057f4c558e03,2026-10-04T00:18:40+00:00
GC_tbbo/2025/2025-03-24.dbn.zst,GC.v.0,tbbo,2025-03-24,2025-03-23T22:30:00+00:00,2025-03-24T07:15:00+00:00,387345,0.031353,14922,24bc986694a2ad8e4ff25ce263e129e76b6e6789d87abd65f0ef54f29cd0d006,2026-10-04T00:18:41+00:00
GC_tbbo/2025/2025-03-25.dbn.zst,GC.v.0,tbbo,2025-03-25,2025-03-24T22:30:00+00:00,2025-03-25T07:15:00+00:00,350341,0.028447,13476,7a767e5b3a8e27c7419865d70b4f34cabd9c10beea52457684e30045e3023c8a,2026-10-04T00:18:47+00:00
GC_tbbo/2025/2025-03-26.dbn.zst,GC.v.0,tbbo,2025-03-26,2025-03-25T22:30:00+00:00,2025-03-26T07:15:00+00:00,392530,0.032002,15177,2335fab8bcd163b9662a0bba5510a0ec20c09ef95eb0bf69a2bf979959786646,2026-10-04T00:18:43+00:00
GC_tbbo/2025/2025-03-27.dbn.zst,GC.v.0,tbbo,2025-03-27,2025-03-26T22:30:00+00:00,2025-03-27T07:15:00+00:00,234554,0.018865,8906,4e949264cbf4e1bd4a4118754eddb62ff83bcd0d4ac9d8df27d11215ae3efdfb,2026-10-04T00:18:45+00:00
GC_tbbo/2025/2025-03-28.dbn.zst,GC.v.0,tbbo,2025-03-28,2025-03-27T22:30:00+00:00,2025-03-28T07:15:00+00:00,42490,0.003411,1621,0214476046710b72a4ed45363a71707f636664d53337ee7367c0455d2c3d39b7,2026-10-04T00:18:49+00:00
GC_tbbo/2025/2025-03-31.dbn.zst,GC.v.0,tbbo,2025-03-31,2025-03-30T22:30:00+00:00,2025-03-31T07:15:00+00:00,910639,0.075231,35478,28b60c788b827496046b82ba752b14a9c6145fff59d748b92390de668359c8f7,2026-10-04T00:18:49+00:00
GC_tbbo/2025/2025-04-01.dbn.zst,GC.v.0,tbbo,2025-04-01,2025-03-31T22:30:00+00:00,2025-04-01T07:15:00+00:00,901739,0.074349,35270,345652d24134308d8ae4f30245bbd79ddba1822ace1f5a7a635a6682f2c7f691,2026-10-04T00:18:53+00:00
GC_tbbo/2025/2025-04-02.dbn.zst,GC.v.0,tbbo,2025-04-02,2025-04-01T22:30:00+00:00,2025-04-02T07:15:00+00:00,628871,0.052260,24799,21280b382e0ba878f8ee70a17ccfd4128a7b826f17c11842ad40d285d923f5b8,2026-10-04T00:18:47+00:00
GC_tbbo/2025/2025-04-03.dbn.zst,GC.v.0,tbbo,2025-04-03,2025-04-02T22:30:00+00:00,2025-04-03T07:15:00+00:00,1497737,0.126351,60114,93949d53a1fa3bb41d94f79d79dd9f49c1b8885c4901fd764763eed87d91653d,2026-10-04T00:18:50+00:00
GC_tbbo/2025/2025-04-04.dbn.zst,GC.v.0,tbbo,2025-04-04,2025-04-03T22:30:00+00:00,2025-04-04T07:15:00+00:00,575148,0.047508,22438,eb4510b4958df7b1760f9fd9cfe74f888430e25d027739574bbd6e25c49458fe,2026-10-04T00:18:49+00:00
GC_tbbo/2025/2025-04-07.dbn.zst,GC.v.0,tbbo,2025-04-07,2025-04-06T22:30:00+00:00,2025-04-07T07:15:00+00:00,1646380,0.141400,66952,11ca6a4ce0ac082b8156e6ab25915ccfa043a8ccad550269d918b6ab58c466b8,2026-10-04T00:18:52+00:00
GC_tbbo/2025/2025-04-08.dbn.zst,GC.v.0,tbbo,2025-04-08,2025-04-07T22:30:00+00:00,2025-04-08T07:15:00+00:00,736528,0.062754,29383,c6a420960f8c53f23491252aa7275ece61ce6fc49c00a2baade4788b11fd6949,2026-10-04T00:18:52+00:00
GC_tbbo/2025/2025-04-09.dbn.zst,GC.v.0,tbbo,2025-04-09,2025-04-08T22:30:00+00:00,2025-04-09T07:15:00+00:00,1201944,0.104381,49277,66da95c00629624385692e49f0ec6d30d17ed4131691a063df7823bd72f14110,2026-10-04T00:18:53+00:00
GC_tbbo/2025/2025-04-10.dbn.zst,GC.v.0,tbbo,2025-04-10,2025-04-09T22:30:00+00:00,2025-04-10T07:15:00+00:00,905815,0.077292,36601,baf3551e24ae6fd5b2db4d346aea3ddf4f7e1e0aa84c7bf5f83d79f72effbea1,2026-10-04T00:19:10+00:00
GC_tbbo/2025/2025-04-11.dbn.zst,GC.v.0,tbbo,2025-04-11,2025-04-10T22:30:00+00:00,2025-04-11T07:15:00+00:00,1229897,0.104644,49549,5c1abbab6250cfa7f4a51efeb9dd038fa490c22fee9e8743a561625de01c77e9,2026-10-04T00:18:54+00:00
GC_tbbo/2025/2025-04-14.dbn.zst,GC.v.0,tbbo,2025-04-14,2025-04-13T22:30:00+00:00,2025-04-14T07:15:00+00:00,765469,0.063413,30173,9883be8898d49abf873f3d89d4978c33805ee071d585be2b2669f8ad7d476e6f,2026-10-04T00:18:55+00:00
GC_tbbo/2025/2025-04-15.dbn.zst,GC.v.0,tbbo,2025-04-15,2025-04-14T22:30:00+00:00,2025-04-15T07:15:00+00:00,513810,0.042758,20122,0c6d38932e088c0439a66789b71af2bc9e07dd2989584637fc398ff8fcc562f7,2026-10-04T00:18:56+00:00
GC_tbbo/2025/2025-04-16.dbn.zst,GC.v.0,tbbo,2025-04-16,2025-04-15T22:30:00+00:00,2025-04-16T07:15:00+00:00,1189386,0.102130,48269,30730acc1c461372d39fac02013a73d6cec0cc8df3da061c728948943278cdde,2026-10-04T00:19:00+00:00
GC_tbbo/2025/2025-04-17.dbn.zst,GC.v.0,tbbo,2025-04-17,2025-04-16T22:30:00+00:00,2025-04-17T07:15:00+00:00,1213688,0.104621,48590,af09733f77ef3abfeed6d94932e37f77fb864bec5c2a8ce1a6284868253e006b,2026-10-04T00:19:02+00:00
GC_tbbo/2025/2025-04-18.dbn.zst,GC.v.0,tbbo,2025-04-18,2025-04-17T22:30:00+00:00,2025-04-18T07:15:00+00:00,108,0.000000,0,fbf38233ae7e32eb92e5ad879663dbdb470b2daeb7bc3b66ddcc39db0dd83870,2026-10-04T00:19:03+00:00
GC_tbbo/2025/2025-04-21.dbn.zst,GC.v.0,tbbo,2025-04-21,2025-04-20T22:30:00+00:00,2025-04-21T07:15:00+00:00,1107904,0.094416,44997,05f095fdf635007435bfcf81522d84877837ddebf0e066854ba86a12b4351e33,2026-10-04T00:18:58+00:00
GC_tbbo/2025/2025-04-22.dbn.zst,GC.v.0,tbbo,2025-04-22,2025-04-21T22:30:00+00:00,2025-04-22T07:15:00+00:00,2060698,0.179681,84805,5c8d1e20e75c9f6d41999e2812c5c5c2abf19cd013db81538edc761bee304a5c,2026-10-04T00:19:01+00:00
GC_tbbo/2025/2025-04-23.dbn.zst,GC.v.0,tbbo,2025-04-23,2025-04-22T22:30:00+00:00,2025-04-23T07:15:00+00:00,2077117,0.176610,83871,03ee9c89b0e25411adca892e1fc74b9fc85a7462755d2a5c65a311b70d07a157,2026-10-04T00:19:01+00:00
GC_tbbo/2025/2025-04-24.dbn.zst,GC.v.0,tbbo,2025-04-24,2025-04-23T22:30:00+00:00,2025-04-24T07:15:00+00:00,1580499,0.136335,64087,68bd1304a123ae15243daf608fef06132aaf3287e8568bacd916e39816ce4f6f,2026-10-04T00:19:03+00:00
GC_tbbo/2025/2025-04-25.dbn.zst,GC.v.0,tbbo,2025-04-25,2025-04-24T22:30:00+00:00,2025-04-25T07:15:00+00:00,1416374,0.122159,57539,b3ed0480b9f2c8028658c34c932145bb5c5fd9c006023c1ddfdddba3dbb6e3c5,2026-10-04T00:19:12+00:00
GC_tbbo/2025/2025-04-28.dbn.zst,GC.v.0,tbbo,2025-04-28,2025-04-27T22:30:00+00:00,2025-04-28T07:15:00+00:00,1201355,0.101008,48065,4348a03683d4ab540277a3b2e1c428478af38abf7fa06c51d093c32e2097d546,2026-10-04T00:19:09+00:00
GC_tbbo/2025/2025-04-29.dbn.zst,GC.v.0,tbbo,2025-04-29,2025-04-28T22:30:00+00:00,2025-04-29T07:15:00+00:00,925938,0.076671,36495,d43b9100eb909a04b141a598cdd1162aebe80c6efb609e18df43ed50b1e1414f,2026-10-04T00:19:11+00:00
GC_tbbo/2025/2025-04-30.dbn.zst,GC.v.0,tbbo,2025-04-30,2025-04-29T22:30:00+00:00,2025-04-30T07:15:00+00:00,624736,0.051013,24343,2f1ec0d6a0657841ab37c6ad9537084a361fe9b0c828e9adb33d0b5ed18fc786,2026-10-04T00:19:06+00:00
GC_tbbo/2025/2025-05-01.dbn.zst,GC.v.0,tbbo,2025-05-01,2025-04-30T22:30:00+00:00,2025-05-01T07:15:00+00:00,1173039,0.100628,47825,091c0f2df59c0920c5554a40e40a83d09621282f02e7ff3bbc4f77c5e37ae58e,2026-10-04T00:19:13+00:00
GC_tbbo/2025/2025-05-02.dbn.zst,GC.v.0,tbbo,2025-05-02,2025-05-01T22:30:00+00:00,2025-05-02T07:15:00+00:00,727139,0.061221,29048,765f41587e8847151b86e421b395be50c47dc2bce6c579e09403b9a964b3a7a1,2026-10-04T00:19:09+00:00
GC_tbbo/2025/2025-05-05.dbn.zst,GC.v.0,tbbo,2025-05-05,2025-05-04T22:30:00+00:00,2025-05-05T07:15:00+00:00,767270,0.063261,30144,74762896dbc3bdf160dd016c2aa1fd45e463e7a8aac503e3170bad755c87b658,2026-10-04T00:19:10+00:00
GC_tbbo/2025/2025-05-06.dbn.zst,GC.v.0,tbbo,2025-05-06,2025-05-05T22:30:00+00:00,2025-05-06T07:15:00+00:00,1418140,0.121242,57753,42d7ef0d1d74de2556c921bcee3da12edf52f28370e58f9f420eca7485f93edc,2026-10-04T00:19:12+00:00
GC_tbbo/2025/2025-05-07.dbn.zst,GC.v.0,tbbo,2025-05-07,2025-05-06T22:30:00+00:00,2025-05-07T07:15:00+00:00,1446128,0.124314,59086,3582e8db78da3282439dc1b8ea790a0e7fef15348e950d788d8fdd858267dee9,2026-10-04T00:19:14+00:00
GC_tbbo/2025/2025-05-08.dbn.zst,GC.v.0,tbbo,2025-05-08,2025-05-07T22:30:00+00:00,2025-05-08T07:15:00+00:00,1628527,0.140317,66536,b451552498be8991ddf14a806ef06312c7185d437c679672e5962621a971365c,2026-10-04T00:19:18+00:00
GC_tbbo/2025/2025-05-09.dbn.zst,GC.v.0,tbbo,2025-05-09,2025-05-08T22:30:00+00:00,2025-05-09T07:15:00+00:00,1378126,0.116754,55540,d5ce5ea61012e2639d8cc8811190b5a42bc126b42e9c210f5d85c8c476395020,2026-10-04T00:19:27+00:00
GC_tbbo/2025/2025-05-12.dbn.zst,GC.v.0,tbbo,2025-05-12,2025-05-11T22:30:00+00:00,2025-05-12T07:15:00+00:00,1265457,0.109457,51209,d7f75a8ee6c86583db9fcb60f34483b53f5c0de04c13a98f0985651b2b7a327b,2026-10-04T00:19:18+00:00
GC_tbbo/2025/2025-05-13.dbn.zst,GC.v.0,tbbo,2025-05-13,2025-05-12T22:30:00+00:00,2025-05-13T07:15:00+00:00,983282,0.082049,38849,937dad337765c50ba96a39a476263ed59430920fbb575128b2df4c5ade759e37,2026-10-04T00:19:18+00:00
GC_tbbo/2025/2025-05-14.dbn.zst,GC.v.0,tbbo,2025-05-14,2025-05-13T22:30:00+00:00,2025-05-14T07:15:00+00:00,897917,0.074480,35475,b6af97ebcd4af03b7f2fed3ccc80b10d2e02cebeb41b38f12e2f5af1441e43d0,2026-10-04T00:19:18+00:00
GC_tbbo/2025/2025-05-15.dbn.zst,GC.v.0,tbbo,2025-05-15,2025-05-14T22:30:00+00:00,2025-05-15T07:15:00+00:00,1257496,0.106757,50769,9ddaf35bc5c0c26eeb81bcaef08e15bcb16c0ab2f550cb9a2177c50b78f83299,2026-10-04T00:19:17+00:00
GC_tbbo/2025/2025-05-16.dbn.zst,GC.v.0,tbbo,2025-05-16,2025-05-15T22:30:00+00:00,2025-05-16T07:15:00+00:00,1217566,0.103920,48926,f9bf2a9cf61e8436f2a012e1732c0f17dfe940b92f00d2bacc52c3deb929cb9a,2026-10-04T00:19:24+00:00
GC_tbbo/2025/2025-05-19.dbn.zst,GC.v.0,tbbo,2025-05-19,2025-05-18T22:30:00+00:00,2025-05-19T07:15:00+00:00,1038575,0.088691,42287,c79e0d9f2f4cd4dd460e94b4de1a10a9f7fc2b59c439f166bc3a413091b56707,2026-10-04T00:19:22+00:00
GC_tbbo/2025/2025-05-20.dbn.zst,GC.v.0,tbbo,2025-05-20,2025-05-19T22:30:00+00:00,2025-05-20T07:15:00+00:00,877785,0.073045,34691,3397e01cdf3ef9809875ac5a7211aeb2f6a4b627d9eb9eb87f9ba1a650b68af3,2026-10-04T00:19:23+00:00
GC_tbbo/2025/2025-05-21.dbn.zst,GC.v.0,tbbo,2025-05-21,2025-05-20T22:30:00+00:00,2025-05-21T07:15:00+00:00,1160254,0.098202,46458,9ea15f2acef847217ad742af57ff7f5876ad85cdab14031fc6e7c01e8e1b23c9,2026-10-04T00:19:25+00:00
GC_tbbo/2025/2025-05-22.dbn.zst,GC.v.0,tbbo,2025-05-22,2025-05-21T22:30:00+00:00,2025-05-22T07:15:00+00:00,867326,0.072066,34013,94f8b737574b1ae624782e440dd665fc328cfd90fb81bc08e7c0c903cc144784,2026-10-04T00:19:25+00:00
GC_tbbo/2025/2025-05-23.dbn.zst,GC.v.0,tbbo,2025-05-23,2025-05-22T22:30:00+00:00,2025-05-23T07:15:00+00:00,876522,0.073093,34775,1321948b85554a0cbdbf9faf216722887a4a81588a093f66f340a30326756e7f,2026-10-04T00:19:24+00:00
GC_tbbo/2025/2025-05-26.dbn.zst,GC.v.0,tbbo,2025-05-26,2025-05-25T22:30:00+00:00,2025-05-26T07:15:00+00:00,654395,0.054499,25735,c9483b840fac2db2ff5a5b7d777e36aa5d9d22cbfd1b1bedd4b83c1408f4ec98,2026-10-04T00:19:24+00:00
GC_tbbo/2025/2025-05-27.dbn.zst,GC.v.0,tbbo,2025-05-27,2025-05-26T22:30:00+00:00,2025-05-27T07:15:00+00:00,818000,0.068833,32589,c86281dec098bcf0d7bc0c4d466af34bf30a80692ef983cc6aa54ee1919d470c,2026-10-04T00:19:28+00:00
GC_tbbo/2025/2025-05-28.dbn.zst,GC.v.0,tbbo,2025-05-28,2025-05-27T22:30:00+00:00,2025-05-28T07:15:00+00:00,314078,0.026717,12657,b40c1d6070eaf69c54e28c5fc3e4be9dd8df9a52b2ab29363a9a4d5cf41cc97a,2026-10-04T00:19:37+00:00
GC_tbbo/2025/2025-05-29.dbn.zst,GC.v.0,tbbo,2025-05-29,2025-05-28T22:30:00+00:00,2025-05-29T07:15:00+00:00,70809,0.006075,2887,85d2398c8271a0f414675e59323982c9128525d08ea9297f4e3322fc5e10e565,2026-10-04T00:19:29+00:00
GC_tbbo/2025/2025-05-30.dbn.zst,GC.v.0,tbbo,2025-05-30,2025-05-29T22:30:00+00:00,2025-05-30T07:15:00+00:00,750258,0.063075,29892,ca08acbc7991a21bf3e140b43224fb7c12fa985855a8354b7ea6dd69d33ac580,2026-10-04T00:19:32+00:00
GC_tbbo/2025/2025-06-02.dbn.zst,GC.v.0,tbbo,2025-06-02,2025-06-01T22:30:00+00:00,2025-06-02T07:15:00+00:00,728183,0.064166,29232,d71bc53943cfbe6d03480eddfac7ecb874bb8c318af9f7a9bd2dc579341e0297,2026-10-04T00:19:30+00:00
GC_tbbo/2025/2025-06-03.dbn.zst,GC.v.0,tbbo,2025-06-03,2025-06-02T22:30:00+00:00,2025-06-03T07:15:00+00:00,869659,0.074265,35102,c803c7642089278e576437a3b45a9459c58b0a8c3217cb56bf1b4cd8eabcddd7,2026-10-04T00:19:33+00:00
GC_tbbo/2025/2025-06-04.dbn.zst,GC.v.0,tbbo,2025-06-04,2025-06-03T22:30:00+00:00,2025-06-04T07:15:00+00:00,696412,0.058736,27989,ab66f321a2f33ec62f9b2f72f63b91bd1504bf3cbe87da3dae7fbbf2510ef602,2026-10-04T00:19:46+00:00
GC_tbbo/2025/2025-06-05.dbn.zst,GC.v.0,tbbo,2025-06-05,2025-06-04T22:30:00+00:00,2025-06-05T07:15:00+00:00,603484,0.050867,24044,cad10c89625bc45092628a2c174dcc95f955f40dfb0f68de1b2c87bd253594b0,2026-10-04T00:19:37+00:00
GC_tbbo/2025/2025-06-06.dbn.zst,GC.v.0,tbbo,2025-06-06,2025-06-05T22:30:00+00:00,2025-06-06T07:15:00+00:00,637276,0.052663,25010,4914a13c2278e24c8219ebb90c1dd174228329bd5e85a930bd4ab3d1fe7837bc,2026-10-04T00:19:33+00:00
GC_tbbo/2025/2025-06-09.dbn.zst,GC.v.0,tbbo,2025-06-09,2025-06-08T22:30:00+00:00,2025-06-09T07:15:00+00:00,729360,0.060332,28753,55dd60a34d4cb94e54dcfebc9fdaa2aae333d9b14bdce34e720600f97dea7938,2026-10-04T00:19:38+00:00
GC_tbbo/2025/2025-06-10.dbn.zst,GC.v.0,tbbo,2025-06-10,2025-06-09T22:30:00+00:00,2025-06-10T07:15:00+00:00,814957,0.068376,32544,ca5b301ee1a06a4b38e5e3570b1c049527bc37d339e03157b9063ff7ba8093e7,2026-10-04T00:19:36+00:00
GC_tbbo/2025/2025-06-11.dbn.zst,GC.v.0,tbbo,2025-06-11,2025-06-10T22:30:00+00:00,2025-06-11T07:15:00+00:00,641111,0.054109,25582,011af2260824e0e701874238321922d72c05e5f6d6c04b29d095d5a17c632cef,2026-10-04T00:19:36+00:00
GC_tbbo/2025/2025-06-12.dbn.zst,GC.v.0,tbbo,2025-06-12,2025-06-11T22:30:00+00:00,2025-06-12T07:15:00+00:00,813953,0.068140,32431,c6355fb8b858efb2a7d39181624e693813b9381140e215b811a7173ae930a267,2026-10-04T00:19:40+00:00
GC_tbbo/2025/2025-06-13.dbn.zst,GC.v.0,tbbo,2025-06-13,2025-06-12T22:30:00+00:00,2025-06-13T07:15:00+00:00,1695719,0.145036,68931,c4256746f0af7e4395094510a1fefbf393fb21077dbc35b1567cbeeecd8bfb1e,2026-10-04T00:19:41+00:00
GC_tbbo/2025/2025-06-16.dbn.zst,GC.v.0,tbbo,2025-06-16,2025-06-15T22:30:00+00:00,2025-06-16T07:15:00+00:00,901029,0.075630,35910,c6deb32f012fe0803853f096321e29a2d47b5a6267679181f7244e5845594d83,2026-10-04T00:19:42+00:00
GC_tbbo/2025/2025-06-17.dbn.zst,GC.v.0,tbbo,2025-06-17,2025-06-16T22:30:00+00:00,2025-06-17T07:15:00+00:00,860461,0.073155,34705,dbdc5df75f7f88c0bedaa73fcf8c8a0d3400b840929e43c078f8938660de793c,2026-10-04T00:19:43+00:00
GC_tbbo/2025/2025-06-18.dbn.zst,GC.v.0,tbbo,2025-06-18,2025-06-17T22:30:00+00:00,2025-06-18T07:15:00+00:00,693356,0.057987,27477,517a278d93ce3c76d50353de869a262fe124747b03aa54e8bfc90effbe004bcc,2026-10-04T00:19:44+00:00
GC_tbbo/2025/2025-06-19.dbn.zst,GC.v.0,tbbo,2025-06-19,2025-06-18T22:30:00+00:00,2025-06-19T07:15:00+00:00,743446,0.063970,30236,ca71ae3f580a1604da0f20f530bb06d248867199a0f6fcacc5f78e5c3d755995,2026-10-04T00:19:46+00:00
GC_tbbo/2025/2025-06-20.dbn.zst,GC.v.0,tbbo,2025-06-20,2025-06-19T22:30:00+00:00,2025-06-20T07:15:00+00:00,739315,0.062034,29229,1e83cd3728ee67f736e8d1c03d6a4a10e439490c0780ed8ee58878575d059702,2026-10-04T00:19:54+00:00
GC_tbbo/2025/2025-06-23.dbn.zst,GC.v.0,tbbo,2025-06-23,2025-06-22T22:30:00+00:00,2025-06-23T07:15:00+00:00,778812,0.064888,30859,df82521fba44ce747767e76420ad6b5ad3961b1acfe3bb14e72f6eb1a57bd00d,2026-10-04T00:19:44+00:00
GC_tbbo/2025/2025-06-24.dbn.zst,GC.v.0,tbbo,2025-06-24,2025-06-23T22:30:00+00:00,2025-06-24T07:15:00+00:00,1140287,0.095915,45510,af02d60b66c8094d1c54f3881726ec579800218dc6cdc4a63ca3ad0f520138a9,2026-10-04T00:19:47+00:00
GC_tbbo/2025/2025-06-25.dbn.zst,GC.v.0,tbbo,2025-06-25,2025-06-24T22:30:00+00:00,2025-06-25T07:15:00+00:00,456363,0.037463,17622,a00822bb31720f46d9c5e28516cd4ec630dcf1d162cd441b484401ec7b032e2b,2026-10-04T00:19:54+00:00
GC_tbbo/2025/2025-06-26.dbn.zst,GC.v.0,tbbo,2025-06-26,2025-06-25T22:30:00+00:00,2025-06-26T07:15:00+00:00,533754,0.044506,21002,8387cc9bc7de9d5123965e317f7667fbe648df761cb911c36f166d1eaf8b2cfb,2026-10-04T00:19:49+00:00
GC_tbbo/2025/2025-06-27.dbn.zst,GC.v.0,tbbo,2025-06-27,2025-06-26T22:30:00+00:00,2025-06-27T07:15:00+00:00,902778,0.076460,36222,bc5d928d3408966d0dfb3d8bf71133c3d72c45cc92b3036769a22025643d2c49,2026-10-04T00:20:09+00:00
GC_tbbo/2025/2025-06-30.dbn.zst,GC.v.0,tbbo,2025-06-30,2025-06-29T22:30:00+00:00,2025-06-30T07:15:00+00:00,677755,0.055778,26564,c8a2ed6290cfa4d51e08fbd8e5377e87f6af7b080797a61dd964295a1288eee3,2026-10-04T00:19:49+00:00
GC_tbbo/2025/2025-07-01.dbn.zst,GC.v.0,tbbo,2025-07-01,2025-06-30T22:30:00+00:00,2025-07-01T07:15:00+00:00,649886,0.054397,25566,a69ddebccad566d7f6be8b598b8b988950b084de6ef6eb967169dd63c04876cd,2026-10-04T00:19:53+00:00
GC_tbbo/2025/2025-07-02.dbn.zst,GC.v.0,tbbo,2025-07-02,2025-07-01T22:30:00+00:00,2025-07-02T07:15:00+00:00,550415,0.045228,21523,8231901f8c6e86b2716e37bdfb62a142561cb05f91c3701e60237edee89afccb,2026-10-04T00:19:54+00:00
GC_tbbo/2025/2025-07-03.dbn.zst,GC.v.0,tbbo,2025-07-03,2025-07-02T22:30:00+00:00,2025-07-03T07:15:00+00:00,538953,0.044147,20973,55b38398e5bc7e907ac700158ce96f51d31731b82dbe52887d14a3bb6d9a9f4f,2026-10-04T00:19:58+00:00
GC_tbbo/2025/2025-07-04.dbn.zst,GC.v.0,tbbo,2025-07-04,2025-07-03T22:30:00+00:00,2025-07-04T07:15:00+00:00,396068,0.032346,15168,d8ba17df925e98e9f5fc4440ab03394f823dbbea58a09c64a4379246ec5bd8c4,2026-10-04T00:19:54+00:00
GC_tbbo/2025/2025-07-07.dbn.zst,GC.v.0,tbbo,2025-07-07,2025-07-06T22:30:00+00:00,2025-07-07T07:15:00+00:00,704435,0.058131,27697,bf1265fd3fa2f2d8c5c4c3c1b71e836dd1168012fe4a26f782368465081f57e2,2026-10-04T00:19:55+00:00
GC_tbbo/2025/2025-07-08.dbn.zst,GC.v.0,tbbo,2025-07-08,2025-07-07T22:30:00+00:00,2025-07-08T07:15:00+00:00,499918,0.041004,19476,33aff886c07acdaa46942f0a54241072aeb2cfed715af7e1c1c32cb7c88bd825,2026-10-04T00:19:59+00:00
GC_tbbo/2025/2025-07-09.dbn.zst,GC.v.0,tbbo,2025-07-09,2025-07-08T22:30:00+00:00,2025-07-09T07:15:00+00:00,590700,0.048994,23128,ff47c0c70701ef3c95a549bb1fc3603b9fb629772d2f66e603a77b2c762aef80,2026-10-04T00:20:01+00:00
GC_tbbo/2025/2025-07-10.dbn.zst,GC.v.0,tbbo,2025-07-10,2025-07-09T22:30:00+00:00,2025-07-10T07:15:00+00:00,546308,0.045785,21685,81be66355902dea4dd3eb924b1a6896ea778475afaffa03e5fdd1934129a4d8f,2026-10-04T00:20:01+00:00
GC_tbbo/2025/2025-07-11.dbn.zst,GC.v.0,tbbo,2025-07-11,2025-07-10T22:30:00+00:00,2025-07-11T07:15:00+00:00,717551,0.059495,28097,b43489a33391497f375319b5ca41f270f27503213c7f2c1cc5d326d40f9c07b2,2026-10-04T00:19:59+00:00
GC_tbbo/2025/2025-07-14.dbn.zst,GC.v.0,tbbo,2025-07-14,2025-07-13T22:30:00+00:00,2025-07-14T07:15:00+00:00,686004,0.056658,26568,bc6172f37729cdff5a9ad6e070897c33c824ef47fadc27fcea87882013e4b048,2026-10-04T00:20:06+00:00
GC_tbbo/2025/2025-07-15.dbn.zst,GC.v.0,tbbo,2025-07-15,2025-07-14T22:30:00+00:00,2025-07-15T07:15:00+00:00,507178,0.041323,19597,62e17c888fa68f0cb6c37c84143913767057f12b9c840f0243544becfea7d4e4,2026-10-04T00:20:01+00:00
GC_tbbo/2025/2025-07-16.dbn.zst,GC.v.0,tbbo,2025-07-16,2025-07-15T22:30:00+00:00,2025-07-16T07:15:00+00:00,487012,0.040006,18985,b066eb9a8db8de7850695d5a332d2d67943cafa4d5a5483ae46258bbf58f100b,2026-10-04T00:20:11+00:00
GC_tbbo/2025/2025-07-17.dbn.zst,GC.v.0,tbbo,2025-07-17,2025-07-16T22:30:00+00:00,2025-07-17T07:15:00+00:00,558765,0.047406,22145,b2e0a6ec2fbf4389c4a87fd9b733380c0859d380f4315cccaac21381f717c0ae,2026-10-04T00:20:05+00:00
GC_tbbo/2025/2025-07-18.dbn.zst,GC.v.0,tbbo,2025-07-18,2025-07-17T22:30:00+00:00,2025-07-18T07:15:00+00:00,454411,0.037090,17528,d52ef12a5b3c5361e14d3f713437275a6f28a11378f9af858ecc51d89e23f9a7,2026-10-04T00:20:09+00:00
GC_tbbo/2025/2025-07-21.dbn.zst,GC.v.0,tbbo,2025-07-21,2025-07-20T22:30:00+00:00,2025-07-21T07:15:00+00:00,598426,0.048547,23008,dabf972c7abadf44ff600621067a3d4ef707721ef2906e4b1540f4b92ed7b483,2026-10-04T00:20:07+00:00
GC_tbbo/2025/2025-07-22.dbn.zst,GC.v.0,tbbo,2025-07-22,2025-07-21T22:30:00+00:00,2025-07-22T07:15:00+00:00,625103,0.050199,23901,a1e44a8cc0505db3ac371a8f9263326552e28a063c9867554e69438cf606409c,2026-10-04T00:20:15+00:00
GC_tbbo/2025/2025-07-23.dbn.zst,GC.v.0,tbbo,2025-07-23,2025-07-22T22:30:00+00:00,2025-07-23T07:15:00+00:00,768334,0.063081,29842,9432d31aca5119c5f8857146ad567395881c986fe872b0b0e7c50423218376cb,2026-10-04T00:20:10+00:00
GC_tbbo/2025/2025-07-24.dbn.zst,GC.v.0,tbbo,2025-07-24,2025-07-23T22:30:00+00:00,2025-07-24T07:15:00+00:00,678191,0.055561,26350,50b976db589429c3e2602a0d3172d9bd602f5bde4d2261c249edf332494aa76b,2026-10-04T00:20:12+00:00
GC_tbbo/2025/2025-07-25.dbn.zst,GC.v.0,tbbo,2025-07-25,2025-07-24T22:30:00+00:00,2025-07-25T07:15:00+00:00,478367,0.039960,18820,3101d72ab487321bc77e1ce226f3fe2686161262e15dd8c5e06e89f2bb8221ff,2026-10-04T00:20:13+00:00
GC_tbbo/2025/2025-07-28.dbn.zst,GC.v.0,tbbo,2025-07-28,2025-07-27T22:30:00+00:00,2025-07-28T07:15:00+00:00,490765,0.039935,19054,376f6b9b7a705042fbacfb87d073acc471cd2e69aef67656debf01fe71d6ec16,2026-10-04T00:20:16+00:00
GC_tbbo/2025/2025-07-29.dbn.zst,GC.v.0,tbbo,2025-07-29,2025-07-28T22:30:00+00:00,2025-07-29T07:15:00+00:00,254561,0.020517,9669,0e0a54ed31a002cd867902c07d85b7b6b327375c1b5fcd81bb3bf779e468f625,2026-10-04T00:20:14+00:00
GC_tbbo/2025/2025-07-30.dbn.zst,GC.v.0,tbbo,2025-07-30,2025-07-29T22:30:00+00:00,2025-07-30T07:15:00+00:00,31625,0.002489,1185,7f7d357ca8c64d5aece9c8dc770813ff0d3695e4c6cd697f122f18db69051d10,2026-10-04T00:20:15+00:00
GC_tbbo/2025/2025-07-31.dbn.zst,GC.v.0,tbbo,2025-07-31,2025-07-30T22:30:00+00:00,2025-07-31T07:15:00+00:00,510057,0.041809,19811,878429d37d1574d8e98f03bad1bd0260fb2f09eb55190b0133989d69a5651ecf,2026-10-04T00:20:16+00:00
GC_tbbo/2025/2025-08-01.dbn.zst,GC.v.0,tbbo,2025-08-01,2025-07-31T22:30:00+00:00,2025-08-01T07:15:00+00:00,530557,0.044250,20946,b1b9159b0dfe4fcd637608748032d745eb64463862fd95deed7bd44a4d27639a,2026-10-04T00:20:17+00:00
GC_tbbo/2025/2025-08-04.dbn.zst,GC.v.0,tbbo,2025-08-04,2025-08-03T22:30:00+00:00,2025-08-04T07:15:00+00:00,521040,0.042841,20303,c4d3f1a6ae933338ddc00efe23341165e4e0f967881757bd15e3825c814ce23d,2026-10-04T00:20:17+00:00
GC_tbbo/2025/2025-08-05.dbn.zst,GC.v.0,tbbo,2025-08-05,2025-08-04T22:30:00+00:00,2025-08-05T07:15:00+00:00,457826,0.038621,18187,5f55ad2cd4754dd9938597a8572bac9dbdad40a9da144f50a46242677a53df20,2026-10-04T00:20:24+00:00
GC_tbbo/2025/2025-08-06.dbn.zst,GC.v.0,tbbo,2025-08-06,2025-08-05T22:30:00+00:00,2025-08-06T07:15:00+00:00,454741,0.037578,17843,ad2811f7542989d28f47780046538d97174a2c08fe6d38877879aa491a41101c,2026-10-04T00:20:20+00:00
GC_tbbo/2025/2025-08-07.dbn.zst,GC.v.0,tbbo,2025-08-07,2025-08-06T22:30:00+00:00,2025-08-07T07:15:00+00:00,797258,0.066970,31646,e5f8b291163caf0d01b7eac0c3c109471a8640036d3dfb8df404bddb78a72bad,2026-10-04T00:20:26+00:00
GC_tbbo/2025/2025-08-08.dbn.zst,GC.v.0,tbbo,2025-08-08,2025-08-07T22:30:00+00:00,2025-08-08T07:15:00+00:00,1149714,0.096956,46151,55b8c875403c5a9b970215e31ba7b07fe257eb2c151a87f46bff31738b3247e5,2026-10-04T00:20:20+00:00
GC_tbbo/2025/2025-08-11.dbn.zst,GC.v.0,tbbo,2025-08-11,2025-08-10T22:30:00+00:00,2025-08-11T07:15:00+00:00,822256,0.069778,32912,3f70e4653737c2dc20c7c474ac28e2efad40d2adb383341f933ce1a75d350b7c,2026-10-04T00:20:20+00:00
GC_tbbo/2025/2025-08-12.dbn.zst,GC.v.0,tbbo,2025-08-12,2025-08-11T22:30:00+00:00,2025-08-12T07:15:00+00:00,571299,0.047135,22428,0f5dbb2dc27a876ea60201dc8ca8dd4dda1221030ca0d622401889e12465666c,2026-10-04T00:20:22+00:00
GC_tbbo/2025/2025-08-13.dbn.zst,GC.v.0,tbbo,2025-08-13,2025-08-12T22:30:00+00:00,2025-08-13T07:15:00+00:00,478707,0.039727,18750,0ede6cdb662b4708acf22be6a4270110cd55835df3addf237a9fbaf954877804,2026-10-04T00:20:26+00:00
GC_tbbo/2025/2025-08-14.dbn.zst,GC.v.0,tbbo,2025-08-14,2025-08-13T22:30:00+00:00,2025-08-14T07:15:00+00:00,554856,0.046761,21844,1b298a42558b177dc88935891235965184a2bfffc7a3c35a4aa76790e2827603,2026-10-04T00:20:24+00:00
GC_tbbo/2025/2025-08-15.dbn.zst,GC.v.0,tbbo,2025-08-15,2025-08-14T22:30:00+00:00,2025-08-15T07:15:00+00:00,432311,0.035413,16771,5db62502ad5cda67a1de55eaa8503f30e33411b04c30b5a4d42d715b63190dbb,2026-10-04T00:20:25+00:00
GC_tbbo/2025/2025-08-18.dbn.zst,GC.v.0,tbbo,2025-08-18,2025-08-17T22:30:00+00:00,2025-08-18T07:15:00+00:00,599063,0.050362,23863,f7a42625626e95b5032d5fe5f3102066b2be41cb81e8f57bfccff220800d2970,2026-10-04T00:20:27+00:00
GC_tbbo/2025/2025-08-19.dbn.zst,GC.v.0,tbbo,2025-08-19,2025-08-18T22:30:00+00:00,2025-08-19T07:15:00+00:00,475254,0.039658,18718,4ab7dad22a5f604ac982e101e347901e9fa3aef9c789e5bccb9d56180bf01f76,2026-10-04T00:20:29+00:00
GC_tbbo/2025/2025-08-20.dbn.zst,GC.v.0,tbbo,2025-08-20,2025-08-19T22:30:00+00:00,2025-08-20T07:15:00+00:00,491087,0.040772,19209,db66781f8af454dc20f8ba6784c0e9aee379e976a11ddd0a31cf667d4b108776,2026-10-04T00:20:35+00:00
GC_tbbo/2025/2025-08-21.dbn.zst,GC.v.0,tbbo,2025-08-21,2025-08-20T22:30:00+00:00,2025-08-21T07:15:00+00:00,404173,0.033397,15695,dc5eb0fb2f4bdd03df11d38db7b83a793c2adc945adeaa69936318718ec19351,2026-10-04T00:20:33+00:00
GC_tbbo/2025/2025-08-22.dbn.zst,GC.v.0,tbbo,2025-08-22,2025-08-21T22:30:00+00:00,2025-08-22T07:15:00+00:00,404006,0.033612,15724,1a5bc88fc31944050d127721677d1f779a4f208084f660d1a201637c30c557ef,2026-10-04T00:20:35+00:00
GC_tbbo/2025/2025-08-25.dbn.zst,GC.v.0,tbbo,2025-08-25,2025-08-24T22:30:00+00:00,2025-08-25T07:15:00+00:00,394615,0.032371,15380,b10ee45182795ef12a39bde4a9bc537dc0914acc12d11c3b9863809b21de2e1f,2026-10-04T00:20:31+00:00
GC_tbbo/2025/2025-08-26.dbn.zst,GC.v.0,tbbo,2025-08-26,2025-08-25T22:30:00+00:00,2025-08-26T07:15:00+00:00,855376,0.072659,34242,c2fed76530ec675c31d26a072746c66d3f10b11afd4141919f7bfe34f9f82b5d,2026-10-04T00:20:31+00:00
GC_tbbo/2025/2025-08-27.dbn.zst,GC.v.0,tbbo,2025-08-27,2025-08-26T22:30:00+00:00,2025-08-27T07:15:00+00:00,491294,0.040755,19218,9e03f7a13e8ec0c6eb2697339d59f8809f8df0455205033bdbbbd673f624f1c6,2026-10-04T00:20:32+00:00
GC_tbbo/2025/2025-08-28.dbn.zst,GC.v.0,tbbo,2025-08-28,2025-08-27T22:30:00+00:00,2025-08-28T07:15:00+00:00,451170,0.037086,17444,d4b08a3d0abdefa6e036bd1d8e7236c43be4fbdeab1cbfd209dd054ed818efda,2026-10-04T00:20:35+00:00
GC_tbbo/2025/2025-08-29.dbn.zst,GC.v.0,tbbo,2025-08-29,2025-08-28T22:30:00+00:00,2025-08-29T07:15:00+00:00,384626,0.031409,14710,5b9f81d2b289b3601c92f87ee60192500ca4336667c01c2d70e2ba7b01658b57,2026-10-04T00:20:36+00:00
GC_tbbo/2025/2025-09-01.dbn.zst,GC.v.0,tbbo,2025-09-01,2025-08-31T22:30:00+00:00,2025-09-01T07:15:00+00:00,988539,0.083935,39575,6367be42bdc45a12228a109430ba562156325e18fc08f8a9c03004a5682aa4fc,2026-10-04T00:20:37+00:00
GC_tbbo/2025/2025-09-02.dbn.zst,GC.v.0,tbbo,2025-09-02,2025-09-01T22:30:00+00:00,2025-09-02T07:15:00+00:00,792827,0.066761,31466,8fb737eb52fa5cf97e4129e9a70069affed1e089a1387f35e382e5cbb7ab68ec,2026-10-04T00:20:36+00:00
GC_tbbo/2025/2025-09-03.dbn.zst,GC.v.0,tbbo,2025-09-03,2025-09-02T22:30:00+00:00,2025-09-03T07:15:00+00:00,747249,0.062090,29271,e1463865dd4dfaf6d5d8f17ed41e178cf5640a0826199c6f7ab1216a68436e7c,2026-10-04T00:20:42+00:00
GC_tbbo/2025/2025-09-04.dbn.zst,GC.v.0,tbbo,2025-09-04,2025-09-03T22:30:00+00:00,2025-09-04T07:15:00+00:00,1191824,0.102255,48716,720f46e42090950b00706247e91d75bd39215ca024c16bc62652506f4c42c912,2026-10-04T00:20:51+00:00
GC_tbbo/2025/2025-09-05.dbn.zst,GC.v.0,tbbo,2025-09-05,2025-09-04T22:30:00+00:00,2025-09-05T07:15:00+00:00,554797,0.045931,21775,0016d50704ccfdb515d628d9b78db551d87f4b8e0c66009459c5a318ddfd4dc1,2026-10-04T00:20:42+00:00
GC_tbbo/2025/2025-09-08.dbn.zst,GC.v.0,tbbo,2025-09-08,2025-09-07T22:30:00+00:00,2025-09-08T07:15:00+00:00,880120,0.073973,34620,ea03aae7d59d80bea5ae2569b21afe940f9db238f13d62ddaa6c7694a84c3c1b,2026-10-04T00:20:42+00:00
GC_tbbo/2025/2025-09-09.dbn.zst,GC.v.0,tbbo,2025-09-09,2025-09-08T22:30:00+00:00,2025-09-09T07:15:00+00:00,966970,0.080376,38147,db8c3b8874e95c6ed1994c4a5defd22b9d36eb26a6ddaa5901b356e523a63bde,2026-10-04T00:20:42+00:00
GC_tbbo/2025/2025-09-10.dbn.zst,GC.v.0,tbbo,2025-09-10,2025-09-09T22:30:00+00:00,2025-09-10T07:15:00+00:00,734887,0.060505,28753,94f3e80a8d593801849c5095f6ba4a987dd860df317bbf6ef7461186b7277fb2,2026-10-04T00:20:45+00:00
GC_tbbo/2025/2025-09-11.dbn.zst,GC.v.0,tbbo,2025-09-11,2025-09-10T22:30:00+00:00,2025-09-11T07:15:00+00:00,786579,0.065818,30873,db8a004ccae8778dafe6adfad880760815ddfc425bdac0870d9e2f2612f977ad,2026-10-04T00:35:36+00:00
GC_tbbo/2025/2025-09-12.dbn.zst,GC.v.0,tbbo,2025-09-12,2025-09-11T22:30:00+00:00,2025-09-12T07:15:00+00:00,671794,0.055331,26303,2137c12cd4921723543df37fcbae30d879849dcf9e4a2481fa1eb0d757a1d34b,2026-10-04T00:35:31+00:00
GC_tbbo/2025/2025-09-15.dbn.zst,GC.v.0,tbbo,2025-09-15,2025-09-14T22:30:00+00:00,2025-09-15T07:15:00+00:00,629065,0.052089,24715,101b610c3ab49ac45d803d334cb7ce35dbbd1576eb6c68005948f2a3ea24c275,2026-10-04T00:35:31+00:00
GC_tbbo/2025/2025-09-16.dbn.zst,GC.v.0,tbbo,2025-09-16,2025-09-15T22:30:00+00:00,2025-09-16T07:15:00+00:00,717046,0.058619,27872,59661151dca890ccfb1bbd864a2f7ae9ef2893c3d480a639e13c85a7b7653ad8,2026-10-04T00:35:31+00:00
GC_tbbo/2025/2025-09-17.dbn.zst,GC.v.0,tbbo,2025-09-17,2025-09-16T22:30:00+00:00,2025-09-17T07:15:00+00:00,730455,0.060182,28312,018c9ff438fdbec3eb60e25ee649c7584985ce72d4ca001e6ca9d9569ea92ecf,2026-10-04T00:35:31+00:00
GC_tbbo/2025/2025-09-18.dbn.zst,GC.v.0,tbbo,2025-09-18,2025-09-17T22:30:00+00:00,2025-09-18T07:15:00+00:00,1003288,0.083177,39139,65051b2e5f1fd056bea7794ac28f2289e8b25c719b3ac11c2dc015dbca74d1e2,2026-10-04T00:35:31+00:00
GC_tbbo/2025/2025-09-19.dbn.zst,GC.v.0,tbbo,2025-09-19,2025-09-18T22:30:00+00:00,2025-09-19T07:15:00+00:00,834633,0.068145,32222,c6fd5afa5451cec0445fecc9211ffeb9135d5e798631961253d7ff30da417231,2026-10-04T00:35:39+00:00
GC_tbbo/2025/2025-09-22.dbn.zst,GC.v.0,tbbo,2025-09-22,2025-09-21T22:30:00+00:00,2025-09-22T07:15:00+00:00,899347,0.073560,34796,4be443e363de4c92a7f6ec3f4d9525575561f6675e1b4827c98331760ad02f84,2026-10-04T00:35:29+00:00
GC_tbbo/2025/2025-09-23.dbn.zst,GC.v.0,tbbo,2025-09-23,2025-09-22T22:30:00+00:00,2025-09-23T07:15:00+00:00,978993,0.080764,38418,012450b990560ecda04840dc4c963d545ae1c8942817e50ea9732b83a9a06f82,2026-10-04T00:35:36+00:00
GC_tbbo/2025/2025-09-24.dbn.zst,GC.v.0,tbbo,2025-09-24,2025-09-23T22:30:00+00:00,2025-09-24T07:15:00+00:00,819679,0.066403,31528,7791382a542fcbb25071ddf1b15fb84a7a1e59f38dcfa55bdbfbf519c345ae2f,2026-10-04T00:35:37+00:00
GC_tbbo/2025/2025-09-25.dbn.zst,GC.v.0,tbbo,2025-09-25,2025-09-24T22:30:00+00:00,2025-09-25T07:15:00+00:00,820279,0.066567,31704,aff05c0d3e5f07a9dced58ac581f887d42bca373dd554fb34192e959259fd2df,2026-10-04T00:35:37+00:00
GC_tbbo/2025/2025-09-26.dbn.zst,GC.v.0,tbbo,2025-09-26,2025-09-25T22:30:00+00:00,2025-09-26T07:15:00+00:00,665387,0.053740,25322,4059a9307193e21bb981c86284b47ad101bddfb27f42eb4a06f0f1920cac80d0,2026-10-04T00:35:41+00:00
GC_tbbo/2025/2025-09-29.dbn.zst,GC.v.0,tbbo,2025-09-29,2025-09-28T22:30:00+00:00,2025-09-29T07:15:00+00:00,1336064,0.108518,51645,ebc74c506ab6c84f656137f5eb8944c53164989f0299397f9dd6f1464228545c,2026-10-04T00:35:51+00:00
GC_tbbo/2025/2025-09-30.dbn.zst,GC.v.0,tbbo,2025-09-30,2025-09-29T22:30:00+00:00,2025-09-30T07:15:00+00:00,1141733,0.094395,44813,b4fb714a04c2808aec38c13936c4c287511fae379e485df5eea79618248a1097,2026-10-04T00:35:38+00:00
GC_tbbo/2025/2025-10-01.dbn.zst,GC.v.0,tbbo,2025-10-01,2025-09-30T22:30:00+00:00,2025-10-01T07:15:00+00:00,897289,0.075240,35412,e4839fcd8f03b0c1c2ab4a600b493668ae48602771b46cf2cb95a20ff902194f,2026-10-04T00:35:46+00:00
GC_tbbo/2025/2025-10-02.dbn.zst,GC.v.0,tbbo,2025-10-02,2025-10-01T22:30:00+00:00,2025-10-02T07:15:00+00:00,613952,0.006565,23870,4248aa661352b16ae0b1443ff7afbda4aaa5e628932c89605a6b1177f34baace,2026-10-04T00:35:43+00:00
GC_tbbo/2025/2025-10-03.dbn.zst,GC.v.0,tbbo,2025-10-03,2025-10-02T22:30:00+00:00,2025-10-03T07:15:00+00:00,766974,0.000000,30182,700c9bd9ca82aceaf3350d19f13903fc48daa4f58d2437fa6a0ac98c8bfff6e7,2026-10-04T00:20:50+00:00
GC_tbbo/2025/2025-10-06.dbn.zst,GC.v.0,tbbo,2025-10-06,2025-10-05T22:30:00+00:00,2025-10-06T07:15:00+00:00,1371924,0.000000,53791,52c3de18892cae01eb45ce545b50cd5b1b6ff26ff04de2113d822c885c5029fc,2026-10-04T00:20:49+00:00
GC_tbbo/2025/2025-10-07.dbn.zst,GC.v.0,tbbo,2025-10-07,2025-10-06T22:30:00+00:00,2025-10-07T07:15:00+00:00,1130947,0.000000,44129,869d5477b37828a15395f31bfdb24bc86af7644a386ecd9cfa5c50996264324b,2026-10-04T00:20:49+00:00
GC_tbbo/2025/2025-10-08.dbn.zst,GC.v.0,tbbo,2025-10-08,2025-10-07T22:30:00+00:00,2025-10-08T07:15:00+00:00,1370527,0.000000,55268,3c22f41540d7ad40bb681541f457dd59b378693d47d804e4a4dc656f64c29b62,2026-10-04T00:20:52+00:00
GC_tbbo/2025/2025-10-09.dbn.zst,GC.v.0,tbbo,2025-10-09,2025-10-08T22:30:00+00:00,2025-10-09T07:15:00+00:00,1515389,0.000000,61761,ea006a122ea2a7096c1f6d94d404ed2cb1c85ac42a2fd902318a13c6d0bec131,2026-10-04T00:20:59+00:00
GC_tbbo/2025/2025-10-10.dbn.zst,GC.v.0,tbbo,2025-10-10,2025-10-09T22:30:00+00:00,2025-10-10T07:15:00+00:00,1243341,0.000000,49927,57d132190cb7d2d274079b131fd84fe1fb068eb9f634549a6e58390fa6d3f227,2026-10-04T00:20:54+00:00
GC_tbbo/2025/2025-10-13.dbn.zst,GC.v.0,tbbo,2025-10-13,2025-10-12T22:30:00+00:00,2025-10-13T07:15:00+00:00,1542415,0.000000,62489,7c3a24bebcf3a0b43316a9706f28b88a9c1092b354a76b2f3f9f57f70e30d12f,2026-10-04T00:20:51+00:00
GC_tbbo/2025/2025-10-14.dbn.zst,GC.v.0,tbbo,2025-10-14,2025-10-13T22:30:00+00:00,2025-10-14T07:15:00+00:00,2744903,0.000000,111120,40e324b4b07cbe7a001a511f19f92f17f0b498ade6d7b3c68ba1342ab59ef9b8,2026-10-04T00:20:57+00:00
GC_tbbo/2025/2025-10-15.dbn.zst,GC.v.0,tbbo,2025-10-15,2025-10-14T22:30:00+00:00,2025-10-15T07:15:00+00:00,1293309,0.000000,50824,9deb6cb841f3ab7c85dfcec9e3e70391e607201908bc3ee3edab205715b39a64,2026-10-04T00:20:54+00:00
GC_tbbo/2025/2025-10-16.dbn.zst,GC.v.0,tbbo,2025-10-16,2025-10-15T22:30:00+00:00,2025-10-16T07:15:00+00:00,1610248,0.000000,64114,869352aba63b42a15369a37e7231b0a5a5af465c76c0279f4496de417ab082d2,2026-10-04T00:20:58+00:00
GC_tbbo/2025/2025-10-17.dbn.zst,GC.v.0,tbbo,2025-10-17,2025-10-16T22:30:00+00:00,2025-10-17T07:15:00+00:00,2598462,0.000000,108209,c43d6aa80d4aa4771b4b23b8e246f912290e991590a3676d39a55f5c62457ba1,2026-10-04T00:21:02+00:00
GC_tbbo/2025/2025-10-20.dbn.zst,GC.v.0,tbbo,2025-10-20,2025-10-19T22:30:00+00:00,2025-10-20T07:15:00+00:00,1460371,0.000000,58114,31fae6e7951326d4e1b3e38cb33f8ac2a3a48881df0ffa5b2172e526a43f6d9f,2026-10-04T00:20:58+00:00
GC_tbbo/2025/2025-10-21.dbn.zst,GC.v.0,tbbo,2025-10-21,2025-10-20T22:30:00+00:00,2025-10-21T07:15:00+00:00,1497007,0.000000,60558,4b079e603157b7b6d6f5d11baa47da6d4a9188d81dc7a1dde0a347128e0dcea4,2026-10-04T00:21:01+00:00
GC_tbbo/2025/2025-10-22.dbn.zst,GC.v.0,tbbo,2025-10-22,2025-10-21T22:30:00+00:00,2025-10-22T07:15:00+00:00,2275157,0.000000,94066,6bff48ec40ae5d8d78d58df48b03db39a027eb5393ac9cdb829036fafe614b4c,2026-10-04T00:21:02+00:00
GC_tbbo/2025/2025-10-23.dbn.zst,GC.v.0,tbbo,2025-10-23,2025-10-22T22:30:00+00:00,2025-10-23T07:15:00+00:00,1245520,0.000000,50793,cb6f3b9afaac25f029a4e1653686f0bdd0c1d9c1cb617a4171a1ddcd4df3de4d,2026-10-04T00:21:00+00:00
GC_tbbo/2025/2025-10-24.dbn.zst,GC.v.0,tbbo,2025-10-24,2025-10-23T22:30:00+00:00,2025-10-24T07:15:00+00:00,1341764,0.000000,54766,5a9c09507d787b23949de912076a4eb30312fe3f074f5f16c3c0dab102feba02,2026-10-04T00:21:06+00:00
GC_tbbo/2025/2025-10-27.dbn.zst,GC.v.0,tbbo,2025-10-27,2025-10-26T22:30:00+00:00,2025-10-27T07:15:00+00:00,1267304,0.000000,51138,cab516d0d227ac3028777cb8836f6601fa827b2a1ecae2e778b81ba09ec49ac3,2026-10-04T00:21:06+00:00
GC_tbbo/2025/2025-10-28.dbn.zst,GC.v.0,tbbo,2025-10-28,2025-10-27T22:30:00+00:00,2025-10-28T07:15:00+00:00,1484058,0.000000,60633,d2e6270ce17c0a6ed374e7949067a505f849633bc3ba219309c2472a68cef43e,2026-10-04T00:21:08+00:00
GC_tbbo/2025/2025-10-29.dbn.zst,GC.v.0,tbbo,2025-10-29,2025-10-28T22:30:00+00:00,2025-10-29T07:15:00+00:00,1084189,0.000000,43877,9499a2c69a1c7805389839349ca2099b3045f29df693e4e0c960891096439792,2026-10-04T00:21:07+00:00
GC_tbbo/2025/2025-10-30.dbn.zst,GC.v.0,tbbo,2025-10-30,2025-10-29T22:30:00+00:00,2025-10-30T07:15:00+00:00,1262535,0.000000,51050,61062ee3efd820e40c964ef2e7a5e85d77966683eed790eb151d449b19712e1a,2026-10-04T00:21:06+00:00
GC_tbbo/2025/2025-10-31.dbn.zst,GC.v.0,tbbo,2025-10-31,2025-10-30T22:30:00+00:00,2025-10-31T07:15:00+00:00,1182421,0.000000,47976,92a48ef5390663873bddbdbd12e23a4319cc8ab6db6e4b960dc0d345fa64d429,2026-10-04T00:21:15+00:00
GC_tbbo/2025/2025-11-03.dbn.zst,GC.v.0,tbbo,2025-11-03,2025-11-02T23:30:00+00:00,2025-11-03T08:15:00+00:00,1136503,0.000000,45552,cde8ca17eaf9e92235cbc418df0f1c6d0bf44b06218db54930d5a6c52cf7c961,2026-10-04T00:21:08+00:00
GC_tbbo/2025/2025-11-04.dbn.zst,GC.v.0,tbbo,2025-11-04,2025-11-03T23:30:00+00:00,2025-11-04T08:15:00+00:00,1205586,0.000000,47698,da03c68d708864eca1a012687e3aa0bdbd379c5fdda5432e62676d5fb5c3a9e4,2026-10-04T00:21:08+00:00
GC_tbbo/2025/2025-11-05.dbn.zst,GC.v.0,tbbo,2025-11-05,2025-11-04T23:30:00+00:00,2025-11-05T08:15:00+00:00,1002841,0.000000,39789,cc673c9f99676a90d384b6be80306464d4da94a797009b9bf48537f239527666,2026-10-04T00:21:13+00:00
GC_tbbo/2025/2025-11-06.dbn.zst,GC.v.0,tbbo,2025-11-06,2025-11-05T23:30:00+00:00,2025-11-06T08:15:00+00:00,693441,0.000000,27048,3563f9ad2eea1d8407fd93abd8bc3b250f7b7af1730b20ad288df0e63299204e,2026-10-04T00:21:14+00:00
GC_tbbo/2025/2025-11-07.dbn.zst,GC.v.0,tbbo,2025-11-07,2025-11-06T23:30:00+00:00,2025-11-07T08:15:00+00:00,651156,0.000000,25538,9267b623f24b7cf94d4e2b20a761c645f75d2f63e95ea1ae0594b2815b219975,2026-10-04T00:21:13+00:00
GC_tbbo/2025/2025-11-10.dbn.zst,GC.v.0,tbbo,2025-11-10,2025-11-09T23:30:00+00:00,2025-11-10T08:15:00+00:00,1114795,0.000000,44822,4a3d5ea8c0f2304884a4cf4ced67fb891800a467ae101052662e6d115864bbd9,2026-10-04T00:21:16+00:00
GC_tbbo/2025/2025-11-11.dbn.zst,GC.v.0,tbbo,2025-11-11,2025-11-10T23:30:00+00:00,2025-11-11T08:15:00+00:00,1088912,0.000000,43621,fdcbf6f52384f97b5ab6c85bd9254ecac666677e964e035308d63fdf2535f59f,2026-10-04T00:21:13+00:00
GC_tbbo/2025/2025-11-12.dbn.zst,GC.v.0,tbbo,2025-11-12,2025-11-11T23:30:00+00:00,2025-11-12T08:15:00+00:00,1031860,0.000000,41057,d3b48f7ced35f240f1546bff9410ad77baa92033ba9aeb291a4d4d328c45795c,2026-10-04T00:21:16+00:00
GC_tbbo/2025/2025-11-13.dbn.zst,GC.v.0,tbbo,2025-11-13,2025-11-12T23:30:00+00:00,2025-11-13T08:15:00+00:00,1256314,0.000000,50174,5c086e5659c10a78a4d8ef52728601c100f3d1948fd5023647d0045daf0bb57b,2026-10-04T00:21:18+00:00
GC_tbbo/2025/2025-11-14.dbn.zst,GC.v.0,tbbo,2025-11-14,2025-11-13T23:30:00+00:00,2025-11-14T08:15:00+00:00,1052324,0.000000,41853,8b2ee91325237950ad8b0989d16cf1e58dd278727d488821e9cd4fe477950448,2026-10-04T00:21:18+00:00
GC_tbbo/2025/2025-11-17.dbn.zst,GC.v.0,tbbo,2025-11-17,2025-11-16T23:30:00+00:00,2025-11-17T08:15:00+00:00,1155561,0.000000,45784,4490634cfceea6d9e68a91873d3e99165828e4ccf8f57ff22f5a971bcf530bbc,2026-10-04T00:21:18+00:00
GC_tbbo/2025/2025-11-18.dbn.zst,GC.v.0,tbbo,2025-11-18,2025-11-17T23:30:00+00:00,2025-11-18T08:15:00+00:00,1188962,0.000000,47272,e1037bced5934bc9dd55318b4490f688f4d745790fb3a27c29e64ea8e251de6a,2026-10-04T00:21:20+00:00
GC_tbbo/2025/2025-11-19.dbn.zst,GC.v.0,tbbo,2025-11-19,2025-11-18T23:30:00+00:00,2025-11-19T08:15:00+00:00,830533,0.000000,32538,510d38bfc54f9ee54511e43b567d8163b62c4064acd1bec1c4afe2e5608eb5fc,2026-10-04T00:21:20+00:00
GC_tbbo/2025/2025-11-20.dbn.zst,GC.v.0,tbbo,2025-11-20,2025-11-19T23:30:00+00:00,2025-11-20T08:15:00+00:00,1183568,0.000000,46900,9be61575ec4c5f419ebaa96eb998642801c500d01dd14942e94642efc7b1af87,2026-10-04T00:21:21+00:00
GC_tbbo/2025/2025-11-21.dbn.zst,GC.v.0,tbbo,2025-11-21,2025-11-20T23:30:00+00:00,2025-11-21T08:15:00+00:00,1031082,0.000000,40792,e2c702f56c277ef59d089197bad46a657f239076011b579a3eda67201c91064e,2026-10-04T00:21:22+00:00
GC_tbbo/2025/2025-11-24.dbn.zst,GC.v.0,tbbo,2025-11-24,2025-11-23T23:30:00+00:00,2025-11-24T08:15:00+00:00,783542,0.000000,30302,be99757c198549b2fe7a4e4acb4ac33995ee64396c6df28dea1e7ec756869f84,2026-10-04T00:21:24+00:00
GC_tbbo/2025/2025-11-25.dbn.zst,GC.v.0,tbbo,2025-11-25,2025-11-24T23:30:00+00:00,2025-11-25T08:15:00+00:00,328098,0.000000,13059,01c32b2ba2ce834ed831afdb162b123cf88976b112cbb9c7aade244162a00585,2026-10-04T00:21:24+00:00
GC_tbbo/2025/2025-11-26.dbn.zst,GC.v.0,tbbo,2025-11-26,2025-11-25T23:30:00+00:00,2025-11-26T08:15:00+00:00,36238,0.000000,1522,ad504f3b830662985afd4e7f20b136a8fea1535b19d16418c421c5cefbacb708,2026-10-04T00:21:26+00:00
GC_tbbo/2025/2025-11-27.dbn.zst,GC.v.0,tbbo,2025-11-27,2025-11-26T23:30:00+00:00,2025-11-27T08:15:00+00:00,628275,0.000000,24542,10c22d3e2d63831210ca4483743b9f72bc661b0a03614905bcd97145f400a116,2026-10-04T00:21:24+00:00
GC_tbbo/2025/2025-11-28.dbn.zst,GC.v.0,tbbo,2025-11-28,2025-11-27T23:30:00+00:00,2025-11-28T08:15:00+00:00,268683,0.000000,10926,3f1e906c62b0624a8e84717615729174f4f86f51a189f345f58c0c4c56f87686,2026-10-04T00:21:26+00:00
GC_tbbo/2025/2025-12-01.dbn.zst,GC.v.0,tbbo,2025-12-01,2025-11-30T23:30:00+00:00,2025-12-01T08:15:00+00:00,1277256,0.000000,51302,4fb3e78e5397e4e06914b7d0c13b8b9a81a0759648901ea4964a2c4cdaa4be07,2026-10-04T00:21:30+00:00
GC_tbbo/2025/2025-12-02.dbn.zst,GC.v.0,tbbo,2025-12-02,2025-12-01T23:30:00+00:00,2025-12-02T08:15:00+00:00,959033,0.000000,38255,9031cb10beb3438a8aefc93642f5ab93342a25a4a6685cb8e8a3413ddd8d2080,2026-10-04T00:21:26+00:00
GC_tbbo/2025/2025-12-03.dbn.zst,GC.v.0,tbbo,2025-12-03,2025-12-02T23:30:00+00:00,2025-12-03T08:15:00+00:00,735840,0.000000,28778,50608a96215a26ad7a1c4b5781c68655c1ad4d44cdfbeb5b6b51b3225d93e0af,2026-10-04T00:21:45+00:00
GC_tbbo/2025/2025-12-04.dbn.zst,GC.v.0,tbbo,2025-12-04,2025-12-03T23:30:00+00:00,2025-12-04T08:15:00+00:00,803143,0.000000,31552,9272c5898b269d4dbbb7998d06290d49220c4ba5d0ed33042c69b26d160d5f84,2026-10-04T00:21:33+00:00
GC_tbbo/2025/2025-12-05.dbn.zst,GC.v.0,tbbo,2025-12-05,2025-12-04T23:30:00+00:00,2025-12-05T08:15:00+00:00,759364,0.000000,30118,633e891704e810ae61ad4875d8f1f81946baf80132a360a398fdec640a518b68,2026-10-04T00:21:32+00:00
GC_tbbo/2025/2025-12-08.dbn.zst,GC.v.0,tbbo,2025-12-08,2025-12-07T23:30:00+00:00,2025-12-08T08:15:00+00:00,615836,0.000000,23694,ed283384105def427f375cf19bd3e0e387c99b5e02dc189eab4d354a019ae50a,2026-10-04T00:21:31+00:00
GC_tbbo/2025/2025-12-09.dbn.zst,GC.v.0,tbbo,2025-12-09,2025-12-08T23:30:00+00:00,2025-12-09T08:15:00+00:00,803519,0.000000,31561,f518f260b936a8bbfae52d6fb799deb5caaf9abb756d48c817c16916a37f5983,2026-10-04T00:21:31+00:00
GC_tbbo/2025/2025-12-10.dbn.zst,GC.v.0,tbbo,2025-12-10,2025-12-09T23:30:00+00:00,2025-12-10T08:15:00+00:00,555225,0.000000,21467,678ffc17052a7989a57e51fd4c7f6c84027740de272e6bac17693d0d75f715dc,2026-10-04T00:21:31+00:00
GC_tbbo/2025/2025-12-11.dbn.zst,GC.v.0,tbbo,2025-12-11,2025-12-10T23:30:00+00:00,2025-12-11T08:15:00+00:00,869641,0.000000,34077,98297286626a1396abe6708ea95e7760b54e6440d0bfed990ae14933245ec4a3,2026-10-04T00:21:31+00:00
GC_tbbo/2025/2025-12-12.dbn.zst,GC.v.0,tbbo,2025-12-12,2025-12-11T23:30:00+00:00,2025-12-12T08:15:00+00:00,681692,0.000000,26562,c4c5d505d1cd590ef4ae86b219524999258e75c9de243585b9dcda005b1e8c42,2026-10-04T00:21:37+00:00
GC_tbbo/2025/2025-12-15.dbn.zst,GC.v.0,tbbo,2025-12-15,2025-12-14T23:30:00+00:00,2025-12-15T08:15:00+00:00,712788,0.000000,27756,875699df0cfc7164282e50252f3d3f90c212ab4ca8ab36094f1c58a4911c4b91,2026-10-04T00:21:37+00:00
GC_tbbo/2025/2025-12-16.dbn.zst,GC.v.0,tbbo,2025-12-16,2025-12-15T23:30:00+00:00,2025-12-16T08:15:00+00:00,782620,0.000000,30560,37be31d5a5d1129fa8e968ce888bde9ad2a1cd00fa9a9cf81ae0da161d38aaf2,2026-10-04T00:21:40+00:00
GC_tbbo/2025/2025-12-17.dbn.zst,GC.v.0,tbbo,2025-12-17,2025-12-16T23:30:00+00:00,2025-12-17T08:15:00+00:00,797485,0.000000,30982,c5c897649740bd8786acc0c1e851e470fd44f3dea31a18f78843abb0c9f4053a,2026-10-04T00:21:42+00:00
GC_tbbo/2025/2025-12-18.dbn.zst,GC.v.0,tbbo,2025-12-18,2025-12-17T23:30:00+00:00,2025-12-18T08:15:00+00:00,500515,0.000000,19323,7548ffdfe000ee80f34b0e1abc42f5cf25cf2274b9b9f026d1eedb2dbbcbbca8,2026-10-04T00:21:44+00:00
GC_tbbo/2025/2025-12-19.dbn.zst,GC.v.0,tbbo,2025-12-19,2025-12-18T23:30:00+00:00,2025-12-19T08:15:00+00:00,593960,0.000000,23262,df30cd8fcab42053839f9c8f5f8724fa7379f3dc51e9411b61d3ce5635b689f3,2026-10-04T00:21:42+00:00
GC_tbbo/2025/2025-12-22.dbn.zst,GC.v.0,tbbo,2025-12-22,2025-12-21T23:30:00+00:00,2025-12-22T08:15:00+00:00,1114472,0.000000,43880,85194a177adfbd1a0d68ca45c0c68a742de366ea8ba2b55cf9a65906d3475904,2026-10-04T00:21:40+00:00
GC_tbbo/2025/2025-12-23.dbn.zst,GC.v.0,tbbo,2025-12-23,2025-12-22T23:30:00+00:00,2025-12-23T08:15:00+00:00,1028246,0.000000,40680,b7b55857bdaea433c8b71993ad356e0e06cafd5622ce95db5cc4271d033d88e3,2026-10-04T00:21:43+00:00
GC_tbbo/2025/2025-12-24.dbn.zst,GC.v.0,tbbo,2025-12-24,2025-12-23T23:30:00+00:00,2025-12-24T08:15:00+00:00,1070061,0.000000,42496,a3a2ac536ffc6a647571d7e9c86d744093764571016f1769ec7caa6f5a199f19,2026-10-04T00:21:43+00:00
GC_tbbo/2025/2025-12-25.dbn.zst,GC.v.0,tbbo,2025-12-25,2025-12-24T23:30:00+00:00,2025-12-25T08:15:00+00:00,115,0.000000,0,ab527edecc2540d2cf65abc470e8052a325e111ce886a13f58a551723f0c5de1,2026-10-04T00:21:48+00:00
GC_tbbo/2025/2025-12-26.dbn.zst,GC.v.0,tbbo,2025-12-26,2025-12-25T23:30:00+00:00,2025-12-26T08:15:00+00:00,790015,0.000000,30997,a7fbd9e0b6489ced9b9526314c2363b1ab75171000db40bf66d77334c1b58b9e,2026-10-04T00:21:45+00:00
GC_tbbo/2025/2025-12-29.dbn.zst,GC.v.0,tbbo,2025-12-29,2025-12-28T23:30:00+00:00,2025-12-29T08:15:00+00:00,1454347,0.000000,57697,c166e7859cc5616336eb5ef013314ad7ff783e081a309a15d4f897434c89a3f6,2026-10-04T00:21:49+00:00
GC_tbbo/2025/2025-12-30.dbn.zst,GC.v.0,tbbo,2025-12-30,2025-12-29T23:30:00+00:00,2025-12-30T08:15:00+00:00,951227,0.000000,36869,2f10b9ac9a200854dfad82cdec7ca5c09a72ce8c0431f96a7f6e93d365580188,2026-10-04T00:21:47+00:00
GC_tbbo/2025/2025-12-31.dbn.zst,GC.v.0,tbbo,2025-12-31,2025-12-30T23:30:00+00:00,2025-12-31T08:15:00+00:00,1231653,0.000000,48478,e3b243607cd5fd43c9ce6a9c4cccdc30307c72b67c50ef1995d2fe16a8575649,2026-10-04T00:21:49+00:00
GC_tbbo/2026/2026-01-01.dbn.zst,GC.v.0,tbbo,2026-01-01,2025-12-31T23:30:00+00:00,2026-01-01T08:15:00+00:00,115,0.000000,0,95cc27c14b1c3c91f097f1c1b3c6f7c067cc0aeac991a3c41ac1005ad9d75b9c,2026-10-04T00:21:50+00:00
GC_tbbo/2026/2026-01-02.dbn.zst,GC.v.0,tbbo,2026-01-02,2026-01-01T23:30:00+00:00,2026-01-02T08:15:00+00:00,559338,0.000000,21887,d18f3a5dd68514467471ae3a8a87122f0c39555291852786412a94e6af77dc0c,2026-10-04T00:21:51+00:00
GC_tbbo/2026/2026-01-05.dbn.zst,GC.v.0,tbbo,2026-01-05,2026-01-04T23:30:00+00:00,2026-01-05T08:15:00+00:00,1066611,0.000000,42177,70539ba64c1861fb54ab23c91f0f6bf15f9749b84121d13a5d2c4e8a28cb2f28,2026-10-04T00:21:51+00:00
GC_tbbo/2026/2026-01-06.dbn.zst,GC.v.0,tbbo,2026-01-06,2026-01-05T23:30:00+00:00,2026-01-06T08:15:00+00:00,750979,0.000000,29204,23cb6c04b2c8068baf074e3918a87ca4f76c707d8f316ed1fa18dfbf3559da8f,2026-10-04T00:21:52+00:00
GC_tbbo/2026/2026-01-07.dbn.zst,GC.v.0,tbbo,2026-01-07,2026-01-06T23:30:00+00:00,2026-01-07T08:15:00+00:00,953920,0.000000,37272,932b141e23cc5c85b0b346f77d1d3fe9b6b26535b5e524a5821f6889b45219bd,2026-10-04T00:21:54+00:00
GC_tbbo/2026/2026-01-08.dbn.zst,GC.v.0,tbbo,2026-01-08,2026-01-07T23:30:00+00:00,2026-01-08T08:15:00+00:00,798991,0.000000,31044,452b6d2352f4d77b5578ff843a2e65b3c316a6237dee57fbe9cbedc259e38ff6,2026-10-04T00:21:53+00:00
GC_tbbo/2026/2026-01-09.dbn.zst,GC.v.0,tbbo,2026-01-09,2026-01-08T23:30:00+00:00,2026-01-09T08:15:00+00:00,614916,0.000000,23862,92f7c4a46e387c9830c192da6fea91be30b8efdfbafb9fce320b3c04d541f188,2026-10-04T00:21:54+00:00
GC_tbbo/2026/2026-01-12.dbn.zst,GC.v.0,tbbo,2026-01-12,2026-01-11T23:30:00+00:00,2026-01-12T08:15:00+00:00,1267341,0.000000,50604,fb06d9517f8635b667429abca31ba243d6562f8bd082d044f81694e333d529bf,2026-10-04T00:21:54+00:00
GC_tbbo/2026/2026-01-13.dbn.zst,GC.v.0,tbbo,2026-01-13,2026-01-12T23:30:00+00:00,2026-01-13T08:15:00+00:00,753122,0.000000,29075,6f88e88b218ee403d8265c2fcd61884665faef4921473c5f8bc092ecbe5395c9,2026-10-04T00:21:55+00:00
GC_tbbo/2026/2026-01-14.dbn.zst,GC.v.0,tbbo,2026-01-14,2026-01-13T23:30:00+00:00,2026-01-14T08:15:00+00:00,977226,0.000000,38355,af0f4b8c49c8319a41088cf40ecc56c61e44de6bd4bea3c131d0ff01cbe17eb0,2026-10-04T00:22:01+00:00
GC_tbbo/2026/2026-01-15.dbn.zst,GC.v.0,tbbo,2026-01-15,2026-01-14T23:30:00+00:00,2026-01-15T08:15:00+00:00,1246249,0.000000,49058,e69c3a416b04d884a7d42624725870fa36284564e191fd865e693eebf160ec9a,2026-10-04T00:21:55+00:00
GC_tbbo/2026/2026-01-16.dbn.zst,GC.v.0,tbbo,2026-01-16,2026-01-15T23:30:00+00:00,2026-01-16T08:15:00+00:00,855255,0.000000,33435,9f7c0bfe9f2c3585f7ffa5f62b9521e2e2dbba03874e3828363509220d0f5cc9,2026-10-04T00:21:58+00:00
GC_tbbo/2026/2026-01-19.dbn.zst,GC.v.0,tbbo,2026-01-19,2026-01-18T23:30:00+00:00,2026-01-19T08:15:00+00:00,1002220,0.000000,39939,62512dad981cb82557d41cf9db7d1ca881d750ef1947633c990060f204100b8c,2026-10-04T00:21:58+00:00
GC_tbbo/2026/2026-01-20.dbn.zst,GC.v.0,tbbo,2026-01-20,2026-01-19T23:30:00+00:00,2026-01-20T08:15:00+00:00,1026373,0.000000,40363,bb47291a36ff3c062993f0519603177dda0df0f90fe31c6c19edf6f3f2a453c5,2026-10-04T00:21:59+00:00
GC_tbbo/2026/2026-01-21.dbn.zst,GC.v.0,tbbo,2026-01-21,2026-01-20T23:30:00+00:00,2026-01-21T08:15:00+00:00,1778199,0.000000,72574,2db2c5379946b1c63941f848f6e74a971613a4436d62d5736380cc1d5c341450,2026-10-04T00:22:01+00:00
GC_tbbo/2026/2026-01-22.dbn.zst,GC.v.0,tbbo,2026-01-22,2026-01-21T23:30:00+00:00,2026-01-22T08:15:00+00:00,967289,0.000000,37676,60835d0d45627773de627986b520b58a427a1c6c0fbca2d2e44a5a227b0d09ba,2026-10-04T00:22:04+00:00
GC_tbbo/2026/2026-01-23.dbn.zst,GC.v.0,tbbo,2026-01-23,2026-01-22T23:30:00+00:00,2026-01-23T08:15:00+00:00,1078960,0.000000,42856,841fe759026d0c1401973d0083f2b0fb0b0f089c9dd8a2dad304858eb9a2a3ab,2026-10-04T00:22:12+00:00
GC_tbbo/2026/2026-01-26.dbn.zst,GC.v.0,tbbo,2026-01-26,2026-01-25T23:30:00+00:00,2026-01-26T08:15:00+00:00,1702084,0.000000,67728,477a4853b0923647f97926f5c7e05597c8ed3a17a911ad8f7e61ba5ce7bc89d5,2026-10-04T00:22:05+00:00
GC_tbbo/2026/2026-01-27.dbn.zst,GC.v.0,tbbo,2026-01-27,2026-01-26T23:30:00+00:00,2026-01-27T08:15:00+00:00,1063805,0.000000,40600,a7402a46edcf6b896dce9dd855e9153a006e2b692e127534adf52b6813910f50,2026-10-04T00:22:04+00:00
GC_tbbo/2026/2026-01-28.dbn.zst,GC.v.0,tbbo,2026-01-28,2026-01-27T23:30:00+00:00,2026-01-28T08:15:00+00:00,359765,0.000000,13819,6ddcfd5013ebea3a12e09c31590fffe1d12dcfd231e197a9501bb15d414c8567,2026-10-04T00:22:04+00:00
GC_tbbo/2026/2026-01-29.dbn.zst,GC.v.0,tbbo,2026-01-29,2026-01-28T23:30:00+00:00,2026-01-29T08:15:00+00:00,64024,0.000000,2721,2bea5b7fbbdc5db9fd5a75b6e262261a1b1eea1207afa0bb42d48a1606bfb415,2026-10-04T00:22:10+00:00
GC_tbbo/2026/2026-01-30.dbn.zst,GC.v.0,tbbo,2026-01-30,2026-01-29T23:30:00+00:00,2026-01-30T08:15:00+00:00,2239569,0.000000,85725,2b92e78c6f45dc9b0dbbae77cbe276d5e3060175afcb4af7487e8823632dda81,2026-10-04T00:22:12+00:00
GC_tbbo/2026/2026-02-02.dbn.zst,GC.v.0,tbbo,2026-02-02,2026-02-01T23:30:00+00:00,2026-02-02T08:15:00+00:00,3000664,0.000000,113740,1cb0b5e82a165f9ae873e5c4687dd2ef40e4dd44d25d03ad82b351a66b9c2358,2026-10-04T00:22:07+00:00
GC_tbbo/2026/2026-02-03.dbn.zst,GC.v.0,tbbo,2026-02-03,2026-02-02T23:30:00+00:00,2026-02-03T08:15:00+00:00,1405150,0.000000,51874,ebca52cf92ab9185422ca025db981b3fd324cbbc6c3b49dfda3ab47793916d38,2026-10-04T00:22:19+00:00
GC_tbbo/2026/2026-02-04.dbn.zst,GC.v.0,tbbo,2026-02-04,2026-02-03T23:30:00+00:00,2026-02-04T08:15:00+00:00,1109251,0.000000,42810,f46b3f1f901b173dd14a50dd0e15a333798f8f2eb5af74dc1e50101aa8422098,2026-10-04T00:22:10+00:00
GC_tbbo/2026/2026-02-05.dbn.zst,GC.v.0,tbbo,2026-02-05,2026-02-04T23:30:00+00:00,2026-02-05T08:15:00+00:00,1525216,0.000000,59590,8c52306fd278aacdfcda125653da7e6abfe10a231c5f6073eb76319b066a3082,2026-10-04T00:22:16+00:00
GC_tbbo/2026/2026-02-06.dbn.zst,GC.v.0,tbbo,2026-02-06,2026-02-05T23:30:00+00:00,2026-02-06T08:15:00+00:00,1357922,0.000000,52752,7b56d96eb383774a31134e2bf55b46e9ba102977807ee4cea7dcc6b43308460d,2026-10-04T00:22:11+00:00
GC_tbbo/2026/2026-02-09.dbn.zst,GC.v.0,tbbo,2026-02-09,2026-02-08T23:30:00+00:00,2026-02-09T08:15:00+00:00,756942,0.000000,28091,2feb142a1675e7b13f5c394758b411d92e613e14590203642c7a531e2c6594c0,2026-10-04T00:22:15+00:00
GC_tbbo/2026/2026-02-10.dbn.zst,GC.v.0,tbbo,2026-02-10,2026-02-09T23:30:00+00:00,2026-02-10T08:15:00+00:00,471309,0.000000,17539,38d25a5e220ba6b724b551a142c3648ae48ac6778611d84663448360377dc0e6,2026-10-04T00:22:20+00:00
GC_tbbo/2026/2026-02-11.dbn.zst,GC.v.0,tbbo,2026-02-11,2026-02-10T23:30:00+00:00,2026-02-11T08:15:00+00:00,456216,0.000000,16962,3348109491b4e60fbca828d7add191faa5378fc02d5e000bea05127772347ec4,2026-10-04T00:22:16+00:00
GC_tbbo/2026/2026-02-12.dbn.zst,GC.v.0,tbbo,2026-02-12,2026-02-11T23:30:00+00:00,2026-02-12T08:15:00+00:00,429137,0.000000,15853,8e7ba2917b892bfddb58116114627264cb07fcbea82e13f8d2b0822e89bc0e6f,2026-10-04T00:22:18+00:00
GC_tbbo/2026/2026-02-13.dbn.zst,GC.v.0,tbbo,2026-02-13,2026-02-12T23:30:00+00:00,2026-02-13T08:15:00+00:00,584515,0.000000,21544,b87fb075fd2747758bf9301fcdcc37d044b87f74970f4a7a0997200f87019a36,2026-10-04T00:22:19+00:00
GC_tbbo/2026/2026-02-16.dbn.zst,GC.v.0,tbbo,2026-02-16,2026-02-15T23:30:00+00:00,2026-02-16T08:15:00+00:00,359206,0.000000,13314,34cef93738941d8c4518ba718d229d5a581ff02e50947ffdf4a35a86ecd763e4,2026-10-04T00:22:19+00:00
GC_tbbo/2026/2026-02-17.dbn.zst,GC.v.0,tbbo,2026-02-17,2026-02-16T23:30:00+00:00,2026-02-17T08:15:00+00:00,610302,0.000000,23650,6467eadff11bb6ac757ca852e51f09544b27c8df70f6d1a584ad92018d295f0d,2026-10-04T00:22:20+00:00
GC_tbbo/2026/2026-02-18.dbn.zst,GC.v.0,tbbo,2026-02-18,2026-02-17T23:30:00+00:00,2026-02-18T08:15:00+00:00,320192,0.000000,11844,38d75622fde0fadffd20267c8ba2c30276b4b5c9c68283af05d646e48e1f7835,2026-10-04T00:22:21+00:00
GC_tbbo/2026/2026-02-19.dbn.zst,GC.v.0,tbbo,2026-02-19,2026-02-18T23:30:00+00:00,2026-02-19T08:15:00+00:00,305949,0.000000,11328,8c2d2ef28617aaa09b238409510de8a87c9ae25a5d44795e073188fd9dc41a46,2026-10-04T00:22:22+00:00
GC_tbbo/2026/2026-02-20.dbn.zst,GC.v.0,tbbo,2026-02-20,2026-02-19T23:30:00+00:00,2026-02-20T08:15:00+00:00,354715,0.000000,13332,c0818c72edac20c2a4e09d36d0d84e6697843c8d9228f6bd4415342e20f96a57,2026-10-04T00:22:25+00:00
GC_tbbo/2026/2026-02-23.dbn.zst,GC.v.0,tbbo,2026-02-23,2026-02-22T23:30:00+00:00,2026-02-23T08:15:00+00:00,679566,0.000000,26437,0e261aca6e14cd9f8fd03f77f845004a3df22c98cf5a55d0ec9d1d8036fe7258,2026-10-04T00:22:25+00:00
GC_tbbo/2026/2026-02-24.dbn.zst,GC.v.0,tbbo,2026-02-24,2026-02-23T23:30:00+00:00,2026-02-24T08:15:00+00:00,801207,0.000000,31507,3bbc51724aa87d3db9fb574bbb863b21bd37e2555f3cbfcd4f70aa1ec851842d,2026-10-04T00:22:24+00:00
GC_tbbo/2026/2026-02-25.dbn.zst,GC.v.0,tbbo,2026-02-25,2026-02-24T23:30:00+00:00,2026-02-25T08:15:00+00:00,509998,0.000000,19677,7e810768cbe88ffe235e17e3559d5665ab80d5df87be10c912a47d52973b7cb8,2026-10-04T00:22:24+00:00
GC_tbbo/2026/2026-02-26.dbn.zst,GC.v.0,tbbo,2026-02-26,2026-02-25T23:30:00+00:00,2026-02-26T08:15:00+00:00,525357,0.000000,20092,281c3842c1c2a4d52ada6111080af8c59c027c6e8a58dd17a545f96ea5839ffd,2026-10-04T00:22:26+00:00
GC_tbbo/2026/2026-02-27.dbn.zst,GC.v.0,tbbo,2026-02-27,2026-02-26T23:30:00+00:00,2026-02-27T08:15:00+00:00,528131,0.000000,20277,b3d62bbd588fb8a4471ac4e201d1fddddb821c05159b99225a6479a62fac0f9b,2026-10-04T00:22:26+00:00
GC_tbbo/2026/2026-03-02.dbn.zst,GC.v.0,tbbo,2026-03-02,2026-03-01T23:30:00+00:00,2026-03-02T08:15:00+00:00,1108425,0.000000,44070,5acf6741a8e28cc12bd9340409474074728a5114101eea6d1df8c5004023249d,2026-10-04T00:22:27+00:00
GC_tbbo/2026/2026-03-03.dbn.zst,GC.v.0,tbbo,2026-03-03,2026-03-02T23:30:00+00:00,2026-03-03T08:15:00+00:00,804950,0.000000,31182,572244dc57cfe6c0c0fcf43eef45bc4fda3594fc61eb0a7886801883c0a4f6c0,2026-10-04T00:22:27+00:00
GC_tbbo/2026/2026-03-04.dbn.zst,GC.v.0,tbbo,2026-03-04,2026-03-03T23:30:00+00:00,2026-03-04T08:15:00+00:00,769731,0.000000,29449,2e4d368e037055bd23957a0d4bb02b28f74de2cca08c71d354015e4e287c4c82,2026-10-04T00:22:29+00:00
GC_tbbo/2026/2026-03-05.dbn.zst,GC.v.0,tbbo,2026-03-05,2026-03-04T23:30:00+00:00,2026-03-05T08:15:00+00:00,575997,0.000000,22092,8d7f34a4bc6a94b6bbb8ddf18d55a40c19d89e0ed0ae2957775a0b4abb6b8530,2026-10-04T00:22:33+00:00
GC_tbbo/2026/2026-03-06.dbn.zst,GC.v.0,tbbo,2026-03-06,2026-03-05T23:30:00+00:00,2026-03-06T08:15:00+00:00,542543,0.000000,20758,ed44b24da3cc9099e083419442836ee0c66b05485c02f33e929c8303b5a3ffd8,2026-10-04T00:22:30+00:00
GC_tbbo/2026/2026-03-09.dbn.zst,GC.v.0,tbbo,2026-03-09,2026-03-08T22:30:00+00:00,2026-03-09T07:15:00+00:00,1042005,0.000000,40137,8afee7a5426ca356b87aaeb62c2292acdd48f5c015ecd56bea5e6c3e3eff1fad,2026-10-04T00:22:36+00:00
GC_tbbo/2026/2026-03-10.dbn.zst,GC.v.0,tbbo,2026-03-10,2026-03-09T22:30:00+00:00,2026-03-10T07:15:00+00:00,574146,0.000000,21698,496002d981e73a79393a819dc9f2dbf0ad813f6fb80add362fc8b5be83dd421a,2026-10-04T00:22:36+00:00
GC_tbbo/2026/2026-03-11.dbn.zst,GC.v.0,tbbo,2026-03-11,2026-03-10T22:30:00+00:00,2026-03-11T07:15:00+00:00,464391,0.000000,17586,beaea22cbfe0cead1aa9a1beb21f47dd71235d0607e36c865a6c8a82869005fa,2026-10-04T00:22:33+00:00
GC_tbbo/2026/2026-03-12.dbn.zst,GC.v.0,tbbo,2026-03-12,2026-03-11T22:30:00+00:00,2026-03-12T07:15:00+00:00,572652,0.000000,21711,41153d07fd23f9d531316741d18eb180161a3c9365131be439163b178afb4210,2026-10-04T00:22:33+00:00
GC_tbbo/2026/2026-03-13.dbn.zst,GC.v.0,tbbo,2026-03-13,2026-03-12T22:30:00+00:00,2026-03-13T07:15:00+00:00,603270,0.000000,23166,156e64ac351272ee37c155cb5ca465984d700984d8e3ce8742305c50ee852b0c,2026-10-04T00:22:34+00:00
GC_tbbo/2026/2026-03-16.dbn.zst,GC.v.0,tbbo,2026-03-16,2026-03-15T22:30:00+00:00,2026-03-16T07:15:00+00:00,671483,0.000000,25931,550b5982b186a6df7c0d5ce9c31955aa466eb109522228d24bae815090312e9e,2026-10-04T00:22:35+00:00
GC_tbbo/2026/2026-03-17.dbn.zst,GC.v.0,tbbo,2026-03-17,2026-03-16T22:30:00+00:00,2026-03-17T07:15:00+00:00,444746,0.000000,17059,c568725e323507ef42b51c50abf265fc1d568ae9b3698a175b09a0998e6f44db,2026-10-04T00:22:40+00:00
GC_tbbo/2026/2026-03-18.dbn.zst,GC.v.0,tbbo,2026-03-18,2026-03-17T22:30:00+00:00,2026-03-18T07:15:00+00:00,472882,0.000000,18529,d7b8f3898ed35d27648d31be5f3a8d42cb0c5804126f78fda6090253cb1cb408,2026-10-04T00:22:39+00:00
GC_tbbo/2026/2026-03-19.dbn.zst,GC.v.0,tbbo,2026-03-19,2026-03-18T22:30:00+00:00,2026-03-19T07:15:00+00:00,725155,0.000000,28107,b5fdf2f2121b0b5636059f5849321ebf2ec1ca35338bb142835327b28a873716,2026-10-04T00:22:41+00:00
GC_tbbo/2026/2026-03-20.dbn.zst,GC.v.0,tbbo,2026-03-20,2026-03-19T22:30:00+00:00,2026-03-20T07:15:00+00:00,836368,0.000000,32126,048f22e88c61a0fc68a2d6a7c8e91a2aeb1aa81567eb03ea96e3662cfbf0001a,2026-10-04T00:22:39+00:00
GC_tbbo/2026/2026-03-23.dbn.zst,GC.v.0,tbbo,2026-03-23,2026-03-22T22:30:00+00:00,2026-03-23T07:15:00+00:00,2314803,0.000000,93044,7f1175db8f2211b0ccfd71fd492892dd1765417938c484b4bc613c4a6c410b40,2026-10-04T00:22:40+00:00
GC_tbbo/2026/2026-03-24.dbn.zst,GC.v.0,tbbo,2026-03-24,2026-03-23T22:30:00+00:00,2026-03-24T07:15:00+00:00,996863,0.000000,37509,8935b17a390d0d2a230108e83f364e653e6c95474ad0080e1838f61f6ffe33ed,2026-10-04T00:22:40+00:00
GC_tbbo/2026/2026-03-25.dbn.zst,GC.v.0,tbbo,2026-03-25,2026-03-24T22:30:00+00:00,2026-03-25T07:15:00+00:00,1174395,0.000000,45247,0f8f4e8eecf3b5c259099c54604e74ba0e92b1d03e1a2a0735d89ed9cb1176f2,2026-10-04T00:22:42+00:00
GC_tbbo/2026/2026-03-26.dbn.zst,GC.v.0,tbbo,2026-03-26,2026-03-25T22:30:00+00:00,2026-03-26T07:15:00+00:00,798193,0.000000,31213,12cc78a3db02426002923a87f68d23c54c98b5319e6b5416baed6f1b831c2b65,2026-10-04T00:22:42+00:00
GC_tbbo/2026/2026-03-27.dbn.zst,GC.v.0,tbbo,2026-03-27,2026-03-26T22:30:00+00:00,2026-03-27T07:15:00+00:00,126613,0.000000,4895,8f1ef462fa5426554ddc54eae73143f209165ab3b1402291f3aa1dbcdcaf1a50,2026-10-04T00:22:47+00:00
GC_tbbo/2026/2026-03-30.dbn.zst,GC.v.0,tbbo,2026-03-30,2026-03-29T22:30:00+00:00,2026-03-30T07:15:00+00:00,794807,0.000000,31206,ac206fffd3a5a78436a35898252e474313de151dc603a98cf5b93d2803829413,2026-10-04T00:22:54+00:00
GC_tbbo/2026/2026-03-31.dbn.zst,GC.v.0,tbbo,2026-03-31,2026-03-30T22:30:00+00:00,2026-03-31T07:15:00+00:00,905471,0.000000,34983,4c2a5e831a400068a3d972f69cc5f6dce25a0ceefd24be56470e8096d64b49d1,2026-10-04T00:22:47+00:00
GC_tbbo/2026/2026-04-01.dbn.zst,GC.v.0,tbbo,2026-04-01,2026-03-31T22:30:00+00:00,2026-04-01T07:15:00+00:00,963327,0.000000,37697,2ab232c89625275b4b34035f7b9269e2492668f69d6678c4fe7499d8cdacb860,2026-10-04T00:22:45+00:00
GC_tbbo/2026/2026-04-02.dbn.zst,GC.v.0,tbbo,2026-04-02,2026-04-01T22:30:00+00:00,2026-04-02T07:15:00+00:00,1458869,0.000000,58693,8297bbae36e669235565f7552282436640a6369faaa32c9e1ddac0a090e56f4f,2026-10-04T00:22:47+00:00
GC_tbbo/2026/2026-04-03.dbn.zst,GC.v.0,tbbo,2026-04-03,2026-04-02T22:30:00+00:00,2026-04-03T07:15:00+00:00,113,0.000000,0,39535281d14f28ef3dc0879328407ca905ff98520c8535017b6a3672f36b3965,2026-10-04T00:22:47+00:00
GC_tbbo/2026/2026-04-06.dbn.zst,GC.v.0,tbbo,2026-04-06,2026-04-05T22:30:00+00:00,2026-04-06T07:15:00+00:00,582669,0.000000,22567,ae686c36f29015d1f2ab01853c78dbace3bce4a380d42e296673806aab04cca3,2026-10-04T00:22:46+00:00
GC_tbbo/2026/2026-04-07.dbn.zst,GC.v.0,tbbo,2026-04-07,2026-04-06T22:30:00+00:00,2026-04-07T07:15:00+00:00,661561,0.000000,25326,9ca2766c7a7f09eca3b9ba3464fa48e21428d86429cf78864bce8f04228993b6,2026-10-04T00:22:50+00:00
GC_tbbo/2026/2026-04-08.dbn.zst,GC.v.0,tbbo,2026-04-08,2026-04-07T22:30:00+00:00,2026-04-08T07:15:00+00:00,1512943,0.000000,59902,5ba91658a58b5856c759bec0df950be81ce673a0ad314c875c0f1c619a076bf6,2026-10-04T00:22:51+00:00
GC_tbbo/2026/2026-04-09.dbn.zst,GC.v.0,tbbo,2026-04-09,2026-04-08T22:30:00+00:00,2026-04-09T07:15:00+00:00,661971,0.000000,25520,06a23363fe88778f9abf90a66e8f7e1947683a0c4211dd95c3e70d354671f013,2026-10-04T00:22:54+00:00
GC_tbbo/2026/2026-04-10.dbn.zst,GC.v.0,tbbo,2026-04-10,2026-04-09T22:30:00+00:00,2026-04-10T07:15:00+00:00,625076,0.000000,24329,adfcb82b2b0f4eb55497cf6e78fe47a93b4aafd6dda49fd163c8b5a5d6ce6057,2026-10-04T00:22:57+00:00
GC_tbbo/2026/2026-04-13.dbn.zst,GC.v.0,tbbo,2026-04-13,2026-04-12T22:30:00+00:00,2026-04-13T07:15:00+00:00,597086,0.000000,23472,42e9af69a98ba29af7e8e5590393edf217c4da3975fb6cf453a904cda0d891a5,2026-10-04T00:22:56+00:00
GC_tbbo/2026/2026-04-14.dbn.zst,GC.v.0,tbbo,2026-04-14,2026-04-13T22:30:00+00:00,2026-04-14T07:15:00+00:00,456296,0.000000,17898,a93e6c5e00230fba6fef74be676bb8bd9963aef13329a2177439fada07b59d9f,2026-10-04T00:22:53+00:00
GC_tbbo/2026/2026-04-15.dbn.zst,GC.v.0,tbbo,2026-04-15,2026-04-14T22:30:00+00:00,2026-04-15T07:15:00+00:00,606158,0.000000,23841,c593c367ced12b3fa86f549ba9046a01239133da904d94062ffe3abf922900cd,2026-10-04T00:22:59+00:00
GC_tbbo/2026/2026-04-16.dbn.zst,GC.v.0,tbbo,2026-04-16,2026-04-15T22:30:00+00:00,2026-04-16T07:15:00+00:00,570830,0.000000,23545,e8e6ba550d91e81dd11a1d72878b1c13ee2797465178b861c7753b4b65c7f6ba,2026-10-04T00:22:55+00:00
GC_tbbo/2026/2026-04-17.dbn.zst,GC.v.0,tbbo,2026-04-17,2026-04-16T22:30:00+00:00,2026-04-17T07:15:00+00:00,417518,0.000000,16186,262080351c969a000a589f1158e702554682355abfa06ee6127317637d5a49db,2026-10-04T00:22:55+00:00
GC_tbbo/2026/2026-04-20.dbn.zst,GC.v.0,tbbo,2026-04-20,2026-04-19T22:30:00+00:00,2026-04-20T07:15:00+00:00,760743,0.000000,30209,c8d14a2f50445bb78fa5327fef85fd963c0f0422e4bacc49045e9871bebd92c8,2026-10-04T00:23:02+00:00
GC_tbbo/2026/2026-04-21.dbn.zst,GC.v.0,tbbo,2026-04-21,2026-04-20T22:30:00+00:00,2026-04-21T07:15:00+00:00,680146,0.000000,26724,d2db454f7af13b3dd73537d43e7ee45082b0e9d301194cd254a8693b1191155d,2026-10-04T00:22:59+00:00
GC_tbbo/2026/2026-04-22.dbn.zst,GC.v.0,tbbo,2026-04-22,2026-04-21T22:30:00+00:00,2026-04-22T07:15:00+00:00,616995,0.000000,23967,2fd0127a4157ff9949924d95ff586528f2f342405ecbd9f4319628d1b3ac9c49,2026-10-04T00:23:00+00:00
GC_tbbo/2026/2026-04-23.dbn.zst,GC.v.0,tbbo,2026-04-23,2026-04-22T22:30:00+00:00,2026-04-23T07:15:00+00:00,855457,0.000000,33767,6db1346b5541891452750060a3003402b028fdc207ec325c3bc631c339334763,2026-10-04T00:23:01+00:00
GC_tbbo/2026/2026-04-24.dbn.zst,GC.v.0,tbbo,2026-04-24,2026-04-23T22:30:00+00:00,2026-04-24T07:15:00+00:00,513685,0.000000,20209,4f80ca77549a9d6de781e8e9aa8226199fac5f36a9322335314334bc76798961,2026-10-04T00:23:02+00:00
GC_tbbo/2026/2026-04-27.dbn.zst,GC.v.0,tbbo,2026-04-27,2026-04-26T22:30:00+00:00,2026-04-27T07:15:00+00:00,448125,0.000000,17479,48d2667d144819daed79eb72d1875eadb3b1387461a78209aef4e369b2fa6541,2026-10-04T00:23:04+00:00
GC_tbbo/2026/2026-04-28.dbn.zst,GC.v.0,tbbo,2026-04-28,2026-04-27T22:30:00+00:00,2026-04-28T07:15:00+00:00,611632,0.000000,24712,f460f8945bd1097306cbf3bc3d0b02adf39c1f060c2546e78805400f4e48f7fe,2026-10-04T00:23:03+00:00
GC_tbbo/2026/2026-04-29.dbn.zst,GC.v.0,tbbo,2026-04-29,2026-04-28T22:30:00+00:00,2026-04-29T07:15:00+00:00,449687,0.000000,17829,b77958b5d39b399e33c8059e1aef883b8b10b31b79c98f9afde8d1463ec9e1b6,2026-10-04T00:23:15+00:00
GC_tbbo/2026/2026-04-30.dbn.zst,GC.v.0,tbbo,2026-04-30,2026-04-29T22:30:00+00:00,2026-04-30T07:15:00+00:00,522520,0.000000,21095,1c483de3e8892909decdb09cf4f92552d627601cd80564eba4ff95868fba8462,2026-10-04T00:23:05+00:00
GC_tbbo/2026/2026-05-01.dbn.zst,GC.v.0,tbbo,2026-05-01,2026-04-30T22:30:00+00:00,2026-05-01T07:15:00+00:00,364862,0.000000,14089,36ccecd1cc78590d42b2967dc80468498504b28178b7065b5d588a0e88df4ee8,2026-10-04T00:23:05+00:00
GC_tbbo/2026/2026-05-04.dbn.zst,GC.v.0,tbbo,2026-05-04,2026-05-03T22:30:00+00:00,2026-05-04T07:15:00+00:00,421831,0.000000,15910,d52c135e276f0841c192c24d3eb23e7dc99e7216d6a19eaf19381145a74d4510,2026-10-04T00:23:08+00:00
GC_tbbo/2026/2026-05-05.dbn.zst,GC.v.0,tbbo,2026-05-05,2026-05-04T22:30:00+00:00,2026-05-05T07:15:00+00:00,373831,0.000000,14642,eacaff1e5f93bd4dbacf3673066476e68c6d67028ccb68385fd826b06365bfdf,2026-10-04T00:23:08+00:00
GC_tbbo/2026/2026-05-06.dbn.zst,GC.v.0,tbbo,2026-05-06,2026-05-05T22:30:00+00:00,2026-05-06T07:15:00+00:00,743399,0.000000,29220,5c8994e6e498d7ff11af223a32fc131bc29163cf35eab148e71c33e968abbf95,2026-10-04T00:23:07+00:00
GC_tbbo/2026/2026-05-07.dbn.zst,GC.v.0,tbbo,2026-05-07,2026-05-06T22:30:00+00:00,2026-05-07T07:15:00+00:00,569698,0.000000,22383,71512c4953bc1a93d6829c62eb6b3e18dcbb86679bf438f69e5416ade3b19a24,2026-10-04T00:23:08+00:00
GC_tbbo/2026/2026-05-08.dbn.zst,GC.v.0,tbbo,2026-05-08,2026-05-07T22:30:00+00:00,2026-05-08T07:15:00+00:00,498133,0.000000,19372,cb5b1b029d91cf131e0ad22d7dbf0311facf11eb321c9a74d2a54802ff6428b8,2026-10-04T00:23:10+00:00
GC_tbbo/2026/2026-05-11.dbn.zst,GC.v.0,tbbo,2026-05-11,2026-05-10T22:30:00+00:00,2026-05-11T07:15:00+00:00,726163,0.000000,27988,7b7985724cf2dca31cdea3622f3f01083a69c0aa3a78164396f69dc6091a499a,2026-10-04T00:23:13+00:00
GC_tbbo/2026/2026-05-12.dbn.zst,GC.v.0,tbbo,2026-05-12,2026-05-11T22:30:00+00:00,2026-05-12T07:15:00+00:00,684830,0.000000,27428,e7d15791a6fabc0d5ae5078b32e6eaba6a8aedda60f1b04bfaf49beddcb90545,2026-10-04T00:23:11+00:00
GC_tbbo/2026/2026-05-13.dbn.zst,GC.v.0,tbbo,2026-05-13,2026-05-12T22:30:00+00:00,2026-05-13T07:15:00+00:00,528416,0.000000,20995,0889a72465fdaf4a3c17e6a138d676d53fad0556b2852dcb6be893273ee385a3,2026-10-04T00:23:16+00:00
GC_tbbo/2026/2026-05-14.dbn.zst,GC.v.0,tbbo,2026-05-14,2026-05-13T22:30:00+00:00,2026-05-14T07:15:00+00:00,497528,0.000000,19421,fbbcd5b61af5ee865f70fe3ed0bec04cb07c4d609a171dc3a7e20ee5ed33af1f,2026-10-04T00:23:14+00:00
GC_tbbo/2026/2026-05-15.dbn.zst,GC.v.0,tbbo,2026-05-15,2026-05-14T22:30:00+00:00,2026-05-15T07:15:00+00:00,978043,0.000000,39094,1eb782469f9831fef73cde9d07c1dc46775c1afab3d89064160cb99e76269834,2026-10-04T00:23:14+00:00
GC_tbbo/2026/2026-05-18.dbn.zst,GC.v.0,tbbo,2026-05-18,2026-05-17T22:30:00+00:00,2026-05-18T07:15:00+00:00,925113,0.000000,36358,784d3ef8bbe40dbf69c75183e2c8b6d00fec036fc9149a9484264c82fe47bc60,2026-10-04T00:23:13+00:00
GC_tbbo/2026/2026-05-19.dbn.zst,GC.v.0,tbbo,2026-05-19,2026-05-18T22:30:00+00:00,2026-05-19T07:15:00+00:00,611494,0.000000,23872,e51ad4a56f27aec02a46f454a9f996f977bd7f8650028abc97603337c5c027dd,2026-10-04T00:23:19+00:00
GC_tbbo/2026/2026-05-20.dbn.zst,GC.v.0,tbbo,2026-05-20,2026-05-19T22:30:00+00:00,2026-05-20T07:15:00+00:00,665030,0.000000,25563,0a3342ccab5897bff29029ae78620bfda9addea1c821dd7feaa507d5e0ca38ee,2026-10-04T00:23:21+00:00
GC_tbbo/2026/2026-05-21.dbn.zst,GC.v.0,tbbo,2026-05-21,2026-05-20T22:30:00+00:00,2026-05-21T07:15:00+00:00,497442,0.000000,19473,f20207076102b9e4ec42440a49995bdd828c509f3b960041da111f208acda9ec,2026-10-04T00:23:18+00:00
GC_tbbo/2026/2026-05-22.dbn.zst,GC.v.0,tbbo,2026-05-22,2026-05-21T22:30:00+00:00,2026-05-22T07:15:00+00:00,344142,0.000000,13198,f1a0011c3f28ad36b76be26f4c64f85f1c84b5be13dc5514595fb7dd7d5755bf,2026-10-04T00:23:19+00:00
GC_tbbo/2026/2026-05-25.dbn.zst,GC.v.0,tbbo,2026-05-25,2026-05-24T22:30:00+00:00,2026-05-25T07:15:00+00:00,418708,0.000000,15810,7ab5fca2eb57ba67328c3bbfccdb2676e895f93ccf5625a9336278ba3cfa6d74,2026-10-04T00:23:20+00:00
GC_tbbo/2026/2026-05-26.dbn.zst,GC.v.0,tbbo,2026-05-26,2026-05-25T22:30:00+00:00,2026-05-26T07:15:00+00:00,534766,0.000000,20597,a7a77a69cc73abbaef7db83ed4b951e6a68d434eb44a4f6cc9844c22459e05df,2026-10-04T00:23:19+00:00
GC_tbbo/2026/2026-05-27.dbn.zst,GC.v.0,tbbo,2026-05-27,2026-05-26T22:30:00+00:00,2026-05-27T07:15:00+00:00,120192,0.000000,4541,1e724e5136001b1bf24cadc60ffae48b66ef050b676900065a6cc636b8698b78,2026-10-04T00:23:19+00:00
GC_tbbo/2026/2026-05-28.dbn.zst,GC.v.0,tbbo,2026-05-28,2026-05-27T22:30:00+00:00,2026-05-28T07:15:00+00:00,20299,0.000000,845,79e12fc03e7b0252f1b98ace9ef0ee5a453f90c74e972300d4ba0b984ad1de2a,2026-10-04T00:23:21+00:00
GC_tbbo/2026/2026-05-29.dbn.zst,GC.v.0,tbbo,2026-05-29,2026-05-28T22:30:00+00:00,2026-05-29T07:15:00+00:00,475216,0.000000,18153,e5166aa4bc9de2a94d01cf5351180d2461f1cde41a05027ff1fe88eb24eae98d,2026-10-04T00:23:25+00:00
GC_tbbo/2026/2026-06-01.dbn.zst,GC.v.0,tbbo,2026-06-01,2026-05-31T22:30:00+00:00,2026-06-01T07:15:00+00:00,469668,0.000000,17987,a10b4da19f4923d8c95bf238f2159455708388d8b025809d270a45ae1ab3d663,2026-10-04T00:23:25+00:00
GC_tbbo/2026/2026-06-02.dbn.zst,GC.v.0,tbbo,2026-06-02,2026-06-01T22:30:00+00:00,2026-06-02T07:15:00+00:00,630854,0.000000,24351,07307e8cd56cc54527a07d39cf8845bbec07bdad78fdae35ce2903395cc0dffb,2026-10-04T00:23:26+00:00
GC_tbbo/2026/2026-06-03.dbn.zst,GC.v.0,tbbo,2026-06-03,2026-06-02T22:30:00+00:00,2026-06-03T07:15:00+00:00,617535,0.000000,24050,814c5575b8cb628c342deb26d9aac54a73b1a12ba384357abd77824beb784be8,2026-10-04T00:23:26+00:00
GC_tbbo/2026/2026-06-04.dbn.zst,GC.v.0,tbbo,2026-06-04,2026-06-03T22:30:00+00:00,2026-06-04T07:15:00+00:00,513001,0.000000,19737,574b8347969f6e5798c7d127c021b52715118a66d0220cc5f54f7d55e301cb4e,2026-10-04T00:23:26+00:00
GC_tbbo/2026/2026-06-05.dbn.zst,GC.v.0,tbbo,2026-06-05,2026-06-04T22:30:00+00:00,2026-06-05T07:15:00+00:00,609712,0.000000,23477,d7605003741f5c7116e0728391acec9e45b72c2359509e48862683c6931a6f3a,2026-10-04T00:23:26+00:00
GC_tbbo/2026/2026-06-08.dbn.zst,GC.v.0,tbbo,2026-06-08,2026-06-07T22:30:00+00:00,2026-06-08T07:15:00+00:00,827898,0.000000,31963,cdb1b8f8b45ce26112a210cee09b35113ccf163d48689fe1299828913be49a7b,2026-10-04T00:23:30+00:00
GC_tbbo/2026/2026-06-09.dbn.zst,GC.v.0,tbbo,2026-06-09,2026-06-08T22:30:00+00:00,2026-06-09T07:15:00+00:00,493456,0.000000,18656,012aa19c72648c245da9b745e69c6e79727ec24381b660714b155ed567e4fdab,2026-10-04T00:23:26+00:00
GC_tbbo/2026/2026-06-10.dbn.zst,GC.v.0,tbbo,2026-06-10,2026-06-09T22:30:00+00:00,2026-06-10T07:15:00+00:00,881495,0.000000,34388,7ca132272f964e9683cf2432028b5cd599fbacf71332575183733975c783a8b7,2026-10-04T00:23:29+00:00
GC_tbbo/2026/2026-06-11.dbn.zst,GC.v.0,tbbo,2026-06-11,2026-06-10T22:30:00+00:00,2026-06-11T07:15:00+00:00,1157955,0.000000,44944,0b4affbc9d5e847adf7a84a5b4c281111ae302842ffbed0c8ec98f3839a2ca8d,2026-10-04T00:23:33+00:00
GC_tbbo/2026/2026-06-12.dbn.zst,GC.v.0,tbbo,2026-06-12,2026-06-11T22:30:00+00:00,2026-06-12T07:15:00+00:00,654261,0.000000,25201,93310ad5d4cab08a0381bf1dc9f4af319a9f26851f01c974e37718b51ddb8c8d,2026-10-04T00:23:31+00:00
GC_tbbo/2026/2026-06-15.dbn.zst,GC.v.0,tbbo,2026-06-15,2026-06-14T22:30:00+00:00,2026-06-15T07:15:00+00:00,654016,0.000000,25345,ddef22aa6dee7de918a4499c5bd019d9c9c1e947833de7b7282decb35a801e07,2026-10-04T00:23:32+00:00
GC_tbbo/2026/2026-06-16.dbn.zst,GC.v.0,tbbo,2026-06-16,2026-06-15T22:30:00+00:00,2026-06-16T07:15:00+00:00,380348,0.000000,14879,54f61eeaf22c49910bc39a95ddb895630310f4456c5104d27307015850babb6f,2026-10-04T00:23:32+00:00
GC_tbbo/2026/2026-06-17.dbn.zst,GC.v.0,tbbo,2026-06-17,2026-06-16T22:30:00+00:00,2026-06-17T07:15:00+00:00,313001,0.000000,12079,2d00e18d63d2bfba5c0bb1f9f6a541a662303f68ccfda29073672f969b907b3e,2026-10-04T00:23:41+00:00
GC_tbbo/2026/2026-06-18.dbn.zst,GC.v.0,tbbo,2026-06-18,2026-06-17T22:30:00+00:00,2026-06-18T07:15:00+00:00,620303,0.000000,24000,932b31d558ee27961724ef4dafcfafadc773adf8cc74046ddb9779e5d850439b,2026-10-04T00:23:32+00:00
GC_tbbo/2026/2026-06-19.dbn.zst,GC.v.0,tbbo,2026-06-19,2026-06-18T22:30:00+00:00,2026-06-19T07:15:00+00:00,548424,0.000000,21652,bf9d56e4044d8abd4b319daa10c2999508ea1cdbdc47552ed8b173425a09b592,2026-10-04T00:23:34+00:00
GC_tbbo/2026/2026-06-22.dbn.zst,GC.v.0,tbbo,2026-06-22,2026-06-21T22:30:00+00:00,2026-06-22T07:15:00+00:00,630600,0.000000,24133,b3c31b8b00e6301f79e8fa38086a52ba48c26436ef8c1ac7efb0933e7816e9ae,2026-10-04T00:23:41+00:00
GC_tbbo/2026/2026-06-23.dbn.zst,GC.v.0,tbbo,2026-06-23,2026-06-22T22:30:00+00:00,2026-06-23T07:15:00+00:00,618311,0.000000,24310,8de447b2bdb0ab92814eb89193d2a2863ff39b4106ae249aa433dc3b3143ce1a,2026-10-04T00:23:38+00:00
GC_tbbo/2026/2026-06-24.dbn.zst,GC.v.0,tbbo,2026-06-24,2026-06-23T22:30:00+00:00,2026-06-24T07:15:00+00:00,696231,0.000000,26567,2a053ff04d8618ac9ceaf1f3aa891b123f665c58bee5b54e64d0329e8239bebf,2026-10-04T00:23:38+00:00
GC_tbbo/2026/2026-06-25.dbn.zst,GC.v.0,tbbo,2026-06-25,2026-06-24T22:30:00+00:00,2026-06-25T07:15:00+00:00,711056,0.000000,27182,a00a586d713e933cf01776c3b24b6fa4a583ca629646de3c29127fedd7609194,2026-10-04T00:23:38+00:00
GC_tbbo/2026/2026-06-26.dbn.zst,GC.v.0,tbbo,2026-06-26,2026-06-25T22:30:00+00:00,2026-06-26T07:15:00+00:00,586719,0.000000,22863,9f4eac1eccda709c5675f02ae0b0b31a265e3aff0fa9cf2f136f59a45742712f,2026-10-04T00:23:38+00:00
GC_tbbo/2026/2026-06-29.dbn.zst,GC.v.0,tbbo,2026-06-29,2026-06-28T22:30:00+00:00,2026-06-29T07:15:00+00:00,491352,0.000000,18994,f4377b7af9065689988b867399f2d1a2e237710b28ce1c53458adff109101ee1,2026-10-04T00:23:40+00:00
GC_tbbo/2026/2026-06-30.dbn.zst,GC.v.0,tbbo,2026-06-30,2026-06-29T22:30:00+00:00,2026-06-30T07:15:00+00:00,827779,0.000000,32712,010b41fa2950014d971ad90365b4fee397a24218878578a96553c85290f5330e,2026-10-04T00:23:39+00:00
GC_tbbo/2026/2026-07-01.dbn.zst,GC.v.0,tbbo,2026-07-01,2026-06-30T22:30:00+00:00,2026-07-01T07:15:00+00:00,565437,0.000000,21730,1c2b1e3fcdb743b28e02f35609a1e5a7919322658d1867f875b8fd2e8abb35cf,2026-10-04T00:23:44+00:00
GC_tbbo/2026/2026-07-02.dbn.zst,GC.v.0,tbbo,2026-07-02,2026-07-01T22:30:00+00:00,2026-07-02T07:15:00+00:00,496072,0.000000,19002,14e8f87bb41ef72b3497f50bfde2fa9ba761bf14c196a4f74920f1409c9c1c1a,2026-10-04T00:23:43+00:00
GC_tbbo/2026/2026-07-03.dbn.zst,GC.v.0,tbbo,2026-07-03,2026-07-02T22:30:00+00:00,2026-07-03T07:15:00+00:00,518653,0.000000,20162,7f2057406add1f524a88aef1d83c49bc44429d17974fe8162f5759b5c4d776b7,2026-10-04T00:23:43+00:00
GC_tbbo/2026/2026-07-06.dbn.zst,GC.v.0,tbbo,2026-07-06,2026-07-05T22:30:00+00:00,2026-07-06T07:15:00+00:00,530373,0.000000,20292,ecfb55e7e383ea0c6dcade029bbe4692a0d80f23c9a81fd914cb94d3557a5d9b,2026-10-04T00:23:45+00:00
GC_tbbo/2026/2026-07-07.dbn.zst,GC.v.0,tbbo,2026-07-07,2026-07-06T22:30:00+00:00,2026-07-07T07:15:00+00:00,414816,0.000000,15903,6e982e6a85f5509167d65591fb61cbd205028f07925c12ffa579a28a1cfebb78,2026-10-04T00:23:49+00:00
GC_tbbo/2026/2026-07-08.dbn.zst,GC.v.0,tbbo,2026-07-08,2026-07-07T22:30:00+00:00,2026-07-08T07:15:00+00:00,508633,0.000000,19645,7cc612782a00272c50db7a3b6e3c08d44564b6aba9a2931a96d9bbeb8e88e410,2026-10-04T00:23:45+00:00
GC_tbbo/2026/2026-07-09.dbn.zst,GC.v.0,tbbo,2026-07-09,2026-07-08T22:30:00+00:00,2026-07-09T07:15:00+00:00,524120,0.000000,20206,73e0183eee194240ffcecf75c98a36cfcdffb4c5611bea03b47a60ca49749c80,2026-10-04T00:23:46+00:00
GC_tbbo/2026/2026-07-10.dbn.zst,GC.v.0,tbbo,2026-07-10,2026-07-09T22:30:00+00:00,2026-07-10T07:15:00+00:00,376842,0.000000,14522,70c9d18709c9ca92cdd423ed828dff1aea938eb6b66677143ca944e1a6037b1b,2026-10-04T00:23:47+00:00
GC_tbbo/2026/2026-07-13.dbn.zst,GC.v.0,tbbo,2026-07-13,2026-07-12T22:30:00+00:00,2026-07-13T07:15:00+00:00,637517,0.000000,24658,ef3b13157de2953070293fabdaa6e3bac8aa108f3242145fd07abf3b2ace887e,2026-10-04T00:23:54+00:00
GC_tbbo/2026/2026-07-14.dbn.zst,GC.v.0,tbbo,2026-07-14,2026-07-13T22:30:00+00:00,2026-07-14T07:15:00+00:00,490408,0.000000,19247,645867966a569ca3935527da2a6d46b129de7a9ba7a4ed27baca30b48843b49e,2026-10-04T00:23:49+00:00
GC_tbbo/2026/2026-07-15.dbn.zst,GC.v.0,tbbo,2026-07-15,2026-07-14T22:30:00+00:00,2026-07-15T07:15:00+00:00,418862,0.000000,16176,5ee263c471187c36c83791a2f68de6d587293a3ce6a2d10d5cb9a036e419cdd7,2026-10-04T00:23:49+00:00
GC_tbbo/2026/2026-07-16.dbn.zst,GC.v.0,tbbo,2026-07-16,2026-07-15T22:30:00+00:00,2026-07-16T07:15:00+00:00,425596,0.000000,16124,f42cbb7f11b1a4bfb9a4c26e125523b33e90f40c28c3b89bc9d5c5ed544c6751,2026-10-04T00:23:50+00:00
GC_tbbo/2026/2026-07-17.dbn.zst,GC.v.0,tbbo,2026-07-17,2026-07-16T22:30:00+00:00,2026-07-17T07:15:00+00:00,514731,0.000000,19746,2da7b3764dc154725aaf5f41ad74e24589451bcbe7d9901613956b1477b81b68,2026-10-04T00:23:51+00:00
GC_tbbo/2026/2026-07-20.dbn.zst,GC.v.0,tbbo,2026-07-20,2026-07-19T22:30:00+00:00,2026-07-20T07:15:00+00:00,447124,0.000000,17284,228a7895a123cd8f48d86cc531a27732bf0083229dd61049a93bf85fab9991af,2026-10-04T00:23:52+00:00
GC_tbbo/2026/2026-07-21.dbn.zst,GC.v.0,tbbo,2026-07-21,2026-07-20T22:30:00+00:00,2026-07-21T07:15:00+00:00,651324,0.000000,25366,62e24253595729a01ee1d37f43ce5a6a3e7dca247853a6b626259af132161718,2026-10-04T00:23:55+00:00
GC_tbbo/2026/2026-07-22.dbn.zst,GC.v.0,tbbo,2026-07-22,2026-07-21T22:30:00+00:00,2026-07-22T07:15:00+00:00,610165,0.000000,23958,cb996b9b89a2e838ef85749ddd6488643fec0063a43076a8661f5aa99199f9ea,2026-10-04T00:23:55+00:00
GC_tbbo/2026/2026-07-23.dbn.zst,GC.v.0,tbbo,2026-07-23,2026-07-22T22:30:00+00:00,2026-07-23T07:15:00+00:00,494093,0.000000,18776,fc60515f2abb30af3d2dc3a816e9c05ad7544f490a7d9a55753a05523f73ad02,2026-10-04T00:23:53+00:00
GC_tbbo/2026/2026-07-24.dbn.zst,GC.v.0,tbbo,2026-07-24,2026-07-23T22:30:00+00:00,2026-07-24T07:15:00+00:00,403488,0.000000,15762,c3437165e5ab90b766fc92d046f01e3a8180c44565f465ed150a5ca67dadf770,2026-10-04T00:23:55+00:00
GC_tbbo/2026/2026-07-27.dbn.zst,GC.v.0,tbbo,2026-07-27,2026-07-26T22:30:00+00:00,2026-07-27T07:15:00+00:00,411164,0.000000,15744,ff8dfcf018f749bde9c2f84fffa0568cc0b17a5c8c5536a605af89b0ceb7c9e6,2026-10-04T00:23:55+00:00
GC_tbbo/2026/2026-07-28.dbn.zst,GC.v.0,tbbo,2026-07-28,2026-07-27T22:30:00+00:00,2026-07-28T07:15:00+00:00,361530,0.000000,13743,46356f99d59fe0c1a06a283e1c9d000b5fa54ce4e578690521f761209df17dd1,2026-10-04T00:23:56+00:00
GC_tbbo/2026/2026-07-29.dbn.zst,GC.v.0,tbbo,2026-07-29,2026-07-28T22:30:00+00:00,2026-07-29T07:15:00+00:00,115219,0.000000,4243,ba8d171f752bf04631cfddd1c58fb4adf3dc3fa1390ae1f4cc94026c314971de,2026-10-04T00:23:59+00:00
GC_tbbo/2026/2026-07-30.dbn.zst,GC.v.0,tbbo,2026-07-30,2026-07-29T22:30:00+00:00,2026-07-30T07:15:00+00:00,33510,0.000000,1369,f83890daf65caa606ed3e1767da8e882a108780ce3d9e97effb0a268ec239321,2026-10-04T00:23:57+00:00
GC_tbbo/2026/2026-07-31.dbn.zst,GC.v.0,tbbo,2026-07-31,2026-07-30T22:30:00+00:00,2026-07-31T07:15:00+00:00,322122,0.000000,12553,b1ac5056ef737e146f6e065f688f4c039da8213cff3e073f846abb65397ed4d9,2026-10-04T00:24:00+00:00
GC_tbbo/2026/2026-08-03.dbn.zst,GC.v.0,tbbo,2026-08-03,2026-08-02T22:30:00+00:00,2026-08-03T07:15:00+00:00,449553,0.000000,16813,486941f7a468f6643819c3e263c5490291c8a8e10acaa3655c2f8e7fb228bd73,2026-10-04T00:24:00+00:00
GC_tbbo/2026/2026-08-04.dbn.zst,GC.v.0,tbbo,2026-08-04,2026-08-03T22:30:00+00:00,2026-08-04T07:15:00+00:00,403262,0.000000,15439,17b535189da464a426bc8803d5a17f12e6d0af86d1d506dfd2573a16b6caf519,2026-10-04T00:23:59+00:00
GC_tbbo/2026/2026-08-05.dbn.zst,GC.v.0,tbbo,2026-08-05,2026-08-04T22:30:00+00:00,2026-08-05T07:15:00+00:00,976563,0.000000,38280,a40e9325d2d05e678e57537f57ad5a7b126450afd4f0bdc461028f4de2f1a7a0,2026-10-04T00:24:02+00:00
GC_tbbo/2026/2026-08-06.dbn.zst,GC.v.0,tbbo,2026-08-06,2026-08-05T22:30:00+00:00,2026-08-06T07:15:00+00:00,932890,0.000000,35878,0f415ade23ac1fbf365cdad8efc357676c989f73c9a105a422f8c12777b7e742,2026-10-04T00:24:16+00:00
GC_tbbo/2026/2026-08-07.dbn.zst,GC.v.0,tbbo,2026-08-07,2026-08-06T22:30:00+00:00,2026-08-07T07:15:00+00:00,626977,0.000000,24618,791c15d8e4c03204081140924965c15a21f2a64289d795d75966453a85585c3f,2026-10-04T00:24:02+00:00
GC_tbbo/2026/2026-08-10.dbn.zst,GC.v.0,tbbo,2026-08-10,2026-08-09T22:30:00+00:00,2026-08-10T07:15:00+00:00,550506,0.000000,21461,7a1f03ea24163d8a231fe824b80c705d292425b3891dd0283a6dc915c4e5fa3b,2026-10-04T00:24:02+00:00
GC_tbbo/2026/2026-08-11.dbn.zst,GC.v.0,tbbo,2026-08-11,2026-08-10T22:30:00+00:00,2026-08-11T07:15:00+00:00,805573,0.000000,31530,eb83da7dc4b1717fe6e9718771c7414a940ecfed37a70517e8dffbaa1266e16d,2026-10-04T00:24:10+00:00
GC_tbbo/2026/2026-08-12.dbn.zst,GC.v.0,tbbo,2026-08-12,2026-08-11T22:30:00+00:00,2026-08-12T07:15:00+00:00,634356,0.000000,24398,6b4850b44cefb1793e2af0e76e2c710c7b100a9f612669340adecc57fe715921,2026-10-04T00:24:03+00:00
GC_tbbo/2026/2026-08-13.dbn.zst,GC.v.0,tbbo,2026-08-13,2026-08-12T22:30:00+00:00,2026-08-13T07:15:00+00:00,694081,0.000000,27304,7ce5ef612a1efcfe71cc868f13e2ffd4cdbcf2c30e8b2058584d48202bdba06c,2026-10-04T00:24:06+00:00
GC_tbbo/2026/2026-08-14.dbn.zst,GC.v.0,tbbo,2026-08-14,2026-08-13T22:30:00+00:00,2026-08-14T07:15:00+00:00,697783,0.000000,27460,473ad38d47b6ff611d4c1508fbb7080dfdae19fedd1886a87144c1165f6b0077,2026-10-04T00:24:08+00:00
GC_tbbo/2026/2026-08-17.dbn.zst,GC.v.0,tbbo,2026-08-17,2026-08-16T22:30:00+00:00,2026-08-17T07:15:00+00:00,567201,0.000000,21689,c8253d7c4e8b299849ee0bd6093199e3dcd23f820a8bdf10134e9b9d8fd3312b,2026-10-04T00:24:09+00:00
GC_tbbo/2026/2026-08-18.dbn.zst,GC.v.0,tbbo,2026-08-18,2026-08-17T22:30:00+00:00,2026-08-18T07:15:00+00:00,568554,0.000000,21981,41ec9f444a36c39ecdc32e61f961ab9867c990ecad62dc75b58cae4772c58ceb,2026-10-04T00:24:08+00:00
GC_tbbo/2026/2026-08-19.dbn.zst,GC.v.0,tbbo,2026-08-19,2026-08-18T22:30:00+00:00,2026-08-19T07:15:00+00:00,700210,0.000000,26863,6d356dbdfe3c80182b7a9b5e026911bfa73e7785e6e8fe4623c3a5801be8de62,2026-10-04T00:24:08+00:00
GC_tbbo/2026/2026-08-20.dbn.zst,GC.v.0,tbbo,2026-08-20,2026-08-19T22:30:00+00:00,2026-08-20T07:15:00+00:00,680803,0.000000,25964,2cacd4864c1a0755e6d07edfb9420234a6cb6ca67d9003ac5525cee69c7b29a6,2026-10-04T00:24:09+00:00
GC_tbbo/2026/2026-08-21.dbn.zst,GC.v.0,tbbo,2026-08-21,2026-08-20T22:30:00+00:00,2026-08-21T07:15:00+00:00,754775,0.000000,29137,8a6a50a42c4d3d25e766f94157d30c2bfcf5204153d6a8f73daa1359b3714438,2026-10-04T00:24:11+00:00
GC_tbbo/2026/2026-08-24.dbn.zst,GC.v.0,tbbo,2026-08-24,2026-08-23T22:30:00+00:00,2026-08-24T07:15:00+00:00,948049,0.000000,36018,adbab195a7e502f963a46ef2eb161e563d3ecbaf1b1637785351cffb87acdc6b,2026-10-04T00:24:13+00:00
GC_tbbo/2026/2026-08-25.dbn.zst,GC.v.0,tbbo,2026-08-25,2026-08-24T22:30:00+00:00,2026-08-25T07:15:00+00:00,931457,0.000000,36521,2e4ea8f12299d5cfda9395658df623f4bc74ec74f038792aabb14a3d85eb9f87,2026-10-04T00:24:13+00:00
GC_tbbo/2026/2026-08-26.dbn.zst,GC.v.0,tbbo,2026-08-26,2026-08-25T22:30:00+00:00,2026-08-26T07:15:00+00:00,640701,0.000000,24644,8480a8aad241a346a51debea63f8f91277122f315687c8e1f699b7e3d759cbef,2026-10-04T00:24:16+00:00
GC_tbbo/2026/2026-08-27.dbn.zst,GC.v.0,tbbo,2026-08-27,2026-08-26T22:30:00+00:00,2026-08-27T07:15:00+00:00,703765,0.000000,26988,432849dc89df45accfb9a21e86de0e2d7a3224b519d5839787832e6f4f0c2061,2026-10-04T00:24:19+00:00
GC_tbbo/2026/2026-08-28.dbn.zst,GC.v.0,tbbo,2026-08-28,2026-08-27T22:30:00+00:00,2026-08-28T07:15:00+00:00,533309,0.000000,20178,7ddd0fa6484c427183f63b2ad6a107c31c296fbb2dd7fc5751cfed139077c411,2026-10-04T00:24:21+00:00
GC_tbbo/2026/2026-08-31.dbn.zst,GC.v.0,tbbo,2026-08-31,2026-08-30T22:30:00+00:00,2026-08-31T07:15:00+00:00,929029,0.000000,35414,4635eb189d7a380176d0452329b47cd58aae40a5424c2a2d8409c0a3c574b541,2026-10-04T00:24:26+00:00
GC_tbbo/2026/2026-09-01.dbn.zst,GC.v.0,tbbo,2026-09-01,2026-08-31T22:30:00+00:00,2026-09-01T07:15:00+00:00,544636,0.000000,20224,e5bc295577beaf2e21ca6317d9c5906376d01250036fb067104b78fc28ba1987,2026-10-04T00:24:20+00:00
GC_tbbo/2026/2026-09-02.dbn.zst,GC.v.0,tbbo,2026-09-02,2026-09-01T22:30:00+00:00,2026-09-02T07:15:00+00:00,1011681,0.000000,39168,e9a6506c41688f94d838bfa674ac9e0019b94d5ba567247183a7496589472f07,2026-10-04T00:24:21+00:00
GC_tbbo/2026/2026-09-03.dbn.zst,GC.v.0,tbbo,2026-09-03,2026-09-02T22:30:00+00:00,2026-09-03T07:15:00+00:00,879621,0.000000,33428,ee30005870b4c7115c8aa739ddbabee98e620f8412c3352be6b8e2887fc421d5,2026-10-04T00:24:21+00:00
GC_tbbo/2026/2026-09-04.dbn.zst,GC.v.0,tbbo,2026-09-04,2026-09-03T22:30:00+00:00,2026-09-04T07:15:00+00:00,595406,0.000000,22630,45e7ff0aa406ef3fadeea6473c6ed1ee3c86091a84cf22feb2f9b7348dddd6b8,2026-10-04T00:24:23+00:00
GC_tbbo/2026/2026-09-07.dbn.zst,GC.v.0,tbbo,2026-09-07,2026-09-06T22:30:00+00:00,2026-09-07T07:15:00+00:00,511490,0.000000,19568,c287a693048db438573a7eaa8ac30d81c6ec96b3c6b19ea5245a1e022e8d77aa,2026-10-04T00:24:22+00:00
GC_tbbo/2026/2026-09-08.dbn.zst,GC.v.0,tbbo,2026-09-08,2026-09-07T22:30:00+00:00,2026-09-08T07:15:00+00:00,629549,0.000000,24399,293e47f62e75cc6d59688f2156edf428d2feeaa329b3969dea7bb4bee953a315,2026-10-04T00:24:25+00:00
GC_tbbo/2026/2026-09-09.dbn.zst,GC.v.0,tbbo,2026-09-09,2026-09-08T22:30:00+00:00,2026-09-09T07:15:00+00:00,618679,0.000000,24268,22390fdb7071fc0d591720989a6deec866781e924ff94ff84369cd07e14078dc,2026-10-04T00:24:28+00:00
GC_tbbo/2026/2026-09-10.dbn.zst,GC.v.0,tbbo,2026-09-10,2026-09-09T22:30:00+00:00,2026-09-10T07:15:00+00:00,653868,0.000000,25913,d0e6fb69c0390c0001a2cb73decabffe518b4d2e5e37e69043e807fab3095fb9,2026-10-04T00:24:26+00:00
GC_tbbo/2026/2026-09-11.dbn.zst,GC.v.0,tbbo,2026-09-11,2026-09-10T22:30:00+00:00,2026-09-11T07:15:00+00:00,791193,0.000000,30152,31759e15d63a583f7597343710fc846bc8f4d363287ad75327cac9bf86075e7d,2026-10-04T00:24:26+00:00
GC_tbbo/2026/2026-09-14.dbn.zst,GC.v.0,tbbo,2026-09-14,2026-09-13T22:30:00+00:00,2026-09-14T07:15:00+00:00,583485,0.000000,21829,ff300263fffdfc87bb5919c8f33d55c564714d383cc46daf7aaa3008fd002bd7,2026-10-04T00:24:30+00:00
GC_tbbo/2026/2026-09-15.dbn.zst,GC.v.0,tbbo,2026-09-15,2026-09-14T22:30:00+00:00,2026-09-15T07:15:00+00:00,686859,0.000000,27102,cdfd73df93ba0dfae5924bde2f9eee2602ae1ba074c3116d8562951b14492b33,2026-10-04T00:24:26+00:00
GC_tbbo/2026/2026-09-16.dbn.zst,GC.v.0,tbbo,2026-09-16,2026-09-15T22:30:00+00:00,2026-09-16T07:15:00+00:00,791995,0.000000,31213,2e1e2430b8f8ae7f2768977b01edd804f4aae9f9cd46d709c70c85a69b98dba7,2026-10-04T00:24:32+00:00
GC_tbbo/2026/2026-09-17.dbn.zst,GC.v.0,tbbo,2026-09-17,2026-09-16T22:30:00+00:00,2026-09-17T07:15:00+00:00,879962,0.000000,34234,b699594534bcb59fea13be39e6de51f40729df611639968274c831e2ad8b4696,2026-10-04T00:24:30+00:00
GC_tbbo/2026/2026-09-18.dbn.zst,GC.v.0,tbbo,2026-09-18,2026-09-17T22:30:00+00:00,2026-09-18T07:15:00+00:00,756329,0.000000,29874,435cf3506b673cca7052323e9ceeeedb519cc71cf58a72fa3d01fe7806e28f73,2026-10-04T00:24:31+00:00
