bar,date,year,era,members,entries,exits,gross_bp,cost_bp,net_PUB_bp,net_PB_bp,equity_gross_bp,equity_net_PUB_bp,market_bp
1001,2013-12-24,2013,1,28,28,0,-4.86370798,0.7746539,-5.63836188,-5.18275128,-4.863708,-5.638362,42.37463799
1002,2013-12-26,2013,1,28,1,1,38.44342648,0.7746539,37.66877258,38.12438318,33.579719,32.030411,18.06091543
1003,2013-12-27,2013,1,30,2,0,-113.01280209,0.7746539,-113.78745599,-113.33184539,-79.433084,-81.757045,10.13385426
1004,2013-12-30,2013,1,31,1,0,4.66810338,0.7746539,3.89344948,4.34906008,-74.76498,-77.863596,19.87145696
1005,2013-12-31,2013,1,33,2,0,-31.12233454,0.7746539,-31.89698844,-31.44137784,-105.887315,-109.760584,41.52543705
1006,2014-01-02,2014,1,34,1,0,146.24440857,0.7746539,145.46975466,145.92536526,40.357094,35.70917,-92.40416099
1007,2014-01-03,2014,1,35,1,0,11.49150009,0.7746539,10.71684619,11.17245679,51.848594,46.426017,12.80071166
1008,2014-01-06,2014,1,35,0,0,18.63455749,0.7746539,17.85990359,18.31551419,70.483151,64.28592,-51.63223147
1009,2014-01-07,2014,1,37,2,0,-17.23946048,0.7746539,-18.01411438,-17.55850378,53.243691,46.271806,83.55772106
1010,2014-01-08,2014,1,38,1,0,148.03977262,0.7746539,147.26511871,147.72072931,201.283464,193.536925,15.20156553
1011,2014-01-09,2014,1,37,0,1,-32.90715922,0.7746539,-33.68181312,-33.22620252,168.376304,159.855111,47.50324398
1012,2014-01-10,2014,1,36,0,1,-5.62083612,0.7746539,-6.39549002,-5.93987942,162.755468,153.459621,66.30116723
1013,2014-01-13,2014,1,36,0,0,-92.61920023,0.7746539,-93.39385413,-92.93824353,70.136268,60.065767,-138.00564495
1014,2014-01-14,2014,1,36,1,1,53.49920638,0.7746539,52.72455248,53.18016308,123.635474,112.79032,112.29354453
1015,2014-01-15,2014,1,37,1,0,-31.83124251,0.7746539,-32.60589641,-32.15028581,91.804232,80.184423,66.71495116
1016,2014-01-16,2014,1,38,1,0,-95.22859859,0.7746539,-96.00325249,-95.54764189,-3.424367,-15.818829,-1.73879957
1017,2014-01-17,2014,1,39,1,0,-0.41232901,0.7746539,-1.18698291,-0.73137231,-3.836696,-17.005812,-37.18234154
1018,2014-01-21,2014,1,39,0,0,78.44025704,0.7746539,77.66560314,78.12121374,74.603561,60.659791,47.04172367
1019,2014-01-22,2014,1,40,1,0,33.56475893,0.7746539,32.79010503,33.24571563,108.16832,93.449896,45.49119354
1020,2014-01-23,2014,1,41,1,0,-23.28676111,0.7746539,-24.06141501,-23.60580441,84.881559,69.388481,-97.24357094
1021,2014-01-24,2014,1,41,0,0,-90.46435998,0.7746539,-91.23901388,-90.78340328,-5.582801,-21.850533,-237.76850004
1022,2014-01-27,2014,1,43,2,0,-34.79181684,0.7746539,-35.56647074,-35.11086014,-40.374618,-57.417004,-98.17006374
1023,2014-01-28,2014,1,43,0,0,43.12809995,0.7746539,42.35344605,42.80905665,2.753482,-15.063557,103.8442249
1024,2014-01-29,2014,1,43,0,0,-17.24261103,0.7746539,-18.01726493,-17.56165433,-14.489129,-33.080822,-107.24605061
1025,2014-01-30,2014,1,44,1,0,38.10635697,0.7746539,37.33170307,37.78731367,23.617228,4.250881,117.62033814
1026,2014-01-31,2014,1,44,0,0,38.35933964,0.7746539,37.58468574,38.04029634,61.976568,41.835566,-46.65646215
1027,2014-02-03,2014,1,43,0,1,-88.45028953,0.7746539,-89.22494343,-88.76933283,-26.473722,-47.389377,-269.47583763
1028,2014-02-04,2014,1,44,1,0,-10.19004794,0.7746539,-10.96470185,-10.50909125,-36.66377,-58.354079,86.29792373
1029,2014-02-05,2014,1,45,1,0,-24.53281044,0.7746539,-25.30746434,-24.85185374,-61.19658,-83.661543,-32.84899084
1030,2014-02-06,2014,1,46,1,0,-116.57165061,0.7746539,-117.34630451,-116.89069391,-177.768231,-201.007848,130.583849
1031,2014-02-07,2014,1,46,0,0,89.84664241,0.7746539,89.07198851,89.52759911,-87.921588,-111.935859,117.83718443
1032,2014-02-10,2014,1,47,1,0,72.03821972,0.7746539,71.26356582,71.71917642,-15.883369,-40.672293,18.4734926
1033,2014-02-11,2014,1,47,0,0,-31.13733546,0.7746539,-31.91198936,-31.45637876,-47.020704,-72.584283,101.77895349
1034,2014-02-12,2014,1,48,1,0,8.170636,0.7746539,7.3959821,7.8515927,-38.850068,-65.188301,33.47063241
1035,2014-02-13,2014,1,48,0,0,35.43639122,0.7746539,34.66173731,35.11734791,-3.413677,-30.526563,83.45110247
1036,2014-02-14,2014,1,47,0,1,-32.69549173,0.7746539,-33.47014563,-33.01453503,-36.109169,-63.996709,26.3195876
1037,2014-02-18,2014,1,47,0,0,125.48009246,0.7746539,124.70543856,125.16104916,89.370924,60.70873,65.74030357
1038,2014-02-19,2014,1,46,0,1,6.34955644,0.7746539,5.57490254,6.03051314,95.72048,66.283632,-66.12950561
1039,2014-02-20,2014,1,46,0,0,101.90756386,0.7746539,101.13290996,101.58852056,197.628044,167.416542,72.9550256
1040,2014-02-21,2014,1,46,0,0,-25.67903339,0.7746539,-26.45368729,-25.99807669,171.949011,140.962855,9.72436969
1041,2014-02-24,2014,1,45,0,1,58.54599027,0.7746539,57.77133637,58.22694697,230.495001,198.734191,64.45822848
1042,2014-02-25,2014,1,45,0,0,48.60055837,0.7746539,47.82590447,48.28151507,279.095559,246.560096,-7.36939439
1043,2014-02-26,2014,1,46,1,0,-55.84445932,0.7746539,-56.61911322,-56.16350262,223.2511,189.940982,41.11789428
1044,2014-02-27,2014,1,46,0,0,-9.0483756,0.7746539,-9.8230295,-9.3674189,214.202725,180.117953,52.2417858
1045,2014-02-28,2014,1,46,0,0,-48.13862614,0.7746539,-48.91328004,-48.45766945,166.064098,131.204673,-9.68568768
1046,2014-03-03,2014,1,47,1,0,-1.78909837,0.7746539,-2.56375227,-2.10814167,164.275,128.640921,-51.796719
1047,2014-03-04,2014,1,47,1,1,122.13709437,0.7746539,121.36244047,121.81805107,286.412094,250.003361,183.0172783
1048,2014-03-05,2014,1,48,1,0,-37.11353975,0.7746539,-37.88819365,-37.43258305,249.298555,212.115167,2.33848195
1049,2014-03-06,2014,1,48,0,0,2.33212509,0.7746539,1.55747119,2.01308179,251.63068,213.672639,17.06905333
1050,2014-03-07,2014,1,48,0,0,-29.5117139,0.7746539,-30.28636781,-29.83075721,222.118966,183.386271,-15.58884325
1051,2014-03-10,2014,1,48,0,0,5.15654583,0.7746539,4.38189193,4.83750253,227.275512,187.768163,-44.29744176
1052,2014-03-11,2014,1,50,2,0,-67.77133852,0.7746539,-68.54599242,-68.09038182,159.504173,119.22217,-72.08521938
1053,2014-03-12,2014,1,50,0,0,0.36078514,0.7746539,-0.41386876,0.04174184,159.864958,118.808302,20.9924532
1054,2014-03-13,2014,1,50,0,0,-34.48700396,0.7746539,-35.26165786,-34.80604726,125.377954,83.546644,-113.0572701
1055,2014-03-14,2014,1,49,0,1,41.6459861,0.7746539,40.8713322,41.3269428,167.02394,124.417976,19.01503363
1056,2014-03-17,2014,1,49,0,0,-24.76325237,0.7746539,-25.53790627,-25.08229567,142.260688,98.88007,63.35377428
1057,2014-03-18,2014,1,49,0,0,50.10147715,0.7746539,49.32682325,49.78243385,192.362165,148.206893,97.7481014
1058,2014-03-19,2014,1,49,0,0,-20.08961528,0.7746539,-20.86426918,-20.40865858,172.27255,127.342624,-73.47387095
1059,2014-03-20,2014,1,49,0,0,-15.68916383,0.7746539,-16.46381773,-16.00820713,156.583386,110.878806,16.2807285
1060,2014-03-21,2014,1,48,0,1,-56.90899755,0.7746539,-57.68365145,-57.22804085,99.674389,53.195154,-33.14186955
1061,2014-03-24,2014,1,47,1,2,-39.75320783,0.7746539,-40.52786174,-40.07225114,59.921181,12.667293,-97.31617642
1062,2014-03-25,2014,1,47,0,0,-21.23731503,0.7746539,-22.01196893,-21.55635833,38.683866,-9.344676,2.26543979
1063,2014-03-26,2014,1,47,0,0,-2.26885863,0.7746539,-3.04351253,-2.58790193,36.415007,-12.388189,-116.6654563
1064,2014-03-27,2014,1,47,0,0,-35.52219753,0.7746539,-36.29685143,-35.84124083,0.89281,-48.68504,-9.05929109
1065,2014-03-28,2014,1,47,0,0,-23.16773026,0.7746539,-23.94238416,-23.48677356,-22.274921,-72.627424,47.70948957
1066,2014-03-31,2014,1,46,0,1,94.9096539,0.7746539,94.135,94.5906106,72.634733,21.507576,135.86686896
1067,2014-04-01,2014,1,46,0,0,127.88735099,0.7746539,127.11269709,127.56830769,200.522084,148.620273,106.81006692
1068,2014-04-02,2014,1,46,0,0,-27.11339991,0.7746539,-27.88805381,-27.43244321,173.408684,120.732219,30.94010168
1069,2014-04-03,2014,1,47,1,0,-102.65130888,0.7746539,-103.42596278,-102.97035218,70.757375,17.306256,-69.01317112
1070,2014-04-04,2014,1,47,0,0,-169.37907557,0.7746539,-170.15372947,-169.69811887,-98.6217,-152.847473,-150.05627393
1071,2014-04-07,2014,1,47,0,0,-65.10764958,0.7746539,-65.88230348,-65.42669288,-163.72935,-218.729777,-140.35103518
1072,2014-04-08,2014,1,47,0,0,6.44659057,0.7746539,5.67193667,6.12754727,-157.282759,-213.05784,72.43408847
1073,2014-04-09,2014,1,46,0,1,134.67669941,0.7746539,133.90204551,134.35765611,-22.60606,-79.155795,121.15659936
1074,2014-04-10,2014,1,46,0,0,-95.34101167,0.7746539,-96.11566557,-95.66005497,-117.947071,-175.27146,-221.93696416
1075,2014-04-11,2014,1,44,0,2,-96.17510093,0.7746539,-96.94975483,-96.49414423,-214.122172,-272.221215,-132.65304876
1076,2014-04-14,2014,1,43,0,1,-24.30768525,0.7746539,-25.08233915,-24.62672855,-238.429858,-297.303554,49.78622521
1077,2014-04-15,2014,1,43,0,0,14.86779621,0.7746539,14.09314231,14.54875291,-223.562061,-283.210412,40.28450564
1078,2014-04-16,2014,1,43,0,0,102.89355242,0.7746539,102.11889852,102.57450912,-120.668509,-181.091513,107.6420086
1079,2014-04-17,2014,1,43,0,0,4.08194152,0.7746539,3.30728762,3.76289822,-116.586567,-177.784226,33.06846908
1080,2014-04-21,2014,1,42,0,1,98.600407,0.7746539,97.8257531,98.2813637,-17.98616,-79.958473,33.77934153
1081,2014-04-22,2014,1,44,2,0,88.81436897,0.7746539,88.03971507,88.49532567,70.828209,8.081242,98.63113366
1082,2014-04-23,2014,1,44,0,0,17.29834939,0.7746539,16.52369549,16.97930609,88.126558,24.604938,-40.7018596
1083,2014-04-24,2014,1,44,0,0,-44.21408077,0.7746539,-44.98873467,-44.53312407,43.912477,-20.383797,-11.64173439
1084,2014-04-25,2014,1,45,1,0,-105.01201875,0.7746539,-105.78667265,-105.33106205,-61.099542,-126.170469,-147.27163819
1085,2014-04-28,2014,1,45,0,0,-149.95074986,0.7746539,-150.72540376,-150.26979317,-211.050291,-276.895873,-30.72713038
1086,2014-04-29,2014,1,44,0,1,128.91199037,0.7746539,128.13733647,128.59294707,-82.138301,-148.758537,61.43655566
1087,2014-04-30,2014,1,44,1,1,70.8691611,0.7746539,70.09450719,70.55011779,-11.26914,-78.664029,26.25098671
1088,2014-05-01,2014,1,44,0,0,51.93295132,0.7746539,51.15829742,51.61390802,40.663811,-27.505732,27.42012215
1089,2014-05-02,2014,1,44,0,0,-2.96532541,0.7746539,-3.73997931,-3.28436871,37.698486,-31.245711,17.2030451
1090,2014-05-05,2014,1,43,0,1,26.65876038,0.7746539,25.88410648,26.33971708,64.357246,-5.361605,-12.80586746
1091,2014-05-06,2014,1,43,0,0,-66.20183896,0.7746539,-66.97649286,-66.52088226,-1.844593,-72.338098,-112.48444188
1092,2014-05-07,2014,1,43,1,1,-11.05632592,0.7746539,-11.83097982,-11.37536922,-12.900919,-84.169078,3.53373745
1093,2014-05-08,2014,1,43,0,0,-187.03100375,0.7746539,-187.80565765,-187.35004705,-199.931922,-271.974735,-48.0224424
1094,2014-05-09,2014,1,42,0,1,4.14195896,0.7746539,3.36730506,3.82291566,-195.789963,-268.60743,36.48004881
1095,2014-05-12,2014,1,43,1,0,120.02595491,0.7746539,119.25130101,119.70691161,-75.764008,-149.356129,159.40914956
1096,2014-05-13,2014,1,45,2,0,-8.39858054,0.7746539,-9.17323444,-8.71762384,-84.162589,-158.529364,-46.17148387
1097,2014-05-14,2014,1,46,2,1,-61.65152922,0.7746539,-62.42618312,-61.97057252,-145.814118,-220.955547,-65.37270798
1098,2014-05-15,2014,1,46,0,0,-60.52976467,0.7746539,-61.30441857,-60.84880797,-206.343883,-282.259965,-76.43677477
1099,2014-05-16,2014,1,44,0,2,16.37909708,0.7746539,15.60444318,16.06005378,-189.964786,-266.655522,47.7386217
1100,2014-05-19,2014,1,43,0,1,77.88680456,0.7746539,77.11215066,77.56776126,-112.077981,-189.543371,58.8634568
1101,2014-05-20,2014,1,44,1,0,-21.79573235,0.7746539,-22.57038625,-22.11477565,-133.873714,-212.113758,-90.23399591
1102,2014-05-21,2014,1,44,0,0,43.46852739,0.7746539,42.69387349,43.14948409,-90.405186,-169.419884,74.72661973
1103,2014-05-22,2014,1,43,0,1,59.01449263,0.7746539,58.23983873,58.69544933,-31.390694,-111.180045,54.40512582
1104,2014-05-23,2014,1,43,1,1,47.10284739,0.7746539,46.32819349,46.78380409,15.712154,-64.851852,63.35803103
1105,2014-05-27,2014,1,43,0,0,65.82282235,0.7746539,65.04816845,65.50377905,81.534976,0.196316,75.99616655
1106,2014-05-28,2014,1,44,1,0,21.86448628,0.7746539,21.08983238,21.54544298,103.399462,21.286149,-27.94500638
1107,2014-05-29,2014,1,44,0,0,25.12790881,0.7746539,24.35325491,24.80886551,128.527371,45.639404,51.60821772
1108,2014-05-30,2014,1,44,0,0,-28.01894853,0.7746539,-28.79360243,-28.33799184,100.508423,16.845801,-21.63866448
1109,2014-06-02,2014,1,45,1,0,9.01593728,0.7746539,8.24128338,8.69689398,109.52436,25.087085,0.20173855
1110,2014-06-03,2014,1,44,0,1,4.96714381,0.7746539,4.19248991,4.64810051,114.491504,29.279575,4.69077329
1111,2014-06-04,2014,1,44,0,0,95.28508691,0.7746539,94.51043301,94.96604361,209.776591,123.790008,54.45048356
1112,2014-06-05,2014,1,46,2,0,25.78285997,0.7746539,25.00820607,25.46381667,235.559451,148.798214,112.85582616
1113,2014-06-06,2014,1,44,0,2,22.60199215,0.7746539,21.82733825,22.28294885,258.161443,170.625552,79.12503923
1114,2014-06-09,2014,1,44,1,1,57.52734282,0.7746539,56.75268892,57.20829952,315.688786,227.378241,48.11680046
1115,2014-06-10,2014,1,44,1,1,-41.95402938,0.7746539,-42.72868328,-42.27307268,273.734756,184.649558,-11.14114039
1116,2014-06-11,2014,1,45,1,0,6.64503158,0.7746539,5.87037767,6.32598827,280.379788,190.519935,-29.2445077
1117,2014-06-12,2014,1,45,0,0,-87.95050668,0.7746539,-88.72516058,-88.26954998,192.429281,101.794775,-42.51663837
1118,2014-06-13,2014,1,45,0,0,7.98950547,0.7746539,7.21485157,7.67046217,200.418787,109.009626,36.97474774
1119,2014-06-16,2014,1,46,1,0,43.34207716,0.7746539,42.56742326,43.02303386,243.760864,151.57705,27.583692
1120,2014-06-17,2014,1,46,0,0,19.68343335,0.7746539,18.90877945,19.36439005,263.444297,170.485829,56.15825893
1121,2014-06-18,2014,1,44,0,2,-35.68013694,0.7746539,-36.45479084,-35.99918024,227.76416,134.031038,63.4797433
1122,2014-06-19,2014,1,45,1,0,-9.59326012,0.7746539,-10.36791403,-9.91230343,218.1709,123.663124,19.4345334
1123,2014-06-20,2014,1,46,2,1,42.21786697,0.7746539,41.44321307,41.89882367,260.388767,165.106337,22.55251151
1124,2014-06-23,2014,1,46,0,0,-48.54794784,0.7746539,-49.32260174,-48.86699114,211.840819,115.783735,-2.17705538
1125,2014-06-24,2014,1,49,3,0,-48.32600771,0.7746539,-49.10066161,-48.64505101,163.514812,66.683074,-83.18622831
1126,2014-06-25,2014,1,48,0,1,57.32193124,0.7746539,56.54727733,57.00288793,220.836743,123.230351,64.56070486
1127,2014-06-26,2014,1,48,0,0,34.82246764,0.7746539,34.04781374,34.50342434,255.65921,157.278165,3.98581161
1128,2014-06-27,2014,1,48,0,0,-13.56177516,0.7746539,-14.33642906,-13.88081846,242.097435,142.941736,35.89413573
1129,2014-06-30,2014,1,48,0,0,36.76971022,0.7746539,35.99505632,36.45066692,278.867145,178.936792,39.16073091
1130,2014-07-01,2014,1,50,2,0,68.7618657,0.7746539,67.9872118,68.4428224,347.629011,246.924004,66.01092213
1131,2014-07-02,2014,1,50,0,0,-25.48624313,0.7746539,-26.26089703,-25.80528643,322.142768,220.663107,-31.80499616
1132,2014-07-03,2014,1,50,0,0,30.44313278,0.7746539,29.66847888,30.12408948,352.585901,250.331586,41.66475601
1133,2014-07-07,2014,1,52,2,0,-64.45048546,0.7746539,-65.22513936,-64.76952876,288.135415,185.106446,-111.05938682
1134,2014-07-08,2014,1,53,1,0,-52.60716139,0.7746539,-53.38181529,-52.92620469,235.528254,131.724631,-97.95842472
1135,2014-07-09,2014,1,54,1,0,96.45854976,0.7746539,95.68389586,96.13950646,331.986804,227.408527,36.7492857
1136,2014-07-10,2014,1,54,0,0,-16.17124882,0.7746539,-16.94590272,-16.49029212,315.815555,210.462624,-67.68896324
1137,2014-07-11,2014,1,55,1,0,17.57079087,0.7746539,16.79613696,17.25174756,333.386346,227.258761,5.00095092
1138,2014-07-14,2014,1,54,0,1,11.42781937,0.7746539,10.65316547,11.10877607,344.814165,237.911927,33.26817148
1139,2014-07-15,2014,1,53,0,1,-90.20292556,0.7746539,-90.97757947,-90.52196887,254.61124,146.934347,-54.71936692
1140,2014-07-16,2014,1,53,1,1,-6.88045275,0.7746539,-7.65510666,-7.19949606,247.730787,139.279241,22.62897054
1141,2014-07-17,2014,1,53,0,0,-82.09149454,0.7746539,-82.86614844,-82.41053784,165.639292,56.413092,-110.90742
1142,2014-07-18,2014,1,53,0,0,131.47439709,0.7746539,130.69974319,131.15535379,297.113689,187.112835,119.95789758
1143,2014-07-21,2014,1,53,0,0,2.5952066,0.7746539,1.8205527,2.2761633,299.708896,188.933388,-27.47079698
1144,2014-07-22,2014,1,52,0,1,50.38203398,0.7746539,49.60738008,50.06299068,350.09093,238.540768,66.80385377
1145,2014-07-23,2014,1,52,0,0,4.11648762,0.7746539,3.34183372,3.79744432,354.207418,241.882602,12.4348113
1146,2014-07-24,2014,1,52,0,0,21.73290373,0.7746539,20.95824983,21.41386043,375.940321,262.840852,-1.75508244
1147,2014-07-25,2014,1,52,0,0,-52.86933788,0.7746539,-53.64399178,-53.18838118,323.070983,209.19686,-58.06185125
1148,2014-07-28,2014,1,52,0,0,-44.77890257,0.7746539,-45.55355647,-45.09794587,278.292081,163.643303,-24.2790594
1149,2014-07-29,2014,1,52,0,0,110.42928897,0.7746539,109.65463507,110.11024567,388.72137,273.297939,-18.51242037
1150,2014-07-30,2014,1,52,1,1,41.74937993,0.7746539,40.97472603,41.43033662,430.47075,314.272665,20.06265118
1151,2014-07-31,2014,1,52,0,0,-189.88900694,0.7746539,-190.66366084,-190.20805024,240.581743,123.609004,-199.46603482
1152,2014-08-01,2014,1,51,0,1,29.21818252,0.7746539,28.44352862,28.89913922,269.799925,152.052532,-26.60200996
1153,2014-08-04,2014,1,51,0,0,7.70380856,0.7746539,6.92915466,7.38476526,277.503734,158.981687,70.75779562
1154,2014-08-05,2014,1,52,1,0,-46.41163043,0.7746539,-47.18628433,-46.73067373,231.092103,111.795403,-53.80945374
1155,2014-08-06,2014,1,51,0,1,-1.81466953,0.7746539,-2.58932343,-2.13371283,229.277434,109.206079,5.75502767
1156,2014-08-07,2014,1,50,0,1,-24.401748,0.7746539,-25.1764019,-24.7207913,204.875686,84.029677,-56.28873075
1157,2014-08-08,2014,1,49,0,1,8.10986615,0.7746539,7.33521224,7.79082284,212.985552,91.36489,99.48742369
1158,2014-08-11,2014,1,49,0,0,5.11428637,0.7746539,4.33963247,4.79524307,218.099838,95.704522,77.12543983
1159,2014-08-12,2014,1,49,0,0,-11.57897753,0.7746539,-12.35363143,-11.89802083,206.520861,83.350891,-42.7255411
1160,2014-08-13,2014,1,48,0,1,8.77428461,0.7746539,7.99963071,8.4552413,215.295146,91.350521,64.09260218
1161,2014-08-14,2014,1,47,0,1,-10.90458215,0.7746539,-11.67923605,-11.22362545,204.390563,79.671285,29.30678699
1162,2014-08-15,2014,1,48,2,1,4.82652805,0.7746539,4.05187415,4.50748475,209.217091,83.723159,-1.99712263
1163,2014-08-18,2014,1,47,0,1,45.05229971,0.7746539,44.27764581,44.73325641,254.269391,128.000805,105.91383659
1164,2014-08-19,2014,1,47,1,1,-7.47257131,0.7746539,-8.24722521,-7.79161461,246.79682,119.75358,47.79002112
1165,2014-08-20,2014,1,47,0,0,-18.31327766,0.7746539,-19.08793156,-18.63232096,228.483542,100.665648,7.60682001
1166,2014-08-21,2014,1,46,0,1,-37.7931678,0.7746539,-38.5678217,-38.1122111,190.690374,62.097827,19.03054367
1167,2014-08-22,2014,1,46,0,0,48.91737388,0.7746539,48.14271997,48.59833057,239.607748,110.240547,-11.23580677
1168,2014-08-25,2014,1,46,0,0,31.23289641,0.7746539,30.4582425,30.9138531,270.840645,140.698789,39.63014086
1169,2014-08-26,2014,1,47,1,0,2.11030384,0.7746539,1.33564994,1.79126054,272.950949,142.034439,35.31421768
1170,2014-08-27,2014,1,48,1,0,9.19626793,0.7746539,8.42161403,8.87722463,282.147216,150.456053,-2.34630317
1171,2014-08-28,2014,1,48,0,0,19.9614125,0.7746539,19.1867586,19.6423692,302.108629,169.642812,-33.56456984
1172,2014-08-29,2014,1,48,1,1,36.49016384,0.7746539,35.71550994,36.17112054,338.598793,205.358322,52.13701922
1173,2014-09-02,2014,1,49,1,0,60.84884293,0.7746539,60.07418903,60.52979963,399.447636,265.432511,26.79624627
1174,2014-09-03,2014,1,48,0,1,-15.71057123,0.7746539,-16.48522513,-16.02961453,383.737064,248.947286,-21.94832311
1175,2014-09-04,2014,1,46,0,2,-18.25241669,0.7746539,-19.02707059,-18.57145999,365.484648,229.920215,-32.53454845
1176,2014-09-05,2014,1,47,1,0,30.23300757,0.7746539,29.45835367,29.91396427,395.717655,259.378569,41.91093916
1177,2014-09-08,2014,1,47,0,0,0.13109756,0.7746539,-0.64355634,-0.18794574,395.848753,258.735012,-22.94727721
1178,2014-09-09,2014,1,47,1,1,-49.5825904,0.7746539,-50.3572443,-49.9016337,346.266163,208.377768,-80.49724556
1179,2014-09-10,2014,1,48,1,0,-15.19755038,0.7746539,-15.97220428,-15.51659368,331.068612,192.405564,23.60944708
1180,2014-09-11,2014,1,49,1,0,-11.1990356,0.7746539,-11.9736895,-11.5180789,319.869577,180.431874,29.83771943
1181,2014-09-12,2014,1,49,0,0,-9.51464632,0.7746539,-10.28930022,-9.83368962,310.35493,170.142574,-68.51171602
1182,2014-09-15,2014,1,48,0,1,-94.23103573,0.7746539,-95.00568963,-94.55007903,216.123895,75.136884,-75.03116493
1183,2014-09-16,2014,1,46,0,2,101.28058319,0.7746539,100.50592929,100.96153989,317.404478,175.642814,55.46153651
1184,2014-09-17,2014,1,46,0,0,13.01871377,0.7746539,12.24405986,12.69967046,330.423191,187.886874,14.5664922
1185,2014-09-18,2014,1,46,0,0,42.42131913,0.7746539,41.64666523,42.10227583,372.844511,229.533539,43.63815008
1186,2014-09-19,2014,1,46,0,0,-79.5646769,0.7746539,-80.3393308,-79.8837202,293.279834,149.194208,-64.23122536
1187,2014-09-22,2014,1,46,0,0,-10.9580718,0.7746539,-11.7327257,-11.2771151,282.321762,137.461482,-146.59508243
1188,2014-09-23,2014,1,45,0,1,-8.3903789,0.7746539,-9.1650328,-8.7094222,273.931383,128.29645,-61.68676141
1189,2014-09-24,2014,1,46,1,0,57.40127354,0.7746539,56.62661963,57.08223023,331.332657,184.923069,67.59769412
1190,2014-09-25,2014,1,45,0,1,-71.90604332,0.7746539,-72.68069722,-72.22508662,259.426613,112.242372,-148.06525624
1191,2014-09-26,2014,1,46,1,0,60.14289288,0.7746539,59.36823898,59.82384958,319.569506,171.610611,73.66594656
1192,2014-09-29,2014,1,45,0,1,-24.92019308,0.7746539,-25.69484698,-25.23923638,294.649313,145.915764,-15.89482808
1193,2014-09-30,2014,1,45,0,0,-39.80128793,0.7746539,-40.57594183,-40.12033123,254.848025,105.339822,-87.18440575
1194,2014-10-01,2014,1,45,0,0,-114.22436906,0.7746539,-114.99902296,-114.54341236,140.623656,-9.659201,-137.97657701
1195,2014-10-02,2014,1,44,0,1,39.32436267,0.7746539,38.54970877,39.00531936,179.948019,28.890508,33.3919371
1196,2014-10-03,2014,1,45,1,0,104.44958068,0.7746539,103.67492678,104.13053738,284.397599,132.565435,73.56672179
1197,2014-10-06,2014,1,45,0,0,-108.37399046,0.7746539,-109.14864436,-108.69303376,176.023609,23.41679,-35.85707325
1198,2014-10-07,2014,1,46,1,0,-60.80377434,0.7746539,-61.57842824,-61.12281764,115.219835,-38.161638,-165.60996669
1199,2014-10-08,2014,1,46,0,0,34.9347828,0.7746539,34.1601289,34.6157395,150.154617,-4.001509,141.02616495
1200,2014-10-09,2014,1,47,1,0,-147.39953302,0.7746539,-148.17418692,-147.71857632,2.755084,-152.175696,-233.82206683
1201,2014-10-10,2014,1,48,1,0,-145.15083098,0.7746539,-145.92548488,-145.46987428,-142.395747,-298.101181,-171.15758383
1202,2014-10-13,2014,1,48,0,0,-177.10801317,0.7746539,-177.88266707,-177.42705647,-319.50376,-475.983848,-146.18197021
1203,2014-10-14,2014,1,48,0,0,-4.96276961,0.7746539,-5.73742351,-5.28181291,-324.466529,-481.721271,65.06968352
1204,2014-10-15,2014,1,46,0,2,30.96788429,0.7746539,30.19323039,30.64884099,-293.498645,-451.528041,39.65104286
1205,2014-10-16,2014,1,46,0,0,99.15646093,0.7746539,98.38180703,98.83741763,-194.342184,-353.146234,106.24946151
1206,2014-10-17,2014,1,47,1,0,19.3074837,0.7746539,18.53282979,18.98844039,-175.0347,-334.613404,67.15270735
1207,2014-10-20,2014,1,47,1,1,38.04926013,0.7746539,37.27460623,37.73021683,-136.98544,-297.338798,107.06648067
1208,2014-10-21,2014,1,46,0,1,95.80763111,0.7746539,95.03297721,95.48858781,-41.177809,-202.305821,199.45111839
1209,2014-10-22,2014,1,47,1,0,-1.94932719,0.7746539,-2.72398109,-2.26837049,-43.127136,-205.029802,-114.62151333
1210,2014-10-23,2014,1,47,0,0,52.77917843,0.7746539,52.00452453,52.46013513,9.652042,-153.025277,134.98151736
1211,2014-10-24,2014,1,47,0,0,17.92238783,0.7746539,17.14773393,17.60334453,27.57443,-135.877543,43.49072676
1212,2014-10-27,2014,1,47,0,0,-20.80239719,0.7746539,-21.57705109,-21.12144049,6.772033,-157.454594,-37.22407611
1213,2014-10-28,2014,1,46,0,1,78.54105175,0.7746539,77.76639785,78.22200845,85.313084,-79.688197,186.7816535
1214,2014-10-29,2014,1,46,0,0,61.96544169,0.7746539,61.19078779,61.64639839,147.278526,-18.497409,-32.38241648
1215,2014-10-30,2014,1,47,1,0,-62.65285894,0.7746539,-63.42751284,-62.97190224,84.625667,-81.924922,48.68812491
1216,2014-10-31,2014,1,48,1,0,109.77490371,0.7746539,109.00024981,109.45586041,194.400571,27.075328,136.04524847
1217,2014-11-03,2014,1,49,1,0,20.89503719,0.7746539,20.12038329,20.57599389,215.295608,47.195711,-12.65902597
1218,2014-11-04,2014,1,48,0,1,-2.07083352,0.7746539,-2.84548742,-2.38987682,213.224775,44.350224,-79.11451021
1219,2014-11-05,2014,1,48,0,0,-24.48394188,0.7746539,-25.25859578,-24.80298518,188.740833,19.091628,40.17419899
1220,2014-11-06,2014,1,48,0,0,-4.11785366,0.7746539,-4.89250756,-4.43689696,184.622979,14.199121,40.59219846
1221,2014-11-07,2014,1,49,1,0,-104.1476518,0.7746539,-104.9223057,-104.4666951,80.475327,-90.723185,20.4565973
1222,2014-11-10,2014,1,49,1,1,40.17076843,0.7746539,39.39611453,39.85172513,120.646096,-51.327071,15.3020484
1223,2014-11-11,2014,1,49,1,1,33.57640138,0.7746539,32.80174748,33.25735808,154.222497,-18.525323,14.74297004
1224,2014-11-12,2014,1,49,1,1,-27.06695616,0.7746539,-27.84161007,-27.38599947,127.155541,-46.366933,26.54981523
1225,2014-11-13,2014,1,47,0,2,15.56189922,0.7746539,14.78724532,15.24285592,142.71744,-31.579688,-55.61200133
1226,2014-11-14,2014,1,47,2,2,16.33521874,0.7746539,15.56056484,16.01617544,159.052659,-16.019123,29.74263424
1227,2014-11-17,2014,1,46,0,1,-65.42192381,0.7746539,-66.19657771,-65.74096711,93.630735,-82.215701,-28.08117127
1228,2014-11-18,2014,1,46,1,1,85.54497564,0.7746539,84.77032174,85.22593234,179.175711,2.554621,63.96722583
1229,2014-11-19,2014,1,46,0,0,-10.8273554,0.7746539,-11.6020093,-11.1463987,168.348355,-9.047388,-58.30247614
1230,2014-11-20,2014,1,46,0,0,-2.02540563,0.7746539,-2.80005953,-2.34444893,166.32295,-11.847448,75.77427096
1231,2014-11-21,2014,1,46,0,0,-42.12294249,0.7746539,-42.89759639,-42.44198579,124.200007,-54.745044,50.41953105
1232,2014-11-24,2014,1,45,0,1,54.35914781,0.7746539,53.58449391,54.04010451,178.559155,-1.16055,55.8720714
1233,2014-11-25,2014,1,45,0,0,-11.35257526,0.7746539,-12.12722916,-11.67161856,167.20658,-13.287779,-2.19277715
1234,2014-11-26,2014,1,43,0,2,50.47280099,0.7746539,49.69814709,50.15375769,217.679381,36.410368,11.0779696
1235,2014-11-28,2014,1,43,1,1,112.26576524,0.7746539,111.49111134,111.94672194,329.945146,147.901479,-125.05587284
1236,2014-12-01,2014,1,43,0,0,-82.83001262,0.7746539,-83.60466652,-83.14905592,247.115133,64.296813,-152.78647771
1237,2014-12-02,2014,1,43,0,0,132.24385981,0.7746539,131.46920591,131.92481651,379.358993,195.766018,65.16751296
1238,2014-12-03,2014,1,43,0,0,79.2156462,0.7746539,78.44099229,78.89660289,458.574639,274.207011,89.81141757
1239,2014-12-04,2014,1,43,0,0,22.50068363,0.7746539,21.72602973,22.18164033,481.075323,295.93304,-38.28707892
1240,2014-12-05,2014,1,41,0,2,49.90683205,0.7746539,49.13217815,49.58778875,530.982155,345.065219,24.57706341
1241,2014-12-08,2014,1,40,1,2,-27.03502233,0.7746539,-27.80967623,-27.35406563,503.947133,317.255542,-145.86595259
1242,2014-12-09,2014,1,40,0,0,-32.3700312,0.7746539,-33.1446851,-32.6890745,471.577101,284.110857,92.88563146
1243,2014-12-10,2014,1,39,0,1,-4.31404448,0.7746539,-5.08869838,-4.63308778,467.263057,279.022159,-212.68455973
1244,2014-12-11,2014,1,40,1,0,57.21172186,0.7746539,56.43706795,56.89267855,524.474779,335.459227,29.63519225
1245,2014-12-12,2014,1,41,1,0,-9.25708804,0.7746539,-10.03174194,-9.57613134,515.217691,325.427485,-136.75632721
1246,2014-12-15,2014,1,41,0,0,32.84905874,0.7746539,32.07440484,32.53001544,548.06675,357.50189,-101.17734426
1247,2014-12-16,2014,1,41,0,0,-108.12875146,0.7746539,-108.90340536,-108.44779476,439.937998,248.598484,-32.12453439
1248,2014-12-17,2014,1,42,1,0,97.09572143,0.7746539,96.32106753,96.77667813,537.033719,344.919552,268.74102766
1249,2014-12-18,2014,1,42,1,1,1.06329861,0.7746539,0.28864471,0.74425531,538.097018,345.208197,182.99031151
1250,2014-12-19,2014,1,42,0,0,-47.30805988,0.7746539,-48.08271378,-47.62710318,490.788958,297.125483,45.06314852
1251,2014-12-22,2014,1,42,0,0,78.79024366,0.7746539,78.01558975,78.47120035,569.579202,375.141073,13.9971996
1252,2014-12-23,2014,1,41,0,1,-73.46147641,0.7746539,-74.23613031,-73.78051971,496.117725,300.904942,36.79674551
1253,2014-12-24,2014,1,40,0,1,55.55659364,0.7746539,54.78193974,55.23755034,551.674319,355.686882,16.63883407
1254,2014-12-26,2014,1,38,0,2,12.22327552,0.7746539,11.44862162,11.90423222,563.897595,367.135504,39.20486206
1255,2014-12-29,2014,1,38,0,0,-31.10666634,0.7746539,-31.88132024,-31.42570964,532.790928,335.254183,19.2648223
1256,2014-12-30,2014,1,38,1,1,12.35288554,0.7746539,11.57823164,12.03384224,545.143814,346.832415,-34.88645587
1257,2014-12-31,2014,1,38,0,0,15.57266538,0.7746539,14.79801148,15.25362208,560.716479,361.630427,-79.80005955
1258,2015-01-02,2015,1,38,1,1,-1.19830828,0.7746539,-1.97296218,-1.51735158,559.518171,359.657464,3.27103671
1259,2015-01-05,2015,1,39,1,0,22.44895784,0.7746539,21.67430394,22.12991454,581.967129,381.331768,-183.09965018
1260,2015-01-06,2015,1,38,0,1,-82.72518805,0.7746539,-83.49984195,-83.04423135,499.241941,297.831926,-112.75856961
1261,2015-01-07,2015,1,38,0,0,26.50219632,0.7746539,25.72754242,26.18315302,525.744137,323.559469,109.54732501
1262,2015-01-08,2015,1,37,0,1,40.33805634,0.7746539,39.56340244,40.01901304,566.082193,363.122871,177.6856589
1263,2015-01-09,2015,1,35,0,2,12.07730767,0.7746539,11.30265377,11.75826437,578.159501,374.425525,-69.32268735
1264,2015-01-12,2015,1,36,1,0,-50.74088889,0.7746539,-51.51554279,-51.05993219,527.418612,322.909982,-78.7645211
1265,2015-01-13,2015,1,35,2,3,-18.06966884,0.7746539,-18.84432274,-18.38871214,509.348943,304.065659,-21.77394553
1266,2015-01-14,2015,1,35,1,1,-77.02466542,0.7746539,-77.79931932,-77.34370872,432.324278,226.26634,-30.97648074
1267,2015-01-15,2015,1,37,2,0,38.74199696,0.7746539,37.96734306,38.42295366,471.066275,264.233683,-129.85392908
1268,2015-01-16,2015,1,37,0,0,3.05188976,0.7746539,2.27723586,2.73284646,474.118165,266.510919,158.81416781
1269,2015-01-20,2015,1,37,1,1,112.39134371,0.7746539,111.61668981,112.07230041,586.509508,378.127609,-24.30934011
1270,2015-01-21,2015,1,40,3,0,-17.75134975,0.7746539,-18.52600365,-18.07039305,568.758159,359.601605,48.39966916
1271,2015-01-22,2015,1,41,1,0,105.58534648,0.7746539,104.81069258,105.26630318,674.343505,464.412298,140.18398755
1272,2015-01-23,2015,1,41,0,0,37.71442575,0.7746539,36.93977185,37.39538245,712.057931,501.35207,-26.34899531
1273,2015-01-26,2015,1,43,2,0,-25.34549631,0.7746539,-26.12015021,-25.66453961,686.712435,475.231919,89.46667977
1274,2015-01-27,2015,1,43,0,0,-20.31527061,0.7746539,-21.08992452,-20.63431392,666.397164,454.141995,-50.43919563
1275,2015-01-28,2015,1,43,0,0,12.28428869,0.7746539,11.50963479,11.96524539,678.681453,465.65163,-156.16817148
1276,2015-01-29,2015,1,43,0,0,91.78738334,0.7746539,91.01272944,91.46834004,770.468836,556.664359,65.21259387
1277,2015-01-30,2015,1,42,0,1,-137.76990744,0.7746539,-138.54456135,-138.08895075,632.698928,418.119798,-127.53554215
1278,2015-02-02,2015,1,43,1,0,-53.87497109,0.7746539,-54.64962499,-54.19401439,578.823957,363.470173,113.06883821
1279,2015-02-03,2015,1,42,0,1,-99.78488336,0.7746539,-100.55953727,-100.10392667,479.039074,262.910635,186.01631569
1280,2015-02-04,2015,1,43,1,0,95.68545003,0.7746539,94.91079613,95.36640673,574.724524,357.821432,-48.51251521
1281,2015-02-05,2015,1,44,1,0,34.09119822,0.7746539,33.31654431,33.77215491,608.815722,391.137976,140.32920163
1282,2015-02-06,2015,1,44,0,0,-29.77422587,0.7746539,-30.54887977,-30.09326917,579.041496,360.589096,-32.14409738
1283,2015-02-09,2015,1,45,1,0,-82.27471762,0.7746539,-83.04937152,-82.59376092,496.766779,277.539725,-34.09154845
1284,2015-02-10,2015,1,44,0,1,92.22872884,0.7746539,91.45407494,91.90968554,588.995508,368.9938,52.76099915
1285,2015-02-11,2015,1,44,1,1,-8.94665638,0.7746539,-9.72131028,-9.26569968,580.048851,359.272489,-14.04046988
1286,2015-02-12,2015,1,45,1,0,51.05130933,0.7746539,50.27665543,50.73226603,631.100161,409.549145,117.03957234
1287,2015-02-13,2015,1,44,0,1,-60.55201699,0.7746539,-61.32667089,-60.87106029,570.548144,348.222474,64.29411307
1288,2015-02-17,2015,1,46,2,0,-44.25241452,0.7746539,-45.02706842,-44.57145782,526.295729,303.195405,11.25022903
1289,2015-02-18,2015,1,48,2,0,21.62309663,0.7746539,20.84844273,21.30405333,547.918826,324.043848,21.36496096
1290,2015-02-19,2015,1,49,1,0,26.92821183,0.7746539,26.15355793,26.60916853,574.847038,350.197406,-7.72675156
1291,2015-02-20,2015,1,48,0,1,-3.69859115,0.7746539,-4.47324505,-4.01763445,571.148446,345.724161,28.58280158
1292,2015-02-23,2015,1,48,0,0,5.06976763,0.7746539,4.29511373,4.75072433,576.218214,350.019275,-13.54860557
1293,2015-02-24,2015,1,49,1,0,-1.08533061,0.7746539,-1.85998452,-1.40437392,575.132883,348.15929,21.17331729
1294,2015-02-25,2015,1,48,1,2,-60.49870963,0.7746539,-61.27336353,-60.81775293,514.634174,286.885927,19.63485682
1295,2015-02-26,2015,1,50,2,0,32.33503539,0.7746539,31.56038149,32.01599209,546.969209,318.446308,-16.7345124
1296,2015-02-27,2015,1,51,1,0,-30.09529355,0.7746539,-30.86994745,-30.41433685,516.873916,287.576361,-29.9404276
1297,2015-03-02,2015,1,47,0,4,5.86192989,0.7746539,5.08727599,5.54288659,522.735845,292.663637,44.4701635
1298,2015-03-03,2015,1,47,0,0,-23.48471165,0.7746539,-24.25936556,-23.80375496,499.251134,268.404271,-40.32195389
1299,2015-03-04,2015,1,48,1,0,8.03529478,0.7746539,7.26064088,7.71625148,507.286429,275.664912,-34.83787256
1300,2015-03-05,2015,1,49,2,1,7.13548291,0.7746539,6.360829,6.8164396,514.421912,282.025741,20.02860251
1301,2015-03-06,2015,1,48,0,1,4.57482289,0.7746539,3.80016899,4.25577959,518.996734,285.82591,-132.41132518
1302,2015-03-09,2015,1,49,1,0,17.48636385,0.7746539,16.71170995,17.16732055,536.483098,302.53762,18.13462271
1303,2015-03-10,2015,1,48,0,1,45.73292096,0.7746539,44.95826706,45.41387766,582.216019,347.495887,-135.35003289
1304,2015-03-11,2015,1,48,0,0,47.67362813,0.7746539,46.89897423,47.35458483,629.889647,394.394861,38.03949187
1305,2015-03-12,2015,1,47,0,1,33.24182035,0.7746539,32.46716645,32.92277705,663.131468,426.862028,121.62813576
1306,2015-03-13,2015,1,47,0,0,-1.85626929,0.7746539,-2.63092319,-2.17531259,661.275198,424.231105,-58.12218221
1307,2015-03-16,2015,1,49,2,0,67.09015742,0.7746539,66.31550352,66.77111412,728.365356,490.546608,75.89393492
1308,2015-03-17,2015,1,47,0,2,10.94653998,0.7746539,10.17188608,10.62749668,739.311896,500.718494,7.04453784
1309,2015-03-18,2015,1,47,0,0,-27.81700407,0.7746539,-28.59165797,-28.13604737,711.494892,472.126836,119.69799111
1310,2015-03-19,2015,1,47,0,0,70.72211431,0.7746539,69.94746041,70.40307101,782.217006,542.074297,-29.22813572
1311,2015-03-20,2015,1,47,0,0,-32.50317489,0.7746539,-33.2778288,-32.8222182,749.713831,508.796468,103.08436089
1312,2015-03-23,2015,1,47,0,0,-16.04865312,0.7746539,-16.82330703,-16.36769643,733.665178,491.973161,0.20359535
1313,2015-03-24,2015,1,47,0,0,8.70466949,0.7746539,7.93001559,8.38562619,742.369848,499.903176,-28.47157864
1314,2015-03-25,2015,1,46,0,1,-102.35432542,0.7746539,-103.12897932,-102.67336872,640.015522,396.774197,-161.84546658
1315,2015-03-26,2015,1,47,2,1,17.75039682,0.7746539,16.97574292,17.43135352,657.765919,413.74994,-22.26881742
1316,2015-03-27,2015,1,46,0,1,88.14515921,0.7746539,87.3705053,87.8261159,745.911078,501.120445,48.33676652
1317,2015-03-30,2015,1,45,0,1,-15.11848538,0.7746539,-15.89313928,-15.43752868,730.792593,485.227306,121.7432806
1318,2015-03-31,2015,1,45,0,0,-34.59757618,0.7746539,-35.37223008,-34.91661948,696.195017,449.855076,-44.53922087
1319,2015-04-01,2015,1,46,1,0,-20.38847825,0.7746539,-21.16313215,-20.70752155,675.806538,428.691944,-20.23997532
1320,2015-04-02,2015,1,46,0,0,-35.47229908,0.7746539,-36.24695299,-35.79134239,640.334239,392.444991,49.46001454
1321,2015-04-06,2015,1,45,0,1,-64.66254691,0.7746539,-65.43720082,-64.98159022,575.671692,327.00779,73.65875346
1322,2015-04-07,2015,1,46,1,0,32.27738653,0.7746539,31.50273263,31.95834323,607.949079,358.510523,-32.94070087
1323,2015-04-08,2015,1,45,0,1,52.34874005,0.7746539,51.57408614,52.02969674,660.297819,410.084609,50.54778596
1324,2015-04-09,2015,1,45,2,2,-4.42253828,0.7746539,-5.19719218,-4.74158159,655.875281,404.887417,5.51357951
1325,2015-04-10,2015,1,45,1,1,-15.61891887,0.7746539,-16.39357277,-15.93796217,640.256362,388.493844,35.42923287
1326,2015-04-13,2015,1,45,0,0,-31.11573057,0.7746539,-31.89038447,-31.43477387,609.140631,356.603459,-21.66415208
1327,2015-04-14,2015,1,46,1,0,-92.11452335,0.7746539,-92.88917725,-92.43356665,517.026108,263.714282,29.10326841
1328,2015-04-15,2015,1,46,0,0,-89.30407556,0.7746539,-90.07872946,-89.62311886,427.722032,173.635553,83.72966631
1329,2015-04-16,2015,1,46,0,0,26.33246017,0.7746539,25.55780627,26.01341687,454.054492,199.193359,-4.97400782
1330,2015-04-17,2015,1,46,0,0,-54.61068538,0.7746539,-55.38533928,-54.92972868,399.443807,143.80802,-116.37926361
1331,2015-04-20,2015,1,46,0,0,63.21334477,0.7746539,62.43869086,62.89430146,462.657152,206.24671,66.98733572
1332,2015-04-21,2015,1,47,1,0,46.97897232,0.7746539,46.20431842,46.65992902,509.636124,252.451029,-2.6930515
1333,2015-04-22,2015,1,47,0,0,-43.85074909,0.7746539,-44.62540299,-44.16979239,465.785375,207.825626,26.34464146
1334,2015-04-23,2015,1,48,1,0,-47.90775233,0.7746539,-48.68240623,-48.22679563,417.877623,159.14322,51.39529977
1335,2015-04-24,2015,1,48,1,1,-67.1529476,0.7746539,-67.9276015,-67.4719909,350.724675,91.215618,-2.61809477
1336,2015-04-27,2015,1,49,1,0,-53.48196436,0.7746539,-54.25661827,-53.80100767,297.242711,36.959,-72.06554663
1337,2015-04-28,2015,1,48,0,1,-43.68624423,0.7746539,-44.46089813,-44.00528753,253.556467,-7.501898,25.58692637
1338,2015-04-29,2015,1,48,0,0,-51.75210257,0.7746539,-52.52675647,-52.07114587,201.804364,-60.028655,-60.40056587
1339,2015-04-30,2015,1,47,0,1,-47.23094816,0.7746539,-48.00560206,-47.54999146,154.573416,-108.034257,-118.83101066
1340,2015-05-01,2015,1,48,1,0,50.25124295,0.7746539,49.47658905,49.93219965,204.824659,-58.557668,77.63391161
1341,2015-05-04,2015,1,49,1,0,17.1032575,0.7746539,16.32860359,16.78421419,221.927916,-42.229064,28.75165349
1342,2015-05-05,2015,1,49,0,0,-26.99040005,0.7746539,-27.76505395,-27.30944335,194.937516,-69.994118,-137.82778524
1343,2015-05-06,2015,1,49,0,0,87.9822246,0.7746539,87.2075707,87.6631813,282.919741,17.213453,-14.84462486
1344,2015-05-07,2015,1,50,1,0,63.82792173,0.7746539,63.05326783,63.50887843,346.747663,80.26672,34.95333028
1345,2015-05-08,2015,1,50,0,0,-12.37632863,0.7746539,-13.15098253,-12.69537193,334.371334,67.115738,106.06835585
1346,2015-05-11,2015,1,51,1,0,27.6551496,0.7746539,26.8804957,27.3361063,362.026484,93.996234,-3.69623143
1347,2015-05-12,2015,1,50,0,1,-22.12785098,0.7746539,-22.90250489,-22.44689429,339.898633,71.093729,-15.46672076
1348,2015-05-13,2015,1,51,1,0,-48.87116062,0.7746539,-49.64581452,-49.19020392,291.027472,21.447914,2.61157793
1349,2015-05-14,2015,1,51,0,0,51.39806581,0.7746539,50.62341191,51.07902251,342.425538,72.071326,86.2702385
1350,2015-05-15,2015,1,51,0,0,-35.43756988,0.7746539,-36.21222378,-35.75661318,306.987968,35.859102,16.78397953
1351,2015-05-18,2015,1,52,1,0,69.95704512,0.7746539,69.18239122,69.63800182,376.945013,105.041494,51.74010705
1352,2015-05-19,2015,1,51,0,1,-6.73841099,0.7746539,-7.51306489,-7.05745429,370.206602,97.528429,-24.74353157
1353,2015-05-20,2015,1,51,1,1,-7.10480506,0.7746539,-7.87945897,-7.42384837,363.101797,89.64897,-1.02465126
1354,2015-05-21,2015,1,51,0,0,6.17880555,0.7746539,5.40415165,5.85976225,369.280602,95.053121,17.5374679
1355,2015-05-22,2015,1,51,0,0,-19.03710098,0.7746539,-19.81175488,-19.35614428,350.243502,75.241366,-24.99458847
1356,2015-05-26,2015,1,51,1,1,7.08811564,0.7746539,6.31346173,6.76907233,357.331617,81.554828,-112.69652586
1357,2015-05-27,2015,1,52,1,0,61.4250508,0.7746539,60.6503969,61.1060075,418.756668,142.205225,73.5601968
1358,2015-05-28,2015,1,52,1,1,4.90453723,0.7746539,4.12988332,4.58549392,423.661205,146.335108,-17.03464219
1359,2015-05-29,2015,1,53,2,1,8.29891017,0.7746539,7.52425627,7.97986687,431.960115,153.859365,-53.49278612
1360,2015-06-01,2015,1,51,0,2,52.23627004,0.7746539,51.46161613,51.91722673,484.196385,205.320981,22.40919125
1361,2015-06-02,2015,1,51,1,1,0.37731415,0.7746539,-0.39733975,0.05827085,484.5737,204.923641,29.05639851
1362,2015-06-03,2015,1,50,0,1,61.37001429,0.7746539,60.59536039,61.05097099,545.943714,265.519001,38.51685353
1363,2015-06-04,2015,1,51,1,0,16.13504837,0.7746539,15.36039446,15.81600506,562.078762,280.879396,-84.37861555
1364,2015-06-05,2015,1,51,0,0,39.84308851,0.7746539,39.06843461,39.52404521,601.921851,319.947831,33.15900055
1365,2015-06-08,2015,1,51,0,0,-45.68961704,0.7746539,-46.46427094,-46.00866034,556.232234,273.48356,-64.56437416
1366,2015-06-09,2015,1,50,0,1,19.26321301,0.7746539,18.48855911,18.94416971,575.495447,291.972119,-12.43067248
1367,2015-06-10,2015,1,48,0,2,4.60565119,0.7746539,3.83099729,4.28660789,580.101098,295.803116,106.08325455
1368,2015-06-11,2015,1,48,0,0,5.55760846,0.7746539,4.78295456,5.23856516,585.658706,300.586071,23.69168047
1369,2015-06-12,2015,1,48,1,1,17.04435397,0.7746539,16.26970007,16.72531067,602.70306,316.855771,-50.1113485
1370,2015-06-15,2015,1,46,0,2,16.77733386,0.7746539,16.00267996,16.45829056,619.480394,332.858451,-35.89379445
1371,2015-06-16,2015,1,45,0,1,10.40589869,0.7746539,9.63124479,10.08685539,629.886293,342.489695,43.39908756
1372,2015-06-17,2015,1,45,0,0,-46.97020078,0.7746539,-47.74485469,-47.28924409,582.916092,294.744841,15.80955889
1373,2015-06-18,2015,1,45,0,0,9.44920244,0.7746539,8.67454854,9.13015914,592.365295,303.419389,85.35241343
1374,2015-06-19,2015,1,46,1,0,45.49728444,0.7746539,44.72263054,45.17824114,637.862579,348.14202,-29.46903564
1375,2015-06-22,2015,1,46,0,0,33.93759569,0.7746539,33.16294179,33.61855239,671.800175,381.304962,54.49938328
1376,2015-06-23,2015,1,46,0,0,16.04879682,0.7746539,15.27414292,15.72975352,687.848971,396.579104,2.41755206
1377,2015-06-24,2015,1,46,0,0,-40.96667888,0.7746539,-41.74133279,-41.28572219,646.882293,354.837772,-80.79920425
1378,2015-06-25,2015,1,45,0,1,25.41522111,0.7746539,24.64056721,25.09617781,672.297514,379.478339,-38.03945407
1379,2015-06-26,2015,1,46,1,0,-6.58096144,0.7746539,-7.35561534,-6.90000474,665.716552,372.122724,-25.22889191
1380,2015-06-29,2015,1,45,0,1,-10.25923662,0.7746539,-11.03389052,-10.57827992,655.457316,361.088833,-236.81309907
1381,2015-06-30,2015,1,46,1,0,42.81159931,0.7746539,42.03694541,42.49255601,698.268915,403.125778,51.23942777
1382,2015-07-01,2015,1,44,0,2,70.55104566,0.7746539,69.77639176,70.23200236,768.819961,472.90217,6.53877916
1383,2015-07-02,2015,1,45,1,0,-59.45987716,0.7746539,-60.23453106,-59.77892046,709.360083,412.667639,-16.12928656
1384,2015-07-06,2015,1,45,0,0,40.60095626,0.7746539,39.82630236,40.28191296,749.96104,452.493942,-63.54451178
1385,2015-07-07,2015,1,45,0,0,-15.97466651,0.7746539,-16.74932041,-16.29370981,733.986373,435.744621,33.24975792
1386,2015-07-08,2015,1,45,0,0,29.96931843,0.7746539,29.19466453,29.65027513,763.955692,464.939286,-171.28008024
1387,2015-07-09,2015,1,45,0,0,-28.99868625,0.7746539,-29.77334015,-29.31772955,734.957005,435.165945,51.8633226
1388,2015-07-10,2015,1,45,0,0,57.8315748,0.7746539,57.0569209,57.5125315,792.78858,492.222866,122.55839928
1389,2015-07-13,2015,1,45,1,1,-19.57589583,0.7746539,-20.35054973,-19.89493913,773.212684,471.872317,99.59163621
1390,2015-07-14,2015,1,45,0,0,-17.05248223,0.7746539,-17.82713613,-17.37152553,756.160202,454.045181,49.53928746
1391,2015-07-15,2015,1,46,1,0,-3.09207294,0.7746539,-3.86672684,-3.41111624,753.068129,450.178454,-79.73727006
1392,2015-07-16,2015,1,45,0,1,19.86175221,0.7746539,19.08709831,19.54270891,772.929881,469.265552,55.23354439
1393,2015-07-17,2015,1,43,0,2,26.00201388,0.7746539,25.22735998,25.68297058,798.931895,494.492912,-52.69729115
1394,2015-07-20,2015,1,44,1,0,25.43822432,0.7746539,24.66357042,25.11918102,824.37012,519.156482,-41.40078561
1395,2015-07-21,2015,1,43,0,1,-30.18664724,0.7746539,-30.96130115,-30.50569055,794.183472,488.195181,-34.07502642
1396,2015-07-22,2015,1,43,0,0,55.20685755,0.7746539,54.43220365,54.88781425,849.39033,542.627385,-16.31402081
1397,2015-07-23,2015,1,43,0,0,21.53744299,0.7746539,20.76278909,21.21839969,870.927773,563.390174,-58.97757268
1398,2015-07-24,2015,1,43,0,0,19.2080477,0.7746539,18.4333938,18.8890044,890.135821,581.823568,-135.75559525
1399,2015-07-27,2015,1,42,0,1,3.21272156,0.7746539,2.43806766,2.89367826,893.348542,584.261635,-97.7724975
1400,2015-07-28,2015,1,41,0,1,-60.2140016,0.7746539,-60.9886555,-60.5330449,833.134541,523.27298,124.09866726
1401,2015-07-29,2015,1,40,0,1,-9.1118977,0.7746539,-9.8865516,-9.430941,824.022643,513.386428,92.30615085
1402,2015-07-30,2015,1,40,1,1,-22.96476119,0.7746539,-23.7394151,-23.2838045,801.057882,489.647013,9.58391184
1403,2015-07-31,2015,1,41,1,0,-5.0730651,0.7746539,-5.847719,-5.3921084,795.984817,483.799294,11.11851838
1404,2015-08-03,2015,1,41,0,0,15.71115699,0.7746539,14.93650309,15.39211369,811.695974,498.735797,-62.23673414
1405,2015-08-04,2015,1,41,0,0,83.19239101,0.7746539,82.41773711,82.87334771,894.888365,581.153534,-27.16930278
1406,2015-08-05,2015,1,41,0,0,223.28093712,0.7746539,222.50628322,222.96189382,1118.169302,803.659818,2.0863021
1407,2015-08-06,2015,1,41,0,0,-111.89477027,0.7746539,-112.66942418,-112.21381358,1006.274531,690.990393,-85.23138803
1408,2015-08-07,2015,1,42,1,0,72.53578464,0.7746539,71.76113073,72.21674133,1078.810316,762.751524,-47.16231689
1409,2015-08-10,2015,1,42,0,0,-65.25812091,0.7746539,-66.03277482,-65.57716422,1013.552195,696.718749,157.90830218
1410,2015-08-11,2015,1,41,0,1,21.69433689,0.7746539,20.91968299,21.37529359,1035.246532,717.638432,-115.65883676
1411,2015-08-12,2015,1,41,0,0,-73.85933349,0.7746539,-74.63398739,-74.17837679,961.387199,643.004445,8.89401059
1412,2015-08-13,2015,1,41,0,0,56.27119468,0.7746539,55.49654078,55.95215138,1017.658393,698.500986,-39.57597707
1413,2015-08-14,2015,1,42,1,0,1.84881135,0.7746539,1.07415745,1.52976805,1019.507205,699.575143,36.75923918
1414,2015-08-17,2015,1,43,1,0,34.07536421,0.7746539,33.3007103,33.7563209,1053.582569,732.875854,69.38054303
1415,2015-08-18,2015,1,44,1,0,-36.46144837,0.7746539,-37.23610227,-36.78049167,1017.12112,695.639751,-64.92410156
1416,2015-08-19,2015,1,44,0,0,-7.05024846,0.7746539,-7.82490236,-7.36929176,1010.070872,687.814849,-105.02473269
1417,2015-08-20,2015,1,44,0,0,-55.72406721,0.7746539,-56.49872111,-56.04311051,954.346805,631.316128,-244.81450882
1418,2015-08-21,2015,1,43,0,1,-13.17031048,0.7746539,-13.94496438,-13.48935378,941.176494,617.371163,-217.84049856
1419,2015-08-24,2015,1,42,0,1,16.85806183,0.7746539,16.08340793,16.53901853,958.034556,633.454571,-386.94059918
1420,2015-08-25,2015,1,42,0,0,129.17565409,0.7746539,128.40100019,128.85661079,1087.21021,761.855572,-65.98061762
1421,2015-08-26,2015,1,41,0,1,32.11944891,0.7746539,31.344795,31.8004056,1119.329659,793.200367,250.04977599
1422,2015-08-27,2015,1,41,0,0,-50.03994947,0.7746539,-50.81460337,-50.35899277,1069.28971,742.385763,273.85132773
1423,2015-08-28,2015,1,41,0,0,-85.40616305,0.7746539,-86.18081695,-85.72520635,983.883547,656.204946,64.16739916
1424,2015-08-31,2015,1,41,0,0,-104.45380377,0.7746539,-105.22845767,-104.77284707,879.429743,550.976489,-46.06259558
1425,2015-09-01,2015,1,41,0,0,46.99795646,0.7746539,46.22330256,46.67891316,926.427699,597.199791,-282.93037445
1426,2015-09-02,2015,1,41,0,0,68.56642147,0.7746539,67.79176757,68.24737817,994.994121,664.991559,145.69539086
1427,2015-09-03,2015,1,42,1,0,-11.31548282,0.7746539,-12.09013672,-11.63452612,983.678638,652.901422,28.64962446
1428,2015-09-04,2015,1,43,1,0,75.79321946,0.7746539,75.01856556,75.47417616,1059.471857,727.919987,-121.14429755
1429,2015-09-08,2015,1,43,1,1,51.00229665,0.7746539,50.22764275,50.68325335,1110.474154,778.14763,227.61855571
1430,2015-09-09,2015,1,43,0,0,-8.97920544,0.7746539,-9.75385935,-9.29824875,1101.494949,768.393771,-113.47384327
1431,2015-09-10,2015,1,43,0,0,-31.01359107,0.7746539,-31.78824497,-31.33263437,1070.481357,736.605526,26.15687239
1432,2015-09-11,2015,1,42,0,1,95.48561169,0.7746539,94.71095779,95.16656839,1165.966969,831.316484,13.78139389
1433,2015-09-14,2015,1,44,2,0,4.06309102,0.7746539,3.28843712,3.74404772,1170.03006,834.604921,-37.97499187
1434,2015-09-15,2015,1,44,1,1,-28.13355673,0.7746539,-28.90821063,-28.45260003,1141.896503,805.69671,111.6755164
1435,2015-09-16,2015,1,44,1,1,-69.0304389,0.7746539,-69.8050928,-69.3494822,1072.866065,735.891617,115.76390446
1436,2015-09-17,2015,1,44,0,0,25.39493562,0.7746539,24.62028171,25.07589231,1098.261,760.511899,14.20197957
1437,2015-09-18,2015,1,45,1,0,13.55482127,0.7746539,12.78016736,13.23577796,1111.815821,773.292066,-153.24756364
1438,2015-09-21,2015,1,45,0,0,34.49220435,0.7746539,33.71755045,34.17316105,1146.308026,807.009617,-5.12833458
1439,2015-09-22,2015,1,45,0,0,42.96506438,0.7746539,42.19041048,42.64602108,1189.27309,849.200027,-166.43163684
1440,2015-09-23,2015,1,45,1,1,102.55207836,0.7746539,101.77742446,102.23303506,1291.825169,950.977452,-67.19797505
1441,2015-09-24,2015,1,45,0,0,-50.28168044,0.7746539,-51.05633434,-50.60072375,1241.543488,899.921118,-31.51454693
1442,2015-09-25,2015,1,45,0,0,8.94518069,0.7746539,8.17052679,8.62613739,1250.488669,908.091644,-72.61805054
1443,2015-09-28,2015,1,45,0,0,-69.94042759,0.7746539,-70.71508149,-70.2594709,1180.548241,837.376563,-318.7992403
1444,2015-09-29,2015,1,45,0,0,-47.11233822,0.7746539,-47.88699212,-47.43138152,1133.435903,789.489571,-40.07061186
1445,2015-09-30,2015,1,46,1,0,2.18578834,0.7746539,1.41113444,1.86674504,1135.621691,790.900705,195.57282192
1446,2015-10-01,2015,1,47,1,0,45.8063169,0.7746539,45.031663,45.4872736,1181.428008,835.932368,-3.18925229
1447,2015-10-02,2015,1,47,0,0,-83.95702068,0.7746539,-84.73167458,-84.27606399,1097.470988,751.200694,196.24590226
1448,2015-10-05,2015,1,47,0,0,-91.37105397,0.7746539,-92.14570787,-91.69009728,1006.099934,659.054986,226.14024898
1449,2015-10-06,2015,1,47,0,0,-171.89434483,0.7746539,-172.66899874,-172.21338814,834.205589,486.385987,-22.34289178
1450,2015-10-07,2015,1,46,0,1,-15.94801618,0.7746539,-16.72267009,-16.26705949,818.257573,469.663317,147.85020947
1451,2015-10-08,2015,1,47,1,0,-55.88096831,0.7746539,-56.65562221,-56.20001161,762.376604,413.007695,102.1245644
1452,2015-10-09,2015,1,47,0,0,30.33368631,0.7746539,29.55903241,30.01464301,792.710291,442.566727,9.86906244
1453,2015-10-12,2015,1,47,1,1,165.27409062,0.7746539,164.49943672,164.95504732,957.984381,607.066164,-44.29113304
1454,2015-10-13,2015,1,47,0,0,-74.64715017,0.7746539,-75.42180407,-74.96619347,883.337231,531.64436,-123.04702882
1455,2015-10-14,2015,1,47,0,0,-73.90936957,0.7746539,-74.68402347,-74.22841287,809.427861,456.960336,-33.28136674
1456,2015-10-15,2015,1,48,1,0,101.12091616,0.7746539,100.34626226,100.80187286,910.548778,557.306598,173.36878809
1457,2015-10-16,2015,1,50,2,0,61.53186042,0.7746539,60.75720652,61.21281712,972.080638,618.063805,0.90411668
1458,2015-10-19,2015,1,51,1,0,47.7817609,0.7746539,47.007107,47.4627176,1019.862399,665.070912,-15.7549412
1459,2015-10-20,2015,1,50,0,1,-92.14837214,0.7746539,-92.92302604,-92.46741544,927.714027,572.147886,-3.14568724
1460,2015-10-21,2015,1,51,1,0,11.8136634,0.7746539,11.0390095,11.4946201,939.52769,583.186895,-130.14739137
1461,2015-10-22,2015,1,52,1,0,-175.52130927,0.7746539,-176.29596317,-175.84035258,764.006381,406.890932,75.77414402
1462,2015-10-23,2015,1,53,1,0,40.77651589,0.7746539,40.00186199,40.45747259,804.782897,446.892794,72.57724859
1463,2015-10-26,2015,1,53,0,0,128.91637919,0.7746539,128.14172529,128.59733589,933.699276,575.03452,-42.41491018
1464,2015-10-27,2015,1,52,0,1,26.05512967,0.7746539,25.28047577,25.73608637,959.754406,600.314995,-98.77999819
1465,2015-10-28,2015,1,51,0,1,8.21224547,0.7746539,7.43759157,7.89320217,967.966651,607.752587,213.35457203
1466,2015-10-29,2015,1,51,0,0,-78.93762105,0.7746539,-79.71227495,-79.25666435,889.02903,528.040312,-58.58049335
1467,2015-10-30,2015,1,52,1,0,4.61802003,0.7746539,3.84336613,4.29897673,893.64705,531.883678,-0.45700111
1468,2015-11-02,2015,1,52,1,1,-52.46166057,0.7746539,-53.23631447,-52.78070387,841.18539,478.647364,167.43040148
1469,2015-11-03,2015,1,53,1,0,-106.83066661,0.7746539,-107.60532051,-107.14970991,734.354723,371.042043,52.85025928
1470,2015-11-04,2015,1,54,1,0,-41.75076988,0.7746539,-42.52542379,-42.06981319,692.603953,328.516619,-45.63532204
1471,2015-11-05,2015,1,55,2,1,3.75232172,0.7746539,2.97766782,3.43327842,696.356275,331.494287,-8.16354836
1472,2015-11-06,2015,1,55,0,0,49.86335805,0.7746539,49.08870415,49.54431475,746.219633,380.582991,23.82348493
1473,2015-11-09,2015,1,56,1,0,-23.74052629,0.7746539,-24.5151802,-24.0595696,722.479107,356.067811,-94.92112773
1474,2015-11-10,2015,1,55,0,1,7.01366564,0.7746539,6.23901174,6.69462234,729.492772,362.306823,15.65553881
1475,2015-11-11,2015,1,55,0,0,-48.10616075,0.7746539,-48.88081465,-48.42520405,681.386611,313.426008,-87.14733079
1476,2015-11-12,2015,1,55,0,0,50.03258065,0.7746539,49.25792675,49.71353735,731.419192,362.683935,-163.25248421
1477,2015-11-13,2015,1,53,1,3,20.1448671,0.7746539,19.3702132,19.8258238,751.564059,382.054148,-78.29244146
1478,2015-11-16,2015,1,54,1,0,-41.97420273,0.7746539,-42.74885663,-42.29324603,709.589856,339.305291,132.37086803
1479,2015-11-17,2015,1,54,0,0,30.44022922,0.7746539,29.66557532,30.12118592,740.030086,368.970867,-23.35271906
1480,2015-11-18,2015,1,54,1,1,-1.67781066,0.7746539,-2.45246456,-1.99685396,738.352275,366.518402,158.62061582
1481,2015-11-19,2015,1,53,1,2,-26.7234335,0.7746539,-27.4980874,-27.0424768,711.628841,339.020315,-12.11853
1482,2015-11-20,2015,1,52,0,1,86.25648219,0.7746539,85.48182829,85.93743889,797.885324,424.502143,34.88584841
1483,2015-11-23,2015,1,51,1,2,25.98991293,0.7746539,25.21525903,25.67086963,823.875237,449.717402,15.94511622
1484,2015-11-24,2015,1,53,2,0,-58.73468241,0.7746539,-59.50933632,-59.05372572,765.140554,390.208066,61.94924791
1485,2015-11-25,2015,1,51,0,2,-2.50778677,0.7746539,-3.28244067,-2.82683007,762.632767,386.925625,44.07599374
1486,2015-11-27,2015,1,51,1,1,33.37987944,0.7746539,32.60522553,33.06083613,796.012647,419.530851,-0.39118532
1487,2015-11-30,2015,1,53,3,1,-93.18469628,0.7746539,-93.95935018,-93.50373958,702.827951,325.571501,-25.92917039
1488,2015-12-01,2015,1,53,0,0,33.84354043,0.7746539,33.06888653,33.52449713,736.671491,358.640387,61.92027149
1489,2015-12-02,2015,1,54,1,0,99.48283248,0.7746539,98.70817858,99.16378918,836.154323,457.348566,-107.46037382
1490,2015-12-03,2015,1,54,0,0,-22.63406235,0.7746539,-23.40871626,-22.95310566,813.520261,433.939849,-155.29878798
1491,2015-12-04,2015,1,53,0,1,117.49294174,0.7746539,116.71828784,117.17389844,931.013203,550.658137,92.96576572
1492,2015-12-07,2015,1,52,0,1,68.07098432,0.7746539,67.29633042,67.75194102,999.084187,617.954468,-162.97805517
1493,2015-12-08,2015,1,53,1,0,107.09278842,0.7746539,106.31813452,106.77374512,1106.176976,724.272602,-68.46080523
1494,2015-12-09,2015,1,54,1,0,-66.49423285,0.7746539,-67.26888675,-66.81327615,1039.682743,657.003715,-48.26745745
1495,2015-12-10,2015,1,54,0,0,-26.14461221,0.7746539,-26.91926611,-26.46365551,1013.538131,630.084449,30.83197068
1496,2015-12-11,2015,1,52,0,2,25.80187999,0.7746539,25.02722609,25.48283669,1039.340011,655.111675,-226.18755765
1497,2015-12-14,2015,1,53,1,0,54.84832528,0.7746539,54.07367138,54.52928198,1094.188336,709.185347,-57.92307916
1498,2015-12-15,2015,1,53,1,1,-35.44731541,0.7746539,-36.22196931,-35.76635871,1058.74102,672.963377,142.76335193
1499,2015-12-16,2015,1,52,0,1,-16.23657248,0.7746539,-17.01122638,-16.55561578,1042.504448,655.952151,151.5385405
1500,2015-12-17,2015,1,52,0,0,38.4054907,0.7746539,37.6308368,38.0864474,1080.909939,693.582988,-155.06843726
1501,2015-12-18,2015,1,51,0,1,-50.2918022,0.7746539,-51.0664561,-50.6108455,1030.618136,642.516532,-109.09846309
1502,2015-12-21,2015,1,52,1,0,-37.42608381,0.7746539,-38.20073771,-37.74512711,993.192053,604.315794,83.60690566
1503,2015-12-22,2015,1,52,1,1,-47.86368522,0.7746539,-48.63833912,-48.18272852,945.328367,555.677455,113.72198842
1504,2015-12-23,2015,1,51,0,1,-80.39103778,0.7746539,-81.16569168,-80.71008109,864.93733,474.511763,186.13071223
1505,2015-12-24,2015,1,50,0,1,28.31469846,0.7746539,27.54004456,27.99565515,893.252028,502.051808,1.09339865
1506,2015-12-28,2015,1,51,1,0,57.30715233,0.7746539,56.53249843,56.98810903,950.55918,558.584306,-66.31528798
1507,2015-12-29,2015,1,52,1,0,18.59122006,0.7746539,17.81656616,18.27217676,969.1504,576.400872,85.30669738
1508,2015-12-30,2015,1,52,0,0,18.60772652,0.7746539,17.83307262,18.28868322,987.758127,594.233945,-91.85701852
1509,2015-12-31,2015,1,52,0,0,-23.76689155,0.7746539,-24.54154546,-24.08593486,963.991235,569.6924,-62.5407623
1510,2016-01-04,2016,1,51,0,1,-91.79084825,0.7746539,-92.56550215,-92.10989155,872.200387,477.126897,-140.45579927
1511,2016-01-05,2016,1,51,0,0,45.52382341,0.7746539,44.74916951,45.20478011,917.724211,521.876067,-4.49524072
1512,2016-01-06,2016,1,51,0,0,99.49045345,0.7746539,98.71579955,99.17141015,1017.214664,620.591866,-178.33261493
1513,2016-01-07,2016,1,51,0,0,-0.21584747,0.7746539,-0.99050137,-0.53489077,1016.998817,619.601365,-266.63498317
1514,2016-01-08,2016,1,51,0,0,-46.38689166,0.7746539,-47.16154556,-46.70593496,970.611925,572.43982,-137.26633438
1515,2016-01-11,2016,1,51,0,0,-44.26046885,0.7746539,-45.03512275,-44.57951215,926.351456,527.404697,-88.87981127
1516,2016-01-12,2016,1,50,0,1,83.69053844,0.7746539,82.91588454,83.37149514,1010.041995,610.320581,43.72897651
1517,2016-01-13,2016,1,50,1,1,-17.52882936,0.7746539,-18.30348326,-17.84787266,992.513165,592.017098,-286.27386486
1518,2016-01-14,2016,1,50,0,0,36.58816312,0.7746539,35.81350922,36.26911982,1029.101328,627.830607,142.63803696
1519,2016-01-15,2016,1,50,0,0,48.68030965,0.7746539,47.90565575,48.36126635,1077.781638,675.736263,-208.41455827
1520,2016-01-19,2016,1,49,0,1,24.35537684,0.7746539,23.58072294,24.03633354,1102.137015,699.316986,-108.95119321
1521,2016-01-20,2016,1,49,0,0,98.514467,0.7746539,97.7398131,98.1954237,1200.651482,797.056799,-67.19271809
1522,2016-01-21,2016,1,49,0,0,-92.77784387,0.7746539,-93.55249777,-93.09688717,1107.873638,703.504301,83.29405065
1523,2016-01-22,2016,1,51,2,0,-71.49136003,0.7746539,-72.26601393,-71.81040333,1036.382278,631.238287,252.9725019
1524,2016-01-25,2016,1,50,0,1,81.32091552,0.7746539,80.54626162,81.00187222,1117.703193,711.784549,-214.47945531
1525,2016-01-26,2016,1,49,2,3,-75.60606691,0.7746539,-76.38072081,-75.92511021,1042.097126,635.403828,216.72466394
1526,2016-01-27,2016,1,49,0,0,-38.31398251,0.7746539,-39.08863642,-38.63302582,1003.783144,596.315192,-109.44456327
1527,2016-01-28,2016,1,49,0,0,17.6275971,0.7746539,16.85294319,17.30855379,1021.410741,613.168135,8.32338852
1528,2016-01-29,2016,1,50,2,1,5.80512235,0.7746539,5.03046845,5.48607905,1027.215863,618.198603,303.30331778
1529,2016-02-01,2016,1,50,0,0,-19.646309,0.7746539,-20.4209629,-19.9653523,1007.569554,597.777641,-7.14076216
1530,2016-02-02,2016,1,51,1,0,31.16884314,0.7746539,30.39418924,30.84979984,1038.738398,628.17183,-239.71954972
1531,2016-02-03,2016,1,51,0,0,-119.6697762,0.7746539,-120.4444301,-119.9888195,919.068621,507.7274,75.86450919
1532,2016-02-04,2016,1,51,1,1,-133.26629431,0.7746539,-134.04094821,-133.58533761,785.802327,373.686451,94.55906716
1533,2016-02-05,2016,1,52,1,0,-101.97902775,0.7746539,-102.75368166,-102.29807106,683.823299,270.93277,-235.56049624
1534,2016-02-08,2016,1,51,0,1,48.00232277,0.7746539,47.22766886,47.68327946,731.825622,318.160439,-255.59922048
1535,2016-02-09,2016,1,52,2,1,133.23448634,0.7746539,132.45983244,132.91544304,865.060108,450.620271,-88.24303727
1536,2016-02-10,2016,1,52,0,0,-24.31412519,0.7746539,-25.08877909,-24.63316849,840.745983,425.531492,4.0906321
1537,2016-02-11,2016,1,54,2,0,102.22784801,0.7746539,101.45319411,101.90880471,942.973831,526.984686,-130.05622198
1538,2016-02-12,2016,1,54,0,0,-85.73273518,0.7746539,-86.50738908,-86.05177848,857.241096,440.477297,243.72165473
1539,2016-02-16,2016,1,54,0,0,-19.07259534,0.7746539,-19.84724924,-19.39163864,838.168501,420.630048,247.9337301
1540,2016-02-17,2016,1,53,1,2,-52.03305584,0.7746539,-52.80770974,-52.35209914,786.135445,367.822338,228.14436134
1541,2016-02-18,2016,1,56,3,0,-33.23467602,0.7746539,-34.00932992,-33.55371932,752.900769,333.813008,-41.41604263
1542,2016-02-19,2016,1,56,1,1,101.95244413,0.7746539,101.17779023,101.63340083,854.853213,434.990798,-8.06352008
1543,2016-02-22,2016,1,57,1,0,-41.34934004,0.7746539,-42.12399394,-41.66838334,813.503873,392.866804,169.87510244
1544,2016-02-23,2016,1,58,1,0,83.1044297,0.7746539,82.3297758,82.7853864,896.608303,475.19658,-136.98068559
1545,2016-02-24,2016,1,55,0,3,77.93271521,0.7746539,77.15806131,77.61367191,974.541018,552.354642,77.17993094
1546,2016-02-25,2016,1,55,1,1,-9.70945468,0.7746539,-10.48410858,-10.02849798,964.831563,541.870533,86.37698312
1547,2016-02-26,2016,1,54,0,1,-66.87950687,0.7746539,-67.65416078,-67.19855018,897.952056,474.216372,74.87909308
1548,2016-02-29,2016,1,56,2,0,-51.1760063,0.7746539,-51.95066021,-51.49504961,846.77605,422.265712,-22.86535647
1549,2016-03-01,2016,1,56,2,2,-26.36522298,0.7746539,-27.13987688,-26.68426628,820.410827,395.125835,215.24024157
1550,2016-03-02,2016,1,57,1,0,-90.50754905,0.7746539,-91.28220295,-90.82659235,729.903278,303.843632,130.03340192
1551,2016-03-03,2016,1,56,0,1,-116.68152582,0.7746539,-117.45617972,-117.00056912,613.221752,186.387452,112.04488089
1552,2016-03-04,2016,1,54,2,4,3.0544883,0.7746539,2.2798344,2.735445,616.27624,188.667287,67.07490209
1553,2016-03-07,2016,1,54,1,1,-123.11704916,0.7746539,-123.89170307,-123.43609247,493.159191,64.775584,91.2552006
1554,2016-03-08,2016,1,52,0,2,180.06533396,0.7746539,179.29068006,179.74629066,673.224525,244.066264,-232.90364449
1555,2016-03-09,2016,1,53,3,2,7.46537311,0.7746539,6.69071921,7.14632981,680.689898,250.756983,58.82344712
1556,2016-03-10,2016,1,52,2,3,-6.77820027,0.7746539,-7.55285417,-7.09724357,673.911698,243.204129,-35.15001182
1557,2016-03-11,2016,1,54,2,0,-101.39591427,0.7746539,-102.17056817,-101.71495757,572.515784,141.033561,214.0426963
1558,2016-03-14,2016,1,53,0,1,-12.21871037,0.7746539,-12.99336428,-12.53775368,560.297073,128.040196,-2.69883812
1559,2016-03-15,2016,1,54,1,0,83.02949808,0.7746539,82.25484418,82.71045478,643.326572,210.295041,-132.88061713
1560,2016-03-16,2016,1,53,0,1,-0.10101665,0.7746539,-0.87567056,-0.42005996,643.225555,209.41937,117.87565863
1561,2016-03-17,2016,1,52,0,1,-52.80526835,0.7746539,-53.57992225,-53.12431165,590.420287,155.839448,129.22675221
1562,2016-03-18,2016,1,52,1,1,-39.90800249,0.7746539,-40.68265639,-40.2270458,550.512284,115.156791,56.33913622
1563,2016-03-21,2016,1,52,0,0,10.04192237,0.7746539,9.26726847,9.72287907,560.554206,124.42406,-12.26809611
1564,2016-03-22,2016,1,53,1,0,-14.85154883,0.7746539,-15.62620273,-15.17059213,545.702658,108.797857,7.15631443
1565,2016-03-23,2016,1,54,1,0,95.51844333,0.7746539,94.74378942,95.19940002,641.221101,203.541647,-184.04509689
1566,2016-03-24,2016,1,52,1,3,-1.53666571,0.7746539,-2.31131961,-1.85570901,639.684435,201.230327,11.90249748
1567,2016-03-28,2016,1,53,1,0,30.3666879,0.7746539,29.59203399,30.04764459,670.051123,230.822361,10.06156068
1568,2016-03-29,2016,1,53,0,0,10.75958596,0.7746539,9.98493206,10.44054266,680.810709,240.807293,179.05174555
1569,2016-03-30,2016,1,52,0,1,8.42383279,0.7746539,7.64917889,8.10478949,689.234542,248.456472,40.17175725
1570,2016-03-31,2016,1,54,2,0,-53.26046998,0.7746539,-54.03512388,-53.57951328,635.974072,194.421348,30.42935593
1571,2016-04-01,2016,1,53,0,1,111.15799261,0.7746539,110.38333871,110.83894931,747.132064,304.804687,21.13903025
1572,2016-04-04,2016,1,53,0,0,-4.52808283,0.7746539,-5.30273673,-4.84712613,742.603982,299.50195,-76.18230284
1573,2016-04-05,2016,1,53,0,0,50.31367427,0.7746539,49.53902037,49.99463097,792.917656,349.04097,-99.07449553
1574,2016-04-06,2016,1,54,1,0,-12.29381312,0.7746539,-13.06846702,-12.61285642,780.623843,335.972503,128.34515038
1575,2016-04-07,2016,1,54,0,0,43.2632285,0.7746539,42.4885746,42.9441852,823.887071,378.461078,-126.91704945
1576,2016-04-08,2016,1,56,2,0,-36.84570523,0.7746539,-37.62035913,-37.16474853,787.041366,340.840719,69.33600454
1577,2016-04-11,2016,1,56,0,0,-16.36883621,0.7746539,-17.14349011,-16.68787951,770.67253,323.697229,-7.12194071
1578,2016-04-12,2016,1,56,0,0,-82.02787337,0.7746539,-82.80252728,-82.34691668,688.644657,240.894701,130.0652882
1579,2016-04-13,2016,1,56,0,0,-79.29861472,0.7746539,-80.07326863,-79.61765803,609.346042,160.821433,181.24976469
1580,2016-04-14,2016,1,55,0,1,-36.99791181,0.7746539,-37.77256572,-37.31695512,572.34813,123.048867,-28.57282112
1581,2016-04-15,2016,1,53,0,2,32.8279285,0.7746539,32.05327459,32.50888519,605.176058,155.102142,9.65324614
1582,2016-04-18,2016,1,54,1,0,6.00503827,0.7746539,5.23038436,5.68599496,611.181097,160.332526,47.32313317
1583,2016-04-19,2016,1,53,0,1,-44.94716057,0.7746539,-45.72181447,-45.26620387,566.233936,114.610712,65.80092012
1584,2016-04-20,2016,1,53,0,0,-66.84926859,0.7746539,-67.62392249,-67.16831189,499.384668,46.986789,20.75513118
1585,2016-04-21,2016,1,53,0,0,-66.06222135,0.7746539,-66.83687525,-66.38126465,433.322446,-19.850086,-47.52163397
1586,2016-04-22,2016,1,53,0,0,-24.78430536,0.7746539,-25.55895926,-25.10334866,408.538141,-45.409045,72.6152483
1587,2016-04-25,2016,1,52,0,1,53.48486801,0.7746539,52.71021411,53.16582471,462.023009,7.301169,-67.86009743
1588,2016-04-26,2016,1,52,0,0,-27.63762884,0.7746539,-28.41228274,-27.95667214,434.38538,-21.111114,78.29432397
1589,2016-04-27,2016,1,52,0,0,-55.74128151,0.7746539,-56.51593541,-56.06032481,378.644099,-77.627049,55.76357416
1590,2016-04-28,2016,1,52,0,0,83.70377061,0.7746539,82.9291167,83.3847273,462.347869,5.302067,-113.45086488
1591,2016-04-29,2016,1,53,1,0,33.31403143,0.7746539,32.53937753,32.99498813,495.661901,37.841445,-58.399472
1592,2016-05-02,2016,1,51,0,2,73.78247294,0.7746539,73.00781904,73.46342964,569.444374,110.849264,60.12657012
1593,2016-05-03,2016,1,53,2,0,69.89487701,0.7746539,69.12022311,69.57583371,639.339251,179.969487,-151.43425646
1594,2016-05-04,2016,1,53,0,0,20.78873165,0.7746539,20.01407775,20.46968835,660.127982,199.983565,-63.31279473
1595,2016-05-05,2016,1,53,0,0,36.25680793,0.7746539,35.48215403,35.93776463,696.38479,235.465719,-25.49189454
1596,2016-05-06,2016,1,53,0,0,62.10541084,0.7746539,61.33075694,61.78636754,758.490201,296.796476,35.61387326
1597,2016-05-09,2016,1,54,1,0,59.7914176,0.7746539,59.0167637,59.4723743,818.281619,355.813239,-26.06932573
1598,2016-05-10,2016,1,54,0,0,-61.3437065,0.7746539,-62.1183604,-61.6627498,756.937912,293.694879,118.163682
1599,2016-05-11,2016,1,54,1,1,28.42864625,0.7746539,27.65399234,28.10960294,785.366558,321.348871,-88.46860975
1600,2016-05-12,2016,1,55,2,1,60.65224936,0.7746539,59.87759545,60.33320605,846.018808,381.226467,-39.55613415
1601,2016-05-13,2016,1,56,1,0,18.65737965,0.7746539,17.88272575,18.33833635,864.676187,399.109192,-76.39269298
1602,2016-05-16,2016,1,56,1,1,-16.78945493,0.7746539,-17.56410883,-17.10849823,847.886732,381.545084,122.2047861
1603,2016-05-17,2016,1,56,0,0,-116.78897668,0.7746539,-117.56363058,-117.10801998,731.097756,263.981453,-76.30478681
1604,2016-05-18,2016,1,56,0,0,0.79548634,0.7746539,0.02083244,0.47644304,731.893242,264.002286,-24.80891298
1605,2016-05-19,2016,1,57,1,0,4.86834322,0.7746539,4.09368932,4.54929992,736.761585,268.095975,-46.25027325
1606,2016-05-20,2016,1,57,0,0,-26.27657057,0.7746539,-27.05122447,-26.59561387,710.485015,241.04475,127.28974998
1607,2016-05-23,2016,1,58,1,0,-18.99528882,0.7746539,-19.76994272,-19.31433212,691.489726,221.274808,-6.53355249
1608,2016-05-24,2016,1,57,0,1,-19.3363755,0.7746539,-20.11102941,-19.65541881,672.15335,201.163778,141.67625582
1609,2016-05-25,2016,1,57,0,0,-91.28504213,0.7746539,-92.05969603,-91.60408543,580.868308,109.104082,92.984568
1610,2016-05-26,2016,1,59,2,0,2.29815661,0.7746539,1.5235027,1.9791133,583.166465,110.627585,-8.75994254
1611,2016-05-27,2016,1,59,1,1,-41.59104516,0.7746539,-42.36569906,-41.91008846,541.57542,68.261886,55.46728652
1612,2016-05-31,2016,1,60,1,0,27.66206986,0.7746539,26.88741596,27.34302656,569.23749,95.149302,29.70337375
1613,2016-06-01,2016,1,58,0,2,4.72672329,0.7746539,3.95206939,4.40767999,573.964213,99.101371,39.47389405
1614,2016-06-02,2016,1,58,1,1,-20.05817767,0.7746539,-20.83283158,-20.37722098,553.906035,78.26854,68.19818396
1615,2016-06-03,2016,1,58,0,0,95.56652057,0.7746539,94.79186667,95.24747727,649.472556,173.060406,-30.90448138
1616,2016-06-06,2016,1,59,2,1,-73.28353752,0.7746539,-74.05819142,-73.60258082,576.189018,99.002215,94.16757421
1617,2016-06-07,2016,1,58,0,1,22.61351689,0.7746539,21.83886299,22.29447359,598.802535,120.841078,35.60274453
1618,2016-06-08,2016,1,57,0,1,61.64038066,0.7746539,60.86572676,61.32133736,660.442916,181.706805,51.27606335
1619,2016-06-09,2016,1,56,0,1,79.92424748,0.7746539,79.14959358,79.60520418,740.367163,260.856398,-60.50977493
1620,2016-06-10,2016,1,56,0,0,51.99829027,0.7746539,51.22363637,51.67924697,792.365454,312.080035,-168.4773731
1621,2016-06-13,2016,1,56,0,0,13.3159778,0.7746539,12.54132389,12.99693449,805.681431,324.621358,-104.00609743
1622,2016-06-14,2016,1,55,0,1,22.54803125,0.7746539,21.77337735,22.22898795,828.229463,346.394736,-49.45226018
1623,2016-06-15,2016,1,55,0,0,-19.74179981,0.7746539,-20.51645371,-20.06084311,808.487663,325.878282,26.86829547
1624,2016-06-16,2016,1,55,0,0,1.59911622,0.7746539,0.82446232,1.28007292,810.086779,326.702744,-23.09638253
1625,2016-06-17,2016,1,55,1,1,-43.8391103,0.7746539,-44.6137642,-44.1581536,766.247669,282.08898,14.08038468
1626,2016-06-20,2016,1,56,2,1,-12.16954878,0.7746539,-12.94420268,-12.48859208,754.07812,269.144778,118.27110376
1627,2016-06-21,2016,1,58,2,0,-5.08753702,0.7746539,-5.86219092,-5.40658032,748.990583,263.282587,-10.45581723
1628,2016-06-22,2016,1,59,1,0,-16.4531476,0.7746539,-17.2278015,-16.7721909,732.537435,246.054785,-27.77203835
1629,2016-06-23,2016,1,60,1,0,-91.32173002,0.7746539,-92.09638393,-91.64077333,641.215705,153.958401,175.51470006
1630,2016-06-24,2016,1,60,0,0,191.1772777,0.7746539,190.4026238,190.8582344,832.392983,344.361025,-405.89132662
1631,2016-06-27,2016,1,60,1,1,155.7934565,0.7746539,155.0188026,155.4744132,988.186439,499.379828,-315.17440639
1632,2016-06-28,2016,1,60,0,0,-29.87616623,0.7746539,-30.65082013,-30.19520953,958.310273,468.729007,210.51555781
1633,2016-06-29,2016,1,59,0,1,-80.23553921,0.7746539,-81.01019311,-80.55458251,878.074734,387.718814,210.51692344
1634,2016-06-30,2016,1,60,1,0,27.26192017,0.7746539,26.48726627,26.94287687,905.336654,414.206081,154.77542784
1635,2016-07-01,2016,1,60,1,1,7.53787051,0.7746539,6.7632166,7.2188272,912.874525,420.969297,62.85120018
1636,2016-07-05,2016,1,60,1,1,145.18688887,0.7746539,144.41223496,144.86784556,1058.061414,565.381532,-145.34883542
1637,2016-07-06,2016,1,59,0,1,33.55196864,0.7746539,32.77731474,33.23292534,1091.613382,598.158847,64.40622207
1638,2016-07-07,2016,1,60,2,1,-63.79569847,0.7746539,-64.57035237,-64.11474177,1027.817684,533.588495,15.79210278
1639,2016-07-08,2016,1,60,1,1,-32.34278242,0.7746539,-33.11743632,-32.66182573,995.474901,500.471058,207.45197055
1640,2016-07-11,2016,1,61,1,0,-7.57858765,0.7746539,-8.35324155,-7.89763095,987.896314,492.117817,78.76585764
1641,2016-07-12,2016,1,60,0,1,-113.99976475,0.7746539,-114.77441865,-114.31880805,873.896549,377.343398,140.07328142
1642,2016-07-13,2016,1,60,0,0,49.60158756,0.7746539,48.82693366,49.28254426,923.498136,426.170332,-35.30031853
1643,2016-07-14,2016,1,59,0,1,-26.39234921,0.7746539,-27.16700311,-26.71139251,897.105787,399.003329,31.27451207
1644,2016-07-15,2016,1,58,0,1,-9.11691924,0.7746539,-9.89157314,-9.43596254,887.988868,389.111755,-0.78273339
1645,2016-07-18,2016,1,58,0,0,-33.94540044,0.7746539,-34.72005434,-34.26444374,854.043468,354.391701,40.86764349
1646,2016-07-19,2016,1,58,0,0,16.76592147,0.7746539,15.99126757,16.44687817,870.809389,370.382969,-56.46586327
1647,2016-07-20,2016,1,54,0,4,-72.62537788,0.7746539,-73.40003178,-72.94442118,798.184011,296.982937,63.37116998
1648,2016-07-21,2016,1,53,0,1,2.73078117,0.7746539,1.95612727,2.41173787,800.914792,298.939064,-28.04505568
1649,2016-07-22,2016,1,53,1,1,18.13829804,0.7746539,17.36364414,17.81925474,819.05309,316.302708,56.76856763
1650,2016-07-25,2016,1,52,0,1,2.52157703,0.7746539,1.74692312,2.20253372,821.574667,318.049631,-36.38041627
1651,2016-07-26,2016,1,52,1,1,26.90015082,0.7746539,26.12549692,26.58110752,848.474818,344.175128,60.69449558
1652,2016-07-27,2016,1,54,2,0,27.59881287,0.7746539,26.82415897,27.27976957,876.073631,370.999287,-6.24764844
1653,2016-07-28,2016,1,55,1,0,23.42730495,0.7746539,22.65265104,23.10826164,899.500936,393.651938,1.3405678
1654,2016-07-29,2016,1,55,0,0,-3.80456928,0.7746539,-4.57922318,-4.12361258,895.696367,389.072715,34.13589619
1655,2016-08-01,2016,1,55,0,0,26.23984002,0.7746539,25.46518612,25.92079672,921.936207,414.537901,-44.22884559
1656,2016-08-02,2016,1,56,1,0,65.88247898,0.7746539,65.10782508,65.56343568,987.818686,479.645726,-120.33319457
1657,2016-08-03,2016,1,56,0,0,-102.88219289,0.7746539,-103.65684679,-103.20123619,884.936493,375.98888,79.79590251
1658,2016-08-04,2016,1,56,0,0,12.62005649,0.7746539,11.84540259,12.30101319,897.556549,387.834282,3.81260376
1659,2016-08-05,2016,1,55,0,1,-18.55005605,0.7746539,-19.32470995,-18.86909935,879.006493,368.509572,107.96918815
1660,2016-08-08,2016,1,55,0,0,-24.04277812,0.7746539,-24.81743202,-24.36182142,854.963715,343.69214,6.30112734
1661,2016-08-09,2016,1,56,1,0,31.82531158,0.7746539,31.05065768,31.50626828,886.789027,374.742798,9.82718334
1662,2016-08-10,2016,1,57,1,0,59.30592897,0.7746539,58.53127507,58.98688567,946.094956,433.274073,-39.59712576
1663,2016-08-11,2016,1,56,0,1,-49.23100491,0.7746539,-50.00565881,-49.55004821,896.863951,383.268414,59.79267823
1664,2016-08-12,2016,1,56,1,1,-11.93189537,0.7746539,-12.70654928,-12.25093868,884.932055,370.561865,-0.2562804
1665,2016-08-15,2016,1,57,1,0,-54.97230486,0.7746539,-55.74695876,-55.29134816,829.959751,314.814906,95.97198725
1666,2016-08-16,2016,1,58,1,0,-53.26089913,0.7746539,-54.03555304,-53.57994244,776.698851,260.779353,-71.88267591
1667,2016-08-17,2016,1,58,0,0,3.46492471,0.7746539,2.69027081,3.14588141,780.163776,263.469624,-17.55613087
1668,2016-08-18,2016,1,58,1,1,22.74040976,0.7746539,21.96575586,22.42136646,802.904186,285.43538,75.51569567
1669,2016-08-19,2016,1,58,1,1,-26.04763896,0.7746539,-26.82229286,-26.36668226,776.856547,258.613087,-12.78963614
1670,2016-08-22,2016,1,57,0,1,8.78771865,0.7746539,8.01306475,8.46867535,785.644266,266.626152,4.44121119
1671,2016-08-23,2016,1,57,0,0,-49.66064526,0.7746539,-50.43529916,-49.97968856,735.98362,216.190852,53.16438698
1672,2016-08-24,2016,1,53,0,4,-30.11348409,0.7746539,-30.888138,-30.4325274,705.870136,185.302714,-93.45125947
1673,2016-08-25,2016,1,54,1,0,21.99552625,0.7746539,21.22087235,21.67648295,727.865663,206.523587,10.42878676
1674,2016-08-26,2016,1,54,1,1,-39.20851233,0.7746539,-39.98316623,-39.52755563,688.65715,166.540421,-24.57540876
1675,2016-08-29,2016,1,54,0,0,-27.61190573,0.7746539,-28.38655963,-27.93094903,661.045244,138.153861,64.89597194
1676,2016-08-30,2016,1,54,1,1,-68.71273624,0.7746539,-69.48739014,-69.03177954,592.332508,68.666471,-17.05889626
1677,2016-08-31,2016,1,52,0,2,-27.14869294,0.7746539,-27.92334684,-27.46773624,565.183815,40.743124,-46.90784514
1678,2016-09-01,2016,1,53,1,0,86.36748734,0.7746539,85.59283344,86.04844404,651.551303,126.335957,1.90193493
1679,2016-09-02,2016,1,54,1,0,27.71007166,0.7746539,26.93541775,27.39102835,679.261374,153.271375,88.57044885
1680,2016-09-06,2016,1,55,2,1,66.18741966,0.7746539,65.41276575,65.86837635,745.448794,218.684141,32.22929698
1681,2016-09-07,2016,1,56,1,0,-35.99719038,0.7746539,-36.77184428,-36.31623368,709.451604,181.912297,29.26795366
1682,2016-09-08,2016,1,54,0,2,-50.07684416,0.7746539,-50.85149806,-50.39588746,659.374759,131.060799,-27.46025662
1683,2016-09-09,2016,1,54,1,1,-107.81865417,0.7746539,-108.59330807,-108.13769747,551.556105,22.467491,-292.14905367
1684,2016-09-12,2016,1,54,0,0,24.56488784,0.7746539,23.79023394,24.24584454,576.120993,46.257724,137.12215156
1685,2016-09-13,2016,1,55,1,0,-72.84524258,0.7746539,-73.61989648,-73.16428588,503.275751,-27.362172,-183.44709137
1686,2016-09-14,2016,1,56,1,0,-1.36457244,0.7746539,-2.13922635,-1.68361575,501.911178,-29.501398,-8.60553798
1687,2016-09-15,2016,1,58,2,0,29.30612179,0.7746539,28.53146789,28.98707849,531.2173,-0.96993,105.30605777
1688,2016-09-16,2016,1,57,1,2,-13.80821763,0.7746539,-14.58287153,-14.12726093,517.409082,-15.552802,-39.08983117
1689,2016-09-19,2016,1,56,0,1,56.14502483,0.7746539,55.37037092,55.82598152,573.554107,39.817569,51.16558082
1690,2016-09-20,2016,1,55,0,1,2.83408706,0.7746539,2.05943315,2.51504375,576.388194,41.877002,-26.96294598
1691,2016-09-21,2016,1,56,1,0,106.30235111,0.7746539,105.52769721,105.98330781,682.690545,147.404699,152.84909167
1692,2016-09-22,2016,1,57,1,0,-11.15607752,0.7746539,-11.93073142,-11.47512082,671.534468,135.473968,109.35910488
1693,2016-09-23,2016,1,57,0,0,-41.97672606,0.7746539,-42.75137996,-42.29576936,629.557742,92.722588,-68.15223134
1694,2016-09-26,2016,1,55,0,2,14.51352866,0.7746539,13.73887476,14.19448536,644.07127,106.461463,-84.21812544
1695,2016-09-27,2016,1,57,2,0,26.90785588,0.7746539,26.13320198,26.58881258,670.979126,132.594665,36.39874139
1696,2016-09-28,2016,1,58,2,1,35.23593901,0.7746539,34.46128511,34.91689571,706.215065,167.05595,98.97537619
1697,2016-09-29,2016,1,56,0,2,-15.26837729,0.7746539,-16.0430312,-15.5874206,690.946688,151.012919,-110.11068091
1698,2016-09-30,2016,1,55,0,1,-32.05959756,0.7746539,-32.83425147,-32.37864087,658.88709,118.178667,90.46892089
1699,2016-10-03,2016,1,56,1,0,52.93407767,0.7746539,52.15942377,52.61503436,711.821168,170.338091,-40.68933624
1700,2016-10-04,2016,1,56,0,0,-103.85239855,0.7746539,-104.62705245,-104.17144185,607.968769,65.711038,-72.44533102
1701,2016-10-05,2016,1,55,0,1,24.75663893,0.7746539,23.98198503,24.43759563,632.725408,89.693023,65.04670503
1702,2016-10-06,2016,1,56,1,0,10.37305321,0.7746539,9.59839931,10.05400991,643.098462,99.291423,-13.07372547
1703,2016-10-07,2016,1,56,1,1,-29.35573133,0.7746539,-30.13038524,-29.67477464,613.74273,69.161037,-57.16815178
1704,2016-10-10,2016,1,55,1,2,20.70910107,0.7746539,19.93444717,20.39005777,634.451831,89.095485,83.08506481
1705,2016-10-11,2016,1,55,0,0,-30.76358195,0.7746539,-31.53823585,-31.08262525,603.688249,57.557249,-165.40455468
1706,2016-10-12,2016,1,54,0,1,50.52397552,0.7746539,49.74932161,50.20493221,654.212225,107.30657,-1.68387858
1707,2016-10-13,2016,1,54,1,1,-8.65777575,0.7746539,-9.43242965,-8.97681905,645.554449,97.874141,-50.73235718
1708,2016-10-14,2016,1,54,1,1,-11.44500979,0.7746539,-12.2196637,-11.7640531,634.109439,85.654477,-25.6524129
1709,2016-10-17,2016,1,56,2,0,55.85856068,0.7746539,55.08390678,55.53951738,689.968,140.738384,-20.11638919
1710,2016-10-18,2016,1,56,0,0,42.85653586,0.7746539,42.08188196,42.53749256,732.824536,182.820266,71.20155662
1711,2016-10-19,2016,1,57,1,0,-9.34913096,0.7746539,-10.12378486,-9.66817426,723.475405,172.696481,54.32087342
1712,2016-10-20,2016,1,57,0,0,-1.25659364,0.7746539,-2.03124754,-1.57563694,722.218811,170.665233,-13.7378711
1713,2016-10-21,2016,1,56,0,1,-14.56916309,0.7746539,-15.34381699,-14.88820639,707.649648,155.321416,-11.01762542
1714,2016-10-24,2016,1,54,0,2,7.38856103,0.7746539,6.61390713,7.06951773,715.038209,161.935324,34.80487686
1715,2016-10-25,2016,1,54,0,0,-8.60599018,0.7746539,-9.38064409,-8.92503349,706.432219,152.554679,-86.19811294
1716,2016-10-26,2016,1,53,0,1,-111.10653037,0.7746539,-111.88118427,-111.42557367,595.325689,40.673495,-54.41524329
1717,2016-10-27,2016,1,53,1,1,-12.53539995,0.7746539,-13.31005385,-12.85444325,582.790289,27.363441,-105.366311
1718,2016-10-28,2016,1,54,2,1,51.71636012,0.7746539,50.94170622,51.39731682,634.506649,78.305148,-8.64056571
1719,2016-10-31,2016,1,53,2,3,53.99990163,0.7746539,53.22524773,53.68085833,688.50655,131.530395,20.41161817
1720,2016-11-01,2016,1,52,0,1,5.41490968,0.7746539,4.64025578,5.09586638,693.92146,136.170651,-83.66946156
1721,2016-11-02,2016,1,53,1,0,-16.03125307,0.7746539,-16.80590698,-16.35029638,677.890207,119.364744,-110.10740086
1722,2016-11-03,2016,1,53,0,0,23.01995957,0.7746539,22.24530567,22.70091627,700.910167,141.61005,-63.40588831
1723,2016-11-04,2016,1,53,0,0,-11.96746911,0.7746539,-12.74212301,-12.28651241,688.942698,128.867927,26.07371266
1724,2016-11-07,2016,1,54,1,0,-9.63046207,0.7746539,-10.40511597,-9.94950537,679.312235,118.462811,215.27900751
1725,2016-11-08,2016,1,52,0,2,48.33511001,0.7746539,47.56045611,48.01606671,727.647346,166.023267,29.06156385
1726,2016-11-09,2016,1,52,0,0,39.16085496,0.7746539,38.38620106,38.84181166,766.8082,204.409468,175.16898261
1727,2016-11-10,2016,1,51,0,1,-231.52776657,0.7746539,-232.30242047,-231.84680987,535.280434,-27.892953,53.22326032
1728,2016-11-11,2016,1,49,0,2,-75.3257126,0.7746539,-76.1003665,-75.6447559,459.954721,-103.993319,73.15105505
1729,2016-11-14,2016,1,50,1,0,-26.66213607,0.7746539,-27.43678998,-26.98117938,433.292585,-131.430109,106.37770261
1730,2016-11-15,2016,1,50,1,1,171.48705574,0.7746539,170.71240184,171.16801244,604.779641,39.282293,80.09015898
1731,2016-11-16,2016,1,50,0,0,-21.56638451,0.7746539,-22.34103841,-21.88542781,583.213256,16.941254,-18.51070007
1732,2016-11-17,2016,1,50,1,1,10.31303104,0.7746539,9.53837713,9.99398773,593.526287,26.479632,33.47075319
1733,2016-11-18,2016,1,50,0,0,13.49135897,0.7746539,12.71670507,13.17231567,607.017646,39.196337,1.91535801
1734,2016-11-21,2016,1,50,0,0,56.61997951,0.7746539,55.84532561,56.30093621,663.637626,95.041662,67.68039665
1735,2016-11-22,2016,1,50,1,1,60.48652325,0.7746539,59.71186934,60.16747994,724.124149,154.753532,47.93257176
1736,2016-11-23,2016,1,49,0,1,-27.10869226,0.7746539,-27.88334616,-27.42773556,697.015457,126.870185,42.43941497
1737,2016-11-25,2016,1,49,0,0,-2.3716307,0.7746539,-3.1462846,-2.690674,694.643826,123.723901,31.36466556
1738,2016-11-28,2016,1,49,1,1,31.30691597,0.7746539,30.53226207,30.98787267,725.950742,154.256163,-101.76781002
1739,2016-11-29,2016,1,49,0,0,-10.87956224,0.7746539,-11.65421614,-11.19860554,715.07118,142.601947,-9.86287434
1740,2016-11-30,2016,1,50,1,0,49.57012159,0.7746539,48.79546768,49.25107828,764.641302,191.397414,-4.10489345
1741,2016-12-01,2016,1,52,2,0,-125.20001876,0.7746539,-125.97467267,-125.51906207,639.441283,65.422742,-73.72652649
1742,2016-12-02,2016,1,53,1,0,50.22192034,0.7746539,49.44726644,49.90287704,689.663203,114.870008,14.69254238
1743,2016-12-05,2016,1,53,0,0,23.62780579,0.7746539,22.85315189,23.30876249,713.291009,137.72316,122.82599121
1744,2016-12-06,2016,1,54,2,1,-19.77485415,0.7746539,-20.54950805,-20.09389745,693.516155,117.173652,76.25282622
1745,2016-12-07,2016,1,54,0,0,-4.96446537,0.7746539,-5.73911927,-5.28350867,688.551689,111.434533,101.18952076
1746,2016-12-08,2016,1,54,1,1,-50.34799642,0.7746539,-51.12265032,-50.66703972,638.203693,60.311882,102.6232096
1747,2016-12-09,2016,1,53,0,1,-36.71914487,0.7746539,-37.49379877,-37.03818817,601.484548,22.818084,14.34579872
1748,2016-12-12,2016,1,52,1,2,-3.85332287,0.7746539,-4.62797677,-4.17236617,597.631225,18.190107,-82.30959354
1749,2016-12-13,2016,1,48,1,5,-40.22169087,0.7746539,-40.99634477,-40.54073417,557.409534,-22.806238,27.76512003
1750,2016-12-14,2016,1,49,1,0,-34.57572352,0.7746539,-35.35037743,-34.89476683,522.833811,-58.156615,-130.94691371
1751,2016-12-15,2016,1,48,0,1,13.42284062,0.7746539,12.64818672,13.10379732,536.256651,-45.508429,38.59456611
1752,2016-12-16,2016,1,50,2,0,-116.2321653,0.7746539,-117.0068192,-116.5512086,420.024486,-162.515248,-11.77985008
1753,2016-12-19,2016,1,49,0,1,-0.0219499,0.7746539,-0.7966038,-0.3409932,420.002536,-163.311852,27.1417372
1754,2016-12-20,2016,1,49,0,0,40.74601146,0.7746539,39.97135755,40.42696815,460.748548,-123.340494,53.73870986
1755,2016-12-21,2016,1,49,1,1,-31.96347777,0.7746539,-32.73813168,-32.28252108,428.78507,-156.078626,-36.28547373
1756,2016-12-22,2016,1,49,0,0,-28.085581,0.7746539,-28.8602349,-28.4046243,400.699489,-184.938861,-70.45481231
1757,2016-12-23,2016,1,51,2,0,-0.3416844,0.7746539,-1.1163383,-0.6607277,400.357805,-186.055199,38.48852638
1758,2016-12-27,2016,1,50,0,1,0.78462937,0.7746539,0.00997547,0.46558607,401.142434,-186.045223,36.73743137
1759,2016-12-28,2016,1,50,0,0,-1.10316128,0.7746539,-1.87781518,-1.42220458,400.039273,-187.923039,-97.63456313
1760,2016-12-29,2016,1,50,0,0,-8.89296586,0.7746539,-9.66761977,-9.21200917,391.146307,-197.590658,18.00657319
1761,2016-12-30,2016,1,50,0,0,-59.43018333,0.7746539,-60.20483724,-59.74922664,331.716123,-257.795496,-36.38654724
1762,2017-01-03,2017,1,50,0,0,24.86788347,0.7746539,24.09322957,24.54884017,356.584007,-233.702266,84.5526492
1763,2017-01-04,2017,1,49,0,1,80.25479194,0.7746539,79.48013804,79.93574864,436.838799,-154.222128,154.78409172
1764,2017-01-05,2017,1,49,0,0,-34.47650125,0.7746539,-35.25115515,-34.79554455,402.362298,-189.473283,-37.63639118
1765,2017-01-06,2017,1,48,0,1,-58.17340694,0.7746539,-58.94806085,-58.49245025,344.188891,-248.421344,-13.7204423
1766,2017-01-09,2017,1,47,1,2,-51.67879027,0.7746539,-52.45344417,-51.99783357,292.5101,-300.874788,-66.14614394
1767,2017-01-10,2017,1,46,0,1,70.74948812,0.7746539,69.97483422,70.43044482,363.259589,-230.899954,56.64655318
1768,2017-01-11,2017,1,47,2,1,16.10454897,0.7746539,15.32989507,15.78550567,379.364138,-215.570059,25.29465798
1769,2017-01-12,2017,1,48,1,0,-30.54737051,0.7746539,-31.32202441,-30.86641381,348.816767,-246.892083,-36.37081987
1770,2017-01-13,2017,1,49,1,0,8.40897844,0.7746539,7.63432453,8.08993513,357.225745,-239.257759,42.21497931
1771,2017-01-17,2017,1,50,1,0,-13.221227,0.7746539,-13.9958809,-13.5402703,344.004518,-253.25364,-54.30328444
1772,2017-01-18,2017,1,51,2,1,22.25808429,0.7746539,21.48343039,21.93904099,366.262603,-231.770209,25.02223843
1773,2017-01-19,2017,1,52,1,0,1.50789846,0.7746539,0.73324456,1.18885516,367.770501,-231.036965,-68.90296385
1774,2017-01-20,2017,1,53,3,2,-4.99121146,0.7746539,-5.76586536,-5.31025476,362.77929,-236.80283,46.70005437
1775,2017-01-23,2017,1,55,2,0,-23.90109141,0.7746539,-24.67574531,-24.22013471,338.878198,-261.478575,-20.95841002
1776,2017-01-24,2017,1,54,0,1,96.01884619,0.7746539,95.24419229,95.69980289,434.897045,-166.234383,114.22896485
1777,2017-01-25,2017,1,54,1,1,7.27527019,0.7746539,6.50061629,6.95622689,442.172315,-159.733767,80.85545933
1778,2017-01-26,2017,1,53,0,1,46.50510374,0.7746539,45.73044984,46.18606044,488.677418,-114.003317,-29.22185473
1779,2017-01-27,2017,1,53,0,0,27.02105965,0.7746539,26.24640575,26.70201635,515.698478,-87.756911,-32.2360925
1780,2017-01-30,2017,1,52,1,2,-47.16641975,0.7746539,-47.94107365,-47.48546305,468.532058,-135.697985,-95.94558761
1781,2017-01-31,2017,1,52,0,0,-16.13291283,0.7746539,-16.90756673,-16.45195613,452.399146,-152.605552,48.05925144
1782,2017-02-01,2017,1,52,0,0,14.45481232,0.7746539,13.68015842,14.13576902,466.853958,-138.925393,-15.48712962
1783,2017-02-02,2017,1,51,0,1,88.04622551,0.7746539,87.27157161,87.72718221,554.900183,-51.653822,5.57070999
1784,2017-02-03,2017,1,52,1,0,5.55406092,0.7746539,4.77940702,5.23501762,560.454244,-46.874415,110.90404014
1785,2017-02-06,2017,1,53,1,0,-11.0727044,0.7746539,-11.8473583,-11.3917477,549.38154,-58.721773,-52.34906651
1786,2017-02-07,2017,1,54,1,0,-35.75678531,0.7746539,-36.53143921,-36.07582861,513.624755,-95.253212,-31.14633724
1787,2017-02-08,2017,1,55,1,0,13.67152635,0.7746539,12.89687245,13.35248305,527.296281,-82.35634,14.1327444
1788,2017-02-09,2017,1,54,0,1,76.3471111,0.7746539,75.5724572,76.0280678,603.643392,-6.783882,106.77647333
1789,2017-02-10,2017,1,54,1,1,-15.62853302,0.7746539,-16.40318692,-15.94757632,588.014859,-23.187069,53.74942919
1790,2017-02-13,2017,1,54,1,1,4.86174916,0.7746539,4.08709526,4.54270586,592.876608,-19.099974,30.91240454
1791,2017-02-14,2017,1,53,0,1,-0.21577607,0.7746539,-0.99042997,-0.53481937,592.660832,-20.090404,37.87195798
1792,2017-02-15,2017,1,55,2,0,-22.40867398,0.7746539,-23.18332789,-22.72771729,570.252158,-43.273732,50.11896076
1793,2017-02-16,2017,1,54,0,1,-34.51731714,0.7746539,-35.29197104,-34.83636044,535.734841,-78.565703,-24.10407237
1794,2017-02-17,2017,1,53,0,1,-37.91150333,0.7746539,-38.68615723,-38.23054663,497.823338,-117.25186,8.59814208
1795,2017-02-21,2017,1,53,1,1,123.55734827,0.7746539,122.78269436,123.23830496,621.380686,5.530834,90.07576437
1796,2017-02-22,2017,1,52,0,1,-63.0933493,0.7746539,-63.8680032,-63.4123926,558.287337,-58.337169,-46.63674654
1797,2017-02-23,2017,1,52,1,1,-137.33431932,0.7746539,-138.10897322,-137.65336262,420.953017,-196.446142,-47.80451423
1798,2017-02-24,2017,1,53,1,0,-30.83785453,0.7746539,-31.61250843,-31.15689783,390.115163,-228.058651,0.89418214
1799,2017-02-27,2017,1,53,0,0,43.61054951,0.7746539,42.8358956,43.2915062,433.725712,-185.222755,52.33678932
1800,2017-02-28,2017,1,52,0,1,-12.23098203,0.7746539,-13.00563593,-12.55002533,421.49473,-198.228391,-93.94683353
1801,2017-03-01,2017,1,52,1,1,140.00694335,0.7746539,139.23228945,139.68790005,561.501674,-58.996102,139.48134703
1802,2017-03-02,2017,1,52,0,0,-119.72382543,0.7746539,-120.49847933,-120.04286873,441.777848,-179.494581,-95.14426005
1803,2017-03-03,2017,1,53,2,1,43.17585325,0.7746539,42.40119935,42.85680995,484.953701,-137.093382,0.13635921
1804,2017-03-06,2017,1,52,0,1,30.94639321,0.7746539,30.17173931,30.62734991,515.900095,-106.921642,-59.82223905
1805,2017-03-07,2017,1,51,0,1,-59.62432075,0.7746539,-60.39897465,-59.94336405,456.275774,-167.320617,-56.781786
1806,2017-03-08,2017,1,52,1,0,-104.86872317,0.7746539,-105.64337707,-105.18776647,351.407051,-272.963994,-47.89479903
1807,2017-03-09,2017,1,52,0,0,-8.98656544,0.7746539,-9.76121934,-9.30560874,342.420485,-282.725213,-30.46699082
1808,2017-03-10,2017,1,53,1,0,15.64461125,0.7746539,14.86995734,15.32556794,358.065097,-267.855256,44.32907969
1809,2017-03-13,2017,1,52,0,1,38.4618236,0.7746539,37.6871697,38.1427803,396.52692,-230.168086,29.15983717
1810,2017-03-14,2017,1,52,0,0,-49.31103859,0.7746539,-50.08569249,-49.63008189,347.215882,-280.253779,-68.25817211
1811,2017-03-15,2017,1,51,0,1,120.9047128,0.7746539,120.1300589,120.5856695,468.120594,-160.12372,151.73684597
1812,2017-03-16,2017,1,50,0,1,-15.69860884,0.7746539,-16.47326274,-16.01765214,452.421985,-176.596983,6.61660922
1813,2017-03-17,2017,1,51,1,0,-21.25460634,0.7746539,-22.02926024,-21.57364964,431.167379,-198.626243,16.06328323
1814,2017-03-20,2017,1,52,1,0,55.81026291,0.7746539,55.03560901,55.49121961,486.977642,-143.590634,-33.61360324
1815,2017-03-21,2017,1,50,0,2,-156.64606446,0.7746539,-157.42071836,-156.96510776,330.331578,-301.011352,-188.30690964
1816,2017-03-22,2017,1,49,0,1,14.38504889,0.7746539,13.61039499,14.06600559,344.716626,-287.400957,15.19264067
1817,2017-03-23,2017,1,49,0,0,-0.4750404,0.7746539,-1.2496943,-0.7940837,344.241586,-288.650651,25.18658888
1818,2017-03-24,2017,1,51,2,0,-12.9936505,0.7746539,-13.7683044,-13.3126938,331.247936,-302.418956,6.71977494
1819,2017-03-27,2017,1,50,0,1,-0.94621108,0.7746539,-1.72086498,-1.26525438,330.301725,-304.139821,14.72103196
1820,2017-03-28,2017,1,50,0,0,13.6864493,0.7746539,12.9117954,13.367406,343.988174,-291.228025,72.80840434
1821,2017-03-29,2017,1,51,1,0,-14.62309782,0.7746539,-15.39775172,-14.94214112,329.365076,-306.625777,49.22713494
1822,2017-03-30,2017,1,52,1,0,31.28511578,0.7746539,30.51046188,30.96607248,360.650192,-276.115315,31.19758718
1823,2017-03-31,2017,1,52,0,0,6.85414121,0.7746539,6.0794873,6.5350979,367.504333,-270.035828,15.22419206
1824,2017-04-03,2017,1,52,0,0,-0.62320176,0.7746539,-1.39785566,-0.94224506,366.881131,-271.433684,-71.56440231
1825,2017-04-04,2017,1,50,0,2,18.1954892,0.7746539,17.4208353,17.8764459,385.07662,-254.012848,-5.73523365
1826,2017-04-05,2017,1,50,0,0,-84.52902483,0.7746539,-85.30367874,-84.84806814,300.547596,-339.316527,-72.43489126
1827,2017-04-06,2017,1,51,1,0,38.21834317,0.7746539,37.44368927,37.89929987,338.765939,-301.872838,77.96449127
1828,2017-04-07,2017,1,50,0,1,28.46732659,0.7746539,27.69267269,28.14828329,367.233265,-274.180165,-15.57639853
1829,2017-04-10,2017,1,48,0,2,-54.66250226,0.7746539,-55.43715616,-54.98154556,312.570763,-329.617321,28.6792691
1830,2017-04-11,2017,1,47,0,1,27.07397441,0.7746539,26.2993205,26.7549311,339.644737,-303.318001,26.2615264
1831,2017-04-12,2017,1,45,0,2,-123.0552912,0.7746539,-123.8299451,-123.3743345,216.589446,-427.147946,-89.33176811
1832,2017-04-13,2017,1,46,1,0,-12.85344853,0.7746539,-13.62810243,-13.17249183,203.735998,-440.776048,-80.22291099
1833,2017-04-17,2017,1,47,1,0,-23.95066715,0.7746539,-24.72532105,-24.26971045,179.785331,-465.501369,89.76436317
1834,2017-04-18,2017,1,47,0,0,24.88657252,0.7746539,24.11191862,24.56752922,204.671903,-441.389451,-11.96215454
1835,2017-04-19,2017,1,48,1,0,13.94654369,0.7746539,13.17188979,13.62750039,218.618447,-428.217561,4.26625268
1836,2017-04-20,2017,1,48,1,1,100.30993601,0.7746539,99.53528211,99.99089271,318.928383,-328.682279,98.90513536
1837,2017-04-21,2017,1,49,1,0,-27.81116361,0.7746539,-28.58581752,-28.13020692,291.117219,-357.268096,-29.95931797
1838,2017-04-24,2017,1,49,1,1,106.99497694,0.7746539,106.22032304,106.67593364,398.112196,-251.047773,106.37614917
1839,2017-04-25,2017,1,48,0,1,13.97614334,0.7746539,13.20148943,13.65710003,412.08834,-237.846284,76.30356393
1840,2017-04-26,2017,1,49,1,0,-50.90669549,0.7746539,-51.68134939,-51.22573879,361.181644,-289.527633,17.03488784
1841,2017-04-27,2017,1,50,1,0,-7.77872978,0.7746539,-8.55338368,-8.09777308,353.402914,-298.081017,-2.89841929
1842,2017-04-28,2017,1,50,0,0,50.86760406,0.7746539,50.09295016,50.54856076,404.270518,-247.988067,-69.66895875
1843,2017-05-01,2017,1,50,0,0,74.53204126,0.7746539,73.75738736,74.21299796,478.80256,-174.230679,21.95836013
1844,2017-05-02,2017,1,51,1,0,-70.20947898,0.7746539,-70.98413289,-70.52852229,408.593081,-245.214812,-4.40559191
1845,2017-05-03,2017,1,50,0,1,-39.87498098,0.7746539,-40.64963488,-40.19402428,368.7181,-285.864447,-62.42755233
1846,2017-05-04,2017,1,50,0,0,-88.0590056,0.7746539,-88.8336595,-88.3780489,280.659094,-374.698107,-29.03584684
1847,2017-05-05,2017,1,49,0,1,-23.39571764,0.7746539,-24.17037154,-23.71476094,257.263376,-398.868478,97.35592574
1848,2017-05-08,2017,1,50,1,0,-13.29185255,0.7746539,-14.06650645,-13.61089585,243.971524,-412.934985,-33.06791342
1849,2017-05-09,2017,1,49,0,1,-15.5825563,0.7746539,-16.3572102,-15.9015996,228.388968,-429.292195,1.02507875
1850,2017-05-10,2017,1,48,0,1,56.3478725,0.7746539,55.5732186,56.0288292,284.73684,-373.718976,63.21710421
1851,2017-05-11,2017,1,49,1,0,-30.22276774,0.7746539,-30.99742164,-30.54181104,254.514072,-404.716398,-50.93910098
1852,2017-05-12,2017,1,50,1,0,13.24872297,0.7746539,12.47406907,12.92967967,267.762795,-392.242329,-38.248136
1853,2017-05-15,2017,1,49,0,1,21.03389516,0.7746539,20.25924126,20.71485186,288.79669,-371.983088,73.60135247
1854,2017-05-16,2017,1,48,0,1,42.32388008,0.7746539,41.54922618,42.00483678,331.12057,-330.433861,-15.46858712
1855,2017-05-17,2017,1,47,1,2,-191.54025579,0.7746539,-192.31490969,-191.85929909,139.580315,-522.748771,-199.87009417
1856,2017-05-18,2017,1,47,0,0,7.04552957,0.7746539,6.27087567,6.72648627,146.625844,-516.477895,7.75908255
1857,2017-05-19,2017,1,46,0,1,-21.43136123,0.7746539,-22.20601513,-21.75040453,125.194483,-538.683911,78.34073731
1858,2017-05-22,2017,1,47,1,0,3.57327156,0.7746539,2.79861766,3.25422826,128.767755,-535.885293,54.63760126
1859,2017-05-23,2017,1,47,1,1,3.49143362,0.7746539,2.71677972,3.17239032,132.259188,-533.168513,10.97545212
1860,2017-05-24,2017,1,47,0,0,-51.58345215,0.7746539,-52.35810605,-51.90249545,80.675736,-585.526619,13.15199604
1861,2017-05-25,2017,1,47,0,0,91.30957145,0.7746539,90.53491755,90.99052814,171.985308,-494.991702,3.79064811
1862,2017-05-26,2017,1,46,0,1,-4.11496345,0.7746539,-4.88961735,-4.43400675,167.870344,-499.881319,-8.99258906
1863,2017-05-30,2017,1,47,1,0,-25.41606221,0.7746539,-26.19071611,-25.73510551,142.454282,-526.072035,-68.19621066
1864,2017-05-31,2017,1,47,0,0,-47.09603074,0.7746539,-47.87068464,-47.41507404,95.358251,-573.94272,-9.73448197
1865,2017-06-01,2017,1,48,1,0,-47.79663868,0.7746539,-48.57129258,-48.11568198,47.561612,-622.514012,147.66928202
1866,2017-06-02,2017,1,48,0,0,11.2324728,0.7746539,10.45781889,10.91342949,58.794085,-612.056193,14.5623365
1867,2017-06-05,2017,1,48,1,1,-23.21714691,0.7746539,-23.99180082,-23.53619022,35.576938,-636.047994,-38.75631741
1868,2017-06-06,2017,1,47,1,2,28.69798946,0.7746539,27.92333556,28.37894616,64.274928,-608.124659,-15.71834454
1869,2017-06-07,2017,1,46,0,1,56.95535709,0.7746539,56.18070318,56.63631378,121.230285,-551.943956,-13.93551233
1870,2017-06-08,2017,1,48,2,0,32.84800583,0.7746539,32.07335192,32.52896252,154.078291,-519.870604,62.00336939
1871,2017-06-09,2017,1,48,2,2,-132.89124833,0.7746539,-133.66590224,-133.21029164,21.187042,-653.536506,19.05899645
1872,2017-06-12,2017,1,49,1,0,-54.91955485,0.7746539,-55.69420875,-55.23859815,-33.732512,-709.230715,5.03469488
1873,2017-06-13,2017,1,49,0,0,35.94862652,0.7746539,35.17397262,35.62958322,2.216114,-674.056742,69.13118894
1874,2017-06-14,2017,1,49,0,0,-7.84439945,0.7746539,-8.61905335,-8.16344275,-5.628285,-682.675795,-58.73508056
1875,2017-06-15,2017,1,49,0,0,-52.19777467,0.7746539,-52.97242857,-52.51681797,-57.82606,-735.648224,-60.54015553
1876,2017-06-16,2017,1,50,1,0,-9.30221093,0.7746539,-10.07686483,-9.62125423,-67.128271,-745.725089,-1.06162821
1877,2017-06-19,2017,1,50,0,0,87.33260201,0.7746539,86.55794811,87.01355871,20.204331,-659.167141,68.0114708
1878,2017-06-20,2017,1,46,0,4,-8.60158252,0.7746539,-9.37623643,-8.92062583,11.602748,-668.543377,-112.63704469
1879,2017-06-21,2017,1,46,0,0,19.47619896,0.7746539,18.70154506,19.15715566,31.078947,-649.841832,-34.95998594
1880,2017-06-22,2017,1,46,0,0,-21.31971992,0.7746539,-22.09437382,-21.63876322,9.759228,-671.936206,32.57499638
1881,2017-06-23,2017,1,46,0,0,-1.92992113,0.7746539,-2.70457503,-2.24896443,7.829306,-674.640781,69.44903993
1882,2017-06-26,2017,1,46,0,0,-23.44881935,0.7746539,-24.22347325,-23.76786265,-15.619513,-698.864254,31.28481606
1883,2017-06-27,2017,1,46,0,0,-73.77151104,0.7746539,-74.54616494,-74.09055434,-89.391024,-773.410419,-79.73070245
1884,2017-06-28,2017,1,47,1,0,78.02728251,0.7746539,77.25262861,77.70823921,-11.363741,-696.15779,128.77613797
1885,2017-06-29,2017,1,47,0,0,-25.65612875,0.7746539,-26.43078266,-25.97517206,-37.01987,-722.588573,-60.75158829
1886,2017-06-30,2017,1,47,1,1,-5.0173745,0.7746539,-5.7920284,-5.3364178,-42.037245,-728.380602,24.46453007
1887,2017-07-03,2017,1,46,0,1,-23.14035161,0.7746539,-23.91500551,-23.45939491,-65.177596,-752.295607,60.19650431
1888,2017-07-05,2017,1,46,1,1,93.61632377,0.7746539,92.84166987,93.29728047,28.438727,-659.453937,-33.28415505
1889,2017-07-06,2017,1,45,0,1,48.50860082,0.7746539,47.73394692,48.18955752,76.947328,-611.71999,-121.64630574
1890,2017-07-07,2017,1,45,0,0,6.9365496,0.7746539,6.16189569,6.61750629,83.883878,-605.558095,75.49092146
1891,2017-07-10,2017,1,44,0,1,13.89633222,0.7746539,13.12167832,13.57728892,97.78021,-592.436416,-16.77019801
1892,2017-07-11,2017,1,45,1,0,51.25339331,0.7746539,50.4787394,50.93435,149.033603,-541.957677,24.47479331
1893,2017-07-12,2017,1,45,1,1,69.64242475,0.7746539,68.86777085,69.32338145,218.676028,-473.089906,73.16893953
1894,2017-07-13,2017,1,45,0,0,3.58416754,0.7746539,2.80951363,3.26512423,222.260196,-470.280392,31.42416977
1895,2017-07-14,2017,1,45,0,0,-15.43423361,0.7746539,-16.20888751,-15.75327691,206.825962,-486.48928,38.19523113
1896,2017-07-17,2017,1,46,1,0,-6.9291334,0.7746539,-7.7037873,-7.2481767,199.896829,-494.193067,18.68187779
1897,2017-07-18,2017,1,45,0,1,3.59394839,0.7746539,2.81929449,3.27490509,203.490777,-491.373773,-20.53095024
1898,2017-07-19,2017,1,46,1,0,-13.77073616,0.7746539,-14.54539006,-14.08977946,189.720041,-505.919163,92.69978882
1899,2017-07-20,2017,1,46,0,0,-52.51878727,0.7746539,-53.29344117,-52.83783057,137.201254,-559.212604,-16.26408267
1900,2017-07-21,2017,1,46,0,0,-12.38353232,0.7746539,-13.15818622,-12.70257562,124.817721,-572.37079,-30.31900653
1901,2017-07-24,2017,1,46,1,1,76.31072831,0.7746539,75.53607441,75.99168501,201.12845,-496.834716,1.00358826
1902,2017-07-25,2017,1,47,1,0,-44.74028005,0.7746539,-45.51493395,-45.05932335,156.38817,-542.34965,74.91792867
1903,2017-07-26,2017,1,46,0,1,-1.75126966,0.7746539,-2.52592356,-2.07031296,154.6369,-544.875573,-28.61491709
1904,2017-07-27,2017,1,45,0,1,-31.01431856,0.7746539,-31.78897246,-31.33336186,123.622581,-576.664546,-31.53716928
1905,2017-07-28,2017,1,46,1,0,26.78742466,0.7746539,26.01277076,26.46838136,150.410006,-550.651775,-26.66579867
1906,2017-07-31,2017,1,46,0,0,-73.5960387,0.7746539,-74.3706926,-73.915082,76.813967,-625.022468,-16.71651656
1907,2017-08-01,2017,1,45,1,2,-31.3134088,0.7746539,-32.0880627,-31.6324521,45.500558,-657.11053,10.96871723
1908,2017-08-02,2017,1,44,0,1,-71.83071728,0.7746539,-72.60537118,-72.14976058,-26.330159,-729.715901,-44.40125169
1909,2017-08-03,2017,1,45,1,0,29.65780685,0.7746539,28.88315295,29.33876355,3.327648,-700.832748,-21.00171782
1910,2017-08-04,2017,1,44,0,1,2.36722691,0.7746539,1.59257301,2.04818361,5.694875,-699.240175,40.38221188
1911,2017-08-07,2017,1,45,1,0,87.14657029,0.7746539,86.37191639,86.82752699,92.841445,-612.868259,14.5014184
1912,2017-08-08,2017,1,44,0,1,11.70215619,0.7746539,10.92750229,11.38311289,104.543601,-601.940757,-26.67098762
1913,2017-08-09,2017,1,45,1,0,-30.31489309,0.7746539,-31.08954699,-30.63393639,74.228708,-633.030304,-67.07559512
1914,2017-08-10,2017,1,45,0,0,-141.68601137,0.7746539,-142.46066527,-142.00505467,-67.457303,-775.490969,-174.55372276
1915,2017-08-11,2017,1,46,1,0,53.67341043,0.7746539,52.89875653,53.35436713,-13.783893,-722.592212,29.95737614
1916,2017-08-14,2017,1,46,0,0,29.85600914,0.7746539,29.08135524,29.53696584,16.072117,-693.510857,99.85385084
1917,2017-08-15,2017,1,46,0,0,16.45326157,0.7746539,15.67860767,16.13421827,32.525378,-677.83225,-54.33684498
1918,2017-08-16,2017,1,46,0,0,-3.73571491,0.7746539,-4.51036881,-4.05475821,28.789663,-682.342618,25.93590275
1919,2017-08-17,2017,1,47,1,0,-69.14783097,0.7746539,-69.92248487,-69.46687427,-40.358168,-752.265103,-158.18420016
1920,2017-08-18,2017,1,47,0,0,46.28238953,0.7746539,45.50773563,45.96334623,5.924222,-706.757368,-10.6375315
1921,2017-08-21,2017,1,47,1,1,-28.28149392,0.7746539,-29.05614783,-28.60053723,-22.357272,-735.813515,3.89164472
1922,2017-08-22,2017,1,47,1,1,56.3704703,0.7746539,55.5958164,56.051427,34.013198,-680.217699,101.86612399
1923,2017-08-23,2017,1,47,0,0,-27.43543052,0.7746539,-28.21008442,-27.75447382,6.577768,-708.427783,-1.29225012
1924,2017-08-24,2017,1,47,0,0,-12.86870678,0.7746539,-13.64336068,-13.18775008,-6.290939,-722.071144,17.68174627
1925,2017-08-25,2017,1,48,1,0,-32.20630445,0.7746539,-32.98095835,-32.52534775,-38.497244,-755.052103,30.2152228
1926,2017-08-28,2017,1,48,0,0,40.05327122,0.7746539,39.27861732,39.73422791,1.556028,-715.773485,5.02676381
1927,2017-08-29,2017,1,48,0,0,24.0516647,0.7746539,23.2770108,23.7326214,25.607692,-692.496474,0.34082484
1928,2017-08-30,2017,1,49,1,0,72.89544101,0.7746539,72.12078711,72.57639771,98.503133,-620.375687,53.41265719
1929,2017-08-31,2017,1,50,1,0,9.79447809,0.7746539,9.01982419,9.47543479,108.297611,-611.355863,92.72305858
1930,2017-09-01,2017,1,50,0,0,52.26454332,0.7746539,51.48988942,51.94550002,160.562155,-559.865974,53.17253894
1931,2017-09-05,2017,1,51,1,0,-72.58177209,0.7746539,-73.35642599,-72.90081539,87.980383,-633.2224,-90.22831457
1932,2017-09-06,2017,1,52,1,0,-50.85303687,0.7746539,-51.62769078,-51.17208018,37.127346,-684.85009,30.10528994
1933,2017-09-07,2017,1,52,0,0,68.12347583,0.7746539,67.34882193,67.80443253,105.250822,-617.501268,8.86441228
1934,2017-09-08,2017,1,53,2,1,-28.64973587,0.7746539,-29.42438977,-28.96877917,76.601086,-646.925658,-10.80516297
1935,2017-09-11,2017,1,53,0,0,54.59711238,0.7746539,53.82245848,54.27806908,131.198198,-593.1032,101.95960744
1936,2017-09-12,2017,1,53,1,1,11.80717479,0.7746539,11.03252088,11.48813148,143.005373,-582.070679,53.08588732
1937,2017-09-13,2017,1,52,0,1,-3.81507007,0.7746539,-4.58972397,-4.13411337,139.190303,-586.660403,11.43169424
1938,2017-09-14,2017,1,53,1,0,23.59401857,0.7746539,22.81936467,23.27497527,162.784321,-563.841038,-12.51797945
1939,2017-09-15,2017,1,54,1,0,21.36879913,0.7746539,20.59414522,21.04975582,184.153121,-543.246893,33.21745798
1940,2017-09-18,2017,1,56,2,0,104.64661809,0.7746539,103.87196419,104.32757479,288.799739,-439.374929,26.8580544
1941,2017-09-19,2017,1,58,2,0,23.42490026,0.7746539,22.65024636,23.10585696,312.224639,-416.724682,-5.89865722
1942,2017-09-20,2017,1,58,1,1,-74.67865152,0.7746539,-75.45330542,-74.99769482,237.545987,-492.177988,23.27123907
1943,2017-09-21,2017,1,58,0,0,21.75554835,0.7746539,20.98089445,21.43650505,259.301536,-471.197093,-28.33137137
1944,2017-09-22,2017,1,58,0,0,-24.86013425,0.7746539,-25.63478815,-25.17917755,234.441401,-496.831882,26.39960639
1945,2017-09-25,2017,1,59,1,0,-99.56338095,0.7746539,-100.33803486,-99.88242426,134.878021,-597.169916,3.60776386
1946,2017-09-26,2017,1,59,0,0,6.39038079,0.7746539,5.61572688,6.07133748,141.268401,-591.55419,13.42158801
1947,2017-09-27,2017,1,58,0,1,100.11885108,0.7746539,99.34419718,99.79980778,241.387252,-492.209992,86.89855206
1948,2017-09-28,2017,1,59,1,0,21.67404227,0.7746539,20.89938837,21.35499897,263.061295,-471.310604,18.7791457
1949,2017-09-29,2017,1,59,0,0,31.70220926,0.7746539,30.92755536,31.38316596,294.763504,-440.383049,29.89168928
1950,2017-10-02,2017,1,60,1,0,20.81312792,0.7746539,20.03847401,20.49408461,315.576632,-420.344575,75.52363289
1951,2017-10-03,2017,1,61,1,0,-10.22790915,0.7746539,-11.00256305,-10.54695245,305.348723,-431.347138,27.98963981
1952,2017-10-04,2017,1,61,1,1,4.74554657,0.7746539,3.97089267,4.42650327,310.094269,-427.376245,2.96878227
1953,2017-10-05,2017,1,59,0,2,-5.326055,0.7746539,-6.1007089,-5.6450983,304.768214,-433.476954,30.51686375
1954,2017-10-06,2017,1,61,2,0,58.01663496,0.7746539,57.24198106,57.69759166,362.784849,-376.234973,-11.87343051
1955,2017-10-09,2017,1,58,0,3,-8.17140137,0.7746539,-8.94605527,-8.49044467,354.613448,-385.181028,-41.24774719
1956,2017-10-10,2017,1,58,1,1,-13.27949731,0.7746539,-14.05415121,-13.59854061,341.333951,-399.235179,25.21663149
1957,2017-10-11,2017,1,57,0,1,-9.2908857,0.7746539,-10.0655396,-9.609929,332.043065,-409.300719,-4.33480183
1958,2017-10-12,2017,1,58,1,0,16.42864371,0.7746539,15.6539898,16.1096004,348.471709,-393.646729,-7.01609856
1959,2017-10-13,2017,1,58,0,0,-8.16350214,0.7746539,-8.93815604,-8.48254544,340.308206,-402.584885,10.23931175
1960,2017-10-16,2017,1,59,1,0,49.22788468,0.7746539,48.45323078,48.90884138,389.536091,-354.131654,0.87560928
1961,2017-10-17,2017,1,58,0,1,-23.29979686,0.7746539,-24.07445076,-23.61884016,366.236294,-378.206105,-14.24562193
1962,2017-10-18,2017,1,58,0,0,47.11690865,0.7746539,46.34225475,46.79786535,413.353203,-331.86385,20.10473647
1963,2017-10-19,2017,1,56,0,2,-61.35194166,0.7746539,-62.12659557,-61.67098497,352.001261,-393.990446,-5.19336003
1964,2017-10-20,2017,1,58,2,0,20.90437927,0.7746539,20.12972537,20.58533597,372.905641,-373.860721,43.75087042
1965,2017-10-23,2017,1,57,0,1,-10.20698453,0.7746539,-10.98163844,-10.52602784,362.698656,-384.842359,-61.76605779
1966,2017-10-24,2017,1,58,1,0,67.38223555,0.7746539,66.60758165,67.06319225,430.080892,-318.234777,8.19426797
1967,2017-10-25,2017,1,57,0,1,-41.19215356,0.7746539,-41.96680746,-41.51119686,388.888738,-360.201585,-76.75885033
1968,2017-10-26,2017,1,55,0,2,49.98064649,0.7746539,49.20599259,49.66160319,438.869384,-310.995592,17.62916657
1969,2017-10-27,2017,1,53,0,2,50.8813857,0.7746539,50.1067318,50.5623424,489.75077,-260.88886,46.79740231
1970,2017-10-30,2017,1,53,0,0,12.72453007,0.7746539,11.94987617,12.40548677,502.4753,-248.938984,-53.26298025
1971,2017-10-31,2017,1,52,2,3,33.22722037,0.7746539,32.45256647,32.90817707,535.702521,-216.486418,32.90104123
1972,2017-11-01,2017,1,52,0,0,-101.6597538,0.7746539,-102.4344077,-101.97879711,434.042767,-318.920825,-19.91386796
1973,2017-11-02,2017,1,52,0,0,60.53837526,0.7746539,59.76372136,60.21933196,494.581142,-259.157104,-19.09359738
1974,2017-11-03,2017,1,53,1,0,10.57898983,0.7746539,9.80433593,10.25994653,505.160132,-249.352768,24.14567792
1975,2017-11-06,2017,1,55,2,0,-18.74862057,0.7746539,-19.52327447,-19.06766387,486.411511,-268.876043,45.5347925
1976,2017-11-07,2017,1,55,0,0,-18.91702128,0.7746539,-19.69167519,-19.23606459,467.49449,-288.567718,-88.77169479
1977,2017-11-08,2017,1,55,0,0,12.04056178,0.7746539,11.26590788,11.72151848,479.535052,-277.30181,21.78884823
1978,2017-11-09,2017,1,54,0,1,-22.53440747,0.7746539,-23.30906137,-22.85345077,457.000644,-300.610871,-29.2261024
1979,2017-11-10,2017,1,53,0,1,20.18367358,0.7746539,19.40901968,19.86463028,477.184318,-281.201852,6.81749301
1980,2017-11-13,2017,1,53,4,4,22.88104707,0.7746539,22.10639317,22.56200377,500.065365,-259.095459,-9.27370345
1981,2017-11-14,2017,1,52,0,1,-46.71545782,0.7746539,-47.49011172,-47.03450112,453.349907,-306.58557,-49.68410944
1982,2017-11-15,2017,1,52,1,1,-36.16310268,0.7746539,-36.93775659,-36.48214599,417.186805,-343.523327,-33.47893473
1983,2017-11-16,2017,1,52,0,0,145.22019774,0.7746539,144.44554384,144.90115444,562.407002,-199.077783,120.16540138
1984,2017-11-17,2017,1,52,0,0,-41.12953076,0.7746539,-41.90418467,-41.44857407,521.277471,-240.981968,53.12942876
1985,2017-11-20,2017,1,52,0,0,13.66536264,0.7746539,12.89070873,13.34631933,534.942834,-228.091259,30.88983356
1986,2017-11-21,2017,1,53,1,0,61.71596215,0.7746539,60.94130825,61.39691885,596.658796,-167.149951,59.27923506
1987,2017-11-22,2017,1,54,1,0,-42.72395981,0.7746539,-43.49861372,-43.04300312,553.934836,-210.648564,11.09091217
1988,2017-11-24,2017,1,55,1,0,43.16743226,0.7746539,42.39277836,42.84838896,597.102269,-168.255786,15.2923725
1989,2017-11-27,2017,1,55,0,0,-47.07051922,0.7746539,-47.84517312,-47.38956252,550.031749,-216.100959,-42.5992457
1990,2017-11-28,2017,1,55,0,0,-12.80755462,0.7746539,-13.58220852,-13.12659792,537.224195,-229.683168,106.33806184
1991,2017-11-29,2017,1,54,0,1,-194.99958762,0.7746539,-195.77424152,-195.31863092,342.224607,-425.457409,24.57808266
1992,2017-11-30,2017,1,54,1,1,53.39571142,0.7746539,52.62105752,53.07666812,395.620319,-372.836352,59.67701248
1993,2017-12-01,2017,1,53,0,1,-15.10257443,0.7746539,-15.87722833,-15.42161773,380.517744,-388.71358,-14.47317113
1994,2017-12-04,2017,1,54,2,1,-167.12363086,0.7746539,-167.89828476,-167.44267416,213.394113,-556.611865,6.18727681
1995,2017-12-05,2017,1,53,0,1,64.86136817,0.7746539,64.08671427,64.54232487,278.255482,-492.52515,-72.49139765
1996,2017-12-06,2017,1,51,0,2,10.8978825,0.7746539,10.1232286,10.5788392,289.153364,-482.401922,-53.44656807
1997,2017-12-07,2017,1,53,2,0,78.69213213,0.7746539,77.91747822,78.37308882,367.845496,-404.484444,80.5809307
1998,2017-12-08,2017,1,51,0,2,-18.56939606,0.7746539,-19.34404996,-18.88843937,349.2761,-423.828494,50.27303054
1999,2017-12-11,2017,1,51,0,0,64.93513739,0.7746539,64.16048349,64.61609409,414.211238,-359.66801,11.38920946
2000,2017-12-12,2017,1,49,0,2,-71.05141916,0.7746539,-71.82607306,-71.37046246,343.159818,-431.494083,-27.02339023
2001,2017-12-13,2017,1,50,1,0,38.74479342,0.7746539,37.97013952,38.42575012,381.904612,-393.523944,19.12848386
2002,2017-12-14,2017,1,50,0,0,13.08945564,0.7746539,12.31480174,12.77041234,394.994067,-381.209142,-78.11947187
2003,2017-12-15,2017,1,52,2,0,39.94553541,0.7746539,39.17088151,39.62649211,434.939603,-342.03826,93.97747368
2004,2017-12-18,2017,1,52,0,0,37.67622782,0.7746539,36.90157392,37.35718452,472.615831,-305.136687,112.03956814
2005,2017-12-19,2017,1,52,0,0,29.48232319,0.7746539,28.70766929,29.16327989,502.098154,-276.429017,-39.01721309
2006,2017-12-20,2017,1,53,1,0,21.26135368,0.7746539,20.48669978,20.94231037,523.359508,-255.942317,13.07180224
2007,2017-12-21,2017,1,53,0,0,-27.02930704,0.7746539,-27.80396094,-27.34835034,496.3302,-283.746278,38.80402081
2008,2017-12-22,2017,1,53,0,0,-32.36297519,0.7746539,-33.13762909,-32.68201849,463.967225,-316.883907,2.18445111
2009,2017-12-26,2017,1,54,1,0,-23.31019578,0.7746539,-24.08484968,-23.62923908,440.65703,-340.968757,11.51645267
2010,2017-12-27,2017,1,55,1,0,38.76182056,0.7746539,37.98716666,38.44277726,479.41885,-302.98159,6.93448802
2011,2017-12-28,2017,1,55,0,0,5.00106396,0.7746539,4.22641006,4.68202066,484.419914,-298.75518,36.47038559
2012,2017-12-29,2017,1,55,0,0,-21.55129893,0.7746539,-22.32595283,-21.87034223,462.868615,-321.081133,-63.92238997
2013,2018-01-02,2018,1,55,0,0,-4.66620624,0.7746539,-5.44086014,-4.98524954,458.202409,-326.521993,115.86039393
2014,2018-01-03,2018,1,53,0,2,34.38507748,0.7746539,33.61042358,34.06603418,492.587486,-292.91157,41.44460718
2015,2018-01-04,2018,1,54,1,0,-6.96397087,0.7746539,-7.73862477,-7.28301417,485.623515,-300.650195,22.18877682
2016,2018-01-05,2018,1,54,1,1,41.23600022,0.7746539,40.46134632,40.91695692,526.859516,-260.188848,30.61831509
2017,2018-01-08,2018,1,53,0,1,5.47841585,0.7746539,4.70376194,5.15937254,532.337932,-255.485086,18.50372848
2018,2018-01-09,2018,1,53,0,0,87.15965971,0.7746539,86.38500581,86.84061641,619.497591,-169.100081,-7.56980069
2019,2018-01-10,2018,1,54,1,0,-37.06173544,0.7746539,-37.83638934,-37.38077874,582.435856,-206.93647,-8.9019541
2020,2018-01-11,2018,1,52,0,2,12.11802221,0.7746539,11.34336831,11.79897891,594.553878,-195.593102,120.32851596
2021,2018-01-12,2018,1,52,0,0,-11.98701218,0.7746539,-12.76166609,-12.30605549,582.566866,-208.354768,44.01796322
2022,2018-01-16,2018,1,51,0,1,-62.23049766,0.7746539,-63.00515156,-62.54954096,520.336368,-271.359919,-77.35822574
2023,2018-01-17,2018,1,51,0,0,85.06888874,0.7746539,84.29423484,84.74984544,605.405257,-187.065684,75.96334691
2024,2018-01-18,2018,1,51,0,0,43.01522114,0.7746539,42.24056724,42.69617784,648.420478,-144.825117,-42.63700526
2025,2018-01-19,2018,1,51,0,0,-32.3423875,0.7746539,-33.1170414,-32.6614308,616.078091,-177.942159,80.37331443
2026,2018-01-22,2018,1,51,0,0,34.95297626,0.7746539,34.17832236,34.63393296,651.031067,-143.763836,77.14390177
2027,2018-01-23,2018,1,51,0,0,-53.65498082,0.7746539,-54.42963472,-53.97402412,597.376086,-198.193471,33.97509046
2028,2018-01-24,2018,1,53,2,0,-21.96773121,0.7746539,-22.74238511,-22.28677451,575.408355,-220.935856,-21.76609917
2029,2018-01-25,2018,1,53,1,1,41.63604938,0.7746539,40.86139548,41.31700608,617.044404,-180.07446,5.68338165
2030,2018-01-26,2018,1,52,0,1,-38.63589687,0.7746539,-39.41055078,-38.95494018,578.408507,-219.485011,61.76140499
2031,2018-01-29,2018,1,54,3,1,-47.08156019,0.7746539,-47.85621409,-47.40060349,531.326947,-267.341225,-86.2422138
2032,2018-01-30,2018,1,54,1,1,32.54971445,0.7746539,31.77506054,32.23067114,563.876662,-235.566165,-93.83860071
2033,2018-01-31,2018,1,54,0,0,61.23488018,0.7746539,60.46022628,60.91583688,625.111542,-175.105939,-23.83157188
2034,2018-02-01,2018,1,54,0,0,44.53778073,0.7746539,43.76312683,44.21873743,669.649322,-131.342812,16.78631888
2035,2018-02-02,2018,1,54,1,1,-41.58388112,0.7746539,-42.35853502,-41.90292442,628.065441,-173.701347,-223.3537506
2036,2018-02-05,2018,1,54,0,0,-22.70347785,0.7746539,-23.47813175,-23.02252115,605.361964,-197.179478,-333.81109653
2037,2018-02-06,2018,1,54,1,1,58.48038245,0.7746539,57.70572855,58.16133915,663.842346,-139.47375,129.18495023
2038,2018-02-07,2018,1,54,0,0,-25.4932998,0.7746539,-26.2679537,-25.8123431,638.349046,-165.741704,-31.73676707
2039,2018-02-08,2018,1,56,2,0,-95.45632324,0.7746539,-96.23097714,-95.77536654,542.892723,-261.972681,-311.43522449
2040,2018-02-09,2018,1,57,1,0,13.03171407,0.7746539,12.25706017,12.71267077,555.924437,-249.715621,87.80424339
2041,2018-02-12,2018,1,56,0,1,62.04436512,0.7746539,61.26971122,61.72532182,617.968802,-188.445909,130.92146777
2042,2018-02-13,2018,1,57,1,0,-14.97278268,0.7746539,-15.74743658,-15.29182598,602.996019,-204.193346,19.5083124
2043,2018-02-14,2018,1,57,0,0,49.75319828,0.7746539,48.97854438,49.43415498,652.749218,-155.214802,182.44199066
2044,2018-02-15,2018,1,58,1,0,-5.27943063,0.7746539,-6.05408453,-5.59847393,647.469787,-161.268886,99.14489571
2045,2018-02-16,2018,1,58,0,0,-9.95461645,0.7746539,-10.72927035,-10.27365975,637.515171,-171.998156,16.69362521
2046,2018-02-20,2018,1,56,0,2,98.20826556,0.7746539,97.43361166,97.88922226,735.723436,-74.564545,-64.41767303
2047,2018-02-21,2018,1,56,0,0,40.10635796,0.7746539,39.33170406,39.78731466,775.829794,-35.232841,-32.71410655
2048,2018-02-22,2018,1,56,1,1,0.35670491,0.7746539,-0.41794899,0.03766161,776.186499,-35.65079,-23.56943033
2049,2018-02-23,2018,1,56,0,0,-11.1605226,0.7746539,-11.9351765,-11.4795659,765.025976,-47.585966,138.42704956
2050,2018-02-26,2018,1,56,0,0,-62.48691012,0.7746539,-63.26156402,-62.80595342,702.539066,-110.84753,54.19432982
2051,2018-02-27,2018,1,56,0,0,11.156647,0.7746539,10.3819931,10.8376037,713.695713,-100.465537,-145.66479331
2052,2018-02-28,2018,1,56,0,0,-63.08799034,0.7746539,-63.86264424,-63.40703364,650.607723,-164.328181,-113.3407003
2053,2018-03-01,2018,1,55,0,1,-34.94082501,0.7746539,-35.71547891,-35.25986831,615.666898,-200.04366,-62.10044538
2054,2018-03-02,2018,1,56,1,0,72.15757107,0.7746539,71.38291717,71.83852777,687.824469,-128.660743,97.97677741
2055,2018-03-05,2018,1,57,2,1,-70.90318363,0.7746539,-71.67783753,-71.22222693,616.921285,-200.338581,101.23733707
2056,2018-03-06,2018,1,57,1,1,27.64910904,0.7746539,26.87445514,27.33006574,644.570394,-173.464126,74.02254163
2057,2018-03-07,2018,1,57,0,0,95.3082558,0.7746539,94.5336019,94.9892125,739.87865,-78.930524,18.37921878
2058,2018-03-08,2018,1,56,0,1,-16.16917186,0.7746539,-16.94382576,-16.48821516,723.709478,-95.874349,9.08241603
2059,2018-03-09,2018,1,55,0,1,45.26470124,0.7746539,44.49004734,44.94565794,768.97418,-51.384302,135.48742032
2060,2018-03-12,2018,1,55,0,0,-59.0092736,0.7746539,-59.78392751,-59.32831691,709.964906,-111.16823,22.04700169
2061,2018-03-13,2018,1,56,1,0,4.96868464,0.7746539,4.19403074,4.64964134,714.933591,-106.974199,-49.67842082
2062,2018-03-14,2018,1,56,0,0,-8.79712148,0.7746539,-9.57177538,-9.11616478,706.136469,-116.545974,-46.81242727
2063,2018-03-15,2018,1,55,0,1,26.68605848,0.7746539,25.91140458,26.36701518,732.822528,-90.63457,-53.74617506
2064,2018-03-16,2018,1,55,0,0,-45.29490176,0.7746539,-46.06955566,-45.61394506,687.527626,-136.704125,55.88262161
2065,2018-03-19,2018,1,55,0,0,17.90254707,0.7746539,17.12789317,17.58350377,705.430173,-119.576232,-121.34396848
2066,2018-03-20,2018,1,57,3,1,123.64418327,0.7746539,122.86952937,123.32513997,829.074356,3.293297,6.71110369
2067,2018-03-21,2018,1,57,1,1,30.96913901,0.7746539,30.19448511,30.65009571,860.043495,33.487782,42.34504506
2068,2018-03-22,2018,1,57,0,0,-24.52957232,0.7746539,-25.30422622,-24.84861562,835.513923,8.183556,-219.95743117
2069,2018-03-23,2018,1,55,0,2,26.91712893,0.7746539,26.14247503,26.59808563,862.431052,34.326031,-176.94068242
2070,2018-03-26,2018,1,55,1,1,58.5552728,0.7746539,57.7806189,58.2362295,920.986325,92.10665,208.45442719
2071,2018-03-27,2018,1,58,3,0,-155.86625335,0.7746539,-156.64090726,-156.18529666,765.120071,-64.534257,-147.05201404
2072,2018-03-28,2018,1,58,1,1,-91.90579463,0.7746539,-92.68044853,-92.22483793,673.214277,-157.214706,3.99811574
2073,2018-03-29,2018,1,58,0,0,34.8871456,0.7746539,34.1124917,34.5681023,708.101422,-123.102214,130.41365404
2074,2018-04-02,2018,1,57,0,1,-92.09299408,0.7746539,-92.86764798,-92.41203738,616.008428,-215.969862,-218.08360104
2075,2018-04-03,2018,1,57,0,0,1.77258019,0.7746539,0.99792629,1.45353689,617.781008,-214.971936,121.57292292
2076,2018-04-04,2018,1,56,0,1,61.49140415,0.7746539,60.71675025,61.17236085,679.272413,-154.255185,98.10966865
2077,2018-04-05,2018,1,57,1,0,-7.30515254,0.7746539,-8.07980644,-7.62419584,671.96726,-162.334992,79.77158808
2078,2018-04-06,2018,1,57,0,0,-28.76511228,0.7746539,-29.53976618,-29.08415558,643.202148,-191.874758,-180.65716546
2079,2018-04-09,2018,1,57,0,0,31.50004683,0.7746539,30.72539293,31.18100352,674.702195,-161.149365,13.24075955
2080,2018-04-10,2018,1,56,1,2,11.14094031,0.7746539,10.36628641,10.82189701,685.843135,-150.783079,169.79957469
2081,2018-04-11,2018,1,56,0,0,-37.15487297,0.7746539,-37.92952687,-37.47391627,648.688262,-188.712606,-2.57701428
2082,2018-04-12,2018,1,55,0,1,52.34119338,0.7746539,51.56653948,52.02215008,701.029455,-137.146066,58.6389118
2083,2018-04-13,2018,1,55,0,0,-62.65347162,0.7746539,-63.42812552,-62.97251492,638.375984,-200.574192,-38.59050887
2084,2018-04-16,2018,1,55,0,0,-52.43499426,0.7746539,-53.20964816,-52.75403756,585.940989,-253.78384,82.23064854
2085,2018-04-17,2018,1,56,1,0,90.08544198,0.7746539,89.31078808,89.76639868,676.026431,-164.473052,93.20013374
2086,2018-04-18,2018,1,56,0,0,2.05061391,0.7746539,1.27596,1.7315706,678.077045,-163.197092,30.71683185
2087,2018-04-19,2018,1,56,0,0,-45.19170167,0.7746539,-45.96635558,-45.51074498,632.885344,-209.163447,-68.94372158
2088,2018-04-20,2018,1,56,0,0,-23.81464648,0.7746539,-24.58930038,-24.13368978,609.070697,-233.752748,-60.52078132
2089,2018-04-23,2018,1,54,0,2,-17.00815164,0.7746539,-17.78280554,-17.32719494,592.062546,-251.535553,-0.34580672
2090,2018-04-24,2018,1,54,0,0,-90.29545478,0.7746539,-91.07010868,-90.61449808,501.767091,-342.605662,-66.3719874
2091,2018-04-25,2018,1,55,1,0,-62.64088382,0.7746539,-63.41553772,-62.95992712,439.126207,-406.0212,-5.26201857
2092,2018-04-26,2018,1,55,0,0,109.29030447,0.7746539,108.51565056,108.97126116,548.416511,-297.505549,60.34956573
2093,2018-04-27,2018,2,54,0,1,15.60558649,0.7746539,14.83093259,15.28654319,564.022098,-282.674617,0.61782352
2094,2018-04-30,2018,2,54,1,1,48.91310396,0.7746539,48.13845006,48.59406066,612.935202,-234.536166,-63.81578772
2095,2018-05-01,2018,2,53,0,1,8.23816669,0.7746539,7.46351279,7.91912338,621.173369,-227.072654,34.59113958
2096,2018-05-02,2018,2,53,0,0,43.96734319,0.7746539,43.19268929,43.64829989,665.140712,-183.879964,-25.22991239
2097,2018-05-03,2018,2,53,0,0,-2.82433808,0.7746539,-3.59899198,-3.14338138,662.316374,-187.478956,-46.66053172
2098,2018-05-04,2018,2,53,0,0,-15.3778034,0.7746539,-16.1524573,-15.6968467,646.93857,-203.631414,104.803219
2099,2018-05-07,2018,2,53,1,1,-13.11395667,0.7746539,-13.88861057,-13.43299997,633.824614,-217.520024,59.68603028
2100,2018-05-08,2018,2,54,1,0,41.96786478,0.7746539,41.19321088,41.64882148,675.792478,-176.326813,14.92676432
2101,2018-05-09,2018,2,54,1,1,85.4639325,0.7746539,84.6892786,85.1448892,761.256411,-91.637535,93.24315199
2102,2018-05-10,2018,2,52,0,2,15.47674891,0.7746539,14.70209501,15.15770561,776.73316,-76.93544,75.00198498
2103,2018-05-11,2018,2,52,1,1,17.94667893,0.7746539,17.17202502,17.62763562,794.679839,-59.763415,7.70921187
2104,2018-05-14,2018,2,53,1,0,2.79805284,0.7746539,2.02339894,2.47900954,797.477892,-57.740016,-6.47344635
2105,2018-05-15,2018,2,54,1,0,-3.86072512,0.7746539,-4.63537902,-4.17976842,793.617166,-62.375395,-24.354609
2106,2018-05-16,2018,2,54,0,0,98.55715003,0.7746539,97.78249613,98.23810673,892.174316,35.407101,71.78473023
2107,2018-05-17,2018,2,54,0,0,32.93078756,0.7746539,32.15613366,32.61174426,925.105104,67.563235,17.82895226
2108,2018-05-18,2018,2,54,0,0,-9.42004741,0.7746539,-10.19470131,-9.73909071,915.685057,57.368534,-10.29460767
2109,2018-05-21,2018,2,53,0,1,-26.76528574,0.7746539,-27.53993965,-27.08432905,888.919771,29.828594,63.83968312
2110,2018-05-22,2018,2,54,1,0,-72.23491159,0.7746539,-73.0095655,-72.5539549,816.684859,-43.180971,-41.57085455
2111,2018-05-23,2018,2,54,0,0,38.54808862,0.7746539,37.77343472,38.22904532,855.232948,-5.407537,4.84422425
2112,2018-05-24,2018,2,55,1,0,56.56504366,0.7746539,55.79038976,56.24600036,911.797992,50.382853,-12.20893052
2113,2018-05-25,2018,2,54,0,1,-2.52407379,0.7746539,-3.29872769,-2.84311709,909.273918,47.084125,-15.1349927
2114,2018-05-29,2018,2,54,1,1,19.67806646,0.7746539,18.90341256,19.35902316,928.951984,65.987538,-55.40816732
2115,2018-05-30,2018,2,54,1,1,-43.90159075,0.7746539,-44.67624465,-44.22063405,885.050393,21.311293,132.26228999
2116,2018-05-31,2018,2,55,1,0,22.03445548,0.7746539,21.25980157,21.71541217,907.084849,42.571095,-70.89792728
2117,2018-06-01,2018,2,54,0,1,83.88318552,0.7746539,83.10853162,83.56414222,990.968034,125.679626,69.17773454
2118,2018-06-04,2018,2,54,1,1,-40.373611,0.7746539,-41.1482649,-40.6926543,950.594423,84.531362,45.64386921
2119,2018-06-05,2018,2,55,1,0,107.69907482,0.7746539,106.92442092,107.38003152,1058.293498,191.455782,39.47750521
2120,2018-06-06,2018,2,55,0,0,-6.25650529,0.7746539,-7.03115919,-6.57554859,1052.036993,184.424623,75.21833542
2121,2018-06-07,2018,2,55,0,0,-119.742477,0.7746539,-120.5171309,-120.0615203,932.294516,63.907492,-16.69475417
2122,2018-06-08,2018,2,55,0,0,26.81012912,0.7746539,26.03547522,26.49108582,959.104645,89.942968,38.09977495
2123,2018-06-11,2018,2,55,0,0,3.18377326,0.7746539,2.40911936,2.86472996,962.288418,92.352087,16.11009148
2124,2018-06-12,2018,2,56,1,0,96.90783217,0.7746539,96.13317827,96.58878887,1059.196251,188.485265,45.58932212
2125,2018-06-13,2018,2,56,0,0,32.99097436,0.7746539,32.21632046,32.67193106,1092.187225,220.701586,-46.07805338
2126,2018-06-14,2018,2,56,0,0,12.32095124,0.7746539,11.54629733,12.00190793,1104.508176,232.247883,29.92942628
2127,2018-06-15,2018,2,56,0,0,-46.9287505,0.7746539,-47.7034044,-47.2477938,1057.579426,184.544479,-22.55263175
2128,2018-06-18,2018,2,56,0,0,25.36714827,0.7746539,24.59249436,25.04810496,1082.946574,209.136973,17.69009587
2129,2018-06-19,2018,2,56,0,0,-15.03166747,0.7746539,-15.80632137,-15.35071077,1067.914906,193.330652,-24.87718403
2130,2018-06-20,2018,2,56,0,0,13.36059304,0.7746539,12.58593914,13.04154974,1081.275499,205.916591,55.71608221
2131,2018-06-21,2018,2,56,0,0,-4.96061487,0.7746539,-5.73526877,-5.27965817,1076.314885,200.181322,-81.64491454
2132,2018-06-22,2018,2,60,4,0,-121.59396653,0.7746539,-122.36862043,-121.91300983,954.720918,77.812702,19.60203405
2133,2018-06-25,2018,2,60,0,0,-115.28345954,0.7746539,-116.05811345,-115.60250285,839.437459,-38.245412,-158.93978072
2134,2018-06-26,2018,2,60,1,1,61.81866357,0.7746539,61.04400966,61.49962026,901.256122,22.798598,45.64600596
2135,2018-06-27,2018,2,60,0,0,-103.53266943,0.7746539,-104.30732333,-103.85171273,797.723453,-81.508726,-130.14800681
2136,2018-06-28,2018,2,59,0,1,3.27106396,0.7746539,2.49641005,2.95202065,800.994517,-79.012316,47.92308357
2137,2018-06-29,2018,2,59,0,0,-35.68353303,0.7746539,-36.45818693,-36.00257633,765.310984,-115.470502,12.52473844
2138,2018-07-02,2018,2,59,0,0,42.53425493,0.7746539,41.75960102,42.21521162,807.845239,-73.710901,15.91808076
2139,2018-07-03,2018,2,59,1,1,-21.30824715,0.7746539,-22.08290105,-21.62729045,786.536991,-95.793802,18.03999105
2140,2018-07-05,2018,2,58,0,1,-2.99591797,0.7746539,-3.77057187,-3.31496127,783.541073,-99.564374,93.87348266
2141,2018-07-06,2018,2,57,0,1,15.80126523,0.7746539,15.02661133,15.48222193,799.342339,-84.537763,90.24090073
2142,2018-07-09,2018,2,57,0,0,15.84808791,0.7746539,15.07343401,15.52904461,815.190427,-69.464329,77.49505813
2143,2018-07-10,2018,2,56,0,1,0.09071021,0.7746539,-0.68394369,-0.22833309,815.281137,-70.148273,-9.11922629
2144,2018-07-11,2018,2,56,0,0,9.14141862,0.7746539,8.36676472,8.82237532,824.422555,-61.781508,-84.73020907
2145,2018-07-12,2018,2,56,0,0,35.03591834,0.7746539,34.26126444,34.71687504,859.458474,-27.520244,58.93989451
2146,2018-07-13,2018,2,57,1,0,16.73043631,0.7746539,15.95578241,16.41139301,876.18891,-11.564461,0.42344982
2147,2018-07-16,2018,2,57,0,0,19.76357919,0.7746539,18.98892529,19.44453589,895.952489,7.424464,-45.05174745
2148,2018-07-17,2018,2,57,0,0,66.44998062,0.7746539,65.67532672,66.13093732,962.40247,73.099791,48.57960771
2149,2018-07-18,2018,2,57,0,0,25.16711408,0.7746539,24.39246018,24.84807078,987.569584,97.492251,29.63756001
2150,2018-07-19,2018,2,57,0,0,13.66916951,0.7746539,12.89451561,13.35012621,1001.238753,110.386767,16.65023046
2151,2018-07-20,2018,2,57,1,1,-18.07681432,0.7746539,-18.85146822,-18.39585762,983.161939,91.535298,-32.87993278
2152,2018-07-23,2018,2,58,1,0,20.30003957,0.7746539,19.52538567,19.98099627,1003.461979,111.060684,3.78535026
2153,2018-07-24,2018,2,58,0,0,-52.52020913,0.7746539,-53.29486303,-52.83925243,950.94177,57.765821,-65.06091322
2154,2018-07-25,2018,2,58,1,1,148.29214971,0.7746539,147.51749581,147.97310641,1099.233919,205.283317,74.53946124
2155,2018-07-26,2018,2,58,0,0,-54.97123248,0.7746539,-55.74588638,-55.29027578,1044.262687,149.537431,52.30385496
2156,2018-07-27,2018,2,58,1,1,-133.38500996,0.7746539,-134.15966386,-133.70405326,910.877677,15.377767,-107.59005429
2157,2018-07-30,2018,2,58,0,0,-84.46470147,0.7746539,-85.23935537,-84.78374477,826.412975,-69.861589,-50.77254148
2158,2018-07-31,2018,2,57,0,1,-32.69469132,0.7746539,-33.46934522,-33.01373462,793.718284,-103.330934,92.49145355
2159,2018-08-01,2018,2,57,0,0,47.26543211,0.7746539,46.49077821,46.94638881,840.983716,-56.840156,-26.49272791
2160,2018-08-02,2018,2,57,0,0,23.19033825,0.7746539,22.41568435,22.87129495,864.174054,-34.424471,47.66517846
2161,2018-08-03,2018,2,56,0,1,-98.81627323,0.7746539,-99.59092713,-99.13531653,765.357781,-134.015398,27.46440572
2162,2018-08-06,2018,2,57,1,0,24.9189831,0.7746539,24.1443292,24.5999398,790.276764,-109.871069,50.8264939
2163,2018-08-07,2018,2,58,1,0,4.82554387,0.7746539,4.05088997,4.50650057,795.102308,-105.820179,7.55603037
2164,2018-08-08,2018,2,59,2,1,21.5998611,0.7746539,20.82520719,21.28081779,816.702169,-84.994972,-15.08344284
2165,2018-08-09,2018,2,60,1,0,17.76306398,0.7746539,16.98841008,17.44402068,834.465233,-68.006562,22.66298808
2166,2018-08-10,2018,2,59,0,1,100.23870555,0.7746539,99.46405165,99.91966225,934.703939,31.45749,-49.33820367
2167,2018-08-13,2018,2,59,0,0,7.47232274,0.7746539,6.69766884,7.15327944,942.176262,38.155158,-65.08702459
2168,2018-08-14,2018,2,59,0,0,38.87339914,0.7746539,38.09874524,38.55435584,981.049661,76.253904,79.47972882
2169,2018-08-15,2018,2,59,0,0,-94.5884186,0.7746539,-95.3630725,-94.9074619,886.461242,-19.109169,-114.20034194
2170,2018-08-16,2018,2,60,1,0,6.40288499,0.7746539,5.62823108,6.08384168,892.864127,-13.480938,88.21171496
2171,2018-08-17,2018,2,60,0,0,16.80783075,0.7746539,16.03317685,16.48878745,909.671958,2.552239,51.07752322
2172,2018-08-20,2018,2,60,0,0,37.40997056,0.7746539,36.63531666,37.09092726,947.081928,39.187556,48.95316206
2173,2018-08-21,2018,2,60,0,0,32.23420527,0.7746539,31.45955137,31.91516197,979.316134,70.647107,68.32941653
2174,2018-08-22,2018,2,59,0,1,60.06958025,0.7746539,59.29492634,59.75053694,1039.385714,129.942033,10.10757544
2175,2018-08-23,2018,2,59,0,0,57.55098958,0.7746539,56.77633568,57.23194628,1096.936703,186.718369,-33.63170414
2176,2018-08-24,2018,2,59,0,0,-22.38930101,0.7746539,-23.16395491,-22.70834431,1074.547402,163.554414,52.09620481
2177,2018-08-27,2018,2,59,0,0,-37.08917013,0.7746539,-37.86382404,-37.40821344,1037.458232,125.69059,54.07152421
2178,2018-08-28,2018,2,58,0,1,28.16032146,0.7746539,27.38566756,27.84127816,1065.618554,153.076258,-7.22441298
2179,2018-08-29,2018,2,58,0,0,18.89469917,0.7746539,18.12004527,18.57565586,1084.513253,171.196303,38.92929061
2180,2018-08-30,2018,2,56,0,2,10.16275672,0.7746539,9.38810282,9.84371342,1094.67601,180.584406,-64.77342004
2181,2018-08-31,2018,2,54,0,2,63.08289064,0.7746539,62.30823674,62.76384734,1157.7589,242.892643,33.84987942
2182,2018-09-04,2018,2,55,1,0,61.15745985,0.7746539,60.38280594,60.83841654,1218.91636,303.275449,-52.10047693
2183,2018-09-05,2018,2,54,0,1,-153.94913386,0.7746539,-154.72378776,-154.26817716,1064.967226,148.551661,-25.65215157
2184,2018-09-06,2018,2,53,0,1,-22.27632687,0.7746539,-23.05098077,-22.59537017,1042.690899,125.50068,-54.55897218
2185,2018-09-07,2018,2,53,0,0,-26.1308002,0.7746539,-26.9054541,-26.4498435,1016.560099,98.595226,-27.50076466
2186,2018-09-10,2018,2,53,1,1,16.00966567,0.7746539,15.23501177,15.69062237,1032.569765,113.830238,28.14017964
2187,2018-09-11,2018,2,52,0,1,37.51617949,0.7746539,36.74152559,37.19713619,1070.085944,150.571763,3.53059283
2188,2018-09-12,2018,2,51,0,1,-44.85410886,0.7746539,-45.62876276,-45.17315216,1025.231836,104.943,18.32845513
2189,2018-09-13,2018,2,51,0,0,7.82543178,0.7746539,7.05077788,7.50638848,1033.057267,111.993778,17.71389779
2190,2018-09-14,2018,2,52,1,0,17.36696167,0.7746539,16.59230777,17.04791837,1050.424229,128.586086,20.41343725
2191,2018-09-17,2018,2,52,0,0,-128.9289529,0.7746539,-129.7036068,-129.2479962,921.495276,-1.117521,-64.02149285
2192,2018-09-18,2018,2,52,0,0,-12.69325099,0.7746539,-13.46790489,-13.01229429,908.802025,-14.585426,44.9619225
2193,2018-09-19,2018,2,53,1,0,-138.49929523,0.7746539,-139.27394913,-138.81833853,770.30273,-153.859375,-15.46054295
2194,2018-09-20,2018,2,53,0,0,-16.39297629,0.7746539,-17.16763019,-16.71201959,753.909754,-171.027005,87.3271946
2195,2018-09-21,2018,2,53,0,0,-44.62037249,0.7746539,-45.39502639,-44.93941579,709.289381,-216.422031,-7.20000541
2196,2018-09-24,2018,2,52,0,1,37.72141905,0.7746539,36.94676515,37.40237575,747.0108,-179.475266,-58.30011531
2197,2018-09-25,2018,2,52,0,0,84.16789192,0.7746539,83.39323802,83.84884862,831.178692,-96.082028,-5.36729443
2198,2018-09-26,2018,2,52,0,0,24.95149627,0.7746539,24.17684237,24.63245297,856.130188,-71.905186,-61.89040565
2199,2018-09-27,2018,2,53,1,0,28.7860663,0.7746539,28.0114124,28.467023,884.916255,-43.893773,9.58077865
2200,2018-09-28,2018,2,53,1,1,45.01972981,0.7746539,44.24507591,44.70068651,929.935984,0.351303,18.22180054
2201,2018-10-01,2018,2,52,0,1,-77.30535673,0.7746539,-78.08001063,-77.62440003,852.630628,-77.728708,-62.01370449
2202,2018-10-02,2018,2,52,1,1,-161.09439897,0.7746539,-161.86905288,-161.41344228,691.536229,-239.597761,-60.70249892
2203,2018-10-03,2018,2,52,0,0,46.05105606,0.7746539,45.27640216,45.73201275,737.587285,-194.321359,46.90217345
2204,2018-10-04,2018,2,52,0,0,-100.60097649,0.7746539,-101.37563039,-100.92001979,636.986308,-295.696989,-128.62132598
2205,2018-10-05,2018,2,51,0,1,-48.28454208,0.7746539,-49.05919598,-48.60358538,588.701766,-344.756185,-78.76205432
2206,2018-10-08,2018,2,51,1,1,-126.17629542,0.7746539,-126.95094932,-126.49533872,462.525471,-471.707134,-4.49188173
2207,2018-10-09,2018,2,50,0,1,0.08679751,0.7746539,-0.68785639,-0.23224579,462.612268,-472.394991,-57.31759377
2208,2018-10-10,2018,2,50,0,0,-193.95858729,0.7746539,-194.73324119,-194.27763059,268.653681,-667.128232,-282.65991727
2209,2018-10-11,2018,2,50,0,0,14.83079391,0.7746539,14.05614,14.5117506,283.484475,-653.072092,-164.24829946
2210,2018-10-12,2018,2,49,0,1,139.97126702,0.7746539,139.19661312,139.65222372,423.455742,-513.875479,72.97544153
2211,2018-10-15,2018,2,49,0,0,-54.64194561,0.7746539,-55.41659951,-54.96098891,368.813796,-569.292078,24.68903344
2212,2018-10-16,2018,2,48,0,1,89.62539791,0.7746539,88.85074401,89.30635461,458.439194,-480.441334,231.99179596
2213,2018-10-17,2018,2,48,0,0,-17.46818335,0.7746539,-18.24283725,-17.78722665,440.971011,-498.684172,-38.77163193
2214,2018-10-18,2018,2,48,0,0,-40.20202488,0.7746539,-40.97667878,-40.52106818,400.768986,-539.66085,-166.40265052
2215,2018-10-19,2018,2,47,0,1,-122.43135711,0.7746539,-123.20601101,-122.75040041,278.337629,-662.866861,-70.57998156
2216,2018-10-22,2018,2,47,0,0,87.38224093,0.7746539,86.60758703,87.06319763,365.71987,-576.259274,-33.85041925
2217,2018-10-23,2018,2,48,1,0,37.98198078,0.7746539,37.20732688,37.66293748,403.701851,-539.051948,-75.65673817
2218,2018-10-24,2018,2,48,1,1,-118.24061188,0.7746539,-119.01526579,-118.55965519,285.461239,-658.067213,-324.0958753
2219,2018-10-25,2018,2,48,0,0,81.56359993,0.7746539,80.78894603,81.24455663,367.024839,-577.278267,175.32387418
2220,2018-10-26,2018,2,48,0,0,-68.08350821,0.7746539,-68.85816211,-68.40255151,298.94133,-646.136429,-117.84416614
2221,2018-10-29,2018,2,49,1,0,-69.08102941,0.7746539,-69.85568331,-69.40007271,229.860301,-715.992113,-44.91056543
2222,2018-10-30,2018,2,50,1,0,59.81978741,0.7746539,59.0451335,59.5007441,289.680088,-656.946979,212.00159394
2223,2018-10-31,2018,2,48,0,2,24.44886362,0.7746539,23.67420972,24.12982032,314.128952,-633.27277,80.30940714
2224,2018-11-01,2018,2,47,0,1,28.19213714,0.7746539,27.41748324,27.87309384,342.321089,-605.855286,212.81885123
2225,2018-11-02,2018,2,48,1,0,-13.75589915,0.7746539,-14.53055305,-14.07494245,328.56519,-620.385839,-6.20697272
2226,2018-11-05,2018,2,50,2,0,-48.37661087,0.7746539,-49.15126477,-48.69565417,280.188579,-669.537104,25.3190294
2227,2018-11-06,2018,2,50,0,0,-121.78824352,0.7746539,-122.56289742,-122.10728682,158.400336,-792.100002,59.65195195
2228,2018-11-07,2018,2,49,0,1,73.16706618,0.7746539,72.39241228,72.84802288,231.567402,-719.707589,140.28658219
2229,2018-11-08,2018,2,51,3,1,-34.75334144,0.7746539,-35.52799534,-35.07238474,196.81406,-755.235585,-25.1107482
2230,2018-11-09,2018,2,51,2,2,-53.85503106,0.7746539,-54.62968496,-54.17407436,142.959029,-809.86527,-128.72887344
2231,2018-11-12,2018,2,52,2,1,-85.56443529,0.7746539,-86.33908919,-85.88347859,57.394594,-896.204359,-167.39092108
2232,2018-11-13,2018,2,51,0,1,-36.32186603,0.7746539,-37.09651993,-36.64090933,21.072728,-933.300879,-12.01391592
2233,2018-11-14,2018,2,51,0,0,-48.52691111,0.7746539,-49.30156501,-48.84595441,-27.454183,-982.602444,-56.586276
2234,2018-11-15,2018,2,50,0,1,54.38645453,0.7746539,53.61180063,54.06741123,26.932271,-928.990643,113.92761137
2235,2018-11-16,2018,2,51,1,0,-18.80096437,0.7746539,-19.57561828,-19.12000768,8.131307,-948.566261,16.45884469
2236,2018-11-19,2018,2,51,0,0,-195.49727325,0.7746539,-196.27192716,-195.81631656,-187.365966,-1144.838188,-174.75173481
2237,2018-11-20,2018,2,48,1,4,-70.85895383,0.7746539,-71.63360773,-71.17799713,-258.22492,-1216.471796,-175.36070321
2238,2018-11-21,2018,2,48,0,0,71.31655206,0.7746539,70.54189816,70.99750876,-186.908368,-1145.929898,123.60500925
2239,2018-11-23,2018,2,49,1,0,-44.96836728,0.7746539,-45.74302118,-45.28741058,-231.876735,-1191.672919,-21.71213363
2240,2018-11-26,2018,2,48,1,2,66.73984751,0.7746539,65.96519361,66.42080421,-165.136888,-1125.707726,127.70671935
2241,2018-11-27,2018,2,48,0,0,-27.8260628,0.7746539,-28.60071671,-28.14510611,-192.962951,-1154.308442,-63.31133731
2242,2018-11-28,2018,2,49,1,0,132.15235807,0.7746539,131.37770417,131.83331477,-60.810592,-1022.930738,209.25751773
2243,2018-11-29,2018,2,49,1,1,4.18374261,0.7746539,3.40908871,3.86469931,-56.62685,-1019.521649,-18.74483942
2244,2018-11-30,2018,2,50,1,0,22.15802692,0.7746539,21.38337302,21.83898362,-34.468823,-998.138276,58.23959971
2245,2018-12-03,2018,2,51,1,0,125.95903001,0.7746539,125.18437611,125.63998671,91.490207,-872.9539,128.79238504
2246,2018-12-04,2018,2,51,1,1,-50.02511922,0.7746539,-50.79977312,-50.34416252,41.465088,-923.753673,-348.76989698
2247,2018-12-06,2018,2,51,0,0,5.83978536,0.7746539,5.06513146,5.52074206,47.304873,-918.688542,-24.20433162
2248,2018-12-07,2018,2,49,0,2,-107.40587727,0.7746539,-108.18053117,-107.72492057,-60.101004,-1026.869073,-188.40404686
2249,2018-12-10,2018,2,50,1,0,112.61465217,0.7746539,111.83999827,112.29560887,52.513648,-915.029075,-41.18822969
2250,2018-12-11,2018,2,49,0,1,10.85812132,0.7746539,10.08346742,10.53907801,63.371769,-904.945607,-18.40321973
2251,2018-12-12,2018,2,49,1,1,48.49625751,0.7746539,47.7216036,48.1772142,111.868027,-857.224004,82.52374365
2252,2018-12-13,2018,2,49,1,1,-49.72844422,0.7746539,-50.50309812,-50.04748752,62.139583,-907.727102,-88.15929542
2253,2018-12-14,2018,2,47,0,2,-4.92129003,0.7746539,-5.69594393,-5.24033333,57.218293,-913.423046,-138.62883821
2254,2018-12-17,2018,2,47,0,0,-80.49877749,0.7746539,-81.2734314,-80.8178208,-23.280485,-994.696477,-221.84258294
2255,2018-12-18,2018,2,47,0,0,69.29418827,0.7746539,68.51953436,68.97514496,46.013704,-926.176943,-8.03713316
2256,2018-12-19,2018,2,48,1,0,-3.33403331,0.7746539,-4.10868722,-3.65307662,42.67967,-930.28563,-172.12920017
2257,2018-12-20,2018,2,48,1,1,-16.07379784,0.7746539,-16.84845174,-16.39284114,26.605872,-947.134082,-145.17013058
2258,2018-12-21,2018,2,48,2,2,-65.57142761,0.7746539,-66.34608151,-65.89047091,-38.965555,-1013.480163,-226.97186413
2259,2018-12-24,2018,2,47,0,1,43.37409997,0.7746539,42.59944607,43.05505667,4.408545,-970.880717,-208.78980389
2260,2018-12-26,2018,2,47,0,0,129.81457043,0.7746539,129.03991653,129.49552713,134.223115,-841.840801,458.99180769
2261,2018-12-27,2018,2,47,0,0,27.31363839,0.7746539,26.53898449,26.99459509,161.536754,-815.301816,40.72549569
2262,2018-12-28,2018,2,47,1,1,-9.24661634,0.7746539,-10.02127024,-9.56565964,152.290137,-825.323087,12.43570385
2263,2018-12-31,2018,2,47,0,0,55.25347897,0.7746539,54.47882507,54.93443567,207.543616,-770.844261,81.59376905
2264,2019-01-02,2019,2,48,1,0,-57.85055649,0.7746539,-58.6252104,-58.1695998,149.69306,-829.469472,35.84963161
2265,2019-01-03,2019,2,48,0,0,-108.5410246,0.7746539,-109.3156785,-108.8600679,41.152035,-938.78515,-166.28263635
2266,2019-01-04,2019,2,47,0,1,42.72836255,0.7746539,41.95370864,42.40931924,83.880398,-896.831442,358.82603486
2267,2019-01-07,2019,2,48,1,0,69.68498423,0.7746539,68.91033033,69.36594093,153.565382,-827.921111,146.87765437
2268,2019-01-08,2019,2,48,1,1,-7.01801206,0.7746539,-7.79266596,-7.33705536,146.54737,-835.713777,141.82494822
2269,2019-01-09,2019,2,48,0,0,-14.04032499,0.7746539,-14.8149789,-14.3593683,132.507045,-850.528756,104.71670926
2270,2019-01-10,2019,2,46,0,2,-10.04880196,0.7746539,-10.82345586,-10.36784526,122.458243,-861.352212,55.15782045
2271,2019-01-11,2019,2,47,1,0,-33.41250088,0.7746539,-34.18715478,-33.73154418,89.045742,-895.539367,8.479177
2272,2019-01-14,2019,2,48,1,0,-46.51179016,0.7746539,-47.28644406,-46.83083346,42.533952,-942.825811,-66.40589921
2273,2019-01-15,2019,2,47,1,2,88.25766165,0.7746539,87.48300775,87.93861835,130.791613,-855.342803,79.24163149
2274,2019-01-16,2019,2,48,1,0,-53.98246715,0.7746539,-54.75712105,-54.30151045,76.809146,-910.099924,55.53689785
2275,2019-01-17,2019,2,48,0,0,12.41984841,0.7746539,11.64519451,12.10080511,89.228995,-898.45473,88.87821405
2276,2019-01-18,2019,2,48,0,0,-32.45382487,0.7746539,-33.22847877,-32.77286817,56.77517,-931.683209,134.8521013
2277,2019-01-22,2019,2,48,0,0,-9.24178348,0.7746539,-10.01643738,-9.56082678,47.533386,-941.699646,-160.69200577
2278,2019-01-23,2019,2,48,0,0,50.89865132,0.7746539,50.12399742,50.57960802,98.432038,-891.575648,-10.05633726
2279,2019-01-24,2019,2,47,0,1,-3.61448841,0.7746539,-4.38914231,-3.93353171,94.817549,-895.964791,69.70733027
2280,2019-01-25,2019,2,48,1,0,1.7971448,0.7746539,1.0224909,1.4781015,96.614694,-894.9423,130.92495142
2281,2019-01-28,2019,2,47,0,1,-46.15333257,0.7746539,-46.92798647,-46.47237587,50.461362,-941.870286,-45.24369984
2282,2019-01-29,2019,2,46,0,1,-72.96377204,0.7746539,-73.73842594,-73.28281534,-22.502411,-1015.608712,-4.58536272
2283,2019-01-30,2019,2,47,1,0,-10.78428686,0.7746539,-11.55894077,-11.10333017,-33.286697,-1027.167653,112.33361842
2284,2019-01-31,2019,2,48,1,0,76.87485858,0.7746539,76.10020468,76.55581528,43.588161,-951.067448,67.88714862
2285,2019-02-01,2019,2,48,0,0,-39.75411181,0.7746539,-40.52876571,-40.07315511,3.834049,-991.596214,26.52900474
2286,2019-02-04,2019,2,47,0,1,28.90035421,0.7746539,28.12570031,28.58131091,32.734404,-963.470514,78.8143428
2287,2019-02-05,2019,2,48,1,0,-66.84187067,0.7746539,-67.61652457,-67.16091397,-34.107467,-1031.087038,46.02917535
2288,2019-02-06,2019,2,48,0,0,-71.86676734,0.7746539,-72.64142124,-72.18581064,-105.974234,-1103.72846,-38.46430028
2289,2019-02-07,2019,2,47,0,1,47.61302998,0.7746539,46.83837608,47.29398668,-58.361204,-1056.890084,-94.8671263
2290,2019-02-08,2019,2,47,1,1,61.75499399,0.7746539,60.98034009,61.43595069,3.39379,-995.909743,2.46529954
2291,2019-02-11,2019,2,47,0,0,38.57294295,0.7746539,37.79828904,38.25389964,41.966732,-958.111454,45.36009088
2292,2019-02-12,2019,2,48,1,0,-0.75845893,0.7746539,-1.53311283,-1.07750223,41.208274,-959.644567,119.89299062
2293,2019-02-13,2019,2,48,0,0,-73.44495232,0.7746539,-74.21960622,-73.76399562,-32.236679,-1033.864173,30.63956203
2294,2019-02-14,2019,2,48,0,0,48.73991511,0.7746539,47.96526121,48.42087181,16.503236,-985.898912,12.48818117
2295,2019-02-15,2019,2,49,1,0,-62.35936055,0.7746539,-63.13401445,-62.67840385,-45.856124,-1049.032927,125.67376382
2296,2019-02-19,2019,2,48,0,1,-9.2837428,0.7746539,-10.05839671,-9.60278611,-55.139867,-1059.091323,22.2250763
2297,2019-02-20,2019,2,49,1,0,-69.10654708,0.7746539,-69.88120098,-69.42559038,-124.246414,-1128.972524,40.5786112
2298,2019-02-21,2019,2,50,1,0,58.52510487,0.7746539,57.75045097,58.20606157,-65.721309,-1071.222073,-48.15488784
2299,2019-02-22,2019,2,49,0,1,-13.08542119,0.7746539,-13.86007509,-13.40446449,-78.80673,-1085.082149,80.38186788
2300,2019-02-25,2019,2,49,0,0,-95.44764789,0.7746539,-96.22230179,-95.76669119,-174.254378,-1181.30445,22.78259872
2301,2019-02-26,2019,2,51,2,0,-7.51207121,0.7746539,-8.28672511,-7.83111451,-181.76645,-1189.591175,-54.23964746
2302,2019-02-27,2019,2,52,1,0,7.0428573,0.7746539,6.2682034,6.72381399,-174.723592,-1183.322972,16.3359183
2303,2019-02-28,2019,2,53,1,0,9.99653611,0.7746539,9.22188221,9.67749281,-164.727056,-1174.10109,-36.12171803
2304,2019-03-01,2019,2,53,1,1,70.49978919,0.7746539,69.72513529,70.18074589,-94.227267,-1104.375955,49.99527168
2305,2019-03-04,2019,2,53,1,1,-62.03959382,0.7746539,-62.81424772,-62.35863712,-156.266861,-1167.190202,-63.94758964
2306,2019-03-05,2019,2,54,1,0,26.59753149,0.7746539,25.82287759,26.27848818,-129.669329,-1141.367325,-20.36415665
2307,2019-03-06,2019,2,54,0,0,-26.18681326,0.7746539,-26.96146716,-26.50585656,-155.856143,-1168.328792,-137.94345038
2308,2019-03-07,2019,2,55,1,0,-1.43945769,0.7746539,-2.21411159,-1.75850099,-157.2956,-1170.542903,-76.77961679
2309,2019-03-08,2019,2,54,1,2,-8.53343243,0.7746539,-9.30808633,-8.85247573,-165.829033,-1179.85099,-27.59319277
2310,2019-03-11,2019,2,52,0,2,3.08715087,0.7746539,2.31249697,2.76810757,-162.741882,-1177.538493,151.68163186
2311,2019-03-12,2019,2,51,0,1,-18.13048613,0.7746539,-18.90514003,-18.44952943,-180.872368,-1196.443633,27.22314532
2312,2019-03-13,2019,2,48,0,3,-56.97282532,0.7746539,-57.74747922,-57.29186862,-237.845193,-1254.191112,54.16323492
2313,2019-03-14,2019,2,48,0,0,-2.92075019,0.7746539,-3.69540409,-3.23979349,-240.765943,-1257.886516,-34.39973269
2314,2019-03-15,2019,2,48,0,0,-34.04886159,0.7746539,-34.82351549,-34.36790489,-274.814805,-1292.710032,35.46040827
2315,2019-03-18,2019,2,49,1,0,-18.284624,0.7746539,-19.0592779,-18.6036673,-293.099429,-1311.76931,59.61031001
2316,2019-03-19,2019,2,49,1,1,-8.33279094,0.7746539,-9.10744485,-8.65183425,-301.43222,-1320.876754,-36.65622243
2317,2019-03-20,2019,2,48,0,1,16.13560432,0.7746539,15.36095042,15.81656102,-285.296616,-1305.515804,-60.31251019
2318,2019-03-21,2019,2,48,1,1,67.62431282,0.7746539,66.84965892,67.30526952,-217.672303,-1238.666145,122.4168385
2319,2019-03-22,2019,2,48,0,0,28.69038824,0.7746539,27.91573434,28.37134494,-188.981915,-1210.750411,-266.34955382
2320,2019-03-25,2019,2,47,1,2,55.84659902,0.7746539,55.07194512,55.52755572,-133.135316,-1155.678466,8.37046157
2321,2019-03-26,2019,2,47,1,1,-41.29196262,0.7746539,-42.06661652,-41.61100592,-174.427278,-1197.745082,92.21109638
2322,2019-03-27,2019,2,47,1,1,-32.38357188,0.7746539,-33.15822579,-32.70261519,-206.81085,-1230.903308,-33.44340226
2323,2019-03-28,2019,2,47,0,0,34.40875033,0.7746539,33.63409643,34.08970703,-172.4021,-1197.269211,76.41272051
2324,2019-03-29,2019,2,48,1,0,-53.20918469,0.7746539,-53.98383859,-53.52822799,-225.611284,-1251.25305,58.23253055
2325,2019-04-01,2019,2,48,1,1,-112.96049452,0.7746539,-113.73514843,-113.27953783,-338.571779,-1364.988198,124.33116209
2326,2019-04-02,2019,2,48,0,0,-40.20292601,0.7746539,-40.97757991,-40.52196931,-378.774705,-1405.965778,-11.82698972
2327,2019-04-03,2019,2,48,1,1,24.08883912,0.7746539,23.31418522,23.76979582,-354.685866,-1382.651593,38.20101975
2328,2019-04-04,2019,2,47,0,1,-81.63110236,0.7746539,-82.40575626,-81.95014566,-436.316968,-1465.057349,35.03961113
2329,2019-04-05,2019,2,47,0,0,-42.07518582,0.7746539,-42.84983972,-42.39422912,-478.392154,-1507.907189,77.42780735
2330,2019-04-08,2019,2,48,1,0,-0.89989229,0.7746539,-1.67454619,-1.21893559,-479.292046,-1509.581735,-0.62766281
2331,2019-04-09,2019,2,49,1,0,73.92167329,0.7746539,73.14701939,73.60262999,-405.370373,-1436.434716,-99.08337364
2332,2019-04-10,2019,2,49,0,0,17.54160517,0.7746539,16.76695127,17.22256187,-387.828768,-1419.667765,92.68756133
2333,2019-04-11,2019,2,49,1,1,11.91138251,0.7746539,11.13672861,11.59233921,-375.917385,-1408.531036,2.74659226
2334,2019-04-12,2019,2,49,0,0,-120.10042152,0.7746539,-120.87507542,-120.41946482,-496.017807,-1529.406111,71.92599889
2335,2019-04-15,2019,2,49,0,0,38.79155028,0.7746539,38.01689637,38.47250697,-457.226257,-1491.389215,-28.96811045
2336,2019-04-16,2019,2,49,1,1,-48.93496357,0.7746539,-49.70961747,-49.25400687,-506.16122,-1541.098833,4.46992454
2337,2019-04-17,2019,2,49,0,0,-101.80754557,0.7746539,-102.58219947,-102.12658887,-607.968766,-1643.681032,-80.62686239
2338,2019-04-18,2019,2,49,1,1,3.99434934,0.7746539,3.21969544,3.67530604,-603.974416,-1640.461337,-0.96354354
2339,2019-04-22,2019,2,48,0,1,28.03284378,0.7746539,27.25818987,27.71380047,-575.941573,-1613.203147,-19.64883894
2340,2019-04-23,2019,2,49,1,0,42.23033282,0.7746539,41.45567892,41.91128952,-533.71124,-1571.747468,118.55754663
2341,2019-04-24,2019,2,48,1,2,27.39510325,0.7746539,26.62044935,27.07605995,-506.316136,-1545.127018,0.7811568
2342,2019-04-25,2019,2,45,0,3,53.18577652,0.7746539,52.41112262,52.86673322,-453.13036,-1492.715896,-54.05613814
2343,2019-04-26,2019,2,46,1,0,-29.39062331,0.7746539,-30.16527721,-29.70966661,-482.520983,-1522.881173,76.3320388
2344,2019-04-29,2019,2,47,1,0,-28.66744221,0.7746539,-29.44209611,-28.98648551,-511.188425,-1552.323269,20.3266591
2345,2019-04-30,2019,2,47,0,0,10.68241455,0.7746539,9.90776065,10.36337125,-500.506011,-1542.415509,-7.67608282
2346,2019-05-01,2019,2,47,2,2,-43.65087126,0.7746539,-44.42552516,-43.96991456,-544.156882,-1586.841034,-93.52708426
2347,2019-05-02,2019,2,46,0,1,24.64624693,0.7746539,23.87159303,24.32720363,-519.510635,-1562.969441,6.42998006
2348,2019-05-03,2019,2,46,0,0,-29.99489844,0.7746539,-30.76955235,-30.31394175,-549.505534,-1593.738993,131.90175528
2349,2019-05-06,2019,2,46,1,1,10.66624177,0.7746539,9.89158787,10.34719846,-538.839292,-1583.847405,-34.42161061
2350,2019-05-07,2019,2,47,1,0,10.65366263,0.7746539,9.87900873,10.33461933,-528.185629,-1573.968396,-170.40143447
2351,2019-05-08,2019,2,48,2,1,42.94356251,0.7746539,42.1689086,42.6245192,-485.242067,-1531.799488,-16.71161565
2352,2019-05-09,2019,2,47,1,2,-12.71008221,0.7746539,-13.48473611,-13.02912551,-497.952149,-1545.284224,-13.1745544
2353,2019-05-10,2019,2,47,0,0,-3.59951777,0.7746539,-4.37417167,-3.91856107,-501.551667,-1549.658396,30.97412493
2354,2019-05-13,2019,2,47,0,0,-6.03884553,0.7746539,-6.81349943,-6.35788883,-507.590512,-1556.471895,-281.15592612
2355,2019-05-14,2019,2,49,2,0,10.29338225,0.7746539,9.51872835,9.97433895,-497.29713,-1546.953167,112.08798502
2356,2019-05-15,2019,2,50,1,0,36.66240301,0.7746539,35.88774911,36.34335971,-460.634727,-1511.065418,37.61143019
2357,2019-05-16,2019,2,49,0,1,16.86974261,0.7746539,16.09508871,16.55069931,-443.764984,-1494.970329,68.44249162
2358,2019-05-17,2019,2,47,0,2,-28.54104863,0.7746539,-29.31570253,-28.86009194,-472.306033,-1524.286031,-106.64814746
2359,2019-05-20,2019,2,47,2,2,20.85552593,0.7746539,20.08087203,20.53648263,-451.450507,-1504.205159,-71.96049341
2360,2019-05-21,2019,2,47,1,1,-127.54501563,0.7746539,-128.31966953,-127.86405893,-578.995523,-1632.524829,125.51451847
2361,2019-05-22,2019,2,47,1,1,53.17639783,0.7746539,52.40174393,52.85735453,-525.819125,-1580.123085,-81.53176325
2362,2019-05-23,2019,2,48,1,0,-2.17313728,0.7746539,-2.94779119,-2.49218059,-527.992262,-1583.070876,-166.05296287
2363,2019-05-24,2019,2,49,1,0,16.68206763,0.7746539,15.90741373,16.36302433,-511.310195,-1567.163462,45.42395556
2364,2019-05-28,2019,2,49,0,0,47.88313494,0.7746539,47.10848104,47.56409164,-463.42706,-1520.054981,-72.11070732
2365,2019-05-29,2019,2,49,0,0,-54.926428,0.7746539,-55.7010819,-55.2454713,-518.353488,-1575.756063,-80.09886166
2366,2019-05-30,2019,2,48,1,2,101.34518106,0.7746539,100.57052716,101.02613776,-417.008307,-1475.185536,-12.03440168
2367,2019-05-31,2019,2,48,0,0,54.01060434,0.7746539,53.23595044,53.69156104,-362.997702,-1421.949586,-113.6595882
2368,2019-06-03,2019,2,50,2,0,-105.06113995,0.7746539,-105.83579385,-105.38018325,-468.058842,-1527.78538,42.90573921
2369,2019-06-04,2019,2,50,0,0,-28.42248328,0.7746539,-29.19713718,-28.74152658,-496.481325,-1556.982517,237.67962805
2370,2019-06-05,2019,2,49,1,2,140.75267043,0.7746539,139.97801653,140.43362713,-355.728655,-1417.0045,19.14299915
2371,2019-06-06,2019,2,48,0,1,89.16324143,0.7746539,88.38858753,88.84419813,-266.565414,-1328.615913,0.48945911
2372,2019-06-07,2019,2,49,1,0,18.72624771,0.7746539,17.9515938,18.4072044,-247.839166,-1310.664319,80.42446885
2373,2019-06-10,2019,2,50,2,1,-31.92326521,0.7746539,-32.69791912,-32.24230852,-279.762431,-1343.362238,44.43875614
2374,2019-06-11,2019,2,50,0,0,-57.50662192,0.7746539,-58.28127583,-57.82566523,-337.269053,-1401.643514,2.5907013
2375,2019-06-12,2019,2,51,1,0,26.0869265,0.7746539,25.3122726,25.7678832,-311.182127,-1376.331241,-22.48757378
2376,2019-06-13,2019,2,52,3,2,-33.98924862,0.7746539,-34.76390252,-34.30829192,-345.171375,-1411.095144,93.41776346
2377,2019-06-14,2019,2,51,0,1,41.02096687,0.7746539,40.24631297,40.70192357,-304.150408,-1370.848831,-64.81685842
2378,2019-06-17,2019,2,52,2,1,-13.33422451,0.7746539,-14.10887841,-13.65326781,-317.484633,-1384.957709,24.27667628
2379,2019-06-18,2019,2,53,1,0,-50.90340744,0.7746539,-51.67806134,-51.22245074,-368.38804,-1436.63577,117.03678995
2380,2019-06-19,2019,2,53,0,0,67.83964991,0.7746539,67.06499601,67.52060661,-300.54839,-1369.570774,32.15915474
2381,2019-06-20,2019,2,55,2,0,-0.85151764,0.7746539,-1.62617154,-1.17056094,-301.399908,-1371.196946,79.80555521
2382,2019-06-21,2019,2,55,0,0,-32.30810954,0.7746539,-33.08276344,-32.62715284,-333.708018,-1404.279709,-46.34001615
2383,2019-06-24,2019,2,55,1,1,17.21780904,0.7746539,16.44315514,16.89876574,-316.490208,-1387.836554,-78.52272764
2384,2019-06-25,2019,2,56,1,0,-44.65086787,0.7746539,-45.42552177,-44.96991117,-361.141076,-1433.262076,-68.84846599
2385,2019-06-26,2019,2,56,0,0,-51.44940795,0.7746539,-52.22406185,-51.76845125,-412.590484,-1485.486138,-14.0210654
2386,2019-06-27,2019,2,55,1,2,21.53592398,0.7746539,20.76127008,21.21688068,-391.05456,-1464.724868,111.26318219
2387,2019-06-28,2019,2,56,1,0,-39.3247903,0.7746539,-40.0994442,-39.6438336,-430.379351,-1504.824312,110.42451313
2388,2019-07-01,2019,2,56,1,1,33.95420782,0.7746539,33.17955392,33.63516452,-396.425143,-1471.644758,37.9949436
2389,2019-07-02,2019,2,53,0,3,93.83524497,0.7746539,93.06059107,93.51620167,-302.589898,-1378.584167,-20.79988247
2390,2019-07-03,2019,2,53,0,0,41.97779637,0.7746539,41.20314247,41.65875307,-260.612101,-1337.381025,71.26457866
2391,2019-07-05,2019,2,53,0,0,15.02093503,0.7746539,14.24628113,14.70189173,-245.591166,-1323.134743,6.68076465
2392,2019-07-08,2019,2,52,0,1,45.12845994,0.7746539,44.35380604,44.80941664,-200.462706,-1278.780937,-80.55131654
2393,2019-07-09,2019,2,52,0,0,35.59495377,0.7746539,34.82029987,35.27591047,-164.867753,-1243.960638,10.75927081
2394,2019-07-10,2019,2,53,1,0,19.70884524,0.7746539,18.93419134,19.38980194,-145.158907,-1225.026446,18.42791895
2395,2019-07-11,2019,2,54,1,0,30.88470351,0.7746539,30.1100496,30.5656602,-114.274204,-1194.916397,-21.31738311
2396,2019-07-12,2019,2,54,0,0,-49.04905071,0.7746539,-49.82370461,-49.36809401,-163.323255,-1244.740101,75.74611057
2397,2019-07-15,2019,2,54,0,0,40.2895093,0.7746539,39.5148554,39.970466,-123.033745,-1205.225246,-28.68620215
2398,2019-07-16,2019,2,54,0,0,-38.31389445,0.7746539,-39.08854835,-38.63293775,-161.34764,-1244.313794,-11.24416197
2399,2019-07-17,2019,2,54,0,0,53.77545398,0.7746539,53.00080008,53.45641068,-107.572186,-1191.312994,-71.9816761
2400,2019-07-18,2019,2,54,0,0,54.82888751,0.7746539,54.05423361,54.50984421,-52.743298,-1137.258761,26.0729718
2401,2019-07-19,2019,2,54,0,0,-78.22682614,0.7746539,-79.00148004,-78.54586944,-130.970124,-1216.260241,-32.1388451
2402,2019-07-22,2019,2,54,1,1,8.72434,0.7746539,7.9496861,8.4052967,-122.245784,-1208.310554,0.0661601
2403,2019-07-23,2019,2,54,0,0,-94.93497398,0.7746539,-95.70962788,-95.25401728,-217.180758,-1304.020182,83.47024076
2404,2019-07-24,2019,2,53,0,1,-26.40433428,0.7746539,-27.17898818,-26.72337758,-243.585093,-1331.199171,117.52342053
2405,2019-07-25,2019,2,53,0,0,62.63454844,0.7746539,61.85989454,62.31550514,-180.950544,-1269.339276,-96.4447884
2406,2019-07-26,2019,2,54,1,0,36.40023688,0.7746539,35.62558297,36.08119357,-144.550307,-1233.713693,93.44128231
2407,2019-07-29,2019,2,54,1,1,-15.81497046,0.7746539,-16.58962436,-16.13401376,-160.365278,-1250.303317,-40.99627544
2408,2019-07-30,2019,2,54,1,1,-32.94199365,0.7746539,-33.71664755,-33.26103696,-193.307272,-1284.019965,43.52809727
2409,2019-07-31,2019,2,55,1,0,-20.81514456,0.7746539,-21.58979846,-21.13418786,-214.122416,-1305.609763,-89.35594199
2410,2019-08-01,2019,2,53,1,3,116.49212389,0.7746539,115.71746999,116.17308059,-97.630292,-1189.892293,-138.33701791
2411,2019-08-02,2019,2,54,1,0,-17.47627202,0.7746539,-18.25092592,-17.79531532,-115.106564,-1208.143219,-107.85425896
2412,2019-08-05,2019,2,55,1,0,18.90394598,0.7746539,18.12929208,18.58490268,-96.202618,-1190.013927,-275.83138817
2413,2019-08-06,2019,2,55,0,0,99.90102885,0.7746539,99.12637495,99.58198555,3.698411,-1090.887552,106.49732921
2414,2019-08-07,2019,2,56,1,0,18.81215226,0.7746539,18.03749836,18.49310896,22.510563,-1072.850054,16.98955526
2415,2019-08-08,2019,2,55,0,1,-48.95253377,0.7746539,-49.72718767,-49.27157707,-26.441971,-1122.577242,197.49169736
2416,2019-08-09,2019,2,57,2,0,35.08834589,0.7746539,34.31369199,34.76930259,8.646375,-1088.26355,-118.47795182
2417,2019-08-12,2019,2,58,1,0,34.04846096,0.7746539,33.27380705,33.72941765,42.694836,-1054.989743,-160.11878733
2418,2019-08-13,2019,2,58,1,1,21.28518827,0.7746539,20.51053437,20.96614496,63.980024,-1034.479208,107.08248019
2419,2019-08-14,2019,2,56,0,2,47.42568199,0.7746539,46.65102809,47.10663869,111.405706,-987.82818,-285.80492021
2420,2019-08-15,2019,2,56,2,2,58.47384578,0.7746539,57.69919188,58.15480248,169.879552,-930.128988,-5.40959816
2421,2019-08-16,2019,2,56,1,1,-43.82631299,0.7746539,-44.60096689,-44.14535629,126.053239,-974.729955,194.50085242
2422,2019-08-19,2019,2,58,2,0,-43.48192959,0.7746539,-44.25658349,-43.80097289,82.571309,-1018.986539,106.43785722
2423,2019-08-20,2019,2,58,0,0,112.45150131,0.7746539,111.67684741,112.13245801,195.022811,-907.309691,-64.78455786
2424,2019-08-21,2019,2,56,0,2,4.36618941,0.7746539,3.59153551,4.04714611,199.389,-903.718156,87.57571175
2425,2019-08-22,2019,2,57,1,0,-6.38862059,0.7746539,-7.16327449,-6.70766389,193.00038,-910.88143,-14.58299533
2426,2019-08-23,2019,2,58,1,0,95.166274,0.7746539,94.3916201,94.8472307,288.166654,-816.48981,-256.5083377
2427,2019-08-26,2019,2,58,1,1,5.86921269,0.7746539,5.09455879,5.55016939,294.035866,-811.395251,84.51626081
2428,2019-08-27,2019,2,60,2,0,83.95365236,0.7746539,83.17899846,83.63460906,377.989519,-728.216253,-83.96112389
2429,2019-08-28,2019,2,60,0,0,-82.84990333,0.7746539,-83.62455723,-83.16894663,295.139615,-811.84081,96.52835616
2430,2019-08-29,2019,2,61,1,0,-92.37101765,0.7746539,-93.14567155,-92.69006095,202.768598,-904.986482,132.32708649
2431,2019-08-30,2019,2,62,1,0,-60.30970134,0.7746539,-61.08435524,-60.62874464,142.458896,-966.070837,12.55968897
2432,2019-09-03,2019,2,62,0,0,15.14880229,0.7746539,14.37414839,14.82975899,157.607699,-951.696688,-112.70481195
2433,2019-09-04,2019,2,61,1,2,1.7268659,0.7746539,0.952212,1.4078226,159.334564,-950.744476,119.21059049
2434,2019-09-05,2019,2,58,0,3,-130.96487385,0.7746539,-131.73952776,-131.28391716,28.369691,-1082.484004,174.60943294
2435,2019-09-06,2019,2,57,0,1,-59.66574115,0.7746539,-60.44039505,-59.98478445,-31.296051,-1142.924399,-7.31007476
2436,2019-09-09,2019,2,58,2,1,-315.45774364,0.7746539,-316.23239754,-315.77678694,-346.753794,-1459.156797,72.27575123
2437,2019-09-10,2019,2,58,0,0,-235.56314325,0.7746539,-236.33779715,-235.88218655,-582.316937,-1695.494594,73.41496164
2438,2019-09-11,2019,2,58,1,1,-35.19631023,0.7746539,-35.97096413,-35.51535353,-617.513248,-1731.465558,134.51307381
2439,2019-09-12,2019,2,56,0,2,22.25043882,0.7746539,21.47578492,21.93139552,-595.262809,-1709.989773,4.38371959
2440,2019-09-13,2019,2,56,0,0,-119.14788741,0.7746539,-119.92254132,-119.46693072,-714.410696,-1829.912314,3.43996621
2441,2019-09-16,2019,2,55,0,1,-23.81597563,0.7746539,-24.59062954,-24.13501894,-738.226672,-1854.502944,51.053289
2442,2019-09-17,2019,2,55,0,0,146.79919663,0.7746539,146.02454273,146.48015333,-591.427475,-1708.478401,-23.41830066
2443,2019-09-18,2019,2,56,1,0,-2.57500388,0.7746539,-3.34965779,-2.89404719,-594.002479,-1711.828059,-34.85222153
2444,2019-09-19,2019,2,57,1,0,63.59717189,0.7746539,62.82251799,63.27812859,-530.405307,-1649.005541,-21.35896538
2445,2019-09-20,2019,2,59,2,0,-24.01931971,0.7746539,-24.79397361,-24.33836301,-554.424627,-1673.799515,-33.59273634
2446,2019-09-23,2019,2,58,0,1,57.4729821,0.7746539,56.6983282,57.1539388,-496.951645,-1617.101186,2.84377576
2447,2019-09-24,2019,2,60,2,0,0.6623286,0.7746539,-0.1123253,0.3432853,-496.289316,-1617.213512,-131.29702186
2448,2019-09-25,2019,2,60,0,0,-55.54422247,0.7746539,-56.31887638,-55.86326578,-551.833539,-1673.532388,70.74341251
2449,2019-09-26,2019,2,60,0,0,-11.75242969,0.7746539,-12.52708359,-12.07147299,-563.585968,-1686.059472,-61.84663365
2450,2019-09-27,2019,2,60,1,1,-119.25318616,0.7746539,-120.02784006,-119.57222946,-682.839155,-1806.087312,-64.9388372
2451,2019-09-30,2019,2,60,0,0,-3.56181457,0.7746539,-4.33646847,-3.88085787,-686.400969,-1810.42378,39.96289911
2452,2019-10-01,2019,2,60,0,0,56.36559224,0.7746539,55.59093833,56.04654893,-630.035377,-1754.832842,-175.43810076
2453,2019-10-02,2019,2,60,1,1,63.22846488,0.7746539,62.45381098,62.90942158,-566.806912,-1692.379031,-137.18671124
2454,2019-10-03,2019,2,62,2,0,68.59541583,0.7746539,67.82076193,68.27637253,-498.211496,-1624.558269,72.8577787
2455,2019-10-04,2019,2,61,0,1,124.60886687,0.7746539,123.83421297,124.28982357,-373.602629,-1500.724056,100.03801814
2456,2019-10-07,2019,2,61,1,1,1.04247564,0.7746539,0.26782174,0.72343234,-372.560154,-1500.456234,-41.05368467
2457,2019-10-08,2019,2,61,0,0,62.97498771,0.7746539,62.20033381,62.65594441,-309.585166,-1438.255901,-174.00989802
2458,2019-10-09,2019,2,62,1,0,3.09710571,0.7746539,2.32245181,2.77806241,-306.48806,-1435.933449,61.51716669
2459,2019-10-10,2019,2,62,1,1,-46.17503095,0.7746539,-46.94968485,-46.49407425,-352.663091,-1482.883134,73.14538534
2460,2019-10-11,2019,2,63,2,1,-130.13738576,0.7746539,-130.91203966,-130.45642906,-482.800477,-1613.795173,165.88792369
2461,2019-10-14,2019,2,62,0,1,12.02046411,0.7746539,11.2458102,11.7014208,-470.780013,-1602.549363,-29.37207908
2462,2019-10-15,2019,2,64,2,0,-59.14085791,0.7746539,-59.91551181,-59.45990121,-529.920871,-1662.464875,90.12736086
2463,2019-10-16,2019,2,64,0,0,-65.90321319,0.7746539,-66.6778671,-66.2222565,-595.824084,-1729.142742,-9.36449923
2464,2019-10-17,2019,2,64,0,0,66.26011693,0.7746539,65.48546303,65.94107363,-529.563967,-1663.657279,68.98256374
2465,2019-10-18,2019,2,63,0,1,1.13107245,0.7746539,0.35641855,0.81202915,-528.432895,-1663.30086,-31.31894394
2466,2019-10-21,2019,2,64,1,0,-39.78016064,0.7746539,-40.55481454,-40.09920394,-568.213055,-1703.855675,71.46140295
2467,2019-10-22,2019,2,63,1,2,-146.16380952,0.7746539,-146.93846343,-146.48285283,-714.376865,-1850.794138,6.75289958
2468,2019-10-23,2019,2,62,0,1,-26.28355229,0.7746539,-27.05820619,-26.60259559,-740.660417,-1877.852344,29.55407379
2469,2019-10-24,2019,2,61,0,1,177.38988731,0.7746539,176.61523341,177.07084401,-563.27053,-1701.237111,25.61923529
2470,2019-10-25,2019,2,61,0,0,-50.69952092,0.7746539,-51.47417482,-51.01856422,-613.970051,-1752.711286,50.39554591
2471,2019-10-28,2019,2,61,1,1,-51.48687501,0.7746539,-52.26152891,-51.80591831,-665.456926,-1804.972815,48.56575831
2472,2019-10-29,2019,2,61,0,0,-20.24079041,0.7746539,-21.01544431,-20.55983371,-685.697716,-1825.988259,16.01835539
2473,2019-10-30,2019,2,60,0,1,56.42566079,0.7746539,55.65100689,56.10661749,-629.272055,-1770.337252,-5.56089249
2474,2019-10-31,2019,2,58,0,2,46.30789867,0.7746539,45.53324477,45.98885537,-582.964157,-1724.804007,-63.86529925
2475,2019-11-01,2019,2,58,1,1,-64.20705859,0.7746539,-64.98171249,-64.52610189,-647.171215,-1789.78572,150.82020398
2476,2019-11-04,2019,2,58,0,0,-209.05178661,0.7746539,-209.82644051,-209.37082991,-856.223002,-1999.61216,50.54326984
2477,2019-11-05,2019,2,57,0,1,-50.20923151,0.7746539,-50.98388541,-50.52827481,-906.432233,-2050.596046,-6.05945732
2478,2019-11-06,2019,2,57,0,0,88.19550357,0.7746539,87.42084967,87.87646027,-818.23673,-1963.175196,-43.95760326
2479,2019-11-07,2019,2,57,0,0,-80.83337609,0.7746539,-81.60802999,-81.15241939,-899.070106,-2044.783226,18.69553876
2480,2019-11-08,2019,2,58,1,0,15.14073121,0.7746539,14.36607731,14.82168791,-883.929375,-2030.417149,44.03699772
2481,2019-11-11,2019,2,58,0,0,76.45371779,0.7746539,75.67906389,76.13467449,-807.475657,-1954.738085,-17.75580815
2482,2019-11-12,2019,2,58,1,1,62.61509737,0.7746539,61.84044347,62.29605407,-744.860559,-1892.897642,2.05246294
2483,2019-11-13,2019,2,58,0,0,75.71820095,0.7746539,74.94354705,75.39915765,-669.142358,-1817.954094,-14.005358
2484,2019-11-14,2019,2,57,1,2,21.87923748,0.7746539,21.10458358,21.56019418,-647.263121,-1796.849511,12.67248499
2485,2019-11-15,2019,2,57,0,0,-18.20714324,0.7746539,-18.98179714,-18.52618654,-665.470264,-1815.831308,69.66478253
2486,2019-11-18,2019,2,56,0,1,82.67086151,0.7746539,81.89620761,82.35181821,-582.799403,-1733.9351,-14.41167371
2487,2019-11-19,2019,2,57,1,0,49.14956597,0.7746539,48.37491207,48.83052267,-533.649837,-1685.560188,11.17267596
2488,2019-11-20,2019,2,56,0,1,41.14781878,0.7746539,40.37316488,40.82877548,-492.502018,-1645.187023,-32.55073988
2489,2019-11-21,2019,2,55,1,2,-92.36135335,0.7746539,-93.13600725,-92.68039665,-584.863371,-1738.323031,-34.141905
2490,2019-11-22,2019,2,54,0,1,-80.36306701,0.7746539,-81.13772092,-80.68211032,-665.226438,-1819.460752,44.47009209
2491,2019-11-25,2019,2,54,1,1,50.46657654,0.7746539,49.69192264,50.14753324,-614.759862,-1769.768829,132.08909496
2492,2019-11-26,2019,2,53,0,1,72.73024276,0.7746539,71.95558886,72.41119946,-542.029619,-1697.81324,21.34103016
2493,2019-11-27,2019,2,52,0,1,-34.35195309,0.7746539,-35.12660699,-34.67099639,-576.381572,-1732.939847,60.24825116
2494,2019-11-29,2019,2,52,0,0,34.0681248,0.7746539,33.2934709,33.7490815,-542.313447,-1699.646376,-66.57299748
2495,2019-12-02,2019,2,52,0,0,-54.42933893,0.7746539,-55.20399283,-54.74838223,-596.742786,-1754.850369,-82.73099749
2496,2019-12-03,2019,2,55,3,0,98.42789056,0.7746539,97.65323665,98.10884725,-498.314896,-1657.197132,-56.14817706
2497,2019-12-04,2019,2,56,1,0,-48.13502429,0.7746539,-48.90967819,-48.45406759,-546.44992,-1706.106811,75.66883272
2498,2019-12-05,2019,2,56,1,1,42.22057083,0.7746539,41.44591693,41.90152753,-504.229349,-1664.660894,-3.35801838
2499,2019-12-06,2019,2,55,1,2,-32.54510643,0.7746539,-33.31976033,-32.86414973,-536.774456,-1697.980654,107.69265276
2500,2019-12-09,2019,2,53,1,3,-28.64506522,0.7746539,-29.41971912,-28.96410852,-565.419521,-1727.400373,-17.67244347
2501,2019-12-10,2019,2,53,2,2,1.94362355,0.7746539,1.16896965,1.62458025,-563.475897,-1726.231403,-13.40010643
2502,2019-12-11,2019,2,52,0,1,63.31544612,0.7746539,62.54079222,62.99640282,-500.160451,-1663.690611,19.53143763
2503,2019-12-12,2019,2,53,1,0,-84.70960554,0.7746539,-85.48425944,-85.02864884,-584.870057,-1749.174871,98.96055025
2504,2019-12-13,2019,2,53,0,0,69.27385032,0.7746539,68.49919642,68.95480702,-515.596206,-1680.675674,-26.5542358
2505,2019-12-16,2019,2,52,0,1,-0.7177457,0.7746539,-1.49239961,-1.03678901,-516.313952,-1682.168074,77.84502446
2506,2019-12-17,2019,2,53,1,0,-56.11395956,0.7746539,-56.88861346,-56.43300286,-572.427912,-1739.056687,19.84572328
2507,2019-12-18,2019,2,53,1,1,-4.85967752,0.7746539,-5.63433142,-5.17872082,-577.287589,-1744.691019,22.71545426
2508,2019-12-19,2019,2,53,0,0,4.3894241,0.7746539,3.6147702,4.0703808,-572.898165,-1741.076249,44.19095634
2509,2019-12-20,2019,2,53,0,0,28.61784153,0.7746539,27.84318762,28.29879822,-544.280324,-1713.233061,40.04123225
2510,2019-12-23,2019,2,54,1,0,-0.50213184,0.7746539,-1.27678574,-0.82117514,-544.782455,-1714.509847,14.23512548
2511,2019-12-24,2019,2,55,1,0,69.82232789,0.7746539,69.04767399,69.50328459,-474.960127,-1645.462173,11.81199382
2512,2019-12-26,2019,2,57,3,1,-24.41964813,0.7746539,-25.19430204,-24.73869144,-499.379776,-1670.656475,22.0964568
2513,2019-12-27,2019,2,57,0,0,-0.58911515,0.7746539,-1.36376905,-0.90815845,-499.968891,-1672.020244,-25.87727753
2514,2019-12-30,2019,2,56,1,2,20.46556457,0.7746539,19.69091067,20.14652127,-479.503326,-1652.329333,-24.66306718
2515,2019-12-31,2019,2,57,1,0,3.67211635,0.7746539,2.89746244,3.35307304,-475.83121,-1649.431871,35.22354742
2516,2020-01-02,2020,2,57,0,0,46.26737286,0.7746539,45.49271896,45.94832956,-429.563837,-1603.939152,29.02205576
2517,2020-01-03,2020,2,56,0,1,-0.86519126,0.7746539,-1.63984516,-1.18423456,-430.429028,-1605.578997,-40.1601951
2518,2020-01-06,2020,2,57,1,0,15.9648143,0.7746539,15.1901604,15.645771,-414.464214,-1590.388836,12.34253269
2519,2020-01-07,2020,2,58,1,0,28.35420223,0.7746539,27.57954833,28.03515893,-386.110012,-1562.809288,-16.23058795
2520,2020-01-08,2020,2,57,2,3,-24.10088718,0.7746539,-24.87554108,-24.41993048,-410.210899,-1587.684829,16.2236827
2521,2020-01-09,2020,2,58,1,0,8.58648286,0.7746539,7.81182896,8.26743956,-401.624416,-1579.873,22.06687938
2522,2020-01-10,2020,2,57,0,1,-5.99520806,0.7746539,-6.76986196,-6.31425136,-407.619624,-1586.642862,-24.89589418
2523,2020-01-13,2020,2,57,0,0,3.21404713,0.7746539,2.43939323,2.89500383,-404.405577,-1584.203469,63.6996333
2524,2020-01-14,2020,2,56,0,1,-19.42822027,0.7746539,-20.20287417,-19.74726357,-423.833797,-1604.406343,37.97388375
2525,2020-01-15,2020,2,58,2,0,-11.58901403,0.7746539,-12.36366793,-11.90805733,-435.422811,-1616.770011,20.79362662
2526,2020-01-16,2020,2,58,0,0,-2.04587158,0.7746539,-2.82052548,-2.36491488,-437.468683,-1619.590537,98.34723394
2527,2020-01-17,2020,2,58,1,1,3.95426406,0.7746539,3.17961016,3.63522076,-433.514419,-1616.410926,0.40203929
2528,2020-01-21,2020,2,57,0,1,66.79368804,0.7746539,66.01903414,66.47464474,-366.720731,-1550.391892,-67.12058739
2529,2020-01-22,2020,2,58,1,0,28.19764458,0.7746539,27.42299067,27.87860127,-338.523086,-1522.968902,-11.04342141
2530,2020-01-23,2020,2,57,0,1,14.11294431,0.7746539,13.33829041,13.79390101,-324.410142,-1509.630611,0.37145924
2531,2020-01-24,2020,2,58,1,0,-4.06852149,0.7746539,-4.8431754,-4.3875648,-328.478663,-1514.473787,-116.84982468
2532,2020-01-27,2020,2,58,0,0,-12.51896158,0.7746539,-13.29361549,-12.83800489,-340.997625,-1527.767402,-154.12745025
2533,2020-01-28,2020,2,58,0,0,105.97780144,0.7746539,105.20314754,105.65875813,-235.019823,-1422.564255,93.89996283
2534,2020-01-29,2020,2,59,1,0,21.40082653,0.7746539,20.62617263,21.08178323,-213.618997,-1401.938082,-31.62137092
2535,2020-01-30,2020,2,58,0,1,-54.82780797,0.7746539,-55.60246187,-55.14685127,-268.446805,-1457.540544,-2.80822935
2536,2020-01-31,2020,2,56,0,2,-62.7659831,0.7746539,-63.540637,-63.0850264,-331.212788,-1521.081181,-190.79275504
2537,2020-02-03,2020,2,55,1,2,14.45407047,0.7746539,13.67941657,14.13502717,-316.758718,-1507.401764,81.52480868
2538,2020-02-04,2020,2,56,1,0,69.32441001,0.7746539,68.5497561,69.0053667,-247.434308,-1438.852008,152.62156147
2539,2020-02-05,2020,2,57,1,0,-100.88768885,0.7746539,-101.66234275,-101.20673215,-348.321996,-1540.514351,135.69491069
2540,2020-02-06,2020,2,57,0,0,8.42224082,0.7746539,7.64758692,8.10319752,-339.899756,-1532.866764,-23.63229329
2541,2020-02-07,2020,2,58,1,0,-16.8330832,0.7746539,-17.6077371,-17.1521265,-356.732839,-1550.474501,-94.86291836
2542,2020-02-10,2020,2,58,2,2,88.43390654,0.7746539,87.65925264,88.11486324,-268.298932,-1462.815248,43.42383762
2543,2020-02-11,2020,2,60,2,0,52.53858964,0.7746539,51.76393574,52.21954634,-215.760343,-1411.051313,73.58281015
2544,2020-02-12,2020,2,60,1,1,55.57632249,0.7746539,54.80166858,55.25727918,-160.18402,-1356.249644,84.11230765
2545,2020-02-13,2020,2,60,0,0,6.45729475,0.7746539,5.68264085,6.13825145,-153.726725,-1350.567003,-2.24845089
2546,2020-02-14,2020,2,60,1,1,-9.19942876,0.7746539,-9.97408266,-9.51847206,-162.926154,-1360.541086,-3.07886934
2547,2020-02-18,2020,2,59,0,1,45.97586735,0.7746539,45.20121345,45.65682405,-116.950287,-1315.339872,-24.11602248
2548,2020-02-19,2020,2,59,0,0,149.06932299,0.7746539,148.29466909,148.75027969,32.119036,-1167.045203,56.61286609
2549,2020-02-20,2020,2,60,1,0,-66.3979863,0.7746539,-67.17264021,-66.71702961,-34.27895,-1234.217844,25.53384862
2550,2020-02-21,2020,2,58,0,2,-29.52321292,0.7746539,-30.29786682,-29.84225622,-63.802163,-1264.51571,-93.63006853
2551,2020-02-24,2020,2,59,1,0,-11.51001142,0.7746539,-12.28466532,-11.82905472,-75.312174,-1276.800376,-312.43784955
2552,2020-02-25,2020,2,59,1,1,-9.54664567,0.7746539,-10.32129957,-9.86568897,-84.85882,-1287.121675,-342.28319114
2553,2020-02-26,2020,2,59,2,2,67.03124767,0.7746539,66.25659376,66.71220436,-17.827572,-1220.865082,-122.7893978
2554,2020-02-27,2020,2,59,1,1,-9.3795754,0.7746539,-10.1542293,-9.6986187,-27.207148,-1231.019311,-396.422748
2555,2020-02-28,2020,2,60,2,1,59.26944429,0.7746539,58.49479039,58.95040099,32.062296,-1172.52452,-90.99705939
2556,2020-03-02,2020,2,58,0,2,33.72246827,0.7746539,32.94781437,33.40342497,65.784765,-1139.576706,301.3236122
2557,2020-03-03,2020,2,57,0,1,39.4376674,0.7746539,38.6630135,39.1186241,105.222432,-1100.913693,-216.32531433
2558,2020-03-04,2020,2,58,1,0,94.46340254,0.7746539,93.68874864,94.14435924,199.685835,-1007.224944,310.76831088
2559,2020-03-05,2020,2,57,0,1,96.31767403,0.7746539,95.54302013,95.99863073,296.003509,-911.681924,-360.46278911
2560,2020-03-06,2020,2,57,0,0,-80.58108151,0.7746539,-81.35573542,-80.90012482,215.422427,-993.037659,-243.11160951
2561,2020-03-09,2020,2,58,2,1,43.77264792,0.7746539,42.99799402,43.45360462,259.195075,-950.039665,-1014.55804768
2562,2020-03-10,2020,2,57,0,1,-29.16741357,0.7746539,-29.94206747,-29.48645687,230.027662,-979.981733,425.54215435
2563,2020-03-11,2020,2,56,0,1,-38.36413018,0.7746539,-39.13878408,-38.68317348,191.663531,-1019.120517,-620.58722749
2564,2020-03-12,2020,2,55,0,1,-62.43806766,0.7746539,-63.21272156,-62.75711096,129.225464,-1082.333238,-1091.9868577
2565,2020-03-13,2020,2,55,1,1,-208.58361393,0.7746539,-209.35826783,-208.90265723,-79.35815,-1291.691506,769.77531095
2566,2020-03-16,2020,2,56,1,0,-181.51305869,0.7746539,-182.28771259,-181.83210199,-260.871209,-1473.979219,-1330.92027547
2567,2020-03-17,2020,2,55,1,2,153.2335532,0.7746539,152.4588993,152.9145099,-107.637656,-1321.520319,410.77940056
2568,2020-03-18,2020,2,55,1,1,-207.36069809,0.7746539,-208.13535199,-207.67974139,-314.998354,-1529.655671,-995.84346869
2569,2020-03-19,2020,2,56,3,2,81.48471678,0.7746539,80.71006288,81.16567348,-233.513637,-1448.945609,528.31905452
2570,2020-03-20,2020,2,56,0,0,-17.26675614,0.7746539,-18.04141004,-17.58579944,-250.780393,-1466.987019,-342.99798448
2571,2020-03-23,2020,2,58,4,2,306.36024542,0.7746539,305.58559151,306.04120211,55.579852,-1161.401427,-248.03962454
2572,2020-03-24,2020,2,55,0,3,200.71357754,0.7746539,199.93892363,200.39453423,256.29343,-961.462503,1103.6636014
2573,2020-03-25,2020,2,55,0,0,68.14340381,0.7746539,67.36874991,67.82436051,324.436834,-894.093754,370.97219411
2574,2020-03-26,2020,2,56,2,1,-76.33989699,0.7746539,-77.1145509,-76.6589403,248.096937,-971.208304,551.67177022
2575,2020-03-27,2020,2,55,0,1,-44.28245771,0.7746539,-45.05711161,-44.60150101,203.814479,-1016.265416,-413.6596958
2576,2020-03-30,2020,2,52,0,3,-50.88997795,0.7746539,-51.66463185,-51.20902125,152.924501,-1067.930048,166.31633206
2577,2020-03-31,2020,2,55,3,0,-90.099987,0.7746539,-90.8746409,-90.4190303,62.824514,-1158.804689,-68.1091648
2578,2020-04-01,2020,2,54,0,1,-31.73749884,0.7746539,-32.51215274,-32.05654214,31.087015,-1191.316842,-603.36829828
2579,2020-04-02,2020,2,54,1,1,-10.74330688,0.7746539,-11.51796078,-11.06235018,20.343708,-1202.834802,105.84250476
2580,2020-04-03,2020,2,52,1,3,55.15596743,0.7746539,54.38131352,54.83692412,75.499676,-1148.453489,-232.9476504
2581,2020-04-06,2020,2,52,0,0,135.71432604,0.7746539,134.93967213,135.39528273,211.214002,-1013.513817,821.50040783
2582,2020-04-07,2020,2,52,1,1,-176.23917261,0.7746539,-177.01382651,-176.55821591,34.974829,-1190.527643,113.9770553
2583,2020-04-08,2020,2,51,1,2,-42.87769091,0.7746539,-43.65234481,-43.19673421,-7.902862,-1234.179988,459.71082929
2584,2020-04-09,2020,2,53,3,1,8.07190076,0.7746539,7.29724686,7.75285746,0.169039,-1226.882741,366.31466405
2585,2020-04-13,2020,2,52,1,2,137.21800263,0.7746539,136.44334873,136.89895933,137.387042,-1090.439392,-232.57388219
2586,2020-04-14,2020,2,50,2,4,155.77849678,0.7746539,155.00384288,155.45945348,293.165538,-935.43555,212.62051996
2587,2020-04-15,2020,2,49,3,4,100.34074447,0.7746539,99.56609057,100.02170117,393.506283,-835.869459,-385.11684772
2588,2020-04-16,2020,2,49,2,2,210.69780872,0.7746539,209.92315482,210.37876542,604.204092,-625.946304,-60.51461297
2589,2020-04-17,2020,2,49,2,2,-228.78203369,0.7746539,-229.55668759,-229.10107699,375.422058,-855.502992,443.63018657
2590,2020-04-20,2020,2,49,6,6,146.39686224,0.7746539,145.62220834,146.07781894,521.81892,-709.880783,-160.97689132
2591,2020-04-21,2020,2,49,2,2,-125.60472664,0.7746539,-126.37938054,-125.92376994,396.214193,-836.260164,-263.50408315
2592,2020-04-22,2020,2,49,1,1,104.99255433,0.7746539,104.21790043,104.67351103,501.206748,-732.042263,166.51358469
2593,2020-04-23,2020,2,49,2,2,-42.69667024,0.7746539,-43.47132414,-43.01571354,458.510078,-775.513588,103.3161862
2594,2020-04-24,2020,2,51,2,0,-14.36721081,0.7746539,-15.14186471,-14.68625411,444.142867,-790.655452,130.46327864
2595,2020-04-27,2020,2,52,1,0,-207.07591945,0.7746539,-207.85057335,-207.39496275,237.066947,-998.506026,356.20294466
2596,2020-04-28,2020,2,53,1,0,-202.6584717,0.7746539,-203.4331256,-202.977515,34.408476,-1201.939151,144.12029148
2597,2020-04-29,2020,2,49,0,4,-326.22231805,0.7746539,-326.99697195,-326.54136135,-291.813842,-1528.936123,447.01815707
2598,2020-04-30,2020,2,48,1,2,39.45017214,0.7746539,38.67551824,39.13112884,-252.36367,-1490.260605,-291.04506288
2599,2020-05-01,2020,2,48,1,1,211.86884023,0.7746539,211.09418633,211.54979693,-40.49483,-1279.166419,-378.01723558
2600,2020-05-04,2020,2,48,0,0,143.65039457,0.7746539,142.87574067,143.33135127,103.155564,-1136.290678,23.92424398
2601,2020-05-05,2020,2,48,0,0,126.82637882,0.7746539,126.05172491,126.50733551,229.981943,-1010.238953,60.24636572
2602,2020-05-06,2020,2,48,1,1,160.38215132,0.7746539,159.60749742,160.06310802,390.364095,-850.631456,-101.06520892
2603,2020-05-07,2020,2,48,0,0,-63.61287746,0.7746539,-64.38753136,-63.93192076,326.751217,-915.018987,183.42968935
2604,2020-05-08,2020,2,49,1,0,-230.49331395,0.7746539,-231.26796786,-230.81235726,96.257903,-1146.286955,329.99753959
2605,2020-05-11,2020,2,49,0,0,265.95044701,0.7746539,265.17579311,265.63140371,362.20835,-881.111162,-113.5849726
2606,2020-05-12,2020,2,49,0,0,110.37058944,0.7746539,109.59593554,110.05154614,472.57894,-771.515226,-290.79458786
2607,2020-05-13,2020,2,49,0,0,215.35169025,0.7746539,214.57703635,215.03264695,687.93063,-556.93819,-333.36319901
2608,2020-05-14,2020,2,51,2,0,-65.63974707,0.7746539,-66.41440097,-65.95879037,622.290883,-623.352591,105.15832065
2609,2020-05-15,2020,2,51,0,0,75.15864754,0.7746539,74.38399364,74.83960424,697.44953,-548.968597,86.3008574
2610,2020-05-18,2020,2,52,1,0,-374.26604038,0.7746539,-375.04069428,-374.58508368,323.18349,-924.009291,605.09294891
2611,2020-05-19,2020,2,53,1,0,102.57852676,0.7746539,101.80387286,102.25948346,425.762017,-822.205419,-138.35671563
2612,2020-05-20,2020,2,54,1,0,-105.50799674,0.7746539,-106.28265064,-105.82704004,320.25402,-928.488069,240.91473136
2613,2020-05-21,2020,2,55,1,0,-135.82250363,0.7746539,-136.59715753,-136.14154693,184.431516,-1065.085227,-5.4513053
2614,2020-05-22,2020,2,57,2,0,20.08763199,0.7746539,19.31297809,19.76858869,204.519148,-1045.772249,-0.36173032
2615,2020-05-26,2020,2,57,1,1,-439.28999277,0.7746539,-440.06464667,-439.60903607,-234.770844,-1485.836895,346.1870441
2616,2020-05-27,2020,2,55,0,2,-288.04872491,0.7746539,-288.82337882,-288.36776822,-522.819569,-1774.660274,267.96039458
2617,2020-05-28,2020,2,57,2,0,107.24749507,0.7746539,106.47284117,106.92845177,-415.572074,-1668.187433,-154.37595693
2618,2020-05-29,2020,2,57,0,0,225.10079525,0.7746539,224.32614134,224.78175194,-190.471279,-1443.861292,-20.627169
2619,2020-06-01,2020,2,58,1,0,-61.43928989,0.7746539,-62.21394379,-61.75833319,-251.910569,-1506.075235,154.92438307
2620,2020-06-02,2020,2,59,1,0,-112.07313964,0.7746539,-112.84779354,-112.39218294,-363.983708,-1618.923029,125.91648858
2621,2020-06-03,2020,2,58,0,1,-324.95560088,0.7746539,-325.73025479,-325.27464419,-688.939309,-1944.653284,277.77009727
2622,2020-06-04,2020,2,58,0,0,-178.11646341,0.7746539,-178.89111732,-178.43550672,-867.055773,-2123.544401,39.00214434
2623,2020-06-05,2020,2,58,0,0,-281.42430644,0.7746539,-282.19896034,-281.74334974,-1148.480079,-2405.743361,354.23869852
2624,2020-06-08,2020,2,58,0,0,-242.28623765,0.7746539,-243.06089155,-242.60528095,-1390.766317,-2648.804253,271.32703304
2625,2020-06-09,2020,2,57,0,1,230.26680346,0.7746539,229.49214956,229.94776016,-1160.499513,-2419.312103,-246.93302664
2626,2020-06-10,2020,2,56,0,1,358.89059956,0.7746539,358.11594566,358.57155626,-801.608914,-2061.196158,-239.7891087
2627,2020-06-11,2020,2,56,0,0,242.09841986,0.7746539,241.32376596,241.77937656,-559.510494,-1819.872392,-732.56205537
2628,2020-06-12,2020,2,56,0,0,-162.23974124,0.7746539,-163.01439514,-162.55878454,-721.750235,-1982.886787,246.70873198
2629,2020-06-15,2020,2,56,1,1,101.60742097,0.7746539,100.83276707,101.28837767,-620.142814,-1882.05402,165.50075536
2630,2020-06-16,2020,2,56,0,0,-137.18879859,0.7746539,-137.96345249,-137.50784189,-757.331613,-2020.017472,197.29274343
2631,2020-06-17,2020,2,56,0,0,189.85610929,0.7746539,189.08145539,189.53706598,-567.475504,-1830.936017,-138.65107661
2632,2020-06-18,2020,2,56,0,0,14.67045587,0.7746539,13.89580197,14.35141257,-552.805048,-1817.040215,-18.48518717
2633,2020-06-19,2020,2,56,0,0,222.80511051,0.7746539,222.03045661,222.48606721,-329.999937,-1595.009758,-80.14960556
2634,2020-06-22,2020,2,55,0,1,160.55264817,0.7746539,159.77799427,160.23360487,-169.447289,-1435.231764,45.85835435
2635,2020-06-23,2020,2,56,1,0,35.69046692,0.7746539,34.91581302,35.37142362,-133.756822,-1400.315951,38.52145677
2636,2020-06-24,2020,2,57,1,0,154.87890697,0.7746539,154.10425307,154.55986367,21.122085,-1246.211698,-351.91452877
2637,2020-06-25,2020,2,59,2,0,5.27970767,0.7746539,4.50505376,4.96066436,26.401793,-1241.706644,131.22006252
2638,2020-06-26,2020,2,58,0,1,98.12944855,0.7746539,97.35479465,97.81040525,124.531241,-1144.35185,-255.95727743
2639,2020-06-29,2020,2,58,0,0,-117.81690264,0.7746539,-118.59155654,-118.13594594,6.714338,-1262.943406,242.98215198
2640,2020-06-30,2020,2,59,1,0,90.14639773,0.7746539,89.37174382,89.82735442,96.860736,-1173.571662,109.57645376
2641,2020-07-01,2020,2,59,0,0,78.77856539,0.7746539,78.00391149,78.45952209,175.639302,-1095.567751,-39.45370928
2642,2020-07-02,2020,2,58,0,1,19.61748848,0.7746539,18.84283457,19.29844517,195.25679,-1076.724916,41.80635845
2643,2020-07-06,2020,2,58,0,0,10.33900233,0.7746539,9.56434843,10.01995903,205.595792,-1067.160568,105.77162504
2644,2020-07-07,2020,2,59,1,0,200.69456961,0.7746539,199.91991571,200.37552631,406.290362,-867.240652,-174.13210335
2645,2020-07-08,2020,2,58,1,2,145.90992721,0.7746539,145.13527331,145.59088391,552.200289,-722.105379,69.19581498
2646,2020-07-09,2020,2,56,0,2,178.24874702,0.7746539,177.47409312,177.92970372,730.449036,-544.631286,-188.06320485
2647,2020-07-10,2020,2,55,0,1,-236.35191803,0.7746539,-237.12657193,-236.67096133,494.097118,-781.757858,167.3175472
2648,2020-07-13,2020,2,55,0,0,-136.25480425,0.7746539,-137.02945816,-136.57384756,357.842314,-918.787316,-115.60290567
2649,2020-07-14,2020,2,57,2,0,106.60924363,0.7746539,105.83458973,106.29020033,464.451558,-812.952726,158.88172004
2650,2020-07-15,2020,2,57,0,0,-160.30944046,0.7746539,-161.08409436,-160.62848376,304.142117,-974.03682,304.79109017
2651,2020-07-16,2020,2,57,1,1,-49.84425209,0.7746539,-50.61890599,-50.16329539,254.297865,-1024.655726,-47.43584368
2652,2020-07-17,2020,2,57,0,0,116.72853737,0.7746539,115.95388347,116.40949407,371.026402,-908.701843,34.95068369
2653,2020-07-20,2020,2,56,1,2,234.01126081,0.7746539,233.23660691,233.69221751,605.037663,-675.465236,-28.93280229
2654,2020-07-21,2020,2,57,2,1,27.42224098,0.7746539,26.64758707,27.10319767,632.459904,-648.817649,154.43996148
2655,2020-07-22,2020,2,56,0,1,-7.69061394,0.7746539,-8.46526784,-8.00965724,624.76929,-657.282917,59.093831
2656,2020-07-23,2020,2,56,0,0,-83.2620166,0.7746539,-84.0366705,-83.5810599,541.507274,-741.319587,-13.58323335
2657,2020-07-24,2020,2,56,1,1,73.84655554,0.7746539,73.07190164,73.52751224,615.353829,-668.247686,-104.70569023
2658,2020-07-27,2020,2,57,1,0,207.04047579,0.7746539,206.26582189,206.72143249,822.394305,-461.981864,81.32755927
2659,2020-07-28,2020,2,57,0,0,-78.97638168,0.7746539,-79.75103558,-79.29542498,743.417923,-541.732899,-72.37130309
2660,2020-07-29,2020,2,57,0,0,-27.49652198,0.7746539,-28.27117588,-27.81556528,715.921401,-570.004075,220.5751583
2661,2020-07-30,2020,2,56,0,1,51.77179877,0.7746539,50.99714487,51.45275547,767.6932,-519.00693,-75.25330233
2662,2020-07-31,2020,2,56,0,0,76.41577231,0.7746539,75.64111841,76.09672901,844.108972,-443.365812,-70.35947915
2663,2020-08-03,2020,2,55,0,1,178.87328444,0.7746539,178.09863054,178.55424114,1022.982257,-265.267181,87.96997264
2664,2020-08-04,2020,2,56,1,0,22.68796179,0.7746539,21.91330789,22.36891849,1045.670219,-243.353874,75.3703925
2665,2020-08-05,2020,2,56,0,0,-15.71160305,0.7746539,-16.48625695,-16.03064635,1029.958616,-259.84013,135.34214263
2666,2020-08-06,2020,2,56,0,0,-72.64291581,0.7746539,-73.41756971,-72.96195911,957.3157,-333.2577,-24.95636641
2667,2020-08-07,2020,2,56,0,0,-151.95462579,0.7746539,-152.72927969,-152.27366909,805.361074,-485.98698,77.49236956
2668,2020-08-10,2020,2,56,0,0,-202.12306886,0.7746539,-202.89772276,-202.44211216,603.238005,-688.884703,99.57139118
2669,2020-08-11,2020,2,58,2,0,-241.48611126,0.7746539,-242.26076516,-241.80515456,361.751894,-931.145468,-22.3851362
2670,2020-08-12,2020,2,57,0,1,115.34409381,0.7746539,114.5694399,115.0250505,477.095988,-816.576028,62.19671485
2671,2020-08-13,2020,2,57,0,0,134.62840041,0.7746539,133.85374651,134.30935711,611.724388,-682.722281,-38.44169961
2672,2020-08-14,2020,2,57,0,0,-51.30258297,0.7746539,-52.07723687,-51.62162627,560.421805,-734.799518,-0.15183964
2673,2020-08-17,2020,2,57,0,0,199.92652315,0.7746539,199.15186924,199.60747984,760.348328,-535.647649,26.74194033
2674,2020-08-18,2020,2,57,0,0,89.74666762,0.7746539,88.97201372,89.42762432,850.094996,-446.675635,-78.39622086
2675,2020-08-19,2020,2,58,1,0,23.3320121,0.7746539,22.5573582,23.0129688,873.427008,-424.118277,-43.74723829
2676,2020-08-20,2020,2,58,0,0,31.33843116,0.7746539,30.56377726,31.01938786,904.765439,-393.5545,-45.76866809
2677,2020-08-21,2020,2,59,1,0,-12.62371503,0.7746539,-13.39836893,-12.94275833,892.141724,-406.952869,-57.87520425
2678,2020-08-24,2020,2,59,0,0,-164.76162117,0.7746539,-165.53627507,-165.08066447,727.380103,-572.489144,153.55901909
2679,2020-08-25,2020,2,59,1,1,14.3984471,0.7746539,13.6237932,14.0794038,741.77855,-558.865351,13.79306325
2680,2020-08-26,2020,2,60,1,0,137.38704217,0.7746539,136.61238827,137.06799887,879.165592,-422.252962,-41.58408666
2681,2020-08-27,2020,2,60,1,1,-214.306633,0.7746539,-215.0812869,-214.6256763,664.858959,-637.334249,49.1113283
2682,2020-08-28,2020,2,60,0,0,12.73777514,0.7746539,11.96312124,12.41873184,677.596734,-625.371128,96.91123359
2683,2020-08-31,2020,2,59,0,1,47.39333467,0.7746539,46.61868077,47.07429137,724.990069,-578.752447,-91.88298414
2684,2020-09-01,2020,2,59,0,0,103.12224858,0.7746539,102.34759467,102.80320527,828.112318,-476.404853,88.32933872
2685,2020-09-02,2020,2,60,1,0,-119.82927083,0.7746539,-120.60392473,-120.14831413,708.283047,-597.008777,106.17977443
2686,2020-09-03,2020,2,59,0,1,-276.17979234,0.7746539,-276.95444624,-276.49883564,432.103254,-873.963224,-274.94789851
2687,2020-09-04,2020,2,60,1,0,-119.73553677,0.7746539,-120.51019068,-120.05458008,312.367718,-994.473414,-39.07761008
2688,2020-09-08,2020,2,59,0,1,-75.48453005,0.7746539,-76.25918395,-75.80357335,236.883188,-1070.732598,-213.21701768
2689,2020-09-09,2020,2,58,0,1,152.49838954,0.7746539,151.72373564,152.17934624,389.381577,-919.008863,131.34263949
2690,2020-09-10,2020,2,58,0,0,130.61221937,0.7746539,129.83756547,130.29317607,519.993797,-789.171297,-136.96641528
2691,2020-09-11,2020,2,58,0,0,-23.9472974,0.7746539,-24.7219513,-24.2663407,496.046499,-813.893248,-6.04909398
2692,2020-09-14,2020,2,59,1,0,62.36740476,0.7746539,61.59275086,62.04836146,558.413904,-752.300498,201.56369901
2693,2020-09-15,2020,2,59,0,0,81.630477,0.7746539,80.8558231,81.3114337,640.044381,-671.444674,10.34812619
2694,2020-09-16,2020,2,59,0,0,-58.52826363,0.7746539,-59.30291753,-58.84730693,581.516117,-730.747592,67.65089917
2695,2020-09-17,2020,2,59,0,0,29.44566908,0.7746539,28.67101517,29.12662577,610.961786,-702.076577,-39.53865881
2696,2020-09-18,2020,2,59,0,0,127.93790645,0.7746539,127.16325255,127.61886315,738.899693,-574.913324,-78.02502599
2697,2020-09-21,2020,2,59,0,0,153.56223459,0.7746539,152.78758069,153.24319129,892.461927,-422.125744,-270.66199734
2698,2020-09-22,2020,2,60,1,0,65.04819281,0.7746539,64.27353891,64.72914951,957.51012,-357.852205,69.71773862
2699,2020-09-23,2020,2,60,0,0,-67.5113554,0.7746539,-68.2860093,-67.8303987,889.998765,-426.138214,-247.78222441
2700,2020-09-24,2020,2,60,0,0,2.41270415,0.7746539,1.63805025,2.09366085,892.411469,-424.500164,-0.4156995
2701,2020-09-25,2020,2,60,0,0,60.60862936,0.7746539,59.83397545,60.28958605,953.020098,-364.666188,133.78888492
2702,2020-09-28,2020,2,59,0,1,22.09216113,0.7746539,21.31750722,21.77311782,975.112259,-343.348681,204.34140041
2703,2020-09-29,2020,2,59,0,0,143.25565696,0.7746539,142.48100306,142.93661366,1118.367916,-200.867678,-54.63260412
2704,2020-09-30,2020,2,59,0,0,55.24503602,0.7746539,54.47038212,54.92599272,1173.612952,-146.397296,46.46377464
2705,2020-10-01,2020,2,59,0,0,156.53319,0.7746539,155.7585361,156.2141467,1330.146142,9.36124,97.86864148
2706,2020-10-02,2020,2,59,0,0,-156.47259529,0.7746539,-157.24724919,-156.79163859,1173.673547,-147.886009,66.30027697
2707,2020-10-05,2020,2,59,0,0,123.03196014,0.7746539,122.25730624,122.71291684,1296.705507,-25.628703,223.05535743
2708,2020-10-06,2020,2,58,0,1,-23.28982522,0.7746539,-24.06447912,-23.60886852,1273.415682,-49.693182,-72.69220824
2709,2020-10-07,2020,2,59,1,0,71.90639182,0.7746539,71.13173792,71.58734852,1345.322074,21.438556,182.65716071
2710,2020-10-08,2020,2,59,0,0,-182.56170776,0.7746539,-183.33636166,-182.88075106,1162.760366,-161.897806,132.46857888
2711,2020-10-09,2020,2,59,0,0,212.55659502,0.7746539,211.78194112,212.23755172,1375.316961,49.884136,45.5223744
2712,2020-10-12,2020,2,59,0,0,-32.65953657,0.7746539,-33.43419047,-32.97857987,1342.657425,16.449945,50.08225074
2713,2020-10-13,2020,2,60,1,0,192.22799341,0.7746539,191.45333951,191.90895011,1534.885418,207.903285,-83.74876115
2714,2020-10-14,2020,2,60,0,0,-37.77994855,0.7746539,-38.55460245,-38.09899185,1497.105469,169.348682,-34.73133634
2715,2020-10-15,2020,2,60,0,0,-10.53306413,0.7746539,-11.30771803,-10.85210743,1486.572405,158.040964,57.83058244
2716,2020-10-16,2020,2,60,0,0,-28.2232526,0.7746539,-28.99790651,-28.54229591,1458.349153,129.043058,-28.52586256
2717,2020-10-19,2020,2,60,0,0,-23.19245139,0.7746539,-23.96710529,-23.51149469,1435.156701,105.075952,-118.86740896
2718,2020-10-20,2020,2,60,0,0,-43.44280672,0.7746539,-44.21746062,-43.76185002,1391.713895,60.858492,42.3215947
2719,2020-10-21,2020,2,60,1,1,-83.97942302,0.7746539,-84.75407692,-84.29846632,1307.734472,-23.895585,-53.38273203
2720,2020-10-22,2020,2,59,0,1,-134.60247612,0.7746539,-135.37713002,-134.92151942,1173.131995,-159.272715,134.67746037
2721,2020-10-23,2020,2,58,0,1,38.79123813,0.7746539,38.01658423,38.47219483,1211.923234,-121.256131,57.96466542
2722,2020-10-26,2020,2,58,0,0,31.29166444,0.7746539,30.51701053,30.97262113,1243.214898,-90.73912,-233.04868353
2723,2020-10-27,2020,2,59,1,0,139.02872845,0.7746539,138.25407455,138.70968515,1382.243626,47.514954,-100.65455735
2724,2020-10-28,2020,2,59,0,0,24.98594442,0.7746539,24.21129052,24.66690112,1407.229571,71.726245,-327.56805544
2725,2020-10-29,2020,2,60,1,0,-62.55274106,0.7746539,-63.32739496,-62.87178436,1344.67683,8.39885,107.50955863
2726,2020-10-30,2020,2,60,0,0,-157.10646934,0.7746539,-157.88112325,-157.42551265,1187.57036,-149.482274,-91.10399844
2727,2020-11-02,2020,2,59,0,1,-65.34943,0.7746539,-66.1240839,-65.6684733,1122.22093,-215.606357,184.40907093
2728,2020-11-03,2020,2,59,0,0,-42.95658035,0.7746539,-43.73123425,-43.27562365,1079.26435,-259.337592,241.52996353
2729,2020-11-04,2020,2,58,0,1,228.30273624,0.7746539,227.52808234,227.98369294,1307.567086,-31.809509,43.65637132
2730,2020-11-05,2020,2,57,0,1,148.54419977,0.7746539,147.76954586,148.22515646,1456.111286,115.960036,265.76333035
2731,2020-11-06,2020,2,57,0,0,101.70337707,0.7746539,100.92872317,101.38433377,1557.814663,216.88876,-63.88855451
2732,2020-11-09,2020,2,58,1,0,-1030.33235156,0.7746539,-1031.10700546,-1030.65139486,527.482312,-814.218246,438.56713367
2733,2020-11-10,2020,2,59,1,0,-148.53057405,0.7746539,-149.30522795,-148.84961735,378.951738,-963.523474,96.76985974
2734,2020-11-11,2020,2,58,0,1,378.64044718,0.7746539,377.86579328,378.32140388,757.592185,-585.657681,-1.47112486
2735,2020-11-12,2020,2,58,0,0,73.24862651,0.7746539,72.47397261,72.92958321,830.840811,-513.183708,-149.90055844
2736,2020-11-13,2020,2,57,0,1,-158.05930732,0.7746539,-158.83396122,-158.37835062,672.781504,-672.017669,224.36768102
2737,2020-11-16,2020,2,57,0,0,-131.12579732,0.7746539,-131.90045122,-131.44484062,541.655707,-803.91812,206.43493184
2738,2020-11-17,2020,2,57,0,0,28.8869529,0.7746539,28.112299,28.5679096,570.54266,-775.805821,26.98788561
2739,2020-11-18,2020,2,56,0,1,11.74667952,0.7746539,10.97202561,11.42763621,582.289339,-764.833796,-97.63219135
2740,2020-11-19,2020,2,56,0,0,101.32321065,0.7746539,100.54855675,101.00416734,683.61255,-664.285239,90.94728276
2741,2020-11-20,2020,2,56,0,0,121.6031549,0.7746539,120.828501,121.2841116,805.215705,-543.456738,-15.50503077
2742,2020-11-23,2020,2,57,1,0,-145.41544688,0.7746539,-146.19010078,-145.73449018,659.800258,-689.646839,182.66726298
2743,2020-11-24,2020,2,57,0,0,-242.28561153,0.7746539,-243.06026543,-242.60465483,417.514646,-932.707104,209.62793791
2744,2020-11-25,2020,2,57,0,0,204.08540289,0.7746539,203.31074899,203.76635959,621.600049,-729.396355,-31.33274782
2745,2020-11-27,2020,2,57,0,0,219.47337542,0.7746539,218.69872152,219.15433212,841.073425,-510.697634,42.85207829
2746,2020-11-30,2020,2,56,0,1,97.37708593,0.7746539,96.60243203,97.05804263,938.45051,-414.095202,-141.58703655
2747,2020-12-01,2020,2,56,0,0,-23.58532707,0.7746539,-24.35998097,-23.90437037,914.865183,-438.455183,101.94480488
2748,2020-12-02,2020,2,58,2,0,-68.81463003,0.7746539,-69.58928394,-69.13367334,846.050553,-508.044467,17.40820263
2749,2020-12-03,2020,2,58,0,0,-9.3654228,0.7746539,-10.14007671,-9.68446611,836.685131,-518.184543,79.53194454
2750,2020-12-04,2020,2,58,0,0,-103.15485912,0.7746539,-103.92951302,-103.47390242,733.530271,-622.114056,193.37586825
2751,2020-12-07,2020,2,59,1,0,242.45781676,0.7746539,241.68316286,242.13877346,975.988088,-380.430893,-18.55940508
2752,2020-12-08,2020,2,59,0,0,0.46064587,0.7746539,-0.31400803,0.14160257,976.448734,-380.744901,81.17279816
2753,2020-12-09,2020,2,58,0,1,-204.21505593,0.7746539,-204.98970983,-204.53409924,772.233678,-585.734611,-66.05161902
2754,2020-12-10,2020,2,56,0,2,106.11835026,0.7746539,105.34369636,105.79930696,878.352028,-480.390915,77.36228695
2755,2020-12-11,2020,2,55,0,1,44.57077352,0.7746539,43.79611962,44.25173022,922.922802,-436.594795,-51.00331159
2756,2020-12-14,2020,2,55,1,1,110.00452828,0.7746539,109.22987437,109.68548497,1032.92733,-327.364921,-43.61444683
2757,2020-12-15,2020,2,55,0,0,79.77385148,0.7746539,78.99919757,79.45480817,1112.701182,-248.365723,189.23311666
2758,2020-12-16,2020,2,55,0,0,89.81323633,0.7746539,89.03858243,89.49419303,1202.514418,-159.327141,-14.02936284
2759,2020-12-17,2020,2,55,0,0,147.97238396,0.7746539,147.19773006,147.65334066,1350.486802,-12.129411,109.95439979
2760,2020-12-18,2020,2,56,1,0,81.53283682,0.7746539,80.75818292,81.21379352,1432.019639,68.628772,-49.71911391
2761,2020-12-21,2020,2,56,0,0,228.53653695,0.7746539,227.76188305,228.21749365,1660.556176,296.390655,-24.89753667
2762,2020-12-22,2020,2,56,0,0,320.69618413,0.7746539,319.92153023,320.37714083,1981.25236,616.312185,58.9930291
2763,2020-12-23,2020,2,56,0,0,-141.31356164,0.7746539,-142.08821554,-141.63260494,1839.938798,474.22397,78.12350749
2764,2020-12-24,2020,2,55,0,1,-92.2922616,0.7746539,-93.0669155,-92.6113049,1747.646537,381.157054,-13.33987791
2765,2020-12-28,2020,2,55,1,1,-149.6688934,0.7746539,-150.4435473,-149.9879367,1597.977643,230.713507,-18.25397363
2766,2020-12-29,2020,2,56,1,0,-195.75263412,0.7746539,-196.52728802,-196.07167742,1402.225009,34.186219,-116.10775157
2767,2020-12-30,2020,2,56,0,0,60.4176701,0.7746539,59.6430162,60.0986268,1462.642679,93.829235,87.58468915
2768,2020-12-31,2020,2,58,2,0,-125.44058007,0.7746539,-126.21523398,-125.75962338,1337.202099,-32.385999,-2.27758697
2769,2021-01-04,2021,2,58,0,0,75.15822654,0.7746539,74.38357264,74.83918323,1412.360326,41.997574,-136.54036791
2770,2021-01-05,2021,2,58,0,0,85.10044424,0.7746539,84.32579034,84.78140094,1497.46077,126.323364,146.19819325
2771,2021-01-06,2021,2,57,0,1,-126.59509044,0.7746539,-127.36974434,-126.91413374,1370.865679,-1.04638,246.81769039
2772,2021-01-07,2021,2,56,0,1,260.83363885,0.7746539,260.05898495,260.51459555,1631.699318,259.012605,133.71056858
2773,2021-01-08,2021,2,54,0,2,50.76480711,0.7746539,49.99015321,50.44576381,1682.464125,309.002758,8.54285422
2774,2021-01-11,2021,2,55,1,0,4.49807181,0.7746539,3.72341791,4.17902851,1686.962197,312.726176,-3.77850227
2775,2021-01-12,2021,2,54,0,1,74.36748862,0.7746539,73.59283472,74.04844532,1761.329686,386.319011,127.8670599
2776,2021-01-13,2021,2,54,0,0,72.53589478,0.7746539,71.76124088,72.21685148,1833.865581,458.080251,-44.20024087
2777,2021-01-14,2021,2,54,0,0,127.61740379,0.7746539,126.84274989,127.29836049,1961.482984,584.923001,126.67970489
2778,2021-01-15,2021,2,53,0,1,-100.6037419,0.7746539,-101.37839581,-100.92278521,1860.879243,483.544606,-115.05621657
2779,2021-01-19,2021,2,53,0,0,181.97148341,0.7746539,181.19682951,181.65244011,2042.850726,664.741435,109.46823412
2780,2021-01-20,2021,2,53,0,0,68.87194477,0.7746539,68.09729087,68.55290147,2111.722671,732.838726,59.7119417
2781,2021-01-21,2021,2,53,0,0,58.536295,0.7746539,57.7616411,58.2172517,2170.258966,790.600367,-69.21723498
2782,2021-01-22,2021,2,53,0,0,228.23655245,0.7746539,227.46189855,227.91750915,2398.495518,1018.062266,33.07859192
2783,2021-01-25,2021,2,53,0,0,21.75535447,0.7746539,20.98070057,21.43631117,2420.250873,1039.042966,6.35573319
2784,2021-01-26,2021,2,53,0,0,65.48431601,0.7746539,64.70966211,65.16527271,2485.735189,1103.752628,-46.56109089
2785,2021-01-27,2021,2,53,0,0,172.06040093,0.7746539,171.28574703,171.74135763,2657.79559,1275.038375,-176.78256333
2786,2021-01-28,2021,2,53,0,0,-6.10513296,0.7746539,-6.87978686,-6.42417627,2651.690457,1268.158588,57.85059117
2787,2021-01-29,2021,2,53,0,0,186.62651885,0.7746539,185.85186495,186.30747555,2838.316975,1454.010453,-168.78145453
2788,2021-02-01,2021,2,54,1,0,175.53461496,0.7746539,174.75996106,175.21557166,3013.85159,1628.770414,209.8513151
2789,2021-02-02,2021,2,54,0,0,-61.2185426,0.7746539,-61.9931965,-61.5375859,2952.633048,1566.777218,128.3548801
2790,2021-02-03,2021,2,52,0,2,39.99669239,0.7746539,39.22203849,39.67764909,2992.62974,1605.999256,69.17750666
2791,2021-02-04,2021,2,53,1,0,-61.56859224,0.7746539,-62.34324614,-61.88763554,2931.061148,1543.65601,125.91447615
2792,2021-02-05,2021,2,52,0,1,182.14800674,0.7746539,181.37335284,181.82896344,3113.209155,1725.029363,115.60292126
2793,2021-02-08,2021,2,51,0,1,136.38272725,0.7746539,135.60807335,136.06368395,3249.591882,1860.637436,178.13640153
2794,2021-02-09,2021,2,50,0,1,52.04141681,0.7746539,51.26676291,51.72237351,3301.633299,1911.904199,23.67040497
2795,2021-02-10,2021,2,52,2,0,-64.62352767,0.7746539,-65.39818157,-64.94257097,3237.009771,1846.506018,2.04443909
2796,2021-02-11,2021,2,50,0,2,65.67968386,0.7746539,64.90502996,65.36064056,3302.689455,1911.411048,22.38474298
2797,2021-02-12,2021,2,51,1,0,-25.67804362,0.7746539,-26.45269752,-25.99708692,3277.011411,1884.95835,64.49884422
2798,2021-02-16,2021,2,50,0,1,-48.151859,0.7746539,-48.9265129,-48.4709023,3228.859552,1836.031837,-17.97595523
2799,2021-02-17,2021,2,51,1,0,-119.63338391,0.7746539,-120.40803781,-119.95242721,3109.226168,1715.6238,-47.59407991
2800,2021-02-18,2021,2,51,1,1,-157.07003065,0.7746539,-157.84468455,-157.38907395,2952.156138,1557.779115,-123.0463605
2801,2021-02-19,2021,2,51,0,0,68.57724313,0.7746539,67.80258923,68.25819983,3020.733381,1625.581704,140.79783138
2802,2021-02-22,2021,2,51,0,0,-257.59484046,0.7746539,-258.36949436,-257.91388376,2763.13854,1367.21221,-39.80434562
2803,2021-02-23,2021,2,51,0,0,-205.49801137,0.7746539,-206.27266527,-205.81705467,2557.640529,1160.939545,-51.57324061
2804,2021-02-24,2021,2,51,1,1,337.2349579,0.7746539,336.460304,336.9159146,2894.875487,1497.399849,198.88664339
2805,2021-02-25,2021,2,52,2,1,-216.38647477,0.7746539,-217.16112867,-216.70551807,2678.489012,1280.23872,-313.75337401
2806,2021-02-26,2021,2,52,0,0,142.98571303,0.7746539,142.21105912,142.66666972,2821.474725,1422.449779,-46.28058677
2807,2021-03-01,2021,2,52,1,1,220.68924431,0.7746539,219.91459041,220.37020101,3042.16397,1642.364369,277.0801757
2808,2021-03-02,2021,2,51,0,1,-117.23132078,0.7746539,-118.00597468,-117.55036408,2924.932649,1524.358395,-110.70112562
2809,2021-03-03,2021,2,51,0,0,-337.64148006,0.7746539,-338.41613396,-337.96052336,2587.291169,1185.942261,-103.58455475
2810,2021-03-04,2021,2,50,1,2,-158.21285047,0.7746539,-158.98750437,-158.53189377,2429.078318,1026.954756,-219.73897173
2811,2021-03-05,2021,2,49,0,1,-172.60964293,0.7746539,-173.38429683,-172.92868623,2256.468675,853.57046,184.09171708
2812,2021-03-08,2021,2,49,0,0,-51.78795995,0.7746539,-52.56261385,-52.10700325,2204.680715,801.007846,21.35132891
2813,2021-03-09,2021,2,48,0,1,596.72104247,0.7746539,595.94638857,596.40199917,2801.401758,1396.954234,157.14624205
2814,2021-03-10,2021,2,53,6,1,75.10413263,0.7746539,74.32947873,74.78508933,2876.50589,1471.283713,120.82943952
2815,2021-03-11,2021,2,51,0,2,216.92788617,0.7746539,216.15323227,216.60884287,3093.433777,1687.436945,163.53783153
2816,2021-03-12,2021,2,51,1,1,-31.98997659,0.7746539,-32.76463049,-32.30901989,3061.4438,1654.672315,65.73132424
2817,2021-03-15,2021,2,50,0,1,64.20662817,0.7746539,63.43197427,63.88758487,3125.650428,1718.104289,97.71224653
2818,2021-03-16,2021,2,50,0,0,-199.08491784,0.7746539,-199.85957175,-199.40396115,2926.56551,1518.244717,-129.47245232
2819,2021-03-17,2021,2,50,1,1,56.75232382,0.7746539,55.97766992,56.43328052,2983.317834,1574.222387,64.12627655
2820,2021-03-18,2021,2,50,2,2,-232.97735006,0.7746539,-233.75200396,-233.29639336,2750.340484,1340.470383,-220.39916795
2821,2021-03-19,2021,2,51,4,3,266.57228556,0.7746539,265.79763166,266.25324226,3016.91277,1606.268015,54.31421045
2822,2021-03-22,2021,2,51,0,0,-75.11875614,0.7746539,-75.89341004,-75.43779944,2941.794014,1530.374605,-30.59978614
2823,2021-03-23,2021,2,50,0,1,-287.35244515,0.7746539,-288.12709906,-287.67148846,2654.441568,1242.247506,-269.36299631
2824,2021-03-24,2021,2,48,0,2,-329.25506689,0.7746539,-330.0297208,-329.5741102,2325.186501,912.217785,-160.17838554
2825,2021-03-25,2021,2,48,1,1,183.06487475,0.7746539,182.29022085,182.74583145,2508.251376,1094.508006,167.80907517
2826,2021-03-26,2021,2,48,0,0,91.94355774,0.7746539,91.16890384,91.62451444,2600.194934,1185.67691,161.82521607
2827,2021-03-29,2021,2,48,0,0,-276.57443574,0.7746539,-277.34908964,-276.89347904,2323.620498,908.32782,-155.96751057
2828,2021-03-30,2021,2,47,0,1,252.87330536,0.7746539,252.09865145,252.55426205,2576.493804,1160.426472,91.56338146
2829,2021-03-31,2021,2,48,1,0,203.96092676,0.7746539,203.18627286,203.64188346,2780.45473,1363.612744,61.69494945
2830,2021-04-01,2021,2,48,0,0,68.20891945,0.7746539,67.43426555,67.88987615,2848.66365,1431.04701,151.60643153
2831,2021-04-05,2021,2,46,0,2,-156.69930985,0.7746539,-157.47396375,-157.01835315,2691.96434,1273.573046,56.65316855
2832,2021-04-06,2021,2,46,0,0,58.75441017,0.7746539,57.97975627,58.43536687,2750.71875,1331.552803,3.50779428
2833,2021-04-07,2021,2,45,0,1,-57.98457959,0.7746539,-58.7592335,-58.3036229,2692.734171,1272.793569,-93.05130598
2834,2021-04-08,2021,2,46,1,0,66.08340721,0.7746539,65.3087533,65.7643639,2758.817578,1338.102322,56.59843697
2835,2021-04-09,2021,2,46,1,1,-91.30655404,0.7746539,-92.08120794,-91.62559734,2667.511024,1246.021114,5.3433812
2836,2021-04-12,2021,2,47,1,0,-130.05752488,0.7746539,-130.83217878,-130.37656818,2537.453499,1115.188936,-28.99437704
2837,2021-04-13,2021,2,46,0,1,135.64739243,0.7746539,134.87273853,135.32834913,2673.100891,1250.061674,3.96558895
2838,2021-04-14,2021,2,47,1,0,66.58661143,0.7746539,65.81195753,66.26756813,2739.687503,1315.873632,42.92883985
2839,2021-04-15,2021,2,47,1,1,-106.13752782,0.7746539,-106.91218172,-106.45657112,2633.549975,1208.96145,62.0010125
2840,2021-04-16,2021,2,47,0,0,-54.81393085,0.7746539,-55.58858475,-55.13297415,2578.736044,1153.372865,13.89432374
2841,2021-04-19,2021,2,48,1,0,-20.99270391,0.7746539,-21.76735781,-21.31174721,2557.74334,1131.605507,-83.57653594
2842,2021-04-20,2021,2,47,0,1,-208.34403924,0.7746539,-209.11869314,-208.66308254,2349.399301,922.486814,-149.19216256
2843,2021-04-21,2021,2,48,1,0,171.83570313,0.7746539,171.06104923,171.51665983,2521.235004,1093.547863,197.1957935
2844,2021-04-22,2021,2,48,0,0,47.60148838,0.7746539,46.82683448,47.28244508,2568.836492,1140.374698,-23.32589
2845,2021-04-23,2021,2,47,0,1,174.00184436,0.7746539,173.22719046,173.68280106,2742.838337,1313.601888,150.16506825
2846,2021-04-26,2021,2,46,0,1,197.27665235,0.7746539,196.50199844,196.95760904,2940.114989,1510.103887,92.73094295
2847,2021-04-27,2021,2,48,2,0,69.61138283,0.7746539,68.83672893,69.29233953,3009.726372,1578.940616,16.92744117
2848,2021-04-28,2021,2,50,2,0,47.18814204,0.7746539,46.41348814,46.86909874,3056.914514,1625.354104,30.80036121
2849,2021-04-29,2021,2,50,0,0,-84.50752196,0.7746539,-85.28217586,-84.82656526,2972.406992,1540.071928,0.1784194
2850,2021-04-30,2021,2,51,1,0,-71.4222686,0.7746539,-72.1969225,-71.7413119,2900.984723,1467.875006,-123.40255218
2851,2021-05-03,2021,2,50,0,1,-2.63925713,0.7746539,-3.41391103,-2.95830043,2898.345466,1464.461095,27.37788467
2852,2021-05-04,2021,2,50,0,0,-21.0964235,0.7746539,-21.87107741,-21.41546681,2877.249043,1442.590017,-89.42940614
2853,2021-05-05,2021,2,50,0,0,110.92898671,0.7746539,110.15433281,110.60994341,2988.178029,1552.74435,2.76707815
2854,2021-05-06,2021,2,51,2,1,22.26417676,0.7746539,21.48952286,21.94513346,3010.442206,1574.233873,4.82788765
2855,2021-05-07,2021,2,51,1,1,116.17498121,0.7746539,115.40032731,115.85593791,3126.617187,1689.6342,144.2044526
2856,2021-05-10,2021,2,51,0,0,-172.66407667,0.7746539,-173.43873058,-172.98311998,2953.953111,1516.19547,-154.67917371
2857,2021-05-11,2021,2,52,1,0,81.16197517,0.7746539,80.38732127,80.84293187,3035.115086,1596.582791,-46.43804939
2858,2021-05-12,2021,2,51,0,1,-229.33573948,0.7746539,-230.11039338,-229.65478278,2805.779346,1366.472397,-284.25989388
2859,2021-05-13,2021,2,50,1,2,-74.41353476,0.7746539,-75.18818867,-74.73257807,2731.365812,1291.284209,76.74975849
2860,2021-05-14,2021,2,49,0,1,171.52726956,0.7746539,170.75261565,171.20822625,2902.893081,1462.036824,239.99996053
2861,2021-05-17,2021,2,49,0,0,117.27939611,0.7746539,116.50474221,116.96035281,3020.172477,1578.541567,11.82566151
2862,2021-05-18,2021,2,49,0,0,-101.19096903,0.7746539,-101.96562293,-101.51001233,2918.981508,1476.575944,-43.5878647
2863,2021-05-19,2021,2,49,1,1,-104.40056412,0.7746539,-105.17521802,-104.71960742,2814.580944,1371.400726,-69.22625482
2864,2021-05-20,2021,2,50,1,0,-83.25829487,0.7746539,-84.03294877,-83.57733817,2731.322649,1287.367777,89.60035645
2865,2021-05-21,2021,2,51,1,0,-3.83304966,0.7746539,-4.60770356,-4.15209296,2727.4896,1282.760073,11.11311249
2866,2021-05-24,2021,2,51,0,0,36.81776913,0.7746539,36.04311523,36.49872583,2764.307369,1318.803189,50.88058973
2867,2021-05-25,2021,2,51,0,0,-27.1718799,0.7746539,-27.9465338,-27.4909232,2737.135489,1290.856655,-63.75081635
2868,2021-05-26,2021,2,50,0,1,307.25426419,0.7746539,306.47961029,306.93522089,3044.389753,1597.336265,126.89330915
2869,2021-05-27,2021,2,50,0,0,128.80911806,0.7746539,128.03446416,128.49007476,3173.198871,1725.370729,86.83858949
2870,2021-05-28,2021,2,50,0,0,-30.58939612,0.7746539,-31.36405002,-30.90843942,3142.609475,1694.006679,5.63573245
2871,2021-06-01,2021,2,51,1,0,158.11258044,0.7746539,157.33792654,157.79353714,3300.722055,1851.344606,104.47840467
2872,2021-06-02,2021,2,51,0,0,4.25261126,0.7746539,3.47795736,3.93356796,3304.974667,1854.822563,20.28068581
2873,2021-06-03,2021,2,51,1,1,-63.71116845,0.7746539,-64.48582235,-64.03021175,3241.263498,1790.336741,-63.20708114
2874,2021-06-04,2021,2,51,0,0,-57.51845521,0.7746539,-58.29310911,-57.83749851,3183.745043,1732.043632,47.83185942
2875,2021-06-07,2021,2,51,1,1,149.36247752,0.7746539,148.58782362,149.04343422,3333.107521,1880.631455,54.90217031
2876,2021-06-08,2021,2,51,1,1,82.32746882,0.7746539,81.55281492,82.00842552,3415.434989,1962.18427,82.86740983
2877,2021-06-09,2021,2,48,0,3,41.05467484,0.7746539,40.28002094,40.73563154,3456.489664,2002.464291,-39.65922812
2878,2021-06-10,2021,2,49,1,0,-187.00966048,0.7746539,-187.78431439,-187.32870379,3269.480004,1814.679977,-3.07403164
2879,2021-06-11,2021,2,49,0,0,66.1305093,0.7746539,65.3558554,65.811466,3335.610513,1880.035832,67.36629045
2880,2021-06-14,2021,2,48,0,1,-121.39589312,0.7746539,-122.17054702,-121.71493642,3214.21462,1757.865285,-47.26759534
2881,2021-06-15,2021,2,48,0,0,-0.29876827,0.7746539,-1.07342217,-0.61781157,3213.915852,1756.791863,-44.8432449
2882,2021-06-16,2021,2,48,0,0,-3.17804058,0.7746539,-3.95269448,-3.49708388,3210.737811,1752.839168,-39.03500999
2883,2021-06-17,2021,2,48,0,0,-166.04147389,0.7746539,-166.81612779,-166.36051719,3044.696337,1586.023041,-102.41213536
2884,2021-06-18,2021,2,49,1,0,-21.68653429,0.7746539,-22.46118819,-22.00557759,3023.009803,1563.561852,-160.43532307
2885,2021-06-21,2021,2,49,0,0,70.73071795,0.7746539,69.95606405,70.41167465,3093.740521,1633.517916,185.19302611
2886,2021-06-22,2021,2,49,2,2,93.6857956,0.7746539,92.9111417,93.3667523,3187.426316,1726.429058,20.96978592
2887,2021-06-23,2021,2,49,0,0,98.62971831,0.7746539,97.8550644,98.310675,3286.056035,1824.284123,13.81818466
2888,2021-06-24,2021,2,49,0,0,147.58784857,0.7746539,146.81319467,147.26880527,3433.643883,1971.097317,94.00358915
2889,2021-06-25,2021,2,49,0,0,-80.33845993,0.7746539,-81.11311383,-80.65750323,3353.305423,1889.984203,38.43464683
2890,2021-06-28,2021,2,49,0,0,-6.95910314,0.7746539,-7.73375704,-7.27814644,3346.34632,1882.250446,-61.70415434
2891,2021-06-29,2021,2,48,0,1,25.16985914,0.7746539,24.39520523,24.85081583,3371.516179,1906.645652,-27.3884471
2892,2021-06-30,2021,2,48,1,1,89.23205004,0.7746539,88.45739614,88.91300674,3460.748229,1995.103048,12.0256997
2893,2021-07-01,2021,2,48,0,0,6.1812306,0.7746539,5.4065767,5.8621873,3466.92946,2000.509624,58.33164149
2894,2021-07-02,2021,2,48,0,0,-145.20090079,0.7746539,-145.97555469,-145.51994409,3321.728559,1854.53407,-20.88215792
2895,2021-07-06,2021,2,49,1,0,-98.74899715,0.7746539,-99.52365105,-99.06804045,3222.979562,1755.010419,-116.85894925
2896,2021-07-07,2021,2,48,0,1,-93.98265602,0.7746539,-94.75730993,-94.30169933,3128.996906,1660.253109,-41.99196665
2897,2021-07-08,2021,2,47,0,1,1.22468053,0.7746539,0.45002663,0.90563723,3130.221587,1660.703135,-100.22287344
2898,2021-07-09,2021,2,47,0,0,168.55645661,0.7746539,167.78180271,168.23741331,3298.778043,1828.484938,193.71923847
2899,2021-07-12,2021,2,47,0,0,-38.97888279,0.7746539,-39.75353669,-39.29792609,3259.79916,1788.731401,1.52738407
2900,2021-07-13,2021,2,47,0,0,-125.50197748,0.7746539,-126.27663138,-125.82102078,3134.297183,1662.45477,-139.90900483
2901,2021-07-14,2021,2,47,0,0,-217.04429219,0.7746539,-217.81894609,-217.36333549,2917.252891,1444.635824,-107.86989751
2902,2021-07-15,2021,2,48,1,0,-80.52819961,0.7746539,-81.30285351,-80.84724291,2836.724691,1363.33297,-57.33664852
2903,2021-07-16,2021,2,49,1,0,-204.45106597,0.7746539,-205.22571987,-204.77010927,2632.273625,1158.107251,-107.99090594
2904,2021-07-19,2021,2,49,0,0,-116.08307864,0.7746539,-116.85773254,-116.40212194,2516.190547,1041.249518,-171.68749457
2905,2021-07-20,2021,2,48,0,1,222.73619948,0.7746539,221.96154558,222.41715618,2738.926746,1263.211064,246.14633439
2906,2021-07-21,2021,2,48,0,0,281.82659371,0.7746539,281.05193981,281.50755041,3020.75334,1544.263003,150.13558248
2907,2021-07-22,2021,2,49,1,0,-155.03804262,0.7746539,-155.81269652,-155.35708592,2865.715297,1388.450307,-84.255595
2908,2021-07-23,2021,2,49,0,0,-99.87355439,0.7746539,-100.64820829,-100.19259769,2765.841743,1287.802099,32.59419139
2909,2021-07-26,2021,2,49,0,0,206.24665953,0.7746539,205.47200563,205.92761623,2972.088402,1493.274104,17.42067213
2910,2021-07-27,2021,2,49,0,0,-221.67417516,0.7746539,-222.44882906,-221.99321846,2750.414227,1270.825275,-89.24524496
2911,2021-07-28,2021,2,49,0,0,58.30522474,0.7746539,57.53057084,57.98618144,2808.719452,1328.355846,114.56730979
2912,2021-07-29,2021,2,48,0,1,46.24098572,0.7746539,45.46633182,45.92194242,2854.960438,1373.822178,57.37999201
2913,2021-07-30,2021,2,48,0,0,-13.79923796,0.7746539,-14.57389186,-14.11828126,2841.1612,1359.248286,-56.38618942
2914,2021-08-02,2021,2,48,0,0,-54.79757335,0.7746539,-55.57222725,-55.11661665,2786.363626,1303.676059,-15.25346364
2915,2021-08-03,2021,2,48,0,0,28.22115067,0.7746539,27.44649677,27.90210737,2814.584777,1331.122556,40.79120362
2916,2021-08-04,2021,2,46,0,2,-294.34889114,0.7746539,-295.12354504,-294.66793444,2520.235886,1035.99901,-121.13041757
2917,2021-08-05,2021,2,47,1,0,100.14838772,0.7746539,99.37373382,99.82934442,2620.384274,1135.372744,129.61422946
2918,2021-08-06,2021,2,48,1,0,118.36556663,0.7746539,117.59091272,118.04652332,2738.74984,1252.963657,26.76771326
2919,2021-08-09,2021,2,47,0,1,-1.84310736,0.7746539,-2.61776126,-2.16215066,2736.906733,1250.345896,-23.82572535
2920,2021-08-10,2021,2,46,0,1,200.05072489,0.7746539,199.27607099,199.73168159,2936.957458,1449.621967,33.47010264
2921,2021-08-11,2021,2,48,2,0,34.16975028,0.7746539,33.39509637,33.85070697,2971.127208,1483.017063,54.01569329
2922,2021-08-12,2021,2,48,1,1,4.37716294,0.7746539,3.60250904,4.05811964,2975.504371,1486.619572,-29.43679011
2923,2021-08-13,2021,2,48,0,0,-156.98010048,0.7746539,-157.75475438,-157.29914378,2818.52427,1328.864818,-44.91650441
2924,2021-08-16,2021,2,47,0,1,-84.70523787,0.7746539,-85.47989178,-85.02428118,2733.819033,1243.384926,-86.57031127
2925,2021-08-17,2021,2,48,1,0,-233.40335284,0.7746539,-234.17800674,-233.72239614,2500.41568,1009.206919,-107.79029871
2926,2021-08-18,2021,2,48,0,0,5.31855762,0.7746539,4.54390372,4.99951432,2505.734237,1013.750823,-79.27359233
2927,2021-08-19,2021,2,48,0,0,-174.38902477,0.7746539,-175.16367867,-174.70806807,2331.345213,838.587144,-106.97094055
2928,2021-08-20,2021,2,47,0,1,58.26703011,0.7746539,57.4923762,57.9479868,2389.612243,896.079521,125.56603719
2929,2021-08-23,2021,2,47,0,0,171.23626448,0.7746539,170.46161058,170.91722118,2560.848507,1066.541131,158.52162832
2930,2021-08-24,2021,2,47,0,0,241.26178213,0.7746539,240.48712823,240.94273883,2802.110289,1307.028259,112.88778834
2931,2021-08-25,2021,2,47,0,0,5.14876925,0.7746539,4.37411535,4.82972595,2807.259059,1311.402375,61.67050842
2932,2021-08-26,2021,2,47,0,0,-75.67110246,0.7746539,-76.44575636,-75.99014576,2731.587956,1234.956618,-94.80201119
2933,2021-08-27,2021,2,46,0,1,149.64909576,0.7746539,148.87444186,149.33005246,2881.237052,1383.83106,196.21869946
2934,2021-08-30,2021,2,47,1,0,17.40170273,0.7746539,16.62704883,17.08265943,2898.638755,1400.458109,-33.81085403
2935,2021-08-31,2021,2,49,2,0,-35.4735466,0.7746539,-36.2482005,-35.7925899,2863.165208,1364.209909,23.16372224
2936,2021-09-01,2021,2,49,0,0,28.74713206,0.7746539,27.97247816,28.42808876,2891.91234,1392.182387,55.50637208
2937,2021-09-02,2021,2,49,1,1,-21.25698717,0.7746539,-22.03164107,-21.57603047,2870.655353,1370.150746,66.82710951
2938,2021-09-03,2021,2,47,0,2,-41.62148106,0.7746539,-42.39613496,-41.94052436,2829.033872,1327.754611,-32.58619202
2939,2021-09-07,2021,2,48,1,0,-60.13639956,0.7746539,-60.91105346,-60.45544286,2768.897472,1266.843557,-90.95047799
2940,2021-09-08,2021,2,48,0,0,-137.69794131,0.7746539,-138.47259521,-138.01698461,2631.199531,1128.370962,-89.20815683
2941,2021-09-09,2021,2,49,1,0,119.39614092,0.7746539,118.62148702,119.07709762,2750.595672,1246.992449,0.72365321
2942,2021-09-10,2021,2,51,2,0,1.65182105,0.7746539,0.87716715,1.33277775,2752.247493,1247.869616,-78.70272847
2943,2021-09-13,2021,2,51,0,0,79.34060205,0.7746539,78.56594815,79.02155875,2831.588095,1326.435564,51.87837774
2944,2021-09-14,2021,2,51,0,0,-71.51746139,0.7746539,-72.29211529,-71.83650469,2760.070634,1254.143449,-107.09345602
2945,2021-09-15,2021,2,52,1,0,171.92918365,0.7746539,171.15452975,171.61014035,2931.999817,1425.297979,99.02338795
2946,2021-09-16,2021,2,52,1,1,-50.8611217,0.7746539,-51.6357756,-51.180165,2881.138696,1373.662203,5.38658861
2947,2021-09-17,2021,2,53,1,0,-29.62776574,0.7746539,-30.40241964,-29.94680904,2851.51093,1343.259783,-49.53860523
2948,2021-09-20,2021,2,53,0,0,-159.83639915,0.7746539,-160.61105305,-160.15544245,2691.674531,1182.64873,-211.49821385
2949,2021-09-21,2021,2,52,0,1,7.94057313,0.7746539,7.16591923,7.62152983,2699.615104,1189.81465,15.39716942
2950,2021-09-22,2021,2,53,1,0,173.63120573,0.7746539,172.85655182,173.31216242,2873.24631,1362.671202,125.09160302
2951,2021-09-23,2021,2,52,0,1,146.00644075,0.7746539,145.23178685,145.68739745,3019.25275,1507.902988,154.50211937
2952,2021-09-24,2021,2,53,1,0,-96.02888932,0.7746539,-96.80354322,-96.34793262,2923.223861,1411.099445,-37.22071753
2953,2021-09-27,2021,2,52,0,1,268.65080458,0.7746539,267.87615067,268.33176127,3191.874666,1678.975596,71.04270757
2954,2021-09-28,2021,2,52,0,0,-37.69363017,0.7746539,-38.46828408,-38.01267348,3154.181035,1640.507312,-190.07647369
2955,2021-09-29,2021,2,52,0,0,-23.46544885,0.7746539,-24.24010276,-23.78449216,3130.715586,1616.267209,-22.76669613
2956,2021-09-30,2021,2,51,0,1,-16.06097316,0.7746539,-16.83562706,-16.38001646,3114.654613,1599.431582,-102.39872872
2957,2021-10-01,2021,2,51,0,0,142.31088521,0.7746539,141.5362313,141.9918419,3256.965499,1740.967813,124.75204419
2958,2021-10-04,2021,2,51,1,1,83.30115003,0.7746539,82.52649613,82.98210673,3340.266649,1823.494309,-110.55709559
2959,2021-10-05,2021,2,51,0,0,47.92914166,0.7746539,47.15448776,47.61009836,3388.19579,1870.648797,64.73292505
2960,2021-10-06,2021,2,49,0,2,-188.72293552,0.7746539,-189.49758942,-189.04197882,3199.472855,1681.151208,-34.18722094
2961,2021-10-07,2021,2,50,1,0,122.38792597,0.7746539,121.61327206,122.06888266,3321.860781,1802.76448,134.78675812
2962,2021-10-08,2021,2,49,1,2,5.20899358,0.7746539,4.43433968,4.88995028,3327.069774,1807.198819,-40.99083497
2963,2021-10-11,2021,2,48,1,2,-3.64897763,0.7746539,-4.42363153,-3.96802093,3323.420797,1802.775188,-59.08950357
2964,2021-10-12,2021,2,48,0,0,-3.9913967,0.7746539,-4.7660506,-4.31044,3319.4294,1798.009137,40.72062286
2965,2021-10-13,2021,2,50,2,0,-33.29361599,0.7746539,-34.06826989,-33.61265929,3286.135784,1763.940867,54.80165319
2966,2021-10-14,2021,2,50,0,0,-57.64905475,0.7746539,-58.42370865,-57.96809805,3228.486729,1705.517159,136.46402189
2967,2021-10-15,2021,2,51,1,0,0.36182127,0.7746539,-0.41283263,0.04277797,3228.84855,1705.104326,-9.66866388
2968,2021-10-18,2021,2,51,0,0,77.06036292,0.7746539,76.28570902,76.74131962,3305.908913,1781.390035,-4.40389031
2969,2021-10-19,2021,2,51,0,0,-83.35860556,0.7746539,-84.13325946,-83.67764886,3222.550308,1697.256776,54.60626099
2970,2021-10-20,2021,2,52,1,0,17.41336185,0.7746539,16.63870794,17.09431854,3239.96367,1713.895484,61.44184754
2971,2021-10-21,2021,2,50,0,2,-76.49424889,0.7746539,-77.26890279,-76.81329219,3163.469421,1636.626581,16.91652602
2972,2021-10-22,2021,2,50,0,0,41.95635804,0.7746539,41.18170414,41.63731474,3205.425779,1677.808285,-18.68345377
2973,2021-10-25,2021,2,50,0,0,159.49251924,0.7746539,158.71786534,159.17347593,3364.918298,1836.52615,93.1449098
2974,2021-10-26,2021,2,50,1,1,-9.83354992,0.7746539,-10.60820382,-10.15259322,3355.084748,1825.917946,-57.25634105
2975,2021-10-27,2021,2,51,1,0,-113.09734069,0.7746539,-113.87199459,-113.41638399,3241.987407,1712.045952,-153.91988262
2976,2021-10-28,2021,2,51,1,1,86.95880986,0.7746539,86.18415596,86.63976656,3328.946217,1798.230108,137.92619942
2977,2021-10-29,2021,2,51,0,0,41.20102906,0.7746539,40.42637515,40.88198575,3370.147246,1838.656483,-25.50665953
2978,2021-11-01,2021,2,51,0,0,103.41473865,0.7746539,102.64008475,103.09569535,3473.561985,1941.296568,183.56311965
2979,2021-11-02,2021,2,51,0,0,-0.03933757,0.7746539,-0.81399147,-0.35838087,3473.522647,1940.482576,-11.43890482
2980,2021-11-03,2021,2,51,0,0,37.31099769,0.7746539,36.53634379,36.99195439,3510.833645,1977.01892,122.266443
2981,2021-11-04,2021,2,52,1,0,-11.89554852,0.7746539,-12.67020242,-12.21459182,3498.938097,1964.348718,-26.66913188
2982,2021-11-05,2021,2,51,0,1,136.77370002,0.7746539,135.99904612,136.45465672,3635.711797,2100.347764,64.2127925
2983,2021-11-08,2021,2,51,0,0,188.61314165,0.7746539,187.83848775,188.29409835,3824.324938,2288.186252,22.54456269
2984,2021-11-09,2021,2,52,1,0,89.25620214,0.7746539,88.48154823,88.93715883,3913.58114,2376.6678,-28.65180257
2985,2021-11-10,2021,2,51,0,1,-239.40497808,0.7746539,-240.17963198,-239.72402138,3674.176162,2136.488168,-114.11417874
2986,2021-11-11,2021,2,51,0,0,197.73682028,0.7746539,196.96216638,197.41777698,3871.912983,2333.450334,52.97692348
2987,2021-11-12,2021,2,51,0,0,-76.52580058,0.7746539,-77.30045448,-76.84484388,3795.387182,2256.14988,48.20279676
2988,2021-11-15,2021,2,51,0,0,-67.81512401,0.7746539,-68.58977791,-68.13416731,3727.572058,2187.560102,-20.60633325
2989,2021-11-16,2021,2,51,0,0,-66.64463781,0.7746539,-67.41929171,-66.96368111,3660.92742,2120.14081,5.0436727
2990,2021-11-17,2021,2,51,0,0,-122.49028025,0.7746539,-123.26493416,-122.80932356,3538.43714,1996.875876,-97.63518366
2991,2021-11-18,2021,2,49,0,2,101.90691134,0.7746539,101.13225743,101.58786803,3640.344051,2098.008133,-91.67804556
2992,2021-11-19,2021,2,49,0,0,-214.5553726,0.7746539,-215.33002651,-214.87441591,3425.788679,1882.678107,-77.57971737
2993,2021-11-22,2021,2,48,0,1,215.83922199,0.7746539,215.06456809,215.52017869,3641.627901,2097.742675,-46.66256345
2994,2021-11-23,2021,2,48,0,0,104.3059281,0.7746539,103.5312742,103.9868848,3745.933829,2201.273949,-20.63386567
2995,2021-11-24,2021,2,49,1,0,-19.26916968,0.7746539,-20.04382358,-19.58821298,3726.664659,2181.230126,36.40426236
2996,2021-11-26,2021,2,46,0,3,-243.90022568,0.7746539,-244.67487958,-244.21926898,3482.764433,1936.555246,-281.13439308
2997,2021-11-29,2021,2,46,0,0,58.62533935,0.7746539,57.85068545,58.30629605,3541.389773,1994.405931,9.01182034
2998,2021-11-30,2021,2,46,0,0,-66.06954879,0.7746539,-66.84420269,-66.38859209,3475.320224,1927.561729,-207.55765175
2999,2021-12-01,2021,2,47,1,0,-155.92960291,0.7746539,-156.70425681,-156.24864621,3319.390621,1770.857472,-217.37560022
3000,2021-12-02,2021,2,47,0,0,14.08323537,0.7746539,13.30858147,13.76419207,3333.473856,1784.166053,243.39676911
3001,2021-12-03,2021,2,47,0,0,-68.03772676,0.7746539,-68.81238066,-68.35677006,3265.43613,1715.353673,-177.75008575
3002,2021-12-06,2021,2,46,0,1,4.83445665,0.7746539,4.05980275,4.51541335,3270.270586,1719.413475,178.98999204
3003,2021-12-07,2021,2,47,2,1,266.97149603,0.7746539,266.19684213,266.65245273,3537.242082,1985.610318,236.39580062
3004,2021-12-08,2021,2,47,1,1,-31.02787643,0.7746539,-31.80253034,-31.34691974,3506.214206,1953.807787,73.80437661
3005,2021-12-09,2021,2,48,1,0,-77.34226308,0.7746539,-78.11691698,-77.66130638,3428.871943,1875.69087,-189.43691773
3006,2021-12-10,2021,2,48,0,0,103.84617362,0.7746539,103.07151972,103.52713032,3532.718116,1978.76239,-20.72276665
3007,2021-12-13,2021,2,48,0,0,-262.15454112,0.7746539,-262.92919502,-262.47358442,3270.563575,1715.833195,-122.44474263
3008,2021-12-14,2021,2,47,0,1,-62.19617071,0.7746539,-62.97082461,-62.51521401,3208.367405,1652.86237,-89.0905589
3009,2021-12-15,2021,2,47,0,0,44.04551228,0.7746539,43.27085838,43.72646898,3252.412917,1696.133229,120.42824354
3010,2021-12-16,2021,2,46,0,1,-108.98675431,0.7746539,-109.76140821,-109.30579761,3143.426163,1586.371821,-134.11474171
3011,2021-12-17,2021,2,46,1,1,-74.58638709,0.7746539,-75.36104099,-74.90543039,3068.839776,1511.01078,52.64453823
3012,2021-12-20,2021,2,46,1,1,-56.79929484,0.7746539,-57.57394874,-57.11833814,3012.040481,1453.436831,-171.31998586
3013,2021-12-21,2021,2,45,0,1,222.97814371,0.7746539,222.20348981,222.65910041,3235.018624,1675.640321,294.33925991
3014,2021-12-22,2021,2,46,1,0,82.45133515,0.7746539,81.67668125,82.13229185,3317.46996,1757.317002,71.18160435
3015,2021-12-23,2021,2,45,0,1,-37.91538876,0.7746539,-38.69004266,-38.23443206,3279.554571,1718.626959,94.36677396
3016,2021-12-27,2021,2,45,0,0,222.77000271,0.7746539,221.9953488,222.4509594,3502.324574,1940.622308,88.96146102
3017,2021-12-28,2021,2,45,0,0,-94.40043152,0.7746539,-95.17508542,-94.71947482,3407.924142,1845.447223,-45.86169245
3018,2021-12-29,2021,2,46,1,0,72.89228222,0.7746539,72.11762831,72.57323891,3480.816424,1917.564851,-6.02798262
3019,2021-12-30,2021,2,46,0,0,-113.67301077,0.7746539,-114.44766467,-113.99205407,3367.143413,1803.117186,37.35496248
3020,2021-12-31,2021,2,46,1,1,22.72968409,0.7746539,21.95503018,22.41064078,3389.873098,1825.072216,-20.65316503
3021,2022-01-03,2022,2,46,0,0,147.27815195,0.7746539,146.50349804,146.95910864,3537.151249,1971.575714,92.84300996
3022,2022-01-04,2022,2,46,0,0,178.06433137,0.7746539,177.28967747,177.74528807,3715.215581,2148.865392,-12.2772488
3023,2022-01-05,2022,2,46,1,1,-156.86057527,0.7746539,-157.63522917,-157.17961857,3558.355006,1991.230163,-285.38450705
3024,2022-01-06,2022,2,45,1,2,92.55137525,0.7746539,91.77672135,92.23233195,3650.906381,2083.006884,33.27206406
3025,2022-01-07,2022,2,43,0,2,-100.17557205,0.7746539,-100.95022595,-100.49461535,3550.730809,1982.056658,-46.03877482
3026,2022-01-10,2022,2,42,0,1,-127.27093426,0.7746539,-128.04558817,-127.58997757,3423.459875,1854.01107,-43.94134362
3027,2022-01-11,2022,2,44,2,0,147.73556764,0.7746539,146.96091374,147.41652434,3571.195442,2000.971984,152.28686067
3028,2022-01-12,2022,2,45,1,0,118.53300351,0.7746539,117.75834961,118.21396021,3689.728446,2118.730333,-47.18254909
3029,2022-01-13,2022,2,46,1,0,-54.69957715,0.7746539,-55.47423105,-55.01862045,3635.028869,2063.256102,-117.45170069
3030,2022-01-14,2022,2,44,1,3,124.99519606,0.7746539,124.22054216,124.67615275,3760.024065,2187.476644,-8.79250922
3031,2022-01-18,2022,2,44,0,0,-19.26491632,0.7746539,-20.03957023,-19.58395963,3740.759148,2167.437074,-260.92129402
3032,2022-01-19,2022,2,43,0,1,-39.57917704,0.7746539,-40.35383095,-39.89822035,3701.179971,2127.083243,-111.61730727
3033,2022-01-20,2022,2,44,1,0,-91.0590395,0.7746539,-91.8336934,-91.3780828,3610.120932,2035.24955,-139.81143761
3034,2022-01-21,2022,2,44,0,0,-57.13037797,0.7746539,-57.90503187,-57.44942127,3552.990554,1977.344518,-205.41529673
3035,2022-01-24,2022,2,43,0,1,107.77355947,0.7746539,106.99890557,107.45451617,3660.764113,2084.343424,132.42611035
3036,2022-01-25,2022,2,42,0,1,230.40466537,0.7746539,229.63001147,230.08562207,3891.168779,2313.973435,-123.24389672
3037,2022-01-26,2022,2,42,1,1,17.22866226,0.7746539,16.45400835,16.90961895,3908.397441,2330.427443,-108.24311503
3038,2022-01-27,2022,2,43,1,0,66.05716774,0.7746539,65.28251384,65.73812444,3974.454609,2395.709957,-170.00484793
3039,2022-01-28,2022,2,43,0,0,39.4636307,0.7746539,38.6889768,39.1445874,4013.918239,2434.398934,196.68643061
3040,2022-01-31,2022,2,42,0,1,-147.79876741,0.7746539,-148.57342131,-148.11781071,3866.119472,2285.825513,313.06510858
3041,2022-02-01,2022,2,43,2,1,124.44552417,0.7746539,123.67087026,124.12648086,3990.564996,2409.496383,134.0920614
3042,2022-02-02,2022,2,42,0,1,83.67019848,0.7746539,82.89554458,83.35115518,4074.235194,2492.391928,-67.76354342
3043,2022-02-03,2022,2,42,1,1,64.1322587,0.7746539,63.3576048,63.8132154,4138.367453,2555.749532,-214.75304842
3044,2022-02-04,2022,2,44,2,0,18.2710916,0.7746539,17.4964377,17.9520483,4156.638545,2573.24597,70.77558392
3045,2022-02-07,2022,2,45,1,0,-113.43434751,0.7746539,-114.20900141,-113.75339081,4043.204197,2459.036969,39.59104023
3046,2022-02-08,2022,2,44,0,1,-78.83367816,0.7746539,-79.60833206,-79.15272146,3964.370519,2379.428637,140.81870015
3047,2022-02-09,2022,2,43,0,1,142.81639473,0.7746539,142.04174083,142.49735143,4107.186914,2521.470377,225.61281255
3048,2022-02-10,2022,2,43,1,1,114.25760161,0.7746539,113.4829477,113.9385583,4221.444515,2634.953325,-145.30016575
3049,2022-02-11,2022,2,45,2,0,140.30027341,0.7746539,139.52561951,139.98123011,4361.744789,2774.478945,-131.50530293
3050,2022-02-14,2022,2,44,0,1,-42.27940073,0.7746539,-43.05405463,-42.59844403,4319.465388,2731.42489,-62.34127977
3051,2022-02-15,2022,2,42,0,2,-119.13422302,0.7746539,-119.90887692,-119.45326632,4200.331165,2611.516013,262.19387382
3052,2022-02-16,2022,2,42,0,0,85.31518149,0.7746539,84.54052759,84.99613819,4285.646347,2696.056541,-3.42253222
3053,2022-02-17,2022,2,42,1,1,60.7165109,0.7746539,59.941857,60.3974676,4346.362858,2755.998398,-237.78025059
3054,2022-02-18,2022,2,42,1,1,17.11466451,0.7746539,16.34001061,16.79562121,4363.477522,2772.338408,-101.43534772
3055,2022-02-22,2022,2,41,0,1,-6.87172239,0.7746539,-7.64637629,-7.19076569,4356.6058,2764.692032,-138.26542432
3056,2022-02-23,2022,2,41,1,1,154.26745895,0.7746539,153.49280505,153.94841565,4510.873259,2918.184837,-185.87652988
3057,2022-02-24,2022,2,41,2,2,-11.01708975,0.7746539,-11.79174365,-11.33613305,4499.856169,2906.393093,219.62535628
3058,2022-02-25,2022,2,42,2,1,46.37126509,0.7746539,45.59661119,46.05222179,4546.227434,2951.989705,248.52370951
3059,2022-02-28,2022,2,42,1,1,123.35166573,0.7746539,122.57701182,123.03262242,4669.5791,3074.566716,29.52739843
3060,2022-03-01,2022,2,44,2,0,93.69620514,0.7746539,92.92155124,93.37716184,4763.275305,3167.488268,-183.81162079
3061,2022-03-02,2022,2,45,2,1,102.80941462,0.7746539,102.03476072,102.49037132,4866.084719,3269.523028,195.94108188
3062,2022-03-03,2022,2,44,0,1,114.3514847,0.7746539,113.5768308,114.0324414,4980.436204,3383.099859,-128.71868194
3063,2022-03-04,2022,2,46,2,0,241.80423711,0.7746539,241.0295832,241.4851938,5222.240441,3624.129442,-162.41366552
3064,2022-03-07,2022,2,46,2,2,86.69598579,0.7746539,85.92133188,86.37694248,5308.936427,3710.050774,-307.11265371
3065,2022-03-08,2022,2,45,1,2,-88.93778906,0.7746539,-89.71244296,-89.25683236,5219.998638,3620.338331,35.47318903
3066,2022-03-09,2022,2,45,1,1,-166.17612085,0.7746539,-166.95077475,-166.49516415,5053.822517,3453.387557,298.0413989
3067,2022-03-10,2022,2,45,0,0,166.34032798,0.7746539,165.56567408,166.02128468,5220.162845,3618.953231,-45.38253166
3068,2022-03-11,2022,2,46,1,0,1.98708837,0.7746539,1.21243446,1.66804506,5222.149933,3620.165665,-178.5512335
3069,2022-03-14,2022,2,47,1,0,-124.02050577,0.7746539,-124.79515967,-124.33954907,5098.129428,3495.370505,-184.54724221
3070,2022-03-15,2022,2,46,1,2,-97.17492402,0.7746539,-97.94957792,-97.49396732,5000.954504,3397.420927,168.45277811
3071,2022-03-16,2022,2,47,1,0,-154.33113502,0.7746539,-155.10578892,-154.65017832,4846.623369,3242.315139,346.27772895
3072,2022-03-17,2022,2,47,0,0,153.9077375,0.7746539,153.1330836,153.5886942,5000.531106,3395.448222,168.40717624
3073,2022-03-18,2022,2,48,1,0,-67.35605252,0.7746539,-68.13070642,-67.67509582,4933.175054,3327.317516,128.18077032
3074,2022-03-21,2022,2,49,2,1,238.36999692,0.7746539,237.59534302,238.05095362,5171.545051,3564.912859,-66.30613693
3075,2022-03-22,2022,2,50,2,1,-89.91230659,0.7746539,-90.68696049,-90.23134989,5081.632744,3474.225898,129.6819512
3076,2022-03-23,2022,2,49,0,1,187.46291355,0.7746539,186.68825965,187.14387025,5269.095657,3660.914158,-132.63182694
3077,2022-03-24,2022,2,50,1,0,-13.15849358,0.7746539,-13.93314748,-13.47753688,5255.937164,3646.98101,116.50195964
3078,2022-03-25,2022,2,52,2,0,101.38325269,0.7746539,100.60859879,101.06420939,5357.320417,3747.589609,5.82845857
3079,2022-03-28,2022,2,52,1,1,-107.91189766,0.7746539,-108.68655157,-108.23094097,5249.408519,3638.903058,1.56073136
3080,2022-03-29,2022,2,54,2,0,-82.41241188,0.7746539,-83.18706578,-82.73145518,5166.996107,3555.715992,243.08075272
3081,2022-03-30,2022,2,56,2,0,78.37496356,0.7746539,77.60030965,78.05592025,5245.371071,3633.316301,-133.69336265
3082,2022-03-31,2022,2,54,0,2,57.91270697,0.7746539,57.13805307,57.59366367,5303.283778,3690.454355,-131.99888207
3083,2022-04-01,2022,2,53,0,1,104.94932113,0.7746539,104.17466723,104.63027783,5408.233099,3794.629022,93.31983568
3084,2022-04-04,2022,2,54,1,0,-46.99317392,0.7746539,-47.76782782,-47.31221722,5361.239925,3746.861194,68.9623224
3085,2022-04-05,2022,2,54,2,2,-36.30596865,0.7746539,-37.08062255,-36.62501195,5324.933956,3709.780571,-195.03534039
3086,2022-04-06,2022,2,53,1,2,62.88590279,0.7746539,62.11124889,62.56685949,5387.819859,3771.89182,-119.70759811
3087,2022-04-07,2022,2,54,1,0,139.59146622,0.7746539,138.81681232,139.27242292,5527.411325,3910.708633,-12.26766808
3088,2022-04-08,2022,2,54,0,0,83.42338295,0.7746539,82.64872904,83.10433964,5610.834708,3993.357362,-53.95494341
3089,2022-04-11,2022,2,54,0,0,-138.48061159,0.7746539,-139.25526549,-138.79965489,5472.354096,3854.102096,-74.90884755
3090,2022-04-12,2022,2,54,1,1,146.46629468,0.7746539,145.69164078,146.14725138,5618.820391,3999.793737,-0.98350039
3091,2022-04-13,2022,2,54,0,0,72.97979743,0.7746539,72.20514353,72.66075413,5691.800189,4071.99888,179.9992468
3092,2022-04-14,2022,2,54,0,0,77.26458258,0.7746539,76.48992868,76.94553928,5769.064771,4148.488809,-92.32043896
3093,2022-04-18,2022,2,54,0,0,96.00767117,0.7746539,95.23301727,95.68862787,5865.072442,4243.721826,-79.25113927
3094,2022-04-19,2022,2,54,0,0,-191.63681687,0.7746539,-192.41147077,-191.95586017,5673.435625,4051.310356,202.37412285
3095,2022-04-20,2022,2,55,1,0,64.70416954,0.7746539,63.92951564,64.38512624,5738.139795,4115.239871,9.23747396
3096,2022-04-21,2022,2,55,0,0,-200.79694821,0.7746539,-201.57160211,-201.11599151,5537.342847,3913.668269,-218.83162142
3097,2022-04-22,2022,2,55,0,0,-94.54011935,0.7746539,-95.31477325,-94.85916265,5442.802727,3818.353496,-262.37617523
3098,2022-04-25,2022,2,55,0,0,-192.02439835,0.7746539,-192.79905225,-192.34344165,5250.778329,3625.554444,54.96042577
3099,2022-04-26,2022,2,56,1,0,106.49108733,0.7746539,105.71643342,106.17204402,5357.269416,3731.270877,-307.99422476
3100,2022-04-27,2022,2,57,1,0,141.36665568,0.7746539,140.59200178,141.04761238,5498.636072,3871.862879,-8.34662865
3101,2022-04-28,2022,2,57,0,0,-9.22593684,0.7746539,-10.00059074,-9.54498014,5489.410135,3861.862288,198.27869999
3102,2022-04-29,2022,2,57,0,0,-82.68364676,0.7746539,-83.45830067,-83.00269007,5406.726489,3778.403987,-293.1779079
3103,2022-05-02,2022,2,57,0,0,-106.13757505,0.7746539,-106.91222896,-106.45661836,5300.588913,3671.491759,83.16548574
3104,2022-05-03,2022,2,57,0,0,251.6511806,0.7746539,250.8765267,251.3321373,5552.240094,3922.368285,85.17559898
3105,2022-05-04,2022,2,58,1,0,68.45368961,0.7746539,67.67903571,68.13464631,5620.693784,3990.047321,266.69007932
3106,2022-05-05,2022,2,58,0,0,-63.16877094,0.7746539,-63.94342484,-63.48781424,5557.525013,3926.103896,-381.99418667
3107,2022-05-06,2022,2,59,1,0,81.57401419,0.7746539,80.79936029,81.25497089,5639.099027,4006.903256,-166.56723615
3108,2022-05-09,2022,2,58,2,3,-359.11086387,0.7746539,-359.88551777,-359.42990717,5279.988163,3647.017739,-445.5868743
3109,2022-05-10,2022,2,58,0,0,140.08869189,0.7746539,139.31403799,139.76964859,5420.076855,3786.331777,-23.66163266
3110,2022-05-11,2022,2,57,0,1,237.0614336,0.7746539,236.28677969,236.74239029,5657.138289,4022.618556,-224.39123336
3111,2022-05-12,2022,2,57,0,0,-141.80062914,0.7746539,-142.57528304,-142.11967244,5515.337659,3880.043273,120.40788052
3112,2022-05-13,2022,2,57,0,0,76.7761632,0.7746539,76.0015093,76.4571199,5592.113823,3956.044783,378.01957421
3113,2022-05-16,2022,2,56,0,1,180.44809633,0.7746539,179.67344242,180.12905302,5772.561919,4135.718225,-63.19266339
3114,2022-05-17,2022,2,56,0,0,-14.60952805,0.7746539,-15.38418195,-14.92857135,5757.952391,4120.334043,295.3029235
3115,2022-05-18,2022,2,55,0,1,-97.89606926,0.7746539,-98.67072317,-98.21511257,5660.056322,4021.66332,-352.17259607
3116,2022-05-19,2022,2,55,0,0,-34.91423268,0.7746539,-35.68888658,-35.23327598,5625.142089,3985.974433,56.28197365
3117,2022-05-20,2022,2,55,0,0,18.39710917,0.7746539,17.62245527,18.07806587,5643.539198,4003.596889,-6.0659338
3118,2022-05-23,2022,2,54,0,1,195.61131228,0.7746539,194.83665838,195.29226898,5839.15051,4198.433547,105.75754053
3119,2022-05-24,2022,2,53,0,1,111.07027816,0.7746539,110.29562426,110.75123486,5950.220789,4308.729171,-172.71435937
3120,2022-05-25,2022,2,54,1,0,81.19181949,0.7746539,80.41716559,80.87277619,6031.412608,4389.146337,203.07536622
3121,2022-05-26,2022,2,56,2,0,39.63288586,0.7746539,38.85823195,39.31384255,6071.045494,4428.004569,228.43393848
3122,2022-05-27,2022,2,56,0,0,39.52348289,0.7746539,38.74882899,39.20443959,6110.568977,4466.753398,272.00096509
3123,2022-05-31,2022,2,56,0,0,-43.60442475,0.7746539,-44.37907865,-43.92346805,6066.964552,4422.374319,-121.29097444
3124,2022-06-01,2022,2,55,0,1,213.76748827,0.7746539,212.99283437,213.44844497,6280.73204,4635.367153,-75.4429424
3125,2022-06-02,2022,2,52,0,3,-119.46773274,0.7746539,-120.24238665,-119.78677605,6161.264308,4515.124767,258.05560303
3126,2022-06-03,2022,2,52,0,0,71.04593858,0.7746539,70.27128468,70.72689528,6232.310246,4585.396051,-99.37762265
3127,2022-06-06,2022,2,53,1,0,-51.62317776,0.7746539,-52.39783166,-51.94222106,6180.687068,4532.99822,34.41131146
3128,2022-06-07,2022,2,53,0,0,114.95052475,0.7746539,114.17587085,114.63148145,6295.637593,4647.174091,123.29590775
3129,2022-06-08,2022,2,52,0,1,-77.70464899,0.7746539,-78.47930289,-78.02369229,6217.932944,4568.694788,-127.3177471
3130,2022-06-09,2022,2,50,1,3,-60.45952458,0.7746539,-61.23417848,-60.77856788,6157.47342,4507.460609,-252.65908631
3131,2022-06-10,2022,2,48,0,2,92.34810863,0.7746539,91.57345473,92.02906533,6249.821528,4599.034064,-292.87147158
3132,2022-06-13,2022,2,47,0,1,-6.78636637,0.7746539,-7.56102027,-7.10540967,6243.035162,4591.473044,-493.68983732
3133,2022-06-14,2022,2,48,1,0,31.38853101,0.7746539,30.61387711,31.06948771,6274.423693,4622.086921,-28.0633109
3134,2022-06-15,2022,2,48,0,0,-103.33556489,0.7746539,-104.11021879,-103.65460819,6171.088128,4517.976702,158.54122174
3135,2022-06-16,2022,2,48,0,0,-73.61513782,0.7746539,-74.38979172,-73.93418112,6097.47299,4443.58691,-441.40790514
3136,2022-06-17,2022,2,47,0,1,-413.65090627,0.7746539,-414.42556017,-413.96994957,5683.822084,4029.16135,118.05172233
3137,2022-06-21,2022,2,48,1,0,145.52437795,0.7746539,144.74972405,145.20533465,5829.346462,4173.911074,169.70340953
3138,2022-06-22,2022,2,48,0,0,-311.7758671,0.7746539,-312.550521,-312.0949104,5517.570595,3861.360553,-31.0380423
3139,2022-06-23,2022,2,47,0,1,-365.82239654,0.7746539,-366.59705044,-366.14143984,5151.748198,3494.763503,107.67655874
3140,2022-06-24,2022,2,47,0,0,-68.72729889,0.7746539,-69.50195279,-69.04634219,5083.020899,3425.26155,320.6837894
3141,2022-06-27,2022,2,47,0,0,294.84076648,0.7746539,294.06611258,294.52172318,5377.861666,3719.327663,19.04128154
3142,2022-06-28,2022,2,47,0,0,200.42419834,0.7746539,199.64954444,200.10515504,5578.285864,3918.977207,-170.34229364
3143,2022-06-29,2022,2,47,0,0,-164.35716278,0.7746539,-165.13181668,-164.67620608,5413.928701,3753.84539,-104.63188137
3144,2022-06-30,2022,2,47,0,0,-55.99340962,0.7746539,-56.76806352,-56.31245292,5357.935292,3697.077327,-92.5678421
3145,2022-07-01,2022,2,47,0,0,-143.28618422,0.7746539,-144.06083812,-143.60522752,5214.649107,3553.016489,131.16259954
3146,2022-07-05,2022,2,47,0,0,-357.66015876,0.7746539,-358.43481266,-357.97920206,4856.988949,3194.581676,29.09067554
3147,2022-07-06,2022,2,47,0,0,-30.35664912,0.7746539,-31.13130303,-30.67569243,4826.6323,3163.450373,-75.362454
3148,2022-07-07,2022,2,46,0,1,208.20022241,0.7746539,207.42556851,207.88117911,5034.832522,3370.875942,226.70631055
3149,2022-07-08,2022,2,46,1,1,17.19212862,0.7746539,16.41747472,16.87308532,5052.024651,3387.293416,-21.24988576
3150,2022-07-11,2022,2,46,0,0,62.50768638,0.7746539,61.73303248,62.18864308,5114.532337,3449.026449,-173.22638945
3151,2022-07-12,2022,2,46,0,0,-148.10791594,0.7746539,-148.88256984,-148.42695924,4966.424421,3300.143879,-26.13315793
3152,2022-07-13,2022,2,46,1,1,83.53678909,0.7746539,82.76213519,83.21774579,5049.96121,3382.906014,-27.064751
3153,2022-07-14,2022,2,47,1,0,-99.11923711,0.7746539,-99.89389101,-99.43828041,4950.841973,3283.012123,-133.11979796
3154,2022-07-15,2022,2,47,1,1,27.75834222,0.7746539,26.98368831,27.43929891,4978.600315,3309.995811,203.62927114
3155,2022-07-18,2022,2,47,0,0,177.15467855,0.7746539,176.38002465,176.83563525,5155.754994,3486.375836,-8.09167689
3156,2022-07-19,2022,2,46,0,1,-29.76646761,0.7746539,-30.54112152,-30.08551092,5125.988526,3455.834714,329.61216316
3157,2022-07-20,2022,2,45,0,1,-13.95234173,0.7746539,-14.72699563,-14.27138503,5112.036184,3441.107719,131.42517788
3158,2022-07-21,2022,2,46,1,0,-150.95247787,0.7746539,-151.72713177,-151.27152117,4961.083707,3289.380587,53.59385206
3159,2022-07-22,2022,2,47,1,0,17.21221417,0.7746539,16.43756027,16.89317087,4978.295921,3305.818147,-131.12847056
3160,2022-07-25,2022,2,45,0,2,370.39926821,0.7746539,369.62461431,370.08022491,5348.695189,3675.442762,53.60307506
3161,2022-07-26,2022,2,45,0,0,60.85489226,0.7746539,60.08023836,60.53584896,5409.550081,3735.523,-106.34397669
3162,2022-07-27,2022,2,46,1,0,42.52760607,0.7746539,41.75295217,42.20856276,5452.077687,3777.275952,233.0392708
3163,2022-07-28,2022,2,46,0,0,-101.49400524,0.7746539,-102.26865914,-101.81304854,5350.583682,3675.007293,135.73374399
3164,2022-07-29,2022,2,46,0,0,138.65775024,0.7746539,137.88309633,138.33870693,5489.241432,3812.890389,75.67645589
3165,2022-08-01,2022,2,46,0,0,-132.71698993,0.7746539,-133.49164383,-133.03603323,5356.524442,3679.398746,-6.09005116
3166,2022-08-02,2022,2,45,0,1,11.48352188,0.7746539,10.70886798,11.16447858,5368.007964,3690.107614,-40.25585947
3167,2022-08-03,2022,2,43,0,2,-365.33980366,0.7746539,-366.11445756,-365.65884696,5002.668161,3323.993156,145.23302953
3168,2022-08-04,2022,2,44,2,1,-291.31759987,0.7746539,-292.09225377,-291.63664317,4711.350561,3031.900902,-2.39934878
3169,2022-08-05,2022,2,44,0,0,22.33296004,0.7746539,21.55830614,22.01391674,4733.683521,3053.459208,62.45171612
3170,2022-08-08,2022,2,44,0,0,-51.9541151,0.7746539,-52.728769,-52.2731584,4681.729406,3000.730439,103.86469056
3171,2022-08-09,2022,2,45,1,0,175.46062955,0.7746539,174.68597565,175.14158625,4857.190035,3175.416415,-119.82747207
3172,2022-08-10,2022,2,45,0,0,-113.43815409,0.7746539,-114.21280799,-113.75719739,4743.751881,3061.203607,275.33771434
3173,2022-08-11,2022,2,45,2,2,244.23399865,0.7746539,243.45934475,243.91495535,4987.98588,3304.662952,26.20415768
3174,2022-08-12,2022,2,46,1,0,-44.81657299,0.7746539,-45.5912269,-45.1356163,4943.169307,3259.071725,161.93255774
3175,2022-08-15,2022,2,46,0,0,-134.10052582,0.7746539,-134.87517972,-134.41956912,4809.068781,3124.196545,13.32850514
3176,2022-08-16,2022,2,46,0,0,10.10017681,0.7746539,9.32552291,9.78113351,4819.168958,3133.522068,29.70568331
3177,2022-08-17,2022,2,45,0,1,170.6555297,0.7746539,169.8808758,170.3364864,4989.824487,3303.402944,-155.3372369
3178,2022-08-18,2022,2,45,1,1,198.4910344,0.7746539,197.7163805,198.1719911,5188.315522,3501.119324,39.01252773
3179,2022-08-19,2022,2,45,1,1,98.92462051,0.7746539,98.14996661,98.60557721,5287.240142,3599.269291,-197.81646211
3180,2022-08-22,2022,2,45,1,1,242.33887165,0.7746539,241.56421775,242.01982835,5529.579014,3840.833509,-197.17163923
3181,2022-08-23,2022,2,45,0,0,158.49872079,0.7746539,157.72406689,158.17967749,5688.077735,3998.557576,16.99210133
3182,2022-08-24,2022,2,45,0,0,78.98524014,0.7746539,78.21058624,78.66619684,5767.062975,4076.768162,77.6088979
3183,2022-08-25,2022,2,46,1,0,-24.27283561,0.7746539,-25.04748951,-24.59187891,5742.790139,4051.720672,160.32610457
3184,2022-08-26,2022,2,46,0,0,155.61055813,0.7746539,154.83590423,155.29151483,5898.400698,4206.556577,-319.81701
3185,2022-08-29,2022,2,46,0,0,133.01422926,0.7746539,132.23957536,132.69518596,6031.414927,4338.796152,-71.14925891
3186,2022-08-30,2022,2,46,0,0,-220.99958055,0.7746539,-221.77423445,-221.31862385,5810.415346,4117.021917,-137.00296917
3187,2022-08-31,2022,2,47,1,0,55.15599627,0.7746539,54.38134237,54.83695297,5865.571342,4171.40326,-63.5042825
3188,2022-09-01,2022,2,47,0,0,-166.71742136,0.7746539,-167.49207526,-167.03646466,5698.853921,4003.911185,-81.8087799
3189,2022-09-02,2022,2,47,0,0,221.9665084,0.7746539,221.1918545,221.6474651,5920.82043,4225.103039,-58.71780469
3190,2022-09-06,2022,2,47,1,1,-23.84689607,0.7746539,-24.62154997,-24.16593937,5896.973533,4200.481489,-69.55360193
3191,2022-09-07,2022,2,48,1,0,-287.26844147,0.7746539,-288.04309537,-287.58748477,5609.705092,3912.438394,215.34325442
3192,2022-09-08,2022,2,49,1,0,30.33379812,0.7746539,29.55914422,30.01475482,5640.03889,3941.997538,98.90273055
3193,2022-09-09,2022,2,47,0,2,23.51822091,0.7746539,22.74356701,23.19917761,5663.557111,3964.741105,206.69819547
3194,2022-09-12,2022,2,47,0,0,-11.57171609,0.7746539,-12.34636999,-11.89075939,5651.985395,3952.394735,111.23287939
3195,2022-09-13,2022,2,46,1,2,152.4905803,0.7746539,151.7159264,152.171537,5804.475975,4104.110661,-398.85173156
3196,2022-09-14,2022,2,47,1,0,183.06429249,0.7746539,182.28963859,182.74524919,5987.540268,4286.4003,69.99074306
3197,2022-09-15,2022,2,47,0,0,-144.5720344,0.7746539,-145.3466883,-144.8910777,5842.968233,4141.053612,-78.45440605
3198,2022-09-16,2022,2,46,0,1,-4.2208809,0.7746539,-4.9955348,-4.5399242,5838.747352,4136.058077,-167.13999207
3199,2022-09-19,2022,2,46,0,0,-4.03323102,0.7746539,-4.80788492,-4.35227432,5834.714121,4131.250192,76.19611688
3200,2022-09-20,2022,2,46,0,0,39.51304841,0.7746539,38.73839451,39.19400511,5874.22717,4169.988586,-159.24904368
3201,2022-09-21,2022,2,46,0,0,16.29040042,0.7746539,15.51574652,15.97135712,5890.51757,4185.504333,-161.83707848
3202,2022-09-22,2022,2,46,0,0,55.78826434,0.7746539,55.01361044,55.46922104,5946.305835,4240.517943,-204.97684456
3203,2022-09-23,2022,2,46,0,0,-274.4952143,0.7746539,-275.2698682,-274.8142576,5671.81062,3965.248075,-226.49803297
3204,2022-09-26,2022,2,46,0,0,-53.50071017,0.7746539,-54.27536407,-53.81975347,5618.30991,3910.972711,-170.17942752
3205,2022-09-27,2022,2,45,0,1,131.76808509,0.7746539,130.99343119,131.44904179,5750.077995,4041.966142,29.8004141
3206,2022-09-28,2022,2,46,1,0,119.98461579,0.7746539,119.20996189,119.66557249,5870.062611,4161.176104,293.64986133
3207,2022-09-29,2022,2,44,0,2,110.59137725,0.7746539,109.81672335,110.27233395,5980.653988,4270.992828,-222.92557085
3208,2022-09-30,2022,2,47,3,0,7.49701459,0.7746539,6.72236069,7.17797129,5988.151003,4277.715188,-77.14364619
3209,2022-10-03,2022,2,47,0,0,157.46897529,0.7746539,156.69432139,157.14993199,6145.619978,4434.40951,279.99643676
3210,2022-10-04,2022,2,48,1,0,-38.36433011,0.7746539,-39.13898402,-38.68337342,6107.255648,4395.270526,407.16096589
3211,2022-10-05,2022,2,48,0,0,132.9817493,0.7746539,132.2070954,132.662706,6240.237397,4527.477621,-48.96931605
3212,2022-10-06,2022,2,48,0,0,106.04457953,0.7746539,105.26992563,105.72553623,6346.281977,4632.747547,-80.06732515
3213,2022-10-07,2022,2,49,1,0,151.70186433,0.7746539,150.92721042,151.38282102,6497.983841,4783.674757,-268.5598225
3214,2022-10-10,2022,2,50,1,0,41.70799481,0.7746539,40.93334091,41.38895151,6539.691836,4824.608098,-94.94925175
3215,2022-10-11,2022,2,52,2,0,-7.30324319,0.7746539,-8.07789709,-7.62228649,6532.388593,4816.530201,-26.04452309
3216,2022-10-12,2022,2,52,1,1,-21.33115553,0.7746539,-22.10580944,-21.65019884,6511.057437,4794.424391,-35.308902
3217,2022-10-13,2022,2,52,0,0,91.15570863,0.7746539,90.38105473,90.83666533,6602.213146,4884.805446,206.48326006
3218,2022-10-14,2022,2,52,0,0,-116.70591746,0.7746539,-117.48057137,-117.02496077,6485.507228,4767.324875,-252.97332559
3219,2022-10-17,2022,2,52,0,0,-80.38070591,0.7746539,-81.15535981,-80.69974921,6405.126523,4686.169515,278.84112097
3220,2022-10-18,2022,2,53,1,0,-40.77584831,0.7746539,-41.55050221,-41.09489161,6364.350674,4644.619013,143.69821511
3221,2022-10-19,2022,2,54,1,0,235.36053774,0.7746539,234.58588384,235.04149444,6599.711212,4879.204897,-177.3860024
3222,2022-10-20,2022,2,55,1,0,28.98562009,0.7746539,28.21096618,28.66657678,6628.696832,4907.415863,-80.44707058
3223,2022-10-21,2022,2,55,0,0,44.81441721,0.7746539,44.03976331,44.49537391,6673.511249,4951.455626,219.32974812
3224,2022-10-24,2022,2,56,1,0,3.79128097,0.7746539,3.01662706,3.47223766,6677.30253,4954.472253,16.43642157
3225,2022-10-25,2022,2,56,2,2,-109.16950241,0.7746539,-109.94415631,-109.48854571,6568.133028,4844.528097,272.89083724
3226,2022-10-26,2022,2,58,3,1,13.48795116,0.7746539,12.71329726,13.16890786,6581.620979,4857.241394,31.05053508
3227,2022-10-27,2022,2,60,2,0,-13.03559138,0.7746539,-13.81024528,-13.35463468,6568.585388,4843.431149,-0.18629508
3228,2022-10-28,2022,2,62,2,0,-55.87386346,0.7746539,-56.64851737,-56.19290677,6512.711524,4786.782632,184.91409933
3229,2022-10-31,2022,2,62,0,0,48.75494569,0.7746539,47.98029179,48.43590239,6561.46647,4834.762923,-15.64703967
3230,2022-11-01,2022,2,62,0,0,26.25873605,0.7746539,25.48408215,25.93969275,6587.725206,4860.247005,41.94791376
3231,2022-11-02,2022,2,62,0,0,79.28476661,0.7746539,78.51011271,78.96572331,6667.009973,4938.757118,-306.27293096
3232,2022-11-03,2022,2,61,0,1,-2.84166806,0.7746539,-3.61632196,-3.16071136,6664.168304,4935.140796,-45.67141045
3233,2022-11-04,2022,2,61,1,1,-82.70918449,0.7746539,-83.48383839,-83.02822779,6581.45912,4851.656958,118.46907704
3234,2022-11-07,2022,2,60,0,1,88.76296126,0.7746539,87.98830736,88.44391796,6670.222081,4939.645265,65.40427427
3235,2022-11-08,2022,2,64,4,0,-49.43947726,0.7746539,-50.21413117,-49.75852057,6620.782604,4889.431134,46.2342602
3236,2022-11-09,2022,2,62,0,2,-52.92993623,0.7746539,-53.70459013,-53.24897953,6567.852668,4835.726544,-241.85989813
3237,2022-11-10,2022,2,62,0,0,-344.87786708,0.7746539,-345.65252098,-345.19691038,6222.974801,4490.074023,640.87504267
3238,2022-11-11,2022,2,60,0,2,-216.41653407,0.7746539,-217.19118797,-216.73557737,6006.558267,4272.882835,160.68193514
3239,2022-11-14,2022,2,61,2,1,71.82960308,0.7746539,71.05494917,71.51055977,6078.38787,4343.937784,-132.84147033
3240,2022-11-15,2022,2,60,0,1,-38.50666774,0.7746539,-39.28132164,-38.82571104,6039.881202,4304.656462,121.49822658
3241,2022-11-16,2022,2,59,1,2,50.59930345,0.7746539,49.82464955,50.28026015,6090.480505,4354.481112,-180.83341235
3242,2022-11-17,2022,2,59,0,0,57.01728925,0.7746539,56.24263535,56.69824595,6147.497795,4410.723747,-71.82875093
3243,2022-11-18,2022,2,62,3,0,1.74065892,0.7746539,0.96600501,1.42161561,6149.238454,4411.689752,50.83036331
3244,2022-11-21,2022,2,62,0,0,26.84561659,0.7746539,26.07096269,26.52657329,6176.08407,4437.760715,-60.33629332
3245,2022-11-22,2022,2,63,1,0,74.2606675,0.7746539,73.4860136,73.9416242,6250.344738,4511.246729,137.99954285
3246,2022-11-23,2022,2,62,0,1,-81.95496834,0.7746539,-82.72962224,-82.27401164,6168.389769,4428.517106,47.05573526
3247,2022-11-25,2022,2,62,0,0,11.75001177,0.7746539,10.97535787,11.43096847,6180.139781,4439.492464,27.18858451
3248,2022-11-28,2022,2,62,0,0,40.7051843,0.7746539,39.9305304,40.386141,6220.844965,4479.422995,-178.36272996
3249,2022-11-29,2022,2,61,1,2,53.97342258,0.7746539,53.19876868,53.65437928,6274.818388,4532.621763,48.5702714
3250,2022-11-30,2022,2,62,1,0,-150.76948554,0.7746539,-151.54413945,-151.08852885,6124.048902,4381.077624,288.14063
3251,2022-12-01,2022,2,61,0,1,-72.7174045,0.7746539,-73.4920584,-73.0364478,6051.331498,4307.585566,0.01243994
3252,2022-12-02,2022,2,61,0,0,52.97144937,0.7746539,52.19679547,52.65240607,6104.302947,4359.782361,44.55656128
3253,2022-12-05,2022,2,61,0,0,-46.69760929,0.7746539,-47.47226319,-47.01665259,6057.605338,4312.310098,-248.4808183
3254,2022-12-06,2022,2,58,0,3,13.77385729,0.7746539,12.99920339,13.45481399,6071.379195,4325.309301,-143.9916476
3255,2022-12-07,2022,2,58,1,1,-24.17141841,0.7746539,-24.94607231,-24.49046171,6047.207777,4300.363229,-47.44473274
3256,2022-12-08,2022,2,58,0,0,-118.5432257,0.7746539,-119.3178796,-118.862269,5928.664551,4181.045349,76.62845695
3257,2022-12-09,2022,2,58,1,1,-102.50425883,0.7746539,-103.27891273,-102.82330213,5826.160292,4077.766437,-85.54016538
3258,2022-12-12,2022,2,58,0,0,85.03197837,0.7746539,84.25732447,84.71293507,5911.192271,4162.023761,128.02737793
3259,2022-12-13,2022,2,58,0,0,20.6292213,0.7746539,19.8545674,20.310178,5931.821492,4181.878328,87.59514648
3260,2022-12-14,2022,2,57,0,1,-7.85220076,0.7746539,-8.62685466,-8.17124407,5923.969291,4173.251474,-46.29062071
3261,2022-12-15,2022,2,57,0,0,120.06896999,0.7746539,119.29431609,119.74992669,6044.038261,4292.54579,-241.04467213
3262,2022-12-16,2022,2,57,0,0,-11.90491953,0.7746539,-12.67957343,-12.22396283,6032.133342,4279.866216,-92.54745352
3263,2022-12-19,2022,2,57,0,0,87.66259918,0.7746539,86.88794528,87.34355588,6119.795941,4366.754162,-151.88577702
3264,2022-12-20,2022,2,56,0,1,101.7132226,0.7746539,100.9385687,101.3941793,6221.509163,4467.69273,56.59455097
3265,2022-12-21,2022,2,57,2,1,15.24790417,0.7746539,14.47325026,14.92886086,6236.757068,4482.165981,167.33192903
3266,2022-12-22,2022,2,57,0,0,-60.95020281,0.7746539,-61.72485671,-61.26924611,6175.806865,4420.441124,-124.15826465
3267,2022-12-23,2022,2,56,0,1,141.32256211,0.7746539,140.54790821,141.00351881,6317.129427,4560.989032,46.39762731
3268,2022-12-27,2022,2,55,0,1,10.99322676,0.7746539,10.21857286,10.67418346,6328.122654,4571.207605,-43.42913578
3269,2022-12-28,2022,2,54,0,1,-94.5664036,0.7746539,-95.3410575,-94.8854469,6233.55625,4475.866548,-157.05548827
3270,2022-12-29,2022,2,55,1,0,-130.08125183,0.7746539,-130.85590573,-130.40029513,6103.474998,4345.010642,251.86612606
3271,2022-12-30,2022,2,55,0,0,27.9659037,0.7746539,27.1912498,27.6468604,6131.440902,4372.201892,-17.25342063
3272,2023-01-03,2023,2,56,1,0,-284.96622679,0.7746539,-285.74088069,-285.28527009,5846.474675,4086.461011,-42.78509784
3273,2023-01-04,2023,2,56,0,0,-105.1828589,0.7746539,-105.9575128,-105.5019022,5741.291816,3980.503498,172.78339751
3274,2023-01-05,2023,2,56,0,0,113.85506681,0.7746539,113.08041291,113.53602351,5855.146883,4093.583911,-81.17900429
3275,2023-01-06,2023,2,57,1,0,2.72321461,0.7746539,1.94856071,2.40417131,5857.870098,4095.532472,216.13600317
3276,2023-01-09,2023,2,57,0,0,91.61129792,0.7746539,90.83664402,91.29225462,5949.481396,4186.369116,15.92264329
3277,2023-01-10,2023,2,57,1,1,-86.3742333,0.7746539,-87.1488872,-86.6932766,5863.107162,4099.220229,113.2691534
3278,2023-01-11,2023,2,58,2,1,-70.63126455,0.7746539,-71.40591845,-70.95030785,5792.475898,4027.81431,121.32409517
3279,2023-01-12,2023,2,59,1,0,46.34373439,0.7746539,45.56908049,46.02469109,5838.819632,4073.383391,125.20197713
3280,2023-01-13,2023,2,59,1,1,-5.60688376,0.7746539,-6.38153766,-5.92592706,5833.212748,4067.001853,37.11085563
3281,2023-01-17,2023,2,59,0,0,-3.38552613,0.7746539,-4.16018003,-3.70456943,5829.827222,4062.841673,-15.52445675
3282,2023-01-18,2023,2,60,1,0,-32.75070577,0.7746539,-33.52535967,-33.06974907,5797.076517,4029.316313,-145.26575995
3283,2023-01-19,2023,2,60,2,2,42.42496783,0.7746539,41.65031393,42.10592453,5839.501484,4070.966627,-79.96690067
3284,2023-01-20,2023,2,60,1,1,-69.79948171,0.7746539,-70.57413562,-70.11852502,5769.702003,4000.392492,181.91809826
3285,2023-01-23,2023,2,61,2,1,-72.91477444,0.7746539,-73.68942834,-73.23381774,5696.787228,3926.703063,137.89715411
3286,2023-01-24,2023,2,61,0,0,20.99115942,0.7746539,20.21650552,20.67211612,5717.778388,3946.919569,-24.749789
3287,2023-01-25,2023,2,62,1,0,8.36205689,0.7746539,7.58740299,8.04301359,5726.140444,3954.506972,27.87596635
3288,2023-01-26,2023,2,63,1,0,8.67089161,0.7746539,7.89623771,8.35184831,5734.811336,3962.403209,89.72041299
3289,2023-01-27,2023,2,63,0,0,-110.33971808,0.7746539,-111.11437199,-110.65876139,5624.471618,3851.288837,51.59152803
3290,2023-01-30,2023,2,64,1,0,19.65163649,0.7746539,18.87698259,19.33259319,5644.123255,3870.16582,-126.2980434
3291,2023-01-31,2023,2,64,1,1,-48.02128501,0.7746539,-48.79593891,-48.34032831,5596.101969,3821.369881,213.84630424
3292,2023-02-01,2023,2,63,0,1,-145.95193269,0.7746539,-146.72658659,-146.27097599,5450.150037,3674.643294,149.0576239
3293,2023-02-02,2023,2,63,0,0,-243.89399675,0.7746539,-244.66865065,-244.21304005,5206.25604,3429.974644,151.05353414
3294,2023-02-03,2023,2,63,2,2,94.37443384,0.7746539,93.59977994,94.05539054,5300.630474,3523.574424,-108.27150048
3295,2023-02-06,2023,2,63,1,1,73.15449424,0.7746539,72.37984034,72.83545094,5373.784968,3595.954264,-114.93358193
3296,2023-02-07,2023,2,63,2,2,18.43577427,0.7746539,17.66112037,18.11673097,5392.220742,3613.615384,82.28802689
3297,2023-02-08,2023,2,62,0,1,35.06509603,0.7746539,34.29044213,34.74605273,5427.285838,3647.905827,-117.4253652
3298,2023-02-09,2023,2,61,1,2,-0.23770942,0.7746539,-1.01236332,-0.55675272,5427.048129,3646.893463,-117.69403352
3299,2023-02-10,2023,2,60,0,1,159.85254148,0.7746539,159.07788758,159.53349818,5586.90067,3805.971351,10.96950257
3300,2023-02-13,2023,2,60,1,1,-44.26752582,0.7746539,-45.04217972,-44.58656912,5542.633145,3760.929171,113.51404542
3301,2023-02-14,2023,2,60,1,1,-8.1009245,0.7746539,-8.87557841,-8.41996781,5534.53222,3752.053593,12.92738526
3302,2023-02-15,2023,2,59,2,3,-80.09539257,0.7746539,-80.87004648,-80.41443588,5454.436828,3671.183546,84.67914896
3303,2023-02-16,2023,2,60,1,0,42.81265381,0.7746539,42.03799991,42.49361051,5497.249481,3713.221546,-94.88487281
3304,2023-02-17,2023,2,60,2,2,-69.52516841,0.7746539,-70.29982231,-69.84421171,5427.724313,3642.921724,-16.56436729
3305,2023-02-21,2023,2,58,0,2,94.26737743,0.7746539,93.49272353,93.94833413,5521.99169,3736.414447,-249.81896924
3306,2023-02-22,2023,2,58,1,1,-81.34766569,0.7746539,-82.12231959,-81.66670899,5440.644025,3654.292128,1.66745867
3307,2023-02-23,2023,2,58,0,0,86.42886476,0.7746539,85.65421086,86.10982146,5527.07289,3739.946339,49.08906437
3308,2023-02-24,2023,2,60,2,0,87.26420376,0.7746539,86.48954986,86.94516046,5614.337093,3826.435889,-96.61737193
3309,2023-02-27,2023,2,61,3,2,50.9284421,0.7746539,50.1537882,50.6093988,5665.265535,3876.589677,23.36720072
3310,2023-02-28,2023,2,62,1,0,-20.74149133,0.7746539,-21.51614524,-21.06053464,5644.524044,3855.073531,-10.93347039
3311,2023-03-01,2023,2,63,1,0,113.16950005,0.7746539,112.39484615,112.85045675,5757.693544,3967.468378,-2.42074019
3312,2023-03-02,2023,2,60,0,3,-35.6019608,0.7746539,-36.37661471,-35.92100411,5722.091583,3931.091763,59.63830564
3313,2023-03-03,2023,2,60,2,2,-51.7472406,0.7746539,-52.5218945,-52.0662839,5670.344343,3878.569868,153.12903076
3314,2023-03-06,2023,2,59,0,1,-2.41626611,0.7746539,-3.19092002,-2.73530942,5667.928077,3875.378948,-108.36776986
3315,2023-03-07,2023,2,56,1,4,55.73980821,0.7746539,54.96515431,55.42076491,5723.667885,3930.344103,-134.84275056
3316,2023-03-08,2023,2,52,0,4,-47.09716942,0.7746539,-47.87182332,-47.41621272,5676.570715,3882.472279,19.49943295
3317,2023-03-09,2023,2,56,5,1,16.44240661,0.7746539,15.66775271,16.12336331,5693.013122,3898.140032,-254.30150713
3318,2023-03-10,2023,2,53,1,4,-52.48482858,0.7746539,-53.25948248,-52.80387188,5640.528293,3844.88055,-263.6590512
3319,2023-03-13,2023,2,52,0,1,-84.89616416,0.7746539,-85.67081806,-85.21520746,5555.632129,3759.209732,-109.67732848
3320,2023-03-14,2023,2,53,2,1,38.41855477,0.7746539,37.64390087,38.09951147,5594.050684,3796.853632,158.84304711
3321,2023-03-15,2023,2,56,3,0,-134.10444045,0.7746539,-134.87909436,-134.42348376,5459.946244,3661.974538,-175.71523739
3322,2023-03-16,2023,2,55,0,1,12.97652333,0.7746539,12.20186942,12.65748002,5472.922767,3674.176407,131.49403548
3323,2023-03-17,2023,2,57,2,0,-16.90576065,0.7746539,-17.68041455,-17.22480396,5456.017006,3656.495993,-201.86834701
3324,2023-03-20,2023,2,57,1,1,41.07422681,0.7746539,40.29957291,40.75518351,5497.091233,3696.795566,103.32093418
3325,2023-03-21,2023,2,58,1,0,7.81295961,0.7746539,7.03830571,7.49391631,5504.904193,3703.833872,179.29403604
3326,2023-03-22,2023,2,59,1,0,-20.43009067,0.7746539,-21.20474457,-20.74913397,5484.474102,3682.629127,-234.74609747
3327,2023-03-23,2023,2,59,1,1,9.08692694,0.7746539,8.31227304,8.76788364,5493.561029,3690.9414,-29.28404162
3328,2023-03-24,2023,2,58,0,1,-46.48938224,0.7746539,-47.26403614,-46.80842554,5447.071647,3643.677364,65.22249355
3329,2023-03-27,2023,2,58,0,0,77.222624,0.7746539,76.4479701,76.9035807,5524.294271,3720.125334,86.943672
3330,2023-03-28,2023,2,59,2,1,21.87943506,0.7746539,21.10478115,21.56039175,5546.173706,3741.230115,15.24831471
3331,2023-03-29,2023,2,59,0,0,-42.03683527,0.7746539,-42.81148917,-42.35587857,5504.13687,3698.418626,137.71942979
3332,2023-03-30,2023,2,58,0,1,-66.31151705,0.7746539,-67.08617095,-66.63056035,5437.825353,3631.332455,32.12305579
3333,2023-03-31,2023,2,59,1,0,-30.94651367,0.7746539,-31.72116757,-31.26555697,5406.87884,3599.611287,185.97244186
3334,2023-04-03,2023,2,57,0,2,119.6317425,0.7746539,118.8570886,119.3126992,5526.510582,3718.468376,12.86545437
3335,2023-04-04,2023,2,59,2,0,-118.57829773,0.7746539,-119.35295163,-118.89734103,5407.932285,3599.115424,-134.94477176
3336,2023-04-05,2023,2,59,0,0,25.56701374,0.7746539,24.79235984,25.24797044,5433.499298,3623.907784,-78.99952262
3337,2023-04-06,2023,2,60,1,0,-55.00924659,0.7746539,-55.78390049,-55.32828989,5378.490052,3568.123884,22.70356325
3338,2023-04-10,2023,2,60,0,0,42.50356034,0.7746539,41.72890644,42.18451704,5420.993612,3609.85279,86.51531894
3339,2023-04-11,2023,2,65,5,0,-10.79470003,0.7746539,-11.56935393,-11.11374333,5410.198912,3598.283436,89.10399153
3340,2023-04-12,2023,2,63,0,2,76.03034424,0.7746539,75.25569034,75.71130094,5486.229256,3673.539127,-53.28556566
3341,2023-04-13,2023,2,61,1,3,-51.8891227,0.7746539,-52.66377661,-52.20816601,5434.340134,3620.87535,105.06620711
3342,2023-04-14,2023,2,61,1,1,40.85606674,0.7746539,40.08141283,40.53702343,5475.1962,3660.956763,-71.39585823
3343,2023-04-17,2023,2,58,1,4,17.34418582,0.7746539,16.56953192,17.02514252,5492.540386,3677.526295,80.48274472
3344,2023-04-18,2023,2,58,0,0,54.64742279,0.7746539,53.87276889,54.32837949,5547.187809,3731.399064,-16.0597333
3345,2023-04-19,2023,2,60,3,1,-35.1979759,0.7746539,-35.97262981,-35.51701921,5511.989833,3695.426434,-3.6144244
3346,2023-04-20,2023,2,60,0,0,72.57196908,0.7746539,71.79731517,72.25292577,5584.561802,3767.223749,-65.97891869
3347,2023-04-21,2023,2,59,0,1,-10.57571163,0.7746539,-11.35036553,-10.89475493,5573.98609,3755.873383,0.58019697
3348,2023-04-24,2023,2,60,1,0,12.19205427,0.7746539,11.41740037,11.87301097,5586.178145,3767.290784,-2.29357501
3349,2023-04-25,2023,2,62,2,0,26.93407008,0.7746539,26.15941618,26.61502678,5613.112215,3793.4502,-225.55113213
3350,2023-04-26,2023,2,63,1,0,-22.31414163,0.7746539,-23.08879554,-22.63318494,5590.798073,3770.361405,-74.47833159
3351,2023-04-27,2023,2,63,1,1,-51.33914543,0.7746539,-52.11379934,-51.65818874,5539.458928,3718.247605,136.42590389
3352,2023-04-28,2023,2,64,1,0,-6.03701725,0.7746539,-6.81167115,-6.35606055,5533.42191,3711.435934,107.66912873
3353,2023-05-01,2023,2,65,1,0,69.39456761,0.7746539,68.61991371,69.07552431,5602.816478,3780.055848,-3.75942966
3354,2023-05-02,2023,2,66,1,0,47.9253264,0.7746539,47.1506725,47.6062831,5650.741804,3827.20652,-191.39243633
3355,2023-05-03,2023,2,66,1,1,55.60598253,0.7746539,54.83132863,55.28693923,5706.347787,3882.037849,-4.23835242
3356,2023-05-04,2023,2,67,2,1,-62.7021229,0.7746539,-63.4767768,-63.0211662,5643.645664,3818.561072,-98.29644032
3357,2023-05-05,2023,2,67,1,1,-19.14539848,0.7746539,-19.92005238,-19.46444178,5624.500266,3798.64102,223.34376528
3358,2023-05-08,2023,2,66,1,2,-7.00528107,0.7746539,-7.77993497,-7.32432437,5617.494985,3790.861085,0.12572194
3359,2023-05-09,2023,2,68,2,0,7.6224091,0.7746539,6.84775519,7.30336579,5625.117394,3797.70884,-40.29147994
3360,2023-05-10,2023,2,68,1,1,-54.08992844,0.7746539,-54.86458234,-54.40897174,5571.027465,3742.844258,23.04338125
3361,2023-05-11,2023,2,68,2,2,59.0734277,0.7746539,58.29877379,58.75438439,5630.100893,3801.143031,-58.59216337
3362,2023-05-12,2023,2,68,1,1,7.02893527,0.7746539,6.25428137,6.70989197,5637.129828,3807.397313,-26.05835914
3363,2023-05-15,2023,2,67,2,3,-82.24260256,0.7746539,-83.01725646,-82.56164586,5554.887226,3724.380056,118.39029896
3364,2023-05-16,2023,2,69,2,0,30.57203675,0.7746539,29.79738285,30.25299345,5585.459262,3754.177439,-152.53755207
3365,2023-05-17,2023,2,68,0,1,-76.58903455,0.7746539,-77.36368846,-76.90807786,5508.870228,3676.813751,180.4700481
3366,2023-05-18,2023,2,69,1,0,-16.01707743,0.7746539,-16.79173133,-16.33612073,5492.85315,3660.022019,67.94607529
3367,2023-05-19,2023,2,68,0,1,-4.78064137,0.7746539,-5.55529527,-5.09968468,5488.072509,3654.466724,-46.93100844
3368,2023-05-22,2023,2,68,0,0,-80.12840549,0.7746539,-80.90305939,-80.44744879,5407.944103,3573.563665,80.10034458
3369,2023-05-23,2023,2,67,0,1,-72.86070711,0.7746539,-73.63536102,-73.17975042,5335.083396,3499.928304,-75.83779104
3370,2023-05-24,2023,2,65,1,3,47.85140882,0.7746539,47.07675492,47.53236552,5382.934805,3547.005059,-119.58402698
3371,2023-05-25,2023,2,65,0,0,86.0827197,0.7746539,85.3080658,85.76367639,5469.017525,3632.313124,-57.77866526
3372,2023-05-26,2023,2,65,0,0,-20.71055953,0.7746539,-21.48521343,-21.02960283,5448.306965,3610.827911,100.72446059
3373,2023-05-30,2023,2,64,0,1,-23.1486439,0.7746539,-23.9232978,-23.4676872,5425.158321,3586.904613,-25.25748874
3374,2023-05-31,2023,2,64,0,0,-32.1249178,0.7746539,-32.8995717,-32.4439611,5393.033404,3554.005041,-86.82519239
3375,2023-06-01,2023,2,65,1,0,11.51792917,0.7746539,10.74327526,11.19888586,5404.551333,3564.748317,103.51936497
3376,2023-06-02,2023,2,67,3,1,24.76170492,0.7746539,23.98705102,24.44266162,5429.313038,3588.735368,294.96651394
3377,2023-06-05,2023,2,66,1,2,19.93398609,0.7746539,19.15933219,19.61494279,5449.247024,3607.8947,-69.00678412
3378,2023-06-06,2023,2,67,3,2,-6.30885475,0.7746539,-7.08350865,-6.62789805,5442.938169,3600.811191,176.64774846
3379,2023-06-07,2023,2,66,0,1,-27.52950201,0.7746539,-28.30415591,-27.84854531,5415.408667,3572.507035,122.74249936
3380,2023-06-08,2023,2,66,0,0,15.17928808,0.7746539,14.40463418,14.86024478,5430.587955,3586.911669,-0.5879683
3381,2023-06-09,2023,2,66,0,0,2.9934668,0.7746539,2.2188129,2.6744235,5433.581422,3589.130482,-45.3275869
3382,2023-06-12,2023,2,65,0,1,-27.66467123,0.7746539,-28.43932513,-27.98371453,5405.916751,3560.691157,64.65649372
3383,2023-06-13,2023,2,67,3,1,-41.30362747,0.7746539,-42.07828138,-41.62267078,5364.613123,3518.612876,119.29244931
3384,2023-06-14,2023,2,67,0,0,8.66945026,0.7746539,7.89479636,8.35040696,5373.282574,3526.507672,-62.8049127
3385,2023-06-15,2023,2,68,1,0,-119.56233257,0.7746539,-120.33698647,-119.88137587,5253.720241,3406.170686,96.57389476
3386,2023-06-16,2023,2,66,0,2,-8.53977908,0.7746539,-9.31443298,-8.85882238,5245.180462,3396.856253,-37.36738362
3387,2023-06-20,2023,2,66,1,1,79.33512665,0.7746539,78.56047275,79.01608335,5324.515589,3475.416726,-90.76651166
3388,2023-06-21,2023,2,65,2,3,64.7923767,0.7746539,64.0177228,64.4733334,5389.307965,3539.434448,-29.0961631
3389,2023-06-22,2023,2,64,0,1,17.25832035,0.7746539,16.48366645,16.93927705,5406.566286,3555.918115,-59.73521018
3390,2023-06-23,2023,2,63,0,1,30.14534105,0.7746539,29.37068715,29.82629775,5436.711627,3585.288802,-125.53821343
3391,2023-06-26,2023,2,63,0,0,-204.98119794,0.7746539,-205.75585184,-205.30024124,5231.730429,3379.53295,34.24784452
3392,2023-06-27,2023,2,64,2,1,-31.80363884,0.7746539,-32.57829274,-32.12268214,5199.92679,3346.954657,137.75302452
3393,2023-06-28,2023,2,61,0,3,12.70316192,0.7746539,11.92850802,12.38411862,5212.629952,3358.883165,16.36429781
3394,2023-06-29,2023,2,61,0,0,-41.71353897,0.7746539,-42.48819287,-42.03258227,5170.916413,3316.394973,90.42003667
3395,2023-06-30,2023,2,61,1,1,64.50821141,0.7746539,63.73355751,64.18916811,5235.424624,3380.12853,63.75573303
3396,2023-07-03,2023,2,62,1,0,-30.81988146,0.7746539,-31.59453536,-31.13892476,5204.604743,3348.533995,52.48266118
3397,2023-07-05,2023,2,59,0,3,8.4508565,0.7746539,7.6762026,8.1318132,5213.055599,3356.210197,-81.34044454
3398,2023-07-06,2023,2,60,2,1,-54.56165815,0.7746539,-55.33631205,-54.88070145,5158.493941,3300.873885,-126.09450495
3399,2023-07-07,2023,2,59,1,2,8.24088565,0.7746539,7.46623175,7.92184235,5166.734827,3308.340117,93.05260816
3400,2023-07-10,2023,2,60,1,0,82.2601429,0.7746539,81.48548899,81.94109959,5248.99497,3389.825606,116.4570381
3401,2023-07-11,2023,2,61,1,0,-44.3129911,0.7746539,-45.08764501,-44.63203441,5204.681979,3344.737961,118.93032896
3402,2023-07-12,2023,2,61,1,1,17.73386669,0.7746539,16.95921279,17.41482339,5222.415845,3361.697174,88.81804621
3403,2023-07-13,2023,2,62,1,0,-16.29611874,0.7746539,-17.07077264,-16.61516204,5206.119726,3344.626401,71.68898194
3404,2023-07-14,2023,2,63,1,0,56.63842097,0.7746539,55.86376707,56.31937767,5262.758147,3400.490168,-95.43944709
3405,2023-07-17,2023,2,62,0,1,24.92058099,0.7746539,24.14592709,24.60153769,5287.678728,3424.636095,64.88942797
3406,2023-07-18,2023,2,63,1,0,-62.24984296,0.7746539,-63.02449687,-62.56888627,5225.428885,3361.611598,95.04495963
3407,2023-07-19,2023,2,63,0,0,-91.26078585,0.7746539,-92.03543975,-91.57982915,5134.1681,3269.576159,62.02461184
3408,2023-07-20,2023,2,64,1,0,-46.64654017,0.7746539,-47.42119407,-46.96558347,5087.521559,3222.154965,-56.43388954
3409,2023-07-21,2023,2,64,0,0,-15.57018452,0.7746539,-16.34483842,-15.88922782,5071.951375,3205.810126,-3.66729057
3410,2023-07-24,2023,2,62,0,2,-6.65074103,0.7746539,-7.42539493,-6.96978433,5065.300634,3198.384731,21.41554572
3411,2023-07-25,2023,2,61,0,1,19.79053699,0.7746539,19.01588309,19.47149369,5085.091171,3217.400614,13.6819775
3412,2023-07-26,2023,2,62,1,0,-89.14550855,0.7746539,-89.92016245,-89.46455185,4995.945662,3127.480452,49.53016969
3413,2023-07-27,2023,2,62,0,0,5.30930081,0.7746539,4.53464691,4.99025751,5001.254963,3132.015099,-125.2014367
3414,2023-07-28,2023,2,63,1,0,77.02837913,0.7746539,76.25372523,76.70933583,5078.283342,3208.268824,110.73779209
3415,2023-07-31,2023,2,63,0,0,1.56936066,0.7746539,0.79470675,1.25031735,5079.852703,3209.063531,66.95250496
3416,2023-08-01,2023,2,63,0,0,21.17921516,0.7746539,20.40456126,20.86017186,5101.031918,3229.468092,-46.94364974
3417,2023-08-02,2023,2,62,0,1,-26.09845183,0.7746539,-26.87310573,-26.41749513,5074.933466,3202.594986,-147.90864195
3418,2023-08-03,2023,2,62,0,0,-63.82479037,0.7746539,-64.59944427,-64.14383367,5011.108676,3137.995542,-40.93183664
3419,2023-08-04,2023,2,61,0,1,166.43424475,0.7746539,165.65959085,166.11520145,5177.542921,3303.655133,-16.27182007
3420,2023-08-07,2023,2,62,1,0,-89.91473779,0.7746539,-90.68939169,-90.23378109,5087.628183,3212.965741,18.79416012
3421,2023-08-08,2023,2,63,2,1,16.40272202,0.7746539,15.62806812,16.08367872,5104.030905,3228.593809,-65.29187123
3422,2023-08-09,2023,2,61,0,2,-31.0085862,0.7746539,-31.78324011,-31.32762951,5073.022319,3196.810569,-40.58434726
3423,2023-08-10,2023,2,59,0,2,-28.90202606,0.7746539,-29.67667996,-29.22106936,5044.120293,3167.133889,-19.50868599
3424,2023-08-11,2023,2,59,1,1,-61.16437312,0.7746539,-61.93902702,-61.48341642,4982.95592,3105.194862,-2.81442496
3425,2023-08-14,2023,2,57,0,2,86.75407242,0.7746539,85.97941852,86.43502912,5069.709992,3191.174281,-9.69631203
3426,2023-08-15,2023,2,57,0,0,76.18175698,0.7746539,75.40710308,75.86271368,5145.891749,3266.581384,-140.2716568
3427,2023-08-16,2023,2,58,1,0,-20.28100903,0.7746539,-21.05566293,-20.60005233,5125.61074,3245.525721,-91.14422205
3428,2023-08-17,2023,2,58,0,0,-109.24937126,0.7746539,-110.02402516,-109.56841456,5016.361369,3135.501696,-95.9842773
3429,2023-08-18,2023,2,57,0,1,25.23226869,0.7746539,24.45761478,24.91322538,5041.593637,3159.95931,35.03179824
3430,2023-08-21,2023,2,57,1,1,45.16817051,0.7746539,44.39351661,44.84912721,5086.761808,3204.352827,7.52772014
3431,2023-08-22,2023,2,57,0,0,45.25879731,0.7746539,44.48414341,44.93975401,5132.020605,3248.83697,-18.1153933
3432,2023-08-23,2023,2,57,0,0,85.17954054,0.7746539,84.40488664,84.86049724,5217.200146,3333.241857,108.92183756
3433,2023-08-24,2023,2,58,1,0,-83.46065903,0.7746539,-84.23531293,-83.77970233,5133.739487,3249.006544,-112.88360821
3434,2023-08-25,2023,2,58,0,0,-20.20496941,0.7746539,-20.97962331,-20.52401271,5113.534517,3228.026921,42.46541442
3435,2023-08-28,2023,2,57,0,1,6.47534545,0.7746539,5.70069155,6.15630215,5120.009863,3233.727612,88.64395518
3436,2023-08-29,2023,2,56,0,1,72.21685637,0.7746539,71.44220247,71.89781307,5192.226719,3305.169815,139.22119288
3437,2023-08-30,2023,2,57,1,0,59.86155776,0.7746539,59.08690386,59.54251446,5252.088277,3364.256719,38.40273198
3438,2023-08-31,2023,2,57,0,0,-16.97877579,0.7746539,-17.75342969,-17.29781909,5235.109501,3346.503289,-17.32536625
3439,2023-09-01,2023,2,58,1,0,18.1264884,0.7746539,17.3518345,17.8074451,5253.235989,3363.855124,83.60639173
3440,2023-09-05,2023,2,58,0,0,-60.81470745,0.7746539,-61.58936135,-61.13375076,5192.421282,3302.265762,-169.96231511
3441,2023-09-06,2023,2,58,0,0,47.54212061,0.7746539,46.76746671,47.22307731,5239.963403,3349.033229,-36.92192952
3442,2023-09-07,2023,2,59,1,0,34.51247667,0.7746539,33.73782276,34.19343336,5274.475879,3382.771052,-83.02311967
3443,2023-09-08,2023,2,57,0,2,-22.12910509,0.7746539,-22.90375899,-22.44814839,5252.346774,3359.867293,-15.04372998
3444,2023-09-11,2023,2,56,0,1,27.48965334,0.7746539,26.71499944,27.17061004,5279.836428,3386.582292,30.46052682
3445,2023-09-12,2023,2,54,0,2,-61.82843389,0.7746539,-62.60308779,-62.14747719,5218.007994,3323.979204,-15.13235128
3446,2023-09-13,2023,2,54,0,0,-54.95379405,0.7746539,-55.72844795,-55.27283735,5163.0542,3268.250756,-61.09211674
3447,2023-09-14,2023,2,53,0,1,23.54685289,0.7746539,22.77219899,23.22780959,5186.601052,3291.022955,126.62605261
3448,2023-09-15,2023,2,53,0,0,-79.38093124,0.7746539,-80.15558514,-79.69997454,5107.220121,3210.86737,-80.75950632
3449,2023-09-18,2023,2,52,0,1,40.99084494,0.7746539,40.21619103,40.67180163,5148.210966,3251.083561,-47.12206809
3450,2023-09-19,2023,2,52,0,0,-28.35511858,0.7746539,-29.12977248,-28.67416188,5119.855848,3221.953789,-27.80467366
3451,2023-09-20,2023,2,53,1,0,-25.92252918,0.7746539,-26.69718308,-26.24157248,5093.933318,3195.256606,-68.19140842
3452,2023-09-21,2023,2,53,0,0,-45.24574401,0.7746539,-46.02039791,-45.56478731,5048.687574,3149.236208,-171.16284101
3453,2023-09-22,2023,2,53,0,0,-19.54258224,0.7746539,-20.31723614,-19.86162554,5029.144992,3128.918972,-28.38297069
3454,2023-09-25,2023,2,53,0,0,-47.31707459,0.7746539,-48.09172849,-47.63611789,4981.827918,3080.827243,16.05491413
3455,2023-09-26,2023,2,53,1,1,16.30185744,0.7746539,15.52720354,15.98281414,4998.129775,3096.354447,-133.42243504
3456,2023-09-27,2023,2,53,0,0,120.18380699,0.7746539,119.40915308,119.86476368,5118.313582,3215.7636,51.80259048
3457,2023-09-28,2023,2,52,1,2,33.42154927,0.7746539,32.64689537,33.10250597,5151.735131,3248.410495,86.56935112
3458,2023-09-29,2023,2,53,1,0,-106.73046694,0.7746539,-107.50512084,-107.04951024,5045.004664,3140.905374,-14.86294453
3459,2023-10-02,2023,2,53,0,0,18.98898084,0.7746539,18.21432693,18.66993753,5063.993645,3159.119701,-134.30242087
3460,2023-10-03,2023,2,52,0,1,-73.00436687,0.7746539,-73.77902077,-73.32341017,4990.989278,3085.34068,-164.06500195
3461,2023-10-04,2023,2,52,0,0,-24.54796557,0.7746539,-25.32261947,-24.86700887,4966.441313,3060.018061,33.55876838
3462,2023-10-05,2023,2,51,0,1,5.22761696,0.7746539,4.45296306,4.90857366,4971.66893,3064.471024,-15.66998223
3463,2023-10-06,2023,2,51,0,0,26.42905494,0.7746539,25.65440104,26.11001164,4998.097985,3090.125425,94.1457242
3464,2023-10-09,2023,2,52,1,0,-19.52412323,0.7746539,-20.29877713,-19.84316653,4978.573861,3069.826648,64.40284279
3465,2023-10-10,2023,2,52,0,0,7.67275678,0.7746539,6.89810288,7.35371348,4986.246618,3076.724751,107.28640272
3466,2023-10-11,2023,2,54,2,0,80.72649072,0.7746539,79.95183682,80.40744742,5066.973109,3156.676588,6.93970566
3467,2023-10-12,2023,2,53,0,1,-60.65525261,0.7746539,-61.42990651,-60.97429591,5006.317856,3095.246681,-187.22041535
3468,2023-10-13,2023,2,53,0,0,-92.31352065,0.7746539,-93.08817455,-92.63256395,4914.004336,3002.158507,-56.72753518
3469,2023-10-16,2023,2,53,0,0,2.96600571,0.7746539,2.19135181,2.64696241,4916.970341,3004.349858,156.16160692
3470,2023-10-17,2023,2,54,1,0,-17.26453104,0.7746539,-18.03918494,-17.58357434,4899.70581,2986.310673,85.03683485
3471,2023-10-18,2023,2,54,0,0,-63.68905529,0.7746539,-64.46370919,-64.00809859,4836.016755,2921.846964,-200.22655458
3472,2023-10-19,2023,2,54,0,0,-41.85232633,0.7746539,-42.62698023,-42.17136963,4794.164429,2879.219984,-125.74598096
3473,2023-10-20,2023,2,54,0,0,-12.57626476,0.7746539,-13.35091866,-12.89530806,4781.588164,2865.869065,-119.20495664
3474,2023-10-23,2023,2,54,1,1,62.88282888,0.7746539,62.10817498,62.56378558,4844.470993,2927.97724,-73.41665897
3475,2023-10-24,2023,2,54,1,1,88.68139139,0.7746539,87.90673749,88.36234809,4933.152384,3015.883978,84.71782275
3476,2023-10-25,2023,2,53,1,2,-18.56350829,0.7746539,-19.33816219,-18.88255159,4914.588876,2996.545816,-162.35131855
3477,2023-10-26,2023,2,54,1,0,-62.12982274,0.7746539,-62.90447664,-62.44886604,4852.459053,2933.641339,8.60962079
3478,2023-10-27,2023,2,53,1,2,60.17976202,0.7746539,59.40510812,59.86071872,4912.638815,2993.046447,-125.31622539
3479,2023-10-30,2023,2,54,1,0,-31.54959954,0.7746539,-32.32425344,-31.86864284,4881.089216,2960.722194,83.05200506
3480,2023-10-31,2023,2,57,3,0,9.74691964,0.7746539,8.97226574,9.42787634,4890.836135,2969.694459,78.3253951
3481,2023-11-01,2023,2,57,1,1,141.97470574,0.7746539,141.20005184,141.65566244,5032.810841,3110.894511,38.00367963
3482,2023-11-02,2023,2,58,1,0,21.04177267,0.7746539,20.26711877,20.72272937,5053.852614,3131.16163,275.46007175
3483,2023-11-03,2023,2,58,1,1,8.70003704,0.7746539,7.92538314,8.38099374,5062.552651,3139.087013,238.9815195
3484,2023-11-06,2023,2,58,1,1,42.94785742,0.7746539,42.17320352,42.62881412,5105.500508,3181.260217,-106.60745922
3485,2023-11-07,2023,2,60,2,0,40.98746599,0.7746539,40.21281209,40.66842269,5146.487974,3221.473029,-4.62092736
3486,2023-11-08,2023,2,61,1,0,77.83537602,0.7746539,77.06072212,77.51633272,5224.32335,3298.533751,-79.01067859
3487,2023-11-09,2023,2,61,1,1,44.07436326,0.7746539,43.29970936,43.75531996,5268.397713,3341.83346,-137.92912589
3488,2023-11-10,2023,2,60,0,1,10.87034006,0.7746539,10.09568616,10.55129676,5279.268053,3351.929146,90.71789943
3489,2023-11-13,2023,2,60,1,1,28.8153443,0.7746539,28.0406904,28.496301,5308.083398,3379.969837,-2.84425347
3490,2023-11-14,2023,2,59,0,1,21.33242172,0.7746539,20.55776781,21.01337841,5329.41582,3400.527605,435.15130126
3491,2023-11-15,2023,2,59,1,1,-74.47412327,0.7746539,-75.24877717,-74.79316657,5254.941696,3325.278828,57.6283506
3492,2023-11-16,2023,2,58,0,1,19.53296411,0.7746539,18.7583102,19.2139208,5274.47466,3344.037138,-101.86676404
3493,2023-11-17,2023,2,57,1,2,15.59949806,0.7746539,14.82484416,15.28045476,5290.074158,3358.861982,103.34902023
3494,2023-11-20,2023,2,57,0,0,59.2838548,0.7746539,58.5092009,58.9648115,5349.358013,3417.371183,61.00898182
3495,2023-11-21,2023,2,57,0,0,15.51904977,0.7746539,14.74439587,15.20000647,5364.877063,3432.115579,-87.1084421
3496,2023-11-22,2023,2,58,1,0,-24.34995041,0.7746539,-25.12460431,-24.66899371,5340.527113,3406.990974,55.45504346
3497,2023-11-24,2023,2,58,0,0,2.00410126,0.7746539,1.22944736,1.68505796,5342.531214,3408.220422,59.42726248
3498,2023-11-27,2023,2,58,0,0,60.57513877,0.7746539,59.80048487,60.25609547,5403.106353,3468.020907,-29.97039208
3499,2023-11-28,2023,2,60,2,0,-37.50421684,0.7746539,-38.27887074,-37.82326014,5365.602136,3429.742036,-9.77016121
3500,2023-11-29,2023,2,60,1,1,10.77790897,0.7746539,10.00325507,10.45886567,5376.380045,3439.745291,63.59294717
3501,2023-11-30,2023,2,60,0,0,96.6264127,0.7746539,95.85175879,96.30736939,5473.006457,3535.59705,48.46917945
3502,2023-12-01,2023,2,60,0,0,-15.55200031,0.7746539,-16.32665422,-15.87104362,5457.454457,3519.270395,237.24818002
3503,2023-12-04,2023,2,60,0,0,-39.20018727,0.7746539,-39.97484118,-39.51923058,5418.25427,3479.295554,48.27583167
3504,2023-12-05,2023,2,61,1,0,26.62818597,0.7746539,25.85353207,26.30914267,5444.882456,3505.149086,-127.10048163
3505,2023-12-06,2023,2,60,0,1,-73.84827385,0.7746539,-74.62292775,-74.16731715,5371.034182,3430.526159,-9.55336225
3506,2023-12-07,2023,2,61,1,0,23.6173805,0.7746539,22.8427266,23.2983372,5394.651562,3453.368885,77.35388107
3507,2023-12-08,2023,2,60,0,1,124.03612839,0.7746539,123.26147448,123.71708508,5518.687691,3576.63036,43.22561758
3508,2023-12-11,2023,2,61,1,0,-27.2935186,0.7746539,-28.0681725,-27.6125619,5491.394172,3548.562187,49.3891362
3509,2023-12-12,2023,2,61,1,1,28.57696225,0.7746539,27.80230835,28.25791895,5519.971135,3576.364496,-4.80171289
3510,2023-12-13,2023,2,61,0,0,-43.52380921,0.7746539,-44.29846311,-43.84285251,5476.447325,3532.066032,277.83681485
3511,2023-12-14,2023,2,60,0,1,-1.55230139,0.7746539,-2.32695529,-1.8713447,5474.895024,3529.739077,221.19289246
3512,2023-12-15,2023,2,61,1,0,34.74401705,0.7746539,33.96936315,34.42497375,5509.639041,3563.70844,-78.20313438
3513,2023-12-18,2023,2,64,3,0,105.72351821,0.7746539,104.94886431,105.40447491,5615.362559,3668.657305,14.02835874
3514,2023-12-19,2023,2,64,0,0,-26.78864432,0.7746539,-27.56329822,-27.10768762,5588.573915,3641.094006,149.45550153
3515,2023-12-20,2023,2,65,1,0,-2.96947183,0.7746539,-3.74412573,-3.28851513,5585.604443,3637.349881,-181.3305053
3516,2023-12-21,2023,2,65,0,0,4.88729557,0.7746539,4.11264167,4.56825227,5590.491739,3641.462522,154.83685099
3517,2023-12-22,2023,2,64,0,1,-59.27708733,0.7746539,-60.05174123,-59.59613063,5531.214651,3581.410781,52.02176852
3518,2023-12-26,2023,2,64,1,1,-11.75638612,0.7746539,-12.53104002,-12.07542942,5519.458265,3568.879741,86.44018609
3519,2023-12-27,2023,2,62,0,2,15.90726033,0.7746539,15.13260643,15.58821703,5535.365525,3584.012347,14.80547561
3520,2023-12-28,2023,2,61,0,1,-35.57793987,0.7746539,-36.35259377,-35.89698317,5499.787586,3547.659754,2.20047467
3521,2023-12-29,2023,2,62,1,0,-12.15165574,0.7746539,-12.92630965,-12.47069905,5487.63593,3534.733444,-93.25290767
3522,2024-01-02,2024,2,62,0,0,-139.83468341,0.7746539,-140.60933731,-140.15372671,5347.801246,3394.124107,-49.134696
3523,2024-01-03,2024,2,63,1,0,9.28500033,0.7746539,8.51034643,8.96595703,5357.086247,3402.634453,-218.07345001
3524,2024-01-04,2024,2,65,2,0,23.62181075,0.7746539,22.84715684,23.30276744,5380.708058,3425.48161,-8.89093942
3525,2024-01-05,2024,2,65,0,0,18.66466407,0.7746539,17.89001017,18.34562077,5399.372722,3443.37162,12.51356223
3526,2024-01-08,2024,2,65,1,1,11.33365348,0.7746539,10.55899958,11.01461018,5410.706375,3453.93062,155.39145389
3527,2024-01-09,2024,2,65,1,1,46.93975417,0.7746539,46.16510027,46.62071087,5457.646129,3500.09572,-69.99360418
3528,2024-01-10,2024,2,65,0,0,59.283038,0.7746539,58.5083841,58.9639947,5516.929167,3558.604104,13.59668566
3529,2024-01-11,2024,2,66,1,0,31.3771773,0.7746539,30.6025234,31.058134,5548.306345,3589.206628,-64.21426505
3530,2024-01-12,2024,2,67,1,0,-4.88306212,0.7746539,-5.65771602,-5.20210542,5543.423282,3583.548912,-21.74039873
3531,2024-01-16,2024,2,67,0,0,73.81428792,0.7746539,73.03963402,73.49524462,5617.23757,3656.588546,-105.60794419
3532,2024-01-17,2024,2,67,1,1,73.46560363,0.7746539,72.69094973,73.14656033,5690.703174,3729.279495,-90.34757727
3533,2024-01-18,2024,2,67,0,0,40.93336493,0.7746539,40.15871103,40.61432163,5731.636539,3769.438206,51.49831779
3534,2024-01-19,2024,2,65,0,2,99.61725843,0.7746539,98.84260453,99.29821513,5831.253797,3868.280811,71.6372782
3535,2024-01-22,2024,2,65,0,0,28.33745797,0.7746539,27.56280407,28.01841467,5859.591255,3895.843615,130.31236793
3536,2024-01-23,2024,2,65,1,1,-74.27967051,0.7746539,-75.05432441,-74.59871381,5785.311585,3820.78929,-3.80649497
3537,2024-01-24,2024,2,65,0,0,-34.10802277,0.7746539,-34.88267667,-34.42706607,5751.203562,3785.906614,-67.1958559
3538,2024-01-25,2024,2,64,1,2,-1.86793577,0.7746539,-2.64258967,-2.18697907,5749.335626,3783.264024,96.04344328
3539,2024-01-26,2024,2,64,0,0,-31.73210283,0.7746539,-32.50675673,-32.05114613,5717.603523,3750.757267,8.29466674
3540,2024-01-29,2024,2,64,0,0,59.0102874,0.7746539,58.2356335,58.6912441,5776.613811,3808.992901,117.49702396
3541,2024-01-30,2024,2,65,1,0,28.54494109,0.7746539,27.77028719,28.22589779,5805.158752,3836.763188,-54.25544641
3542,2024-01-31,2024,2,66,1,0,12.26941716,0.7746539,11.49476326,11.95037386,5817.428169,3848.257951,-178.20486228
3543,2024-02-01,2024,2,66,0,0,44.49649068,0.7746539,43.72183678,44.17744738,5861.92466,3891.979788,149.65931206
3544,2024-02-02,2024,2,66,0,0,143.33765113,0.7746539,142.56299722,143.01860782,6005.262311,4034.542785,-32.78820705
3545,2024-02-05,2024,2,64,0,2,40.42274983,0.7746539,39.64809593,40.10370653,6045.685061,4074.190881,-111.75292471
3546,2024-02-06,2024,2,61,1,4,-63.48134408,0.7746539,-64.25599799,-63.80038739,5982.203717,4009.934883,93.83786739
3547,2024-02-07,2024,2,62,1,0,48.91032351,0.7746539,48.13566961,48.59128021,6031.11404,4058.070553,-3.1483187
3548,2024-02-08,2024,2,62,0,0,67.85407553,0.7746539,67.07942162,67.53503222,6098.968116,4125.149975,79.71440782
3549,2024-02-09,2024,2,63,1,0,73.10138218,0.7746539,72.32672828,72.78233888,6172.069498,4197.476703,94.1207021
3550,2024-02-12,2024,2,63,0,0,-29.6279741,0.7746539,-30.402628,-29.9470174,6142.441524,4167.074075,120.23347381
3551,2024-02-13,2024,2,62,0,1,24.71883193,0.7746539,23.94417803,24.39978863,6167.160356,4191.018253,-298.8675738
3552,2024-02-14,2024,2,61,0,1,86.11256214,0.7746539,85.33790824,85.79351884,6253.272918,4276.356161,178.85794368
3553,2024-02-15,2024,2,60,0,1,-61.99877096,0.7746539,-62.77342486,-62.31781426,6191.274147,4213.582736,165.97256378
3554,2024-02-16,2024,2,60,1,1,-205.198124,0.7746539,-205.9727779,-205.5171673,5986.076023,4007.609958,-54.22644096
3555,2024-02-20,2024,2,61,1,0,25.23828076,0.7746539,24.46362685,24.91923745,6011.314304,4032.073585,-99.33005883
3556,2024-02-21,2024,2,61,0,0,-91.59930191,0.7746539,-92.37395581,-91.91834521,5919.715002,3939.699629,-6.27454227
3557,2024-02-22,2024,2,61,0,0,140.61647247,0.7746539,139.84181856,140.29742916,6060.331474,4079.541448,91.8946751
3558,2024-02-23,2024,2,61,0,0,-14.76915779,0.7746539,-15.5438117,-15.0882011,6045.562316,4063.997636,24.14913569
3559,2024-02-26,2024,2,62,1,0,126.58059035,0.7746539,125.80593645,126.26154705,6172.142907,4189.803573,8.69893888
3560,2024-02-27,2024,2,62,0,0,13.31612202,0.7746539,12.54146812,12.99707872,6185.459029,4202.345041,93.35466975
3561,2024-02-28,2024,2,62,0,0,-4.04702442,0.7746539,-4.82167832,-4.36606772,6181.412004,4197.523363,-44.16048371
3562,2024-02-29,2024,2,63,1,0,89.44397278,0.7746539,88.66931888,89.12492948,6270.855977,4286.192681,57.62997375
3563,2024-03-01,2024,2,64,2,1,56.93662279,0.7746539,56.16196888,56.61757948,6327.7926,4342.35465,81.16739578
3564,2024-03-04,2024,2,62,0,2,39.84472883,0.7746539,39.07007493,39.52568553,6367.637329,4381.424725,-6.73662344
3565,2024-03-05,2024,2,64,2,0,-105.9606752,0.7746539,-106.7353291,-106.2797185,6261.676654,4274.689396,-70.73478025
3566,2024-03-06,2024,2,64,0,0,49.79614102,0.7746539,49.02148712,49.47709772,6311.472795,4323.710883,80.20642571
3567,2024-03-07,2024,2,64,0,0,15.62922412,0.7746539,14.85457021,15.31018081,6327.102019,4338.565453,82.72950408
3568,2024-03-08,2024,2,65,1,0,-32.15417444,0.7746539,-32.92882834,-32.47321774,6294.947844,4305.636625,-20.95566612
3569,2024-03-11,2024,2,65,0,0,-89.74895169,0.7746539,-90.52360559,-90.06799499,6205.198893,4215.11302,-22.29258926
3570,2024-03-12,2024,2,65,1,1,147.90470119,0.7746539,147.13004729,147.58565789,6353.103594,4362.243067,7.07468941
3571,2024-03-13,2024,2,67,2,0,58.6244282,0.7746539,57.8497743,58.3053849,6411.728022,4420.092841,24.80395534
3572,2024-03-14,2024,2,67,0,0,11.4085941,0.7746539,10.63394019,11.08955079,6423.136616,4430.726781,-154.95679314
3573,2024-03-15,2024,2,65,0,2,-19.366642,0.7746539,-20.1412959,-19.6856853,6403.769974,4410.585485,8.5378565
3574,2024-03-18,2024,2,63,0,2,21.07906508,0.7746539,20.30441118,20.76002178,6424.849039,4430.889897,-17.8881719
3575,2024-03-19,2024,2,62,1,2,10.25347919,0.7746539,9.47882528,9.93443588,6435.102518,4440.368722,48.73739034
3576,2024-03-20,2024,2,59,0,3,99.81844894,0.7746539,99.04379504,99.49940564,6534.920967,4539.412517,139.50821958
3577,2024-03-21,2024,2,59,1,1,85.56347085,0.7746539,84.78881695,85.24442755,6620.484438,4624.201334,74.93405445
3578,2024-03-22,2024,2,59,0,0,10.80466925,0.7746539,10.03001535,10.48562595,6631.289107,4634.231349,-107.92872105
3579,2024-03-25,2024,2,57,0,2,-23.72468219,0.7746539,-24.49933609,-24.04372549,6607.564425,4609.732013,-4.08865931
3580,2024-03-26,2024,2,58,2,1,-25.41772734,0.7746539,-26.19238124,-25.73677064,6582.146698,4583.539632,-20.64125214
3581,2024-03-27,2024,2,58,0,0,-88.85224325,0.7746539,-89.62689716,-89.17128656,6493.294455,4493.912735,190.86850532
3582,2024-03-28,2024,2,58,0,0,-42.24818379,0.7746539,-43.02283769,-42.56722709,6451.046271,4450.889897,43.90583372
3583,2024-04-01,2024,2,58,1,1,53.96272144,0.7746539,53.18806754,53.64367814,6505.008992,4504.077965,-79.266883
3584,2024-04-02,2024,2,57,1,2,-58.1093299,0.7746539,-58.8839838,-58.4283732,6446.899662,4445.193981,-128.33743108
3585,2024-04-03,2024,2,57,0,0,84.35215053,0.7746539,83.57749662,84.03310722,6531.251813,4528.771477,34.84509089
3586,2024-04-04,2024,2,56,0,1,-57.12073059,0.7746539,-57.89538449,-57.43977389,6474.131082,4470.876093,-101.54609714
3587,2024-04-05,2024,2,57,1,0,78.47735189,0.7746539,77.70269799,78.15830859,6552.608434,4548.578791,55.06840448
3588,2024-04-08,2024,2,57,1,1,14.16641938,0.7746539,13.39176548,13.84737608,6566.774854,4561.970556,44.62195302
3589,2024-04-09,2024,2,58,1,0,-120.54248873,0.7746539,-121.31714264,-120.86153204,6446.232365,4440.653414,56.37530717
3590,2024-04-10,2024,2,59,1,0,18.29702538,0.7746539,17.52237148,17.97798208,6464.52939,4458.175785,-207.39475177
3591,2024-04-11,2024,2,59,0,0,79.43756337,0.7746539,78.66290947,79.11852007,6543.966954,4536.838695,30.73697761
3592,2024-04-12,2024,2,59,0,0,-29.71379055,0.7746539,-30.48844445,-30.03283385,6514.253163,4506.35025,-200.87956261
3593,2024-04-15,2024,2,58,0,1,-83.91934729,0.7746539,-84.69400119,-84.23839059,6430.333816,4421.656249,-129.58934553
3594,2024-04-16,2024,2,57,0,1,43.74310357,0.7746539,42.96844966,43.42406026,6474.076919,4464.624699,-68.05618077
3595,2024-04-17,2024,2,56,1,2,-59.62776603,0.7746539,-60.40241993,-59.94680933,6414.449153,4404.222279,-56.41478861
3596,2024-04-18,2024,2,56,0,0,-46.8124342,0.7746539,-47.5870881,-47.1314775,6367.636719,4356.635191,-12.75195374
3597,2024-04-19,2024,2,55,0,1,-130.7805815,0.7746539,-131.5552354,-131.0996248,6236.856138,4225.079955,42.20546131
3598,2024-04-22,2024,2,55,0,0,80.65401374,0.7746539,79.87935984,80.33497044,6317.510151,4304.959315,80.75028632
3599,2024-04-23,2024,2,56,1,0,141.17678169,0.7746539,140.40212779,140.85773839,6458.686933,4445.361443,140.83979316
3600,2024-04-24,2024,2,57,1,0,-81.4984926,0.7746539,-82.2731465,-81.8175359,6377.18844,4363.088296,-12.68902143
3601,2024-04-25,2024,2,57,0,0,49.2425596,0.7746539,48.4679057,48.9235163,6426.431,4411.556202,-61.76733052
3602,2024-04-26,2024,2,56,0,1,79.30877351,0.7746539,78.53411961,78.98973021,6505.739774,4490.090322,79.12053655
3603,2024-04-29,2024,2,56,1,1,-21.2034744,0.7746539,-21.9781283,-21.5225177,6484.536299,4468.112193,78.73787826
3604,2024-04-30,2024,2,57,1,0,-37.24002471,0.7746539,-38.01467861,-37.55906801,6447.296274,4430.097515,-177.31196892
3605,2024-05-01,2024,2,58,1,0,-29.0551772,0.7746539,-29.82983111,-29.37422051,6418.241097,4400.267684,9.28934309
3606,2024-05-02,2024,2,56,0,2,155.91718092,0.7746539,155.14252702,155.59813762,6574.158278,4555.410211,131.79173863
3607,2024-05-03,2024,2,58,2,0,57.90301135,0.7746539,57.12835745,57.58396805,6632.061289,4612.538568,74.21698281
3608,2024-05-06,2024,2,58,1,1,111.35320557,0.7746539,110.57855167,111.03416227,6743.414495,4723.11712,113.08850102
3609,2024-05-07,2024,2,56,0,2,-76.99790456,0.7746539,-77.77255846,-77.31694786,6666.41659,4645.344561,2.65443836
3610,2024-05-08,2024,2,56,1,1,27.35951886,0.7746539,26.58486496,27.04047556,6693.776109,4671.929426,-25.44778781
3611,2024-05-09,2024,2,56,1,1,46.22935773,0.7746539,45.45470383,45.91031443,6740.005467,4717.38413,87.94197069
3612,2024-05-10,2024,2,57,1,0,-23.88813489,0.7746539,-24.66278879,-24.20717819,6716.117332,4692.721341,-44.03045617
3613,2024-05-13,2024,2,58,1,0,-49.94856019,0.7746539,-50.72321409,-50.26760349,6666.168772,4641.998127,26.87201265
3614,2024-05-14,2024,2,57,0,1,50.40814739,0.7746539,49.63349349,50.08910409,6716.576919,4691.631621,90.14260468
3615,2024-05-15,2024,2,57,1,1,128.56130437,0.7746539,127.78665047,128.24226107,6845.138224,4819.418271,70.99023742
3616,2024-05-16,2024,2,57,1,1,-88.80082536,0.7746539,-89.57547926,-89.11986866,6756.337398,4729.842792,-34.35784721
3617,2024-05-17,2024,2,55,0,2,19.75327825,0.7746539,18.97862435,19.43423495,6776.090677,4748.821416,6.18102969
3618,2024-05-20,2024,2,56,1,0,53.51257833,0.7746539,52.73792443,53.19353503,6829.603255,4801.559341,1.12766892
3619,2024-05-21,2024,2,57,1,0,-41.77355126,0.7746539,-42.54820516,-42.09259456,6787.829704,4759.011136,-35.50594723
3620,2024-05-22,2024,2,57,0,0,-81.80722767,0.7746539,-82.58188157,-82.12627097,6706.022476,4676.429254,-65.94875008
3621,2024-05-23,2024,2,58,1,0,63.99982668,0.7746539,63.22517278,63.68078338,6770.022303,4739.654427,-162.94441392
3622,2024-05-24,2024,2,58,0,0,95.37293381,0.7746539,94.59827991,95.05389051,6865.395237,4834.252707,92.55896736
3623,2024-05-28,2024,2,57,0,1,2.32305534,0.7746539,1.54840144,2.00401204,6867.718292,4835.801108,-36.26483183
3624,2024-05-29,2024,2,58,1,0,66.92945638,0.7746539,66.15480248,66.61041308,6934.647748,4901.955911,-127.70460274
3625,2024-05-30,2024,2,58,0,0,-16.65775972,0.7746539,-17.43241362,-16.97680302,6917.989989,4884.523497,82.48725332
3626,2024-05-31,2024,2,56,0,2,-81.68390295,0.7746539,-82.45855685,-82.00294625,6836.306086,4802.06494,100.69739961
3627,2024-06-03,2024,2,58,2,0,26.2889334,0.7746539,25.5142795,25.9698901,6862.595019,4827.57922,-33.50304846
3628,2024-06-04,2024,2,59,1,0,-53.37103103,0.7746539,-54.14568493,-53.69007433,6809.223988,4773.433535,-91.73694389
3629,2024-06-05,2024,2,60,1,0,150.36771408,0.7746539,149.59306018,150.04867078,6959.591702,4923.026595,115.42976774
3630,2024-06-06,2024,2,59,0,1,-107.92858604,0.7746539,-108.70323994,-108.24762934,6851.663116,4814.323355,-29.54558442
3631,2024-06-07,2024,2,59,1,1,17.54616769,0.7746539,16.77151379,17.22712438,6869.209284,4831.094869,-90.41925028
3632,2024-06-10,2024,2,59,1,1,91.27119412,0.7746539,90.49654021,90.95215081,6960.480478,4921.591409,19.7193831
3633,2024-06-11,2024,2,60,1,0,-20.72971089,0.7746539,-21.50436479,-21.0487542,6939.750767,4900.087044,-42.6337998
3634,2024-06-12,2024,2,60,0,0,87.13040861,0.7746539,86.35575471,86.81136531,7026.881176,4986.442799,100.02349128
3635,2024-06-13,2024,2,60,0,0,55.01717307,0.7746539,54.24251917,54.69812977,7081.898349,5040.685318,-78.24380654
3636,2024-06-14,2024,2,60,1,1,-31.54007526,0.7746539,-32.31472916,-31.85911856,7050.358273,5008.370589,-124.97769099
3637,2024-06-17,2024,2,60,0,0,32.67106277,0.7746539,31.89640886,32.35201946,7083.029336,5040.266998,48.58170946
3638,2024-06-18,2024,2,60,1,1,104.7750671,0.7746539,104.0004132,104.4560238,7187.804403,5144.267411,2.63817544
3639,2024-06-20,2024,2,60,0,0,-139.28769453,0.7746539,-140.06234843,-139.60673783,7048.516709,5004.205063,-7.89763015
3640,2024-06-21,2024,2,61,1,0,-5.52373177,0.7746539,-6.29838568,-5.84277508,7042.992977,4997.906677,27.83582688
3641,2024-06-24,2024,2,59,0,2,-55.82418142,0.7746539,-56.59883532,-56.14322472,6987.168795,4941.307842,61.73505495
3642,2024-06-25,2024,2,59,0,0,116.39466417,0.7746539,115.62001027,116.07562087,7103.56346,5056.927852,-54.73980232
3643,2024-06-26,2024,2,60,1,0,-42.94111364,0.7746539,-43.71576754,-43.26015694,7060.622346,5013.212084,-19.51920568
3644,2024-06-27,2024,2,60,0,0,21.73134237,0.7746539,20.95668847,21.41229907,7082.353688,5034.168773,45.27512118
3645,2024-06-28,2024,2,60,1,1,-28.24094515,0.7746539,-29.01559905,-28.55998845,7054.112743,5005.153174,47.18014943
3646,2024-07-01,2024,2,58,0,2,10.97599929,0.7746539,10.20134539,10.65695599,7065.088743,5015.354519,-80.37712739
3647,2024-07-02,2024,2,58,0,0,0.33671812,0.7746539,-0.43793579,0.01767481,7065.425461,5014.916583,34.43849038
3648,2024-07-03,2024,2,59,1,0,46.88466568,0.7746539,46.11001177,46.56562237,7112.310126,5061.026595,38.64670608
3649,2024-07-05,2024,2,59,0,0,-55.53404211,0.7746539,-56.30869601,-55.85308541,7056.776084,5004.717899,-29.05221284
3650,2024-07-08,2024,2,60,1,0,27.15454333,0.7746539,26.37988943,26.83550003,7083.930628,5031.097788,45.80235699
3651,2024-07-09,2024,2,60,0,0,9.57845432,0.7746539,8.80380042,9.25941102,7093.509082,5039.901589,-30.47057286
3652,2024-07-10,2024,2,60,1,1,-14.79101696,0.7746539,-15.56567087,-15.11006027,7078.718065,5024.335918,81.11369885
3653,2024-07-11,2024,2,58,0,2,-94.9294914,0.7746539,-95.70414531,-95.24853471,6983.788574,4928.631773,235.6974863
3654,2024-07-12,2024,2,58,0,0,-40.26376828,0.7746539,-41.03842218,-40.58281158,6943.524805,4887.593351,88.76855202
3655,2024-07-15,2024,2,58,0,0,39.79206712,0.7746539,39.01741322,39.47302382,6983.316872,4926.610764,84.07505554
3656,2024-07-16,2024,2,59,1,0,-22.6950123,0.7746539,-23.4696662,-23.0140556,6960.62186,4903.141098,252.5337114
3657,2024-07-17,2024,2,59,0,0,-242.27657369,0.7746539,-243.05122759,-242.59561699,6718.345286,4660.08987,-82.81372448
3658,2024-07-18,2024,2,60,1,0,68.58238572,0.7746539,67.80773182,68.26334242,6786.927672,4727.897602,-137.03485367
3659,2024-07-19,2024,2,60,0,0,72.78878718,0.7746539,72.01413328,72.46974388,6859.716459,4799.911735,-47.59263264
3660,2024-07-22,2024,2,59,0,1,94.04637069,0.7746539,93.27171679,93.72732739,6953.76283,4893.183452,117.64765163
3661,2024-07-23,2024,2,59,0,0,21.39910705,0.7746539,20.62445315,21.08006375,6975.161937,4913.807905,23.40926916
3662,2024-07-24,2024,2,60,1,0,-99.98033526,0.7746539,-100.75498916,-100.29937856,6875.181602,4813.052916,-186.58416186
3663,2024-07-25,2024,2,60,0,0,-126.50451567,0.7746539,-127.27916957,-126.82355897,6748.677086,4685.773746,67.16552525
3664,2024-07-26,2024,2,60,0,0,49.3943586,0.7746539,48.6197047,49.0753153,6798.071445,4734.393451,149.85074332
3665,2024-07-29,2024,2,58,0,2,-11.15661157,0.7746539,-11.93126547,-11.47565487,6786.914833,4722.462186,-39.40932559
3666,2024-07-30,2024,2,57,0,1,-76.17276067,0.7746539,-76.94741457,-76.49180397,6710.742072,4645.514771,27.28201672
3667,2024-07-31,2024,2,58,1,0,190.74224796,0.7746539,189.96759406,190.42320466,6901.48432,4835.482365,67.57248183
3668,2024-08-01,2024,2,56,0,2,-23.72170961,0.7746539,-24.49636351,-24.04075291,6877.762611,4810.986001,-220.03597463
3669,2024-08-02,2024,2,56,1,1,-182.28430821,0.7746539,-183.05896211,-182.60335151,6695.478303,4627.927039,-278.3710891
3670,2024-08-05,2024,2,55,0,1,88.88824105,0.7746539,88.11358715,88.56919775,6784.366544,4716.040627,-291.8510338
3671,2024-08-06,2024,2,56,1,0,136.97221742,0.7746539,136.19756352,136.65317412,6921.338761,4852.23819,123.07215175
3672,2024-08-07,2024,2,56,0,0,-84.47657235,0.7746539,-85.25122625,-84.79561565,6836.862189,4766.986964,-98.47277849
3673,2024-08-08,2024,2,56,0,0,144.34538536,0.7746539,143.57073146,144.02634206,6981.207574,4910.557695,243.74221332
3674,2024-08-09,2024,2,52,0,4,56.84115162,0.7746539,56.06649772,56.52210832,7038.048726,4966.624193,1.65118714
3675,2024-08-12,2024,2,52,0,0,69.25541104,0.7746539,68.48075714,68.93636774,7107.304137,5035.10495,-69.81726231
3676,2024-08-13,2024,2,53,3,2,46.0809745,0.7746539,45.3063206,45.7619312,7153.385111,5080.411271,147.66664511
3677,2024-08-14,2024,2,53,0,0,48.45516,0.7746539,47.6805061,48.1361167,7201.840271,5128.091777,-13.31663147
3678,2024-08-15,2024,2,54,1,0,76.55788685,0.7746539,75.78323295,76.23884355,7278.398158,5203.87501,197.08493777
3679,2024-08-16,2024,2,53,0,1,12.19362935,0.7746539,11.41897545,11.87458604,7290.591787,5215.293985,30.82147291
3680,2024-08-19,2024,2,54,1,0,-14.79441167,0.7746539,-15.56906558,-15.11345498,7275.797376,5199.72492,106.61210412
3681,2024-08-20,2024,2,53,0,1,22.87473516,0.7746539,22.10008126,22.55569186,7298.672111,5221.825001,-80.38804381
3682,2024-08-21,2024,2,53,0,0,47.86444782,0.7746539,47.08979392,47.54540452,7346.536559,5268.914795,109.56546374
3683,2024-08-22,2024,2,52,0,1,-84.47909191,0.7746539,-85.25374581,-84.79813521,7262.057467,5183.661049,-81.45255478
3684,2024-08-23,2024,2,52,1,1,46.52591784,0.7746539,45.75126394,46.20687454,7308.583385,5229.412313,229.00478572
3685,2024-08-26,2024,2,52,1,1,-72.11166396,0.7746539,-72.88631786,-72.43070726,7236.471721,5156.525995,-4.44509626
3686,2024-08-27,2024,2,50,0,2,51.8002174,0.7746539,51.02556349,51.48117409,7288.271938,5207.551559,-25.53935839
3687,2024-08-28,2024,2,52,2,0,-120.28812259,0.7746539,-121.06277649,-120.60716589,7167.983816,5086.488782,-65.89813823
3688,2024-08-29,2024,2,52,0,0,-24.0986751,0.7746539,-24.873329,-24.4177184,7143.88514,5061.615453,64.35554228
3689,2024-08-30,2024,2,53,1,0,39.16990597,0.7746539,38.39525207,38.85086267,7183.055046,5100.010705,54.63302851
3690,2024-09-03,2024,2,51,0,2,-159.42483991,0.7746539,-160.19949381,-159.74388321,7023.630206,4939.811211,-215.67662075
3691,2024-09-04,2024,2,49,0,2,-3.25743765,0.7746539,-4.03209155,-3.57648095,7020.372769,4935.77912,-11.35612607
3692,2024-09-05,2024,2,51,2,0,-5.85350327,0.7746539,-6.62815717,-6.17254657,7014.519266,4929.150963,-55.24936897
3693,2024-09-06,2024,2,53,2,0,-65.48705408,0.7746539,-66.26170799,-65.80609739,6949.032211,4862.889255,-157.04707059
3694,2024-09-09,2024,2,52,0,1,141.42104781,0.7746539,140.64639391,141.10200451,7090.453259,5003.535649,49.06615893
3695,2024-09-10,2024,2,53,1,0,-11.70039942,0.7746539,-12.47505333,-12.01944273,7078.75286,4991.060595,-24.27114774
3696,2024-09-11,2024,2,54,1,0,98.56307913,0.7746539,97.78842523,98.24403583,7177.315939,5088.84902,55.46127648
3697,2024-09-12,2024,2,54,1,1,97.0662871,0.7746539,96.2916332,96.7472438,7274.382226,5185.140654,104.45556502
3698,2024-09-13,2024,2,54,0,0,55.29072309,0.7746539,54.51606919,54.97167979,7329.672949,5239.656723,181.96188654
3699,2024-09-16,2024,2,54,0,0,-13.89741283,0.7746539,-14.67206674,-14.21645614,7315.775536,5224.984656,42.89384843
3700,2024-09-17,2024,2,54,0,0,-33.70100665,0.7746539,-34.47566055,-34.02004995,7282.07453,5190.508996,45.38278244
3701,2024-09-18,2024,2,55,1,0,41.12825186,0.7746539,40.35359795,40.80920855,7323.202782,5230.862593,-7.32833909
3702,2024-09-19,2024,2,56,1,0,86.82199556,0.7746539,86.04734166,86.50295226,7410.024777,5316.909935,163.25082654
3703,2024-09-20,2024,2,56,0,0,43.41926342,0.7746539,42.64460951,43.10022011,7453.444041,5359.554545,-64.94509533
3704,2024-09-23,2024,2,56,0,0,17.44706307,0.7746539,16.67240917,17.12801977,7470.891104,5376.226954,16.77456537
3705,2024-09-24,2024,2,57,1,0,-25.95690771,0.7746539,-26.73156161,-26.27595101,7444.934196,5349.495392,48.13973667
3706,2024-09-25,2024,2,57,0,0,24.83921163,0.7746539,24.06455773,24.52016833,7469.773408,5373.55995,-104.93449215
3707,2024-09-26,2024,2,59,2,0,-88.99683862,0.7746539,-89.77149253,-89.31588193,7380.776569,5283.788457,101.10856174
3708,2024-09-27,2024,2,59,0,0,-38.9638244,0.7746539,-39.7384783,-39.2828677,7341.812744,5244.049979,53.29979222
3709,2024-09-30,2024,2,59,1,1,0.42040438,0.7746539,-0.35424952,0.10136108,7342.233149,5243.69573,5.6646355
3710,2024-10-01,2024,2,59,0,0,-64.01063235,0.7746539,-64.78528625,-64.32967565,7278.222517,5178.910443,-80.01004575
3711,2024-10-02,2024,2,59,0,0,43.98250802,0.7746539,43.20785411,43.66346471,7322.205025,5222.118297,4.80787523
3712,2024-10-03,2024,2,59,0,0,9.59142858,0.7746539,8.81677468,9.27238528,7331.796453,5230.935072,-58.70170079
3713,2024-10-04,2024,2,58,0,1,9.13815184,0.7746539,8.36349794,8.81910854,7340.934605,5239.29857,130.06775347
3714,2024-10-07,2024,2,57,1,2,-82.00359425,0.7746539,-82.77824815,-82.32263755,7258.931011,5156.520322,-101.68276091
3715,2024-10-08,2024,2,57,0,0,139.47907014,0.7746539,138.70441623,139.16002683,7398.410081,5295.224738,5.28794446
3716,2024-10-09,2024,2,57,0,0,-27.08746862,0.7746539,-27.86212252,-27.40651192,7371.322612,5267.362616,46.91593916
3717,2024-10-10,2024,2,57,0,0,-20.20156588,0.7746539,-20.97621978,-20.52060918,7351.121046,5246.386396,-19.95870134
3718,2024-10-11,2024,2,57,0,0,79.63127696,0.7746539,78.85662306,79.31223366,7430.752323,5325.243019,155.65421879
3719,2024-10-14,2024,2,58,1,0,14.99035482,0.7746539,14.21570092,14.67131152,7445.742678,5339.45872,52.90593541
3720,2024-10-15,2024,2,57,0,1,12.63040838,0.7746539,11.85575448,12.31136508,7458.373087,5351.314474,-24.77657635
3721,2024-10-16,2024,2,56,0,1,3.66193543,0.7746539,2.88728153,3.34289213,7462.035022,5354.201756,110.11486067
3722,2024-10-17,2024,2,56,0,0,-42.63045181,0.7746539,-43.40510572,-42.94949512,7419.40457,5310.79665,-19.75872372
3723,2024-10-18,2024,2,56,0,0,11.40363495,0.7746539,10.62898105,11.08459165,7430.808205,5321.425631,21.30000458
3724,2024-10-21,2024,2,55,0,1,5.66932292,0.7746539,4.89466902,5.35027962,7436.477528,5326.3203,-106.08441851
3725,2024-10-22,2024,2,54,0,1,-32.25255136,0.7746539,-33.02720526,-32.57159466,7404.224977,5293.293095,-36.03594308
3726,2024-10-23,2024,2,53,0,1,-30.29801382,0.7746539,-31.07266773,-30.61705713,7373.926963,5262.220427,-66.11517793
3727,2024-10-24,2024,2,54,2,1,24.50502677,0.7746539,23.73037287,24.18598347,7398.43199,5285.9508,18.66752035
3728,2024-10-25,2024,2,54,0,0,13.03281647,0.7746539,12.25816257,12.71377317,7411.464806,5298.208963,-46.89726115
3729,2024-10-28,2024,2,53,0,1,8.82693588,0.7746539,8.05228198,8.50789258,7420.291742,5306.261245,123.76329205
3730,2024-10-29,2024,2,52,0,1,90.73086278,0.7746539,89.95620887,90.41181947,7511.022605,5396.217454,-32.07819314
3731,2024-10-30,2024,2,49,0,3,-53.09234035,0.7746539,-53.86699425,-53.41138365,7457.930264,5342.350459,-24.689472
3732,2024-10-31,2024,2,49,0,0,30.00598433,0.7746539,29.23133043,29.68694103,7487.936249,5371.58179,-132.03488441
3733,2024-11-01,2024,2,51,2,0,-39.50518129,0.7746539,-40.27983519,-39.82422459,7448.431067,5331.301955,31.15702608
3734,2024-11-04,2024,2,51,0,0,42.26193699,0.7746539,41.48728309,41.94289369,7490.693004,5372.789238,17.13736602
3735,2024-11-05,2024,2,50,0,1,62.09227472,0.7746539,61.31762082,61.77323142,7552.785279,5434.106858,148.71399525
3736,2024-11-06,2024,2,51,1,0,128.20457401,0.7746539,127.42992011,127.88553071,7680.989853,5561.536779,350.64818256
3737,2024-11-07,2024,2,51,0,0,175.56408332,0.7746539,174.78942942,175.24504002,7856.553936,5736.326208,46.22382276
3738,2024-11-08,2024,2,52,1,0,180.28896046,0.7746539,179.51430656,179.96991716,8036.842897,5915.840515,34.44231036
3739,2024-11-11,2024,2,52,0,0,107.78070682,0.7746539,107.00605292,107.46166352,8144.623604,6022.846567,97.04328609
3740,2024-11-12,2024,2,52,0,0,-34.10949258,0.7746539,-34.88414648,-34.42853588,8110.514111,5987.962421,-120.5351274
3741,2024-11-13,2024,2,52,0,0,-2.9895009,0.7746539,-3.7641548,-3.3085442,8107.52461,5984.198266,-58.87042157
3742,2024-11-14,2024,2,52,0,0,-36.65706146,0.7746539,-37.43171536,-36.97610476,8070.867549,5946.766551,-98.66480489
3743,2024-11-15,2024,2,52,0,0,-46.3161606,0.7746539,-47.0908145,-46.6352039,8024.551388,5899.675736,-114.72384137
3744,2024-11-18,2024,2,51,0,1,73.39143268,0.7746539,72.61677878,73.07238938,8097.942821,5972.292515,28.60413493
3745,2024-11-19,2024,2,51,0,0,108.82570874,0.7746539,108.05105484,108.50666544,8206.76853,6080.34357,50.45866933
3746,2024-11-20,2024,2,51,1,1,59.88029504,0.7746539,59.10564114,59.56125174,8266.648825,6139.449211,28.35547575
3747,2024-11-21,2024,2,51,0,0,-46.62852753,0.7746539,-47.40318143,-46.94757083,8220.020297,6092.04603,157.96880121
3748,2024-11-22,2024,2,52,1,0,-12.14912904,0.7746539,-12.92378294,-12.46817234,8207.871168,6079.122247,134.6118536
3749,2024-11-25,2024,2,51,0,1,-59.18552201,0.7746539,-59.96017591,-59.50456531,8148.685646,6019.162071,123.24786858
3750,2024-11-26,2024,2,50,0,1,107.90926124,0.7746539,107.13460734,107.59021794,8256.594907,6126.296678,-46.60905515
3751,2024-11-27,2024,2,50,0,0,-60.49181274,0.7746539,-61.26646664,-60.81085604,8196.103095,6065.030211,9.84085048
3752,2024-11-29,2024,2,50,1,1,41.5354429,0.7746539,40.760789,41.2163996,8237.638537,6105.791,36.93703119
3753,2024-12-02,2024,2,49,1,2,-65.03954697,0.7746539,-65.81420087,-65.35859027,8172.598991,6039.9768,6.48831347
3754,2024-12-03,2024,2,49,0,0,-12.46788663,0.7746539,-13.24254053,-12.78692993,8160.131104,6026.734259,-34.28582285
3755,2024-12-04,2024,2,48,0,1,89.01423527,0.7746539,88.23958137,88.69519197,8249.145339,6114.97384,15.52298258
3756,2024-12-05,2024,2,49,1,0,-23.32634377,0.7746539,-24.10099767,-23.64538707,8225.818995,6090.872843,-78.97624736
3757,2024-12-06,2024,2,50,1,0,70.31100185,0.7746539,69.53634795,69.99195855,8296.129997,6160.409191,26.07180919
3758,2024-12-09,2024,2,51,1,0,-274.49802832,0.7746539,-275.27268222,-274.81707162,8021.631969,5885.136508,-29.40014967
3759,2024-12-10,2024,2,50,0,1,23.76702622,0.7746539,22.99237232,23.44798291,8045.398995,5908.128881,-56.8927365
3760,2024-12-11,2024,2,51,1,0,176.87689324,0.7746539,176.10223934,176.55784994,8222.275888,6084.23112,33.0127104
3761,2024-12-12,2024,2,51,0,0,-46.81086368,0.7746539,-47.58551758,-47.12990698,8175.465025,6036.645603,-70.79773529
3762,2024-12-13,2024,2,51,0,0,55.40367569,0.7746539,54.62902178,55.08463238,8230.8687,6091.274624,-48.27212166
3763,2024-12-16,2024,2,49,0,2,141.79403315,0.7746539,141.01937925,141.47498985,8372.662734,6232.294004,7.27651637
3764,2024-12-17,2024,2,50,1,0,-53.75987997,0.7746539,-54.53453387,-54.07892327,8318.902854,6177.75947,-86.12215891
3765,2024-12-18,2024,2,50,0,0,-138.33312926,0.7746539,-139.10778316,-138.65217256,8180.569724,6038.651687,-373.2659207
3766,2024-12-19,2024,2,51,1,0,57.09785657,0.7746539,56.32320266,56.77881326,8237.667581,6094.974889,-30.28322901
3767,2024-12-20,2024,2,51,0,0,103.42498599,0.7746539,102.65033209,103.10594269,8341.092567,6197.625221,106.7866328
3768,2024-12-23,2024,2,51,0,0,-65.79048402,0.7746539,-66.56513792,-66.10952732,8275.302083,6131.060083,19.14011112
3769,2024-12-24,2024,2,52,1,0,46.04597434,0.7746539,45.27132044,45.72693104,8321.348057,6176.331404,86.31121892
3770,2024-12-26,2024,2,53,1,0,-3.07649049,0.7746539,-3.85114439,-3.39553379,8318.271567,6172.480259,44.40894464
3771,2024-12-27,2024,2,51,0,2,-94.69687071,0.7746539,-95.47152461,-95.01591401,8223.574696,6077.008735,-99.54919709
3772,2024-12-30,2024,2,51,0,0,-11.64732503,0.7746539,-12.42197893,-11.96636834,8211.927371,6064.586756,-91.34025785
3773,2024-12-31,2024,2,52,1,0,-99.70451609,0.7746539,-100.47917,-100.0235594,8112.222855,5964.107586,23.54670643
3774,2025-01-02,2025,2,53,1,0,173.49908264,0.7746539,172.72442874,173.18003934,8285.721938,6136.832015,-0.80376686
3775,2025-01-03,2025,2,53,0,0,91.2769069,0.7746539,90.502253,90.9578636,8376.998844,6227.334268,104.70118377
3776,2025-01-06,2025,2,54,1,0,16.99820532,0.7746539,16.22355142,16.67916202,8393.99705,6243.557819,11.22304274
3777,2025-01-07,2025,2,55,1,0,-81.72770555,0.7746539,-82.50235946,-82.04674886,8312.269344,6161.05546,-49.26850605
3778,2025-01-08,2025,2,55,0,0,-39.64788142,0.7746539,-40.42253532,-39.96692472,8272.621463,6120.632924,-29.19438717
3779,2025-01-10,2025,2,55,0,0,5.32343254,0.7746539,4.54877864,5.00438924,8277.944895,6125.181703,-169.20377724
3780,2025-01-13,2025,2,55,0,0,-161.18498193,0.7746539,-161.95963583,-161.50402523,8116.759913,5963.222067,34.53864159
3781,2025-01-14,2025,2,54,0,1,46.91331417,0.7746539,46.13866027,46.59427087,8163.673228,6009.360727,106.2209823
3782,2025-01-15,2025,2,54,0,0,179.27335714,0.7746539,178.49870324,178.95431384,8342.946585,6187.859431,150.20695303
3783,2025-01-16,2025,2,54,0,0,2.06671512,0.7746539,1.29206121,1.74767181,8345.0133,6189.151492,56.04497635
3784,2025-01-17,2025,2,56,2,0,-34.26582228,0.7746539,-35.04047618,-34.58486558,8310.747478,6154.111016,42.73327897
3785,2025-01-21,2025,2,58,2,0,21.51632178,0.7746539,20.74166788,21.19727848,8332.263799,6174.852683,161.22619912
3786,2025-01-22,2025,2,58,0,0,85.0109359,0.7746539,84.236282,84.6918926,8417.274735,6259.088965,-49.33844778
3787,2025-01-23,2025,2,58,0,0,-4.69490945,0.7746539,-5.46956335,-5.01395275,8412.579826,6253.619402,31.48144098
3788,2025-01-24,2025,2,57,0,1,-59.64459768,0.7746539,-60.41925158,-59.96364098,8352.935228,6193.200151,2.65834993
3789,2025-01-27,2025,2,57,0,0,-356.80842666,0.7746539,-357.58308056,-357.12746996,7996.126801,5835.61707,-52.01574991
3790,2025-01-28,2025,2,55,0,2,133.79363532,0.7746539,133.01898141,133.47459201,8129.920437,5968.636051,4.20170661
3791,2025-01-29,2025,2,56,1,0,48.31701543,0.7746539,47.54236153,47.99797213,8178.237452,6016.178413,-35.85282135
3792,2025-01-30,2025,2,57,1,0,51.57956718,0.7746539,50.80491328,51.26052388,8229.817019,6066.983326,119.3116546
3793,2025-01-31,2025,2,57,0,0,-3.76854183,0.7746539,-4.54319574,-4.08758514,8226.048477,6062.44013,-90.63735591
3794,2025-02-03,2025,2,59,3,1,25.31063122,0.7746539,24.53597732,24.99158792,8251.359109,6086.976108,-117.70016928
3795,2025-02-04,2025,2,60,1,0,39.27935161,0.7746539,38.50469771,38.96030831,8290.63846,6125.480806,91.7110656
3796,2025-02-05,2025,2,59,0,1,24.71491962,0.7746539,23.94026572,24.39587632,8315.35338,6149.421071,72.74295424
3797,2025-02-06,2025,2,58,1,2,51.01835704,0.7746539,50.24370314,50.69931374,8366.371737,6199.664774,-16.25301665
3798,2025-02-07,2025,2,59,1,0,-39.35290507,0.7746539,-40.12755897,-39.67194837,8327.018832,6159.537215,-85.66648619
3799,2025-02-10,2025,2,59,0,0,14.63554083,0.7746539,13.86088693,14.31649753,8341.654373,6173.398102,42.58634676
3800,2025-02-11,2025,2,58,0,1,-175.75835357,0.7746539,-176.53300747,-176.07739687,8165.896019,5996.865095,-47.65311606
3801,2025-02-12,2025,2,59,1,0,34.93327353,0.7746539,34.15861963,34.61423023,8200.829293,6031.023715,-73.60261372
3802,2025-02-13,2025,2,61,2,0,-40.04840775,0.7746539,-40.82306165,-40.36745105,8160.780885,5990.200653,111.58876936
3803,2025-02-14,2025,2,58,0,3,55.44359324,0.7746539,54.66893934,55.12454994,8216.224478,6044.869592,-8.34074709
3804,2025-02-18,2025,2,57,0,1,-76.92968052,0.7746539,-77.70433442,-77.24872382,8139.294798,5967.165258,50.58494248
3805,2025-02-19,2025,2,57,0,0,-109.54183015,0.7746539,-110.31648405,-109.86087346,8029.752968,5856.848774,-32.69143637
3806,2025-02-20,2025,2,57,0,0,-63.94514525,0.7746539,-64.71979915,-64.26418855,7965.807822,5792.128975,-49.46630968
3807,2025-02-21,2025,2,56,1,2,-280.28822112,0.7746539,-281.06287503,-280.60726443,7685.519601,5511.0661,-209.34841477
3808,2025-02-24,2025,2,54,0,2,-133.95889526,0.7746539,-134.73354916,-134.27793856,7551.560706,5376.33255,-34.9838085
3809,2025-02-25,2025,2,53,0,1,-102.14591249,0.7746539,-102.92056639,-102.46495579,7449.414793,5273.411984,-13.3248699
3810,2025-02-26,2025,2,54,1,0,180.86413214,0.7746539,180.08947824,180.54508884,7630.278926,5453.501462,8.43516002
3811,2025-02-27,2025,2,50,0,4,-204.15125116,0.7746539,-204.92590506,-204.47029446,7426.127674,5248.575557,-136.62609103
3812,2025-02-28,2025,2,51,1,0,90.19812715,0.7746539,89.42347325,89.87908385,7516.325802,5337.99903,80.18002866
3813,2025-03-03,2025,2,51,0,0,-170.11910969,0.7746539,-170.89376359,-170.43815299,7346.206692,5167.105267,-214.59007197
3814,2025-03-04,2025,2,53,2,0,34.12442978,0.7746539,33.34977587,33.80538647,7380.331122,5200.455043,-114.28379871
3815,2025-03-05,2025,2,53,1,1,55.651207,0.7746539,54.8765531,55.3321637,7435.982329,5255.331596,136.31571658
3816,2025-03-06,2025,2,52,1,2,-314.1471858,0.7746539,-314.9218397,-314.4662291,7121.835143,4940.409756,-143.31578086
3817,2025-03-07,2025,2,52,2,2,-83.04473848,0.7746539,-83.81939238,-83.36378178,7038.790404,4856.590364,71.31086034
3818,2025-03-10,2025,2,53,1,0,-296.87839287,0.7746539,-297.65304677,-297.19743617,6741.912011,4558.937317,-252.01619347
3819,2025-03-11,2025,2,52,0,1,334.43857148,0.7746539,333.66391758,334.11952818,7076.350583,4892.601235,-34.53154538
3820,2025-03-12,2025,2,53,1,0,257.11876853,0.7746539,256.34411463,256.79972523,7333.469352,5148.945349,4.96013381
3821,2025-03-13,2025,2,53,0,0,-127.85724009,0.7746539,-128.631894,-128.1762834,7205.612111,5020.313455,-151.18008307
3822,2025-03-14,2025,2,52,0,1,296.55176242,0.7746539,295.77710852,296.23271912,7502.163874,5316.090564,249.70153477
3823,2025-03-17,2025,2,52,0,0,-15.9998484,0.7746539,-16.7745023,-16.3188917,7486.164025,5299.316061,150.82651559
3824,2025-03-18,2025,2,53,1,0,-150.00770726,0.7746539,-150.78236116,-150.32675056,7336.156318,5148.5337,-78.26796055
3825,2025-03-19,2025,2,53,0,0,146.28564751,0.7746539,145.51099361,145.96660421,7482.441966,5294.044694,127.31451602
3826,2025-03-20,2025,2,54,1,0,-40.5963139,0.7746539,-41.3709678,-40.9153572,7441.845652,5252.673726,-50.79318531
3827,2025-03-21,2025,2,55,1,0,71.72565249,0.7746539,70.95099859,71.40660919,7513.571304,5323.624725,-46.52833739
3828,2025-03-24,2025,2,56,1,0,154.35926566,0.7746539,153.58461176,154.04022236,7667.93057,5477.209336,208.96635099
3829,2025-03-25,2025,2,59,3,0,54.06888595,0.7746539,53.29423205,53.74984265,7721.999456,5530.503568,-34.36571168
3830,2025-03-26,2025,2,57,0,2,-187.42121446,0.7746539,-188.19586836,-187.74025776,7534.578241,5342.3077,-74.53977367
3831,2025-03-27,2025,2,60,3,0,-70.81653304,0.7746539,-71.59118694,-71.13557634,7463.761708,5270.716513,-38.81381771
3832,2025-03-28,2025,2,59,1,2,-72.38447239,0.7746539,-73.15912629,-72.70351569,7391.377236,5197.557387,-192.38572621
3833,2025-03-31,2025,2,60,2,1,-85.30983091,0.7746539,-86.08448481,-85.62887421,7306.067405,5111.472902,-5.16244545
3834,2025-04-01,2025,2,59,0,1,40.41437007,0.7746539,39.63971617,40.09532677,7346.481775,5151.112618,23.81035537
3835,2025-04-02,2025,2,57,2,4,76.71348061,0.7746539,75.93882671,76.39443731,7423.195256,5227.051445,128.61553214
3836,2025-04-03,2025,2,58,1,0,13.5193494,0.7746539,12.7446955,13.2003061,7436.714605,5239.79614,-597.12521229
3837,2025-04-04,2025,2,57,0,1,-106.81210092,0.7746539,-107.58675482,-107.13114422,7329.902504,5132.209386,-536.98392438
3838,2025-04-07,2025,2,55,0,2,128.69315602,0.7746539,127.91850212,128.37411272,7458.59566,5260.127888,-114.70783082
3839,2025-04-08,2025,2,55,2,2,25.75768736,0.7746539,24.98303345,25.43864405,7484.353348,5285.110921,-254.33139216
3840,2025-04-09,2025,2,54,1,2,95.68462917,0.7746539,94.90997527,95.36558587,7580.037977,5380.020896,922.80520218
3841,2025-04-10,2025,2,54,0,0,55.0869775,0.7746539,54.3123236,54.7679342,7635.124954,5434.33322,-404.49334868
3842,2025-04-11,2025,2,54,0,0,32.36435602,0.7746539,31.58970212,32.04531272,7667.48931,5465.922922,158.59037403
3843,2025-04-14,2025,2,54,0,0,121.49127739,0.7746539,120.71662349,121.17223408,7788.980588,5586.639546,126.28553144
3844,2025-04-15,2025,2,55,1,0,59.13207484,0.7746539,58.35742094,58.81303154,7848.112663,5644.996967,-8.14364763
3845,2025-04-16,2025,2,55,0,0,-54.77018104,0.7746539,-55.54483494,-55.08922434,7793.342482,5589.452132,-106.76863035
3846,2025-04-17,2025,2,54,0,1,-78.27431248,0.7746539,-79.04896638,-78.59335578,7715.068169,5510.403165,97.67527887
3847,2025-04-21,2025,2,54,0,0,-112.17086528,0.7746539,-112.94551918,-112.48990858,7602.897304,5397.457646,-200.64687417
3848,2025-04-22,2025,2,55,1,0,76.76138586,0.7746539,75.98673196,76.44234256,7679.65869,5473.444378,253.91896106
3849,2025-04-23,2025,2,56,1,0,113.03710514,0.7746539,112.26245124,112.71806184,7792.695795,5585.706829,140.29269752
3850,2025-04-24,2025,2,56,0,0,43.64405768,0.7746539,42.86940377,43.32501437,7836.339852,5628.576233,217.33610623
3851,2025-04-25,2025,2,57,1,0,12.65754428,0.7746539,11.88289038,12.33850098,7848.997397,5640.459123,-2.96601218
3852,2025-04-28,2025,2,58,1,0,-4.6754357,0.7746539,-5.4500896,-4.994479,7844.321961,5635.009034,45.7825121
3853,2025-04-29,2025,2,60,2,0,-5.40197028,0.7746539,-6.17662418,-5.72101358,7838.919991,5628.83241,51.57493097
3854,2025-04-30,2025,2,59,1,2,41.15141082,0.7746539,40.37675692,40.83236752,7880.071402,5669.209167,-29.65224077
3855,2025-05-01,2025,2,57,0,2,-41.07232543,0.7746539,-41.84697933,-41.39136873,7838.999076,5627.362187,26.03529549
3856,2025-05-02,2025,2,55,0,2,22.71608185,0.7746539,21.94142795,22.39703855,7861.715158,5649.303615,205.93717199
3857,2025-05-05,2025,2,56,1,0,58.46408441,0.7746539,57.68943051,58.14504111,7920.179242,5706.993046,-58.22152608
3858,2025-05-06,2025,2,54,0,2,19.32721719,0.7746539,18.55256329,19.00817389,7939.50646,5725.545609,-86.18756371
3859,2025-05-07,2025,2,54,2,2,-89.03846691,0.7746539,-89.81312081,-89.35751021,7850.467993,5635.732488,36.04077876
3860,2025-05-08,2025,2,54,1,1,-33.32885546,0.7746539,-34.10350936,-33.64789876,7817.139137,5601.628979,164.5643294
3861,2025-05-09,2025,2,57,3,0,-27.63650945,0.7746539,-28.41116335,-27.95555275,7789.502628,5573.217815,25.2162072
3862,2025-05-12,2025,2,59,2,0,-175.65837746,0.7746539,-176.43303136,-175.97742076,7613.84425,5396.784784,336.6235165
3863,2025-05-13,2025,2,59,1,1,-8.25155332,0.7746539,-9.02620723,-8.57059663,7605.592697,5387.758577,35.93349752
3864,2025-05-14,2025,2,59,0,0,-13.38550028,0.7746539,-14.16015418,-13.70454358,7592.207197,5373.598423,-63.45770608
3865,2025-05-15,2025,2,59,0,0,-14.18840531,0.7746539,-14.96305921,-14.50744861,7578.018791,5358.635363,69.9149639
3866,2025-05-16,2025,2,59,1,1,57.08691377,0.7746539,56.31225987,56.76787047,7635.105705,5414.947623,86.26047934
3867,2025-05-19,2025,2,59,0,0,49.58161982,0.7746539,48.80696592,49.26257652,7684.687325,5463.754589,-20.03689624
3868,2025-05-20,2025,2,58,0,1,-5.44740721,0.7746539,-6.22206111,-5.76645051,7679.239918,5457.532528,-16.86689358
3869,2025-05-21,2025,2,59,1,0,80.42856692,0.7746539,79.65391301,80.10952361,7759.668485,5537.186441,-248.81090021
3870,2025-05-22,2025,2,59,0,0,9.30406233,0.7746539,8.52940843,8.98501903,7768.972547,5545.71585,1.38006182
3871,2025-05-23,2025,2,57,0,2,89.77180754,0.7746539,88.99715364,89.45276424,7858.744355,5634.713003,-35.4751745
3872,2025-05-27,2025,2,60,3,0,-77.73883142,0.7746539,-78.51348532,-78.05787472,7781.005523,5556.199518,213.87712849
3873,2025-05-28,2025,2,60,0,0,70.91594766,0.7746539,70.14129376,70.59690436,7851.921471,5626.340812,-93.99638807
3874,2025-05-29,2025,2,60,0,0,-44.87538314,0.7746539,-45.65003704,-45.19442644,7807.046088,5580.690775,32.23202412
3875,2025-05-30,2025,2,59,0,1,98.7030542,0.7746539,97.9284003,98.3840109,7905.749142,5678.619175,-27.87946581
3876,2025-06-02,2025,2,58,0,1,104.46311559,0.7746539,103.68846169,104.14407229,8010.212257,5782.307637,22.84512346
3877,2025-06-03,2025,2,59,1,0,-76.6999205,0.7746539,-77.4745744,-77.0189638,7933.512337,5704.833062,122.81794709
3878,2025-06-04,2025,2,59,0,0,43.89752808,0.7746539,43.12287418,43.57848478,7977.409865,5747.955936,-4.61591282
3879,2025-06-05,2025,2,60,1,0,8.2742095,0.7746539,7.4995556,7.9551662,7985.684075,5755.455492,-9.61236669
3880,2025-06-06,2025,2,60,1,1,-18.6364246,0.7746539,-19.4110785,-18.9554679,7967.04765,5736.044414,107.71431154
3881,2025-06-09,2025,2,61,1,0,-50.58795565,0.7746539,-51.36260955,-50.90699895,7916.459694,5684.681804,42.435925
3882,2025-06-10,2025,2,62,1,0,-103.32162426,0.7746539,-104.09627816,-103.64066756,7813.13807,5580.585526,57.71707935
3883,2025-06-11,2025,2,62,0,0,57.41428295,0.7746539,56.63962904,57.09523964,7870.552353,5637.225155,-33.75416108
3884,2025-06-12,2025,2,66,4,0,-19.26119355,0.7746539,-20.03584745,-19.58023685,7851.291159,5617.189307,-13.82246103
3885,2025-06-13,2025,2,66,0,0,39.3326999,0.7746539,38.558046,39.0136566,7890.623859,5655.747353,-163.32038963
3886,2025-06-16,2025,2,66,0,0,19.86492189,0.7746539,19.09026799,19.54587859,7910.488781,5674.837621,101.87537507
3887,2025-06-17,2025,2,65,0,1,2.3300022,0.7746539,1.5553483,2.0109589,7912.818783,5676.39297,-110.30827787
3888,2025-06-18,2025,2,63,0,2,25.56110178,0.7746539,24.78644788,25.24205848,7938.379885,5701.179418,28.76265783
3889,2025-06-20,2025,2,64,1,0,19.87383968,0.7746539,19.09918578,19.55479638,7958.253725,5720.278603,-14.83732509
3890,2025-06-23,2025,2,64,0,0,68.66002664,0.7746539,67.88537274,68.34098334,8026.913752,5788.163976,72.59222805
3891,2025-06-24,2025,2,64,0,0,-20.12759439,0.7746539,-20.90224829,-20.44663769,8006.786157,5767.261728,122.85641946
3892,2025-06-25,2025,2,63,0,1,-3.96164342,0.7746539,-4.73629732,-4.28068672,8002.824514,5762.52543,-85.86438435
3893,2025-06-26,2025,2,63,0,0,-10.04238718,0.7746539,-10.81704108,-10.36143048,7992.782127,5751.708389,126.37506652
3894,2025-06-27,2025,2,64,1,0,-32.30564238,0.7746539,-33.08029628,-32.62468568,7960.476484,5718.628093,8.32390517
3895,2025-06-30,2025,2,62,0,2,76.80378189,0.7746539,76.02912799,76.48473859,8037.280266,5794.657221,36.96070087
3896,2025-07-01,2025,2,63,1,0,-239.22454838,0.7746539,-239.99920228,-239.54359168,7798.055718,5554.658019,106.69932174
3897,2025-07-02,2025,2,63,0,0,-35.45874951,0.7746539,-36.23340341,-35.77779281,7762.596968,5518.424615,96.17585137
3898,2025-07-03,2025,2,63,0,0,103.96754353,0.7746539,103.19288962,103.64850022,7866.564512,5621.617505,74.56222463
3899,2025-07-07,2025,2,63,0,0,35.3599012,0.7746539,34.5852473,35.0408579,7901.924413,5656.202752,-126.9698369
3900,2025-07-08,2025,2,63,0,0,-135.06057892,0.7746539,-135.83523282,-135.37962222,7766.863834,5520.367519,57.23306681
3901,2025-07-09,2025,2,61,0,2,72.37328332,0.7746539,71.59862942,72.05424002,7839.237117,5591.966149,53.30567619
3902,2025-07-10,2025,2,62,1,0,-21.69964214,0.7746539,-22.47429604,-22.01868544,7817.537475,5569.491853,64.77435564
3903,2025-07-11,2025,2,63,2,1,11.38498381,0.7746539,10.61032991,11.06594051,7828.922459,5580.102183,-96.08483204
3904,2025-07-14,2025,2,64,1,0,176.22397395,0.7746539,175.44932004,175.90493064,8005.146433,5755.551503,37.76715466
3905,2025-07-15,2025,2,64,0,0,145.89318732,0.7746539,145.11853342,145.57414402,8151.03962,5900.670036,-151.42707917
3906,2025-07-16,2025,2,62,0,2,-1.77992588,0.7746539,-2.55457978,-2.09896918,8149.259694,5898.115456,59.63212054
3907,2025-07-17,2025,2,62,0,0,-35.69165978,0.7746539,-36.46631368,-36.01070308,8113.568035,5861.649143,112.1545725
3908,2025-07-18,2025,2,60,0,2,41.1701836,0.7746539,40.3955297,40.8511403,8154.738218,5902.044672,-35.31640842
3909,2025-07-21,2025,2,60,0,0,93.16201022,0.7746539,92.38735632,92.84296692,8247.900228,5994.432029,-13.48915903
3910,2025-07-22,2025,2,60,0,0,-169.27163343,0.7746539,-170.04628733,-169.59067673,8078.628595,5824.385741,130.12353813
3911,2025-07-23,2025,2,60,0,0,50.42565687,0.7746539,49.65100297,50.10661357,8129.054252,5874.036744,108.53055534
3912,2025-07-24,2025,2,61,1,0,-38.27028865,0.7746539,-39.04494255,-38.58933195,8090.783963,5834.991802,-80.08392206
3913,2025-07-25,2025,2,62,1,0,-9.78512023,0.7746539,-10.55977413,-10.10416353,8080.998843,5824.432028,27.46326294
3914,2025-07-28,2025,2,62,0,0,-12.53772811,0.7746539,-13.31238201,-12.85677141,8068.461115,5811.119646,-46.9136813
3915,2025-07-29,2025,2,61,0,1,-34.2469628,0.7746539,-35.02161671,-34.56600611,8034.214152,5776.098029,-46.88902916
3916,2025-07-30,2025,2,60,1,2,45.15537763,0.7746539,44.38072373,44.83633433,8079.36953,5820.478753,-76.39941498
3917,2025-07-31,2025,2,60,1,1,147.54556282,0.7746539,146.77090892,147.22651952,8226.915092,5967.249662,-81.12467218
3918,2025-08-01,2025,2,60,0,0,16.02978371,0.7746539,15.25512981,15.71074041,8242.944876,5982.504792,-167.88068911
3919,2025-08-04,2025,2,58,0,2,131.54569004,0.7746539,130.77103614,131.22664674,8374.490566,6113.275828,150.20023528
3920,2025-08-05,2025,2,59,1,0,66.6122889,0.7746539,65.837635,66.2932456,8441.102855,6179.113463,22.80073256
3921,2025-08-06,2025,2,60,1,0,165.42097255,0.7746539,164.64631864,165.10192924,8606.523828,6343.759781,8.67881883
3922,2025-08-07,2025,2,59,1,2,92.31055211,0.7746539,91.53589821,91.99150881,8698.83438,6435.29568,-1.98604734
3923,2025-08-08,2025,2,58,0,1,42.58228217,0.7746539,41.80762827,42.26323887,8741.416662,6477.103308,3.44837505
3924,2025-08-11,2025,2,58,0,0,21.19986034,0.7746539,20.42520644,20.88081704,8762.616522,6497.528514,-51.28543418
3925,2025-08-12,2025,2,57,1,2,-7.32776728,0.7746539,-8.10242118,-7.64681058,8755.288755,6489.426093,208.88606092
3926,2025-08-13,2025,2,58,1,0,-144.20692991,0.7746539,-144.98158381,-144.52597321,8611.081825,6344.444509,181.1665772
3927,2025-08-14,2025,2,57,0,1,-79.57017207,0.7746539,-80.34482597,-79.88921537,8531.511653,6264.099683,-100.50547994
3928,2025-08-15,2025,2,56,1,2,61.78772542,0.7746539,61.01307152,61.46868211,8593.299378,6325.112755,-24.03856699
3929,2025-08-18,2025,2,56,0,0,88.61300245,0.7746539,87.83834855,88.29395915,8681.912381,6412.951103,17.46274698
3930,2025-08-19,2025,2,55,0,1,-269.74440486,0.7746539,-270.51905877,-270.06344817,8412.167976,6142.432045,-16.66863345
3931,2025-08-20,2025,2,56,1,0,33.35038377,0.7746539,32.57572987,33.03134047,8445.51836,6175.007774,-20.88704359
3932,2025-08-21,2025,2,56,0,0,80.04893623,0.7746539,79.27428233,79.72989293,8525.567296,6254.282057,-3.30343222
3933,2025-08-22,2025,2,56,0,0,60.89499301,0.7746539,60.1203391,60.5759497,8586.462289,6314.402396,296.09235428
3934,2025-08-25,2025,2,57,1,0,34.96891999,0.7746539,34.19426608,34.64987668,8621.431209,6348.596662,-83.42430604
3935,2025-08-26,2025,2,57,1,1,72.55713711,0.7746539,71.78248321,72.23809381,8693.988346,6420.379145,21.99962188
3936,2025-08-27,2025,2,56,0,1,-77.48133922,0.7746539,-78.25599312,-77.80038252,8616.507007,6342.123152,51.6131671
3937,2025-08-28,2025,2,57,1,0,74.03300013,0.7746539,73.25834623,73.71395683,8690.540007,6415.381498,5.64298276
3938,2025-08-29,2025,2,56,0,1,-58.21759133,0.7746539,-58.99224524,-58.53663464,8632.322416,6356.389253,-19.08680448
3939,2025-09-02,2025,2,57,2,1,35.59786233,0.7746539,34.82320843,35.27881903,8667.920278,6391.212461,-48.45430607
3940,2025-09-03,2025,2,56,0,1,28.92491744,0.7746539,28.15026354,28.60587414,8696.845196,6419.362725,-21.81514337
3941,2025-09-04,2025,2,56,0,0,10.29470357,0.7746539,9.52004967,9.97566027,8707.139899,6428.882775,81.89117538
3942,2025-09-05,2025,2,55,0,1,39.23456623,0.7746539,38.45991233,38.91552293,8746.374465,6467.342687,55.92352495
3943,2025-09-08,2025,2,56,1,0,101.4080094,0.7746539,100.6333555,101.0889661,8847.782475,6567.976042,4.07584122
3944,2025-09-09,2025,2,57,1,0,108.17159052,0.7746539,107.39693662,107.85254722,8955.954065,6675.372979,-39.23001743
3945,2025-09-10,2025,2,57,0,0,43.77742353,0.7746539,43.00276963,43.45838023,8999.731489,6718.375749,-19.89648999
3946,2025-09-11,2025,2,58,1,0,29.73930596,0.7746539,28.96465206,29.42026265,9029.470795,6747.340401,164.19588769
3947,2025-09-12,2025,2,58,0,0,107.67795567,0.7746539,106.90330177,107.35891237,9137.14875,6854.243703,-99.56683311
3948,2025-09-15,2025,2,58,0,0,-54.04236125,0.7746539,-54.81701515,-54.36140455,9083.106389,6799.426687,-4.80583592
3949,2025-09-16,2025,2,58,1,1,-92.95176741,0.7746539,-93.72642131,-93.27081071,8990.154622,6705.700266,-11.47893843
3950,2025-09-17,2025,2,58,0,0,31.85555091,0.7746539,31.08089701,31.53650761,9022.010173,6736.781163,15.08320523
3951,2025-09-18,2025,2,60,2,0,26.84476216,0.7746539,26.07010825,26.52571885,9048.854935,6762.851271,136.85319968
3952,2025-09-19,2025,2,60,0,0,155.19161197,0.7746539,154.41695807,154.87256867,9204.046547,6917.268229,-68.26327768
3953,2025-09-22,2025,2,59,0,1,74.66058856,0.7746539,73.88593466,74.34154525,9278.707135,6991.154164,22.57011698
3954,2025-09-23,2025,2,60,1,0,-41.253525,0.7746539,-42.0281789,-41.5725683,9237.45361,6949.125985,-21.95065305
3955,2025-09-24,2025,2,59,0,1,-148.91630331,0.7746539,-149.69095722,-149.23534662,9088.537307,6799.435028,-30.23738067
3956,2025-09-25,2025,2,59,0,0,24.16468279,0.7746539,23.39002889,23.84563949,9112.70199,6822.825057,-85.48440816
3957,2025-09-26,2025,2,58,0,1,-43.76607704,0.7746539,-44.54073094,-44.08512034,9068.935913,6778.284326,98.17815267
3958,2025-09-29,2025,2,58,0,0,122.74419926,0.7746539,121.96954536,122.42515596,9191.680112,6900.253871,16.83569226
3959,2025-09-30,2025,2,58,0,0,-42.09287981,0.7746539,-42.86753372,-42.41192312,9149.587232,6857.386338,-1.72626275
3960,2025-10-01,2025,2,58,0,0,-8.33154203,0.7746539,-9.10619593,-8.65058533,9141.25569,6848.280142,16.81499624
3961,2025-10-02,2025,2,58,0,0,115.50916253,0.7746539,114.73450863,115.19011923,9256.764853,6963.01465,35.61725801
3962,2025-10-03,2025,2,57,0,1,-84.98472401,0.7746539,-85.75937791,-85.30376731,9171.780129,6877.255272,46.02816305
3963,2025-10-06,2025,2,57,0,0,45.35339802,0.7746539,44.57874412,45.03435472,9217.133527,6921.834016,-10.28091221
3964,2025-10-07,2025,2,58,1,0,-35.57981236,0.7746539,-36.35446627,-35.89885567,9181.553714,6885.47955,-101.99730981
3965,2025-10-08,2025,2,58,0,0,97.72088695,0.7746539,96.94623304,97.40184364,9279.274601,6982.425783,61.63535912
3966,2025-10-09,2025,2,58,1,1,1.92562334,0.7746539,1.15096944,1.60658004,9281.200225,6983.576753,-93.28582775
3967,2025-10-10,2025,2,57,0,1,-131.73528505,0.7746539,-132.50993895,-132.05432835,9149.46494,6851.066814,-275.79486844
3968,2025-10-13,2025,2,57,0,0,286.21147862,0.7746539,285.43682471,285.89243531,9435.676418,7136.503638,184.06851742
3969,2025-10-14,2025,2,58,1,0,25.03459268,0.7746539,24.25993878,24.71554938,9460.711011,7160.763577,104.41694355
3970,2025-10-15,2025,2,59,1,0,132.3395353,0.7746539,131.5648814,132.020492,9593.050546,7292.328459,55.97680502
3971,2025-10-16,2025,2,60,1,0,-2.39953008,0.7746539,-3.17418398,-2.71857338,9590.651016,7289.154275,-122.32177826
3972,2025-10-17,2025,2,59,0,1,-227.781374,0.7746539,-228.55602791,-228.10041731,9362.869642,7060.598247,0.86017557
3973,2025-10-20,2025,2,59,0,0,78.43315424,0.7746539,77.65850034,78.11411094,9441.302796,7138.256747,153.35011489
3974,2025-10-21,2025,2,59,0,0,-232.10934542,0.7746539,-232.88399932,-232.42838872,9209.193451,6905.372748,9.84922251
3975,2025-10-22,2025,2,61,2,0,-113.33851331,0.7746539,-114.11316721,-113.65755661,9095.854938,6791.259581,-84.02290827
3976,2025-10-23,2025,2,59,0,2,147.58445791,0.7746539,146.80980401,147.26541461,9243.439396,6938.069385,96.93651162
3977,2025-10-24,2025,2,60,1,0,152.10970727,0.7746539,151.33505337,151.79066397,9395.549103,7089.404438,59.74825198
3978,2025-10-27,2025,2,61,1,0,41.61215333,0.7746539,40.83749943,41.29311003,9437.161256,7130.241937,50.26433054
3979,2025-10-28,2025,2,61,0,0,21.86556287,0.7746539,21.09090897,21.54651957,9459.026819,7151.332846,-70.94590959
3980,2025-10-29,2025,2,62,1,0,160.18257555,0.7746539,159.40792165,159.86353225,9619.209395,7310.740768,-92.69263206
3981,2025-10-30,2025,2,61,0,1,-76.86922384,0.7746539,-77.64387774,-77.18826714,9542.340171,7233.09689,-68.38942586
3982,2025-10-31,2025,2,59,0,2,70.14836355,0.7746539,69.37370965,69.82932025,9612.488534,7302.4706,46.45487266
3983,2025-11-03,2025,2,59,0,0,-56.64682075,0.7746539,-57.42147465,-56.96586405,9555.841714,7245.049125,-31.9769273
3984,2025-11-04,2025,2,59,0,0,-307.9706358,0.7746539,-308.74528971,-308.28967911,9247.871078,6936.303836,-152.78966388
3985,2025-11-05,2025,2,59,0,0,244.52028962,0.7746539,243.74563572,244.20124632,9492.391367,7180.049471,108.5660424
3986,2025-11-06,2025,2,60,1,0,-183.55006508,0.7746539,-184.32471898,-183.86910838,9308.841302,6995.724752,-128.99494324
3987,2025-11-07,2025,2,60,0,0,-20.24642315,0.7746539,-21.02107706,-20.56546646,9288.594879,6974.703675,98.00515417
3988,2025-11-10,2025,2,60,0,0,179.74789918,0.7746539,178.97324528,179.42885588,9468.342778,7153.67692,93.49623587
3989,2025-11-11,2025,2,60,1,1,-82.96132296,0.7746539,-83.73597686,-83.28036626,9385.381455,7069.940944,33.07195758
3990,2025-11-12,2025,2,58,0,2,-59.76943869,0.7746539,-60.54409259,-60.08848199,9325.612017,7009.396851,7.89616161
3991,2025-11-13,2025,2,54,0,4,-310.76445162,0.7746539,-311.53910552,-311.08349492,9014.847565,6697.857746,-189.61850988
3992,2025-11-14,2025,2,53,0,1,22.76114172,0.7746539,21.98648782,22.44209842,9037.608707,6719.844233,-28.25424298
3993,2025-11-17,2025,2,52,0,1,-31.38840641,0.7746539,-32.16306031,-31.70744971,9006.2203,6687.681173,-161.88394945
3994,2025-11-18,2025,2,52,1,1,-13.4113449,0.7746539,-14.1859988,-13.7303882,8992.808955,6673.495174,38.06152485
3995,2025-11-19,2025,2,52,0,0,97.67567797,0.7746539,96.90102407,97.35663467,9090.484633,6770.396198,-21.4881191
3996,2025-11-20,2025,2,53,1,0,-381.98211323,0.7746539,-382.75676714,-382.30115654,8708.50252,6387.639431,-150.25562127
3997,2025-11-21,2025,2,52,0,1,-102.16357701,0.7746539,-102.93823091,-102.48262031,8606.338943,6284.7012,233.47941406
3998,2025-11-24,2025,2,51,0,1,428.91729245,0.7746539,428.14263855,428.59824915,9035.256236,6712.843839,103.68846121
3999,2025-11-25,2025,2,52,1,0,-55.98179519,0.7746539,-56.75644909,-56.30083849,8979.27444,6656.08739,199.16365827
4000,2025-11-26,2025,2,53,1,0,218.59481822,0.7746539,217.82016431,218.27577491,9197.869259,6873.907554,85.25614015
4001,2025-11-28,2025,2,53,0,0,123.09772598,0.7746539,122.32307207,122.77868267,9320.966985,6996.230626,64.72254235
4002,2025-12-01,2025,2,55,2,0,-96.28207011,0.7746539,-97.05672402,-96.60111342,9224.684915,6899.173902,-72.63990413
4003,2025-12-02,2025,2,53,1,3,-29.82752417,0.7746539,-30.60217807,-30.14656747,9194.85739,6868.571724,-14.39391044
4004,2025-12-03,2025,2,50,0,3,-40.92828729,0.7746539,-41.70294119,-41.24733059,9153.929103,6826.868783,121.55103177
4005,2025-12-04,2025,2,50,0,0,170.67613106,0.7746539,169.90147716,170.35708776,9324.605234,6996.77026,27.97920186
4006,2025-12-05,2025,2,50,1,1,-38.34409753,0.7746539,-39.11875143,-38.66314083,9286.261137,6957.651509,-17.40135389
4007,2025-12-08,2025,2,50,0,0,146.90301319,0.7746539,146.12835929,146.58396988,9433.16415,7103.779868,-44.32166684
4008,2025-12-09,2025,2,49,0,1,95.08561812,0.7746539,94.31096422,94.76657482,9528.249768,7198.090832,9.51379164
4009,2025-12-10,2025,2,49,0,0,-35.79748237,0.7746539,-36.57213627,-36.11652567,9492.452286,7161.518696,143.52694733
4010,2025-12-11,2025,2,50,1,0,85.51780543,0.7746539,84.74315152,85.19876212,9577.970091,7246.261847,72.35248516
4011,2025-12-12,2025,2,51,1,0,-232.34720061,0.7746539,-233.12185451,-232.66624391,9345.62289,7013.139993,-87.10640409
4012,2025-12-15,2025,2,53,2,0,-120.26021003,0.7746539,-121.03486393,-120.57925334,9225.36268,6892.105129,-41.87950742
4013,2025-12-16,2025,2,53,1,1,-19.42218687,0.7746539,-20.19684077,-19.74123017,9205.940493,6871.908288,-54.36103274
4014,2025-12-17,2025,2,54,1,0,-169.53473556,0.7746539,-170.30938946,-169.85377886,9036.405758,6701.598899,-40.21627842
4015,2025-12-18,2025,2,54,0,0,145.45812612,0.7746539,144.68347222,145.13908282,9181.863884,6846.282371,36.86611542
4016,2025-12-19,2025,2,53,1,2,232.87409903,0.7746539,232.09944513,232.55505573,9414.737983,7078.381816,66.64372972
4017,2025-12-22,2025,2,53,0,0,107.3527396,0.7746539,106.5780857,107.0336963,9522.090723,7184.959902,97.30409859
4018,2025-12-23,2025,2,53,0,0,-23.67297098,0.7746539,-24.44762488,-23.99201428,9498.417752,7160.512277,-42.53265334
4019,2025-12-24,2025,2,53,1,1,-23.81666421,0.7746539,-24.59131811,-24.13570751,9474.601087,7135.920959,35.02112683
4020,2025-12-26,2025,2,53,0,0,16.8060445,0.7746539,16.0313906,16.4870012,9491.407132,7151.952349,-12.45550225
4021,2025-12-29,2025,2,53,0,0,-178.49325424,0.7746539,-179.26790814,-178.81229754,9312.913878,6972.684441,-53.76716758
4022,2025-12-30,2025,2,54,1,0,-16.41935384,0.7746539,-17.19400774,-16.73839714,9296.494524,6955.490433,-34.36986817
4023,2025-12-31,2025,2,56,2,0,17.18899735,0.7746539,16.41434345,16.86995405,9313.683521,6971.904777,-78.82961094
4024,2026-01-02,2026,2,56,0,0,105.58492355,0.7746539,104.81026965,105.26588025,9419.268445,7076.715046,71.09683109
4025,2026-01-05,2026,2,57,1,0,33.05268349,0.7746539,32.27802959,32.73364019,9452.321128,7108.993076,123.12159203
4026,2026-01-06,2026,2,57,1,1,211.85818147,0.7746539,211.08352757,211.53913817,9664.17931,7320.076604,131.75079389
4027,2026-01-07,2026,2,58,1,0,80.58502846,0.7746539,79.81037456,80.26598516,9744.764338,7399.886978,-46.45212158
4028,2026-01-08,2026,2,59,1,0,-156.27455677,0.7746539,-157.04921067,-156.59360007,9588.489781,7242.837768,89.33094588
4029,2026-01-09,2026,2,60,1,0,51.54310199,0.7746539,50.76844809,51.22405869,9640.032883,7293.606216,55.60931502
4030,2026-01-12,2026,2,60,0,0,195.55321644,0.7746539,194.77856254,195.23417314,9835.5861,7488.384778,36.01555708
4031,2026-01-13,2026,2,60,0,0,20.73753385,0.7746539,19.96287995,20.41849055,9856.323634,7508.347658,-7.62127478
4032,2026-01-14,2026,2,60,0,0,-10.74127018,0.7746539,-11.51592408,-11.06031348,9845.582363,7496.831734,55.54004227
4033,2026-01-15,2026,2,60,0,0,-12.68564916,0.7746539,-13.46030306,-13.00469246,9832.896714,7483.371431,58.64177489
4034,2026-01-16,2026,2,61,1,0,-2.65975711,0.7746539,-3.43441101,-2.97880041,9830.236957,7479.93702,-30.08818238
4035,2026-01-20,2026,2,60,0,1,221.64337957,0.7746539,220.86872567,221.32433626,10051.880337,7700.805746,-111.45260497
4036,2026-01-21,2026,2,58,0,2,-83.91195527,0.7746539,-84.68660917,-84.23099857,9967.968382,7616.119136,175.35975715
4037,2026-01-22,2026,2,58,0,0,127.36438156,0.7746539,126.58972766,127.04533826,10095.332763,7742.708864,62.70946995
4038,2026-01-23,2026,2,58,0,0,-0.47220901,0.7746539,-1.24686291,-0.79125231,10094.860554,7741.462001,-84.39255671
4039,2026-01-26,2026,2,57,0,1,-1.61303672,0.7746539,-2.38769062,-1.93208002,10093.247517,7739.074311,-1.71905276
4040,2026-01-27,2026,2,57,0,0,228.94371725,0.7746539,228.16906335,228.62467395,10322.191235,7967.243374,-2.40160156
4041,2026-01-28,2026,2,56,0,1,23.99781915,0.7746539,23.22316524,23.67877584,10346.189054,7990.466539,-58.09551414
4042,2026-01-29,2026,2,57,1,0,-138.54202403,0.7746539,-139.31667794,-138.86106734,10207.64703,7851.149861,10.17343741
4043,2026-01-30,2026,2,57,0,0,-430.22538919,0.7746539,-431.0000431,-430.5444325,9777.421641,7420.149818,-103.63166247
4044,2026-02-02,2026,2,56,0,1,51.93842428,0.7746539,51.16377038,51.61938098,9829.360065,7471.313589,58.52766048
4045,2026-02-03,2026,2,55,0,1,191.11636984,0.7746539,190.34171593,190.79732653,10020.476435,7661.655304,-28.05402233
4046,2026-02-04,2026,2,55,0,0,-428.22671892,0.7746539,-429.00137283,-428.54576223,9592.249716,7232.653932,29.73641235
4047,2026-02-05,2026,2,54,0,1,-207.79769992,0.7746539,-208.57235382,-208.11674322,9384.452016,7024.081578,-155.41350459
4048,2026-02-06,2026,2,54,0,0,422.41915607,0.7746539,421.64450217,422.10011277,9806.871172,7445.72608,292.52094046
4049,2026-02-09,2026,2,56,2,0,356.59500788,0.7746539,355.82035398,356.27596458,10163.46618,7801.546434,28.47604788
4050,2026-02-10,2026,2,54,0,2,14.10469943,0.7746539,13.33004553,13.78565613,10177.570879,7814.876479,31.08957577
4051,2026-02-11,2026,2,54,0,0,70.80190099,0.7746539,70.02724709,70.48285769,10248.37278,7884.903727,-40.58814954
4052,2026-02-12,2026,2,56,2,0,-139.67245735,0.7746539,-140.44711125,-139.99150065,10108.700323,7744.456615,-196.56606912
4053,2026-02-13,2026,2,58,2,0,102.93633748,0.7746539,102.16168358,102.61729418,10211.63666,7846.618299,95.86535018
4054,2026-02-17,2026,2,59,1,0,-30.14131456,0.7746539,-30.91596846,-30.46035786,10181.495346,7815.70233,-9.42829335
4055,2026-02-18,2026,2,59,1,1,31.80648582,0.7746539,31.03183192,31.48744252,10213.301832,7846.734162,78.40024553
4056,2026-02-19,2026,2,58,0,1,103.73040854,0.7746539,102.95575464,103.41136524,10317.03224,7949.689917,-8.29843676
4057,2026-02-20,2026,2,58,1,1,17.81941909,0.7746539,17.04476519,17.50037579,10334.851659,7966.734682,36.36353031
4058,2026-02-23,2026,2,57,0,1,171.32453016,0.7746539,170.54987626,171.00548686,10506.176189,8137.284558,-170.29212776
4059,2026-02-24,2026,2,57,0,0,78.57099494,0.7746539,77.79634103,78.25195163,10584.747184,8215.080899,106.63839033
4060,2026-02-25,2026,2,57,0,0,110.44362648,0.7746539,109.66897257,110.12458317,10695.190811,8324.749872,33.93209579
4061,2026-02-26,2026,2,57,0,0,-10.76606521,0.7746539,-11.54071911,-11.08510851,10684.424746,8313.209153,71.12698101
4062,2026-02-27,2026,2,58,1,0,-88.17748478,0.7746539,-88.95213868,-88.49652808,10596.247261,8224.257014,-64.32824858
4063,2026-03-02,2026,2,59,1,0,131.95584394,0.7746539,131.18119004,131.63680064,10728.203105,8355.438204,40.73993678
4064,2026-03-03,2026,2,58,0,1,-425.18738153,0.7746539,-425.96203544,-425.50642484,10303.015723,7929.476169,-143.10412102
4065,2026-03-04,2026,2,59,1,0,154.82191452,0.7746539,154.04726061,154.50287121,10457.837638,8083.523429,64.56662565
4066,2026-03-05,2026,2,60,1,0,-206.44943975,0.7746539,-207.22409365,-206.76848305,10251.388198,7876.299336,-98.34480532
4067,2026-03-06,2026,2,62,2,0,-174.57310357,0.7746539,-175.34775747,-174.89214687,10076.815094,7700.951578,-161.70972828
4068,2026-03-09,2026,2,62,0,0,231.48058262,0.7746539,230.70592872,231.16153932,10308.295677,7931.657507,40.23439678
4069,2026-03-10,2026,2,63,2,1,235.88454208,0.7746539,235.10988818,235.56549878,10544.180219,8166.767395,-49.520177
4070,2026-03-11,2026,2,63,0,0,4.96820244,0.7746539,4.19354854,4.64915914,10549.148422,8170.960944,-16.64249121
4071,2026-03-12,2026,2,62,0,1,-166.10629017,0.7746539,-166.88094408,-166.42533348,10383.042131,8004.08,-196.88965952
4072,2026-03-13,2026,2,63,1,0,-110.54084786,0.7746539,-111.31550176,-110.85989116,10272.501283,7892.764498,-28.92539225
4073,2026-03-16,2026,2,63,0,0,163.28548138,0.7746539,162.51082748,162.96643808,10435.786765,8055.275325,84.43116021
4074,2026-03-17,2026,2,63,0,0,-36.69318008,0.7746539,-37.46783398,-37.01222338,10399.093585,8017.807491,74.42550086
4075,2026-03-18,2026,2,63,0,0,-91.84370386,0.7746539,-92.61835776,-92.16274716,10307.249881,7925.189134,-142.82312113
4076,2026-03-19,2026,2,63,0,0,36.12112853,0.7746539,35.34647463,35.80208523,10343.371009,7960.535608,15.31341018
4077,2026-03-20,2026,2,65,2,0,-182.37855149,0.7746539,-183.15320539,-182.69759479,10160.992458,7777.382403,-188.98912631
4078,2026-03-23,2026,2,63,0,2,147.45198154,0.7746539,146.67732764,147.13293824,10308.44444,7924.059731,186.81568895
4079,2026-03-24,2026,2,62,0,1,85.35704384,0.7746539,84.58238994,85.03800054,10393.801483,8008.642121,9.43678468
4080,2026-03-25,2026,2,61,0,1,171.89561566,0.7746539,171.12096176,171.57657236,10565.697099,8179.763082,88.85576823
4081,2026-03-26,2026,2,60,1,2,-349.9197649,0.7746539,-350.6944188,-350.2388082,10215.777334,7829.068663,-110.84765343
4082,2026-03-27,2026,2,60,0,0,122.4682893,0.7746539,121.6936354,122.149246,10338.245623,7950.762299,-161.28639358
4083,2026-03-30,2026,2,61,1,0,-374.42222599,0.7746539,-375.19687989,-374.74126929,9963.823397,7575.565419,-43.08935245
4084,2026-03-31,2026,2,60,0,1,391.83756033,0.7746539,391.06290643,391.51851703,10355.660958,7966.628325,285.73862156
4085,2026-04-01,2026,2,62,2,0,157.51991819,0.7746539,156.74526429,157.20087489,10513.180876,8123.37359,49.8775616
4086,2026-04-02,2026,2,61,0,1,126.70911612,0.7746539,125.93446222,126.39007282,10639.889992,8249.308052,52.71247359
4087,2026-04-06,2026,2,62,1,0,-121.00513692,0.7746539,-121.77979082,-121.32418022,10518.884855,8127.528261,39.3617682
4088,2026-04-07,2026,2,62,0,0,82.33653137,0.7746539,81.56187747,82.01748806,10601.221387,8209.090139,-4.95251256
4089,2026-04-08,2026,2,62,0,0,271.10221633,0.7746539,270.32756243,270.78317303,10872.323603,8479.417701,239.37920546
4090,2026-04-09,2026,2,62,1,1,107.37452807,0.7746539,106.59987417,107.05548477,10979.698131,8586.017575,19.58265899
4091,2026-04-10,2026,2,62,0,0,99.51760644,0.7746539,98.74295254,99.19856314,11079.215737,8684.760528,-55.2077002
4092,2026-04-13,2026,2,62,0,0,90.53290429,0.7746539,89.75825039,90.21386099,11169.748642,8774.518778,146.65629515
4093,2026-04-14,2026,2,62,0,0,109.57761717,0.7746539,108.80296327,109.25857387,11279.326259,8883.321741,66.5804913
4094,2026-04-15,2026,2,62,0,0,-78.05554422,0.7746539,-78.83019812,-78.37458752,11201.270715,8804.491543,41.17679555
4095,2026-04-16,2026,2,62,0,0,106.30921812,0.7746539,105.53456422,105.99017482,11307.579933,8910.026107,52.58132696
4096,2026-04-17,2026,2,63,1,0,51.27246107,0.7746539,50.49780717,50.95341777,11358.852394,8960.523915,166.9536012
4097,2026-04-20,2026,2,62,1,2,106.22897987,0.7746539,105.45432597,105.90993657,11465.081374,9065.978241,41.74982974
4098,2026-04-21,2026,2,62,1,1,-30.6134608,0.7746539,-31.38811471,-30.93250411,11434.467913,9034.590126,-82.37325266
4099,2026-04-22,2026,2,63,1,0,138.95109228,0.7746539,138.17643838,138.63204898,11573.419005,9172.766564,12.13159043
4100,2026-04-23,2026,2,62,0,1,-12.03575574,0.7746539,-12.81040964,-12.35479904,11561.383249,9159.956155,-78.33064632
4101,2026-04-24,2026,2,63,1,0,82.34408225,0.7746539,81.56942835,82.02503895,11643.727332,9241.525583,21.98498563
4102,2026-04-27,2026,2,63,0,0,-85.48641561,0.7746539,-86.26106951,-85.80545891,11558.240916,9155.264513,-2.78015334
4103,2026-04-28,2026,2,62,0,1,-269.79111923,0.7746539,-270.56577313,-270.11016253,11288.449797,8884.69874,-69.97240453
4104,2026-04-29,2026,2,63,1,0,62.07004622,0.7746539,61.29539232,61.75100292,11350.519843,8945.994133,-73.74051643
4105,2026-04-30,2026,2,62,0,1,225.33845495,0.7746539,224.56380105,225.01941165,11575.858298,9170.557934,166.81739843
4106,2026-05-01,2026,2,62,0,0,107.82394581,0.7746539,107.0492919,107.5049025,11683.682244,9277.607226,14.84168664
4107,2026-05-04,2026,2,63,1,0,94.76351426,0.7746539,93.98886036,94.44447096,11778.445758,9371.596086,-60.93559785
4108,2026-05-05,2026,2,62,0,1,77.21439725,0.7746539,76.43974335,76.89535395,11855.660155,9448.035829,96.62370822
4109,2026-05-06,2026,2,62,0,0,194.94894067,0.7746539,194.17428677,194.62989737,12050.609096,9642.210116,80.11768046
4110,2026-05-07,2026,2,62,0,0,-253.52044938,0.7746539,-254.29510328,-253.83949268,11797.088647,9387.915013,-71.81543927
4111,2026-05-08,2026,2,61,0,1,228.28556516,0.7746539,227.51091126,227.96652186,12025.374212,9615.425924,34.00222855
4112,2026-05-11,2026,2,61,0,0,359.65650279,0.7746539,358.88184889,359.33745949,12385.030715,9974.307773,-59.49011972
4113,2026-05-12,2026,2,62,1,0,-106.45765923,0.7746539,-107.23231313,-106.77670254,12278.573055,9867.07546,-65.01736481
4114,2026-05-13,2026,2,62,0,0,156.63121666,0.7746539,155.85656276,156.31217336,12435.204272,10022.932023,-46.36503714
4115,2026-05-14,2026,2,63,1,0,-25.49956015,0.7746539,-26.27421405,-25.81860345,12409.704712,9996.657809,36.07852832
4116,2026-05-15,2026,2,63,0,0,-188.15280328,0.7746539,-188.92745718,-188.47184658,12221.551909,9807.730351,-143.59699041
4117,2026-05-18,2026,2,63,0,0,-347.98459843,0.7746539,-348.75925233,-348.30364173,11873.56731,9458.971099,48.12843557
4118,2026-05-19,2026,2,63,1,1,-45.60387719,0.7746539,-46.37853109,-45.92292049,11827.963433,9412.592568,-80.14037402
4119,2026-05-20,2026,2,62,0,1,145.88706814,0.7746539,145.11241423,145.56802483,11973.850501,9557.704982,188.58541407
4120,2026-05-21,2026,2,62,0,0,163.00276211,0.7746539,162.22810821,162.68371881,12136.853263,9719.93309,48.50239242
4121,2026-05-22,2026,2,63,1,0,12.76649412,0.7746539,11.99184022,12.44745082,12149.619757,9731.924931,72.42144265
4122,2026-05-26,2026,2,63,0,0,237.43650348,0.7746539,236.66184958,237.11746018,12387.056261,9968.58678,95.2030563
4123,2026-05-27,2026,2,64,1,0,-108.77751371,0.7746539,-109.55216762,-109.09655702,12278.278747,9859.034613,7.48640341
4124,2026-05-28,2026,2,63,0,1,-24.35896984,0.7746539,-25.13362374,-24.67801314,12253.919777,9833.900989,42.29118509
4125,2026-05-29,2026,2,64,1,0,-19.26313426,0.7746539,-20.03778816,-19.58217756,12234.656643,9813.863201,-8.42131143
4126,2026-06-01,2026,2,65,1,0,-27.6718549,0.7746539,-28.4465088,-27.9908982,12206.984788,9785.416692,22.09839778
4127,2026-06-02,2026,2,65,0,0,149.64524349,0.7746539,148.87058959,149.32620019,12356.630032,9934.287281,1.55921428
4128,2026-06-03,2026,2,64,0,1,-13.94204225,0.7746539,-14.71669615,-14.26108555,12342.687989,9919.570585,-117.55086553
4129,2026-06-04,2026,2,65,1,0,-120.27975151,0.7746539,-121.05440541,-120.59879481,12222.408238,9798.51618,99.68643722
4130,2026-06-05,2026,2,65,0,0,-623.58862759,0.7746539,-624.36328149,-623.90767089,11598.81961,9174.152898,-183.83135521
4131,2026-06-08,2026,2,66,1,0,73.73331023,0.7746539,72.95865633,73.41426693,11672.55292,9247.111555,-0.5994867
4132,2026-06-09,2026,2,66,0,0,-193.2133396,0.7746539,-193.9879935,-193.5323829,11479.339581,9053.123561,87.95006259
4133,2026-06-10,2026,2,66,0,0,-130.43606704,0.7746539,-131.21072094,-130.75511034,11348.903514,8921.91284,-88.27414646
4134,2026-06-11,2026,2,65,0,1,312.57954373,0.7746539,311.80488983,312.26050043,11661.483058,9233.71773,214.24937113
4135,2026-06-12,2026,2,66,1,0,168.29031619,0.7746539,167.51566229,167.97127289,11829.773374,9401.233392,87.82701889
4136,2026-06-15,2026,2,66,0,0,234.02754352,0.7746539,233.25288962,233.70850022,12063.800917,9634.486282,37.63233793
4137,2026-06-16,2026,2,66,0,0,-169.74830244,0.7746539,-170.52295634,-170.06734574,11894.052615,9463.963326,-38.20729061
4138,2026-06-17,2026,2,66,0,0,170.54815752,0.7746539,169.77350362,170.22911422,12064.600772,9633.736829,-126.82327091
4139,2026-06-18,2026,2,66,0,0,-6.79408728,0.7746539,-7.56874118,-7.11313058,12057.806685,9626.168088,84.77450235
4140,2026-06-22,2026,2,64,0,2,164.9157005,0.7746539,164.14104659,164.59665719,12222.722386,9790.309135,-4.63118573
4141,2026-06-23,2026,2,63,0,1,-332.17088744,0.7746539,-332.94554134,-332.48993074,11890.551498,9457.363593,-14.6651129
4142,2026-06-24,2026,2,65,2,0,-261.97169596,0.7746539,-262.74634986,-262.29073926,11628.579802,9194.617244,70.142126
4143,2026-06-25,2026,2,66,1,0,110.15961908,0.7746539,109.38496518,109.84057578,11738.739421,9304.002209,53.90695048
4144,2026-06-26,2026,2,65,0,1,-219.54667788,0.7746539,-220.32133179,-219.86572119,11519.192743,9083.680877,120.70339084
4145,2026-06-29,2026,2,67,2,0,215.42151131,0.7746539,214.64685741,215.10246801,11734.614255,9298.327734,35.13460485
4146,2026-06-30,2026,2,68,1,0,190.96426378,0.7746539,190.18960988,190.64522048,11925.578518,9488.517344,31.83582039
4147,2026-07-01,2026,2,67,0,1,-349.95910516,0.7746539,-350.73375906,-350.27814846,11575.619413,9137.783585,10.03068779
4148,2026-07-02,2026,2,69,2,0,-299.68266802,0.7746539,-300.45732193,-300.00171133,11275.936745,8837.326263,35.2547776
4149,2026-07-06,2026,2,69,0,0,108.11265507,0.7746539,107.33800117,107.79361177,11384.0494,8944.664264,27.03631404
4150,2026-07-07,2026,2,69,1,1,-263.88626508,0.7746539,-264.66091898,-264.20530838,11120.163135,8680.003345,-53.18680216
4151,2026-07-08,2026,2,68,0,1,153.51545518,0.7746539,152.74080127,153.19641187,11273.67859,8832.744147,-115.53078487
4152,2026-07-09,2026,2,67,0,1,143.45858499,0.7746539,142.68393109,143.13954169,11417.137175,8975.428078,91.44036085
4153,2026-07-10,2026,2,66,0,1,-130.82875233,0.7746539,-131.60340624,-131.14779564,11286.308423,8843.824672,16.2428888
4154,2026-07-13,2026,2,64,0,2,-327.27452067,0.7746539,-328.04917457,-327.59356397,10959.033902,8515.775497,-40.5334486
4155,2026-07-14,2026,2,62,0,2,235.31337348,0.7746539,234.53871958,234.99433018,11194.347276,8750.314217,3.58366095
4156,2026-07-15,2026,2,64,2,0,-171.17228901,0.7746539,-171.94694291,-171.49133231,11023.174987,8578.367274,19.93792698
4157,2026-07-16,2026,2,65,1,0,-546.39310946,0.7746539,-547.16776337,-546.71215277,10476.781877,8031.19951,43.69916775
4158,2026-07-17,2026,2,64,0,1,126.14320737,0.7746539,125.36855347,125.82416407,10602.925085,8156.568064,-52.0161692
4159,2026-07-20,2026,2,64,0,0,15.24991461,0.7746539,14.47526071,14.93087131,10618.174999,8171.043324,-78.23039181
4160,2026-07-21,2026,2,64,0,0,538.17090643,0.7746539,537.39625252,537.85186312,11156.345906,8708.439577,90.67670182
4161,2026-07-22,2026,2,65,1,0,9.58706099,0.7746539,8.81240709,9.26801769,11165.932967,8717.251984,-33.85895489
4162,2026-07-23,2026,2,65,0,0,-52.48940926,0.7746539,-53.26406316,-52.80845256,11113.443558,8663.987921,-77.7124288
4163,2026-07-24,2026,2,65,0,0,-416.04187966,0.7746539,-416.81653356,-416.36092296,10697.401678,8247.171387,38.86950134
4164,2026-07-27,2026,2,64,0,1,-205.15470475,0.7746539,-205.92935865,-205.47374805,10492.246973,8041.242029,87.65216126
4165,2026-07-28,2026,2,64,0,0,-504.1111433,0.7746539,-504.8857972,-504.4301866,9988.13583,7536.356231,65.85136077
4166,2026-07-29,2026,2,66,2,0,-347.82646609,0.7746539,-348.60112,-348.1455094,9640.309364,7187.755111,-114.46910809
4167,2026-07-30,2026,2,66,0,0,806.84238378,0.7746539,806.06772988,806.52334048,10447.151748,7993.822841,75.96080479
4168,2026-07-31,2026,2,66,0,0,48.75719048,0.7746539,47.98253658,48.43814718,10495.908938,8041.805378,-34.65490318
4169,2026-08-03,2026,2,67,1,0,102.15556278,0.7746539,101.38090888,101.83651948,10598.064501,8143.186287,144.88697644
4170,2026-08-04,2026,2,66,1,2,263.15224853,0.7746539,262.37759463,262.83320523,10861.216749,8405.563881,174.25863175
4171,2026-08-05,2026,2,66,0,0,21.80182831,0.7746539,21.02717441,21.48278501,10883.018578,8426.591056,-36.02643741
4172,2026-08-06,2026,2,64,0,2,36.24105501,0.7746539,35.46640111,35.92201171,10919.259633,8462.057457,-72.15227894
4173,2026-08-07,2026,2,65,1,0,48.08110199,0.7746539,47.30644809,47.76205869,10967.340735,8509.363905,126.9382786
4174,2026-08-10,2026,2,66,1,0,-44.88367369,0.7746539,-45.65832759,-45.20271699,10922.457061,8463.705577,-52.43108051
4175,2026-08-11,2026,2,66,0,0,39.9720526,0.7746539,39.1973987,39.6530093,10962.429114,8502.902976,-1.58802144
4176,2026-08-12,2026,2,66,0,0,215.69528693,0.7746539,214.92063303,215.37624363,11178.124401,8717.823609,46.20923855
4177,2026-08-13,2026,2,66,0,0,-151.773891,0.7746539,-152.5485449,-152.0929343,11026.35051,8565.275064,69.85728539
4178,2026-08-14,2026,2,66,0,0,100.40159796,0.7746539,99.62694406,100.08255466,11126.752107,8664.902008,21.19026042
4179,2026-08-17,2026,2,63,0,3,286.93266512,0.7746539,286.15801122,286.61362182,11413.684773,8951.06002,-68.10418978
4180,2026-08-18,2026,2,61,0,2,-265.67938148,0.7746539,-266.45403538,-265.99842478,11148.005391,8684.605984,-96.81091704
4181,2026-08-19,2026,2,61,1,1,-98.48449011,0.7746539,-99.25914402,-98.80353342,11049.520901,8585.34684,80.22304455
4182,2026-08-20,2026,2,61,0,0,-14.813328,0.7746539,-15.5879819,-15.1323713,11034.707573,8569.758858,-80.96300662
4183,2026-08-21,2026,2,60,0,1,-68.33722245,0.7746539,-69.11187635,-68.65626575,10966.370351,8500.646982,74.5742476
4184,2026-08-24,2026,2,60,0,0,-241.87777986,0.7746539,-242.65243377,-242.19682317,10724.492571,8257.994548,-36.53275065
4185,2026-08-25,2026,2,59,0,1,199.92303452,0.7746539,199.14838061,199.60399121,10924.415605,8457.142929,21.55355822
4186,2026-08-26,2026,2,58,0,1,31.98002315,0.7746539,31.20536925,31.66097985,10956.395628,8488.348298,5.12250782
