root,code,date,old,new,pct,file,layout
6A,AD,2008-02-28,1800.0,1600.0,-0.111111,AD_2008_to_present__20150528074857.pdf,H
6A,AD,2008-03-18,1600.0,1700.0,0.062500,AD_2008_to_present__20150528074857.pdf,H
6A,AD,2008-03-25,1700.0,1800.0,0.058824,AD_2008_to_present__20150528074857.pdf,H
6A,AD,2008-05-16,1800.0,1600.0,-0.111111,AD_2008_to_present__20150528074857.pdf,H
6A,AD,2008-07-17,1600.0,1500.0,-0.062500,AD_2008_to_present__20150528074857.pdf,H
6A,AD,2008-07-30,1500.0,1350.0,-0.100000,AD_2008_to_present__20150528074857.pdf,H
6A,AD,2008-08-13,1350.0,1500.0,0.111111,AD_2008_to_present__20150528074857.pdf,H
6A,AD,2008-09-04,1500.0,2000.0,0.333333,AD_2008_to_present__20150528074857.pdf,H
6A,AD,2008-09-24,2000.0,2200.0,0.100000,AD_2008_to_present__20150528074857.pdf,H
6A,AD,2008-10-02,2200.0,2700.0,0.227273,AD_2008_to_present__20150528074857.pdf,H
6A,AD,2008-10-09,2700.0,3200.0,0.185185,AD_2008_to_present__20150528074857.pdf,H
6A,AD,2008-10-10,3200.0,4000.0,0.250000,AD_2008_to_present__20150528074857.pdf,H
6A,AD,2008-10-20,4000.0,4700.0,0.175000,AD_2008_to_present__20150528074857.pdf,H
6A,AD,2008-11-26,4700.0,4000.0,-0.148936,AD_2008_to_present__20150528074857.pdf,H
6A,AD,2009-03-06,4000.0,3500.0,-0.125000,AD_2008_to_present__20150528074857.pdf,H
6A,AD,2009-05-01,3500.0,2500.0,-0.285714,AD_2008_to_present__20150528074857.pdf,H
6A,AD,2010-03-09,2500.0,1800.0,-0.280000,AD_2008_to_present__20150528074857.pdf,H
6A,AD,2010-05-10,1800.0,2000.0,0.111111,AD_2008_to_present__20150528074857.pdf,H
6A,AD,2010-08-16,2000.0,2200.0,0.100000,AD_2008_to_present__20150528074857.pdf,H
6A,AD,2010-11-19,2200.0,2400.0,0.090909,AD_2008_to_present__20150528074857.pdf,H
6A,AD,2011-01-07,2400.0,2100.0,-0.125000,AD_2008_to_present__20150528074857.pdf,H
6A,AD,2011-05-10,2100.0,1750.0,-0.166667,AD_2008_to_present__20150528074857.pdf,H
6A,AD,2011-08-08,1750.0,2275.0,0.300000,AD_2008_to_present__20150528074857.pdf,H
6A,AD,2011-08-11,2275.0,2600.0,0.142857,AD_2008_to_present__20150528074857.pdf,H
6A,AD,2011-12-05,2600.0,3200.0,0.230769,AD_2008_to_present__20150528074857.pdf,H
6A,AD,2012-01-17,3200.0,2800.0,-0.125000,AD_2008_to_present__20150528074857.pdf,H
6A,AD,2012-06-04,2800.0,2500.0,-0.107143,AD_2008_to_present__20150528074857.pdf,H
6A,AD,2012-10-23,2500.0,2250.0,-0.100000,AD_2008_to_present__20150528074857.pdf,H
6A,AD,2012-11-20,2250.0,1800.0,-0.200000,AD_2008_to_present__20150528074857.pdf,H
6A,AD,2013-01-15,1800.0,1500.0,-0.166667,AD_2008_to_present__20150528074857.pdf,H
6A,AD,2013-06-04,1500.0,1830.0,0.220000,AD_2008_to_present__20150528074857.pdf,H
6A,AD,2013-11-22,1830.0,1650.0,-0.098361,AD_2008_to_present__20150528074857.pdf,H
6A,AD,2014-02-07,1650.0,1850.0,0.121212,AD_2008_to_present__20150528074857.pdf,H
6A,AD,2014-05-30,1850.0,1500.0,-0.189189,AD_2008_to_present__20150528074857.pdf,H
6A,AD,2014-07-18,1500.0,1300.0,-0.133333,AD_2008_to_present__20150528074857.pdf,H
6A,AD,2014-10-08,1300.0,1400.0,0.076923,AD_2008_to_present__20150528074857.pdf,H
6A,AD,2014-11-07,1400.0,1500.0,0.071429,AD_2008_to_present__20150528074857.pdf,H
6A,AD,2014-12-05,1500.0,1630.0,0.086667,AD_2008_to_present__20150528074857.pdf,H
6A,AD,2015-01-16,1630.0,1800.0,0.104294,AD_2008_to_present__20150528074857.pdf,H
6A,AD,2015-01-23,1800.0,2000.0,0.111111,AD_2008_to_present__20150528074857.pdf,H
6A,AD,2015-01-30,2000.0,2200.0,0.100000,AD_2008_to_present__20150528074857.pdf,H
6A,AD,2020-10-09,1800.0,2100.0,0.166667,AD-2020-to-present__20250910104114.pdf,D
6A,AD,2020-11-13,2100.0,1800.0,-0.142857,AD-2020-to-present__20250910104114.pdf,D
6A,AD,2020-12-01,1800.0,1600.0,-0.111111,AD-2020-to-present__20250910104114.pdf,D
6A,AD,2021-03-01,1600.0,1800.0,0.125000,AD-2020-to-present__20250910104114.pdf,D
6A,AD,2021-07-09,1800.0,1600.0,-0.111111,AD-2020-to-present__20250910104114.pdf,D
6A,AD,2022-01-21,1600.0,1450.0,-0.093750,AD-2020-to-present__20250910104114.pdf,D
6A,AD,2022-03-08,1450.0,1650.0,0.137931,AD-2020-to-present__20250910104114.pdf,D
6A,AD,2022-05-04,1650.0,1820.0,0.103030,AD-2020-to-present__20250910104114.pdf,D
6A,AD,2022-06-21,1820.0,2000.0,0.098901,AD-2020-to-present__20250910104114.pdf,D
6A,AD,2022-09-01,2000.0,1800.0,-0.100000,AD-2020-to-present__20250910104114.pdf,D
6A,AD,2022-11-08,1800.0,2000.0,0.111111,AD-2020-to-present__20250910104114.pdf,D
6A,AD,2023-04-28,2000.0,1850.0,-0.075000,AD-2020-to-present__20250910104114.pdf,D
6A,AD,2023-06-16,1850.0,1700.0,-0.081081,AD-2020-to-present__20250910104114.pdf,D
6A,AD,2023-09-22,1700.0,1550.0,-0.088235,AD-2020-to-present__20250910104114.pdf,D
6A,AD,2023-11-03,1550.0,1450.0,-0.064516,AD-2020-to-present__20250910104114.pdf,D
6A,AD,2024-10-04,1450.0,1600.0,0.103448,AD-2020-to-present__20250910104114.pdf,D
6A,AD,2024-11-14,1600.0,1350.0,-0.156250,AD-2020-to-present__20250910104114.pdf,D
6A,AD,2025-04-07,1350.0,1620.0,0.200000,AD-2020-to-present__20250910104114.pdf,D
6A,AD,2025-04-08,1620.0,1900.0,0.172840,AD-2020-to-present__20250910104114.pdf,D
6A,AD,2025-04-11,1900.0,2200.0,0.157895,AD-2020-to-present__20250910104114.pdf,D
6B,BP,2010-03-09,2000.0,1600.0,-0.200000,BP_2008_to_present__20161123052629.pdf,H
6B,BP,2010-05-10,1600.0,1800.0,0.125000,BP_2008_to_present__20161123052629.pdf,H
6B,BP,2011-03-28,1800.0,1500.0,-0.166667,BP_2008_to_present__20161123052629.pdf,H
6B,BP,2011-09-06,1500.0,1200.0,-0.200000,BP_2008_to_present__20161123052629.pdf,H
6B,BP,2011-10-04,1200.0,1500.0,0.250000,BP_2008_to_present__20161123052629.pdf,H
6B,BP,2012-12-26,1500.0,1200.0,-0.200000,BP_2008_to_present__20161123052629.pdf,H
6B,BP,2013-07-16,1200.0,1650.0,0.375000,BP_2008_to_present__20161123052629.pdf,H
6B,BP,2013-11-22,1650.0,1500.0,-0.090909,BP_2008_to_present__20161123052629.pdf,H
6B,BP,2014-05-30,1500.0,1250.0,-0.166667,BP_2008_to_present__20161123052629.pdf,H
6B,BP,2014-09-12,1250.0,1350.0,0.080000,BP_2008_to_present__20161123052629.pdf,H
6B,BP,2015-01-09,1350.0,1500.0,0.111111,BP_2008_to_present__20161123052629.pdf,H
6B,BP,2015-01-16,1500.0,1600.0,0.066667,BP_2008_to_present__20161123052629.pdf,H
6B,BP,2015-01-23,1600.0,1750.0,0.093750,BP_2008_to_present__20161123052629.pdf,H
6B,BP,2015-05-01,1750.0,1950.0,0.114286,BP_2008_to_present__20161123052629.pdf,H
6B,BP,2015-06-05,1950.0,1850.0,-0.051282,BP_2008_to_present__20161123052629.pdf,H
6B,BP,2016-02-26,1850.0,2050.0,0.108108,BP_2008_to_present__20161123052629.pdf,H
6B,BP,2016-05-26,2050.0,2200.0,0.073171,BP_2008_to_present__20161123052629.pdf,H
6B,BP,2016-06-17,2200.0,2550.0,0.159091,BP_2008_to_present__20161123052629.pdf,H
6B,BP,2016-06-27,2550.0,3600.0,0.411765,BP_2008_to_present__20161123052629.pdf,H
6B,BP,2016-12-09,3600.0,3225.0,-0.104167,BP_2014_to_present__20171129085717.zip,D
6B,BP,2017-01-13,3225.0,2750.0,-0.147287,BP_2014_to_present__20171129085717.zip,D
6B,BP,2017-03-17,2750.0,2400.0,-0.127273,BP_2014_to_present__20171129085717.zip,D
6B,BP,2017-06-01,2400.0,2100.0,-0.125000,BP_2014_to_present__20171129085717.zip,D
6B,BP,2017-09-01,2100.0,1800.0,-0.142857,BP_2014_to_present__20171129085717.zip,D
6B,BP,2017-10-27,1800.0,2000.0,0.111111,BP_2014_to_present__20171129085717.zip,D
6B,BP,2020-09-25,2700.0,3000.0,0.111111,BP-2020-to-present__20260823084623.pdf,D
6B,BP,2020-12-01,3000.0,2700.0,-0.100000,BP-2020-to-present__20260823084623.pdf,D
6B,BP,2021-02-19,2700.0,2400.0,-0.111111,BP-2020-to-present__20260823084623.pdf,D
6B,BP,2021-04-30,2400.0,2150.0,-0.104167,BP-2020-to-present__20260823084623.pdf,D
6B,BP,2022-04-20,2150.0,1850.0,-0.139535,BP-2020-to-present__20260823084623.pdf,D
6B,BP,2022-06-16,1850.0,2050.0,0.108108,BP-2020-to-present__20260823084623.pdf,D
6B,BP,2022-07-29,2050.0,2250.0,0.097561,BP-2020-to-present__20260823084623.pdf,D
6B,BP,2022-09-30,2250.0,2550.0,0.133333,BP-2020-to-present__20260823084623.pdf,D
6B,BP,2022-11-16,2550.0,2800.0,0.098039,BP-2020-to-present__20260823084623.pdf,D
6B,BP,2023-06-16,2800.0,2500.0,-0.107143,BP-2020-to-present__20260823084623.pdf,D
6B,BP,2023-09-22,2500.0,2100.0,-0.160000,BP-2020-to-present__20260823084623.pdf,D
6B,BP,2023-11-03,2100.0,1900.0,-0.095238,BP-2020-to-present__20260823084623.pdf,D
6B,BP,2024-11-14,1900.0,1750.0,-0.078947,BP-2020-to-present__20260823084623.pdf,D
6B,BP,2025-02-07,1750.0,2000.0,0.142857,BP-2020-to-present__20260823084623.pdf,D
6B,BP,2025-04-11,2000.0,2200.0,0.100000,BP-2020-to-present__20260823084623.pdf,D
6B,BP,2025-08-08,2200.0,2000.0,-0.090909,BP-2020-to-present__20260823084623.pdf,D
6B,BP,2026-05-01,2000.0,1900.0,-0.050000,BP-2020-to-present__20260823084623.pdf,D
6C,CD,2008-02-28,2300.0,2100.0,-0.086957,CD_2008_to_present__20150528080254.pdf,H
6C,CD,2008-03-28,2100.0,2000.0,-0.047619,CD_2008_to_present__20150528080254.pdf,H
6C,CD,2008-04-22,2000.0,1900.0,-0.050000,CD_2008_to_present__20150528080254.pdf,H
6C,CD,2008-05-16,1900.0,1750.0,-0.078947,CD_2008_to_present__20150528080254.pdf,H
6C,CD,2008-07-17,1750.0,1600.0,-0.085714,CD_2008_to_present__20150528080254.pdf,H
6C,CD,2008-07-30,1600.0,1200.0,-0.250000,CD_2008_to_present__20150528080254.pdf,H
6C,CD,2008-08-13,1200.0,1300.0,0.083333,CD_2008_to_present__20150528080254.pdf,H
6C,CD,2008-08-25,1300.0,1500.0,0.153846,CD_2008_to_present__20150528080254.pdf,H
6C,CD,2008-09-24,1500.0,1600.0,0.066667,CD_2008_to_present__20150528080254.pdf,H
6C,CD,2008-10-09,1600.0,2100.0,0.312500,CD_2008_to_present__20150528080254.pdf,H
6C,CD,2008-10-24,2100.0,2600.0,0.238095,CD_2008_to_present__20150528080254.pdf,H
6C,CD,2008-11-04,2600.0,3300.0,0.269231,CD_2008_to_present__20150528080254.pdf,H
6C,CD,2009-02-09,3300.0,3000.0,-0.090909,CD_2008_to_present__20150528080254.pdf,H
6C,CD,2009-03-06,3000.0,2500.0,-0.166667,CD_2008_to_present__20150528080254.pdf,H
6C,CD,2009-05-01,2500.0,1800.0,-0.280000,CD_2008_to_present__20150528080254.pdf,H
6C,CD,2010-03-09,1800.0,1500.0,-0.166667,CD_2008_to_present__20150528080254.pdf,H
6C,CD,2010-05-10,1500.0,1800.0,0.200000,CD_2008_to_present__20150528080254.pdf,H
6C,CD,2011-06-21,1800.0,1600.0,-0.111111,CD_2008_to_present__20150528080254.pdf,H
6C,CD,2011-08-08,1600.0,1800.0,0.125000,CD_2008_to_present__20150528080254.pdf,H
6C,CD,2011-10-31,1800.0,2000.0,0.111111,CD_2008_to_present__20150528080254.pdf,H
6C,CD,2011-12-05,2000.0,2300.0,0.150000,CD_2008_to_present__20150528080254.pdf,H
6C,CD,2012-01-17,2300.0,2000.0,-0.130435,CD_2008_to_present__20150528080254.pdf,H
6C,CD,2012-02-17,2000.0,1700.0,-0.150000,CD_2008_to_present__20150528080254.pdf,H
6C,CD,2012-06-29,1700.0,1500.0,-0.117647,CD_2008_to_present__20150528080254.pdf,H
6C,CD,2012-11-20,1500.0,1200.0,-0.200000,CD_2008_to_present__20150528080254.pdf,H
6C,CD,2013-01-15,1200.0,1000.0,-0.166667,CD_2008_to_present__20150528080254.pdf,H
6C,CD,2013-06-04,1000.0,1150.0,0.150000,CD_2008_to_present__20150528080254.pdf,H
6C,CD,2014-05-30,1150.0,1000.0,-0.130435,CD_2008_to_present__20150528080254.pdf,H
6C,CD,2014-10-08,1000.0,1150.0,0.150000,CD_2008_to_present__20150528080254.pdf,H
6C,CD,2014-12-02,1150.0,1300.0,0.130435,CD_2008_to_present__20150528080254.pdf,H
6C,CD,2015-01-23,1300.0,1550.0,0.192308,CD_2008_to_present__20150528080254.pdf,H
6C,CD,2015-01-30,1550.0,1670.0,0.077419,CD_2008_to_present__20150528080254.pdf,H
6C,CD,2015-10-30,1670.0,1550.0,-0.071856,CD_2014_to_present__20171129083025.zip,D
6C,CD,2016-04-15,1550.0,1450.0,-0.064516,CD_2014_to_present__20171129083025.zip,D
6C,CD,2016-10-07,1450.0,1550.0,0.068966,CD_2014_to_present__20171129083025.zip,D
6C,CD,2016-11-03,1550.0,1750.0,0.129032,CD_2014_to_present__20171129083025.zip,D
6C,CD,2016-12-09,1750.0,1550.0,-0.114286,CD_2014_to_present__20171129083025.zip,D
6C,CD,2017-01-13,1550.0,1400.0,-0.096774,CD_2014_to_present__20171129083025.zip,D
6C,CD,2017-02-17,1400.0,1200.0,-0.142857,CD_2014_to_present__20171129083025.zip,D
6C,CD,2017-05-12,1200.0,1050.0,-0.125000,CD_2014_to_present__20171129083025.zip,D
6C,CD,2017-06-01,1050.0,950.0,-0.095238,CD_2014_to_present__20171129083025.zip,D
6C,CD,2017-09-01,950.0,1100.0,0.157895,CD_2014_to_present__20171129083025.zip,D
6C,CD,2020-07-10,1550.0,1350.0,-0.129032,CD-2020-to-present__20250910110949.pdf,D
6C,CD,2020-09-25,1350.0,1500.0,0.111111,CD-2020-to-present__20250910110949.pdf,D
6C,CD,2020-10-09,1500.0,1600.0,0.066667,CD-2020-to-present__20250910110949.pdf,D
6C,CD,2020-11-13,1600.0,1450.0,-0.093750,CD-2020-to-present__20250910110949.pdf,D
6C,CD,2020-12-01,1450.0,1250.0,-0.137931,CD-2020-to-present__20250910110949.pdf,D
6C,CD,2021-01-14,1250.0,1100.0,-0.120000,CD-2020-to-present__20250910110949.pdf,D
6C,CD,2021-08-23,1100.0,1180.0,0.072727,CD-2020-to-present__20250910110949.pdf,D
6C,CD,2021-08-27,1180.0,1350.0,0.144068,CD-2020-to-present__20250910110949.pdf,D
6C,CD,2021-09-24,1350.0,1480.0,0.096296,CD-2020-to-present__20250910110949.pdf,D
6C,CD,2022-01-21,1480.0,1350.0,-0.087838,CD-2020-to-present__20250910110949.pdf,D
6C,CD,2022-04-20,1350.0,1200.0,-0.111111,CD-2020-to-present__20250910110949.pdf,D
6C,CD,2022-05-04,1200.0,1320.0,0.100000,CD-2020-to-present__20250910110949.pdf,D
6C,CD,2022-09-01,1320.0,1200.0,-0.090909,CD-2020-to-present__20250910110949.pdf,D
6C,CD,2022-11-08,1200.0,1380.0,0.150000,CD-2020-to-present__20250910110949.pdf,D
6C,CD,2023-04-28,1380.0,1250.0,-0.094203,CD-2020-to-present__20250910110949.pdf,D
6C,CD,2023-09-22,1250.0,1100.0,-0.120000,CD-2020-to-present__20250910110949.pdf,D
6C,CD,2023-11-03,1100.0,1000.0,-0.090909,CD-2020-to-present__20250910110949.pdf,D
6C,CD,2024-10-04,1000.0,1100.0,0.100000,CD-2020-to-present__20250910110949.pdf,D
6C,CD,2024-10-18,1100.0,1250.0,0.136364,CD-2020-to-present__20250910110949.pdf,D
6C,CD,2024-11-14,1250.0,1000.0,-0.200000,CD-2020-to-present__20250910110949.pdf,D
6C,CD,2025-02-07,1000.0,1150.0,0.150000,CD-2020-to-present__20250910110949.pdf,D
6C,CD,2025-04-04,1150.0,1350.0,0.173913,CD-2020-to-present__20250910110949.pdf,D
6E,EC,2009-05-01,4500.0,3500.0,-0.222222,EC_2008_to_present__20161130152107.pdf,H
6E,EC,2009-10-13,3500.0,3000.0,-0.142857,EC_2008_to_present__20161130152107.pdf,H
6E,EC,2010-03-09,3000.0,2500.0,-0.166667,EC_2008_to_present__20161130152107.pdf,H
6E,EC,2010-05-10,2500.0,3000.0,0.200000,EC_2008_to_present__20161130152107.pdf,H
6E,EC,2010-11-19,3000.0,3200.0,0.066667,EC_2008_to_present__20161130152107.pdf,H
6E,EC,2011-03-28,3200.0,3000.0,-0.062500,EC_2008_to_present__20161130152107.pdf,H
6E,EC,2011-05-10,3000.0,4000.0,0.333333,EC_2008_to_present__20161130152107.pdf,H
6E,EC,2012-03-26,4000.0,3500.0,-0.125000,EC_2008_to_present__20161130152107.pdf,H
6E,EC,2012-06-29,3500.0,3000.0,-0.142857,EC_2008_to_present__20161130152107.pdf,H
6E,EC,2012-12-26,3000.0,2500.0,-0.166667,EC_2008_to_present__20161130152107.pdf,H
6E,EC,2013-01-15,2500.0,2250.0,-0.100000,EC_2008_to_present__20161130152107.pdf,H
6E,EC,2013-07-16,2250.0,2500.0,0.111111,EC_2008_to_present__20161130152107.pdf,H
6E,EC,2013-11-22,2500.0,2250.0,-0.100000,EC_2008_to_present__20161130152107.pdf,H
6E,EC,2014-05-30,2250.0,2000.0,-0.111111,EC_2008_to_present__20161130152107.pdf,H
6E,EC,2014-07-18,2000.0,1750.0,-0.125000,EC_2008_to_present__20161130152107.pdf,H
6E,EC,2014-09-12,1750.0,2000.0,0.142857,EC_2008_to_present__20161130152107.pdf,H
6E,EC,2014-10-31,2000.0,2100.0,0.050000,EC_2008_to_present__20161130152107.pdf,H
6E,EC,2014-12-05,2100.0,2400.0,0.142857,EC_2008_to_present__20161130152107.pdf,H
6E,EC,2015-01-09,2400.0,2600.0,0.083333,EC_2008_to_present__20161130152107.pdf,H
6E,EC,2015-01-16,2600.0,2800.0,0.076923,EC_2008_to_present__20161130152107.pdf,H
6E,EC,2015-01-20,2800.0,3100.0,0.107143,EC_2008_to_present__20161130152107.pdf,H
6E,EC,2015-05-01,3100.0,3300.0,0.064516,EC_2008_to_present__20161130152107.pdf,H
6E,EC,2015-07-01,3300.0,3550.0,0.075758,EC_2008_to_present__20161130152107.pdf,H
6E,EC,2015-10-30,3550.0,3300.0,-0.070423,EC_2008_to_present__20161130152107.pdf,H
6E,EC,2015-12-07,3300.0,3550.0,0.075758,EC_2008_to_present__20161130152107.pdf,H
6E,EC,2016-04-15,3550.0,3350.0,-0.056338,EC_2008_to_present__20161130152107.pdf,H
6E,EC,2016-06-27,3350.0,3675.0,0.097015,EC_2008_to_present__20161130152107.pdf,H
6E,EC,2016-07-29,3675.0,3350.0,-0.088435,EC_2008_to_present__20161130152107.pdf,H
6E,EC,2020-08-28,2275.0,2500.0,0.098901,EC-2020-to-present__20250910104548.pdf,D
6E,EC,2020-10-09,2500.0,2900.0,0.160000,EC-2020-to-present__20250910104548.pdf,D
6E,EC,2020-11-13,2900.0,2600.0,-0.103448,EC-2020-to-present__20250910104548.pdf,D
6E,EC,2020-12-01,2600.0,2300.0,-0.115385,EC-2020-to-present__20250910104548.pdf,D
6E,EC,2021-01-14,2300.0,2000.0,-0.130435,EC-2020-to-present__20250910104548.pdf,D
6E,EC,2021-04-16,2000.0,2200.0,0.100000,EC-2020-to-present__20250910104548.pdf,D
6E,EC,2022-02-25,2200.0,2400.0,0.090909,EC-2020-to-present__20250910104548.pdf,D
6E,EC,2022-07-15,2400.0,2650.0,0.104167,EC-2020-to-present__20250910104548.pdf,D
6E,EC,2023-06-16,2650.0,2400.0,-0.094340,EC-2020-to-present__20250910104548.pdf,D
6E,EC,2023-11-03,2400.0,2100.0,-0.125000,EC-2020-to-present__20250910104548.pdf,D
6E,EC,2024-10-04,2100.0,2400.0,0.142857,EC-2020-to-present__20250910104548.pdf,D
6E,EC,2024-10-18,2400.0,2800.0,0.166667,EC-2020-to-present__20250910104548.pdf,D
6E,EC,2024-11-14,2800.0,2300.0,-0.178571,EC-2020-to-present__20250910104548.pdf,D
6E,EC,2025-02-07,2300.0,2600.0,0.130435,EC-2020-to-present__20250910104548.pdf,D
6E,EC,2025-04-04,2600.0,2900.0,0.115385,EC-2020-to-present__20250910104548.pdf,D
6E,EC,2025-04-11,2900.0,3400.0,0.172414,EC-2020-to-present__20250910104548.pdf,D
6J,JY,2008-03-18,2000.0,2300.0,0.150000,JY_2008_to_present__20150528073736.pdf,H
6J,JY,2008-04-07,2300.0,2800.0,0.217391,JY_2008_to_present__20150528073736.pdf,H
6J,JY,2008-05-16,2800.0,2500.0,-0.107143,JY_2008_to_present__20150528073736.pdf,H
6J,JY,2008-07-17,2500.0,2000.0,-0.200000,JY_2008_to_present__20150528073736.pdf,H
6J,JY,2008-09-24,2000.0,2200.0,0.100000,JY_2008_to_present__20150528073736.pdf,H
6J,JY,2008-10-09,2200.0,3200.0,0.454545,JY_2008_to_present__20150528073736.pdf,H
6J,JY,2008-10-24,3200.0,3600.0,0.125000,JY_2008_to_present__20150528073736.pdf,H
6J,JY,2008-11-04,3600.0,4500.0,0.250000,JY_2008_to_present__20150528073736.pdf,H
6J,JY,2008-12-24,4500.0,3600.0,-0.200000,JY_2008_to_present__20150528073736.pdf,H
6J,JY,2009-05-01,3600.0,3000.0,-0.166667,JY_2008_to_present__20150528073736.pdf,H
6J,JY,2010-03-09,3000.0,2800.0,-0.066667,JY_2008_to_present__20150528073736.pdf,H
6J,JY,2010-05-10,2800.0,3200.0,0.142857,JY_2008_to_present__20150528073736.pdf,H
6J,JY,2010-06-07,3200.0,4000.0,0.250000,JY_2008_to_present__20150528073736.pdf,H
6J,JY,2010-10-15,4000.0,4500.0,0.125000,JY_2008_to_present__20150528073736.pdf,H
6J,JY,2011-05-10,4500.0,4000.0,-0.111111,JY_2008_to_present__20150528073736.pdf,H
6J,JY,2011-06-21,4000.0,2500.0,-0.375000,JY_2008_to_present__20150528073736.pdf,H
6J,JY,2011-08-03,2500.0,2000.0,-0.200000,JY_2008_to_present__20150528073736.pdf,H
6J,JY,2011-08-08,2000.0,2600.0,0.300000,JY_2008_to_present__20150528073736.pdf,H
6J,JY,2011-08-11,2600.0,3250.0,0.250000,JY_2008_to_present__20150528073736.pdf,H
6J,JY,2011-09-06,3250.0,4000.0,0.230769,JY_2008_to_present__20150528073736.pdf,H
6J,JY,2011-10-31,4000.0,3250.0,-0.187500,JY_2008_to_present__20150528073736.pdf,H
6J,JY,2011-12-05,3250.0,4000.0,0.230769,JY_2008_to_present__20150528073736.pdf,H
6J,JY,2012-01-17,4000.0,3600.0,-0.100000,JY_2008_to_present__20150528073736.pdf,H
6J,JY,2012-06-04,3600.0,3000.0,-0.166667,JY_2008_to_present__20150528073736.pdf,H
6J,JY,2012-10-23,3000.0,2750.0,-0.083333,JY_2008_to_present__20150528073736.pdf,H
6J,JY,2013-01-15,2750.0,2250.0,-0.181818,JY_2008_to_present__20150528073736.pdf,H
6J,JY,2013-02-08,2250.0,2600.0,0.155556,JY_2008_to_present__20150528073736.pdf,H
6J,JY,2013-04-05,2600.0,3100.0,0.192308,JY_2008_to_present__20150528073736.pdf,H
6J,JY,2013-06-18,3100.0,3500.0,0.129032,JY_2008_to_present__20150528073736.pdf,H
6J,JY,2013-11-22,3500.0,3150.0,-0.100000,JY_2008_to_present__20150528073736.pdf,H
6J,JY,2014-05-30,3150.0,3000.0,-0.047619,JY_2008_to_present__20150528073736.pdf,H
6J,JY,2014-07-18,3000.0,2750.0,-0.083333,JY_2008_to_present__20150528073736.pdf,H
6J,JY,2014-09-05,2750.0,2250.0,-0.181818,JY_2008_to_present__20150528073736.pdf,H
6J,JY,2015-01-20,2250.0,2600.0,0.155556,JY_2008_to_present__20150528073736.pdf,H
6J,JY,2015-01-23,2600.0,3000.0,0.153846,JY_2008_to_present__20150528073736.pdf,H
6J,JY,2015-05-08,3000.0,2600.0,-0.133333,JY_2014_to_present__20171129082046.zip,D
6J,JY,2015-08-25,2600.0,3000.0,0.153846,JY_2014_to_present__20171129082046.zip,D
6J,JY,2015-10-30,3000.0,2700.0,-0.100000,JY_2014_to_present__20171129082046.zip,D
6J,JY,2016-06-17,2700.0,2950.0,0.092593,JY_2014_to_present__20171129082046.zip,D
6J,JY,2016-06-27,2950.0,3650.0,0.237288,JY_2014_to_present__20171129082046.zip,D
6J,JY,2016-07-01,3650.0,4100.0,0.123288,JY_2014_to_present__20171129082046.zip,D
6J,JY,2016-10-07,4100.0,4500.0,0.097561,JY_2014_to_present__20171129082046.zip,D
6J,JY,2017-01-13,4500.0,4000.0,-0.111111,JY_2014_to_present__20171129082046.zip,D
6J,JY,2017-03-17,4000.0,3300.0,-0.175000,JY_2014_to_present__20171129082046.zip,D
6J,JY,2017-05-12,3300.0,3000.0,-0.090909,JY_2014_to_present__20171129082046.zip,D
6J,JY,2017-07-28,3000.0,2500.0,-0.166667,JY_2014_to_present__20171129082046.zip,D
6J,JY,2020-10-09,3600.0,4000.0,0.111111,JY-2020-to-present__20250910102216.pdf,D
6J,JY,2020-11-13,4000.0,3600.0,-0.100000,JY-2020-to-present__20250910102216.pdf,D
6J,JY,2020-12-01,3600.0,3000.0,-0.166667,JY-2020-to-present__20250910102216.pdf,D
6J,JY,2021-01-14,3000.0,2500.0,-0.166667,JY-2020-to-present__20250910102216.pdf,D
6J,JY,2021-04-30,2500.0,2250.0,-0.100000,JY-2020-to-present__20250910102216.pdf,D
6J,JY,2021-06-04,2250.0,2050.0,-0.088889,JY-2020-to-present__20250910102216.pdf,D
6J,JY,2021-09-17,2050.0,1900.0,-0.073171,JY-2020-to-present__20250910102216.pdf,D
6J,JY,2021-11-30,1900.0,2280.0,0.200000,JY-2020-to-present__20250910102216.pdf,D
6J,JY,2021-12-17,2280.0,2500.0,0.096491,JY-2020-to-present__20250910102216.pdf,D
6J,JY,2022-06-21,2500.0,2750.0,0.100000,JY-2020-to-present__20250910102216.pdf,D
6J,JY,2022-11-14,2750.0,3100.0,0.127273,JY-2020-to-present__20250910102216.pdf,D
6J,JY,2022-12-22,3100.0,3720.0,0.200000,JY-2020-to-present__20250910102216.pdf,D
6J,JY,2023-06-16,3720.0,3300.0,-0.112903,JY-2020-to-present__20250910102216.pdf,D
6J,JY,2023-09-22,3300.0,3000.0,-0.090909,JY-2020-to-present__20250910102216.pdf,D
6J,JY,2023-11-03,3000.0,2600.0,-0.133333,JY-2020-to-present__20250910102216.pdf,D
6J,JY,2024-06-11,2600.0,2800.0,0.076923,JY-2020-to-present__20250910102216.pdf,D
6J,JY,2024-08-09,2800.0,3200.0,0.142857,JY-2020-to-present__20250910102216.pdf,D
6J,JY,2024-10-04,3200.0,3600.0,0.125000,JY-2020-to-present__20250910102216.pdf,D
6J,JY,2024-11-14,3600.0,2900.0,-0.194444,JY-2020-to-present__20250910102216.pdf,D
6J,JY,2025-03-07,2900.0,3300.0,0.137931,JY-2020-to-present__20250910102216.pdf,D
6J,JY,2025-04-07,3300.0,3800.0,0.151515,JY-2020-to-present__20250910102216.pdf,D
6S,SF,2008-02-28,1400.0,1200.0,-0.142857,SF_2008_to_present__20150528080605.pdf,H
6S,SF,2008-03-08,1200.0,1400.0,0.166667,SF_2008_to_present__20150528080605.pdf,H
6S,SF,2008-03-18,1400.0,1800.0,0.285714,SF_2008_to_present__20150528080605.pdf,H
6S,SF,2008-04-07,1800.0,2200.0,0.222222,SF_2008_to_present__20150528080605.pdf,H
6S,SF,2008-04-28,2200.0,2400.0,0.090909,SF_2008_to_present__20150528080605.pdf,H
6S,SF,2008-06-05,2400.0,2000.0,-0.166667,SF_2008_to_present__20150528080605.pdf,H
6S,SF,2008-07-30,2000.0,1900.0,-0.050000,SF_2008_to_present__20150528080605.pdf,H
6S,SF,2008-09-24,1900.0,2500.0,0.315789,SF_2008_to_present__20150528080605.pdf,H
6S,SF,2008-10-02,2500.0,2900.0,0.160000,SF_2008_to_present__20150528080605.pdf,H
6S,SF,2008-11-26,2900.0,2300.0,-0.206897,SF_2008_to_present__20150528080605.pdf,H
6S,SF,2008-12-24,2300.0,3500.0,0.521739,SF_2008_to_present__20150528080605.pdf,H
6S,SF,2009-05-01,3500.0,3100.0,-0.114286,SF_2008_to_present__20150528080605.pdf,H
6S,SF,2009-10-13,3100.0,2750.0,-0.112903,SF_2008_to_present__20150528080605.pdf,H
6S,SF,2010-03-09,2750.0,2000.0,-0.272727,SF_2008_to_present__20150528080605.pdf,H
6S,SF,2010-04-23,2000.0,1600.0,-0.200000,SF_2008_to_present__20150528080605.pdf,H
6S,SF,2010-05-10,1600.0,1800.0,0.125000,SF_2008_to_present__20150528080605.pdf,H
6S,SF,2010-11-19,1800.0,2000.0,0.111111,SF_2008_to_present__20150528080605.pdf,H
6S,SF,2011-01-07,2000.0,2500.0,0.250000,SF_2008_to_present__20150528080605.pdf,H
6S,SF,2011-05-10,2500.0,2250.0,-0.100000,SF_2008_to_present__20150528080605.pdf,H
6S,SF,2011-08-03,2250.0,2500.0,0.111111,SF_2008_to_present__20150528080605.pdf,H
6S,SF,2011-08-08,2500.0,2800.0,0.120000,SF_2008_to_present__20150528080605.pdf,H
6S,SF,2011-08-11,2800.0,4000.0,0.428571,SF_2008_to_present__20150528080605.pdf,H
6S,SF,2011-09-07,4000.0,5000.0,0.250000,SF_2008_to_present__20150528080605.pdf,H
6S,SF,2011-09-09,5000.0,6000.0,0.200000,SF_2008_to_present__20150528080605.pdf,H
6S,SF,2012-01-17,6000.0,5400.0,-0.100000,SF_2008_to_present__20150528080605.pdf,H
6S,SF,2012-03-26,5400.0,4600.0,-0.148148,SF_2008_to_present__20150528080605.pdf,H
6S,SF,2012-07-27,4600.0,4000.0,-0.130435,SF_2008_to_present__20150528080605.pdf,H
6S,SF,2012-10-23,4000.0,3500.0,-0.125000,SF_2008_to_present__20150528080605.pdf,H
6S,SF,2012-11-20,3500.0,3000.0,-0.142857,SF_2008_to_present__20150528080605.pdf,H
6S,SF,2012-12-26,3000.0,2500.0,-0.166667,SF_2008_to_present__20150528080605.pdf,H
6S,SF,2013-01-15,2500.0,2000.0,-0.200000,SF_2008_to_present__20150528080605.pdf,H
6S,SF,2013-07-16,2000.0,2400.0,0.200000,SF_2008_to_present__20150528080605.pdf,H
6S,SF,2013-11-22,2400.0,2150.0,-0.104167,SF_2008_to_present__20150528080605.pdf,H
6S,SF,2014-01-27,2150.0,2300.0,0.069767,SF_2008_to_present__20150528080605.pdf,H
6S,SF,2014-05-30,2300.0,2100.0,-0.086957,SF_2008_to_present__20150528080605.pdf,H
6S,SF,2014-07-18,2100.0,1850.0,-0.119048,SF_2008_to_present__20150528080605.pdf,H
6S,SF,2014-09-12,1850.0,2100.0,0.135135,SF_2008_to_present__20150528080605.pdf,H
6S,SF,2014-12-05,2100.0,2250.0,0.071429,SF_2008_to_present__20150528080605.pdf,H
6S,SF,2015-01-15,2250.0,4500.0,1.000000,SF_2008_to_present__20150528080605.pdf,H
6S,SF,2015-01-16,4500.0,6750.0,0.500000,SF_2008_to_present__20150528080605.pdf,H
6S,SF,2015-01-30,6750.0,7600.0,0.125926,SF_2008_to_present__20150528080605.pdf,H
6S,SF,2015-04-24,7600.0,6500.0,-0.144737,SF_2014_to_present__20171129082643.zip,D
6S,SF,2015-05-08,6500.0,5500.0,-0.153846,SF_2014_to_present__20171129082643.zip,D
6S,SF,2015-07-31,5500.0,5000.0,-0.090909,SF_2014_to_present__20171129082643.zip,D
6S,SF,2015-10-30,5000.0,4500.0,-0.100000,SF_2014_to_present__20171129082643.zip,D
6S,SF,2016-02-05,4500.0,4000.0,-0.111111,SF_2014_to_present__20171129082643.zip,D
6S,SF,2016-05-06,4000.0,3600.0,-0.100000,SF_2014_to_present__20171129082643.zip,D
6S,SF,2016-12-09,3600.0,3300.0,-0.083333,SF_2014_to_present__20171129082643.zip,D
6S,SF,2017-05-12,3300.0,3125.0,-0.053030,SF_2014_to_present__20171129082643.zip,D
6S,SF,2017-07-28,3125.0,2700.0,-0.136000,SF_2014_to_present__20171129082643.zip,D
6S,SF,2020-07-10,4500.0,4000.0,-0.111111,SF-2020-to-present__20260823084623.pdf,D
6S,SF,2020-10-09,4000.0,4500.0,0.125000,SF-2020-to-present__20260823084623.pdf,D
6S,SF,2020-11-13,4500.0,4100.0,-0.088889,SF-2020-to-present__20260823084623.pdf,D
6S,SF,2020-12-01,4100.0,3700.0,-0.097561,SF-2020-to-present__20260823084623.pdf,D
6S,SF,2021-01-14,3700.0,3300.0,-0.108108,SF-2020-to-present__20260823084623.pdf,D
6S,SF,2021-12-17,3300.0,3500.0,0.060606,SF-2020-to-present__20260823084623.pdf,D
6S,SF,2022-04-20,3500.0,2900.0,-0.171429,SF-2020-to-present__20260823084623.pdf,D
6S,SF,2022-06-21,2900.0,3650.0,0.258621,SF-2020-to-present__20260823084623.pdf,D
6S,SF,2022-11-14,3650.0,4100.0,0.123288,SF-2020-to-present__20260823084623.pdf,D
6S,SF,2022-12-02,4100.0,4500.0,0.097561,SF-2020-to-present__20260823084623.pdf,D
6S,SF,2023-06-16,4500.0,4100.0,-0.088889,SF-2020-to-present__20260823084623.pdf,D
6S,SF,2023-09-22,4100.0,3700.0,-0.097561,SF-2020-to-present__20260823084623.pdf,D
6S,SF,2023-11-03,3700.0,3400.0,-0.081081,SF-2020-to-present__20260823084623.pdf,D
6S,SF,2024-01-05,3400.0,3700.0,0.088235,SF-2020-to-present__20260823084623.pdf,D
6S,SF,2024-10-04,3700.0,4100.0,0.108108,SF-2020-to-present__20260823084623.pdf,D
6S,SF,2024-10-18,4100.0,4600.0,0.121951,SF-2020-to-present__20260823084623.pdf,D
6S,SF,2024-11-14,4600.0,3700.0,-0.195652,SF-2020-to-present__20260823084623.pdf,D
6S,SF,2025-02-28,3700.0,3200.0,-0.135135,SF-2020-to-present__20260823084623.pdf,D
6S,SF,2025-04-04,3200.0,3800.0,0.187500,SF-2020-to-present__20260823084623.pdf,D
6S,SF,2025-04-11,3800.0,4550.0,0.197368,SF-2020-to-present__20260823084623.pdf,D
6S,SF,2025-04-17,4550.0,5400.0,0.186813,SF-2020-to-present__20260823084623.pdf,D
6S,SF,2025-08-08,5400.0,4500.0,-0.166667,SF-2020-to-present__20260823084623.pdf,D
6S,SF,2026-05-01,4500.0,4000.0,-0.111111,SF-2020-to-present__20260823084623.pdf,D
BTC,BTC,2020-04-01,10684.0,10247.0,-0.040902,BTC-2020-to-present__20260422043221.pdf,D
BTC,BTC,2020-04-02,10247.0,11328.0,0.105494,BTC-2020-to-present__20260422043221.pdf,D
BTC,BTC,2020-04-03,11328.0,11220.0,-0.009534,BTC-2020-to-present__20260422043221.pdf,D
BTC,BTC,2020-04-06,11220.0,12095.0,0.077986,BTC-2020-to-present__20260422043221.pdf,D
BTC,BTC,2020-04-08,12095.0,12103.0,0.000661,BTC-2020-to-present__20260422043221.pdf,D
BTC,BTC,2020-04-09,12103.0,12029.0,-0.006114,BTC-2020-to-present__20260422043221.pdf,D
BTC,BTC,2020-04-13,12029.0,11237.0,-0.065841,BTC-2020-to-present__20260422043221.pdf,D
BTC,BTC,2020-04-14,11237.0,11468.0,0.020557,BTC-2020-to-present__20260422043221.pdf,D
BTC,BTC,2020-04-15,11468.0,11121.0,-0.030258,BTC-2020-to-present__20260422043221.pdf,D
BTC,BTC,2020-04-16,11121.0,11724.0,0.054222,BTC-2020-to-present__20260422043221.pdf,D
BTC,BTC,2020-04-17,11724.0,11682.0,-0.003582,BTC-2020-to-present__20260422043221.pdf,D
BTC,BTC,2020-04-20,11682.0,11212.0,-0.040233,BTC-2020-to-present__20260422043221.pdf,D
BTC,BTC,2020-04-21,11212.0,11369.0,0.014003,BTC-2020-to-present__20260422043221.pdf,D
BTC,BTC,2020-04-22,11369.0,11740.0,0.032633,BTC-2020-to-present__20260422043221.pdf,D
BTC,BTC,2020-04-23,11740.0,12441.0,0.059710,BTC-2020-to-present__20260422043221.pdf,D
BTC,BTC,2020-04-24,12441.0,12311.0,-0.010449,BTC-2020-to-present__20260422043221.pdf,D
BTC,BTC,2020-04-28,12311.0,12837.0,0.042726,BTC-2020-to-present__20260422043221.pdf,D
BTC,BTC,2020-04-29,12837.0,14562.0,0.134377,BTC-2020-to-present__20260422043221.pdf,D
BTC,BTC,2020-04-30,14562.0,14735.0,0.011880,BTC-2020-to-present__20260422043221.pdf,D
BTC,BTC,2020-05-01,14735.0,14586.0,-0.010112,BTC-2020-to-present__20260422043221.pdf,D
BTC,BTC,2020-05-04,14586.0,14743.0,0.010764,BTC-2020-to-present__20260422043221.pdf,D
BTC,BTC,2020-05-05,14743.0,14826.0,0.005630,BTC-2020-to-present__20260422043221.pdf,D
BTC,BTC,2020-05-06,14826.0,15411.0,0.039458,BTC-2020-to-present__20260422043221.pdf,D
BTC,BTC,2020-05-07,15411.0,16517.0,0.071767,BTC-2020-to-present__20260422043221.pdf,D
BTC,BTC,2020-05-08,16517.0,16550.0,0.001998,BTC-2020-to-present__20260422043221.pdf,D
BTC,BTC,2020-05-11,16550.0,14512.0,-0.123142,BTC-2020-to-present__20260422043221.pdf,D
BTC,BTC,2020-05-12,14512.0,14636.0,0.008545,BTC-2020-to-present__20260422043221.pdf,D
BTC,BTC,2020-05-13,14636.0,15296.0,0.045094,BTC-2020-to-present__20260422043221.pdf,D
BTC,BTC,2020-05-14,15296.0,16047.0,0.049098,BTC-2020-to-present__20260422043221.pdf,D
BTC,BTC,2020-05-15,16047.0,15502.0,-0.033963,BTC-2020-to-present__20260422043221.pdf,D
BTC,BTC,2020-05-18,15502.0,16080.0,0.037286,BTC-2020-to-present__20260422043221.pdf,D
BTC,BTC,2020-05-19,16080.0,15972.0,-0.006716,BTC-2020-to-present__20260422043221.pdf,D
BTC,BTC,2020-05-20,15972.0,15791.0,-0.011332,BTC-2020-to-present__20260422043221.pdf,D
BTC,BTC,2020-05-21,15791.0,14974.0,-0.051738,BTC-2020-to-present__20260422043221.pdf,D
BTC,BTC,2020-05-22,14974.0,15139.0,0.011019,BTC-2020-to-present__20260422043221.pdf,D
BTC,BTC,2020-05-26,15139.0,14496.0,-0.042473,BTC-2020-to-present__20260422043221.pdf,D
BTC,BTC,2020-05-27,14496.0,15131.0,0.043805,BTC-2020-to-present__20260422043221.pdf,D
BTC,BTC,2020-05-28,15131.0,15593.0,0.030533,BTC-2020-to-present__20260422043221.pdf,D
BTC,BTC,2020-05-29,15593.0,15582.0,-0.000705,BTC-2020-to-present__20260422043221.pdf,D
BTC,BTC,2020-06-02,15582.0,15807.0,0.014440,BTC-2020-to-present__20260422043221.pdf,D
BTC,BTC,2020-06-03,15807.0,15931.0,0.007845,BTC-2020-to-present__20260422043221.pdf,D
BTC,BTC,2020-06-04,15931.0,16327.0,0.024857,BTC-2020-to-present__20260422043221.pdf,D
BTC,BTC,2020-06-05,16327.0,16170.0,-0.009616,BTC-2020-to-present__20260422043221.pdf,D
BTC,BTC,2020-06-08,16170.0,16137.0,-0.002041,BTC-2020-to-present__20260422043221.pdf,D
BTC,BTC,2020-06-09,16137.0,16179.0,0.002603,BTC-2020-to-present__20260422043221.pdf,D
BTC,BTC,2020-06-10,16179.0,16393.0,0.013227,BTC-2020-to-present__20260422043221.pdf,D
BTC,BTC,2020-06-11,16393.0,15345.0,-0.063930,BTC-2020-to-present__20260422043221.pdf,D
BTC,BTC,2020-06-12,15345.0,15618.0,0.017791,BTC-2020-to-present__20260422043221.pdf,D
BTC,BTC,2020-06-15,15618.0,15576.0,-0.002689,BTC-2020-to-present__20260422043221.pdf,D
BTC,BTC,2020-06-16,15576.0,15725.0,0.009566,BTC-2020-to-present__20260422043221.pdf,D
BTC,BTC,2020-06-17,15725.0,15387.0,-0.021494,BTC-2020-to-present__20260422043221.pdf,D
BTC,BTC,2020-06-18,15387.0,15527.0,0.009099,BTC-2020-to-present__20260422043221.pdf,D
BTC,BTC,2020-06-19,15527.0,15370.0,-0.010111,BTC-2020-to-present__20260422043221.pdf,D
BTC,BTC,2020-06-22,15370.0,15816.0,0.029018,BTC-2020-to-present__20260422043221.pdf,D
BTC,BTC,2020-06-23,15816.0,15939.0,0.007777,BTC-2020-to-present__20260422043221.pdf,D
BTC,BTC,2020-06-24,15939.0,15321.0,-0.038773,BTC-2020-to-present__20260422043221.pdf,D
BTC,BTC,2020-06-25,15321.0,15312.0,-0.000587,BTC-2020-to-present__20260422043221.pdf,D
BTC,BTC,2020-06-26,15312.0,14989.0,-0.021095,BTC-2020-to-present__20260422043221.pdf,D
BTC,BTC,2020-06-30,14989.0,15156.0,0.011142,BTC-2020-to-present__20260422043221.pdf,D
BTC,BTC,2020-07-01,15156.0,15387.0,0.015241,BTC-2020-to-present__20260422043221.pdf,D
BTC,BTC,2020-07-02,15387.0,14949.0,-0.028466,BTC-2020-to-present__20260422043221.pdf,D
BTC,BTC,2020-07-06,14949.0,15436.0,0.032577,BTC-2020-to-present__20260422043221.pdf,D
BTC,BTC,2020-07-07,15436.0,15329.0,-0.006932,BTC-2020-to-present__20260422043221.pdf,D
BTC,BTC,2020-07-08,15329.0,15692.0,0.023681,BTC-2020-to-present__20260422043221.pdf,D
BTC,BTC,2020-07-09,15692.0,15271.0,-0.026829,BTC-2020-to-present__20260422043221.pdf,D
BTC,BTC,2020-07-10,15271.0,15304.0,0.002161,BTC-2020-to-present__20260422043221.pdf,D
BTC,BTC,2020-07-13,15304.0,15296.0,-0.000523,BTC-2020-to-present__20260422043221.pdf,D
BTC,BTC,2020-07-14,15296.0,15362.0,0.004315,BTC-2020-to-present__20260422043221.pdf,D
BTC,BTC,2020-07-15,15362.0,15164.0,-0.012889,BTC-2020-to-present__20260422043221.pdf,D
BTC,BTC,2020-07-16,15164.0,15090.0,-0.004880,BTC-2020-to-present__20260422043221.pdf,D
BTC,BTC,2020-07-17,15090.0,15172.0,0.005434,BTC-2020-to-present__20260422043221.pdf,D
BTC,BTC,2020-07-20,15172.0,15164.0,-0.000527,BTC-2020-to-present__20260422043221.pdf,D
BTC,BTC,2020-07-21,15164.0,15502.0,0.022290,BTC-2020-to-present__20260422043221.pdf,D
BTC,BTC,2020-07-22,15502.0,15552.0,0.003225,BTC-2020-to-present__20260422043221.pdf,D
BTC,BTC,2020-07-23,15552.0,15923.0,0.023855,BTC-2020-to-present__20260422043221.pdf,D
BTC,BTC,2020-07-24,15923.0,15865.0,-0.003643,BTC-2020-to-present__20260422043221.pdf,D
BTC,BTC,2020-07-27,15865.0,17977.0,0.133123,BTC-2020-to-present__20260422043221.pdf,D
BTC,BTC,2020-07-28,17977.0,18208.0,0.012850,BTC-2020-to-present__20260422043221.pdf,D
BTC,BTC,2020-07-29,18208.0,18546.0,0.018563,BTC-2020-to-present__20260422043221.pdf,D
BTC,BTC,2020-07-30,18546.0,18390.0,-0.008412,BTC-2020-to-present__20260422043221.pdf,D
BTC,BTC,2020-07-31,18390.0,18493.0,0.005601,BTC-2020-to-present__20260422043221.pdf,D
BTC,BTC,2020-08-04,18493.0,18761.0,0.014492,BTC-2020-to-present__20260422043221.pdf,D
BTC,BTC,2020-08-05,18761.0,19553.0,0.042215,BTC-2020-to-present__20260422043221.pdf,D
BTC,BTC,2020-08-06,19553.0,19866.0,0.016008,BTC-2020-to-present__20260422043221.pdf,D
BTC,BTC,2020-08-07,19866.0,19099.0,-0.038609,BTC-2020-to-present__20260422043221.pdf,D
BTC,BTC,2020-08-10,19099.0,19825.0,0.038012,BTC-2020-to-present__20260422043221.pdf,D
BTC,BTC,2020-08-11,19825.0,18868.0,-0.048272,BTC-2020-to-present__20260422043221.pdf,D
BTC,BTC,2020-08-12,18868.0,19248.0,0.020140,BTC-2020-to-present__20260422043221.pdf,D
BTC,BTC,2020-08-13,19248.0,19124.0,-0.006442,BTC-2020-to-present__20260422043221.pdf,D
BTC,BTC,2020-08-14,19124.0,19693.0,0.029753,BTC-2020-to-present__20260422043221.pdf,D
BTC,BTC,2020-08-17,19693.0,20601.0,0.046108,BTC-2020-to-present__20260422043221.pdf,D
BTC,BTC,2020-08-18,20601.0,19858.0,-0.036066,BTC-2020-to-present__20260422043221.pdf,D
BTC,BTC,2020-08-19,19858.0,19289.0,-0.028653,BTC-2020-to-present__20260422043221.pdf,D
BTC,BTC,2020-08-20,19289.0,19627.0,0.017523,BTC-2020-to-present__20260422043221.pdf,D
BTC,BTC,2020-08-21,19627.0,19297.0,-0.016814,BTC-2020-to-present__20260422043221.pdf,D
BTC,BTC,2020-08-24,19297.0,19421.0,0.006426,BTC-2020-to-present__20260422043221.pdf,D
BTC,BTC,2020-08-25,19421.0,18662.0,-0.039081,BTC-2020-to-present__20260422043221.pdf,D
BTC,BTC,2020-08-26,18662.0,18942.0,0.015004,BTC-2020-to-present__20260422043221.pdf,D
BTC,BTC,2020-08-27,18942.0,18596.0,-0.018266,BTC-2020-to-present__20260422043221.pdf,D
BTC,BTC,2020-08-28,18596.0,18891.0,0.015864,BTC-2020-to-present__20260422043221.pdf,D
BTC,BTC,2020-09-02,18891.0,18909.0,0.000953,BTC-2020-to-present__20260422043221.pdf,D
BTC,BTC,2020-09-03,18909.0,17688.0,-0.064572,BTC-2020-to-present__20260422043221.pdf,D
BTC,BTC,2020-09-04,17688.0,17523.0,-0.009328,BTC-2020-to-present__20260422043221.pdf,D
BTC,BTC,2020-09-08,17523.0,16525.0,-0.056954,BTC-2020-to-present__20260422043221.pdf,D
BTC,BTC,2020-09-09,16525.0,17028.0,0.030439,BTC-2020-to-present__20260422043221.pdf,D
BTC,BTC,2020-09-10,17028.0,17020.0,-0.000470,BTC-2020-to-present__20260422043221.pdf,D
BTC,BTC,2020-09-11,17020.0,17061.0,0.002409,BTC-2020-to-present__20260422043221.pdf,D
BTC,BTC,2020-09-14,17061.0,17664.0,0.035344,BTC-2020-to-present__20260422043221.pdf,D
BTC,BTC,2020-09-15,17664.0,17845.0,0.010247,BTC-2020-to-present__20260422043221.pdf,D
BTC,BTC,2020-09-16,17845.0,18175.0,0.018493,BTC-2020-to-present__20260422043221.pdf,D
BTC,BTC,2020-09-17,18175.0,18068.0,-0.005887,BTC-2020-to-present__20260422043221.pdf,D
BTC,BTC,2020-09-18,18068.0,17952.0,-0.006420,BTC-2020-to-present__20260422043221.pdf,D
BTC,BTC,2020-09-21,17952.0,17301.0,-0.036263,BTC-2020-to-present__20260422043221.pdf,D
BTC,BTC,2020-09-22,17301.0,17317.0,0.000925,BTC-2020-to-present__20260422043221.pdf,D
BTC,BTC,2020-09-23,17317.0,16962.0,-0.020500,BTC-2020-to-present__20260422043221.pdf,D
BTC,BTC,2020-09-24,16962.0,17606.0,0.037967,BTC-2020-to-present__20260422043221.pdf,D
BTC,BTC,2020-09-25,17606.0,17502.0,-0.005907,BTC-2020-to-present__20260422043221.pdf,D
BTC,BTC,2020-09-29,17502.0,17845.0,0.019598,BTC-2020-to-present__20260422043221.pdf,D
BTC,BTC,2020-09-30,17845.0,17771.0,-0.004147,BTC-2020-to-present__20260422043221.pdf,D
BTC,BTC,2020-10-01,17771.0,17565.0,-0.011592,BTC-2020-to-present__20260422043221.pdf,D
BTC,BTC,2020-10-02,17565.0,17408.0,-0.008938,BTC-2020-to-present__20260422043221.pdf,D
BTC,BTC,2020-10-05,17408.0,17845.0,0.025103,BTC-2020-to-present__20260422043221.pdf,D
BTC,BTC,2020-10-06,17845.0,17540.0,-0.017092,BTC-2020-to-present__20260422043221.pdf,D
BTC,BTC,2020-10-07,17540.0,17688.0,0.008438,BTC-2020-to-present__20260422043221.pdf,D
BTC,BTC,2020-10-08,17688.0,18076.0,0.021936,BTC-2020-to-present__20260422043221.pdf,D
BTC,BTC,2020-10-09,18076.0,18332.0,0.014162,BTC-2020-to-present__20260422043221.pdf,D
BTC,BTC,2020-10-12,18332.0,19190.0,0.046803,BTC-2020-to-present__20260422043221.pdf,D
BTC,BTC,2020-10-13,19190.0,18876.0,-0.016363,BTC-2020-to-present__20260422043221.pdf,D
BTC,BTC,2020-10-14,18876.0,18827.0,-0.002596,BTC-2020-to-present__20260422043221.pdf,D
BTC,BTC,2020-10-15,18827.0,19132.0,0.016200,BTC-2020-to-present__20260422043221.pdf,D
BTC,BTC,2020-10-16,19132.0,18744.0,-0.020280,BTC-2020-to-present__20260422043221.pdf,D
BTC,BTC,2020-10-19,18744.0,19396.0,0.034784,BTC-2020-to-present__20260422043221.pdf,D
BTC,BTC,2020-10-20,19396.0,19751.0,0.018303,BTC-2020-to-present__20260422043221.pdf,D
BTC,BTC,2020-10-21,19751.0,21046.0,0.065566,BTC-2020-to-present__20260422043221.pdf,D
BTC,BTC,2020-10-22,21046.0,21706.0,0.031360,BTC-2020-to-present__20260422043221.pdf,D
BTC,BTC,2020-10-23,21706.0,21401.0,-0.014051,BTC-2020-to-present__20260422043221.pdf,D
BTC,BTC,2020-10-26,21401.0,21525.0,0.005794,BTC-2020-to-present__20260422043221.pdf,D
BTC,BTC,2020-10-27,21525.0,22581.0,0.049059,BTC-2020-to-present__20260422043221.pdf,D
BTC,BTC,2020-10-28,22581.0,21739.0,-0.037288,BTC-2020-to-present__20260422043221.pdf,D
BTC,BTC,2020-10-29,21739.0,22284.0,0.025070,BTC-2020-to-present__20260422043221.pdf,D
BTC,BTC,2020-10-30,22284.0,22240.0,-0.001975,BTC-2020-to-present__20260422043221.pdf,D
BTC,BTC,2020-11-03,22240.0,22845.0,0.027203,BTC-2020-to-present__20260422043221.pdf,D
BTC,BTC,2020-11-04,22845.0,23430.0,0.025607,BTC-2020-to-present__20260422043221.pdf,D
BTC,BTC,2020-11-05,23430.0,25179.0,0.074648,BTC-2020-to-present__20260422043221.pdf,D
BTC,BTC,2020-11-06,25179.0,25790.0,0.024266,BTC-2020-to-present__20260422043221.pdf,D
BTC,BTC,2020-11-09,25790.0,25493.0,-0.011516,BTC-2020-to-present__20260422043221.pdf,D
BTC,BTC,2020-11-10,25493.0,25336.0,-0.006159,BTC-2020-to-present__20260422043221.pdf,D
BTC,BTC,2020-11-11,25336.0,26079.0,0.029326,BTC-2020-to-present__20260422043221.pdf,D
BTC,BTC,2020-11-12,26079.0,26796.0,0.027493,BTC-2020-to-present__20260422043221.pdf,D
BTC,BTC,2020-11-13,26796.0,26846.0,0.001866,BTC-2020-to-present__20260422043221.pdf,D
BTC,BTC,2020-11-16,26846.0,27877.0,0.038404,BTC-2020-to-present__20260422043221.pdf,D
BTC,BTC,2020-11-17,27877.0,29255.0,0.049431,BTC-2020-to-present__20260422043221.pdf,D
BTC,BTC,2020-11-18,29255.0,29181.0,-0.002529,BTC-2020-to-present__20260422043221.pdf,D
BTC,BTC,2020-11-19,29181.0,29857.0,0.023166,BTC-2020-to-present__20260422043221.pdf,D
BTC,BTC,2020-11-20,29857.0,30831.0,0.032622,BTC-2020-to-present__20260422043221.pdf,D
BTC,BTC,2020-11-23,30831.0,30377.0,-0.014725,BTC-2020-to-present__20260422043221.pdf,D
BTC,BTC,2020-11-24,30377.0,31532.0,0.038022,BTC-2020-to-present__20260422043221.pdf,D
BTC,BTC,2020-11-25,31532.0,31210.0,-0.010212,BTC-2020-to-present__20260422043221.pdf,D
BTC,BTC,2020-11-27,31210.0,27436.0,-0.120923,BTC-2020-to-present__20260422043221.pdf,D
BTC,BTC,2020-12-01,27436.0,31804.0,0.159207,BTC-2020-to-present__20260422043221.pdf,D
BTC,BTC,2020-12-02,31804.0,31837.0,0.001038,BTC-2020-to-present__20260422043221.pdf,D
BTC,BTC,2020-12-03,31837.0,32283.0,0.014009,BTC-2020-to-present__20260422043221.pdf,D
BTC,BTC,2020-12-04,32283.0,31515.0,-0.023790,BTC-2020-to-present__20260422043221.pdf,D
BTC,BTC,2020-12-07,31515.0,31631.0,0.003681,BTC-2020-to-present__20260422043221.pdf,D
BTC,BTC,2020-12-08,31631.0,31062.0,-0.017989,BTC-2020-to-present__20260422043221.pdf,D
BTC,BTC,2020-12-09,31062.0,30393.0,-0.021538,BTC-2020-to-present__20260422043221.pdf,D
BTC,BTC,2020-12-10,30393.0,30426.0,0.001086,BTC-2020-to-present__20260422043221.pdf,D
BTC,BTC,2020-12-11,30426.0,29733.0,-0.022777,BTC-2020-to-present__20260422043221.pdf,D
BTC,BTC,2020-12-14,29733.0,31796.0,0.069384,BTC-2020-to-present__20260422043221.pdf,D
BTC,BTC,2020-12-15,31796.0,32274.0,0.015033,BTC-2020-to-present__20260422043221.pdf,D
BTC,BTC,2020-12-16,32274.0,34535.0,0.070056,BTC-2020-to-present__20260422043221.pdf,D
BTC,BTC,2020-12-17,34535.0,37736.0,0.092689,BTC-2020-to-present__20260422043221.pdf,D
BTC,BTC,2020-12-18,37736.0,37719.0,-0.000450,BTC-2020-to-present__20260422043221.pdf,D
BTC,BTC,2020-12-21,37719.0,37752.0,0.000875,BTC-2020-to-present__20260422043221.pdf,D
BTC,BTC,2020-12-22,37752.0,38685.0,0.024714,BTC-2020-to-present__20260422043221.pdf,D
BTC,BTC,2020-12-23,38685.0,38792.0,0.002766,BTC-2020-to-present__20260422043221.pdf,D
BTC,BTC,2020-12-24,38792.0,38275.0,-0.013327,BTC-2020-to-present__20260422043221.pdf,D
BTC,BTC,2020-12-29,38275.0,44897.0,0.173011,BTC-2020-to-present__20260422043221.pdf,D
BTC,BTC,2020-12-30,44897.0,48106.0,0.071475,BTC-2020-to-present__20260422043221.pdf,D
BTC,BTC,2020-12-31,48106.0,48486.0,0.007899,BTC-2020-to-present__20260422043221.pdf,D
BTC,BTC,2021-01-04,48486.0,52058.0,0.073671,BTC-2020-to-present__20260422043221.pdf,D
BTC,BTC,2021-01-05,52058.0,56950.0,0.093972,BTC-2020-to-present__20260422043221.pdf,D
BTC,BTC,2021-01-06,56950.0,60333.0,0.059403,BTC-2020-to-present__20260422043221.pdf,D
BTC,BTC,2021-01-07,60333.0,65382.0,0.083686,BTC-2020-to-present__20260422043221.pdf,D
BTC,BTC,2021-01-08,65382.0,65208.0,-0.002661,BTC-2020-to-present__20260422043221.pdf,D
BTC,BTC,2021-01-11,65208.0,55737.0,-0.145243,BTC-2020-to-present__20260422043221.pdf,D
BTC,BTC,2021-01-12,55737.0,56925.0,0.021314,BTC-2020-to-present__20260422043221.pdf,D
BTC,BTC,2021-01-13,56925.0,60019.0,0.054352,BTC-2020-to-present__20260422043221.pdf,D
BTC,BTC,2021-01-14,60019.0,65349.0,0.088805,BTC-2020-to-present__20260422043221.pdf,D
BTC,BTC,2021-01-15,65349.0,58782.0,-0.100491,BTC-2020-to-present__20260422043221.pdf,D
BTC,BTC,2021-01-19,58782.0,60382.0,0.027219,BTC-2020-to-present__20260422043221.pdf,D
BTC,BTC,2021-01-20,60382.0,57808.0,-0.042629,BTC-2020-to-present__20260422043221.pdf,D
BTC,BTC,2021-01-21,57808.0,52668.0,-0.088915,BTC-2020-to-present__20260422043221.pdf,D
BTC,BTC,2021-01-22,52668.0,55407.0,0.052005,BTC-2020-to-present__20260422043221.pdf,D
BTC,BTC,2021-01-25,55407.0,55176.0,-0.004169,BTC-2020-to-present__20260422043221.pdf,D
BTC,BTC,2021-01-26,55176.0,52718.0,-0.044548,BTC-2020-to-present__20260422043221.pdf,D
BTC,BTC,2021-01-27,52718.0,51934.0,-0.014872,BTC-2020-to-present__20260422043221.pdf,D
BTC,BTC,2021-01-28,51934.0,53873.0,0.037336,BTC-2020-to-present__20260422043221.pdf,D
BTC,BTC,2021-01-29,53873.0,61450.0,0.140646,BTC-2020-to-present__20260422043221.pdf,D
BTC,BTC,2021-02-02,61450.0,68723.0,0.118356,BTC-2020-to-present__20260422043221.pdf,D
BTC,BTC,2021-02-03,68723.0,71041.0,0.033730,BTC-2020-to-present__20260422043221.pdf,D
BTC,BTC,2021-02-04,71041.0,72039.0,0.014048,BTC-2020-to-present__20260422043221.pdf,D
BTC,BTC,2021-02-05,72039.0,72229.0,0.002637,BTC-2020-to-present__20260422043221.pdf,D
BTC,BTC,2021-02-08,72229.0,85035.0,0.177297,BTC-2020-to-present__20260422043221.pdf,D
BTC,BTC,2021-02-10,85035.0,85339.0,0.003575,BTC-2020-to-present__20260422043221.pdf,D
BTC,BTC,2021-02-11,85339.0,90298.0,0.058109,BTC-2020-to-present__20260422043221.pdf,D
BTC,BTC,2021-02-12,90298.0,91276.0,0.010831,BTC-2020-to-present__20260422043221.pdf,D
BTC,BTC,2021-02-16,91276.0,92958.0,0.018428,BTC-2020-to-present__20260422043221.pdf,D
BTC,BTC,2021-02-17,92958.0,100292.0,0.078896,BTC-2020-to-present__20260422043221.pdf,D
BTC,BTC,2021-02-18,100292.0,99446.0,-0.008435,BTC-2020-to-present__20260422043221.pdf,D
BTC,BTC,2021-02-19,99446.0,105507.0,0.060948,BTC-2020-to-present__20260422043221.pdf,D
BTC,BTC,2021-02-22,105507.0,102068.0,-0.032595,BTC-2020-to-present__20260422043221.pdf,D
BTC,BTC,2021-02-23,102068.0,90554.0,-0.112807,BTC-2020-to-present__20260422043221.pdf,D
BTC,BTC,2021-02-24,90554.0,93357.0,0.030954,BTC-2020-to-present__20260422043221.pdf,D
BTC,BTC,2021-02-25,93357.0,93328.0,-0.000311,BTC-2020-to-present__20260422043221.pdf,D
BTC,BTC,2021-02-26,93328.0,89304.0,-0.043117,BTC-2020-to-present__20260422043221.pdf,D
BTC,BTC,2021-03-02,89304.0,90858.0,0.017401,BTC-2020-to-present__20260422043221.pdf,D
BTC,BTC,2021-03-03,90858.0,96710.0,0.064408,BTC-2020-to-present__20260422043221.pdf,D
BTC,BTC,2021-03-04,96710.0,91789.0,-0.050884,BTC-2020-to-present__20260422043221.pdf,D
BTC,BTC,2021-03-05,91789.0,94155.0,0.025777,BTC-2020-to-present__20260422043221.pdf,D
BTC,BTC,2021-03-08,94155.0,99076.0,0.052265,BTC-2020-to-present__20260422043221.pdf,D
BTC,BTC,2021-03-09,99076.0,103968.0,0.049376,BTC-2020-to-present__20260422043221.pdf,D
BTC,BTC,2021-03-10,103968.0,107578.0,0.034722,BTC-2020-to-present__20260422043221.pdf,D
BTC,BTC,2021-03-11,107578.0,110115.0,0.023583,BTC-2020-to-present__20260422043221.pdf,D
BTC,BTC,2021-03-12,110115.0,108443.0,-0.015184,BTC-2020-to-present__20260422043221.pdf,D
BTC,BTC,2021-03-15,108443.0,108110.0,-0.003071,BTC-2020-to-present__20260422043221.pdf,D
BTC,BTC,2021-03-16,108110.0,106229.0,-0.017399,BTC-2020-to-present__20260422043221.pdf,D
BTC,BTC,2021-03-17,106229.0,110162.0,0.037024,BTC-2020-to-present__20260422043221.pdf,D
BTC,BTC,2021-03-18,110162.0,108994.0,-0.010603,BTC-2020-to-present__20260422043221.pdf,D
BTC,BTC,2021-03-19,108994.0,112053.0,0.028066,BTC-2020-to-present__20260422043221.pdf,D
BTC,BTC,2021-03-22,112053.0,105650.0,-0.057143,BTC-2020-to-present__20260422043221.pdf,D
BTC,BTC,2021-03-23,105650.0,104472.0,-0.011150,BTC-2020-to-present__20260422043221.pdf,D
BTC,BTC,2021-03-24,104472.0,103826.0,-0.006183,BTC-2020-to-present__20260422043221.pdf,D
BTC,BTC,2021-03-25,103826.0,99171.0,-0.044835,BTC-2020-to-present__20260422043221.pdf,D
BTC,BTC,2021-03-26,99171.0,101359.0,0.022063,BTC-2020-to-present__20260422043221.pdf,D
BTC,BTC,2021-03-30,101359.0,113440.0,0.119190,BTC-2020-to-present__20260422043221.pdf,D
BTC,BTC,2021-03-31,113440.0,112642.0,-0.007035,BTC-2020-to-present__20260422043221.pdf,D
BTC,BTC,2021-04-01,112642.0,113269.0,0.005566,BTC-2020-to-present__20260422043221.pdf,D
BTC,BTC,2021-04-05,113269.0,113696.0,0.003770,BTC-2020-to-present__20260422043221.pdf,D
BTC,BTC,2021-04-06,113696.0,111597.0,-0.018462,BTC-2020-to-present__20260422043221.pdf,D
BTC,BTC,2021-04-07,111597.0,106989.0,-0.041291,BTC-2020-to-present__20260422043221.pdf,D
BTC,BTC,2021-04-08,106989.0,110495.0,0.032770,BTC-2020-to-present__20260422043221.pdf,D
BTC,BTC,2021-04-09,110495.0,111644.0,0.010399,BTC-2020-to-present__20260422043221.pdf,D
BTC,BTC,2021-04-12,111644.0,115036.0,0.030382,BTC-2020-to-present__20260422043221.pdf,D
BTC,BTC,2021-04-13,115036.0,121002.0,0.051862,BTC-2020-to-present__20260422043221.pdf,D
BTC,BTC,2021-04-14,121002.0,118560.0,-0.020181,BTC-2020-to-present__20260422043221.pdf,D
BTC,BTC,2021-04-15,118560.0,121296.0,0.023077,BTC-2020-to-present__20260422043221.pdf,D
BTC,BTC,2021-04-16,121296.0,117762.0,-0.029135,BTC-2020-to-present__20260422043221.pdf,D
BTC,BTC,2021-04-19,117762.0,106486.0,-0.095752,BTC-2020-to-present__20260422043221.pdf,D
BTC,BTC,2021-04-20,106486.0,107759.0,0.011955,BTC-2020-to-present__20260422043221.pdf,D
BTC,BTC,2021-04-21,107759.0,105659.0,-0.019488,BTC-2020-to-present__20260422043221.pdf,D
BTC,BTC,2021-04-22,105659.0,100434.0,-0.049452,BTC-2020-to-present__20260422043221.pdf,D
BTC,BTC,2021-04-23,100434.0,96606.0,-0.038115,BTC-2020-to-present__20260422043221.pdf,D
BTC,BTC,2021-04-26,96606.0,102733.0,0.063423,BTC-2020-to-present__20260422043221.pdf,D
BTC,BTC,2021-04-27,102733.0,104101.0,0.013316,BTC-2020-to-present__20260422043221.pdf,D
BTC,BTC,2021-04-28,104101.0,105279.0,0.011316,BTC-2020-to-present__20260422043221.pdf,D
BTC,BTC,2021-04-29,105279.0,100510.0,-0.045299,BTC-2020-to-present__20260422043221.pdf,D
BTC,BTC,2021-04-30,100510.0,106643.0,0.061019,BTC-2020-to-present__20260422043221.pdf,D
BTC,BTC,2021-05-04,106643.0,103579.0,-0.028731,BTC-2020-to-present__20260422043221.pdf,D
BTC,BTC,2021-05-05,103579.0,108861.0,0.050995,BTC-2020-to-present__20260422043221.pdf,D
BTC,BTC,2021-05-06,108861.0,106742.0,-0.019465,BTC-2020-to-present__20260422043221.pdf,D
BTC,BTC,2021-05-07,106742.0,101080.0,-0.053044,BTC-2020-to-present__20260422043221.pdf,D
BTC,BTC,2021-05-10,101080.0,97484.0,-0.035576,BTC-2020-to-present__20260422043221.pdf,D
BTC,BTC,2021-05-11,97484.0,99409.0,0.019747,BTC-2020-to-present__20260422043221.pdf,D
BTC,BTC,2021-05-12,99409.0,95279.0,-0.041546,BTC-2020-to-present__20260422043221.pdf,D
BTC,BTC,2021-05-13,95279.0,84639.0,-0.111672,BTC-2020-to-present__20260422043221.pdf,D
BTC,BTC,2021-05-14,84639.0,87833.0,0.037737,BTC-2020-to-present__20260422043221.pdf,D
BTC,BTC,2021-05-17,87833.0,77105.0,-0.122141,BTC-2020-to-present__20260422043221.pdf,D
BTC,BTC,2021-05-18,77105.0,75513.0,-0.020647,BTC-2020-to-present__20260422043221.pdf,D
BTC,BTC,2021-05-19,75513.0,68845.0,-0.088303,BTC-2020-to-present__20260422043221.pdf,D
BTC,BTC,2021-05-20,68845.0,70560.0,0.024911,BTC-2020-to-present__20260422043221.pdf,D
BTC,BTC,2021-05-21,70560.0,63149.0,-0.105031,BTC-2020-to-present__20260422043221.pdf,D
BTC,BTC,2021-05-24,63149.0,69563.0,0.101569,BTC-2020-to-present__20260422043221.pdf,D
BTC,BTC,2021-05-25,69563.0,65328.0,-0.060880,BTC-2020-to-present__20260422043221.pdf,D
BTC,BTC,2021-05-26,65328.0,67454.0,0.032543,BTC-2020-to-present__20260422043221.pdf,D
BTC,BTC,2021-05-27,67454.0,67979.0,0.007783,BTC-2020-to-present__20260422043221.pdf,D
BTC,BTC,2021-05-28,67979.0,64473.0,-0.051575,BTC-2020-to-present__20260422043221.pdf,D
BTC,BTC,2021-06-02,64473.0,66570.0,0.032525,BTC-2020-to-present__20260422043221.pdf,D
BTC,BTC,2021-06-03,66570.0,67752.0,0.017756,BTC-2020-to-present__20260422043221.pdf,D
BTC,BTC,2021-06-04,67752.0,64672.0,-0.045460,BTC-2020-to-present__20260422043221.pdf,D
BTC,BTC,2021-06-07,64672.0,62379.0,-0.035456,BTC-2020-to-present__20260422043221.pdf,D
BTC,BTC,2021-06-08,62379.0,57593.0,-0.076725,BTC-2020-to-present__20260422043221.pdf,D
BTC,BTC,2021-06-09,57593.0,63657.0,0.105291,BTC-2020-to-present__20260422043221.pdf,D
BTC,BTC,2021-06-10,63657.0,64208.0,0.008656,BTC-2020-to-present__20260422043221.pdf,D
BTC,BTC,2021-06-11,64208.0,65319.0,0.017303,BTC-2020-to-present__20260422043221.pdf,D
BTC,BTC,2021-06-14,65319.0,69493.0,0.063902,BTC-2020-to-present__20260422043221.pdf,D
BTC,BTC,2021-06-15,69493.0,69992.0,0.007181,BTC-2020-to-present__20260422043221.pdf,D
BTC,BTC,2021-06-16,69992.0,67489.0,-0.035761,BTC-2020-to-present__20260422043221.pdf,D
BTC,BTC,2021-06-17,67489.0,65914.0,-0.023337,BTC-2020-to-present__20260422043221.pdf,D
BTC,BTC,2021-06-18,65914.0,61749.0,-0.063188,BTC-2020-to-present__20260422043221.pdf,D
BTC,BTC,2021-06-21,61749.0,56980.0,-0.077232,BTC-2020-to-present__20260422043221.pdf,D
BTC,BTC,2021-06-22,56980.0,56840.0,-0.002457,BTC-2020-to-present__20260422043221.pdf,D
BTC,BTC,2021-06-23,56840.0,57575.0,0.012931,BTC-2020-to-present__20260422043221.pdf,D
BTC,BTC,2021-06-25,57575.0,57889.0,0.005454,BTC-2020-to-present__20260422043221.pdf,D
BTC,BTC,2021-06-29,57889.0,63753.0,0.101297,BTC-2020-to-present__20260422043221.pdf,D
BTC,BTC,2021-06-30,63753.0,60769.0,-0.046806,BTC-2020-to-present__20260422043221.pdf,D
BTC,BTC,2021-07-01,60769.0,57803.0,-0.048808,BTC-2020-to-present__20260422043221.pdf,D
BTC,BTC,2021-07-02,57803.0,58249.0,0.007716,BTC-2020-to-present__20260422043221.pdf,D
BTC,BTC,2021-07-06,58249.0,59457.0,0.020739,BTC-2020-to-present__20260422043221.pdf,D
BTC,BTC,2021-07-07,59457.0,60725.0,0.021326,BTC-2020-to-present__20260422043221.pdf,D
BTC,BTC,2021-07-08,60725.0,57680.0,-0.050144,BTC-2020-to-present__20260422043221.pdf,D
BTC,BTC,2021-07-09,57680.0,58547.0,0.015031,BTC-2020-to-present__20260422043221.pdf,D
BTC,BTC,2021-07-12,58547.0,57330.0,-0.020787,BTC-2020-to-present__20260422043221.pdf,D
BTC,BTC,2021-07-13,57330.0,56377.0,-0.016623,BTC-2020-to-present__20260422043221.pdf,D
BTC,BTC,2021-07-14,56377.0,57295.0,0.016283,BTC-2020-to-present__20260422043221.pdf,D
BTC,BTC,2021-07-15,57295.0,54968.0,-0.040614,BTC-2020-to-present__20260422043221.pdf,D
BTC,BTC,2021-07-16,54968.0,55869.0,0.016391,BTC-2020-to-present__20260422043221.pdf,D
BTC,BTC,2021-07-19,55869.0,53708.0,-0.038680,BTC-2020-to-present__20260422043221.pdf,D
BTC,BTC,2021-07-20,53708.0,52002.0,-0.031764,BTC-2020-to-present__20260422043221.pdf,D
BTC,BTC,2021-07-21,52002.0,55335.0,0.064094,BTC-2020-to-present__20260422043221.pdf,D
BTC,BTC,2021-07-22,55335.0,56727.0,0.025156,BTC-2020-to-present__20260422043221.pdf,D
BTC,BTC,2021-07-23,56727.0,56473.0,-0.004478,BTC-2020-to-present__20260422043221.pdf,D
BTC,BTC,2021-07-26,56473.0,69090.0,0.223416,BTC-2020-to-present__20260422043221.pdf,D
BTC,BTC,2021-07-27,69090.0,66308.0,-0.040266,BTC-2020-to-present__20260422043221.pdf,D
BTC,BTC,2021-07-28,66308.0,70648.0,0.065452,BTC-2020-to-present__20260422043221.pdf,D
BTC,BTC,2021-07-29,70648.0,69432.0,-0.017212,BTC-2020-to-present__20260422043221.pdf,D
BTC,BTC,2021-07-30,69432.0,68287.0,-0.016491,BTC-2020-to-present__20260422043221.pdf,D
BTC,BTC,2021-08-03,68287.0,66439.0,-0.027062,BTC-2020-to-present__20260422043221.pdf,D
BTC,BTC,2021-08-04,66439.0,69720.0,0.049384,BTC-2020-to-present__20260422043221.pdf,D
BTC,BTC,2021-08-05,69720.0,71322.0,0.022978,BTC-2020-to-present__20260422043221.pdf,D
BTC,BTC,2021-08-06,71322.0,75198.0,0.054345,BTC-2020-to-present__20260422043221.pdf,D
BTC,BTC,2021-08-09,75198.0,80579.0,0.071558,BTC-2020-to-present__20260422043221.pdf,D
BTC,BTC,2021-08-10,80579.0,79617.0,-0.011939,BTC-2020-to-present__20260422043221.pdf,D
BTC,BTC,2021-08-11,79617.0,81297.0,0.021101,BTC-2020-to-present__20260422043221.pdf,D
BTC,BTC,2021-08-12,81297.0,77630.0,-0.045106,BTC-2020-to-present__20260422043221.pdf,D
BTC,BTC,2021-08-13,77630.0,81384.0,0.048358,BTC-2020-to-present__20260422043221.pdf,D
BTC,BTC,2021-08-16,81384.0,80667.0,-0.008810,BTC-2020-to-present__20260422043221.pdf,D
BTC,BTC,2021-08-17,80667.0,79660.0,-0.012483,BTC-2020-to-present__20260422043221.pdf,D
BTC,BTC,2021-08-18,79660.0,78497.0,-0.014600,BTC-2020-to-present__20260422043221.pdf,D
BTC,BTC,2021-08-19,78497.0,81725.0,0.041123,BTC-2020-to-present__20260422043221.pdf,D
BTC,BTC,2021-08-20,81725.0,85278.0,0.043475,BTC-2020-to-present__20260422043221.pdf,D
BTC,BTC,2021-08-23,85278.0,86240.0,0.011281,BTC-2020-to-present__20260422043221.pdf,D
BTC,BTC,2021-08-24,86240.0,84368.0,-0.021707,BTC-2020-to-present__20260422043221.pdf,D
BTC,BTC,2021-08-25,84368.0,85234.0,0.010265,BTC-2020-to-present__20260422043221.pdf,D
BTC,BTC,2021-08-26,85234.0,82145.0,-0.036241,BTC-2020-to-present__20260422043221.pdf,D
BTC,BTC,2021-08-27,82145.0,83917.0,0.021572,BTC-2020-to-present__20260422043221.pdf,D
BTC,BTC,2021-08-31,83917.0,82933.0,-0.011726,BTC-2020-to-present__20260422043221.pdf,D
BTC,BTC,2021-09-01,82933.0,84560.0,0.019618,BTC-2020-to-present__20260422043221.pdf,D
BTC,BTC,2021-09-02,84560.0,86407.0,0.021842,BTC-2020-to-present__20260422043221.pdf,D
BTC,BTC,2021-09-03,86407.0,88743.0,0.027035,BTC-2020-to-present__20260422043221.pdf,D
BTC,BTC,2021-09-07,88743.0,81865.0,-0.077505,BTC-2020-to-present__20260422043221.pdf,D
BTC,BTC,2021-09-08,81865.0,81410.0,-0.005558,BTC-2020-to-present__20260422043221.pdf,D
BTC,BTC,2021-09-09,81410.0,81629.0,0.002690,BTC-2020-to-present__20260422043221.pdf,D
BTC,BTC,2021-09-10,81629.0,79932.0,-0.020789,BTC-2020-to-present__20260422043221.pdf,D
BTC,BTC,2021-09-13,79932.0,78427.0,-0.018829,BTC-2020-to-present__20260422043221.pdf,D
BTC,BTC,2021-09-14,78427.0,81402.0,0.037933,BTC-2020-to-present__20260422043221.pdf,D
BTC,BTC,2021-09-15,81402.0,84333.0,0.036006,BTC-2020-to-present__20260422043221.pdf,D
BTC,BTC,2021-09-16,84333.0,83117.0,-0.014419,BTC-2020-to-present__20260422043221.pdf,D
BTC,BTC,2021-09-17,83117.0,83108.0,-0.000108,BTC-2020-to-present__20260422043221.pdf,D
BTC,BTC,2021-09-20,83108.0,76615.0,-0.078127,BTC-2020-to-present__20260422043221.pdf,D
BTC,BTC,2021-09-21,76615.0,73553.0,-0.039966,BTC-2020-to-present__20260422043221.pdf,D
BTC,BTC,2021-09-22,73553.0,75924.0,0.032235,BTC-2020-to-present__20260422043221.pdf,D
BTC,BTC,2021-09-23,75924.0,78374.0,0.032269,BTC-2020-to-present__20260422043221.pdf,D
BTC,BTC,2021-09-24,78374.0,74129.0,-0.054163,BTC-2020-to-present__20260422043221.pdf,D
BTC,BTC,2021-09-28,74129.0,72800.0,-0.017928,BTC-2020-to-present__20260422043221.pdf,D
BTC,BTC,2021-09-29,72800.0,72022.0,-0.010687,BTC-2020-to-present__20260422043221.pdf,D
BTC,BTC,2021-09-30,72022.0,76327.0,0.059773,BTC-2020-to-present__20260422043221.pdf,D
BTC,BTC,2021-10-01,76327.0,84683.0,0.109476,BTC-2020-to-present__20260422043221.pdf,D
BTC,BTC,2021-10-04,84683.0,87247.0,0.030278,BTC-2020-to-present__20260422043221.pdf,D
BTC,BTC,2021-10-05,87247.0,90353.0,0.035600,BTC-2020-to-present__20260422043221.pdf,D
BTC,BTC,2021-10-06,90353.0,97475.0,0.078824,BTC-2020-to-present__20260422043221.pdf,D
BTC,BTC,2021-10-07,97475.0,95323.0,-0.022077,BTC-2020-to-present__20260422043221.pdf,D
BTC,BTC,2021-10-08,95323.0,96565.0,0.013029,BTC-2020-to-present__20260422043221.pdf,D
BTC,BTC,2021-10-11,96565.0,101483.0,0.050929,BTC-2020-to-present__20260422043221.pdf,D
BTC,BTC,2021-10-12,101483.0,97677.0,-0.037504,BTC-2020-to-present__20260422043221.pdf,D
BTC,BTC,2021-10-13,97677.0,101063.0,0.034665,BTC-2020-to-present__20260422043221.pdf,D
BTC,BTC,2021-10-14,101063.0,101842.0,0.007708,BTC-2020-to-present__20260422043221.pdf,D
BTC,BTC,2021-10-15,101842.0,108632.0,0.066672,BTC-2020-to-present__20260422043221.pdf,D
BTC,BTC,2021-10-18,108632.0,107888.0,-0.006849,BTC-2020-to-present__20260422043221.pdf,D
BTC,BTC,2021-10-19,107888.0,113155.0,0.048819,BTC-2020-to-present__20260422043221.pdf,D
BTC,BTC,2021-10-20,113155.0,116664.0,0.031011,BTC-2020-to-present__20260422043221.pdf,D
BTC,BTC,2021-10-21,116664.0,110093.0,-0.056324,BTC-2020-to-present__20260422043221.pdf,D
BTC,BTC,2021-10-22,110093.0,106890.0,-0.029094,BTC-2020-to-present__20260422043221.pdf,D
BTC,BTC,2021-10-25,106890.0,109769.0,0.026934,BTC-2020-to-present__20260422043221.pdf,D
BTC,BTC,2021-10-26,109769.0,108457.0,-0.011952,BTC-2020-to-present__20260422043221.pdf,D
BTC,BTC,2021-10-27,108457.0,103364.0,-0.046959,BTC-2020-to-present__20260422043221.pdf,D
BTC,BTC,2021-10-28,103364.0,107337.0,0.038437,BTC-2020-to-present__20260422043221.pdf,D
BTC,BTC,2021-10-29,107337.0,107012.0,-0.003028,BTC-2020-to-present__20260422043221.pdf,D
BTC,BTC,2021-11-02,107012.0,112027.0,0.046864,BTC-2020-to-present__20260422043221.pdf,D
BTC,BTC,2021-11-03,112027.0,110364.0,-0.014845,BTC-2020-to-present__20260422043221.pdf,D
BTC,BTC,2021-11-04,110364.0,107380.0,-0.027038,BTC-2020-to-present__20260422043221.pdf,D
BTC,BTC,2021-11-05,107380.0,107415.0,0.000326,BTC-2020-to-present__20260422043221.pdf,D
BTC,BTC,2021-11-08,107415.0,116349.0,0.083173,BTC-2020-to-present__20260422043221.pdf,D
BTC,BTC,2021-11-09,116349.0,118344.0,0.017147,BTC-2020-to-present__20260422043221.pdf,D
BTC,BTC,2021-11-10,118344.0,115632.0,-0.022916,BTC-2020-to-present__20260422043221.pdf,D
BTC,BTC,2021-11-11,115632.0,113847.0,-0.015437,BTC-2020-to-present__20260422043221.pdf,D
BTC,BTC,2021-11-12,113847.0,112412.0,-0.012605,BTC-2020-to-present__20260422043221.pdf,D
BTC,BTC,2021-11-15,112412.0,111843.0,-0.005062,BTC-2020-to-present__20260422043221.pdf,D
BTC,BTC,2021-11-16,111843.0,104528.0,-0.065404,BTC-2020-to-present__20260422043221.pdf,D
BTC,BTC,2021-11-17,104528.0,105849.0,0.012638,BTC-2020-to-present__20260422043221.pdf,D
BTC,BTC,2021-11-18,105849.0,101527.0,-0.040832,BTC-2020-to-present__20260422043221.pdf,D
BTC,BTC,2021-11-19,101527.0,101325.0,-0.001990,BTC-2020-to-present__20260422043221.pdf,D
BTC,BTC,2021-11-22,101325.0,97677.0,-0.036003,BTC-2020-to-present__20260422043221.pdf,D
BTC,BTC,2021-11-23,97677.0,101247.0,0.036549,BTC-2020-to-present__20260422043221.pdf,D
BTC,BTC,2021-11-24,101247.0,100477.0,-0.007605,BTC-2020-to-present__20260422043221.pdf,D
BTC,BTC,2021-11-26,100477.0,95315.0,-0.051375,BTC-2020-to-present__20260422043221.pdf,D
BTC,BTC,2021-11-30,95315.0,101115.0,0.060851,BTC-2020-to-present__20260422043221.pdf,D
BTC,BTC,2021-12-01,101115.0,99733.0,-0.013668,BTC-2020-to-present__20260422043221.pdf,D
BTC,BTC,2021-12-02,99733.0,100057.0,0.003249,BTC-2020-to-present__20260422043221.pdf,D
BTC,BTC,2021-12-03,100057.0,93704.0,-0.063494,BTC-2020-to-present__20260422043221.pdf,D
BTC,BTC,2021-12-06,93704.0,85680.0,-0.085631,BTC-2020-to-present__20260422043221.pdf,D
BTC,BTC,2021-12-07,85680.0,88550.0,0.033497,BTC-2020-to-present__20260422043221.pdf,D
BTC,BTC,2021-12-08,88550.0,89119.0,0.006426,BTC-2020-to-present__20260422043221.pdf,D
BTC,BTC,2021-12-09,89119.0,83432.0,-0.063814,BTC-2020-to-present__20260422043221.pdf,D
BTC,BTC,2021-12-10,83432.0,77584.0,-0.070093,BTC-2020-to-present__20260422043221.pdf,D
BTC,BTC,2021-12-13,77584.0,74552.0,-0.039080,BTC-2020-to-present__20260422043221.pdf,D
BTC,BTC,2021-12-14,74552.0,76592.0,0.027363,BTC-2020-to-present__20260422043221.pdf,D
BTC,BTC,2021-12-15,76592.0,78960.0,0.030917,BTC-2020-to-present__20260422043221.pdf,D
BTC,BTC,2021-12-16,78960.0,76816.0,-0.027153,BTC-2020-to-present__20260422043221.pdf,D
BTC,BTC,2021-12-17,76816.0,74000.0,-0.036659,BTC-2020-to-present__20260422043221.pdf,D
BTC,BTC,2021-12-20,74000.0,75296.0,0.017514,BTC-2020-to-present__20260422043221.pdf,D
BTC,BTC,2021-12-21,75296.0,77896.0,0.034530,BTC-2020-to-present__20260422043221.pdf,D
BTC,BTC,2021-12-22,77896.0,78472.0,0.007394,BTC-2020-to-present__20260422043221.pdf,D
BTC,BTC,2021-12-23,78472.0,81696.0,0.041085,BTC-2020-to-present__20260422043221.pdf,D
BTC,BTC,2021-12-27,81696.0,82040.0,0.004211,BTC-2020-to-present__20260422043221.pdf,D
BTC,BTC,2021-12-28,82040.0,76408.0,-0.068649,BTC-2020-to-present__20260422043221.pdf,D
BTC,BTC,2021-12-29,76408.0,75792.0,-0.008062,BTC-2020-to-present__20260422043221.pdf,D
BTC,BTC,2021-12-30,75792.0,75472.0,-0.004222,BTC-2020-to-present__20260422043221.pdf,D
BTC,BTC,2021-12-31,75472.0,76764.0,0.017119,BTC-2020-to-present__20260422043221.pdf,D
BTC,BTC,2022-01-04,76764.0,74088.0,-0.034860,BTC-2020-to-present__20260422043221.pdf,D
BTC,BTC,2022-01-05,74088.0,70128.0,-0.053450,BTC-2020-to-present__20260422043221.pdf,D
BTC,BTC,2022-01-06,70128.0,69144.0,-0.014031,BTC-2020-to-present__20260422043221.pdf,D
BTC,BTC,2022-01-07,69144.0,66992.0,-0.031123,BTC-2020-to-present__20260422043221.pdf,D
BTC,BTC,2022-01-10,66992.0,66792.0,-0.002985,BTC-2020-to-present__20260422043221.pdf,D
BTC,BTC,2022-01-11,66792.0,68488.0,0.025392,BTC-2020-to-present__20260422043221.pdf,D
BTC,BTC,2022-01-12,68488.0,70120.0,0.023829,BTC-2020-to-present__20260422043221.pdf,D
BTC,BTC,2022-01-13,70120.0,68280.0,-0.026241,BTC-2020-to-present__20260422043221.pdf,D
BTC,BTC,2022-01-14,68280.0,68992.0,0.010428,BTC-2020-to-present__20260422043221.pdf,D
BTC,BTC,2022-01-18,68992.0,66664.0,-0.033743,BTC-2020-to-present__20260422043221.pdf,D
BTC,BTC,2022-01-19,66664.0,66520.0,-0.002160,BTC-2020-to-present__20260422043221.pdf,D
BTC,BTC,2022-01-20,66520.0,68280.0,0.026458,BTC-2020-to-present__20260422043221.pdf,D
BTC,BTC,2022-01-21,68280.0,61088.0,-0.105331,BTC-2020-to-present__20260422043221.pdf,D
BTC,BTC,2022-01-24,61088.0,59552.0,-0.025144,BTC-2020-to-present__20260422043221.pdf,D
BTC,BTC,2022-01-25,59552.0,58968.0,-0.009807,BTC-2020-to-present__20260422043221.pdf,D
BTC,BTC,2022-01-26,58968.0,59296.0,0.005562,BTC-2020-to-present__20260422043221.pdf,D
BTC,BTC,2022-01-27,59296.0,56904.0,-0.040340,BTC-2020-to-present__20260422043221.pdf,D
BTC,BTC,2022-01-28,56904.0,59322.0,0.042493,BTC-2020-to-present__20260422043221.pdf,D
BTC,BTC,2022-02-01,59322.0,61736.0,0.040693,BTC-2020-to-present__20260422043221.pdf,D
BTC,BTC,2022-02-02,61736.0,60056.0,-0.027213,BTC-2020-to-present__20260422043221.pdf,D
BTC,BTC,2022-02-03,60056.0,58024.0,-0.033835,BTC-2020-to-present__20260422043221.pdf,D
BTC,BTC,2022-02-04,58024.0,65024.0,0.120640,BTC-2020-to-present__20260422043221.pdf,D
BTC,BTC,2022-02-07,65024.0,70776.0,0.088460,BTC-2020-to-present__20260422043221.pdf,D
BTC,BTC,2022-02-08,70776.0,70944.0,0.002374,BTC-2020-to-present__20260422043221.pdf,D
BTC,BTC,2022-02-09,70944.0,71768.0,0.011615,BTC-2020-to-present__20260422043221.pdf,D
BTC,BTC,2022-02-10,71768.0,70688.0,-0.015048,BTC-2020-to-present__20260422043221.pdf,D
BTC,BTC,2022-02-11,70688.0,67824.0,-0.040516,BTC-2020-to-present__20260422043221.pdf,D
BTC,BTC,2022-02-14,67824.0,67528.0,-0.004364,BTC-2020-to-present__20260422043221.pdf,D
BTC,BTC,2022-02-15,67528.0,70744.0,0.047625,BTC-2020-to-present__20260422043221.pdf,D
BTC,BTC,2022-02-16,70744.0,70680.0,-0.000905,BTC-2020-to-present__20260422043221.pdf,D
BTC,BTC,2022-02-17,70680.0,65440.0,-0.074137,BTC-2020-to-present__20260422043221.pdf,D
BTC,BTC,2022-02-18,65440.0,63912.0,-0.023350,BTC-2020-to-present__20260422043221.pdf,D
BTC,BTC,2022-02-22,63912.0,60664.0,-0.050820,BTC-2020-to-present__20260422043221.pdf,D
BTC,BTC,2022-02-23,60664.0,60256.0,-0.006726,BTC-2020-to-present__20260422043221.pdf,D
BTC,BTC,2022-02-24,60256.0,61376.0,0.018587,BTC-2020-to-present__20260422043221.pdf,D
BTC,BTC,2022-02-25,61376.0,62724.0,0.021963,BTC-2020-to-present__20260422043221.pdf,D
BTC,BTC,2022-03-01,62724.0,70784.0,0.128499,BTC-2020-to-present__20260422043221.pdf,D
BTC,BTC,2022-03-02,70784.0,70280.0,-0.007120,BTC-2020-to-present__20260422043221.pdf,D
BTC,BTC,2022-03-03,70280.0,67328.0,-0.042003,BTC-2020-to-present__20260422043221.pdf,D
BTC,BTC,2022-03-04,67328.0,63272.0,-0.060242,BTC-2020-to-present__20260422043221.pdf,D
BTC,BTC,2022-03-07,63272.0,60064.0,-0.050702,BTC-2020-to-present__20260422043221.pdf,D
BTC,BTC,2022-03-08,60064.0,61608.0,0.025706,BTC-2020-to-present__20260422043221.pdf,D
BTC,BTC,2022-03-09,61608.0,67072.0,0.088690,BTC-2020-to-present__20260422043221.pdf,D
BTC,BTC,2022-03-10,67072.0,63408.0,-0.054628,BTC-2020-to-present__20260422043221.pdf,D
BTC,BTC,2022-03-11,63408.0,61320.0,-0.032930,BTC-2020-to-present__20260422043221.pdf,D
BTC,BTC,2022-03-14,61320.0,62128.0,0.013177,BTC-2020-to-present__20260422043221.pdf,D
BTC,BTC,2022-03-15,62128.0,63616.0,0.023951,BTC-2020-to-present__20260422043221.pdf,D
BTC,BTC,2022-03-16,63616.0,65472.0,0.029175,BTC-2020-to-present__20260422043221.pdf,D
BTC,BTC,2022-03-17,65472.0,65416.0,-0.000855,BTC-2020-to-present__20260422043221.pdf,D
BTC,BTC,2022-03-18,65416.0,67352.0,0.029595,BTC-2020-to-present__20260422043221.pdf,D
BTC,BTC,2022-03-21,67352.0,65952.0,-0.020786,BTC-2020-to-present__20260422043221.pdf,D
BTC,BTC,2022-03-22,65952.0,67824.0,0.028384,BTC-2020-to-present__20260422043221.pdf,D
BTC,BTC,2022-03-23,67824.0,67600.0,-0.003303,BTC-2020-to-present__20260422043221.pdf,D
BTC,BTC,2022-03-24,67600.0,70344.0,0.040592,BTC-2020-to-present__20260422043221.pdf,D
BTC,BTC,2022-03-25,70344.0,71207.0,0.012268,BTC-2020-to-present__20260422043221.pdf,D
BTC,BTC,2022-03-29,71207.0,76688.0,0.076973,BTC-2020-to-present__20260422043221.pdf,D
BTC,BTC,2022-03-30,76688.0,75584.0,-0.014396,BTC-2020-to-present__20260422043221.pdf,D
BTC,BTC,2022-03-31,75584.0,73176.0,-0.031859,BTC-2020-to-present__20260422043221.pdf,D
BTC,BTC,2022-04-01,73176.0,74480.0,0.017820,BTC-2020-to-present__20260422043221.pdf,D
BTC,BTC,2022-04-04,74480.0,73736.0,-0.009989,BTC-2020-to-present__20260422043221.pdf,D
BTC,BTC,2022-04-05,73736.0,73824.0,0.001193,BTC-2020-to-present__20260422043221.pdf,D
BTC,BTC,2022-04-06,73824.0,70040.0,-0.051257,BTC-2020-to-present__20260422043221.pdf,D
BTC,BTC,2022-04-07,70040.0,69408.0,-0.009023,BTC-2020-to-present__20260422043221.pdf,D
BTC,BTC,2022-04-08,69408.0,68344.0,-0.015330,BTC-2020-to-present__20260422043221.pdf,D
BTC,BTC,2022-04-11,68344.0,63928.0,-0.064614,BTC-2020-to-present__20260422043221.pdf,D
BTC,BTC,2022-04-12,63928.0,62864.0,-0.016644,BTC-2020-to-present__20260422043221.pdf,D
BTC,BTC,2022-04-13,62864.0,65792.0,0.046577,BTC-2020-to-present__20260422043221.pdf,D
BTC,BTC,2022-04-14,65792.0,63720.0,-0.031493,BTC-2020-to-present__20260422043221.pdf,D
BTC,BTC,2022-04-18,63720.0,65120.0,0.021971,BTC-2020-to-present__20260422043221.pdf,D
BTC,BTC,2022-04-19,65120.0,66432.0,0.020147,BTC-2020-to-present__20260422043221.pdf,D
BTC,BTC,2022-04-20,66432.0,65976.0,-0.006864,BTC-2020-to-present__20260422043221.pdf,D
BTC,BTC,2022-04-21,65976.0,65992.0,0.000243,BTC-2020-to-present__20260422043221.pdf,D
BTC,BTC,2022-04-22,65992.0,57210.0,-0.133077,BTC-2020-to-present__20260422043221.pdf,D
BTC,BTC,2022-04-25,57210.0,58305.0,0.019140,BTC-2020-to-present__20260422043221.pdf,D
BTC,BTC,2022-04-26,58305.0,55419.0,-0.049498,BTC-2020-to-present__20260422043221.pdf,D
BTC,BTC,2022-04-27,55419.0,56405.0,0.017792,BTC-2020-to-present__20260422043221.pdf,D
BTC,BTC,2022-04-28,56405.0,57884.0,0.026221,BTC-2020-to-present__20260422043221.pdf,D
BTC,BTC,2022-04-29,57884.0,56547.0,-0.023098,BTC-2020-to-present__20260422043221.pdf,D
BTC,BTC,2022-05-03,56547.0,54571.0,-0.034944,BTC-2020-to-present__20260422043221.pdf,D
BTC,BTC,2022-05-04,54571.0,57855.0,0.060178,BTC-2020-to-present__20260422043221.pdf,D
BTC,BTC,2022-05-05,57855.0,52592.0,-0.090969,BTC-2020-to-present__20260422043221.pdf,D
BTC,BTC,2022-05-06,52592.0,52092.0,-0.009507,BTC-2020-to-present__20260422043221.pdf,D
BTC,BTC,2022-05-09,52092.0,44849.0,-0.139042,BTC-2020-to-present__20260422043221.pdf,D
BTC,BTC,2022-05-10,44849.0,45356.0,0.011305,BTC-2020-to-present__20260422043221.pdf,D
BTC,BTC,2022-05-11,45356.0,42333.0,-0.066650,BTC-2020-to-present__20260422043221.pdf,D
BTC,BTC,2022-05-12,42333.0,41449.0,-0.020882,BTC-2020-to-present__20260422043221.pdf,D
BTC,BTC,2022-05-13,41449.0,43551.0,0.050713,BTC-2020-to-present__20260422043221.pdf,D
BTC,BTC,2022-05-16,43551.0,42783.0,-0.017634,BTC-2020-to-present__20260422043221.pdf,D
BTC,BTC,2022-05-17,42783.0,43500.0,0.016759,BTC-2020-to-present__20260422043221.pdf,D
BTC,BTC,2022-05-18,43500.0,42319.0,-0.027149,BTC-2020-to-present__20260422043221.pdf,D
BTC,BTC,2022-05-19,42319.0,43421.0,0.026040,BTC-2020-to-present__20260422043221.pdf,D
BTC,BTC,2022-05-20,43421.0,42427.0,-0.022892,BTC-2020-to-present__20260422043221.pdf,D
BTC,BTC,2022-05-23,42427.0,42072.0,-0.008367,BTC-2020-to-present__20260422043221.pdf,D
BTC,BTC,2022-05-24,42072.0,42493.0,0.010007,BTC-2020-to-present__20260422043221.pdf,D
BTC,BTC,2022-05-25,42493.0,42826.0,0.007837,BTC-2020-to-present__20260422043221.pdf,D
BTC,BTC,2022-05-26,42826.0,42507.0,-0.007449,BTC-2020-to-present__20260422043221.pdf,D
BTC,BTC,2022-05-27,42507.0,42112.0,-0.009293,BTC-2020-to-present__20260422043221.pdf,D
BTC,BTC,2022-06-01,42112.0,43551.0,0.034171,BTC-2020-to-present__20260422043221.pdf,D
BTC,BTC,2022-06-02,43551.0,43921.0,0.008496,BTC-2020-to-present__20260422043221.pdf,D
BTC,BTC,2022-06-03,43921.0,42826.0,-0.024931,BTC-2020-to-present__20260422043221.pdf,D
BTC,BTC,2022-06-06,42826.0,45661.0,0.066198,BTC-2020-to-present__20260422043221.pdf,D
BTC,BTC,2022-06-07,45661.0,45016.0,-0.014126,BTC-2020-to-present__20260422043221.pdf,D
BTC,BTC,2022-06-08,45016.0,43616.0,-0.031100,BTC-2020-to-present__20260422043221.pdf,D
BTC,BTC,2022-06-09,43616.0,43421.0,-0.004471,BTC-2020-to-present__20260422043221.pdf,D
BTC,BTC,2022-06-10,43421.0,41934.0,-0.034246,BTC-2020-to-present__20260422043221.pdf,D
BTC,BTC,2022-06-13,41934.0,33510.0,-0.200887,BTC-2020-to-present__20260422043221.pdf,D
BTC,BTC,2022-06-14,33510.0,32082.0,-0.042614,BTC-2020-to-present__20260422043221.pdf,D
BTC,BTC,2022-06-15,32082.0,31357.0,-0.022598,BTC-2020-to-present__20260422043221.pdf,D
BTC,BTC,2022-06-16,31357.0,30146.0,-0.038620,BTC-2020-to-present__20260422043221.pdf,D
BTC,BTC,2022-06-17,30146.0,29682.0,-0.015392,BTC-2020-to-present__20260422043221.pdf,D
BTC,BTC,2022-06-21,29682.0,30247.0,0.019035,BTC-2020-to-present__20260422043221.pdf,D
BTC,BTC,2022-06-22,30247.0,29153.0,-0.036169,BTC-2020-to-present__20260422043221.pdf,D
BTC,BTC,2022-06-23,29153.0,30305.0,0.039516,BTC-2020-to-present__20260422043221.pdf,D
BTC,BTC,2022-06-24,30305.0,30751.0,0.014717,BTC-2020-to-present__20260422043221.pdf,D
BTC,BTC,2022-06-28,30751.0,29254.0,-0.048681,BTC-2020-to-present__20260422043221.pdf,D
BTC,BTC,2022-06-29,29254.0,29269.0,0.000513,BTC-2020-to-present__20260422043221.pdf,D
BTC,BTC,2022-06-30,29269.0,27202.0,-0.070621,BTC-2020-to-present__20260422043221.pdf,D
BTC,BTC,2022-07-01,27202.0,28007.0,0.029593,BTC-2020-to-present__20260422043221.pdf,D
BTC,BTC,2022-07-05,28007.0,29566.0,0.055665,BTC-2020-to-present__20260422043221.pdf,D
BTC,BTC,2022-07-06,29566.0,29399.0,-0.005648,BTC-2020-to-present__20260422043221.pdf,D
BTC,BTC,2022-07-07,29399.0,31690.0,0.077928,BTC-2020-to-present__20260422043221.pdf,D
BTC,BTC,2022-07-08,31690.0,28295.0,-0.107132,BTC-2020-to-present__20260422043221.pdf,D
BTC,BTC,2022-07-11,28295.0,26592.0,-0.060187,BTC-2020-to-present__20260422043221.pdf,D
BTC,BTC,2022-07-12,26592.0,25110.0,-0.055731,BTC-2020-to-present__20260422043221.pdf,D
BTC,BTC,2022-07-13,25110.0,25500.0,0.015532,BTC-2020-to-present__20260422043221.pdf,D
BTC,BTC,2022-07-14,25500.0,26813.0,0.051490,BTC-2020-to-present__20260422043221.pdf,D
BTC,BTC,2022-07-15,26813.0,27547.0,0.027375,BTC-2020-to-present__20260422043221.pdf,D
BTC,BTC,2022-07-18,27547.0,28106.0,0.020293,BTC-2020-to-present__20260422043221.pdf,D
BTC,BTC,2022-07-19,28106.0,30498.0,0.085106,BTC-2020-to-present__20260422043221.pdf,D
BTC,BTC,2022-07-20,30498.0,30804.0,0.010033,BTC-2020-to-present__20260422043221.pdf,D
BTC,BTC,2022-07-21,30804.0,30199.0,-0.019640,BTC-2020-to-present__20260422043221.pdf,D
BTC,BTC,2022-07-22,30199.0,29400.0,-0.026458,BTC-2020-to-present__20260422043221.pdf,D
BTC,BTC,2022-07-25,29400.0,28451.0,-0.032279,BTC-2020-to-present__20260422043221.pdf,D
BTC,BTC,2022-07-26,28451.0,27190.0,-0.044322,BTC-2020-to-present__20260422043221.pdf,D
BTC,BTC,2022-07-27,27190.0,29614.0,0.089150,BTC-2020-to-present__20260422043221.pdf,D
BTC,BTC,2022-07-28,29614.0,30947.0,0.045012,BTC-2020-to-present__20260422043221.pdf,D
BTC,BTC,2022-07-29,30947.0,31308.0,0.011665,BTC-2020-to-present__20260422043221.pdf,D
BTC,BTC,2022-08-02,31308.0,29900.0,-0.044973,BTC-2020-to-present__20260422043221.pdf,D
BTC,BTC,2022-08-03,29900.0,30602.0,0.023478,BTC-2020-to-present__20260422043221.pdf,D
BTC,BTC,2022-08-04,30602.0,29192.0,-0.046075,BTC-2020-to-present__20260422043221.pdf,D
BTC,BTC,2022-08-05,29192.0,29848.0,0.022472,BTC-2020-to-present__20260422043221.pdf,D
BTC,BTC,2022-08-08,29848.0,31181.0,0.044660,BTC-2020-to-present__20260422043221.pdf,D
BTC,BTC,2022-08-09,31181.0,29978.0,-0.038581,BTC-2020-to-present__20260422043221.pdf,D
BTC,BTC,2022-08-10,29978.0,30752.0,0.025819,BTC-2020-to-present__20260422043221.pdf,D
BTC,BTC,2022-08-11,30752.0,31519.0,0.024941,BTC-2020-to-present__20260422043221.pdf,D
BTC,BTC,2022-08-12,31519.0,31512.0,-0.000222,BTC-2020-to-present__20260422043221.pdf,D
BTC,BTC,2022-08-15,31512.0,31200.0,-0.009901,BTC-2020-to-present__20260422043221.pdf,D
BTC,BTC,2022-08-16,31200.0,31129.0,-0.002276,BTC-2020-to-present__20260422043221.pdf,D
BTC,BTC,2022-08-17,31129.0,30199.0,-0.029876,BTC-2020-to-present__20260422043221.pdf,D
BTC,BTC,2022-08-18,30199.0,30336.0,0.004537,BTC-2020-to-present__20260422043221.pdf,D
BTC,BTC,2022-08-19,30336.0,27599.0,-0.090223,BTC-2020-to-present__20260422043221.pdf,D
BTC,BTC,2022-08-22,27599.0,27255.0,-0.012464,BTC-2020-to-present__20260422043221.pdf,D
BTC,BTC,2022-08-23,27255.0,27937.0,0.025023,BTC-2020-to-present__20260422043221.pdf,D
BTC,BTC,2022-08-24,27937.0,28223.0,0.010237,BTC-2020-to-present__20260422043221.pdf,D
BTC,BTC,2022-08-25,28223.0,28035.0,-0.006661,BTC-2020-to-present__20260422043221.pdf,D
BTC,BTC,2022-08-26,28035.0,27844.0,-0.006813,BTC-2020-to-present__20260422043221.pdf,D
BTC,BTC,2022-08-30,27844.0,25701.0,-0.076965,BTC-2020-to-present__20260422043221.pdf,D
BTC,BTC,2022-08-31,25701.0,26085.0,0.014941,BTC-2020-to-present__20260422043221.pdf,D
BTC,BTC,2022-09-01,26085.0,25604.0,-0.018440,BTC-2020-to-present__20260422043221.pdf,D
BTC,BTC,2022-09-02,25604.0,25708.0,0.004062,BTC-2020-to-present__20260422043221.pdf,D
BTC,BTC,2022-09-06,25708.0,24226.0,-0.057647,BTC-2020-to-present__20260422043221.pdf,D
BTC,BTC,2022-09-07,24226.0,24603.0,0.015562,BTC-2020-to-present__20260422043221.pdf,D
BTC,BTC,2022-09-08,24603.0,25038.0,0.017681,BTC-2020-to-present__20260422043221.pdf,D
BTC,BTC,2022-09-09,25038.0,27749.0,0.108275,BTC-2020-to-present__20260422043221.pdf,D
BTC,BTC,2022-09-12,27749.0,29192.0,0.052002,BTC-2020-to-present__20260422043221.pdf,D
BTC,BTC,2022-09-13,29192.0,26312.0,-0.098657,BTC-2020-to-present__20260422043221.pdf,D
BTC,BTC,2022-09-14,26312.0,25903.0,-0.015544,BTC-2020-to-present__20260422043221.pdf,D
BTC,BTC,2022-09-15,25903.0,25649.0,-0.009806,BTC-2020-to-present__20260422043221.pdf,D
BTC,BTC,2022-09-16,25649.0,25448.0,-0.007837,BTC-2020-to-present__20260422043221.pdf,D
BTC,BTC,2022-09-19,25448.0,25324.0,-0.004873,BTC-2020-to-present__20260422043221.pdf,D
BTC,BTC,2022-09-20,25324.0,24635.0,-0.027207,BTC-2020-to-present__20260422043221.pdf,D
BTC,BTC,2022-09-21,24635.0,24674.0,0.001583,BTC-2020-to-present__20260422043221.pdf,D
BTC,BTC,2022-09-22,24674.0,25084.0,0.016617,BTC-2020-to-present__20260422043221.pdf,D
BTC,BTC,2022-09-23,25084.0,24369.0,-0.028504,BTC-2020-to-present__20260422043221.pdf,D
BTC,BTC,2022-09-26,24369.0,24934.0,0.023185,BTC-2020-to-present__20260422043221.pdf,D
BTC,BTC,2022-09-27,24934.0,24759.0,-0.007019,BTC-2020-to-present__20260422043221.pdf,D
BTC,BTC,2022-09-28,24759.0,25435.0,0.027303,BTC-2020-to-present__20260422043221.pdf,D
BTC,BTC,2022-09-29,25435.0,25227.0,-0.008178,BTC-2020-to-present__20260422043221.pdf,D
BTC,BTC,2022-09-30,25227.0,25609.0,0.015143,BTC-2020-to-present__20260422043221.pdf,D
BTC,BTC,2022-10-04,25609.0,26371.0,0.029755,BTC-2020-to-present__20260422043221.pdf,D
BTC,BTC,2022-10-05,26371.0,26182.0,-0.007167,BTC-2020-to-present__20260422043221.pdf,D
BTC,BTC,2022-10-06,26182.0,26033.0,-0.005691,BTC-2020-to-present__20260422043221.pdf,D
BTC,BTC,2022-10-07,26033.0,25233.0,-0.030730,BTC-2020-to-present__20260422043221.pdf,D
BTC,BTC,2022-10-10,25233.0,24863.0,-0.014663,BTC-2020-to-present__20260422043221.pdf,D
BTC,BTC,2022-10-11,24863.0,24570.0,-0.011785,BTC-2020-to-present__20260422043221.pdf,D
BTC,BTC,2022-10-12,24570.0,24824.0,0.010338,BTC-2020-to-present__20260422043221.pdf,D
BTC,BTC,2022-10-13,24824.0,25168.0,0.013858,BTC-2020-to-present__20260422043221.pdf,D
BTC,BTC,2022-10-14,25168.0,24843.0,-0.012913,BTC-2020-to-present__20260422043221.pdf,D
BTC,BTC,2022-10-17,24843.0,25370.0,0.021213,BTC-2020-to-present__20260422043221.pdf,D
BTC,BTC,2022-10-18,25370.0,24934.0,-0.017186,BTC-2020-to-present__20260422043221.pdf,D
BTC,BTC,2022-10-19,24934.0,24960.0,0.001043,BTC-2020-to-present__20260422043221.pdf,D
BTC,BTC,2022-10-20,24960.0,24739.0,-0.008854,BTC-2020-to-present__20260422043221.pdf,D
BTC,BTC,2022-10-21,24739.0,24954.0,0.008691,BTC-2020-to-present__20260422043221.pdf,D
BTC,BTC,2022-10-24,24954.0,25142.0,0.007534,BTC-2020-to-present__20260422043221.pdf,D
BTC,BTC,2022-10-25,25142.0,26397.0,0.049916,BTC-2020-to-present__20260422043221.pdf,D
BTC,BTC,2022-10-26,26397.0,27014.0,0.023374,BTC-2020-to-present__20260422043221.pdf,D
BTC,BTC,2022-10-27,27014.0,26813.0,-0.007441,BTC-2020-to-present__20260422043221.pdf,D
BTC,BTC,2022-10-28,26813.0,26622.0,-0.007123,BTC-2020-to-present__20260422043221.pdf,D
BTC,BTC,2022-11-01,26622.0,26624.0,0.000075,BTC-2020-to-present__20260422043221.pdf,D
BTC,BTC,2022-11-02,26624.0,26345.0,-0.010479,BTC-2020-to-present__20260422043221.pdf,D
BTC,BTC,2022-11-03,26345.0,26371.0,0.000987,BTC-2020-to-present__20260422043221.pdf,D
BTC,BTC,2022-11-04,26371.0,27502.0,0.042888,BTC-2020-to-present__20260422043221.pdf,D
BTC,BTC,2022-11-07,27502.0,27099.0,-0.014653,BTC-2020-to-present__20260422043221.pdf,D
BTC,BTC,2022-11-08,27099.0,23504.0,-0.132662,BTC-2020-to-present__20260422043221.pdf,D
BTC,BTC,2022-11-09,23504.0,20300.0,-0.136317,BTC-2020-to-present__20260422043221.pdf,D
BTC,BTC,2022-11-10,20300.0,23114.0,0.138621,BTC-2020-to-present__20260422043221.pdf,D
BTC,BTC,2022-11-11,23114.0,20865.0,-0.097300,BTC-2020-to-present__20260422043221.pdf,D
BTC,BTC,2022-11-14,20865.0,20807.0,-0.002780,BTC-2020-to-present__20260422043221.pdf,D
BTC,BTC,2022-11-15,20807.0,21697.0,0.042774,BTC-2020-to-present__20260422043221.pdf,D
BTC,BTC,2022-11-16,21697.0,21171.0,-0.024243,BTC-2020-to-present__20260422043221.pdf,D
BTC,BTC,2022-11-17,21171.0,21476.0,0.014406,BTC-2020-to-present__20260422043221.pdf,D
BTC,BTC,2022-11-18,21476.0,21489.0,0.000605,BTC-2020-to-present__20260422043221.pdf,D
BTC,BTC,2022-11-21,21489.0,20397.0,-0.050817,BTC-2020-to-present__20260422043221.pdf,D
BTC,BTC,2022-11-22,20397.0,20872.0,0.023288,BTC-2020-to-present__20260422043221.pdf,D
BTC,BTC,2022-11-23,20872.0,21593.0,0.034544,BTC-2020-to-present__20260422043221.pdf,D
BTC,BTC,2022-11-25,21593.0,21466.0,-0.005882,BTC-2020-to-present__20260422043221.pdf,D
BTC,BTC,2022-11-29,21466.0,21145.0,-0.014954,BTC-2020-to-present__20260422043221.pdf,D
BTC,BTC,2022-11-30,21145.0,22204.0,0.050083,BTC-2020-to-present__20260422043221.pdf,D
BTC,BTC,2022-12-01,22204.0,21866.0,-0.015222,BTC-2020-to-present__20260422043221.pdf,D
BTC,BTC,2022-12-02,21866.0,22094.0,0.010427,BTC-2020-to-present__20260422043221.pdf,D
BTC,BTC,2022-12-05,22094.0,21873.0,-0.010003,BTC-2020-to-present__20260422043221.pdf,D
BTC,BTC,2022-12-06,21873.0,22029.0,0.007132,BTC-2020-to-present__20260422043221.pdf,D
BTC,BTC,2022-12-07,22029.0,21743.0,-0.012983,BTC-2020-to-present__20260422043221.pdf,D
BTC,BTC,2022-12-08,21743.0,22341.0,0.027503,BTC-2020-to-present__20260422043221.pdf,D
BTC,BTC,2022-12-09,22341.0,22146.0,-0.008728,BTC-2020-to-present__20260422043221.pdf,D
BTC,BTC,2022-12-12,22146.0,22250.0,0.004696,BTC-2020-to-present__20260422043221.pdf,D
BTC,BTC,2022-12-13,22250.0,23069.0,0.036809,BTC-2020-to-present__20260422043221.pdf,D
BTC,BTC,2022-12-14,23069.0,23134.0,0.002818,BTC-2020-to-present__20260422043221.pdf,D
BTC,BTC,2022-12-15,23134.0,22614.0,-0.022478,BTC-2020-to-present__20260422043221.pdf,D
BTC,BTC,2022-12-16,22614.0,21808.0,-0.035642,BTC-2020-to-present__20260422043221.pdf,D
BTC,BTC,2022-12-19,21808.0,21444.0,-0.016691,BTC-2020-to-present__20260422043221.pdf,D
BTC,BTC,2022-12-20,21444.0,25000.0,0.165827,BTC-2020-to-present__20260422043221.pdf,D
BTC,BTC,2023-01-20,25000.0,28000.0,0.120000,BTC-2020-to-present__20260422043221.pdf,D
BTC,BTC,2023-02-10,28000.0,30500.0,0.089286,BTC-2020-to-present__20260422043221.pdf,D
BTC,BTC,2023-03-14,30500.0,36600.0,0.200000,BTC-2020-to-present__20260422043221.pdf,D
BTC,BTC,2023-03-24,36600.0,40000.0,0.092896,BTC-2020-to-present__20260422043221.pdf,D
BTC,BTC,2023-06-16,40000.0,38000.0,-0.050000,BTC-2020-to-present__20260422043221.pdf,D
BTC,BTC,2023-10-13,38000.0,32500.0,-0.144737,BTC-2020-to-present__20260422043221.pdf,D
BTC,BTC,2023-10-25,32500.0,37500.0,0.153846,BTC-2020-to-present__20260422043221.pdf,D
BTC,BTC,2023-11-10,37500.0,40500.0,0.080000,BTC-2020-to-present__20260422043221.pdf,D
BTC,BTC,2023-12-05,40500.0,46500.0,0.148148,BTC-2020-to-present__20260422043221.pdf,D
BTC,BTC,2023-12-08,46500.0,53000.0,0.139785,BTC-2020-to-present__20260422043221.pdf,D
BTC,BTC,2024-01-12,53000.0,57000.0,0.075472,BTC-2020-to-present__20260422043221.pdf,D
BTC,BTC,2024-01-24,57000.0,49000.0,-0.140351,BTC-2020-to-present__20260422043221.pdf,D
BTC,BTC,2024-02-13,49000.0,56000.0,0.142857,BTC-2020-to-present__20260422043221.pdf,D
BTC,BTC,2024-02-23,56000.0,61000.0,0.089286,BTC-2020-to-present__20260422043221.pdf,D
BTC,BTC,2024-02-29,61000.0,70000.0,0.147541,BTC-2020-to-present__20260422043221.pdf,D
BTC,BTC,2024-03-05,70000.0,79000.0,0.128571,BTC-2020-to-present__20260422043221.pdf,D
BTC,BTC,2024-03-07,79000.0,82038.0,0.038456,BTC-2020-to-present__20260422043221.pdf,D
BTC,BTC,2024-03-08,82038.0,83766.0,0.021063,BTC-2020-to-present__20260422043221.pdf,D
BTC,BTC,2024-03-11,83766.0,87192.0,0.040900,BTC-2020-to-present__20260422043221.pdf,D
BTC,BTC,2024-03-12,87192.0,86160.0,-0.011836,BTC-2020-to-present__20260422043221.pdf,D
BTC,BTC,2024-03-13,86160.0,88698.0,0.029457,BTC-2020-to-present__20260422043221.pdf,D
BTC,BTC,2024-03-14,88698.0,83520.0,-0.058378,BTC-2020-to-present__20260422043221.pdf,D
BTC,BTC,2024-03-15,83520.0,82998.0,-0.006250,BTC-2020-to-present__20260422043221.pdf,D
BTC,BTC,2024-03-18,82998.0,80616.0,-0.028699,BTC-2020-to-present__20260422043221.pdf,D
BTC,BTC,2024-03-19,80616.0,77514.0,-0.038479,BTC-2020-to-present__20260422043221.pdf,D
BTC,BTC,2024-03-20,77514.0,79188.0,0.021596,BTC-2020-to-present__20260422043221.pdf,D
BTC,BTC,2024-03-21,79188.0,78498.0,-0.008713,BTC-2020-to-present__20260422043221.pdf,D
BTC,BTC,2024-03-22,78498.0,76770.0,-0.022013,BTC-2020-to-present__20260422043221.pdf,D
BTC,BTC,2024-03-25,76770.0,85356.0,0.111841,BTC-2020-to-present__20260422043221.pdf,D
BTC,BTC,2024-03-26,85356.0,83328.0,-0.023759,BTC-2020-to-present__20260422043221.pdf,D
BTC,BTC,2024-03-27,83328.0,82362.0,-0.011593,BTC-2020-to-present__20260422043221.pdf,D
BTC,BTC,2024-03-28,82362.0,85556.0,0.038780,BTC-2020-to-present__20260422043221.pdf,D
BTC,BTC,2024-04-02,85556.0,79860.0,-0.066576,BTC-2020-to-present__20260422043221.pdf,D
BTC,BTC,2024-04-03,79860.0,79566.0,-0.003681,BTC-2020-to-present__20260422043221.pdf,D
BTC,BTC,2024-04-04,79566.0,82608.0,0.038232,BTC-2020-to-present__20260422043221.pdf,D
BTC,BTC,2024-04-05,82608.0,81306.0,-0.015761,BTC-2020-to-present__20260422043221.pdf,D
BTC,BTC,2024-04-08,81306.0,86532.0,0.064276,BTC-2020-to-present__20260422043221.pdf,D
BTC,BTC,2024-04-09,86532.0,83226.0,-0.038206,BTC-2020-to-present__20260422043221.pdf,D
BTC,BTC,2024-04-10,83226.0,84492.0,0.015212,BTC-2020-to-present__20260422043221.pdf,D
BTC,BTC,2024-04-11,84492.0,84960.0,0.005539,BTC-2020-to-present__20260422043221.pdf,D
BTC,BTC,2024-04-12,84960.0,80604.0,-0.051271,BTC-2020-to-present__20260422043221.pdf,D
BTC,BTC,2024-04-15,80604.0,76272.0,-0.053744,BTC-2020-to-present__20260422043221.pdf,D
BTC,BTC,2024-04-16,76272.0,75504.0,-0.010069,BTC-2020-to-present__20260422043221.pdf,D
BTC,BTC,2024-04-17,75504.0,73356.0,-0.028449,BTC-2020-to-present__20260422043221.pdf,D
BTC,BTC,2024-04-18,73356.0,76392.0,0.041387,BTC-2020-to-present__20260422043221.pdf,D
BTC,BTC,2024-04-19,76392.0,77226.0,0.010917,BTC-2020-to-present__20260422043221.pdf,D
BTC,BTC,2024-04-22,77226.0,79932.0,0.035040,BTC-2020-to-present__20260422043221.pdf,D
BTC,BTC,2024-04-23,79932.0,79722.0,-0.002627,BTC-2020-to-present__20260422043221.pdf,D
BTC,BTC,2024-04-24,79722.0,76656.0,-0.038459,BTC-2020-to-present__20260422043221.pdf,D
BTC,BTC,2024-04-25,76656.0,77640.0,0.012837,BTC-2020-to-present__20260422043221.pdf,D
BTC,BTC,2024-04-26,77640.0,77163.0,-0.006144,BTC-2020-to-present__20260422043221.pdf,D
BTC,BTC,2024-04-30,77163.0,71280.0,-0.076241,BTC-2020-to-present__20260422043221.pdf,D
BTC,BTC,2024-05-01,71280.0,68826.0,-0.034428,BTC-2020-to-present__20260422043221.pdf,D
BTC,BTC,2024-05-02,68826.0,71718.0,0.042019,BTC-2020-to-present__20260422043221.pdf,D
BTC,BTC,2024-05-03,71718.0,75108.0,0.047268,BTC-2020-to-present__20260422043221.pdf,D
BTC,BTC,2024-05-06,75108.0,76302.0,0.015897,BTC-2020-to-present__20260422043221.pdf,D
BTC,BTC,2024-05-07,76302.0,76038.0,-0.003460,BTC-2020-to-present__20260422043221.pdf,D
BTC,BTC,2024-05-08,76038.0,74952.0,-0.014282,BTC-2020-to-present__20260422043221.pdf,D
BTC,BTC,2024-05-09,74952.0,75408.0,0.006084,BTC-2020-to-present__20260422043221.pdf,D
BTC,BTC,2024-05-10,75408.0,73140.0,-0.030076,BTC-2020-to-present__20260422043221.pdf,D
BTC,BTC,2024-05-13,73140.0,76176.0,0.041509,BTC-2020-to-present__20260422043221.pdf,D
BTC,BTC,2024-05-14,76176.0,74202.0,-0.025914,BTC-2020-to-present__20260422043221.pdf,D
BTC,BTC,2024-05-15,74202.0,79794.0,0.075362,BTC-2020-to-present__20260422043221.pdf,D
BTC,BTC,2024-05-16,79794.0,78534.0,-0.015791,BTC-2020-to-present__20260422043221.pdf,D
BTC,BTC,2024-05-17,78534.0,80838.0,0.029338,BTC-2020-to-present__20260422043221.pdf,D
BTC,BTC,2024-05-20,80838.0,84522.0,0.045573,BTC-2020-to-present__20260422043221.pdf,D
BTC,BTC,2024-05-21,84522.0,83400.0,-0.013275,BTC-2020-to-present__20260422043221.pdf,D
BTC,BTC,2024-05-22,83400.0,83778.0,0.004532,BTC-2020-to-present__20260422043221.pdf,D
BTC,BTC,2024-05-23,83778.0,80646.0,-0.037385,BTC-2020-to-present__20260422043221.pdf,D
BTC,BTC,2024-05-24,80646.0,83370.0,0.033777,BTC-2020-to-present__20260422043221.pdf,D
BTC,BTC,2024-05-28,83370.0,82146.0,-0.014682,BTC-2020-to-present__20260422043221.pdf,D
BTC,BTC,2024-05-29,82146.0,80622.0,-0.018552,BTC-2020-to-present__20260422043221.pdf,D
BTC,BTC,2024-05-30,80622.0,82410.0,0.022178,BTC-2020-to-present__20260422043221.pdf,D
BTC,BTC,2024-05-31,82410.0,81161.0,-0.015156,BTC-2020-to-present__20260422043221.pdf,D
BTC,BTC,2024-06-04,81161.0,85302.0,0.051022,BTC-2020-to-present__20260422043221.pdf,D
BTC,BTC,2024-06-05,85302.0,86268.0,0.011324,BTC-2020-to-present__20260422043221.pdf,D
BTC,BTC,2024-06-06,86268.0,85152.0,-0.012936,BTC-2020-to-present__20260422043221.pdf,D
BTC,BTC,2024-06-07,85152.0,83706.0,-0.016981,BTC-2020-to-present__20260422043221.pdf,D
BTC,BTC,2024-06-10,83706.0,83850.0,0.001720,BTC-2020-to-present__20260422043221.pdf,D
BTC,BTC,2024-06-11,83850.0,81282.0,-0.030626,BTC-2020-to-present__20260422043221.pdf,D
BTC,BTC,2024-06-12,81282.0,81450.0,0.002067,BTC-2020-to-present__20260422043221.pdf,D
BTC,BTC,2024-06-13,81450.0,80232.0,-0.014954,BTC-2020-to-present__20260422043221.pdf,D
BTC,BTC,2024-06-14,80232.0,78768.0,-0.018247,BTC-2020-to-present__20260422043221.pdf,D
BTC,BTC,2024-06-17,78768.0,80238.0,0.018662,BTC-2020-to-present__20260422043221.pdf,D
BTC,BTC,2024-06-18,80238.0,77370.0,-0.035744,BTC-2020-to-present__20260422043221.pdf,D
BTC,BTC,2024-06-20,77370.0,78120.0,0.009694,BTC-2020-to-present__20260422043221.pdf,D
BTC,BTC,2024-06-21,78120.0,77112.0,-0.012903,BTC-2020-to-present__20260422043221.pdf,D
BTC,BTC,2024-06-24,77112.0,70974.0,-0.079599,BTC-2020-to-present__20260422043221.pdf,D
BTC,BTC,2024-06-25,70974.0,74466.0,0.049201,BTC-2020-to-present__20260422043221.pdf,D
BTC,BTC,2024-06-26,74466.0,73128.0,-0.017968,BTC-2020-to-present__20260422043221.pdf,D
BTC,BTC,2024-06-27,73128.0,73638.0,0.006974,BTC-2020-to-present__20260422043221.pdf,D
BTC,BTC,2024-06-28,73638.0,73230.0,-0.005541,BTC-2020-to-present__20260422043221.pdf,D
BTC,BTC,2024-07-02,73230.0,74622.0,0.019009,BTC-2020-to-present__20260422043221.pdf,D
BTC,BTC,2024-07-03,74622.0,71790.0,-0.037951,BTC-2020-to-present__20260422043221.pdf,D
BTC,BTC,2024-07-05,71790.0,68022.0,-0.052486,BTC-2020-to-present__20260422043221.pdf,D
BTC,BTC,2024-07-08,68022.0,68106.0,0.001235,BTC-2020-to-present__20260422043221.pdf,D
BTC,BTC,2024-07-09,68106.0,69792.0,0.024756,BTC-2020-to-present__20260422043221.pdf,D
BTC,BTC,2024-07-10,69792.0,69150.0,-0.009199,BTC-2020-to-present__20260422043221.pdf,D
BTC,BTC,2024-07-11,69150.0,69096.0,-0.000781,BTC-2020-to-present__20260422043221.pdf,D
BTC,BTC,2024-07-12,69096.0,69414.0,0.004602,BTC-2020-to-present__20260422043221.pdf,D
BTC,BTC,2024-07-15,69414.0,76440.0,0.101219,BTC-2020-to-present__20260422043221.pdf,D
BTC,BTC,2024-07-16,76440.0,78540.0,0.027473,BTC-2020-to-present__20260422043221.pdf,D
BTC,BTC,2024-07-17,78540.0,77676.0,-0.011001,BTC-2020-to-present__20260422043221.pdf,D
BTC,BTC,2024-07-18,77676.0,76380.0,-0.016685,BTC-2020-to-present__20260422043221.pdf,D
BTC,BTC,2024-07-19,76380.0,80976.0,0.060173,BTC-2020-to-present__20260422043221.pdf,D
BTC,BTC,2024-07-22,80976.0,82008.0,0.012745,BTC-2020-to-present__20260422043221.pdf,D
BTC,BTC,2024-07-23,82008.0,78678.0,-0.040606,BTC-2020-to-present__20260422043221.pdf,D
BTC,BTC,2024-07-24,78678.0,78840.0,0.002059,BTC-2020-to-present__20260422043221.pdf,D
BTC,BTC,2024-07-25,78840.0,77634.0,-0.015297,BTC-2020-to-present__20260422043221.pdf,D
BTC,BTC,2024-07-26,77634.0,80898.0,0.042043,BTC-2020-to-present__20260422043221.pdf,D
BTC,BTC,2024-07-30,80898.0,79662.0,-0.015278,BTC-2020-to-present__20260422043221.pdf,D
BTC,BTC,2024-07-31,79662.0,78822.0,-0.010545,BTC-2020-to-present__20260422043221.pdf,D
BTC,BTC,2024-08-01,78822.0,76548.0,-0.028850,BTC-2020-to-present__20260422043221.pdf,D
BTC,BTC,2024-08-02,76548.0,75534.0,-0.013247,BTC-2020-to-present__20260422043221.pdf,D
BTC,BTC,2024-08-05,75534.0,64524.0,-0.145762,BTC-2020-to-present__20260422043221.pdf,D
BTC,BTC,2024-08-06,64524.0,68574.0,0.062767,BTC-2020-to-present__20260422043221.pdf,D
BTC,BTC,2024-08-07,68574.0,66000.0,-0.037536,BTC-2020-to-present__20260422043221.pdf,D
BTC,BTC,2024-08-08,66000.0,71634.0,0.085364,BTC-2020-to-present__20260422043221.pdf,D
BTC,BTC,2024-08-09,71634.0,73188.0,0.021694,BTC-2020-to-present__20260422043221.pdf,D
BTC,BTC,2024-08-12,73188.0,71040.0,-0.029349,BTC-2020-to-present__20260422043221.pdf,D
BTC,BTC,2024-08-13,71040.0,73326.0,0.032179,BTC-2020-to-present__20260422043221.pdf,D
BTC,BTC,2024-08-14,73326.0,70896.0,-0.033140,BTC-2020-to-present__20260422043221.pdf,D
BTC,BTC,2024-08-15,70896.0,68664.0,-0.031483,BTC-2020-to-present__20260422043221.pdf,D
BTC,BTC,2024-08-16,68664.0,71988.0,0.048410,BTC-2020-to-present__20260422043221.pdf,D
BTC,BTC,2024-08-19,71988.0,71040.0,-0.013169,BTC-2020-to-present__20260422043221.pdf,D
BTC,BTC,2024-08-20,71040.0,71604.0,0.007939,BTC-2020-to-present__20260422043221.pdf,D
BTC,BTC,2024-08-21,71604.0,74076.0,0.034523,BTC-2020-to-present__20260422043221.pdf,D
BTC,BTC,2024-08-22,74076.0,72420.0,-0.022355,BTC-2020-to-present__20260422043221.pdf,D
BTC,BTC,2024-08-23,72420.0,76578.0,0.057415,BTC-2020-to-present__20260422043221.pdf,D
BTC,BTC,2024-08-26,76578.0,75996.0,-0.007600,BTC-2020-to-present__20260422043221.pdf,D
BTC,BTC,2024-08-27,75996.0,74466.0,-0.020133,BTC-2020-to-present__20260422043221.pdf,D
BTC,BTC,2024-08-28,74466.0,70740.0,-0.050036,BTC-2020-to-present__20260422043221.pdf,D
BTC,BTC,2024-08-29,70740.0,71130.0,0.005513,BTC-2020-to-present__20260422043221.pdf,D
BTC,BTC,2024-08-30,71130.0,70999.0,-0.001842,BTC-2020-to-present__20260422043221.pdf,D
BTC,BTC,2024-09-04,70999.0,70026.0,-0.013704,BTC-2020-to-present__20260422043221.pdf,D
BTC,BTC,2024-09-05,70026.0,67458.0,-0.036672,BTC-2020-to-present__20260422043221.pdf,D
BTC,BTC,2024-09-06,67458.0,64434.0,-0.044828,BTC-2020-to-present__20260422043221.pdf,D
BTC,BTC,2024-09-09,64434.0,68892.0,0.069187,BTC-2020-to-present__20260422043221.pdf,D
BTC,BTC,2024-09-10,68892.0,69834.0,0.013674,BTC-2020-to-present__20260422043221.pdf,D
BTC,BTC,2024-09-11,69834.0,69432.0,-0.005757,BTC-2020-to-present__20260422043221.pdf,D
BTC,BTC,2024-09-12,69432.0,70296.0,0.012444,BTC-2020-to-present__20260422043221.pdf,D
BTC,BTC,2024-09-13,70296.0,71922.0,0.023131,BTC-2020-to-present__20260422043221.pdf,D
BTC,BTC,2024-09-16,71922.0,69582.0,-0.032535,BTC-2020-to-present__20260422043221.pdf,D
BTC,BTC,2024-09-17,69582.0,72126.0,0.036561,BTC-2020-to-present__20260422043221.pdf,D
BTC,BTC,2024-09-18,72126.0,72168.0,0.000582,BTC-2020-to-present__20260422043221.pdf,D
BTC,BTC,2024-09-19,72168.0,76098.0,0.054456,BTC-2020-to-present__20260422043221.pdf,D
BTC,BTC,2024-09-20,76098.0,75522.0,-0.007569,BTC-2020-to-present__20260422043221.pdf,D
BTC,BTC,2024-09-23,75522.0,76032.0,0.006753,BTC-2020-to-present__20260422043221.pdf,D
BTC,BTC,2024-09-24,76032.0,77352.0,0.017361,BTC-2020-to-present__20260422043221.pdf,D
BTC,BTC,2024-09-25,77352.0,75840.0,-0.019547,BTC-2020-to-present__20260422043221.pdf,D
BTC,BTC,2024-09-26,75840.0,77682.0,0.024288,BTC-2020-to-present__20260422043221.pdf,D
BTC,BTC,2024-09-27,77682.0,79437.0,0.022592,BTC-2020-to-present__20260422043221.pdf,D
BTC,BTC,2024-10-01,79437.0,74358.0,-0.063937,BTC-2020-to-present__20260422043221.pdf,D
BTC,BTC,2024-10-02,74358.0,72516.0,-0.024772,BTC-2020-to-present__20260422043221.pdf,D
BTC,BTC,2024-10-03,72516.0,73554.0,0.014314,BTC-2020-to-present__20260422043221.pdf,D
BTC,BTC,2024-10-04,73554.0,75258.0,0.023167,BTC-2020-to-present__20260422043221.pdf,D
BTC,BTC,2024-10-07,75258.0,76272.0,0.013474,BTC-2020-to-present__20260422043221.pdf,D
BTC,BTC,2024-10-08,76272.0,74880.0,-0.018250,BTC-2020-to-present__20260422043221.pdf,D
BTC,BTC,2024-10-09,74880.0,73338.0,-0.020593,BTC-2020-to-present__20260422043221.pdf,D
BTC,BTC,2024-10-10,73338.0,71754.0,-0.021599,BTC-2020-to-present__20260422043221.pdf,D
BTC,BTC,2024-10-11,71754.0,75966.0,0.058701,BTC-2020-to-present__20260422043221.pdf,D
BTC,BTC,2024-10-14,75966.0,79374.0,0.044862,BTC-2020-to-present__20260422043221.pdf,D
BTC,BTC,2024-10-15,79374.0,80664.0,0.016252,BTC-2020-to-present__20260422043221.pdf,D
BTC,BTC,2024-10-16,80664.0,81510.0,0.010488,BTC-2020-to-present__20260422043221.pdf,D
BTC,BTC,2024-10-17,81510.0,80286.0,-0.015017,BTC-2020-to-present__20260422043221.pdf,D
BTC,BTC,2024-10-18,80286.0,82542.0,0.028100,BTC-2020-to-present__20260422043221.pdf,D
BTC,BTC,2024-10-21,82542.0,81348.0,-0.014465,BTC-2020-to-present__20260422043221.pdf,D
BTC,BTC,2024-10-22,81348.0,80988.0,-0.004425,BTC-2020-to-present__20260422043221.pdf,D
BTC,BTC,2024-10-23,80988.0,79632.0,-0.016743,BTC-2020-to-present__20260422043221.pdf,D
BTC,BTC,2024-10-24,79632.0,81858.0,0.027954,BTC-2020-to-present__20260422043221.pdf,D
BTC,BTC,2024-10-25,81858.0,82117.0,0.003164,BTC-2020-to-present__20260422043221.pdf,D
BTC,BTC,2024-10-29,82117.0,88008.0,0.071739,BTC-2020-to-present__20260422043221.pdf,D
BTC,BTC,2024-10-30,88008.0,87042.0,-0.010976,BTC-2020-to-present__20260422043221.pdf,D
BTC,BTC,2024-10-31,87042.0,84558.0,-0.028538,BTC-2020-to-present__20260422043221.pdf,D
BTC,BTC,2024-11-01,84558.0,83676.0,-0.010431,BTC-2020-to-present__20260422043221.pdf,D
BTC,BTC,2024-11-04,83676.0,81216.0,-0.029399,BTC-2020-to-present__20260422043221.pdf,D
BTC,BTC,2024-11-05,81216.0,83832.0,0.032210,BTC-2020-to-present__20260422043221.pdf,D
BTC,BTC,2024-11-06,83832.0,92250.0,0.100415,BTC-2020-to-present__20260422043221.pdf,D
BTC,BTC,2024-11-07,92250.0,92616.0,0.003967,BTC-2020-to-present__20260422043221.pdf,D
BTC,BTC,2024-11-08,92616.0,92832.0,0.002332,BTC-2020-to-present__20260422043221.pdf,D
BTC,BTC,2024-11-11,92832.0,105282.0,0.134113,BTC-2020-to-present__20260422043221.pdf,D
BTC,BTC,2024-11-12,105282.0,108108.0,0.026842,BTC-2020-to-present__20260422043221.pdf,D
BTC,BTC,2024-11-13,108108.0,108306.0,0.001832,BTC-2020-to-present__20260422043221.pdf,D
BTC,BTC,2024-11-14,108306.0,105504.0,-0.025871,BTC-2020-to-present__20260422043221.pdf,D
BTC,BTC,2024-11-15,105504.0,110382.0,0.046235,BTC-2020-to-present__20260422043221.pdf,D
BTC,BTC,2024-11-18,110382.0,110472.0,0.000815,BTC-2020-to-present__20260422043221.pdf,D
BTC,BTC,2024-11-19,110472.0,111672.0,0.010862,BTC-2020-to-present__20260422043221.pdf,D
BTC,BTC,2024-11-20,111672.0,113688.0,0.018053,BTC-2020-to-present__20260422043221.pdf,D
BTC,BTC,2024-11-21,113688.0,118482.0,0.042168,BTC-2020-to-present__20260422043221.pdf,D
BTC,BTC,2024-11-22,118482.0,119382.0,0.007596,BTC-2020-to-present__20260422043221.pdf,D
BTC,BTC,2024-11-25,119382.0,113934.0,-0.045635,BTC-2020-to-present__20260422043221.pdf,D
BTC,BTC,2024-11-26,113934.0,109194.0,-0.041603,BTC-2020-to-present__20260422043221.pdf,D
BTC,BTC,2024-11-27,109194.0,116142.0,0.063630,BTC-2020-to-present__20260422043221.pdf,D
BTC,BTC,2024-11-29,116142.0,118008.0,0.016067,BTC-2020-to-present__20260422043221.pdf,D
BTC,BTC,2024-12-02,118008.0,115962.0,-0.017338,BTC-2020-to-present__20260422043221.pdf,D
BTC,BTC,2024-12-03,115962.0,115842.0,-0.001035,BTC-2020-to-present__20260422043221.pdf,D
BTC,BTC,2024-12-04,115842.0,119898.0,0.035013,BTC-2020-to-present__20260422043221.pdf,D
BTC,BTC,2024-12-05,119898.0,119730.0,-0.001401,BTC-2020-to-present__20260422043221.pdf,D
BTC,BTC,2024-12-06,119730.0,122922.0,0.026660,BTC-2020-to-present__20260422043221.pdf,D
BTC,BTC,2024-12-09,122922.0,116148.0,-0.055108,BTC-2020-to-present__20260422043221.pdf,D
BTC,BTC,2024-12-10,116148.0,116370.0,0.001911,BTC-2020-to-present__20260422043221.pdf,D
BTC,BTC,2024-12-11,116370.0,122580.0,0.053364,BTC-2020-to-present__20260422043221.pdf,D
BTC,BTC,2024-12-12,122580.0,120486.0,-0.017083,BTC-2020-to-present__20260422043221.pdf,D
BTC,BTC,2024-12-13,120486.0,122760.0,0.018874,BTC-2020-to-present__20260422043221.pdf,D
BTC,BTC,2024-12-16,122760.0,127872.0,0.041642,BTC-2020-to-present__20260422043221.pdf,D
BTC,BTC,2024-12-17,127872.0,128628.0,0.005912,BTC-2020-to-present__20260422043221.pdf,D
BTC,BTC,2024-12-18,128628.0,121044.0,-0.058961,BTC-2020-to-present__20260422043221.pdf,D
BTC,BTC,2024-12-19,121044.0,115806.0,-0.043274,BTC-2020-to-present__20260422043221.pdf,D
BTC,BTC,2024-12-20,115806.0,115920.0,0.000984,BTC-2020-to-present__20260422043221.pdf,D
BTC,BTC,2024-12-23,115920.0,111924.0,-0.034472,BTC-2020-to-present__20260422043221.pdf,D
BTC,BTC,2024-12-24,111924.0,118920.0,0.062507,BTC-2020-to-present__20260422043221.pdf,D
BTC,BTC,2024-12-26,118920.0,114630.0,-0.036075,BTC-2020-to-present__20260422043221.pdf,D
BTC,BTC,2024-12-27,114630.0,113482.0,-0.010015,BTC-2020-to-present__20260422043221.pdf,D
BTC,BTC,2024-12-30,113482.0,113946.0,0.004089,BTC-2020-to-present__20260422043221.pdf,D
BTC,BTC,2024-12-31,113946.0,112944.0,-0.008794,BTC-2020-to-present__20260422043221.pdf,D
BTC,BTC,2025-01-02,112944.0,117828.0,0.043243,BTC-2020-to-present__20260422043221.pdf,D
BTC,BTC,2025-01-03,117828.0,119076.0,0.010592,BTC-2020-to-present__20260422043221.pdf,D
BTC,BTC,2025-01-06,119076.0,123780.0,0.039504,BTC-2020-to-present__20260422043221.pdf,D
BTC,BTC,2025-01-07,123780.0,116142.0,-0.061706,BTC-2020-to-present__20260422043221.pdf,D
BTC,BTC,2025-01-08,116142.0,113076.0,-0.026399,BTC-2020-to-present__20260422043221.pdf,D
BTC,BTC,2025-01-09,113076.0,110568.0,-0.022180,BTC-2020-to-present__20260422043221.pdf,D
BTC,BTC,2025-01-10,110568.0,114252.0,0.033319,BTC-2020-to-present__20260422043221.pdf,D
BTC,BTC,2025-01-13,114252.0,112686.0,-0.013707,BTC-2020-to-present__20260422043221.pdf,D
BTC,BTC,2025-01-14,112686.0,116286.0,0.031947,BTC-2020-to-present__20260422043221.pdf,D
BTC,BTC,2025-01-15,116286.0,120072.0,0.032558,BTC-2020-to-present__20260422043221.pdf,D
BTC,BTC,2025-01-16,120072.0,120840.0,0.006396,BTC-2020-to-present__20260422043221.pdf,D
BTC,BTC,2025-01-17,120840.0,126336.0,0.045482,BTC-2020-to-present__20260422043221.pdf,D
BTC,BTC,2025-01-21,126336.0,127680.0,0.010638,BTC-2020-to-present__20260422043221.pdf,D
BTC,BTC,2025-01-22,127680.0,125316.0,-0.018515,BTC-2020-to-present__20260422043221.pdf,D
BTC,BTC,2025-01-23,125316.0,124098.0,-0.009719,BTC-2020-to-present__20260422043221.pdf,D
BTC,BTC,2025-01-24,124098.0,126072.0,0.015907,BTC-2020-to-present__20260422043221.pdf,D
BTC,BTC,2025-01-27,126072.0,121794.0,-0.033933,BTC-2020-to-present__20260422043221.pdf,D
BTC,BTC,2025-01-28,121794.0,121446.0,-0.002857,BTC-2020-to-present__20260422043221.pdf,D
BTC,BTC,2025-01-29,121446.0,125178.0,0.030730,BTC-2020-to-present__20260422043221.pdf,D
BTC,BTC,2025-01-30,125178.0,125952.0,0.006183,BTC-2020-to-present__20260422043221.pdf,D
BTC,BTC,2025-01-31,125952.0,126313.0,0.002866,BTC-2020-to-present__20260422043221.pdf,D
BTC,BTC,2025-02-03,126313.0,122358.0,-0.031311,BTC-2020-to-present__20260422043221.pdf,D
BTC,BTC,2025-02-04,122358.0,119022.0,-0.027264,BTC-2020-to-present__20260422043221.pdf,D
BTC,BTC,2025-02-05,119022.0,117252.0,-0.014871,BTC-2020-to-present__20260422043221.pdf,D
BTC,BTC,2025-02-06,117252.0,116742.0,-0.004350,BTC-2020-to-present__20260422043221.pdf,D
BTC,BTC,2025-02-07,116742.0,115188.0,-0.013311,BTC-2020-to-present__20260422043221.pdf,D
BTC,BTC,2025-02-10,115188.0,117216.0,0.017606,BTC-2020-to-present__20260422043221.pdf,D
BTC,BTC,2025-02-11,117216.0,114510.0,-0.023086,BTC-2020-to-present__20260422043221.pdf,D
BTC,BTC,2025-02-12,114510.0,116874.0,0.020644,BTC-2020-to-present__20260422043221.pdf,D
BTC,BTC,2025-02-13,116874.0,115812.0,-0.009087,BTC-2020-to-present__20260422043221.pdf,D
BTC,BTC,2025-02-14,115812.0,117066.0,0.010828,BTC-2020-to-present__20260422043221.pdf,D
BTC,BTC,2025-02-18,117066.0,112866.0,-0.035877,BTC-2020-to-present__20260422043221.pdf,D
BTC,BTC,2025-02-19,112866.0,115566.0,0.023922,BTC-2020-to-present__20260422043221.pdf,D
BTC,BTC,2025-02-20,115566.0,118446.0,0.024921,BTC-2020-to-present__20260422043221.pdf,D
BTC,BTC,2025-02-21,118446.0,113610.0,-0.040829,BTC-2020-to-present__20260422043221.pdf,D
BTC,BTC,2025-02-24,113610.0,112788.0,-0.007235,BTC-2020-to-present__20260422043221.pdf,D
BTC,BTC,2025-02-25,112788.0,105534.0,-0.064315,BTC-2020-to-present__20260422043221.pdf,D
BTC,BTC,2025-02-26,105534.0,101142.0,-0.041617,BTC-2020-to-present__20260422043221.pdf,D
BTC,BTC,2025-02-27,101142.0,100050.0,-0.010797,BTC-2020-to-present__20260422043221.pdf,D
BTC,BTC,2025-02-28,100050.0,100312.0,0.002619,BTC-2020-to-present__20260422043221.pdf,D
BTC,BTC,2025-03-03,100312.0,103578.0,0.032558,BTC-2020-to-present__20260422043221.pdf,D
BTC,BTC,2025-03-04,103578.0,104796.0,0.011759,BTC-2020-to-present__20260422043221.pdf,D
BTC,BTC,2025-03-05,104796.0,109122.0,0.041280,BTC-2020-to-present__20260422043221.pdf,D
BTC,BTC,2025-03-06,109122.0,107352.0,-0.016220,BTC-2020-to-present__20260422043221.pdf,D
BTC,BTC,2025-03-07,107352.0,104700.0,-0.024704,BTC-2020-to-present__20260422043221.pdf,D
BTC,BTC,2025-03-10,104700.0,94830.0,-0.094269,BTC-2020-to-present__20260422043221.pdf,D
BTC,BTC,2025-03-11,94830.0,100074.0,0.055299,BTC-2020-to-present__20260422043221.pdf,D
BTC,BTC,2025-03-12,100074.0,99786.0,-0.002878,BTC-2020-to-present__20260422043221.pdf,D
BTC,BTC,2025-03-13,99786.0,96294.0,-0.034995,BTC-2020-to-present__20260422043221.pdf,D
BTC,BTC,2025-03-14,96294.0,101808.0,0.057262,BTC-2020-to-present__20260422043221.pdf,D
BTC,BTC,2025-03-17,101808.0,101532.0,-0.002711,BTC-2020-to-present__20260422043221.pdf,D
BTC,BTC,2025-03-18,101532.0,98676.0,-0.028129,BTC-2020-to-present__20260422043221.pdf,D
BTC,BTC,2025-03-19,98676.0,102762.0,0.041408,BTC-2020-to-present__20260422043221.pdf,D
BTC,BTC,2025-03-20,102762.0,101034.0,-0.016816,BTC-2020-to-present__20260422043221.pdf,D
BTC,BTC,2025-03-21,101034.0,100746.0,-0.002851,BTC-2020-to-present__20260422043221.pdf,D
BTC,BTC,2025-03-24,100746.0,106098.0,0.053124,BTC-2020-to-present__20260422043221.pdf,D
BTC,BTC,2025-03-25,106098.0,105786.0,-0.002941,BTC-2020-to-present__20260422043221.pdf,D
BTC,BTC,2025-03-26,105786.0,103830.0,-0.018490,BTC-2020-to-present__20260422043221.pdf,D
BTC,BTC,2025-03-27,103830.0,104430.0,0.005779,BTC-2020-to-present__20260422043221.pdf,D
BTC,BTC,2025-03-28,104430.0,101042.0,-0.032443,BTC-2020-to-present__20260422043221.pdf,D
BTC,BTC,2025-03-31,101042.0,99252.0,-0.017715,BTC-2020-to-present__20260422043221.pdf,D
BTC,BTC,2025-04-01,99252.0,102420.0,0.031919,BTC-2020-to-present__20260422043221.pdf,D
BTC,BTC,2025-04-02,102420.0,104850.0,0.023726,BTC-2020-to-present__20260422043221.pdf,D
BTC,BTC,2025-04-03,104850.0,98598.0,-0.059628,BTC-2020-to-present__20260422043221.pdf,D
BTC,BTC,2025-04-04,98598.0,101220.0,0.026593,BTC-2020-to-present__20260422043221.pdf,D
BTC,BTC,2025-04-07,101220.0,93894.0,-0.072377,BTC-2020-to-present__20260422043221.pdf,D
BTC,BTC,2025-04-08,93894.0,92178.0,-0.018276,BTC-2020-to-present__20260422043221.pdf,D
BTC,BTC,2025-04-09,92178.0,99138.0,0.075506,BTC-2020-to-present__20260422043221.pdf,D
BTC,BTC,2025-04-10,99138.0,95634.0,-0.035345,BTC-2020-to-present__20260422043221.pdf,D
BTC,BTC,2025-04-11,95634.0,100914.0,0.055210,BTC-2020-to-present__20260422043221.pdf,D
BTC,BTC,2025-04-14,100914.0,102198.0,0.012724,BTC-2020-to-present__20260422043221.pdf,D
BTC,BTC,2025-04-15,102198.0,100992.0,-0.011801,BTC-2020-to-present__20260422043221.pdf,D
BTC,BTC,2025-04-16,100992.0,101442.0,0.004456,BTC-2020-to-present__20260422043221.pdf,D
BTC,BTC,2025-04-17,101442.0,102132.0,0.006802,BTC-2020-to-present__20260422043221.pdf,D
BTC,BTC,2025-04-21,102132.0,105042.0,0.028493,BTC-2020-to-present__20260422043221.pdf,D
BTC,BTC,2025-04-22,105042.0,109992.0,0.047124,BTC-2020-to-present__20260422043221.pdf,D
BTC,BTC,2025-04-23,109992.0,112326.0,0.021220,BTC-2020-to-present__20260422043221.pdf,D
BTC,BTC,2025-04-24,112326.0,112350.0,0.000214,BTC-2020-to-present__20260422043221.pdf,D
BTC,BTC,2025-04-25,112350.0,114153.0,0.016048,BTC-2020-to-present__20260422043221.pdf,D
BTC,BTC,2025-04-28,114153.0,114606.0,0.003968,BTC-2020-to-present__20260422043221.pdf,D
BTC,BTC,2025-04-29,114606.0,115176.0,0.004974,BTC-2020-to-present__20260422043221.pdf,D
BTC,BTC,2025-04-30,115176.0,113634.0,-0.013388,BTC-2020-to-present__20260422043221.pdf,D
BTC,BTC,2025-05-01,113634.0,116646.0,0.026506,BTC-2020-to-present__20260422043221.pdf,D
BTC,BTC,2025-05-02,116646.0,117006.0,0.003086,BTC-2020-to-present__20260422043221.pdf,D
BTC,BTC,2025-05-05,117006.0,113676.0,-0.028460,BTC-2020-to-present__20260422043221.pdf,D
BTC,BTC,2025-05-06,113676.0,114492.0,0.007178,BTC-2020-to-present__20260422043221.pdf,D
BTC,BTC,2025-05-07,114492.0,115986.0,0.013049,BTC-2020-to-present__20260422043221.pdf,D
BTC,BTC,2025-05-08,115986.0,122136.0,0.053024,BTC-2020-to-present__20260422043221.pdf,D
BTC,BTC,2025-05-09,122136.0,124362.0,0.018226,BTC-2020-to-present__20260422043221.pdf,D
BTC,BTC,2025-05-12,124362.0,122538.0,-0.014667,BTC-2020-to-present__20260422043221.pdf,D
BTC,BTC,2025-05-13,122538.0,126318.0,0.030848,BTC-2020-to-present__20260422043221.pdf,D
BTC,BTC,2025-05-14,126318.0,124344.0,-0.015627,BTC-2020-to-present__20260422043221.pdf,D
BTC,BTC,2025-05-15,124344.0,124200.0,-0.001158,BTC-2020-to-present__20260422043221.pdf,D
BTC,BTC,2025-05-16,124200.0,125310.0,0.008937,BTC-2020-to-present__20260422043221.pdf,D
BTC,BTC,2025-05-19,125310.0,127056.0,0.013933,BTC-2020-to-present__20260422043221.pdf,D
BTC,BTC,2025-05-20,127056.0,128832.0,0.013978,BTC-2020-to-present__20260422043221.pdf,D
BTC,BTC,2025-05-21,128832.0,130752.0,0.014903,BTC-2020-to-present__20260422043221.pdf,D
BTC,BTC,2025-05-22,130752.0,133728.0,0.022761,BTC-2020-to-present__20260422043221.pdf,D
BTC,BTC,2025-05-23,133728.0,130662.0,-0.022927,BTC-2020-to-present__20260422043221.pdf,D
BTC,BTC,2025-05-27,130662.0,132030.0,0.010470,BTC-2020-to-present__20260422043221.pdf,D
BTC,BTC,2025-05-28,132030.0,128406.0,-0.027448,BTC-2020-to-present__20260422043221.pdf,D
BTC,BTC,2025-05-29,128406.0,126774.0,-0.012710,BTC-2020-to-present__20260422043221.pdf,D
BTC,BTC,2025-05-30,126774.0,126554.0,-0.001735,BTC-2020-to-present__20260422043221.pdf,D
BTC,BTC,2025-06-02,126554.0,126006.0,-0.004330,BTC-2020-to-present__20260422043221.pdf,D
BTC,BTC,2025-06-03,126006.0,128220.0,0.017571,BTC-2020-to-present__20260422043221.pdf,D
BTC,BTC,2025-06-04,128220.0,126582.0,-0.012775,BTC-2020-to-present__20260422043221.pdf,D
BTC,BTC,2025-06-05,126582.0,122658.0,-0.031000,BTC-2020-to-present__20260422043221.pdf,D
BTC,BTC,2025-06-06,122658.0,125724.0,0.024996,BTC-2020-to-present__20260422043221.pdf,D
BTC,BTC,2025-06-09,125724.0,130950.0,0.041567,BTC-2020-to-present__20260422043221.pdf,D
BTC,BTC,2025-06-10,130950.0,131976.0,0.007835,BTC-2020-to-present__20260422043221.pdf,D
BTC,BTC,2025-06-11,131976.0,130992.0,-0.007456,BTC-2020-to-present__20260422043221.pdf,D
BTC,BTC,2025-06-12,130992.0,128514.0,-0.018917,BTC-2020-to-present__20260422043221.pdf,D
BTC,BTC,2025-06-13,128514.0,126456.0,-0.016014,BTC-2020-to-present__20260422043221.pdf,D
BTC,BTC,2025-06-16,126456.0,130704.0,0.033593,BTC-2020-to-present__20260422043221.pdf,D
BTC,BTC,2025-06-17,130704.0,125892.0,-0.036816,BTC-2020-to-present__20260422043221.pdf,D
BTC,BTC,2025-06-18,125892.0,124758.0,-0.009008,BTC-2020-to-present__20260422043221.pdf,D
BTC,BTC,2025-06-20,124758.0,124104.0,-0.005242,BTC-2020-to-present__20260422043221.pdf,D
BTC,BTC,2025-06-23,124104.0,123954.0,-0.001209,BTC-2020-to-present__20260422043221.pdf,D
BTC,BTC,2025-06-24,123954.0,126894.0,0.023718,BTC-2020-to-present__20260422043221.pdf,D
BTC,BTC,2025-06-25,126894.0,129408.0,0.019812,BTC-2020-to-present__20260422043221.pdf,D
BTC,BTC,2025-06-26,129408.0,129126.0,-0.002179,BTC-2020-to-present__20260422043221.pdf,D
BTC,BTC,2025-06-27,129126.0,128027.0,-0.008511,BTC-2020-to-present__20260422043221.pdf,D
BTC,BTC,2025-06-30,128027.0,129882.0,0.014489,BTC-2020-to-present__20260422043221.pdf,D
BTC,BTC,2025-07-01,129882.0,126900.0,-0.022959,BTC-2020-to-present__20260422043221.pdf,D
BTC,BTC,2025-07-02,126900.0,132342.0,0.042884,BTC-2020-to-present__20260422043221.pdf,D
BTC,BTC,2025-07-03,132342.0,132498.0,0.001179,BTC-2020-to-present__20260422043221.pdf,D
BTC,BTC,2025-07-07,132498.0,130146.0,-0.017751,BTC-2020-to-present__20260422043221.pdf,D
BTC,BTC,2025-07-08,130146.0,131058.0,0.007008,BTC-2020-to-present__20260422043221.pdf,D
BTC,BTC,2025-07-09,131058.0,134694.0,0.027743,BTC-2020-to-present__20260422043221.pdf,D
BTC,BTC,2025-07-10,134694.0,136644.0,0.014477,BTC-2020-to-present__20260422043221.pdf,D
BTC,BTC,2025-07-11,136644.0,142236.0,0.040924,BTC-2020-to-present__20260422043221.pdf,D
BTC,BTC,2025-07-14,142236.0,144282.0,0.014385,BTC-2020-to-present__20260422043221.pdf,D
BTC,BTC,2025-07-15,144282.0,140088.0,-0.029068,BTC-2020-to-present__20260422043221.pdf,D
BTC,BTC,2025-07-16,140088.0,143556.0,0.024756,BTC-2020-to-present__20260422043221.pdf,D
BTC,BTC,2025-07-17,143556.0,143148.0,-0.002842,BTC-2020-to-present__20260422043221.pdf,D
BTC,BTC,2025-07-18,143148.0,141078.0,-0.014461,BTC-2020-to-present__20260422043221.pdf,D
BTC,BTC,2025-07-21,141078.0,140184.0,-0.006337,BTC-2020-to-present__20260422043221.pdf,D
BTC,BTC,2025-07-22,140184.0,143406.0,0.022984,BTC-2020-to-present__20260422043221.pdf,D
BTC,BTC,2025-07-23,143406.0,142266.0,-0.007949,BTC-2020-to-present__20260422043221.pdf,D
BTC,BTC,2025-07-24,142266.0,142842.0,0.004049,BTC-2020-to-present__20260422043221.pdf,D
BTC,BTC,2025-07-25,142842.0,138582.0,-0.029823,BTC-2020-to-present__20260422043221.pdf,D
BTC,BTC,2025-07-28,138582.0,142812.0,0.030523,BTC-2020-to-present__20260422043221.pdf,D
BTC,BTC,2025-07-29,142812.0,141954.0,-0.006008,BTC-2020-to-present__20260422043221.pdf,D
BTC,BTC,2025-07-30,141954.0,141144.0,-0.005706,BTC-2020-to-present__20260422043221.pdf,D
BTC,BTC,2025-07-31,141144.0,140922.0,-0.001573,BTC-2020-to-present__20260422043221.pdf,D
BTC,BTC,2025-08-01,140922.0,136284.0,-0.032912,BTC-2020-to-present__20260422043221.pdf,D
BTC,BTC,2025-08-04,136284.0,138342.0,0.015101,BTC-2020-to-present__20260422043221.pdf,D
BTC,BTC,2025-08-05,138342.0,136986.0,-0.009802,BTC-2020-to-present__20260422043221.pdf,D
BTC,BTC,2025-08-06,136986.0,138996.0,0.014673,BTC-2020-to-present__20260422043221.pdf,D
BTC,BTC,2025-08-07,138996.0,141798.0,0.020159,BTC-2020-to-present__20260422043221.pdf,D
BTC,BTC,2025-08-08,141798.0,140346.0,-0.010240,BTC-2020-to-present__20260422043221.pdf,D
BTC,BTC,2025-08-11,140346.0,143358.0,0.021461,BTC-2020-to-present__20260422043221.pdf,D
BTC,BTC,2025-08-12,143358.0,144186.0,0.005776,BTC-2020-to-present__20260422043221.pdf,D
BTC,BTC,2025-08-13,144186.0,148116.0,0.027256,BTC-2020-to-present__20260422043221.pdf,D
BTC,BTC,2025-08-14,148116.0,142098.0,-0.040630,BTC-2020-to-present__20260422043221.pdf,D
BTC,BTC,2025-08-15,142098.0,140682.0,-0.009965,BTC-2020-to-present__20260422043221.pdf,D
BTC,BTC,2025-08-18,140682.0,139920.0,-0.005416,BTC-2020-to-present__20260422043221.pdf,D
BTC,BTC,2025-08-19,139920.0,135882.0,-0.028859,BTC-2020-to-present__20260422043221.pdf,D
BTC,BTC,2025-08-20,135882.0,137358.0,0.010862,BTC-2020-to-present__20260422043221.pdf,D
BTC,BTC,2025-08-21,137358.0,134742.0,-0.019045,BTC-2020-to-present__20260422043221.pdf,D
BTC,BTC,2025-08-22,134742.0,140220.0,0.040655,BTC-2020-to-present__20260422043221.pdf,D
BTC,BTC,2025-08-25,140220.0,133092.0,-0.050834,BTC-2020-to-present__20260422043221.pdf,D
BTC,BTC,2025-08-26,133092.0,133476.0,0.002885,BTC-2020-to-present__20260422043221.pdf,D
BTC,BTC,2025-08-27,133476.0,134664.0,0.008900,BTC-2020-to-present__20260422043221.pdf,D
BTC,BTC,2025-08-28,134664.0,134430.0,-0.001738,BTC-2020-to-present__20260422043221.pdf,D
BTC,BTC,2025-08-29,134430.0,130385.0,-0.030090,BTC-2020-to-present__20260422043221.pdf,D
BTC,BTC,2025-09-01,130385.0,130530.0,0.001112,BTC-2020-to-present__20260422043221.pdf,D
BTC,BTC,2025-09-02,130530.0,133662.0,0.023994,BTC-2020-to-present__20260422043221.pdf,D
BTC,BTC,2025-09-03,133662.0,135396.0,0.012973,BTC-2020-to-present__20260422043221.pdf,D
BTC,BTC,2025-09-04,135396.0,132294.0,-0.022911,BTC-2020-to-present__20260422043221.pdf,D
BTC,BTC,2025-09-05,132294.0,134346.0,0.015511,BTC-2020-to-present__20260422043221.pdf,D
BTC,BTC,2025-09-08,134346.0,134976.0,0.004689,BTC-2020-to-present__20260422043221.pdf,D
BTC,BTC,2025-09-09,134976.0,134034.0,-0.006979,BTC-2020-to-present__20260422043221.pdf,D
BTC,BTC,2025-09-10,134034.0,136770.0,0.020413,BTC-2020-to-present__20260422043221.pdf,D
BTC,BTC,2025-09-11,136770.0,137916.0,0.008379,BTC-2020-to-present__20260422043221.pdf,D
BTC,BTC,2025-09-12,137916.0,140718.0,0.020317,BTC-2020-to-present__20260422043221.pdf,D
BTC,BTC,2025-09-15,140718.0,138690.0,-0.014412,BTC-2020-to-present__20260422043221.pdf,D
BTC,BTC,2025-09-16,138690.0,140508.0,0.013108,BTC-2020-to-present__20260422043221.pdf,D
BTC,BTC,2025-09-17,140508.0,138990.0,-0.010804,BTC-2020-to-present__20260422043221.pdf,D
BTC,BTC,2025-09-18,138990.0,141324.0,0.016793,BTC-2020-to-present__20260422043221.pdf,D
BTC,BTC,2025-09-19,141324.0,138318.0,-0.021270,BTC-2020-to-present__20260422043221.pdf,D
BTC,BTC,2025-09-22,138318.0,134700.0,-0.026157,BTC-2020-to-present__20260422043221.pdf,D
BTC,BTC,2025-09-23,134700.0,134058.0,-0.004766,BTC-2020-to-present__20260422043221.pdf,D
BTC,BTC,2025-09-24,134058.0,136176.0,0.015799,BTC-2020-to-present__20260422043221.pdf,D
BTC,BTC,2025-09-25,136176.0,131262.0,-0.036086,BTC-2020-to-present__20260422043221.pdf,D
BTC,BTC,2025-09-26,131262.0,131035.0,-0.001729,BTC-2020-to-present__20260422043221.pdf,D
BTC,BTC,2025-09-29,131035.0,138276.0,0.055260,BTC-2020-to-present__20260422043221.pdf,D
BTC,BTC,2025-09-30,138276.0,138222.0,-0.000391,BTC-2020-to-present__20260422043221.pdf,D
BTC,BTC,2025-10-01,138222.0,141942.0,0.026913,BTC-2020-to-present__20260422043221.pdf,D
BTC,BTC,2025-10-02,141942.0,146292.0,0.030646,BTC-2020-to-present__20260422043221.pdf,D
BTC,BTC,2025-10-03,146292.0,148362.0,0.014150,BTC-2020-to-present__20260422043221.pdf,D
BTC,BTC,2025-10-06,148362.0,151578.0,0.021677,BTC-2020-to-present__20260422043221.pdf,D
BTC,BTC,2025-10-07,151578.0,146826.0,-0.031350,BTC-2020-to-present__20260422043221.pdf,D
BTC,BTC,2025-10-08,146826.0,148884.0,0.014017,BTC-2020-to-present__20260422043221.pdf,D
BTC,BTC,2025-10-09,148884.0,145944.0,-0.019747,BTC-2020-to-present__20260422043221.pdf,D
BTC,BTC,2025-10-10,145944.0,140388.0,-0.038069,BTC-2020-to-present__20260422043221.pdf,D
BTC,BTC,2025-10-13,140388.0,139656.0,-0.005214,BTC-2020-to-present__20260422043221.pdf,D
BTC,BTC,2025-10-14,139656.0,135702.0,-0.028312,BTC-2020-to-present__20260422043221.pdf,D
BTC,BTC,2025-10-15,135702.0,133860.0,-0.013574,BTC-2020-to-present__20260422043221.pdf,D
BTC,BTC,2025-10-16,133860.0,130134.0,-0.027835,BTC-2020-to-present__20260422043221.pdf,D
BTC,BTC,2025-10-17,130134.0,128010.0,-0.016322,BTC-2020-to-present__20260422043221.pdf,D
BTC,BTC,2025-10-20,128010.0,133290.0,0.041247,BTC-2020-to-present__20260422043221.pdf,D
BTC,BTC,2025-10-21,133290.0,134526.0,0.009273,BTC-2020-to-present__20260422043221.pdf,D
BTC,BTC,2025-10-22,134526.0,129534.0,-0.037108,BTC-2020-to-present__20260422043221.pdf,D
BTC,BTC,2025-10-23,129534.0,132504.0,0.022928,BTC-2020-to-present__20260422043221.pdf,D
BTC,BTC,2025-10-24,132504.0,132888.0,0.002898,BTC-2020-to-present__20260422043221.pdf,D
BTC,BTC,2025-10-27,132888.0,138084.0,0.039101,BTC-2020-to-present__20260422043221.pdf,D
BTC,BTC,2025-10-28,138084.0,136494.0,-0.011515,BTC-2020-to-present__20260422043221.pdf,D
BTC,BTC,2025-10-29,136494.0,132756.0,-0.027386,BTC-2020-to-present__20260422043221.pdf,D
BTC,BTC,2025-10-30,132756.0,127728.0,-0.037874,BTC-2020-to-present__20260422043221.pdf,D
BTC,BTC,2025-10-31,127728.0,132517.0,0.037494,BTC-2020-to-present__20260422043221.pdf,D
BTC,BTC,2025-11-03,132517.0,128484.0,-0.030434,BTC-2020-to-present__20260422043221.pdf,D
BTC,BTC,2025-11-04,128484.0,121236.0,-0.056412,BTC-2020-to-present__20260422043221.pdf,D
BTC,BTC,2025-11-05,121236.0,125088.0,0.031773,BTC-2020-to-present__20260422043221.pdf,D
BTC,BTC,2025-11-06,125088.0,121452.0,-0.029068,BTC-2020-to-present__20260422043221.pdf,D
BTC,BTC,2025-11-07,121452.0,124836.0,0.027863,BTC-2020-to-present__20260422043221.pdf,D
BTC,BTC,2025-11-10,124836.0,127638.0,0.022445,BTC-2020-to-present__20260422043221.pdf,D
BTC,BTC,2025-11-11,127638.0,123546.0,-0.032059,BTC-2020-to-present__20260422043221.pdf,D
BTC,BTC,2025-11-12,123546.0,122082.0,-0.011850,BTC-2020-to-present__20260422043221.pdf,D
BTC,BTC,2025-11-13,122082.0,117750.0,-0.035484,BTC-2020-to-present__20260422043221.pdf,D
BTC,BTC,2025-11-14,117750.0,113238.0,-0.038318,BTC-2020-to-present__20260422043221.pdf,D
BTC,BTC,2025-11-17,113238.0,110364.0,-0.025380,BTC-2020-to-present__20260422043221.pdf,D
BTC,BTC,2025-11-18,110364.0,111510.0,0.010384,BTC-2020-to-present__20260422043221.pdf,D
BTC,BTC,2025-11-19,111510.0,107496.0,-0.035997,BTC-2020-to-present__20260422043221.pdf,D
BTC,BTC,2025-11-20,107496.0,103728.0,-0.035052,BTC-2020-to-present__20260422043221.pdf,D
BTC,BTC,2025-11-21,103728.0,101520.0,-0.021286,BTC-2020-to-present__20260422043221.pdf,D
BTC,BTC,2025-11-24,101520.0,107010.0,0.054078,BTC-2020-to-present__20260422043221.pdf,D
BTC,BTC,2025-11-25,107010.0,104904.0,-0.019680,BTC-2020-to-present__20260422043221.pdf,D
BTC,BTC,2025-11-26,104904.0,107898.0,0.028540,BTC-2020-to-present__20260422043221.pdf,D
BTC,BTC,2025-11-28,107898.0,110948.0,0.028267,BTC-2020-to-present__20260422043221.pdf,D
BTC,BTC,2025-12-01,110948.0,102912.0,-0.072430,BTC-2020-to-present__20260422043221.pdf,D
BTC,BTC,2025-12-02,102912.0,109746.0,0.066406,BTC-2020-to-present__20260422043221.pdf,D
BTC,BTC,2025-12-03,109746.0,111918.0,0.019791,BTC-2020-to-present__20260422043221.pdf,D
BTC,BTC,2025-12-04,111918.0,111408.0,-0.004557,BTC-2020-to-present__20260422043221.pdf,D
BTC,BTC,2025-12-05,111408.0,107520.0,-0.034899,BTC-2020-to-present__20260422043221.pdf,D
BTC,BTC,2025-12-08,107520.0,109188.0,0.015513,BTC-2020-to-present__20260422043221.pdf,D
BTC,BTC,2025-12-09,109188.0,112008.0,0.025827,BTC-2020-to-present__20260422043221.pdf,D
BTC,BTC,2025-12-10,112008.0,111342.0,-0.005946,BTC-2020-to-present__20260422043221.pdf,D
BTC,BTC,2025-12-11,111342.0,110412.0,-0.008353,BTC-2020-to-present__20260422043221.pdf,D
BTC,BTC,2025-12-12,110412.0,108528.0,-0.017063,BTC-2020-to-present__20260422043221.pdf,D
BTC,BTC,2025-12-15,108528.0,103182.0,-0.049259,BTC-2020-to-present__20260422043221.pdf,D
BTC,BTC,2025-12-16,103182.0,105354.0,0.021050,BTC-2020-to-present__20260422043221.pdf,D
BTC,BTC,2025-12-17,105354.0,103158.0,-0.020844,BTC-2020-to-present__20260422043221.pdf,D
BTC,BTC,2025-12-18,103158.0,101784.0,-0.013319,BTC-2020-to-present__20260422043221.pdf,D
BTC,BTC,2025-12-19,101784.0,105672.0,0.038199,BTC-2020-to-present__20260422043221.pdf,D
BTC,BTC,2025-12-22,105672.0,106068.0,0.003747,BTC-2020-to-present__20260422043221.pdf,D
BTC,BTC,2025-12-23,106068.0,105222.0,-0.007976,BTC-2020-to-present__20260422043221.pdf,D
BTC,BTC,2025-12-24,105222.0,104694.0,-0.005018,BTC-2020-to-present__20260422043221.pdf,D
BTC,BTC,2025-12-26,104694.0,104309.0,-0.003677,BTC-2020-to-present__20260422043221.pdf,D
BTC,BTC,2025-12-29,104309.0,105072.0,0.007315,BTC-2020-to-present__20260422043221.pdf,D
BTC,BTC,2025-12-30,105072.0,105912.0,0.007995,BTC-2020-to-present__20260422043221.pdf,D
BTC,BTC,2025-12-31,105912.0,105462.0,-0.004249,BTC-2020-to-present__20260422043221.pdf,D
BTC,BTC,2026-01-02,105462.0,108228.0,0.026227,BTC-2020-to-present__20260422043221.pdf,D
BTC,BTC,2026-01-05,108228.0,113502.0,0.048730,BTC-2020-to-present__20260422043221.pdf,D
BTC,BTC,2026-01-06,113502.0,111354.0,-0.018925,BTC-2020-to-present__20260422043221.pdf,D
BTC,BTC,2026-01-07,111354.0,109482.0,-0.016811,BTC-2020-to-present__20260422043221.pdf,D
BTC,BTC,2026-01-08,109482.0,109326.0,-0.001425,BTC-2020-to-present__20260422043221.pdf,D
BTC,BTC,2026-01-09,109326.0,108486.0,-0.007683,BTC-2020-to-present__20260422043221.pdf,D
BTC,BTC,2026-01-12,108486.0,109992.0,0.013882,BTC-2020-to-present__20260422043221.pdf,D
BTC,BTC,2026-01-13,109992.0,113658.0,0.033330,BTC-2020-to-present__20260422043221.pdf,D
BTC,BTC,2026-01-14,113658.0,117558.0,0.034313,BTC-2020-to-present__20260422043221.pdf,D
BTC,BTC,2026-01-15,117558.0,114426.0,-0.026642,BTC-2020-to-present__20260422043221.pdf,D
BTC,BTC,2026-01-16,114426.0,114798.0,0.003251,BTC-2020-to-present__20260422043221.pdf,D
BTC,BTC,2026-01-20,114798.0,107598.0,-0.062719,BTC-2020-to-present__20260422043221.pdf,D
BTC,BTC,2026-01-21,107598.0,108276.0,0.006301,BTC-2020-to-present__20260422043221.pdf,D
BTC,BTC,2026-01-22,108276.0,107334.0,-0.008700,BTC-2020-to-present__20260422043221.pdf,D
BTC,BTC,2026-01-23,107334.0,107400.0,0.000615,BTC-2020-to-present__20260422043221.pdf,D
BTC,BTC,2026-01-26,107400.0,105102.0,-0.021397,BTC-2020-to-present__20260422043221.pdf,D
BTC,BTC,2026-01-27,105102.0,107268.0,0.020609,BTC-2020-to-present__20260422043221.pdf,D
BTC,BTC,2026-01-28,107268.0,106896.0,-0.003468,BTC-2020-to-present__20260422043221.pdf,D
BTC,BTC,2026-01-29,106896.0,100866.0,-0.056410,BTC-2020-to-present__20260422043221.pdf,D
BTC,BTC,2026-01-30,100866.0,99606.0,-0.012492,BTC-2020-to-present__20260422043221.pdf,D
BTC,BTC,2026-02-02,99606.0,93846.0,-0.057828,BTC-2020-to-present__20260422043221.pdf,D
BTC,BTC,2026-02-03,93846.0,92016.0,-0.019500,BTC-2020-to-present__20260422043221.pdf,D
BTC,BTC,2026-02-04,92016.0,88284.0,-0.040558,BTC-2020-to-present__20260422043221.pdf,D
BTC,BTC,2026-02-05,88284.0,76554.0,-0.132867,BTC-2020-to-present__20260422043221.pdf,D
BTC,BTC,2026-02-06,76554.0,84312.0,0.101340,BTC-2020-to-present__20260422043221.pdf,D
BTC,BTC,2026-02-09,84312.0,85134.0,0.009750,BTC-2020-to-present__20260422043221.pdf,D
BTC,BTC,2026-02-10,85134.0,82722.0,-0.028332,BTC-2020-to-present__20260422043221.pdf,D
BTC,BTC,2026-02-11,82722.0,81258.0,-0.017698,BTC-2020-to-present__20260422043221.pdf,D
BTC,BTC,2026-02-12,81258.0,78600.0,-0.032711,BTC-2020-to-present__20260422043221.pdf,D
BTC,BTC,2026-02-13,78600.0,82602.0,0.050916,BTC-2020-to-present__20260422043221.pdf,D
BTC,BTC,2026-02-17,82602.0,81438.0,-0.014092,BTC-2020-to-present__20260422043221.pdf,D
BTC,BTC,2026-02-18,81438.0,79596.0,-0.022618,BTC-2020-to-present__20260422043221.pdf,D
BTC,BTC,2026-02-19,79596.0,80646.0,0.013192,BTC-2020-to-present__20260422043221.pdf,D
BTC,BTC,2026-02-20,80646.0,81390.0,0.009226,BTC-2020-to-present__20260422043221.pdf,D
BTC,BTC,2026-02-23,81390.0,77412.0,-0.048876,BTC-2020-to-present__20260422043221.pdf,D
BTC,BTC,2026-02-24,77412.0,77454.0,0.000543,BTC-2020-to-present__20260422043221.pdf,D
BTC,BTC,2026-02-25,77454.0,83064.0,0.072430,BTC-2020-to-present__20260422043221.pdf,D
BTC,BTC,2026-02-26,83064.0,80946.0,-0.025498,BTC-2020-to-present__20260422043221.pdf,D
BTC,BTC,2026-02-27,80946.0,79285.0,-0.020520,BTC-2020-to-present__20260422043221.pdf,D
BTC,BTC,2026-03-02,79285.0,83376.0,0.051599,BTC-2020-to-present__20260422043221.pdf,D
BTC,BTC,2026-03-03,83376.0,82158.0,-0.014609,BTC-2020-to-present__20260422043221.pdf,D
BTC,BTC,2026-03-04,82158.0,88134.0,0.072738,BTC-2020-to-present__20260422043221.pdf,D
BTC,BTC,2026-03-05,88134.0,85836.0,-0.026074,BTC-2020-to-present__20260422043221.pdf,D
BTC,BTC,2026-03-06,85836.0,81954.0,-0.045226,BTC-2020-to-present__20260422043221.pdf,D
BTC,BTC,2026-03-09,81954.0,83046.0,0.013325,BTC-2020-to-present__20260422043221.pdf,D
BTC,BTC,2026-03-10,83046.0,84234.0,0.014305,BTC-2020-to-present__20260422043221.pdf,D
BTC,BTC,2026-03-11,84234.0,84990.0,0.008975,BTC-2020-to-present__20260422043221.pdf,D
BTC,BTC,2026-03-12,84990.0,84774.0,-0.002541,BTC-2020-to-present__20260422043221.pdf,D
BTC,BTC,2026-03-13,84774.0,85590.0,0.009626,BTC-2020-to-present__20260422043221.pdf,D
BTC,BTC,2026-03-16,85590.0,88944.0,0.039187,BTC-2020-to-present__20260422043221.pdf,D
BTC,BTC,2026-03-17,88944.0,89622.0,0.007623,BTC-2020-to-present__20260422043221.pdf,D
BTC,BTC,2026-03-18,89622.0,85338.0,-0.047801,BTC-2020-to-present__20260422043221.pdf,D
BTC,BTC,2026-03-19,85338.0,84432.0,-0.010617,BTC-2020-to-present__20260422043221.pdf,D
BTC,BTC,2026-03-20,84432.0,84264.0,-0.001990,BTC-2020-to-present__20260422043221.pdf,D
BTC,BTC,2026-03-23,84264.0,84882.0,0.007334,BTC-2020-to-present__20260422043221.pdf,D
BTC,BTC,2026-03-24,84882.0,83226.0,-0.019509,BTC-2020-to-present__20260422043221.pdf,D
BTC,BTC,2026-03-25,83226.0,85032.0,0.021700,BTC-2020-to-present__20260422043221.pdf,D
BTC,BTC,2026-03-26,85032.0,82188.0,-0.033446,BTC-2020-to-present__20260422043221.pdf,D
BTC,BTC,2026-03-27,82188.0,79481.0,-0.032937,BTC-2020-to-present__20260422043221.pdf,D
BTC,BTC,2026-03-30,79481.0,80010.0,0.006656,BTC-2020-to-present__20260422043221.pdf,D
BTC,BTC,2026-03-31,80010.0,81642.0,0.020397,BTC-2020-to-present__20260422043221.pdf,D
CL,CL,2011-02-25,3750.0,4500.0,0.200000,CL_2008_to_present__20160221231035.pdf,H
CL,CL,2011-03-04,4500.0,5000.0,0.111111,CL_2008_to_present__20160221231035.pdf,H
CL,CL,2011-05-10,5000.0,6250.0,0.250000,CL_2008_to_present__20160221231035.pdf,H
CL,CL,2011-08-29,6250.0,6000.0,-0.040000,CL_2008_to_present__20160221231035.pdf,H
CL,CL,2011-12-12,6000.0,5600.0,-0.066667,CL_2008_to_present__20160221231035.pdf,H
CL,CL,2012-02-13,5600.0,5100.0,-0.089286,CL_2008_to_present__20160221231035.pdf,H
CL,CL,2012-05-29,5100.0,4600.0,-0.098039,CL_2008_to_present__20160221231035.pdf,H
CL,CL,2012-07-09,4600.0,5100.0,0.108696,CL_2008_to_present__20160221231035.pdf,H
CL,CL,2013-01-29,5100.0,4500.0,-0.117647,CL_2008_to_present__20160221231035.pdf,H
CL,CL,2013-04-30,4500.0,4100.0,-0.088889,CL_2008_to_present__20160221231035.pdf,H
CL,CL,2013-11-05,4100.0,3700.0,-0.097561,CL_2008_to_present__20160221231035.pdf,H
CL,CL,2013-11-22,3700.0,3400.0,-0.081081,CL_2008_to_present__20160221231035.pdf,H
CL,CL,2014-02-28,3400.0,3100.0,-0.088235,CL_2008_to_present__20160221231035.pdf,H
CL,CL,2014-04-04,3100.0,2900.0,-0.064516,CL_2008_to_present__20160221231035.pdf,H
CL,CL,2014-08-11,2900.0,2700.0,-0.068966,CL_2008_to_present__20160221231035.pdf,H
CL,CL,2014-10-03,2700.0,2950.0,0.092593,CL_2008_to_present__20160221231035.pdf,H
CL,CL,2014-10-17,2950.0,3400.0,0.152542,CL_2008_to_present__20160221231035.pdf,H
CL,CL,2014-11-17,3400.0,3700.0,0.088235,CL_2008_to_present__20160221231035.pdf,H
CL,CL,2014-11-26,3700.0,3850.0,0.040541,CL_2008_to_present__20160221231035.pdf,H
CL,CL,2014-12-02,3850.0,4450.0,0.155844,CL_2008_to_present__20160221231035.pdf,H
CL,CL,2015-02-06,4450.0,4900.0,0.101124,CL_2008_to_present__20160221231035.pdf,H
CL,CL,2015-05-01,4900.0,4250.0,-0.132653,CL_2014_to_present__20171129073711.zip,D
CL,CL,2015-07-08,4250.0,4600.0,0.082353,CL_2014_to_present__20171129073711.zip,D
CL,CL,2015-12-14,4600.0,4000.0,-0.130435,CL_2014_to_present__20171129073711.zip,D
CL,CL,2016-02-10,4000.0,3500.0,-0.125000,CL_2014_to_present__20171129073711.zip,D
CL,CL,2016-04-07,3500.0,3400.0,-0.028571,CL_2014_to_present__20171129073711.zip,D
CL,CL,2016-08-04,3400.0,3200.0,-0.058824,CL_2014_to_present__20171129073711.zip,D
CL,CL,2016-08-31,3200.0,2900.0,-0.093750,CL_2014_to_present__20171129073711.zip,D
CL,CL,2016-12-05,2900.0,3200.0,0.103448,CL_2014_to_present__20171129073711.zip,D
CL,CL,2017-02-16,3200.0,2900.0,-0.093750,CL_2014_to_present__20171129073711.zip,D
CL,CL,2017-04-05,2900.0,2700.0,-0.068966,CL_2014_to_present__20171129073711.zip,D
CL,CL,2017-06-22,2700.0,2500.0,-0.074074,CL_2014_to_present__20171129073711.zip,D
CL,CL,2017-07-25,2500.0,2400.0,-0.040000,CL_2014_to_present__20171129073711.zip,D
CL,CL,2017-10-02,2400.0,2250.0,-0.062500,CL_2014_to_present__20171129073711.zip,D
CL,CL,2020-07-07,7800.0,6800.0,-0.128205,CL-2020-to-2023-10-19__20260823084623.pdf,D
CL,CL,2020-07-24,6800.0,6200.0,-0.088235,CL-2020-to-2023-10-19__20260823084623.pdf,D
CL,CL,2020-09-16,6200.0,5500.0,-0.112903,CL-2020-to-2023-10-19__20260823084623.pdf,D
CL,CL,2020-10-07,5500.0,5100.0,-0.072727,CL-2020-to-2023-10-19__20260823084623.pdf,D
CL,CL,2020-11-06,5100.0,4750.0,-0.068627,CL-2020-to-2023-10-19__20260823084623.pdf,D
CL,CL,2021-01-06,4750.0,4525.0,-0.047368,CL-2020-to-2023-10-19__20260823084623.pdf,D
CL,CL,2021-03-22,4525.0,5100.0,0.127072,CL-2020-to-2023-10-19__20260823084623.pdf,D
CL,CL,2021-04-23,5100.0,5300.0,0.039216,CL-2020-to-2023-10-19__20260823084623.pdf,D
CL,CL,2021-07-21,5300.0,5450.0,0.028302,CL-2020-to-2023-10-19__20260823084623.pdf,D
CL,CL,2021-08-20,5450.0,5300.0,-0.027523,CL-2020-to-2023-10-19__20260823084623.pdf,D
CL,CL,2021-08-27,5300.0,5100.0,-0.037736,CL-2020-to-2023-10-19__20260823084623.pdf,D
CL,CL,2021-11-30,5100.0,5850.0,0.147059,CL-2020-to-2023-10-19__20260823084623.pdf,D
CL,CL,2022-01-20,5850.0,6150.0,0.051282,CL-2020-to-2023-10-19__20260823084623.pdf,D
CL,CL,2022-02-07,6150.0,6800.0,0.105691,CL-2020-to-2023-10-19__20260823084623.pdf,D
CL,CL,2022-02-23,6800.0,7600.0,0.117647,CL-2020-to-2023-10-19__20260823084623.pdf,D
CL,CL,2022-02-28,7600.0,8000.0,0.052632,CL-2020-to-2023-10-19__20260823084623.pdf,D
CL,CL,2022-03-02,8000.0,9000.0,0.125000,CL-2020-to-2023-10-19__20260823084623.pdf,D
CL,CL,2022-03-04,9000.0,10500.0,0.166667,CL-2020-to-2023-10-19__20260823084623.pdf,D
CL,CL,2022-03-07,10500.0,12000.0,0.142857,CL-2020-to-2023-10-19__20260823084623.pdf,D
CL,CL,2022-03-25,12000.0,10750.0,-0.104167,CL-2020-to-2023-10-19__20260823084623.pdf,D
CL,CL,2022-04-06,10750.0,9500.0,-0.116279,CL-2020-to-2023-10-19__20260823084623.pdf,D
CL,CL,2022-04-12,9500.0,8750.0,-0.078947,CL-2020-to-2023-10-19__20260823084623.pdf,D
CL,CL,2022-06-02,8750.0,8350.0,-0.045714,CL-2020-to-2023-10-19__20260823084623.pdf,D
CL,CL,2022-07-08,8350.0,8600.0,0.029940,CL-2020-to-2023-10-19__20260823084623.pdf,D
CL,CL,2022-09-20,8600.0,8450.0,-0.017442,CL-2020-to-2023-10-19__20260823084623.pdf,D
CL,CL,2022-10-07,8450.0,7500.0,-0.112426,CL-2020-to-2023-10-19__20260823084623.pdf,D
CL,CL,2022-12-07,7500.0,7000.0,-0.066667,CL-2020-to-2023-10-19__20260823084623.pdf,D
CL,CL,2023-02-10,7000.0,6600.0,-0.057143,CL-2020-to-2023-10-19__20260823084623.pdf,D
CL,CL,2023-03-17,6600.0,6000.0,-0.090909,CL-2020-to-2023-10-19__20260823084623.pdf,D
CL,CL,2023-03-24,6000.0,5800.0,-0.033333,CL-2020-to-2023-10-19__20260823084623.pdf,D
CL,CL,2023-08-11,5800.0,6200.0,0.068966,CL-2020-to-2023-10-19__20260823084623.pdf,D
CL,CL,2023-08-18,6200.0,6600.0,0.064516,CL-2020-to-2023-10-19__20260823084623.pdf,D
ES,SP,2011-06-02,22500.0,20000.0,-0.111111,SP_2008_to_present__20170329081955.pdf,H
ES,SP,2012-03-26,20000.0,17500.0,-0.125000,SP_2008_to_present__20170329081955.pdf,H
ES,SP,2013-10-03,17500.0,19000.0,0.085714,SP_2008_to_present__20170329081955.pdf,H
ES,SP,2013-10-15,19000.0,20500.0,0.078947,SP_2008_to_present__20170329081955.pdf,H
ES,SP,2014-01-29,20500.0,21625.0,0.054878,SP_2008_to_present__20170329081955.pdf,H
ES,SP,2014-07-25,21625.0,23000.0,0.063584,SP_2008_to_present__20170329081955.pdf,H
ES,SP,2016-01-29,23000.0,23750.0,0.032609,SP_2008_to_present__20170329081955.pdf,H
ES,SP,2016-04-08,23750.0,22500.0,-0.052632,SP_2008_to_present__20170329081955.pdf,H
ES,SP,2016-05-06,22500.0,21000.0,-0.066667,SP_2008_to_present__20170329081955.pdf,H
ES,SP,2020-12-11,12000.0,11000.0,-0.083333,SP-2020-to-2024-10-17__20250910111356.pdf,D
ES,SP,2021-08-18,11000.0,11500.0,0.045455,SP-2020-to-2024-10-17__20250910111356.pdf,D
ES,SP,2022-01-21,11500.0,10800.0,-0.060870,SP-2020-to-2024-10-17__20250910111356.pdf,D
ES,SP,2022-03-02,10800.0,11400.0,0.055556,SP-2020-to-2024-10-17__20250910111356.pdf,D
ES,SP,2022-03-18,11400.0,12000.0,0.052632,SP-2020-to-2024-10-17__20250910111356.pdf,D
ES,SP,2022-04-20,12000.0,11200.0,-0.066667,SP-2020-to-2024-10-17__20250910111356.pdf,D
ES,SP,2022-06-10,11200.0,10500.0,-0.062500,SP-2020-to-2024-10-17__20250910111356.pdf,D
ES,SP,2022-08-12,10500.0,10000.0,-0.047619,SP-2020-to-2024-10-17__20250910111356.pdf,D
ES,SP,2022-11-16,10000.0,10600.0,0.060000,SP-2020-to-2024-10-17__20250910111356.pdf,D
ES,SP,2023-03-17,10600.0,11200.0,0.056604,SP-2020-to-2024-10-17__20250910111356.pdf,D
ES,SP,2023-12-20,11200.0,11800.0,0.053571,SP-2020-to-2024-10-17__20250910111356.pdf,D
ES,SP,2024-07-02,11800.0,12400.0,0.050847,SP-2020-to-2024-10-17__20250910111356.pdf,D
ES,SP,2024-07-19,12400.0,13100.0,0.056452,SP-2020-to-2024-10-17__20250910111356.pdf,D
ES,SP,2024-08-05,13100.0,13800.0,0.053435,SP-2020-to-2024-10-17__20250910111356.pdf,D
ES,SP,2024-09-20,13800.0,14600.0,0.057971,SP-2020-to-2024-10-17__20250910111356.pdf,D
GC,GC,2009-01-22,4302.0,3999.0,-0.070432,GC_2008_to_present__20160909201258.pdf,H
GC,GC,2009-08-21,3999.0,3333.0,-0.166542,GC_2008_to_present__20160909201258.pdf,H
GC,GC,2009-12-15,3333.0,4002.0,0.200720,GC_2008_to_present__20160909201258.pdf,H
GC,GC,2010-02-12,4002.0,4998.0,0.248876,GC_2008_to_present__20160909201258.pdf,H
GC,GC,2010-04-30,4998.0,4251.0,-0.149460,GC_2008_to_present__20160909201258.pdf,H
GC,GC,2010-11-16,4251.0,4500.0,0.058574,GC_2008_to_present__20160909201258.pdf,H
GC,GC,2011-01-21,4500.0,5001.0,0.111333,GC_2008_to_present__20160909201258.pdf,H
GC,GC,2011-06-20,5001.0,4500.0,-0.100180,GC_2008_to_present__20160909201258.pdf,H
GC,GC,2011-08-11,4500.0,5500.0,0.222222,GC_2008_to_present__20160909201258.pdf,H
GC,GC,2011-08-25,5500.0,7000.0,0.272727,GC_2008_to_present__20160909201258.pdf,H
GC,GC,2011-09-26,7000.0,8500.0,0.214286,GC_2008_to_present__20160909201258.pdf,H
GC,GC,2012-02-13,8500.0,7500.0,-0.117647,GC_2008_to_present__20160909201258.pdf,H
GC,GC,2012-05-29,7500.0,6750.0,-0.100000,GC_2008_to_present__20160909201258.pdf,H
GC,GC,2013-01-02,6750.0,6000.0,-0.111111,GC_2008_to_present__20160909201258.pdf,H
GC,GC,2013-02-12,6000.0,5400.0,-0.100000,GC_2008_to_present__20160909201258.pdf,H
GC,GC,2013-04-16,5400.0,6400.0,0.185185,GC_2008_to_present__20160909201258.pdf,H
GC,GC,2013-06-21,6400.0,8000.0,0.250000,GC_2008_to_present__20160909201258.pdf,H
GC,GC,2013-11-22,8000.0,7250.0,-0.093750,GC_2008_to_present__20160909201258.pdf,H
GC,GC,2014-04-04,7250.0,6500.0,-0.103448,GC_2008_to_present__20160909201258.pdf,H
GC,GC,2014-05-16,6500.0,6000.0,-0.076923,GC_2008_to_present__20160909201258.pdf,H
GC,GC,2014-07-14,6000.0,5400.0,-0.100000,GC_2008_to_present__20160909201258.pdf,H
GC,GC,2014-08-22,5400.0,4600.0,-0.148148,GC_2008_to_present__20160909201258.pdf,H
GC,GC,2014-10-10,4600.0,4000.0,-0.130435,GC_2008_to_present__20160909201258.pdf,H
GC,GC,2015-05-22,4000.0,3750.0,-0.062500,GC_2008_to_present__20160909201258.pdf,H
GC,GC,2016-02-12,3750.0,4250.0,0.133333,GC_2008_to_present__20160909201258.pdf,H
GC,GC,2016-02-26,4250.0,4500.0,0.058824,GC_2008_to_present__20160909201258.pdf,H
GC,GC,2016-06-27,4500.0,5500.0,0.222222,GC_2008_to_present__20160909201258.pdf,H
GC,GC,2016-07-01,5500.0,6000.0,0.090909,GC_2008_to_present__20160909201258.pdf,H
GC,GC,2020-08-07,8200.0,8700.0,0.060976,GC-2020-to-present__20250910111656.pdf,D
GC,GC,2020-08-12,8700.0,9300.0,0.068966,GC-2020-to-present__20250910111656.pdf,D
GC,GC,2020-10-02,9300.0,10500.0,0.129032,GC-2020-to-present__20250910111656.pdf,D
GC,GC,2020-10-16,10500.0,11500.0,0.095238,GC-2020-to-present__20250910111656.pdf,D
GC,GC,2020-12-04,11500.0,10000.0,-0.130435,GC-2020-to-present__20250910111656.pdf,D
GC,GC,2021-02-02,10000.0,11000.0,0.100000,GC-2020-to-present__20250910111656.pdf,D
GC,GC,2021-03-05,11000.0,10000.0,-0.090909,GC-2020-to-present__20250910111656.pdf,D
GC,GC,2021-05-07,10000.0,9000.0,-0.100000,GC-2020-to-present__20250910111656.pdf,D
GC,GC,2021-08-20,9000.0,8250.0,-0.083333,GC-2020-to-present__20250910111656.pdf,D
GC,GC,2021-09-29,8250.0,7500.0,-0.090909,GC-2020-to-present__20250910111656.pdf,D
GC,GC,2022-01-05,7500.0,6500.0,-0.133333,GC-2020-to-present__20250910111656.pdf,D
GC,GC,2022-01-21,6500.0,6000.0,-0.076923,GC-2020-to-present__20250910111656.pdf,D
GC,GC,2022-02-25,6000.0,6600.0,0.100000,GC-2020-to-present__20250910111656.pdf,D
GC,GC,2022-03-08,6600.0,7200.0,0.090909,GC-2020-to-present__20250910111656.pdf,D
GC,GC,2022-07-08,7200.0,6500.0,-0.097222,GC-2020-to-present__20250910111656.pdf,D
GC,GC,2022-09-16,6500.0,5700.0,-0.123077,GC-2020-to-present__20250910111656.pdf,D
GC,GC,2022-12-05,5700.0,6300.0,0.105263,GC-2020-to-present__20250910111656.pdf,D
GC,GC,2023-01-06,6300.0,6900.0,0.095238,GC-2020-to-present__20250910111656.pdf,D
GC,GC,2023-02-10,6900.0,7400.0,0.072464,GC-2020-to-present__20250910111656.pdf,D
GC,GC,2023-03-14,7400.0,8000.0,0.081081,GC-2020-to-present__20250910111656.pdf,D
GC,GC,2023-04-06,8000.0,8300.0,0.037500,GC-2020-to-present__20250910111656.pdf,D
GC,GC,2023-09-08,8300.0,7800.0,-0.060241,GC-2020-to-present__20250910111656.pdf,D
GC,GC,2023-12-15,7800.0,8300.0,0.064103,GC-2020-to-present__20250910111656.pdf,D
GC,GC,2024-03-08,8300.0,8800.0,0.060241,GC-2020-to-present__20250910111656.pdf,D
GC,GC,2024-04-05,8800.0,9400.0,0.068182,GC-2020-to-present__20250910111656.pdf,D
GC,GC,2024-04-19,9400.0,10000.0,0.063830,GC-2020-to-present__20250910111656.pdf,D
GC,GC,2024-08-23,10000.0,10500.0,0.050000,GC-2020-to-present__20250910111656.pdf,D
GC,GC,2024-09-27,10500.0,11000.0,0.047619,GC-2020-to-present__20250910111656.pdf,D
GC,GC,2024-11-01,11000.0,11500.0,0.045455,GC-2020-to-present__20250910111656.pdf,D
GC,GC,2025-02-07,11500.0,12500.0,0.086957,GC-2020-to-present__20250910111656.pdf,D
GC,GC,2025-03-21,12500.0,13500.0,0.080000,GC-2020-to-present__20250910111656.pdf,D
GC,GC,2025-03-28,13500.0,14000.0,0.037037,GC-2020-to-present__20250910111656.pdf,D
GC,GC,2025-04-04,14000.0,15000.0,0.071429,GC-2020-to-present__20250910111656.pdf,D
HE,LN,2009-03-09,800.0,900.0,0.125000,LN_2008_to_present__20161019114453.pdf,H
HE,LN,2009-05-06,900.0,1050.0,0.166667,LN_2008_to_present__20161019114453.pdf,H
HE,LN,2010-07-02,1050.0,950.0,-0.095238,LN_2008_to_present__20161019114453.pdf,H
HE,LN,2010-10-11,950.0,1100.0,0.157895,LN_2008_to_present__20161019114453.pdf,H
HE,LN,2011-02-18,1100.0,1250.0,0.136364,LN_2008_to_present__20161019114453.pdf,H
HE,LN,2012-05-29,1250.0,1050.0,-0.160000,LN_2008_to_present__20161019114453.pdf,H
HE,LN,2012-08-27,1050.0,1250.0,0.190476,LN_2008_to_present__20161019114453.pdf,H
HE,LN,2012-11-20,1250.0,1050.0,-0.160000,LN_2008_to_present__20161019114453.pdf,H
HE,LN,2013-06-18,1050.0,1250.0,0.190476,LN_2008_to_present__20161019114453.pdf,H
HE,LN,2013-08-20,1250.0,1000.0,-0.200000,LN_2008_to_present__20161019114453.pdf,H
HE,LN,2014-03-04,1000.0,1200.0,0.200000,LN_2008_to_present__20161019114453.pdf,H
HE,LN,2021-01-06,2850.0,2200.0,-0.228070,LN-2020-to-present__20260728071026.pdf,D
HE,LN,2021-01-14,2200.0,1800.0,-0.181818,LN-2020-to-present__20260728071026.pdf,D
HE,LN,2021-08-23,1800.0,1900.0,0.055556,LN-2020-to-present__20260728071026.pdf,D
HE,LN,2022-07-15,1900.0,1750.0,-0.078947,LN-2020-to-present__20260728071026.pdf,D
HE,LN,2023-05-25,1750.0,1550.0,-0.114286,LN-2020-to-present__20260728071026.pdf,D
HE,LN,2023-06-09,1550.0,1750.0,0.129032,LN-2020-to-present__20260728071026.pdf,D
HE,LN,2023-09-08,1750.0,1500.0,-0.142857,LN-2020-to-present__20260728071026.pdf,D
HE,LN,2025-02-07,1500.0,1600.0,0.066667,LN-2020-to-present__20260728071026.pdf,D
HE,LN,2025-02-21,1600.0,1700.0,0.062500,LN-2020-to-present__20260728071026.pdf,D
HE,LN,2025-04-08,1700.0,1850.0,0.088235,LN-2020-to-present__20260728071026.pdf,D
HE,LN,2025-08-01,1850.0,1700.0,-0.081081,LN-2020-to-present__20260728071026.pdf,D
HE,LN,2026-05-29,1700.0,1500.0,-0.117647,LN-2020-to-present__20260728071026.pdf,D
HG,HG,2009-08-21,5750.0,4500.0,-0.217391,HG_2008_to_present__20170329060838.pdf,H
HG,HG,2009-12-15,4500.0,3500.0,-0.222222,HG_2008_to_present__20170329060838.pdf,H
HG,HG,2010-04-30,3500.0,4250.0,0.214286,HG_2008_to_present__20170329060838.pdf,H
HG,HG,2010-06-07,4250.0,5000.0,0.176471,HG_2008_to_present__20170329060838.pdf,H
HG,HG,2010-09-02,5000.0,4000.0,-0.200000,HG_2008_to_present__20170329060838.pdf,H
HG,HG,2010-12-17,4000.0,4750.0,0.187500,HG_2008_to_present__20170329060838.pdf,H
HG,HG,2011-01-21,4750.0,4250.0,-0.105263,HG_2008_to_present__20170329060838.pdf,H
HG,HG,2011-09-26,4250.0,5000.0,0.176471,HG_2008_to_present__20170329060838.pdf,H
HG,HG,2011-10-04,5000.0,5750.0,0.150000,HG_2008_to_present__20170329060838.pdf,H
HG,HG,2012-02-13,5750.0,5000.0,-0.130435,HG_2008_to_present__20170329060838.pdf,H
HG,HG,2012-04-16,5000.0,4000.0,-0.200000,HG_2008_to_present__20170329060838.pdf,H
HG,HG,2012-11-20,4000.0,3500.0,-0.125000,HG_2008_to_present__20170329060838.pdf,H
HG,HG,2013-02-12,3500.0,3100.0,-0.114286,HG_2008_to_present__20170329060838.pdf,H
HG,HG,2013-05-07,3100.0,3700.0,0.193548,HG_2008_to_present__20170329060838.pdf,H
HG,HG,2013-06-04,3700.0,4000.0,0.081081,HG_2008_to_present__20170329060838.pdf,H
HG,HG,2013-09-10,4000.0,3500.0,-0.125000,HG_2008_to_present__20170329060838.pdf,H
HG,HG,2013-11-22,3500.0,3000.0,-0.142857,HG_2008_to_present__20170329060838.pdf,H
HG,HG,2014-07-14,3000.0,2700.0,-0.100000,HG_2008_to_present__20170329060838.pdf,H
HG,HG,2014-08-25,2700.0,2600.0,-0.037037,HG_2008_to_present__20170329060838.pdf,H
HG,HG,2014-12-05,2600.0,2900.0,0.115385,HG_2008_to_present__20170329060838.pdf,H
HG,HG,2015-01-16,2900.0,3400.0,0.172414,HG_2008_to_present__20170329060838.pdf,H
HG,HG,2015-04-17,3400.0,3100.0,-0.088235,HG_2008_to_present__20170329060838.pdf,H
HG,HG,2016-01-29,3100.0,2850.0,-0.080645,HG_2008_to_present__20170329060838.pdf,H
HG,HG,2016-04-08,2850.0,2600.0,-0.087719,HG_2008_to_present__20170329060838.pdf,H
HG,HG,2016-05-06,2600.0,2300.0,-0.115385,HG_2008_to_present__20170329060838.pdf,H
HG,HG,2020-08-14,2900.0,3200.0,0.103448,HG-2020-to-present__20250910115445.pdf,D
HG,HG,2020-10-02,3200.0,3600.0,0.125000,HG-2020-to-present__20250910115445.pdf,D
HG,HG,2020-10-16,3600.0,4200.0,0.166667,HG-2020-to-present__20250910115445.pdf,D
HG,HG,2021-02-02,4200.0,4600.0,0.095238,HG-2020-to-present__20250910115445.pdf,D
HG,HG,2021-02-19,4600.0,5000.0,0.086957,HG-2020-to-present__20250910115445.pdf,D
HG,HG,2021-03-05,5000.0,5500.0,0.100000,HG-2020-to-present__20250910115445.pdf,D
HG,HG,2021-04-09,5500.0,6100.0,0.109091,HG-2020-to-present__20250910115445.pdf,D
HG,HG,2021-05-14,6100.0,6600.0,0.081967,HG-2020-to-present__20250910115445.pdf,D
HG,HG,2021-07-09,6600.0,6000.0,-0.090909,HG-2020-to-present__20250910115445.pdf,D
HG,HG,2021-08-06,6000.0,6600.0,0.100000,HG-2020-to-present__20250910115445.pdf,D
HG,HG,2021-10-06,6600.0,6000.0,-0.090909,HG-2020-to-present__20250910115445.pdf,D
HG,HG,2021-12-17,6000.0,5400.0,-0.100000,HG-2020-to-present__20250910115445.pdf,D
HG,HG,2022-01-21,5400.0,5000.0,-0.074074,HG-2020-to-present__20250910115445.pdf,D
HG,HG,2022-02-17,5000.0,5500.0,0.100000,HG-2020-to-present__20250910115445.pdf,D
HG,HG,2022-03-08,5500.0,6500.0,0.181818,HG-2020-to-present__20250910115445.pdf,D
HG,HG,2022-04-20,6500.0,5500.0,-0.153846,HG-2020-to-present__20250910115445.pdf,D
HG,HG,2022-09-20,5500.0,5000.0,-0.090909,HG-2020-to-present__20250910115445.pdf,D
HG,HG,2022-11-10,5000.0,5750.0,0.150000,HG-2020-to-present__20250910115445.pdf,D
HG,HG,2023-03-17,5750.0,6100.0,0.060870,HG-2020-to-present__20250910115445.pdf,D
HG,HG,2023-04-06,6100.0,6500.0,0.065574,HG-2020-to-present__20250910115445.pdf,D
HG,HG,2023-06-23,6500.0,5500.0,-0.153846,HG-2020-to-present__20250910115445.pdf,D
HG,HG,2023-09-08,5500.0,5000.0,-0.090909,HG-2020-to-present__20250910115445.pdf,D
HG,HG,2023-10-20,5000.0,4500.0,-0.100000,HG-2020-to-present__20250910115445.pdf,D
HG,HG,2024-01-19,4500.0,4000.0,-0.111111,HG-2020-to-present__20250910115445.pdf,D
HG,HG,2024-04-25,4000.0,4500.0,0.125000,HG-2020-to-present__20250910115445.pdf,D
HG,HG,2024-05-16,4500.0,5000.0,0.111111,HG-2020-to-present__20250910115445.pdf,D
HG,HG,2024-05-20,5000.0,5250.0,0.050000,HG-2020-to-present__20250910115445.pdf,D
HG,HG,2024-05-22,5250.0,5500.0,0.047619,HG-2020-to-present__20250910115445.pdf,D
HG,HG,2024-05-24,5500.0,6100.0,0.109091,HG-2020-to-present__20250910115445.pdf,D
HG,HG,2024-07-26,6100.0,5500.0,-0.098361,HG-2020-to-present__20250910115445.pdf,D
HG,HG,2024-09-27,5500.0,6000.0,0.090909,HG-2020-to-present__20250910115445.pdf,D
HG,HG,2025-02-14,6000.0,6500.0,0.083333,HG-2020-to-present__20250910115445.pdf,D
HG,HG,2025-03-07,6500.0,7000.0,0.076923,HG-2020-to-present__20250910115445.pdf,D
HG,HG,2025-03-28,7000.0,7500.0,0.071429,HG-2020-to-present__20250910115445.pdf,D
HG,HG,2025-04-07,7500.0,9000.0,0.200000,HG-2020-to-present__20250910115445.pdf,D
HO,HO,2010-05-21,3750.0,4750.0,0.266667,HO_2008_to_present__20150906023721.pdf,H
HO,HO,2011-05-10,4750.0,6250.0,0.315789,HO_2008_to_present__20150906023721.pdf,H
HO,HO,2011-07-29,6250.0,7250.0,0.160000,HO_2008_to_present__20150906023721.pdf,H
HO,HO,2011-09-12,7250.0,6500.0,-0.103448,HO_2008_to_present__20150906023721.pdf,H
HO,HO,2011-10-26,6500.0,5800.0,-0.107692,HO_2008_to_present__20150906023721.pdf,H
HO,HO,2011-12-12,5800.0,5300.0,-0.086207,HO_2008_to_present__20150906023721.pdf,H
HO,HO,2012-04-16,5300.0,4800.0,-0.094340,HO_2008_to_present__20150906023721.pdf,H
HO,HO,2013-02-12,4800.0,4300.0,-0.104167,HO_2008_to_present__20150906023721.pdf,H
HO,HO,2013-03-19,4300.0,3900.0,-0.093023,HO_2008_to_present__20150906023721.pdf,H
HO,HO,2013-11-22,3900.0,3650.0,-0.064103,HO_2008_to_present__20150906023721.pdf,H
HO,HO,2014-04-21,3650.0,3150.0,-0.136986,HO_2008_to_present__20150906023721.pdf,H
HO,HO,2014-07-16,3150.0,3300.0,0.047619,HO_2008_to_present__20150906023721.pdf,H
HO,HO,2014-09-12,3300.0,3450.0,0.045455,HO_2008_to_present__20150906023721.pdf,H
HO,HO,2014-10-23,3450.0,3475.0,0.007246,HO_2008_to_present__20150906023721.pdf,H
HO,HO,2014-11-17,3475.0,3825.0,0.100719,HO_2008_to_present__20150906023721.pdf,H
HO,HO,2014-11-26,3825.0,3975.0,0.039216,HO_2008_to_present__20150906023721.pdf,H
HO,HO,2014-12-02,3975.0,4575.0,0.150943,HO_2008_to_present__20150906023721.pdf,H
HO,HO,2015-02-23,4575.0,5000.0,0.092896,HO_2008_to_present__20150906023721.pdf,H
HO,HO,2015-03-04,5000.0,5750.0,0.150000,HO_2014_to_present__20171129073603.zip,D
HO,HO,2015-04-10,5750.0,5200.0,-0.095652,HO_2014_to_present__20171129073603.zip,D
HO,HO,2015-05-08,5200.0,4900.0,-0.057692,HO_2014_to_present__20171129073603.zip,D
HO,HO,2015-06-19,4900.0,4600.0,-0.061224,HO_2014_to_present__20171129073603.zip,D
HO,HO,2015-07-08,4600.0,5400.0,0.173913,HO_2014_to_present__20171129073603.zip,D
HO,HO,2016-01-14,5400.0,4600.0,-0.148148,HO_2014_to_present__20171129073603.zip,D
HO,HO,2016-03-21,4600.0,4200.0,-0.086957,HO_2014_to_present__20171129073603.zip,D
HO,HO,2016-08-25,4200.0,3900.0,-0.071429,HO_2014_to_present__20171129073603.zip,D
HO,HO,2016-10-06,3900.0,3750.0,-0.038462,HO_2014_to_present__20171129073603.zip,D
HO,HO,2016-12-14,3750.0,4150.0,0.106667,HO_2014_to_present__20171129073603.zip,D
HO,HO,2017-03-09,4150.0,3350.0,-0.192771,HO_2014_to_present__20171129073603.zip,D
HO,HO,2017-05-04,3350.0,3000.0,-0.104478,HO_2014_to_present__20171129073603.zip,D
HO,HO,2017-07-11,3000.0,2800.0,-0.066667,HO_2014_to_present__20171129073603.zip,D
HO,HO,2017-09-01,2800.0,3250.0,0.160714,HO_2014_to_present__20171129073603.zip,D
HO,HO,2017-10-12,3250.0,3100.0,-0.046154,HO_2014_to_present__20171129073603.zip,D
HO,HO,2020-07-10,6050.0,5650.0,-0.066116,HO-2020-to-2023-10-19__20250910110435.pdf,D
HO,HO,2020-08-07,5650.0,5100.0,-0.097345,HO-2020-to-2023-10-19__20250910110435.pdf,D
HO,HO,2020-09-18,5100.0,4500.0,-0.117647,HO-2020-to-2023-10-19__20250910110435.pdf,D
HO,HO,2020-10-07,4500.0,4000.0,-0.111111,HO-2020-to-2023-10-19__20250910110435.pdf,D
HO,HO,2021-03-05,4000.0,4400.0,0.100000,HO-2020-to-2023-10-19__20250910110435.pdf,D
HO,HO,2021-03-22,4400.0,5125.0,0.164773,HO-2020-to-2023-10-19__20250910110435.pdf,D
HO,HO,2021-07-21,5125.0,5550.0,0.082927,HO-2020-to-2023-10-19__20250910110435.pdf,D
HO,HO,2021-11-19,5550.0,5150.0,-0.072072,HO-2020-to-2023-10-19__20250910110435.pdf,D
HO,HO,2021-11-30,5150.0,5950.0,0.155340,HO-2020-to-2023-10-19__20250910110435.pdf,D
HO,HO,2022-01-20,5950.0,6250.0,0.050420,HO-2020-to-2023-10-19__20250910110435.pdf,D
HO,HO,2022-01-31,6250.0,6550.0,0.048000,HO-2020-to-2023-10-19__20250910110435.pdf,D
HO,HO,2022-02-07,6550.0,7000.0,0.068702,HO-2020-to-2023-10-19__20250910110435.pdf,D
HO,HO,2022-02-23,7000.0,7700.0,0.100000,HO-2020-to-2023-10-19__20250910110435.pdf,D
HO,HO,2022-03-02,7700.0,9000.0,0.168831,HO-2020-to-2023-10-19__20250910110435.pdf,D
HO,HO,2022-03-04,9000.0,11250.0,0.250000,HO-2020-to-2023-10-19__20250910110435.pdf,D
HO,HO,2022-03-07,11250.0,13000.0,0.155556,HO-2020-to-2023-10-19__20250910110435.pdf,D
HO,HO,2022-03-09,13000.0,15500.0,0.192308,HO-2020-to-2023-10-19__20250910110435.pdf,D
HO,HO,2022-03-11,15500.0,17000.0,0.096774,HO-2020-to-2023-10-19__20250910110435.pdf,D
HO,HO,2022-04-12,17000.0,15750.0,-0.073529,HO-2020-to-2023-10-19__20250910110435.pdf,D
HO,HO,2022-06-02,15750.0,14000.0,-0.111111,HO-2020-to-2023-10-19__20250910110435.pdf,D
HO,HO,2022-08-12,14000.0,13000.0,-0.071429,HO-2020-to-2023-10-19__20250910110435.pdf,D
HO,HO,2022-09-23,13000.0,12250.0,-0.057692,HO-2020-to-2023-10-19__20250910110435.pdf,D
HO,HO,2022-11-04,12250.0,12900.0,0.053061,HO-2020-to-2023-10-19__20250910110435.pdf,D
HO,HO,2022-12-07,12900.0,11500.0,-0.108527,HO-2020-to-2023-10-19__20250910110435.pdf,D
HO,HO,2023-03-03,11500.0,9000.0,-0.217391,HO-2020-to-2023-10-19__20250910110435.pdf,D
HO,HO,2023-03-24,9000.0,7900.0,-0.122222,HO-2020-to-2023-10-19__20250910110435.pdf,D
HO,HO,2023-05-19,7900.0,7400.0,-0.063291,HO-2020-to-2023-10-19__20250910110435.pdf,D
HO,HO,2023-08-11,7400.0,7800.0,0.054054,HO-2020-to-2023-10-19__20250910110435.pdf,D
HO,HO,2023-09-29,7800.0,8600.0,0.102564,HO-2020-to-2023-10-19__20250910110435.pdf,D
LE,48,2008-10-06,800.0,1100.0,0.375000,48_2008_to_present__20150528092554.pdf,H
LE,48,2008-10-08,1100.0,1200.0,0.090909,48_2008_to_present__20150528092554.pdf,H
LE,48,2009-05-06,1200.0,1050.0,-0.125000,48_2008_to_present__20150528092554.pdf,H
LE,48,2009-06-05,1050.0,800.0,-0.238095,48_2008_to_present__20150528092554.pdf,H
LE,48,2010-07-02,800.0,700.0,-0.125000,48_2008_to_present__20150528092554.pdf,H
LE,48,2010-09-30,700.0,850.0,0.214286,48_2008_to_present__20150528092554.pdf,H
LE,48,2010-10-11,850.0,1000.0,0.176471,48_2008_to_present__20150528092554.pdf,H
LE,48,2011-03-25,1000.0,1200.0,0.200000,48_2008_to_present__20150528092554.pdf,H
LE,48,2012-11-20,1200.0,1000.0,-0.166667,48_2008_to_present__20150528092554.pdf,H
LE,48,2013-08-20,1000.0,750.0,-0.250000,48_2008_to_present__20150528092554.pdf,H
LE,48,2014-02-28,750.0,850.0,0.133333,48_2008_to_present__20150528092554.pdf,H
LE,48,2014-06-13,850.0,1200.0,0.411765,48_2008_to_present__20150528092554.pdf,H
LE,48,2014-09-05,1200.0,2000.0,0.666667,48_2008_to_present__20150528092554.pdf,H
LE,48,2014-10-06,2000.0,1200.0,-0.400000,48_2008_to_present__20150528092554.pdf,H
LE,48,2020-08-28,2500.0,2000.0,-0.200000,48-2020-to-present__20250910113148.pdf,D
LE,48,2020-09-01,2000.0,1800.0,-0.100000,48-2020-to-present__20250910113148.pdf,D
LE,48,2021-01-22,1800.0,1600.0,-0.111111,48-2020-to-present__20250910113148.pdf,D
LE,48,2021-12-14,1600.0,1400.0,-0.125000,48-2020-to-present__20250910113148.pdf,D
LE,48,2022-06-03,1400.0,1600.0,0.142857,48-2020-to-present__20250910113148.pdf,D
LE,48,2023-06-09,1600.0,1850.0,0.156250,48-2020-to-present__20250910113148.pdf,D
LE,48,2023-10-27,1850.0,2125.0,0.148649,48-2020-to-present__20250910113148.pdf,D
LE,48,2023-11-10,2125.0,2450.0,0.152941,48-2020-to-present__20250910113148.pdf,D
LE,48,2024-10-25,2450.0,2200.0,-0.102041,48-2020-to-present__20250910113148.pdf,D
LE,48,2025-04-01,2200.0,2400.0,0.090909,48-2020-to-present__20250910113148.pdf,D
LE,48,2025-04-04,2400.0,2500.0,0.041667,48-2020-to-present__20250910113148.pdf,D
LE,48,2025-04-08,2500.0,2750.0,0.100000,48-2020-to-present__20250910113148.pdf,D
NG,NG,2010-07-23,4500.0,4000.0,-0.111111,NG_2008_to_present__20150906023255.pdf,H
NG,NG,2011-01-14,4000.0,3500.0,-0.125000,NG_2008_to_present__20150906023255.pdf,H
NG,NG,2011-04-08,3500.0,3000.0,-0.142857,NG_2008_to_present__20150906023255.pdf,H
NG,NG,2011-07-25,3000.0,2750.0,-0.083333,NG_2008_to_present__20150906023255.pdf,H
NG,NG,2011-10-10,2750.0,2500.0,-0.090909,NG_2008_to_present__20150906023255.pdf,H
NG,NG,2012-01-17,2500.0,2100.0,-0.160000,NG_2008_to_present__20150906023255.pdf,H
NG,NG,2012-07-09,2100.0,2300.0,0.095238,NG_2008_to_present__20150906023255.pdf,H
NG,NG,2012-08-07,2300.0,2500.0,0.086957,NG_2008_to_present__20150906023255.pdf,H
NG,NG,2012-11-20,2500.0,2250.0,-0.100000,NG_2008_to_present__20150906023255.pdf,H
NG,NG,2013-01-29,2250.0,2100.0,-0.066667,NG_2008_to_present__20150906023255.pdf,H
NG,NG,2013-05-07,2100.0,2350.0,0.119048,NG_2008_to_present__20150906023255.pdf,H
NG,NG,2013-09-03,2500.0,2100.0,-0.160000,NG_2008_to_present__20150906023255.pdf,H
NG,NG,2014-01-03,2100.0,2300.0,0.095238,NG_2008_to_present__20150906023255.pdf,H
NG,NG,2014-01-24,2300.0,2500.0,0.086957,NG_2008_to_present__20150906023255.pdf,H
NG,NG,2014-01-27,2350.0,3000.0,0.276596,NG_2008_to_present__20150906023255.pdf,H
NG,NG,2014-01-29,3000.0,3600.0,0.200000,NG_2008_to_present__20150906023255.pdf,H
NG,NG,2014-01-31,3600.0,4550.0,0.263889,NG_2008_to_present__20150906023255.pdf,H
NG,NG,2014-02-05,4550.0,5000.0,0.098901,NG_2008_to_present__20150906023255.pdf,H
NG,NG,2014-02-20,5000.0,5500.0,0.100000,NG_2008_to_present__20150906023255.pdf,H
NG,NG,2014-02-28,5500.0,4750.0,-0.136364,NG_2008_to_present__20150906023255.pdf,H
NG,NG,2014-03-07,4750.0,4000.0,-0.157895,NG_2008_to_present__20150906023255.pdf,H
NG,NG,2014-03-14,4000.0,3000.0,-0.250000,NG_2008_to_present__20150906023255.pdf,H
NG,NG,2014-04-21,3000.0,2850.0,-0.050000,NG_2008_to_present__20150906023255.pdf,H
NG,NG,2014-05-30,2850.0,2550.0,-0.105263,NG_2008_to_present__20150906023255.pdf,H
NG,NG,2014-06-13,2550.0,2800.0,0.098039,NG_2008_to_present__20150906023255.pdf,H
NG,NG,2014-09-26,2800.0,2710.0,-0.032143,NG_2008_to_present__20150906023255.pdf,H
NG,NG,2014-11-07,2710.0,3100.0,0.143911,NG_2008_to_present__20150906023255.pdf,H
NG,NG,2014-11-18,3100.0,3650.0,0.177419,NG_2008_to_present__20150906023255.pdf,H
NG,NG,2014-12-02,3650.0,4050.0,0.109589,NG_2008_to_present__20150906023255.pdf,H
NG,NG,2015-01-30,4050.0,3850.0,-0.049383,NG_2008_to_present__20150906023255.pdf,H
NG,NG,2015-02-19,3850.0,3200.0,-0.168831,NG_2008_to_present__20150906023255.pdf,H
NG,NG,2015-03-20,3200.0,2500.0,-0.218750,NG_2014_to_present__20171129074606.zip,D
NG,NG,2015-04-02,2500.0,2000.0,-0.200000,NG_2014_to_present__20171129074606.zip,D
NG,NG,2015-10-28,2000.0,2250.0,0.125000,NG_2014_to_present__20171129074606.zip,D
NG,NG,2016-02-09,2250.0,1900.0,-0.155556,NG_2014_to_present__20171129074606.zip,D
NG,NG,2016-03-03,1900.0,1800.0,-0.052632,NG_2014_to_present__20171129074606.zip,D
NG,NG,2016-04-01,1800.0,1650.0,-0.083333,NG_2014_to_present__20171129074606.zip,D
NG,NG,2016-06-30,1650.0,1800.0,0.090909,NG_2014_to_present__20171129074606.zip,D
NG,NG,2016-07-08,1800.0,2050.0,0.138889,NG_2014_to_present__20171129074606.zip,D
NG,NG,2016-08-01,2050.0,2200.0,0.073171,NG_2014_to_present__20171129074606.zip,D
NG,NG,2016-08-31,2200.0,2350.0,0.068182,NG_2014_to_present__20171129074606.zip,D
NG,NG,2016-12-06,2350.0,2550.0,0.085106,NG_2014_to_present__20171129074606.zip,D
NG,NG,2016-12-14,2550.0,2850.0,0.117647,NG_2014_to_present__20171129074606.zip,D
NG,NG,2016-12-23,2850.0,3100.0,0.087719,NG_2014_to_present__20171129074606.zip,D
NG,NG,2017-02-24,3100.0,2600.0,-0.161290,NG_2014_to_present__20171129074606.zip,D
NG,NG,2017-03-01,2600.0,2200.0,-0.153846,NG_2014_to_present__20171129074606.zip,D
NG,NG,2017-04-07,2200.0,2000.0,-0.090909,NG_2014_to_present__20171129074606.zip,D
NG,NG,2017-05-01,2000.0,1900.0,-0.050000,NG_2014_to_present__20171129074606.zip,D
NG,NG,2017-07-11,1900.0,1750.0,-0.078947,NG_2014_to_present__20171129074606.zip,D
NG,NG,2017-07-31,1750.0,1600.0,-0.085714,NG_2014_to_present__20171129074606.zip,D
NG,NG,2017-08-31,1600.0,1800.0,0.125000,NG_2014_to_present__20171129074606.zip,D
NG,NG,2017-11-02,1800.0,1900.0,0.055556,NG_2014_to_present__20171129074606.zip,D
NG,NG,2020-08-04,2000.0,2300.0,0.150000,NG-2020-to-2023-10-19__20250910115723.pdf,D
NG,NG,2020-09-11,2300.0,2550.0,0.108696,NG-2020-to-2023-10-19__20250910115723.pdf,D
NG,NG,2020-09-22,2550.0,2800.0,0.098039,NG-2020-to-2023-10-19__20250910115723.pdf,D
NG,NG,2020-09-24,2800.0,3000.0,0.071429,NG-2020-to-2023-10-19__20250910115723.pdf,D
NG,NG,2020-10-02,3000.0,3150.0,0.050000,NG-2020-to-2023-10-19__20250910115723.pdf,D
NG,NG,2021-01-29,3150.0,2900.0,-0.079365,NG-2020-to-2023-10-19__20250910115723.pdf,D
NG,NG,2021-02-02,2900.0,3150.0,0.086207,NG-2020-to-2023-10-19__20250910115723.pdf,D
NG,NG,2021-02-24,3150.0,2300.0,-0.269841,NG-2020-to-2023-10-19__20250910115723.pdf,D
NG,NG,2021-03-22,2300.0,2000.0,-0.130435,NG-2020-to-2023-10-19__20250910115723.pdf,D
NG,NG,2021-05-18,2000.0,2050.0,0.025000,NG-2020-to-2023-10-19__20250910115723.pdf,D
NG,NG,2021-06-30,2050.0,2250.0,0.097561,NG-2020-to-2023-10-19__20250910115723.pdf,D
NG,NG,2021-07-23,2250.0,2475.0,0.100000,NG-2020-to-2023-10-19__20250910115723.pdf,D
NG,NG,2021-08-06,2475.0,2700.0,0.090909,NG-2020-to-2023-10-19__20250910115723.pdf,D
NG,NG,2021-08-31,2700.0,3150.0,0.166667,NG-2020-to-2023-10-19__20250910115723.pdf,D
NG,NG,2021-09-02,3150.0,3500.0,0.111111,NG-2020-to-2023-10-19__20250910115723.pdf,D
NG,NG,2021-09-10,3500.0,4100.0,0.171429,NG-2020-to-2023-10-19__20250910115723.pdf,D
NG,NG,2021-09-14,4100.0,4300.0,0.048780,NG-2020-to-2023-10-19__20250910115723.pdf,D
NG,NG,2021-09-17,4300.0,4800.0,0.116279,NG-2020-to-2023-10-19__20250910115723.pdf,D
NG,NG,2021-09-29,4800.0,5300.0,0.104167,NG-2020-to-2023-10-19__20250910115723.pdf,D
NG,NG,2021-10-01,5300.0,5800.0,0.094340,NG-2020-to-2023-10-19__20250910115723.pdf,D
NG,NG,2021-10-06,5800.0,6400.0,0.103448,NG-2020-to-2023-10-19__20250910115723.pdf,D
NG,NG,2021-10-29,6400.0,7000.0,0.093750,NG-2020-to-2023-10-19__20250910115723.pdf,D
NG,NG,2021-12-10,7000.0,6300.0,-0.100000,NG-2020-to-2023-10-19__20250910115723.pdf,D
NG,NG,2021-12-17,6300.0,5300.0,-0.158730,NG-2020-to-2023-10-19__20250910115723.pdf,D
NG,NG,2021-12-29,5300.0,5000.0,-0.056604,NG-2020-to-2023-10-19__20250910115723.pdf,D
NG,NG,2022-01-05,5000.0,4500.0,-0.100000,NG-2020-to-2023-10-19__20250910115723.pdf,D
NG,NG,2022-01-13,4500.0,5000.0,0.111111,NG-2020-to-2023-10-19__20250910115723.pdf,D
NG,NG,2022-01-18,5000.0,5500.0,0.100000,NG-2020-to-2023-10-19__20250910115723.pdf,D
NG,NG,2022-01-27,5500.0,4750.0,-0.136364,NG-2020-to-2023-10-19__20250910115723.pdf,D
NG,NG,2022-01-31,4750.0,5500.0,0.157895,NG-2020-to-2023-10-19__20250910115723.pdf,D
NG,NG,2022-02-03,5500.0,6600.0,0.200000,NG-2020-to-2023-10-19__20250910115723.pdf,D
NG,NG,2022-02-07,6600.0,7500.0,0.136364,NG-2020-to-2023-10-19__20250910115723.pdf,D
NG,NG,2022-02-24,7500.0,4950.0,-0.340000,NG-2020-to-2023-10-19__20250910115723.pdf,D
NG,NG,2022-03-29,4950.0,4300.0,-0.131313,NG-2020-to-2023-10-19__20250910115723.pdf,D
NG,NG,2022-04-07,4300.0,4850.0,0.127907,NG-2020-to-2023-10-19__20250910115723.pdf,D
NG,NG,2022-04-12,4850.0,5150.0,0.061856,NG-2020-to-2023-10-19__20250910115723.pdf,D
NG,NG,2022-04-18,5150.0,5700.0,0.106796,NG-2020-to-2023-10-19__20250910115723.pdf,D
NG,NG,2022-04-20,5700.0,6400.0,0.122807,NG-2020-to-2023-10-19__20250910115723.pdf,D
NG,NG,2022-04-22,6400.0,7000.0,0.093750,NG-2020-to-2023-10-19__20250910115723.pdf,D
NG,NG,2022-05-04,7000.0,7700.0,0.100000,NG-2020-to-2023-10-19__20250910115723.pdf,D
NG,NG,2022-05-06,7700.0,8500.0,0.103896,NG-2020-to-2023-10-19__20250910115723.pdf,D
NG,NG,2022-05-13,8500.0,9400.0,0.105882,NG-2020-to-2023-10-19__20250910115723.pdf,D
NG,NG,2022-06-24,9400.0,8300.0,-0.117021,NG-2020-to-2023-10-19__20250910115723.pdf,D
NG,NG,2022-06-30,8300.0,7700.0,-0.072289,NG-2020-to-2023-10-19__20250910115723.pdf,D
NG,NG,2022-07-08,7700.0,8500.0,0.103896,NG-2020-to-2023-10-19__20250910115723.pdf,D
NG,NG,2022-07-14,8500.0,9350.0,0.100000,NG-2020-to-2023-10-19__20250910115723.pdf,D
NG,NG,2022-07-19,9350.0,10300.0,0.101604,NG-2020-to-2023-10-19__20250910115723.pdf,D
NG,NG,2022-07-22,10300.0,11300.0,0.097087,NG-2020-to-2023-10-19__20250910115723.pdf,D
NG,NG,2022-08-19,11300.0,12400.0,0.097345,NG-2020-to-2023-10-19__20250910115723.pdf,D
NG,NG,2022-10-05,12400.0,10500.0,-0.153226,NG-2020-to-2023-10-19__20250910115723.pdf,D
NG,NG,2022-10-25,10500.0,9000.0,-0.142857,NG-2020-to-2023-10-19__20250910115723.pdf,D
NG,NG,2023-01-04,9000.0,7000.0,-0.222222,NG-2020-to-2023-10-19__20250910115723.pdf,D
NG,NG,2023-01-20,7000.0,6000.0,-0.142857,NG-2020-to-2023-10-19__20250910115723.pdf,D
NG,NG,2023-01-27,6000.0,5000.0,-0.166667,NG-2020-to-2023-10-19__20250910115723.pdf,D
NG,NG,2023-02-10,5000.0,4500.0,-0.100000,NG-2020-to-2023-10-19__20250910115723.pdf,D
NG,NG,2023-02-24,4500.0,4000.0,-0.111111,NG-2020-to-2023-10-19__20250910115723.pdf,D
NG,NG,2023-08-04,4000.0,4500.0,0.125000,NG-2020-to-2023-10-19__20250910115723.pdf,D
NG,NG,2023-08-09,4500.0,5000.0,0.111111,NG-2020-to-2023-10-19__20250910115723.pdf,D
NG,NG,2023-08-18,5000.0,5500.0,0.100000,NG-2020-to-2023-10-19__20250910115723.pdf,D
NKD,NK,2008-10-01,4000.0,4500.0,0.125000,NK_2008_to_present__20150528092114.pdf,H
NKD,NK,2008-10-17,4500.0,5000.0,0.111111,NK_2008_to_present__20150528092114.pdf,H
NKD,NK,2011-06-02,5000.0,4250.0,-0.150000,NK_2008_to_present__20150528092114.pdf,H
NKD,NK,2012-03-26,4250.0,3000.0,-0.294118,NK_2008_to_present__20150528092114.pdf,H
NKD,NK,2012-06-20,3000.0,2750.0,-0.083333,NK_2008_to_present__20150528092114.pdf,H
NKD,NK,2012-06-29,2750.0,2250.0,-0.181818,NK_2008_to_present__20150528092114.pdf,H
NKD,NK,2012-11-20,2250.0,2000.0,-0.111111,NK_2008_to_present__20150528092114.pdf,H
NKD,NK,2013-01-15,2000.0,1600.0,-0.200000,NK_2008_to_present__20150528092114.pdf,H
NKD,NK,2013-04-05,1600.0,2000.0,0.250000,NK_2008_to_present__20150528092114.pdf,H
NKD,NK,2013-05-21,2000.0,2250.0,0.125000,NK_2008_to_present__20150528092114.pdf,H
NKD,NK,2013-05-24,2250.0,3000.0,0.333333,NK_2008_to_present__20150528092114.pdf,H
NKD,NK,2013-06-04,3000.0,3500.0,0.166667,NK_2008_to_present__20150528092114.pdf,H
NKD,NK,2013-06-07,3500.0,4250.0,0.214286,NK_2008_to_present__20150528092114.pdf,H
NKD,NK,2013-06-27,4250.0,5250.0,0.235294,NK_2008_to_present__20150528092114.pdf,H
NKD,NK,2013-08-02,5250.0,4200.0,-0.200000,NK_2008_to_present__20150528092114.pdf,H
NKD,NK,2013-12-18,4200.0,3800.0,-0.095238,NK_2008_to_present__20150528092114.pdf,H
NKD,NK,2014-02-19,3800.0,3500.0,-0.078947,NK_2008_to_present__20150528092114.pdf,H
NKD,NK,2014-02-28,3500.0,3900.0,0.114286,NK_2008_to_present__20150528092114.pdf,H
NKD,NK,2014-03-21,3900.0,3500.0,-0.102564,NK_2008_to_present__20150528092114.pdf,H
NKD,NK,2014-08-01,3500.0,2500.0,-0.285714,NK_2008_to_present__20150528092114.pdf,H
NKD,NK,2014-10-27,2500.0,2900.0,0.160000,NK_2008_to_present__20150528092114.pdf,H
NKD,NK,2014-10-31,2900.0,3300.0,0.137931,NK_2008_to_present__20150528092114.pdf,H
NKD,NK,2014-11-04,3300.0,3750.0,0.136364,NK_2008_to_present__20150528092114.pdf,H
NKD,NK,2014-11-07,3750.0,4000.0,0.066667,NK_2008_to_present__20150528092114.pdf,H
NKD,NK,2014-11-14,4000.0,4260.0,0.065000,NK_2008_to_present__20150528092114.pdf,H
NKD,NK,2014-11-25,4260.0,4000.0,-0.061033,NK_2008_to_present__20150528092114.pdf,H
NKD,NK,2015-01-09,4000.0,3600.0,-0.100000,NK_2008_to_present__20150528092114.pdf,H
NKD,NK,2020-08-28,8000.0,7500.0,-0.062500,NK-2020-to-2024-10-17__20260823084623.pdf,D
NKD,NK,2021-02-19,7500.0,8000.0,0.066667,NK-2020-to-2024-10-17__20260823084623.pdf,D
NKD,NK,2022-01-07,8000.0,7250.0,-0.093750,NK-2020-to-2024-10-17__20260823084623.pdf,D
NKD,NK,2022-01-21,7250.0,6500.0,-0.103448,NK-2020-to-2024-10-17__20260823084623.pdf,D
NKD,NK,2022-03-18,6500.0,7000.0,0.076923,NK-2020-to-2024-10-17__20260823084623.pdf,D
NKD,NK,2023-04-28,7000.0,6200.0,-0.114286,NK-2020-to-2024-10-17__20260823084623.pdf,D
NKD,NK,2023-12-01,6200.0,7200.0,0.161290,NK-2020-to-2024-10-17__20260823084623.pdf,D
NKD,NK,2024-02-16,7200.0,8000.0,0.111111,NK-2020-to-2024-10-17__20260823084623.pdf,D
NKD,NK,2024-03-05,8000.0,8500.0,0.062500,NK-2020-to-2024-10-17__20260823084623.pdf,D
NKD,NK,2024-07-12,8500.0,9000.0,0.058824,NK-2020-to-2024-10-17__20260823084623.pdf,D
NKD,NK,2024-08-05,9000.0,9900.0,0.100000,NK-2020-to-2024-10-17__20260823084623.pdf,D
NKD,NK,2024-08-09,9900.0,12000.0,0.212121,NK-2020-to-2024-10-17__20260823084623.pdf,D
NQ,ND,2008-04-22,13000.0,11000.0,-0.153846,ND_2008_to_present__20150528092058.pdf,H
NQ,ND,2008-10-01,11000.0,13000.0,0.181818,ND_2008_to_present__20150528092058.pdf,H
NQ,ND,2008-10-17,13000.0,15000.0,0.153846,ND_2008_to_present__20150528092058.pdf,H
NQ,ND,2008-10-30,15000.0,16000.0,0.066667,ND_2008_to_present__20150528092058.pdf,H
NQ,ND,2009-03-20,16000.0,14000.0,-0.125000,ND_2008_to_present__20150528092058.pdf,H
NQ,ND,2012-03-26,14000.0,10000.0,-0.285714,ND_2008_to_present__20150528092058.pdf,H
NQ,ND,2013-05-21,10000.0,11000.0,0.100000,ND_2008_to_present__20150528092058.pdf,H
NQ,ND,2013-10-03,11000.0,12000.0,0.090909,ND_2008_to_present__20150528092058.pdf,H
NQ,ND,2013-10-15,12000.0,14000.0,0.166667,ND_2008_to_present__20150528092058.pdf,H
NQ,ND,2014-01-29,14000.0,14750.0,0.053571,ND_2008_to_present__20150528092058.pdf,H
NQ,ND,2014-07-25,14750.0,16500.0,0.118644,ND_2008_to_present__20150528092058.pdf,H
NQ,ND,2014-10-31,16500.0,18000.0,0.090909,ND_2008_to_present__20150528092058.pdf,H
NQ,ND,2015-08-25,3600.0,4000.0,0.111111,ND_2014_to_present__20171129074847.zip,D
NQ,ND,2015-10-30,4000.0,4400.0,0.100000,ND_2014_to_present__20171129074847.zip,D
NQ,ND,2016-01-27,4400.0,4800.0,0.090909,ND_2014_to_present__20171129074847.zip,D
NQ,ND,2016-04-08,4800.0,4400.0,-0.083333,ND_2014_to_present__20171129074847.zip,D
NQ,ND,2016-05-06,4400.0,4000.0,-0.090909,ND_2014_to_present__20171129074847.zip,D
NQ,ND,2016-05-26,4000.0,3600.0,-0.100000,ND_2014_to_present__20171129074847.zip,D
NQ,ND,2016-11-03,3600.0,4000.0,0.111111,ND_2014_to_present__20171129074847.zip,D
NQ,ND,2016-12-16,4000.0,3600.0,-0.100000,ND_2014_to_present__20171129074847.zip,D
NQ,ND,2017-02-10,3600.0,3900.0,0.083333,ND_2014_to_present__20171129074847.zip,D
NQ,ND,2017-09-11,3900.0,4500.0,0.153846,ND_2014_to_present__20171129074847.zip,D
NQ,ND,2020-08-07,15000.0,16000.0,0.066667,ND-2020-to-2024-10-17__20260823084623.pdf,D
NQ,ND,2020-11-13,16000.0,17000.0,0.062500,ND-2020-to-2024-10-17__20260823084623.pdf,D
NQ,ND,2020-12-11,17000.0,16000.0,-0.058824,ND-2020-to-2024-10-17__20260823084623.pdf,D
NQ,ND,2021-08-18,16000.0,17000.0,0.062500,ND-2020-to-2024-10-17__20260823084623.pdf,D
NQ,ND,2022-01-07,17000.0,16000.0,-0.058824,ND-2020-to-2024-10-17__20260823084623.pdf,D
NQ,ND,2022-01-21,16000.0,15000.0,-0.062500,ND-2020-to-2024-10-17__20260823084623.pdf,D
NQ,ND,2022-03-02,15000.0,16000.0,0.066667,ND-2020-to-2024-10-17__20260823084623.pdf,D
NQ,ND,2022-03-18,16000.0,17000.0,0.062500,ND-2020-to-2024-10-17__20260823084623.pdf,D
NQ,ND,2022-04-20,17000.0,15500.0,-0.088235,ND-2020-to-2024-10-17__20260823084623.pdf,D
NQ,ND,2022-06-10,15500.0,15000.0,-0.032258,ND-2020-to-2024-10-17__20260823084623.pdf,D
NQ,ND,2022-11-16,15000.0,15800.0,0.053333,ND-2020-to-2024-10-17__20260823084623.pdf,D
NQ,ND,2023-03-17,15800.0,16800.0,0.063291,ND-2020-to-2024-10-17__20260823084623.pdf,D
NQ,ND,2023-12-20,16800.0,17700.0,0.053571,ND-2020-to-2024-10-17__20260823084623.pdf,D
NQ,ND,2024-07-02,17700.0,18700.0,0.056497,ND-2020-to-2024-10-17__20260823084623.pdf,D
NQ,ND,2024-07-19,18700.0,19800.0,0.058824,ND-2020-to-2024-10-17__20260823084623.pdf,D
NQ,ND,2024-08-05,19800.0,21000.0,0.060606,ND-2020-to-2024-10-17__20260823084623.pdf,D
NQ,ND,2024-09-20,21000.0,22200.0,0.057143,ND-2020-to-2024-10-17__20260823084623.pdf,D
PL,PL,2009-04-15,2750.0,6000.0,1.181818,PL_2008_to_present__20150528073428.pdf,H
PL,PL,2009-06-26,6000.0,4500.0,-0.250000,PL_2008_to_present__20150528073428.pdf,H
PL,PL,2009-06-29,4500.0,1000.0,-0.777778,PL_2008_to_present__20150528073428.pdf,H
PL,PL,2010-04-30,1000.0,3500.0,2.500000,PL_2008_to_present__20150528073428.pdf,H
PL,PL,2010-06-07,3500.0,5000.0,0.428571,PL_2008_to_present__20150528073428.pdf,H
PL,PL,2010-09-02,5000.0,3750.0,-0.250000,PL_2008_to_present__20150528073428.pdf,H
PL,PL,2010-11-16,3750.0,4500.0,0.200000,PL_2008_to_present__20150528073428.pdf,H
PL,PL,2011-05-31,4500.0,3500.0,-0.222222,PL_2008_to_present__20150528073428.pdf,H
PL,PL,2011-10-04,3500.0,4500.0,0.285714,PL_2008_to_present__20150528073428.pdf,H
PL,PL,2012-02-13,4500.0,3500.0,-0.222222,PL_2008_to_present__20150528073428.pdf,H
PL,PL,2012-08-06,3500.0,3000.0,-0.142857,PL_2008_to_present__20150528073428.pdf,H
PL,PL,2012-09-10,3000.0,2700.0,-0.100000,PL_2008_to_present__20150528073428.pdf,H
PL,PL,2013-02-12,2700.0,2350.0,-0.129630,PL_2008_to_present__20150528073428.pdf,H
PL,PL,2013-04-16,2350.0,2800.0,0.191489,PL_2008_to_present__20150528073428.pdf,H
PL,PL,2013-06-21,2800.0,3150.0,0.125000,PL_2008_to_present__20150528073428.pdf,H
PL,PL,2014-02-28,3150.0,2750.0,-0.126984,PL_2008_to_present__20150528073428.pdf,H
PL,PL,2014-04-04,2750.0,2500.0,-0.090909,PL_2008_to_present__20150528073428.pdf,H
PL,PL,2014-08-22,2500.0,2100.0,-0.160000,PL_2008_to_present__20150528073428.pdf,H
PL,PL,2014-10-10,2100.0,1800.0,-0.142857,PL_2008_to_present__20150528073428.pdf,H
PL,PL,2014-12-05,1800.0,2000.0,0.111111,PL_2008_to_present__20150528073428.pdf,H
PL,PL,2015-01-30,2000.0,2200.0,0.100000,PL_2008_to_present__20150528073428.pdf,H
PL,PL,2020-11-13,4000.0,3500.0,-0.125000,PL-2020-to-present__20250910114924.pdf,D
PL,PL,2020-12-04,3500.0,3300.0,-0.057143,PL-2020-to-present__20250910114924.pdf,D
PL,PL,2021-01-29,3300.0,3600.0,0.090909,PL-2020-to-present__20250910114924.pdf,D
PL,PL,2021-02-02,3600.0,4000.0,0.111111,PL-2020-to-present__20250910114924.pdf,D
PL,PL,2021-02-11,4000.0,4400.0,0.100000,PL-2020-to-present__20250910114924.pdf,D
PL,PL,2021-05-07,4400.0,4000.0,-0.090909,PL-2020-to-present__20250910114924.pdf,D
PL,PL,2021-06-18,4000.0,4600.0,0.150000,PL-2020-to-present__20250910114924.pdf,D
PL,PL,2021-08-18,4600.0,4200.0,-0.086957,PL-2020-to-present__20250910114924.pdf,D
PL,PL,2021-09-24,4200.0,3600.0,-0.142857,PL-2020-to-present__20250910114924.pdf,D
PL,PL,2021-12-17,3600.0,3250.0,-0.097222,PL-2020-to-present__20250910114924.pdf,D
PL,PL,2022-03-11,3250.0,3750.0,0.153846,PL-2020-to-present__20250910114924.pdf,D
PL,PL,2022-03-16,3750.0,4000.0,0.066667,PL-2020-to-present__20250910114924.pdf,D
PL,PL,2022-04-20,4000.0,3400.0,-0.150000,PL-2020-to-present__20250910114924.pdf,D
PL,PL,2022-07-08,3400.0,2800.0,-0.176471,PL-2020-to-present__20250910114924.pdf,D
PL,PL,2023-01-06,2800.0,3200.0,0.142857,PL-2020-to-present__20250910114924.pdf,D
PL,PL,2023-03-14,3200.0,3700.0,0.156250,PL-2020-to-present__20250910114924.pdf,D
PL,PL,2023-06-23,3700.0,3200.0,-0.135135,PL-2020-to-present__20250910114924.pdf,D
PL,PL,2023-07-14,3200.0,2800.0,-0.125000,PL-2020-to-present__20250910114924.pdf,D
PL,PL,2023-09-08,2800.0,2500.0,-0.107143,PL-2020-to-present__20250910114924.pdf,D
PL,PL,2023-12-15,2500.0,2800.0,0.120000,PL-2020-to-present__20250910114924.pdf,D
PL,PL,2024-02-16,2800.0,2500.0,-0.107143,PL-2020-to-present__20250910114924.pdf,D
PL,PL,2024-06-28,2500.0,2800.0,0.120000,PL-2020-to-present__20250910114924.pdf,D
PL,PL,2025-02-07,2800.0,3000.0,0.071429,PL-2020-to-present__20250910114924.pdf,D
PL,PL,2025-04-07,3000.0,3500.0,0.166667,PL-2020-to-present__20250910114924.pdf,D
PL,PL,2025-06-13,3500.0,4000.0,0.142857,PL-2020-to-present__20250910114924.pdf,D
RB,RB,2010-05-21,4500.0,4750.0,0.055556,RB_2008_to_present__20150906024125.pdf,H
RB,RB,2010-08-13,4750.0,4000.0,-0.157895,RB_2008_to_present__20150906024125.pdf,H
RB,RB,2011-03-04,4000.0,5000.0,0.250000,RB_2008_to_present__20150906024125.pdf,H
RB,RB,2011-03-25,5000.0,5750.0,0.150000,RB_2008_to_present__20150906024125.pdf,H
RB,RB,2011-05-10,5750.0,7000.0,0.217391,RB_2008_to_present__20150906024125.pdf,H
RB,RB,2011-05-12,7000.0,8500.0,0.214286,RB_2008_to_present__20150906024125.pdf,H
RB,RB,2011-09-12,8500.0,7750.0,-0.088235,RB_2008_to_present__20150906024125.pdf,H
RB,RB,2011-10-10,7750.0,6750.0,-0.129032,RB_2008_to_present__20150906024125.pdf,H
RB,RB,2011-11-18,6750.0,6000.0,-0.111111,RB_2008_to_present__20150906024125.pdf,H
RB,RB,2012-05-29,6000.0,5500.0,-0.083333,RB_2008_to_present__20150906024125.pdf,H
RB,RB,2013-02-12,5500.0,5000.0,-0.090909,RB_2008_to_present__20150906024125.pdf,H
RB,RB,2013-10-15,5000.0,4500.0,-0.100000,RB_2008_to_present__20150906024125.pdf,H
RB,RB,2013-11-22,4500.0,4250.0,-0.055556,RB_2008_to_present__20150906024125.pdf,H
RB,RB,2014-03-14,4250.0,4000.0,-0.058824,RB_2008_to_present__20150906024125.pdf,H
RB,RB,2014-04-21,4000.0,3500.0,-0.125000,RB_2008_to_present__20150906024125.pdf,H
RB,RB,2014-10-03,3500.0,3700.0,0.057143,RB_2008_to_present__20150906024125.pdf,H
RB,RB,2014-11-17,3700.0,4100.0,0.108108,RB_2008_to_present__20150906024125.pdf,H
RB,RB,2014-12-02,4100.0,4700.0,0.146341,RB_2008_to_present__20150906024125.pdf,H
RB,RB,2015-02-06,4700.0,5200.0,0.106383,RB_2008_to_present__20150906024125.pdf,H
RB,RB,2020-07-10,8150.0,7150.0,-0.122699,RB-2020-to-2023-10-19__20250910114133.pdf,D
RB,RB,2020-08-07,7150.0,6000.0,-0.160839,RB-2020-to-2023-10-19__20250910114133.pdf,D
RB,RB,2020-09-18,6000.0,5200.0,-0.133333,RB-2020-to-2023-10-19__20250910114133.pdf,D
RB,RB,2020-11-06,5200.0,4500.0,-0.134615,RB-2020-to-2023-10-19__20250910114133.pdf,D
RB,RB,2021-03-09,4500.0,5000.0,0.111111,RB-2020-to-2023-10-19__20250910114133.pdf,D
RB,RB,2021-03-23,5000.0,5700.0,0.140000,RB-2020-to-2023-10-19__20250910114133.pdf,D
RB,RB,2021-05-14,5700.0,6100.0,0.070175,RB-2020-to-2023-10-19__20250910114133.pdf,D
RB,RB,2021-07-21,6100.0,6250.0,0.024590,RB-2020-to-2023-10-19__20250910114133.pdf,D
RB,RB,2021-08-25,6250.0,5750.0,-0.080000,RB-2020-to-2023-10-19__20250910114133.pdf,D
RB,RB,2021-09-24,5750.0,5350.0,-0.069565,RB-2020-to-2023-10-19__20250910114133.pdf,D
RB,RB,2021-11-30,5350.0,6150.0,0.149533,RB-2020-to-2023-10-19__20250910114133.pdf,D
RB,RB,2022-01-31,6150.0,6700.0,0.089431,RB-2020-to-2023-10-19__20250910114133.pdf,D
RB,RB,2022-02-07,6700.0,7000.0,0.044776,RB-2020-to-2023-10-19__20250910114133.pdf,D
RB,RB,2022-02-23,7000.0,7700.0,0.100000,RB-2020-to-2023-10-19__20250910114133.pdf,D
RB,RB,2022-02-28,7700.0,8300.0,0.077922,RB-2020-to-2023-10-19__20250910114133.pdf,D
RB,RB,2022-03-02,8300.0,9200.0,0.108434,RB-2020-to-2023-10-19__20250910114133.pdf,D
RB,RB,2022-03-04,9200.0,11000.0,0.195652,RB-2020-to-2023-10-19__20250910114133.pdf,D
RB,RB,2022-03-07,11000.0,12000.0,0.090909,RB-2020-to-2023-10-19__20250910114133.pdf,D
RB,RB,2022-04-12,12000.0,10750.0,-0.104167,RB-2020-to-2023-10-19__20250910114133.pdf,D
RB,RB,2022-06-02,10750.0,12000.0,0.116279,RB-2020-to-2023-10-19__20250910114133.pdf,D
RB,RB,2022-07-08,12000.0,12500.0,0.041667,RB-2020-to-2023-10-19__20250910114133.pdf,D
RB,RB,2022-08-12,12500.0,11500.0,-0.080000,RB-2020-to-2023-10-19__20250910114133.pdf,D
RB,RB,2022-08-23,11500.0,10500.0,-0.086957,RB-2020-to-2023-10-19__20250910114133.pdf,D
RB,RB,2022-09-23,10500.0,8700.0,-0.171429,RB-2020-to-2023-10-19__20250910114133.pdf,D
RB,RB,2022-12-07,8700.0,7700.0,-0.114943,RB-2020-to-2023-10-19__20250910114133.pdf,D
RB,RB,2023-03-03,7700.0,7500.0,-0.025974,RB-2020-to-2023-10-19__20250910114133.pdf,D
RB,RB,2023-03-24,7500.0,7400.0,-0.013333,RB-2020-to-2023-10-19__20250910114133.pdf,D
RB,RB,2023-05-19,7400.0,7000.0,-0.054054,RB-2020-to-2023-10-19__20250910114133.pdf,D
RB,RB,2023-08-11,7000.0,7900.0,0.128571,RB-2020-to-2023-10-19__20250910114133.pdf,D
SI,SI,2009-01-22,6400.0,6000.0,-0.062500,SI_2008_to_present__20170329060901.pdf,H
SI,SI,2009-05-28,6000.0,7000.0,0.166667,SI_2008_to_present__20170329060901.pdf,H
SI,SI,2009-06-26,7000.0,6000.0,-0.142857,SI_2008_to_present__20170329060901.pdf,H
SI,SI,2009-08-21,6000.0,4000.0,-0.333333,SI_2008_to_present__20170329060901.pdf,H
SI,SI,2009-12-15,4000.0,4500.0,0.125000,SI_2008_to_present__20170329060901.pdf,H
SI,SI,2010-02-12,4500.0,5000.0,0.111111,SI_2008_to_present__20170329060901.pdf,H
SI,SI,2010-04-30,5000.0,4250.0,-0.150000,SI_2008_to_present__20170329060901.pdf,H
SI,SI,2010-06-07,4250.0,5000.0,0.176471,SI_2008_to_present__20170329060901.pdf,H
SI,SI,2010-11-11,5000.0,6500.0,0.300000,SI_2008_to_present__20170329060901.pdf,H
SI,SI,2010-11-16,6500.0,7250.0,0.115385,SI_2008_to_present__20170329060901.pdf,H
SI,SI,2010-12-17,7250.0,7750.0,0.068966,SI_2008_to_present__20170329060901.pdf,H
SI,SI,2011-01-21,7750.0,8250.0,0.064516,SI_2008_to_present__20170329060901.pdf,H
SI,SI,2011-03-25,8250.0,8700.0,0.054545,SI_2008_to_present__20170329060901.pdf,H
SI,SI,2011-04-26,8700.0,9500.0,0.091954,SI_2008_to_present__20170329060901.pdf,H
SI,SI,2011-04-29,9500.0,10750.0,0.131579,SI_2008_to_present__20170329060901.pdf,H
SI,SI,2011-05-03,10750.0,12000.0,0.116279,SI_2008_to_present__20170329060901.pdf,H
SI,SI,2011-05-05,12000.0,14000.0,0.166667,SI_2008_to_present__20170329060901.pdf,H
SI,SI,2011-05-09,14000.0,16000.0,0.142857,SI_2008_to_present__20170329060901.pdf,H
SI,SI,2011-09-26,16000.0,18500.0,0.156250,SI_2008_to_present__20170329060901.pdf,H
SI,SI,2012-02-13,18500.0,16000.0,-0.135135,SI_2008_to_present__20170329060901.pdf,H
SI,SI,2012-04-16,16000.0,14000.0,-0.125000,SI_2008_to_present__20170329060901.pdf,H
SI,SI,2012-08-06,14000.0,12500.0,-0.107143,SI_2008_to_present__20170329060901.pdf,H
SI,SI,2012-11-20,12500.0,11000.0,-0.120000,SI_2008_to_present__20170329060901.pdf,H
SI,SI,2013-02-12,11000.0,9500.0,-0.136364,SI_2008_to_present__20170329060901.pdf,H
SI,SI,2013-04-16,9500.0,11250.0,0.184211,SI_2008_to_present__20170329060901.pdf,H
SI,SI,2013-11-22,11250.0,10000.0,-0.111111,SI_2008_to_present__20170329060901.pdf,H
SI,SI,2014-04-04,10000.0,9000.0,-0.100000,SI_2008_to_present__20170329060901.pdf,H
SI,SI,2014-05-16,9000.0,8250.0,-0.083333,SI_2008_to_present__20170329060901.pdf,H
SI,SI,2014-07-14,8250.0,7500.0,-0.090909,SI_2008_to_present__20170329060901.pdf,H
SI,SI,2014-08-22,7500.0,6500.0,-0.133333,SI_2008_to_present__20170329060901.pdf,H
SI,SI,2014-10-10,6500.0,5500.0,-0.153846,SI_2008_to_present__20170329060901.pdf,H
SI,SI,2014-12-05,5500.0,6500.0,0.181818,SI_2008_to_present__20170329060901.pdf,H
SI,SI,2015-01-30,6500.0,7200.0,0.107692,SI_2008_to_present__20170329060901.pdf,H
SI,SI,2015-02-06,7200.0,7700.0,0.069444,SI_2008_to_present__20170329060901.pdf,H
SI,SI,2015-05-22,7700.0,7000.0,-0.090909,SI_2008_to_present__20170329060901.pdf,H
SI,SI,2015-08-21,7000.0,6000.0,-0.142857,SI_2008_to_present__20170329060901.pdf,H
SI,SI,2015-12-28,6000.0,5200.0,-0.133333,SI_2008_to_present__20170329060901.pdf,H
SI,SI,2016-04-08,5200.0,4800.0,-0.076923,SI_2008_to_present__20170329060901.pdf,H
SI,SI,2016-11-03,5250.0,5800.0,0.104762,SI_2014_to_present__20171129082402.zip,D
SI,SI,2016-11-18,5800.0,6500.0,0.120690,SI_2014_to_present__20171129082402.zip,D
SI,SI,2017-03-03,6500.0,5750.0,-0.115385,SI_2014_to_present__20171129082402.zip,D
SI,SI,2017-04-07,5750.0,5000.0,-0.130435,SI_2014_to_present__20171129082402.zip,D
SI,SI,2017-08-11,5000.0,5400.0,0.080000,SI_2014_to_present__20171129082402.zip,D
SI,SI,2017-09-11,5400.0,5900.0,0.092593,SI_2014_to_present__20171129082402.zip,D
SI,SI,2021-02-02,14000.0,16500.0,0.178571,SI-2020-to-present__20260205032023.pdf,D
SI,SI,2021-05-07,16500.0,15000.0,-0.090909,SI-2020-to-present__20260205032023.pdf,D
SI,SI,2021-07-09,15000.0,13500.0,-0.100000,SI-2020-to-present__20260205032023.pdf,D
SI,SI,2021-09-29,13500.0,12500.0,-0.074074,SI-2020-to-present__20260205032023.pdf,D
SI,SI,2021-10-29,12500.0,11500.0,-0.080000,SI-2020-to-present__20260205032023.pdf,D
SI,SI,2021-12-17,11500.0,10350.0,-0.100000,SI-2020-to-present__20260205032023.pdf,D
SI,SI,2022-01-05,10350.0,9500.0,-0.082126,SI-2020-to-present__20260205032023.pdf,D
SI,SI,2022-04-20,9500.0,8500.0,-0.105263,SI-2020-to-present__20260205032023.pdf,D
SI,SI,2022-07-08,8500.0,7500.0,-0.117647,SI-2020-to-present__20260205032023.pdf,D
SI,SI,2022-10-05,7500.0,8500.0,0.133333,SI-2020-to-present__20260205032023.pdf,D
SI,SI,2023-03-14,8500.0,9500.0,0.117647,SI-2020-to-present__20260205032023.pdf,D
SI,SI,2023-07-14,9500.0,8500.0,-0.105263,SI-2020-to-present__20260205032023.pdf,D
SI,SI,2023-09-08,8500.0,8000.0,-0.058824,SI-2020-to-present__20260205032023.pdf,D
SI,SI,2023-12-15,8000.0,9000.0,0.125000,SI-2020-to-present__20260205032023.pdf,D
SI,SI,2024-02-16,9000.0,8000.0,-0.111111,SI-2020-to-present__20260205032023.pdf,D
SI,SI,2024-03-08,8000.0,8500.0,0.062500,SI-2020-to-present__20260205032023.pdf,D
SI,SI,2024-04-05,8500.0,9500.0,0.117647,SI-2020-to-present__20260205032023.pdf,D
SI,SI,2024-04-19,9500.0,10500.0,0.105263,SI-2020-to-present__20260205032023.pdf,D
SI,SI,2024-05-23,10500.0,11500.0,0.095238,SI-2020-to-present__20260205032023.pdf,D
SI,SI,2024-08-23,11500.0,10500.0,-0.086957,SI-2020-to-present__20260205032023.pdf,D
SI,SI,2024-09-20,10500.0,11000.0,0.047619,SI-2020-to-present__20260205032023.pdf,D
SI,SI,2024-09-27,11000.0,11500.0,0.045455,SI-2020-to-present__20260205032023.pdf,D
SI,SI,2024-10-25,11500.0,12000.0,0.043478,SI-2020-to-present__20260205032023.pdf,D
SI,SI,2024-11-01,12000.0,12500.0,0.041667,SI-2020-to-present__20260205032023.pdf,D
SI,SI,2024-11-14,12500.0,11500.0,-0.080000,SI-2020-to-present__20260205032023.pdf,D
SI,SI,2025-02-07,11500.0,12000.0,0.043478,SI-2020-to-present__20260205032023.pdf,D
SI,SI,2025-03-28,12000.0,13000.0,0.083333,SI-2020-to-present__20260205032023.pdf,D
SI,SI,2025-04-04,13000.0,15000.0,0.153846,SI-2020-to-present__20260205032023.pdf,D
SI,SI,2025-09-26,15000.0,16000.0,0.066667,SI-2020-to-present__20260205032023.pdf,D
SI,SI,2025-10-10,16000.0,17500.0,0.093750,SI-2020-to-present__20260205032023.pdf,D
SI,SI,2025-10-17,17500.0,19000.0,0.085714,SI-2020-to-present__20260205032023.pdf,D
SI,SI,2025-10-24,19000.0,20000.0,0.052632,SI-2020-to-present__20260205032023.pdf,D
SI,SI,2025-12-12,20000.0,22000.0,0.100000,SI-2020-to-present__20260205032023.pdf,D
SI,SI,2025-12-29,22000.0,25000.0,0.136364,SI-2020-to-present__20260205032023.pdf,D
SI,SI,2025-12-31,25000.0,32500.0,0.300000,SI-2020-to-present__20260205032023.pdf,D
SR3,SR3,2020-06-26,300.0,260.0,-0.133333,SR3-2020-to-present__20250910110149.pdf,D
SR3,SR3,2020-07-21,260.0,220.0,-0.153846,SR3-2020-to-present__20250910110149.pdf,D
SR3,SR3,2020-08-04,220.0,190.0,-0.136364,SR3-2020-to-present__20250910110149.pdf,D
SR3,SR3,2020-09-11,190.0,175.0,-0.078947,SR3-2020-to-present__20250910110149.pdf,D
SR3,SR3,2020-11-13,175.0,160.0,-0.085714,SR3-2020-to-present__20250910110149.pdf,D
SR3,SR3,2021-01-08,160.0,145.0,-0.093750,SR3-2020-to-present__20250910110149.pdf,D
SR3,SR3,2021-03-09,145.0,160.0,0.103448,SR3-2020-to-present__20250910110149.pdf,D
SR3,SR3,2021-09-10,160.0,145.0,-0.093750,SR3-2020-to-present__20250910110149.pdf,D
SR3,SR3,2021-11-30,145.0,150.0,0.034483,SR3-2020-to-present__20250910110149.pdf,D
SR3,SR3,2022-01-21,150.0,180.0,0.200000,SR3-2020-to-present__20250910110149.pdf,D
SR3,SR3,2022-02-08,180.0,215.0,0.194444,SR3-2020-to-present__20250910110149.pdf,D
SR3,SR3,2022-02-14,215.0,265.0,0.232558,SR3-2020-to-present__20250910110149.pdf,D
SR3,SR3,2022-02-16,265.0,300.0,0.132075,SR3-2020-to-present__20250910110149.pdf,D
SR3,SR3,2022-03-04,300.0,330.0,0.100000,SR3-2020-to-present__20250910110149.pdf,D
SR3,SR3,2022-04-25,330.0,375.0,0.136364,SR3-2020-to-present__20250910110149.pdf,D
SR3,SR3,2022-06-01,375.0,550.0,0.466667,SR3-2020-to-present__20250910110149.pdf,D
SR3,SR3,2022-06-21,550.0,675.0,0.227273,SR3-2020-to-present__20250910110149.pdf,D
SR3,SR3,2022-06-29,675.0,750.0,0.111111,SR3-2020-to-present__20250910110149.pdf,D
SR3,SR3,2023-01-13,750.0,600.0,-0.200000,SR3-2020-to-present__20250910110149.pdf,D
SR3,SR3,2023-02-10,600.0,500.0,-0.166667,SR3-2020-to-present__20250910110149.pdf,D
SR3,SR3,2023-03-14,500.0,600.0,0.200000,SR3-2020-to-present__20250910110149.pdf,D
SR3,SR3,2023-03-16,600.0,725.0,0.208333,SR3-2020-to-present__20250910110149.pdf,D
SR3,SR3,2023-05-15,725.0,870.0,0.200000,SR3-2020-to-present__20250910110149.pdf,D
SR3,SR3,2023-06-16,870.0,550.0,-0.367816,SR3-2020-to-present__20250910110149.pdf,D
SR3,SR3,2023-06-20,550.0,600.0,0.090909,SR3-2020-to-present__20250910110149.pdf,D
SR3,SR3,2023-07-07,600.0,450.0,-0.250000,SR3-2020-to-present__20250910110149.pdf,D
SR3,SR3,2023-11-17,450.0,375.0,-0.166667,SR3-2020-to-present__20250910110149.pdf,D
SR3,SR3,2024-02-08,375.0,300.0,-0.200000,SR3-2020-to-present__20250910110149.pdf,D
SR3,SR3,2024-05-10,300.0,250.0,-0.166667,SR3-2020-to-present__20250910110149.pdf,D
SR3,SR3,2024-06-14,250.0,200.0,-0.200000,SR3-2020-to-present__20250910110149.pdf,D
SR3,SR3,2024-09-18,200.0,225.0,0.125000,SR3-2020-to-present__20250910110149.pdf,D
SR3,SR3,2024-11-22,225.0,200.0,-0.111111,SR3-2020-to-present__20250910110149.pdf,D
SR3,SR3,2025-02-14,200.0,175.0,-0.125000,SR3-2020-to-present__20250910110149.pdf,D
SR3,SR3,2025-04-29,175.0,200.0,0.142857,SR3-2020-to-present__20250910110149.pdf,D
TN,TN,2020-07-07,3000.0,2700.0,-0.100000,TN-2020-to-present__20260823084623.pdf,D
TN,TN,2020-07-21,2700.0,2500.0,-0.074074,TN-2020-to-present__20260823084623.pdf,D
TN,TN,2020-11-20,2500.0,2300.0,-0.080000,TN-2020-to-present__20260823084623.pdf,D
TN,TN,2021-01-08,2300.0,2050.0,-0.108696,TN-2020-to-present__20260823084623.pdf,D
TN,TN,2021-02-26,2050.0,2200.0,0.073171,TN-2020-to-present__20260823084623.pdf,D
TN,TN,2021-03-19,2200.0,2450.0,0.113636,TN-2020-to-present__20260823084623.pdf,D
TN,TN,2021-09-10,2450.0,2200.0,-0.102041,TN-2020-to-present__20260823084623.pdf,D
TN,TN,2021-11-30,2200.0,2450.0,0.113636,TN-2020-to-present__20260823084623.pdf,D
TN,TN,2022-04-01,2450.0,2600.0,0.061224,TN-2020-to-present__20260823084623.pdf,D
TN,TN,2022-06-21,2600.0,2750.0,0.057692,TN-2020-to-present__20260823084623.pdf,D
TN,TN,2022-11-14,2750.0,3000.0,0.090909,TN-2020-to-present__20260823084623.pdf,D
TN,TN,2023-01-06,3000.0,2750.0,-0.083333,TN-2020-to-present__20260823084623.pdf,D
TN,TN,2023-03-14,2750.0,3100.0,0.127273,TN-2020-to-present__20260823084623.pdf,D
TN,TN,2023-07-21,3100.0,2800.0,-0.096774,TN-2020-to-present__20260823084623.pdf,D
TN,TN,2023-12-12,2800.0,3000.0,0.071429,TN-2020-to-present__20260823084623.pdf,D
TN,TN,2024-03-01,3000.0,2800.0,-0.066667,TN-2020-to-present__20260823084623.pdf,D
TN,TN,2024-06-21,2800.0,2600.0,-0.071429,TN-2020-to-present__20260823084623.pdf,D
TN,TN,2024-11-01,2600.0,2800.0,0.076923,TN-2020-to-present__20260823084623.pdf,D
TN,TN,2025-01-31,2800.0,2550.0,-0.089286,TN-2020-to-present__20260823084623.pdf,D
UB,UBE,2010-03-05,2500.0,2000.0,-0.200000,UBE_2008_to_present__20150528084013.pdf,H
UB,UBE,2010-05-10,2000.0,2500.0,0.250000,UBE_2008_to_present__20150528084013.pdf,H
UB,UBE,2010-07-20,2500.0,3000.0,0.200000,UBE_2008_to_present__20150528084013.pdf,H
UB,UBE,2010-09-02,3000.0,3500.0,0.166667,UBE_2008_to_present__20150528084013.pdf,H
UB,UBE,2010-12-17,3500.0,3650.0,0.042857,UBE_2008_to_present__20150528084013.pdf,H
UB,UBE,2011-06-06,3650.0,3400.0,-0.068493,UBE_2008_to_present__20150528084013.pdf,H
UB,UBE,2011-06-21,3400.0,2750.0,-0.191176,UBE_2008_to_present__20150528084013.pdf,H
UB,UBE,2011-07-25,2750.0,3000.0,0.090909,UBE_2008_to_present__20150528084013.pdf,H
UB,UBE,2011-08-08,3000.0,3500.0,0.166667,UBE_2008_to_present__20150528084013.pdf,H
UB,UBE,2011-08-11,3500.0,3750.0,0.071429,UBE_2008_to_present__20150528084013.pdf,H
UB,UBE,2011-09-06,3750.0,4000.0,0.066667,UBE_2008_to_present__20150528084013.pdf,H
UB,UBE,2011-09-26,4000.0,5000.0,0.250000,UBE_2008_to_present__20150528084013.pdf,H
UB,UBE,2011-10-04,5000.0,5750.0,0.150000,UBE_2008_to_present__20150528084013.pdf,H
UB,UBE,2012-02-03,5750.0,4750.0,-0.173913,UBE_2008_to_present__20150528084013.pdf,H
UB,UBE,2012-02-17,4750.0,4250.0,-0.105263,UBE_2008_to_present__20150528084013.pdf,H
UB,UBE,2013-01-15,4250.0,3825.0,-0.100000,UBE_2008_to_present__20150528084013.pdf,H
UB,UBE,2014-02-28,3825.0,3600.0,-0.058824,UBE_2008_to_present__20150528084013.pdf,H
UB,UBE,2014-04-09,3600.0,3200.0,-0.111111,UBE_2008_to_present__20150528084013.pdf,H
UB,UBE,2014-05-09,3200.0,2900.0,-0.093750,UBE_2008_to_present__20150528084013.pdf,H
UB,UBE,2014-09-19,2900.0,2700.0,-0.068966,UBE_2008_to_present__20150528084013.pdf,H
UB,UBE,2015-01-09,2700.0,2900.0,0.074074,UBE_2008_to_present__20150528084013.pdf,H
UB,UBE,2015-01-20,2900.0,3200.0,0.103448,UBE_2008_to_present__20150528084013.pdf,H
UB,UBE,2015-02-06,3200.0,3600.0,0.125000,UBE_2008_to_present__20150528084013.pdf,H
UB,UBE,2015-02-13,3600.0,3800.0,0.055556,UBE_2008_to_present__20150528084013.pdf,H
UB,UBE,2019-08-08,3450.0,3800.0,0.101449,ube-2019-to-present__20240704030744.pdf,D
UB,UBE,2019-08-15,3800.0,4200.0,0.105263,ube-2019-to-present__20240704030744.pdf,D
UB,UBE,2019-09-03,4200.0,4800.0,0.142857,ube-2019-to-present__20240704030744.pdf,D
UB,UBE,2019-11-15,4800.0,4300.0,-0.104167,ube-2019-to-present__20240704030744.pdf,D
UB,UBE,2020-01-09,4300.0,4500.0,0.046512,ube-2019-to-present__20240704030744.pdf,D
UB,UBE,2020-03-03,4500.0,4800.0,0.066667,ube-2019-to-present__20240704030744.pdf,D
UB,UBE,2020-03-09,4800.0,6000.0,0.250000,ube-2019-to-present__20240704030744.pdf,D
UB,UBE,2020-03-11,6000.0,8100.0,0.350000,ube-2019-to-present__20240704030744.pdf,D
UB,UBE,2020-03-13,8100.0,10200.0,0.259259,ube-2019-to-present__20240704030744.pdf,D
UB,UBE,2020-03-18,10200.0,12200.0,0.196078,ube-2019-to-present__20240704030744.pdf,D
UB,UBE,2020-03-24,12200.0,14000.0,0.147541,ube-2019-to-present__20240704030744.pdf,D
UB,UBE,2020-04-28,14000.0,12500.0,-0.107143,ube-2019-to-present__20240704030744.pdf,D
UB,UBE,2020-05-26,12500.0,11500.0,-0.080000,ube-2019-to-present__20240704030744.pdf,D
UB,UBE,2020-06-19,11500.0,10600.0,-0.078261,ube-2019-to-present__20240704030744.pdf,D
UB,UBE,2020-07-21,10600.0,10000.0,-0.056604,UBE-2020-to-present__20250910102723.pdf,D
UB,UBE,2020-11-20,10000.0,8700.0,-0.130000,UBE-2020-to-present__20250910102723.pdf,D
UB,UBE,2021-01-08,8700.0,7900.0,-0.091954,UBE-2020-to-present__20250910102723.pdf,D
UB,UBE,2021-04-16,7900.0,7200.0,-0.088608,UBE-2020-to-present__20250910102723.pdf,D
UB,UBE,2021-05-27,7200.0,6500.0,-0.097222,UBE-2020-to-present__20250910102723.pdf,D
UB,UBE,2023-07-21,6500.0,6000.0,-0.076923,UBE-2020-to-present__20250910102723.pdf,D
UB,UBE,2023-12-12,6000.0,6400.0,0.066667,UBE-2020-to-present__20250910102723.pdf,D
UB,UBE,2024-03-01,6400.0,5950.0,-0.070312,UBE-2020-to-present__20250910102723.pdf,D
UB,UBE,2024-06-21,5950.0,5500.0,-0.075630,UBE-2020-to-present__20250910102723.pdf,D
UB,UBE,2024-11-01,5500.0,5800.0,0.054545,UBE-2020-to-present__20250910102723.pdf,D
UB,UBE,2024-11-14,5800.0,5500.0,-0.051724,UBE-2020-to-present__20250910102723.pdf,D
UB,UBE,2025-01-31,5500.0,5150.0,-0.063636,UBE-2020-to-present__20250910102723.pdf,D
YM,11,2008-10-01,5604.0,6300.0,0.124197,11_2008_to_present__20150528073701.pdf,H
YM,11,2008-10-17,6300.0,7002.0,0.111429,11_2008_to_present__20150528073701.pdf,H
YM,11,2008-10-30,7002.0,9000.0,0.285347,11_2008_to_present__20150528073701.pdf,H
YM,11,2008-11-11,9000.0,11000.0,0.222222,11_2008_to_present__20150528073701.pdf,H
YM,11,2009-03-20,11000.0,10400.0,-0.054545,11_2008_to_present__20150528073701.pdf,H
YM,11,2011-06-02,10400.0,8000.0,-0.230769,11_2008_to_present__20150528073701.pdf,H
YM,11,2011-10-31,8000.0,7000.0,-0.125000,11_2008_to_present__20150528073701.pdf,H
YM,11,2012-02-17,7000.0,6000.0,-0.142857,11_2008_to_present__20150528073701.pdf,H
YM,11,2012-03-26,6000.0,5000.0,-0.166667,11_2008_to_present__20150528073701.pdf,H
YM,11,2013-10-03,5000.0,5450.0,0.090000,11_2008_to_present__20150528073701.pdf,H
YM,11,2013-10-15,5450.0,6000.0,0.100917,11_2008_to_present__20150528073701.pdf,H
YM,11,2014-01-29,6000.0,6500.0,0.083333,11_2008_to_present__20150528073701.pdf,H
YM,11,2014-05-16,6500.0,7150.0,0.100000,11_2008_to_present__20150528073701.pdf,H
YM,11,2014-07-25,7150.0,7800.0,0.090909,11_2008_to_present__20150528073701.pdf,H
YM,11,2016-04-08,3900.0,3700.0,-0.051282,11_2014_to_present__20171129082259.zip,D
YM,11,2016-04-29,3700.0,3450.0,-0.067568,11_2014_to_present__20171129082259.zip,D
YM,11,2016-05-06,3450.0,3250.0,-0.057971,11_2014_to_present__20171129082259.zip,D
YM,11,2016-06-27,3250.0,3550.0,0.092308,11_2014_to_present__20171129082259.zip,D
YM,11,2016-11-03,3550.0,3850.0,0.084507,11_2014_to_present__20171129082259.zip,D
YM,11,2017-02-10,3850.0,4000.0,0.038961,11_2014_to_present__20171129082259.zip,D
YM,11,2017-04-28,4000.0,3750.0,-0.062500,11_2014_to_present__20171129082259.zip,D
YM,11,2017-06-01,3750.0,3550.0,-0.053333,11_2014_to_present__20171129082259.zip,D
YM,11,2017-08-18,3550.0,3350.0,-0.056338,11_2014_to_present__20171129082259.zip,D
YM,11,2020-08-04,10700.0,9500.0,-0.112150,11-2020-to-2024-10-17__20260823084623.pdf,D
YM,11,2020-12-11,9500.0,9000.0,-0.052632,11-2020-to-2024-10-17__20260823084623.pdf,D
YM,11,2021-12-10,9000.0,8500.0,-0.055556,11-2020-to-2024-10-17__20260823084623.pdf,D
YM,11,2022-01-21,8500.0,8000.0,-0.058824,11-2020-to-2024-10-17__20260823084623.pdf,D
YM,11,2022-03-02,8000.0,8500.0,0.062500,11-2020-to-2024-10-17__20260823084623.pdf,D
YM,11,2022-06-10,8500.0,8000.0,-0.058824,11-2020-to-2024-10-17__20260823084623.pdf,D
YM,11,2022-08-12,8000.0,7500.0,-0.062500,11-2020-to-2024-10-17__20260823084623.pdf,D
YM,11,2023-03-17,7500.0,8000.0,0.066667,11-2020-to-2024-10-17__20260823084623.pdf,D
YM,11,2023-12-20,8000.0,8400.0,0.050000,11-2020-to-2024-10-17__20260823084623.pdf,D
YM,11,2024-07-02,8400.0,8800.0,0.047619,11-2020-to-2024-10-17__20260823084623.pdf,D
YM,11,2024-07-19,8800.0,9300.0,0.056818,11-2020-to-2024-10-17__20260823084623.pdf,D
YM,11,2024-08-05,9300.0,9800.0,0.053763,11-2020-to-2024-10-17__20260823084623.pdf,D
YM,11,2024-09-20,9800.0,10400.0,0.061224,11-2020-to-2024-10-17__20260823084623.pdf,D
ZB,17,2008-03-26,1800.0,2000.0,0.111111,17_2008_to_present__20150528074016.pdf,H
ZB,17,2008-06-03,2000.0,1800.0,-0.100000,17_2008_to_present__20150528074016.pdf,H
ZB,17,2008-07-17,1800.0,1600.0,-0.111111,17_2008_to_present__20150528074016.pdf,H
ZB,17,2008-09-22,1600.0,2000.0,0.250000,17_2008_to_present__20150528074016.pdf,H
ZB,17,2008-09-30,2000.0,2500.0,0.250000,17_2008_to_present__20150528074016.pdf,H
ZB,17,2008-10-08,2500.0,2700.0,0.080000,17_2008_to_present__20150528074016.pdf,H
ZB,17,2008-12-04,2700.0,3200.0,0.185185,17_2008_to_present__20150528074016.pdf,H
ZB,17,2009-03-20,3200.0,3600.0,0.125000,17_2008_to_present__20150528074016.pdf,H
ZB,17,2009-05-19,3600.0,3200.0,-0.111111,17_2008_to_present__20150528074016.pdf,H
ZB,17,2009-11-27,3200.0,2400.0,-0.250000,17_2008_to_present__20150528074016.pdf,H
ZB,17,2010-03-05,2400.0,1900.0,-0.208333,17_2008_to_present__20150528074016.pdf,H
ZB,17,2010-05-10,1900.0,2100.0,0.105263,17_2008_to_present__20150528074016.pdf,H
ZB,17,2010-07-20,2100.0,2500.0,0.190476,17_2008_to_present__20150528074016.pdf,H
ZB,17,2010-12-17,2500.0,2750.0,0.100000,17_2008_to_present__20150528074016.pdf,H
ZB,17,2011-06-06,2750.0,2500.0,-0.090909,17_2008_to_present__20150528074016.pdf,H
ZB,17,2011-06-21,2500.0,2000.0,-0.200000,17_2008_to_present__20150528074016.pdf,H
ZB,17,2011-07-25,2000.0,2200.0,0.100000,17_2008_to_present__20150528074016.pdf,H
ZB,17,2011-08-11,2200.0,2750.0,0.250000,17_2008_to_present__20150528074016.pdf,H
ZB,17,2011-09-06,2750.0,2900.0,0.054545,17_2008_to_present__20150528074016.pdf,H
ZB,17,2011-10-04,2900.0,3100.0,0.068966,17_2008_to_present__20150528074016.pdf,H
ZB,17,2012-02-03,3100.0,2800.0,-0.096774,17_2008_to_present__20150528074016.pdf,H
ZB,17,2013-01-15,2800.0,2500.0,-0.107143,17_2008_to_present__20150528074016.pdf,H
ZB,17,2014-02-28,2500.0,2300.0,-0.080000,17_2008_to_present__20150528074016.pdf,H
ZB,17,2014-04-09,2300.0,2100.0,-0.086957,17_2008_to_present__20150528074016.pdf,H
ZB,17,2014-09-19,2100.0,1950.0,-0.071429,17_2008_to_present__20150528074016.pdf,H
ZB,17,2014-12-19,1950.0,2100.0,0.076923,17_2008_to_present__20150528074016.pdf,H
ZB,17,2015-01-09,2100.0,2300.0,0.095238,17_2008_to_present__20150528074016.pdf,H
ZB,17,2015-01-20,2300.0,2600.0,0.130435,17_2008_to_present__20150528074016.pdf,H
ZB,17,2015-02-06,2600.0,2800.0,0.076923,17_2008_to_present__20150528074016.pdf,H
ZB,17,2015-02-12,2800.0,1900.0,-0.321429,17_2008_to_present__20150528074016.pdf,H
ZB,17,2015-03-13,1900.0,2200.0,0.157895,17_2014_to_present__20171129085207.zip,D
ZB,17,2015-03-20,2200.0,3400.0,0.545455,17_2014_to_present__20171129085207.zip,D
ZB,17,2015-12-07,3400.0,3600.0,0.058824,17_2014_to_present__20171129085207.zip,D
ZB,17,2016-01-27,3600.0,4000.0,0.111111,17_2014_to_present__20171129085207.zip,D
ZB,17,2016-04-08,4000.0,3650.0,-0.087500,17_2014_to_present__20171129085207.zip,D
ZB,17,2016-06-27,3650.0,3750.0,0.027397,17_2014_to_present__20171129085207.zip,D
ZB,17,2016-11-03,3750.0,4000.0,0.066667,17_2014_to_present__20171129085207.zip,D
ZB,17,2016-11-11,4000.0,4400.0,0.100000,17_2014_to_present__20171129085207.zip,D
ZB,17,2017-04-28,4400.0,4000.0,-0.090909,17_2014_to_present__20171129085207.zip,D
ZB,17,2017-05-12,4000.0,3500.0,-0.125000,17_2014_to_present__20171129085207.zip,D
ZB,17,2017-06-30,3500.0,3150.0,-0.100000,17_2014_to_present__20171129085207.zip,D
ZB,17,2017-07-14,3150.0,3000.0,-0.047619,17_2014_to_present__20171129085207.zip,D
ZB,17,2017-10-06,3000.0,2700.0,-0.100000,17_2014_to_present__20171129085207.zip,D
ZB,17,2019-08-08,2400.0,2600.0,0.083333,17-2019-to-present__20240704000318.pdf,D
ZB,17,2019-08-15,2600.0,2800.0,0.076923,17-2019-to-present__20240704000318.pdf,D
ZB,17,2019-09-03,2800.0,3000.0,0.071429,17-2019-to-present__20240704000318.pdf,D
ZB,17,2019-11-15,3000.0,2700.0,-0.100000,17-2019-to-present__20240704000318.pdf,D
ZB,17,2020-01-09,2700.0,2800.0,0.037037,17-2019-to-present__20240704000318.pdf,D
ZB,17,2020-03-03,2800.0,2950.0,0.053571,17-2019-to-present__20240704000318.pdf,D
ZB,17,2020-03-09,2950.0,3650.0,0.237288,17-2019-to-present__20240704000318.pdf,D
ZB,17,2020-03-11,3650.0,4800.0,0.315068,17-2019-to-present__20240704000318.pdf,D
ZB,17,2020-03-13,4800.0,5700.0,0.187500,17-2019-to-present__20240704000318.pdf,D
ZB,17,2020-03-19,5700.0,6500.0,0.140351,17-2019-to-present__20240704000318.pdf,D
ZB,17,2020-04-28,6500.0,6000.0,-0.076923,17-2019-to-present__20240704000318.pdf,D
ZB,17,2020-05-26,6000.0,5500.0,-0.083333,17-2019-to-present__20240704000318.pdf,D
ZB,17,2020-06-26,5500.0,5000.0,-0.090909,17-2019-to-present__20240704000318.pdf,D
ZB,17,2020-07-21,5000.0,4700.0,-0.060000,17-2020-to-present__20260823084623.pdf,D
ZB,17,2020-11-20,4700.0,4200.0,-0.106383,17-2020-to-present__20260823084623.pdf,D
ZB,17,2021-01-08,4200.0,4000.0,-0.047619,17-2020-to-present__20260823084623.pdf,D
ZB,17,2021-04-16,4000.0,3700.0,-0.075000,17-2020-to-present__20260823084623.pdf,D
ZB,17,2021-05-27,3700.0,3500.0,-0.054054,17-2020-to-present__20260823084623.pdf,D
ZB,17,2022-05-06,3500.0,3800.0,0.085714,17-2020-to-present__20260823084623.pdf,D
ZB,17,2022-11-14,3800.0,4200.0,0.105263,17-2020-to-present__20260823084623.pdf,D
ZB,17,2023-07-21,4200.0,3900.0,-0.071429,17-2020-to-present__20260823084623.pdf,D
ZB,17,2023-12-12,3900.0,4200.0,0.076923,17-2020-to-present__20260823084623.pdf,D
ZB,17,2024-03-01,4200.0,3900.0,-0.071429,17-2020-to-present__20260823084623.pdf,D
ZB,17,2024-06-21,3900.0,3700.0,-0.051282,17-2020-to-present__20260823084623.pdf,D
ZB,17,2024-11-01,3700.0,4000.0,0.081081,17-2020-to-present__20260823084623.pdf,D
ZB,17,2024-11-14,4000.0,3700.0,-0.075000,17-2020-to-present__20260823084623.pdf,D
ZC,C,2009-05-06,1500.0,1200.0,-0.200000,C_2009_to_2013__20171129074758.zip,D
ZC,C,2009-10-27,1200.0,1100.0,-0.083333,C_2009_to_2013__20171129074758.zip,D
ZC,C,2009-12-31,1100.0,1000.0,-0.090909,C_2009_to_2013__20171129074758.zip,D
ZC,C,2010-05-21,1000.0,850.0,-0.150000,C_2009_to_2013__20171129074758.zip,D
ZC,C,2010-07-23,850.0,950.0,0.117647,C_2009_to_2013__20171129074758.zip,D
ZC,C,2010-09-30,950.0,1100.0,0.157895,C_2009_to_2013__20171129074758.zip,D
ZC,C,2010-10-11,1100.0,1500.0,0.363636,C_2009_to_2013__20171129074758.zip,D
ZC,C,2011-04-01,1500.0,1750.0,0.166667,C_2009_to_2013__20171129074758.zip,D
ZC,C,2011-09-01,1750.0,2000.0,0.142857,C_2009_to_2013__20171129074758.zip,D
ZC,C,2011-09-15,2000.0,1750.0,-0.125000,C_2009_to_2013__20171129074758.zip,D
ZC,C,2012-06-27,1750.0,2000.0,0.142857,C_2009_to_2013__20171129074758.zip,D
ZC,C,2013-08-20,2000.0,1500.0,-0.250000,C_2009_to_2013__20171129074758.zip,D
ZC,C,2013-08-28,1500.0,1750.0,0.166667,C_2009_to_2013__20171129074758.zip,D
ZC,C,2014-05-09,1750.0,1500.0,-0.142857,C_2014_to_present__20171129074842.zip,D
ZC,C,2014-09-18,1500.0,1250.0,-0.166667,C_2014_to_present__20171129074842.zip,D
ZC,C,2014-11-03,1250.0,1000.0,-0.200000,C_2014_to_present__20171129074842.zip,D
ZC,C,2015-07-01,1000.0,1250.0,0.250000,C_2014_to_present__20171129074842.zip,D
ZC,C,2015-12-18,1250.0,1000.0,-0.200000,C_2014_to_present__20171129074842.zip,D
ZC,C,2016-03-10,1000.0,900.0,-0.100000,C_2014_to_present__20171129074842.zip,D
ZC,C,2016-04-25,900.0,1050.0,0.166667,C_2014_to_present__20171129074842.zip,D
ZC,C,2016-06-22,1050.0,1250.0,0.190476,C_2014_to_present__20171129074842.zip,D
ZC,C,2016-07-15,1250.0,1400.0,0.120000,C_2014_to_present__20171129074842.zip,D
ZC,C,2016-09-01,1400.0,1150.0,-0.178571,C_2014_to_present__20171129074842.zip,D
ZC,C,2016-09-22,1150.0,1050.0,-0.086957,C_2014_to_present__20171129074842.zip,D
ZC,C,2016-10-07,1050.0,900.0,-0.142857,C_2014_to_present__20171129074842.zip,D
ZC,C,2017-04-06,900.0,750.0,-0.166667,C_2014_to_present__20171129074842.zip,D
ZC,C,2017-06-12,750.0,850.0,0.133333,C_2014_to_present__20171129074842.zip,D
ZC,C,2017-09-29,850.0,750.0,-0.117647,C_2014_to_present__20171129074842.zip,D
ZC,C,2020-07-24,900.0,850.0,-0.055556,C-2020-to-present__20250910104450.pdf,D
ZC,C,2021-01-04,850.0,975.0,0.147059,C-2020-to-present__20250910104450.pdf,D
ZC,C,2021-01-06,975.0,1100.0,0.128205,C-2020-to-present__20250910104450.pdf,D
ZC,C,2021-01-14,1100.0,1300.0,0.181818,C-2020-to-present__20250910104450.pdf,D
ZC,C,2021-01-26,1300.0,1400.0,0.076923,C-2020-to-present__20250910104450.pdf,D
ZC,C,2021-02-05,1400.0,1500.0,0.071429,C-2020-to-present__20250910104450.pdf,D
ZC,C,2021-04-23,1500.0,1700.0,0.133333,C-2020-to-present__20250910104450.pdf,D
ZC,C,2021-04-29,1700.0,1900.0,0.117647,C-2020-to-present__20250910104450.pdf,D
ZC,C,2021-05-03,1900.0,2050.0,0.078947,C-2020-to-present__20250910104450.pdf,D
ZC,C,2021-05-07,2050.0,2125.0,0.036585,C-2020-to-present__20250910104450.pdf,D
ZC,C,2021-06-18,2125.0,2325.0,0.094118,C-2020-to-present__20250910104450.pdf,D
ZC,C,2021-06-22,2325.0,2400.0,0.032258,C-2020-to-present__20250910104450.pdf,D
ZC,C,2021-09-02,2400.0,2100.0,-0.125000,C-2020-to-present__20250910104450.pdf,D
ZC,C,2021-09-17,2100.0,1900.0,-0.095238,C-2020-to-present__20250910104450.pdf,D
ZC,C,2021-10-01,1900.0,1725.0,-0.092105,C-2020-to-present__20250910104450.pdf,D
ZC,C,2021-10-20,1725.0,1525.0,-0.115942,C-2020-to-present__20250910104450.pdf,D
ZC,C,2022-02-17,1525.0,1750.0,0.147541,C-2020-to-present__20250910104450.pdf,D
ZC,C,2022-02-28,1750.0,1925.0,0.100000,C-2020-to-present__20250910104450.pdf,D
ZC,C,2022-03-02,1925.0,2150.0,0.116883,C-2020-to-present__20250910104450.pdf,D
ZC,C,2022-03-07,2150.0,2400.0,0.116279,C-2020-to-present__20250910104450.pdf,D
ZC,C,2022-03-25,2400.0,2650.0,0.104167,C-2020-to-present__20250910104450.pdf,D
ZC,C,2022-05-17,2650.0,2500.0,-0.056604,C-2020-to-present__20250910104450.pdf,D
ZC,C,2022-07-15,2500.0,2700.0,0.080000,C-2020-to-present__20250910104450.pdf,D
ZC,C,2022-09-16,2700.0,2500.0,-0.074074,C-2020-to-present__20250910104450.pdf,D
ZC,C,2022-11-04,2500.0,2250.0,-0.100000,C-2020-to-present__20250910104450.pdf,D
ZC,C,2023-02-16,2250.0,2100.0,-0.066667,C-2020-to-present__20250910104450.pdf,D
ZC,C,2023-03-23,2100.0,2000.0,-0.047619,C-2020-to-present__20250910104450.pdf,D
ZC,C,2023-04-21,2000.0,1800.0,-0.100000,C-2020-to-present__20250910104450.pdf,D
ZC,C,2023-05-25,1800.0,1700.0,-0.055556,C-2020-to-present__20250910104450.pdf,D
ZC,C,2023-06-23,1700.0,1950.0,0.147059,C-2020-to-present__20250910104450.pdf,D
ZC,C,2023-06-29,1950.0,2250.0,0.153846,C-2020-to-present__20250910104450.pdf,D
ZC,C,2023-07-03,2250.0,2550.0,0.133333,C-2020-to-present__20250910104450.pdf,D
ZC,C,2023-09-21,2550.0,2200.0,-0.137255,C-2020-to-present__20250910104450.pdf,D
ZC,C,2023-09-29,2200.0,2000.0,-0.090909,C-2020-to-present__20250910104450.pdf,D
ZC,C,2023-10-06,2000.0,1725.0,-0.137500,C-2020-to-present__20250910104450.pdf,D
ZC,C,2023-11-30,1725.0,1575.0,-0.086957,C-2020-to-present__20250910104450.pdf,D
ZC,C,2024-01-10,1575.0,1425.0,-0.095238,C-2020-to-present__20250910104450.pdf,D
ZC,C,2024-02-09,1425.0,1300.0,-0.087719,C-2020-to-present__20250910104450.pdf,D
ZC,C,2024-08-02,1300.0,1200.0,-0.076923,C-2020-to-present__20250910104450.pdf,D
ZC,C,2024-10-22,1200.0,1050.0,-0.125000,C-2020-to-present__20250910104450.pdf,D
ZF,25,2008-03-18,900.0,1000.0,0.111111,25_2008_to_present__20150528093327.pdf,H
ZF,25,2008-03-26,1000.0,1100.0,0.100000,25_2008_to_present__20150528093327.pdf,H
ZF,25,2008-06-03,1100.0,1000.0,-0.090909,25_2008_to_present__20150528093327.pdf,H
ZF,25,2008-09-22,1000.0,1250.0,0.250000,25_2008_to_present__20150528093327.pdf,H
ZF,25,2008-09-30,1250.0,1600.0,0.280000,25_2008_to_present__20150528093327.pdf,H
ZF,25,2008-10-08,1600.0,1700.0,0.062500,25_2008_to_present__20150528093327.pdf,H
ZF,25,2009-04-14,1700.0,1300.0,-0.235294,25_2008_to_present__20150528093327.pdf,H
ZF,25,2009-05-19,1300.0,1000.0,-0.230769,25_2008_to_present__20150528093327.pdf,H
ZF,25,2009-11-27,1000.0,800.0,-0.200000,25_2008_to_present__20150528093327.pdf,H
ZF,25,2010-12-17,800.0,950.0,0.187500,25_2008_to_present__20150528093327.pdf,H
ZF,25,2011-03-28,950.0,1100.0,0.157895,25_2008_to_present__20150528093327.pdf,H
ZF,25,2011-06-21,1100.0,700.0,-0.363636,25_2008_to_present__20150528093327.pdf,H
ZF,25,2011-07-25,700.0,900.0,0.285714,25_2008_to_present__20150528093327.pdf,H
ZF,25,2012-01-17,900.0,750.0,-0.166667,25_2008_to_present__20150528093327.pdf,H
ZF,25,2012-02-03,750.0,650.0,-0.133333,25_2008_to_present__20150528093327.pdf,H
ZF,25,2012-09-07,650.0,550.0,-0.153846,25_2008_to_present__20150528093327.pdf,H
ZF,25,2013-06-21,550.0,675.0,0.227273,25_2008_to_present__20150528093327.pdf,H
ZF,25,2013-07-02,675.0,800.0,0.185185,25_2008_to_present__20150528093327.pdf,H
ZF,25,2013-07-16,800.0,900.0,0.125000,25_2008_to_present__20150528093327.pdf,H
ZF,25,2015-02-06,900.0,800.0,-0.111111,25_2008_to_present__20150528093327.pdf,H
ZF,25,2015-02-13,800.0,900.0,0.125000,25_2008_to_present__20150528093327.pdf,H
ZF,25,2019-08-02,660.0,750.0,0.136364,25-2019-to-present__20240705134824.pdf,D
ZF,25,2019-08-08,750.0,800.0,0.066667,25-2019-to-present__20240705134824.pdf,D
ZF,25,2019-11-15,800.0,700.0,-0.125000,25-2019-to-present__20240705134824.pdf,D
ZF,25,2020-03-03,700.0,770.0,0.100000,25-2019-to-present__20240705134824.pdf,D
ZF,25,2020-03-10,770.0,850.0,0.103896,25-2019-to-present__20240705134824.pdf,D
ZF,25,2020-03-12,850.0,925.0,0.088235,25-2019-to-present__20240705134824.pdf,D
ZF,25,2020-04-28,925.0,850.0,-0.081081,25-2019-to-present__20240705134824.pdf,D
ZF,25,2020-06-19,850.0,750.0,-0.117647,25-2019-to-present__20240705134824.pdf,D
ZF,25,2020-06-26,750.0,700.0,-0.066667,25-2019-to-present__20240705134824.pdf,D
ZF,25,2020-07-21,700.0,650.0,-0.071429,25-2020-to-present__20260823084623.pdf,D
ZF,25,2020-11-20,650.0,575.0,-0.115385,25-2020-to-present__20260823084623.pdf,D
ZF,25,2021-01-08,575.0,550.0,-0.043478,25-2020-to-present__20260823084623.pdf,D
ZF,25,2021-02-26,550.0,625.0,0.136364,25-2020-to-present__20260823084623.pdf,D
ZF,25,2021-03-05,625.0,725.0,0.160000,25-2020-to-present__20260823084623.pdf,D
ZF,25,2021-03-19,725.0,800.0,0.103448,25-2020-to-present__20260823084623.pdf,D
ZF,25,2021-09-10,800.0,725.0,-0.093750,25-2020-to-present__20260823084623.pdf,D
ZF,25,2021-11-12,725.0,825.0,0.137931,25-2020-to-present__20260823084623.pdf,D
ZF,25,2021-11-30,825.0,925.0,0.121212,25-2020-to-present__20260823084623.pdf,D
ZF,25,2022-02-15,925.0,1050.0,0.135135,25-2020-to-present__20260823084623.pdf,D
ZF,25,2022-04-01,1050.0,1200.0,0.142857,25-2020-to-present__20260823084623.pdf,D
ZF,25,2022-06-14,1200.0,1400.0,0.166667,25-2020-to-present__20260823084623.pdf,D
ZF,25,2022-09-30,1400.0,1500.0,0.071429,25-2020-to-present__20260823084623.pdf,D
ZF,25,2023-01-06,1500.0,1300.0,-0.133333,25-2020-to-present__20260823084623.pdf,D
ZF,25,2023-03-14,1300.0,1550.0,0.192308,25-2020-to-present__20260823084623.pdf,D
ZF,25,2023-03-17,1550.0,1700.0,0.096774,25-2020-to-present__20260823084623.pdf,D
ZF,25,2023-06-16,1700.0,1400.0,-0.176471,25-2020-to-present__20260823084623.pdf,D
ZF,25,2023-07-21,1400.0,1325.0,-0.053571,25-2020-to-present__20260823084623.pdf,D
ZF,25,2023-12-12,1325.0,1400.0,0.056604,25-2020-to-present__20260823084623.pdf,D
ZF,25,2024-06-21,1400.0,1300.0,-0.071429,25-2020-to-present__20260823084623.pdf,D
ZF,25,2024-11-01,1300.0,1425.0,0.096154,25-2020-to-present__20260823084623.pdf,D
ZF,25,2024-11-14,1425.0,1300.0,-0.087719,25-2020-to-present__20260823084623.pdf,D
ZF,25,2025-01-31,1300.0,1250.0,-0.038462,25-2020-to-present__20260823084623.pdf,D
ZL,07,2008-03-27,1200.0,1400.0,0.166667,07_2008_to_present__20150528073110.pdf,H
ZL,07,2008-04-01,1400.0,1500.0,0.071429,07_2008_to_present__20150528073110.pdf,H
ZL,07,2008-04-22,1500.0,1700.0,0.133333,07_2008_to_present__20150528073110.pdf,H
ZL,07,2008-06-03,1700.0,1500.0,-0.117647,07_2008_to_present__20150528073110.pdf,H
ZL,07,2009-10-27,1500.0,1000.0,-0.333333,07_2008_to_present__20150528073110.pdf,H
ZL,07,2010-03-30,1000.0,800.0,-0.200000,07_2008_to_present__20150528073110.pdf,H
ZL,07,2010-05-21,800.0,700.0,-0.125000,07_2008_to_present__20150528073110.pdf,H
ZL,07,2010-10-11,700.0,1100.0,0.571429,07_2008_to_present__20150528073110.pdf,H
ZL,07,2010-11-10,1100.0,1300.0,0.181818,07_2008_to_present__20150528073110.pdf,H
ZL,07,2010-11-19,1300.0,1500.0,0.153846,07_2008_to_present__20150528073110.pdf,H
ZL,07,2011-06-13,1500.0,1250.0,-0.166667,07_2008_to_present__20150528073110.pdf,H
ZL,07,2011-09-06,1250.0,1000.0,-0.200000,07_2008_to_present__20150528073110.pdf,H
ZL,07,2012-04-25,1000.0,900.0,-0.100000,07_2008_to_present__20150528073110.pdf,H
ZL,07,2012-06-11,900.0,1000.0,0.111111,07_2008_to_present__20150528073110.pdf,H
ZL,07,2012-06-27,1000.0,1250.0,0.250000,07_2008_to_present__20150528073110.pdf,H
ZL,07,2013-08-20,1250.0,1000.0,-0.200000,07_2008_to_present__20150528073110.pdf,H
ZL,07,2013-08-28,1000.0,1500.0,0.500000,07_2008_to_present__20150528073110.pdf,H
ZL,07,2014-02-14,1500.0,1350.0,-0.100000,07_2008_to_present__20150528073110.pdf,H
ZL,07,2014-05-09,1350.0,1150.0,-0.148148,07_2008_to_present__20150528073110.pdf,H
ZL,07,2014-09-18,1150.0,700.0,-0.391304,07_2008_to_present__20150528073110.pdf,H
ZL,07,2014-12-02,700.0,800.0,0.142857,07_2008_to_present__20150528073110.pdf,H
ZL,07,2015-08-28,800.0,950.0,0.187500,07_2014_to_present__20171129080125.zip,D
ZL,07,2016-02-19,950.0,800.0,-0.157895,07_2014_to_present__20171129080125.zip,D
ZL,07,2016-04-20,800.0,750.0,-0.062500,07_2014_to_present__20171129080125.zip,D
ZL,07,2016-10-07,750.0,650.0,-0.133333,07_2014_to_present__20171129080125.zip,D
ZL,07,2016-10-28,650.0,715.0,0.100000,07_2014_to_present__20171129080125.zip,D
ZL,07,2016-12-09,715.0,825.0,0.153846,07_2014_to_present__20171129080125.zip,D
ZL,07,2017-03-03,825.0,950.0,0.151515,07_2014_to_present__20171129080125.zip,D
ZL,07,2017-06-12,950.0,850.0,-0.105263,07_2014_to_present__20171129080125.zip,D
ZL,07,2017-08-18,850.0,725.0,-0.147059,07_2014_to_present__20171129080125.zip,D
ZL,07,2020-09-22,700.0,750.0,0.071429,07-2020-to-present__20260823084623.pdf,D
ZL,07,2020-10-07,750.0,800.0,0.066667,07-2020-to-present__20260823084623.pdf,D
ZL,07,2020-11-13,800.0,850.0,0.062500,07-2020-to-present__20260823084623.pdf,D
ZL,07,2020-12-29,850.0,1050.0,0.235294,07-2020-to-present__20260823084623.pdf,D
ZL,07,2021-01-04,1050.0,1150.0,0.095238,07-2020-to-present__20260823084623.pdf,D
ZL,07,2021-01-06,1150.0,1300.0,0.130435,07-2020-to-present__20260823084623.pdf,D
ZL,07,2021-01-08,1300.0,1350.0,0.038462,07-2020-to-present__20260823084623.pdf,D
ZL,07,2021-02-05,1350.0,1550.0,0.148148,07-2020-to-present__20260823084623.pdf,D
ZL,07,2021-03-25,1550.0,1700.0,0.096774,07-2020-to-present__20260823084623.pdf,D
ZL,07,2021-04-23,1700.0,1950.0,0.147059,07-2020-to-present__20260823084623.pdf,D
ZL,07,2021-04-30,1950.0,2200.0,0.128205,07-2020-to-present__20260823084623.pdf,D
ZL,07,2021-05-07,2200.0,2300.0,0.045455,07-2020-to-present__20260823084623.pdf,D
ZL,07,2021-06-18,2300.0,2650.0,0.152174,07-2020-to-present__20260823084623.pdf,D
ZL,07,2021-06-22,2650.0,2950.0,0.113208,07-2020-to-present__20260823084623.pdf,D
ZL,07,2021-07-07,2950.0,3100.0,0.050847,07-2020-to-present__20260823084623.pdf,D
ZL,07,2021-09-02,3100.0,2800.0,-0.096774,07-2020-to-present__20260823084623.pdf,D
ZL,07,2021-09-17,2800.0,2500.0,-0.107143,07-2020-to-present__20260823084623.pdf,D
ZL,07,2021-11-03,2500.0,2150.0,-0.140000,07-2020-to-present__20260823084623.pdf,D
ZL,07,2022-02-28,2150.0,2350.0,0.093023,07-2020-to-present__20260823084623.pdf,D
ZL,07,2022-03-02,2350.0,2550.0,0.085106,07-2020-to-present__20260823084623.pdf,D
ZL,07,2022-03-07,2550.0,2800.0,0.098039,07-2020-to-present__20260823084623.pdf,D
ZL,07,2022-07-15,2800.0,3100.0,0.107143,07-2020-to-present__20260823084623.pdf,D
ZL,07,2022-08-01,3100.0,3400.0,0.096774,07-2020-to-present__20260823084623.pdf,D
ZL,07,2022-09-16,3400.0,3000.0,-0.117647,07-2020-to-present__20260823084623.pdf,D
ZL,07,2022-11-04,3000.0,2700.0,-0.100000,07-2020-to-present__20260823084623.pdf,D
ZL,07,2022-12-05,2700.0,3000.0,0.111111,07-2020-to-present__20260823084623.pdf,D
ZL,07,2023-01-11,3000.0,2700.0,-0.100000,07-2020-to-present__20260823084623.pdf,D
ZL,07,2023-03-23,2700.0,2500.0,-0.074074,07-2020-to-present__20260823084623.pdf,D
ZL,07,2023-04-21,2500.0,2300.0,-0.080000,07-2020-to-present__20260823084623.pdf,D
ZL,07,2023-05-25,2300.0,2100.0,-0.086957,07-2020-to-present__20260823084623.pdf,D
ZL,07,2023-06-21,2100.0,2300.0,0.095238,07-2020-to-present__20260823084623.pdf,D
ZL,07,2023-06-23,2300.0,2625.0,0.141304,07-2020-to-present__20260823084623.pdf,D
ZL,07,2023-06-29,2625.0,2850.0,0.085714,07-2020-to-present__20260823084623.pdf,D
ZL,07,2023-07-03,2850.0,3150.0,0.105263,07-2020-to-present__20260823084623.pdf,D
ZL,07,2023-09-21,3150.0,2750.0,-0.126984,07-2020-to-present__20260823084623.pdf,D
ZL,07,2023-09-29,2750.0,2500.0,-0.090909,07-2020-to-present__20260823084623.pdf,D
ZL,07,2023-10-27,2500.0,2200.0,-0.120000,07-2020-to-present__20260823084623.pdf,D
ZL,07,2024-01-10,2200.0,2000.0,-0.090909,07-2020-to-present__20260823084623.pdf,D
ZL,07,2024-02-09,2000.0,1800.0,-0.100000,07-2020-to-present__20260823084623.pdf,D
ZL,07,2024-08-02,1800.0,1700.0,-0.055556,07-2020-to-present__20260823084623.pdf,D
ZL,07,2025-01-17,1700.0,1800.0,0.058824,07-2020-to-present__20260823084623.pdf,D
ZL,07,2025-05-22,1800.0,1900.0,0.055556,07-2020-to-present__20260823084623.pdf,D
ZL,07,2025-06-17,1900.0,2100.0,0.105263,07-2020-to-present__20260823084623.pdf,D
ZM,06,2008-03-18,1500.0,2000.0,0.333333,06_2008_to_present__20150528082925.pdf,H
ZM,06,2009-10-27,2000.0,1500.0,-0.250000,06_2008_to_present__20150528082925.pdf,H
ZM,06,2010-03-30,1500.0,1200.0,-0.200000,06_2008_to_present__20150528082925.pdf,H
ZM,06,2010-05-21,1200.0,1000.0,-0.166667,06_2008_to_present__20150528082925.pdf,H
ZM,06,2010-07-23,1000.0,1100.0,0.100000,06_2008_to_present__20150528082925.pdf,H
ZM,06,2010-09-30,1100.0,1250.0,0.136364,06_2008_to_present__20150528082925.pdf,H
ZM,06,2010-10-11,1250.0,1750.0,0.400000,06_2008_to_present__20150528082925.pdf,H
ZM,06,2010-11-10,1750.0,2000.0,0.142857,06_2008_to_present__20150528082925.pdf,H
ZM,06,2011-06-13,2000.0,1750.0,-0.125000,06_2008_to_present__20150528082925.pdf,H
ZM,06,2011-07-25,1750.0,1500.0,-0.142857,06_2008_to_present__20150528082925.pdf,H
ZM,06,2011-09-06,1500.0,1250.0,-0.166667,06_2008_to_present__20150528082925.pdf,H
ZM,06,2012-04-25,1250.0,1450.0,0.160000,06_2008_to_present__20150528082925.pdf,H
ZM,06,2012-06-11,1450.0,1600.0,0.103448,06_2008_to_present__20150528082925.pdf,H
ZM,06,2012-07-10,1600.0,2000.0,0.250000,06_2008_to_present__20150528082925.pdf,H
ZM,06,2013-08-28,2000.0,2250.0,0.125000,06_2008_to_present__20150528082925.pdf,H
ZM,06,2014-02-14,2250.0,2000.0,-0.111111,06_2008_to_present__20150528082925.pdf,H
ZM,06,2014-05-09,2000.0,1800.0,-0.100000,06_2008_to_present__20150528082925.pdf,H
ZM,06,2014-07-03,1800.0,2000.0,0.111111,06_2008_to_present__20150528082925.pdf,H
ZM,06,2014-08-28,2000.0,1000.0,-0.500000,06_2008_to_present__20150528082925.pdf,H
ZM,06,2014-09-18,1000.0,1500.0,0.500000,06_2008_to_present__20150528082925.pdf,H
ZM,06,2014-10-30,1500.0,2000.0,0.333333,06_2008_to_present__20150528082925.pdf,H
ZM,06,2014-11-11,2000.0,2500.0,0.250000,06_2008_to_present__20150528082925.pdf,H
ZM,06,2015-02-20,2500.0,2100.0,-0.160000,06_2008_to_present__20150528082925.pdf,H
ZM,06,2020-10-02,1100.0,1200.0,0.090909,06-2020-to-present__20251209194057.pdf,D
ZM,06,2020-10-07,1200.0,1350.0,0.125000,06-2020-to-present__20251209194057.pdf,D
ZM,06,2020-11-13,1350.0,1450.0,0.074074,06-2020-to-present__20251209194057.pdf,D
ZM,06,2020-12-29,1450.0,1650.0,0.137931,06-2020-to-present__20251209194057.pdf,D
ZM,06,2021-01-06,1650.0,1800.0,0.090909,06-2020-to-present__20251209194057.pdf,D
ZM,06,2021-01-14,1800.0,2050.0,0.138889,06-2020-to-present__20251209194057.pdf,D
ZM,06,2021-01-26,2050.0,2100.0,0.024390,06-2020-to-present__20251209194057.pdf,D
ZM,06,2021-04-05,2100.0,2500.0,0.190476,06-2020-to-present__20251209194057.pdf,D
ZM,06,2021-04-23,2500.0,2750.0,0.100000,06-2020-to-present__20251209194057.pdf,D
ZM,06,2021-04-30,2750.0,3000.0,0.090909,06-2020-to-present__20251209194057.pdf,D
ZM,06,2021-07-01,3000.0,3300.0,0.100000,06-2020-to-present__20251209194057.pdf,D
ZM,06,2021-09-02,3300.0,2800.0,-0.151515,06-2020-to-present__20251209194057.pdf,D
ZM,06,2021-09-17,2800.0,2525.0,-0.098214,06-2020-to-present__20251209194057.pdf,D
ZM,06,2021-10-01,2525.0,2250.0,-0.108911,06-2020-to-present__20251209194057.pdf,D
ZM,06,2021-10-06,2250.0,2000.0,-0.111111,06-2020-to-present__20251209194057.pdf,D
ZM,06,2021-10-20,2000.0,1750.0,-0.125000,06-2020-to-present__20251209194057.pdf,D
ZM,06,2021-11-03,1750.0,1600.0,-0.085714,06-2020-to-present__20251209194057.pdf,D
ZM,06,2021-11-19,1600.0,1775.0,0.109375,06-2020-to-present__20251209194057.pdf,D
ZM,06,2022-01-13,1775.0,2000.0,0.126761,06-2020-to-present__20251209194057.pdf,D
ZM,06,2022-02-03,2000.0,2300.0,0.150000,06-2020-to-present__20251209194057.pdf,D
ZM,06,2022-02-28,2300.0,2500.0,0.086957,06-2020-to-present__20251209194057.pdf,D
ZM,06,2022-03-02,2500.0,2600.0,0.040000,06-2020-to-present__20251209194057.pdf,D
ZM,06,2022-05-02,2600.0,2400.0,-0.076923,06-2020-to-present__20251209194057.pdf,D
ZM,06,2022-05-17,2400.0,2000.0,-0.166667,06-2020-to-present__20251209194057.pdf,D
ZM,06,2022-07-15,2000.0,2200.0,0.100000,06-2020-to-present__20251209194057.pdf,D
ZM,06,2022-07-29,2200.0,2450.0,0.113636,06-2020-to-present__20251209194057.pdf,D
ZM,06,2022-08-05,2450.0,2800.0,0.142857,06-2020-to-present__20251209194057.pdf,D
ZM,06,2022-11-04,2800.0,2500.0,-0.107143,06-2020-to-present__20251209194057.pdf,D
ZM,06,2023-02-16,2500.0,2300.0,-0.080000,06-2020-to-present__20251209194057.pdf,D
ZM,06,2023-03-23,2300.0,2100.0,-0.086957,06-2020-to-present__20251209194057.pdf,D
ZM,06,2023-05-25,2100.0,1900.0,-0.095238,06-2020-to-present__20251209194057.pdf,D
ZM,06,2023-06-21,1900.0,2075.0,0.092105,06-2020-to-present__20251209194057.pdf,D
ZM,06,2023-06-23,2075.0,2375.0,0.144578,06-2020-to-present__20251209194057.pdf,D
ZM,06,2023-06-29,2375.0,2625.0,0.105263,06-2020-to-present__20251209194057.pdf,D
ZM,06,2023-07-03,2625.0,3000.0,0.142857,06-2020-to-present__20251209194057.pdf,D
ZM,06,2023-07-06,3000.0,3100.0,0.033333,06-2020-to-present__20251209194057.pdf,D
ZM,06,2023-09-21,3100.0,2700.0,-0.129032,06-2020-to-present__20251209194057.pdf,D
ZM,06,2023-10-27,2700.0,2300.0,-0.148148,06-2020-to-present__20251209194057.pdf,D
ZM,06,2024-01-10,2300.0,2100.0,-0.086957,06-2020-to-present__20251209194057.pdf,D
ZM,06,2024-02-09,2100.0,1900.0,-0.095238,06-2020-to-present__20251209194057.pdf,D
ZM,06,2024-05-10,1900.0,2100.0,0.105263,06-2020-to-present__20251209194057.pdf,D
ZM,06,2024-08-02,2100.0,2000.0,-0.047619,06-2020-to-present__20251209194057.pdf,D
ZM,06,2024-10-04,2000.0,2100.0,0.050000,06-2020-to-present__20251209194057.pdf,D
ZM,06,2025-05-09,2100.0,1900.0,-0.095238,06-2020-to-present__20251209194057.pdf,D
ZM,06,2025-06-18,1900.0,1700.0,-0.105263,06-2020-to-present__20251209194057.pdf,D
ZM,06,2025-08-01,1700.0,1550.0,-0.088235,06-2020-to-present__20251209194057.pdf,D
ZN,21,2008-03-26,1400.0,1600.0,0.142857,21_2008_to_present__20150528081416.pdf,H
ZN,21,2008-06-03,1600.0,1400.0,-0.125000,21_2008_to_present__20150528081416.pdf,H
ZN,21,2008-07-17,1400.0,1200.0,-0.142857,21_2008_to_present__20150528081416.pdf,H
ZN,21,2008-09-22,1200.0,1500.0,0.250000,21_2008_to_present__20150528081416.pdf,H
ZN,21,2008-09-30,1500.0,2000.0,0.333333,21_2008_to_present__20150528081416.pdf,H
ZN,21,2008-10-08,2000.0,2200.0,0.100000,21_2008_to_present__20150528081416.pdf,H
ZN,21,2009-04-14,2200.0,2000.0,-0.090909,21_2008_to_present__20150528081416.pdf,H
ZN,21,2009-05-19,2000.0,1800.0,-0.100000,21_2008_to_present__20150528081416.pdf,H
ZN,21,2009-11-27,1800.0,1500.0,-0.166667,21_2008_to_present__20150528081416.pdf,H
ZN,21,2010-03-05,1500.0,1100.0,-0.266667,21_2008_to_present__20150528081416.pdf,H
ZN,21,2010-05-10,1100.0,1300.0,0.181818,21_2008_to_present__20150528081416.pdf,H
ZN,21,2010-07-20,1300.0,1400.0,0.076923,21_2008_to_present__20150528081416.pdf,H
ZN,21,2010-12-17,1400.0,1600.0,0.142857,21_2008_to_present__20150528081416.pdf,H
ZN,21,2011-06-06,1600.0,1300.0,-0.187500,21_2008_to_present__20150528081416.pdf,H
ZN,21,2011-06-21,1300.0,1100.0,-0.153846,21_2008_to_present__20150528081416.pdf,H
ZN,21,2011-07-25,1100.0,1300.0,0.181818,21_2008_to_present__20150528081416.pdf,H
ZN,21,2011-08-11,1300.0,1600.0,0.230769,21_2008_to_present__20150528081416.pdf,H
ZN,21,2012-01-17,1600.0,1300.0,-0.187500,21_2008_to_present__20150528081416.pdf,H
ZN,21,2012-02-03,1300.0,1100.0,-0.153846,21_2008_to_present__20150528081416.pdf,H
ZN,21,2013-07-02,1100.0,1250.0,0.136364,21_2008_to_present__20150528081416.pdf,H
ZN,21,2013-07-10,1250.0,1475.0,0.180000,21_2008_to_present__20150528081416.pdf,H
ZN,21,2014-04-09,1475.0,1300.0,-0.118644,21_2008_to_present__20150528081416.pdf,H
ZN,21,2014-09-19,1300.0,1200.0,-0.076923,21_2008_to_present__20150528081416.pdf,H
ZN,21,2015-01-20,1200.0,1350.0,0.125000,21_2008_to_present__20150528081416.pdf,H
ZN,21,2016-04-08,1350.0,1250.0,-0.074074,21_2014_to_present__20171129085339.zip,D
ZN,21,2016-06-27,1250.0,1350.0,0.080000,21_2014_to_present__20171129085339.zip,D
ZN,21,2016-11-11,1350.0,1450.0,0.074074,21_2014_to_present__20171129085339.zip,D
ZN,21,2017-05-12,1450.0,1300.0,-0.103448,21_2014_to_present__20171129085339.zip,D
ZN,21,2017-06-30,1300.0,1150.0,-0.115385,21_2014_to_present__20171129085339.zip,D
ZN,21,2017-10-20,1150.0,1050.0,-0.086957,21_2014_to_present__20171129085339.zip,D
ZN,21,2019-07-12,1050.0,1100.0,0.047619,21-2019-to-present__20240704030627.pdf,D
ZN,21,2019-08-02,1100.0,1200.0,0.090909,21-2019-to-present__20240704030627.pdf,D
ZN,21,2019-08-08,1200.0,1300.0,0.083333,21-2019-to-present__20240704030627.pdf,D
ZN,21,2019-11-15,1300.0,1150.0,-0.115385,21-2019-to-present__20240704030627.pdf,D
ZN,21,2020-03-03,1150.0,1275.0,0.108696,21-2019-to-present__20240704030627.pdf,D
ZN,21,2020-03-09,1275.0,1375.0,0.078431,21-2019-to-present__20240704030627.pdf,D
ZN,21,2020-03-11,1375.0,1600.0,0.163636,21-2019-to-present__20240704030627.pdf,D
ZN,21,2020-03-13,1600.0,1700.0,0.062500,21-2019-to-present__20240704030627.pdf,D
ZN,21,2020-03-19,1700.0,1850.0,0.088235,21-2019-to-present__20240704030627.pdf,D
ZN,21,2020-04-14,1850.0,2000.0,0.081081,21-2019-to-present__20240704030627.pdf,D
ZN,21,2020-05-26,2000.0,1800.0,-0.100000,21-2019-to-present__20240704030627.pdf,D
ZN,21,2020-06-26,1800.0,1700.0,-0.055556,21-2020-to-present__20250910111732.pdf,D
ZN,21,2020-07-21,1700.0,1550.0,-0.088235,21-2020-to-present__20250910111732.pdf,D
ZN,21,2020-11-20,1550.0,1400.0,-0.096774,21-2020-to-present__20250910111732.pdf,D
ZN,21,2021-01-08,1400.0,1250.0,-0.107143,21-2020-to-present__20250910111732.pdf,D
ZN,21,2021-02-26,1250.0,1400.0,0.120000,21-2020-to-present__20250910111732.pdf,D
ZN,21,2021-04-16,1400.0,1525.0,0.089286,21-2020-to-present__20250910111732.pdf,D
ZN,21,2021-09-10,1525.0,1400.0,-0.081967,21-2020-to-present__20250910111732.pdf,D
ZN,21,2021-11-12,1400.0,1500.0,0.071429,21-2020-to-present__20250910111732.pdf,D
ZN,21,2022-02-15,1500.0,1600.0,0.066667,21-2020-to-present__20250910111732.pdf,D
ZN,21,2022-04-01,1600.0,1700.0,0.062500,21-2020-to-present__20250910111732.pdf,D
ZN,21,2022-06-21,1700.0,1800.0,0.058824,21-2020-to-present__20250910111732.pdf,D
ZN,21,2022-09-30,1800.0,2000.0,0.111111,21-2020-to-present__20250910111732.pdf,D
ZN,21,2022-11-14,2000.0,2200.0,0.100000,21-2020-to-present__20250910111732.pdf,D
ZN,21,2023-01-06,2200.0,1950.0,-0.113636,21-2020-to-present__20250910111732.pdf,D
ZN,21,2023-03-14,1950.0,2250.0,0.153846,21-2020-to-present__20250910111732.pdf,D
ZN,21,2023-06-16,2250.0,2100.0,-0.066667,21-2020-to-present__20250910111732.pdf,D
ZN,21,2023-07-21,2100.0,2000.0,-0.047619,21-2020-to-present__20250910111732.pdf,D
ZN,21,2023-12-12,2000.0,2125.0,0.062500,21-2020-to-present__20250910111732.pdf,D
ZN,21,2024-06-21,2125.0,2000.0,-0.058824,21-2020-to-present__20250910111732.pdf,D
ZN,21,2024-11-01,2000.0,2200.0,0.100000,21-2020-to-present__20250910111732.pdf,D
ZN,21,2024-11-14,2200.0,2000.0,-0.090909,21-2020-to-present__20250910111732.pdf,D
ZN,21,2025-01-31,2000.0,1875.0,-0.062500,21-2020-to-present__20250910111732.pdf,D
ZS,S,2008-03-11,2200.0,2500.0,0.136364,S_2008_to_present__20150528075951.pdf,H
ZS,S,2008-03-27,2500.0,3250.0,0.300000,S_2008_to_present__20150528075951.pdf,H
ZS,S,2008-04-01,3250.0,4000.0,0.230769,S_2008_to_present__20150528075951.pdf,H
ZS,S,2008-04-22,4000.0,3500.0,-0.125000,S_2008_to_present__20150528075951.pdf,H
ZS,S,2008-06-03,3500.0,3000.0,-0.142857,S_2008_to_present__20150528075951.pdf,H
ZS,S,2008-06-12,3000.0,3500.0,0.166667,S_2008_to_present__20150528075951.pdf,H
ZS,S,2009-05-06,3500.0,3000.0,-0.142857,S_2008_to_present__20150528075951.pdf,H
ZS,S,2009-10-27,3000.0,2750.0,-0.083333,S_2008_to_present__20150528075951.pdf,H
ZS,S,2010-05-21,2750.0,2250.0,-0.181818,S_2008_to_present__20150528075951.pdf,H
ZS,S,2010-07-02,2250.0,2000.0,-0.111111,S_2008_to_present__20150528075951.pdf,H
ZS,S,2010-10-11,2000.0,2500.0,0.250000,S_2008_to_present__20150528075951.pdf,H
ZS,S,2010-11-10,2500.0,2750.0,0.100000,S_2008_to_present__20150528075951.pdf,H
ZS,S,2010-11-19,2750.0,3250.0,0.181818,S_2008_to_present__20150528075951.pdf,H
ZS,S,2011-01-14,3250.0,3500.0,0.076923,S_2008_to_present__20150528075951.pdf,H
ZS,S,2011-06-13,3500.0,3250.0,-0.071429,S_2008_to_present__20150528075951.pdf,H
ZS,S,2011-07-25,3250.0,2750.0,-0.153846,S_2008_to_present__20150528075951.pdf,H
ZS,S,2011-09-06,2750.0,2500.0,-0.090909,S_2008_to_present__20150528075951.pdf,H
ZS,S,2012-06-27,2500.0,3000.0,0.200000,S_2008_to_present__20150528075951.pdf,H
ZS,S,2012-07-10,3000.0,3750.0,0.250000,S_2008_to_present__20150528075951.pdf,H
ZS,S,2013-01-15,3750.0,3400.0,-0.093333,S_2008_to_present__20150528075951.pdf,H
ZS,S,2013-08-20,3400.0,3000.0,-0.117647,S_2008_to_present__20150528075951.pdf,H
ZS,S,2013-08-28,3000.0,3500.0,0.166667,S_2008_to_present__20150528075951.pdf,H
ZS,S,2013-11-13,3500.0,2900.0,-0.171429,S_2008_to_present__20150528075951.pdf,H
ZS,S,2014-02-14,2900.0,2500.0,-0.137931,S_2008_to_present__20150528075951.pdf,H
ZS,S,2014-05-09,2500.0,3000.0,0.200000,S_2008_to_present__20150528075951.pdf,H
ZS,S,2014-09-18,3000.0,2500.0,-0.166667,S_2008_to_present__20150528075951.pdf,H
ZS,S,2015-01-09,2500.0,2250.0,-0.100000,S_2008_to_present__20150528075951.pdf,H
ZS,S,2015-02-20,2250.0,2000.0,-0.111111,S_2008_to_present__20150528075951.pdf,H
ZS,S,2015-07-01,2000.0,2300.0,0.150000,S_2014_to_present__20171129083126.zip,D
ZS,S,2015-08-28,2300.0,2600.0,0.130435,S_2014_to_present__20171129083126.zip,D
ZS,S,2016-01-08,2600.0,2100.0,-0.192308,S_2014_to_present__20171129083126.zip,D
ZS,S,2016-02-19,2100.0,1800.0,-0.142857,S_2014_to_present__20171129083126.zip,D
ZS,S,2016-03-10,1800.0,1500.0,-0.166667,S_2014_to_present__20171129083126.zip,D
ZS,S,2016-04-22,1500.0,1750.0,0.166667,S_2014_to_present__20171129083126.zip,D
ZS,S,2016-04-29,1750.0,2000.0,0.142857,S_2014_to_present__20171129083126.zip,D
ZS,S,2016-05-11,2000.0,2300.0,0.150000,S_2014_to_present__20171129083126.zip,D
ZS,S,2016-06-03,2300.0,2600.0,0.130435,S_2014_to_present__20171129083126.zip,D
ZS,S,2016-07-01,2600.0,2900.0,0.115385,S_2014_to_present__20171129083126.zip,D
ZS,S,2016-07-08,2900.0,3100.0,0.068966,S_2014_to_present__20171129083126.zip,D
ZS,S,2016-09-22,3100.0,2700.0,-0.129032,S_2014_to_present__20171129083126.zip,D
ZS,S,2016-10-07,2700.0,2400.0,-0.111111,S_2014_to_present__20171129083126.zip,D
ZS,S,2017-01-20,2400.0,2100.0,-0.125000,S_2014_to_present__20171129083126.zip,D
ZS,S,2017-08-18,2100.0,1900.0,-0.095238,S_2014_to_present__20171129083126.zip,D
ZS,S,2020-09-22,1500.0,1650.0,0.100000,S-2020-to-present__20260728070947.pdf,D
ZS,S,2020-10-07,1650.0,1800.0,0.090909,S-2020-to-present__20260728070947.pdf,D
ZS,S,2020-11-20,1800.0,1900.0,0.055556,S-2020-to-present__20260728070947.pdf,D
ZS,S,2020-12-29,1900.0,2200.0,0.157895,S-2020-to-present__20260728070947.pdf,D
ZS,S,2021-01-04,2200.0,2400.0,0.090909,S-2020-to-present__20260728070947.pdf,D
ZS,S,2021-01-06,2400.0,2750.0,0.145833,S-2020-to-present__20260728070947.pdf,D
ZS,S,2021-01-20,2750.0,2950.0,0.072727,S-2020-to-present__20260728070947.pdf,D
ZS,S,2021-01-26,2950.0,3000.0,0.016949,S-2020-to-present__20260728070947.pdf,D
ZS,S,2021-04-05,3000.0,3350.0,0.116667,S-2020-to-present__20260728070947.pdf,D
ZS,S,2021-04-23,3350.0,3825.0,0.141791,S-2020-to-present__20260728070947.pdf,D
ZS,S,2021-04-30,3825.0,4100.0,0.071895,S-2020-to-present__20260728070947.pdf,D
ZS,S,2021-06-18,4100.0,4500.0,0.097561,S-2020-to-present__20260728070947.pdf,D
ZS,S,2021-07-01,4500.0,5000.0,0.111111,S-2020-to-present__20260728070947.pdf,D
ZS,S,2021-09-17,5000.0,4500.0,-0.100000,S-2020-to-present__20260728070947.pdf,D
ZS,S,2021-10-01,4500.0,4050.0,-0.100000,S-2020-to-present__20260728070947.pdf,D
ZS,S,2021-10-06,4050.0,3600.0,-0.111111,S-2020-to-present__20260728070947.pdf,D
ZS,S,2021-10-20,3600.0,3100.0,-0.138889,S-2020-to-present__20260728070947.pdf,D
ZS,S,2021-11-03,3100.0,2650.0,-0.145161,S-2020-to-present__20260728070947.pdf,D
ZS,S,2022-02-03,2650.0,3050.0,0.150943,S-2020-to-present__20260728070947.pdf,D
ZS,S,2022-02-17,3050.0,3300.0,0.081967,S-2020-to-present__20260728070947.pdf,D
ZS,S,2022-02-28,3300.0,3600.0,0.090909,S-2020-to-present__20260728070947.pdf,D
ZS,S,2022-03-02,3600.0,3800.0,0.055556,S-2020-to-present__20260728070947.pdf,D
ZS,S,2022-03-09,3800.0,4200.0,0.105263,S-2020-to-present__20260728070947.pdf,D
ZS,S,2022-03-25,4200.0,4600.0,0.095238,S-2020-to-present__20260728070947.pdf,D
ZS,S,2022-05-02,4600.0,4000.0,-0.130435,S-2020-to-present__20260728070947.pdf,D
ZS,S,2022-07-15,4000.0,4400.0,0.100000,S-2020-to-present__20260728070947.pdf,D
ZS,S,2022-11-04,4400.0,4000.0,-0.090909,S-2020-to-present__20260728070947.pdf,D
ZS,S,2022-12-09,4000.0,3600.0,-0.100000,S-2020-to-present__20260728070947.pdf,D
ZS,S,2023-02-16,3600.0,3300.0,-0.083333,S-2020-to-present__20260728070947.pdf,D
ZS,S,2023-03-23,3300.0,3100.0,-0.060606,S-2020-to-present__20260728070947.pdf,D
ZS,S,2023-04-21,3100.0,2800.0,-0.096774,S-2020-to-present__20260728070947.pdf,D
ZS,S,2023-05-25,2800.0,2600.0,-0.071429,S-2020-to-present__20260728070947.pdf,D
ZS,S,2023-06-21,2600.0,2850.0,0.096154,S-2020-to-present__20260728070947.pdf,D
ZS,S,2023-06-23,2850.0,3275.0,0.149123,S-2020-to-present__20260728070947.pdf,D
ZS,S,2023-06-29,3275.0,3600.0,0.099237,S-2020-to-present__20260728070947.pdf,D
ZS,S,2023-07-03,3600.0,4200.0,0.166667,S-2020-to-present__20260728070947.pdf,D
ZS,S,2023-09-21,4200.0,3700.0,-0.119048,S-2020-to-present__20260728070947.pdf,D
ZS,S,2023-09-29,3700.0,3300.0,-0.108108,S-2020-to-present__20260728070947.pdf,D
ZS,S,2023-11-30,3300.0,3000.0,-0.090909,S-2020-to-present__20260728070947.pdf,D
ZS,S,2024-01-10,3000.0,2700.0,-0.100000,S-2020-to-present__20260728070947.pdf,D
ZS,S,2024-02-09,2700.0,2400.0,-0.111111,S-2020-to-present__20260728070947.pdf,D
ZS,S,2024-08-02,2400.0,2200.0,-0.083333,S-2020-to-present__20260728070947.pdf,D
ZS,S,2024-10-22,2200.0,2000.0,-0.090909,S-2020-to-present__20260728070947.pdf,D
ZS,S,2025-04-08,2000.0,2150.0,0.075000,S-2020-to-present__20260728070947.pdf,D
ZS,S,2025-08-01,2150.0,2000.0,-0.069767,S-2020-to-present__20260728070947.pdf,D
ZS,S,2026-05-20,2000.0,2200.0,0.100000,S-2020-to-present__20260728070947.pdf,D
ZT,26,2008-03-20,800.0,900.0,0.125000,26_2008_to_present__20150528093404.pdf,H
ZT,26,2008-09-22,900.0,1150.0,0.277778,26_2008_to_present__20150528093404.pdf,H
ZT,26,2008-09-30,1150.0,1500.0,0.304348,26_2008_to_present__20150528093404.pdf,H
ZT,26,2008-10-08,1500.0,1700.0,0.133333,26_2008_to_present__20150528093404.pdf,H
ZT,26,2009-04-14,1700.0,1300.0,-0.235294,26_2008_to_present__20150528093404.pdf,H
ZT,26,2009-05-19,1300.0,800.0,-0.384615,26_2008_to_present__20150528093404.pdf,H
ZT,26,2009-11-27,800.0,600.0,-0.250000,26_2008_to_present__20150528093404.pdf,H
ZT,26,2010-03-05,600.0,800.0,0.333333,26_2008_to_present__20150528093404.pdf,H
ZT,26,2010-07-20,800.0,600.0,-0.250000,26_2008_to_present__20150528093404.pdf,H
ZT,26,2011-03-28,600.0,800.0,0.333333,26_2008_to_present__20150528093404.pdf,H
ZT,26,2011-05-10,800.0,900.0,0.125000,26_2008_to_present__20150528093404.pdf,H
ZT,26,2011-06-21,900.0,500.0,-0.444444,26_2008_to_present__20150528093404.pdf,H
ZT,26,2011-07-25,500.0,600.0,0.200000,26_2008_to_present__20150528093404.pdf,H
ZT,26,2011-09-06,600.0,500.0,-0.166667,26_2008_to_present__20150528093404.pdf,H
ZT,26,2012-01-17,500.0,400.0,-0.200000,26_2008_to_present__20150528093404.pdf,H
ZT,26,2012-02-03,400.0,350.0,-0.125000,26_2008_to_present__20150528093404.pdf,H
ZT,26,2012-02-17,350.0,275.0,-0.214286,26_2008_to_present__20150528093404.pdf,H
ZT,26,2012-10-23,275.0,225.0,-0.181818,26_2008_to_present__20150528093404.pdf,H
ZT,26,2013-09-12,225.0,250.0,0.111111,26_2008_to_present__20150528093404.pdf,H
ZT,26,2014-02-14,250.0,275.0,0.100000,26_2008_to_present__20150528093404.pdf,H
ZT,26,2014-03-21,275.0,310.0,0.127273,26_2008_to_present__20150528093404.pdf,H
ZT,26,2014-06-13,310.0,275.0,-0.112903,26_2008_to_present__20150528093404.pdf,H
ZT,26,2014-10-17,275.0,310.0,0.127273,26_2008_to_present__20150528093404.pdf,H
ZT,26,2014-10-31,310.0,330.0,0.064516,26_2008_to_present__20150528093404.pdf,H
ZT,26,2014-12-12,330.0,400.0,0.212121,26_2008_to_present__20150528093404.pdf,H
ZT,26,2014-12-19,400.0,460.0,0.150000,26_2008_to_present__20150528093404.pdf,H
ZT,26,2015-01-09,460.0,500.0,0.086957,26_2008_to_present__20150528093404.pdf,H
ZT,26,2015-01-20,500.0,550.0,0.100000,26_2008_to_present__20150528093404.pdf,H
ZT,26,2015-02-13,550.0,650.0,0.181818,26_2008_to_present__20150528093404.pdf,H
ZT,26,2019-07-12,450.0,530.0,0.177778,26-2019-to-present__20240704065522.pdf,D
ZT,26,2019-08-02,530.0,600.0,0.132075,26-2019-to-present__20240704065522.pdf,D
ZT,26,2019-08-08,600.0,640.0,0.066667,26-2019-to-present__20240704065522.pdf,D
ZT,26,2019-11-15,640.0,540.0,-0.156250,26-2019-to-present__20240704065522.pdf,D
ZT,26,2020-02-13,540.0,480.0,-0.111111,26-2019-to-present__20240704065522.pdf,D
ZT,26,2020-03-02,480.0,550.0,0.145833,26-2019-to-present__20240704065522.pdf,D
ZT,26,2020-03-04,550.0,610.0,0.109091,26-2019-to-present__20240704065522.pdf,D
ZT,26,2020-03-10,610.0,670.0,0.098361,26-2019-to-present__20240704065522.pdf,D
ZT,26,2020-03-12,670.0,725.0,0.082090,26-2019-to-present__20240704065522.pdf,D
ZT,26,2020-04-28,725.0,625.0,-0.137931,26-2019-to-present__20240704065522.pdf,D
ZT,26,2020-05-13,625.0,550.0,-0.120000,26-2019-to-present__20240704065522.pdf,D
ZT,26,2020-05-26,550.0,475.0,-0.136364,26-2019-to-present__20240704065522.pdf,D
ZT,26,2020-06-19,475.0,425.0,-0.105263,26-2019-to-present__20240704065522.pdf,D
ZT,26,2020-06-26,425.0,400.0,-0.058824,26-2019-to-present__20240704065522.pdf,D
ZT,26,2020-07-21,400.0,360.0,-0.100000,26-2020-to-present__20260823084623.pdf,D
ZT,26,2020-11-13,360.0,320.0,-0.111111,26-2020-to-present__20260823084623.pdf,D
ZT,26,2020-11-20,320.0,300.0,-0.062500,26-2020-to-present__20260823084623.pdf,D
ZT,26,2021-02-26,300.0,325.0,0.083333,26-2020-to-present__20260823084623.pdf,D
ZT,26,2021-03-05,325.0,350.0,0.076923,26-2020-to-present__20260823084623.pdf,D
ZT,26,2021-07-01,350.0,310.0,-0.114286,26-2020-to-present__20260823084623.pdf,D
ZT,26,2021-10-22,310.0,340.0,0.096774,26-2020-to-present__20260823084623.pdf,D
ZT,26,2021-11-05,340.0,375.0,0.102941,26-2020-to-present__20260823084623.pdf,D
ZT,26,2021-11-12,375.0,425.0,0.133333,26-2020-to-present__20260823084623.pdf,D
ZT,26,2021-11-30,425.0,500.0,0.176471,26-2020-to-present__20260823084623.pdf,D
ZT,26,2022-02-01,500.0,540.0,0.080000,26-2020-to-present__20260823084623.pdf,D
ZT,26,2022-02-08,540.0,595.0,0.101852,26-2020-to-present__20260823084623.pdf,D
ZT,26,2022-02-11,595.0,700.0,0.176471,26-2020-to-present__20260823084623.pdf,D
ZT,26,2022-02-15,700.0,840.0,0.200000,26-2020-to-present__20260823084623.pdf,D
ZT,26,2022-04-01,840.0,900.0,0.071429,26-2020-to-present__20260823084623.pdf,D
ZT,26,2022-06-14,900.0,1000.0,0.111111,26-2020-to-present__20260823084623.pdf,D
ZT,26,2022-06-21,1000.0,1050.0,0.050000,26-2020-to-present__20260823084623.pdf,D
ZT,26,2022-11-14,1050.0,1125.0,0.071429,26-2020-to-present__20260823084623.pdf,D
ZT,26,2023-01-06,1125.0,1000.0,-0.111111,26-2020-to-present__20260823084623.pdf,D
ZT,26,2023-03-14,1000.0,1200.0,0.200000,26-2020-to-present__20260823084623.pdf,D
ZT,26,2023-03-17,1200.0,1400.0,0.166667,26-2020-to-present__20260823084623.pdf,D
ZT,26,2023-06-16,1400.0,1150.0,-0.178571,26-2020-to-present__20260823084623.pdf,D
ZT,26,2024-06-21,1150.0,1050.0,-0.086957,26-2020-to-present__20260823084623.pdf,D
ZT,26,2024-08-06,1050.0,1150.0,0.095238,26-2020-to-present__20260823084623.pdf,D
ZT,26,2024-11-01,1150.0,1200.0,0.043478,26-2020-to-present__20260823084623.pdf,D
ZW,W,2008-02-28,3000.0,4000.0,0.333333,W_2008_to_present__20150528093455.pdf,H
ZW,W,2008-03-05,4000.0,4500.0,0.125000,W_2008_to_present__20150528093455.pdf,H
ZW,W,2008-06-03,4500.0,3000.0,-0.333333,W_2008_to_present__20150528093455.pdf,H
ZW,W,2008-07-30,3000.0,2700.0,-0.100000,W_2008_to_present__20150528093455.pdf,H
ZW,W,2008-08-14,2700.0,3000.0,0.111111,W_2008_to_present__20150528093455.pdf,H
ZW,W,2008-11-11,3000.0,2500.0,-0.166667,W_2008_to_present__20150528093455.pdf,H
ZW,W,2009-05-06,2500.0,2000.0,-0.200000,W_2008_to_present__20150528093455.pdf,H
ZW,W,2009-10-27,2000.0,1750.0,-0.125000,W_2008_to_present__20150528093455.pdf,H
ZW,W,2009-12-28,1750.0,1500.0,-0.142857,W_2008_to_present__20150528093455.pdf,H
ZW,W,2010-03-30,1500.0,1200.0,-0.200000,W_2008_to_present__20150528093455.pdf,H
ZW,W,2010-07-02,1200.0,1000.0,-0.166667,W_2008_to_present__20150528093455.pdf,H
ZW,W,2010-07-23,1000.0,1250.0,0.250000,W_2008_to_present__20150528093455.pdf,H
ZW,W,2010-08-05,1250.0,1750.0,0.400000,W_2008_to_present__20150528093455.pdf,H
ZW,W,2010-08-09,1750.0,2500.0,0.428571,W_2008_to_present__20150528093455.pdf,H
ZW,W,2011-03-04,2500.0,3000.0,0.200000,W_2008_to_present__20150528093455.pdf,H
ZW,W,2011-09-06,3000.0,2250.0,-0.250000,W_2008_to_present__20150528093455.pdf,H
ZW,W,2012-06-27,2250.0,2750.0,0.222222,W_2008_to_present__20150528093455.pdf,H
ZW,W,2013-01-15,2750.0,2400.0,-0.127273,W_2008_to_present__20150528093455.pdf,H
ZW,W,2013-08-20,2400.0,2000.0,-0.166667,W_2008_to_present__20150528093455.pdf,H
ZW,W,2013-11-13,2000.0,1650.0,-0.175000,W_2008_to_present__20150528093455.pdf,H
ZW,W,2014-01-31,1650.0,1400.0,-0.151515,W_2008_to_present__20150528093455.pdf,H
ZW,W,2014-05-09,1400.0,1500.0,0.071429,W_2008_to_present__20150528093455.pdf,H
ZW,W,2014-09-18,1500.0,1300.0,-0.133333,W_2008_to_present__20150528093455.pdf,H
ZW,W,2020-07-24,1350.0,1250.0,-0.074074,W-2020-to-present__20250910103811.pdf,D
ZW,W,2020-08-14,1250.0,1150.0,-0.080000,W-2020-to-present__20250910103811.pdf,D
ZW,W,2020-10-02,1150.0,1275.0,0.108696,W-2020-to-present__20250910103811.pdf,D
ZW,W,2020-11-17,1275.0,1375.0,0.078431,W-2020-to-present__20250910103811.pdf,D
ZW,W,2021-01-04,1375.0,1500.0,0.090909,W-2020-to-present__20250910103811.pdf,D
ZW,W,2021-01-06,1500.0,1650.0,0.100000,W-2020-to-present__20250910103811.pdf,D
ZW,W,2021-01-14,1650.0,1800.0,0.090909,W-2020-to-present__20250910103811.pdf,D
ZW,W,2021-02-05,1800.0,1900.0,0.055556,W-2020-to-present__20250910103811.pdf,D
ZW,W,2021-04-26,1900.0,2100.0,0.105263,W-2020-to-present__20250910103811.pdf,D
ZW,W,2021-04-29,2100.0,2300.0,0.095238,W-2020-to-present__20250910103811.pdf,D
ZW,W,2021-09-17,2300.0,2075.0,-0.097826,W-2020-to-present__20250910103811.pdf,D
ZW,W,2021-10-20,2075.0,1875.0,-0.096386,W-2020-to-present__20250910103811.pdf,D
ZW,W,2022-01-27,1875.0,2150.0,0.146667,W-2020-to-present__20250910103811.pdf,D
ZW,W,2022-02-17,2150.0,2375.0,0.104651,W-2020-to-present__20250910103811.pdf,D
ZW,W,2022-02-24,2375.0,2700.0,0.136842,W-2020-to-present__20250910103811.pdf,D
ZW,W,2022-02-28,2700.0,3200.0,0.185185,W-2020-to-present__20250910103811.pdf,D
ZW,W,2022-03-02,3200.0,3800.0,0.187500,W-2020-to-present__20250910103811.pdf,D
ZW,W,2022-03-04,3800.0,4500.0,0.184211,W-2020-to-present__20250910103811.pdf,D
ZW,W,2022-03-07,4500.0,5800.0,0.288889,W-2020-to-present__20250910103811.pdf,D
ZW,W,2022-03-09,5800.0,6700.0,0.155172,W-2020-to-present__20250910103811.pdf,D
ZW,W,2022-03-25,6700.0,6000.0,-0.104478,W-2020-to-present__20250910103811.pdf,D
ZW,W,2022-04-06,6000.0,5100.0,-0.150000,W-2020-to-present__20250910103811.pdf,D
ZW,W,2022-04-12,5100.0,4300.0,-0.156863,W-2020-to-present__20250910103811.pdf,D
ZW,W,2022-04-20,4300.0,4100.0,-0.046512,W-2020-to-present__20250910103811.pdf,D
ZW,W,2022-05-02,4100.0,3500.0,-0.146341,W-2020-to-present__20250910103811.pdf,D
ZW,W,2022-05-17,3500.0,3750.0,0.071429,W-2020-to-present__20250910103811.pdf,D
ZW,W,2022-07-15,3750.0,3300.0,-0.120000,W-2020-to-present__20250910103811.pdf,D
ZW,W,2023-02-16,3300.0,3000.0,-0.090909,W-2020-to-present__20250910103811.pdf,D
ZW,W,2023-03-23,3000.0,2800.0,-0.066667,W-2020-to-present__20250910103811.pdf,D
ZW,W,2023-04-21,2800.0,2550.0,-0.089286,W-2020-to-present__20250910103811.pdf,D
ZW,W,2023-05-25,2550.0,2300.0,-0.098039,W-2020-to-present__20250910103811.pdf,D
ZW,W,2023-06-29,2300.0,2650.0,0.152174,W-2020-to-present__20250910103811.pdf,D
ZW,W,2023-07-20,2650.0,3000.0,0.132075,W-2020-to-present__20250910103811.pdf,D
ZW,W,2023-07-25,3000.0,3300.0,0.100000,W-2020-to-present__20250910103811.pdf,D
ZW,W,2023-10-27,3300.0,2800.0,-0.151515,W-2020-to-present__20250910103811.pdf,D
ZW,W,2024-01-10,2800.0,2600.0,-0.071429,W-2020-to-present__20250910103811.pdf,D
ZW,W,2024-02-09,2600.0,2350.0,-0.096154,W-2020-to-present__20250910103811.pdf,D
ZW,W,2024-04-26,2350.0,2000.0,-0.148936,W-2020-to-present__20250910103811.pdf,D
ZW,W,2024-05-21,2000.0,2100.0,0.050000,W-2020-to-present__20250910103811.pdf,D
ZW,W,2024-08-02,2100.0,1900.0,-0.095238,W-2020-to-present__20250910103811.pdf,D
ZW,W,2024-10-22,1900.0,1750.0,-0.078947,W-2020-to-present__20250910103811.pdf,D
ZW,W,2025-05-09,1750.0,1650.0,-0.057143,W-2020-to-present__20250910103811.pdf,D
