root,date,bd,bd_in_month,index_roll_close,index_annual_roll,index_reset,cl_transition,fund_roll,expiry,ng_spot_last3,eia_report
CL,2017-05-22,16,22,0,0,0,0,0,1,0,0
CL,2017-05-23,17,22,0,0,0,0,0,0,0,0
CL,2017-05-24,18,22,0,0,0,0,0,0,0,1
CL,2017-05-25,19,22,0,0,0,0,0,0,0,0
CL,2017-05-26,20,22,0,0,0,0,0,0,0,0
CL,2017-05-30,21,22,0,0,0,0,0,0,0,0
CL,2017-05-31,22,22,0,0,0,0,0,0,0,0
CL,2017-06-01,1,22,0,0,0,0,0,0,0,1
CL,2017-06-02,2,22,0,0,0,0,0,0,0,0
CL,2017-06-05,3,22,0,0,0,0,0,0,0,0
CL,2017-06-06,4,22,0,0,0,0,1,0,0,0
CL,2017-06-07,5,22,1,0,0,0,1,0,0,1
CL,2017-06-08,6,22,1,0,0,0,1,0,0,0
CL,2017-06-09,7,22,1,0,0,0,1,0,0,0
CL,2017-06-12,8,22,1,0,0,0,0,0,0,0
CL,2017-06-13,9,22,1,0,0,0,0,0,0,0
CL,2017-06-14,10,22,0,0,0,0,0,0,0,1
CL,2017-06-15,11,22,0,0,0,0,0,0,0,0
CL,2017-06-16,12,22,0,0,0,0,0,0,0,0
CL,2017-06-19,13,22,0,0,0,0,0,0,0,0
CL,2017-06-20,14,22,0,0,0,0,0,1,0,0
CL,2017-06-21,15,22,0,0,0,0,0,0,0,1
CL,2017-06-22,16,22,0,0,0,0,0,0,0,0
CL,2017-06-23,17,22,0,0,0,0,0,0,0,0
CL,2017-06-26,18,22,0,0,0,0,0,0,0,0
CL,2017-06-27,19,22,0,0,0,0,0,0,0,0
CL,2017-06-28,20,22,0,0,0,0,0,0,0,1
CL,2017-06-29,21,22,0,0,0,0,0,0,0,0
CL,2017-06-30,22,22,0,0,0,0,0,0,0,0
CL,2017-07-03,1,20,0,0,0,0,0,0,0,0
CL,2017-07-05,2,20,0,0,0,0,0,0,0,0
CL,2017-07-06,3,20,0,0,0,0,1,0,0,1
CL,2017-07-07,4,20,0,0,0,0,1,0,0,0
CL,2017-07-10,5,20,1,0,0,0,1,0,0,0
CL,2017-07-11,6,20,1,0,0,0,1,0,0,0
CL,2017-07-12,7,20,1,0,0,0,0,0,0,1
CL,2017-07-13,8,20,1,0,0,0,0,0,0,0
CL,2017-07-14,9,20,1,0,0,0,0,0,0,0
CL,2017-07-17,10,20,0,0,0,0,0,0,0,0
CL,2017-07-18,11,20,0,0,0,0,0,0,0,0
CL,2017-07-19,12,20,0,0,0,0,0,0,0,1
CL,2017-07-20,13,20,0,0,0,0,0,1,0,0
CL,2017-07-21,14,20,0,0,0,0,0,0,0,0
CL,2017-07-24,15,20,0,0,0,0,0,0,0,0
CL,2017-07-25,16,20,0,0,0,0,0,0,0,0
CL,2017-07-26,17,20,0,0,0,0,0,0,0,1
CL,2017-07-27,18,20,0,0,0,0,0,0,0,0
CL,2017-07-28,19,20,0,0,0,0,0,0,0,0
CL,2017-07-31,20,20,0,0,0,0,0,0,0,0
CL,2017-08-01,1,23,0,0,0,0,0,0,0,0
CL,2017-08-02,2,23,0,0,0,0,0,0,0,1
CL,2017-08-03,3,23,0,0,0,0,0,0,0,0
CL,2017-08-04,4,23,0,0,0,0,0,0,0,0
CL,2017-08-07,5,23,1,0,0,0,0,0,0,0
CL,2017-08-08,6,23,1,0,0,0,1,0,0,0
CL,2017-08-09,7,23,1,0,0,0,1,0,0,1
CL,2017-08-10,8,23,1,0,0,0,1,0,0,0
CL,2017-08-11,9,23,1,0,0,0,1,0,0,0
CL,2017-08-14,10,23,0,0,0,0,0,0,0,0
CL,2017-08-15,11,23,0,0,0,0,0,0,0,0
CL,2017-08-16,12,23,0,0,0,0,0,0,0,1
CL,2017-08-17,13,23,0,0,0,0,0,0,0,0
CL,2017-08-18,14,23,0,0,0,0,0,0,0,0
CL,2017-08-21,15,23,0,0,0,0,0,0,0,0
CL,2017-08-22,16,23,0,0,0,0,0,1,0,0
CL,2017-08-23,17,23,0,0,0,0,0,0,0,1
CL,2017-08-24,18,23,0,0,0,0,0,0,0,0
CL,2017-08-25,19,23,0,0,0,0,0,0,0,0
CL,2017-08-28,20,23,0,0,0,0,0,0,0,0
CL,2017-08-29,21,23,0,0,0,0,0,0,0,0
CL,2017-08-30,22,23,0,0,0,0,0,0,0,1
CL,2017-08-31,23,23,0,0,0,0,0,0,0,0
CL,2017-09-01,1,20,0,0,0,0,0,0,0,0
CL,2017-09-05,2,20,0,0,0,0,0,0,0,0
CL,2017-09-06,3,20,0,0,0,0,1,0,0,0
CL,2017-09-07,4,20,0,0,0,0,1,0,0,1
CL,2017-09-08,5,20,1,0,0,0,1,0,0,0
CL,2017-09-11,6,20,1,0,0,0,1,0,0,0
CL,2017-09-12,7,20,1,0,0,0,0,0,0,0
CL,2017-09-13,8,20,1,0,0,0,0,0,0,1
CL,2017-09-14,9,20,1,0,0,0,0,0,0,0
CL,2017-09-15,10,20,0,0,0,0,0,0,0,0
CL,2017-09-18,11,20,0,0,0,0,0,0,0,0
CL,2017-09-19,12,20,0,0,0,0,0,0,0,0
CL,2017-09-20,13,20,0,0,0,0,0,1,0,1
CL,2017-09-21,14,20,0,0,0,0,0,0,0,0
CL,2017-09-22,15,20,0,0,0,0,0,0,0,0
CL,2017-09-25,16,20,0,0,0,0,0,0,0,0
CL,2017-09-26,17,20,0,0,0,0,0,0,0,0
CL,2017-09-27,18,20,0,0,0,0,0,0,0,1
CL,2017-09-28,19,20,0,0,0,0,0,0,0,0
CL,2017-09-29,20,20,0,0,0,0,0,0,0,0
CL,2017-10-02,1,22,0,0,0,0,0,0,0,0
CL,2017-10-03,2,22,0,0,0,0,0,0,0,0
CL,2017-10-04,3,22,0,0,0,0,0,0,0,1
CL,2017-10-05,4,22,0,0,0,0,0,0,0,0
CL,2017-10-06,5,22,1,0,0,0,1,0,0,0
CL,2017-10-09,6,22,1,0,0,0,1,0,0,0
CL,2017-10-10,7,22,1,0,0,0,1,0,0,0
CL,2017-10-11,8,22,1,0,0,0,1,0,0,0
CL,2017-10-12,9,22,1,0,0,0,0,0,0,1
CL,2017-10-13,10,22,0,0,0,0,0,0,0,0
CL,2017-10-16,11,22,0,0,0,0,0,0,0,0
CL,2017-10-17,12,22,0,0,0,0,0,0,0,0
CL,2017-10-18,13,22,0,0,0,0,0,0,0,1
CL,2017-10-19,14,22,0,0,0,0,0,0,0,0
CL,2017-10-20,15,22,0,0,0,0,0,1,0,0
CL,2017-10-23,16,22,0,0,0,0,0,0,0,0
CL,2017-10-24,17,22,0,0,0,0,0,0,0,0
CL,2017-10-25,18,22,0,0,0,0,0,0,0,1
CL,2017-10-26,19,22,0,0,0,0,0,0,0,0
CL,2017-10-27,20,22,0,0,0,0,0,0,0,0
CL,2017-10-30,21,22,0,0,0,0,0,0,0,0
CL,2017-10-31,22,22,0,0,0,0,0,0,0,0
CL,2017-11-01,1,21,0,0,0,0,0,0,0,1
CL,2017-11-02,2,21,0,0,0,0,0,0,0,0
CL,2017-11-03,3,21,0,0,0,0,0,0,0,0
CL,2017-11-06,4,21,0,0,0,0,1,0,0,0
CL,2017-11-07,5,21,1,0,0,0,1,0,0,0
CL,2017-11-08,6,21,1,0,0,0,1,0,0,1
CL,2017-11-09,7,21,1,0,0,0,1,0,0,0
CL,2017-11-10,8,21,1,0,0,0,0,0,0,0
CL,2017-11-13,9,21,1,0,0,0,0,0,0,0
CL,2017-11-14,10,21,0,0,0,0,0,0,0,0
CL,2017-11-15,11,21,0,0,0,0,0,0,0,1
CL,2017-11-16,12,21,0,0,0,0,0,0,0,0
CL,2017-11-17,13,21,0,0,0,0,0,0,0,0
CL,2017-11-20,14,21,0,0,0,0,0,1,0,0
CL,2017-11-21,15,21,0,0,0,0,0,0,0,0
CL,2017-11-22,16,21,0,0,0,0,0,0,0,1
CL,2017-11-24,17,21,0,0,0,0,0,0,0,0
CL,2017-11-27,18,21,0,0,0,0,0,0,0,0
CL,2017-11-28,19,21,0,0,0,0,0,0,0,0
CL,2017-11-29,20,21,0,0,0,0,0,0,0,1
CL,2017-11-30,21,21,0,0,0,0,0,0,0,0
CL,2017-12-01,1,20,0,0,0,0,0,0,0,0
CL,2017-12-04,2,20,0,0,0,0,0,0,0,0
CL,2017-12-05,3,20,0,0,0,0,1,0,0,0
CL,2017-12-06,4,20,0,0,0,0,1,0,0,1
CL,2017-12-07,5,20,1,0,0,0,1,0,0,0
CL,2017-12-08,6,20,1,0,0,0,1,0,0,0
CL,2017-12-11,7,20,1,0,0,0,0,0,0,0
CL,2017-12-12,8,20,1,0,0,0,0,0,0,0
CL,2017-12-13,9,20,1,0,0,0,0,0,0,1
CL,2017-12-14,10,20,0,0,0,0,0,0,0,0
CL,2017-12-15,11,20,0,0,0,0,0,0,0,0
CL,2017-12-18,12,20,0,0,0,0,0,0,0,0
CL,2017-12-19,13,20,0,0,0,0,0,1,0,0
CL,2017-12-20,14,20,0,0,0,0,0,0,0,1
CL,2017-12-21,15,20,0,0,0,0,0,0,0,0
CL,2017-12-22,16,20,0,0,0,0,0,0,0,0
CL,2017-12-26,17,20,0,0,0,0,0,0,0,0
CL,2017-12-27,18,20,0,0,0,0,0,0,0,0
CL,2017-12-28,19,20,0,0,0,0,0,0,0,1
CL,2017-12-29,20,20,0,0,0,0,0,0,0,0
CL,2018-01-02,1,21,0,0,0,0,0,0,0,0
CL,2018-01-03,2,21,0,0,0,0,0,0,0,0
CL,2018-01-04,3,21,0,0,0,0,0,0,0,1
CL,2018-01-05,4,21,0,0,0,0,0,0,0,0
CL,2018-01-08,5,21,1,0,0,0,1,0,0,0
CL,2018-01-09,6,21,1,0,0,0,1,0,0,0
CL,2018-01-10,7,21,1,0,0,0,1,0,0,1
CL,2018-01-11,8,21,1,0,0,0,1,0,0,0
CL,2018-01-12,9,21,1,0,0,0,0,0,0,0
CL,2018-01-16,10,21,0,0,0,0,0,0,0,0
CL,2018-01-17,11,21,0,0,0,0,0,0,0,0
CL,2018-01-18,12,21,0,0,0,0,0,0,0,1
CL,2018-01-19,13,21,0,0,0,0,0,0,0,0
CL,2018-01-22,14,21,0,0,0,0,0,1,0,0
CL,2018-01-23,15,21,0,0,0,0,0,0,0,0
CL,2018-01-24,16,21,0,0,0,0,0,0,0,1
CL,2018-01-25,17,21,0,0,0,0,0,0,0,0
CL,2018-01-26,18,21,0,0,0,0,0,0,0,0
CL,2018-01-29,19,21,0,0,0,0,0,0,0,0
CL,2018-01-30,20,21,0,0,0,0,0,0,0,0
CL,2018-01-31,21,21,0,0,0,0,0,0,0,1
CL,2018-02-01,1,19,0,0,0,0,0,0,0,0
CL,2018-02-02,2,19,0,0,0,0,0,0,0,0
CL,2018-02-05,3,19,0,0,0,0,0,0,0,0
CL,2018-02-06,4,19,0,0,0,0,1,0,0,0
CL,2018-02-07,5,19,1,0,0,0,1,0,0,1
CL,2018-02-08,6,19,1,0,0,0,1,0,0,0
CL,2018-02-09,7,19,1,0,0,0,1,0,0,0
CL,2018-02-12,8,19,1,0,0,0,0,0,0,0
CL,2018-02-13,9,19,1,0,0,0,0,0,0,0
CL,2018-02-14,10,19,0,0,0,0,0,0,0,1
CL,2018-02-15,11,19,0,0,0,0,0,0,0,0
CL,2018-02-16,12,19,0,0,0,0,0,0,0,0
CL,2018-02-20,13,19,0,0,0,0,0,1,0,0
CL,2018-02-21,14,19,0,0,0,0,0,0,0,0
CL,2018-02-22,15,19,0,0,0,0,0,0,0,1
CL,2018-02-23,16,19,0,0,0,0,0,0,0,0
CL,2018-02-26,17,19,0,0,0,0,0,0,0,0
CL,2018-02-27,18,19,0,0,0,0,0,0,0,0
CL,2018-02-28,19,19,0,0,0,0,0,0,0,1
CL,2018-03-01,1,21,0,0,0,0,0,0,0,0
CL,2018-03-02,2,21,0,0,0,0,0,0,0,0
CL,2018-03-05,3,21,0,0,0,0,0,0,0,0
CL,2018-03-06,4,21,0,0,0,0,1,0,0,0
CL,2018-03-07,5,21,1,0,0,0,1,0,0,1
CL,2018-03-08,6,21,1,0,0,0,1,0,0,0
CL,2018-03-09,7,21,1,0,0,0,1,0,0,0
CL,2018-03-12,8,21,1,0,0,0,0,0,0,0
CL,2018-03-13,9,21,1,0,0,0,0,0,0,0
CL,2018-03-14,10,21,0,0,0,0,0,0,0,1
CL,2018-03-15,11,21,0,0,0,0,0,0,0,0
CL,2018-03-16,12,21,0,0,0,0,0,0,0,0
CL,2018-03-19,13,21,0,0,0,0,0,0,0,0
CL,2018-03-20,14,21,0,0,0,0,0,1,0,0
CL,2018-03-21,15,21,0,0,0,0,0,0,0,1
CL,2018-03-22,16,21,0,0,0,0,0,0,0,0
CL,2018-03-23,17,21,0,0,0,0,0,0,0,0
CL,2018-03-26,18,21,0,0,0,0,0,0,0,0
CL,2018-03-27,19,21,0,0,0,0,0,0,0,0
CL,2018-03-28,20,21,0,0,0,0,0,0,0,1
CL,2018-03-29,21,21,0,0,0,0,0,0,0,0
CL,2018-04-02,1,21,0,0,0,0,0,0,0,0
CL,2018-04-03,2,21,0,0,0,0,0,0,0,0
CL,2018-04-04,3,21,0,0,0,0,0,0,0,1
CL,2018-04-05,4,21,0,0,0,0,0,0,0,0
CL,2018-04-06,5,21,1,0,0,0,1,0,0,0
CL,2018-04-09,6,21,1,0,0,0,1,0,0,0
CL,2018-04-10,7,21,1,0,0,0,1,0,0,0
CL,2018-04-11,8,21,1,0,0,0,1,0,0,1
CL,2018-04-12,9,21,1,0,0,0,0,0,0,0
CL,2018-04-13,10,21,0,0,0,0,0,0,0,0
CL,2018-04-16,11,21,0,0,0,0,0,0,0,0
CL,2018-04-17,12,21,0,0,0,0,0,0,0,0
CL,2018-04-18,13,21,0,0,0,0,0,0,0,1
CL,2018-04-19,14,21,0,0,0,0,0,0,0,0
CL,2018-04-20,15,21,0,0,0,0,0,1,0,0
CL,2018-04-23,16,21,0,0,0,0,0,0,0,0
CL,2018-04-24,17,21,0,0,0,0,0,0,0,0
CL,2018-04-25,18,21,0,0,0,0,0,0,0,1
CL,2018-04-26,19,21,0,0,0,0,0,0,0,0
CL,2018-04-27,20,21,0,0,0,0,0,0,0,0
CL,2018-04-30,21,21,0,0,0,0,0,0,0,0
CL,2018-05-01,1,22,0,0,0,0,0,0,0,0
CL,2018-05-02,2,22,0,0,0,0,0,0,0,1
CL,2018-05-03,3,22,0,0,0,0,0,0,0,0
CL,2018-05-04,4,22,0,0,0,0,0,0,0,0
CL,2018-05-07,5,22,1,0,0,0,0,0,0,0
CL,2018-05-08,6,22,1,0,0,0,1,0,0,0
CL,2018-05-09,7,22,1,0,0,0,1,0,0,1
CL,2018-05-10,8,22,1,0,0,0,1,0,0,0
CL,2018-05-11,9,22,1,0,0,0,1,0,0,0
CL,2018-05-14,10,22,0,0,0,0,0,0,0,0
CL,2018-05-15,11,22,0,0,0,0,0,0,0,0
CL,2018-05-16,12,22,0,0,0,0,0,0,0,1
CL,2018-05-17,13,22,0,0,0,0,0,0,0,0
CL,2018-05-18,14,22,0,0,0,0,0,0,0,0
CL,2018-05-21,15,22,0,0,0,0,0,0,0,0
CL,2018-05-22,16,22,0,0,0,0,0,1,0,0
CL,2018-05-23,17,22,0,0,0,0,0,0,0,1
CL,2018-05-24,18,22,0,0,0,0,0,0,0,0
CL,2018-05-25,19,22,0,0,0,0,0,0,0,0
CL,2018-05-29,20,22,0,0,0,0,0,0,0,0
CL,2018-05-30,21,22,0,0,0,0,0,0,0,0
CL,2018-05-31,22,22,0,0,0,0,0,0,0,1
CL,2018-06-01,1,21,0,0,0,0,0,0,0,0
CL,2018-06-04,2,21,0,0,0,0,0,0,0,0
CL,2018-06-05,3,21,0,0,0,0,0,0,0,0
CL,2018-06-06,4,21,0,0,0,0,1,0,0,1
CL,2018-06-07,5,21,1,0,0,0,1,0,0,0
CL,2018-06-08,6,21,1,0,0,0,1,0,0,0
CL,2018-06-11,7,21,1,0,0,0,1,0,0,0
CL,2018-06-12,8,21,1,0,0,0,0,0,0,0
CL,2018-06-13,9,21,1,0,0,0,0,0,0,1
CL,2018-06-14,10,21,0,0,0,0,0,0,0,0
CL,2018-06-15,11,21,0,0,0,0,0,0,0,0
CL,2018-06-18,12,21,0,0,0,0,0,0,0,0
CL,2018-06-19,13,21,0,0,0,0,0,0,0,0
CL,2018-06-20,14,21,0,0,0,0,0,1,0,1
CL,2018-06-21,15,21,0,0,0,0,0,0,0,0
CL,2018-06-22,16,21,0,0,0,0,0,0,0,0
CL,2018-06-25,17,21,0,0,0,0,0,0,0,0
CL,2018-06-26,18,21,0,0,0,0,0,0,0,0
CL,2018-06-27,19,21,0,0,0,0,0,0,0,1
CL,2018-06-28,20,21,0,0,0,0,0,0,0,0
CL,2018-06-29,21,21,0,0,0,0,0,0,0,0
CL,2018-07-02,1,21,0,0,0,0,0,0,0,0
CL,2018-07-03,2,21,0,0,0,0,0,0,0,0
CL,2018-07-05,3,21,0,0,0,0,0,0,0,1
CL,2018-07-06,4,21,0,0,0,0,1,0,0,0
CL,2018-07-09,5,21,1,0,0,0,1,0,0,0
CL,2018-07-10,6,21,1,0,0,0,1,0,0,0
CL,2018-07-11,7,21,1,0,0,0,1,0,0,1
CL,2018-07-12,8,21,1,0,0,0,0,0,0,0
CL,2018-07-13,9,21,1,0,0,0,0,0,0,0
CL,2018-07-16,10,21,0,0,0,0,0,0,0,0
CL,2018-07-17,11,21,0,0,0,0,0,0,0,0
CL,2018-07-18,12,21,0,0,0,0,0,0,0,1
CL,2018-07-19,13,21,0,0,0,0,0,0,0,0
CL,2018-07-20,14,21,0,0,0,0,0,1,0,0
CL,2018-07-23,15,21,0,0,0,0,0,0,0,0
CL,2018-07-24,16,21,0,0,0,0,0,0,0,0
CL,2018-07-25,17,21,0,0,0,0,0,0,0,1
CL,2018-07-26,18,21,0,0,0,0,0,0,0,0
CL,2018-07-27,19,21,0,0,0,0,0,0,0,0
CL,2018-07-30,20,21,0,0,0,0,0,0,0,0
CL,2018-07-31,21,21,0,0,0,0,0,0,0,0
CL,2018-08-01,1,23,0,0,0,0,0,0,0,1
CL,2018-08-02,2,23,0,0,0,0,0,0,0,0
CL,2018-08-03,3,23,0,0,0,0,0,0,0,0
CL,2018-08-06,4,23,0,0,0,0,0,0,0,0
CL,2018-08-07,5,23,1,0,0,0,1,0,0,0
CL,2018-08-08,6,23,1,0,0,0,1,0,0,1
CL,2018-08-09,7,23,1,0,0,0,1,0,0,0
CL,2018-08-10,8,23,1,0,0,0,1,0,0,0
CL,2018-08-13,9,23,1,0,0,0,0,0,0,0
CL,2018-08-14,10,23,0,0,0,0,0,0,0,0
CL,2018-08-15,11,23,0,0,0,0,0,0,0,1
CL,2018-08-16,12,23,0,0,0,0,0,0,0,0
CL,2018-08-17,13,23,0,0,0,0,0,0,0,0
CL,2018-08-20,14,23,0,0,0,0,0,0,0,0
CL,2018-08-21,15,23,0,0,0,0,0,1,0,0
CL,2018-08-22,16,23,0,0,0,0,0,0,0,1
CL,2018-08-23,17,23,0,0,0,0,0,0,0,0
CL,2018-08-24,18,23,0,0,0,0,0,0,0,0
CL,2018-08-27,19,23,0,0,0,0,0,0,0,0
CL,2018-08-28,20,23,0,0,0,0,0,0,0,0
CL,2018-08-29,21,23,0,0,0,0,0,0,0,1
CL,2018-08-30,22,23,0,0,0,0,0,0,0,0
CL,2018-08-31,23,23,0,0,0,0,0,0,0,0
CL,2018-09-04,1,19,0,0,0,0,0,0,0,0
CL,2018-09-05,2,19,0,0,0,0,0,0,0,0
CL,2018-09-06,3,19,0,0,0,0,1,0,0,1
CL,2018-09-07,4,19,0,0,0,0,1,0,0,0
CL,2018-09-10,5,19,1,0,0,0,1,0,0,0
CL,2018-09-11,6,19,1,0,0,0,1,0,0,0
CL,2018-09-12,7,19,1,0,0,0,0,0,0,1
CL,2018-09-13,8,19,1,0,0,0,0,0,0,0
CL,2018-09-14,9,19,1,0,0,0,0,0,0,0
CL,2018-09-17,10,19,0,0,0,0,0,0,0,0
CL,2018-09-18,11,19,0,0,0,0,0,0,0,0
CL,2018-09-19,12,19,0,0,0,0,0,0,0,1
CL,2018-09-20,13,19,0,0,0,0,0,1,0,0
CL,2018-09-21,14,19,0,0,0,0,0,0,0,0
CL,2018-09-24,15,19,0,0,0,0,0,0,0,0
CL,2018-09-25,16,19,0,0,0,0,0,0,0,0
CL,2018-09-26,17,19,0,0,0,0,0,0,0,1
CL,2018-09-27,18,19,0,0,0,0,0,0,0,0
CL,2018-09-28,19,19,0,0,0,0,0,0,0,0
CL,2018-10-01,1,23,0,0,0,0,0,0,0,0
CL,2018-10-02,2,23,0,0,0,0,0,0,0,0
CL,2018-10-03,3,23,0,0,0,0,0,0,0,1
CL,2018-10-04,4,23,0,0,0,0,0,0,0,0
CL,2018-10-05,5,23,1,0,0,0,0,0,0,0
CL,2018-10-08,6,23,1,0,0,0,1,0,0,0
CL,2018-10-09,7,23,1,0,0,0,1,0,0,0
CL,2018-10-10,8,23,1,0,0,0,1,0,0,0
CL,2018-10-11,9,23,1,0,0,0,1,0,0,1
CL,2018-10-12,10,23,0,0,0,0,0,0,0,0
CL,2018-10-15,11,23,0,0,0,0,0,0,0,0
CL,2018-10-16,12,23,0,0,0,0,0,0,0,0
CL,2018-10-17,13,23,0,0,0,0,0,0,0,1
CL,2018-10-18,14,23,0,0,0,0,0,0,0,0
CL,2018-10-19,15,23,0,0,0,0,0,0,0,0
CL,2018-10-22,16,23,0,0,0,0,0,1,0,0
CL,2018-10-23,17,23,0,0,0,0,0,0,0,0
CL,2018-10-24,18,23,0,0,0,0,0,0,0,1
CL,2018-10-25,19,23,0,0,0,0,0,0,0,0
CL,2018-10-26,20,23,0,0,0,0,0,0,0,0
CL,2018-10-29,21,23,0,0,0,0,0,0,0,0
CL,2018-10-30,22,23,0,0,0,0,0,0,0,0
CL,2018-10-31,23,23,0,0,0,0,0,0,0,1
CL,2018-11-01,1,21,0,0,0,0,0,0,0,0
CL,2018-11-02,2,21,0,0,0,0,0,0,0,0
CL,2018-11-05,3,21,0,0,0,0,1,0,0,0
CL,2018-11-06,4,21,0,0,0,0,1,0,0,0
CL,2018-11-07,5,21,1,0,0,0,1,0,0,1
CL,2018-11-08,6,21,1,0,0,0,1,0,0,0
CL,2018-11-09,7,21,1,0,0,0,0,0,0,0
CL,2018-11-12,8,21,1,0,0,0,0,0,0,0
CL,2018-11-13,9,21,1,0,0,0,0,0,0,0
CL,2018-11-14,10,21,0,0,0,0,0,0,0,0
CL,2018-11-15,11,21,0,0,0,0,0,0,0,1
CL,2018-11-16,12,21,0,0,0,0,0,0,0,0
CL,2018-11-19,13,21,0,0,0,0,0,1,0,0
CL,2018-11-20,14,21,0,0,0,0,0,0,0,0
CL,2018-11-21,15,21,0,0,0,0,0,0,0,1
CL,2018-11-23,16,21,0,0,0,0,0,0,0,0
CL,2018-11-26,17,21,0,0,0,0,0,0,0,0
CL,2018-11-27,18,21,0,0,0,0,0,0,0,0
CL,2018-11-28,19,21,0,0,0,0,0,0,0,1
CL,2018-11-29,20,21,0,0,0,0,0,0,0,0
CL,2018-11-30,21,21,0,0,0,0,0,0,0,0
CL,2018-12-03,1,20,0,0,0,0,0,0,0,0
CL,2018-12-04,2,20,0,0,0,0,0,0,0,0
CL,2018-12-05,3,20,0,0,0,0,1,0,0,0
CL,2018-12-06,4,20,0,0,0,0,1,0,0,1
CL,2018-12-07,5,20,1,0,0,0,1,0,0,0
CL,2018-12-10,6,20,1,0,0,0,1,0,0,0
CL,2018-12-11,7,20,1,0,0,0,0,0,0,0
CL,2018-12-12,8,20,1,0,0,0,0,0,0,1
CL,2018-12-13,9,20,1,0,0,0,0,0,0,0
CL,2018-12-14,10,20,0,0,0,0,0,0,0,0
CL,2018-12-17,11,20,0,0,0,0,0,0,0,0
CL,2018-12-18,12,20,0,0,0,0,0,0,0,0
CL,2018-12-19,13,20,0,0,0,0,0,1,0,1
CL,2018-12-20,14,20,0,0,0,0,0,0,0,0
CL,2018-12-21,15,20,0,0,0,0,0,0,0,0
CL,2018-12-24,16,20,0,0,0,0,0,0,0,0
CL,2018-12-26,17,20,0,0,0,0,0,0,0,0
CL,2018-12-27,18,20,0,0,0,0,0,0,0,0
CL,2018-12-28,19,20,0,0,0,0,0,0,0,1
CL,2018-12-31,20,20,0,0,0,0,0,0,0,0
CL,2019-01-02,1,21,0,0,0,0,0,0,0,0
CL,2019-01-03,2,21,0,0,0,0,0,0,0,0
CL,2019-01-04,3,21,0,0,0,0,0,0,0,1
CL,2019-01-07,4,21,0,0,0,0,0,0,0,0
CL,2019-01-08,5,21,1,0,0,0,1,0,0,0
CL,2019-01-09,6,21,1,0,0,0,1,0,0,1
CL,2019-01-10,7,21,1,0,0,0,1,0,0,0
CL,2019-01-11,8,21,1,0,0,0,1,0,0,0
CL,2019-01-14,9,21,1,0,0,0,0,0,0,0
CL,2019-01-15,10,21,0,0,0,0,0,0,0,0
CL,2019-01-16,11,21,0,0,0,0,0,0,0,1
CL,2019-01-17,12,21,0,0,0,0,0,0,0,0
CL,2019-01-18,13,21,0,0,0,0,0,0,0,0
CL,2019-01-22,14,21,0,0,0,0,0,1,0,0
CL,2019-01-23,15,21,0,0,0,0,0,0,0,0
CL,2019-01-24,16,21,0,0,0,0,0,0,0,1
CL,2019-01-25,17,21,0,0,0,0,0,0,0,0
CL,2019-01-28,18,21,0,0,0,0,0,0,0,0
CL,2019-01-29,19,21,0,0,0,0,0,0,0,0
CL,2019-01-30,20,21,0,0,0,0,0,0,0,1
CL,2019-01-31,21,21,0,0,0,0,0,0,0,0
CL,2019-02-01,1,19,0,0,0,0,0,0,0,0
CL,2019-02-04,2,19,0,0,0,0,0,0,0,0
CL,2019-02-05,3,19,0,0,0,0,0,0,0,0
CL,2019-02-06,4,19,0,0,0,0,1,0,0,1
CL,2019-02-07,5,19,1,0,0,0,1,0,0,0
CL,2019-02-08,6,19,1,0,0,0,1,0,0,0
CL,2019-02-11,7,19,1,0,0,0,1,0,0,0
CL,2019-02-12,8,19,1,0,0,0,0,0,0,0
CL,2019-02-13,9,19,1,0,0,0,0,0,0,1
CL,2019-02-14,10,19,0,0,0,0,0,0,0,0
CL,2019-02-15,11,19,0,0,0,0,0,0,0,0
CL,2019-02-19,12,19,0,0,0,0,0,0,0,0
CL,2019-02-20,13,19,0,0,0,0,0,1,0,0
CL,2019-02-21,14,19,0,0,0,0,0,0,0,1
CL,2019-02-22,15,19,0,0,0,0,0,0,0,0
CL,2019-02-25,16,19,0,0,0,0,0,0,0,0
CL,2019-02-26,17,19,0,0,0,0,0,0,0,0
CL,2019-02-27,18,19,0,0,0,0,0,0,0,1
CL,2019-02-28,19,19,0,0,0,0,0,0,0,0
CL,2019-03-01,1,21,0,0,0,0,0,0,0,0
CL,2019-03-04,2,21,0,0,0,0,0,0,0,0
CL,2019-03-05,3,21,0,0,0,0,0,0,0,0
CL,2019-03-06,4,21,0,0,0,0,1,0,0,1
CL,2019-03-07,5,21,1,0,0,0,1,0,0,0
CL,2019-03-08,6,21,1,0,0,0,1,0,0,0
CL,2019-03-11,7,21,1,0,0,0,1,0,0,0
CL,2019-03-12,8,21,1,0,0,0,0,0,0,0
CL,2019-03-13,9,21,1,0,0,0,0,0,0,1
CL,2019-03-14,10,21,0,0,0,0,0,0,0,0
CL,2019-03-15,11,21,0,0,0,0,0,0,0,0
CL,2019-03-18,12,21,0,0,0,0,0,0,0,0
CL,2019-03-19,13,21,0,0,0,0,0,0,0,0
CL,2019-03-20,14,21,0,0,0,0,0,1,0,1
CL,2019-03-21,15,21,0,0,0,0,0,0,0,0
CL,2019-03-22,16,21,0,0,0,0,0,0,0,0
CL,2019-03-25,17,21,0,0,0,0,0,0,0,0
CL,2019-03-26,18,21,0,0,0,0,0,0,0,0
CL,2019-03-27,19,21,0,0,0,0,0,0,0,1
CL,2019-03-28,20,21,0,0,0,0,0,0,0,0
CL,2019-03-29,21,21,0,0,0,0,0,0,0,0
CL,2019-04-01,1,21,0,0,0,0,0,0,0,0
CL,2019-04-02,2,21,0,0,0,0,0,0,0,0
CL,2019-04-03,3,21,0,0,0,0,0,0,0,1
CL,2019-04-04,4,21,0,0,0,0,0,0,0,0
CL,2019-04-05,5,21,1,0,0,0,0,0,0,0
CL,2019-04-08,6,21,1,0,0,0,1,0,0,0
CL,2019-04-09,7,21,1,0,0,0,1,0,0,0
CL,2019-04-10,8,21,1,0,0,0,1,0,0,1
CL,2019-04-11,9,21,1,0,0,0,1,0,0,0
CL,2019-04-12,10,21,0,0,0,0,0,0,0,0
CL,2019-04-15,11,21,0,0,0,0,0,0,0,0
CL,2019-04-16,12,21,0,0,0,0,0,0,0,0
CL,2019-04-17,13,21,0,0,0,0,0,0,0,1
CL,2019-04-18,14,21,0,0,0,0,0,0,0,0
CL,2019-04-22,15,21,0,0,0,0,0,1,0,0
CL,2019-04-23,16,21,0,0,0,0,0,0,0,0
CL,2019-04-24,17,21,0,0,0,0,0,0,0,1
CL,2019-04-25,18,21,0,0,0,0,0,0,0,0
CL,2019-04-26,19,21,0,0,0,0,0,0,0,0
CL,2019-04-29,20,21,0,0,0,0,0,0,0,0
CL,2019-04-30,21,21,0,0,0,0,0,0,0,0
CL,2019-05-01,1,22,0,0,0,0,0,0,0,1
CL,2019-05-02,2,22,0,0,0,0,0,0,0,0
CL,2019-05-03,3,22,0,0,0,0,0,0,0,0
CL,2019-05-06,4,22,0,0,0,0,0,0,0,0
CL,2019-05-07,5,22,1,0,0,0,1,0,0,0
CL,2019-05-08,6,22,1,0,0,0,1,0,0,1
CL,2019-05-09,7,22,1,0,0,0,1,0,0,0
CL,2019-05-10,8,22,1,0,0,0,1,0,0,0
CL,2019-05-13,9,22,1,0,0,0,0,0,0,0
CL,2019-05-14,10,22,0,0,0,0,0,0,0,0
CL,2019-05-15,11,22,0,0,0,0,0,0,0,1
CL,2019-05-16,12,22,0,0,0,0,0,0,0,0
CL,2019-05-17,13,22,0,0,0,0,0,0,0,0
CL,2019-05-20,14,22,0,0,0,0,0,0,0,0
CL,2019-05-21,15,22,0,0,0,0,0,1,0,0
CL,2019-05-22,16,22,0,0,0,0,0,0,0,1
CL,2019-05-23,17,22,0,0,0,0,0,0,0,0
CL,2019-05-24,18,22,0,0,0,0,0,0,0,0
CL,2019-05-28,19,22,0,0,0,0,0,0,0,0
CL,2019-05-29,20,22,0,0,0,0,0,0,0,0
CL,2019-05-30,21,22,0,0,0,0,0,0,0,1
CL,2019-05-31,22,22,0,0,0,0,0,0,0,0
CL,2019-06-03,1,20,0,0,0,0,0,0,0,0
CL,2019-06-04,2,20,0,0,0,0,0,0,0,0
CL,2019-06-05,3,20,0,0,0,0,0,0,0,1
CL,2019-06-06,4,20,0,0,0,0,1,0,0,0
CL,2019-06-07,5,20,1,0,0,0,1,0,0,0
CL,2019-06-10,6,20,1,0,0,0,1,0,0,0
CL,2019-06-11,7,20,1,0,0,0,1,0,0,0
CL,2019-06-12,8,20,1,0,0,0,0,0,0,1
CL,2019-06-13,9,20,1,0,0,0,0,0,0,0
CL,2019-06-14,10,20,0,0,0,0,0,0,0,0
CL,2019-06-17,11,20,0,0,0,0,0,0,0,0
CL,2019-06-18,12,20,0,0,0,0,0,0,0,0
CL,2019-06-19,13,20,0,0,0,0,0,0,0,1
CL,2019-06-20,14,20,0,0,0,0,0,1,0,0
CL,2019-06-21,15,20,0,0,0,0,0,0,0,0
CL,2019-06-24,16,20,0,0,0,0,0,0,0,0
CL,2019-06-25,17,20,0,0,0,0,0,0,0,0
CL,2019-06-26,18,20,0,0,0,0,0,0,0,1
CL,2019-06-27,19,20,0,0,0,0,0,0,0,0
CL,2019-06-28,20,20,0,0,0,0,0,0,0,0
CL,2019-07-01,1,22,0,0,0,0,0,0,0,0
CL,2019-07-02,2,22,0,0,0,0,0,0,0,0
CL,2019-07-03,3,22,0,0,0,0,0,0,0,1
CL,2019-07-05,4,22,0,0,0,0,0,0,0,0
CL,2019-07-08,5,22,1,0,0,0,1,0,0,0
CL,2019-07-09,6,22,1,0,0,0,1,0,0,0
CL,2019-07-10,7,22,1,0,0,0,1,0,0,1
CL,2019-07-11,8,22,1,0,0,0,1,0,0,0
CL,2019-07-12,9,22,1,0,0,0,0,0,0,0
CL,2019-07-15,10,22,0,0,0,0,0,0,0,0
CL,2019-07-16,11,22,0,0,0,0,0,0,0,0
CL,2019-07-17,12,22,0,0,0,0,0,0,0,1
CL,2019-07-18,13,22,0,0,0,0,0,0,0,0
CL,2019-07-19,14,22,0,0,0,0,0,0,0,0
CL,2019-07-22,15,22,0,0,0,0,0,1,0,0
CL,2019-07-23,16,22,0,0,0,0,0,0,0,0
CL,2019-07-24,17,22,0,0,0,0,0,0,0,1
CL,2019-07-25,18,22,0,0,0,0,0,0,0,0
CL,2019-07-26,19,22,0,0,0,0,0,0,0,0
CL,2019-07-29,20,22,0,0,0,0,0,0,0,0
CL,2019-07-30,21,22,0,0,0,0,0,0,0,0
CL,2019-07-31,22,22,0,0,0,0,0,0,0,1
CL,2019-08-01,1,22,0,0,0,0,0,0,0,0
CL,2019-08-02,2,22,0,0,0,0,0,0,0,0
CL,2019-08-05,3,22,0,0,0,0,0,0,0,0
CL,2019-08-06,4,22,0,0,0,0,1,0,0,0
CL,2019-08-07,5,22,1,0,0,0,1,0,0,1
CL,2019-08-08,6,22,1,0,0,0,1,0,0,0
CL,2019-08-09,7,22,1,0,0,0,1,0,0,0
CL,2019-08-12,8,22,1,0,0,0,0,0,0,0
CL,2019-08-13,9,22,1,0,0,0,0,0,0,0
CL,2019-08-14,10,22,0,0,0,0,0,0,0,1
CL,2019-08-15,11,22,0,0,0,0,0,0,0,0
CL,2019-08-16,12,22,0,0,0,0,0,0,0,0
CL,2019-08-19,13,22,0,0,0,0,0,0,0,0
CL,2019-08-20,14,22,0,0,0,0,0,1,0,0
CL,2019-08-21,15,22,0,0,0,0,0,0,0,1
CL,2019-08-22,16,22,0,0,0,0,0,0,0,0
CL,2019-08-23,17,22,0,0,0,0,0,0,0,0
CL,2019-08-26,18,22,0,0,0,0,0,0,0,0
CL,2019-08-27,19,22,0,0,0,0,0,0,0,0
CL,2019-08-28,20,22,0,0,0,0,0,0,0,1
CL,2019-08-29,21,22,0,0,0,0,0,0,0,0
CL,2019-08-30,22,22,0,0,0,0,0,0,0,0
CL,2019-09-03,1,20,0,0,0,0,0,0,0,0
CL,2019-09-04,2,20,0,0,0,0,0,0,0,0
CL,2019-09-05,3,20,0,0,0,0,0,0,0,1
CL,2019-09-06,4,20,0,0,0,0,1,0,0,0
CL,2019-09-09,5,20,1,0,0,0,1,0,0,0
CL,2019-09-10,6,20,1,0,0,0,1,0,0,0
CL,2019-09-11,7,20,1,0,0,0,1,0,0,1
CL,2019-09-12,8,20,1,0,0,0,0,0,0,0
CL,2019-09-13,9,20,1,0,0,0,0,0,0,0
CL,2019-09-16,10,20,0,0,0,0,0,0,0,0
CL,2019-09-17,11,20,0,0,0,0,0,0,0,0
CL,2019-09-18,12,20,0,0,0,0,0,0,0,1
CL,2019-09-19,13,20,0,0,0,0,0,0,0,0
CL,2019-09-20,14,20,0,0,0,0,0,1,0,0
CL,2019-09-23,15,20,0,0,0,0,0,0,0,0
CL,2019-09-24,16,20,0,0,0,0,0,0,0,0
CL,2019-09-25,17,20,0,0,0,0,0,0,0,1
CL,2019-09-26,18,20,0,0,0,0,0,0,0,0
CL,2019-09-27,19,20,0,0,0,0,0,0,0,0
CL,2019-09-30,20,20,0,0,0,0,0,0,0,0
CL,2019-10-01,1,23,0,0,0,0,0,0,0,0
CL,2019-10-02,2,23,0,0,0,0,0,0,0,1
CL,2019-10-03,3,23,0,0,0,0,0,0,0,0
CL,2019-10-04,4,23,0,0,0,0,0,0,0,0
CL,2019-10-07,5,23,1,0,0,0,0,0,0,0
CL,2019-10-08,6,23,1,0,0,0,1,0,0,0
CL,2019-10-09,7,23,1,0,0,0,1,0,0,1
CL,2019-10-10,8,23,1,0,0,0,1,0,0,0
CL,2019-10-11,9,23,1,0,0,0,1,0,0,0
CL,2019-10-14,10,23,0,0,0,0,0,0,0,0
CL,2019-10-15,11,23,0,0,0,0,0,0,0,0
CL,2019-10-16,12,23,0,0,0,0,0,0,0,0
CL,2019-10-17,13,23,0,0,0,0,0,0,0,1
CL,2019-10-18,14,23,0,0,0,0,0,0,0,0
CL,2019-10-21,15,23,0,0,0,0,0,0,0,0
CL,2019-10-22,16,23,0,0,0,0,0,1,0,0
CL,2019-10-23,17,23,0,0,0,0,0,0,0,1
CL,2019-10-24,18,23,0,0,0,0,0,0,0,0
CL,2019-10-25,19,23,0,0,0,0,0,0,0,0
CL,2019-10-28,20,23,0,0,0,0,0,0,0,0
CL,2019-10-29,21,23,0,0,0,0,0,0,0,0
CL,2019-10-30,22,23,0,0,0,0,0,0,0,1
CL,2019-10-31,23,23,0,0,0,0,0,0,0,0
CL,2019-11-01,1,20,0,0,0,0,0,0,0,0
CL,2019-11-04,2,20,0,0,0,0,0,0,0,0
CL,2019-11-05,3,20,0,0,0,0,0,0,0,0
CL,2019-11-06,4,20,0,0,0,0,1,0,0,1
CL,2019-11-07,5,20,1,0,0,0,1,0,0,0
CL,2019-11-08,6,20,1,0,0,0,1,0,0,0
CL,2019-11-11,7,20,1,0,0,0,1,0,0,0
CL,2019-11-12,8,20,1,0,0,0,0,0,0,0
CL,2019-11-13,9,20,1,0,0,0,0,0,0,0
CL,2019-11-14,10,20,0,0,0,0,0,0,0,1
CL,2019-11-15,11,20,0,0,0,0,0,0,0,0
CL,2019-11-18,12,20,0,0,0,0,0,0,0,0
CL,2019-11-19,13,20,0,0,0,0,0,0,0,0
CL,2019-11-20,14,20,0,0,0,0,0,1,0,1
CL,2019-11-21,15,20,0,0,0,0,0,0,0,0
CL,2019-11-22,16,20,0,0,0,0,0,0,0,0
CL,2019-11-25,17,20,0,0,0,0,0,0,0,0
CL,2019-11-26,18,20,0,0,0,0,0,0,0,0
CL,2019-11-27,19,20,0,0,0,0,0,0,0,1
CL,2019-11-29,20,20,0,0,0,0,0,0,0,0
CL,2019-12-02,1,21,0,0,0,0,0,0,0,0
CL,2019-12-03,2,21,0,0,0,0,0,0,0,0
CL,2019-12-04,3,21,0,0,0,0,0,0,0,1
CL,2019-12-05,4,21,0,0,0,0,1,0,0,0
CL,2019-12-06,5,21,1,0,0,0,1,0,0,0
CL,2019-12-09,6,21,1,0,0,0,1,0,0,0
CL,2019-12-10,7,21,1,0,0,0,1,0,0,0
CL,2019-12-11,8,21,1,0,0,0,0,0,0,1
CL,2019-12-12,9,21,1,0,0,0,0,0,0,0
CL,2019-12-13,10,21,0,0,0,0,0,0,0,0
CL,2019-12-16,11,21,0,0,0,0,0,0,0,0
CL,2019-12-17,12,21,0,0,0,0,0,0,0,0
CL,2019-12-18,13,21,0,0,0,0,0,0,0,1
CL,2019-12-19,14,21,0,0,0,0,0,1,0,0
CL,2019-12-20,15,21,0,0,0,0,0,0,0,0
CL,2019-12-23,16,21,0,0,0,0,0,0,0,0
CL,2019-12-24,17,21,0,0,0,0,0,0,0,0
CL,2019-12-26,18,21,0,0,0,0,0,0,0,0
CL,2019-12-27,19,21,0,0,0,0,0,0,0,1
CL,2019-12-30,20,21,0,0,0,0,0,0,0,0
CL,2019-12-31,21,21,0,0,0,0,0,0,0,0
CL,2020-01-02,1,21,0,0,0,0,0,0,0,0
CL,2020-01-03,2,21,0,0,0,0,0,0,0,1
CL,2020-01-06,3,21,0,0,0,0,0,0,0,0
CL,2020-01-07,4,21,0,0,0,0,1,0,0,0
CL,2020-01-08,5,21,1,0,0,0,1,0,0,1
CL,2020-01-09,6,21,1,0,0,0,1,0,0,0
CL,2020-01-10,7,21,1,0,0,0,1,0,0,0
CL,2020-01-13,8,21,1,0,0,0,0,0,0,0
CL,2020-01-14,9,21,1,0,0,0,0,0,0,0
CL,2020-01-15,10,21,0,0,0,0,0,0,0,1
CL,2020-01-16,11,21,0,0,0,0,0,0,0,0
CL,2020-01-17,12,21,0,0,0,0,0,0,0,0
CL,2020-01-21,13,21,0,0,0,0,0,1,0,0
CL,2020-01-22,14,21,0,0,0,0,0,0,0,0
CL,2020-01-23,15,21,0,0,0,0,0,0,0,1
CL,2020-01-24,16,21,0,0,0,0,0,0,0,0
CL,2020-01-27,17,21,0,0,0,0,0,0,0,0
CL,2020-01-28,18,21,0,0,0,0,0,0,0,0
CL,2020-01-29,19,21,0,0,0,0,0,0,0,1
CL,2020-01-30,20,21,0,0,0,0,0,0,0,0
CL,2020-01-31,21,21,0,0,0,0,0,0,0,0
CL,2020-02-03,1,19,0,0,0,0,0,0,0,0
CL,2020-02-04,2,19,0,0,0,0,0,0,0,0
CL,2020-02-05,3,19,0,0,0,0,0,0,0,1
CL,2020-02-06,4,19,0,0,0,0,1,0,0,0
CL,2020-02-07,5,19,1,0,0,0,1,0,0,0
CL,2020-02-10,6,19,1,0,0,0,1,0,0,0
CL,2020-02-11,7,19,1,0,0,0,1,0,0,0
CL,2020-02-12,8,19,1,0,0,0,0,0,0,1
CL,2020-02-13,9,19,1,0,0,0,0,0,0,0
CL,2020-02-14,10,19,0,0,0,0,0,0,0,0
CL,2020-02-18,11,19,0,0,0,0,0,0,0,0
CL,2020-02-19,12,19,0,0,0,0,0,0,0,0
CL,2020-02-20,13,19,0,0,0,0,0,1,0,1
CL,2020-02-21,14,19,0,0,0,0,0,0,0,0
CL,2020-02-24,15,19,0,0,0,0,0,0,0,0
CL,2020-02-25,16,19,0,0,0,0,0,0,0,0
CL,2020-02-26,17,19,0,0,0,0,0,0,0,1
CL,2020-02-27,18,19,0,0,0,0,0,0,0,0
CL,2020-02-28,19,19,0,0,0,0,0,0,0,0
CL,2020-03-02,1,22,0,0,0,0,0,0,0,0
CL,2020-03-03,2,22,0,0,0,0,0,0,0,0
CL,2020-03-04,3,22,0,0,0,0,0,0,0,1
CL,2020-03-05,4,22,0,0,0,0,0,0,0,0
CL,2020-03-06,5,22,1,0,0,0,1,0,0,0
CL,2020-03-09,6,22,1,0,0,0,1,0,0,0
CL,2020-03-10,7,22,1,0,0,0,1,0,0,0
CL,2020-03-11,8,22,1,0,0,0,1,0,0,1
CL,2020-03-12,9,22,1,0,0,0,0,0,0,0
CL,2020-03-13,10,22,0,0,0,0,0,0,0,0
CL,2020-03-16,11,22,0,0,0,0,0,0,0,0
CL,2020-03-17,12,22,0,0,0,0,0,0,0,0
CL,2020-03-18,13,22,0,0,0,0,0,0,0,1
CL,2020-03-19,14,22,0,0,0,0,0,0,0,0
CL,2020-03-20,15,22,0,0,0,0,0,1,0,0
CL,2020-03-23,16,22,0,0,0,0,0,0,0,0
CL,2020-03-24,17,22,0,0,0,0,0,0,0,0
CL,2020-03-25,18,22,0,0,0,0,0,0,0,1
CL,2020-03-26,19,22,0,0,0,0,0,0,0,0
CL,2020-03-27,20,22,0,0,0,0,0,0,0,0
CL,2020-03-30,21,22,0,0,0,0,0,0,0,0
CL,2020-03-31,22,22,0,0,0,0,0,0,0,0
CL,2020-04-01,1,21,0,0,0,1,0,0,0,1
CL,2020-04-02,2,21,0,0,0,1,0,0,0,0
CL,2020-04-03,3,21,0,0,0,1,0,0,0,0
CL,2020-04-06,4,21,0,0,0,1,0,0,0,0
CL,2020-04-07,5,21,1,0,0,1,1,0,0,0
CL,2020-04-08,6,21,1,0,0,1,1,0,0,1
CL,2020-04-09,7,21,1,0,0,1,1,0,0,0
CL,2020-04-13,8,21,1,0,0,1,1,0,0,0
CL,2020-04-14,9,21,1,0,0,1,0,0,0,0
CL,2020-04-15,10,21,0,0,0,1,0,0,0,1
CL,2020-04-16,11,21,0,0,0,1,0,0,0,0
CL,2020-04-17,12,21,0,0,0,1,0,0,0,0
CL,2020-04-20,13,21,0,0,0,1,0,0,0,0
CL,2020-04-21,14,21,0,0,0,1,0,1,0,0
CL,2020-04-22,15,21,0,0,0,1,0,0,0,1
CL,2020-04-23,16,21,0,0,0,1,0,0,0,0
CL,2020-04-24,17,21,0,0,0,1,0,0,0,0
CL,2020-04-27,18,21,0,0,0,1,0,0,0,0
CL,2020-04-28,19,21,0,0,0,1,0,0,0,0
CL,2020-04-29,20,21,0,0,0,1,0,0,0,1
CL,2020-04-30,21,21,0,0,0,1,0,0,0,0
CL,2020-05-01,1,20,0,0,0,1,1,0,0,0
CL,2020-05-04,2,20,0,0,0,1,1,0,0,0
CL,2020-05-05,3,20,0,0,0,1,1,0,0,0
CL,2020-05-06,4,20,0,0,0,1,1,0,0,1
CL,2020-05-07,5,20,1,0,0,1,1,0,0,0
CL,2020-05-08,6,20,1,0,0,1,1,0,0,0
CL,2020-05-11,7,20,1,0,0,1,1,0,0,0
CL,2020-05-12,8,20,1,0,0,1,1,0,0,0
CL,2020-05-13,9,20,1,0,0,1,1,0,0,1
CL,2020-05-14,10,20,0,0,0,1,1,0,0,0
CL,2020-05-15,11,20,0,0,0,1,0,0,0,0
CL,2020-05-18,12,20,0,0,0,1,0,0,0,0
CL,2020-05-19,13,20,0,0,0,1,0,1,0,0
CL,2020-05-20,14,20,0,0,0,1,0,0,0,1
CL,2020-05-21,15,20,0,0,0,1,0,0,0,0
CL,2020-05-22,16,20,0,0,0,1,0,0,0,0
CL,2020-05-26,17,20,0,0,0,1,0,0,0,0
CL,2020-05-27,18,20,0,0,0,1,0,0,0,0
CL,2020-05-28,19,20,0,0,0,1,0,0,0,1
CL,2020-05-29,20,20,0,0,0,1,0,0,0,0
CL,2020-06-01,1,22,0,0,0,1,1,0,0,0
CL,2020-06-02,2,22,0,0,0,1,1,0,0,0
CL,2020-06-03,3,22,0,0,0,1,1,0,0,1
CL,2020-06-04,4,22,0,0,0,1,1,0,0,0
CL,2020-06-05,5,22,1,0,0,1,1,0,0,0
CL,2020-06-08,6,22,1,0,0,1,1,0,0,0
CL,2020-06-09,7,22,1,0,0,1,1,0,0,0
CL,2020-06-10,8,22,1,0,0,1,1,0,0,1
CL,2020-06-11,9,22,1,0,0,1,1,0,0,0
CL,2020-06-12,10,22,0,0,0,1,1,0,0,0
CL,2020-06-15,11,22,0,0,0,1,0,0,0,0
CL,2020-06-16,12,22,0,0,0,1,0,0,0,0
CL,2020-06-17,13,22,0,0,0,1,0,0,0,1
CL,2020-06-18,14,22,0,0,0,1,0,0,0,0
CL,2020-06-19,15,22,0,0,0,1,0,0,0,0
CL,2020-06-22,16,22,0,0,0,1,0,1,0,0
CL,2020-06-23,17,22,0,0,0,1,0,0,0,0
CL,2020-06-24,18,22,0,0,0,1,0,0,0,1
CL,2020-06-25,19,22,0,0,0,1,0,0,0,0
CL,2020-06-26,20,22,0,0,0,1,0,0,0,0
CL,2020-06-29,21,22,0,0,0,1,0,0,0,0
CL,2020-06-30,22,22,0,0,0,1,0,0,0,0
CL,2020-07-01,1,22,0,0,0,1,1,0,0,1
CL,2020-07-02,2,22,0,0,0,1,1,0,0,0
CL,2020-07-06,3,22,0,0,0,1,1,0,0,0
CL,2020-07-07,4,22,0,0,0,1,1,0,0,0
CL,2020-07-08,5,22,1,0,0,1,1,0,0,1
CL,2020-07-09,6,22,1,0,0,1,1,0,0,0
CL,2020-07-10,7,22,1,0,0,1,1,0,0,0
CL,2020-07-13,8,22,1,0,0,1,1,0,0,0
CL,2020-07-14,9,22,1,0,0,1,1,0,0,0
CL,2020-07-15,10,22,0,0,0,1,1,0,0,1
CL,2020-07-16,11,22,0,0,0,1,0,0,0,0
CL,2020-07-17,12,22,0,0,0,1,0,0,0,0
CL,2020-07-20,13,22,0,0,0,1,0,0,0,0
CL,2020-07-21,14,22,0,0,0,1,0,1,0,0
CL,2020-07-22,15,22,0,0,0,1,0,0,0,1
CL,2020-07-23,16,22,0,0,0,1,0,0,0,0
CL,2020-07-24,17,22,0,0,0,1,0,0,0,0
CL,2020-07-27,18,22,0,0,0,1,0,0,0,0
CL,2020-07-28,19,22,0,0,0,1,0,0,0,0
CL,2020-07-29,20,22,0,0,0,1,0,0,0,1
CL,2020-07-30,21,22,0,0,0,1,0,0,0,0
CL,2020-07-31,22,22,0,0,0,1,0,0,0,0
CL,2020-08-03,1,21,0,0,0,1,1,0,0,0
CL,2020-08-04,2,21,0,0,0,1,1,0,0,0
CL,2020-08-05,3,21,0,0,0,1,1,0,0,1
CL,2020-08-06,4,21,0,0,0,1,1,0,0,0
CL,2020-08-07,5,21,1,0,0,1,1,0,0,0
CL,2020-08-10,6,21,1,0,0,1,1,0,0,0
CL,2020-08-11,7,21,1,0,0,1,1,0,0,0
CL,2020-08-12,8,21,1,0,0,1,1,0,0,1
CL,2020-08-13,9,21,1,0,0,1,1,0,0,0
CL,2020-08-14,10,21,0,0,0,1,1,0,0,0
CL,2020-08-17,11,21,0,0,0,1,0,0,0,0
CL,2020-08-18,12,21,0,0,0,1,0,0,0,0
CL,2020-08-19,13,21,0,0,0,1,0,0,0,1
CL,2020-08-20,14,21,0,0,0,1,0,1,0,0
CL,2020-08-21,15,21,0,0,0,1,0,0,0,0
CL,2020-08-24,16,21,0,0,0,1,0,0,0,0
CL,2020-08-25,17,21,0,0,0,1,0,0,0,0
CL,2020-08-26,18,21,0,0,0,1,0,0,0,1
CL,2020-08-27,19,21,0,0,0,1,0,0,0,0
CL,2020-08-28,20,21,0,0,0,1,0,0,0,0
CL,2020-08-31,21,21,0,0,0,1,0,0,0,0
CL,2020-09-01,1,21,0,0,0,1,1,0,0,0
CL,2020-09-02,2,21,0,0,0,1,1,0,0,1
CL,2020-09-03,3,21,0,0,0,1,1,0,0,0
CL,2020-09-04,4,21,0,0,0,1,1,0,0,0
CL,2020-09-08,5,21,1,0,0,1,1,0,0,0
CL,2020-09-09,6,21,1,0,0,1,1,0,0,0
CL,2020-09-10,7,21,1,0,0,1,1,0,0,1
CL,2020-09-11,8,21,1,0,0,1,1,0,0,0
CL,2020-09-14,9,21,1,0,0,1,1,0,0,0
CL,2020-09-15,10,21,0,0,0,1,1,0,0,0
CL,2020-09-16,11,21,0,0,0,1,0,0,0,1
CL,2020-09-17,12,21,0,0,0,0,0,0,0,0
CL,2020-09-18,13,21,0,0,0,0,0,0,0,0
CL,2020-09-21,14,21,0,0,0,0,0,0,0,0
CL,2020-09-22,15,21,0,0,0,0,0,1,0,0
CL,2020-09-23,16,21,0,0,0,0,0,0,0,1
CL,2020-09-24,17,21,0,0,0,0,0,0,0,0
CL,2020-09-25,18,21,0,0,0,0,0,0,0,0
CL,2020-09-28,19,21,0,0,0,0,0,0,0,0
CL,2020-09-29,20,21,0,0,0,0,0,0,0,0
CL,2020-09-30,21,21,0,0,0,0,0,0,0,1
CL,2020-10-01,1,22,0,0,0,0,1,0,0,0
CL,2020-10-02,2,22,1,0,0,0,1,0,0,0
CL,2020-10-05,3,22,1,0,0,0,1,0,0,0
CL,2020-10-06,4,22,0,0,0,0,1,0,0,0
CL,2020-10-07,5,22,0,0,0,0,1,0,0,1
CL,2020-10-08,6,22,0,0,0,0,1,0,0,0
CL,2020-10-09,7,22,0,0,0,0,1,0,0,0
CL,2020-10-12,8,22,0,0,0,0,1,0,0,0
CL,2020-10-13,9,22,0,0,0,0,1,0,0,0
CL,2020-10-14,10,22,0,0,0,0,1,0,0,0
CL,2020-10-15,11,22,0,0,0,0,0,0,0,1
CL,2020-10-16,12,22,0,0,0,0,0,0,0,0
CL,2020-10-19,13,22,0,0,0,0,0,0,0,0
CL,2020-10-20,14,22,0,0,0,0,0,1,0,0
CL,2020-10-21,15,22,0,0,0,0,0,0,0,1
CL,2020-10-22,16,22,0,0,0,0,0,0,0,0
CL,2020-10-23,17,22,0,0,0,0,0,0,0,0
CL,2020-10-26,18,22,0,0,0,0,0,0,0,0
CL,2020-10-27,19,22,0,0,0,0,0,0,0,0
CL,2020-10-28,20,22,0,0,0,0,0,0,0,1
CL,2020-10-29,21,22,0,0,0,0,0,0,0,0
CL,2020-10-30,22,22,0,0,0,0,0,0,0,0
CL,2020-11-02,1,20,0,0,0,0,1,0,0,0
CL,2020-11-03,2,20,1,0,0,0,1,0,0,0
CL,2020-11-04,3,20,1,0,0,0,1,0,0,1
CL,2020-11-05,4,20,0,0,0,0,1,0,0,0
CL,2020-11-06,5,20,0,0,0,0,1,0,0,0
CL,2020-11-09,6,20,0,0,0,0,1,0,0,0
CL,2020-11-10,7,20,0,0,0,0,1,0,0,0
CL,2020-11-11,8,20,0,0,0,0,1,0,0,0
CL,2020-11-12,9,20,0,0,0,0,1,0,0,1
CL,2020-11-13,10,20,0,0,0,0,1,0,0,0
CL,2020-11-16,11,20,0,0,0,0,0,0,0,0
CL,2020-11-17,12,20,0,0,0,0,0,0,0,0
CL,2020-11-18,13,20,0,0,0,0,0,0,0,1
CL,2020-11-19,14,20,0,0,0,0,0,0,0,0
CL,2020-11-20,15,20,0,0,0,0,0,1,0,0
CL,2020-11-23,16,20,0,0,0,0,0,0,0,0
CL,2020-11-24,17,20,0,0,0,0,0,0,0,0
CL,2020-11-25,18,20,0,0,0,0,0,0,0,1
CL,2020-11-27,19,20,0,0,0,0,0,0,0,0
CL,2020-11-30,20,20,0,0,0,0,0,0,0,0
CL,2020-12-01,1,22,0,0,0,0,1,0,0,0
CL,2020-12-02,2,22,1,0,0,0,1,0,0,1
CL,2020-12-03,3,22,1,0,0,0,1,0,0,0
CL,2020-12-04,4,22,0,0,0,0,1,0,0,0
CL,2020-12-07,5,22,0,0,0,0,1,0,0,0
CL,2020-12-08,6,22,0,0,0,0,1,0,0,0
CL,2020-12-09,7,22,0,0,0,0,1,0,0,1
CL,2020-12-10,8,22,0,0,0,0,1,0,0,0
CL,2020-12-11,9,22,0,0,0,0,1,0,0,0
CL,2020-12-14,10,22,0,0,0,0,1,0,0,0
CL,2020-12-15,11,22,0,0,0,0,0,0,0,0
CL,2020-12-16,12,22,0,0,0,0,0,0,0,1
CL,2020-12-17,13,22,0,0,0,0,0,0,0,0
CL,2020-12-18,14,22,0,0,0,0,0,0,0,0
CL,2020-12-21,15,22,0,0,0,0,0,1,0,0
CL,2020-12-22,16,22,0,0,0,0,0,0,0,0
CL,2020-12-23,17,22,0,0,0,0,0,0,0,1
CL,2020-12-24,18,22,0,0,0,0,0,0,0,0
CL,2020-12-28,19,22,0,0,0,0,0,0,0,0
CL,2020-12-29,20,22,0,0,0,0,0,0,0,0
CL,2020-12-30,21,22,0,0,0,0,0,0,0,1
CL,2020-12-31,22,22,0,0,0,0,0,0,0,0
CL,2021-01-04,1,19,0,0,0,0,1,0,0,0
CL,2021-01-05,2,19,1,0,0,0,1,0,0,0
CL,2021-01-06,3,19,1,0,0,0,1,0,0,1
CL,2021-01-07,4,19,0,0,0,0,1,0,0,0
CL,2021-01-08,5,19,0,0,0,0,1,0,0,0
CL,2021-01-11,6,19,0,0,0,0,1,0,0,0
CL,2021-01-12,7,19,0,0,0,0,1,0,0,0
CL,2021-01-13,8,19,0,0,0,0,1,0,0,1
CL,2021-01-14,9,19,0,0,0,0,1,0,0,0
CL,2021-01-15,10,19,0,0,0,0,1,0,0,0
CL,2021-01-19,11,19,0,0,0,0,0,0,0,0
CL,2021-01-20,12,19,0,0,0,0,0,1,0,0
CL,2021-01-21,13,19,0,0,0,0,0,0,0,0
CL,2021-01-22,14,19,0,0,0,0,0,0,0,1
CL,2021-01-25,15,19,0,0,0,0,0,0,0,0
CL,2021-01-26,16,19,0,0,0,0,0,0,0,0
CL,2021-01-27,17,19,0,0,0,0,0,0,0,1
CL,2021-01-28,18,19,0,0,0,0,0,0,0,0
CL,2021-01-29,19,19,0,0,0,0,0,0,0,0
CL,2021-02-01,1,19,0,0,0,0,1,0,0,0
CL,2021-02-02,2,19,1,0,0,0,1,0,0,0
CL,2021-02-03,3,19,1,0,0,0,1,0,0,1
CL,2021-02-04,4,19,0,0,0,0,1,0,0,0
CL,2021-02-05,5,19,0,0,0,0,1,0,0,0
CL,2021-02-08,6,19,0,0,0,0,1,0,0,0
CL,2021-02-09,7,19,0,0,0,0,1,0,0,0
CL,2021-02-10,8,19,0,0,0,0,1,0,0,1
CL,2021-02-11,9,19,0,0,0,0,1,0,0,0
CL,2021-02-12,10,19,0,0,0,0,1,0,0,0
CL,2021-02-16,11,19,0,0,0,0,0,0,0,0
CL,2021-02-17,12,19,0,0,0,0,0,0,0,0
CL,2021-02-18,13,19,0,0,0,0,0,0,0,1
CL,2021-02-19,14,19,0,0,0,0,0,0,0,0
CL,2021-02-22,15,19,0,0,0,0,0,1,0,0
CL,2021-02-23,16,19,0,0,0,0,0,0,0,0
CL,2021-02-24,17,19,0,0,0,0,0,0,0,1
CL,2021-02-25,18,19,0,0,0,0,0,0,0,0
CL,2021-02-26,19,19,0,0,0,0,0,0,0,0
CL,2021-03-01,1,23,0,0,1,0,1,0,0,0
CL,2021-03-02,2,23,1,1,0,0,1,0,0,0
CL,2021-03-03,3,23,1,1,0,0,1,0,0,1
CL,2021-03-04,4,23,0,0,0,0,1,0,0,0
CL,2021-03-05,5,23,0,0,0,0,1,0,0,0
CL,2021-03-08,6,23,0,0,0,0,1,0,0,0
CL,2021-03-09,7,23,0,0,0,0,1,0,0,0
CL,2021-03-10,8,23,0,0,0,0,1,0,0,1
CL,2021-03-11,9,23,0,0,0,0,1,0,0,0
CL,2021-03-12,10,23,0,0,0,0,1,0,0,0
CL,2021-03-15,11,23,0,0,0,0,0,0,0,0
CL,2021-03-16,12,23,0,0,0,0,0,0,0,0
CL,2021-03-17,13,23,0,0,0,0,0,0,0,1
CL,2021-03-18,14,23,0,0,0,0,0,0,0,0
CL,2021-03-19,15,23,0,0,0,0,0,0,0,0
CL,2021-03-22,16,23,0,0,0,0,0,1,0,0
CL,2021-03-23,17,23,0,0,0,0,0,0,0,0
CL,2021-03-24,18,23,0,0,0,0,0,0,0,1
CL,2021-03-25,19,23,0,0,0,0,0,0,0,0
CL,2021-03-26,20,23,0,0,0,0,0,0,0,0
CL,2021-03-29,21,23,0,0,0,0,0,0,0,0
CL,2021-03-30,22,23,0,0,0,0,0,0,0,0
CL,2021-03-31,23,23,0,0,0,0,0,0,0,1
CL,2021-04-01,1,21,0,0,0,0,1,0,0,0
CL,2021-04-05,2,21,1,0,0,0,1,0,0,0
CL,2021-04-06,3,21,1,0,0,0,1,0,0,0
CL,2021-04-07,4,21,0,0,0,0,1,0,0,1
CL,2021-04-08,5,21,0,0,0,0,1,0,0,0
CL,2021-04-09,6,21,0,0,0,0,1,0,0,0
CL,2021-04-12,7,21,0,0,0,0,1,0,0,0
CL,2021-04-13,8,21,0,0,0,0,1,0,0,0
CL,2021-04-14,9,21,0,0,0,0,1,0,0,1
CL,2021-04-15,10,21,0,0,0,0,1,0,0,0
CL,2021-04-16,11,21,0,0,0,0,0,0,0,0
CL,2021-04-19,12,21,0,0,0,0,0,0,0,0
CL,2021-04-20,13,21,0,0,0,0,0,1,0,0
CL,2021-04-21,14,21,0,0,0,0,0,0,0,1
CL,2021-04-22,15,21,0,0,0,0,0,0,0,0
CL,2021-04-23,16,21,0,0,0,0,0,0,0,0
CL,2021-04-26,17,21,0,0,0,0,0,0,0,0
CL,2021-04-27,18,21,0,0,0,0,0,0,0,0
CL,2021-04-28,19,21,0,0,0,0,0,0,0,1
CL,2021-04-29,20,21,0,0,0,0,0,0,0,0
CL,2021-04-30,21,21,0,0,0,0,0,0,0,0
CL,2021-05-03,1,20,0,0,0,0,1,0,0,0
CL,2021-05-04,2,20,1,0,0,0,1,0,0,0
CL,2021-05-05,3,20,1,0,0,0,1,0,0,1
CL,2021-05-06,4,20,0,0,0,0,1,0,0,0
CL,2021-05-07,5,20,0,0,0,0,1,0,0,0
CL,2021-05-10,6,20,0,0,0,0,1,0,0,0
CL,2021-05-11,7,20,0,0,0,0,1,0,0,0
CL,2021-05-12,8,20,0,0,0,0,1,0,0,1
CL,2021-05-13,9,20,0,0,0,0,1,0,0,0
CL,2021-05-14,10,20,0,0,0,0,1,0,0,0
CL,2021-05-17,11,20,0,0,0,0,0,0,0,0
CL,2021-05-18,12,20,0,0,0,0,0,0,0,0
CL,2021-05-19,13,20,0,0,0,0,0,0,0,1
CL,2021-05-20,14,20,0,0,0,0,0,1,0,0
CL,2021-05-21,15,20,0,0,0,0,0,0,0,0
CL,2021-05-24,16,20,0,0,0,0,0,0,0,0
CL,2021-05-25,17,20,0,0,0,0,0,0,0,0
CL,2021-05-26,18,20,0,0,0,0,0,0,0,1
CL,2021-05-27,19,20,0,0,0,0,0,0,0,0
CL,2021-05-28,20,20,0,0,0,0,0,0,0,0
CL,2021-06-01,1,22,0,0,0,0,1,0,0,0
CL,2021-06-02,2,22,1,0,0,0,1,0,0,0
CL,2021-06-03,3,22,1,0,0,0,1,0,0,1
CL,2021-06-04,4,22,0,0,0,0,1,0,0,0
CL,2021-06-07,5,22,0,0,0,0,1,0,0,0
CL,2021-06-08,6,22,0,0,0,0,1,0,0,0
CL,2021-06-09,7,22,0,0,0,0,1,0,0,1
CL,2021-06-10,8,22,0,0,0,0,1,0,0,0
CL,2021-06-11,9,22,0,0,0,0,1,0,0,0
CL,2021-06-14,10,22,0,0,0,0,1,0,0,0
CL,2021-06-15,11,22,0,0,0,0,0,0,0,0
CL,2021-06-16,12,22,0,0,0,0,0,0,0,1
CL,2021-06-17,13,22,0,0,0,0,0,0,0,0
CL,2021-06-18,14,22,0,0,0,0,0,0,0,0
CL,2021-06-21,15,22,0,0,0,0,0,0,0,0
CL,2021-06-22,16,22,0,0,0,0,0,1,0,0
CL,2021-06-23,17,22,0,0,0,0,0,0,0,1
CL,2021-06-24,18,22,0,0,0,0,0,0,0,0
CL,2021-06-25,19,22,0,0,0,0,0,0,0,0
CL,2021-06-28,20,22,0,0,0,0,0,0,0,0
CL,2021-06-29,21,22,0,0,0,0,0,0,0,0
CL,2021-06-30,22,22,0,0,0,0,0,0,0,1
CL,2021-07-01,1,21,0,0,0,0,1,0,0,0
CL,2021-07-02,2,21,1,0,0,0,1,0,0,0
CL,2021-07-06,3,21,1,0,0,0,1,0,0,0
CL,2021-07-07,4,21,0,0,0,0,1,0,0,0
CL,2021-07-08,5,21,0,0,0,0,1,0,0,1
CL,2021-07-09,6,21,0,0,0,0,1,0,0,0
CL,2021-07-12,7,21,0,0,0,0,1,0,0,0
CL,2021-07-13,8,21,0,0,0,0,1,0,0,0
CL,2021-07-14,9,21,0,0,0,0,1,0,0,1
CL,2021-07-15,10,21,0,0,0,0,1,0,0,0
CL,2021-07-16,11,21,0,0,0,0,0,0,0,0
CL,2021-07-19,12,21,0,0,0,0,0,0,0,0
CL,2021-07-20,13,21,0,0,0,0,0,1,0,0
CL,2021-07-21,14,21,0,0,0,0,0,0,0,1
CL,2021-07-22,15,21,0,0,0,0,0,0,0,0
CL,2021-07-23,16,21,0,0,0,0,0,0,0,0
CL,2021-07-26,17,21,0,0,0,0,0,0,0,0
CL,2021-07-27,18,21,0,0,0,0,0,0,0,0
CL,2021-07-28,19,21,0,0,0,0,0,0,0,1
CL,2021-07-29,20,21,0,0,0,0,0,0,0,0
CL,2021-07-30,21,21,0,0,0,0,0,0,0,0
CL,2021-08-02,1,22,0,0,0,0,1,0,0,0
CL,2021-08-03,2,22,1,0,0,0,1,0,0,0
CL,2021-08-04,3,22,1,0,0,0,1,0,0,1
CL,2021-08-05,4,22,0,0,0,0,1,0,0,0
CL,2021-08-06,5,22,0,0,0,0,1,0,0,0
CL,2021-08-09,6,22,0,0,0,0,1,0,0,0
CL,2021-08-10,7,22,0,0,0,0,1,0,0,0
CL,2021-08-11,8,22,0,0,0,0,1,0,0,1
CL,2021-08-12,9,22,0,0,0,0,1,0,0,0
CL,2021-08-13,10,22,0,0,0,0,1,0,0,0
CL,2021-08-16,11,22,0,0,0,0,0,0,0,0
CL,2021-08-17,12,22,0,0,0,0,0,0,0,0
CL,2021-08-18,13,22,0,0,0,0,0,0,0,1
CL,2021-08-19,14,22,0,0,0,0,0,0,0,0
CL,2021-08-20,15,22,0,0,0,0,0,1,0,0
CL,2021-08-23,16,22,0,0,0,0,0,0,0,0
CL,2021-08-24,17,22,0,0,0,0,0,0,0,0
CL,2021-08-25,18,22,0,0,0,0,0,0,0,1
CL,2021-08-26,19,22,0,0,0,0,0,0,0,0
CL,2021-08-27,20,22,0,0,0,0,0,0,0,0
CL,2021-08-30,21,22,0,0,0,0,0,0,0,0
CL,2021-08-31,22,22,0,0,0,0,0,0,0,0
CL,2021-09-01,1,21,0,0,1,0,1,0,0,1
CL,2021-09-02,2,21,1,1,0,0,1,0,0,0
CL,2021-09-03,3,21,1,1,0,0,1,0,0,0
CL,2021-09-07,4,21,0,0,0,0,1,0,0,0
CL,2021-09-08,5,21,0,0,0,0,1,0,0,0
CL,2021-09-09,6,21,0,0,0,0,1,0,0,1
CL,2021-09-10,7,21,0,0,0,0,1,0,0,0
CL,2021-09-13,8,21,0,0,0,0,1,0,0,0
CL,2021-09-14,9,21,0,0,0,0,1,0,0,0
CL,2021-09-15,10,21,0,0,0,0,1,0,0,1
CL,2021-09-16,11,21,0,0,0,0,0,0,0,0
CL,2021-09-17,12,21,0,0,0,0,0,0,0,0
CL,2021-09-20,13,21,0,0,0,0,0,0,0,0
CL,2021-09-21,14,21,0,0,0,0,0,1,0,0
CL,2021-09-22,15,21,0,0,0,0,0,0,0,1
CL,2021-09-23,16,21,0,0,0,0,0,0,0,0
CL,2021-09-24,17,21,0,0,0,0,0,0,0,0
CL,2021-09-27,18,21,0,0,0,0,0,0,0,0
CL,2021-09-28,19,21,0,0,0,0,0,0,0,0
CL,2021-09-29,20,21,0,0,0,0,0,0,0,1
CL,2021-09-30,21,21,0,0,0,0,0,0,0,0
CL,2021-10-01,1,21,0,0,0,0,1,0,0,0
CL,2021-10-04,2,21,1,0,0,0,1,0,0,0
CL,2021-10-05,3,21,1,0,0,0,1,0,0,0
CL,2021-10-06,4,21,0,0,0,0,1,0,0,1
CL,2021-10-07,5,21,0,0,0,0,1,0,0,0
CL,2021-10-08,6,21,0,0,0,0,1,0,0,0
CL,2021-10-11,7,21,0,0,0,0,1,0,0,0
CL,2021-10-12,8,21,0,0,0,0,1,0,0,0
CL,2021-10-13,9,21,0,0,0,0,1,0,0,0
CL,2021-10-14,10,21,0,0,0,0,1,0,0,1
CL,2021-10-15,11,21,0,0,0,0,0,0,0,0
CL,2021-10-18,12,21,0,0,0,0,0,0,0,0
CL,2021-10-19,13,21,0,0,0,0,0,0,0,0
CL,2021-10-20,14,21,0,0,0,0,0,1,0,1
CL,2021-10-21,15,21,0,0,0,0,0,0,0,0
CL,2021-10-22,16,21,0,0,0,0,0,0,0,0
CL,2021-10-25,17,21,0,0,0,0,0,0,0,0
CL,2021-10-26,18,21,0,0,0,0,0,0,0,0
CL,2021-10-27,19,21,0,0,0,0,0,0,0,1
CL,2021-10-28,20,21,0,0,0,0,0,0,0,0
CL,2021-10-29,21,21,0,0,0,0,0,0,0,0
CL,2021-11-01,1,21,0,0,0,0,1,0,0,0
CL,2021-11-02,2,21,1,0,0,0,1,0,0,0
CL,2021-11-03,3,21,1,0,0,0,1,0,0,1
CL,2021-11-04,4,21,0,0,0,0,1,0,0,0
CL,2021-11-05,5,21,0,0,0,0,1,0,0,0
CL,2021-11-08,6,21,0,0,0,0,1,0,0,0
CL,2021-11-09,7,21,0,0,0,0,1,0,0,0
CL,2021-11-10,8,21,0,0,0,0,1,0,0,1
CL,2021-11-11,9,21,0,0,0,0,1,0,0,0
CL,2021-11-12,10,21,0,0,0,0,1,0,0,0
CL,2021-11-15,11,21,0,0,0,0,0,0,0,0
CL,2021-11-16,12,21,0,0,0,0,0,0,0,0
CL,2021-11-17,13,21,0,0,0,0,0,0,0,1
CL,2021-11-18,14,21,0,0,0,0,0,0,0,0
CL,2021-11-19,15,21,0,0,0,0,0,1,0,0
CL,2021-11-22,16,21,0,0,0,0,0,0,0,0
CL,2021-11-23,17,21,0,0,0,0,0,0,0,0
CL,2021-11-24,18,21,0,0,0,0,0,0,0,1
CL,2021-11-26,19,21,0,0,0,0,0,0,0,0
CL,2021-11-29,20,21,0,0,0,0,0,0,0,0
CL,2021-11-30,21,21,0,0,0,0,0,0,0,0
CL,2021-12-01,1,22,0,0,0,0,1,0,0,1
CL,2021-12-02,2,22,1,0,0,0,1,0,0,0
CL,2021-12-03,3,22,1,0,0,0,1,0,0,0
CL,2021-12-06,4,22,0,0,0,0,1,0,0,0
CL,2021-12-07,5,22,0,0,0,0,1,0,0,0
CL,2021-12-08,6,22,0,0,0,0,1,0,0,1
CL,2021-12-09,7,22,0,0,0,0,1,0,0,0
CL,2021-12-10,8,22,0,0,0,0,1,0,0,0
CL,2021-12-13,9,22,0,0,0,0,1,0,0,0
CL,2021-12-14,10,22,0,0,0,0,1,0,0,0
CL,2021-12-15,11,22,0,0,0,0,0,0,0,1
CL,2021-12-16,12,22,0,0,0,0,0,0,0,0
CL,2021-12-17,13,22,0,0,0,0,0,0,0,0
CL,2021-12-20,14,22,0,0,0,0,0,1,0,0
CL,2021-12-21,15,22,0,0,0,0,0,0,0,0
CL,2021-12-22,16,22,0,0,0,0,0,0,0,1
CL,2021-12-23,17,22,0,0,0,0,0,0,0,0
CL,2021-12-27,18,22,0,0,0,0,0,0,0,0
CL,2021-12-28,19,22,0,0,0,0,0,0,0,0
CL,2021-12-29,20,22,0,0,0,0,0,0,0,1
CL,2021-12-30,21,22,0,0,0,0,0,0,0,0
CL,2021-12-31,22,22,0,0,0,0,0,0,0,0
CL,2022-01-03,1,20,0,0,0,0,1,0,0,0
CL,2022-01-04,2,20,1,0,0,0,1,0,0,0
CL,2022-01-05,3,20,1,0,0,0,1,0,0,1
CL,2022-01-06,4,20,0,0,0,0,1,0,0,0
CL,2022-01-07,5,20,0,0,0,0,1,0,0,0
CL,2022-01-10,6,20,0,0,0,0,1,0,0,0
CL,2022-01-11,7,20,0,0,0,0,1,0,0,0
CL,2022-01-12,8,20,0,0,0,0,1,0,0,1
CL,2022-01-13,9,20,0,0,0,0,1,0,0,0
CL,2022-01-14,10,20,0,0,0,0,1,0,0,0
CL,2022-01-18,11,20,0,0,0,0,0,0,0,0
CL,2022-01-19,12,20,0,0,0,0,0,0,0,0
CL,2022-01-20,13,20,0,0,0,0,0,1,0,1
CL,2022-01-21,14,20,0,0,0,0,0,0,0,0
CL,2022-01-24,15,20,0,0,0,0,0,0,0,0
CL,2022-01-25,16,20,0,0,0,0,0,0,0,0
CL,2022-01-26,17,20,0,0,0,0,0,0,0,1
CL,2022-01-27,18,20,0,0,0,0,0,0,0,0
CL,2022-01-28,19,20,0,0,0,0,0,0,0,0
CL,2022-01-31,20,20,0,0,0,0,0,0,0,0
CL,2022-02-01,1,19,0,0,0,0,1,0,0,0
CL,2022-02-02,2,19,1,0,0,0,1,0,0,1
CL,2022-02-03,3,19,1,0,0,0,1,0,0,0
CL,2022-02-04,4,19,0,0,0,0,1,0,0,0
CL,2022-02-07,5,19,0,0,0,0,1,0,0,0
CL,2022-02-08,6,19,0,0,0,0,1,0,0,0
CL,2022-02-09,7,19,0,0,0,0,1,0,0,1
CL,2022-02-10,8,19,0,0,0,0,1,0,0,0
CL,2022-02-11,9,19,0,0,0,0,1,0,0,0
CL,2022-02-14,10,19,0,0,0,0,1,0,0,0
CL,2022-02-15,11,19,0,0,0,0,0,0,0,0
CL,2022-02-16,12,19,0,0,0,0,0,0,0,1
CL,2022-02-17,13,19,0,0,0,0,0,0,0,0
CL,2022-02-18,14,19,0,0,0,0,0,0,0,0
CL,2022-02-22,15,19,0,0,0,0,0,1,0,0
CL,2022-02-23,16,19,0,0,0,0,0,0,0,0
CL,2022-02-24,17,19,0,0,0,0,0,0,0,1
CL,2022-02-25,18,19,0,0,0,0,0,0,0,0
CL,2022-02-28,19,19,0,0,0,0,0,0,0,0
CL,2022-03-01,1,23,0,0,1,0,1,0,0,0
CL,2022-03-02,2,23,1,1,0,0,1,0,0,1
CL,2022-03-03,3,23,1,1,0,0,1,0,0,0
CL,2022-03-04,4,23,0,0,0,0,1,0,0,0
CL,2022-03-07,5,23,0,0,0,0,1,0,0,0
CL,2022-03-08,6,23,0,0,0,0,1,0,0,0
CL,2022-03-09,7,23,0,0,0,0,1,0,0,1
CL,2022-03-10,8,23,0,0,0,0,1,0,0,0
CL,2022-03-11,9,23,0,0,0,0,1,0,0,0
CL,2022-03-14,10,23,0,0,0,0,1,0,0,0
CL,2022-03-15,11,23,0,0,0,0,0,0,0,0
CL,2022-03-16,12,23,0,0,0,0,0,0,0,1
CL,2022-03-17,13,23,0,0,0,0,0,0,0,0
CL,2022-03-18,14,23,0,0,0,0,0,0,0,0
CL,2022-03-21,15,23,0,0,0,0,0,0,0,0
CL,2022-03-22,16,23,0,0,0,0,0,1,0,0
CL,2022-03-23,17,23,0,0,0,0,0,0,0,1
CL,2022-03-24,18,23,0,0,0,0,0,0,0,0
CL,2022-03-25,19,23,0,0,0,0,0,0,0,0
CL,2022-03-28,20,23,0,0,0,0,0,0,0,0
CL,2022-03-29,21,23,0,0,0,0,0,0,0,0
CL,2022-03-30,22,23,0,0,0,0,0,0,0,1
CL,2022-03-31,23,23,0,0,0,0,0,0,0,0
CL,2022-04-01,1,20,0,0,0,0,1,0,0,0
CL,2022-04-04,2,20,1,0,0,0,1,0,0,0
CL,2022-04-05,3,20,1,0,0,0,1,0,0,0
CL,2022-04-06,4,20,0,0,0,0,1,0,0,1
CL,2022-04-07,5,20,0,0,0,0,1,0,0,0
CL,2022-04-08,6,20,0,0,0,0,1,0,0,0
CL,2022-04-11,7,20,0,0,0,0,1,0,0,0
CL,2022-04-12,8,20,0,0,0,0,1,0,0,0
CL,2022-04-13,9,20,0,0,0,0,1,0,0,1
CL,2022-04-14,10,20,0,0,0,0,1,0,0,0
CL,2022-04-18,11,20,0,0,0,0,0,0,0,0
CL,2022-04-19,12,20,0,0,0,0,0,0,0,0
CL,2022-04-20,13,20,0,0,0,0,0,1,0,1
CL,2022-04-21,14,20,0,0,0,0,0,0,0,0
CL,2022-04-22,15,20,0,0,0,0,0,0,0,0
CL,2022-04-25,16,20,0,0,0,0,0,0,0,0
CL,2022-04-26,17,20,0,0,0,0,0,0,0,0
CL,2022-04-27,18,20,0,0,0,0,0,0,0,1
CL,2022-04-28,19,20,0,0,0,0,0,0,0,0
CL,2022-04-29,20,20,0,0,0,0,0,0,0,0
CL,2022-05-02,1,21,0,0,0,0,1,0,0,0
CL,2022-05-03,2,21,1,0,0,0,1,0,0,0
CL,2022-05-04,3,21,1,0,0,0,1,0,0,1
CL,2022-05-05,4,21,0,0,0,0,1,0,0,0
CL,2022-05-06,5,21,0,0,0,0,1,0,0,0
CL,2022-05-09,6,21,0,0,0,0,1,0,0,0
CL,2022-05-10,7,21,0,0,0,0,1,0,0,0
CL,2022-05-11,8,21,0,0,0,0,1,0,0,1
CL,2022-05-12,9,21,0,0,0,0,1,0,0,0
CL,2022-05-13,10,21,0,0,0,0,1,0,0,0
CL,2022-05-16,11,21,0,0,0,0,0,0,0,0
CL,2022-05-17,12,21,0,0,0,0,0,0,0,0
CL,2022-05-18,13,21,0,0,0,0,0,0,0,1
CL,2022-05-19,14,21,0,0,0,0,0,0,0,0
CL,2022-05-20,15,21,0,0,0,0,0,1,0,0
CL,2022-05-23,16,21,0,0,0,0,0,0,0,0
CL,2022-05-24,17,21,0,0,0,0,0,0,0,0
CL,2022-05-25,18,21,0,0,0,0,0,0,0,1
CL,2022-05-26,19,21,0,0,0,0,0,0,0,0
CL,2022-05-27,20,21,0,0,0,0,0,0,0,0
CL,2022-05-31,21,21,0,0,0,0,0,0,0,0
CL,2022-06-01,1,21,0,0,0,0,1,0,0,0
CL,2022-06-02,2,21,1,0,0,0,1,0,0,1
CL,2022-06-03,3,21,1,0,0,0,1,0,0,0
CL,2022-06-06,4,21,0,0,0,0,1,0,0,0
CL,2022-06-07,5,21,0,0,0,0,1,0,0,0
CL,2022-06-08,6,21,0,0,0,0,1,0,0,1
CL,2022-06-09,7,21,0,0,0,0,1,0,0,0
CL,2022-06-10,8,21,0,0,0,0,1,0,0,0
CL,2022-06-13,9,21,0,0,0,0,1,0,0,0
CL,2022-06-14,10,21,0,0,0,0,1,0,0,0
CL,2022-06-15,11,21,0,0,0,0,0,0,0,1
CL,2022-06-16,12,21,0,0,0,0,0,0,0,0
CL,2022-06-17,13,21,0,0,0,0,0,0,0,0
CL,2022-06-21,14,21,0,0,0,0,0,1,0,0
CL,2022-06-22,15,21,0,0,0,0,0,0,0,0
CL,2022-06-23,16,21,0,0,0,0,0,0,0,0
CL,2022-06-24,17,21,0,0,0,0,0,0,0,0
CL,2022-06-27,18,21,0,0,0,0,0,0,0,0
CL,2022-06-28,19,21,0,0,0,0,0,0,0,0
CL,2022-06-29,20,21,0,0,0,0,0,0,0,1
CL,2022-06-30,21,21,0,0,0,0,0,0,0,0
CL,2022-07-01,1,20,0,0,0,0,1,0,0,0
CL,2022-07-05,2,20,1,0,0,0,1,0,0,0
CL,2022-07-06,3,20,1,0,0,0,1,0,0,0
CL,2022-07-07,4,20,0,0,0,0,1,0,0,1
CL,2022-07-08,5,20,0,0,0,0,1,0,0,0
CL,2022-07-11,6,20,0,0,0,0,1,0,0,0
CL,2022-07-12,7,20,0,0,0,0,1,0,0,0
CL,2022-07-13,8,20,0,0,0,0,1,0,0,1
CL,2022-07-14,9,20,0,0,0,0,1,0,0,0
CL,2022-07-15,10,20,0,0,0,0,1,0,0,0
CL,2022-07-18,11,20,0,0,0,0,0,0,0,0
CL,2022-07-19,12,20,0,0,0,0,0,0,0,0
CL,2022-07-20,13,20,0,0,0,0,0,1,0,1
CL,2022-07-21,14,20,0,0,0,0,0,0,0,0
CL,2022-07-22,15,20,0,0,0,0,0,0,0,0
CL,2022-07-25,16,20,0,0,0,0,0,0,0,0
CL,2022-07-26,17,20,0,0,0,0,0,0,0,0
CL,2022-07-27,18,20,0,0,0,0,0,0,0,1
CL,2022-07-28,19,20,0,0,0,0,0,0,0,0
CL,2022-07-29,20,20,0,0,0,0,0,0,0,0
CL,2022-08-01,1,23,0,0,0,0,1,0,0,0
CL,2022-08-02,2,23,1,0,0,0,1,0,0,0
CL,2022-08-03,3,23,1,0,0,0,1,0,0,1
CL,2022-08-04,4,23,0,0,0,0,1,0,0,0
CL,2022-08-05,5,23,0,0,0,0,1,0,0,0
CL,2022-08-08,6,23,0,0,0,0,1,0,0,0
CL,2022-08-09,7,23,0,0,0,0,1,0,0,0
CL,2022-08-10,8,23,0,0,0,0,1,0,0,1
CL,2022-08-11,9,23,0,0,0,0,1,0,0,0
CL,2022-08-12,10,23,0,0,0,0,1,0,0,0
CL,2022-08-15,11,23,0,0,0,0,0,0,0,0
CL,2022-08-16,12,23,0,0,0,0,0,0,0,0
CL,2022-08-17,13,23,0,0,0,0,0,0,0,1
CL,2022-08-18,14,23,0,0,0,0,0,0,0,0
CL,2022-08-19,15,23,0,0,0,0,0,0,0,0
CL,2022-08-22,16,23,0,0,0,0,0,1,0,0
CL,2022-08-23,17,23,0,0,0,0,0,0,0,0
CL,2022-08-24,18,23,0,0,0,0,0,0,0,1
CL,2022-08-25,19,23,0,0,0,0,0,0,0,0
CL,2022-08-26,20,23,0,0,0,0,0,0,0,0
CL,2022-08-29,21,23,0,0,0,0,0,0,0,0
CL,2022-08-30,22,23,0,0,0,0,0,0,0,0
CL,2022-08-31,23,23,0,0,0,0,0,0,0,1
CL,2022-09-01,1,21,0,0,1,0,1,0,0,0
CL,2022-09-02,2,21,1,1,0,0,1,0,0,0
CL,2022-09-06,3,21,1,1,0,0,1,0,0,0
CL,2022-09-07,4,21,0,0,0,0,1,0,0,0
CL,2022-09-08,5,21,0,0,0,0,1,0,0,1
CL,2022-09-09,6,21,0,0,0,0,1,0,0,0
CL,2022-09-12,7,21,0,0,0,0,1,0,0,0
CL,2022-09-13,8,21,0,0,0,0,1,0,0,0
CL,2022-09-14,9,21,0,0,0,0,1,0,0,1
CL,2022-09-15,10,21,0,0,0,0,1,0,0,0
CL,2022-09-16,11,21,0,0,0,0,0,0,0,0
CL,2022-09-19,12,21,0,0,0,0,0,0,0,0
CL,2022-09-20,13,21,0,0,0,0,0,1,0,0
CL,2022-09-21,14,21,0,0,0,0,0,0,0,1
CL,2022-09-22,15,21,0,0,0,0,0,0,0,0
CL,2022-09-23,16,21,0,0,0,0,0,0,0,0
CL,2022-09-26,17,21,0,0,0,0,0,0,0,0
CL,2022-09-27,18,21,0,0,0,0,0,0,0,0
CL,2022-09-28,19,21,0,0,0,0,0,0,0,1
CL,2022-09-29,20,21,0,0,0,0,0,0,0,0
CL,2022-09-30,21,21,0,0,0,0,0,0,0,0
CL,2022-10-03,1,21,0,0,0,0,1,0,0,0
CL,2022-10-04,2,21,1,0,0,0,1,0,0,0
CL,2022-10-05,3,21,1,0,0,0,1,0,0,1
CL,2022-10-06,4,21,0,0,0,0,1,0,0,0
CL,2022-10-07,5,21,0,0,0,0,1,0,0,0
CL,2022-10-10,6,21,0,0,0,0,1,0,0,0
CL,2022-10-11,7,21,0,0,0,0,1,0,0,0
CL,2022-10-12,8,21,0,0,0,0,1,0,0,0
CL,2022-10-13,9,21,0,0,0,0,1,0,0,1
CL,2022-10-14,10,21,0,0,0,0,1,0,0,0
CL,2022-10-17,11,21,0,0,0,0,0,0,0,0
CL,2022-10-18,12,21,0,0,0,0,0,0,0,0
CL,2022-10-19,13,21,0,0,0,0,0,0,0,1
CL,2022-10-20,14,21,0,0,0,0,0,1,0,0
CL,2022-10-21,15,21,0,0,0,0,0,0,0,0
CL,2022-10-24,16,21,0,0,0,0,0,0,0,0
CL,2022-10-25,17,21,0,0,0,0,0,0,0,0
CL,2022-10-26,18,21,0,0,0,0,0,0,0,1
CL,2022-10-27,19,21,0,0,0,0,0,0,0,0
CL,2022-10-28,20,21,0,0,0,0,0,0,0,0
CL,2022-10-31,21,21,0,0,0,0,0,0,0,0
CL,2022-11-01,1,21,0,0,0,0,1,0,0,0
CL,2022-11-02,2,21,1,0,0,0,1,0,0,1
CL,2022-11-03,3,21,1,0,0,0,1,0,0,0
CL,2022-11-04,4,21,0,0,0,0,1,0,0,0
CL,2022-11-07,5,21,0,0,0,0,1,0,0,0
CL,2022-11-08,6,21,0,0,0,0,1,0,0,0
CL,2022-11-09,7,21,0,0,0,0,1,0,0,1
CL,2022-11-10,8,21,0,0,0,0,1,0,0,0
CL,2022-11-11,9,21,0,0,0,0,1,0,0,0
CL,2022-11-14,10,21,0,0,0,0,1,0,0,0
CL,2022-11-15,11,21,0,0,0,0,0,0,0,0
CL,2022-11-16,12,21,0,0,0,0,0,0,0,1
CL,2022-11-17,13,21,0,0,0,0,0,0,0,0
CL,2022-11-18,14,21,0,0,0,0,0,0,0,0
CL,2022-11-21,15,21,0,0,0,0,0,1,0,0
CL,2022-11-22,16,21,0,0,0,0,0,0,0,0
CL,2022-11-23,17,21,0,0,0,0,0,0,0,1
CL,2022-11-25,18,21,0,0,0,0,0,0,0,0
CL,2022-11-28,19,21,0,0,0,0,0,0,0,0
CL,2022-11-29,20,21,0,0,0,0,0,0,0,0
CL,2022-11-30,21,21,0,0,0,0,0,0,0,1
CL,2022-12-01,1,21,0,0,0,0,1,0,0,0
CL,2022-12-02,2,21,1,0,0,0,1,0,0,0
CL,2022-12-05,3,21,1,0,0,0,1,0,0,0
CL,2022-12-06,4,21,0,0,0,0,1,0,0,0
CL,2022-12-07,5,21,0,0,0,0,1,0,0,1
CL,2022-12-08,6,21,0,0,0,0,1,0,0,0
CL,2022-12-09,7,21,0,0,0,0,1,0,0,0
CL,2022-12-12,8,21,0,0,0,0,1,0,0,0
CL,2022-12-13,9,21,0,0,0,0,1,0,0,0
CL,2022-12-14,10,21,0,0,0,0,1,0,0,1
CL,2022-12-15,11,21,0,0,0,0,0,0,0,0
CL,2022-12-16,12,21,0,0,0,0,0,0,0,0
CL,2022-12-19,13,21,0,0,0,0,0,0,0,0
CL,2022-12-20,14,21,0,0,0,0,0,1,0,0
CL,2022-12-21,15,21,0,0,0,0,0,0,0,1
CL,2022-12-22,16,21,0,0,0,0,0,0,0,0
CL,2022-12-23,17,21,0,0,0,0,0,0,0,0
CL,2022-12-27,18,21,0,0,0,0,0,0,0,0
CL,2022-12-28,19,21,0,0,0,0,0,0,0,0
CL,2022-12-29,20,21,0,0,0,0,0,0,0,1
CL,2022-12-30,21,21,0,0,0,0,0,0,0,0
CL,2023-01-03,1,20,0,0,0,0,1,0,0,0
CL,2023-01-04,2,20,1,0,0,0,1,0,0,0
CL,2023-01-05,3,20,1,0,0,0,1,0,0,1
CL,2023-01-06,4,20,0,0,0,0,1,0,0,0
CL,2023-01-09,5,20,0,0,0,0,1,0,0,0
CL,2023-01-10,6,20,0,0,0,0,1,0,0,0
CL,2023-01-11,7,20,0,0,0,0,1,0,0,1
CL,2023-01-12,8,20,0,0,0,0,1,0,0,0
CL,2023-01-13,9,20,0,0,0,0,1,0,0,0
CL,2023-01-17,10,20,0,0,0,0,1,0,0,0
CL,2023-01-18,11,20,0,0,0,0,0,0,0,0
CL,2023-01-19,12,20,0,0,0,0,0,0,0,1
CL,2023-01-20,13,20,0,0,0,0,0,1,0,0
CL,2023-01-23,14,20,0,0,0,0,0,0,0,0
CL,2023-01-24,15,20,0,0,0,0,0,0,0,0
CL,2023-01-25,16,20,0,0,0,0,0,0,0,1
CL,2023-01-26,17,20,0,0,0,0,0,0,0,0
CL,2023-01-27,18,20,0,0,0,0,0,0,0,0
CL,2023-01-30,19,20,0,0,0,0,0,0,0,0
CL,2023-01-31,20,20,0,0,0,0,0,0,0,0
CL,2023-02-01,1,19,0,0,0,0,1,0,0,1
CL,2023-02-02,2,19,1,0,0,0,1,0,0,0
CL,2023-02-03,3,19,1,0,0,0,1,0,0,0
CL,2023-02-06,4,19,0,0,0,0,1,0,0,0
CL,2023-02-07,5,19,0,0,0,0,1,0,0,0
CL,2023-02-08,6,19,0,0,0,0,1,0,0,1
CL,2023-02-09,7,19,0,0,0,0,1,0,0,0
CL,2023-02-10,8,19,0,0,0,0,1,0,0,0
CL,2023-02-13,9,19,0,0,0,0,1,0,0,0
CL,2023-02-14,10,19,0,0,0,0,1,0,0,0
CL,2023-02-15,11,19,0,0,0,0,0,0,0,1
CL,2023-02-16,12,19,0,0,0,0,0,0,0,0
CL,2023-02-17,13,19,0,0,0,0,0,0,0,0
CL,2023-02-21,14,19,0,0,0,0,0,1,0,0
CL,2023-02-22,15,19,0,0,0,0,0,0,0,0
CL,2023-02-23,16,19,0,0,0,0,0,0,0,1
CL,2023-02-24,17,19,0,0,0,0,0,0,0,0
CL,2023-02-27,18,19,0,0,0,0,0,0,0,0
CL,2023-02-28,19,19,0,0,0,0,0,0,0,0
CL,2023-03-01,1,23,0,0,1,0,1,0,0,1
CL,2023-03-02,2,23,1,1,0,0,1,0,0,0
CL,2023-03-03,3,23,1,1,0,0,1,0,0,0
CL,2023-03-06,4,23,0,0,0,0,1,0,0,0
CL,2023-03-07,5,23,0,0,0,0,1,0,0,0
CL,2023-03-08,6,23,0,0,0,0,1,0,0,1
CL,2023-03-09,7,23,0,0,0,0,1,0,0,0
CL,2023-03-10,8,23,0,0,0,0,1,0,0,0
CL,2023-03-13,9,23,0,0,0,0,1,0,0,0
CL,2023-03-14,10,23,0,0,0,0,1,0,0,0
CL,2023-03-15,11,23,0,0,0,0,0,0,0,1
CL,2023-03-16,12,23,0,0,0,0,0,0,0,0
CL,2023-03-17,13,23,0,0,0,0,0,0,0,0
CL,2023-03-20,14,23,0,0,0,0,0,0,0,0
CL,2023-03-21,15,23,0,0,0,0,0,1,0,0
CL,2023-03-22,16,23,0,0,0,0,0,0,0,1
CL,2023-03-23,17,23,0,0,0,0,0,0,0,0
CL,2023-03-24,18,23,0,0,0,0,0,0,0,0
CL,2023-03-27,19,23,0,0,0,0,0,0,0,0
CL,2023-03-28,20,23,0,0,0,0,0,0,0,0
CL,2023-03-29,21,23,0,0,0,0,0,0,0,1
CL,2023-03-30,22,23,0,0,0,0,0,0,0,0
CL,2023-03-31,23,23,0,0,0,0,0,0,0,0
CL,2023-04-03,1,19,0,0,0,0,1,0,0,0
CL,2023-04-04,2,19,1,0,0,0,1,0,0,0
CL,2023-04-05,3,19,1,0,0,0,1,0,0,1
CL,2023-04-06,4,19,0,0,0,0,1,0,0,0
CL,2023-04-10,5,19,0,0,0,0,1,0,0,0
CL,2023-04-11,6,19,0,0,0,0,1,0,0,0
CL,2023-04-12,7,19,0,0,0,0,1,0,0,1
CL,2023-04-13,8,19,0,0,0,0,1,0,0,0
CL,2023-04-14,9,19,0,0,0,0,1,0,0,0
CL,2023-04-17,10,19,0,0,0,0,1,0,0,0
CL,2023-04-18,11,19,0,0,0,0,0,0,0,0
CL,2023-04-19,12,19,0,0,0,0,0,0,0,1
CL,2023-04-20,13,19,0,0,0,0,0,1,0,0
CL,2023-04-21,14,19,0,0,0,0,0,0,0,0
CL,2023-04-24,15,19,0,0,0,0,0,0,0,0
CL,2023-04-25,16,19,0,0,0,0,0,0,0,0
CL,2023-04-26,17,19,0,0,0,0,0,0,0,1
CL,2023-04-27,18,19,0,0,0,0,0,0,0,0
CL,2023-04-28,19,19,0,0,0,0,0,0,0,0
CL,2023-05-01,1,22,0,0,0,0,1,0,0,0
CL,2023-05-02,2,22,1,0,0,0,1,0,0,0
CL,2023-05-03,3,22,1,0,0,0,1,0,0,1
CL,2023-05-04,4,22,0,0,0,0,1,0,0,0
CL,2023-05-05,5,22,0,0,0,0,1,0,0,0
CL,2023-05-08,6,22,0,0,0,0,1,0,0,0
CL,2023-05-09,7,22,0,0,0,0,1,0,0,0
CL,2023-05-10,8,22,0,0,0,0,1,0,0,1
CL,2023-05-11,9,22,0,0,0,0,1,0,0,0
CL,2023-05-12,10,22,0,0,0,0,1,0,0,0
CL,2023-05-15,11,22,0,0,0,0,0,0,0,0
CL,2023-05-16,12,22,0,0,0,0,0,0,0,0
CL,2023-05-17,13,22,0,0,0,0,0,0,0,1
CL,2023-05-18,14,22,0,0,0,0,0,0,0,0
CL,2023-05-19,15,22,0,0,0,0,0,0,0,0
CL,2023-05-22,16,22,0,0,0,0,0,1,0,0
CL,2023-05-23,17,22,0,0,0,0,0,0,0,0
CL,2023-05-24,18,22,0,0,0,0,0,0,0,1
CL,2023-05-25,19,22,0,0,0,0,0,0,0,0
CL,2023-05-26,20,22,0,0,0,0,0,0,0,0
CL,2023-05-30,21,22,0,0,0,0,0,0,0,0
CL,2023-05-31,22,22,0,0,0,0,0,0,0,0
CL,2023-06-01,1,21,0,0,0,0,1,0,0,1
CL,2023-06-02,2,21,1,0,0,0,1,0,0,0
CL,2023-06-05,3,21,1,0,0,0,1,0,0,0
CL,2023-06-06,4,21,0,0,0,0,1,0,0,0
CL,2023-06-07,5,21,0,0,0,0,1,0,0,1
CL,2023-06-08,6,21,0,0,0,0,1,0,0,0
CL,2023-06-09,7,21,0,0,0,0,1,0,0,0
CL,2023-06-12,8,21,0,0,0,0,1,0,0,0
CL,2023-06-13,9,21,0,0,0,0,1,0,0,0
CL,2023-06-14,10,21,0,0,0,0,1,0,0,1
CL,2023-06-15,11,21,0,0,0,0,0,0,0,0
CL,2023-06-16,12,21,0,0,0,0,0,0,0,0
CL,2023-06-20,13,21,0,0,0,0,0,1,0,0
CL,2023-06-21,14,21,0,0,0,0,0,0,0,0
CL,2023-06-22,15,21,0,0,0,0,0,0,0,1
CL,2023-06-23,16,21,0,0,0,0,0,0,0,0
CL,2023-06-26,17,21,0,0,0,0,0,0,0,0
CL,2023-06-27,18,21,0,0,0,0,0,0,0,0
CL,2023-06-28,19,21,0,0,0,0,0,0,0,1
CL,2023-06-29,20,21,0,0,0,0,0,0,0,0
CL,2023-06-30,21,21,0,0,0,0,0,0,0,0
CL,2023-07-03,1,20,0,0,0,0,1,0,0,0
CL,2023-07-05,2,20,1,0,0,0,1,0,0,0
CL,2023-07-06,3,20,1,0,0,0,1,0,0,1
CL,2023-07-07,4,20,0,0,0,0,1,0,0,0
CL,2023-07-10,5,20,0,0,0,0,1,0,0,0
CL,2023-07-11,6,20,0,0,0,0,1,0,0,0
CL,2023-07-12,7,20,0,0,0,0,1,0,0,1
CL,2023-07-13,8,20,0,0,0,0,1,0,0,0
CL,2023-07-14,9,20,0,0,0,0,1,0,0,0
CL,2023-07-17,10,20,0,0,0,0,1,0,0,0
CL,2023-07-18,11,20,0,0,0,0,0,0,0,0
CL,2023-07-19,12,20,0,0,0,0,0,0,0,1
CL,2023-07-20,13,20,0,0,0,0,0,1,0,0
CL,2023-07-21,14,20,0,0,0,0,0,0,0,0
CL,2023-07-24,15,20,0,0,0,0,0,0,0,0
CL,2023-07-25,16,20,0,0,0,0,0,0,0,0
CL,2023-07-26,17,20,0,0,0,0,0,0,0,1
CL,2023-07-27,18,20,0,0,0,0,0,0,0,0
CL,2023-07-28,19,20,0,0,0,0,0,0,0,0
CL,2023-07-31,20,20,0,0,0,0,0,0,0,0
CL,2023-08-01,1,23,0,0,0,0,1,0,0,0
CL,2023-08-02,2,23,1,0,0,0,1,0,0,1
CL,2023-08-03,3,23,1,0,0,0,1,0,0,0
CL,2023-08-04,4,23,0,0,0,0,1,0,0,0
CL,2023-08-07,5,23,0,0,0,0,1,0,0,0
CL,2023-08-08,6,23,0,0,0,0,1,0,0,0
CL,2023-08-09,7,23,0,0,0,0,1,0,0,1
CL,2023-08-10,8,23,0,0,0,0,1,0,0,0
CL,2023-08-11,9,23,0,0,0,0,1,0,0,0
CL,2023-08-14,10,23,0,0,0,0,1,0,0,0
CL,2023-08-15,11,23,0,0,0,0,0,0,0,0
CL,2023-08-16,12,23,0,0,0,0,0,0,0,1
CL,2023-08-17,13,23,0,0,0,0,0,0,0,0
CL,2023-08-18,14,23,0,0,0,0,0,0,0,0
CL,2023-08-21,15,23,0,0,0,0,0,0,0,0
CL,2023-08-22,16,23,0,0,0,0,0,1,0,0
CL,2023-08-23,17,23,0,0,0,0,0,0,0,1
CL,2023-08-24,18,23,0,0,0,0,0,0,0,0
CL,2023-08-25,19,23,0,0,0,0,0,0,0,0
CL,2023-08-28,20,23,0,0,0,0,0,0,0,0
CL,2023-08-29,21,23,0,0,0,0,0,0,0,0
CL,2023-08-30,22,23,0,0,0,0,0,0,0,1
CL,2023-08-31,23,23,0,0,0,0,0,0,0,0
CL,2023-09-01,1,20,0,0,1,0,1,0,0,0
CL,2023-09-05,2,20,1,1,0,0,1,0,0,0
CL,2023-09-06,3,20,1,1,0,0,1,0,0,0
CL,2023-09-07,4,20,0,0,0,0,1,0,0,1
CL,2023-09-08,5,20,0,0,0,0,1,0,0,0
CL,2023-09-11,6,20,0,0,0,0,1,0,0,0
CL,2023-09-12,7,20,0,0,0,0,1,0,0,0
CL,2023-09-13,8,20,0,0,0,0,1,0,0,1
CL,2023-09-14,9,20,0,0,0,0,1,0,0,0
CL,2023-09-15,10,20,0,0,0,0,1,0,0,0
CL,2023-09-18,11,20,0,0,0,0,0,0,0,0
CL,2023-09-19,12,20,0,0,0,0,0,0,0,0
CL,2023-09-20,13,20,0,0,0,0,0,1,0,1
CL,2023-09-21,14,20,0,0,0,0,0,0,0,0
CL,2023-09-22,15,20,0,0,0,0,0,0,0,0
CL,2023-09-25,16,20,0,0,0,0,0,0,0,0
CL,2023-09-26,17,20,0,0,0,0,0,0,0,0
CL,2023-09-27,18,20,0,0,0,0,0,0,0,1
CL,2023-09-28,19,20,0,0,0,0,0,0,0,0
CL,2023-09-29,20,20,0,0,0,0,0,0,0,0
CL,2023-10-02,1,22,0,0,0,0,1,0,0,0
CL,2023-10-03,2,22,1,0,0,0,1,0,0,0
CL,2023-10-04,3,22,1,0,0,0,1,0,0,1
CL,2023-10-05,4,22,0,0,0,0,1,0,0,0
CL,2023-10-06,5,22,0,0,0,0,1,0,0,0
CL,2023-10-09,6,22,0,0,0,0,1,0,0,0
CL,2023-10-10,7,22,0,0,0,0,1,0,0,0
CL,2023-10-11,8,22,0,0,0,0,1,0,0,0
CL,2023-10-12,9,22,0,0,0,0,1,0,0,1
CL,2023-10-13,10,22,0,0,0,0,1,0,0,0
CL,2023-10-16,11,22,0,0,0,0,0,0,0,0
CL,2023-10-17,12,22,0,0,0,0,0,0,0,0
CL,2023-10-18,13,22,0,0,0,0,0,0,0,1
CL,2023-10-19,14,22,0,0,0,0,0,0,0,0
CL,2023-10-20,15,22,0,0,0,0,0,1,0,0
CL,2023-10-23,16,22,0,0,0,0,0,0,0,0
CL,2023-10-24,17,22,0,0,0,0,0,0,0,0
CL,2023-10-25,18,22,0,0,0,0,0,0,0,1
CL,2023-10-26,19,22,0,0,0,0,0,0,0,0
CL,2023-10-27,20,22,0,0,0,0,0,0,0,0
CL,2023-10-30,21,22,0,0,0,0,0,0,0,0
CL,2023-10-31,22,22,0,0,0,0,0,0,0,0
CL,2023-11-01,1,21,0,0,0,0,1,0,0,1
CL,2023-11-02,2,21,1,0,0,0,1,0,0,0
CL,2023-11-03,3,21,1,0,0,0,1,0,0,0
CL,2023-11-06,4,21,0,0,0,0,1,0,0,0
CL,2023-11-07,5,21,0,0,0,0,1,0,0,0
CL,2023-11-08,6,21,0,0,0,0,1,0,0,1
CL,2023-11-09,7,21,0,0,0,0,1,0,0,0
CL,2023-11-10,8,21,0,0,0,0,1,0,0,0
CL,2023-11-13,9,21,0,0,0,0,1,0,0,0
CL,2023-11-14,10,21,0,0,0,0,1,0,0,0
CL,2023-11-15,11,21,0,0,0,0,0,0,0,1
CL,2023-11-16,12,21,0,0,0,0,0,0,0,0
CL,2023-11-17,13,21,0,0,0,0,0,0,0,0
CL,2023-11-20,14,21,0,0,0,0,0,1,0,0
CL,2023-11-21,15,21,0,0,0,0,0,0,0,0
CL,2023-11-22,16,21,0,0,0,0,0,0,0,1
CL,2023-11-24,17,21,0,0,0,0,0,0,0,0
CL,2023-11-27,18,21,0,0,0,0,0,0,0,0
CL,2023-11-28,19,21,0,0,0,0,0,0,0,0
CL,2023-11-29,20,21,0,0,0,0,0,0,0,1
CL,2023-11-30,21,21,0,0,0,0,0,0,0,0
CL,2023-12-01,1,20,0,0,0,0,1,0,0,0
CL,2023-12-04,2,20,1,0,0,0,1,0,0,0
CL,2023-12-05,3,20,1,0,0,0,1,0,0,0
CL,2023-12-06,4,20,0,0,0,0,1,0,0,1
CL,2023-12-07,5,20,0,0,0,0,1,0,0,0
CL,2023-12-08,6,20,0,0,0,0,1,0,0,0
CL,2023-12-11,7,20,0,0,0,0,1,0,0,0
CL,2023-12-12,8,20,0,0,0,0,1,0,0,0
CL,2023-12-13,9,20,0,0,0,0,1,0,0,1
CL,2023-12-14,10,20,0,0,0,0,1,0,0,0
CL,2023-12-15,11,20,0,0,0,0,0,0,0,0
CL,2023-12-18,12,20,0,0,0,0,0,0,0,0
CL,2023-12-19,13,20,0,0,0,0,0,1,0,0
CL,2023-12-20,14,20,0,0,0,0,0,0,0,1
CL,2023-12-21,15,20,0,0,0,0,0,0,0,0
CL,2023-12-22,16,20,0,0,0,0,0,0,0,0
CL,2023-12-26,17,20,0,0,0,0,0,0,0,0
CL,2023-12-27,18,20,0,0,0,0,0,0,0,0
CL,2023-12-28,19,20,0,0,0,0,0,0,0,1
CL,2023-12-29,20,20,0,0,0,0,0,0,0,0
CL,2024-01-02,1,21,0,0,0,0,1,0,0,0
CL,2024-01-03,2,21,1,0,0,0,1,0,0,0
CL,2024-01-04,3,21,1,0,0,0,1,0,0,1
CL,2024-01-05,4,21,0,0,0,0,1,0,0,0
CL,2024-01-08,5,21,0,0,0,0,1,0,0,0
CL,2024-01-09,6,21,0,0,0,0,1,0,0,0
CL,2024-01-10,7,21,0,0,0,0,1,0,0,1
CL,2024-01-11,8,21,0,0,0,0,1,0,0,0
CL,2024-01-12,9,21,0,0,0,0,1,0,0,0
CL,2024-01-16,10,21,0,0,0,0,1,0,0,0
CL,2024-01-17,11,21,0,0,0,0,0,0,0,0
CL,2024-01-18,12,21,0,0,0,0,0,0,0,1
CL,2024-01-19,13,21,0,0,0,0,0,0,0,0
CL,2024-01-22,14,21,0,0,0,0,0,1,0,0
CL,2024-01-23,15,21,0,0,0,0,0,0,0,0
CL,2024-01-24,16,21,0,0,0,0,0,0,0,1
CL,2024-01-25,17,21,0,0,0,0,0,0,0,0
CL,2024-01-26,18,21,0,0,0,0,0,0,0,0
CL,2024-01-29,19,21,0,0,0,0,0,0,0,0
CL,2024-01-30,20,21,0,0,0,0,0,0,0,0
CL,2024-01-31,21,21,0,0,0,0,0,0,0,1
CL,2024-02-01,1,20,0,0,0,0,1,0,0,0
CL,2024-02-02,2,20,1,0,0,0,1,0,0,0
CL,2024-02-05,3,20,1,0,0,0,1,0,0,0
CL,2024-02-06,4,20,0,0,0,0,1,0,0,0
CL,2024-02-07,5,20,0,0,0,0,1,0,0,1
CL,2024-02-08,6,20,0,0,0,0,1,0,0,0
CL,2024-02-09,7,20,0,0,0,0,1,0,0,0
CL,2024-02-12,8,20,0,0,0,0,1,0,0,0
CL,2024-02-13,9,20,0,0,0,0,1,0,0,0
CL,2024-02-14,10,20,0,0,0,0,1,0,0,1
CL,2024-02-15,11,20,0,0,0,0,0,0,0,0
CL,2024-02-16,12,20,0,0,0,0,0,0,0,0
CL,2024-02-20,13,20,0,0,0,0,0,1,0,0
CL,2024-02-21,14,20,0,0,0,0,0,0,0,0
CL,2024-02-22,15,20,0,0,0,0,0,0,0,1
CL,2024-02-23,16,20,0,0,0,0,0,0,0,0
CL,2024-02-26,17,20,0,0,0,0,0,0,0,0
CL,2024-02-27,18,20,0,0,0,0,0,0,0,0
CL,2024-02-28,19,20,0,0,0,0,0,0,0,1
CL,2024-02-29,20,20,0,0,0,0,0,0,0,0
CL,2024-03-01,1,20,0,0,1,0,1,0,0,0
CL,2024-03-04,2,20,1,1,0,0,1,0,0,0
CL,2024-03-05,3,20,1,1,0,0,1,0,0,0
CL,2024-03-06,4,20,0,0,0,0,1,0,0,1
CL,2024-03-07,5,20,0,0,0,0,1,0,0,0
CL,2024-03-08,6,20,0,0,0,0,1,0,0,0
CL,2024-03-11,7,20,0,0,0,0,1,0,0,0
CL,2024-03-12,8,20,0,0,0,0,1,0,0,0
CL,2024-03-13,9,20,0,0,0,0,1,0,0,1
CL,2024-03-14,10,20,0,0,0,0,1,0,0,0
CL,2024-03-15,11,20,0,0,0,0,0,0,0,0
CL,2024-03-18,12,20,0,0,0,0,0,0,0,0
CL,2024-03-19,13,20,0,0,0,0,0,0,0,0
CL,2024-03-20,14,20,0,0,0,0,0,1,0,1
CL,2024-03-21,15,20,0,0,0,0,0,0,0,0
CL,2024-03-22,16,20,0,0,0,0,0,0,0,0
CL,2024-03-25,17,20,0,0,0,0,0,0,0,0
CL,2024-03-26,18,20,0,0,0,0,0,0,0,0
CL,2024-03-27,19,20,0,0,0,0,0,0,0,1
CL,2024-03-28,20,20,0,0,0,0,0,0,0,0
CL,2024-04-01,1,22,0,0,0,0,1,0,0,0
CL,2024-04-02,2,22,1,0,0,0,1,0,0,0
CL,2024-04-03,3,22,1,0,0,0,1,0,0,1
CL,2024-04-04,4,22,0,0,0,0,1,0,0,0
CL,2024-04-05,5,22,0,0,0,0,1,0,0,0
CL,2024-04-08,6,22,0,0,0,0,1,0,0,0
CL,2024-04-09,7,22,0,0,0,0,1,0,0,0
CL,2024-04-10,8,22,0,0,0,0,1,0,0,1
CL,2024-04-11,9,22,0,0,0,0,1,0,0,0
CL,2024-04-12,10,22,0,0,0,0,1,0,0,0
CL,2024-04-15,11,22,0,0,0,0,0,0,0,0
CL,2024-04-16,12,22,0,0,0,0,0,0,0,0
CL,2024-04-17,13,22,0,0,0,0,0,0,0,1
CL,2024-04-18,14,22,0,0,0,0,0,0,0,0
CL,2024-04-19,15,22,0,0,0,0,0,0,0,0
CL,2024-04-22,16,22,0,0,0,0,0,1,0,0
CL,2024-04-23,17,22,0,0,0,0,0,0,0,0
CL,2024-04-24,18,22,0,0,0,0,0,0,0,1
CL,2024-04-25,19,22,0,0,0,0,0,0,0,0
CL,2024-04-26,20,22,0,0,0,0,0,0,0,0
CL,2024-04-29,21,22,0,0,0,0,0,0,0,0
CL,2024-04-30,22,22,0,0,0,0,0,0,0,0
CL,2024-05-01,1,22,0,0,0,0,1,0,0,1
CL,2024-05-02,2,22,1,0,0,0,1,0,0,0
CL,2024-05-03,3,22,1,0,0,0,1,0,0,0
CL,2024-05-06,4,22,0,0,0,0,1,0,0,0
CL,2024-05-07,5,22,0,0,0,0,1,0,0,0
CL,2024-05-08,6,22,0,0,0,0,1,0,0,1
CL,2024-05-09,7,22,0,0,0,0,1,0,0,0
CL,2024-05-10,8,22,0,0,0,0,1,0,0,0
CL,2024-05-13,9,22,0,0,0,0,1,0,0,0
CL,2024-05-14,10,22,0,0,0,0,1,0,0,0
CL,2024-05-15,11,22,0,0,0,0,0,0,0,1
CL,2024-05-16,12,22,0,0,0,0,0,0,0,0
CL,2024-05-17,13,22,0,0,0,0,0,0,0,0
CL,2024-05-20,14,22,0,0,0,0,0,0,0,0
CL,2024-05-21,15,22,0,0,0,0,0,1,0,0
CL,2024-05-22,16,22,0,0,0,0,0,0,0,1
CL,2024-05-23,17,22,0,0,0,0,0,0,0,0
CL,2024-05-24,18,22,0,0,0,0,0,0,0,0
CL,2024-05-28,19,22,0,0,0,0,0,0,0,0
CL,2024-05-29,20,22,0,0,0,0,0,0,0,0
CL,2024-05-30,21,22,0,0,0,0,0,0,0,1
CL,2024-05-31,22,22,0,0,0,0,0,0,0,0
CL,2024-06-03,1,19,0,0,0,0,1,0,0,0
CL,2024-06-04,2,19,1,0,0,0,1,0,0,0
CL,2024-06-05,3,19,1,0,0,0,1,0,0,1
CL,2024-06-06,4,19,0,0,0,0,1,0,0,0
CL,2024-06-07,5,19,0,0,0,0,1,0,0,0
CL,2024-06-10,6,19,0,0,0,0,1,0,0,0
CL,2024-06-11,7,19,0,0,0,0,1,0,0,0
CL,2024-06-12,8,19,0,0,0,0,1,0,0,1
CL,2024-06-13,9,19,0,0,0,0,1,0,0,0
CL,2024-06-14,10,19,0,0,0,0,1,0,0,0
CL,2024-06-17,11,19,0,0,0,0,0,0,0,0
CL,2024-06-18,12,19,0,0,0,0,0,0,0,0
CL,2024-06-20,13,19,0,0,0,0,0,1,0,1
CL,2024-06-21,14,19,0,0,0,0,0,0,0,0
CL,2024-06-24,15,19,0,0,0,0,0,0,0,0
CL,2024-06-25,16,19,0,0,0,0,0,0,0,0
CL,2024-06-26,17,19,0,0,0,0,0,0,0,1
CL,2024-06-27,18,19,0,0,0,0,0,0,0,0
CL,2024-06-28,19,19,0,0,0,0,0,0,0,0
CL,2024-07-01,1,22,0,0,0,0,1,0,0,0
CL,2024-07-02,2,22,1,0,0,0,1,0,0,0
CL,2024-07-03,3,22,1,0,0,0,1,0,0,1
CL,2024-07-05,4,22,0,0,0,0,1,0,0,0
CL,2024-07-08,5,22,0,0,0,0,1,0,0,0
CL,2024-07-09,6,22,0,0,0,0,1,0,0,0
CL,2024-07-10,7,22,0,0,0,0,1,0,0,1
CL,2024-07-11,8,22,0,0,0,0,1,0,0,0
CL,2024-07-12,9,22,0,0,0,0,1,0,0,0
CL,2024-07-15,10,22,0,0,0,0,1,0,0,0
CL,2024-07-16,11,22,0,0,0,0,0,0,0,0
CL,2024-07-17,12,22,0,0,0,0,0,0,0,1
CL,2024-07-18,13,22,0,0,0,0,0,0,0,0
CL,2024-07-19,14,22,0,0,0,0,0,0,0,0
CL,2024-07-22,15,22,0,0,0,0,0,1,0,0
CL,2024-07-23,16,22,0,0,0,0,0,0,0,0
CL,2024-07-24,17,22,0,0,0,0,0,0,0,1
CL,2024-07-25,18,22,0,0,0,0,0,0,0,0
CL,2024-07-26,19,22,0,0,0,0,0,0,0,0
CL,2024-07-29,20,22,0,0,0,0,0,0,0,0
CL,2024-07-30,21,22,0,0,0,0,0,0,0,0
CL,2024-07-31,22,22,0,0,0,0,0,0,0,1
CL,2024-08-01,1,22,0,0,0,0,1,0,0,0
CL,2024-08-02,2,22,1,0,0,0,1,0,0,0
CL,2024-08-05,3,22,1,0,0,0,1,0,0,0
CL,2024-08-06,4,22,0,0,0,0,1,0,0,0
CL,2024-08-07,5,22,0,0,0,0,1,0,0,1
CL,2024-08-08,6,22,0,0,0,0,1,0,0,0
CL,2024-08-09,7,22,0,0,0,0,1,0,0,0
CL,2024-08-12,8,22,0,0,0,0,1,0,0,0
CL,2024-08-13,9,22,0,0,0,0,1,0,0,0
CL,2024-08-14,10,22,0,0,0,0,1,0,0,1
CL,2024-08-15,11,22,0,0,0,0,0,0,0,0
CL,2024-08-16,12,22,0,0,0,0,0,0,0,0
CL,2024-08-19,13,22,0,0,0,0,0,0,0,0
CL,2024-08-20,14,22,0,0,0,0,0,1,0,0
CL,2024-08-21,15,22,0,0,0,0,0,0,0,1
CL,2024-08-22,16,22,0,0,0,0,0,0,0,0
CL,2024-08-23,17,22,0,0,0,0,0,0,0,0
CL,2024-08-26,18,22,0,0,0,0,0,0,0,0
CL,2024-08-27,19,22,0,0,0,0,0,0,0,0
CL,2024-08-28,20,22,0,0,0,0,0,0,0,1
CL,2024-08-29,21,22,0,0,0,0,0,0,0,0
CL,2024-08-30,22,22,0,0,0,0,0,0,0,0
CL,2024-09-03,1,20,0,0,1,0,1,0,0,0
CL,2024-09-04,2,20,1,1,0,0,1,0,0,0
CL,2024-09-05,3,20,1,1,0,0,1,0,0,1
CL,2024-09-06,4,20,0,0,0,0,1,0,0,0
CL,2024-09-09,5,20,0,0,0,0,1,0,0,0
CL,2024-09-10,6,20,0,0,0,0,1,0,0,0
CL,2024-09-11,7,20,0,0,0,0,1,0,0,1
CL,2024-09-12,8,20,0,0,0,0,1,0,0,0
CL,2024-09-13,9,20,0,0,0,0,1,0,0,0
CL,2024-09-16,10,20,0,0,0,0,1,0,0,0
CL,2024-09-17,11,20,0,0,0,0,0,0,0,0
CL,2024-09-18,12,20,0,0,0,0,0,0,0,1
CL,2024-09-19,13,20,0,0,0,0,0,0,0,0
CL,2024-09-20,14,20,0,0,0,0,0,1,0,0
CL,2024-09-23,15,20,0,0,0,0,0,0,0,0
CL,2024-09-24,16,20,0,0,0,0,0,0,0,0
CL,2024-09-25,17,20,0,0,0,0,0,0,0,1
CL,2024-09-26,18,20,0,0,0,0,0,0,0,0
CL,2024-09-27,19,20,0,0,0,0,0,0,0,0
CL,2024-09-30,20,20,0,0,0,0,0,0,0,0
CL,2024-10-01,1,23,0,0,0,0,1,0,0,0
CL,2024-10-02,2,23,1,0,0,0,1,0,0,1
CL,2024-10-03,3,23,1,0,0,0,1,0,0,0
CL,2024-10-04,4,23,0,0,0,0,1,0,0,0
CL,2024-10-07,5,23,0,0,0,0,1,0,0,0
CL,2024-10-08,6,23,0,0,0,0,1,0,0,0
CL,2024-10-09,7,23,0,0,0,0,1,0,0,1
CL,2024-10-10,8,23,0,0,0,0,1,0,0,0
CL,2024-10-11,9,23,0,0,0,0,1,0,0,0
CL,2024-10-14,10,23,0,0,0,0,1,0,0,0
CL,2024-10-15,11,23,0,0,0,0,0,0,0,0
CL,2024-10-16,12,23,0,0,0,0,0,0,0,0
CL,2024-10-17,13,23,0,0,0,0,0,0,0,1
CL,2024-10-18,14,23,0,0,0,0,0,0,0,0
CL,2024-10-21,15,23,0,0,0,0,0,0,0,0
CL,2024-10-22,16,23,0,0,0,0,0,1,0,0
CL,2024-10-23,17,23,0,0,0,0,0,0,0,1
CL,2024-10-24,18,23,0,0,0,0,0,0,0,0
CL,2024-10-25,19,23,0,0,0,0,0,0,0,0
CL,2024-10-28,20,23,0,0,0,0,0,0,0,0
CL,2024-10-29,21,23,0,0,0,0,0,0,0,0
CL,2024-10-30,22,23,0,0,0,0,0,0,0,1
CL,2024-10-31,23,23,0,0,0,0,0,0,0,0
CL,2024-11-01,1,20,0,0,0,0,1,0,0,0
CL,2024-11-04,2,20,1,0,0,0,1,0,0,0
CL,2024-11-05,3,20,1,0,0,0,1,0,0,0
CL,2024-11-06,4,20,0,0,0,0,1,0,0,1
CL,2024-11-07,5,20,0,0,0,0,1,0,0,0
CL,2024-11-08,6,20,0,0,0,0,1,0,0,0
CL,2024-11-11,7,20,0,0,0,0,1,0,0,0
CL,2024-11-12,8,20,0,0,0,0,1,0,0,0
CL,2024-11-13,9,20,0,0,0,0,1,0,0,0
CL,2024-11-14,10,20,0,0,0,0,1,0,0,1
CL,2024-11-15,11,20,0,0,0,0,0,0,0,0
CL,2024-11-18,12,20,0,0,0,0,0,0,0,0
CL,2024-11-19,13,20,0,0,0,0,0,0,0,0
CL,2024-11-20,14,20,0,0,0,0,0,1,0,1
CL,2024-11-21,15,20,0,0,0,0,0,0,0,0
CL,2024-11-22,16,20,0,0,0,0,0,0,0,0
CL,2024-11-25,17,20,0,0,0,0,0,0,0,0
CL,2024-11-26,18,20,0,0,0,0,0,0,0,0
CL,2024-11-27,19,20,0,0,0,0,0,0,0,1
CL,2024-11-29,20,20,0,0,0,0,0,0,0,0
CL,2024-12-02,1,21,0,0,0,0,1,0,0,0
CL,2024-12-03,2,21,1,0,0,0,1,0,0,0
CL,2024-12-04,3,21,1,0,0,0,1,0,0,1
CL,2024-12-05,4,21,0,0,0,0,1,0,0,0
CL,2024-12-06,5,21,0,0,0,0,1,0,0,0
CL,2024-12-09,6,21,0,0,0,0,1,0,0,0
CL,2024-12-10,7,21,0,0,0,0,1,0,0,0
CL,2024-12-11,8,21,0,0,0,0,1,0,0,1
CL,2024-12-12,9,21,0,0,0,0,1,0,0,0
CL,2024-12-13,10,21,0,0,0,0,1,0,0,0
CL,2024-12-16,11,21,0,0,0,0,0,0,0,0
CL,2024-12-17,12,21,0,0,0,0,0,0,0,0
CL,2024-12-18,13,21,0,0,0,0,0,0,0,1
CL,2024-12-19,14,21,0,0,0,0,0,1,0,0
CL,2024-12-20,15,21,0,0,0,0,0,0,0,0
CL,2024-12-23,16,21,0,0,0,0,0,0,0,0
CL,2024-12-24,17,21,0,0,0,0,0,0,0,0
CL,2024-12-26,18,21,0,0,0,0,0,0,0,0
CL,2024-12-27,19,21,0,0,0,0,0,0,0,1
CL,2024-12-30,20,21,0,0,0,0,0,0,0,0
CL,2024-12-31,21,21,0,0,0,0,0,0,0,0
CL,2025-01-02,1,21,0,0,0,0,1,0,0,1
CL,2025-01-03,2,21,1,0,0,0,1,0,0,0
CL,2025-01-06,3,21,1,0,0,0,1,0,0,0
CL,2025-01-07,4,21,0,0,0,0,1,0,0,0
CL,2025-01-08,5,21,0,0,0,0,1,0,0,1
CL,2025-01-09,6,21,0,0,0,0,1,0,0,0
CL,2025-01-10,7,21,0,0,0,0,1,0,0,0
CL,2025-01-13,8,21,0,0,0,0,1,0,0,0
CL,2025-01-14,9,21,0,0,0,0,1,0,0,0
CL,2025-01-15,10,21,0,0,0,0,1,0,0,1
CL,2025-01-16,11,21,0,0,0,0,0,0,0,0
CL,2025-01-17,12,21,0,0,0,0,0,0,0,0
CL,2025-01-21,13,21,0,0,0,0,0,1,0,0
CL,2025-01-22,14,21,0,0,0,0,0,0,0,0
CL,2025-01-23,15,21,0,0,0,0,0,0,0,1
CL,2025-01-24,16,21,0,0,0,0,0,0,0,0
CL,2025-01-27,17,21,0,0,0,0,0,0,0,0
CL,2025-01-28,18,21,0,0,0,0,0,0,0,0
CL,2025-01-29,19,21,0,0,0,0,0,0,0,1
CL,2025-01-30,20,21,0,0,0,0,0,0,0,0
CL,2025-01-31,21,21,0,0,0,0,0,0,0,0
CL,2025-02-03,1,19,0,0,0,0,1,0,0,0
CL,2025-02-04,2,19,1,0,0,0,1,0,0,0
CL,2025-02-05,3,19,1,0,0,0,1,0,0,1
CL,2025-02-06,4,19,0,0,0,0,1,0,0,0
CL,2025-02-07,5,19,0,0,0,0,1,0,0,0
CL,2025-02-10,6,19,0,0,0,0,1,0,0,0
CL,2025-02-11,7,19,0,0,0,0,1,0,0,0
CL,2025-02-12,8,19,0,0,0,0,1,0,0,1
CL,2025-02-13,9,19,0,0,0,0,1,0,0,0
CL,2025-02-14,10,19,0,0,0,0,1,0,0,0
CL,2025-02-18,11,19,0,0,0,0,0,0,0,0
CL,2025-02-19,12,19,0,0,0,0,0,0,0,0
CL,2025-02-20,13,19,0,0,0,0,0,1,0,1
CL,2025-02-21,14,19,0,0,0,0,0,0,0,0
CL,2025-02-24,15,19,0,0,0,0,0,0,0,0
CL,2025-02-25,16,19,0,0,0,0,0,0,0,0
CL,2025-02-26,17,19,0,0,0,0,0,0,0,1
CL,2025-02-27,18,19,0,0,0,0,0,0,0,0
CL,2025-02-28,19,19,0,0,0,0,0,0,0,0
NG,2017-05-22,16,22,0,0,0,0,0,0,0,0
NG,2017-05-23,17,22,0,0,0,0,0,0,0,0
NG,2017-05-24,18,22,0,0,0,0,0,0,1,0
NG,2017-05-25,19,22,0,0,0,0,0,0,1,1
NG,2017-05-26,20,22,0,0,0,0,0,1,1,0
NG,2017-05-30,21,22,0,0,0,0,0,0,0,0
NG,2017-05-31,22,22,0,0,0,0,0,0,0,0
NG,2017-06-01,1,22,0,0,0,0,0,0,0,1
NG,2017-06-02,2,22,0,0,0,0,0,0,0,0
NG,2017-06-05,3,22,0,0,0,0,0,0,0,0
NG,2017-06-06,4,22,0,0,0,0,0,0,0,0
NG,2017-06-07,5,22,1,0,0,0,0,0,0,0
NG,2017-06-08,6,22,1,0,0,0,0,0,0,1
NG,2017-06-09,7,22,1,0,0,0,0,0,0,0
NG,2017-06-12,8,22,1,0,0,0,0,0,0,0
NG,2017-06-13,9,22,1,0,0,0,0,0,0,0
NG,2017-06-14,10,22,0,0,0,0,1,0,0,0
NG,2017-06-15,11,22,0,0,0,0,1,0,0,1
NG,2017-06-16,12,22,0,0,0,0,1,0,0,0
NG,2017-06-19,13,22,0,0,0,0,1,0,0,0
NG,2017-06-20,14,22,0,0,0,0,0,0,0,0
NG,2017-06-21,15,22,0,0,0,0,0,0,0,0
NG,2017-06-22,16,22,0,0,0,0,0,0,0,1
NG,2017-06-23,17,22,0,0,0,0,0,0,0,0
NG,2017-06-26,18,22,0,0,0,0,0,0,1,0
NG,2017-06-27,19,22,0,0,0,0,0,0,1,0
NG,2017-06-28,20,22,0,0,0,0,0,1,1,0
NG,2017-06-29,21,22,0,0,0,0,0,0,0,1
NG,2017-06-30,22,22,0,0,0,0,0,0,0,0
NG,2017-07-03,1,20,0,0,0,0,0,0,0,0
NG,2017-07-05,2,20,0,0,0,0,0,0,0,0
NG,2017-07-06,3,20,0,0,0,0,0,0,0,0
NG,2017-07-07,4,20,0,0,0,0,0,0,0,1
NG,2017-07-10,5,20,1,0,0,0,0,0,0,0
NG,2017-07-11,6,20,1,0,0,0,0,0,0,0
NG,2017-07-12,7,20,1,0,0,0,0,0,0,0
NG,2017-07-13,8,20,1,0,0,0,1,0,0,1
NG,2017-07-14,9,20,1,0,0,0,1,0,0,0
NG,2017-07-17,10,20,0,0,0,0,1,0,0,0
NG,2017-07-18,11,20,0,0,0,0,1,0,0,0
NG,2017-07-19,12,20,0,0,0,0,0,0,0,0
NG,2017-07-20,13,20,0,0,0,0,0,0,0,1
NG,2017-07-21,14,20,0,0,0,0,0,0,0,0
NG,2017-07-24,15,20,0,0,0,0,0,0,0,0
NG,2017-07-25,16,20,0,0,0,0,0,0,1,0
NG,2017-07-26,17,20,0,0,0,0,0,0,1,0
NG,2017-07-27,18,20,0,0,0,0,0,1,1,1
NG,2017-07-28,19,20,0,0,0,0,0,0,0,0
NG,2017-07-31,20,20,0,0,0,0,0,0,0,0
NG,2017-08-01,1,23,0,0,0,0,0,0,0,0
NG,2017-08-02,2,23,0,0,0,0,0,0,0,0
NG,2017-08-03,3,23,0,0,0,0,0,0,0,1
NG,2017-08-04,4,23,0,0,0,0,0,0,0,0
NG,2017-08-07,5,23,1,0,0,0,0,0,0,0
NG,2017-08-08,6,23,1,0,0,0,0,0,0,0
NG,2017-08-09,7,23,1,0,0,0,0,0,0,0
NG,2017-08-10,8,23,1,0,0,0,0,0,0,1
NG,2017-08-11,9,23,1,0,0,0,0,0,0,0
NG,2017-08-14,10,23,0,0,0,0,0,0,0,0
NG,2017-08-15,11,23,0,0,0,0,1,0,0,0
NG,2017-08-16,12,23,0,0,0,0,1,0,0,0
NG,2017-08-17,13,23,0,0,0,0,1,0,0,1
NG,2017-08-18,14,23,0,0,0,0,1,0,0,0
NG,2017-08-21,15,23,0,0,0,0,0,0,0,0
NG,2017-08-22,16,23,0,0,0,0,0,0,0,0
NG,2017-08-23,17,23,0,0,0,0,0,0,0,0
NG,2017-08-24,18,23,0,0,0,0,0,0,0,1
NG,2017-08-25,19,23,0,0,0,0,0,0,1,0
NG,2017-08-28,20,23,0,0,0,0,0,0,1,0
NG,2017-08-29,21,23,0,0,0,0,0,1,1,0
NG,2017-08-30,22,23,0,0,0,0,0,0,0,0
NG,2017-08-31,23,23,0,0,0,0,0,0,0,1
NG,2017-09-01,1,20,0,0,0,0,0,0,0,0
NG,2017-09-05,2,20,0,0,0,0,0,0,0,0
NG,2017-09-06,3,20,0,0,0,0,0,0,0,0
NG,2017-09-07,4,20,0,0,0,0,0,0,0,1
NG,2017-09-08,5,20,1,0,0,0,0,0,0,0
NG,2017-09-11,6,20,1,0,0,0,0,0,0,0
NG,2017-09-12,7,20,1,0,0,0,0,0,0,0
NG,2017-09-13,8,20,1,0,0,0,1,0,0,0
NG,2017-09-14,9,20,1,0,0,0,1,0,0,1
NG,2017-09-15,10,20,0,0,0,0,1,0,0,0
NG,2017-09-18,11,20,0,0,0,0,1,0,0,0
NG,2017-09-19,12,20,0,0,0,0,0,0,0,0
NG,2017-09-20,13,20,0,0,0,0,0,0,0,0
NG,2017-09-21,14,20,0,0,0,0,0,0,0,1
NG,2017-09-22,15,20,0,0,0,0,0,0,0,0
NG,2017-09-25,16,20,0,0,0,0,0,0,1,0
NG,2017-09-26,17,20,0,0,0,0,0,0,1,0
NG,2017-09-27,18,20,0,0,0,0,0,1,1,0
NG,2017-09-28,19,20,0,0,0,0,0,0,0,1
NG,2017-09-29,20,20,0,0,0,0,0,0,0,0
NG,2017-10-02,1,22,0,0,0,0,0,0,0,0
NG,2017-10-03,2,22,0,0,0,0,0,0,0,0
NG,2017-10-04,3,22,0,0,0,0,0,0,0,0
NG,2017-10-05,4,22,0,0,0,0,0,0,0,1
NG,2017-10-06,5,22,1,0,0,0,0,0,0,0
NG,2017-10-09,6,22,1,0,0,0,0,0,0,0
NG,2017-10-10,7,22,1,0,0,0,0,0,0,0
NG,2017-10-11,8,22,1,0,0,0,0,0,0,0
NG,2017-10-12,9,22,1,0,0,0,0,0,0,1
NG,2017-10-13,10,22,0,0,0,0,1,0,0,0
NG,2017-10-16,11,22,0,0,0,0,1,0,0,0
NG,2017-10-17,12,22,0,0,0,0,1,0,0,0
NG,2017-10-18,13,22,0,0,0,0,1,0,0,0
NG,2017-10-19,14,22,0,0,0,0,0,0,0,1
NG,2017-10-20,15,22,0,0,0,0,0,0,0,0
NG,2017-10-23,16,22,0,0,0,0,0,0,0,0
NG,2017-10-24,17,22,0,0,0,0,0,0,0,0
NG,2017-10-25,18,22,0,0,0,0,0,0,1,0
NG,2017-10-26,19,22,0,0,0,0,0,0,1,1
NG,2017-10-27,20,22,0,0,0,0,0,1,1,0
NG,2017-10-30,21,22,0,0,0,0,0,0,0,0
NG,2017-10-31,22,22,0,0,0,0,0,0,0,0
NG,2017-11-01,1,21,0,0,0,0,0,0,0,0
NG,2017-11-02,2,21,0,0,0,0,0,0,0,1
NG,2017-11-03,3,21,0,0,0,0,0,0,0,0
NG,2017-11-06,4,21,0,0,0,0,0,0,0,0
NG,2017-11-07,5,21,1,0,0,0,0,0,0,0
NG,2017-11-08,6,21,1,0,0,0,0,0,0,0
NG,2017-11-09,7,21,1,0,0,0,0,0,0,1
NG,2017-11-10,8,21,1,0,0,0,0,0,0,0
NG,2017-11-13,9,21,1,0,0,0,0,0,0,0
NG,2017-11-14,10,21,0,0,0,0,1,0,0,0
NG,2017-11-15,11,21,0,0,0,0,1,0,0,0
NG,2017-11-16,12,21,0,0,0,0,1,0,0,1
NG,2017-11-17,13,21,0,0,0,0,1,0,0,0
NG,2017-11-20,14,21,0,0,0,0,0,0,0,0
NG,2017-11-21,15,21,0,0,0,0,0,0,0,0
NG,2017-11-22,16,21,0,0,0,0,0,0,0,1
NG,2017-11-24,17,21,0,0,0,0,0,0,1,0
NG,2017-11-27,18,21,0,0,0,0,0,0,1,0
NG,2017-11-28,19,21,0,0,0,0,0,1,1,0
NG,2017-11-29,20,21,0,0,0,0,0,0,0,0
NG,2017-11-30,21,21,0,0,0,0,0,0,0,1
NG,2017-12-01,1,20,0,0,0,0,0,0,0,0
NG,2017-12-04,2,20,0,0,0,0,0,0,0,0
NG,2017-12-05,3,20,0,0,0,0,0,0,0,0
NG,2017-12-06,4,20,0,0,0,0,0,0,0,0
NG,2017-12-07,5,20,1,0,0,0,0,0,0,1
NG,2017-12-08,6,20,1,0,0,0,0,0,0,0
NG,2017-12-11,7,20,1,0,0,0,0,0,0,0
NG,2017-12-12,8,20,1,0,0,0,0,0,0,0
NG,2017-12-13,9,20,1,0,0,0,1,0,0,0
NG,2017-12-14,10,20,0,0,0,0,1,0,0,1
NG,2017-12-15,11,20,0,0,0,0,1,0,0,0
NG,2017-12-18,12,20,0,0,0,0,1,0,0,0
NG,2017-12-19,13,20,0,0,0,0,0,0,0,0
NG,2017-12-20,14,20,0,0,0,0,0,0,0,0
NG,2017-12-21,15,20,0,0,0,0,0,0,0,1
NG,2017-12-22,16,20,0,0,0,0,0,0,1,0
NG,2017-12-26,17,20,0,0,0,0,0,0,1,0
NG,2017-12-27,18,20,0,0,0,0,0,1,1,0
NG,2017-12-28,19,20,0,0,0,0,0,0,0,1
NG,2017-12-29,20,20,0,0,0,0,0,0,0,0
NG,2018-01-02,1,21,0,0,0,0,0,0,0,0
NG,2018-01-03,2,21,0,0,0,0,0,0,0,0
NG,2018-01-04,3,21,0,0,0,0,0,0,0,1
NG,2018-01-05,4,21,0,0,0,0,0,0,0,0
NG,2018-01-08,5,21,1,0,0,0,0,0,0,0
NG,2018-01-09,6,21,1,0,0,0,0,0,0,0
NG,2018-01-10,7,21,1,0,0,0,0,0,0,0
NG,2018-01-11,8,21,1,0,0,0,0,0,0,1
NG,2018-01-12,9,21,1,0,0,0,1,0,0,0
NG,2018-01-16,10,21,0,0,0,0,1,0,0,0
NG,2018-01-17,11,21,0,0,0,0,1,0,0,0
NG,2018-01-18,12,21,0,0,0,0,1,0,0,1
NG,2018-01-19,13,21,0,0,0,0,0,0,0,0
NG,2018-01-22,14,21,0,0,0,0,0,0,0,0
NG,2018-01-23,15,21,0,0,0,0,0,0,0,0
NG,2018-01-24,16,21,0,0,0,0,0,0,0,0
NG,2018-01-25,17,21,0,0,0,0,0,0,1,1
NG,2018-01-26,18,21,0,0,0,0,0,0,1,0
NG,2018-01-29,19,21,0,0,0,0,0,1,1,0
NG,2018-01-30,20,21,0,0,0,0,0,0,0,0
NG,2018-01-31,21,21,0,0,0,0,0,0,0,0
NG,2018-02-01,1,19,0,0,0,0,0,0,0,1
NG,2018-02-02,2,19,0,0,0,0,0,0,0,0
NG,2018-02-05,3,19,0,0,0,0,0,0,0,0
NG,2018-02-06,4,19,0,0,0,0,0,0,0,0
NG,2018-02-07,5,19,1,0,0,0,0,0,0,0
NG,2018-02-08,6,19,1,0,0,0,0,0,0,1
NG,2018-02-09,7,19,1,0,0,0,0,0,0,0
NG,2018-02-12,8,19,1,0,0,0,1,0,0,0
NG,2018-02-13,9,19,1,0,0,0,1,0,0,0
NG,2018-02-14,10,19,0,0,0,0,1,0,0,0
NG,2018-02-15,11,19,0,0,0,0,1,0,0,1
NG,2018-02-16,12,19,0,0,0,0,0,0,0,0
NG,2018-02-20,13,19,0,0,0,0,0,0,0,0
NG,2018-02-21,14,19,0,0,0,0,0,0,0,0
NG,2018-02-22,15,19,0,0,0,0,0,0,1,1
NG,2018-02-23,16,19,0,0,0,0,0,0,1,0
NG,2018-02-26,17,19,0,0,0,0,0,1,1,0
NG,2018-02-27,18,19,0,0,0,0,0,0,0,0
NG,2018-02-28,19,19,0,0,0,0,0,0,0,0
NG,2018-03-01,1,21,0,0,0,0,0,0,0,1
NG,2018-03-02,2,21,0,0,0,0,0,0,0,0
NG,2018-03-05,3,21,0,0,0,0,0,0,0,0
NG,2018-03-06,4,21,0,0,0,0,0,0,0,0
NG,2018-03-07,5,21,1,0,0,0,0,0,0,0
NG,2018-03-08,6,21,1,0,0,0,0,0,0,1
NG,2018-03-09,7,21,1,0,0,0,0,0,0,0
NG,2018-03-12,8,21,1,0,0,0,0,0,0,0
NG,2018-03-13,9,21,1,0,0,0,1,0,0,0
NG,2018-03-14,10,21,0,0,0,0,1,0,0,0
NG,2018-03-15,11,21,0,0,0,0,1,0,0,1
NG,2018-03-16,12,21,0,0,0,0,1,0,0,0
NG,2018-03-19,13,21,0,0,0,0,0,0,0,0
NG,2018-03-20,14,21,0,0,0,0,0,0,0,0
NG,2018-03-21,15,21,0,0,0,0,0,0,0,0
NG,2018-03-22,16,21,0,0,0,0,0,0,0,1
NG,2018-03-23,17,21,0,0,0,0,0,0,1,0
NG,2018-03-26,18,21,0,0,0,0,0,0,1,0
NG,2018-03-27,19,21,0,0,0,0,0,1,1,0
NG,2018-03-28,20,21,0,0,0,0,0,0,0,0
NG,2018-03-29,21,21,0,0,0,0,0,0,0,1
NG,2018-04-02,1,21,0,0,0,0,0,0,0,0
NG,2018-04-03,2,21,0,0,0,0,0,0,0,0
NG,2018-04-04,3,21,0,0,0,0,0,0,0,0
NG,2018-04-05,4,21,0,0,0,0,0,0,0,1
NG,2018-04-06,5,21,1,0,0,0,0,0,0,0
NG,2018-04-09,6,21,1,0,0,0,0,0,0,0
NG,2018-04-10,7,21,1,0,0,0,0,0,0,0
NG,2018-04-11,8,21,1,0,0,0,0,0,0,0
NG,2018-04-12,9,21,1,0,0,0,1,0,0,1
NG,2018-04-13,10,21,0,0,0,0,1,0,0,0
NG,2018-04-16,11,21,0,0,0,0,1,0,0,0
NG,2018-04-17,12,21,0,0,0,0,1,0,0,0
NG,2018-04-18,13,21,0,0,0,0,0,0,0,0
NG,2018-04-19,14,21,0,0,0,0,0,0,0,1
NG,2018-04-20,15,21,0,0,0,0,0,0,0,0
NG,2018-04-23,16,21,0,0,0,0,0,0,0,0
NG,2018-04-24,17,21,0,0,0,0,0,0,1,0
NG,2018-04-25,18,21,0,0,0,0,0,0,1,0
NG,2018-04-26,19,21,0,0,0,0,0,1,1,1
NG,2018-04-27,20,21,0,0,0,0,0,0,0,0
NG,2018-04-30,21,21,0,0,0,0,0,0,0,0
NG,2018-05-01,1,22,0,0,0,0,0,0,0,0
NG,2018-05-02,2,22,0,0,0,0,0,0,0,0
NG,2018-05-03,3,22,0,0,0,0,0,0,0,1
NG,2018-05-04,4,22,0,0,0,0,0,0,0,0
NG,2018-05-07,5,22,1,0,0,0,0,0,0,0
NG,2018-05-08,6,22,1,0,0,0,0,0,0,0
NG,2018-05-09,7,22,1,0,0,0,0,0,0,0
NG,2018-05-10,8,22,1,0,0,0,0,0,0,1
NG,2018-05-11,9,22,1,0,0,0,0,0,0,0
NG,2018-05-14,10,22,0,0,0,0,0,0,0,0
NG,2018-05-15,11,22,0,0,0,0,1,0,0,0
NG,2018-05-16,12,22,0,0,0,0,1,0,0,0
NG,2018-05-17,13,22,0,0,0,0,1,0,0,1
NG,2018-05-18,14,22,0,0,0,0,1,0,0,0
NG,2018-05-21,15,22,0,0,0,0,0,0,0,0
NG,2018-05-22,16,22,0,0,0,0,0,0,0,0
NG,2018-05-23,17,22,0,0,0,0,0,0,0,0
NG,2018-05-24,18,22,0,0,0,0,0,0,1,1
NG,2018-05-25,19,22,0,0,0,0,0,0,1,0
NG,2018-05-29,20,22,0,0,0,0,0,1,1,0
NG,2018-05-30,21,22,0,0,0,0,0,0,0,0
NG,2018-05-31,22,22,0,0,0,0,0,0,0,1
NG,2018-06-01,1,21,0,0,0,0,0,0,0,0
NG,2018-06-04,2,21,0,0,0,0,0,0,0,0
NG,2018-06-05,3,21,0,0,0,0,0,0,0,0
NG,2018-06-06,4,21,0,0,0,0,0,0,0,0
NG,2018-06-07,5,21,1,0,0,0,0,0,0,1
NG,2018-06-08,6,21,1,0,0,0,0,0,0,0
NG,2018-06-11,7,21,1,0,0,0,0,0,0,0
NG,2018-06-12,8,21,1,0,0,0,0,0,0,0
NG,2018-06-13,9,21,1,0,0,0,1,0,0,0
NG,2018-06-14,10,21,0,0,0,0,1,0,0,1
NG,2018-06-15,11,21,0,0,0,0,1,0,0,0
NG,2018-06-18,12,21,0,0,0,0,1,0,0,0
NG,2018-06-19,13,21,0,0,0,0,0,0,0,0
NG,2018-06-20,14,21,0,0,0,0,0,0,0,0
NG,2018-06-21,15,21,0,0,0,0,0,0,0,1
NG,2018-06-22,16,21,0,0,0,0,0,0,0,0
NG,2018-06-25,17,21,0,0,0,0,0,0,1,0
NG,2018-06-26,18,21,0,0,0,0,0,0,1,0
NG,2018-06-27,19,21,0,0,0,0,0,1,1,0
NG,2018-06-28,20,21,0,0,0,0,0,0,0,1
NG,2018-06-29,21,21,0,0,0,0,0,0,0,0
NG,2018-07-02,1,21,0,0,0,0,0,0,0,0
NG,2018-07-03,2,21,0,0,0,0,0,0,0,0
NG,2018-07-05,3,21,0,0,0,0,0,0,0,0
NG,2018-07-06,4,21,0,0,0,0,0,0,0,1
NG,2018-07-09,5,21,1,0,0,0,0,0,0,0
NG,2018-07-10,6,21,1,0,0,0,0,0,0,0
NG,2018-07-11,7,21,1,0,0,0,0,0,0,0
NG,2018-07-12,8,21,1,0,0,0,0,0,0,1
NG,2018-07-13,9,21,1,0,0,0,1,0,0,0
NG,2018-07-16,10,21,0,0,0,0,1,0,0,0
NG,2018-07-17,11,21,0,0,0,0,1,0,0,0
NG,2018-07-18,12,21,0,0,0,0,1,0,0,0
NG,2018-07-19,13,21,0,0,0,0,0,0,0,1
NG,2018-07-20,14,21,0,0,0,0,0,0,0,0
NG,2018-07-23,15,21,0,0,0,0,0,0,0,0
NG,2018-07-24,16,21,0,0,0,0,0,0,0,0
NG,2018-07-25,17,21,0,0,0,0,0,0,1,0
NG,2018-07-26,18,21,0,0,0,0,0,0,1,1
NG,2018-07-27,19,21,0,0,0,0,0,1,1,0
NG,2018-07-30,20,21,0,0,0,0,0,0,0,0
NG,2018-07-31,21,21,0,0,0,0,0,0,0,0
NG,2018-08-01,1,23,0,0,0,0,0,0,0,0
NG,2018-08-02,2,23,0,0,0,0,0,0,0,1
NG,2018-08-03,3,23,0,0,0,0,0,0,0,0
NG,2018-08-06,4,23,0,0,0,0,0,0,0,0
NG,2018-08-07,5,23,1,0,0,0,0,0,0,0
NG,2018-08-08,6,23,1,0,0,0,0,0,0,0
NG,2018-08-09,7,23,1,0,0,0,0,0,0,1
NG,2018-08-10,8,23,1,0,0,0,0,0,0,0
NG,2018-08-13,9,23,1,0,0,0,0,0,0,0
NG,2018-08-14,10,23,0,0,0,0,0,0,0,0
NG,2018-08-15,11,23,0,0,0,0,1,0,0,0
NG,2018-08-16,12,23,0,0,0,0,1,0,0,1
NG,2018-08-17,13,23,0,0,0,0,1,0,0,0
NG,2018-08-20,14,23,0,0,0,0,1,0,0,0
NG,2018-08-21,15,23,0,0,0,0,0,0,0,0
NG,2018-08-22,16,23,0,0,0,0,0,0,0,0
NG,2018-08-23,17,23,0,0,0,0,0,0,0,1
NG,2018-08-24,18,23,0,0,0,0,0,0,0,0
NG,2018-08-27,19,23,0,0,0,0,0,0,1,0
NG,2018-08-28,20,23,0,0,0,0,0,0,1,0
NG,2018-08-29,21,23,0,0,0,0,0,1,1,0
NG,2018-08-30,22,23,0,0,0,0,0,0,0,1
NG,2018-08-31,23,23,0,0,0,0,0,0,0,0
NG,2018-09-04,1,19,0,0,0,0,0,0,0,0
NG,2018-09-05,2,19,0,0,0,0,0,0,0,0
NG,2018-09-06,3,19,0,0,0,0,0,0,0,1
NG,2018-09-07,4,19,0,0,0,0,0,0,0,0
NG,2018-09-10,5,19,1,0,0,0,0,0,0,0
NG,2018-09-11,6,19,1,0,0,0,0,0,0,0
NG,2018-09-12,7,19,1,0,0,0,1,0,0,0
NG,2018-09-13,8,19,1,0,0,0,1,0,0,1
NG,2018-09-14,9,19,1,0,0,0,1,0,0,0
NG,2018-09-17,10,19,0,0,0,0,1,0,0,0
NG,2018-09-18,11,19,0,0,0,0,0,0,0,0
NG,2018-09-19,12,19,0,0,0,0,0,0,0,0
NG,2018-09-20,13,19,0,0,0,0,0,0,0,1
NG,2018-09-21,14,19,0,0,0,0,0,0,0,0
NG,2018-09-24,15,19,0,0,0,0,0,0,1,0
NG,2018-09-25,16,19,0,0,0,0,0,0,1,0
NG,2018-09-26,17,19,0,0,0,0,0,1,1,0
NG,2018-09-27,18,19,0,0,0,0,0,0,0,1
NG,2018-09-28,19,19,0,0,0,0,0,0,0,0
NG,2018-10-01,1,23,0,0,0,0,0,0,0,0
NG,2018-10-02,2,23,0,0,0,0,0,0,0,0
NG,2018-10-03,3,23,0,0,0,0,0,0,0,0
NG,2018-10-04,4,23,0,0,0,0,0,0,0,1
NG,2018-10-05,5,23,1,0,0,0,0,0,0,0
NG,2018-10-08,6,23,1,0,0,0,0,0,0,0
NG,2018-10-09,7,23,1,0,0,0,0,0,0,0
NG,2018-10-10,8,23,1,0,0,0,0,0,0,0
NG,2018-10-11,9,23,1,0,0,0,0,0,0,1
NG,2018-10-12,10,23,0,0,0,0,0,0,0,0
NG,2018-10-15,11,23,0,0,0,0,1,0,0,0
NG,2018-10-16,12,23,0,0,0,0,1,0,0,0
NG,2018-10-17,13,23,0,0,0,0,1,0,0,0
NG,2018-10-18,14,23,0,0,0,0,1,0,0,1
NG,2018-10-19,15,23,0,0,0,0,0,0,0,0
NG,2018-10-22,16,23,0,0,0,0,0,0,0,0
NG,2018-10-23,17,23,0,0,0,0,0,0,0,0
NG,2018-10-24,18,23,0,0,0,0,0,0,0,0
NG,2018-10-25,19,23,0,0,0,0,0,0,1,1
NG,2018-10-26,20,23,0,0,0,0,0,0,1,0
NG,2018-10-29,21,23,0,0,0,0,0,1,1,0
NG,2018-10-30,22,23,0,0,0,0,0,0,0,0
NG,2018-10-31,23,23,0,0,0,0,0,0,0,0
NG,2018-11-01,1,21,0,0,0,0,0,0,0,1
NG,2018-11-02,2,21,0,0,0,0,0,0,0,0
NG,2018-11-05,3,21,0,0,0,0,0,0,0,0
NG,2018-11-06,4,21,0,0,0,0,0,0,0,0
NG,2018-11-07,5,21,1,0,0,0,0,0,0,0
NG,2018-11-08,6,21,1,0,0,0,0,0,0,1
NG,2018-11-09,7,21,1,0,0,0,0,0,0,0
NG,2018-11-12,8,21,1,0,0,0,0,0,0,0
NG,2018-11-13,9,21,1,0,0,0,0,0,0,0
NG,2018-11-14,10,21,0,0,0,0,1,0,0,0
NG,2018-11-15,11,21,0,0,0,0,1,0,0,1
NG,2018-11-16,12,21,0,0,0,0,1,0,0,0
NG,2018-11-19,13,21,0,0,0,0,1,0,0,0
NG,2018-11-20,14,21,0,0,0,0,0,0,0,0
NG,2018-11-21,15,21,0,0,0,0,0,0,0,1
NG,2018-11-23,16,21,0,0,0,0,0,0,0,0
NG,2018-11-26,17,21,0,0,0,0,0,0,1,0
NG,2018-11-27,18,21,0,0,0,0,0,0,1,0
NG,2018-11-28,19,21,0,0,0,0,0,1,1,0
NG,2018-11-29,20,21,0,0,0,0,0,0,0,1
NG,2018-11-30,21,21,0,0,0,0,0,0,0,0
NG,2018-12-03,1,20,0,0,0,0,0,0,0,0
NG,2018-12-04,2,20,0,0,0,0,0,0,0,0
NG,2018-12-05,3,20,0,0,0,0,0,0,0,0
NG,2018-12-06,4,20,0,0,0,0,0,0,0,0
NG,2018-12-07,5,20,1,0,0,0,0,0,0,1
NG,2018-12-10,6,20,1,0,0,0,0,0,0,0
NG,2018-12-11,7,20,1,0,0,0,0,0,0,0
NG,2018-12-12,8,20,1,0,0,0,0,0,0,0
NG,2018-12-13,9,20,1,0,0,0,1,0,0,1
NG,2018-12-14,10,20,0,0,0,0,1,0,0,0
NG,2018-12-17,11,20,0,0,0,0,1,0,0,0
NG,2018-12-18,12,20,0,0,0,0,1,0,0,0
NG,2018-12-19,13,20,0,0,0,0,0,0,0,0
NG,2018-12-20,14,20,0,0,0,0,0,0,0,1
NG,2018-12-21,15,20,0,0,0,0,0,0,0,0
NG,2018-12-24,16,20,0,0,0,0,0,0,1,0
NG,2018-12-26,17,20,0,0,0,0,0,0,1,0
NG,2018-12-27,18,20,0,0,0,0,0,1,1,0
NG,2018-12-28,19,20,0,0,0,0,0,0,0,1
NG,2018-12-31,20,20,0,0,0,0,0,0,0,0
NG,2019-01-02,1,21,0,0,0,0,0,0,0,0
NG,2019-01-03,2,21,0,0,0,0,0,0,0,0
NG,2019-01-04,3,21,0,0,0,0,0,0,0,1
NG,2019-01-07,4,21,0,0,0,0,0,0,0,0
NG,2019-01-08,5,21,1,0,0,0,0,0,0,0
NG,2019-01-09,6,21,1,0,0,0,0,0,0,0
NG,2019-01-10,7,21,1,0,0,0,0,0,0,1
NG,2019-01-11,8,21,1,0,0,0,0,0,0,0
NG,2019-01-14,9,21,1,0,0,0,0,0,0,0
NG,2019-01-15,10,21,0,0,0,0,1,0,0,0
NG,2019-01-16,11,21,0,0,0,0,1,0,0,0
NG,2019-01-17,12,21,0,0,0,0,1,0,0,1
NG,2019-01-18,13,21,0,0,0,0,1,0,0,0
NG,2019-01-22,14,21,0,0,0,0,0,0,0,0
NG,2019-01-23,15,21,0,0,0,0,0,0,0,0
NG,2019-01-24,16,21,0,0,0,0,0,0,0,1
NG,2019-01-25,17,21,0,0,0,0,0,0,1,0
NG,2019-01-28,18,21,0,0,0,0,0,0,1,0
NG,2019-01-29,19,21,0,0,0,0,0,1,1,0
NG,2019-01-30,20,21,0,0,0,0,0,0,0,0
NG,2019-01-31,21,21,0,0,0,0,0,0,0,1
NG,2019-02-01,1,19,0,0,0,0,0,0,0,0
NG,2019-02-04,2,19,0,0,0,0,0,0,0,0
NG,2019-02-05,3,19,0,0,0,0,0,0,0,0
NG,2019-02-06,4,19,0,0,0,0,0,0,0,0
NG,2019-02-07,5,19,1,0,0,0,0,0,0,1
NG,2019-02-08,6,19,1,0,0,0,0,0,0,0
NG,2019-02-11,7,19,1,0,0,0,0,0,0,0
NG,2019-02-12,8,19,1,0,0,0,1,0,0,0
NG,2019-02-13,9,19,1,0,0,0,1,0,0,0
NG,2019-02-14,10,19,0,0,0,0,1,0,0,1
NG,2019-02-15,11,19,0,0,0,0,1,0,0,0
NG,2019-02-19,12,19,0,0,0,0,0,0,0,0
NG,2019-02-20,13,19,0,0,0,0,0,0,0,0
NG,2019-02-21,14,19,0,0,0,0,0,0,0,1
NG,2019-02-22,15,19,0,0,0,0,0,0,1,0
NG,2019-02-25,16,19,0,0,0,0,0,0,1,0
NG,2019-02-26,17,19,0,0,0,0,0,1,1,0
NG,2019-02-27,18,19,0,0,0,0,0,0,0,0
NG,2019-02-28,19,19,0,0,0,0,0,0,0,1
NG,2019-03-01,1,21,0,0,0,0,0,0,0,0
NG,2019-03-04,2,21,0,0,0,0,0,0,0,0
NG,2019-03-05,3,21,0,0,0,0,0,0,0,0
NG,2019-03-06,4,21,0,0,0,0,0,0,0,0
NG,2019-03-07,5,21,1,0,0,0,0,0,0,1
NG,2019-03-08,6,21,1,0,0,0,0,0,0,0
NG,2019-03-11,7,21,1,0,0,0,0,0,0,0
NG,2019-03-12,8,21,1,0,0,0,0,0,0,0
NG,2019-03-13,9,21,1,0,0,0,1,0,0,0
NG,2019-03-14,10,21,0,0,0,0,1,0,0,1
NG,2019-03-15,11,21,0,0,0,0,1,0,0,0
NG,2019-03-18,12,21,0,0,0,0,1,0,0,0
NG,2019-03-19,13,21,0,0,0,0,0,0,0,0
NG,2019-03-20,14,21,0,0,0,0,0,0,0,0
NG,2019-03-21,15,21,0,0,0,0,0,0,0,1
NG,2019-03-22,16,21,0,0,0,0,0,0,0,0
NG,2019-03-25,17,21,0,0,0,0,0,0,1,0
NG,2019-03-26,18,21,0,0,0,0,0,0,1,0
NG,2019-03-27,19,21,0,0,0,0,0,1,1,0
NG,2019-03-28,20,21,0,0,0,0,0,0,0,1
NG,2019-03-29,21,21,0,0,0,0,0,0,0,0
NG,2019-04-01,1,21,0,0,0,0,0,0,0,0
NG,2019-04-02,2,21,0,0,0,0,0,0,0,0
NG,2019-04-03,3,21,0,0,0,0,0,0,0,0
NG,2019-04-04,4,21,0,0,0,0,0,0,0,1
NG,2019-04-05,5,21,1,0,0,0,0,0,0,0
NG,2019-04-08,6,21,1,0,0,0,0,0,0,0
NG,2019-04-09,7,21,1,0,0,0,0,0,0,0
NG,2019-04-10,8,21,1,0,0,0,0,0,0,0
NG,2019-04-11,9,21,1,0,0,0,0,0,0,1
NG,2019-04-12,10,21,0,0,0,0,1,0,0,0
NG,2019-04-15,11,21,0,0,0,0,1,0,0,0
NG,2019-04-16,12,21,0,0,0,0,1,0,0,0
NG,2019-04-17,13,21,0,0,0,0,1,0,0,0
NG,2019-04-18,14,21,0,0,0,0,0,0,0,1
NG,2019-04-22,15,21,0,0,0,0,0,0,0,0
NG,2019-04-23,16,21,0,0,0,0,0,0,0,0
NG,2019-04-24,17,21,0,0,0,0,0,0,1,0
NG,2019-04-25,18,21,0,0,0,0,0,0,1,1
NG,2019-04-26,19,21,0,0,0,0,0,1,1,0
NG,2019-04-29,20,21,0,0,0,0,0,0,0,0
NG,2019-04-30,21,21,0,0,0,0,0,0,0,0
NG,2019-05-01,1,22,0,0,0,0,0,0,0,0
NG,2019-05-02,2,22,0,0,0,0,0,0,0,1
NG,2019-05-03,3,22,0,0,0,0,0,0,0,0
NG,2019-05-06,4,22,0,0,0,0,0,0,0,0
NG,2019-05-07,5,22,1,0,0,0,0,0,0,0
NG,2019-05-08,6,22,1,0,0,0,0,0,0,0
NG,2019-05-09,7,22,1,0,0,0,0,0,0,1
NG,2019-05-10,8,22,1,0,0,0,0,0,0,0
NG,2019-05-13,9,22,1,0,0,0,0,0,0,0
NG,2019-05-14,10,22,0,0,0,0,0,0,0,0
NG,2019-05-15,11,22,0,0,0,0,1,0,0,0
NG,2019-05-16,12,22,0,0,0,0,1,0,0,1
NG,2019-05-17,13,22,0,0,0,0,1,0,0,0
NG,2019-05-20,14,22,0,0,0,0,1,0,0,0
NG,2019-05-21,15,22,0,0,0,0,0,0,0,0
NG,2019-05-22,16,22,0,0,0,0,0,0,0,0
NG,2019-05-23,17,22,0,0,0,0,0,0,0,1
NG,2019-05-24,18,22,0,0,0,0,0,0,1,0
NG,2019-05-28,19,22,0,0,0,0,0,0,1,0
NG,2019-05-29,20,22,0,0,0,0,0,1,1,0
NG,2019-05-30,21,22,0,0,0,0,0,0,0,1
NG,2019-05-31,22,22,0,0,0,0,0,0,0,0
NG,2019-06-03,1,20,0,0,0,0,0,0,0,0
NG,2019-06-04,2,20,0,0,0,0,0,0,0,0
NG,2019-06-05,3,20,0,0,0,0,0,0,0,0
NG,2019-06-06,4,20,0,0,0,0,0,0,0,1
NG,2019-06-07,5,20,1,0,0,0,0,0,0,0
NG,2019-06-10,6,20,1,0,0,0,0,0,0,0
NG,2019-06-11,7,20,1,0,0,0,0,0,0,0
NG,2019-06-12,8,20,1,0,0,0,1,0,0,0
NG,2019-06-13,9,20,1,0,0,0,1,0,0,1
NG,2019-06-14,10,20,0,0,0,0,1,0,0,0
NG,2019-06-17,11,20,0,0,0,0,1,0,0,0
NG,2019-06-18,12,20,0,0,0,0,0,0,0,0
NG,2019-06-19,13,20,0,0,0,0,0,0,0,0
NG,2019-06-20,14,20,0,0,0,0,0,0,0,1
NG,2019-06-21,15,20,0,0,0,0,0,0,0,0
NG,2019-06-24,16,20,0,0,0,0,0,0,1,0
NG,2019-06-25,17,20,0,0,0,0,0,0,1,0
NG,2019-06-26,18,20,0,0,0,0,0,1,1,0
NG,2019-06-27,19,20,0,0,0,0,0,0,0,1
NG,2019-06-28,20,20,0,0,0,0,0,0,0,0
NG,2019-07-01,1,22,0,0,0,0,0,0,0,0
NG,2019-07-02,2,22,0,0,0,0,0,0,0,0
NG,2019-07-03,3,22,0,0,0,0,0,0,0,1
NG,2019-07-05,4,22,0,0,0,0,0,0,0,0
NG,2019-07-08,5,22,1,0,0,0,0,0,0,0
NG,2019-07-09,6,22,1,0,0,0,0,0,0,0
NG,2019-07-10,7,22,1,0,0,0,0,0,0,0
NG,2019-07-11,8,22,1,0,0,0,0,0,0,1
NG,2019-07-12,9,22,1,0,0,0,0,0,0,0
NG,2019-07-15,10,22,0,0,0,0,1,0,0,0
NG,2019-07-16,11,22,0,0,0,0,1,0,0,0
NG,2019-07-17,12,22,0,0,0,0,1,0,0,0
NG,2019-07-18,13,22,0,0,0,0,1,0,0,1
NG,2019-07-19,14,22,0,0,0,0,0,0,0,0
NG,2019-07-22,15,22,0,0,0,0,0,0,0,0
NG,2019-07-23,16,22,0,0,0,0,0,0,0,0
NG,2019-07-24,17,22,0,0,0,0,0,0,0,0
NG,2019-07-25,18,22,0,0,0,0,0,0,1,1
NG,2019-07-26,19,22,0,0,0,0,0,0,1,0
NG,2019-07-29,20,22,0,0,0,0,0,1,1,0
NG,2019-07-30,21,22,0,0,0,0,0,0,0,0
NG,2019-07-31,22,22,0,0,0,0,0,0,0,0
NG,2019-08-01,1,22,0,0,0,0,0,0,0,1
NG,2019-08-02,2,22,0,0,0,0,0,0,0,0
NG,2019-08-05,3,22,0,0,0,0,0,0,0,0
NG,2019-08-06,4,22,0,0,0,0,0,0,0,0
NG,2019-08-07,5,22,1,0,0,0,0,0,0,0
NG,2019-08-08,6,22,1,0,0,0,0,0,0,1
NG,2019-08-09,7,22,1,0,0,0,0,0,0,0
NG,2019-08-12,8,22,1,0,0,0,0,0,0,0
NG,2019-08-13,9,22,1,0,0,0,0,0,0,0
NG,2019-08-14,10,22,0,0,0,0,1,0,0,0
NG,2019-08-15,11,22,0,0,0,0,1,0,0,1
NG,2019-08-16,12,22,0,0,0,0,1,0,0,0
NG,2019-08-19,13,22,0,0,0,0,1,0,0,0
NG,2019-08-20,14,22,0,0,0,0,0,0,0,0
NG,2019-08-21,15,22,0,0,0,0,0,0,0,0
NG,2019-08-22,16,22,0,0,0,0,0,0,0,1
NG,2019-08-23,17,22,0,0,0,0,0,0,0,0
NG,2019-08-26,18,22,0,0,0,0,0,0,1,0
NG,2019-08-27,19,22,0,0,0,0,0,0,1,0
NG,2019-08-28,20,22,0,0,0,0,0,1,1,0
NG,2019-08-29,21,22,0,0,0,0,0,0,0,1
NG,2019-08-30,22,22,0,0,0,0,0,0,0,0
NG,2019-09-03,1,20,0,0,0,0,0,0,0,0
NG,2019-09-04,2,20,0,0,0,0,0,0,0,0
NG,2019-09-05,3,20,0,0,0,0,0,0,0,1
NG,2019-09-06,4,20,0,0,0,0,0,0,0,0
NG,2019-09-09,5,20,1,0,0,0,0,0,0,0
NG,2019-09-10,6,20,1,0,0,0,0,0,0,0
NG,2019-09-11,7,20,1,0,0,0,0,0,0,0
NG,2019-09-12,8,20,1,0,0,0,1,0,0,1
NG,2019-09-13,9,20,1,0,0,0,1,0,0,0
NG,2019-09-16,10,20,0,0,0,0,1,0,0,0
NG,2019-09-17,11,20,0,0,0,0,1,0,0,0
NG,2019-09-18,12,20,0,0,0,0,0,0,0,0
NG,2019-09-19,13,20,0,0,0,0,0,0,0,1
NG,2019-09-20,14,20,0,0,0,0,0,0,0,0
NG,2019-09-23,15,20,0,0,0,0,0,0,0,0
NG,2019-09-24,16,20,0,0,0,0,0,0,1,0
NG,2019-09-25,17,20,0,0,0,0,0,0,1,0
NG,2019-09-26,18,20,0,0,0,0,0,1,1,1
NG,2019-09-27,19,20,0,0,0,0,0,0,0,0
NG,2019-09-30,20,20,0,0,0,0,0,0,0,0
NG,2019-10-01,1,23,0,0,0,0,0,0,0,0
NG,2019-10-02,2,23,0,0,0,0,0,0,0,0
NG,2019-10-03,3,23,0,0,0,0,0,0,0,1
NG,2019-10-04,4,23,0,0,0,0,0,0,0,0
NG,2019-10-07,5,23,1,0,0,0,0,0,0,0
NG,2019-10-08,6,23,1,0,0,0,0,0,0,0
NG,2019-10-09,7,23,1,0,0,0,0,0,0,0
NG,2019-10-10,8,23,1,0,0,0,0,0,0,1
NG,2019-10-11,9,23,1,0,0,0,0,0,0,0
NG,2019-10-14,10,23,0,0,0,0,0,0,0,0
NG,2019-10-15,11,23,0,0,0,0,1,0,0,0
NG,2019-10-16,12,23,0,0,0,0,1,0,0,0
NG,2019-10-17,13,23,0,0,0,0,1,0,0,1
NG,2019-10-18,14,23,0,0,0,0,1,0,0,0
NG,2019-10-21,15,23,0,0,0,0,0,0,0,0
NG,2019-10-22,16,23,0,0,0,0,0,0,0,0
NG,2019-10-23,17,23,0,0,0,0,0,0,0,0
NG,2019-10-24,18,23,0,0,0,0,0,0,0,1
NG,2019-10-25,19,23,0,0,0,0,0,0,1,0
NG,2019-10-28,20,23,0,0,0,0,0,0,1,0
NG,2019-10-29,21,23,0,0,0,0,0,1,1,0
NG,2019-10-30,22,23,0,0,0,0,0,0,0,0
NG,2019-10-31,23,23,0,0,0,0,0,0,0,1
NG,2019-11-01,1,20,0,0,0,0,0,0,0,0
NG,2019-11-04,2,20,0,0,0,0,0,0,0,0
NG,2019-11-05,3,20,0,0,0,0,0,0,0,0
NG,2019-11-06,4,20,0,0,0,0,0,0,0,0
NG,2019-11-07,5,20,1,0,0,0,0,0,0,1
NG,2019-11-08,6,20,1,0,0,0,0,0,0,0
NG,2019-11-11,7,20,1,0,0,0,0,0,0,0
NG,2019-11-12,8,20,1,0,0,0,1,0,0,0
NG,2019-11-13,9,20,1,0,0,0,1,0,0,0
NG,2019-11-14,10,20,0,0,0,0,1,0,0,1
NG,2019-11-15,11,20,0,0,0,0,1,0,0,0
NG,2019-11-18,12,20,0,0,0,0,0,0,0,0
NG,2019-11-19,13,20,0,0,0,0,0,0,0,0
NG,2019-11-20,14,20,0,0,0,0,0,0,0,0
NG,2019-11-21,15,20,0,0,0,0,0,0,0,1
NG,2019-11-22,16,20,0,0,0,0,0,0,1,0
NG,2019-11-25,17,20,0,0,0,0,0,0,1,0
NG,2019-11-26,18,20,0,0,0,0,0,1,1,0
NG,2019-11-27,19,20,0,0,0,0,0,0,0,1
NG,2019-11-29,20,20,0,0,0,0,0,0,0,0
NG,2019-12-02,1,21,0,0,0,0,0,0,0,0
NG,2019-12-03,2,21,0,0,0,0,0,0,0,0
NG,2019-12-04,3,21,0,0,0,0,0,0,0,0
NG,2019-12-05,4,21,0,0,0,0,0,0,0,1
NG,2019-12-06,5,21,1,0,0,0,0,0,0,0
NG,2019-12-09,6,21,1,0,0,0,0,0,0,0
NG,2019-12-10,7,21,1,0,0,0,0,0,0,0
NG,2019-12-11,8,21,1,0,0,0,0,0,0,0
NG,2019-12-12,9,21,1,0,0,0,0,0,0,1
NG,2019-12-13,10,21,0,0,0,0,1,0,0,0
NG,2019-12-16,11,21,0,0,0,0,1,0,0,0
NG,2019-12-17,12,21,0,0,0,0,1,0,0,0
NG,2019-12-18,13,21,0,0,0,0,1,0,0,0
NG,2019-12-19,14,21,0,0,0,0,0,0,0,1
NG,2019-12-20,15,21,0,0,0,0,0,0,0,0
NG,2019-12-23,16,21,0,0,0,0,0,0,0,0
NG,2019-12-24,17,21,0,0,0,0,0,0,1,0
NG,2019-12-26,18,21,0,0,0,0,0,0,1,0
NG,2019-12-27,19,21,0,0,0,0,0,1,1,1
NG,2019-12-30,20,21,0,0,0,0,0,0,0,0
NG,2019-12-31,21,21,0,0,0,0,0,0,0,0
NG,2020-01-02,1,21,0,0,0,0,0,0,0,0
NG,2020-01-03,2,21,0,0,0,0,0,0,0,1
NG,2020-01-06,3,21,0,0,0,0,0,0,0,0
NG,2020-01-07,4,21,0,0,0,0,0,0,0,0
NG,2020-01-08,5,21,1,0,0,0,0,0,0,0
NG,2020-01-09,6,21,1,0,0,0,0,0,0,1
NG,2020-01-10,7,21,1,0,0,0,0,0,0,0
NG,2020-01-13,8,21,1,0,0,0,0,0,0,0
NG,2020-01-14,9,21,1,0,0,0,0,0,0,0
NG,2020-01-15,10,21,0,0,0,0,1,0,0,0
NG,2020-01-16,11,21,0,0,0,0,1,0,0,1
NG,2020-01-17,12,21,0,0,0,0,1,0,0,0
NG,2020-01-21,13,21,0,0,0,0,1,0,0,0
NG,2020-01-22,14,21,0,0,0,0,0,0,0,0
NG,2020-01-23,15,21,0,0,0,0,0,0,0,1
NG,2020-01-24,16,21,0,0,0,0,0,0,0,0
NG,2020-01-27,17,21,0,0,0,0,0,0,1,0
NG,2020-01-28,18,21,0,0,0,0,0,0,1,0
NG,2020-01-29,19,21,0,0,0,0,0,1,1,0
NG,2020-01-30,20,21,0,0,0,0,0,0,0,1
NG,2020-01-31,21,21,0,0,0,0,0,0,0,0
NG,2020-02-03,1,19,0,0,0,0,0,0,0,0
NG,2020-02-04,2,19,0,0,0,0,0,0,0,0
NG,2020-02-05,3,19,0,0,0,0,0,0,0,0
NG,2020-02-06,4,19,0,0,0,0,0,0,0,1
NG,2020-02-07,5,19,1,0,0,0,0,0,0,0
NG,2020-02-10,6,19,1,0,0,0,0,0,0,0
NG,2020-02-11,7,19,1,0,0,0,0,0,0,0
NG,2020-02-12,8,19,1,0,0,0,1,0,0,0
NG,2020-02-13,9,19,1,0,0,0,1,0,0,1
NG,2020-02-14,10,19,0,0,0,0,1,0,0,0
NG,2020-02-18,11,19,0,0,0,0,1,0,0,0
NG,2020-02-19,12,19,0,0,0,0,0,0,0,0
NG,2020-02-20,13,19,0,0,0,0,0,0,0,1
NG,2020-02-21,14,19,0,0,0,0,0,0,0,0
NG,2020-02-24,15,19,0,0,0,0,0,0,1,0
NG,2020-02-25,16,19,0,0,0,0,0,0,1,0
NG,2020-02-26,17,19,0,0,0,0,0,1,1,0
NG,2020-02-27,18,19,0,0,0,0,0,0,0,1
NG,2020-02-28,19,19,0,0,0,0,0,0,0,0
NG,2020-03-02,1,22,0,0,0,0,0,0,0,0
NG,2020-03-03,2,22,0,0,0,0,0,0,0,0
NG,2020-03-04,3,22,0,0,0,0,0,0,0,0
NG,2020-03-05,4,22,0,0,0,0,0,0,0,1
NG,2020-03-06,5,22,1,0,0,0,0,0,0,0
NG,2020-03-09,6,22,1,0,0,0,0,0,0,0
NG,2020-03-10,7,22,1,0,0,0,0,0,0,0
NG,2020-03-11,8,22,1,0,0,0,0,0,0,0
NG,2020-03-12,9,22,1,0,0,0,0,0,0,1
NG,2020-03-13,10,22,0,0,0,0,1,0,0,0
NG,2020-03-16,11,22,0,0,0,0,1,0,0,0
NG,2020-03-17,12,22,0,0,0,0,1,0,0,0
NG,2020-03-18,13,22,0,0,0,0,1,0,0,0
NG,2020-03-19,14,22,0,0,0,0,0,0,0,1
NG,2020-03-20,15,22,0,0,0,0,0,0,0,0
NG,2020-03-23,16,22,0,0,0,0,0,0,0,0
NG,2020-03-24,17,22,0,0,0,0,0,0,0,0
NG,2020-03-25,18,22,0,0,0,0,0,0,1,0
NG,2020-03-26,19,22,0,0,0,0,0,0,1,1
NG,2020-03-27,20,22,0,0,0,0,0,1,1,0
NG,2020-03-30,21,22,0,0,0,0,0,0,0,0
NG,2020-03-31,22,22,0,0,0,0,0,0,0,0
NG,2020-04-01,1,21,0,0,0,0,0,0,0,0
NG,2020-04-02,2,21,0,0,0,0,0,0,0,1
NG,2020-04-03,3,21,0,0,0,0,0,0,0,0
NG,2020-04-06,4,21,0,0,0,0,0,0,0,0
NG,2020-04-07,5,21,1,0,0,0,0,0,0,0
NG,2020-04-08,6,21,1,0,0,0,0,0,0,0
NG,2020-04-09,7,21,1,0,0,0,0,0,0,1
NG,2020-04-13,8,21,1,0,0,0,0,0,0,0
NG,2020-04-14,9,21,1,0,0,0,1,0,0,0
NG,2020-04-15,10,21,0,0,0,0,1,0,0,0
NG,2020-04-16,11,21,0,0,0,0,1,0,0,1
NG,2020-04-17,12,21,0,0,0,0,1,0,0,0
NG,2020-04-20,13,21,0,0,0,0,0,0,0,0
NG,2020-04-21,14,21,0,0,0,0,0,0,0,0
NG,2020-04-22,15,21,0,0,0,0,0,0,0,0
NG,2020-04-23,16,21,0,0,0,0,0,0,0,1
NG,2020-04-24,17,21,0,0,0,0,0,0,1,0
NG,2020-04-27,18,21,0,0,0,0,0,0,1,0
NG,2020-04-28,19,21,0,0,0,0,0,1,1,0
NG,2020-04-29,20,21,0,0,0,0,0,0,0,0
NG,2020-04-30,21,21,0,0,0,0,0,0,0,1
NG,2020-05-01,1,20,0,0,0,0,0,0,0,0
NG,2020-05-04,2,20,0,0,0,0,0,0,0,0
NG,2020-05-05,3,20,0,0,0,0,0,0,0,0
NG,2020-05-06,4,20,0,0,0,0,0,0,0,0
NG,2020-05-07,5,20,1,0,0,0,0,0,0,1
NG,2020-05-08,6,20,1,0,0,0,0,0,0,0
NG,2020-05-11,7,20,1,0,0,0,0,0,0,0
NG,2020-05-12,8,20,1,0,0,0,0,0,0,0
NG,2020-05-13,9,20,1,0,0,0,1,0,0,0
NG,2020-05-14,10,20,0,0,0,0,1,0,0,1
NG,2020-05-15,11,20,0,0,0,0,1,0,0,0
NG,2020-05-18,12,20,0,0,0,0,1,0,0,0
NG,2020-05-19,13,20,0,0,0,0,0,0,0,0
NG,2020-05-20,14,20,0,0,0,0,0,0,0,0
NG,2020-05-21,15,20,0,0,0,0,0,0,0,1
NG,2020-05-22,16,20,0,0,0,0,0,0,1,0
NG,2020-05-26,17,20,0,0,0,0,0,0,1,0
NG,2020-05-27,18,20,0,0,0,0,0,1,1,0
NG,2020-05-28,19,20,0,0,0,0,0,0,0,1
NG,2020-05-29,20,20,0,0,0,0,0,0,0,0
NG,2020-06-01,1,22,0,0,0,0,0,0,0,0
NG,2020-06-02,2,22,0,0,0,0,0,0,0,0
NG,2020-06-03,3,22,0,0,0,0,0,0,0,0
NG,2020-06-04,4,22,0,0,0,0,0,0,0,1
NG,2020-06-05,5,22,1,0,0,0,0,0,0,0
NG,2020-06-08,6,22,1,0,0,0,0,0,0,0
NG,2020-06-09,7,22,1,0,0,0,0,0,0,0
NG,2020-06-10,8,22,1,0,0,0,0,0,0,0
NG,2020-06-11,9,22,1,0,0,0,0,0,0,1
NG,2020-06-12,10,22,0,0,0,0,1,0,0,0
NG,2020-06-15,11,22,0,0,0,0,1,0,0,0
NG,2020-06-16,12,22,0,0,0,0,1,0,0,0
NG,2020-06-17,13,22,0,0,0,0,1,0,0,0
NG,2020-06-18,14,22,0,0,0,0,0,0,0,1
NG,2020-06-19,15,22,0,0,0,0,0,0,0,0
NG,2020-06-22,16,22,0,0,0,0,0,0,0,0
NG,2020-06-23,17,22,0,0,0,0,0,0,0,0
NG,2020-06-24,18,22,0,0,0,0,0,0,1,0
NG,2020-06-25,19,22,0,0,0,0,0,0,1,1
NG,2020-06-26,20,22,0,0,0,0,0,1,1,0
NG,2020-06-29,21,22,0,0,0,0,0,0,0,0
NG,2020-06-30,22,22,0,0,0,0,0,0,0,0
NG,2020-07-01,1,22,0,0,0,0,0,0,0,0
NG,2020-07-02,2,22,0,0,0,0,0,0,0,1
NG,2020-07-06,3,22,0,0,0,0,0,0,0,0
NG,2020-07-07,4,22,0,0,0,0,0,0,0,0
NG,2020-07-08,5,22,1,0,0,0,0,0,0,0
NG,2020-07-09,6,22,1,0,0,0,0,0,0,1
NG,2020-07-10,7,22,1,0,0,0,0,0,0,0
NG,2020-07-13,8,22,1,0,0,0,0,0,0,0
NG,2020-07-14,9,22,1,0,0,0,0,0,0,0
NG,2020-07-15,10,22,0,0,0,0,1,0,0,0
NG,2020-07-16,11,22,0,0,0,0,1,0,0,1
NG,2020-07-17,12,22,0,0,0,0,1,0,0,0
NG,2020-07-20,13,22,0,0,0,0,1,0,0,0
NG,2020-07-21,14,22,0,0,0,0,0,0,0,0
NG,2020-07-22,15,22,0,0,0,0,0,0,0,0
NG,2020-07-23,16,22,0,0,0,0,0,0,0,1
NG,2020-07-24,17,22,0,0,0,0,0,0,0,0
NG,2020-07-27,18,22,0,0,0,0,0,0,1,0
NG,2020-07-28,19,22,0,0,0,0,0,0,1,0
NG,2020-07-29,20,22,0,0,0,0,0,1,1,0
NG,2020-07-30,21,22,0,0,0,0,0,0,0,1
NG,2020-07-31,22,22,0,0,0,0,0,0,0,0
NG,2020-08-03,1,21,0,0,0,0,0,0,0,0
NG,2020-08-04,2,21,0,0,0,0,0,0,0,0
NG,2020-08-05,3,21,0,0,0,0,0,0,0,0
NG,2020-08-06,4,21,0,0,0,0,0,0,0,1
NG,2020-08-07,5,21,1,0,0,0,0,0,0,0
NG,2020-08-10,6,21,1,0,0,0,0,0,0,0
NG,2020-08-11,7,21,1,0,0,0,0,0,0,0
NG,2020-08-12,8,21,1,0,0,0,0,0,0,0
NG,2020-08-13,9,21,1,0,0,0,1,0,0,1
NG,2020-08-14,10,21,0,0,0,0,1,0,0,0
NG,2020-08-17,11,21,0,0,0,0,1,0,0,0
NG,2020-08-18,12,21,0,0,0,0,1,0,0,0
NG,2020-08-19,13,21,0,0,0,0,0,0,0,0
NG,2020-08-20,14,21,0,0,0,0,0,0,0,1
NG,2020-08-21,15,21,0,0,0,0,0,0,0,0
NG,2020-08-24,16,21,0,0,0,0,0,0,0,0
NG,2020-08-25,17,21,0,0,0,0,0,0,1,0
NG,2020-08-26,18,21,0,0,0,0,0,0,1,0
NG,2020-08-27,19,21,0,0,0,0,0,1,1,1
NG,2020-08-28,20,21,0,0,0,0,0,0,0,0
NG,2020-08-31,21,21,0,0,0,0,0,0,0,0
NG,2020-09-01,1,21,0,0,0,0,0,0,0,0
NG,2020-09-02,2,21,0,0,0,0,0,0,0,0
NG,2020-09-03,3,21,0,0,0,0,0,0,0,1
NG,2020-09-04,4,21,0,0,0,0,0,0,0,0
NG,2020-09-08,5,21,1,0,0,0,0,0,0,0
NG,2020-09-09,6,21,1,0,0,0,0,0,0,0
NG,2020-09-10,7,21,1,0,0,0,0,0,0,1
NG,2020-09-11,8,21,1,0,0,0,0,0,0,0
NG,2020-09-14,9,21,1,0,0,0,1,0,0,0
NG,2020-09-15,10,21,0,0,0,0,1,0,0,0
NG,2020-09-16,11,21,0,0,0,0,1,0,0,0
NG,2020-09-17,12,21,0,0,0,0,1,0,0,1
NG,2020-09-18,13,21,0,0,0,0,0,0,0,0
NG,2020-09-21,14,21,0,0,0,0,0,0,0,0
NG,2020-09-22,15,21,0,0,0,0,0,0,0,0
NG,2020-09-23,16,21,0,0,0,0,0,0,0,0
NG,2020-09-24,17,21,0,0,0,0,0,0,1,1
NG,2020-09-25,18,21,0,0,0,0,0,0,1,0
NG,2020-09-28,19,21,0,0,0,0,0,1,1,0
NG,2020-09-29,20,21,0,0,0,0,0,0,0,0
NG,2020-09-30,21,21,0,0,0,0,0,0,0,0
NG,2020-10-01,1,22,0,0,0,0,0,0,0,1
NG,2020-10-02,2,22,0,0,0,0,0,0,0,0
NG,2020-10-05,3,22,0,0,0,0,0,0,0,0
NG,2020-10-06,4,22,0,0,0,0,0,0,0,0
NG,2020-10-07,5,22,1,0,0,0,0,0,0,0
NG,2020-10-08,6,22,1,0,0,0,0,0,0,1
NG,2020-10-09,7,22,1,0,0,0,0,0,0,0
NG,2020-10-12,8,22,1,0,0,0,0,0,0,0
NG,2020-10-13,9,22,1,0,0,0,0,0,0,0
NG,2020-10-14,10,22,0,0,0,0,1,0,0,0
NG,2020-10-15,11,22,0,0,0,0,1,0,0,1
NG,2020-10-16,12,22,0,0,0,0,1,0,0,0
NG,2020-10-19,13,22,0,0,0,0,1,0,0,0
NG,2020-10-20,14,22,0,0,0,0,0,0,0,0
NG,2020-10-21,15,22,0,0,0,0,0,0,0,0
NG,2020-10-22,16,22,0,0,0,0,0,0,0,1
NG,2020-10-23,17,22,0,0,0,0,0,0,0,0
NG,2020-10-26,18,22,0,0,0,0,0,0,1,0
NG,2020-10-27,19,22,0,0,0,0,0,0,1,0
NG,2020-10-28,20,22,0,0,0,0,0,1,1,0
NG,2020-10-29,21,22,0,0,0,0,0,0,0,1
NG,2020-10-30,22,22,0,0,0,0,0,0,0,0
NG,2020-11-02,1,20,0,0,0,0,0,0,0,0
NG,2020-11-03,2,20,0,0,0,0,0,0,0,0
NG,2020-11-04,3,20,0,0,0,0,0,0,0,0
NG,2020-11-05,4,20,0,0,0,0,0,0,0,1
NG,2020-11-06,5,20,1,0,0,0,0,0,0,0
NG,2020-11-09,6,20,1,0,0,0,0,0,0,0
NG,2020-11-10,7,20,1,0,0,0,0,0,0,0
NG,2020-11-11,8,20,1,0,0,0,1,0,0,0
NG,2020-11-12,9,20,1,0,0,0,1,0,0,0
NG,2020-11-13,10,20,0,0,0,0,1,0,0,1
NG,2020-11-16,11,20,0,0,0,0,1,0,0,0
NG,2020-11-17,12,20,0,0,0,0,0,0,0,0
NG,2020-11-18,13,20,0,0,0,0,0,0,0,0
NG,2020-11-19,14,20,0,0,0,0,0,0,0,1
NG,2020-11-20,15,20,0,0,0,0,0,0,0,0
NG,2020-11-23,16,20,0,0,0,0,0,0,1,0
NG,2020-11-24,17,20,0,0,0,0,0,0,1,0
NG,2020-11-25,18,20,0,0,0,0,0,1,1,1
NG,2020-11-27,19,20,0,0,0,0,0,0,0,0
NG,2020-11-30,20,20,0,0,0,0,0,0,0,0
NG,2020-12-01,1,22,0,0,0,0,0,0,0,0
NG,2020-12-02,2,22,0,0,0,0,0,0,0,0
NG,2020-12-03,3,22,0,0,0,0,0,0,0,1
NG,2020-12-04,4,22,0,0,0,0,0,0,0,0
NG,2020-12-07,5,22,1,0,0,0,0,0,0,0
NG,2020-12-08,6,22,1,0,0,0,0,0,0,0
NG,2020-12-09,7,22,1,0,0,0,0,0,0,0
NG,2020-12-10,8,22,1,0,0,0,0,0,0,1
NG,2020-12-11,9,22,1,0,0,0,0,0,0,0
NG,2020-12-14,10,22,0,0,0,0,0,0,0,0
NG,2020-12-15,11,22,0,0,0,0,1,0,0,0
NG,2020-12-16,12,22,0,0,0,0,1,0,0,0
NG,2020-12-17,13,22,0,0,0,0,1,0,0,1
NG,2020-12-18,14,22,0,0,0,0,1,0,0,0
NG,2020-12-21,15,22,0,0,0,0,0,0,0,0
NG,2020-12-22,16,22,0,0,0,0,0,0,0,0
NG,2020-12-23,17,22,0,0,0,0,0,0,0,1
NG,2020-12-24,18,22,0,0,0,0,0,0,1,0
NG,2020-12-28,19,22,0,0,0,0,0,0,1,0
NG,2020-12-29,20,22,0,0,0,0,0,1,1,0
NG,2020-12-30,21,22,0,0,0,0,0,0,0,0
NG,2020-12-31,22,22,0,0,0,0,0,0,0,1
NG,2021-01-04,1,19,0,0,0,0,0,0,0,0
NG,2021-01-05,2,19,0,0,0,0,0,0,0,0
NG,2021-01-06,3,19,0,0,0,0,0,0,0,0
NG,2021-01-07,4,19,0,0,0,0,0,0,0,1
NG,2021-01-08,5,19,1,0,0,0,0,0,0,0
NG,2021-01-11,6,19,1,0,0,0,0,0,0,0
NG,2021-01-12,7,19,1,0,0,0,0,0,0,0
NG,2021-01-13,8,19,1,0,0,0,1,0,0,0
NG,2021-01-14,9,19,1,0,0,0,1,0,0,1
NG,2021-01-15,10,19,0,0,0,0,1,0,0,0
NG,2021-01-19,11,19,0,0,0,0,1,0,0,0
NG,2021-01-20,12,19,0,0,0,0,0,0,0,0
NG,2021-01-21,13,19,0,0,0,0,0,0,0,0
NG,2021-01-22,14,19,0,0,0,0,0,0,0,1
NG,2021-01-25,15,19,0,0,0,0,0,0,1,0
NG,2021-01-26,16,19,0,0,0,0,0,0,1,0
NG,2021-01-27,17,19,0,0,0,0,0,1,1,0
NG,2021-01-28,18,19,0,0,0,0,0,0,0,1
NG,2021-01-29,19,19,0,0,0,0,0,0,0,0
NG,2021-02-01,1,19,0,0,0,0,0,0,0,0
NG,2021-02-02,2,19,0,0,0,0,0,0,0,0
NG,2021-02-03,3,19,0,0,0,0,0,0,0,0
NG,2021-02-04,4,19,0,0,0,0,0,0,0,1
NG,2021-02-05,5,19,1,0,0,0,0,0,0,0
NG,2021-02-08,6,19,1,0,0,0,0,0,0,0
NG,2021-02-09,7,19,1,0,0,0,0,0,0,0
NG,2021-02-10,8,19,1,0,0,0,1,0,0,0
NG,2021-02-11,9,19,1,0,0,0,1,0,0,1
NG,2021-02-12,10,19,0,0,0,0,1,0,0,0
NG,2021-02-16,11,19,0,0,0,0,1,0,0,0
NG,2021-02-17,12,19,0,0,0,0,0,0,0,0
NG,2021-02-18,13,19,0,0,0,0,0,0,0,1
NG,2021-02-19,14,19,0,0,0,0,0,0,0,0
NG,2021-02-22,15,19,0,0,0,0,0,0,1,0
NG,2021-02-23,16,19,0,0,0,0,0,0,1,0
NG,2021-02-24,17,19,0,0,0,0,0,1,1,0
NG,2021-02-25,18,19,0,0,0,0,0,0,0,1
NG,2021-02-26,19,19,0,0,0,0,0,0,0,0
NG,2021-03-01,1,23,0,0,0,0,0,0,0,0
NG,2021-03-02,2,23,0,0,0,0,0,0,0,0
NG,2021-03-03,3,23,0,0,0,0,0,0,0,0
NG,2021-03-04,4,23,0,0,0,0,0,0,0,1
NG,2021-03-05,5,23,1,0,0,0,0,0,0,0
NG,2021-03-08,6,23,1,0,0,0,0,0,0,0
NG,2021-03-09,7,23,1,0,0,0,0,0,0,0
NG,2021-03-10,8,23,1,0,0,0,0,0,0,0
NG,2021-03-11,9,23,1,0,0,0,0,0,0,1
NG,2021-03-12,10,23,0,0,0,0,0,0,0,0
NG,2021-03-15,11,23,0,0,0,0,1,0,0,0
NG,2021-03-16,12,23,0,0,0,0,1,0,0,0
NG,2021-03-17,13,23,0,0,0,0,1,0,0,0
NG,2021-03-18,14,23,0,0,0,0,1,0,0,1
NG,2021-03-19,15,23,0,0,0,0,0,0,0,0
NG,2021-03-22,16,23,0,0,0,0,0,0,0,0
NG,2021-03-23,17,23,0,0,0,0,0,0,0,0
NG,2021-03-24,18,23,0,0,0,0,0,0,0,0
NG,2021-03-25,19,23,0,0,0,0,0,0,1,1
NG,2021-03-26,20,23,0,0,0,0,0,0,1,0
NG,2021-03-29,21,23,0,0,0,0,0,1,1,0
NG,2021-03-30,22,23,0,0,0,0,0,0,0,0
NG,2021-03-31,23,23,0,0,0,0,0,0,0,0
NG,2021-04-01,1,21,0,0,0,0,0,0,0,1
NG,2021-04-05,2,21,0,0,0,0,0,0,0,0
NG,2021-04-06,3,21,0,0,0,0,0,0,0,0
NG,2021-04-07,4,21,0,0,0,0,0,0,0,0
NG,2021-04-08,5,21,1,0,0,0,0,0,0,1
NG,2021-04-09,6,21,1,0,0,0,0,0,0,0
NG,2021-04-12,7,21,1,0,0,0,0,0,0,0
NG,2021-04-13,8,21,1,0,0,0,0,0,0,0
NG,2021-04-14,9,21,1,0,0,0,1,0,0,0
NG,2021-04-15,10,21,0,0,0,0,1,0,0,1
NG,2021-04-16,11,21,0,0,0,0,1,0,0,0
NG,2021-04-19,12,21,0,0,0,0,1,0,0,0
NG,2021-04-20,13,21,0,0,0,0,0,0,0,0
NG,2021-04-21,14,21,0,0,0,0,0,0,0,0
NG,2021-04-22,15,21,0,0,0,0,0,0,0,1
NG,2021-04-23,16,21,0,0,0,0,0,0,0,0
NG,2021-04-26,17,21,0,0,0,0,0,0,1,0
NG,2021-04-27,18,21,0,0,0,0,0,0,1,0
NG,2021-04-28,19,21,0,0,0,0,0,1,1,0
NG,2021-04-29,20,21,0,0,0,0,0,0,0,1
NG,2021-04-30,21,21,0,0,0,0,0,0,0,0
NG,2021-05-03,1,20,0,0,0,0,0,0,0,0
NG,2021-05-04,2,20,0,0,0,0,0,0,0,0
NG,2021-05-05,3,20,0,0,0,0,0,0,0,0
NG,2021-05-06,4,20,0,0,0,0,0,0,0,1
NG,2021-05-07,5,20,1,0,0,0,0,0,0,0
NG,2021-05-10,6,20,1,0,0,0,0,0,0,0
NG,2021-05-11,7,20,1,0,0,0,0,0,0,0
NG,2021-05-12,8,20,1,0,0,0,1,0,0,0
NG,2021-05-13,9,20,1,0,0,0,1,0,0,1
NG,2021-05-14,10,20,0,0,0,0,1,0,0,0
NG,2021-05-17,11,20,0,0,0,0,1,0,0,0
NG,2021-05-18,12,20,0,0,0,0,0,0,0,0
NG,2021-05-19,13,20,0,0,0,0,0,0,0,0
NG,2021-05-20,14,20,0,0,0,0,0,0,0,1
NG,2021-05-21,15,20,0,0,0,0,0,0,0,0
NG,2021-05-24,16,20,0,0,0,0,0,0,1,0
NG,2021-05-25,17,20,0,0,0,0,0,0,1,0
NG,2021-05-26,18,20,0,0,0,0,0,1,1,0
NG,2021-05-27,19,20,0,0,0,0,0,0,0,1
NG,2021-05-28,20,20,0,0,0,0,0,0,0,0
NG,2021-06-01,1,22,0,0,0,0,0,0,0,0
NG,2021-06-02,2,22,0,0,0,0,0,0,0,0
NG,2021-06-03,3,22,0,0,0,0,0,0,0,1
NG,2021-06-04,4,22,0,0,0,0,0,0,0,0
NG,2021-06-07,5,22,1,0,0,0,0,0,0,0
NG,2021-06-08,6,22,1,0,0,0,0,0,0,0
NG,2021-06-09,7,22,1,0,0,0,0,0,0,0
NG,2021-06-10,8,22,1,0,0,0,0,0,0,1
NG,2021-06-11,9,22,1,0,0,0,0,0,0,0
NG,2021-06-14,10,22,0,0,0,0,1,0,0,0
NG,2021-06-15,11,22,0,0,0,0,1,0,0,0
NG,2021-06-16,12,22,0,0,0,0,1,0,0,0
NG,2021-06-17,13,22,0,0,0,0,1,0,0,1
NG,2021-06-18,14,22,0,0,0,0,0,0,0,0
NG,2021-06-21,15,22,0,0,0,0,0,0,0,0
NG,2021-06-22,16,22,0,0,0,0,0,0,0,0
NG,2021-06-23,17,22,0,0,0,0,0,0,0,0
NG,2021-06-24,18,22,0,0,0,0,0,0,1,1
NG,2021-06-25,19,22,0,0,0,0,0,0,1,0
NG,2021-06-28,20,22,0,0,0,0,0,1,1,0
NG,2021-06-29,21,22,0,0,0,0,0,0,0,0
NG,2021-06-30,22,22,0,0,0,0,0,0,0,0
NG,2021-07-01,1,21,0,0,0,0,0,0,0,1
NG,2021-07-02,2,21,0,0,0,0,0,0,0,0
NG,2021-07-06,3,21,0,0,0,0,0,0,0,0
NG,2021-07-07,4,21,0,0,0,0,0,0,0,0
NG,2021-07-08,5,21,1,0,0,0,0,0,0,1
NG,2021-07-09,6,21,1,0,0,0,0,0,0,0
NG,2021-07-12,7,21,1,0,0,0,0,0,0,0
NG,2021-07-13,8,21,1,0,0,0,0,0,0,0
NG,2021-07-14,9,21,1,0,0,0,1,0,0,0
NG,2021-07-15,10,21,0,0,0,0,1,0,0,1
NG,2021-07-16,11,21,0,0,0,0,1,0,0,0
NG,2021-07-19,12,21,0,0,0,0,1,0,0,0
NG,2021-07-20,13,21,0,0,0,0,0,0,0,0
NG,2021-07-21,14,21,0,0,0,0,0,0,0,0
NG,2021-07-22,15,21,0,0,0,0,0,0,0,1
NG,2021-07-23,16,21,0,0,0,0,0,0,0,0
NG,2021-07-26,17,21,0,0,0,0,0,0,1,0
NG,2021-07-27,18,21,0,0,0,0,0,0,1,0
NG,2021-07-28,19,21,0,0,0,0,0,1,1,0
NG,2021-07-29,20,21,0,0,0,0,0,0,0,1
NG,2021-07-30,21,21,0,0,0,0,0,0,0,0
NG,2021-08-02,1,22,0,0,0,0,0,0,0,0
NG,2021-08-03,2,22,0,0,0,0,0,0,0,0
NG,2021-08-04,3,22,0,0,0,0,0,0,0,0
NG,2021-08-05,4,22,0,0,0,0,0,0,0,1
NG,2021-08-06,5,22,1,0,0,0,0,0,0,0
NG,2021-08-09,6,22,1,0,0,0,0,0,0,0
NG,2021-08-10,7,22,1,0,0,0,0,0,0,0
NG,2021-08-11,8,22,1,0,0,0,0,0,0,0
NG,2021-08-12,9,22,1,0,0,0,0,0,0,1
NG,2021-08-13,10,22,0,0,0,0,1,0,0,0
NG,2021-08-16,11,22,0,0,0,0,1,0,0,0
NG,2021-08-17,12,22,0,0,0,0,1,0,0,0
NG,2021-08-18,13,22,0,0,0,0,1,0,0,0
NG,2021-08-19,14,22,0,0,0,0,0,0,0,1
NG,2021-08-20,15,22,0,0,0,0,0,0,0,0
NG,2021-08-23,16,22,0,0,0,0,0,0,0,0
NG,2021-08-24,17,22,0,0,0,0,0,0,0,0
NG,2021-08-25,18,22,0,0,0,0,0,0,1,0
NG,2021-08-26,19,22,0,0,0,0,0,0,1,1
NG,2021-08-27,20,22,0,0,0,0,0,1,1,0
NG,2021-08-30,21,22,0,0,0,0,0,0,0,0
NG,2021-08-31,22,22,0,0,0,0,0,0,0,0
NG,2021-09-01,1,21,0,0,0,0,0,0,0,0
NG,2021-09-02,2,21,0,0,0,0,0,0,0,1
NG,2021-09-03,3,21,0,0,0,0,0,0,0,0
NG,2021-09-07,4,21,0,0,0,0,0,0,0,0
NG,2021-09-08,5,21,1,0,0,0,0,0,0,0
NG,2021-09-09,6,21,1,0,0,0,0,0,0,1
NG,2021-09-10,7,21,1,0,0,0,0,0,0,0
NG,2021-09-13,8,21,1,0,0,0,0,0,0,0
NG,2021-09-14,9,21,1,0,0,0,1,0,0,0
NG,2021-09-15,10,21,0,0,0,0,1,0,0,0
NG,2021-09-16,11,21,0,0,0,0,1,0,0,1
NG,2021-09-17,12,21,0,0,0,0,1,0,0,0
NG,2021-09-20,13,21,0,0,0,0,0,0,0,0
NG,2021-09-21,14,21,0,0,0,0,0,0,0,0
NG,2021-09-22,15,21,0,0,0,0,0,0,0,0
NG,2021-09-23,16,21,0,0,0,0,0,0,0,1
NG,2021-09-24,17,21,0,0,0,0,0,0,1,0
NG,2021-09-27,18,21,0,0,0,0,0,0,1,0
NG,2021-09-28,19,21,0,0,0,0,0,1,1,0
NG,2021-09-29,20,21,0,0,0,0,0,0,0,0
NG,2021-09-30,21,21,0,0,0,0,0,0,0,1
NG,2021-10-01,1,21,0,0,0,0,0,0,0,0
NG,2021-10-04,2,21,0,0,0,0,0,0,0,0
NG,2021-10-05,3,21,0,0,0,0,0,0,0,0
NG,2021-10-06,4,21,0,0,0,0,0,0,0,0
NG,2021-10-07,5,21,1,0,0,0,0,0,0,1
NG,2021-10-08,6,21,1,0,0,0,0,0,0,0
NG,2021-10-11,7,21,1,0,0,0,0,0,0,0
NG,2021-10-12,8,21,1,0,0,0,0,0,0,0
NG,2021-10-13,9,21,1,0,0,0,1,0,0,0
NG,2021-10-14,10,21,0,0,0,0,1,0,0,1
NG,2021-10-15,11,21,0,0,0,0,1,0,0,0
NG,2021-10-18,12,21,0,0,0,0,1,0,0,0
NG,2021-10-19,13,21,0,0,0,0,0,0,0,0
NG,2021-10-20,14,21,0,0,0,0,0,0,0,0
NG,2021-10-21,15,21,0,0,0,0,0,0,0,1
NG,2021-10-22,16,21,0,0,0,0,0,0,0,0
NG,2021-10-25,17,21,0,0,0,0,0,0,1,0
NG,2021-10-26,18,21,0,0,0,0,0,0,1,0
NG,2021-10-27,19,21,0,0,0,0,0,1,1,0
NG,2021-10-28,20,21,0,0,0,0,0,0,0,1
NG,2021-10-29,21,21,0,0,0,0,0,0,0,0
NG,2021-11-01,1,21,0,0,0,0,0,0,0,0
NG,2021-11-02,2,21,0,0,0,0,0,0,0,0
NG,2021-11-03,3,21,0,0,0,0,0,0,0,0
NG,2021-11-04,4,21,0,0,0,0,0,0,0,1
NG,2021-11-05,5,21,1,0,0,0,0,0,0,0
NG,2021-11-08,6,21,1,0,0,0,0,0,0,0
NG,2021-11-09,7,21,1,0,0,0,0,0,0,0
NG,2021-11-10,8,21,1,0,0,0,0,0,0,1
NG,2021-11-11,9,21,1,0,0,0,0,0,0,0
NG,2021-11-12,10,21,0,0,0,0,1,0,0,0
NG,2021-11-15,11,21,0,0,0,0,1,0,0,0
NG,2021-11-16,12,21,0,0,0,0,1,0,0,0
NG,2021-11-17,13,21,0,0,0,0,1,0,0,0
NG,2021-11-18,14,21,0,0,0,0,0,0,0,1
NG,2021-11-19,15,21,0,0,0,0,0,0,0,0
NG,2021-11-22,16,21,0,0,0,0,0,0,0,0
NG,2021-11-23,17,21,0,0,0,0,0,0,1,0
NG,2021-11-24,18,21,0,0,0,0,0,0,1,1
NG,2021-11-26,19,21,0,0,0,0,0,1,1,0
NG,2021-11-29,20,21,0,0,0,0,0,0,0,0
NG,2021-11-30,21,21,0,0,0,0,0,0,0,0
NG,2021-12-01,1,22,0,0,0,0,0,0,0,0
NG,2021-12-02,2,22,0,0,0,0,0,0,0,1
NG,2021-12-03,3,22,0,0,0,0,0,0,0,0
NG,2021-12-06,4,22,0,0,0,0,0,0,0,0
NG,2021-12-07,5,22,1,0,0,0,0,0,0,0
NG,2021-12-08,6,22,1,0,0,0,0,0,0,0
NG,2021-12-09,7,22,1,0,0,0,0,0,0,1
NG,2021-12-10,8,22,1,0,0,0,0,0,0,0
NG,2021-12-13,9,22,1,0,0,0,0,0,0,0
NG,2021-12-14,10,22,0,0,0,0,0,0,0,0
NG,2021-12-15,11,22,0,0,0,0,1,0,0,0
NG,2021-12-16,12,22,0,0,0,0,1,0,0,1
NG,2021-12-17,13,22,0,0,0,0,1,0,0,0
NG,2021-12-20,14,22,0,0,0,0,1,0,0,0
NG,2021-12-21,15,22,0,0,0,0,0,0,0,0
NG,2021-12-22,16,22,0,0,0,0,0,0,0,0
NG,2021-12-23,17,22,0,0,0,0,0,0,0,1
NG,2021-12-27,18,22,0,0,0,0,0,0,1,0
NG,2021-12-28,19,22,0,0,0,0,0,0,1,0
NG,2021-12-29,20,22,0,0,0,0,0,1,1,0
NG,2021-12-30,21,22,0,0,0,0,0,0,0,1
NG,2021-12-31,22,22,0,0,0,0,0,0,0,0
NG,2022-01-03,1,20,0,0,0,0,0,0,0,0
NG,2022-01-04,2,20,0,0,0,0,0,0,0,0
NG,2022-01-05,3,20,0,0,0,0,0,0,0,0
NG,2022-01-06,4,20,0,0,0,0,0,0,0,1
NG,2022-01-07,5,20,1,0,0,0,0,0,0,0
NG,2022-01-10,6,20,1,0,0,0,0,0,0,0
NG,2022-01-11,7,20,1,0,0,0,0,0,0,0
NG,2022-01-12,8,20,1,0,0,0,0,0,0,0
NG,2022-01-13,9,20,1,0,0,0,1,0,0,1
NG,2022-01-14,10,20,0,0,0,0,1,0,0,0
NG,2022-01-18,11,20,0,0,0,0,1,0,0,0
NG,2022-01-19,12,20,0,0,0,0,1,0,0,0
NG,2022-01-20,13,20,0,0,0,0,0,0,0,1
NG,2022-01-21,14,20,0,0,0,0,0,0,0,0
NG,2022-01-24,15,20,0,0,0,0,0,0,0,0
NG,2022-01-25,16,20,0,0,0,0,0,0,1,0
NG,2022-01-26,17,20,0,0,0,0,0,0,1,0
NG,2022-01-27,18,20,0,0,0,0,0,1,1,1
NG,2022-01-28,19,20,0,0,0,0,0,0,0,0
NG,2022-01-31,20,20,0,0,0,0,0,0,0,0
NG,2022-02-01,1,19,0,0,0,0,0,0,0,0
NG,2022-02-02,2,19,0,0,0,0,0,0,0,0
NG,2022-02-03,3,19,0,0,0,0,0,0,0,1
NG,2022-02-04,4,19,0,0,0,0,0,0,0,0
NG,2022-02-07,5,19,1,0,0,0,0,0,0,0
NG,2022-02-08,6,19,1,0,0,0,0,0,0,0
NG,2022-02-09,7,19,1,0,0,0,0,0,0,0
NG,2022-02-10,8,19,1,0,0,0,1,0,0,1
NG,2022-02-11,9,19,1,0,0,0,1,0,0,0
NG,2022-02-14,10,19,0,0,0,0,1,0,0,0
NG,2022-02-15,11,19,0,0,0,0,1,0,0,0
NG,2022-02-16,12,19,0,0,0,0,0,0,0,0
NG,2022-02-17,13,19,0,0,0,0,0,0,0,1
NG,2022-02-18,14,19,0,0,0,0,0,0,0,0
NG,2022-02-22,15,19,0,0,0,0,0,0,1,0
NG,2022-02-23,16,19,0,0,0,0,0,0,1,0
NG,2022-02-24,17,19,0,0,0,0,0,1,1,1
NG,2022-02-25,18,19,0,0,0,0,0,0,0,0
NG,2022-02-28,19,19,0,0,0,0,0,0,0,0
NG,2022-03-01,1,23,0,0,0,0,0,0,0,0
NG,2022-03-02,2,23,0,0,0,0,0,0,0,0
NG,2022-03-03,3,23,0,0,0,0,0,0,0,1
NG,2022-03-04,4,23,0,0,0,0,0,0,0,0
NG,2022-03-07,5,23,1,0,0,0,0,0,0,0
NG,2022-03-08,6,23,1,0,0,0,0,0,0,0
NG,2022-03-09,7,23,1,0,0,0,0,0,0,0
NG,2022-03-10,8,23,1,0,0,0,0,0,0,1
NG,2022-03-11,9,23,1,0,0,0,0,0,0,0
NG,2022-03-14,10,23,0,0,0,0,0,0,0,0
NG,2022-03-15,11,23,0,0,0,0,1,0,0,0
NG,2022-03-16,12,23,0,0,0,0,1,0,0,0
NG,2022-03-17,13,23,0,0,0,0,1,0,0,1
NG,2022-03-18,14,23,0,0,0,0,1,0,0,0
NG,2022-03-21,15,23,0,0,0,0,0,0,0,0
NG,2022-03-22,16,23,0,0,0,0,0,0,0,0
NG,2022-03-23,17,23,0,0,0,0,0,0,0,0
NG,2022-03-24,18,23,0,0,0,0,0,0,0,1
NG,2022-03-25,19,23,0,0,0,0,0,0,1,0
NG,2022-03-28,20,23,0,0,0,0,0,0,1,0
NG,2022-03-29,21,23,0,0,0,0,0,1,1,0
NG,2022-03-30,22,23,0,0,0,0,0,0,0,0
NG,2022-03-31,23,23,0,0,0,0,0,0,0,1
NG,2022-04-01,1,20,0,0,0,0,0,0,0,0
NG,2022-04-04,2,20,0,0,0,0,0,0,0,0
NG,2022-04-05,3,20,0,0,0,0,0,0,0,0
NG,2022-04-06,4,20,0,0,0,0,0,0,0,0
NG,2022-04-07,5,20,1,0,0,0,0,0,0,1
NG,2022-04-08,6,20,1,0,0,0,0,0,0,0
NG,2022-04-11,7,20,1,0,0,0,0,0,0,0
NG,2022-04-12,8,20,1,0,0,0,0,0,0,0
NG,2022-04-13,9,20,1,0,0,0,1,0,0,0
NG,2022-04-14,10,20,0,0,0,0,1,0,0,1
NG,2022-04-18,11,20,0,0,0,0,1,0,0,0
NG,2022-04-19,12,20,0,0,0,0,1,0,0,0
NG,2022-04-20,13,20,0,0,0,0,0,0,0,0
NG,2022-04-21,14,20,0,0,0,0,0,0,0,1
NG,2022-04-22,15,20,0,0,0,0,0,0,0,0
NG,2022-04-25,16,20,0,0,0,0,0,0,1,0
NG,2022-04-26,17,20,0,0,0,0,0,0,1,0
NG,2022-04-27,18,20,0,0,0,0,0,1,1,0
NG,2022-04-28,19,20,0,0,0,0,0,0,0,1
NG,2022-04-29,20,20,0,0,0,0,0,0,0,0
NG,2022-05-02,1,21,0,0,0,0,0,0,0,0
NG,2022-05-03,2,21,0,0,0,0,0,0,0,0
NG,2022-05-04,3,21,0,0,0,0,0,0,0,0
NG,2022-05-05,4,21,0,0,0,0,0,0,0,1
NG,2022-05-06,5,21,1,0,0,0,0,0,0,0
NG,2022-05-09,6,21,1,0,0,0,0,0,0,0
NG,2022-05-10,7,21,1,0,0,0,0,0,0,0
NG,2022-05-11,8,21,1,0,0,0,0,0,0,0
NG,2022-05-12,9,21,1,0,0,0,1,0,0,1
NG,2022-05-13,10,21,0,0,0,0,1,0,0,0
NG,2022-05-16,11,21,0,0,0,0,1,0,0,0
NG,2022-05-17,12,21,0,0,0,0,1,0,0,0
NG,2022-05-18,13,21,0,0,0,0,0,0,0,0
NG,2022-05-19,14,21,0,0,0,0,0,0,0,1
NG,2022-05-20,15,21,0,0,0,0,0,0,0,0
NG,2022-05-23,16,21,0,0,0,0,0,0,0,0
NG,2022-05-24,17,21,0,0,0,0,0,0,1,0
NG,2022-05-25,18,21,0,0,0,0,0,0,1,0
NG,2022-05-26,19,21,0,0,0,0,0,1,1,1
NG,2022-05-27,20,21,0,0,0,0,0,0,0,0
NG,2022-05-31,21,21,0,0,0,0,0,0,0,0
NG,2022-06-01,1,21,0,0,0,0,0,0,0,0
NG,2022-06-02,2,21,0,0,0,0,0,0,0,1
NG,2022-06-03,3,21,0,0,0,0,0,0,0,0
NG,2022-06-06,4,21,0,0,0,0,0,0,0,0
NG,2022-06-07,5,21,1,0,0,0,0,0,0,0
NG,2022-06-08,6,21,1,0,0,0,0,0,0,0
NG,2022-06-09,7,21,1,0,0,0,0,0,0,1
NG,2022-06-10,8,21,1,0,0,0,0,0,0,0
NG,2022-06-13,9,21,1,0,0,0,0,0,0,0
NG,2022-06-14,10,21,0,0,0,0,1,0,0,0
NG,2022-06-15,11,21,0,0,0,0,1,0,0,0
NG,2022-06-16,12,21,0,0,0,0,1,0,0,1
NG,2022-06-17,13,21,0,0,0,0,1,0,0,0
NG,2022-06-21,14,21,0,0,0,0,0,0,0,0
NG,2022-06-22,15,21,0,0,0,0,0,0,0,0
NG,2022-06-23,16,21,0,0,0,0,0,0,0,1
NG,2022-06-24,17,21,0,0,0,0,0,0,1,0
NG,2022-06-27,18,21,0,0,0,0,0,0,1,0
NG,2022-06-28,19,21,0,0,0,0,0,1,1,0
NG,2022-06-29,20,21,0,0,0,0,0,0,0,0
NG,2022-06-30,21,21,0,0,0,0,0,0,0,1
NG,2022-07-01,1,20,0,0,0,0,0,0,0,0
NG,2022-07-05,2,20,0,0,0,0,0,0,0,0
NG,2022-07-06,3,20,0,0,0,0,0,0,0,0
NG,2022-07-07,4,20,0,0,0,0,0,0,0,1
NG,2022-07-08,5,20,1,0,0,0,0,0,0,0
NG,2022-07-11,6,20,1,0,0,0,0,0,0,0
NG,2022-07-12,7,20,1,0,0,0,0,0,0,0
NG,2022-07-13,8,20,1,0,0,0,1,0,0,0
NG,2022-07-14,9,20,1,0,0,0,1,0,0,1
NG,2022-07-15,10,20,0,0,0,0,1,0,0,0
NG,2022-07-18,11,20,0,0,0,0,1,0,0,0
NG,2022-07-19,12,20,0,0,0,0,0,0,0,0
NG,2022-07-20,13,20,0,0,0,0,0,0,0,0
NG,2022-07-21,14,20,0,0,0,0,0,0,0,1
NG,2022-07-22,15,20,0,0,0,0,0,0,0,0
NG,2022-07-25,16,20,0,0,0,0,0,0,1,0
NG,2022-07-26,17,20,0,0,0,0,0,0,1,0
NG,2022-07-27,18,20,0,0,0,0,0,1,1,0
NG,2022-07-28,19,20,0,0,0,0,0,0,0,1
NG,2022-07-29,20,20,0,0,0,0,0,0,0,0
NG,2022-08-01,1,23,0,0,0,0,0,0,0,0
NG,2022-08-02,2,23,0,0,0,0,0,0,0,0
NG,2022-08-03,3,23,0,0,0,0,0,0,0,0
NG,2022-08-04,4,23,0,0,0,0,0,0,0,1
NG,2022-08-05,5,23,1,0,0,0,0,0,0,0
NG,2022-08-08,6,23,1,0,0,0,0,0,0,0
NG,2022-08-09,7,23,1,0,0,0,0,0,0,0
NG,2022-08-10,8,23,1,0,0,0,0,0,0,0
NG,2022-08-11,9,23,1,0,0,0,0,0,0,1
NG,2022-08-12,10,23,0,0,0,0,0,0,0,0
NG,2022-08-15,11,23,0,0,0,0,1,0,0,0
NG,2022-08-16,12,23,0,0,0,0,1,0,0,0
NG,2022-08-17,13,23,0,0,0,0,1,0,0,0
NG,2022-08-18,14,23,0,0,0,0,1,0,0,1
NG,2022-08-19,15,23,0,0,0,0,0,0,0,0
NG,2022-08-22,16,23,0,0,0,0,0,0,0,0
NG,2022-08-23,17,23,0,0,0,0,0,0,0,0
NG,2022-08-24,18,23,0,0,0,0,0,0,0,0
NG,2022-08-25,19,23,0,0,0,0,0,0,1,1
NG,2022-08-26,20,23,0,0,0,0,0,0,1,0
NG,2022-08-29,21,23,0,0,0,0,0,1,1,0
NG,2022-08-30,22,23,0,0,0,0,0,0,0,0
NG,2022-08-31,23,23,0,0,0,0,0,0,0,0
NG,2022-09-01,1,21,0,0,0,0,0,0,0,1
NG,2022-09-02,2,21,0,0,0,0,0,0,0,0
NG,2022-09-06,3,21,0,0,0,0,0,0,0,0
NG,2022-09-07,4,21,0,0,0,0,0,0,0,0
NG,2022-09-08,5,21,1,0,0,0,0,0,0,1
NG,2022-09-09,6,21,1,0,0,0,0,0,0,0
NG,2022-09-12,7,21,1,0,0,0,0,0,0,0
NG,2022-09-13,8,21,1,0,0,0,0,0,0,0
NG,2022-09-14,9,21,1,0,0,0,1,0,0,0
NG,2022-09-15,10,21,0,0,0,0,1,0,0,1
NG,2022-09-16,11,21,0,0,0,0,1,0,0,0
NG,2022-09-19,12,21,0,0,0,0,1,0,0,0
NG,2022-09-20,13,21,0,0,0,0,0,0,0,0
NG,2022-09-21,14,21,0,0,0,0,0,0,0,0
NG,2022-09-22,15,21,0,0,0,0,0,0,0,1
NG,2022-09-23,16,21,0,0,0,0,0,0,0,0
NG,2022-09-26,17,21,0,0,0,0,0,0,1,0
NG,2022-09-27,18,21,0,0,0,0,0,0,1,0
NG,2022-09-28,19,21,0,0,0,0,0,1,1,0
NG,2022-09-29,20,21,0,0,0,0,0,0,0,1
NG,2022-09-30,21,21,0,0,0,0,0,0,0,0
NG,2022-10-03,1,21,0,0,0,0,0,0,0,0
NG,2022-10-04,2,21,0,0,0,0,0,0,0,0
NG,2022-10-05,3,21,0,0,0,0,0,0,0,0
NG,2022-10-06,4,21,0,0,0,0,0,0,0,1
NG,2022-10-07,5,21,1,0,0,0,0,0,0,0
NG,2022-10-10,6,21,1,0,0,0,0,0,0,0
NG,2022-10-11,7,21,1,0,0,0,0,0,0,0
NG,2022-10-12,8,21,1,0,0,0,0,0,0,0
NG,2022-10-13,9,21,1,0,0,0,1,0,0,1
NG,2022-10-14,10,21,0,0,0,0,1,0,0,0
NG,2022-10-17,11,21,0,0,0,0,1,0,0,0
NG,2022-10-18,12,21,0,0,0,0,1,0,0,0
NG,2022-10-19,13,21,0,0,0,0,0,0,0,0
NG,2022-10-20,14,21,0,0,0,0,0,0,0,1
NG,2022-10-21,15,21,0,0,0,0,0,0,0,0
NG,2022-10-24,16,21,0,0,0,0,0,0,0,0
NG,2022-10-25,17,21,0,0,0,0,0,0,1,0
NG,2022-10-26,18,21,0,0,0,0,0,0,1,0
NG,2022-10-27,19,21,0,0,0,0,0,1,1,1
NG,2022-10-28,20,21,0,0,0,0,0,0,0,0
NG,2022-10-31,21,21,0,0,0,0,0,0,0,0
NG,2022-11-01,1,21,0,0,0,0,0,0,0,0
NG,2022-11-02,2,21,0,0,0,0,0,0,0,0
NG,2022-11-03,3,21,0,0,0,0,0,0,0,1
NG,2022-11-04,4,21,0,0,0,0,0,0,0,0
NG,2022-11-07,5,21,1,0,0,0,0,0,0,0
NG,2022-11-08,6,21,1,0,0,0,0,0,0,0
NG,2022-11-09,7,21,1,0,0,0,0,0,0,0
NG,2022-11-10,8,21,1,0,0,0,0,0,0,1
NG,2022-11-11,9,21,1,0,0,0,0,0,0,0
NG,2022-11-14,10,21,0,0,0,0,1,0,0,0
NG,2022-11-15,11,21,0,0,0,0,1,0,0,0
NG,2022-11-16,12,21,0,0,0,0,1,0,0,0
NG,2022-11-17,13,21,0,0,0,0,1,0,0,1
NG,2022-11-18,14,21,0,0,0,0,0,0,0,0
NG,2022-11-21,15,21,0,0,0,0,0,0,0,0
NG,2022-11-22,16,21,0,0,0,0,0,0,0,0
NG,2022-11-23,17,21,0,0,0,0,0,0,1,1
NG,2022-11-25,18,21,0,0,0,0,0,0,1,0
NG,2022-11-28,19,21,0,0,0,0,0,1,1,0
NG,2022-11-29,20,21,0,0,0,0,0,0,0,0
NG,2022-11-30,21,21,0,0,0,0,0,0,0,0
NG,2022-12-01,1,21,0,0,0,0,0,0,0,1
NG,2022-12-02,2,21,0,0,0,0,0,0,0,0
NG,2022-12-05,3,21,0,0,0,0,0,0,0,0
NG,2022-12-06,4,21,0,0,0,0,0,0,0,0
NG,2022-12-07,5,21,1,0,0,0,0,0,0,0
NG,2022-12-08,6,21,1,0,0,0,0,0,0,1
NG,2022-12-09,7,21,1,0,0,0,0,0,0,0
NG,2022-12-12,8,21,1,0,0,0,0,0,0,0
NG,2022-12-13,9,21,1,0,0,0,0,0,0,0
NG,2022-12-14,10,21,0,0,0,0,1,0,0,0
NG,2022-12-15,11,21,0,0,0,0,1,0,0,1
NG,2022-12-16,12,21,0,0,0,0,1,0,0,0
NG,2022-12-19,13,21,0,0,0,0,1,0,0,0
NG,2022-12-20,14,21,0,0,0,0,0,0,0,0
NG,2022-12-21,15,21,0,0,0,0,0,0,0,0
NG,2022-12-22,16,21,0,0,0,0,0,0,0,1
NG,2022-12-23,17,21,0,0,0,0,0,0,1,0
NG,2022-12-27,18,21,0,0,0,0,0,0,1,0
NG,2022-12-28,19,21,0,0,0,0,0,1,1,0
NG,2022-12-29,20,21,0,0,0,0,0,0,0,1
NG,2022-12-30,21,21,0,0,0,0,0,0,0,0
NG,2023-01-03,1,20,0,0,0,0,0,0,0,0
NG,2023-01-04,2,20,0,0,0,0,0,0,0,0
NG,2023-01-05,3,20,0,0,0,0,0,0,0,1
NG,2023-01-06,4,20,0,0,0,0,0,0,0,0
NG,2023-01-09,5,20,1,0,0,0,0,0,0,0
NG,2023-01-10,6,20,1,0,0,0,0,0,0,0
NG,2023-01-11,7,20,1,0,0,0,0,0,0,0
NG,2023-01-12,8,20,1,0,0,0,0,0,0,1
NG,2023-01-13,9,20,1,0,0,0,1,0,0,0
NG,2023-01-17,10,20,0,0,0,0,1,0,0,0
NG,2023-01-18,11,20,0,0,0,0,1,0,0,0
NG,2023-01-19,12,20,0,0,0,0,1,0,0,1
NG,2023-01-20,13,20,0,0,0,0,0,0,0,0
NG,2023-01-23,14,20,0,0,0,0,0,0,0,0
NG,2023-01-24,15,20,0,0,0,0,0,0,0,0
NG,2023-01-25,16,20,0,0,0,0,0,0,1,0
NG,2023-01-26,17,20,0,0,0,0,0,0,1,1
NG,2023-01-27,18,20,0,0,0,0,0,1,1,0
NG,2023-01-30,19,20,0,0,0,0,0,0,0,0
NG,2023-01-31,20,20,0,0,0,0,0,0,0,0
NG,2023-02-01,1,19,0,0,0,0,0,0,0,0
NG,2023-02-02,2,19,0,0,0,0,0,0,0,1
NG,2023-02-03,3,19,0,0,0,0,0,0,0,0
NG,2023-02-06,4,19,0,0,0,0,0,0,0,0
NG,2023-02-07,5,19,1,0,0,0,0,0,0,0
NG,2023-02-08,6,19,1,0,0,0,0,0,0,0
NG,2023-02-09,7,19,1,0,0,0,0,0,0,1
NG,2023-02-10,8,19,1,0,0,0,1,0,0,0
NG,2023-02-13,9,19,1,0,0,0,1,0,0,0
NG,2023-02-14,10,19,0,0,0,0,1,0,0,0
NG,2023-02-15,11,19,0,0,0,0,1,0,0,0
NG,2023-02-16,12,19,0,0,0,0,0,0,0,1
NG,2023-02-17,13,19,0,0,0,0,0,0,0,0
NG,2023-02-21,14,19,0,0,0,0,0,0,0,0
NG,2023-02-22,15,19,0,0,0,0,0,0,1,0
NG,2023-02-23,16,19,0,0,0,0,0,0,1,1
NG,2023-02-24,17,19,0,0,0,0,0,1,1,0
NG,2023-02-27,18,19,0,0,0,0,0,0,0,0
NG,2023-02-28,19,19,0,0,0,0,0,0,0,0
NG,2023-03-01,1,23,0,0,0,0,0,0,0,0
NG,2023-03-02,2,23,0,0,0,0,0,0,0,1
NG,2023-03-03,3,23,0,0,0,0,0,0,0,0
NG,2023-03-06,4,23,0,0,0,0,0,0,0,0
NG,2023-03-07,5,23,1,0,0,0,0,0,0,0
NG,2023-03-08,6,23,1,0,0,0,0,0,0,0
NG,2023-03-09,7,23,1,0,0,0,0,0,0,1
NG,2023-03-10,8,23,1,0,0,0,0,0,0,0
NG,2023-03-13,9,23,1,0,0,0,0,0,0,0
NG,2023-03-14,10,23,0,0,0,0,0,0,0,0
NG,2023-03-15,11,23,0,0,0,0,1,0,0,0
NG,2023-03-16,12,23,0,0,0,0,1,0,0,1
NG,2023-03-17,13,23,0,0,0,0,1,0,0,0
NG,2023-03-20,14,23,0,0,0,0,1,0,0,0
NG,2023-03-21,15,23,0,0,0,0,0,0,0,0
NG,2023-03-22,16,23,0,0,0,0,0,0,0,0
NG,2023-03-23,17,23,0,0,0,0,0,0,0,1
NG,2023-03-24,18,23,0,0,0,0,0,0,0,0
NG,2023-03-27,19,23,0,0,0,0,0,0,1,0
NG,2023-03-28,20,23,0,0,0,0,0,0,1,0
NG,2023-03-29,21,23,0,0,0,0,0,1,1,0
NG,2023-03-30,22,23,0,0,0,0,0,0,0,1
NG,2023-03-31,23,23,0,0,0,0,0,0,0,0
NG,2023-04-03,1,19,0,0,0,0,0,0,0,0
NG,2023-04-04,2,19,0,0,0,0,0,0,0,0
NG,2023-04-05,3,19,0,0,0,0,0,0,0,0
NG,2023-04-06,4,19,0,0,0,0,0,0,0,1
NG,2023-04-10,5,19,1,0,0,0,0,0,0,0
NG,2023-04-11,6,19,1,0,0,0,0,0,0,0
NG,2023-04-12,7,19,1,0,0,0,1,0,0,0
NG,2023-04-13,8,19,1,0,0,0,1,0,0,1
NG,2023-04-14,9,19,1,0,0,0,1,0,0,0
NG,2023-04-17,10,19,0,0,0,0,1,0,0,0
NG,2023-04-18,11,19,0,0,0,0,0,0,0,0
NG,2023-04-19,12,19,0,0,0,0,0,0,0,0
NG,2023-04-20,13,19,0,0,0,0,0,0,0,1
NG,2023-04-21,14,19,0,0,0,0,0,0,0,0
NG,2023-04-24,15,19,0,0,0,0,0,0,1,0
NG,2023-04-25,16,19,0,0,0,0,0,0,1,0
NG,2023-04-26,17,19,0,0,0,0,0,1,1,0
NG,2023-04-27,18,19,0,0,0,0,0,0,0,1
NG,2023-04-28,19,19,0,0,0,0,0,0,0,0
NG,2023-05-01,1,22,0,0,0,0,0,0,0,0
NG,2023-05-02,2,22,0,0,0,0,0,0,0,0
NG,2023-05-03,3,22,0,0,0,0,0,0,0,0
NG,2023-05-04,4,22,0,0,0,0,0,0,0,1
NG,2023-05-05,5,22,1,0,0,0,0,0,0,0
NG,2023-05-08,6,22,1,0,0,0,0,0,0,0
NG,2023-05-09,7,22,1,0,0,0,0,0,0,0
NG,2023-05-10,8,22,1,0,0,0,0,0,0,0
NG,2023-05-11,9,22,1,0,0,0,0,0,0,1
NG,2023-05-12,10,22,0,0,0,0,1,0,0,0
NG,2023-05-15,11,22,0,0,0,0,1,0,0,0
NG,2023-05-16,12,22,0,0,0,0,1,0,0,0
NG,2023-05-17,13,22,0,0,0,0,1,0,0,0
NG,2023-05-18,14,22,0,0,0,0,0,0,0,1
NG,2023-05-19,15,22,0,0,0,0,0,0,0,0
NG,2023-05-22,16,22,0,0,0,0,0,0,0,0
NG,2023-05-23,17,22,0,0,0,0,0,0,0,0
NG,2023-05-24,18,22,0,0,0,0,0,0,1,0
NG,2023-05-25,19,22,0,0,0,0,0,0,1,1
NG,2023-05-26,20,22,0,0,0,0,0,1,1,0
NG,2023-05-30,21,22,0,0,0,0,0,0,0,0
NG,2023-05-31,22,22,0,0,0,0,0,0,0,0
NG,2023-06-01,1,21,0,0,0,0,0,0,0,1
NG,2023-06-02,2,21,0,0,0,0,0,0,0,0
NG,2023-06-05,3,21,0,0,0,0,0,0,0,0
NG,2023-06-06,4,21,0,0,0,0,0,0,0,0
NG,2023-06-07,5,21,1,0,0,0,0,0,0,0
NG,2023-06-08,6,21,1,0,0,0,0,0,0,1
NG,2023-06-09,7,21,1,0,0,0,0,0,0,0
NG,2023-06-12,8,21,1,0,0,0,0,0,0,0
NG,2023-06-13,9,21,1,0,0,0,0,0,0,0
NG,2023-06-14,10,21,0,0,0,0,1,0,0,0
NG,2023-06-15,11,21,0,0,0,0,1,0,0,1
NG,2023-06-16,12,21,0,0,0,0,1,0,0,0
NG,2023-06-20,13,21,0,0,0,0,1,0,0,0
NG,2023-06-21,14,21,0,0,0,0,0,0,0,0
NG,2023-06-22,15,21,0,0,0,0,0,0,0,1
NG,2023-06-23,16,21,0,0,0,0,0,0,0,0
NG,2023-06-26,17,21,0,0,0,0,0,0,1,0
NG,2023-06-27,18,21,0,0,0,0,0,0,1,0
NG,2023-06-28,19,21,0,0,0,0,0,1,1,0
NG,2023-06-29,20,21,0,0,0,0,0,0,0,1
NG,2023-06-30,21,21,0,0,0,0,0,0,0,0
NG,2023-07-03,1,20,0,0,0,0,0,0,0,0
NG,2023-07-05,2,20,0,0,0,0,0,0,0,0
NG,2023-07-06,3,20,0,0,0,0,0,0,0,0
NG,2023-07-07,4,20,0,0,0,0,0,0,0,1
NG,2023-07-10,5,20,1,0,0,0,0,0,0,0
NG,2023-07-11,6,20,1,0,0,0,0,0,0,0
NG,2023-07-12,7,20,1,0,0,0,0,0,0,0
NG,2023-07-13,8,20,1,0,0,0,1,0,0,1
NG,2023-07-14,9,20,1,0,0,0,1,0,0,0
NG,2023-07-17,10,20,0,0,0,0,1,0,0,0
NG,2023-07-18,11,20,0,0,0,0,1,0,0,0
NG,2023-07-19,12,20,0,0,0,0,0,0,0,0
NG,2023-07-20,13,20,0,0,0,0,0,0,0,1
NG,2023-07-21,14,20,0,0,0,0,0,0,0,0
NG,2023-07-24,15,20,0,0,0,0,0,0,0,0
NG,2023-07-25,16,20,0,0,0,0,0,0,1,0
NG,2023-07-26,17,20,0,0,0,0,0,0,1,0
NG,2023-07-27,18,20,0,0,0,0,0,1,1,1
NG,2023-07-28,19,20,0,0,0,0,0,0,0,0
NG,2023-07-31,20,20,0,0,0,0,0,0,0,0
NG,2023-08-01,1,23,0,0,0,0,0,0,0,0
NG,2023-08-02,2,23,0,0,0,0,0,0,0,0
NG,2023-08-03,3,23,0,0,0,0,0,0,0,1
NG,2023-08-04,4,23,0,0,0,0,0,0,0,0
NG,2023-08-07,5,23,1,0,0,0,0,0,0,0
NG,2023-08-08,6,23,1,0,0,0,0,0,0,0
NG,2023-08-09,7,23,1,0,0,0,0,0,0,0
NG,2023-08-10,8,23,1,0,0,0,0,0,0,1
NG,2023-08-11,9,23,1,0,0,0,0,0,0,0
NG,2023-08-14,10,23,0,0,0,0,0,0,0,0
NG,2023-08-15,11,23,0,0,0,0,1,0,0,0
NG,2023-08-16,12,23,0,0,0,0,1,0,0,0
NG,2023-08-17,13,23,0,0,0,0,1,0,0,1
NG,2023-08-18,14,23,0,0,0,0,1,0,0,0
NG,2023-08-21,15,23,0,0,0,0,0,0,0,0
NG,2023-08-22,16,23,0,0,0,0,0,0,0,0
NG,2023-08-23,17,23,0,0,0,0,0,0,0,0
NG,2023-08-24,18,23,0,0,0,0,0,0,0,1
NG,2023-08-25,19,23,0,0,0,0,0,0,1,0
NG,2023-08-28,20,23,0,0,0,0,0,0,1,0
NG,2023-08-29,21,23,0,0,0,0,0,1,1,0
NG,2023-08-30,22,23,0,0,0,0,0,0,0,0
NG,2023-08-31,23,23,0,0,0,0,0,0,0,1
NG,2023-09-01,1,20,0,0,0,0,0,0,0,0
NG,2023-09-05,2,20,0,0,0,0,0,0,0,0
NG,2023-09-06,3,20,0,0,0,0,0,0,0,0
NG,2023-09-07,4,20,0,0,0,0,0,0,0,1
NG,2023-09-08,5,20,1,0,0,0,0,0,0,0
NG,2023-09-11,6,20,1,0,0,0,0,0,0,0
NG,2023-09-12,7,20,1,0,0,0,0,0,0,0
NG,2023-09-13,8,20,1,0,0,0,1,0,0,0
NG,2023-09-14,9,20,1,0,0,0,1,0,0,1
NG,2023-09-15,10,20,0,0,0,0,1,0,0,0
NG,2023-09-18,11,20,0,0,0,0,1,0,0,0
NG,2023-09-19,12,20,0,0,0,0,0,0,0,0
NG,2023-09-20,13,20,0,0,0,0,0,0,0,0
NG,2023-09-21,14,20,0,0,0,0,0,0,0,1
NG,2023-09-22,15,20,0,0,0,0,0,0,0,0
NG,2023-09-25,16,20,0,0,0,0,0,0,1,0
NG,2023-09-26,17,20,0,0,0,0,0,0,1,0
NG,2023-09-27,18,20,0,0,0,0,0,1,1,0
NG,2023-09-28,19,20,0,0,0,0,0,0,0,1
NG,2023-09-29,20,20,0,0,0,0,0,0,0,0
NG,2023-10-02,1,22,0,0,0,0,0,0,0,0
NG,2023-10-03,2,22,0,0,0,0,0,0,0,0
NG,2023-10-04,3,22,0,0,0,0,0,0,0,0
NG,2023-10-05,4,22,0,0,0,0,0,0,0,1
NG,2023-10-06,5,22,1,0,0,0,0,0,0,0
NG,2023-10-09,6,22,1,0,0,0,0,0,0,0
NG,2023-10-10,7,22,1,0,0,0,0,0,0,0
NG,2023-10-11,8,22,1,0,0,0,0,0,0,0
NG,2023-10-12,9,22,1,0,0,0,0,0,0,1
NG,2023-10-13,10,22,0,0,0,0,1,0,0,0
NG,2023-10-16,11,22,0,0,0,0,1,0,0,0
NG,2023-10-17,12,22,0,0,0,0,1,0,0,0
NG,2023-10-18,13,22,0,0,0,0,1,0,0,0
NG,2023-10-19,14,22,0,0,0,0,0,0,0,1
NG,2023-10-20,15,22,0,0,0,0,0,0,0,0
NG,2023-10-23,16,22,0,0,0,0,0,0,0,0
NG,2023-10-24,17,22,0,0,0,0,0,0,0,0
NG,2023-10-25,18,22,0,0,0,0,0,0,1,0
NG,2023-10-26,19,22,0,0,0,0,0,0,1,1
NG,2023-10-27,20,22,0,0,0,0,0,1,1,0
NG,2023-10-30,21,22,0,0,0,0,0,0,0,0
NG,2023-10-31,22,22,0,0,0,0,0,0,0,0
NG,2023-11-01,1,21,0,0,0,0,0,0,0,0
NG,2023-11-02,2,21,0,0,0,0,0,0,0,1
NG,2023-11-03,3,21,0,0,0,0,0,0,0,0
NG,2023-11-06,4,21,0,0,0,0,0,0,0,0
NG,2023-11-07,5,21,1,0,0,0,0,0,0,0
NG,2023-11-08,6,21,1,0,0,0,0,0,0,0
NG,2023-11-09,7,21,1,0,0,0,0,0,0,1
NG,2023-11-10,8,21,1,0,0,0,0,0,0,0
NG,2023-11-13,9,21,1,0,0,0,0,0,0,0
NG,2023-11-14,10,21,0,0,0,0,1,0,0,0
NG,2023-11-15,11,21,0,0,0,0,1,0,0,0
NG,2023-11-16,12,21,0,0,0,0,1,0,0,1
NG,2023-11-17,13,21,0,0,0,0,1,0,0,0
NG,2023-11-20,14,21,0,0,0,0,0,0,0,0
NG,2023-11-21,15,21,0,0,0,0,0,0,0,0
NG,2023-11-22,16,21,0,0,0,0,0,0,0,1
NG,2023-11-24,17,21,0,0,0,0,0,0,1,0
NG,2023-11-27,18,21,0,0,0,0,0,0,1,0
NG,2023-11-28,19,21,0,0,0,0,0,1,1,0
NG,2023-11-29,20,21,0,0,0,0,0,0,0,0
NG,2023-11-30,21,21,0,0,0,0,0,0,0,1
NG,2023-12-01,1,20,0,0,0,0,0,0,0,0
NG,2023-12-04,2,20,0,0,0,0,0,0,0,0
NG,2023-12-05,3,20,0,0,0,0,0,0,0,0
NG,2023-12-06,4,20,0,0,0,0,0,0,0,0
NG,2023-12-07,5,20,1,0,0,0,0,0,0,1
NG,2023-12-08,6,20,1,0,0,0,0,0,0,0
NG,2023-12-11,7,20,1,0,0,0,0,0,0,0
NG,2023-12-12,8,20,1,0,0,0,0,0,0,0
NG,2023-12-13,9,20,1,0,0,0,1,0,0,0
NG,2023-12-14,10,20,0,0,0,0,1,0,0,1
NG,2023-12-15,11,20,0,0,0,0,1,0,0,0
NG,2023-12-18,12,20,0,0,0,0,1,0,0,0
NG,2023-12-19,13,20,0,0,0,0,0,0,0,0
NG,2023-12-20,14,20,0,0,0,0,0,0,0,0
NG,2023-12-21,15,20,0,0,0,0,0,0,0,1
NG,2023-12-22,16,20,0,0,0,0,0,0,1,0
NG,2023-12-26,17,20,0,0,0,0,0,0,1,0
NG,2023-12-27,18,20,0,0,0,0,0,1,1,0
NG,2023-12-28,19,20,0,0,0,0,0,0,0,1
NG,2023-12-29,20,20,0,0,0,0,0,0,0,0
NG,2024-01-02,1,21,0,0,0,0,0,0,0,0
NG,2024-01-03,2,21,0,0,0,0,0,0,0,0
NG,2024-01-04,3,21,0,0,0,0,0,0,0,1
NG,2024-01-05,4,21,0,0,0,0,0,0,0,0
NG,2024-01-08,5,21,1,0,0,0,0,0,0,0
NG,2024-01-09,6,21,1,0,0,0,0,0,0,0
NG,2024-01-10,7,21,1,0,0,0,0,0,0,0
NG,2024-01-11,8,21,1,0,0,0,0,0,0,1
NG,2024-01-12,9,21,1,0,0,0,0,0,0,0
NG,2024-01-16,10,21,0,0,0,0,1,0,0,0
NG,2024-01-17,11,21,0,0,0,0,1,0,0,0
NG,2024-01-18,12,21,0,0,0,0,1,0,0,1
NG,2024-01-19,13,21,0,0,0,0,1,0,0,0
NG,2024-01-22,14,21,0,0,0,0,0,0,0,0
NG,2024-01-23,15,21,0,0,0,0,0,0,0,0
NG,2024-01-24,16,21,0,0,0,0,0,0,0,0
NG,2024-01-25,17,21,0,0,0,0,0,0,1,1
NG,2024-01-26,18,21,0,0,0,0,0,0,1,0
NG,2024-01-29,19,21,0,0,0,0,0,1,1,0
NG,2024-01-30,20,21,0,0,0,0,0,0,0,0
NG,2024-01-31,21,21,0,0,0,0,0,0,0,0
NG,2024-02-01,1,20,0,0,0,0,0,0,0,1
NG,2024-02-02,2,20,0,0,0,0,0,0,0,0
NG,2024-02-05,3,20,0,0,0,0,0,0,0,0
NG,2024-02-06,4,20,0,0,0,0,0,0,0,0
NG,2024-02-07,5,20,1,0,0,0,0,0,0,0
NG,2024-02-08,6,20,1,0,0,0,0,0,0,1
NG,2024-02-09,7,20,1,0,0,0,0,0,0,0
NG,2024-02-12,8,20,1,0,0,0,0,0,0,0
NG,2024-02-13,9,20,1,0,0,0,1,0,0,0
NG,2024-02-14,10,20,0,0,0,0,1,0,0,0
NG,2024-02-15,11,20,0,0,0,0,1,0,0,1
NG,2024-02-16,12,20,0,0,0,0,1,0,0,0
NG,2024-02-20,13,20,0,0,0,0,0,0,0,0
NG,2024-02-21,14,20,0,0,0,0,0,0,0,0
NG,2024-02-22,15,20,0,0,0,0,0,0,0,1
NG,2024-02-23,16,20,0,0,0,0,0,0,1,0
NG,2024-02-26,17,20,0,0,0,0,0,0,1,0
NG,2024-02-27,18,20,0,0,0,0,0,1,1,0
NG,2024-02-28,19,20,0,0,0,0,0,0,0,0
NG,2024-02-29,20,20,0,0,0,0,0,0,0,1
NG,2024-03-01,1,20,0,0,0,0,0,0,0,0
NG,2024-03-04,2,20,0,0,0,0,0,0,0,0
NG,2024-03-05,3,20,0,0,0,0,0,0,0,0
NG,2024-03-06,4,20,0,0,0,0,0,0,0,0
NG,2024-03-07,5,20,1,0,0,0,0,0,0,1
NG,2024-03-08,6,20,1,0,0,0,0,0,0,0
NG,2024-03-11,7,20,1,0,0,0,0,0,0,0
NG,2024-03-12,8,20,1,0,0,0,1,0,0,0
NG,2024-03-13,9,20,1,0,0,0,1,0,0,0
NG,2024-03-14,10,20,0,0,0,0,1,0,0,1
NG,2024-03-15,11,20,0,0,0,0,1,0,0,0
NG,2024-03-18,12,20,0,0,0,0,0,0,0,0
NG,2024-03-19,13,20,0,0,0,0,0,0,0,0
NG,2024-03-20,14,20,0,0,0,0,0,0,0,0
NG,2024-03-21,15,20,0,0,0,0,0,0,0,1
NG,2024-03-22,16,20,0,0,0,0,0,0,1,0
NG,2024-03-25,17,20,0,0,0,0,0,0,1,0
NG,2024-03-26,18,20,0,0,0,0,0,1,1,0
NG,2024-03-27,19,20,0,0,0,0,0,0,0,0
NG,2024-03-28,20,20,0,0,0,0,0,0,0,1
NG,2024-04-01,1,22,0,0,0,0,0,0,0,0
NG,2024-04-02,2,22,0,0,0,0,0,0,0,0
NG,2024-04-03,3,22,0,0,0,0,0,0,0,0
NG,2024-04-04,4,22,0,0,0,0,0,0,0,1
NG,2024-04-05,5,22,1,0,0,0,0,0,0,0
NG,2024-04-08,6,22,1,0,0,0,0,0,0,0
NG,2024-04-09,7,22,1,0,0,0,0,0,0,0
NG,2024-04-10,8,22,1,0,0,0,0,0,0,0
NG,2024-04-11,9,22,1,0,0,0,0,0,0,1
NG,2024-04-12,10,22,0,0,0,0,1,0,0,0
NG,2024-04-15,11,22,0,0,0,0,1,0,0,0
NG,2024-04-16,12,22,0,0,0,0,1,0,0,0
NG,2024-04-17,13,22,0,0,0,0,1,0,0,0
NG,2024-04-18,14,22,0,0,0,0,0,0,0,1
NG,2024-04-19,15,22,0,0,0,0,0,0,0,0
NG,2024-04-22,16,22,0,0,0,0,0,0,0,0
NG,2024-04-23,17,22,0,0,0,0,0,0,0,0
NG,2024-04-24,18,22,0,0,0,0,0,0,1,0
NG,2024-04-25,19,22,0,0,0,0,0,0,1,1
NG,2024-04-26,20,22,0,0,0,0,0,1,1,0
NG,2024-04-29,21,22,0,0,0,0,0,0,0,0
NG,2024-04-30,22,22,0,0,0,0,0,0,0,0
NG,2024-05-01,1,22,0,0,0,0,0,0,0,0
NG,2024-05-02,2,22,0,0,0,0,0,0,0,1
NG,2024-05-03,3,22,0,0,0,0,0,0,0,0
NG,2024-05-06,4,22,0,0,0,0,0,0,0,0
NG,2024-05-07,5,22,1,0,0,0,0,0,0,0
NG,2024-05-08,6,22,1,0,0,0,0,0,0,0
NG,2024-05-09,7,22,1,0,0,0,0,0,0,1
NG,2024-05-10,8,22,1,0,0,0,0,0,0,0
NG,2024-05-13,9,22,1,0,0,0,0,0,0,0
NG,2024-05-14,10,22,0,0,0,0,0,0,0,0
NG,2024-05-15,11,22,0,0,0,0,1,0,0,0
NG,2024-05-16,12,22,0,0,0,0,1,0,0,1
NG,2024-05-17,13,22,0,0,0,0,1,0,0,0
NG,2024-05-20,14,22,0,0,0,0,1,0,0,0
NG,2024-05-21,15,22,0,0,0,0,0,0,0,0
NG,2024-05-22,16,22,0,0,0,0,0,0,0,0
NG,2024-05-23,17,22,0,0,0,0,0,0,0,1
NG,2024-05-24,18,22,0,0,0,0,0,0,1,0
NG,2024-05-28,19,22,0,0,0,0,0,0,1,0
NG,2024-05-29,20,22,0,0,0,0,0,1,1,0
NG,2024-05-30,21,22,0,0,0,0,0,0,0,1
NG,2024-05-31,22,22,0,0,0,0,0,0,0,0
NG,2024-06-03,1,19,0,0,0,0,0,0,0,0
NG,2024-06-04,2,19,0,0,0,0,0,0,0,0
NG,2024-06-05,3,19,0,0,0,0,0,0,0,0
NG,2024-06-06,4,19,0,0,0,0,0,0,0,1
NG,2024-06-07,5,19,1,0,0,0,0,0,0,0
NG,2024-06-10,6,19,1,0,0,0,0,0,0,0
NG,2024-06-11,7,19,1,0,0,0,0,0,0,0
NG,2024-06-12,8,19,1,0,0,0,1,0,0,0
NG,2024-06-13,9,19,1,0,0,0,1,0,0,1
NG,2024-06-14,10,19,0,0,0,0,1,0,0,0
NG,2024-06-17,11,19,0,0,0,0,1,0,0,0
NG,2024-06-18,12,19,0,0,0,0,0,0,0,0
NG,2024-06-20,13,19,0,0,0,0,0,0,0,0
NG,2024-06-21,14,19,0,0,0,0,0,0,0,1
NG,2024-06-24,15,19,0,0,0,0,0,0,1,0
NG,2024-06-25,16,19,0,0,0,0,0,0,1,0
NG,2024-06-26,17,19,0,0,0,0,0,1,1,0
NG,2024-06-27,18,19,0,0,0,0,0,0,0,1
NG,2024-06-28,19,19,0,0,0,0,0,0,0,0
NG,2024-07-01,1,22,0,0,0,0,0,0,0,0
NG,2024-07-02,2,22,0,0,0,0,0,0,0,0
NG,2024-07-03,3,22,0,0,0,0,0,0,0,1
NG,2024-07-05,4,22,0,0,0,0,0,0,0,0
NG,2024-07-08,5,22,1,0,0,0,0,0,0,0
NG,2024-07-09,6,22,1,0,0,0,0,0,0,0
NG,2024-07-10,7,22,1,0,0,0,0,0,0,0
NG,2024-07-11,8,22,1,0,0,0,0,0,0,1
NG,2024-07-12,9,22,1,0,0,0,0,0,0,0
NG,2024-07-15,10,22,0,0,0,0,1,0,0,0
NG,2024-07-16,11,22,0,0,0,0,1,0,0,0
NG,2024-07-17,12,22,0,0,0,0,1,0,0,0
NG,2024-07-18,13,22,0,0,0,0,1,0,0,1
NG,2024-07-19,14,22,0,0,0,0,0,0,0,0
NG,2024-07-22,15,22,0,0,0,0,0,0,0,0
NG,2024-07-23,16,22,0,0,0,0,0,0,0,0
NG,2024-07-24,17,22,0,0,0,0,0,0,0,0
NG,2024-07-25,18,22,0,0,0,0,0,0,1,1
NG,2024-07-26,19,22,0,0,0,0,0,0,1,0
NG,2024-07-29,20,22,0,0,0,0,0,1,1,0
NG,2024-07-30,21,22,0,0,0,0,0,0,0,0
NG,2024-07-31,22,22,0,0,0,0,0,0,0,0
NG,2024-08-01,1,22,0,0,0,0,0,0,0,1
NG,2024-08-02,2,22,0,0,0,0,0,0,0,0
NG,2024-08-05,3,22,0,0,0,0,0,0,0,0
NG,2024-08-06,4,22,0,0,0,0,0,0,0,0
NG,2024-08-07,5,22,1,0,0,0,0,0,0,0
NG,2024-08-08,6,22,1,0,0,0,0,0,0,1
NG,2024-08-09,7,22,1,0,0,0,0,0,0,0
NG,2024-08-12,8,22,1,0,0,0,0,0,0,0
NG,2024-08-13,9,22,1,0,0,0,0,0,0,0
NG,2024-08-14,10,22,0,0,0,0,1,0,0,0
NG,2024-08-15,11,22,0,0,0,0,1,0,0,1
NG,2024-08-16,12,22,0,0,0,0,1,0,0,0
NG,2024-08-19,13,22,0,0,0,0,1,0,0,0
NG,2024-08-20,14,22,0,0,0,0,0,0,0,0
NG,2024-08-21,15,22,0,0,0,0,0,0,0,0
NG,2024-08-22,16,22,0,0,0,0,0,0,0,1
NG,2024-08-23,17,22,0,0,0,0,0,0,0,0
NG,2024-08-26,18,22,0,0,0,0,0,0,1,0
NG,2024-08-27,19,22,0,0,0,0,0,0,1,0
NG,2024-08-28,20,22,0,0,0,0,0,1,1,0
NG,2024-08-29,21,22,0,0,0,0,0,0,0,1
NG,2024-08-30,22,22,0,0,0,0,0,0,0,0
NG,2024-09-03,1,20,0,0,0,0,0,0,0,0
NG,2024-09-04,2,20,0,0,0,0,0,0,0,0
NG,2024-09-05,3,20,0,0,0,0,0,0,0,1
NG,2024-09-06,4,20,0,0,0,0,0,0,0,0
NG,2024-09-09,5,20,1,0,0,0,0,0,0,0
NG,2024-09-10,6,20,1,0,0,0,0,0,0,0
NG,2024-09-11,7,20,1,0,0,0,0,0,0,0
NG,2024-09-12,8,20,1,0,0,0,1,0,0,1
NG,2024-09-13,9,20,1,0,0,0,1,0,0,0
NG,2024-09-16,10,20,0,0,0,0,1,0,0,0
NG,2024-09-17,11,20,0,0,0,0,1,0,0,0
NG,2024-09-18,12,20,0,0,0,0,0,0,0,0
NG,2024-09-19,13,20,0,0,0,0,0,0,0,1
NG,2024-09-20,14,20,0,0,0,0,0,0,0,0
NG,2024-09-23,15,20,0,0,0,0,0,0,0,0
NG,2024-09-24,16,20,0,0,0,0,0,0,1,0
NG,2024-09-25,17,20,0,0,0,0,0,0,1,0
NG,2024-09-26,18,20,0,0,0,0,0,1,1,1
NG,2024-09-27,19,20,0,0,0,0,0,0,0,0
NG,2024-09-30,20,20,0,0,0,0,0,0,0,0
NG,2024-10-01,1,23,0,0,0,0,0,0,0,0
NG,2024-10-02,2,23,0,0,0,0,0,0,0,0
NG,2024-10-03,3,23,0,0,0,0,0,0,0,1
NG,2024-10-04,4,23,0,0,0,0,0,0,0,0
NG,2024-10-07,5,23,1,0,0,0,0,0,0,0
NG,2024-10-08,6,23,1,0,0,0,0,0,0,0
NG,2024-10-09,7,23,1,0,0,0,0,0,0,0
NG,2024-10-10,8,23,1,0,0,0,0,0,0,1
NG,2024-10-11,9,23,1,0,0,0,0,0,0,0
NG,2024-10-14,10,23,0,0,0,0,0,0,0,0
NG,2024-10-15,11,23,0,0,0,0,1,0,0,0
NG,2024-10-16,12,23,0,0,0,0,1,0,0,0
NG,2024-10-17,13,23,0,0,0,0,1,0,0,1
NG,2024-10-18,14,23,0,0,0,0,1,0,0,0
NG,2024-10-21,15,23,0,0,0,0,0,0,0,0
NG,2024-10-22,16,23,0,0,0,0,0,0,0,0
NG,2024-10-23,17,23,0,0,0,0,0,0,0,0
NG,2024-10-24,18,23,0,0,0,0,0,0,0,1
NG,2024-10-25,19,23,0,0,0,0,0,0,1,0
NG,2024-10-28,20,23,0,0,0,0,0,0,1,0
NG,2024-10-29,21,23,0,0,0,0,0,1,1,0
NG,2024-10-30,22,23,0,0,0,0,0,0,0,0
NG,2024-10-31,23,23,0,0,0,0,0,0,0,1
NG,2024-11-01,1,20,0,0,0,0,0,0,0,0
NG,2024-11-04,2,20,0,0,0,0,0,0,0,0
NG,2024-11-05,3,20,0,0,0,0,0,0,0,0
NG,2024-11-06,4,20,0,0,0,0,0,0,0,0
NG,2024-11-07,5,20,1,0,0,0,0,0,0,1
NG,2024-11-08,6,20,1,0,0,0,0,0,0,0
NG,2024-11-11,7,20,1,0,0,0,0,0,0,0
NG,2024-11-12,8,20,1,0,0,0,1,0,0,0
NG,2024-11-13,9,20,1,0,0,0,1,0,0,0
NG,2024-11-14,10,20,0,0,0,0,1,0,0,1
NG,2024-11-15,11,20,0,0,0,0,1,0,0,0
NG,2024-11-18,12,20,0,0,0,0,0,0,0,0
NG,2024-11-19,13,20,0,0,0,0,0,0,0,0
NG,2024-11-20,14,20,0,0,0,0,0,0,0,0
NG,2024-11-21,15,20,0,0,0,0,0,0,0,1
NG,2024-11-22,16,20,0,0,0,0,0,0,1,0
NG,2024-11-25,17,20,0,0,0,0,0,0,1,0
NG,2024-11-26,18,20,0,0,0,0,0,1,1,0
NG,2024-11-27,19,20,0,0,0,0,0,0,0,1
NG,2024-11-29,20,20,0,0,0,0,0,0,0,0
NG,2024-12-02,1,21,0,0,0,0,0,0,0,0
NG,2024-12-03,2,21,0,0,0,0,0,0,0,0
NG,2024-12-04,3,21,0,0,0,0,0,0,0,0
NG,2024-12-05,4,21,0,0,0,0,0,0,0,1
NG,2024-12-06,5,21,1,0,0,0,0,0,0,0
NG,2024-12-09,6,21,1,0,0,0,0,0,0,0
NG,2024-12-10,7,21,1,0,0,0,0,0,0,0
NG,2024-12-11,8,21,1,0,0,0,0,0,0,0
NG,2024-12-12,9,21,1,0,0,0,0,0,0,1
NG,2024-12-13,10,21,0,0,0,0,1,0,0,0
NG,2024-12-16,11,21,0,0,0,0,1,0,0,0
NG,2024-12-17,12,21,0,0,0,0,1,0,0,0
NG,2024-12-18,13,21,0,0,0,0,1,0,0,0
NG,2024-12-19,14,21,0,0,0,0,0,0,0,1
NG,2024-12-20,15,21,0,0,0,0,0,0,0,0
NG,2024-12-23,16,21,0,0,0,0,0,0,0,0
NG,2024-12-24,17,21,0,0,0,0,0,0,1,0
NG,2024-12-26,18,21,0,0,0,0,0,0,1,0
NG,2024-12-27,19,21,0,0,0,0,0,1,1,1
NG,2024-12-30,20,21,0,0,0,0,0,0,0,0
NG,2024-12-31,21,21,0,0,0,0,0,0,0,0
NG,2025-01-02,1,21,0,0,0,0,0,0,0,0
NG,2025-01-03,2,21,0,0,0,0,0,0,0,1
NG,2025-01-06,3,21,0,0,0,0,0,0,0,0
NG,2025-01-07,4,21,0,0,0,0,0,0,0,0
NG,2025-01-08,5,21,1,0,0,0,0,0,0,1
NG,2025-01-09,6,21,1,0,0,0,0,0,0,0
NG,2025-01-10,7,21,1,0,0,0,0,0,0,0
NG,2025-01-13,8,21,1,0,0,0,0,0,0,0
NG,2025-01-14,9,21,1,0,0,0,0,0,0,0
NG,2025-01-15,10,21,0,0,0,0,1,0,0,0
NG,2025-01-16,11,21,0,0,0,0,1,0,0,1
NG,2025-01-17,12,21,0,0,0,0,1,0,0,0
NG,2025-01-21,13,21,0,0,0,0,1,0,0,0
NG,2025-01-22,14,21,0,0,0,0,0,0,0,0
NG,2025-01-23,15,21,0,0,0,0,0,0,0,1
NG,2025-01-24,16,21,0,0,0,0,0,0,0,0
NG,2025-01-27,17,21,0,0,0,0,0,0,1,0
NG,2025-01-28,18,21,0,0,0,0,0,0,1,0
NG,2025-01-29,19,21,0,0,0,0,0,1,1,0
NG,2025-01-30,20,21,0,0,0,0,0,0,0,1
NG,2025-01-31,21,21,0,0,0,0,0,0,0,0
NG,2025-02-03,1,19,0,0,0,0,0,0,0,0
NG,2025-02-04,2,19,0,0,0,0,0,0,0,0
NG,2025-02-05,3,19,0,0,0,0,0,0,0,0
NG,2025-02-06,4,19,0,0,0,0,0,0,0,1
NG,2025-02-07,5,19,1,0,0,0,0,0,0,0
NG,2025-02-10,6,19,1,0,0,0,0,0,0,0
NG,2025-02-11,7,19,1,0,0,0,0,0,0,0
NG,2025-02-12,8,19,1,0,0,0,1,0,0,0
NG,2025-02-13,9,19,1,0,0,0,1,0,0,1
NG,2025-02-14,10,19,0,0,0,0,1,0,0,0
NG,2025-02-18,11,19,0,0,0,0,1,0,0,0
NG,2025-02-19,12,19,0,0,0,0,0,0,0,0
NG,2025-02-20,13,19,0,0,0,0,0,0,0,1
NG,2025-02-21,14,19,0,0,0,0,0,0,0,0
NG,2025-02-24,15,19,0,0,0,0,0,0,1,0
NG,2025-02-25,16,19,0,0,0,0,0,0,1,0
NG,2025-02-26,17,19,0,0,0,0,0,1,1,0
NG,2025-02-27,18,19,0,0,0,0,0,0,0,1
NG,2025-02-28,19,19,0,0,0,0,0,0,0,0
