root,session,n_trades,side_share,thr,vol_09:45,lsigned_09:45,a7_09:45,vol_10:00,lsigned_10:00,a7_10:00,vol_10:30,lsigned_10:30,a7_10:30,vol_11:00,lsigned_11:00,a7_11:00
ES,2015-11-02,319273,1,,82606,,,151990,,,267253,,,340232,,
ES,2015-11-06,482104,1,,154816,,,268283,,,491566,,,640264,,
ES,2015-11-09,519931,1,,179488,,,285894,,,503057,,,628461,,
ES,2015-11-11,362855,1,,96227,,,163823,,,281479,,,378662,,
ES,2015-11-16,461535,1,,169377,,,280640,,,409401,,,492629,,
ES,2015-11-19,380390,1,,132160,,,197484,,,359382,,,469599,,
ES,2015-11-20,350885,1,,124308,,,221902,,,369512,,,454000,,
ES,2015-11-23,282363,1,,52395,,,99658,,,209901,,,264358,,
ES,2015-11-24,416045,1,,112208,,,175875,,,300568,,,405077,,
ES,2015-11-25,221537,1,,84937,,,138641,,,223628,,,273189,,
ES,2015-11-26,13582,1,,5474,,,8648,,,12349,,,16589,,
ES,2015-11-27,158782,1,,62241,,,105179,,,174777,,,214379,,
ES,2015-11-30,363086,1,,87696,,,150826,,,260400,,,337732,,
ES,2015-12-01,408183,1,,88767,,,180352,,,359107,,,480025,,
ES,2015-12-02,461345,1,,93043,,,141694,,,270283,,,360073,,
ES,2015-12-03,684710,1,,133765,,,237776,,,444367,,,606128,,
ES,2015-12-04,596692,1,,164778,,,303900,,,480191,,,650767,,
ES,2015-12-07,463154,1,,130554,,,212164,,,363858,,,515260,,
ES,2015-12-08,540432,1,,161080,,,258875,,,434262,,,621127,,
ES,2015-12-09,734299,1,,153638,,,244110,,,417961,,,573426,,
ES,2015-12-10,456690,1,6,123422,682,0.0055257572,205376,-3048,-0.014841072,336347,-2466,-0.007331714,478691,-3064,-0.0064007888
ES,2015-12-11,538178,1,6,120169,3031,0.025222811,195572,2643,0.013514204,350070,5417,0.015474048,457097,7811,0.017088277
ES,2015-12-14,643375,1,6,133153,2163,0.016244471,225250,3563,0.01581798,507626,5979,0.011778357,630283,4346,0.0068953153
ES,2015-12-15,473077,1,6,158862,4495,0.028294998,240875,6740,0.027981318,357505,5910,0.016531237,445468,3096,0.0069499942
ES,2015-12-16,618160,1,5,91798,-1182,-0.012876098,145941,-2691,-0.018438958,238856,-6575,-0.027527046,328640,-8625,-0.026244523
ES,2015-12-17,605971,1,5,123023,-5193,-0.042211619,197469,-3289,-0.016655779,430331,-6154,-0.01430062,575796,-5682,-0.0098680783
ES,2015-12-18,616692,1,5,156858,-1146,-0.007305971,245612,4368,0.017784147,431950,1249,0.0028915384,580142,2883,0.004969473
ES,2015-12-21,427499,1,5,110432,-1069,-0.0096801652,181772,-2435,-0.013395903,277006,-532,-0.001920536,361764,-3505,-0.0096886368
ES,2015-12-22,378713,1,5,99063,243,0.0024529845,143674,1236,0.0086028091,240630,2313,0.0096122678,304888,1127,0.0036964393
ES,2015-12-23,344377,1,5,81957,538,0.0065644179,120325,2138,0.017768544,191036,2861,0.014976235,275713,4589,0.016644119
ES,2015-12-24,112289,1,5,36931,766,0.020741383,55185,-269,-0.004874513,91599,-1023,-0.011168244,116851,-2196,-0.018793164
ES,2015-12-28,250427,1,5,46359,121,0.0026100649,75288,72,0.0009563277,155008,-1483,-0.0095672481,204081,-4154,-0.020354663
ES,2015-12-29,269723,1,5,72683,-368,-0.0050630822,113139,-890,-0.0078664298,185148,-2035,-0.010991207,237023,-4227,-0.017833712
ES,2015-12-30,242041,1,5,60746,-56,-0.0009218714,91131,-409,-0.0044880447,158414,-2132,-0.013458406,209553,-2083,-0.0099402061
ES,2015-12-31,324113,1,5,58854,232,0.0039419581,97522,-16,-0.00016406554,165612,3806,0.022981426,234812,6889,0.029338364
ES,2016-01-04,683384,1,5,157837,-5332,-0.033781686,264014,-3217,-0.01218496,477865,882,0.0018457096,617864,-756,-0.0012235702
ES,2016-01-05,539119,1,5,123032,-2342,-0.019035698,206663,-868,-0.0042000745,340025,-1939,-0.0057025219,455413,2818,0.00618779
ES,2016-01-06,651771,1,5,167667,4754,0.02835382,258806,7816,0.030200227,424453,15602,0.036757898,560163,13056,0.023307502
ES,2016-01-07,837968,1,5,201121,5424,0.02696884,322243,8830,0.027401681,485500,9235,0.019021627,675040,18461,0.027348009
ES,2016-01-08,780764,1,5,147306,-1896,-0.012871166,237727,414,0.0017414934,456369,-6084,-0.013331317,608792,-8424,-0.013837238
ES,2016-01-11,779071,1,5,142469,-1517,-0.01064793,237229,-2922,-0.012317212,391031,934,0.0023885574,551293,-2812,-0.0051007359
ES,2016-01-12,767788,1,5,146423,1653,0.01128921,257344,-672,-0.0026112907,466906,-7250,-0.015527751,638507,-7798,-0.012212865
ES,2016-01-13,941680,1,5,134133,2457,0.01831764,217609,1170,0.0053766159,396251,1934,0.0048807448,588895,112,0.00019018671
ES,2016-01-14,964209,1,5,177129,-2256,-0.01273648,339745,-17316,-0.050967637,665800,-5808,-0.0087233403,985824,-5835,-0.0059189064
ES,2016-01-15,1080537,1,5,265519,8857,0.033357312,420898,12232,0.029061673,701102,17292,0.024664029,900468,10714,0.011898257
ES,2016-01-18,49122,1,5,20468,-329,-0.016073871,30949,-432,-0.013958448,46643,-392,-0.0084042622,60782,-481,-0.007913527
ES,2016-01-19,791567,1,5,156784,-1485,-0.0094716298,293716,-1974,-0.0067207779,489686,-219,-0.00044722536,624664,-1373,-0.0021979816
ES,2016-01-20,1294144,1,5,213220,-3520,-0.01650877,362453,-7429,-0.020496451,631587,-9022,-0.014284651,940941,-19469,-0.020690989
ES,2016-01-21,866557,1,5,162743,1556,0.0095610871,280205,788,0.0028122268,501993,4130,0.0082272064,667816,4014,0.0060106377
ES,2016-01-22,647153,1,5,134329,-2501,-0.018618467,246316,-3034,-0.012317511,458308,-8675,-0.018928319,652118,-16882,-0.025887953
ES,2016-01-25,529559,1,5,110509,-545,-0.004931725,183902,499,0.0027134017,337452,-1758,-0.0052096298,430846,-3286,-0.0076268551
ES,2016-01-26,548821,1,5,139579,2362,0.016922316,223407,14,6.2665897e-05,404677,7462,0.018439397,510318,7668,0.015025925
ES,2016-01-27,755717,1,5,98693,4453,0.045119715,155849,4590,0.029451585,305978,3682,0.012033545,444096,6605,0.01487291
ES,2016-01-28,686732,1,5,175491,-6364,-0.036263968,250169,-7534,-0.030115642,486771,-13647,-0.02803577,691313,-11672,-0.016883814
ES,2016-01-29,613481,1,5,121083,4387,0.036231345,243418,13221,0.054313978,453325,11003,0.02427177,574183,9075,0.015805066
ES,2016-02-01,497649,1,5,115989,-342,-0.0029485555,197362,1808,0.0091608314,373979,-227,-0.00060698595,474694,4866,0.010250814
ES,2016-02-02,634291,1,5,140379,-5276,-0.037583969,258165,-3156,-0.01222474,445015,-1344,-0.0030201229,596939,-2307,-0.0038647165
ES,2016-02-03,935280,1,5,100775,-6937,-0.068836517,198394,-9606,-0.048418803,513733,-23613,-0.045963565,843591,-15357,-0.018204319
ES,2016-02-04,722870,1,5,158320,-3190,-0.020149065,279953,-1869,-0.0066761206,540038,-1796,-0.0033256919,705326,-5232,-0.0074178465
ES,2016-02-05,697749,1,5,114541,-2646,-0.023100898,220229,-3145,-0.01428059,421682,-3997,-0.0094787067,606095,-6267,-0.010339963
ES,2016-02-08,835339,1,5,173816,1419,0.0081638054,341885,-3509,-0.010263685,548340,-8706,-0.015877011,731109,-7026,-0.0096100581
ES,2016-02-09,895401,1,5,188452,3663,0.01943731,364253,7815,0.021454868,613213,6947,0.011328853,815494,-3588,-0.0043997871
ES,2016-02-10,739577,1,5,154614,-3000,-0.019403159,233995,-1243,-0.0053120793,390655,3610,0.0092408903,619988,7324,0.011813132
ES,2016-02-11,1053079,1,5,148494,-1141,-0.0076838121,304714,2844,0.0093333421,505343,3413,0.0067538286,670288,3627,0.0054111069
ES,2016-02-12,585591,1,5,134489,-5280,-0.039259716,205126,-8144,-0.039702427,370137,-9992,-0.02699541,481199,-7267,-0.01510186
ES,2016-02-15,32788,1,5,11623,-8,-0.00068829046,20362,620,0.030448875,33394,373,0.011169671,41680,950,0.022792706
ES,2016-02-16,507076,1,5,135177,-4245,-0.031403271,207037,-6947,-0.033554389,334517,-6707,-0.020049803,425083,-8816,-0.020739479
ES,2016-02-17,523509,1,5,164282,2194,0.013355085,255855,1041,0.0040687108,412300,7225,0.017523648,555594,6437,0.011585798
ES,2016-02-18,503530,1,5,122738,-2197,-0.017899917,196127,-4263,-0.021735916,332390,-4186,-0.01259364,419884,-7998,-0.019048118
ES,2016-02-19,461243,1,5,161780,-1076,-0.0066510075,254196,-145,-0.00057042597,423923,-1057,-0.0024933773,517934,-2013,-0.0038865956
ES,2016-02-22,397055,1,5,103403,731,0.0070694274,187244,-41,-0.00021896563,337617,1374,0.0040697003,409221,-2152,-0.0052587722
ES,2016-02-23,478565,1,5,102403,226,0.0022069666,164321,-1193,-0.0072601798,307051,-3293,-0.010724603,455598,-6797,-0.014918854
ES,2016-02-24,711552,1,5,111652,1603,0.01435711,253032,-3867,-0.015282652,423646,-1874,-0.0044235045,643113,-2086,-0.0032435979
ES,2016-02-25,529528,1,5,124197,59,0.00047505173,215003,180,0.00083719762,379051,968,0.0025537461,492320,-375,-0.00076169971
ES,2016-02-26,550111,1,5,152162,-11383,-0.074808428,218414,-9701,-0.044415651,376532,-14341,-0.038087068,510605,-10735,-0.021024079
ES,2016-02-29,531037,1,5,98241,-2124,-0.021620301,167405,-2551,-0.015238493,297617,-2743,-0.0092165434,376745,-1471,-0.0039044977
ES,2016-03-01,594129,1,5,124572,-1405,-0.011278618,211973,55,0.00025946701,429893,12083,0.028106994,571159,11925,0.020878599
ES,2016-03-02,551744,1,5,157520,4531,0.028764601,259653,3459,0.013321625,395370,5230,0.013228115,590533,7442,0.012602175
ES,2016-03-03,462455,1,5,94195,-3187,-0.033834068,146744,-1181,-0.0080480292,294066,2318,0.0078825842,415694,7345,0.017669247
ES,2016-03-04,607836,1,5,164639,395,0.0023991885,269019,-2392,-0.0088915653,460782,-1049,-0.0022765646,610579,2272,0.0037210582
ES,2016-03-07,499268,1,5,114677,2802,0.024433845,189676,1512,0.0079714882,340902,7428,0.021789253,478467,10862,0.02270167
ES,2016-03-08,553339,1,5,138341,2065,0.014926884,244192,2257,0.009242727,417341,-2711,-0.0064958871,562605,-5473,-0.0097279619
ES,2016-03-09,490752,1,5,101734,-1988,-0.019541156,180461,-1744,-0.009664138,322230,-2460,-0.0076342985,563578,-1230,-0.0021824841
ES,2016-03-10,743363,1,5,179376,-2323,-0.01295045,280190,2881,0.010282308,449012,4675,0.010411748,656689,777,0.0011832085
ES,2016-03-11,404762,1,5,102680,-892,-0.0086871835,179167,-953,-0.0053190599,264360,-2830,-0.010705099,386878,-2218,-0.0057330735
ES,2016-03-14,340160,1,5,77713,-796,-0.010242817,148853,-705,-0.0047362163,246374,1344,0.0054551211,339605,1715,0.0050499845
ES,2016-03-15,363844,1,5,101222,297,0.0029341448,162878,-1114,-0.0068394749,278462,-459,-0.0016483398,377094,-4213,-0.011172281
ES,2016-03-16,563365,1,5,116039,2180,0.018786787,190620,1352,0.0070926451,261150,1285,0.0049205437,335781,1296,0.0038596585
ES,2016-03-17,480546,1,5,121935,-5996,-0.04917374,171881,-5120,-0.029788051,300681,23,7.6493027e-05,413593,7174,0.017345555
ES,2016-03-18,471616,1,5,159548,2416,0.015142778,243689,4593,0.018847794,392671,6829,0.017391149,513745,7779,0.015141753
ES,2016-03-21,384817,1,5,91375,7333,0.08025171,152240,7872,0.05170783,277368,2462,0.0088762943,402782,3732,0.009265558
ES,2016-03-22,407163,1,5,89682,-269,-0.0029994871,185128,1821,0.0098364375,309507,2827,0.0091338807,408096,2643,0.0064764173
ES,2016-03-23,454140,1,5,138870,-7906,-0.056930943,202154,-7856,-0.038861462,334607,-13137,-0.039260984,490758,-12905,-0.026296056
ES,2016-03-24,408676,1,5,110789,2286,0.020633817,203807,6410,0.031451324,323469,3736,0.011549793,445557,7620,0.017102189
ES,2016-03-28,282097,1,5,68410,-1540,-0.022511329,109400,-1045,-0.0095521024,189289,-1162,-0.0061387614,265021,-3693,-0.013934745
ES,2016-03-29,429821,1,5,102677,-776,-0.0075576809,165587,1621,0.0097894158,280099,1991,0.007108201,350921,6589,0.018776306
ES,2016-03-30,438850,1,5,112064,2971,0.026511636,224299,1810,0.0080695857,338895,-110,-0.00032458431,458956,306,0.00066673058
ES,2016-03-31,406331,1,5,83650,4074,0.048702929,179097,4552,0.025416394,313202,2367,0.007557423,407745,3532,0.0086622767
ES,2016-04-01,481672,1,5,127819,2345,0.018346255,222435,6340,0.028502709,432990,7273,0.016797155,594406,13016,0.021897491
ES,2016-04-04,352079,1,5,120270,-3913,-0.032535129,188939,-446,-0.0023605502,321610,337,0.001047853,421825,-4237,-0.01004445
ES,2016-04-05,476106,1,5,131719,925,0.0070225252,224832,124,0.00055152291,431365,4481,0.010387955,552693,-250,-0.00045233068
ES,2016-04-06,513711,1,5,127495,3820,0.029961959,206726,1625,0.0078606465,342039,3311,0.0096801827,546025,9194,0.016838057
ES,2016-04-07,557176,1,5,101760,2450,0.024076258,196998,2090,0.010609245,393016,-4747,-0.012078389,528659,-2691,-0.0050902378
ES,2016-04-08,486236,1,5,124986,-4970,-0.039764454,215943,-4815,-0.022297551,363203,-13034,-0.035886267,457301,-15745,-0.034430277
ES,2016-04-11,457308,1,5,124501,-693,-0.0055662204,200915,2465,0.01226887,345466,2131,0.0061684797,465502,-4376,-0.0094006041
ES,2016-04-12,490098,1,5,133914,1903,0.014210613,209846,-636,-0.003030794,369698,-2635,-0.0071274392,641299,1726,0.0026914123
ES,2016-04-13,442647,1,5,126609,1295,0.010228341,192582,657,0.0034115338,278528,-358,-0.0012853286,428748,-2218,-0.005173202
ES,2016-04-14,338221,1,5,93641,-23,-0.00024561891,167957,-2246,-0.01337247,293043,860,0.0029347229,385940,-472,-0.001222988
ES,2016-04-15,290583,1,6,97966,-5393,-0.055049711,145945,-6562,-0.044962143,254418,-11584,-0.04553137,333742,-8876,-0.026595394
ES,2016-04-18,339653,1,6,101322,2923,0.028848621,175379,3105,0.017704514,322638,12177,0.037741989,422072,14291,0.033859152
ES,2016-04-19,403800,1,6,120354,237,0.0019691909,208253,277,0.0013301129,340668,743,0.0021810091,453585,485,0.0010692593
ES,2016-04-20,351309,1,6,101083,-1548,-0.015314148,156818,-30,-0.00019130457,257757,-524,-0.0020329225,388506,2062,0.0053075113
ES,2016-04-21,407020,1,6,104958,-1311,-0.012490711,193483,-2028,-0.010481541,342686,86,0.0002509586,464394,3616,0.0077864916
ES,2016-04-22,396478,1,6,109905,1097,0.0099813475,192962,-2986,-0.015474549,320998,-7115,-0.022165247,454552,-13009,-0.028619388
ES,2016-04-25,318776,1,6,75812,3241,0.042750488,133041,3084,0.023180824,250531,381,0.0015207699,347092,-3292,-0.0094845171
ES,2016-04-26,304699,1,6,64932,-1660,-0.025565207,129781,-502,-0.0038680546,251147,-5129,-0.020422302,361778,-5601,-0.01548187
ES,2016-04-27,406902,1,6,101523,3884,0.038257341,152749,3962,0.025937977,250556,4321,0.017245646,374899,2777,0.0074073284
ES,2016-04-28,451414,1,6,105967,1086,0.010248474,169395,3220,0.019008826,292038,2291,0.0078448695,406632,822,0.0020214838
ES,2016-04-29,603660,1,6,101192,-314,-0.0031030121,224935,-8966,-0.039860404,446428,-11285,-0.025278432,608740,-10752,-0.017662713
ES,2016-05-02,353339,1,6,101287,-4397,-0.043411297,184905,-4104,-0.022195181,339826,-5492,-0.016161212,425542,-8577,-0.020155472
ES,2016-05-03,493449,1,6,96071,1695,0.017643201,215820,-317,-0.0014688166,392797,3603,0.009172677,516958,1164,0.0022516336
ES,2016-05-04,431191,1,6,105069,1015,0.0096603185,186449,6876,0.036878718,355456,10281,0.028923411,491826,7570,0.015391622
ES,2016-05-05,398498,1,6,116757,-3994,-0.034207799,189794,-2658,-0.014004658,346799,-5611,-0.016179401,442359,-7572,-0.017117319
ES,2016-05-06,453429,1,6,172537,3909,0.02265601,258725,162,0.00062614745,404857,-4673,-0.011542347,549825,-10763,-0.019575319
ES,2016-05-09,372889,1,6,108808,2536,0.02330711,178162,695,0.0039009441,308181,1689,0.0054805455,403220,2173,0.0053891176
ES,2016-05-10,325565,1,6,113286,-261,-0.0023039034,186114,-1184,-0.0063616923,307927,-458,-0.0014873655,423235,1757,0.004151358
ES,2016-05-11,357616,1,6,77287,-582,-0.0075303738,138032,-3099,-0.022451316,241282,1034,0.0042854419,402633,1517,0.0037676991
ES,2016-05-12,448931,1,6,110056,253,0.0022988297,197484,-7240,-0.036661198,327006,-6122,-0.018721369,469895,-14217,-0.030255695
ES,2016-05-13,472732,1,6,124872,2995,0.02398456,207944,-3483,-0.016749702,368718,-147,-0.00039867866,500349,205,0.00040971402
ES,2016-05-16,346510,1,6,104263,2155,0.020668885,184723,288,0.0015590912,312423,4448,0.014237108,407138,3887,0.0095471314
ES,2016-05-17,515447,1,6,145112,3404,0.023457743,253220,8847,0.034937999,421938,13060,0.030952415,538606,14362,0.026665132
ES,2016-05-18,599103,1,6,131361,1332,0.010139996,209335,-329,-0.0015716435,374019,5230,0.013983247,499993,-716,-0.00143202
ES,2016-05-19,591421,1,6,128587,336,0.0026130169,288571,-8730,-0.03025252,501137,-648,-0.0012930596,681764,5579,0.0081831836
ES,2016-05-20,397561,1,6,155644,851,0.0054676056,292517,8013,0.02739328,467673,8725,0.018656198,543087,7356,0.013544791
ES,2016-05-23,311139,1,6,88951,2501,0.028116604,169821,1124,0.0066187338,295275,1915,0.0064854796,372041,-726,-0.0019513978
ES,2016-05-24,378283,1,6,119369,749,0.0062746609,235221,3636,0.015457804,418132,7415,0.017733634,550805,5361,0.0097330271
ES,2016-05-25,351612,1,6,95909,1934,0.020164948,196727,5472,0.027815196,347995,7216,0.02073593,472815,1630,0.0034474372
ES,2016-05-26,247720,1,6,93394,725,0.0077628113,161486,-2704,-0.016744486,254131,-3404,-0.013394667,348897,-2792,-0.0080023617
ES,2016-05-27,259237,1,6,59364,2573,0.043342767,113264,3280,0.028958892,215956,5728,0.026523922,277927,5536,0.0199189
ES,2016-05-30,10930,1,6,3216,-257,-0.079912935,5314,-177,-0.033308242,8064,-149,-0.018477183,11012,-3,-0.00027243008
ES,2016-05-31,364905,1,6,69939,-1032,-0.014755716,115793,-641,-0.0055357405,208540,1684,0.0080751894,333089,-345,-0.0010357592
ES,2016-06-01,333740,1,6,58479,167,0.002855726,100523,-3928,-0.039075634,229658,-1138,-0.0049551942,355046,-556,-0.0015659943
ES,2016-06-02,348172,1,6,93813,1448,0.015434961,174814,2989,0.017098173,285889,3284,0.011486976,368298,2830,0.007683995
ES,2016-06-03,445312,1,6,107753,-1944,-0.018041261,192060,-2752,-0.014328856,381603,-3744,-0.0098112436,524798,3962,0.0075495715
ES,2016-06-06,306336,1,6,73715,358,0.0048565421,163326,8151,0.049906322,247699,5056,0.020411871,309456,4794,0.015491702
ES,2016-06-07,257603,1,6,71223,1842,0.025862432,140941,837,0.0059386552,230458,2565,0.011130011,318748,4706,0.014764014
ES,2016-06-08,294208,1,6,94963,7639,0.080441856,157956,8118,0.051394059,286832,5539,0.019310956,377943,2934,0.0077630754
ES,2016-06-09,278492,1,6,107983,2550,0.023614828,165511,4353,0.026300367,258199,2619,0.010143339,334789,4731,0.014131289
ES,2016-06-10,340641,1,6,96981,632,0.0065167404,163684,3149,0.019238288,276701,7162,0.025883535,369776,9562,0.025858898
ES,2016-06-13,452064,1,6,128795,587,0.0045576303,226173,-1284,-0.0056770702,352371,-378,-0.001072733,470093,-1013,-0.0021548928
ES,2016-06-14,531832,1,6,147965,4917,0.033230832,239774,3604,0.015030821,437537,-2052,-0.0046898891,615025,-5808,-0.0094435186
ES,2016-06-15,416001,1,6,99362,-727,-0.0073166804,153813,1276,0.0082957877,258648,2807,0.010852587,355136,7116,0.020037394
ES,2016-06-16,581726,1,6,128459,-6333,-0.049299777,210646,-6910,-0.032803851,373369,-3037,-0.0081340443,530506,1768,0.0033326673
ES,2016-06-17,453590,1,6,177070,5843,0.032998249,284244,11278,0.039677179,448192,10301,0.022983454,578231,11100,0.01919648
ES,2016-06-20,392317,1,6,139382,-1748,-0.012541074,216259,-2732,-0.012633,355554,-1370,-0.0038531419,428558,-746,-0.0017407212
ES,2016-06-21,357157,1,6,91183,1520,0.016669774,163080,-512,-0.0031395634,291030,-3246,-0.011153489,384083,-7858,-0.02045912
ES,2016-06-22,391200,1,6,85141,1220,0.014329172,115042,2206,0.019175605,205900,3991,0.019383196,347181,6886,0.019834035
ES,2016-06-23,322819,1,6,78137,-234,-0.00299474,142036,-2351,-0.016552142,258028,-7506,-0.029089866,350405,-8294,-0.023669754
ES,2016-06-24,837454,1,6,225390,6281,0.027867252,382738,9038,0.023614065,666253,19752,0.029646396,806341,24047,0.02982237
ES,2016-06-27,796337,1,6,153768,-1102,-0.0071666407,327401,-8147,-0.024883858,565099,-16886,-0.02988149,820343,-19559,-0.023842466
ES,2016-06-28,554900,1,6,173261,1961,0.011318185,320804,2560,0.0079799504,510008,-4079,-0.0079979138,652980,-10454,-0.016009679
ES,2016-06-29,508280,1,6,150350,-865,-0.0057532424,226912,-374,-0.001648216,403296,-322,-0.00079842101,548677,-5987,-0.010911702
ES,2016-06-30,587425,1,6,115260,-1417,-0.012293944,198999,-5332,-0.026794104,340393,-14177,-0.041648918,492004,-11649,-0.023676637
ES,2016-07-01,397656,1,6,136823,668,0.0048822201,210405,55,0.00026140063,373673,4556,0.012192478,489393,6247,0.012764792
ES,2016-07-04,20062,1,6,4720,-119,-0.025211864,8319,-202,-0.024281765,14193,-269,-0.018953005,20010,-361,-0.01804098
ES,2016-07-05,469699,1,6,106580,-1911,-0.017930193,201255,-1510,-0.0075029192,367282,298,0.00081136565,501777,-600,-0.0011957503
ES,2016-07-06,550542,1,6,124415,-683,-0.0054896918,204258,3020,0.014785223,425160,7098,0.016694891,614384,7911,0.012876312
ES,2016-07-07,463521,1,6,115531,3882,0.033601371,191115,5564,0.029113361,311624,4930,0.015820348,415092,1451,0.0034956106
ES,2016-07-08,435371,1,6,155299,944,0.0060785968,275548,9310,0.033787217,468399,4250,0.0090734609,593452,10551,0.017779028
ES,2016-07-11,361425,1,6,154324,3172,0.020554159,232808,4797,0.020604962,390309,-510,-0.001306657,488386,3314,0.0067856163
ES,2016-07-12,371976,1,6,157490,4285,0.027208077,255844,-1169,-0.0045691906,440389,-3196,-0.0072572203,531970,-3542,-0.0066582702
ES,2016-07-13,376790,1,6,129127,-9159,-0.07093017,206425,-8109,-0.039283033,318355,-2639,-0.0082894882,448294,-481,-0.0010729566
ES,2016-07-14,390432,1,6,140801,-3847,-0.027322249,237366,-3364,-0.014172207,419664,-225,-0.0005361432,529730,-895,-0.00168954
ES,2016-07-15,306330,1,6,127668,-7216,-0.056521603,192549,-6091,-0.031633506,326321,-7998,-0.024509609,380434,-8056,-0.021175815
ES,2016-07-18,264015,1,6,120313,-3163,-0.026289761,166723,-4001,-0.023997889,265424,-1403,-0.0052858822,361679,884,0.0024441563
ES,2016-07-19,254117,1,6,112349,293,0.0026079449,184846,1521,0.0082284713,288746,2790,0.0096624715,350762,-555,-0.0015822695
ES,2016-07-20,247445,1,6,89401,-1973,-0.022069104,152388,-844,-0.0055384938,263381,2575,0.0097767113,364076,2388,0.0065590701
ES,2016-07-21,289683,1,6,90408,1736,0.019201841,151121,-1131,-0.0074840691,256779,-28,-0.00010904318,329229,4688,0.014239329
ES,2016-07-22,241417,1,6,79526,-3424,-0.043055101,147483,-1462,-0.0099130069,255235,-3155,-0.012361157,334371,-1845,-0.005517823
ES,2016-07-25,274533,1,6,99354,2186,0.022002134,192402,-2677,-0.013913577,340224,-7020,-0.020633465,435944,-4206,-0.0096480282
ES,2016-07-26,353353,1,6,78517,11649,0.14836277,167439,11069,0.066107657,295504,8911,0.03015526,451360,2681,0.0059398263
ES,2016-07-27,388061,1,6,89978,576,0.0064015648,139084,3186,0.02290702,227307,-2996,-0.013180412,387256,-5015,-0.01295009
ES,2016-07-28,339501,1,7,121673,-660,-0.0054243752,209505,222,0.0010596406,346429,-3310,-0.0095546274,466414,-3551,-0.0076134078
ES,2016-07-29,331532,1,7,75487,-113,-0.0014969465,161653,-495,-0.0030621145,307417,86,0.00027975031,427392,6312,0.014768643
ES,2016-08-01,356566,1,7,123553,3396,0.02748618,186184,6345,0.03407919,318190,3453,0.010852007,414922,6301,0.015185987
ES,2016-08-02,409032,1,7,151818,-6013,-0.039606634,245273,-7758,-0.031630061,446411,-10909,-0.024437122,630860,-21335,-0.033818914
ES,2016-08-03,296978,1,7,108229,327,0.0030213714,176394,-1121,-0.0063550914,297877,586,0.0019672549,455528,2488,0.0054617938
ES,2016-08-04,280989,1,8,93822,3860,0.041141736,160870,-1537,-0.0095542985,281962,2545,0.009026039,387590,3025,0.0078046389
ES,2016-08-05,277793,1,8,144691,6972,0.048185443,233125,10629,0.045593566,370461,12120,0.032715994,457434,12350,0.02699843
ES,2016-08-08,194621,1,8,89950,560,0.0062256809,158174,-510,-0.0032242973,266059,-3401,-0.012782879,317708,-1150,-0.0036196759
ES,2016-08-09,254810,1,8,90878,1119,0.012313211,142776,2484,0.017397882,265731,6084,0.022895334,359680,6015,0.016723198
ES,2016-08-10,294871,1,8,93048,1387,0.014906285,158652,-548,-0.0034541008,268453,2767,0.010307205,364035,3321,0.0091227492
ES,2016-08-11,261299,1,9,109787,1526,0.013899642,180521,-2374,-0.013150825,277746,-995,-0.0035824098,418845,4647,0.011094796
ES,2016-08-12,239821,1,9,146564,6616,0.045140689,208686,6550,0.031386868,326842,7237,0.022142197,398686,10325,0.025897574
ES,2016-08-15,211719,1,9,108396,2583,0.023829293,187449,-102,-0.00054414801,280612,1669,0.0059477143,383061,4008,0.010463086
ES,2016-08-16,258724,1,9,129961,-7804,-0.060048784,196636,-4340,-0.022071238,320138,-1359,-0.0042450443,419680,-5873,-0.013993995
ES,2016-08-17,343612,1,9,124432,-6814,-0.054760833,216860,-8314,-0.038338098,333484,-7204,-0.021602236,459588,-2531,-0.0055071064
ES,2016-08-18,249880,1,9,115312,-1528,-0.013251006,180733,-583,-0.0032257529,289148,1160,0.0040117864,385111,7726,0.020061748
ES,2016-08-19,281831,1,9,129810,-7971,-0.061405131,233068,-8714,-0.03738823,381042,-2831,-0.0074296272,489804,-3544,-0.0072355473
ES,2016-08-22,303343,1,9,134138,-1428,-0.010645753,212680,793,0.0037286064,333018,4234,0.012714027,396271,1638,0.0041335349
ES,2016-08-23,236210,1,10,127468,5962,0.046772523,203007,10598,0.052205096,316046,6280,0.019870525,382143,5032,0.013167846
ES,2016-08-24,308863,1,10,100148,490,0.0048927587,148571,-914,-0.0061519408,252520,-2831,-0.011210993,368325,-4697,-0.012752325
ES,2016-08-25,303862,1,10,124571,137,0.0010997744,188148,-1399,-0.0074356358,312496,-633,-0.0020256259,409646,-893,-0.002179931
ES,2016-08-26,518890,1,10,142966,1461,0.010219213,204291,-963,-0.004713864,528758,-177,-0.00033474671,655211,-3158,-0.0048198214
ES,2016-08-29,253355,1,10,129990,3609,0.027763674,201867,2873,0.014232143,310267,835,0.0026912305,409182,175,0.00042768255
ES,2016-08-30,298607,1,10,108299,859,0.0079317445,156410,801,0.0051211559,336720,-9541,-0.028335115,455518,-11439,-0.02511207
ES,2016-08-31,352146,1,10,91925,-1968,-0.021408757,154210,-1189,-0.0077102652,269850,-1533,-0.0056809339,404802,-7205,-0.017798825
ES,2016-09-01,406842,1,10,87235,2489,0.028532126,180717,-1357,-0.0075089781,429220,-8907,-0.020751596,620545,-10307,-0.016609593
ES,2016-09-02,344966,1,10,164125,5480,0.033389185,256017,6412,0.025045212,414102,-571,-0.0013788873,518486,-1269,-0.0024475106
ES,2016-09-05,13653,1,10,3932,-68,-0.017293998,7538,-450,-0.059697533,15065,-1758,-0.11669432,20272,-2161,-0.10660024
ES,2016-09-06,301435,1,10,106480,65,0.00061044328,160476,-354,-0.0022059373,423527,-3958,-0.009345331,537161,-4315,-0.0080329734
ES,2016-09-07,283570,1,10,79637,1849,0.023217851,122467,1610,0.013146399,264375,9814,0.037121513,396622,3128,0.0078866024
ES,2016-09-08,299398,1,10,136823,1478,0.010802277,211753,-1524,-0.0071970645,340093,-3873,-0.011388062,445175,-2904,-0.0065232774
ES,2016-09-09,512285,1,10,147738,2889,0.019554888,259355,3654,0.014088797,425071,7706,0.018128736,570148,8071,0.014155974
ES,2016-09-12,601142,1,10,251954,16628,0.065996174,400353,18498,0.046204225,636540,23124,0.036327646,779240,16924,0.021718598
ES,2016-09-13,710693,1,10,177058,-963,-0.0054388957,312858,-3854,-0.012318688,590678,-5511,-0.0093299564,799107,-4697,-0.0058778111
ES,2016-09-14,504959,1,10,149139,2298,0.015408444,255959,1284,0.0050164284,425189,6707,0.015774162,638888,6907,0.010810972
ES,2016-09-15,441110,1,9,195426,-1774,-0.0090776048,312344,-4788,-0.015329252,507977,2871,0.0056518307,655888,13962,0.021287171
ES,2016-09-16,408034,1,9,190858,869,0.0045531233,277765,348,0.0012528576,466556,4705,0.010084534,606035,8330,0.013745081
ES,2016-09-19,345913,1,9,97760,-539,-0.0055135025,164288,4830,0.029399591,282129,1671,0.0059228225,358659,-686,-0.0019126803
ES,2016-09-20,308304,1,9,118109,-1345,-0.011387786,190394,-4985,-0.026182548,299165,-9330,-0.031186803,408318,-11905,-0.029156197
ES,2016-09-21,458488,1,9,125761,5112,0.040648532,175851,7194,0.040909634,265848,9977,0.037528964,370314,10084,0.027230945
ES,2016-09-22,309769,1,9,150753,4968,0.032954568,228453,7677,0.033604286,357553,1558,0.004357396,441879,-1648,-0.0037295278
ES,2016-09-23,315254,1,9,90263,-1307,-0.014479909,175007,-5910,-0.033770078,281327,-6108,-0.021711389,351636,-6121,-0.017407205
ES,2016-09-26,337919,1,9,122000,960,0.0078688525,195931,-64,-0.0003266456,336283,-12,-3.568423e-05,428421,-2186,-0.0051024576
ES,2016-09-27,339881,1,9,157310,-759,-0.0048248681,238702,2958,0.01239202,391895,4057,0.010352263,500329,-525,-0.0010493096
ES,2016-09-28,381378,1,9,94273,-406,-0.0043066414,144891,445,0.0030712743,243182,-3265,-0.013426158,387926,-5564,-0.014342942
ES,2016-09-29,568076,1,8,102453,439,0.0042848916,144773,276,0.0019064328,329016,-4942,-0.015020546,432283,-6663,-0.015413514
ES,2016-09-30,394451,1,8,148669,363,0.0024416657,234666,-1565,-0.006669053,394026,-1568,-0.0039794328,498673,-2603,-0.0052198535
ES,2016-10-03,319694,1,8,90226,-3333,-0.036940571,166935,-684,-0.0040974032,348950,2382,0.0068261929,448429,6955,0.015509702
ES,2016-10-04,530013,1,8,107828,-1614,-0.014968283,160422,-2658,-0.0165688,351524,-6408,-0.018229196,494525,-3867,-0.0078196249
ES,2016-10-05,290911,1,8,108027,2714,0.025123349,155918,1368,0.0087738427,316422,2293,0.0072466516,438133,-725,-0.0016547487
ES,2016-10-06,288941,1,8,126695,-1266,-0.0099925017,189529,-1878,-0.0099087739,273063,-3011,-0.011026759,336299,-4572,-0.013595045
ES,2016-10-07,415678,1,8,177976,-866,-0.0048658246,318647,4284,0.013444344,426048,3607,0.0084661822,528538,1516,0.0028682895
ES,2016-10-10,210447,1,8,129871,4978,0.038330343,204677,4952,0.024194218,284704,-1337,-0.0046961054,328052,-257,-0.00078341239
ES,2016-10-11,507824,1,8,125663,319,0.0025385356,256476,2510,0.0097864907,450690,-706,-0.0015664869,581711,-5958,-0.010242199
ES,2016-10-12,337374,1,8,135552,-4245,-0.031316395,228656,-1980,-0.0086592961,386097,455,0.0011784603,473973,-3051,-0.0064370755
ES,2016-10-13,481336,1,8,161139,-3841,-0.023836563,312999,-13383,-0.042757325,494550,-11471,-0.023194824,689123,-9251,-0.013424309
ES,2016-10-14,440012,1,8,126074,420,0.0033313768,192187,4023,0.020932737,327923,2763,0.0084257585,424184,-72,-0.00016973766
ES,2016-10-17,307670,1,8,121091,-4005,-0.033074299,215234,-5852,-0.027189013,346082,52,0.00015025341,415624,279,0.00067127981
ES,2016-10-18,257683,1,8,106359,-4811,-0.045233596,170368,-8461,-0.049663082,269840,-10916,-0.040453602,331569,-9413,-0.028389264
ES,2016-10-19,231585,1,8,74530,-2159,-0.028968201,130531,-1242,-0.0095149811,212378,-751,-0.0035361478,322273,3517,0.010913108
ES,2016-10-20,369884,1,8,137899,-3039,-0.022037868,215389,-118,-0.00054784599,366214,1146,0.0031293178,567411,-2083,-0.0036710603
ES,2016-10-21,315675,1,8,171572,-2719,-0.015847574,255034,129,0.00050581491,374611,4633,0.012367496,477200,8366,0.017531433
ES,2016-10-24,243037,1,8,89254,-2318,-0.025970825,152127,-3480,-0.022875624,232453,-8410,-0.036179357,316282,-10674,-0.033748364
ES,2016-10-25,288507,1,8,105160,-1223,-0.011629897,139166,-2418,-0.017374934,266307,-6228,-0.023386543,405773,-4051,-0.0099834144
ES,2016-10-26,365427,1,8,120353,1847,0.015346522,230512,2086,0.0090494204,355476,7004,0.019703159,558624,15060,0.0269591
ES,2016-10-27,388177,1,8,149076,-4306,-0.028884596,215762,-702,-0.003253585,432955,-4812,-0.011114319,580252,-758,-0.001306329
ES,2016-10-28,602057,1,8,174534,2259,0.012943037,235833,-1752,-0.0074289858,397350,-3868,-0.009734491,536976,-2835,-0.0052795656
ES,2016-10-31,320772,1,8,78734,-2502,-0.031777885,148223,-4786,-0.032289186,218840,-2341,-0.010697313,326893,-4259,-0.013028728
ES,2016-11-01,582699,1,8,88228,-6960,-0.078886521,158406,-7110,-0.044884663,345302,-11740,-0.033999224,481251,-15263,-0.031715259
ES,2016-11-02,499962,1,8,129387,-697,-0.00538694,205115,161,0.00078492553,340197,1712,0.0050323783,511710,-2934,-0.0057337164
ES,2016-11-03,416821,1,8,98534,-462,-0.0046887369,148053,-643,-0.0043430393,298832,-3419,-0.011441211,397519,-4729,-0.011896287
ES,2016-11-04,477116,1,8,221851,1211,0.0054586186,358597,-1969,-0.0054908435,531467,1090,0.002050927,710434,4101,0.0057725278
ES,2016-11-07,362340,1,7,121904,7540,0.061851949,187242,5709,0.030489954,281439,6424,0.02282555,417149,10316,0.024729773
ES,2016-11-08,419217,1,7,118886,-2715,-0.022837004,202149,-3087,-0.015270914,300051,2764,0.0092117673,381392,6596,0.017294542
ES,2016-11-09,870153,1,7,341402,3150,0.0092266595,593407,8815,0.014854897,843400,-1568,-0.0018591416,1034862,-760,-0.00073439744
ES,2016-11-10,833889,1,7,171116,4989,0.02915566,318014,2384,0.0074965253,673414,-10578,-0.015708019,1121061,-13185,-0.01176118
ES,2016-11-11,524825,1,7,151057,504,0.0033364889,249376,724,0.0029032465,440341,-154,-0.00034972896,585576,-4330,-0.0073944287
ES,2016-11-14,500272,1,7,127638,1294,0.010138047,216891,2244,0.010346211,384967,1729,0.0044912941,553698,-1426,-0.0025754111
ES,2016-11-15,359932,1,7,115962,528,0.0045532157,171215,-2079,-0.012142628,289068,-849,-0.0029370252,365993,-2822,-0.00771053
ES,2016-11-16,319572,1,7,116827,8880,0.076009826,188942,5070,0.026833631,297694,7634,0.025643782,406543,11417,0.02808313
ES,2016-11-17,347705,1,7,129030,3079,0.023862668,207802,6735,0.03241066,316462,4893,0.015461572,422564,1818,0.0043023069
ES,2016-11-18,284301,1,7,124248,-4050,-0.032596098,181516,-3925,-0.021623438,273694,-4638,-0.016945932,390900,-13104,-0.03352264
ES,2016-11-21,278739,1,7,106714,3145,0.029471297,172279,5019,0.029132976,291667,940,0.0032228535,382542,5498,0.014372278
ES,2016-11-22,280886,1,7,103392,-3753,-0.036298747,149974,-2744,-0.018296505,232888,-3755,-0.01612363,325710,-8122,-0.024936293
ES,2016-11-23,250789,1,7,131877,-424,-0.0032151171,195988,-1374,-0.0070106333,295937,609,0.0020578704,389153,-72,-0.0001850172
ES,2016-11-24,11891,1,7,2922,-148,-0.05065024,5865,260,0.044330776,9705,225,0.023183926,13649,308,0.022565756
ES,2016-11-25,99485,1,7,51054,2370,0.046421436,79885,4197,0.052538023,128994,4937,0.038273098,165514,5744,0.034704013
ES,2016-11-28,292832,1,7,102449,-2068,-0.020185653,160492,-2158,-0.013446153,248538,-4318,-0.017373601,398987,-8354,-0.020938026
ES,2016-11-29,326337,1,7,97133,1104,0.011365859,193276,-5727,-0.029631201,309202,-8561,-0.027687402,420634,-3919,-0.0093168883
ES,2016-11-30,417251,1,7,89850,-1481,-0.016483027,164068,-5206,-0.031730746,346029,-10018,-0.028951331,441131,-9535,-0.021614894
ES,2016-12-01,543754,1,7,124071,-4265,-0.034375479,234120,-5442,-0.02324449,435624,-5374,-0.012336327,661408,-9288,-0.014042769
ES,2016-12-02,376165,1,7,139827,2207,0.01578379,216566,2071,0.0095629046,364485,1432,0.0039288311,472210,4587,0.0097138985
ES,2016-12-05,366823,1,7,100215,-1113,-0.011106122,200149,6819,0.034069618,369258,8220,0.022260858,488813,9231,0.018884522
ES,2016-12-06,314216,1,7,125459,-3072,-0.024486087,194298,-1662,-0.0085538709,334977,-1284,-0.003833099,459004,2452,0.0053420014
ES,2016-12-07,465867,1,7,82902,854,0.01030132,136129,-672,-0.0049364941,259397,5862,0.022598565,371813,7078,0.019036451
ES,2016-12-08,384444,1,7,122003,1688,0.013835725,236502,1550,0.0065538558,370327,156,0.00042124933,447356,-96,-0.00021459419
ES,2016-12-09,253785,1,8,84843,470,0.0055396438,131548,855,0.0064995287,216430,1744,0.0080580326,285725,2116,0.0074057223
ES,2016-12-12,304419,1,8,108236,633,0.0058483314,180309,1990,0.011036609,308204,-761,-0.0024691438,395153,-1164,-0.0029456945
ES,2016-12-13,355436,1,8,147641,5312,0.035979166,263973,3312,0.012546738,436476,333,0.00076292855,544516,-819,-0.001504088
ES,2016-12-14,530083,1,8,81136,2163,0.026658943,124517,-1382,-0.011098886,233246,-1750,-0.0075028082,345259,-5335,-0.015452168
ES,2016-12-15,435093,1,8,122635,3301,0.026917275,233869,8438,0.036080028,407663,12732,0.031231679,516974,15809,0.030579874
ES,2016-12-16,306481,1,8,116096,-482,-0.0041517365,171890,-1989,-0.011571354,239327,-4393,-0.018355639,324064,-4855,-0.014981609
ES,2016-12-19,240854,1,8,85264,-2487,-0.02916823,151658,-1913,-0.012613908,216574,-1328,-0.0061318533,296784,3661,0.012335571
ES,2016-12-20,193184,1,8,91614,1066,0.011635776,134142,-1602,-0.011942568,210479,-3310,-0.015726034,252595,-1521,-0.0060214969
ES,2016-12-21,141693,1,8,78105,-4361,-0.055835094,104375,-3262,-0.031252695,153352,-4792,-0.03124837,208450,-9979,-0.047872391
ES,2016-12-22,190481,1,8,83226,3704,0.044505323,113604,4470,0.039347206,179800,4275,0.023776418,227576,-425,-0.001867508
ES,2016-12-23,88867,1,8,35230,944,0.026795345,54490,2783,0.051073591,84851,2511,0.029593051,106661,3203,0.03002972
ES,2016-12-27,113836,1,8,43899,2289,0.052142418,99413,5558,0.055908181,136049,6901,0.050724371,156466,6928,0.04427799
ES,2016-12-28,233792,1,8,61539,-2949,-0.047920831,119018,-4923,-0.041363491,213375,-2498,-0.011707088,264983,-605,-0.0022831653
ES,2016-12-29,219595,1,8,73389,-1432,-0.019512461,111101,-2559,-0.023033096,174837,-631,-0.0036090759,235446,-4762,-0.020225444
ES,2016-12-30,300626,1,8,119950,5566,0.046402668,188952,5759,0.03047864,267354,5047,0.018877593,320971,6461,0.020129544
ES,2017-01-03,386908,1,8,131371,-5825,-0.044340075,208318,-2565,-0.012312906,399154,-578,-0.0014480627,546263,-10130,-0.018544181
ES,2017-01-04,306511,1,8,164303,8196,0.049883447,224878,7821,0.034778858,340253,5404,0.015882299,411946,8379,0.020340045
ES,2017-01-05,303073,1,8,81497,2289,0.028086923,120395,3192,0.026512729,205260,2985,0.014542531,294485,-776,-0.0026351087
ES,2017-01-06,324240,1,8,136770,-358,-0.0026175331,214619,2794,0.013018419,316781,2856,0.0090156922,405675,4486,0.011058113
ES,2017-01-09,237525,1,8,103153,-3269,-0.031690789,169591,-3785,-0.022318401,261445,-3295,-0.012603033,330695,-306,-0.00092532394
ES,2017-01-10,282407,1,8,91302,-2562,-0.028060722,170622,-3297,-0.019323417,245352,-1846,-0.0075238841,339853,3923,0.011543226
ES,2017-01-11,436116,1,8,82138,3165,0.038532713,144421,6640,0.045976693,233629,5344,0.022873873,347027,3855,0.011108646
ES,2017-01-12,413420,1,8,130050,-3304,-0.025405613,220880,-3953,-0.017896595,462271,-13533,-0.029275036,595210,-14553,-0.024450194
ES,2017-01-13,256472,1,8,125224,6831,0.054550246,187537,5786,0.030852578,284366,4751,0.016707342,342886,7157,0.020872827
ES,2017-01-16,12343,1,8,2370,-110,-0.046413502,6108,-1445,-0.23657498,11809,-1389,-0.11762215,15254,-1043,-0.068375508
ES,2017-01-17,295112,1,8,113152,-4599,-0.040644443,185276,-2392,-0.012910469,332460,-1543,-0.0046411598,393408,-711,-0.001807284
ES,2017-01-18,254015,1,8,170491,-1363,-0.0079945569,220191,-788,-0.0035787112,304607,924,0.0030334168,376372,120,0.00031883349
ES,2017-01-19,293332,1,8,90955,1364,0.014996427,149081,1150,0.0077139273,263744,-3244,-0.012299806,326757,-4089,-0.012513886
ES,2017-01-20,385257,1,8,191447,9051,0.047276792,263961,10855,0.041123499,358983,6355,0.017702788,423636,5413,0.012777479
ES,2017-01-23,328271,1,9,123362,1814,0.01470469,177826,-551,-0.0030985345,286733,-6037,-0.02105443,396086,-7513,-0.018968103
ES,2017-01-24,286417,1,9,71124,-330,-0.004639784,106891,-666,-0.0062306462,196555,67,0.00034087151,254036,456,0.0017950212
ES,2017-01-25,287697,1,9,119052,1346,0.011305984,185080,6041,0.032639939,300610,5028,0.01672599,378932,10299,0.027179019
ES,2017-01-26,255141,1,9,83657,-566,-0.0067657219,146770,351,0.0023914969,279969,2951,0.010540453,357117,3313,0.0092770717
ES,2017-01-27,207983,1,8,89556,-432,-0.0048237974,146921,-2570,-0.017492394,233499,-1706,-0.0073062411,304323,-4043,-0.013285227
ES,2017-01-30,404774,1,8,189428,-16313,-0.086117153,372964,-20690,-0.055474523,566111,-21973,-0.038813943,719204,-27889,-0.038777593
ES,2017-01-31,350333,1,9,87821,-2178,-0.024800446,154697,-3940,-0.025469143,301373,-6622,-0.021972771,414962,-9033,-0.021768258
ES,2017-02-01,382977,1,9,102884,3628,0.035263015,152465,1792,0.011753517,280684,-1569,-0.0055899161,439956,-14502,-0.032962387
ES,2017-02-02,326994,1,9,124056,398,0.0032082285,184557,124,0.00067187915,295885,-1870,-0.006320023,388038,3343,0.0086151356
ES,2017-02-03,281187,1,8,108688,-818,-0.0075261298,158473,-36,-0.00022716803,331937,11170,0.033650964,437736,16304,0.037246194
ES,2017-02-06,245653,1,8,89137,2336,0.02620685,141372,1832,0.012958719,214460,3209,0.014963163,299787,-1663,-0.0055472719
ES,2017-02-07,262770,1,8,83365,1268,0.01521022,156762,383,0.0024431941,214393,-707,-0.0032976823,263301,-1726,-0.0065552353
ES,2017-02-08,278534,1,8,112015,-3047,-0.027201714,185917,-4919,-0.026458043,292082,-5062,-0.01733075,438027,-4376,-0.0099902517
ES,2017-02-09,288361,1,8,66786,1940,0.029048004,136979,6337,0.046262566,282004,13334,0.047283017,443919,21874,0.049274755
ES,2017-02-10,251772,1,8,109101,-773,-0.007085178,159653,-1581,-0.0099027265,243842,-13,-5.3313211e-05,355868,3457,0.0097142761
ES,2017-02-13,232679,1,8,96454,3148,0.032637319,144702,1745,0.012059267,233542,3205,0.013723442,308524,3845,0.012462564
ES,2017-02-14,288950,1,9,104921,740,0.0070529255,157727,1446,0.0091677392,280688,-280,-0.00099754888,375396,-2116,-0.0056367143
ES,2017-02-15,305402,1,9,80198,156,0.0019451857,125618,1334,0.010619497,220448,5126,0.023252649,316135,11553,0.036544514
ES,2017-02-16,367504,1,9,96984,5095,0.052534439,203371,978,0.0048089452,382873,-4061,-0.01060665,603935,-9578,-0.015859323
ES,2017-02-17,262983,1,9,144168,2467,0.01711198,215479,4071,0.018892792,327686,5886,0.017962318,424600,1143,0.0026919454
ES,2017-02-20,13458,1,9,7779,-145,-0.018639928,11095,91,0.0082018927,16152,89,0.0055101535,19465,372,0.019111225
ES,2017-02-21,289808,1,9,106864,-2227,-0.020839572,176832,-2531,-0.01431302,315693,2675,0.008473422,445688,-326,-0.00073145339
ES,2017-02-22,263688,1,9,103993,-3827,-0.036800554,156152,-3466,-0.022196322,261373,1449,0.0055438014,373314,4584,0.012279207
ES,2017-02-23,321440,1,9,97475,801,0.0082174917,150854,-3333,-0.02209421,311998,-12187,-0.039061148,450452,-21705,-0.048184934
ES,2017-02-24,286957,1,9,121732,1661,0.013644728,183469,2412,0.013146635,358936,-1761,-0.0049061671,451365,1807,0.0040034119
ES,2017-02-27,240640,1,9,77759,-3319,-0.042683162,132646,1011,0.0076217903,247916,3125,0.012605076,330021,6256,0.018956369
ES,2017-02-28,276910,1,9,75430,-556,-0.0073710725,116896,-2174,-0.018597728,194616,-4638,-0.023831545,255602,-6786,-0.026549088
ES,2017-03-01,371106,1,9,121888,1525,0.012511486,186411,3534,0.018958109,332724,9914,0.029796468,432234,8143,0.018839332
ES,2017-03-02,327336,1,9,119584,744,0.0062215681,184617,1139,0.0061695293,309306,2523,0.0081569708,386864,913,0.0023600025
ES,2017-03-03,274504,1,9,76721,1067,0.013907535,130945,-2607,-0.019909122,235928,-5032,-0.021328541,337494,-2333,-0.0069127155
ES,2017-03-06,258723,1,9,99363,-3870,-0.038948099,178970,-2167,-0.012108175,286944,-5186,-0.018073213,398130,-10641,-0.026727451
ES,2017-03-07,258453,1,9,94398,-4186,-0.04434416,166759,-3144,-0.018853555,274641,3813,0.013883579,374489,1625,0.0043392463
ES,2017-03-08,293023,1,9,66324,915,0.013795911,114329,1555,0.013601099,230643,907,0.0039324844,316603,1182,0.0037333822
ES,2017-03-09,278882,1,9,68155,617,0.0090528941,128788,1621,0.012586576,219284,860,0.0039218548,298306,-2538,-0.0085080421
ES,2017-03-10,265799,1,9,76504,-2941,-0.038442434,151545,-2680,-0.017684516,231515,-3499,-0.015113492,337618,-4927,-0.014593416
ES,2017-03-13,184666,1,9,58958,-438,-0.0074290173,94652,-2409,-0.025451126,175084,1564,0.0089328551,224198,181,0.0008073221
ES,2017-03-14,294873,1,9,65469,725,0.011073943,147952,972,0.0065696983,291442,-2935,-0.010070614,410985,186,0.00045257126
ES,2017-03-15,333240,0.99997564,9,60726,-1814,-0.029871884,93623,-1342,-0.014334085,160355,-1020,-0.0063608868,227958,-4009,-0.017586573
ES,2017-03-16,289847,1,9,96889,-1204,-0.012426591,145426,-803,-0.0055217086,274310,-5204,-0.018971237,363387,-10534,-0.028988379
ES,2017-03-17,226394,1,9,93586,2703,0.028882525,138650,2690,0.01940137,212895,2729,0.012818526,283374,-1134,-0.0040017786
ES,2017-03-20,244089,1,9,71685,-87,-0.001213643,113320,902,0.00795976,197270,3192,0.016180869,269372,2102,0.0078033352
ES,2017-03-21,648997,1,9,82444,-2157,-0.026163214,131214,-6466,-0.049278278,353465,-13306,-0.037644463,586232,-18923,-0.032279029
ES,2017-03-22,437627,1,9,131278,1102,0.0083943997,204334,-2439,-0.01193634,363382,-5538,-0.01524016,551461,-6209,-0.011259182
ES,2017-03-23,424825,1,8,121595,828,0.0068094905,162211,362,0.0022316612,237481,921,0.003878205,344135,2733,0.0079416508
ES,2017-03-24,425688,1,8,72131,2858,0.039622354,115994,1574,0.013569667,185504,409,0.0022048042,259783,439,0.0016898719
ES,2017-03-27,388128,1,8,138825,-1993,-0.014356204,250795,2950,0.011762595,387578,7957,0.020530061,498834,11847,0.023749384
ES,2017-03-28,362559,1,8,82255,1999,0.024302474,152680,1652,0.010820016,329389,7928,0.024068806,423738,11050,0.026077435
ES,2017-03-29,276734,1,8,77659,1969,0.025354434,137387,6924,0.050397781,230264,8378,0.036384324,345486,22660,0.065588765
ES,2017-03-30,273975,1,8,70855,277,0.0039093924,112016,3355,0.029951078,209061,6359,0.03041696,307646,11721,0.038098984
ES,2017-03-31,284784,1,8,55067,-613,-0.011131894,93346,585,0.0062670066,183980,-688,-0.0037395369,260692,810,0.0031071149
ES,2017-04-03,430439,1,8,88084,3291,0.037362063,131680,2072,0.015735115,284592,3106,0.01091387,431463,-1106,-0.0025633716
ES,2017-04-04,283855,1,8,101437,2554,0.025178189,158518,3301,0.020824134,277028,5371,0.019387932,373982,9482,0.025354161
ES,2017-04-05,466050,1,8,76429,1044,0.013659736,167428,3609,0.021555534,335196,10439,0.031142973,444408,6674,0.015017731
ES,2017-04-06,382418,1,8,97779,-111,-0.0011352131,223628,3426,0.015320085,347797,3743,0.010762025,459516,2803,0.0060998964
ES,2017-04-07,305072,1,8,122796,-842,-0.0068569009,197894,-3135,-0.015841814,291405,-3771,-0.012940753,364220,-6454,-0.017720059
ES,2017-04-10,316157,1,8,78609,4112,0.052309532,122544,3999,0.032633177,199466,4562,0.022871066,283811,2664,0.0093865284
ES,2017-04-11,485456,1,8,139004,-2714,-0.019524618,260103,-1515,-0.0058246156,432749,-3011,-0.0069578439,675511,-9137,-0.013526057
ES,2017-04-12,374071,1,8,97297,-771,-0.0079241909,165840,-283,-0.0017064641,264844,-3989,-0.015061697,380880,-7494,-0.019675488
ES,2017-04-13,359725,1,8,93372,2440,0.026132031,168517,10837,0.064308052,275029,11093,0.040333928,341992,12872,0.037638307
ES,2017-04-17,235055,1,8,68945,-1978,-0.028689535,101978,-3104,-0.030437938,197986,-3021,-0.015258655,255061,-2272,-0.0089076731
ES,2017-04-18,338274,1,8,96587,5347,0.055359417,162868,8646,0.053085935,294842,15438,0.052360247,377660,18850,0.04991262
ES,2017-04-19,309100,1,8,97280,-2162,-0.022224507,160354,4367,0.027233496,226785,910,0.0040126111,312472,3378,0.010810569
ES,2017-04-20,331970,1,7,90422,-1339,-0.014808343,134919,-3916,-0.029024822,260563,-1567,-0.0060139007,331626,398,0.0012001472
ES,2017-04-21,288672,1,7,92893,-3077,-0.033124132,143968,-2650,-0.018406868,210500,-1970,-0.0093586698,284149,-2621,-0.0092240339
ES,2017-04-24,298608,1,8,120623,-4091,-0.033915588,184068,-5287,-0.028723081,291000,-5105,-0.017542955,385125,-6263,-0.016262253
ES,2017-04-25,268634,1,8,130494,13706,0.10503165,193907,14474,0.07464403,308524,17640,0.057175455,371190,13832,0.037263935
ES,2017-04-26,349874,1,8,66111,-685,-0.010361362,114867,1497,0.013032464,179220,2790,0.015567459,251164,8872,0.035323534
ES,2017-04-27,260216,1,8,55838,-827,-0.014810702,92490,-1513,-0.016358525,181242,-2719,-0.015002041,304799,-7724,-0.02534129
ES,2017-04-28,244151,1,8,72194,1831,0.025362218,117828,1605,0.01362155,222609,6165,0.027694298,302132,8003,0.026488422
ES,2017-05-01,207640,1,8,39291,-1628,-0.041434425,67198,-1044,-0.015536177,134293,-3217,-0.023955083,199849,-3934,-0.019684862
ES,2017-05-02,211379,1,8,74335,-1234,-0.016600525,144992,-6298,-0.043436879,224212,-5733,-0.02556955,272295,-3285,-0.012064122
ES,2017-05-03,265840,1,8,60479,-1341,-0.022172986,96744,-1192,-0.012321178,204158,-1120,-0.0054859472,328206,-3175,-0.0096738024
ES,2017-05-04,297720,1,8,88441,-4123,-0.04661865,156243,-3855,-0.024673105,253601,-338,-0.0013328023,333200,-1033,-0.0031002401
ES,2017-05-05,232481,1,8,69969,-3165,-0.045234318,118075,-2933,-0.024840144,204056,-4789,-0.023469048,278405,-6258,-0.022478045
ES,2017-05-08,182898,1,8,98565,250,0.0025363973,133699,-603,-0.004510131,197552,-2822,-0.014284847,267775,-2825,-0.010549902
ES,2017-05-09,233366,1,8,76816,1770,0.023042075,113247,2903,0.025634233,225625,6110,0.027080332,290445,4233,0.014574188
ES,2017-05-10,214317,1,8,69590,-534,-0.0076735163,109114,-1247,-0.011428414,192644,-3877,-0.020125205,294997,-1553,-0.0052644603
ES,2017-05-11,294870,1,8,95211,-827,-0.0086859712,240709,-6632,-0.02755194,427253,-5488,-0.012844848,545053,-3439,-0.0063094782
ES,2017-05-12,204697,1,8,62439,-2134,-0.034177357,123418,-602,-0.0048777326,209811,-2548,-0.012144263,280346,-182,-0.00064919778
ES,2017-05-15,194461,1,8,74859,348,0.0046487396,130907,1418,0.010832117,219037,4813,0.021973457,295244,9036,0.030605194
ES,2017-05-16,227546,1,8,74637,-1607,-0.021530876,115440,-2299,-0.019915107,221207,-6684,-0.030216042,360510,-9566,-0.026534631
ES,2017-05-17,562145,1,8,167043,4099,0.024538592,294109,-2189,-0.0074428188,490162,-790,-0.001611712,687582,-7042,-0.010241688
ES,2017-05-18,520166,1,8,171666,2227,0.012972866,286844,2676,0.0093291127,517746,13904,0.026854867,667494,12828,0.01921815
ES,2017-05-19,344930,1,8,120027,2814,0.023444725,223400,6964,0.031172784,359089,12169,0.033888535,466071,11955,0.025650598
ES,2017-05-22,218116,1,8,93077,3193,0.03430493,148691,1954,0.013141347,258596,2189,0.0084649415,366221,-1021,-0.0027879341
ES,2017-05-23,202597,1,8,79391,-5074,-0.063911526,122783,-5606,-0.045657787,214588,-6652,-0.030998937,280354,-6464,-0.023056564
ES,2017-05-24,206824,1,8,70039,-1185,-0.016919145,94326,-1319,-0.013983419,171834,-1763,-0.010259902,236138,-4307,-0.018239335
ES,2017-05-25,260438,1,8,70274,2332,0.033184393,131950,7790,0.059037514,225961,12530,0.055452047,302227,12098,0.040029514
ES,2017-05-26,166899,1,8,74300,-379,-0.0051009421,116006,1813,0.015628502,196016,3108,0.015855849,263321,2571,0.0097637484
ES,2017-05-29,7356,1,8,2328,-217,-0.093213058,3520,-328,-0.093181818,6472,-853,-0.13179852,10360,-1538,-0.1484556
ES,2017-05-30,192021,1,8,83685,701,0.0083766505,125170,-1619,-0.012934409,234054,-2842,-0.012142497,317462,-4863,-0.015318369
ES,2017-05-31,336891,1,8,70888,-929,-0.01310518,199160,-12582,-0.063175336,439033,-13583,-0.030938449,565715,-7006,-0.012384328
ES,2017-06-01,272534,1,8,85977,4,4.652407e-05,137618,2680,0.019474197,279168,2323,0.0083211543,351266,928,0.0026418725
ES,2017-06-02,294330,1,9,113815,1963,0.017247287,202665,-1537,-0.0075839439,305334,400,0.0013100408,407613,6207,0.015227679
ES,2017-06-05,178904,1,9,73425,1230,0.016751788,124790,3791,0.030379037,195465,7986,0.040856419,241780,8902,0.036818595
ES,2017-06-06,256480,1,9,107832,3856,0.035759329,154491,6831,0.044216168,261335,10821,0.041406624,335674,9730,0.028986457
ES,2017-06-07,295732,1,9,80065,-926,-0.011565603,140163,-1292,-0.0092178392,212921,-3036,-0.01425881,350501,-1886,-0.0053808691
ES,2017-06-08,255826,1,9,73210,-2967,-0.04052725,147732,-3585,-0.024266916,276568,-6470,-0.023393885,340772,-5887,-0.01727548
ES,2017-06-09,428291,1,9,65829,1394,0.021176077,121945,3153,0.025855919,209448,7882,0.037632252,270779,8593,0.031734366
ES,2017-06-12,390535,1,8,160645,-942,-0.0058638613,274772,-2934,-0.010677944,451579,-2170,-0.0048053607,579894,-2010,-0.0034661507
ES,2017-06-13,271047,1,8,89921,3654,0.040635669,156083,3820,0.024474158,263537,2366,0.0089778665,354723,-327,-0.00092184606
ES,2017-06-14,386145,1,8,93087,-1330,-0.014287709,142923,-2129,-0.014896133,248221,-4824,-0.019434294,357105,-8669,-0.024275773
ES,2017-06-15,355680,1,8,135806,2777,0.020448287,235190,4610,0.019601174,422811,5267,0.012457103,537540,10425,0.019393906
ES,2017-06-16,277363,1,8,151122,-8590,-0.056841492,238664,-5889,-0.024674857,371194,-11560,-0.031142745,457184,-12620,-0.027603766
ES,2017-06-19,241946,1,8,94937,1708,0.017990878,148511,3868,0.026045209,310977,13827,0.044463095,414591,16512,0.039827203
ES,2017-06-20,272876,1,8,80183,-549,-0.0068468379,148790,-1884,-0.012662141,251414,-3230,-0.012847335,334121,109,0.00032622912
ES,2017-06-21,281279,1,8,97788,-2056,-0.021025075,156561,-4981,-0.031815075,247629,-7884,-0.031837951,368092,-4196,-0.011399324
ES,2017-06-22,213592,1,8,91328,-2906,-0.031819376,133135,-3251,-0.024418823,208542,-3315,-0.015896078,316032,-597,-0.0018890492
ES,2017-06-23,220175,1,8,86959,-619,-0.0071182971,138095,1999,0.014475542,227443,-277,-0.0012178876,320265,3108,0.0097044635
ES,2017-06-26,258324,1,8,101434,5842,0.057594101,166668,11010,0.066059472,273211,8834,0.032333984,466648,2217,0.0047509043
ES,2017-06-27,341388,1,8,113471,-3776,-0.033277225,168460,-2900,-0.017214769,284589,-145,-0.00050950669,380736,3846,0.010101488
ES,2017-06-28,293191,1,8,117535,-2451,-0.020853363,185607,-5297,-0.028538794,335715,-2734,-0.0081438125,493291,2892,0.0058626652
ES,2017-06-29,560874,1,8,141694,-3969,-0.028011066,241762,146,0.0006038997,443764,3736,0.0084188893,569476,-75,-0.00013170002
ES,2017-06-30,300118,1,8,110938,1433,0.012917125,199214,2382,0.011956991,340332,-5493,-0.016140122,434655,-6179,-0.014215872
ES,2017-07-03,175619,1,8,67795,255,0.0037613393,106210,992,0.0093399868,203303,3764,0.018514237,262581,3260,0.012415217
ES,2017-07-04,15920,1,8,3180,146,0.04591195,5299,357,0.067371202,8174,221,0.027036946,11654,433,0.037154625
ES,2017-07-05,276871,1,8,79357,-2352,-0.029638217,145493,-2733,-0.018784409,274213,-2445,-0.0089164263,371278,1615,0.0043498403
ES,2017-07-06,354195,1,8,117713,-610,-0.0051820954,208876,-382,-0.0018288362,399344,-379,-0.00094905645,484020,-698,-0.0014420892
ES,2017-07-07,241018,1,8,76340,-457,-0.0059863767,142948,1819,0.012724907,258668,124,0.00047937897,337017,-1193,-0.0035398808
ES,2017-07-10,185125,1,8,70208,138,0.001965588,109433,792,0.007237305,170822,2352,0.013768718,228372,5099,0.022327606
ES,2017-07-11,258865,1,8,67461,-3050,-0.045211307,97634,-2946,-0.030173915,168807,-2833,-0.016782479,217622,-2114,-0.0097140914
ES,2017-07-12,226789,1,8,101474,5134,0.050594241,169625,962,0.0056713338,254449,1251,0.0049165059,332979,-1424,-0.004276546
ES,2017-07-13,197079,1,8,70653,1503,0.021272982,99551,2054,0.020632641,177103,-849,-0.0047938205,248528,1449,0.005830329
ES,2017-07-14,202842,1,8,75696,-556,-0.0073451702,115902,1345,0.011604631,183228,1821,0.0099384374,221414,3534,0.01596105
ES,2017-07-17,174964,1,8,53204,1282,0.024095933,88097,1476,0.01675426,145386,1841,0.012662842,228234,5435,0.023813279
ES,2017-07-18,209032,1,8,90863,-453,-0.0049855277,133999,-1006,-0.0075075187,220198,5,2.2706837e-05,331320,-528,-0.0015936255
ES,2017-07-19,179893,1,8,76195,8744,0.11475819,117942,9823,0.0832867,199850,9679,0.048431323,271877,13175,0.048459414
ES,2017-07-20,235516,1,8,57878,-685,-0.01183524,97648,1070,0.010957726,190241,-4583,-0.024090496,381973,-9351,-0.024480788
ES,2017-07-21,209405,1,8,101667,-1631,-0.01604257,168922,-4675,-0.027675495,272142,-5443,-0.020000588,347224,-8724,-0.025124991
ES,2017-07-24,150151,1,8,57834,-3183,-0.05503683,103459,-1322,-0.012778009,163857,-143,-0.00087271218,218468,274,0.0012541883
ES,2017-07-25,194734,1,8,80386,-5026,-0.062523325,127862,-6223,-0.048669659,226882,-4082,-0.017991731,296920,-5138,-0.017304324
ES,2017-07-26,189433,1,8,74102,-885,-0.011942997,115785,-711,-0.0061406918,185588,1868,0.010065306,248209,-349,-0.0014060731
ES,2017-07-27,374496,1,8,84366,-82,-0.00097195553,136874,504,0.0036822187,193279,1681,0.0086972718,239398,3500,0.014620005
ES,2017-07-28,225844,1,8,102039,609,0.0059683062,156732,119,0.00075925784,244595,-3385,-0.013839204,324171,-4147,-0.012792631
ES,2017-07-31,204541,1,8,56993,-2556,-0.044847613,103116,-5013,-0.048615152,210307,-2501,-0.011892139,305772,-7167,-0.023439033
ES,2017-08-01,186143,1,8,97605,-1341,-0.01373905,148733,-3281,-0.022059664,258466,-1027,-0.0039734433,325695,4606,0.014142065
ES,2017-08-02,262249,1,8,75359,-584,-0.007749572,134628,-1521,-0.011297798,288721,-10363,-0.035892782,438245,-16585,-0.037844128
ES,2017-08-03,215185,1,9,57547,-2131,-0.037030601,107219,-5020,-0.04682006,221938,-4858,-0.021888996,286341,-3434,-0.011992694
ES,2017-08-04,197762,1,9,81214,-3352,-0.041273672,161137,-2186,-0.013566096,289781,-2600,-0.0089722929,382918,-4134,-0.010796045
ES,2017-08-07,101020,1,9,50934,1678,0.032944595,73547,2435,0.033108081,108634,950,0.0087449601,157418,575,0.0036526954
ES,2017-08-08,262083,1,9,70113,781,0.011139161,101714,984,0.0096741845,166864,2325,0.013933503,261900,10458,0.039931271
ES,2017-08-09,290346,1,9,148062,-7785,-0.052579325,235857,-5168,-0.021911582,352135,-4258,-0.012091953,459696,-2416,-0.0052556472
ES,2017-08-10,483039,1,9,163037,-10073,-0.061783522,255483,-14461,-0.056602592,519556,-24630,-0.047405862,637858,-23246,-0.036443848
ES,2017-08-11,312440,1,9,130401,1489,0.011418624,219134,-3031,-0.013831719,340694,1988,0.0058351483,437739,6727,0.015367605
ES,2017-08-14,260245,1,9,112705,6062,0.053786434,199308,7309,0.036671885,300047,2276,0.0075854783,416443,9603,0.023059578
ES,2017-08-15,204061,1,9,88863,-4981,-0.056052575,145014,-4695,-0.032376184,252373,-10078,-0.039932956,330561,-10841,-0.032795762
ES,2017-08-16,248150,1,9,83329,-332,-0.0039842072,123966,-1290,-0.010406079,184711,-245,-0.0013263964,248338,1821,0.0073327481
ES,2017-08-17,494151,1,9,79967,-73,-0.00091287656,145981,-2638,-0.018070845,420001,-3404,-0.0081047426,618284,214,0.00034611926
ES,2017-08-18,435819,1,9,172590,-10529,-0.061005852,280804,-11457,-0.040800701,443720,-6926,-0.015608943,546572,-7149,-0.013079704
ES,2017-08-21,283237,1,9,80272,-1681,-0.0209413,145952,-3583,-0.024549167,313656,-7270,-0.023178259,406286,-4626,-0.011386068
ES,2017-08-22,236632,1,9,102430,8261,0.0806502,162678,6548,0.040251294,256569,10136,0.039505942,317058,11471,0.0361795
ES,2017-08-23,239486,1,9,120041,-1885,-0.015702968,184513,1607,0.0087094134,297121,-1086,-0.0036550766,370231,-1307,-0.0035302284
ES,2017-08-24,313742,1,9,82836,-4102,-0.049519533,161484,-6279,-0.038883109,285659,-2694,-0.0094308249,367565,-1999,-0.0054384939
ES,2017-08-25,253616,1,9,65498,385,0.0058780421,126723,1077,0.0084988518,240254,-177,-0.0007367203,326113,-1878,-0.0057587401
ES,2017-08-28,188442,1,9,64553,-3558,-0.0551175,116880,-6889,-0.058940794,198659,-8765,-0.04412083,263054,-7818,-0.029720134
ES,2017-08-29,286876,1,9,143408,2116,0.014755104,222907,4779,0.021439434,344896,6151,0.017834362,488864,9081,0.018575718
ES,2017-08-30,244584,1,9,90579,3016,0.033296901,128480,6010,0.046777709,190148,7495,0.039416665,277475,10449,0.037657447
ES,2017-08-31,295632,1,9,86912,5089,0.058553479,153167,6547,0.042744194,303388,10740,0.035400214,438036,8086,0.01845967
ES,2017-09-01,193787,1,9,74318,2596,0.034930972,127884,601,0.0046995715,216657,1298,0.0059910365,270331,5575,0.020622866
ES,2017-09-04,11941,1,9,6809,-282,-0.041415773,8626,-323,-0.037444934,13250,-546,-0.041207547,20817,-106,-0.0050919921
ES,2017-09-05,418443,1,9,107476,-3270,-0.030425397,157979,189,0.0011963615,251383,-1047,-0.0041649594,376706,-4992,-0.013251714
ES,2017-09-06,291729,1,9,101844,-3352,-0.032913083,161463,-4495,-0.027839195,291001,-3569,-0.012264563,433286,-6064,-0.013995375
ES,2017-09-07,244089,1,9,64378,-223,-0.0034639162,106004,1095,0.010329799,215784,517,0.0023959144,287091,2145,0.0074714986
ES,2017-09-08,192448,1,8,64057,-1924,-0.030035749,99682,-1862,-0.0186794,174495,-1595,-0.0091406631,230026,-1154,-0.0050168242
ES,2017-09-11,194161,1,8,113318,6342,0.055966395,161855,6112,0.037762195,239722,4505,0.018792601,296697,2257,0.0076070874
ES,2017-09-12,220584,1,8,103264,847,0.0082022777,160115,2308,0.014414639,252508,260,0.0010296703,323021,-1356,-0.0041978695
ES,2017-09-13,186021,1,8,67568,-1197,-0.017715487,113628,-1880,-0.016545218,200277,-1265,-0.006316252,259210,-2322,-0.0089579877
ES,2017-09-14,197068,1,8,69687,-3317,-0.047598548,124012,-259,-0.0020885076,194751,658,0.0033786733,253247,2780,0.010977425
ES,2017-09-15,197467,1,8,126110,3882,0.03078265,173411,5196,0.029963497,245823,2939,0.011955757,336435,10493,0.031188788
ES,2017-09-18,191123,1,9,76125,1792,0.02354023,144966,4494,0.031000373,226529,3382,0.014929656,275043,3539,0.012867079
ES,2017-09-19,175352,1,9,70654,122,0.0017267246,131884,197,0.0014937369,223306,-1596,-0.0071471434,277190,-1321,-0.0047656842
ES,2017-09-20,269830,1,9,72592,2125,0.029273198,108795,-1147,-0.010542764,161489,-4190,-0.02594604,211315,-6423,-0.030395381
ES,2017-09-21,225052,1,9,108657,-5203,-0.047884628,200772,-10679,-0.053189688,323347,-13341,-0.041259081,410609,-12120,-0.029517132
ES,2017-09-22,170434,1,9,85322,3999,0.046869506,137671,3291,0.023904817,195192,6932,0.035513751,251816,5392,0.02141246
ES,2017-09-25,304055,1,9,82108,-605,-0.0073683441,133595,-869,-0.0065047345,217324,-1221,-0.0056183394,402535,-11025,-0.027388923
ES,2017-09-26,226868,1,9,76652,-155,-0.002022126,131511,550,0.0041821597,193482,1481,0.0076544588,275468,-2417,-0.0087741589
ES,2017-09-27,287817,1,9,75708,463,0.006115602,125784,-3779,-0.030043567,210763,-7983,-0.037876667,411485,-16797,-0.040820443
ES,2017-09-28,216133,1,9,116291,781,0.0067159109,172924,-74,-0.00042793366,257945,2361,0.009153114,348089,4847,0.0139246
ES,2017-09-29,207563,1,9,78481,1288,0.016411616,158461,2017,0.012728684,219414,3584,0.016334418,289587,11169,0.03856872
ES,2017-10-02,207213,1,9,91879,2292,0.024945853,137351,3202,0.023312535,265387,2483,0.0093561478,324424,5870,0.018093606
ES,2017-10-03,146363,1,9,73758,-4561,-0.06183736,125463,-1374,-0.010951436,188441,-2790,-0.014805695,228585,-4890,-0.02139248
ES,2017-10-04,176527,1,9,66649,-239,-0.0035859503,116914,-830,-0.0070992353,175791,-890,-0.0050628303,236774,-1577,-0.0066603597
ES,2017-10-05,184099,1,10,60644,604,0.0099597652,119298,2757,0.023110195,181614,4045,0.022272512,237170,5792,0.024421301
ES,2017-10-06,188504,1,10,69315,1645,0.023732237,110742,4021,0.036309621,176721,8814,0.049875227,297707,3563,0.011968143
ES,2017-10-09,136333,1,10,65709,-3502,-0.053295591,113826,-7088,-0.062270483,160764,-8325,-0.051783981,199693,-9885,-0.049500984
ES,2017-10-10,224371,1,10,119522,5246,0.043891501,184683,329,0.0017814309,343721,-5383,-0.015660958,410801,-7552,-0.018383597
ES,2017-10-11,147328,1,10,62991,464,0.0073661317,96496,-187,-0.0019379042,146957,915,0.0062263111,189502,1764,0.0093086089
ES,2017-10-12,157736,1,10,54860,-1823,-0.03323004,90903,-1733,-0.019064277,159841,2378,0.014877284,214448,1360,0.0063418638
ES,2017-10-13,148984,1,10,92000,-1557,-0.016923913,135140,-1725,-0.01276454,196417,484,0.0024641452,244438,171,0.0006995639
ES,2017-10-16,141051,1,10,59717,-2,-3.3491301e-05,91855,57,0.00062054325,178397,1386,0.0077691889,239122,938,0.0039226838
ES,2017-10-17,125464,1,10,48641,-118,-0.002425937,65498,1438,0.021954869,110472,2120,0.019190383,189183,1599,0.0084521336
ES,2017-10-18,126744,1,10,49751,-3695,-0.074269864,88702,-5306,-0.059818268,141199,-5164,-0.036572497,191149,-4804,-0.025132227
ES,2017-10-19,215425,1,10,147748,-57,-0.00038579202,211915,-2067,-0.0097539108,351592,-100,-0.00028442058,441281,3806,0.0086248898
ES,2017-10-20,159541,1,10,110046,-4231,-0.038447558,151609,-8789,-0.057971492,224555,-6802,-0.03029102,278784,-9625,-0.034524937
ES,2017-10-23,183413,1,10,68066,-4313,-0.063364969,106243,-1528,-0.014382124,193091,-1923,-0.0099590349,237618,-3432,-0.01444335
ES,2017-10-24,180008,1,10,84914,-6930,-0.081611984,149871,-9183,-0.061272695,222962,-6657,-0.029857106,262861,-6858,-0.026089835
ES,2017-10-25,377024,1,10,76093,-444,-0.0058349651,154140,-4239,-0.027500973,296528,-3568,-0.012032591,449267,-13271,-0.029539227
ES,2017-10-26,237517,1,10,90347,29,0.00032098465,137153,-2087,-0.015216583,235207,-5012,-0.02130889,332527,-3754,-0.011289309
ES,2017-10-27,260706,1,10,97374,-2176,-0.022346828,173536,-1815,-0.010458925,345324,1008,0.0029189978,421108,1159,0.0027522631
ES,2017-10-30,223093,1,10,85190,8473,0.099460031,130376,9520,0.073019574,201059,13762,0.06844757,255235,13683,0.053609419
ES,2017-10-31,166659,1,10,52510,-1791,-0.034107789,84977,-2645,-0.031126069,137642,-2500,-0.018163061,175424,-3649,-0.020801031
ES,2017-11-01,238508,1,10,89263,3758,0.04210031,149660,6999,0.046766003,239825,4314,0.017988116,338959,5021,0.014813001
ES,2017-11-02,262532,1,10,67031,-1219,-0.018185616,113008,-1391,-0.012308863,329956,-8039,-0.024363855,432623,-7498,-0.017331487
ES,2017-11-03,180272,1,10,89262,-5043,-0.056496605,138565,-3918,-0.028275539,214565,-4450,-0.020739636,271808,-4744,-0.017453497
ES,2017-11-06,144621,1,10,62766,1160,0.018481343,92675,4653,0.050207715,158166,7573,0.047880075,226646,10930,0.048224985
ES,2017-11-07,235396,1,10,78144,1899,0.02430129,127781,448,0.0035059985,233139,2105,0.0090289484,355794,-1378,-0.0038730277
ES,2017-11-08,181697,1,10,70274,-1500,-0.021345021,110065,-2561,-0.023268069,173963,-1603,-0.0092146031,247526,2391,0.0096595913
ES,2017-11-09,444391,1,10,120434,-1524,-0.012654234,215835,-3135,-0.014524984,397303,1081,0.0027208453,498382,3082,0.0061840115
ES,2017-11-10,219324,1,10,107339,1775,0.016536394,163657,1861,0.011371344,264618,4038,0.015259733,364616,5119,0.014039428
ES,2017-11-13,177597,1,10,74512,-441,-0.0059185098,131367,5136,0.039096577,265382,2469,0.0093035699,343947,1205,0.0035034468
ES,2017-11-14,304548,1,10,143967,809,0.0056193433,235204,3517,0.014952977,493309,5774,0.011704631,670688,7787,0.011610466
ES,2017-11-15,334833,1,10,207017,-8173,-0.039479849,333237,-3870,-0.011613356,503964,4009,0.0079549333,642826,11746,0.018272441
ES,2017-11-16,240049,1,10,130517,1038,0.007952987,190896,-258,-0.0013515212,316006,7426,0.023499554,430106,13526,0.031448062
ES,2017-11-17,212245,1,10,107536,-821,-0.0076346526,170588,-1225,-0.0071810444,259381,5507,0.021231316,324105,4778,0.014742136
ES,2017-11-20,165008,1,10,76170,911,0.011960089,118186,3422,0.02895436,196593,4246,0.021597921,245690,4489,0.018270992
ES,2017-11-21,176839,1,10,87956,5971,0.067886216,144694,5787,0.039994748,235251,13089,0.055638446,313454,13316,0.042481512
ES,2017-11-22,143718,1,10,69453,-332,-0.0047802111,98766,-559,-0.0056598425,154665,-3845,-0.024860182,210791,-2261,-0.010726264
ES,2017-11-23,7001,1,9,3510,-136,-0.038746439,4361,-133,-0.030497592,6117,-171,-0.02795488,8385,-398,-0.047465713
ES,2017-11-24,67355,1,9,32409,1532,0.04727082,54066,2960,0.054747901,83958,3916,0.046642369,105079,4120,0.039208595
ES,2017-11-27,160551,1,9,65837,4107,0.062381336,107310,3751,0.034954804,160860,3787,0.023542211,199900,4035,0.020185093
ES,2017-11-28,293636,1,9,49817,442,0.0088724733,94050,151,0.001605529,175687,2070,0.011782317,234448,2028,0.0086501058
ES,2017-11-29,376051,1,9,79920,1125,0.014076577,159507,1937,0.012143668,353574,-714,-0.0020193793,512947,-2165,-0.004220709
ES,2017-11-30,432086,1,9,122743,3449,0.028099362,224976,2576,0.01145011,349531,6835,0.019554775,455500,8878,0.01949067
ES,2017-12-01,651905,1,9,120880,-1161,-0.0096045665,173266,-2094,-0.012085464,300003,4607,0.015356513,401219,6018,0.01499929
ES,2017-12-04,402950,1,9,125819,5736,0.045589299,197391,4398,0.022280651,337433,4493,0.013315236,513824,1390,0.0027052065
ES,2017-12-05,306233,1,8,77891,-1426,-0.018307635,123866,-4750,-0.038347892,220064,-8093,-0.036775665,313386,-4007,-0.012786149
ES,2017-12-06,250406,1,8,80917,3078,0.038038978,143545,1965,0.013689087,224518,2778,0.012373173,322734,4266,0.013218316
ES,2017-12-07,224301,1,8,67365,-40,-0.00059378015,110708,2152,0.019438523,170271,4515,0.026516553,218598,4801,0.02196269
ES,2017-12-08,145873,1,8,57485,1029,0.017900322,93042,2569,0.027611186,154397,3858,0.024987532,185908,5009,0.026943434
ES,2017-12-11,165052,1,8,52533,-92,-0.0017512801,89438,2651,0.029640645,160826,2198,0.013666944,203945,2771,0.013586996
ES,2017-12-12,217085,1,8,63292,1283,0.020271124,98150,2689,0.027396842,153624,5988,0.038978285,194597,8102,0.041634763
ES,2017-12-13,259101,1,8,68345,1122,0.016416709,111168,669,0.0060179188,177175,-936,-0.0052829124,233735,194,0.00082999979
ES,2017-12-14,292794,1,8,60045,2634,0.0438671,106415,2228,0.020936898,163457,2891,0.017686609,214030,3410,0.015932346
ES,2017-12-15,271661,1,8,111370,-2402,-0.021567747,149883,-4379,-0.029216122,271580,-5257,-0.019357096,339697,-8127,-0.023924262
ES,2017-12-18,224715,1,7,109133,3171,0.029056289,171410,-1137,-0.0066332186,254965,-3413,-0.013386151,314368,-2921,-0.0092916582
ES,2017-12-19,247440,1,7,62964,-6866,-0.10904644,123178,-9266,-0.075224472,205201,-9545,-0.046515368,277853,-9104,-0.032765527
ES,2017-12-20,252223,1,7,117182,-2347,-0.020028673,187208,-3160,-0.016879621,261518,-5311,-0.020308354,361947,-9764,-0.026976325
ES,2017-12-21,193689,1,7,70915,-2034,-0.028682225,104130,-4036,-0.038759243,153323,-3497,-0.022808059,223130,1343,0.0060189127
ES,2017-12-22,147914,1,7,66966,-6468,-0.096586327,87156,-6597,-0.075691863,134215,-9990,-0.074432813,168212,-8694,-0.051684779
ES,2017-12-26,99692,1,7,45871,-203,-0.004425454,64555,-436,-0.0067539308,86985,761,0.0087486348,106974,939,0.0087778339
ES,2017-12-27,150968,1,7,42189,2572,0.060963758,61195,6063,0.099076722,101179,9757,0.096433054,135285,11848,0.087578076
ES,2017-12-28,116587,1,7,45869,-1345,-0.029322636,76790,-2316,-0.030160177,122062,-4584,-0.037554685,155409,-4541,-0.029219672
ES,2017-12-29,190150,1,7,73999,-2817,-0.038068082,112216,-3408,-0.030370001,160736,-3958,-0.024624229,205873,-4745,-0.02304819
ES,2018-01-02,203980,1,7,104356,-5699,-0.054611139,155922,-6147,-0.039423558,238746,-2088,-0.0087456963,315755,-3566,-0.011293566
ES,2018-01-03,242181,1,7,86505,5353,0.061880816,134534,8018,0.059598317,234789,11096,0.047259454,314980,9179,0.029141533
ES,2018-01-04,255004,1,7,109981,2792,0.025386203,192288,9742,0.050663588,289526,9545,0.032967678,386700,13347,0.034515128
ES,2018-01-05,221337,1,7,101659,-309,-0.0030395735,151041,-1503,-0.0099509405,231209,-3360,-0.014532306,288040,272,0.00094431329
ES,2018-01-08,176034,1,7,91761,-1983,-0.021610488,134432,-1863,-0.013858308,194458,-2508,-0.012897387,249138,206,0.00082685098
ES,2018-01-09,248270,1,7,62719,-134,-0.0021365137,148792,-5586,-0.037542341,223494,84,0.00037584902,305778,-760,-0.0024854633
ES,2018-01-10,274429,1,7,121391,-3050,-0.025125421,246065,-7597,-0.030873956,357659,-5956,-0.016652733,431022,-5153,-0.011955306
ES,2018-01-11,223839,1,7,60654,1599,0.026362647,101722,3148,0.030947091,181589,4063,0.022374703,242482,4926,0.02031491
ES,2018-01-12,273221,1,7,77511,4420,0.057024164,134677,8133,0.060388931,225032,15497,0.068865761,340830,17690,0.051902708
ES,2018-01-15,15312,1,7,5578,435,0.077984941,8730,270,0.030927835,13421,537,0.040011922,17435,657,0.037682822
ES,2018-01-16,482373,1,7,119364,7191,0.060244295,195337,12267,0.062799162,302728,3793,0.012529399,452670,-3351,-0.0074027437
ES,2018-01-17,343231,1,7,138503,-7823,-0.056482531,235557,-10749,-0.045632267,358144,-8548,-0.023867495,421500,-9043,-0.02145433
ES,2018-01-18,305558,1,7,77452,1395,0.018011155,120787,3094,0.025615339,230779,-2527,-0.01094987,290245,-3196,-0.011011387
ES,2018-01-19,283062,1,7,122562,-2221,-0.018121441,172368,-1720,-0.0099786503,292932,-4102,-0.01400325,375260,-8098,-0.021579705
ES,2018-01-22,266611,1,7,57773,-167,-0.0028906236,96052,2546,0.026506476,208023,8475,0.040740687,292985,7358,0.025113914
ES,2018-01-23,315974,1,7,86770,6597,0.076028581,205453,3905,0.01900678,313890,3794,0.012087037,394776,10034,0.025416945
ES,2018-01-24,543001,1,7,76462,-1060,-0.013863095,145486,1958,0.01345834,265041,6442,0.024305673,359798,8875,0.024666618
ES,2018-01-25,414480,1,7,119321,-2044,-0.017130262,207176,-3397,-0.016396687,358085,-3264,-0.0091151542,439745,-3108,-0.0070677324
ES,2018-01-26,302679,1,6,73217,-503,-0.0068699892,118563,1825,0.01539266,187899,2269,0.012075636,272112,5029,0.018481361
ES,2018-01-29,371799,1,6,93739,3567,0.038052465,143440,5093,0.035506135,274464,1298,0.0047292177,396033,-4304,-0.010867781
ES,2018-01-30,545270,1,6,177354,-3693,-0.020822761,299148,-9303,-0.031098319,518450,-14010,-0.027022857,670891,-13764,-0.020516
ES,2018-01-31,436912,1,6,90691,110,0.0012129098,146157,-2150,-0.014710209,241047,-1676,-0.0069530009,345087,-2550,-0.0073894409
ES,2018-02-01,413381,1,6,110689,-4606,-0.041612084,184924,-508,-0.0027470745,295017,-1251,-0.0042404336,373671,-1601,-0.0042845177
ES,2018-02-02,655739,1,6,94347,-6715,-0.071173434,177725,-9528,-0.053610916,392224,-12943,-0.032999001,494576,-10961,-0.022162418
ES,2018-02-05,1149276,1,6,166719,-1351,-0.0081034555,258271,-4555,-0.017636514,467822,6803,0.014541856,637329,8290,0.013007411
ES,2018-02-06,1343793,1,6,316839,13483,0.042554736,598944,20293,0.033881298,1063437,23803,0.022383084,1396016,28885,0.020691024
ES,2018-02-07,852029,1,5,158969,5230,0.032899496,266727,6201,0.02324849,447804,8778,0.019602326,564126,13312,0.023597565
ES,2018-02-08,1175920,1,5,115002,1354,0.011773708,216060,3397,0.015722484,381178,2984,0.0078283637,561310,-3865,-0.0068856781
ES,2018-02-09,1491196,1,5,159555,-2026,-0.012697816,292447,914,0.0031253526,476587,55,0.0001154039,771665,-9553,-0.012379724
ES,2018-02-12,765948,1,5,147022,3052,0.020758798,239823,1503,0.006267122,451440,5909,0.013089226,595700,8687,0.014582844
ES,2018-02-13,538169,1,5,129287,3433,0.026553327,206363,2561,0.01241017,319248,4414,0.013826242,425678,8265,0.019416084
ES,2018-02-14,661302,1,5,135396,2846,0.021019823,238764,5129,0.021481463,416574,11245,0.026994003,542654,13363,0.024625268
ES,2018-02-15,549887,1,5,106174,-3111,-0.029300959,161555,-1536,-0.009507598,274056,-1091,-0.0039809382,407212,-7507,-0.018435115
ES,2018-02-16,569669,1,5,120533,4099,0.034007284,180340,6569,0.03642564,286624,8518,0.029718377,383113,9772,0.025506835
ES,2018-02-19,57981,1,5,9757,-87,-0.0089166752,14128,89,0.006299547,39736,-543,-0.01366519,60721,-936,-0.015414766
ES,2018-02-20,446034,1,4,75922,-24,-0.00031611391,141552,389,0.0027481067,223948,1604,0.007162377,298982,1684,0.0056324461
ES,2018-02-21,580100,1,4,86668,3804,0.043891632,134508,4146,0.030823445,216716,4733,0.021839643,287234,9476,0.032990523
ES,2018-02-22,566464,1,4,113077,8680,0.076761853,177488,4265,0.024029794,294942,5865,0.019885266,384766,9610,0.024976219
ES,2018-02-23,379523,1,4,73642,484,0.0065723364,117140,566,0.0048318252,207849,-1591,-0.0076545954,280061,1743,0.0062236441
ES,2018-02-26,368435,1,4,96717,5096,0.052689806,148993,3718,0.024954192,243101,3628,0.014923838,312821,4142,0.013240799
ES,2018-02-27,607636,1,4,72753,-169,-0.0023229283,125314,-1627,-0.012983386,225306,4407,0.019560065,396670,810,0.0020419996
ES,2018-02-28,601653,1,4,60883,-362,-0.0059458305,123663,2484,0.020086849,201238,4799,0.023847385,310894,904,0.0029077435
ES,2018-03-01,1103000,1,4,129840,-3300,-0.025415896,222213,-4274,-0.019233798,404022,57,0.00014108143,607908,3274,0.0053856834
ES,2018-03-02,814455,1,4,143560,-2557,-0.017811368,251518,-7489,-0.029775205,410063,-7905,-0.019277526,551504,-6609,-0.011983594
ES,2018-03-05,577056,1,4,106534,2690,0.025250155,162635,2910,0.017892827,263157,1555,0.0059090201,355937,7426,0.020863243
ES,2018-03-06,516604,1,4,94869,-2537,-0.026742139,151853,-950,-0.0062560503,257556,767,0.0029779931,381164,-4173,-0.010948043
ES,2018-03-07,586416,1,4,114399,5979,0.052264443,185211,6200,0.033475334,306396,9651,0.031498453,405978,13697,0.033738281
ES,2018-03-08,406577,1,4,58643,265,0.0045188684,114642,-3157,-0.027537901,205893,-5856,-0.028441958,272986,-6603,-0.024188054
ES,2018-03-09,244510,1,4,50235,-892,-0.017756544,82973,-1766,-0.021284032,141762,1331,0.0093889759,190655,3726,0.019543154
ES,2018-03-12,339310,1,4,64425,2531,0.039285991,100722,2128,0.02112746,158217,1287,0.0081343977,224256,-316,-0.0014091039
ES,2018-03-13,537171,1,4,63611,3196,0.050242883,112542,1595,0.014172487,189482,123,0.00064913818,274291,-4419,-0.016110627
ES,2018-03-14,578139,1,4,75372,-5364,-0.071167012,119223,-7302,-0.061246572,234425,-14796,-0.063116135,309594,-16167,-0.052220004
ES,2018-03-15,416289,1,4,60115,-3298,-0.054861515,105534,-6067,-0.057488582,191614,-3822,-0.01994635,258862,-1681,-0.0064938075
ES,2018-03-16,340510,1,4,115280,-6957,-0.060348716,170031,-8971,-0.052760967,243928,-9577,-0.039261585,304314,-9411,-0.030925294
ES,2018-03-19,676168,1,4,88356,-7192,-0.081397981,138344,-9876,-0.071387267,236785,-15725,-0.066410457,348309,-28154,-0.080830527
ES,2018-03-20,378271,1,4,79811,-1488,-0.018644047,128104,-4190,-0.0327078,218896,-9912,-0.045281778,292696,-12289,-0.041985541
ES,2018-03-21,539863,1,4,61146,-2393,-0.039135839,106483,-1401,-0.01315703,159839,-2262,-0.01415174,215959,-2073,-0.0095990443
ES,2018-03-22,919385,1,4,126233,1352,0.010710353,193905,-367,-0.0018926794,351499,-1971,-0.0056074128,513469,-11483,-0.02236357
ES,2018-03-23,999812,1,4,133930,-171,-0.0012767864,230266,-1959,-0.0085075521,408837,-3774,-0.0092310627,527991,-3706,-0.007019059
ES,2018-03-26,773025,1,4,134661,4678,0.034739086,219669,2623,0.011940693,358104,-9433,-0.02634151,522959,-13128,-0.025103306
ES,2018-03-27,971818,1,4,116250,-4732,-0.040705376,190009,-3396,-0.017872838,354551,-6454,-0.018203305,475535,-5368,-0.011288338
ES,2018-03-28,1164594,1,4,158835,-6236,-0.039260868,275593,-2580,-0.0093616311,478483,-7332,-0.015323428,736441,-16160,-0.021943374
ES,2018-03-29,722618,1,4,108257,1151,0.010632107,192742,-2288,-0.011870791,324616,-1434,-0.0044175272,475478,5336,0.011222391
ES,2018-04-02,951737,1,4,73608,1111,0.015093468,152211,-2048,-0.013455007,303771,-10135,-0.033363949,436560,-14397,-0.032978285
ES,2018-04-03,860471,1,4,119448,640,0.00535798,211206,297,0.0014062101,405212,-832,-0.0020532462,564306,3240,0.0057415657
ES,2018-04-04,803331,1,4,128930,2461,0.019087877,201502,3938,0.01954323,386242,2389,0.0061852414,529820,7014,0.013238458
ES,2018-04-05,577149,1,4,95519,-932,-0.0097572211,159742,-1612,-0.010091272,266682,-1381,-0.0051784522,339282,-2683,-0.007907876
ES,2018-04-06,929151,1,4,125294,4146,0.033090172,207180,3642,0.017578917,316007,1673,0.0052941865,468398,-6473,-0.013819444
ES,2018-04-09,576741,1,4,102791,-1124,-0.010934809,180646,3514,0.01945241,276925,3476,0.012552135,392725,6119,0.015580877
ES,2018-04-10,690117,1,4,110509,-4957,-0.044856075,182889,-7156,-0.039127558,320062,-2069,-0.0064643725,429363,1246,0.0029019734
ES,2018-04-11,558883,1,4,105871,6037,0.057022225,179280,10910,0.060854529,277356,12644,0.04558762,373825,9253,0.024752224
ES,2018-04-12,472057,1,4,84783,3329,0.039264947,163100,6459,0.039601471,252279,6832,0.027081128,345414,3611,0.010454122
ES,2018-04-13,586051,1,4,81924,-3945,-0.048154387,141965,-10434,-0.073496989,317462,-17304,-0.054507311,450777,-15370,-0.034096682
ES,2018-04-16,397477,1,4,87191,-6438,-0.073837896,134984,-6534,-0.048405737,231520,-4112,-0.017760885,299228,-4803,-0.016051305
ES,2018-04-17,389510,1,4,78347,-2721,-0.034730111,119429,-3163,-0.026484355,213840,-875,-0.0040918444,297367,3674,0.012355103
ES,2018-04-18,353663,1,4,94853,-340,-0.0035844939,132452,-308,-0.0023253707,253085,-3401,-0.013438173,322855,-1351,-0.004184541
ES,2018-04-19,506567,1,4,96226,-754,-0.0078357201,160483,-817,-0.0050908819,263629,-2577,-0.0097751006,370746,-5674,-0.015304278
ES,2018-04-20,505732,1,4,86488,-4717,-0.054539358,128293,-5329,-0.04153773,231066,-6520,-0.028217046,363574,-12458,-0.034265377
ES,2018-04-23,396971,1,4,65263,-1431,-0.021926666,109407,-2948,-0.026945259,187817,-596,-0.0031733017,287049,-3825,-0.013325251
ES,2018-04-24,812356,1,4,87262,-860,-0.0098553781,172707,-4109,-0.02379174,316009,-9784,-0.030961144,443578,-7632,-0.017205542
ES,2018-04-25,626328,1,4,163098,-12428,-0.076199586,285243,-12131,-0.042528651,480027,-10687,-0.022263331,602267,-5878,-0.0097597909
ES,2018-04-26,398933,1,4,84964,-3229,-0.038004331,144684,-3409,-0.023561693,263974,88,0.00033336616,352471,2359,0.0066927492
ES,2018-04-27,381477,1,4,99795,792,0.0079362694,171161,813,0.0047499138,280833,1115,0.0039703311,423297,-13437,-0.031743669
ES,2018-04-30,418352,1,4,65588,938,0.014301397,120557,2916,0.024187729,189754,936,0.0049327023,245098,-498,-0.0020318403
ES,2018-05-01,431730,1,4,98298,-7090,-0.072127612,145188,-6685,-0.04604375,250063,-12903,-0.051598997,335347,-18787,-0.056022568
ES,2018-05-02,448250,1,4,85865,-4018,-0.046794387,144646,-7411,-0.05123543,261211,-14718,-0.056345253,346613,-23392,-0.067487371
ES,2018-05-03,747105,1,4,110867,-2646,-0.023866435,176389,-931,-0.0052781069,374849,-4258,-0.011359241,597654,-7950,-0.013302011
ES,2018-05-04,467731,1,4,101141,-851,-0.0084139963,156659,-1460,-0.009319605,288547,7757,0.026882969,442684,12860,0.029050067
ES,2018-05-07,349748,1,5,75010,2499,0.033315558,118645,4940,0.041636816,196553,8765,0.04459357,272737,10617,0.038927612
ES,2018-05-08,458228,1,5,76602,-3239,-0.042283491,132252,-8012,-0.060581314,203142,-9497,-0.046750549,277555,-9248,-0.033319522
ES,2018-05-09,381294,1,5,73525,-754,-0.010255015,134310,-1860,-0.013848559,212890,408,0.0019164827,302519,-2632,-0.00870028
ES,2018-05-10,369036,1,5,79767,4300,0.053907004,127614,4583,0.035912988,217347,7854,0.036135764,286126,7875,0.02752284
ES,2018-05-11,325240,1,5,65797,1538,0.023374926,116421,1596,0.013708867,221657,5764,0.026004142,293151,6995,0.023861423
ES,2018-05-14,281142,1,5,52040,140,0.0026902383,101111,1849,0.018286833,160466,746,0.0046489599,219511,-685,-0.0031205725
ES,2018-05-15,483933,1,5,132379,-8597,-0.064942325,217691,-13314,-0.061160085,321701,-13887,-0.043167413,431420,-13802,-0.031992026
ES,2018-05-16,309878,1,5,88097,832,0.0094441354,144674,4295,0.029687435,221233,847,0.0038285428,276793,-998,-0.0036055825
ES,2018-05-17,341043,1,5,74639,-574,-0.0076903495,116850,114,0.00097560976,226440,3620,0.015986575,313967,11128,0.035443215
ES,2018-05-18,305251,1,5,81519,-1465,-0.017971271,126522,-2732,-0.021593083,221517,-1878,-0.0084779046,329001,-9595,-0.029164045
ES,2018-05-21,291070,1,5,80187,4293,0.053537356,132883,-330,-0.0024833876,192348,1407,0.0073148668,260229,9754,0.037482371
ES,2018-05-22,278070,1,5,65322,2267,0.034705,93389,3006,0.032187945,195418,2317,0.011856636,260225,1211,0.0046536651
ES,2018-05-23,399224,1,5,96743,-190,-0.0019639664,151374,1545,0.010206508,237873,2557,0.010749434,322253,-1140,-0.0035375931
ES,2018-05-24,436744,1,5,79757,-1123,-0.014080269,203868,-7715,-0.037843114,329122,-7635,-0.023198085,455591,-8871,-0.019471412
ES,2018-05-25,318970,1,5,79682,169,0.0021209307,132451,676,0.0051037742,248729,2272,0.0091344395,324467,2532,0.0078035671
ES,2018-05-28,15907,1,5,2805,15,0.0053475936,4638,75,0.016170763,8135,144,0.017701291,12266,79,0.0064405674
ES,2018-05-29,619285,1,5,112602,-885,-0.0078595407,178966,2792,0.015600729,278514,6514,0.023388411,351862,4951,0.014070857
ES,2018-05-30,416951,1,5,88145,-310,-0.0035169323,148980,247,0.0016579407,236994,2267,0.009565643,348402,6142,0.017629061
ES,2018-05-31,553779,1,5,105422,-5524,-0.05239893,173715,-8336,-0.047986645,272654,-8780,-0.032201985,378393,-13973,-0.036927216
ES,2018-06-01,364747,1,5,81513,1265,0.015518997,120967,1303,0.010771533,287200,12624,0.043955432,382472,13640,0.035662741
ES,2018-06-04,248087,1,5,75528,3042,0.040276454,111247,2323,0.020881462,191574,777,0.004055874,249654,270,0.0010814968
ES,2018-06-05,303019,1,5,54271,-634,-0.011682114,82615,-1238,-0.014985172,170739,-2031,-0.011895349,259245,-7645,-0.029489479
ES,2018-06-06,330948,1,5,60444,-41,-0.00067831381,114474,1061,0.0092684802,187972,264,0.0014044645,274491,-1336,-0.0048671905
ES,2018-06-07,427620,1,5,63091,-956,-0.015152716,120161,-1036,-0.0086217658,221143,-3208,-0.014506451,340388,-10027,-0.02945756
ES,2018-06-08,227992,1,5,53824,-311,-0.0057780916,97662,-15,-0.00015359096,142769,-226,-0.0015829767,190315,2258,0.01186454
ES,2018-06-11,241965,1,5,51453,2907,0.056498163,80928,3015,0.037255338,151093,4682,0.030987537,193148,4922,0.025483049
ES,2018-06-12,252660,1,5,48179,-1452,-0.030137612,82119,-1820,-0.022162959,131258,-2661,-0.02027305,186154,-2347,-0.012607841
ES,2018-06-13,332280,1,5,44620,46,0.0010309278,86726,89,0.0010262205,132201,-71,-0.00053706099,204242,-173,-0.0008470344
ES,2018-06-14,332163,1,5,96174,1775,0.018456132,135895,2106,0.015497259,219072,4815,0.021979075,314000,-4538,-0.014452229
ES,2018-06-15,398273,1,5,139226,-12998,-0.093358999,190544,-12389,-0.065019103,282153,-14951,-0.052988981,425691,-21030,-0.049402031
ES,2018-06-18,293202,1,5,93410,-627,-0.0067123434,142131,193,0.0013579022,228721,-1281,-0.00560071,317905,6891,0.021676287
ES,2018-06-19,474519,1,5,113269,1561,0.013781352,203422,1158,0.0056925996,363144,-4592,-0.012645121,511163,-4300,-0.0084121895
ES,2018-06-20,315364,1,5,81204,-555,-0.0068346387,126145,-2958,-0.023449205,218352,-7306,-0.033459735,284809,-6313,-0.022165732
ES,2018-06-21,470649,1,5,57179,-3236,-0.056594204,92828,-3750,-0.040397294,286869,-15479,-0.053958427,423013,-15883,-0.037547309
ES,2018-06-22,320015,1,5,60795,-5046,-0.083000247,119384,-5384,-0.045098171,227729,-7232,-0.031757045,334537,-2527,-0.0075537235
ES,2018-06-25,729450,1,5,100990,-10706,-0.1060105,202070,-15536,-0.076884248,410477,-16371,-0.039882868,568383,-18009,-0.031684621
ES,2018-06-26,437050,1,5,112656,4467,0.039651683,179945,4480,0.024896496,310783,7889,0.025384271,428423,6426,0.014999195
ES,2018-06-27,642229,1,5,75797,1852,0.024433685,161442,8248,0.051089555,274706,6315,0.022988213,362400,6114,0.016870861
ES,2018-06-28,529015,1,5,101858,2084,0.020459856,243911,-69,-0.00028289007,396289,-704,-0.0017764813,531237,6764,0.012732547
ES,2018-06-29,404535,1,5,88413,2321,0.026251796,130446,1047,0.0080263097,213010,-463,-0.0021736069,312870,4644,0.014843226
ES,2018-07-02,370464,1,5,81483,-2378,-0.029184002,130039,-1951,-0.015003191,239454,801,0.0033451101,321192,2178,0.0067809908
ES,2018-07-03,257310,1,5,66789,-1864,-0.027908787,123644,-1581,-0.01278671,194304,-1330,-0.006844944,275011,-1677,-0.0060979379
ES,2018-07-04,14308,1,5,2847,-111,-0.038988409,6687,-18,-0.00269179,9970,-136,-0.013640923,13286,-266,-0.020021075
ES,2018-07-05,346419,1,5,70424,-1970,-0.027973418,115337,-2566,-0.022247848,190410,-2726,-0.014316475,262604,-5214,-0.019854991
ES,2018-07-06,345717,1,5,66374,-809,-0.012188508,120295,647,0.0053784447,199655,2826,0.014154416,288621,7275,0.025206066
ES,2018-07-09,278021,1,5,67690,4283,0.063273748,112295,3902,0.034747763,195019,1801,0.0092349976,267787,8118,0.030315139
ES,2018-07-10,275552,1,5,80715,2346,0.02906523,129690,2222,0.017133164,216929,4600,0.021205095,278851,8965,0.032149786
ES,2018-07-11,380499,1,5,98045,1375,0.014024173,153921,317,0.0020594981,251125,5071,0.020193131,331840,3950,0.011903327
ES,2018-07-12,337518,1,5,77610,-2053,-0.026452777,131476,-1333,-0.010138733,212654,3921,0.018438402,278472,4532,0.016274527
ES,2018-07-13,275152,1,5,69529,1184,0.017028866,121007,121,0.00099994215,200529,947,0.004722509,289394,4131,0.014274657
ES,2018-07-16,242423,1,5,57459,-763,-0.013279034,108894,-1003,-0.0092107921,172079,-1907,-0.011082119,232665,-4261,-0.018313885
ES,2018-07-17,293772,1,5,67037,4874,0.072706118,103255,6695,0.064839475,178198,9469,0.053137521,256162,13764,0.053731623
ES,2018-07-18,244433,1,5,75601,-43,-0.00056877555,115469,-1207,-0.010453022,196758,-1928,-0.0097988392,250839,-2838,-0.01131403
ES,2018-07-19,342360,1,5,66428,1837,0.027654001,161372,-3732,-0.023126689,259317,-1572,-0.0060620785,328740,347,0.0010555454
ES,2018-07-20,257493,1,5,82993,-1742,-0.020989722,127515,235,0.0018429204,188440,1269,0.006734239,238775,1931,0.0080871113
ES,2018-07-23,244123,1,5,64888,-3123,-0.048129084,117084,-4010,-0.034248915,193581,-4124,-0.021303744,256415,-3555,-0.013864244
ES,2018-07-24,416220,1,5,97244,4240,0.043601662,147844,4068,0.027515489,260317,7764,0.029825175,344358,6287,0.018257163
ES,2018-07-25,396155,1,5,67335,2027,0.030103215,116550,6459,0.055418275,198626,6278,0.031607141,285605,5858,0.020510845
ES,2018-07-26,326637,1,5,108757,4748,0.04365696,161415,5078,0.031459282,228206,5592,0.024504176,291817,7747,0.02654746
ES,2018-07-27,513067,1,5,65690,-674,-0.010260314,114848,-2231,-0.019425676,195728,-4685,-0.023936279,282768,-10529,-0.037235472
ES,2018-07-30,399951,1,5,87962,-6359,-0.072292581,145905,-6956,-0.047674857,249505,-6371,-0.025534558,326235,-6793,-0.020822413
ES,2018-07-31,383573,1,5,96397,4283,0.044430843,150617,3512,0.023317421,263907,5188,0.01965844,321934,6693,0.020789976
ES,2018-08-01,336212,1,5,84243,-2437,-0.02892822,119632,-1232,-0.010298248,187614,-361,-0.0019241634,249330,1308,0.0052460594
ES,2018-08-02,348532,1,5,88349,1090,0.012337434,134596,2424,0.018009451,243879,5976,0.024503955,333735,6999,0.020971729
ES,2018-08-03,255374,1,5,65710,-822,-0.012509511,109020,-799,-0.0073289305,180917,1794,0.0099161494,238547,969,0.0040620926
ES,2018-08-06,223720,1,5,58225,-86,-0.0014770288,92457,381,0.0041208346,141432,670,0.0047372589,190290,1144,0.0060118766
ES,2018-08-07,223962,1,5,64698,3921,0.060604655,110891,6962,0.062782372,171692,8597,0.050072222,244712,9594,0.03920527
ES,2018-08-08,207130,1,5,66593,159,0.0023876383,98727,-626,-0.0063407173,149917,899,0.0059966515,219939,212,0.00096390363
ES,2018-08-09,187780,1,5,49953,-587,-0.011751046,77995,-141,-0.0018078082,122325,950,0.0077661966,157833,1166,0.0073875552
ES,2018-08-10,391102,1,5,93142,-558,-0.0059908527,168082,-3016,-0.017943623,283751,-3480,-0.012264274,358998,-1306,-0.0036379033
ES,2018-08-13,350355,1,5,60068,249,0.004145302,102475,2857,0.027879971,169505,6163,0.036358809,217645,4040,0.018562338
ES,2018-08-14,279645,1,5,69043,-237,-0.0034326434,122866,-1890,-0.015382612,212290,-2025,-0.0095388384,300510,2974,0.0098965093
ES,2018-08-15,552710,1,5,89758,1229,0.013692373,194137,-11141,-0.057387309,406249,-16842,-0.041457333,535071,-19571,-0.036576454
ES,2018-08-16,298536,1,5,87916,3375,0.038388917,127227,2225,0.017488426,194254,4900,0.025224706,263802,5387,0.020420618
ES,2018-08-17,324078,1,5,89259,-1473,-0.016502538,133568,-977,-0.0073146263,230376,-4404,-0.019116575,304245,-2161,-0.0071028283
ES,2018-08-20,211443,1,5,70120,2292,0.032686823,121385,707,0.0058244429,187852,-241,-0.0012829249,258038,-2947,-0.011420798
ES,2018-08-21,284249,1,5,67729,4486,0.066234552,122351,11858,0.096917884,190046,10911,0.057412416,234251,12970,0.05536796
ES,2018-08-22,260206,1,5,77536,2243,0.028928498,131658,789,0.0059927995,210212,-247,-0.0011750043,296113,645,0.0021782225
ES,2018-08-23,321025,1,5,50661,375,0.0074021437,109902,4580,0.041673491,186925,6360,0.034024341,260946,4822,0.018478919
ES,2018-08-24,273488,1,6,69159,732,0.010584306,108998,1397,0.012816749,219085,5069,0.023137139,326581,7531,0.023060129
ES,2018-08-27,259273,1,6,79884,-657,-0.0082244254,132456,1732,0.01307604,203765,3630,0.017814639,276563,562,0.0020320867
ES,2018-08-28,255319,1,6,82376,964,0.011702438,139375,-455,-0.003264574,200994,-4850,-0.024130074,254599,-3961,-0.015557799
ES,2018-08-29,303790,1,6,74010,-430,-0.0058100257,131216,-1974,-0.015043897,205224,1923,0.0093702491,310748,8531,0.027453113
ES,2018-08-30,410017,1,6,87864,1624,0.01848311,141518,917,0.0064797411,204624,1335,0.0065241614,267698,456,0.0017034121
ES,2018-08-31,364528,1,6,58054,1332,0.022944155,99320,2919,0.029389851,198959,7032,0.035343965,256083,7189,0.028072929
ES,2018-09-03,13087,1,6,2936,-117,-0.039850136,4719,-271,-0.057427421,9567,-398,-0.041601338,14451,-678,-0.046917168
ES,2018-09-04,452306,1,6,157044,-6613,-0.042109218,241886,-3341,-0.013812292,387329,2093,0.0054036749,511623,5408,0.010570283
ES,2018-09-05,502679,1,6,96180,-271,-0.0028176336,166376,-1946,-0.011696399,412269,-9864,-0.023926126,559297,-9624,-0.017207316
ES,2018-09-06,528758,1,6,88561,25,0.0002822913,149473,2261,0.015126478,333604,-5522,-0.016552559,532635,-10269,-0.019279619
ES,2018-09-07,528082,1,6,117204,410,0.0034981741,216276,4608,0.021306109,327686,12899,0.039363903,403468,13977,0.034642153
ES,2018-09-10,365848,1,6,104902,-2139,-0.02039046,206957,699,0.0033775132,332266,-3156,-0.0094984139,444291,-2870,-0.0064597302
ES,2018-09-11,351411,1,6,100900,-3387,-0.033567889,173578,-300,-0.0017283296,297503,4129,0.013878852,366702,730,0.0019907173
ES,2018-09-12,450259,1,6,97554,-151,-0.0015478607,163814,1396,0.0085218602,286617,-2358,-0.0082270068,406529,-4500,-0.011069321
ES,2018-09-13,358603,1,6,108511,3879,0.035747528,172094,1633,0.0094890002,365081,1667,0.00456611,475690,-2965,-0.0062330509
ES,2018-09-14,276817,1,6,62071,1522,0.024520307,95224,1722,0.018083676,170232,1890,0.011102495,213564,2638,0.012352269
ES,2018-09-17,309295,1,6,70561,-3233,-0.045818512,99798,-5034,-0.050441893,169528,-6327,-0.037321268,260182,-8326,-0.032000676
ES,2018-09-18,329134,1,6,112676,2465,0.021876886,167690,2595,0.015474984,285119,5649,0.01981278,368581,7304,0.01981654
ES,2018-09-19,297461,1,6,121267,-312,-0.0025728351,174821,-276,-0.0015787577,295137,-1130,-0.0038287304,354995,-3753,-0.01057198
ES,2018-09-20,352831,1,6,137554,7180,0.052197682,206780,8040,0.038881903,309498,10066,0.032523635,383118,9559,0.024950537
ES,2018-09-21,336570,1,6,143052,2504,0.017504124,201988,1239,0.0061340278,310478,-1348,-0.0043416925,394057,-2353,-0.0059712174
ES,2018-09-24,323761,1,6,98932,-4402,-0.044495209,159212,-3087,-0.019389242,251702,-4808,-0.019101954,418000,-5194,-0.012425837
ES,2018-09-25,269133,1,6,83659,-358,-0.0042792766,120526,-1285,-0.0106616,194103,-2305,-0.011875138,257624,-4781,-0.018558054
ES,2018-09-26,360857,1,6,67400,-183,-0.0027151335,98046,465,0.0047426718,158149,1048,0.0066266622,215796,2064,0.0095645888
ES,2018-09-27,312981,1,6,89061,1761,0.019772965,144458,2241,0.01551316,253937,6513,0.025648094,334120,10313,0.030866156
ES,2018-09-28,336870,1,6,68095,847,0.012438505,113445,1006,0.0088677333,200270,4982,0.024876417,277902,6692,0.024080431
ES,2018-10-01,320251,1,6,77639,-1554,-0.020015714,134836,2543,0.018859948,218759,3606,0.016483893,291208,3650,0.012533996
ES,2018-10-02,324084,1,6,71184,499,0.0070100022,132124,300,0.0022705943,214174,-2355,-0.010995732,302851,-1576,-0.0052038791
ES,2018-10-03,366973,1,6,71708,-241,-0.0033608523,103409,-393,-0.0038004429,208697,2354,0.01127951,281921,912,0.0032349488
ES,2018-10-04,676223,1,6,105064,-3653,-0.034769283,176732,-4528,-0.025620714,405292,-11925,-0.029423231,534009,-14218,-0.026625019
ES,2018-10-05,721115,1,6,114368,1158,0.01012521,182952,507,0.0027712187,338818,324,0.00095626561,452610,-2666,-0.0058902808
ES,2018-10-08,591967,1,6,140304,2724,0.019414985,214120,4410,0.020595928,307012,6265,0.020406368,390199,4769,0.012221969
ES,2018-10-09,586163,1,6,119010,261,0.002193093,229494,289,0.0012592922,405329,4451,0.010981203,562024,3856,0.006860917
ES,2018-10-10,1215673,1,6,171295,-4430,-0.025861817,337645,-8932,-0.02645382,635377,-6949,-0.010936814,832834,-4998,-0.0060011959
ES,2018-10-11,1486699,1,6,222249,-8813,-0.039653722,434838,5804,0.0133475,702960,799,0.0011366223,912194,-177,-0.00019403767
ES,2018-10-12,1007830,1,5,164836,1202,0.0072920964,259404,715,0.0027563183,435225,5290,0.012154633,595276,4867,0.0081760393
ES,2018-10-15,590842,1,5,105127,-1872,-0.017807033,181295,-2133,-0.011765355,306577,-5063,-0.016514611,388189,-3580,-0.0092223118
ES,2018-10-16,548743,1,5,102599,4423,0.043109582,180796,4118,0.022777053,319015,2348,0.0073601555,452305,4625,0.010225401
ES,2018-10-17,719316,1,5,122509,-499,-0.0040731701,203289,-839,-0.0041271294,384400,1868,0.0048595213,552947,475,0.00085903351
ES,2018-10-18,864348,1,5,103151,913,0.0088511018,174968,509,0.0029091034,329474,892,0.0027073456,436356,3956,0.009065992
ES,2018-10-19,691160,1,5,128691,2817,0.021889643,203058,4379,0.021565267,355205,3193,0.0089891753,441180,3664,0.0083050002
ES,2018-10-22,598472,1,5,93855,-589,-0.006275638,181254,-4580,-0.025268408,331563,-7699,-0.023220323,465792,-5760,-0.012366035
ES,2018-10-23,972336,1,5,180135,-3159,-0.017536847,289151,-2520,-0.0087151696,611500,-639,-0.0010449714,791320,6714,0.0084845574
ES,2018-10-24,1006455,1,5,96871,-597,-0.0061628351,166886,439,0.0026305382,324711,-4965,-0.01529052,449535,-4722,-0.010504188
ES,2018-10-25,802173,1,5,190454,-6161,-0.032349019,324624,-6146,-0.018932673,540546,-5470,-0.010119398,712906,-7131,-0.010002721
ES,2018-10-26,1231079,1,5,171593,156,0.00090912799,289192,-685,-0.0023686686,600793,-4989,-0.0083040248,857592,-7857,-0.0091616993
ES,2018-10-29,1014684,1,5,125766,-1134,-0.0090167454,206739,-1117,-0.0054029477,351643,-471,-0.0013394266,472934,-5355,-0.011322933
ES,2018-10-30,937882,1,4,169349,2768,0.016344944,298719,2681,0.0089749899,473095,1554,0.0032847525,651127,-2219,-0.0034079373
ES,2018-10-31,782552,1,4,133556,1459,0.010924256,224107,3544,0.015813875,360464,3563,0.0098844822,517863,3836,0.0074073645
ES,2018-11-01,634640,1,4,100102,-2599,-0.025963517,208858,-3947,-0.018898007,427640,-3427,-0.0080137499,567672,-3655,-0.0064385772
ES,2018-11-02,843497,1,4,134213,-55,-0.00040979637,202565,-3075,-0.015180312,382176,-9646,-0.02523968,567378,-3986,-0.0070252988
ES,2018-11-05,470618,1,4,95895,856,0.0089264299,145215,58,0.00039940777,272328,624,0.0022913545,377394,1729,0.0045814189
ES,2018-11-06,439254,1,4,99951,5388,0.053906414,166946,7959,0.047674098,264040,6704,0.025390092,354799,4491,0.012657871
ES,2018-11-07,556666,1,4,141108,2079,0.014733396,206158,-89,-0.00043170772,329840,3974,0.012048266,455233,5590,0.012279426
ES,2018-11-08,466580,1,4,89525,1579,0.017637531,145189,2178,0.015001136,244107,3122,0.012789473,321511,4926,0.015321404
ES,2018-11-09,614849,1,4,117591,2157,0.018343241,177584,971,0.0054678349,317171,62,0.00019547815,404744,-85,-0.00021000929
ES,2018-11-12,714442,1,4,116926,-1274,-0.01089578,187662,-2316,-0.012341337,318726,-2896,-0.0090861743,448351,-5207,-0.011613669
ES,2018-11-13,809557,1,4,118812,-769,-0.0064724102,197121,-1994,-0.010115614,366167,-5841,-0.015951738,546493,-5469,-0.010007447
ES,2018-11-14,871014,1,4,108044,-209,-0.0019343971,189764,-1452,-0.0076516094,337480,-4386,-0.012996326,460833,-7571,-0.016428945
ES,2018-11-15,964099,1,4,183464,1928,0.010508874,286957,4796,0.016713305,434806,7445,0.017122579,605798,7352,0.012136059
ES,2018-11-16,674912,1,4,122814,3312,0.02696761,204189,7212,0.035320218,339468,9337,0.027504802,454878,9466,0.020809975
ES,2018-11-19,809521,1,4,101947,180,0.0017656233,179725,200,0.0011128112,330534,-1575,-0.0047650166,462544,-1617,-0.0034958836
ES,2018-11-20,1012411,1,4,179631,-2701,-0.01503638,343944,-7736,-0.022492034,605308,-8369,-0.013826019,819120,-5535,-0.0067572517
ES,2018-11-21,512477,1,4,118869,-1414,-0.011895448,196605,-3093,-0.015732052,336726,-3572,-0.010608031,428605,-5335,-0.012447358
ES,2018-11-22,37642,1,4,4180,-87,-0.020813397,6556,-441,-0.067266626,15849,-835,-0.052684712,26530,-1155,-0.04353562
ES,2018-11-23,254916,1,4,79020,-243,-0.0030751708,127797,1170,0.0091551445,197439,464,0.0023500929,257482,-45,-0.0001747695
ES,2018-11-26,474457,1,4,113215,2240,0.019785364,184192,4463,0.024230151,291679,3201,0.010974393,392531,3214,0.0081878883
ES,2018-11-27,588633,1,4,113693,62,0.00054532821,196013,-2092,-0.010672762,344559,-863,-0.0025046509,442340,1737,0.0039268436
ES,2018-11-28,719662,1,4,91411,296,0.0032381223,159061,-511,-0.003212604,254593,-1289,-0.0050629829,346755,91,0.00026243313
ES,2018-11-29,586209,1,4,94705,2973,0.031392218,160127,4112,0.025679617,271594,291,0.0010714522,461979,-2933,-0.0063487734
ES,2018-11-30,495915,1,4,63681,172,0.0027009626,118828,1261,0.010611977,195106,2994,0.015345504,292130,4898,0.016766508
ES,2018-12-03,649932,1,4,141754,3750,0.02645428,242027,-120,-0.00049581245,409326,4409,0.010771366,558128,47,8.4210074e-05
ES,2018-12-04,1098860,1,4,105393,2000,0.018976592,198750,534,0.0026867925,338167,790,0.0023361239,427295,154,0.00036040674
ES,2018-12-06,1277221,1,4,213239,-1806,-0.00846937,373526,-1211,-0.0032420769,616606,-3285,-0.0053275511,833942,-6996,-0.0083890726
ES,2018-12-07,1071326,1,4,133427,2469,0.018504501,213379,1293,0.0060596404,407567,-2089,-0.0051255376,564979,-1418,-0.0025098278
ES,2018-12-10,1056835,1,4,131324,-1186,-0.0090310987,275759,-9300,-0.033725101,489758,-7985,-0.016303971,703631,-13712,-0.019487487
ES,2018-12-11,902459,1,4,130311,-1011,-0.0077583627,211870,-2300,-0.010855713,359298,-1846,-0.0051377965,502469,-8854,-0.017620988
ES,2018-12-12,671576,1,4,104865,-4183,-0.039889382,174531,-5339,-0.030590554,314181,-4518,-0.014380246,426346,-5552,-0.013022287
ES,2018-12-13,745103,1,4,83105,-94,-0.0011310992,158294,-707,-0.0044663727,280521,209,0.00074504226,416013,-1831,-0.0044013048
ES,2018-12-14,625587,1,4,75065,-3476,-0.046306534,128681,-2507,-0.019482286,206532,-1800,-0.0087153565,293706,-300,-0.0010214296
ES,2018-12-17,999636,1,4,137656,-7052,-0.051229151,224562,-6751,-0.030062967,363127,-5409,-0.014895615,497390,-3059,-0.0061501035
ES,2018-12-18,860331,1,4,134566,-1081,-0.0080332328,211258,66,0.0003124142,347645,856,0.0024622819,503125,263,0.00052273292
ES,2018-12-19,1160162,1,4,97356,3163,0.032489009,184801,5834,0.031569093,321349,7889,0.024549633,424057,8657,0.020414708
ES,2018-12-20,1573837,1,4,182717,-328,-0.0017951258,331171,149,0.00044991862,540576,722,0.0013356124,714775,2123,0.0029701654
ES,2018-12-21,1283625,1,4,170042,1951,0.011473636,268350,2073,0.007724986,552940,2271,0.0041071364,700427,725,0.0010350829
ES,2018-12-24,575170,1,4,92828,-1648,-0.017753264,202885,-2016,-0.0099366636,351476,-3334,-0.0094857117,474179,-601,-0.0012674539
ES,2018-12-26,859434,1,4,125792,1895,0.015064551,187547,1055,0.0056252566,311395,1,3.2113554e-06,408959,-87,-0.00021273526
ES,2018-12-27,983872,1,4,129792,2635,0.020301714,222650,1964,0.0088210195,399531,927,0.0023202205,544536,3891,0.0071455331
ES,2018-12-28,901031,1,3,99061,-771,-0.0077830832,190487,-2177,-0.011428601,347708,-3041,-0.0087458442,486622,-5881,-0.012085356
ES,2018-12-31,606284,1,3,67423,-817,-0.012117527,112851,-1929,-0.017093335,202930,-3799,-0.018720741,274931,-5152,-0.018739247
ES,2019-01-02,831332,1,3,121053,-68,-0.00056173742,202595,665,0.0032824107,360231,-1255,-0.0034838756,495069,-163,-0.00032924703
ES,2019-01-03,1036296,1,3,113783,-261,-0.00229384,182267,-498,-0.0027322554,404363,-5391,-0.01333208,580640,-7258,-0.0125
ES,2019-01-04,984009,1,3,160623,4684,0.029161453,262254,6348,0.024205541,511415,13941,0.027259662,700075,16625,0.023747456
ES,2019-01-07,665993,1,3,95797,313,0.0032673257,161718,-307,-0.0018983663,308205,-1170,-0.0037961746,444667,2530,0.0056896509
ES,2019-01-08,684403,1,3,137969,4611,0.033420551,237779,3127,0.013150867,391928,4178,0.010660121,533762,544,0.0010191808
ES,2019-01-09,666376,1,3,101674,1101,0.010828727,193177,5879,0.03043323,336584,6425,0.019088846,467032,5987,0.01281925
ES,2019-01-10,621969,1,3,85605,-861,-0.010057824,149122,-70,-0.00046941431,274973,3493,0.012703065,377762,4423,0.01170843
ES,2019-01-11,445466,1,3,82970,192,0.0023140894,141933,130,0.00091592512,239364,-1872,-0.0078207249,328808,-464,-0.0014111579
ES,2019-01-14,434023,1,3,89529,3377,0.037719622,148996,4131,0.027725577,252008,2151,0.0085354433,348237,2893,0.0083075607
ES,2019-01-15,586042,1,3,106506,4739,0.044495146,175297,3433,0.019583906,392812,2684,0.0068327851,521565,878,0.0016833952
ES,2019-01-16,473118,1,3,94277,2632,0.027917732,172909,3293,0.0190447,262994,2815,0.010703666,355255,1551,0.004365878
ES,2019-01-17,551777,1,3,89699,3515,0.039186613,154937,4766,0.03076089,243248,1812,0.0074491877,309330,489,0.001580836
ES,2019-01-18,631604,1,3,134348,314,0.0023372138,207991,1464,0.0070387661,383765,2869,0.0074759293,508666,3036,0.005968553
ES,2019-01-21,29050,1,3,14670,1103,0.075187457,19421,1274,0.065599094,25629,1589,0.062000078,32640,1337,0.04096201
ES,2019-01-22,654318,1,3,99571,1023,0.010274076,178822,-1507,-0.0084273747,319114,-2128,-0.0066684633,401714,-2219,-0.0055238304
ES,2019-01-23,619957,1,3,90826,-849,-0.0093475437,151041,2200,0.014565582,258663,-1766,-0.0068274164,382247,-3141,-0.0082171999
ES,2019-01-24,453356,1,3,87604,-3158,-0.036048582,157782,-2521,-0.015977741,268986,-4709,-0.017506487,346095,-4925,-0.014230197
ES,2019-01-25,481997,1,4,84272,-3495,-0.04147285,141224,-1877,-0.013290942,251112,467,0.0018597279,354748,1272,0.0035856439
ES,2019-01-28,518295,1,4,108215,-2127,-0.019655316,200693,-970,-0.0048332528,327524,1396,0.0042622831,419425,2057,0.0049043333
ES,2019-01-29,450173,1,4,69307,608,0.0087725627,121069,1232,0.010176015,248688,4249,0.017085666,381902,3747,0.0098114176
ES,2019-01-30,586727,1,4,92662,-1673,-0.018054866,144259,-3689,-0.025572061,232554,-3475,-0.014942766,307335,-1349,-0.0043893471
ES,2019-01-31,647980,1,4,94253,595,0.0063127964,170965,4346,0.025420408,328664,11463,0.034877565,454826,13417,0.029499193
ES,2019-02-01,550968,1,4,104096,533,0.0051202736,177329,-1001,-0.0056448748,365912,4405,0.012038414,485032,451,0.00092983556
ES,2019-02-04,372046,1,4,75794,-3539,-0.04669235,131005,-3541,-0.027029503,269084,-723,-0.0026868933,334560,64,0.00019129603
ES,2019-02-05,433686,1,4,113765,8056,0.07081264,177576,9368,0.052754877,284243,10569,0.037182974,366060,11597,0.031680599
ES,2019-02-06,440745,1,4,98376,2159,0.02194641,171065,4214,0.024633911,314830,3484,0.01106629,422443,4351,0.010299614
ES,2019-02-07,727949,1,4,120210,-1914,-0.015922136,203060,-407,-0.0020043337,358179,2173,0.006066799,528473,1089,0.002060654
ES,2019-02-08,559857,1,4,93966,-438,-0.0046612605,184583,-1321,-0.0071566721,349149,-5770,-0.016525896,455604,-4520,-0.0099208962
ES,2019-02-11,409710,1,4,86377,-787,-0.0091112217,149873,-1085,-0.0072394627,251834,-2126,-0.008442069,337444,-3165,-0.0093793341
ES,2019-02-12,425449,1,4,95456,2666,0.027929098,161509,1832,0.011343021,274518,2547,0.0092780801,368232,4589,0.012462252
ES,2019-02-13,405094,1,4,109516,5521,0.050412725,177871,6176,0.034721793,281798,6002,0.021298945,373661,6606,0.017679126
ES,2019-02-14,608447,1,4,147538,-74,-0.0005015657,251310,1911,0.0076041542,399126,4470,0.011199471,615003,4154,0.0067544386
ES,2019-02-15,446285,1,4,161478,3825,0.023687437,257898,6105,0.023672149,416984,7125,0.017086987,539803,5907,0.010942881
ES,2019-02-18,18053,1,4,4708,-495,-0.10514019,8600,-234,-0.027209302,13968,-407,-0.02913803,18561,-696,-0.03749798
ES,2019-02-19,327420,1,4,84657,3407,0.040244752,146711,5843,0.039826598,221191,10015,0.045277611,290222,7459,0.025701015
ES,2019-02-20,476738,1,4,75162,-1488,-0.019797238,119344,-285,-0.0023880547,183223,-2481,-0.013540876,245978,-1822,-0.0074071665
ES,2019-02-21,494710,1,4,111695,2190,0.019606965,218342,2359,0.010804151,374207,-172,-0.00045963865,458785,-690,-0.0015039724
ES,2019-02-22,421128,1,4,78421,-1952,-0.024891292,123132,-994,-0.0080726375,224697,-1873,-0.0083356698,310240,-777,-0.0025045126
ES,2019-02-25,406470,1,4,98165,1022,0.010411043,184017,2875,0.015623557,292088,2535,0.0086788913,382567,4418,0.011548304
ES,2019-02-26,401405,1,4,99892,1990,0.019921515,166343,3510,0.021100978,281490,5637,0.020025578,371091,3061,0.0082486506
ES,2019-02-27,415275,1,4,70315,1791,0.025471094,121732,-74,-0.00060789275,325132,-3648,-0.011220058,422785,-1386,-0.003278262
ES,2019-02-28,418440,1,4,75591,463,0.0061250678,123027,-505,-0.00410479,247307,-2721,-0.011002519,340430,-3261,-0.0095790618
ES,2019-03-01,416502,1,4,102089,773,0.0075718246,154291,-1728,-0.011199616,313993,-3681,-0.011723191,400174,-3622,-0.0090510628
ES,2019-03-04,696457,1,4,77159,-1067,-0.013828588,145300,-5207,-0.035836201,243161,-4586,-0.018859932,346953,-7733,-0.022288321
ES,2019-03-05,426898,1,4,80430,-1876,-0.02332463,153441,-2986,-0.019460249,305967,-4225,-0.013808679,381641,-2441,-0.0063960633
ES,2019-03-06,522166,1,4,71931,-1279,-0.017780929,140400,-3099,-0.02207265,265993,-7399,-0.027816521,378964,-6401,-0.016890786
ES,2019-03-07,619855,1,4,128090,-7709,-0.060184245,256042,-15000,-0.058584139,398050,-18735,-0.047066951,508424,-20066,-0.039467059
ES,2019-03-08,443813,1,4,104290,-1145,-0.010979001,152651,-913,-0.0059809631,253773,-1184,-0.004665587,333812,-1187,-0.0035558937
ES,2019-03-11,374969,1,4,65321,1011,0.015477412,118281,1478,0.012495667,210220,1562,0.0074303111,296001,5156,0.01741886
ES,2019-03-12,423461,1,4,99930,-990,-0.0099069349,171732,535,0.0031153192,255733,3464,0.013545377,354513,7601,0.021440681
ES,2019-03-13,451568,1,4,70928,809,0.011405933,128624,2598,0.020198408,222701,3436,0.015428759,298464,4075,0.013653238
ES,2019-03-14,382381,1,4,80513,332,0.0041235577,140926,1528,0.01084257,247196,1203,0.0048665836,319687,1657,0.0051831948
ES,2019-03-15,450021,1,4,95958,2234,0.023281019,149061,1654,0.011096128,247981,1656,0.006677931,329614,1027,0.0031157657
ES,2019-03-18,380148,1,4,79427,1371,0.017261133,164074,-628,-0.0038275412,259357,-1535,-0.005918483,322904,-663,-0.0020532418
ES,2019-03-19,564150,1,4,91831,2559,0.027866407,160748,2127,0.013231891,248699,3396,0.013655061,315003,265,0.00084126183
ES,2019-03-20,651679,1,4,105628,-1163,-0.011010338,163989,-1569,-0.0095677149,259116,-44,-0.00016980812,332398,545,0.0016396007
ES,2019-03-21,583925,1,4,110294,5336,0.048379785,190220,8479,0.044574703,327802,10186,0.031073636,454499,15640,0.034411517
ES,2019-03-22,877074,1,4,97875,1042,0.010646232,267682,-3687,-0.013773806,447856,-2003,-0.0044724197,590455,-3808,-0.0064492637
ES,2019-03-25,708820,1,4,135043,-2139,-0.015839399,255447,-5352,-0.020951509,417403,-6355,-0.015225094,557053,-5912,-0.010612994
ES,2019-03-26,565252,1,4,104306,5862,0.056200027,177817,4881,0.027449569,289864,300,0.0010349681,388032,3442,0.0088704024
ES,2019-03-27,700398,1,4,104400,1919,0.018381226,196524,-367,-0.0018674564,300927,364,0.0012095957,450881,-5473,-0.012138458
ES,2019-03-28,470991,1,4,96329,2185,0.022682681,150790,1741,0.011545858,238559,2786,0.011678453,327210,820,0.0025060359
ES,2019-03-29,510894,1,4,76857,-3339,-0.043444319,130177,-3597,-0.027631609,225151,-5772,-0.025636129,326305,-8998,-0.027575428
ES,2019-04-01,415977,1,4,105804,-207,-0.0019564478,162167,450,0.0027749172,302972,1137,0.003752822,369109,819,0.0022188568
ES,2019-04-02,316195,1,4,79301,-1340,-0.016897643,121970,-484,-0.0039681889,198240,-2136,-0.010774818,254571,-3452,-0.013560068
ES,2019-04-03,439460,1,4,86338,588,0.0068104427,147420,-973,-0.0066001899,255152,-1785,-0.0069958299,323038,-708,-0.0021916926
ES,2019-04-04,402576,1,4,82818,-1189,-0.014356782,158343,-475,-0.0029998169,248642,-4117,-0.016557943,346496,-4422,-0.012762052
ES,2019-04-05,370643,1,4,90596,-1239,-0.0136761,158298,-316,-0.0019962349,252210,1307,0.0051821894,327095,2110,0.0064507253
ES,2019-04-08,333794,1,4,104703,553,0.0052816061,166818,4131,0.024763515,236943,3858,0.016282397,319379,3425,0.010723936
ES,2019-04-09,419960,1,4,135574,880,0.0064909201,195637,1469,0.0075088046,292553,2166,0.0074037867,389992,2985,0.0076540032
ES,2019-04-10,346106,1,4,92836,-674,-0.0072601146,149446,-949,-0.0063501198,241026,-390,-0.0016180827,309148,893,0.0028885841
ES,2019-04-11,341735,1,4,88828,602,0.0067771423,144669,2457,0.016983597,215354,3253,0.015105361,283636,5704,0.020110282
ES,2019-04-12,371396,1,4,120704,4486,0.037165297,184233,2494,0.013537206,285304,3884,0.013613549,386391,1677,0.0043401632
ES,2019-04-15,318945,1,4,68487,-1593,-0.023259889,115219,-1647,-0.014294517,183702,-3613,-0.019667723,268717,-3748,-0.013947759
ES,2019-04-16,366590,1,4,90509,-1724,-0.019047829,149435,-2929,-0.019600495,249328,-2719,-0.010905313,342034,-6576,-0.019226159
ES,2019-04-17,479346,1,4,130720,-5567,-0.042587209,212821,-8197,-0.038515936,384677,-11480,-0.029843219,469870,-14676,-0.031234171
ES,2019-04-18,420240,1,4,108970,-3549,-0.032568597,189190,-7316,-0.03867012,322741,-10984,-0.034033482,427278,-11915,-0.027885826
ES,2019-04-22,237810,1,4,75205,-442,-0.0058772688,108825,-2585,-0.023753733,179417,-3929,-0.021898705,229337,-2948,-0.012854446
ES,2019-04-23,396718,1,4,73526,-242,-0.0032913527,112564,-831,-0.0073824669,221773,2777,0.012521813,299737,2436,0.0081271248
ES,2019-04-24,358994,1,4,98038,1035,0.010557131,168315,1294,0.007687966,265036,1467,0.0055350971,340184,3136,0.0092185406
ES,2019-04-25,471145,1,4,131569,-2951,-0.022429296,211162,-83,-0.00039306315,380162,-4313,-0.011345163,510432,-4571,-0.0089551596
ES,2019-04-26,407402,1,4,114071,1333,0.011685705,188865,-249,-0.001318402,317577,663,0.0020876827,397846,38,9.5514345e-05
ES,2019-04-29,307375,1,5,76843,1221,0.015889541,150748,2318,0.015376655,241430,2050,0.008491074,316800,1094,0.0034532828
ES,2019-04-30,488969,1,5,88379,-2483,-0.028094909,145566,-2599,-0.017854444,254105,-1308,-0.0051474784,321137,-3251,-0.010123405
ES,2019-05-01,545066,1,5,69384,414,0.0059667935,104242,1082,0.010379693,200076,-2850,-0.014244587,244564,-837,-0.003422417
ES,2019-05-02,713344,1,5,118402,2080,0.017567271,174487,3754,0.021514497,273672,3410,0.012460171,363289,1187,0.0032673712
ES,2019-05-03,427942,1,5,98378,-1834,-0.018642379,171953,-1464,-0.0085139544,313474,-1256,-0.0040067119,385192,-980,-0.0025441858
ES,2019-05-06,564884,1,5,159485,3196,0.020039502,248344,5455,0.021965499,400778,3424,0.0085433831,494745,3433,0.0069389281
ES,2019-05-07,1018770,1,5,161777,-2631,-0.016263128,348692,-7513,-0.021546236,565545,-8057,-0.014246435,730074,-10635,-0.014567016
ES,2019-05-08,661246,1,4,157176,-6476,-0.041202219,252728,-6794,-0.026882656,370905,-4757,-0.012825387,488467,-1248,-0.0025549321
ES,2019-05-09,1011176,1,4,143163,2732,0.019083143,287480,-35,-0.0001217476,514457,-4248,-0.0082572499,677939,-2793,-0.0041198397
ES,2019-05-10,1033387,1,4,132378,3977,0.030042756,230842,3757,0.016275201,403849,-901,-0.0022310319,600501,-3009,-0.005010816
ES,2019-05-13,1078525,1,4,164779,4139,0.025118492,292328,4327,0.014801866,519989,3601,0.0069251465,703648,7059,0.010032005
ES,2019-05-14,582421,1,4,118428,-2029,-0.017132773,222860,-7007,-0.031441264,389721,-2072,-0.0053166239,499854,-1953,-0.0039071409
ES,2019-05-15,551963,1,4,110369,1636,0.014823003,205931,2801,0.013601643,454064,8996,0.019812185,575298,12895,0.02241447
ES,2019-05-16,509996,1,4,98271,5227,0.053189649,200427,11579,0.057771658,334565,12751,0.038112176,434035,13755,0.031690993
ES,2019-05-17,654484,1,4,148525,12425,0.08365595,234178,13042,0.055692678,407535,17208,0.042224594,559207,16024,0.028654863
ES,2019-05-20,570909,1,4,134469,-1357,-0.010091545,240807,-1017,-0.0042232992,379291,-204,-0.00053784561,493311,2991,0.0060631123
ES,2019-05-21,406351,1,4,98780,2645,0.026776675,172148,2240,0.013012059,281966,1141,0.0040465872,396576,6680,0.016844186
ES,2019-05-22,412118,1,4,93039,1370,0.014725008,156392,2676,0.01711085,305881,4212,0.013770061,388671,2254,0.0057992492
ES,2019-05-23,704485,1,4,123885,-1817,-0.014666828,232599,-3098,-0.01331906,373278,200,0.0005357937,488854,888,0.0018164933
ES,2019-05-24,388151,1,4,89833,-124,-0.0013803391,149056,-1114,-0.0074737012,236864,-4870,-0.020560322,341469,-7459,-0.021843857
ES,2019-05-27,19623,1,4,3336,148,0.044364508,6689,-175,-0.026162356,14555,-855,-0.0587427,19520,-1050,-0.053790984
ES,2019-05-28,471505,1,4,83713,2383,0.028466308,134961,2479,0.018368269,238897,1415,0.0059230547,346553,-1243,-0.003586753
ES,2019-05-29,696141,1,4,135628,-5594,-0.041245171,221086,-7034,-0.031815674,394994,-710,-0.0017974957,512469,-3389,-0.0066130829
ES,2019-05-30,438723,1,4,88438,2961,0.033481083,142307,2907,0.020427667,215961,816,0.00377846,312065,-1611,-0.005162386
ES,2019-05-31,597937,1,4,141118,27,0.00019132924,235894,-593,-0.002513841,365680,7420,0.020290965,486114,5525,0.011365647
ES,2019-06-03,851341,1,4,129768,1719,0.013246717,234747,218,0.00092865937,431946,4959,0.011480602,558143,7576,0.013573582
ES,2019-06-04,593443,1,4,112224,-3230,-0.028781722,209934,-1784,-0.0084979089,394391,4863,0.012330403,536879,9822,0.018294625
ES,2019-06-05,587206,1,4,112007,-2427,-0.021668289,200095,-4835,-0.024163522,360331,-1627,-0.0045152929,514529,-5718,-0.011113076
ES,2019-06-06,529811,1,4,115482,-1275,-0.011040682,181320,-1830,-0.010092654,284153,-6613,-0.023272674,372200,-6644,-0.017850618
ES,2019-06-07,504741,1,4,118221,5083,0.042995745,201673,4401,0.021822455,329403,6411,0.019462482,487802,12614,0.025858853
ES,2019-06-10,449923,1,4,92941,2693,0.028975371,153760,2824,0.018366285,254465,4943,0.019425068,338444,6315,0.018658921
ES,2019-06-11,474860,1,4,129005,1342,0.010402698,189338,1145,0.0060473862,320073,2154,0.0067297148,432711,2825,0.0065286069
ES,2019-06-12,364618,1,4,109152,3913,0.035849091,167751,3218,0.019183194,263044,3326,0.012644272,354017,3706,0.010468424
ES,2019-06-13,356766,1,4,63404,-982,-0.015487982,109152,-1468,-0.013449135,201252,-359,-0.0017838332,272536,220,0.00080723281
ES,2019-06-14,257481,1,4,68332,-1218,-0.017824738,114457,-1003,-0.0087631163,194694,1455,0.0074732657,238105,2313,0.0097142017
ES,2019-06-17,267457,1,4,81434,-341,-0.0041874401,129517,420,0.0032428175,197182,1545,0.0078354008,265813,4055,0.015255085
ES,2019-06-18,518209,1,4,199411,1624,0.008143984,325770,2625,0.0080578322,468151,2968,0.0063398348,568753,4548,0.0079964413
ES,2019-06-19,482060,1,4,102931,-2052,-0.019935685,154201,-2028,-0.013151666,217667,-1810,-0.0083154543,279289,33,0.00011815718
ES,2019-06-20,516423,1,4,108786,983,0.0090360892,186859,4140,0.022155743,339694,1930,0.005681584,439251,2316,0.0052726118
ES,2019-06-21,428197,1,4,105518,2262,0.021437101,172886,3399,0.019660354,267682,5478,0.020464581,357725,7574,0.021172689
ES,2019-06-24,310688,1,5,70615,2065,0.029243079,119741,753,0.0062885728,196743,2582,0.01312372,266391,822,0.0030856898
ES,2019-06-25,493773,1,5,111930,-4207,-0.037585991,168104,-3778,-0.022474183,280788,-3382,-0.012044674,371438,-2244,-0.0060413851
ES,2019-06-26,381074,1,5,84362,1240,0.014698561,169900,2234,0.013148911,271102,1169,0.0043120302,343782,2278,0.0066262922
ES,2019-06-27,321640,1,5,72924,134,0.0018375295,118720,721,0.0060731132,195126,1954,0.010014042,258982,86,0.00033206941
ES,2019-06-28,366538,1,4,70693,-207,-0.0029281541,127402,-1391,-0.010918196,197910,-557,-0.0028144106,250393,1247,0.0049801712
ES,2019-07-01,432173,1,4,106626,-149,-0.0013974078,191661,-450,-0.0023478955,317682,-2744,-0.0086375684,398167,-3056,-0.0076751715
ES,2019-07-02,354016,1,5,70063,-1324,-0.018897278,120703,-1949,-0.016147072,198822,127,0.00063876231,274828,1155,0.0042026286
ES,2019-07-03,231557,1,5,75810,-203,-0.002677747,113906,554,0.0048636595,186525,174,0.00093285082,267682,957,0.0035751377
ES,2019-07-04,12497,1,5,2493,-84,-0.033694344,4207,-91,-0.021630616,7675,-246,-0.032052117,14514,-151,-0.010403748
ES,2019-07-05,379878,1,5,90084,-3521,-0.039085742,146626,-3880,-0.026461883,248861,-5362,-0.021546164,346794,-7409,-0.021364268
ES,2019-07-08,309192,1,5,86515,-1238,-0.014309657,134069,-1677,-0.012508484,222053,-2748,-0.012375424,295351,-3180,-0.01076685
ES,2019-07-09,276386,1,5,79042,1898,0.02401255,127859,3079,0.024081214,207502,5495,0.026481672,268249,7565,0.02820141
ES,2019-07-10,428886,1,5,117839,3766,0.031958859,219385,7591,0.034601272,342019,4794,0.014016765,459260,5648,0.012298045
ES,2019-07-11,366182,1,5,79198,301,0.003800601,148291,1101,0.0074245908,252232,-1570,-0.0062244283,339172,-1670,-0.0049237555
ES,2019-07-12,261590,1,5,75270,-4332,-0.05755281,123839,-6300,-0.050872504,190293,-5891,-0.030957523,244331,-6717,-0.027491395
ES,2019-07-15,235464,1,5,68344,672,0.0098326115,102143,-310,-0.0030349608,169176,-1143,-0.0067562775,224663,-2770,-0.012329578
ES,2019-07-16,283703,1,5,56531,-72,-0.0012736375,85659,-555,-0.0064791791,135604,-821,-0.0060543937,177557,-1705,-0.0096025502
ES,2019-07-17,310459,1,5,61996,-1527,-0.024630621,105716,-2286,-0.021623974,185946,-5058,-0.027201446,292760,-8169,-0.027903402
ES,2019-07-18,389483,1,5,90018,780,0.0086649337,135682,451,0.0033239486,246825,1405,0.0056922921,315785,458,0.0014503539
ES,2019-07-19,436196,1,5,91483,-1691,-0.018484309,134115,-2426,-0.018088954,227154,-6606,-0.029081592,311093,-9462,-0.030415342
ES,2019-07-22,331816,1,5,93455,79,0.00084532663,141071,-717,-0.0050825471,215373,-2748,-0.01275926,300973,-4679,-0.015546245
ES,2019-07-23,330514,1,5,72055,-1819,-0.025244605,114509,-2198,-0.019194998,190483,-2637,-0.013843755,248551,-675,-0.0027157404
ES,2019-07-24,313296,1,5,59492,1657,0.027852484,127024,4464,0.035142965,194405,4869,0.025045652,273478,6420,0.02347538
ES,2019-07-25,437706,1,5,99527,-1754,-0.017623358,190870,-2890,-0.015141196,286888,-1319,-0.004597613,373237,-204,-0.00054656961
ES,2019-07-26,267125,1,5,86211,1645,0.019081092,139299,4387,0.031493406,223259,3067,0.013737408,284632,1112,0.003906799
ES,2019-07-29,258183,1,5,67127,-2424,-0.036110656,124695,-5332,-0.042760335,221282,-4165,-0.018822136,275621,-2257,-0.008188781
ES,2019-07-30,347326,1,5,134008,1300,0.0097009134,184175,624,0.003388082,281724,-367,-0.0013026934,347363,-910,-0.0026197379
ES,2019-07-31,736843,1,5,56942,-468,-0.0082188894,104757,-996,-0.0095077179,167664,-1467,-0.0087496421,221866,-1736,-0.0078245427
ES,2019-08-01,1022327,1,5,154192,1996,0.0129449,240038,2976,0.012398037,405388,8806,0.021722399,542976,11578,0.021323226
ES,2019-08-02,811134,1,5,159056,-1919,-0.012064933,255686,-4621,-0.018072949,432229,-15328,-0.035462683,590803,-18075,-0.030593954
ES,2019-08-05,1012029,1,5,183168,-5096,-0.027821454,296853,-4116,-0.013865449,478044,-6344,-0.013270745,642542,-3176,-0.0049428675
ES,2019-08-06,778979,1,5,160909,3571,0.022192668,264874,491,0.0018537116,453078,-2319,-0.005118324,570675,-1991,-0.0034888509
ES,2019-08-07,996337,1,5,156065,-181,-0.0011597732,294333,1497,0.005086076,519296,8826,0.016996087,727251,13806,0.018983817
ES,2019-08-08,559668,1,5,118746,1610,0.013558351,220600,5328,0.024152312,322040,4473,0.013889579,428063,7367,0.017210084
ES,2019-08-09,718480,1,5,105838,3360,0.031746632,184460,2506,0.013585601,378905,9,2.3752656e-05,522494,1799,0.0034431017
ES,2019-08-12,571270,1,5,122810,-2989,-0.024338409,189545,-2724,-0.014371257,303253,-1468,-0.0048408425,412610,-720,-0.0017449892
ES,2019-08-13,821322,1,5,190762,13138,0.068871159,460170,20123,0.043729491,699205,24670,0.035282928,851261,20482,0.024060776
ES,2019-08-14,986297,1,4,153905,2,1.2995029e-05,283809,213,0.00075050474,455408,-1352,-0.0029687665,591951,-4144,-0.0070005794
ES,2019-08-15,812773,1,4,177139,-3331,-0.018804442,281066,-3477,-0.01237076,422624,-4536,-0.010732945,535550,-5555,-0.010372514
ES,2019-08-16,479141,1,4,95282,6803,0.071398585,142534,8123,0.056989911,302183,4946,0.016367565,442355,12574,0.028425134
ES,2019-08-19,363815,1,4,80344,-2923,-0.036381061,138114,-3762,-0.027238368,236381,-5367,-0.022704871,301671,-5587,-0.018520176
ES,2019-08-20,485032,1,4,129681,-1621,-0.012499904,233197,-929,-0.0039837562,355633,-1595,-0.0044849606,444807,-3280,-0.0073739847
ES,2019-08-21,362949,1,4,90958,2346,0.025792124,146155,-21,-0.00014368308,215399,-370,-0.0017177424,296845,-1215,-0.0040930452
ES,2019-08-22,501156,1,4,85782,-127,-0.0014804971,156226,-1650,-0.010561622,281548,-6389,-0.022692401,476284,-8688,-0.018241217
ES,2019-08-23,1070294,1,4,99835,1583,0.015856163,166966,1522,0.0091156283,389923,7132,0.018290791,546435,5500,0.010065241
ES,2019-08-26,514286,1,4,137242,-2753,-0.020059457,210911,-5265,-0.024963136,340065,-9629,-0.028315175,443514,-7271,-0.016394071
ES,2019-08-27,542222,1,4,75923,-2523,-0.033231037,152820,-273,-0.0017864154,251166,-668,-0.0026595956,323286,-2870,-0.0088775883
ES,2019-08-28,469461,1,4,130377,2038,0.015631591,210505,4543,0.021581435,330494,8159,0.024687286,424077,11692,0.027570465
ES,2019-08-29,433291,1,4,114952,-208,-0.0018094509,178798,1581,0.0088423808,283206,-2286,-0.0080718629,434883,-5795,-0.013325423
ES,2019-08-30,511502,1,4,78148,-2607,-0.033359779,133712,-2729,-0.020409537,245518,-3024,-0.012316816,329721,-2118,-0.0064236127
ES,2019-09-02,57108,1,4,8171,-362,-0.044303023,12852,-474,-0.036881419,22502,-415,-0.018442805,28936,-564,-0.019491291
ES,2019-09-03,561615,1,4,111493,1645,0.01475429,172127,4309,0.025033841,384432,5667,0.014741229,511531,6208,0.012136117
ES,2019-09-04,353348,1,4,86580,-2230,-0.025756526,139411,-2255,-0.016175194,245731,-3269,-0.013303165,313587,-326,-0.0010395839
ES,2019-09-05,478749,1,4,83255,-738,-0.0088643325,181702,2398,0.013197433,396108,5367,0.013549335,503470,3221,0.0063976007
ES,2019-09-06,353418,1,4,92563,-50,-0.00054017264,165115,1274,0.0077158344,253642,3552,0.01400399,320446,4363,0.013615399
ES,2019-09-09,398675,1,4,90267,-2073,-0.022965203,152588,-3695,-0.024215535,250107,-2719,-0.010871347,314671,-401,-0.0012743469
ES,2019-09-10,483486,1,4,137384,-5853,-0.042603214,227749,-4889,-0.021466615,355885,-5887,-0.01654186,443137,-5462,-0.012325759
ES,2019-09-11,396803,1,5,104536,1383,0.013229892,186516,-2527,-0.013548436,295257,3812,0.012910786,383763,4040,0.010527331
ES,2019-09-12,516427,1,5,111357,4108,0.036890362,214875,4389,0.020425829,429977,7203,0.016752059,600049,5614,0.0093559026
ES,2019-09-13,285901,1,5,73055,890,0.012182602,115998,1603,0.013819204,184585,2748,0.01488745,226097,3881,0.017165199
ES,2019-09-16,317769,1,5,94337,-1565,-0.016589461,134131,-110,-0.00082009379,193197,-12,-6.2112766e-05,255708,2539,0.0099292944
ES,2019-09-17,296740,1,5,96478,-2086,-0.02162151,145147,-846,-0.0058285738,197895,-1861,-0.0094039769,243820,-3017,-0.012373882
ES,2019-09-18,477232,1,5,65369,1703,0.026052104,101672,1127,0.011084664,160619,1730,0.01077083,209872,210,0.0010006099
ES,2019-09-19,365615,1,5,86174,-1706,-0.019797155,126373,-2987,-0.023636378,207250,-4106,-0.019811821,263417,-4626,-0.017561509
ES,2019-09-20,464170,1,5,90162,77,0.00085401832,129528,-605,-0.0046708048,207612,-3153,-0.015186983,268624,-5084,-0.018926083
ES,2019-09-23,323157,1,5,90239,238,0.0026374406,139497,-821,-0.0058854312,223203,-2237,-0.010022267,290464,-3438,-0.011836234
ES,2019-09-24,770431,1,5,69168,346,0.0050023132,106405,2707,0.025440534,257022,-2353,-0.0091548583,334566,-3039,-0.0090834096
ES,2019-09-25,516446,1,5,66790,-2384,-0.035693966,135962,-4256,-0.031302864,365159,-5545,-0.015185166,500260,-5479,-0.010952305
ES,2019-09-26,501752,1,5,94359,-835,-0.0088491824,153451,-1126,-0.0073378473,272967,-2185,-0.0080046306,362788,-2501,-0.0068938333
ES,2019-09-27,641376,1,5,75553,-1927,-0.025505274,126368,-2838,-0.022458217,225604,-2319,-0.010279073,298614,-1218,-0.0040788443
ES,2019-09-30,347646,1,5,57711,-1437,-0.024899932,112938,100,0.00088544157,172584,-642,-0.0037199277,231585,212,0.00091543062
ES,2019-10-01,622899,1,5,72546,-1037,-0.014294379,116503,-1137,-0.0097594053,365704,-2783,-0.0076099797,470391,-2668,-0.0056718772
ES,2019-10-02,770529,1,5,152704,-7193,-0.047104202,249534,-6779,-0.027166639,403892,-5183,-0.012832638,606429,-6796,-0.011206588
ES,2019-10-03,795859,1,5,106370,647,0.0060825421,164312,1811,0.011021715,549544,3733,0.0067929047,739145,1652,0.0022350148
ES,2019-10-04,458016,1,5,117436,-106,-0.0009026193,192441,1271,0.0066046217,317490,1375,0.0043308451,413166,1313,0.0031778994
ES,2019-10-07,465019,1,5,65561,165,0.0025167401,111183,-340,-0.0030580215,187669,-997,-0.005312545,257971,317,0.0012288203
ES,2019-10-08,699745,1,5,128514,-1391,-0.010823723,201925,-2374,-0.01175684,351367,388,0.0011042585,477505,2333,0.0048858127
ES,2019-10-09,424270,1,5,87490,-1262,-0.014424506,139312,-2367,-0.01699064,218261,-1277,-0.0058507933,277170,-2041,-0.0073637118
ES,2019-10-10,518932,1,4,61797,2937,0.047526579,173480,7903,0.045555684,285072,8071,0.028312146,364030,12570,0.034530121
ES,2019-10-11,647103,1,4,83446,659,0.0078973228,183010,4005,0.02188405,304137,6491,0.021342356,369308,6368,0.01724306
ES,2019-10-14,256911,1,4,68516,-103,-0.0015032985,104266,24,0.0002301805,166358,796,0.0047848616,207856,2550,0.012268109
ES,2019-10-15,368260,1,4,61981,2274,0.036688663,101672,2558,0.025159336,216334,17391,0.080389583,358144,23637,0.065998593
ES,2019-10-16,358280,1,4,84590,2563,0.03029909,130750,2691,0.020581262,225385,2655,0.011779843,287673,3016,0.010484126
ES,2019-10-17,371665,1,4,64461,-239,-0.0037076682,120250,-26,-0.00021621622,202597,-96,-0.0004738471,282866,-2246,-0.0079401554
ES,2019-10-18,464919,1,4,90447,-234,-0.0025871505,132170,161,0.0012181282,229539,-364,-0.0015857872,317779,-1252,-0.003939845
ES,2019-10-21,287267,1,4,87846,1045,0.011895818,131852,160,0.0012134818,200137,737,0.0036824775,256425,-97,-0.00037827825
ES,2019-10-22,392260,1,4,64477,-1543,-0.023931014,99840,-1185,-0.01186899,178521,-2723,-0.015253107,242267,-3460,-0.014281764
ES,2019-10-23,330426,1,4,80800,1008,0.012475248,126208,1093,0.0086603068,198703,-141,-0.00070960177,278622,3490,0.012525931
ES,2019-10-24,377553,1,4,74166,-739,-0.0099641345,143582,-3315,-0.023087852,248250,-3671,-0.014787513,312679,-2315,-0.0074037591
ES,2019-10-25,367528,1,4,68022,-1076,-0.015818412,101190,782,0.0077280364,187849,4303,0.022906696,275852,6127,0.022211186
ES,2019-10-28,320312,1,4,102084,3470,0.033991615,161068,4463,0.027708794,226164,6119,0.027055588,298307,6282,0.021058842
ES,2019-10-29,367885,1,4,64975,1592,0.024501731,109962,1358,0.012349721,172897,1232,0.0071256297,267322,6603,0.024700548
ES,2019-10-30,466058,1,4,76714,-1065,-0.013882733,108842,-1456,-0.013377189,247343,-743,-0.0030039257,305669,1560,0.0051035597
ES,2019-10-31,594608,1,4,81953,-1499,-0.018290972,157430,-671,-0.0042622118,330008,1324,0.004012024,477757,4885,0.010224863
ES,2019-11-01,390879,1,4,84165,2064,0.024523258,149342,3492,0.023382572,303920,3439,0.011315478,363905,1788,0.0049133702
ES,2019-11-04,360051,1,4,109724,1993,0.018163756,171173,650,0.0037973278,281316,2048,0.0072800694,344671,844,0.002448712
ES,2019-11-05,358467,1,4,78266,1303,0.016648353,128140,1989,0.015522085,294229,3154,0.010719542,382035,1964,0.0051408902
ES,2019-11-06,374737,1,5,71132,888,0.012483833,113683,1528,0.013440884,190838,455,0.0023842212,253959,-779,-0.0030674243
ES,2019-11-07,427694,1,5,112483,3191,0.028368731,170358,3390,0.019899271,259063,2124,0.0081987779,351952,4729,0.013436491
ES,2019-11-08,341454,1,5,68617,1131,0.016482796,139041,-827,-0.0059478859,290562,-45,-0.00015487228,354753,1035,0.0029175229
ES,2019-11-11,249361,1,5,77860,2156,0.027690727,131003,4137,0.031579429,190722,6437,0.033750695,238760,5735,0.024019936
ES,2019-11-12,386376,1,5,66723,1510,0.022630877,129537,4374,0.033766414,219294,6347,0.02894288,289951,6816,0.02350742
ES,2019-11-13,423398,1,5,83753,1422,0.016978496,129983,1750,0.013463299,202246,4635,0.022917635,299957,6545,0.021819794
ES,2019-11-14,337505,1,5,54637,338,0.006186284,85333,1287,0.01508209,161080,-38,-0.00023590762,223997,-1222,-0.0054554302
ES,2019-11-15,320818,1,5,87989,-5068,-0.057598109,130827,-4849,-0.037064215,210235,-5756,-0.027378886,260439,-5965,-0.022903636
ES,2019-11-18,301537,1,5,82700,809,0.0097823458,122897,2375,0.019325126,206037,1551,0.0075277741,281650,2198,0.0078040121
ES,2019-11-19,380405,1,5,69593,-1874,-0.026927996,123145,-2262,-0.01836859,218385,1738,0.0079584221,326152,520,0.0015943486
ES,2019-11-20,568078,1,5,73244,2022,0.027606357,122311,4001,0.032711694,196854,4394,0.022321111,269683,6300,0.023360761
ES,2019-11-21,419166,1,5,89768,-2224,-0.024774975,145352,-881,-0.0060611481,295074,-1483,-0.0050258579,404811,-1952,-0.0048220034
ES,2019-11-22,295424,1,5,65903,-1311,-0.019892873,113575,-441,-0.0038828968,187043,-2362,-0.012628112,266835,-3276,-0.01227725
ES,2019-11-25,251554,1,5,70148,4579,0.065276273,130743,7492,0.057303259,196799,9367,0.047596787,254618,12774,0.050169273
ES,2019-11-26,308627,1,5,80899,1368,0.016909974,122696,1431,0.011662972,199866,1347,0.0067395155,261216,1871,0.0071626547
ES,2019-11-27,273698,1,5,74077,-661,-0.0089231475,107857,-174,-0.0016132472,165219,-1802,-0.010906736,236395,418,0.0017682269
ES,2019-11-28,13601,1,5,2277,-254,-0.11155029,4541,-224,-0.049328342,6967,-296,-0.042486005,11898,-410,-0.034459573
ES,2019-11-29,217630,1,5,59012,-592,-0.010031858,100061,1199,0.011982691,158902,1322,0.0083195932,201265,2442,0.012133257
ES,2019-12-02,667150,1,5,135604,-2529,-0.018649892,209619,-3211,-0.015318268,482607,-1567,-0.0032469483,691974,-2941,-0.0042501597
ES,2019-12-03,709410,1,5,203194,441,0.0021703397,399459,1845,0.0046187469,630725,2199,0.003486464,781208,1346,0.0017229726
ES,2019-12-04,377789,1,5,120601,1135,0.0094111989,203547,3840,0.018865422,344527,-426,-0.0012364778,413262,249,0.00060252334
ES,2019-12-05,448513,1,5,90312,-2130,-0.023584906,142240,-3500,-0.024606299,303178,-4254,-0.014031361,406075,-4173,-0.010276427
ES,2019-12-06,360754,1,5,141377,-761,-0.0053827709,207818,-2683,-0.012910335,338226,-6261,-0.018511291,410888,-5780,-0.014067094
ES,2019-12-09,335836,1,5,79284,2052,0.025881641,126881,2965,0.023368353,204578,2848,0.013921341,260518,3444,0.013219816
ES,2019-12-10,416960,1,5,126109,-842,-0.0066767638,192194,12,6.2436913e-05,305752,2532,0.0082812214,378977,1140,0.0030080981
ES,2019-12-11,357256,1,5,81885,-1077,-0.013152592,115194,73,0.00063371356,180857,-1768,-0.0097756791,242624,-3625,-0.014940814
ES,2019-12-12,789280,1,5,229181,6085,0.026551067,347390,9532,0.027438902,587882,10623,0.018069953,706540,8549,0.01209981
ES,2019-12-13,542388,1,5,87476,823,0.0094082948,142686,1505,0.010547636,340195,3040,0.0089360514,506148,9933,0.019624695
ES,2019-12-16,302864,1,5,104968,1608,0.015318954,166521,267,0.0016034014,267731,496,0.0018526058,330262,-1780,-0.0053896603
ES,2019-12-17,313136,1,5,99174,685,0.0069070523,149783,-513,-0.0034249548,228577,102,0.00044623912,287222,236,0.00082166408
ES,2019-12-18,277634,1,5,71449,178,0.0024912875,122907,-881,-0.0071680213,177303,-1211,-0.0068301157,237385,918,0.0038671357
ES,2019-12-19,271435,1,5,64513,1006,0.015593756,95893,741,0.0077273628,160201,1493,0.0093195423,207866,2837,0.013648216
ES,2019-12-20,340823,1,5,136000,4939,0.036316176,198515,-80,-0.00040299222,279700,-924,-0.0033035395,319011,862,0.0027021012
ES,2019-12-23,193027,1,5,63369,-3204,-0.050561,93097,-2853,-0.030645456,137508,-4437,-0.032267214,167977,-3756,-0.022360204
ES,2019-12-24,100720,1,5,42610,-390,-0.009152781,64273,47,0.00073125574,93935,982,0.010454037,117082,312,0.002664799
ES,2019-12-26,140652,1,5,34931,1526,0.043686124,54435,1557,0.028602921,76836,1747,0.022736738,96440,2854,0.02959353
ES,2019-12-27,321724,1,5,73311,-3185,-0.043445049,140139,-6108,-0.043585297,239049,-4653,-0.019464629,294623,-3789,-0.012860503
ES,2019-12-30,404842,1,5,104217,-5977,-0.057351488,182207,-7079,-0.038851416,333413,-11658,-0.034965643,407952,-10383,-0.025451524
ES,2019-12-31,350902,1,5,104351,-382,-0.003660722,144499,1384,0.009577921,221280,109,0.00049258858,291271,2149,0.0073780088
ES,2020-01-02,442212,1,5,119797,979,0.0081721579,199356,1024,0.0051365397,367833,-542,-0.0014734948,461428,-825,-0.0017879279
ES,2020-01-03,533901,1,5,152070,4713,0.030992306,229106,5445,0.023766292,370285,5203,0.014051339,453592,5530,0.012191573
ES,2020-01-06,439991,1,5,115821,1535,0.01325321,209525,1044,0.004982699,312480,1420,0.0045442908,405092,789,0.0019477057
ES,2020-01-07,425579,1,5,148115,-447,-0.0030179253,221119,1548,0.0070007552,338892,3220,0.0095015521,437049,3237,0.0074064922
ES,2020-01-08,604817,1,5,101683,1397,0.013738776,164599,3031,0.01841445,271047,1246,0.0045969887,358953,546,0.0015210905
ES,2020-01-09,424825,1,5,129047,-183,-0.001418088,192585,15,7.7887686e-05,268920,-1015,-0.0037743567,337457,-2166,-0.0064185956
ES,2020-01-10,477064,1,5,118687,-1224,-0.01031284,193832,1645,0.0084867308,310742,-2556,-0.0082254732,384489,-4264,-0.011090044
ES,2020-01-13,336897,1,5,100902,-586,-0.0058076153,151114,-43,-0.00028455338,221147,-1609,-0.0072757035,276466,35,0.00012659785
ES,2020-01-14,591490,1,5,122505,4976,0.04061875,199725,4978,0.024924271,303622,6236,0.020538696,390312,5877,0.015057185
ES,2020-01-15,506216,1,5,97945,3452,0.03524427,178642,7545,0.042235309,288783,8531,0.029541213,379595,11133,0.029328627
ES,2020-01-16,408128,1,5,112807,1255,0.011125196,204728,2929,0.014306788,316619,-301,-0.00095066942,411821,-3451,-0.0083798544
ES,2020-01-17,365964,1,5,124911,-5760,-0.046112832,174679,-4854,-0.027788114,267431,-6429,-0.024039846,337873,-7608,-0.022517336
ES,2020-01-20,16863,1,5,3955,162,0.040960809,6369,250,0.03925263,10829,242,0.0223474,16525,108,0.0065355522
ES,2020-01-21,446708,1,5,113038,3408,0.030149153,175435,2616,0.014911506,292102,-210,-0.00071892695,367172,278,0.00075713834
ES,2020-01-22,475968,1,5,109085,1019,0.0093413393,173406,1978,0.011406756,306386,2415,0.0078822139,386773,2582,0.0066757504
ES,2020-01-23,553704,1,5,191242,-163,-0.00085232323,280119,1671,0.0059653219,417825,2595,0.0062107342,514151,5242,0.010195448
ES,2020-01-24,974292,1,5,98457,-429,-0.0043572321,184971,-2912,-0.015743008,334898,-8514,-0.025422666,485386,-8847,-0.018226731
ES,2020-01-27,833098,1,5,226938,-5414,-0.023856736,345080,-6953,-0.020148951,544624,-8629,-0.015843958,691721,-9895,-0.0143049
ES,2020-01-28,577678,1,5,144147,2798,0.01941074,218204,5670,0.025984858,416299,9804,0.023550381,545614,14647,0.026844986
ES,2020-01-29,609994,1,5,94253,-267,-0.0028328011,173226,-2625,-0.015153614,372016,-5121,-0.013765537,481615,-4463,-0.009266738
ES,2020-01-30,906047,1,5,150227,-483,-0.0032151344,232228,-1867,-0.0080395129,355972,-1719,-0.0048290315,515020,-2646,-0.0051376646
ES,2020-01-31,1188927,1,5,143552,-1093,-0.0076139657,264946,-5587,-0.021087316,474851,-9404,-0.019804107,660483,-15068,-0.022813608
ES,2020-02-03,612501,1,4,107786,700,0.0064943499,192751,798,0.0041400563,403066,2813,0.0069790059,503144,559,0.0011110139
ES,2020-02-04,511432,1,4,131115,58,0.00044235976,228932,5235,0.022867052,377505,3462,0.0091707395,480982,3022,0.0062829794
ES,2020-02-05,638816,1,4,120103,-2565,-0.021356669,215547,-1002,-0.0046486381,393129,-4209,-0.010706409,570191,-1727,-0.0030288096
ES,2020-02-06,464277,1,4,128614,-3207,-0.024935077,212061,-1521,-0.0071724645,345862,-2380,-0.0068813573,435129,-61,-0.00014018831
ES,2020-02-07,564247,1,4,148944,-2643,-0.017744924,223077,-2491,-0.011166548,348103,1364,0.0039183805,440749,514,0.0011661966
ES,2020-02-10,390697,1,4,97156,3287,0.033832187,162446,4447,0.027375251,275020,8350,0.030361428,361755,10902,0.030136418
ES,2020-02-11,528871,1,4,115969,-1862,-0.016056015,186688,-3789,-0.020295895,313369,-7193,-0.02295377,398214,-10828,-0.02719141
ES,2020-02-12,405548,1,4,108770,1706,0.015684472,177374,1540,0.0086822195,301768,1008,0.0033403144,370717,491,0.0013244604
ES,2020-02-13,539337,1,4,119620,3017,0.025221535,212806,1095,0.0051455316,368497,-517,-0.0014029965,467176,1325,0.0028361902
ES,2020-02-14,428635,1,4,84599,-536,-0.0063357723,144638,-1257,-0.0086906622,259541,-869,-0.0033482186,324712,1014,0.0031227673
ES,2020-02-17,12903,1,4,3469,1017,0.29316806,5563,1146,0.20600395,8490,1240,0.14605418,12220,1980,0.16202946
ES,2020-02-18,497753,1,4,138120,5697,0.041246742,209424,5052,0.02412331,337499,1845,0.0054666829,460623,5541,0.01202936
ES,2020-02-19,346256,1,4,123610,498,0.0040288003,185851,2255,0.012133376,267181,2546,0.0095291207,335499,5099,0.015198257
ES,2020-02-20,817378,1,4,91057,1776,0.019504267,164067,4790,0.02919539,239687,3255,0.013580211,305194,2437,0.0079850849
ES,2020-02-21,838060,1,4,153399,-4469,-0.029133176,324145,-8895,-0.027441423,530286,-5395,-0.010173755,705858,-8477,-0.012009498
ES,2020-02-24,1180412,1,4,227428,3921,0.017240621,360724,2924,0.0081059203,561289,2557,0.0045555854,752788,10024,0.013315834
ES,2020-02-25,1871880,1,4,148751,-70,-0.00047058507,279955,-2482,-0.0088657106,541288,-7913,-0.014618835,886325,-9427,-0.010636053
ES,2020-02-26,1460020,1,4,208661,4586,0.021978233,354278,-1040,-0.0029355478,611277,-4895,-0.0080078262,835566,-8467,-0.010133251
ES,2020-02-27,1950724,1,4,250450,-1778,-0.0070992214,470431,-6103,-0.01297321,792653,-9776,-0.012333266,1104506,-5456,-0.0049397649
ES,2020-02-28,2335067,1,4,266709,939,0.0035206911,492433,7447,0.01512287,898689,21584,0.024017207,1180496,30081,0.025481662
ES,2020-03-02,1367623,1,3,178775,-3991,-0.02232415,291575,-2922,-0.010021435,496758,-1353,-0.0027236602,676203,-633,-0.00093610942
ES,2020-03-03,1764874,1,3,140418,-538,-0.0038314176,234420,1426,0.0060830987,653221,-2595,-0.0039726218,830877,-3980,-0.0047901194
ES,2020-03-04,1015275,1,3,145111,5319,0.036654699,235944,7032,0.029803682,432541,8866,0.020497479,571478,8971,0.015697892
ES,2020-03-05,1223033,1,3,131803,3162,0.023990349,234745,6543,0.027872798,399324,13250,0.033181076,524728,14515,0.027661951
ES,2020-03-06,1336017,1,3,145843,3160,0.021667135,254882,6163,0.024179817,486099,18623,0.038311126,666736,21968,0.032948573
ES,2020-03-09,1162098,1,3,18635,5795,0.31097397,157598,816,0.0051777307,385084,5863,0.01522525,518784,7134,0.013751388
ES,2020-03-10,1506750,1,3,123494,-2852,-0.023094239,206119,-3157,-0.015316395,363250,-4336,-0.011936683,533639,-10807,-0.020251518
ES,2020-03-11,1345666,1,3,125647,-158,-0.0012574912,206223,1778,0.0086217347,347625,6295,0.018108594,488779,6669,0.013644203
ES,2020-03-12,1678707,1,3,81130,-4656,-0.057389375,224406,-15310,-0.068224557,453293,-15780,-0.034811921,612550,-11753,-0.019187005
ES,2020-03-13,1031533,1,3,134823,1996,0.014804596,215132,675,0.0031376085,353779,3040,0.0085929351,450562,1986,0.0044078284
ES,2020-03-16,1260259,1,3,831,496,0.59687124,183026,-14770,-0.080698917,365660,-11315,-0.030944046,554481,-2618,-0.0047215324
ES,2020-03-17,1444384,1,3,124854,168,0.0013455716,238400,-1363,-0.0057172819,419026,2331,0.0055629006,599749,7584,0.01264529
ES,2020-03-18,1411729,1,2,158087,7406,0.046847622,284515,11683,0.041062861,455248,9563,0.021006133,558319,6476,0.011599104
ES,2020-03-19,1309191,1,2,107785,-6810,-0.063181333,202162,-6712,-0.033201096,399563,-1347,-0.003371183,540186,565,0.001045936
ES,2020-03-20,1415121,1,2,140399,-793,-0.0056481884,246506,1546,0.0062716526,396297,5345,0.013487359,532410,9126,0.017140925
ES,2020-03-23,1403405,1,2,173485,-4288,-0.024716834,279778,-4706,-0.016820479,410297,-4485,-0.010931106,541781,-6211,-0.011464042
ES,2020-03-24,1222455,1,2,135536,-146,-0.0010772046,215644,-931,-0.0043173007,381747,1410,0.0036935457,503294,-354,-0.00070336622
ES,2020-03-25,1395918,1,2,153558,11688,0.076114563,257074,10643,0.041400531,410152,15911,0.038792935,546286,19736,0.036127596
ES,2020-03-26,1149562,1,2,111678,2626,0.023514031,194296,5289,0.027221353,351384,5300,0.015083214,473167,7086,0.014975685
ES,2020-03-27,1061018,1,2,98495,1669,0.016945023,176359,6029,0.03418595,291927,12733,0.043617069,382921,13508,0.035276206
ES,2020-03-30,806035,1,2,78135,1822,0.023318615,127883,2257,0.017648945,214822,5296,0.024652969,304278,10045,0.033012574
ES,2020-03-31,1092242,1,2,84532,2305,0.02726778,150496,2428,0.016133319,287194,9346,0.032542463,398510,10918,0.027397054
ES,2020-04-01,928136,1,2,102661,3054,0.029748395,159443,5773,0.036207297,285294,10431,0.036562283,370270,10998,0.029702649
ES,2020-04-02,1073234,1,2,107936,-2,-1.8529499e-05,185755,3144,0.01692552,302839,5435,0.01794683,510000,6634,0.013007843
ES,2020-04-03,853717,1,2,76111,1342,0.017632143,130447,2210,0.016941746,234175,1066,0.0045521512,329057,-948,-0.0028809598
ES,2020-04-06,818897,1,2,78919,1299,0.016459915,170453,2128,0.01248438,302315,5874,0.019430065,395869,8740,0.022078011
ES,2020-04-07,1215629,1,2,148147,-7483,-0.050510641,237045,-7063,-0.02979603,429276,-15191,-0.03538749,567165,-16634,-0.029328326
ES,2020-04-08,898550,1,2,92722,1935,0.020868834,152214,1306,0.0085800255,251162,3482,0.013863562,344755,6776,0.019654537
ES,2020-04-09,1069251,1,2,116760,932,0.0079821857,198031,3347,0.016901394,383299,3828,0.0099869814,518762,8326,0.016049749
ES,2020-04-13,795069,1,2,86950,1402,0.016124209,149076,1565,0.010498001,270511,6,2.2180244e-05,368997,2704,0.0073279729
ES,2020-04-14,792701,1,2,112434,3924,0.034900475,179470,5312,0.029598262,316944,2391,0.0075439194,421374,900,0.0021358698
ES,2020-04-15,779031,1,2,101781,3231,0.031744628,171971,6588,0.038308785,298567,10492,0.035141191,401882,11131,0.027697185
ES,2020-04-16,806863,1,2,80092,1023,0.012772811,140646,341,0.0024245268,260240,2329,0.0089494313,365971,3873,0.010582806
ES,2020-04-17,705224,1,2,123185,-5043,-0.040938426,183690,-3980,-0.021666939,317218,-7668,-0.024172651,414483,-11245,-0.027130184
ES,2020-04-20,666237,1,2,75055,2500,0.033308907,129363,3605,0.027867319,209493,5646,0.026950781,297700,8036,0.026993618
ES,2020-04-21,903706,1,2,91472,624,0.0068217597,171170,577,0.0033709178,285720,-246,-0.00086098278,413350,-5767,-0.013951857
ES,2020-04-22,545007,1,2,84767,-338,-0.0039874008,138155,-1294,-0.0093662915,229449,750,0.0032687002,294350,790,0.0026838797
ES,2020-04-23,803338,1,2,88733,3241,0.036525306,140594,2701,0.019211346,238849,6718,0.028126557,339608,7793,0.022947045
ES,2020-04-24,516674,1,2,57614,-227,-0.0039400146,114143,129,0.0011301613,199525,1273,0.0063801529,266079,1583,0.0059493609
ES,2020-04-27,470701,1,2,70243,2078,0.029583019,123802,4833,0.039038142,203217,4129,0.020318182,270000,2996,0.011096296
ES,2020-04-28,679111,1,2,85970,3328,0.038711178,153732,893,0.0058088101,281190,-1628,-0.0057896796,422907,-8668,-0.020496232
ES,2020-04-29,664814,1,2,88265,-3132,-0.035484054,144026,-2459,-0.017073306,243971,-1346,-0.0055170492,330340,-3341,-0.010113822
ES,2020-04-30,787029,1,2,108844,-4127,-0.037916651,183586,-3215,-0.017512229,334301,184,0.00055040218,428062,-89,-0.00020791381
ES,2020-05-01,683835,1,3,90838,2015,0.022182347,147572,907,0.0061461524,290829,5734,0.019716053,375031,8906,0.02374737
ES,2020-05-04,558312,1,3,96845,343,0.003541742,149689,2042,0.013641617,257838,3641,0.01412127,343127,6605,0.019249432
ES,2020-05-05,570567,1,3,80587,2359,0.029272711,140232,1244,0.0088710137,243102,1599,0.006577486,321699,2578,0.0080137022
ES,2020-05-06,641129,1,3,74702,340,0.0045514176,151030,1695,0.011222936,267878,2415,0.009015298,363967,3188,0.0087590358
ES,2020-05-07,593338,1,3,82789,-308,-0.003720301,149381,665,0.004451704,252021,1355,0.0053765361,343417,1715,0.0049939287
ES,2020-05-08,445739,1,3,88113,-1678,-0.019043728,127959,-1256,-0.0098156441,213477,-1965,-0.0092047387,284883,-3929,-0.013791627
ES,2020-05-11,483799,1,3,79518,2319,0.029163208,131175,55,0.00041928721,238933,1538,0.0064369509,315058,1728,0.0054847044
ES,2020-05-12,675289,1,3,87398,-929,-0.010629534,178900,-2454,-0.01371716,290554,-3734,-0.012851312,384721,-3335,-0.0086686196
ES,2020-05-13,1094275,1,3,137319,464,0.0033789934,219406,8,3.6462084e-05,373764,1492,0.0039918237,500717,-2057,-0.004108109
ES,2020-05-14,1050578,1,3,122953,-124,-0.0010085154,242616,-1854,-0.0076417054,440928,1583,0.0035901553,632599,9861,0.015588074
ES,2020-05-15,750824,1,3,118091,4484,0.037970717,187100,3671,0.019620524,331036,3810,0.011509322,447020,3438,0.0076909311
ES,2020-05-18,621154,1,3,104753,315,0.0030070738,181157,389,0.0021473087,295536,832,0.0028152239,391659,1229,0.0031379338
ES,2020-05-19,628133,1,3,82826,2201,0.026573781,140912,2889,0.020502157,260675,5060,0.019411144,355767,6753,0.018981524
ES,2020-05-20,586803,1,3,91534,-26,-0.00028404746,148851,-915,-0.0061470867,282308,-658,-0.0023307877,365899,-1338,-0.0036567468
ES,2020-05-21,680321,1,3,69602,2195,0.03153645,135335,1839,0.013588503,244038,2228,0.0091297257,389272,544,0.0013974804
ES,2020-05-22,488725,1,3,85033,-1302,-0.015311703,140018,-997,-0.0071205131,254280,-3950,-0.015534057,342938,-3048,-0.0088879039
ES,2020-05-25,22428,1,3,4106,-106,-0.025815879,8533,233,0.027305754,13311,379,0.028472692,19716,716,0.036315683
ES,2020-05-26,573548,1,3,107571,-240,-0.0022310846,170489,-462,-0.0027098522,291562,3736,0.012813741,376974,2582,0.0068492787
ES,2020-05-27,808743,1,3,126191,-6170,-0.048894137,236924,-5355,-0.022602185,396088,-7396,-0.018672618,617887,-6661,-0.010780288
ES,2020-05-28,723708,1,3,110703,-2225,-0.020098823,174330,-526,-0.0030172661,287419,-440,-0.0015308661,373235,-33,-8.8416145e-05
ES,2020-05-29,939514,1,4,100909,127,0.0012585597,169336,-544,-0.0032125478,310346,-415,-0.0013372172,421144,-1726,-0.0040983607
ES,2020-06-01,437877,1,4,81933,2490,0.030390685,127122,3486,0.027422476,240057,4730,0.019703654,309084,5242,0.016959791
ES,2020-06-02,504056,1,4,94173,-3068,-0.03257834,140887,-4089,-0.02902326,233719,-4118,-0.017619449,339062,-6383,-0.018825466
ES,2020-06-03,526393,1,4,112728,1821,0.016153928,175694,2152,0.012248569,288481,4107,0.01423664,380754,5382,0.014135111
ES,2020-06-04,645435,1,4,77777,2279,0.029301722,158589,8363,0.052733796,285730,10125,0.035435551,396933,12269,0.030909499
ES,2020-06-05,837335,1,4,160674,1364,0.0084892391,271592,-887,-0.0032659283,442247,-21,-4.7484777e-05,561829,2629,0.0046793597
ES,2020-06-08,504987,1,4,97724,1885,0.019289018,171339,3463,0.020211394,302026,3634,0.012032077,392448,4986,0.012704868
ES,2020-06-09,585663,1,4,102788,-51,-0.00049616687,159304,1511,0.0094850098,294493,3547,0.012044429,411086,8045,0.019570114
ES,2020-06-10,871468,1,4,90631,-672,-0.0074146815,170823,725,0.0042441592,328984,-2112,-0.0064197651,448697,-1983,-0.0044194635
ES,2020-06-11,1415530,1,4,153342,-941,-0.0061366097,246816,1147,0.0046471866,395759,1896,0.0047907944,545980,-4596,-0.0084178908
ES,2020-06-12,961373,1,4,77138,273,0.0035391117,121499,-957,-0.007876608,219691,-4533,-0.020633526,366015,-11141,-0.030438643
ES,2020-06-15,950471,1,4,131564,1919,0.014586057,213528,3220,0.01507999,350639,7981,0.022761302,476007,8998,0.018903083
ES,2020-06-16,1118673,1,3,103935,-1922,-0.018492327,170493,-4144,-0.024305983,303551,-4942,-0.016280625,550169,-7286,-0.013243203
ES,2020-06-17,617020,1,3,89785,1302,0.014501309,155564,552,0.0035483788,308416,-1573,-0.0051002542,415254,-1475,-0.0035520428
ES,2020-06-18,549938,1,3,79930,-62,-0.00077567872,130352,-78,-0.00059837977,218094,83,0.00038056985,361526,2064,0.005709133
ES,2020-06-19,809278,1,3,104350,-1688,-0.01617633,158869,-611,-0.003845936,242821,-1979,-0.0081500364,337361,-4528,-0.013421824
ES,2020-06-22,522319,1,3,84107,656,0.0077995886,151676,1810,0.011933332,246035,2929,0.01190481,328027,2628,0.0080115356
ES,2020-06-23,537390,1,3,70367,-3894,-0.05533844,128702,-4757,-0.036961353,239534,-2553,-0.010658195,333528,-2704,-0.0081072654
ES,2020-06-24,1081654,1,3,85385,2542,0.029771037,187555,-333,-0.0017754792,353077,1580,0.0044749446,535636,2269,0.0042360857
ES,2020-06-25,808855,1,3,107020,255,0.0023827322,198341,1036,0.0052233275,378796,1267,0.0033448083,503715,-118,-0.00023425945
ES,2020-06-26,1009015,1,3,92284,-639,-0.0069242772,177149,-2344,-0.013231799,360566,-4604,-0.012768813,599006,-6764,-0.01129204
ES,2020-06-29,609578,1,3,115339,-4293,-0.037220715,203217,-3524,-0.017341069,343849,-73,-0.00021230249,471227,1410,0.0029921885
ES,2020-06-30,638742,1,3,78181,46,0.00058837825,141390,-1210,-0.0085578895,251464,-2916,-0.011596093,357637,675,0.0018873886
ES,2020-07-01,601926,1,3,112950,260,0.0023019035,179872,-2823,-0.015694494,296654,770,0.0025956164,390628,2262,0.0057906755
ES,2020-07-02,581644,1,3,93570,2098,0.022421716,146180,2247,0.01537146,273974,-2325,-0.0084862067,438278,-3465,-0.007905941
ES,2020-07-03,37016,1,3,3159,-288,-0.091168091,6712,-351,-0.052294398,18983,-402,-0.021176842,32793,-682,-0.020797121
ES,2020-07-06,465826,1,3,73081,-919,-0.012575088,121626,-581,-0.0047769391,272914,-91,-0.00033343837,349495,2036,0.0058255483
ES,2020-07-07,501954,1,3,87860,-1371,-0.015604371,141064,578,0.004097431,241550,2074,0.008586214,314554,3190,0.010141343
ES,2020-07-08,578912,1,3,76494,352,0.0046016681,141664,1993,0.0140685,237239,-1520,-0.006407041,312311,-243,-0.00077807058
ES,2020-07-09,855190,1,3,89937,-3020,-0.033579061,156218,-4821,-0.03086072,304638,-4404,-0.014456502,520845,-14327,-0.027507224
ES,2020-07-10,578348,1,3,96716,1171,0.012107614,174146,332,0.0019064463,298355,482,0.0016155251,397937,889,0.002234022
ES,2020-07-13,867981,1,3,84694,1233,0.014558292,144095,964,0.0066900309,254499,3069,0.012058986,368431,3079,0.0083570601
ES,2020-07-14,1042606,1,3,141269,2992,0.021179452,285515,611,0.0021399926,487944,-1761,-0.0036090207,668949,884,0.0013214759
ES,2020-07-15,851779,1,3,111578,-1521,-0.01363172,182887,-1030,-0.0056318929,297546,-2275,-0.0076458766,396341,-3735,-0.0094237033
ES,2020-07-16,583989,1,3,96238,-366,-0.0038030716,152851,-1796,-0.011750005,273372,-3579,-0.01309205,363525,-2653,-0.007297985
ES,2020-07-17,470051,1,3,87290,-771,-0.0088326269,139978,-885,-0.0063224221,252695,-2826,-0.011183442,329176,-1105,-0.0033568668
ES,2020-07-20,487679,1,3,113428,-404,-0.0035617308,189538,2302,0.012145322,288583,2196,0.0076095959,368125,1865,0.0050662139
ES,2020-07-21,577257,1,3,85539,-1742,-0.02036498,142741,-2315,-0.016218185,267561,-6057,-0.022637828,368616,-6189,-0.01678983
ES,2020-07-22,471796,1,3,79699,2125,0.026662819,135730,2911,0.02144699,223575,3166,0.014160796,314799,5293,0.016813903
ES,2020-07-23,781994,1,3,73410,687,0.009358398,117875,2063,0.017501591,230693,1347,0.0058389288,300940,3022,0.010041869
ES,2020-07-24,689501,1,3,135101,-5828,-0.043138097,213460,-9925,-0.046495831,325993,-7871,-0.02414469,423777,-6672,-0.01574413
ES,2020-07-27,421385,1,3,89007,-575,-0.0064601661,158813,44,0.0002770554,247481,-165,-0.00066671785,307841,2910,0.0094529319
ES,2020-07-28,507285,1,3,88849,1106,0.012448086,168149,-514,-0.0030568127,288375,-599,-0.0020771565,389683,845,0.0021684292
ES,2020-07-29,421279,1,4,54166,804,0.01484326,102834,1925,0.01871949,163750,1832,0.011187786,210808,4561,0.021635801
ES,2020-07-30,700650,1,4,80195,2980,0.037159424,151560,2245,0.014812615,302030,6367,0.021080687,412104,6836,0.016588046
ES,2020-07-31,857338,1,4,98308,402,0.0040891891,163659,348,0.0021263725,323127,-2269,-0.0070220068,457087,294,0.00064320359
ES,2020-08-03,459102,1,4,70240,1400,0.019931663,112134,1200,0.010701482,238671,1365,0.0057191699,328113,-224,-0.00068269163
ES,2020-08-04,398577,1,4,75032,5293,0.070543235,108345,7187,0.066334395,191207,5383,0.028152735,274459,5659,0.020618745
ES,2020-08-05,351742,1,4,55847,2124,0.038032482,99045,4689,0.047342117,163347,6945,0.042516851,251682,8332,0.033105268
ES,2020-08-06,454805,1,4,74042,1973,0.026647038,136136,3339,0.024526944,232507,5918,0.025452997,324744,5275,0.016243564
ES,2020-08-07,614168,1,4,84947,1592,0.018741097,129747,2214,0.017063978,226884,5222,0.023016167,329823,9175,0.027817951
ES,2020-08-10,480763,1,4,59074,1973,0.033398788,113846,-9,-7.9054161e-05,199465,-532,-0.0026671346,315205,-3487,-0.011062642
ES,2020-08-11,706590,1,4,96541,-2126,-0.022021732,174706,-3531,-0.020211098,312642,-5342,-0.017086636,386011,-5195,-0.013458166
ES,2020-08-12,516950,1,4,77156,-241,-0.0031235419,158664,-412,-0.0025966823,280630,-1252,-0.0044613904,382846,-153,-0.0003996385
ES,2020-08-13,490876,1,4,80619,4142,0.051377467,145054,5033,0.034697423,226200,5799,0.025636605,279992,6473,0.023118518
ES,2020-08-14,400905,1,4,68216,-1409,-0.020654978,116226,-2269,-0.01952231,205797,-2681,-0.013027401,262512,-2910,-0.011085208
ES,2020-08-17,245481,1,4,56158,428,0.007621354,84214,-40,-0.00047498041,139693,-36,-0.00025770797,188181,1098,0.005834808
ES,2020-08-18,356154,1,4,59363,1493,0.025150346,122994,2546,0.020700197,259028,-2159,-0.0083350063,345692,-1288,-0.00372586
ES,2020-08-19,484182,1,4,55724,-792,-0.014212906,97987,-979,-0.0099911213,145732,509,0.0034927127,198499,-946,-0.0047657671
ES,2020-08-20,398534,1,4,75543,772,0.010219345,123881,4363,0.035219283,211800,5120,0.024173749,283837,7903,0.027843445
ES,2020-08-21,415851,1,4,91803,-286,-0.0031153666,153977,1675,0.010878248,245972,2528,0.010277593,308703,3290,0.010657493
ES,2020-08-24,442879,1,4,69061,-305,-0.0044163855,128620,-857,-0.0066630384,237809,-2377,-0.0099954165,347324,-5181,-0.014916908
ES,2020-08-25,428511,1,4,103624,-1995,-0.019252297,159343,-1708,-0.010719015,286931,-2948,-0.010274247,391205,-3027,-0.0077376312
ES,2020-08-26,442119,1,4,57859,-1138,-0.019668504,98677,-935,-0.009475359,165899,1081,0.0065160128,220853,3906,0.017685972
ES,2020-08-27,707835,1,4,112852,212,0.0018785666,199271,1548,0.0077683155,344167,1017,0.0029549608,443148,1408,0.0031772681
ES,2020-08-28,426550,1,4,84779,797,0.009400913,133188,963,0.0072303811,221898,1197,0.0053943704,311509,218,0.00069981927
ES,2020-08-31,474738,1,4,72675,1513,0.020818713,114492,3985,0.034805925,188946,7274,0.038497772,262902,7619,0.028980381
ES,2020-09-01,444270,1,4,88579,-183,-0.0020659524,134951,285,0.0021118776,266246,7661,0.028774141,351441,10813,0.030767611
ES,2020-09-02,693513,1,4,99845,-3919,-0.039250839,194566,-6913,-0.03553036,348329,-8123,-0.023319907,477666,-8051,-0.016854873
ES,2020-09-03,1394064,1,4,117910,-1192,-0.010109405,199476,-184,-0.00092241673,439282,-7627,-0.017362423,684845,-14498,-0.021169754
ES,2020-09-04,1498428,1,4,137029,-509,-0.0037145422,262715,-3524,-0.013413775,550752,-9207,-0.016717143,907121,-10158,-0.011198065
ES,2020-09-07,46117,1,4,9263,158,0.017057109,15976,294,0.018402604,27664,1073,0.038786871,36817,1457,0.03957411
ES,2020-09-08,1180154,1,4,174045,-3828,-0.021994312,305317,-1398,-0.0045788476,503483,1417,0.0028143949,671783,765,0.0011387606
ES,2020-09-09,781445,1,4,109214,-2701,-0.024731262,187956,-2159,-0.011486731,366697,-1113,-0.0030352035,469329,-755,-0.0016086796
ES,2020-09-10,1042549,1,4,83976,-685,-0.0081570925,146864,-1177,-0.0080142172,253731,-1010,-0.0039805936,408419,-1822,-0.0044611049
ES,2020-09-11,780936,1,3,86220,-507,-0.0058803062,157912,-1134,-0.0071812149,295701,287,0.00097057501,391291,59,0.00015078292
ES,2020-09-14,545784,1,3,86558,-758,-0.0087571339,168771,-2770,-0.016412772,303043,-2181,-0.0071969984,391206,-3099,-0.0079216576
ES,2020-09-15,454596,1,3,68377,2546,0.037234743,117333,3420,0.02914781,192885,1637,0.0084869223,310792,2863,0.0092119488
ES,2020-09-16,620199,1,3,70048,-1949,-0.027823778,113588,-2408,-0.021199422,190687,-2576,-0.013509049,281145,-1368,-0.0048658166
ES,2020-09-17,911715,1,3,125669,1418,0.01128361,202046,2893,0.014318522,383880,4055,0.010563197,512149,5179,0.010112292
ES,2020-09-18,840872,1,3,105931,-1504,-0.014197921,191605,-4805,-0.025077634,337970,-6499,-0.019229517,584378,-8798,-0.015055324
ES,2020-09-21,936165,1,3,149344,-4681,-0.031343743,240970,-4933,-0.020471428,414077,-5102,-0.01232138,601590,-6941,-0.011537758
ES,2020-09-22,626773,1,3,103869,1910,0.018388547,184386,1447,0.0078476674,325636,4149,0.01274122,456600,1659,0.0036333771
ES,2020-09-23,817161,1,3,97649,1436,0.014705732,170064,496,0.0029165491,287054,26,9.0575292e-05,430161,1892,0.0043983532
ES,2020-09-24,977537,1,3,136455,1791,0.013125206,238235,5018,0.021063236,436781,8779,0.020099318,604270,6993,0.011572641
ES,2020-09-25,719558,1,3,101367,716,0.0070634427,177406,832,0.0046898076,345802,1615,0.0046703027,466066,3468,0.0074410062
ES,2020-09-28,587729,1,3,90093,3874,0.043000011,159612,3575,0.022398065,292709,3840,0.013118831,410687,3613,0.008797454
ES,2020-09-29,542554,1,3,67371,-146,-0.0021671045,122544,797,0.0065037864,217311,388,0.0017854595,335555,-1906,-0.0056801419
ES,2020-09-30,854415,1,3,74295,848,0.011413958,134295,2257,0.016806285,270163,1735,0.0064220489,360959,3027,0.008385994
ES,2020-10-01,699510,1,3,104427,3344,0.03202237,177674,3442,0.019372559,313130,1821,0.005815476,400565,2925,0.0073021857
ES,2020-10-02,826790,1,3,129357,2400,0.018553306,195707,986,0.0050381438,321858,2784,0.0086497772,406180,2372,0.0058397755
ES,2020-10-05,435845,1,3,68142,1185,0.017390156,104589,715,0.006836283,175523,64,0.00036462458,255821,1442,0.0056367538
ES,2020-10-06,826805,1,3,71893,674,0.0093750435,107481,851,0.0079176785,186056,3036,0.016317668,280771,2027,0.0072194066
ES,2020-10-07,537343,1,3,89612,3169,0.035363567,147842,2503,0.016930236,263158,2512,0.0095455962,348470,2104,0.0060378225
ES,2020-10-08,449527,1,3,63289,697,0.011012972,111175,1002,0.0090128176,210536,830,0.0039423187,279073,-376,-0.0013473177
ES,2020-10-09,489683,1,3,63584,1493,0.02348075,121925,-2243,-0.018396555,207379,-4543,-0.02190675,270289,-5414,-0.020030412
ES,2020-10-12,547711,1,3,64010,766,0.01196688,103158,2000,0.019387735,189466,3420,0.018050732,268598,6878,0.025607041
ES,2020-10-13,701647,1,3,99576,658,0.006608018,167608,955,0.0056978187,306667,630,0.0020543456,409085,4998,0.01221751
ES,2020-10-14,642692,1,3,63479,892,0.014051891,113361,1091,0.0096241212,212121,-1258,-0.0059305774,298340,-895,-0.002999933
ES,2020-10-15,665574,1,3,112523,3267,0.029034064,179306,6135,0.034215252,321597,5998,0.018650671,450078,6194,0.013762059
ES,2020-10-16,521256,1,3,80914,1186,0.014657538,134073,2123,0.015834657,260366,7167,0.027526636,336592,5344,0.015876789
ES,2020-10-19,758977,1,3,57162,1361,0.023809524,106102,-63,-0.00059376826,232417,1146,0.0049307925,381136,-2109,-0.0055334579
ES,2020-10-20,744971,1,3,105055,1113,0.010594451,169144,1663,0.0098318592,279256,3009,0.010775059,361355,2505,0.0069322411
ES,2020-10-21,701187,1,3,85353,178,0.0020854569,147132,857,0.0058247016,233908,-1181,-0.0050489936,326519,-3747,-0.011475596
ES,2020-10-22,639063,1,3,70366,1297,0.018432197,114184,2738,0.023978841,229370,1311,0.0057156559,424668,-151,-0.00035557188
ES,2020-10-23,498857,1,3,77655,105,0.0013521344,135643,-1928,-0.014213782,231396,-5738,-0.024797317,296754,-6928,-0.023345936
ES,2020-10-26,842112,1,3,78842,3461,0.043897922,127486,3989,0.03128971,250568,2282,0.0091073082,410365,2049,0.0049931159
ES,2020-10-27,665533,1,3,94541,-2116,-0.022381824,167476,-2560,-0.015285772,312363,-2957,-0.0094665501,415973,-472,-0.001134689
ES,2020-10-28,1105511,1,3,126381,1352,0.010697811,238453,443,0.0018578085,486351,-858,-0.001764158,676022,1059,0.0015665171
ES,2020-10-29,842841,1,3,119854,-273,-0.0022777713,214714,3598,0.016757175,362424,4899,0.013517317,472794,5316,0.011243798
ES,2020-10-30,1147091,1,3,96920,647,0.0066756087,188023,1337,0.0071108322,360769,914,0.0025334771,559624,-3309,-0.0059128987
ES,2020-11-02,790470,1,3,92748,-1087,-0.011719929,161991,1247,0.0076979585,343302,-185,-0.00053888413,450686,-2509,-0.0055670689
ES,2020-11-03,719510,1,3,68914,-411,-0.0059639551,136482,2004,0.014683255,308771,1949,0.0063121213,399656,-972,-0.0024320916
ES,2020-11-04,1019269,1,3,134650,3650,0.027107315,221909,7653,0.03448711,424332,4668,0.01100082,537403,2841,0.0052865354
ES,2020-11-05,746944,1,3,95140,718,0.0075467732,162298,2313,0.014251562,314973,1395,0.0044289511,428217,1143,0.0026692074
ES,2020-11-06,615535,1,3,87050,-1157,-0.013291212,144901,112,0.00077294153,240419,1787,0.0074328568,324611,924,0.0028464839
ES,2020-11-09,1128674,1,3,153949,-3122,-0.020279443,263306,-5587,-0.021218658,482791,-9978,-0.020667328,641731,-12185,-0.018987707
ES,2020-11-10,985440,1,3,112501,-902,-0.0080177065,190711,-2536,-0.013297607,346971,-3637,-0.010482144,507365,-7751,-0.01527697
ES,2020-11-11,559778,1,3,77458,-900,-0.0116192,148433,-232,-0.0015629948,244595,1092,0.004464523,343847,2492,0.0072474095
ES,2020-11-12,781876,1,3,75249,-451,-0.0059934351,133836,-629,-0.0046997818,244840,-1023,-0.0041782388,327530,-1855,-0.0056636033
ES,2020-11-13,505634,1,3,71717,3039,0.04237489,114307,3057,0.026743769,215106,57,0.00026498563,313652,-1076,-0.0034305536
ES,2020-11-16,488296,1,3,80420,-309,-0.0038423278,147607,-1678,-0.011368025,236046,-2110,-0.0089389356,298992,-1249,-0.0041773693
ES,2020-11-17,554328,1,3,82946,-3375,-0.040689123,163993,-5945,-0.036251547,271776,-5807,-0.021366861,342438,-4562,-0.01332212
ES,2020-11-18,532244,1,3,68486,-397,-0.0057968052,129168,-812,-0.0062863867,199917,-1612,-0.0080633463,250558,-2814,-0.011230933
ES,2020-11-19,544384,1,3,101922,-1630,-0.015992622,162527,535,0.0032917608,287987,570,0.001979256,370470,1778,0.004799309
ES,2020-11-20,450886,1,3,81226,2791,0.034360919,133465,4025,0.030157719,232423,7391,0.031799779,285535,9185,0.032167685
ES,2020-11-23,533590,1,3,45115,752,0.016668514,103024,2766,0.026848113,206529,-614,-0.0029729481,269770,-731,-0.0027097157
ES,2020-11-24,521198,1,3,73133,-2635,-0.036030246,118640,-2170,-0.018290627,224333,-3988,-0.017777144,310964,-3385,-0.010885504
ES,2020-11-25,387592,1,3,72773,-1681,-0.023099226,122966,-2668,-0.021697054,211394,-2036,-0.0096313046,268809,-3201,-0.011908083
ES,2020-11-26,25173,1,3,2460,28,0.011382114,4350,-17,-0.003908046,7690,-57,-0.0074122237,15089,-73,-0.0048379614
ES,2020-11-27,199300,1,3,53923,-326,-0.0060456577,83045,-926,-0.011150581,134474,-68,-0.00050567396,168471,-205,-0.0012168266
ES,2020-11-30,660990,1,3,63495,982,0.015465785,115038,1291,0.011222379,211061,413,0.0019567803,384731,-1448,-0.0037636686
ES,2020-12-01,566858,1,3,91693,-821,-0.0089537915,152853,1051,0.0068758873,295125,1448,0.0049063956,391394,887,0.0022662586
ES,2020-12-02,458323,1,3,88492,2096,0.023685757,160270,4021,0.025088912,246076,5954,0.024195777,306891,6734,0.021942644
ES,2020-12-03,471598,1,3,65842,418,0.0063485313,101052,228,0.0022562641,187537,1922,0.010248644,245358,2071,0.0084407274
ES,2020-12-04,370812,1,3,80697,2044,0.025329318,116670,2715,0.023270764,192180,3363,0.017499219,277078,4446,0.016046023
ES,2020-12-07,414532,1,3,61766,3987,0.064550076,106297,4755,0.044733153,165107,5928,0.03590399,211129,6423,0.030422159
ES,2020-12-08,432866,1,3,83325,454,0.0054485449,139809,414,0.0029611828,253591,-521,-0.0020544893,326235,737,0.0022591077
ES,2020-12-09,803421,1,3,91210,680,0.0074553229,138065,652,0.0047224134,261819,-1452,-0.005545816,338540,-1921,-0.0056743664
ES,2020-12-10,609076,1,3,118414,1576,0.013309237,192877,2137,0.0110796,297056,2245,0.0075574976,388468,2380,0.0061266308
ES,2020-12-11,467941,1,3,67773,717,0.010579434,119555,1835,0.015348584,190399,795,0.0041754421,247699,1346,0.0054340147
ES,2020-12-14,643441,1,3,75349,1568,0.020809832,122149,1404,0.011494159,218251,-1400,-0.0064146327,329408,-3561,-0.010810302
ES,2020-12-15,543663,1,3,84148,-257,-0.0030541427,140954,-1505,-0.010677242,234902,-4547,-0.019357008,317148,-4773,-0.015049756
ES,2020-12-16,491549,1,3,73046,-1096,-0.015004244,112862,-334,-0.0029593663,190578,1473,0.0077291188,243811,1807,0.0074114786
ES,2020-12-17,431734,1,3,81778,1593,0.019479567,128942,2616,0.020288192,221520,3197,0.014432105,303508,-406,-0.0013376913
ES,2020-12-18,677067,1,4,107716,-394,-0.0036577667,195919,-2845,-0.014521307,342485,257,0.00075039783,427907,1170,0.002734239
ES,2020-12-21,752263,1,4,121855,6526,0.053555455,192660,7202,0.037381916,389605,10539,0.027050474,514765,10442,0.020284984
ES,2020-12-22,500505,1,4,76898,1030,0.013394367,121432,1504,0.012385533,219413,1317,0.0060023791,298239,735,0.0024644664
ES,2020-12-23,389280,1,4,77021,1692,0.021968035,147623,2726,0.018465957,240879,2877,0.011943756,296159,2104,0.007104292
ES,2020-12-24,158148,1,4,34093,319,0.0093567595,56157,403,0.0071763093,87387,239,0.0027349606,115775,-400,-0.0034549773
ES,2020-12-28,292165,1,4,66530,2310,0.034721178,102785,2092,0.020353164,179980,-1202,-0.0066785198,229296,-679,-0.0029612379
ES,2020-12-29,466152,1,4,67905,1377,0.02027833,133174,703,0.0052788082,236140,516,0.0021851444,296916,658,0.002216115
ES,2020-12-30,330188,1,4,52055,-69,-0.0013255211,88082,-787,-0.0089348562,148989,-584,-0.0039197525,204489,-546,-0.0026700703
ES,2020-12-31,354345,1,4,49141,-333,-0.0067764189,74933,-179,-0.0023888007,118122,590,0.0049948358,149453,-766,-0.0051253571
ES,2021-01-04,980183,1,4,124465,43,0.00034547865,211222,2609,0.012351933,333716,-57,-0.00017080392,504376,-3547,-0.007032452
ES,2021-01-05,590184,1,4,120546,-80,-0.00066364707,174959,-129,-0.0007373156,295176,1352,0.0045803182,396254,2001,0.0050497913
ES,2021-01-06,907306,1,3,106313,-16,-0.000150499,178918,1194,0.0066734482,306185,3495,0.011414668,437035,1144,0.0026176393
ES,2021-01-07,505665,1,3,94122,1919,0.020388432,162428,1865,0.01148201,317770,4708,0.014815747,405445,6125,0.015106858
ES,2021-01-08,700692,1,3,94099,1959,0.0208185,152717,1458,0.0095470707,271151,-2660,-0.009810032,372941,-2833,-0.0075963758
ES,2021-01-11,568105,1,3,113141,479,0.0042336554,191989,2092,0.010896458,281499,3422,0.012156349,354465,2033,0.0057354041
ES,2021-01-12,564849,1,3,61058,2249,0.03683383,120860,2124,0.017574053,212141,2233,0.010526018,275392,2899,0.010526813
ES,2021-01-13,434428,1,3,75408,-621,-0.0082352005,123658,1520,0.012291967,215091,2271,0.010558322,268725,2403,0.0089422272
ES,2021-01-14,470363,1,3,79282,178,0.0022451502,117915,980,0.0083110715,189743,1448,0.0076313751,274808,3792,0.013798725
ES,2021-01-15,728794,1,3,101346,5108,0.050401595,159050,5822,0.036604841,410871,5941,0.014459526,531265,10115,0.019039462
ES,2021-01-18,21656,1,3,3276,-287,-0.087606838,5634,-67,-0.011892084,13430,-618,-0.046016381,20151,-9,-0.00044662796
ES,2021-01-19,482315,1,3,91173,-1510,-0.016561921,165248,-5882,-0.035594985,269205,-8308,-0.03086124,343392,-8150,-0.023733809
ES,2021-01-20,466911,1,3,82909,878,0.010589924,138357,2338,0.016898314,277449,3018,0.010877675,350055,5082,0.014517719
ES,2021-01-21,416534,1,3,98733,-641,-0.0064922569,160767,-1321,-0.0082168604,259164,-2350,-0.0090676174,317356,1181,0.0037213728
ES,2021-01-22,416527,1,3,70802,-559,-0.0078952572,136911,2471,0.018048221,225493,4693,0.020812176,304874,5320,0.017449832
ES,2021-01-25,860657,1,3,81943,437,0.0053329754,151101,-3002,-0.019867506,243383,-3451,-0.014179298,397830,-8655,-0.021755524
ES,2021-01-26,487748,1,3,77359,56,0.00072389767,124106,1208,0.0097336148,240228,-240,-0.0009990509,311728,0,0
ES,2021-01-27,1199380,1,3,200404,-2229,-0.011122532,350052,-2343,-0.0066932913,540023,1056,0.0019554723,661601,5889,0.0089011353
ES,2021-01-28,861589,1,3,146473,-523,-0.0035706239,240958,-1370,-0.0056856382,427540,-2774,-0.0064882818,556658,-7156,-0.01285529
ES,2021-01-29,1217273,1,3,129467,-1808,-0.013964949,218288,-1494,-0.0068441692,363045,3508,0.009662714,472428,5612,0.011879059
ES,2021-02-01,713367,1,3,100382,785,0.0078201271,188026,-1630,-0.0086690139,333737,-2263,-0.0067807885,431688,-142,-0.00032894127
ES,2021-02-02,544877,1,3,94662,2407,0.02542731,180931,2113,0.011678485,348309,659,0.0018919982,441307,1077,0.0024404779
ES,2021-02-03,554409,1,3,99282,-257,-0.002588586,153080,1829,0.011948001,287575,3849,0.013384335,403026,5921,0.01469136
ES,2021-02-04,428855,1,3,78621,1973,0.025095076,150036,5636,0.037564318,265214,1005,0.0037893927,341567,2349,0.0068771281
ES,2021-02-05,432295,1,3,85404,-2515,-0.029448269,148223,-3877,-0.026156534,259823,-3778,-0.014540668,342716,-423,-0.0012342581
ES,2021-02-08,366621,1,3,76127,1366,0.017943699,124334,3049,0.024522657,191813,2222,0.011584199,254238,1492,0.0058685169
ES,2021-02-09,349130,1,3,76212,-472,-0.0061932504,130493,-323,-0.0024752286,207515,-128,-0.00061682288,257958,-2239,-0.0086797075
ES,2021-02-10,738800,1,3,88336,-1702,-0.019267343,133558,-2482,-0.018583686,359013,-10273,-0.028614563,613468,-9522,-0.015521592
ES,2021-02-11,608348,1,3,76977,-1522,-0.01977214,163027,-3971,-0.024357928,252627,-3228,-0.012777732,326062,-4014,-0.012310542
ES,2021-02-12,402418,1,3,83718,1043,0.012458492,115441,1330,0.011521037,188751,3853,0.020413137,278060,7296,0.026238941
ES,2021-02-15,17507,1,3,4455,388,0.087093154,7499,407,0.054273903,10896,509,0.046714391,15267,791,0.051811096
ES,2021-02-16,573927,1,3,107695,-368,-0.0034170574,160728,-837,-0.0052075556,281977,-596,-0.0021136476,399816,-637,-0.0015932329
ES,2021-02-17,588570,1,3,146999,-4048,-0.027537602,219650,-1237,-0.0056316868,341440,-3230,-0.0094599344,453228,-2685,-0.0059241706
ES,2021-02-18,627284,1,3,120891,184,0.0015220322,185612,1337,0.0072031981,362342,-3193,-0.0088121167,487205,-379,-0.00077790663
ES,2021-02-19,548756,1,3,95170,-2012,-0.021141116,152095,-1784,-0.011729511,249230,-5430,-0.021787104,310505,-6438,-0.020733966
ES,2021-02-22,593721,1,3,113243,-708,-0.0062520421,167985,-32,-0.0001904932,276051,150,0.00054337785,383223,-324,-0.00084546074
ES,2021-02-23,1040632,1,3,191104,-6225,-0.032573886,353757,-4974,-0.014060499,577392,6619,0.011463616,747439,12762,0.017074303
ES,2021-02-24,801873,1,3,158571,1030,0.0064955131,273564,1002,0.0036627626,438105,2068,0.0047203296,563742,1495,0.0026519223
ES,2021-02-25,1459142,1,3,88171,1459,0.016547391,145977,989,0.0067750399,336531,-213,-0.00063292832,564866,-5771,-0.010216582
ES,2021-02-26,1326847,1,3,122073,-3114,-0.025509326,227813,-4025,-0.017668,503528,-8421,-0.016723995,722266,-4431,-0.0061348589
ES,2021-03-01,699730,1,3,132668,481,0.0036255917,212601,-180,-0.00084665641,386409,944,0.0024430073,484407,414,0.00085465322
ES,2021-03-02,765037,1,3,87581,1077,0.012297188,180177,-1578,-0.0087580546,315659,-3064,-0.0097066771,430567,-3524,-0.0081845566
ES,2021-03-03,1101422,1,3,130814,-1287,-0.0098383965,228158,-3387,-0.014844976,438698,-5276,-0.012026497,618112,-5052,-0.008173276
ES,2021-03-04,1750115,1,3,113970,2997,0.026296394,247562,687,0.0027750624,474804,2899,0.0061056773,658093,10082,0.015320023
ES,2021-03-05,1500326,1,3,157260,-3144,-0.019992369,309832,-2908,-0.0093857316,559010,-3009,-0.0053827302,771558,-675,-0.00087485322
ES,2021-03-08,1102427,1,3,137462,2159,0.015706159,260852,557,0.0021353104,452774,907,0.0020032069,606766,-1783,-0.0029385298
ES,2021-03-09,701304,1,3,104647,-2973,-0.028409797,188022,-2812,-0.014955697,363699,-7838,-0.021550788,465121,-8646,-0.018588711
ES,2021-03-10,857702,1,3,116100,-2267,-0.01952627,198120,-2805,-0.014158086,340941,-11932,-0.034997258,484073,-13648,-0.028194095
ES,2021-03-11,541154,1,3,90455,18,0.00019899397,141359,1432,0.010130236,246882,842,0.0034105362,329687,2729,0.0082775481
ES,2021-03-12,485943,1,3,74434,-281,-0.0037751565,112900,-604,-0.0053498671,204464,486,0.0023769466,281326,-765,-0.0027192652
ES,2021-03-15,458710,1,3,76915,1007,0.013092375,123117,1795,0.014579628,209551,1727,0.0082414305,276523,2398,0.008671973
ES,2021-03-16,601788,1,3,74945,-893,-0.011915405,129961,780,0.0060018005,220405,-483,-0.0021914203,307323,103,0.00033515227
ES,2021-03-17,836134,1,3,92324,-2507,-0.027154369,150492,-2413,-0.016034075,270732,-2838,-0.010482691,387881,-5565,-0.014347184
ES,2021-03-18,889345,1,3,107949,2877,0.026651474,216638,2373,0.010953757,361940,3464,0.0095706471,469090,4762,0.01015157
ES,2021-03-19,881831,1,3,163285,-4422,-0.027081483,286262,-4553,-0.01590501,456129,-5371,-0.011775178,596166,-5931,-0.0099485714
ES,2021-03-22,551428,1,3,113427,2537,0.022366809,190046,5510,0.028992981,324774,4873,0.01500428,418374,2815,0.0067284296
ES,2021-03-23,862603,1,3,87029,-1847,-0.021222811,148966,938,0.0062967389,254985,-418,-0.0016393121,398210,-2700,-0.006780342
ES,2021-03-24,913715,1,3,91682,-154,-0.001679719,198771,-3974,-0.019992856,375636,-7053,-0.018776156,520308,-6770,-0.013011524
ES,2021-03-25,1097340,1,3,132084,1592,0.012052936,242919,-1060,-0.0043635944,412963,-2786,-0.0067463671,589233,-8950,-0.015189238
ES,2021-03-26,796119,1,3,97541,507,0.0051978143,156306,1318,0.0084321779,274264,1664,0.006067147,393147,-3810,-0.0096910316
ES,2021-03-29,914234,1,3,116313,5396,0.046392063,204254,4937,0.024170885,422518,2487,0.0058861398,577149,1792,0.0031049174
ES,2021-03-30,672029,1,3,106877,119,0.0011134295,185180,920,0.0049681391,344402,4107,0.011925018,454148,2829,0.0062292469
ES,2021-03-31,594268,1,3,108529,2128,0.019607662,171651,1486,0.0086571007,272514,3416,0.012535136,364014,4614,0.012675337
ES,2021-04-01,461475,1,3,107556,-1503,-0.013974116,149005,-1441,-0.0096708164,261516,-829,-0.0031699781,338170,-1988,-0.0058787001
ES,2021-04-05,475421,1,3,101099,2330,0.023046717,154566,5973,0.038643686,302349,11317,0.037430254,389503,12807,0.032880363
ES,2021-04-06,482941,1,3,97419,-974,-0.0099980497,171413,-1311,-0.0076481947,275309,-3548,-0.012887338,372405,-7481,-0.020088345
ES,2021-04-07,440844,1,3,76589,-273,-0.0035644805,108901,-680,-0.0062442035,179930,-752,-0.0041794031,233330,-504,-0.0021600309
ES,2021-04-08,367272,1,3,77957,449,0.0057595854,132249,238,0.0017996355,245139,-3238,-0.013208833,320716,-2029,-0.0063264695
ES,2021-04-09,367709,1,3,77543,-322,-0.0041525347,119484,981,0.0082103043,190609,2687,0.014096921,258443,181,0.00070034785
ES,2021-04-12,428727,1,4,60895,902,0.014812382,120646,-547,-0.0045339257,205223,-1619,-0.0078889793,285350,-2606,-0.0091326441
ES,2021-04-13,399278,1,4,72620,-1724,-0.023740017,121929,-3403,-0.027909685,192204,-3202,-0.016659383,251117,-2823,-0.011241772
ES,2021-04-14,665020,1,4,85980,-1224,-0.014235869,139985,-1052,-0.0075150909,239764,-1764,-0.0073572346,337246,-2186,-0.0064819153
ES,2021-04-15,482388,1,4,93254,-1193,-0.012793017,142437,-1421,-0.0099763404,253293,-331,-0.001306787,350012,2309,0.0065969167
ES,2021-04-16,483113,1,4,116552,2833,0.024306747,186076,1589,0.0085395215,294111,1429,0.0048587098,367772,1316,0.0035783039
ES,2021-04-19,706373,1,4,75358,1357,0.018007378,124710,2068,0.016582471,293035,-2155,-0.0073540703,455477,-3166,-0.0069509547
ES,2021-04-20,741434,1,4,96632,-1401,-0.014498303,169097,678,0.004009533,310365,-1217,-0.0039211896,522462,-4965,-0.0095030835
ES,2021-04-21,583823,1,4,134900,287,0.0021275019,242470,3726,0.01536685,406937,4404,0.010822314,513192,3135,0.0061088248
ES,2021-04-22,951400,1,4,120287,-803,-0.0066757006,187696,-878,-0.0046777768,316197,-204,-0.00064516741,413643,5022,0.012140904
ES,2021-04-23,563322,1,4,89363,-204,-0.002282824,158962,184,0.0011575093,266635,373,0.0013989161,418206,4193,0.010026159
ES,2021-04-26,401049,1,4,82905,2044,0.024654725,139201,2329,0.016731202,227419,2345,0.010311364,285110,2926,0.010262706
ES,2021-04-27,423009,1,4,111159,-2557,-0.023003086,169506,-3003,-0.017716187,287805,-8599,-0.029877869,356245,-8649,-0.024278235
ES,2021-04-28,550545,1,4,86603,-85,-0.00098149025,137398,141,0.0010262158,217340,-1342,-0.0061746572,297038,-3881,-0.013065668
ES,2021-04-29,792559,1,4,110020,466,0.0042355935,205610,-2683,-0.013048976,374877,-13314,-0.035515649,543669,-20289,-0.037318663
ES,2021-04-30,786691,1,4,96863,-1372,-0.014164335,174058,-281,-0.0016144044,306237,-1312,-0.0042842635,453086,-1501,-0.0033128369
ES,2021-05-03,526768,1,4,71928,25,0.00034756979,139700,1437,0.010286328,270604,-1707,-0.0063081107,365511,-4222,-0.011550952
ES,2021-05-04,913335,1,4,144579,-2722,-0.018827077,295448,-8303,-0.028103084,506779,-8712,-0.017190925,634603,-12603,-0.01985966
ES,2021-05-05,601961,1,4,105231,-231,-0.0021951706,171128,-2181,-0.012744846,349188,-4450,-0.012743851,438021,-4703,-0.010736928
ES,2021-05-06,775077,1,4,118709,-4061,-0.034209706,200098,-7116,-0.035562574,365185,-9705,-0.026575571,467558,-8487,-0.018151759
ES,2021-05-07,620377,1,4,153008,-2515,-0.016437049,263368,989,0.0037552018,455839,10212,0.022402647,544561,8585,0.015764992
ES,2021-05-10,713555,1,4,97351,505,0.0051874146,167754,684,0.004077399,298413,-230,-0.0007707439,428968,-6156,-0.014350721
ES,2021-05-11,1122304,1,4,179249,3685,0.020557995,295662,13628,0.046093174,567571,12554,0.022118819,822587,13162,0.016000739
ES,2021-05-12,1140381,1,4,163436,1132,0.0069262586,260799,378,0.0014493921,426973,2450,0.0057380677,618564,4271,0.0069047019
ES,2021-05-13,1012193,1,4,148745,4963,0.033365827,248821,6241,0.025082288,472106,6914,0.014645016,604759,7112,0.011760056
ES,2021-05-14,591275,1,4,105471,3660,0.034701482,176602,7357,0.041658645,342749,10216,0.029806068,439886,12651,0.028759724
ES,2021-05-17,693777,1,4,102180,3517,0.034419652,181984,5549,0.030491692,332126,8445,0.025427097,454122,9422,0.020747729
ES,2021-05-18,556220,1,4,97099,1379,0.014202,157744,812,0.0051475809,264278,-1529,-0.0057855743,339551,-1640,-0.0048299077
ES,2021-05-19,1070056,1,4,170607,-2583,-0.015140059,275745,-1603,-0.005813342,499475,141,0.00028229641,662745,3353,0.0050592611
ES,2021-05-20,596501,1,4,107714,3604,0.033458975,173204,6175,0.035651602,266783,5246,0.019663922,344259,7312,0.021239822
ES,2021-05-21,622927,1,4,86523,1329,0.015360078,147581,1530,0.010367188,283225,-2905,-0.010256863,388697,-4201,-0.010807904
ES,2021-05-24,408981,1,3,88647,-1634,-0.01843266,131603,-1434,-0.010896408,240922,254,0.0010542831,311408,552,0.0017725942
ES,2021-05-25,547118,1,3,82363,-1611,-0.019559754,147876,-3208,-0.021693852,242643,-3944,-0.016254332,312515,-5543,-0.017736749
ES,2021-05-26,418758,1,3,75063,-1105,-0.014720968,125678,-1902,-0.015133914,211928,1277,0.0060256313,274673,1943,0.007073866
ES,2021-05-27,437102,1,3,75454,-84,-0.0011132611,133425,-194,-0.0014540004,203836,-1449,-0.007108656,292528,-1578,-0.0053943554
ES,2021-05-28,394501,1,3,66562,-814,-0.0122292,110631,-842,-0.0076108866,203977,-3906,-0.019149218,259513,-2846,-0.010966695
ES,2021-05-31,18741,1,3,7143,498,0.069718606,10910,585,0.053620532,14121,492,0.034841725,17107,435,0.025428187
ES,2021-06-01,524411,1,3,102366,-5265,-0.051433093,171294,-8841,-0.051613016,325699,-14321,-0.043970046,453046,-18208,-0.040190179
ES,2021-06-02,435002,1,4,78472,-3676,-0.046844734,129397,-4485,-0.034660773,208099,-6420,-0.030850701,265352,-6757,-0.025464289
ES,2021-06-03,576622,1,4,99374,-2029,-0.020417816,186155,-1851,-0.0099433268,322087,1417,0.0043994325,466405,2057,0.0044103301
ES,2021-06-04,352904,1,4,84207,596,0.0070777964,126150,-1706,-0.013523583,204209,-3837,-0.018789573,266408,-3331,-0.012503378
ES,2021-06-07,372740,1,3,58999,2630,0.044577027,103334,3176,0.030735286,187019,-871,-0.0046572808,254499,-2799,-0.010998079
ES,2021-06-08,516099,1,3,68824,-898,-0.013047774,156920,-1313,-0.0083673209,242291,-348,-0.0014362894,307951,463,0.0015034859
ES,2021-06-09,405275,1,3,76141,1647,0.021630922,156314,2225,0.01423417,245093,1748,0.0071319866,297756,1179,0.0039596179
ES,2021-06-10,509299,1,3,99246,3929,0.039588497,147168,5790,0.039342792,229458,3373,0.014699858,360102,-1393,-0.0038683484
ES,2021-06-11,280055,1,3,60993,265,0.0043447609,93308,-725,-0.0077699661,157165,-2104,-0.013387205,210729,-3048,-0.014464075
ES,2021-06-14,368440,1,3,61035,-976,-0.015990825,101929,-1405,-0.013784105,181649,686,0.003776514,242849,237,0.00097591507
ES,2021-06-15,384870,1,3,75189,-2315,-0.030789078,107827,-2615,-0.024251811,180313,-3475,-0.019272044,234275,-3882,-0.01657027
ES,2021-06-16,690575,1,4,50866,-268,-0.0052687453,80739,-794,-0.009834157,132236,-406,-0.0030702683,172145,39,0.0002265532
ES,2021-06-17,697834,1,4,114740,-127,-0.0011068503,176024,-2420,-0.013748125,306421,-4419,-0.014421335,402750,-3787,-0.0094028554
ES,2021-06-18,748719,1,3,167396,1671,0.0099823174,277909,164,0.00059012123,450338,2251,0.0049984678,583097,4067,0.0069748258
ES,2021-06-21,545557,1,3,101146,-121,-0.0011962905,194262,1693,0.0087150343,347937,288,0.00082773606,453551,3708,0.0081754863
ES,2021-06-22,416762,1,3,66334,526,0.0079295685,123780,434,0.0035062207,211887,3156,0.014894732,268903,9454,0.035157659
ES,2021-06-23,363295,1,3,66916,-63,-0.00094147887,127762,-766,-0.0059955229,211491,746,0.0035273369,264934,2029,0.0076585112
ES,2021-06-24,338421,1,3,67370,-1697,-0.025189253,112242,-2243,-0.019983607,195125,-1962,-0.010055093,245834,-2876,-0.011698951
ES,2021-06-25,326799,1,3,57993,-46,-0.00079319918,97576,380,0.0038944003,164333,1248,0.0075943359,221017,-572,-0.0025880362
ES,2021-06-28,322528,1,3,67602,-763,-0.011286648,117476,507,0.0043157751,178456,175,0.00098063388,222969,301,0.0013499634
ES,2021-06-29,283360,1,3,61060,96,0.001572224,90778,-72,-0.00079314371,154128,-1179,-0.0076494861,208864,-1359,-0.0065066263
ES,2021-06-30,348807,1,3,70871,989,0.013954932,119128,497,0.0041719831,188775,1250,0.0066216395,250604,2161,0.0086231664
ES,2021-07-01,335191,1,4,61967,198,0.0031952491,102959,-323,-0.0031371711,176712,-529,-0.0029935715,234897,660,0.0028097421
ES,2021-07-02,316713,1,4,61411,-1790,-0.029147873,100130,-1346,-0.013442525,154633,-1898,-0.012274223,194365,-2212,-0.01138065
ES,2021-07-05,11066,1,4,1428,1,0.00070028011,2722,78,0.0286554,5592,416,0.074391989,8442,324,0.038379531
ES,2021-07-06,534234,1,4,68552,-497,-0.0072499708,108891,1015,0.0093212479,230285,-538,-0.0023362355,340758,-2892,-0.0084869614
ES,2021-07-07,525466,1,4,71061,389,0.0054741701,116541,899,0.0077140234,219147,-2074,-0.0094639671,359659,-2930,-0.0081466055
ES,2021-07-08,787018,1,4,147434,-1316,-0.0089260279,258809,-261,-0.0010084657,432738,2040,0.0047141689,587530,1842,0.0031351591
ES,2021-07-09,434362,1,4,89587,128,0.0014287787,149789,713,0.0047600291,282483,2105,0.0074517759,355882,1358,0.0038158716
ES,2021-07-12,381006,1,4,75733,2427,0.032046796,126147,2273,0.018018661,215411,3866,0.017947087,297742,5003,0.016803138
ES,2021-07-13,501230,1,4,81672,2260,0.027671662,137690,1306,0.0094850752,218833,910,0.0041584222,283222,2559,0.0090353151
ES,2021-07-14,517775,1,4,76349,-780,-0.010216244,134248,-2571,-0.019151123,219925,-2763,-0.012563374,299185,-3246,-0.010849474
ES,2021-07-15,635192,1,4,113451,-2955,-0.026046487,185841,-2570,-0.013829026,305207,-1730,-0.0056682841,416135,-4981,-0.011969673
ES,2021-07-16,632319,1,4,86768,-241,-0.0027775217,163123,-676,-0.0041441121,352742,-9227,-0.026157928,470996,-8031,-0.0170511
ES,2021-07-19,1084663,1,4,172385,-3075,-0.017837979,307509,-1792,-0.0058274717,549901,4282,0.0077868562,728502,10043,0.013785824
ES,2021-07-20,688279,1,4,139676,-2471,-0.017690942,246234,3557,0.014445609,410200,1810,0.0044124817,521602,2165,0.0041506743
ES,2021-07-21,410219,1,4,91133,56,0.00061448652,144422,3563,0.024670757,232651,1103,0.0047410069,298368,-970,-0.0032510189
ES,2021-07-22,405292,1,4,79771,1358,0.01702373,145278,2369,0.016306667,220686,4620,0.020934722,273111,4790,0.017538656
ES,2021-07-23,425736,1,4,68439,-339,-0.0049533161,122857,-163,-0.0013267457,197838,415,0.0020976759,278631,2174,0.007802434
ES,2021-07-26,342808,1,4,75926,2203,0.029015094,117778,3533,0.029997113,199388,4751,0.023827913,259668,3366,0.012962706
ES,2021-07-27,675821,1,4,110315,-3312,-0.030023116,172466,-3308,-0.019180592,323795,-8437,-0.02605661,449046,-12096,-0.026937107
ES,2021-07-28,494181,1,4,82893,-2445,-0.029495856,130934,-2876,-0.021965265,217463,-1297,-0.005964233,308125,-2653,-0.008610142
ES,2021-07-29,351762,1,4,94040,312,0.0033177371,139278,1020,0.0073234825,204054,1735,0.0085026513,271358,2712,0.0099941774
ES,2021-07-30,487680,1,4,105109,-3330,-0.031681397,158396,-5034,-0.031781106,265277,-7105,-0.026783325,335010,-6961,-0.020778484
ES,2021-08-02,470445,1,4,91328,-5877,-0.064350473,129783,-6028,-0.046446761,226230,-9079,-0.040131724,292646,-11724,-0.040062054
ES,2021-08-03,560291,1,4,82310,-2270,-0.027578666,166614,-9344,-0.056081722,299095,-8800,-0.02942209,403992,-11418,-0.028262936
ES,2021-08-04,421988,1,4,88268,-2405,-0.027246567,146215,-1126,-0.0077009883,236232,-1830,-0.007746622,321216,-508,-0.0015814903
ES,2021-08-05,283635,1,4,62386,-2892,-0.046356554,95485,-1804,-0.01889302,158354,-3165,-0.019986865,204761,-3852,-0.018812176
ES,2021-08-06,345008,1,4,84300,1571,0.018635824,142679,1780,0.012475557,213945,1695,0.0079225969,283634,880,0.00310259
ES,2021-08-09,293425,1,4,95889,-246,-0.0025654663,142484,-2028,-0.014233177,197827,-1810,-0.0091494083,255238,-2874,-0.011260079
ES,2021-08-10,381699,1,4,53942,2015,0.037354937,94213,1964,0.02084638,179474,2710,0.01509968,324036,2999,0.0092551445
ES,2021-08-11,360673,1,4,74655,-1480,-0.019824526,114614,-1339,-0.011682691,171829,-2006,-0.011674397,235706,-3276,-0.01389867
ES,2021-08-12,311008,1,4,67469,681,0.010093524,111759,1214,0.01086266,194423,1536,0.0079002999,247322,1996,0.0080704507
ES,2021-08-13,267279,1,4,58215,924,0.015872198,98585,702,0.0071207587,193447,1806,0.0093358905,236613,1209,0.0051096094
ES,2021-08-16,449035,1,4,78362,674,0.0086011077,155196,-2131,-0.013731024,288630,-3762,-0.013033988,384431,-5624,-0.014629413
ES,2021-08-17,726774,1,4,125312,-94,-0.00075012768,222031,-556,-0.0025041548,372181,1482,0.0039819335,467566,2446,0.005231347
ES,2021-08-18,612316,1,4,70657,1333,0.018865788,132820,2426,0.018265321,227212,2394,0.010536415,315781,4229,0.013392193
ES,2021-08-19,823308,1,4,149226,-1184,-0.0079342742,247941,-1374,-0.005541641,410795,-106,-0.00025803625,557782,-3844,-0.0068915813
ES,2021-08-20,470336,1,4,100918,31,0.00030718009,178866,1840,0.010287031,317569,93,0.00029284974,392986,-258,-0.00065651194
ES,2021-08-23,341548,1,4,87952,3868,0.043978534,131601,5671,0.043092378,229289,4280,0.018666399,279376,3584,0.012828589
ES,2021-08-24,286695,1,4,73934,-336,-0.0045445938,114503,-231,-0.0020174144,188545,1026,0.0054416717,233892,424,0.0018128025
ES,2021-08-25,287174,1,4,67095,-1865,-0.027796408,98354,-2930,-0.029790349,161917,-3526,-0.021776589,211910,-4727,-0.02230664
ES,2021-08-26,552160,1,4,70064,2782,0.039706554,106094,1709,0.016108357,228526,-2370,-0.010370811,382879,-2770,-0.0072346616
ES,2021-08-27,457767,1,4,61200,306,0.005,112848,1481,0.013123848,322183,2089,0.0064838927,410552,2854,0.0069516164
ES,2021-08-30,340150,1,4,79721,-1178,-0.014776533,128040,-802,-0.0062636676,218669,-2141,-0.0097910541,299267,-3294,-0.011006894
ES,2021-08-31,462547,1,4,77709,-1504,-0.019354258,134178,-2371,-0.017670557,245293,-705,-0.0028741138,316818,-333,-0.0010510766
ES,2021-09-01,358983,1,4,78244,271,0.0034635244,135125,195,0.0014431082,238877,1978,0.0082804121,295005,2947,0.0099896612
ES,2021-09-02,372226,1,4,75619,1562,0.020656184,131071,523,0.0039902038,208894,-274,-0.00131167,265991,-460,-0.0017293818
ES,2021-09-03,392218,1,4,104458,1477,0.014139654,184275,2504,0.013588387,290627,1902,0.0065444711,361788,653,0.0018049244
ES,2021-09-06,13886,1,4,2108,61,0.028937381,6333,595,0.093952313,11304,535,0.047328379,16067,627,0.039024087
ES,2021-09-07,420052,1,4,102807,1538,0.014960071,183273,946,0.0051616987,298762,2230,0.0074641353,372564,3865,0.010374057
ES,2021-09-08,587094,1,4,79290,-1670,-0.021061925,129539,-957,-0.0073877365,216003,-369,-0.0017083096,417938,-5393,-0.012903828
ES,2021-09-09,529221,1,4,95321,360,0.0037767124,144018,-183,-0.0012706745,237666,-928,-0.0039046393,309423,-895,-0.0028924805
ES,2021-09-10,502290,1,4,70554,-2898,-0.041074921,134038,-5264,-0.039272445,225719,-4322,-0.019147701,360311,-6925,-0.019219508
ES,2021-09-13,697625,1,4,123415,-396,-0.0032086861,217563,3089,0.014198186,392699,2021,0.0051464353,513261,3596,0.007006182
ES,2021-09-14,675441,1,4,91959,-2343,-0.025478746,168226,-5894,-0.035036201,319730,-4529,-0.014165077,438424,-3931,-0.0089662062
ES,2021-09-15,577403,1,4,99094,-1862,-0.01879024,185609,-2595,-0.013981003,332562,-4729,-0.014219905,438058,-5536,-0.012637596
ES,2021-09-16,606105,1,4,104831,311,0.0029666797,188468,1304,0.0069189465,355786,1993,0.0056016819,461680,1781,0.0038576503
ES,2021-09-17,786274,1,4,107261,-233,-0.0021722714,184204,-1143,-0.006205077,344121,-87,-0.00025281805,471052,36,7.6424683e-05
ES,2021-09-20,1136434,1,4,168069,2094,0.012459169,275253,4218,0.015324084,483192,6862,0.014201394,626764,6473,0.010327651
ES,2021-09-21,878529,1,4,128515,-3483,-0.027101895,230890,-1963,-0.008501884,417691,-3400,-0.0081399887,578433,-3767,-0.0065124224
ES,2021-09-22,801881,1,4,88397,-3831,-0.043338575,147239,-4496,-0.030535388,308997,-388,-0.0012556756,416261,1084,0.0026041354
ES,2021-09-23,571034,1,4,115577,-1420,-0.012286182,209331,-5561,-0.026565583,333316,-8248,-0.024745287,420825,-8452,-0.020084358
ES,2021-09-24,462110,1,4,96730,5199,0.053747545,164277,5248,0.031946042,268940,4243,0.015776753,353565,5236,0.014809158
ES,2021-09-27,540629,1,4,105142,1038,0.0098723631,174737,1748,0.010003605,282359,1873,0.0066333993,356372,2474,0.006942184
ES,2021-09-28,1078333,1,3,102342,-5697,-0.055666295,210602,-11772,-0.055896905,428491,-14587,-0.034042722,598370,-12736,-0.02128449
ES,2021-09-29,768052,1,3,114947,-4894,-0.042576144,205317,-4101,-0.019973991,333589,-7181,-0.021526489,449980,-9821,-0.021825414
ES,2021-09-30,1078834,1,3,91852,2124,0.023124156,162720,2392,0.014700098,313709,885,0.0028210858,442093,-1482,-0.0033522358
ES,2021-10-01,976848,1,3,127305,-4908,-0.038553081,230488,-7283,-0.031598174,451035,-5473,-0.012134313,606061,-3645,-0.0060142461
ES,2021-10-04,1025388,1,3,112988,1412,0.012496902,177517,2646,0.014905615,353957,682,0.0019267877,584161,-2666,-0.0045638103
ES,2021-10-05,698056,1,3,109465,256,0.0023386471,193621,3227,0.016666581,361853,8254,0.022810368,478025,7825,0.016369437
ES,2021-10-06,1032962,1,3,122644,3688,0.030070774,217142,1072,0.0049368616,451199,3640,0.0080673938,597043,4982,0.0083444576
ES,2021-10-07,566889,1,3,123917,87,0.00070208285,200495,2372,0.011830719,337265,286,0.00084799787,418133,1739,0.0041589638
ES,2021-10-08,595149,1,3,110425,-392,-0.0035499208,185679,-1921,-0.010345812,284773,-1478,-0.0051900988,372140,-1911,-0.0051351642
ES,2021-10-11,528446,1,3,77333,2375,0.030711339,135313,3834,0.028334306,219816,4508,0.020508061,269689,3419,0.012677566
ES,2021-10-12,573967,1,3,81647,-2099,-0.025708232,161073,-1313,-0.0081515834,270766,-1630,-0.0060199582,341024,-621,-0.0018209862
ES,2021-10-13,600018,1,3,97629,5945,0.060893792,177607,4850,0.027307482,312888,7629,0.024382527,395075,8149,0.020626463
ES,2021-10-14,481103,1,3,104647,-2110,-0.020163024,159942,1685,0.010535069,274502,-1862,-0.0067831928,347757,-3352,-0.0096389145
ES,2021-10-15,429114,1,3,96493,2855,0.029587638,156436,6463,0.04131402,265208,5085,0.01917363,336643,5870,0.017436869
ES,2021-10-18,392278,1,3,82932,1450,0.017484204,144381,5436,0.037650383,224951,7607,0.033816253,300137,11237,0.037439569
ES,2021-10-19,369685,1,3,78317,-328,-0.0041881073,146703,186,0.0012678677,224779,1533,0.0068200321,292332,-448,-0.0015325041
ES,2021-10-20,391457,1,3,66464,845,0.012713649,116928,1859,0.015898673,199351,1110,0.0055680684,278518,-902,-0.0032385699
ES,2021-10-21,347599,1,3,58468,228,0.003899569,95271,1489,0.0156291,154130,2801,0.018172971,208818,3235,0.01549196
ES,2021-10-22,565740,1,3,74043,-1874,-0.025309617,137223,-2752,-0.020054947,219333,-2672,-0.012182389,296877,-4192,-0.014120326
ES,2021-10-25,399934,1,3,89389,1308,0.014632673,150148,2425,0.016150731,233556,4226,0.018094162,280124,3751,0.013390498
ES,2021-10-26,561948,1,3,100124,-930,-0.0092884823,155115,-254,-0.0016374948,258012,1170,0.0045346728,325188,-614,-0.0018881386
ES,2021-10-27,537454,1,3,108459,-1530,-0.014106713,173235,-842,-0.0048604497,291780,-1434,-0.0049146617,380704,-678,-0.0017809112
ES,2021-10-28,479679,1,3,100619,1171,0.011637961,169011,2584,0.015288946,270642,1994,0.0073676665,371970,4131,0.011105734
ES,2021-10-29,518865,1,3,81753,826,0.010103605,138605,1890,0.013635872,235819,2671,0.011326483,321116,6004,0.018697293
ES,2021-11-01,442060,1,3,90602,1048,0.011567074,149925,-777,-0.0051825913,254760,-2970,-0.011658031,320917,-3250,-0.010127229
ES,2021-11-02,413318,1,3,76946,364,0.0047305903,128889,232,0.0017999984,214940,-1836,-0.0085419187,275201,-617,-0.0022419977
ES,2021-11-03,497324,1,3,77099,3798,0.049261339,111459,4780,0.042885725,184267,4823,0.026173976,225411,4832,0.021436398
ES,2021-11-04,478262,1,4,73067,183,0.0025045506,138752,295,0.0021260955,219775,2296,0.010447048,279864,1702,0.0060815253
ES,2021-11-05,587833,1,4,114282,1783,0.015601757,182773,3353,0.01834516,305443,1040,0.0034048906,376517,1429,0.0037953134
ES,2021-11-08,400987,1,4,111984,3054,0.027271753,158137,2647,0.016738651,228593,2770,0.012117606,304228,3600,0.01183323
ES,2021-11-09,637465,1,4,66899,-70,-0.0010463535,175972,-3267,-0.018565454,378517,-2907,-0.0076799721,474960,-4390,-0.0092428836
ES,2021-11-10,712635,1,4,92332,-366,-0.0039639562,163542,723,0.0044208827,248226,477,0.0019216359,310241,-1282,-0.0041322714
ES,2021-11-11,373715,1,4,78809,-3346,-0.04245708,128001,-2932,-0.022906071,202971,-3907,-0.019249055,282287,-3186,-0.011286386
ES,2021-11-12,441609,1,4,74033,-1737,-0.02346251,116900,-1632,-0.01396065,195340,-3255,-0.016663254,264035,-2039,-0.007722461
ES,2021-11-15,451277,1,4,82836,1615,0.019496354,136268,1266,0.0092905157,222387,4451,0.020014659,283910,3637,0.012810398
ES,2021-11-16,414932,1,4,88830,-78,-0.00087808173,153369,2646,0.017252509,231655,1119,0.0048304591,285100,1498,0.0052542967
ES,2021-11-17,444004,1,4,77238,-4463,-0.057782439,149400,-7504,-0.050227577,247018,-6477,-0.026220761,327624,-6300,-0.01922936
ES,2021-11-18,535507,1,4,68089,-2441,-0.035850137,122590,-2364,-0.019283792,285164,-5153,-0.018070303,369779,-3317,-0.0089702228
ES,2021-11-19,498206,1,4,91735,362,0.0039461492,142772,1180,0.0082649259,232609,310,0.0013327085,300834,1475,0.0049030362
ES,2021-11-22,687559,1,4,99843,2954,0.029586451,187610,4043,0.021550024,325026,1773,0.0054549482,393820,399,0.0010131532
ES,2021-11-23,906153,1,4,130786,80,0.00061168627,207379,1621,0.0078166063,384413,-1755,-0.0045654023,515548,-6332,-0.012282077
ES,2021-11-24,671246,1,4,106009,363,0.0034242376,178558,523,0.0029290203,324306,825,0.0025438937,421452,324,0.00076877082
ES,2021-11-25,16902,1,3,3586,-3,-0.00083658673,6079,55,0.0090475407,9923,119,0.011992341,13975,358,0.025617174
ES,2021-11-26,806189,1,3,133415,2294,0.017194468,237195,1462,0.006163705,426621,4706,0.011030868,564147,5926,0.010504354
ES,2021-11-29,782498,1,3,153087,1133,0.0074010203,266161,-322,-0.0012097941,443735,-3082,-0.0069455869,576690,-6962,-0.012072344
ES,2021-11-30,1365036,1,3,140774,599,0.0042550471,229999,1931,0.0083956887,390179,6017,0.015421127,675786,6457,0.0095547999
ES,2021-12-01,1299601,1,3,120755,-2262,-0.018732144,189152,-1695,-0.0089610472,358082,2231,0.0062304165,491002,3952,0.0080488471
ES,2021-12-02,1370514,1,3,153269,2442,0.015932772,282878,4565,0.016137699,523078,-6566,-0.012552621,727604,-13308,-0.018290169
ES,2021-12-03,1494644,1,3,120944,-755,-0.0062425585,239252,20,8.3593868e-05,462954,1618,0.0034949477,693143,392,0.00056553987
ES,2021-12-06,1031628,1,3,148334,-611,-0.0041190826,261465,1272,0.0048648959,470373,2979,0.0063332717,600224,1841,0.0030671882
ES,2021-12-07,678057,1,3,117848,1055,0.0089522096,213302,3459,0.016216444,368557,6597,0.017899538,461289,7354,0.015942283
ES,2021-12-08,579441,1,3,100810,1406,0.013947029,186978,5890,0.031501032,311109,8939,0.028732695,415350,7759,0.018680631
ES,2021-12-09,621407,1,3,82588,226,0.002736475,147792,-1446,-0.0097840208,240982,-1299,-0.0053904441,340829,-4424,-0.012980116
ES,2021-12-10,561028,1,3,81711,-2664,-0.03260271,142852,-4055,-0.028386022,243414,-6176,-0.025372411,325811,-5933,-0.018209944
ES,2021-12-13,741823,1,3,107797,28,0.00025974749,197343,-255,-0.0012921664,329774,4171,0.012648056,442597,7608,0.017189452
ES,2021-12-14,828987,1,3,114357,3956,0.034593422,205171,4281,0.020865522,348371,3260,0.0093578398,473120,1200,0.0025363544
ES,2021-12-15,1038721,1,3,80894,-2091,-0.025848641,147451,-2192,-0.014865955,248406,308,0.0012399056,322248,95,0.000294804
ES,2021-12-16,1035949,1,3,122464,-2019,-0.016486478,222961,-5241,-0.023506353,395351,-7024,-0.017766491,484040,-6924,-0.014304603
ES,2021-12-17,1266038,1,3,175821,2245,0.012768668,312956,5879,0.018785388,511719,5520,0.01078717,726702,11776,0.016204717
ES,2021-12-20,1058198,1,3,177382,4283,0.024145629,307771,8050,0.026155811,499590,8216,0.016445485,625821,5916,0.0094531823
ES,2021-12-21,737497,1,2,98013,-493,-0.005029945,177105,-850,-0.0047994128,317491,314,0.00098900441,428929,-1455,-0.0033921698
ES,2021-12-22,525519,1,2,82340,7983,0.096951664,137547,10572,0.076861,241321,13683,0.056700411,346354,17103,0.049380114
ES,2021-12-23,410449,1,2,102509,2086,0.020349433,161260,2064,0.012799206,248645,4647,0.018689296,301769,4980,0.016502689
ES,2021-12-27,402761,1,3,67925,847,0.012469636,113540,1931,0.017007222,191279,6559,0.034290225,252506,5689,0.022530158
ES,2021-12-28,507890,1,3,73610,-752,-0.010216003,123132,-456,-0.0037033428,219579,-2011,-0.009158435,278573,-1735,-0.00622817
ES,2021-12-29,421135,1,2,75069,1402,0.018676151,115670,1521,0.013149477,227532,-1016,-0.004465306,292475,-1252,-0.0042807078
ES,2021-12-30,373410,1,2,62095,-700,-0.011273049,100131,-18,-0.00017976451,158474,200,0.0012620367,198536,-1229,-0.0061903131
ES,2021-12-31,438029,1,2,57771,468,0.0081009503,100031,-345,-0.0034489308,175831,-1245,-0.0070806627,229540,-1041,-0.0045351573
ES,2022-01-03,664509,1,3,88420,416,0.0047048179,235111,-648,-0.002756145,375086,706,0.001882235,459799,63,0.00013701639
ES,2022-01-04,690615,1,3,96121,719,0.0074801552,148751,399,0.0026823349,271277,-2716,-0.010011907,402680,-10185,-0.025293037
ES,2022-01-05,964970,1,3,99367,-327,-0.003290831,164835,-295,-0.0017896685,261902,-327,-0.0012485586,329495,-1755,-0.0053263327
ES,2022-01-06,1013058,1,3,133944,1378,0.010287882,242128,-1270,-0.0052451596,467988,-1630,-0.0034829953,623405,-1759,-0.0028216007
ES,2022-01-07,793730,1,3,117572,815,0.0069319226,184776,1552,0.0083993592,302870,-2714,-0.0089609403,460534,-10604,-0.023025444
ES,2022-01-10,1167597,1,3,145956,-368,-0.0025213078,277486,-3192,-0.011503283,490642,-2939,-0.0059901109,651179,-3488,-0.0053564381
ES,2022-01-11,894582,1,3,154582,-9761,-0.06314448,266816,-9055,-0.033937245,418687,-6925,-0.016539802,572282,-9216,-0.016103949
ES,2022-01-12,807711,1,3,118956,-1255,-0.010550119,192638,-1428,-0.0074128677,306643,-3486,-0.011368269,463529,-8432,-0.018190879
ES,2022-01-13,993491,1,3,91494,-171,-0.001868975,149156,-430,-0.0028828877,274610,-2905,-0.010578639,411676,-4493,-0.010913923
ES,2022-01-14,1076878,1,3,146413,981,0.0067002247,251609,1666,0.0066213848,407941,2862,0.0070157204,540396,3495,0.0064674794
ES,2022-01-17,27316,1,2,6223,-30,-0.004820826,11804,19,0.0016096239,19362,-4,-0.00020659023,24474,-38,-0.0015526681
ES,2022-01-18,1081128,1,3,153052,-2798,-0.018281368,255883,-4577,-0.017887081,438519,701,0.0015985624,560122,1209,0.0021584583
ES,2022-01-19,996567,1,3,115215,-1465,-0.012715358,198806,327,0.0016448196,353066,-6960,-0.019713028,491837,-14595,-0.029674465
ES,2022-01-20,1043976,1,2,113010,-640,-0.0056632156,207213,-719,-0.0034698595,349104,-5697,-0.016318919,446145,-4526,-0.010144684
ES,2022-01-21,1648631,1,2,156815,-1125,-0.0071740586,273826,-191,-0.00069752324,560310,1477,0.0026360408,827145,-1567,-0.0018944683
ES,2022-01-24,2296437,1,2,192608,1817,0.0094336684,346615,-2466,-0.0071145219,650985,-1635,-0.0025115786,873027,912,0.0010446412
ES,2022-01-25,1430718,1,2,145262,2217,0.015262078,262871,1482,0.0056377463,455995,7522,0.016495795,614505,8014,0.013041391
ES,2022-01-26,1470045,1,2,92040,-658,-0.0071490656,168316,-691,-0.0041053732,327430,-5649,-0.017252543,459476,-4468,-0.0097241205
ES,2022-01-27,1268600,1,2,111863,1389,0.012416974,204260,-267,-0.0013071575,358894,-5986,-0.016679019,504050,-5204,-0.010324373
ES,2022-01-28,1197885,1,2,109096,-1195,-0.010953655,202516,-2260,-0.011159612,353508,1739,0.0049192663,489006,4356,0.0089078662
ES,2022-01-31,860027,1,2,107395,8774,0.081698403,178490,11215,0.062832652,328369,13989,0.042601464,427368,11803,0.027617884
ES,2022-02-01,867374,1,2,130219,1052,0.0080786982,210619,2279,0.010820486,382158,682,0.0017846022,486911,2800,0.0057505376
ES,2022-02-02,875030,1,2,103775,1726,0.016632137,186224,-3928,-0.021092877,319910,-3790,-0.011847082,454768,-4589,-0.01009086
ES,2022-02-03,929251,1,2,122447,1443,0.011784691,208669,510,0.0024440621,358420,3055,0.0085235199,450501,3799,0.0084328337
ES,2022-02-04,941536,1,2,111547,1942,0.017409702,197544,933,0.0047229984,345917,3821,0.011046002,476001,5283,0.011098716
ES,2022-02-07,826019,1,2,95148,318,0.0033421617,168144,1853,0.011020316,278317,1661,0.0059680149,367764,3996,0.010865664
ES,2022-02-08,830122,1,2,79657,191,0.0023977805,147443,728,0.0049375013,272244,1577,0.0057925978,373336,819,0.0021937343
ES,2022-02-09,711463,1,2,85245,447,0.0052437093,146738,325,0.0022148319,279105,-2024,-0.0072517511,363880,-4606,-0.012658019
ES,2022-02-10,1400997,1,2,136808,4900,0.035816619,239788,5230,0.021810933,402324,4115,0.010228075,550079,3462,0.0062936415
ES,2022-02-11,1532902,1,2,88082,354,0.0040189823,195271,-1950,-0.0099861219,349097,-5349,-0.015322389,453000,-5960,-0.013156733
ES,2022-02-14,1215454,1,2,111524,1776,0.015924823,186573,1944,0.010419514,354924,570,0.0016059776,479676,1781,0.0037129229
ES,2022-02-15,739211,1,2,86914,1543,0.017753181,161848,1578,0.0097498888,268099,1187,0.004427469,350374,1540,0.0043953033
ES,2022-02-16,761698,1,2,71405,1391,0.019480429,162049,-2274,-0.014032793,258670,900,0.0034793366,331325,861,0.0025986569
ES,2022-02-17,780261,1,2,79069,964,0.012191883,171116,-2760,-0.016129409,296142,495,0.0016714954,398024,4650,0.011682713
ES,2022-02-18,988140,1,2,95780,2287,0.023877636,159244,2446,0.015360076,267391,2995,0.011200826,365080,4086,0.011192067
ES,2022-02-21,83296,1,2,10538,-33,-0.003131524,19645,-45,-0.0022906592,39209,-167,-0.0042592262,53413,-70,-0.0013105424
ES,2022-02-22,1125434,1,2,92146,-2874,-0.031189634,176881,-4085,-0.023094623,296259,-4751,-0.016036644,400502,-6842,-0.01708356
ES,2022-02-23,1089530,1,2,81217,867,0.010675105,159111,-1190,-0.0074790555,314704,-4730,-0.015029996,414884,-2353,-0.0056714648
ES,2022-02-24,1466677,1,2,134752,1895,0.014062871,257414,4153,0.016133544,485725,13567,0.027931443,628984,16349,0.025992712
ES,2022-02-25,983928,1,2,93258,830,0.0089000407,167050,-600,-0.003591739,325940,-3389,-0.010397619,435440,-4655,-0.010690336
ES,2022-02-28,1083548,1,2,113141,7113,0.062868456,187462,10900,0.058145117,307190,10866,0.035372245,428193,13423,0.031348014
ES,2022-03-01,1025432,1,2,93406,-1481,-0.015855512,163708,-1200,-0.0073301244,293750,-1422,-0.0048408511,404962,-3069,-0.0075784888
ES,2022-03-02,895778,1,2,82268,3244,0.0394321,142352,1175,0.0082541868,274954,-511,-0.0018584927,410000,-3817,-0.0093097561
ES,2022-03-03,880191,1,2,75589,-606,-0.0080170395,131999,-1337,-0.010128865,244220,-3094,-0.012668905,356661,-5870,-0.016458205
ES,2022-03-04,932203,1,2,79791,-66,-0.00082716096,153928,-90,-0.00058468895,293020,5219,0.017811071,392861,6187,0.015748573
ES,2022-03-07,963376,1,2,80120,-336,-0.0041937094,146809,-386,-0.0026292666,259451,-1124,-0.0043322246,352478,-216,-0.0006128042
ES,2022-03-08,1371818,1,2,119353,-2087,-0.017485945,193934,-539,-0.002779296,355378,-2180,-0.0061343133,473793,-1419,-0.0029949788
ES,2022-03-09,814468,1,2,94748,-411,-0.0043378224,157921,-1866,-0.011816035,283859,-3449,-0.012150399,369892,-2303,-0.0062261417
ES,2022-03-10,765541,1,2,90226,4033,0.044698867,157261,5445,0.034623969,268765,8366,0.031127565,353705,7955,0.022490493
ES,2022-03-11,606122,1,2,64472,-182,-0.0028229309,105897,-746,-0.0070445811,196128,-392,-0.0019986947,257232,-237,-0.00092134727
ES,2022-03-14,731524,1,2,78145,-3331,-0.042625888,120944,-4373,-0.03615723,198280,-4210,-0.0212326,267949,-4098,-0.015293955
ES,2022-03-15,812684,1,2,103481,-595,-0.0057498478,156619,564,0.0036010957,255174,603,0.0023630934,345547,-792,-0.0022920182
ES,2022-03-16,1001278,1,2,87505,812,0.0092794697,152124,2083,0.013692777,328540,5388,0.01639983,433533,4781,0.011027996
ES,2022-03-17,674874,1,2,76816,4666,0.060742554,142160,7313,0.051442037,237618,3292,0.013854169,313681,2766,0.0088178755
ES,2022-03-18,680856,1,2,91605,524,0.0057202118,138605,1737,0.012532015,240001,3308,0.013783276,307439,3315,0.010782627
ES,2022-03-21,797935,1,2,76203,2163,0.028384709,136018,1272,0.0093517035,237162,-1088,-0.0045875815,309540,-75,-0.00024229502
ES,2022-03-22,657219,1,2,79605,3409,0.042823943,132805,1872,0.014095855,238629,750,0.0031429541,316958,-2278,-0.0071870721
ES,2022-03-23,719675,1,2,78277,-1468,-0.018753912,140374,-2877,-0.020495248,248474,-967,-0.0038917553,321234,-3014,-0.0093825685
ES,2022-03-24,664042,1,2,68969,-833,-0.01207789,122556,-1704,-0.013903848,221168,-3736,-0.016892136,298472,-3995,-0.01338484
ES,2022-03-25,698535,1,2,73683,-140,-0.0019000312,124180,-374,-0.0030117571,209291,-737,-0.0035214128,280081,-1299,-0.004637944
ES,2022-03-28,649622,1,2,67314,-2408,-0.035772648,115357,-2631,-0.022807459,206477,-3547,-0.017178669,269049,-2342,-0.0087047341
ES,2022-03-29,715246,1,2,105719,-2151,-0.02034639,170040,-1930,-0.011350271,295486,-6698,-0.022667741,395500,-10049,-0.025408344
ES,2022-03-30,627726,1,2,63055,-407,-0.0064546824,109067,354,0.0032457114,187564,380,0.0020259751,251417,1489,0.0059224317
ES,2022-03-31,785182,1,2,63013,713,0.011315125,109679,24,0.00021882038,206961,985,0.0047593508,290341,2065,0.0071123265
ES,2022-04-01,798982,1,2,77205,-1348,-0.017460009,134755,-2814,-0.020882342,260414,-2865,-0.011001713,352186,-1231,-0.0034953121
ES,2022-04-04,546998,1,2,63266,-577,-0.0091202226,120308,723,0.0060095754,224486,2394,0.010664362,286335,1776,0.006202525
ES,2022-04-05,769356,1,2,80333,195,0.002427396,124142,-315,-0.0025374168,306685,-7678,-0.02503546,397674,-7780,-0.019563763
ES,2022-04-06,1043380,1,2,116802,-6735,-0.057661684,189933,-7972,-0.041972696,322599,-7338,-0.022746506,412311,-6920,-0.016783447
ES,2022-04-07,878238,1,2,71403,2377,0.033289918,127569,2891,0.022662246,241016,3589,0.014891128,335891,4984,0.014838147
ES,2022-04-08,775461,1,2,90469,-1619,-0.017895633,154296,-2114,-0.013700938,256636,-659,-0.0025678393,371382,-529,-0.0014244094
ES,2022-04-11,783574,1,2,114769,-1135,-0.0098894301,186702,-2523,-0.013513514,301319,-1530,-0.0050776752,388401,-712,-0.001833157
ES,2022-04-12,918587,1,2,102357,2206,0.021552019,194505,8794,0.045212205,306502,3874,0.012639396,410319,879,0.0021422357
ES,2022-04-13,661167,1,2,90492,3466,0.038301728,162667,5069,0.031161821,255765,5258,0.020557934,325957,5856,0.01796556
ES,2022-04-14,730102,1,2,104534,3369,0.032228749,163919,3352,0.020449124,298454,-2139,-0.0071669336,377785,-1527,-0.0040419816
ES,2022-04-18,661312,1,2,85879,853,0.0099325796,138317,617,0.0044607677,234460,528,0.0022519833,291057,-728,-0.0025012283
ES,2022-04-19,740829,1,2,95066,-372,-0.0039130709,185827,100,0.00053813493,315600,-356,-0.0011280101,407858,-1399,-0.0034301154
ES,2022-04-20,794003,1,2,96970,1443,0.014880891,176102,-1331,-0.0075581197,284089,-1614,-0.0056813182,372341,-1030,-0.0027662814
ES,2022-04-21,1021294,1,2,85066,921,0.010826887,148035,52,0.00035126828,260898,-2479,-0.0095017976,348594,-6023,-0.01727798
ES,2022-04-22,1121429,1,2,111163,-4395,-0.039536536,197798,-4529,-0.022897097,352577,-1831,-0.0051931918,483851,-430,-0.00088870334
ES,2022-04-25,1357465,1,2,129385,-3721,-0.02875913,248331,-4223,-0.017005529,437541,511,0.0011678906,596870,-607,-0.0010169719
ES,2022-04-26,1141015,1,2,91783,232,0.0025277012,163980,1429,0.0087144774,334657,1772,0.0052949737,487639,3752,0.0076942164
ES,2022-04-27,1215640,1,2,114173,3124,0.027361986,215243,3872,0.017988971,414223,-1213,-0.0029283743,569678,2530,0.0044411053
ES,2022-04-28,997643,1,2,101999,-771,-0.0075588976,176354,-1030,-0.0058405253,313600,-1092,-0.0034821429,416596,-438,-0.0010513783
ES,2022-04-29,1129522,1,2,100901,1787,0.017710429,178376,4826,0.027055209,327324,-971,-0.0029664797,448997,440,0.000979962
ES,2022-05-02,1480433,1,2,150195,-410,-0.0027297846,254258,1881,0.0073979973,462002,8952,0.019376539,608752,13438,0.022074671
ES,2022-05-03,1067335,1,2,111696,744,0.0066609368,196033,2687,0.013706876,340026,3717,0.010931517,449744,3264,0.007257462
ES,2022-05-04,1164071,1,2,67954,-1268,-0.018659682,117252,-1032,-0.0088015556,222892,-1108,-0.0049710174,296640,929,0.0031317422
ES,2022-05-05,1588821,1,2,104756,213,0.0020332964,183890,-1500,-0.0081570504,390123,-3712,-0.0095149478,581445,-3830,-0.0065870375
ES,2022-05-06,1512609,1,2,134427,-3317,-0.024675102,261316,-5079,-0.019436238,497740,-1712,-0.0034395468,679332,-1150,-0.0016928394
ES,2022-05-09,1302904,1,2,117111,1452,0.012398494,220133,3808,0.017298633,382237,4183,0.010943472,524882,6148,0.011713109
ES,2022-05-10,1459972,1,2,125658,-618,-0.0049181111,217980,-94,-0.00043123222,378899,-2872,-0.0075798564,547158,-8027,-0.014670351
ES,2022-05-11,1337821,1,2,142109,-1325,-0.0093238289,263819,676,0.0025623628,416697,-767,-0.001840666,541050,-3400,-0.0062840773
ES,2022-05-12,1502961,1,2,135769,-2388,-0.017588698,240112,-1771,-0.0073757247,442649,1877,0.0042403801,586974,2468,0.0042046155
ES,2022-05-13,1068364,1,2,116248,1278,0.010993738,203126,3990,0.01964298,360882,2623,0.0072683038,466947,735,0.0015740544
ES,2022-05-16,1060430,1,2,105759,2631,0.024877315,200559,3736,0.018627935,324983,5055,0.01555466,435460,5179,0.01189317
ES,2022-05-17,1000545,1,2,105080,4666,0.044404263,164455,2913,0.017713052,269203,284,0.001054966,379202,-4014,-0.010585387
ES,2022-05-18,1257139,1,2,103896,-1894,-0.018229768,182558,-3896,-0.021341163,316276,-2487,-0.0078633851,425648,-774,-0.0018184039
ES,2022-05-19,1435122,1,2,129705,391,0.003014533,240277,477,0.0019852087,427804,8,1.8700152e-05,584951,2446,0.0041815468
ES,2022-05-20,1489226,1,2,118875,-776,-0.0065278654,192465,-400,-0.0020783,340655,-101,-0.00029648765,464502,-1823,-0.0039246333
ES,2022-05-23,1083372,1,2,111838,-1317,-0.011775962,198410,-2426,-0.012227206,373085,-5465,-0.014648136,513983,-7204,-0.014016028
ES,2022-05-24,1255030,1,2,88020,-2835,-0.032208589,166481,-4412,-0.026501523,370208,-8580,-0.02317616,513041,-7872,-0.015343803
ES,2022-05-25,1075767,1,2,101391,-869,-0.0085707804,174644,-489,-0.0027999817,304515,-728,-0.0023906868,416916,2,4.7971294e-06
ES,2022-05-26,779519,1,2,102906,914,0.0088818922,171038,2491,0.014564015,290799,4255,0.0146321,368575,2570,0.0069728007
ES,2022-05-27,753882,1,2,112881,6895,0.061082024,197403,8411,0.042608268,325013,2561,0.0078796848,403189,-447,-0.0011086612
ES,2022-05-30,37497,1,2,6061,-139,-0.022933509,10178,-186,-0.01827471,18862,-125,-0.0066270809,26344,-76,-0.0028849074
ES,2022-05-31,1119146,1,2,98562,1178,0.011951868,170109,3644,0.021421559,313438,5405,0.01724424,426094,6025,0.014140072
ES,2022-06-01,1125841,1,2,99895,4096,0.041003053,158126,4821,0.030488345,333585,-2268,-0.0067988669,481508,-2514,-0.0052210971
ES,2022-06-02,874770,1,2,111166,1106,0.0099490852,173349,-265,-0.001528708,347934,-174,-0.00050009485,435096,2222,0.0051069189
ES,2022-06-03,885371,1,2,107825,-2454,-0.0227591,175855,-271,-0.0015410423,308568,-424,-0.0013740893,412211,-393,-0.00095339523
ES,2022-06-06,881975,1,2,84013,655,0.0077964125,144933,728,0.0050230106,254150,525,0.0020657092,332449,1877,0.0056459788
ES,2022-06-07,850249,1,2,105771,1245,0.011770712,183498,3077,0.016768575,314715,6438,0.020456604,438411,9511,0.021694255
ES,2022-06-08,909361,1,2,87939,1462,0.016625161,153751,3717,0.024175453,281676,3545,0.012585382,389681,5116,0.013128687
ES,2022-06-09,979345,1,2,106252,619,0.0058257727,192940,2402,0.012449466,306834,2185,0.0071211143,404502,3325,0.0082199841
ES,2022-06-10,677089,1,2,92710,1699,0.018325963,151657,2697,0.017783551,276206,-1263,-0.004572674,372224,773,0.0020767065
ES,2022-06-13,1299144,1,2,139506,-876,-0.0062792998,213469,-251,-0.0011758148,390398,2307,0.005909354,525193,4329,0.0082426841
ES,2022-06-14,1141231,1,2,113222,-893,-0.0078871597,205405,1746,0.0085002799,370017,2181,0.0058943238,514551,2337,0.0045418238
ES,2022-06-15,1217066,1,2,98840,5728,0.057952246,163534,5691,0.034800103,268577,5888,0.021922949,363780,3959,0.010882951
ES,2022-06-16,1227948,1,2,135423,-1955,-0.014436248,240818,651,0.0027032863,407745,7455,0.018283486,555524,9223,0.016602343
ES,2022-06-17,1206327,1,2,130692,3486,0.0266734,204913,3784,0.018466374,353678,3893,0.011007187,509937,3389,0.006645919
ES,2022-06-20,48598,1,2,8293,-417,-0.050283372,13883,-603,-0.043434416,21633,-366,-0.016918597,30551,-225,-0.0073647344
ES,2022-06-21,707304,1,2,97058,4709,0.048517381,163293,3867,0.023681358,264531,54,0.00020413487,342376,-44,-0.00012851368
ES,2022-06-22,912159,1,2,106609,2765,0.025935897,197462,3915,0.0198266,345387,5769,0.016703003,451308,5743,0.012725234
ES,2022-06-23,931089,1,2,91800,221,0.0024074074,188017,2146,0.011413862,310309,2004,0.0064580789,420524,1827,0.0043445796
ES,2022-06-24,760832,1,2,104674,1956,0.018686589,171840,632,0.0036778399,351286,518,0.001474582,443175,-3205,-0.0072319061
ES,2022-06-27,859682,1,2,112316,-432,-0.0038462908,187162,-1217,-0.0065023883,327617,-1291,-0.003940577,420640,894,0.0021253328
ES,2022-06-28,1033871,1,2,106759,3557,0.033318034,162741,2055,0.012627426,294486,-1108,-0.0037624879,409690,-1760,-0.0042959311
ES,2022-06-29,1009309,1,2,117111,-2023,-0.01727421,211870,-377,-0.001779393,362913,-769,-0.0021189652,485392,-1401,-0.0028863269
ES,2022-06-30,1254633,1,2,135289,-4261,-0.031495539,226459,-2688,-0.011869698,377148,2786,0.0073870205,517515,8120,0.015690366
ES,2022-07-01,1011986,1,2,120481,-313,-0.00259792,201851,-705,-0.0034926753,386733,-1126,-0.0029115695,515072,-67,-0.0001300789
ES,2022-07-04,23563,1,2,5046,-610,-0.12088783,7229,-629,-0.087010652,12428,-976,-0.078532346,16503,-1210,-0.073320002
ES,2022-07-05,1106028,1,2,121731,1076,0.0088391618,221373,2354,0.010633636,398246,6412,0.016100601,540820,8167,0.015101143
ES,2022-07-06,1032500,1,2,113540,1447,0.012744407,191484,1023,0.0053424829,355584,1640,0.004612131,451267,2133,0.0047266917
ES,2022-07-07,708993,1,2,98730,4771,0.048323711,157056,4013,0.025551396,269057,3,1.1150054e-05,347869,878,0.0025239386
ES,2022-07-08,828642,1,2,90955,-64,-0.00070364466,158412,28,0.00017675429,278299,2960,0.010636043,373179,2756,0.0073851958
ES,2022-07-11,868226,1,2,125680,-1230,-0.00978676,214237,-768,-0.0035848149,358920,-407,-0.0011339574,464969,1401,0.0030131041
ES,2022-07-12,952115,1,2,121395,3430,0.02825487,198730,2170,0.010919338,347890,512,0.0014717296,451563,-356,-0.00078837283
ES,2022-07-13,1192712,1,2,160900,3831,0.02380982,273813,7332,0.026777399,455108,9909,0.021772854,661655,17750,0.026826669
ES,2022-07-14,1083625,1,2,124665,1142,0.0091605503,220552,3265,0.014803765,371953,9739,0.026183416,485474,13358,0.027515377
ES,2022-07-15,751378,1,2,116681,1528,0.013095534,198698,132,0.00066432475,378571,-1023,-0.0027022672,468063,-3717,-0.0079412387
ES,2022-07-18,809460,1,2,99728,4243,0.042545724,154438,5009,0.032433727,262632,3529,0.013437053,329370,3979,0.012080639
ES,2022-07-19,799679,1,2,109618,-943,-0.0086026018,177235,-315,-0.0017773013,332875,579,0.0017393917,438068,291,0.00066428043
ES,2022-07-20,976660,1,2,88379,2280,0.025797984,141979,1874,0.013199135,257053,3505,0.01363532,395961,3942,0.0099555259
ES,2022-07-21,1016134,1,2,107502,-789,-0.0073393983,198688,-179,-0.00090090997,401427,-2983,-0.0074309899,526125,-1736,-0.0032995961
ES,2022-07-22,1052136,1,2,123600,2016,0.01631068,239461,-346,-0.0014449117,389102,-3260,-0.0083782659,493068,-3750,-0.0076054418
ES,2022-07-25,886680,1,2,95027,-1160,-0.012207057,170363,-1301,-0.0076366347,334609,-3474,-0.010382267,443745,-4864,-0.01096125
ES,2022-07-26,862586,1,2,99794,-1609,-0.016123214,169317,-2330,-0.01376117,305781,-2830,-0.0092549897,409543,-2902,-0.007085947
ES,2022-07-27,1005294,1,2,101833,-329,-0.0032307798,157181,1509,0.009600397,275391,3766,0.013675102,354990,6478,0.018248401
ES,2022-07-28,1094652,1,2,115745,-783,-0.0067648711,244956,-1666,-0.0068012214,426369,-1528,-0.0035837502,567840,463,0.00081537053
ES,2022-07-29,985363,1,2,113199,1070,0.0094523803,185334,1910,0.010305718,344858,2820,0.0081772788,460359,2267,0.0049244177
ES,2022-08-01,1053669,1,2,115605,2965,0.02564768,189752,4213,0.022202665,359514,6765,0.01881707,494535,8616,0.017422427
ES,2022-08-02,1127145,1,2,108639,875,0.0080541978,202942,498,0.0024539031,377322,1329,0.0035221906,544342,1403,0.0025774238
ES,2022-08-03,901936,1,2,97516,1115,0.011434021,167020,1774,0.010621482,333824,-971,-0.0029087184,458606,-1833,-0.0039968949
ES,2022-08-04,680122,1,2,94315,271,0.0028733499,159317,-103,-0.00064650979,262022,163,0.00062208517,390522,644,0.0016490748
ES,2022-08-05,870101,1,2,117262,2630,0.022428408,192285,3907,0.020318798,365328,5449,0.014915364,456246,5394,0.011822569
ES,2022-08-08,876111,1,2,113817,2038,0.017905937,196969,2174,0.01103727,310526,1102,0.0035488172,402692,1431,0.0035535844
ES,2022-08-09,705510,1,2,94635,-1171,-0.012373857,165253,-1789,-0.010825825,265611,-1084,-0.0040811563,343057,727,0.0021191814
ES,2022-08-10,735759,1,2,111772,-531,-0.0047507426,192793,-2960,-0.015353255,325037,-5263,-0.016192003,416823,-3409,-0.0081785314
ES,2022-08-11,836344,1,2,78716,-96,-0.0012195742,131130,-147,-0.0011210249,263177,-130,-0.00049396414,380198,-3298,-0.0086744275
ES,2022-08-12,649330,1,2,81902,-394,-0.0048106273,132370,-1587,-0.011989121,261071,-3473,-0.013302895,348740,-3204,-0.0091873602
ES,2022-08-15,627030,1,2,89418,1957,0.021885974,178342,4298,0.024099763,295873,5192,0.01754807,377778,5030,0.013314698
ES,2022-08-16,710048,1,2,83825,1284,0.015317626,135089,1432,0.010600419,244773,-1164,-0.0047554265,336252,-2719,-0.0080861973
ES,2022-08-17,926502,1,2,99532,2310,0.023208616,158475,3801,0.023984856,276694,4115,0.014872025,384518,4238,0.011021591
ES,2022-08-18,713921,1,2,89931,-1087,-0.012087045,148560,-2386,-0.016060851,255392,-889,-0.0034809234,351438,301,0.00085648109
ES,2022-08-19,823358,1,2,122958,-1502,-0.012215553,223773,-3311,-0.014796244,361808,-2223,-0.0061441427,471439,-662,-0.0014042114
ES,2022-08-22,802468,1,2,112638,-823,-0.0073065928,190973,-831,-0.0043514005,327164,1936,0.0059175215,449848,4134,0.0091897708
ES,2022-08-23,870673,1,2,100964,-497,-0.0049225467,194076,2679,0.013803871,362748,4271,0.011774014,495550,3388,0.0068368479
ES,2022-08-24,670769,1,2,83584,1133,0.013555226,134327,1518,0.011300781,264071,2436,0.0092247918,360876,3393,0.0094021215
ES,2022-08-25,817040,1,2,95407,397,0.0041611203,184734,3655,0.019785205,328027,3704,0.011291753,431500,2895,0.0067091541
ES,2022-08-26,1226240,1,2,63200,1253,0.019825949,100736,2462,0.024440121,363459,-559,-0.0015380002,594081,-127,-0.00021377556
ES,2022-08-29,1121780,1,2,125715,466,0.0037067971,221047,-887,-0.0040127213,394592,2012,0.0050989376,543828,4061,0.0074674346
ES,2022-08-30,1459238,1,2,111911,-620,-0.0055401167,217976,-2438,-0.011184718,436555,-2795,-0.0064024006,710382,705,0.00099242379
ES,2022-08-31,1240412,1,2,125573,935,0.0074458681,243215,794,0.0032646013,437127,-177,-0.00040491665,601412,-639,-0.0010624996
ES,2022-09-01,1193106,1,2,121402,1030,0.0084842095,209704,1880,0.0089650174,421706,3472,0.0082332241,591036,4296,0.0072685928
ES,2022-09-02,1428002,1,2,141002,453,0.0032127204,223523,1390,0.0062185994,401791,3718,0.0092535672,567275,4751,0.0083751267
ES,2022-09-05,32284,1,2,8343,524,0.062807144,11009,575,0.052229994,16584,651,0.039254703,23209,778,0.033521479
ES,2022-09-06,1254457,1,2,96711,-3349,-0.034628946,180452,-3620,-0.020060736,395981,-5302,-0.013389531,584246,-3949,-0.0067591391
ES,2022-09-07,1012687,1,2,111850,2067,0.018480107,191920,2400,0.012505211,353334,2760,0.007811306,494669,2322,0.0046940479
ES,2022-09-08,1270930,1,2,140658,1997,0.014197557,256703,5501,0.021429434,449918,7524,0.016723047,585022,7271,0.012428592
ES,2022-09-09,552635,1,2,78273,237,0.003027864,143599,1194,0.0083148211,262522,-3726,-0.014193096,335461,-3948,-0.011768879
ES,2022-09-12,868748,1,2,84907,3695,0.043518202,151701,5715,0.037672791,269202,4162,0.015460509,361279,910,0.0025188289
ES,2022-09-13,1299266,1,2,149246,581,0.0038929017,263156,-1316,-0.005000836,475039,197,0.00041470279,636778,3772,0.0059235715
ES,2022-09-14,1251528,1,2,137993,269,0.0019493742,243697,90,0.00036931107,434998,-2625,-0.0060345105,647174,536,0.00082821621
ES,2022-09-15,1309378,1,2,118974,913,0.0076739456,230861,-541,-0.0023434014,409029,-614,-0.0015011161,598450,-1965,-0.0032834823
ES,2022-09-16,1371815,1,2,169767,-1379,-0.0081228979,276067,-5367,-0.019440933,525884,-2202,-0.0041872352,715996,-2567,-0.0035852156
ES,2022-09-19,1144228,1,2,116209,2815,0.024223597,205527,5490,0.026711819,373618,5156,0.013800192,541336,6598,0.012188364
ES,2022-09-20,1239423,1,2,134949,-720,-0.0053353489,242835,1116,0.0045957131,445403,2581,0.0057947522,605531,2874,0.0047462475
ES,2022-09-21,1504755,1,2,95033,738,0.0077657235,154707,1004,0.006489687,270820,1893,0.0069898826,370343,-1090,-0.0029432175
ES,2022-09-22,1423331,1,2,157169,-2594,-0.016504527,273995,-3379,-0.012332342,490415,1299,0.0026487771,670908,-743,-0.0011074544
ES,2022-09-23,1573227,1,2,144924,-1794,-0.012378902,285153,-3401,-0.01192693,510845,1218,0.0023842849,682380,312,0.00045722325
ES,2022-09-26,1661825,1,2,147384,6377,0.043267926,244045,9298,0.038099531,464567,10439,0.022470386,642862,7687,0.011957465
ES,2022-09-27,1685682,1,2,139668,831,0.0059498239,258174,-1935,-0.0074949453,519858,-2828,-0.0054399471,711366,1550,0.0021789065
ES,2022-09-28,1303443,1,2,140381,-2078,-0.014802573,253604,-860,-0.0033911137,449577,2297,0.0051092471,617534,214,0.00034653962
ES,2022-09-29,1483342,1,2,157275,-4140,-0.026323319,292074,-4676,-0.016009641,572213,-2346,-0.0040998719,764629,4453,0.0058237394
ES,2022-09-30,1521012,1,2,153220,418,0.0027281034,267212,3852,0.01441552,476694,4569,0.0095847651,638916,6538,0.010232957
ES,2022-10-03,1137812,1,2,130763,-1914,-0.014637168,223010,-2000,-0.0089682077,481234,2106,0.0043762494,644929,6771,0.01049883
ES,2022-10-04,1203620,1,2,158598,4848,0.030567851,274771,5951,0.021658035,508650,4273,0.0084006684,667697,7754,0.011613052
ES,2022-10-05,1156514,1,2,119351,-2668,-0.022354232,192927,-3889,-0.020157884,402481,-5697,-0.014154705,541660,-4558,-0.0084148728
ES,2022-10-06,1246696,1,2,144076,1467,0.010182126,251172,-31,-0.0001234214,472982,188,0.00039747813,629410,1623,0.0025786054
ES,2022-10-07,1142437,1,2,139913,-3538,-0.025287143,256812,-4003,-0.015587278,442719,1385,0.0031283952,578810,5341,0.0092275531
ES,2022-10-10,1145278,1,2,109572,-3539,-0.032298397,185416,-4983,-0.026874703,355075,-1099,-0.0030951207,538684,-3916,-0.0072695681
ES,2022-10-11,1395166,1,2,122203,-1259,-0.010302529,214871,-4994,-0.023241852,395397,-2092,-0.0052908849,547721,213,0.00038888412
ES,2022-10-12,1053512,1,2,155875,-428,-0.0027457899,245263,229,0.00093369159,418900,-363,-0.00086655526,541908,181,0.00033400503
ES,2022-10-13,1847876,1,2,174949,-953,-0.0054473018,316227,1254,0.0039655058,553445,5284,0.0095474708,758050,6879,0.0090745993
ES,2022-10-14,1513147,1,2,202528,1970,0.0097270501,328424,2755,0.0083885465,680277,3610,0.0053066618,874332,4991,0.0057083579
ES,2022-10-17,1011417,1,2,159877,6581,0.041162894,271574,8447,0.031103861,456403,7438,0.016297001,608894,8730,0.014337471
ES,2022-10-18,1462932,1,2,176593,-2694,-0.015255418,289988,-4234,-0.014600604,485027,-5414,-0.011162265,654697,-7324,-0.011186854
ES,2022-10-19,1253325,1,2,155142,-1447,-0.0093269392,260778,-2306,-0.0088427705,457208,1247,0.0027274238,605682,-650,-0.0010731704
ES,2022-10-20,1236034,1,2,145398,-1196,-0.0082256977,247616,-1108,-0.0044746705,440121,4942,0.01122873,601250,8040,0.013372141
ES,2022-10-21,1515160,1,2,203571,-1691,-0.0083066842,363559,-1863,-0.0051243402,590295,-6361,-0.010775968,831670,-8360,-0.010052064
ES,2022-10-24,1105618,1,2,141005,851,0.006035247,250350,2893,0.011555822,454866,1754,0.0038560807,630440,3676,0.0058308483
ES,2022-10-25,896490,1,2,112585,1017,0.0090331749,217413,3395,0.015615442,368459,2182,0.0059219615,480444,1820,0.0037881626
ES,2022-10-26,1150691,1,2,145996,602,0.0041234006,224975,298,0.0013245916,465535,2089,0.0044873103,599472,2195,0.0036615555
ES,2022-10-27,1136092,1,2,124443,-785,-0.0063081089,217911,-3411,-0.01565318,389431,-1101,-0.0028272017,532762,-3342,-0.0062729699
ES,2022-10-28,1016493,1,2,145620,3730,0.025614613,217333,4185,0.019256165,411717,2914,0.0070776771,541090,2623,0.0048476224
ES,2022-10-31,1046019,1,2,123903,919,0.0074170924,207966,-1570,-0.0075493109,340722,-2481,-0.0072815961,445822,-2646,-0.0059351041
ES,2022-11-01,1053726,1,2,101775,199,0.0019552935,185184,-2626,-0.014180491,409850,-8425,-0.020556301,578112,-12414,-0.021473348
ES,2022-11-02,1371375,1,2,88075,-1846,-0.02095941,145429,-2210,-0.015196419,247557,-3044,-0.012296158,324876,-2620,-0.0080646154
ES,2022-11-03,1066809,1,2,130126,-1361,-0.010459093,238457,-2146,-0.0089995261,450860,4427,0.0098190126,586827,7835,0.013351465
ES,2022-11-04,1467472,1,2,145015,-1629,-0.011233321,274395,-826,-0.0030102589,488355,-714,-0.0014620512,646645,-2492,-0.0038537374
ES,2022-11-07,764663,1,2,101705,-1984,-0.019507399,171656,-2182,-0.012711469,299403,-3310,-0.011055333,395470,-2782,-0.0070346676
ES,2022-11-08,1035615,1,2,98077,1200,0.012235285,172215,1400,0.0081293732,305726,4433,0.014499912,407029,3841,0.009436674
ES,2022-11-09,987682,1,2,97197,-942,-0.0096916571,176020,-2155,-0.012242927,328869,-2148,-0.0065314761,487076,-3810,-0.0078221879
ES,2022-11-10,1132351,1,2,176181,1823,0.010347313,312882,1475,0.0047142373,506015,-4243,-0.0083851269,666488,-7268,-0.010904923
ES,2022-11-11,990500,1,2,125480,-2329,-0.018560727,212623,-177,-0.00083245933,406431,-1737,-0.0042737882,514163,-3271,-0.0063617958
ES,2022-11-14,834145,1,2,102968,-2643,-0.025668169,179207,-3674,-0.020501431,309134,-2825,-0.0091384319,388121,-3260,-0.0083994424
ES,2022-11-15,1277055,1,2,117418,1253,0.010671277,207396,55,0.00026519316,339495,-1294,-0.0038115436,468840,-3998,-0.0085274294
ES,2022-11-16,754871,1,2,85468,-2677,-0.031321664,149580,-2506,-0.016753577,254630,-3152,-0.012378746,347623,-5129,-0.01475449
ES,2022-11-17,750006,1,2,95710,265,0.0027687807,160968,-2022,-0.012561503,276416,1933,0.0069930829,355377,2097,0.0059007758
ES,2022-11-18,757912,1,2,117937,396,0.0033577249,175026,830,0.0047421526,296787,-733,-0.0024697847,374965,-2732,-0.0072860134
ES,2022-11-21,585458,1,2,71730,562,0.0078349366,116285,823,0.0070774391,209743,-1532,-0.007304177,277634,-1918,-0.0069083758
ES,2022-11-22,536793,1,2,75531,-630,-0.0083409461,117100,-271,-0.0023142613,218605,2750,0.012579767,309230,3194,0.010328881
ES,2022-11-23,650283,1,2,57540,509,0.0088460202,116160,2499,0.02151343,203514,2022,0.0099354344,272025,1812,0.0066611525
ES,2022-11-24,16513,1,2,3320,72,0.021686747,5333,116,0.021751359,8174,100,0.012233912,11673,250,0.021416945
ES,2022-11-25,204146,1,2,55140,29,0.00052593399,85291,720,0.0084416879,131888,417,0.0031617736,166932,5,2.9952316e-05
ES,2022-11-28,661819,1,2,88711,2546,0.028699936,134006,1440,0.010745788,240442,-980,-0.004075827,323644,-616,-0.0019033259
ES,2022-11-29,708885,1,2,73582,-1122,-0.015248294,117648,-835,-0.0070974432,232491,2491,0.010714393,313732,1481,0.0047205895
ES,2022-11-30,1216696,1,2,87147,46,0.00052784376,132041,398,0.0030142153,247804,-4770,-0.019249084,321359,-5225,-0.016259075
ES,2022-12-01,949436,1,2,100250,-1322,-0.013187032,163941,-992,-0.0060509574,368091,-372,-0.0010106197,515839,-33,-6.3973449e-05
ES,2022-12-02,870874,1,2,129011,-850,-0.0065885855,207758,-670,-0.0032249059,363866,-910,-0.0025009207,494151,403,0.00081554019
ES,2022-12-05,771778,1,2,70953,1924,0.027116542,120710,993,0.0082263276,262560,1871,0.0071259902,353245,3784,0.010712112
ES,2022-12-06,938488,1,2,75929,-1918,-0.025260441,157747,-4074,-0.025826165,311450,-3093,-0.0099309681,456270,-2991,-0.0065553291
ES,2022-12-07,904674,1,2,133226,-447,-0.0033552009,234274,-3915,-0.016711201,467007,-4144,-0.0088735287,578557,-2306,-0.0039857784
ES,2022-12-08,765969,1,2,103792,-5391,-0.051940419,183326,-4122,-0.022484536,315567,-4055,-0.012849886,405424,-5720,-0.014108686
ES,2022-12-09,562920,1,3,71726,249,0.0034715445,127931,-1881,-0.014703238,238233,-2593,-0.010884302,333846,1060,0.0031751167
ES,2022-12-12,601521,1,3,79495,-2030,-0.025536197,138551,-2270,-0.016383859,239940,-2535,-0.010565141,308295,-3375,-0.010947307
ES,2022-12-13,1228513,1,3,152479,-2622,-0.017195811,236837,-5037,-0.021267792,448830,-10283,-0.022910679,619450,-13094,-0.021138106
ES,2022-12-14,1043210,1,2,70564,-1219,-0.017275098,127370,-2804,-0.022014603,202744,-4258,-0.021001855,256223,-3902,-0.015228922
ES,2022-12-15,1080878,1,2,120878,1968,0.016280878,231429,204,0.00088147985,387913,588,0.0015158038,519082,2185,0.0042093542
ES,2022-12-16,932819,1,2,102049,1640,0.016070711,171723,2996,0.017446702,316238,2517,0.0079591953,457481,5174,0.011309759
ES,2022-12-19,704346,1,2,75464,-2292,-0.030372098,124352,-3385,-0.027221114,226978,-1459,-0.0064279357,310326,-2006,-0.0064641699
ES,2022-12-20,763084,1,2,96844,-2948,-0.030440709,174780,-848,-0.0048518137,309031,-261,-0.00084457546,404779,-1498,-0.0037007849
ES,2022-12-21,709279,1,2,69681,-1627,-0.023349263,118970,-1962,-0.016491552,233674,-1406,-0.0060169296,363051,-463,-0.0012753029
ES,2022-12-22,962750,1,2,108225,-3746,-0.034613075,159178,-4723,-0.029671186,300077,-4643,-0.015472695,411702,-3589,-0.0087174704
ES,2022-12-23,757126,1,2,123542,-1788,-0.014472811,187836,-2809,-0.014954535,330114,-2581,-0.0078185112,426058,-4304,-0.010101911
ES,2022-12-27,551514,1,2,66969,-2215,-0.033075005,118879,-939,-0.0078987878,239793,-2495,-0.010404807,305061,-3913,-0.012826943
ES,2022-12-28,701768,1,2,87419,-246,-0.0028140336,138535,-826,-0.0059623922,229226,-1953,-0.0085199759,314675,-3444,-0.010944625
ES,2022-12-29,556276,1,2,82073,-1789,-0.021797668,144339,-2102,-0.014562939,260633,-4384,-0.016820587,338431,-3463,-0.010232514
ES,2022-12-30,697266,1,2,78621,1379,0.017539843,153993,2243,0.014565597,245534,1939,0.0078970733,312631,2844,0.0090969865
ES,2023-01-03,882051,1,2,112237,463,0.0041251994,218681,-842,-0.0038503574,350054,-3983,-0.011378244,438119,-3561,-0.0081279287
ES,2023-01-04,1099218,1,2,123963,-1118,-0.0090188201,181771,-627,-0.0034493951,393379,-4098,-0.010417435,509537,-3740,-0.0073399969
ES,2023-01-05,872473,1,2,120842,-4686,-0.038777908,204835,-1964,-0.0095882051,383504,718,0.0018722099,478196,888,0.0018569791
ES,2023-01-06,980002,1,2,145796,-2229,-0.015288485,237404,-3044,-0.012822025,470582,-8413,-0.017877862,622228,-4741,-0.0076193935
ES,2023-01-09,853691,1,2,112913,2898,0.025665778,192808,4633,0.024029086,327510,2751,0.0083997435,447553,3996,0.0089285515
ES,2023-01-10,826903,1,2,127434,-2985,-0.02342389,230891,-3702,-0.01603354,379979,-3702,-0.0097426437,532352,-3566,-0.0066985754
ES,2023-01-11,642735,1,2,95225,-639,-0.0067104227,150043,-1519,-0.010123765,253374,-1228,-0.0048465904,363909,-5629,-0.015468153
ES,2023-01-12,1044805,1,2,128616,-8541,-0.066406979,244654,-11254,-0.045999657,452937,-6854,-0.015132347,620164,-6534,-0.010535923
ES,2023-01-13,692659,1,2,100848,-1528,-0.015151515,171528,-477,-0.0027808871,318009,832,0.0026162782,411730,1136,0.0027590897
ES,2023-01-16,25968,1,2,5784,146,0.025242047,7726,178,0.023039089,13613,92,0.0067582458,18116,-102,-0.005630382
ES,2023-01-17,633672,1,2,96125,-1497,-0.015573472,160600,877,0.0054607721,313979,4334,0.013803471,427631,1483,0.0034679432
ES,2023-01-18,890229,1,2,105960,1097,0.010352963,172181,1345,0.0078115472,308275,1285,0.0041683562,470632,-2216,-0.0047085621
ES,2023-01-19,936584,1,2,112123,-4430,-0.039510181,194714,-4684,-0.024055795,354240,-4506,-0.01272019,473659,-3403,-0.0071844935
ES,2023-01-20,726096,1,2,117757,1799,0.015277223,174705,6305,0.036089408,288396,8581,0.029754227,366260,8554,0.023354994
ES,2023-01-23,802792,1,2,82681,1959,0.023693473,161122,3791,0.023528755,307680,4996,0.01623765,404477,2427,0.0060003412
ES,2023-01-24,752670,1,2,96481,-727,-0.0075351624,191265,-1206,-0.0063053878,360843,2502,0.0069337634,484583,2731,0.0056357734
ES,2023-01-25,901553,1,3,106755,717,0.0067163131,193370,657,0.0033976315,375572,2801,0.0074579575,526556,7063,0.013413578
ES,2023-01-26,826311,1,3,105029,3421,0.032571956,196252,4053,0.020652019,351613,5018,0.014271372,487348,4009,0.0082261546
ES,2023-01-27,749764,1,3,66307,1690,0.025487505,137309,1814,0.013211079,287566,2312,0.0080398935,423203,2548,0.0060207513
ES,2023-01-30,839472,1,3,92423,3697,0.040000866,172720,4538,0.026273738,306614,4990,0.016274534,436938,5690,0.013022443
ES,2023-01-31,724330,1,3,91314,-801,-0.0087719298,161405,-2114,-0.013097488,341303,-2079,-0.0060913616,445916,-1384,-0.0031037236
ES,2023-02-01,1133024,1,3,87879,-623,-0.0070892932,137697,-481,-0.003493177,253170,-1402,-0.0055377809,343730,-4053,-0.011791231
ES,2023-02-02,1096139,1,3,137406,1109,0.0080709722,220201,1217,0.0055267687,395207,877,0.0022190902,551704,-1021,-0.00185063
ES,2023-02-03,1164086,1,3,160616,-747,-0.0046508442,268759,-395,-0.0014697182,516199,1293,0.0025048479,646889,3216,0.0049714866
ES,2023-02-06,802985,1,3,109141,-783,-0.0071742058,179017,962,0.0053737913,325342,-2339,-0.0071893577,458633,553,0.0012057571
ES,2023-02-07,1286572,1,3,95225,-118,-0.0012391704,151253,-372,-0.0024594553,253930,518,0.0020399323,323926,947,0.0029235072
ES,2023-02-08,925309,1,3,104360,3208,0.030739747,182002,2922,0.016054769,319342,2974,0.0093128996,452557,292,0.00064522259
ES,2023-02-09,945546,1,3,93109,-123,-0.0013210323,177935,-1288,-0.0072385984,316323,-2980,-0.0094207503,421035,-4138,-0.0098281616
ES,2023-02-10,874428,1,3,115176,-996,-0.0086476349,193221,-820,-0.0042438451,399185,-262,-0.00065633729,527592,-3422,-0.0064860726
ES,2023-02-13,646619,1,3,81304,646,0.0079454885,161111,2054,0.012748974,271391,2642,0.0097350317,370864,2667,0.0071913154
ES,2023-02-14,1241943,1,3,168724,1091,0.0064661815,294177,2601,0.0088416158,465692,3185,0.0068392843,700608,-1785,-0.0025477871
ES,2023-02-15,792514,1,3,94880,1227,0.012932125,185363,539,0.0029078079,349738,2388,0.0068279684,456966,2201,0.0048165509
ES,2023-02-16,990673,1,3,143211,2240,0.015641257,241622,2582,0.010686113,416980,6597,0.015820903,556997,11617,0.020856486
ES,2023-02-17,961795,1,3,132509,2046,0.015440461,259157,1977,0.0076285804,479127,7511,0.015676428,633159,6159,0.0097274144
ES,2023-02-20,22692,1,3,3342,-65,-0.019449431,5097,-155,-0.030410045,11754,15,0.0012761613,17108,58,0.0033902268
ES,2023-02-21,817064,1,2,95091,1003,0.010547791,210119,1097,0.005220851,362371,1856,0.0051218227,486560,3007,0.0061801217
ES,2023-02-22,998789,1,3,104294,-55,-0.00052735536,168009,229,0.0013630222,323991,-1834,-0.0056606511,466582,912,0.0019546403
ES,2023-02-23,943239,1,3,115894,-2338,-0.020173607,223646,-77,-0.00034429411,369077,-6849,-0.018557103,521687,-10641,-0.020397288
ES,2023-02-24,980601,1,3,131877,-2606,-0.019760838,231127,1076,0.0046554492,417084,5462,0.013095683,555354,7707,0.013877635
ES,2023-02-27,779428,1,3,93425,-1755,-0.018785122,157011,-476,-0.0030316347,298654,367,0.0012288468,496908,-3950,-0.0079491576
ES,2023-02-28,832166,1,3,98673,-1032,-0.010458788,169915,-279,-0.0016419975,339584,-947,-0.0027887062,457388,1572,0.003436907
ES,2023-03-01,972199,1,3,111005,2029,0.018278456,189056,2544,0.01345633,429209,868,0.0020223248,597287,3112,0.0052102256
ES,2023-03-02,838837,1,3,89145,-168,-0.0018845701,170972,1308,0.0076503755,340824,2509,0.0073615708,444906,3919,0.0088086023
ES,2023-03-03,745448,1,3,84919,1165,0.013718956,162806,1770,0.010871835,361018,6195,0.017159809,469325,4087,0.0087082512
ES,2023-03-06,720323,1,3,96195,1580,0.01642497,170316,2764,0.016228657,337950,5175,0.015312916,422479,3465,0.0082015911
ES,2023-03-07,1127119,1,3,69883,443,0.0063391669,104731,488,0.0046595564,426617,-359,-0.00084150421,670244,-5318,-0.0079344239
ES,2023-03-08,909819,1,3,96775,1223,0.012637561,149817,2327,0.015532283,432312,-151,-0.00034928478,579889,-366,-0.00063115527
ES,2023-03-09,1194510,1,3,101838,221,0.0021701133,204350,470,0.0022999755,363918,-4486,-0.012326953,470803,-6221,-0.013213595
ES,2023-03-10,1322667,1,3,126124,1017,0.0080634931,253394,3231,0.012750894,421700,5603,0.013286697,569623,7607,0.013354447
ES,2023-03-13,1320320,1,3,106077,-318,-0.0029978223,218758,-17,-7.7711444e-05,394695,-86,-0.00021788976,546443,954,0.0017458363
ES,2023-03-14,1122811,1,2,125570,5219,0.041562475,225346,5369,0.023825584,401660,5136,0.012786934,519941,5538,0.010651209
ES,2023-03-15,1411790,1,2,150936,3626,0.024023427,257865,3136,0.012161402,470997,6233,0.01323363,637683,13899,0.021796096
ES,2023-03-16,1166458,1,2,105337,1909,0.018122787,188213,3978,0.021135628,349980,5122,0.014635122,538718,11499,0.021345119
ES,2023-03-17,1090844,1,2,134358,-2101,-0.015637327,204408,-1852,-0.0090603108,393749,-7669,-0.019476875,556641,-13350,-0.023983142
ES,2023-03-20,841388,1,2,107869,1250,0.01158813,186042,1625,0.0087345868,326779,2991,0.0091529749,429642,2703,0.0062912844
ES,2023-03-21,701375,1,2,86148,2728,0.031666435,139636,1923,0.01377152,306983,-2863,-0.0093262493,405409,-4406,-0.010868037
ES,2023-03-22,1044934,1,2,66807,-262,-0.0039217447,102403,-219,-0.0021386092,176732,2962,0.01675984,233908,2473,0.010572533
ES,2023-03-23,1213321,1,2,102853,373,0.003626535,161337,18,0.00011156771,295363,5749,0.019464185,413684,7901,0.019099119
ES,2023-03-24,1037860,1,2,87515,86,0.00098268868,178001,2157,0.012117909,342256,1715,0.0050108691,470759,670,0.0014232335
ES,2023-03-27,662029,1,2,91328,1071,0.011726962,148336,3050,0.020561428,240702,523,0.0021728112,338598,1235,0.0036473931
ES,2023-03-28,628190,1,2,79350,80,0.0010081916,123428,396,0.0032083482,215895,-282,-0.0013061905,318529,-2359,-0.0074059191
ES,2023-03-29,634016,1,2,80443,-572,-0.0071106249,141687,692,0.0048840049,242467,-4361,-0.017985953,338325,-10524,-0.031106185
ES,2023-03-30,603600,1,2,81160,4665,0.057479054,122553,6642,0.05419696,252693,8212,0.032497932,333336,7132,0.021395829
ES,2023-03-31,682149,1,2,92600,2124,0.022937365,138196,2920,0.02112941,227816,4485,0.01968694,314587,5489,0.017448273
ES,2023-04-03,654417,1,2,82755,2012,0.02431273,145632,4915,0.033749451,285487,11052,0.038712796,414735,6436,0.015518343
ES,2023-04-04,844745,1,2,87681,-3117,-0.035549321,138246,-2145,-0.01551582,331321,1114,0.0033622982,459648,420,0.00091374269
ES,2023-04-05,738210,1,2,68659,1260,0.018351564,128753,2441,0.018958782,301859,1346,0.0044590355,436681,1323,0.0030296715
ES,2023-04-06,641748,1,2,88541,-194,-0.0021910753,147035,2021,0.013745027,278222,2768,0.0099488897,378601,2717,0.0071764206
ES,2023-04-10,565089,1,2,85509,622,0.0072740881,152752,-1926,-0.012608673,243623,-2098,-0.0086116664,312011,-1708,-0.005474166
ES,2023-04-11,593677,1,2,83360,1376,0.016506718,127051,468,0.0036835601,216504,-749,-0.0034595204,310186,-1597,-0.0051485238
ES,2023-04-12,960329,1,2,99546,-1953,-0.019619071,195189,-3845,-0.019698856,316931,-3194,-0.010077903,474392,-11879,-0.025040473
ES,2023-04-13,680999,1,2,91283,544,0.0059594886,145260,-561,-0.0038620405,281647,2556,0.0090751899,375102,1315,0.0035057131
ES,2023-04-14,928287,1,2,115484,2171,0.018799141,196135,6599,0.033645193,442765,-2681,-0.0060551308,582774,-5069,-0.0086980545
ES,2023-04-17,655107,1,2,87219,430,0.0049301184,153361,-1358,-0.008854924,235745,-2005,-0.0085049524,329837,-5145,-0.015598614
ES,2023-04-18,680040,1,2,77044,-45,-0.00058408182,155525,-1899,-0.012210256,329402,-10742,-0.03261061,442210,-11238,-0.025413265
ES,2023-04-19,595592,1,2,103066,1626,0.015776299,154121,-909,-0.0058979633,259088,-213,-0.00082211449,353676,312,0.00088216334
ES,2023-04-20,801872,1,2,89016,-9,-0.00010110542,159847,-1528,-0.0095591409,276713,-129,-0.00046618699,370913,1542,0.0041573091
ES,2023-04-21,791079,1,2,92612,-1212,-0.013086857,193882,-4392,-0.022652954,382979,-2589,-0.0067601618,543114,-10074,-0.018548592
ES,2023-04-24,641112,1,3,93566,1255,0.013412992,137368,2258,0.016437598,222563,1514,0.0068025683,377863,-2306,-0.0061027409
ES,2023-04-25,789315,1,3,72443,15,0.00020705934,154018,-768,-0.0049864302,300966,-4495,-0.014935242,406282,-1720,-0.0042335127
ES,2023-04-26,859733,1,3,88840,1673,0.018831607,157445,2911,0.018488996,322980,-3221,-0.0099727537,440496,303,0.00068786096
ES,2023-04-27,696699,1,3,98476,4021,0.040832284,173144,4644,0.026821605,305546,1740,0.0056947235,400674,959,0.002393467
ES,2023-04-28,808793,1,3,75001,2605,0.03473287,128498,6100,0.047471556,302359,10398,0.034389583,470738,5046,0.010719339
ES,2023-05-01,596454,1,3,64040,444,0.0069331668,109720,165,0.0015038279,223909,-2823,-0.0126078,312083,-3003,-0.0096224402
ES,2023-05-02,986715,1,3,97029,-2430,-0.025044059,155307,-1638,-0.010546852,409603,-5696,-0.013906148,636588,-11175,-0.017554525
ES,2023-05-03,936164,1,3,67490,-621,-0.0092013632,123799,-1053,-0.008505723,224414,-3640,-0.016220022,331923,-4744,-0.014292471
ES,2023-05-04,979671,1,3,102919,-491,-0.004770742,210823,2153,0.010212358,413328,1446,0.0034984322,599620,2892,0.0048230546
ES,2023-05-05,656711,1,3,118025,-1426,-0.012082186,202623,3160,0.015595465,333093,5763,0.017301474,422024,2636,0.0062460903
ES,2023-05-08,512132,1,3,64972,45,0.00069260605,115683,-64,-0.000553236,195643,1047,0.0053515843,272748,3610,0.013235661
ES,2023-05-09,475247,1,3,79013,-415,-0.0052523003,127358,-807,-0.0063364689,217587,114,0.00052392836,280546,1412,0.0050330427
ES,2023-05-10,858302,1,3,144871,-1369,-0.0094497864,240012,1035,0.0043122844,405928,-11,-2.7098402e-05,554662,-1541,-0.0027782686
ES,2023-05-11,683715,1,3,103999,-819,-0.0078750757,188681,-1671,-0.0088562176,316776,-2498,-0.0078856984,413397,-995,-0.0024068873
ES,2023-05-12,697721,1,3,55052,-819,-0.014876844,107303,-1363,-0.012702348,227741,-4366,-0.0191709,324907,-4297,-0.013225323
ES,2023-05-15,524669,1,3,82844,-2190,-0.026435228,140366,-6343,-0.045189006,239280,-8136,-0.034002006,319714,-7395,-0.023130047
ES,2023-05-16,596134,1,3,79872,842,0.010541867,169257,1187,0.0070130039,305492,-2311,-0.0075648462,411179,-1695,-0.0041222922
ES,2023-05-17,700005,1,3,72792,1121,0.015400044,151918,-527,-0.0034689767,247981,-942,-0.0037986781,312610,577,0.0018457503
ES,2023-05-18,787848,1,3,69048,65,0.00094137412,114154,-160,-0.0014016154,245929,3227,0.013121673,361331,2798,0.0077435924
ES,2023-05-19,796548,1,3,91743,-2679,-0.029201138,141400,-3685,-0.02606082,238894,-4726,-0.019782833,321270,-5880,-0.018302362
ES,2023-05-22,639117,1,3,90437,1438,0.015900572,156772,1902,0.012132269,359615,-452,-0.0012568997,445885,-1115,-0.0025006448
ES,2023-05-23,802772,1,3,71651,-316,-0.0044102664,139220,2169,0.015579658,254431,5099,0.020040797,329691,6195,0.018790322
ES,2023-05-24,886385,1,3,109118,-127,-0.0011638776,192659,593,0.0030779772,354361,3475,0.0098063839,483022,3313,0.0068589008
ES,2023-05-25,967089,1,3,155256,-1058,-0.0068145515,261101,-814,-0.0031175675,423859,-2879,-0.0067923531,535539,-2090,-0.0039026103
ES,2023-05-26,836011,1,3,122330,1345,0.01099485,187797,549,0.0029233694,359164,2757,0.0076761591,507971,511,0.0010059629
ES,2023-05-29,18930,1,3,4111,-190,-0.046217465,6384,-157,-0.024592732,10459,198,0.018931064,14246,140,0.0098273199
ES,2023-05-30,921196,1,3,140831,2079,0.014762375,234970,3432,0.01460612,437821,2999,0.0068498313,549401,6852,0.012471765
ES,2023-05-31,994788,1,3,118386,774,0.0065379352,212069,-1836,-0.0086575596,425491,-3077,-0.0072316453,580625,-3466,-0.0059694295
ES,2023-06-01,875957,1,3,151271,397,0.002624429,239657,546,0.002278256,423966,3162,0.0074581452,565211,1583,0.002800724
ES,2023-06-02,880570,1,3,155725,3203,0.02056831,303774,-4925,-0.016212711,507345,-6838,-0.013478008,642641,-3511,-0.0054633925
ES,2023-06-05,881121,1,3,104009,-2483,-0.023872934,177577,-2945,-0.016584355,383578,-1574,-0.0041034679,503491,-4349,-0.0086376916
ES,2023-06-06,826100,1,3,107056,2565,0.023959423,168926,4013,0.023755964,297855,6825,0.022913834,404352,6957,0.017205306
ES,2023-06-07,1055418,1,3,144807,1785,0.012326752,216825,2151,0.0099204428,402683,-2204,-0.0054732879,580012,-842,-0.0014516941
ES,2023-06-08,717438,1,3,113116,-1130,-0.009989745,208663,-2481,-0.011889985,349132,-2300,-0.0065877662,457691,-1727,-0.0037732881
ES,2023-06-09,763970,1,3,105983,350,0.0033024164,174076,209,0.001200625,297661,-654,-0.0021971303,431263,-4386,-0.010170128
ES,2023-06-12,604034,1,3,93618,-281,-0.0030015595,147625,178,0.0012057578,256564,-731,-0.0028491916,342817,-627,-0.0018289641
ES,2023-06-13,896845,1,3,153073,1944,0.012699823,251378,84,0.00033415812,409572,-761,-0.0018580372,500352,-1400,-0.0027980302
ES,2023-06-14,1002281,1,3,78707,-2347,-0.029819457,128921,-2501,-0.019399477,220972,-2798,-0.012662238,285538,-3488,-0.012215537
ES,2023-06-15,902972,1,3,107537,323,0.0030036174,206566,4801,0.023241966,351906,9434,0.026808295,458924,9529,0.020763787
ES,2023-06-16,885590,1,3,148834,-872,-0.0058588763,219416,-1273,-0.0058017647,364273,435,0.0011941593,474116,35,7.3821596e-05
ES,2023-06-19,32166,1,3,6732,-64,-0.009506833,10729,-152,-0.01416721,20180,43,0.0021308226,26252,39,0.0014856011
ES,2023-06-20,729015,1,3,85983,-49,-0.00056988009,143925,1362,0.0094632621,299682,1063,0.0035470933,413906,2886,0.0069725976
ES,2023-06-21,789375,1,3,84614,-1486,-0.017562106,140663,-1897,-0.013486134,270324,-2390,-0.0088412424,388735,-2617,-0.0067320926
ES,2023-06-22,684168,1,3,94307,430,0.0045595767,146861,1801,0.012263297,250048,2741,0.010961895,356494,1796,0.005037953
ES,2023-06-23,730398,1,3,106582,-1514,-0.014205025,178575,-1005,-0.0056278874,287148,2129,0.0074142951,373725,3159,0.0084527393
ES,2023-06-26,838805,1,3,73128,4361,0.05963516,126811,4385,0.034579019,258249,2812,0.010888716,392444,1834,0.0046732782
ES,2023-06-27,726751,1,3,95477,856,0.00896551,155582,57,0.00036636629,300836,46,0.00015290723,421561,1754,0.0041607264
ES,2023-06-28,844319,1,3,93870,2342,0.024949398,177816,892,0.0050164215,309384,1674,0.0054107517,429648,7388,0.017195472
ES,2023-06-29,762827,1,3,104431,351,0.0033610709,174056,1099,0.0063140598,343535,637,0.0018542507,463890,-313,-0.00067472892
ES,2023-06-30,685566,1,3,92504,-1197,-0.012939981,160564,-2260,-0.014075384,283184,-6285,-0.022194051,398853,-9395,-0.023555044
ES,2023-07-03,253993,1,3,67282,2061,0.030632264,104631,1554,0.014852195,174358,2147,0.012313745,230973,1606,0.0069531937
ES,2023-07-04,12953,1,3,2156,100,0.046382189,3543,177,0.049957663,7094,82,0.011559064,10532,-162,-0.015381694
ES,2023-07-05,504407,1,3,86342,-1034,-0.011975632,137426,16,0.00011642629,220473,-218,-0.00098878321,288902,677,0.0023433552
ES,2023-07-06,734798,1,3,136600,-153,-0.0011200586,242179,-6895,-0.028470677,406673,-7608,-0.018707905,503451,-6723,-0.013353832
ES,2023-07-07,712420,1,3,122675,1991,0.016229876,196210,2588,0.01318995,299329,2773,0.0092640539,389186,3048,0.0078317308
ES,2023-07-10,667560,1,3,94761,-320,-0.0033769167,161056,-1579,-0.0098040433,274335,4063,0.01481036,374544,3103,0.0082847409
ES,2023-07-11,659337,1,3,105925,528,0.004984659,172435,845,0.0049003973,293597,36,0.00012261706,363418,-259,-0.00071267796
ES,2023-07-12,839038,1,3,119913,900,0.0075054414,200247,425,0.0021223789,329402,406,0.0012325365,421870,185,0.00043852372
ES,2023-07-13,521422,1,3,97816,1886,0.019281099,140382,2566,0.018278697,228416,687,0.0030076702,289830,1010,0.0034848014
ES,2023-07-14,693160,1,3,83831,2249,0.026827784,138151,2898,0.020977047,256488,1438,0.0056065001,388884,-1216,-0.0031268965
ES,2023-07-17,540714,1,3,78665,138,0.0017542745,134664,154,0.001143587,213984,-1658,-0.0077482429,272960,-1644,-0.0060228605
ES,2023-07-18,641688,1,3,104667,1481,0.014149636,168032,2252,0.013402209,244990,1417,0.0057839095,308310,874,0.0028348091
ES,2023-07-19,771450,1,3,113940,4428,0.038862559,168328,3768,0.022384868,268459,3768,0.014035663,397018,8493,0.021391977
ES,2023-07-20,762674,1,3,92654,-1086,-0.011721027,136187,-1088,-0.0079890151,277752,-2765,-0.0099549238,396018,-2591,-0.0065426319
ES,2023-07-21,756055,1,3,103360,-1357,-0.01312887,177713,-3106,-0.017477618,300625,-2535,-0.0084324324,393123,-3387,-0.0086156241
ES,2023-07-24,621963,1,3,92472,678,0.0073319491,201800,-797,-0.0039494549,320653,623,0.0019429102,391625,789,0.0020146824
ES,2023-07-25,545376,1,3,71112,-361,-0.005076499,131347,409,0.0031138892,210292,-746,-0.0035474483,283577,-1899,-0.0066965939
ES,2023-07-26,730714,1,3,86567,-791,-0.0091374311,130077,21,0.00016144284,189683,1200,0.0063263445,259889,-2304,-0.0088653233
ES,2023-07-27,983109,1,3,103915,2978,0.028658038,160851,4652,0.028921175,307798,-3326,-0.010805788,406653,-3723,-0.0091552257
ES,2023-07-28,688012,1,3,98801,-247,-0.0024999747,162577,15,9.2263973e-05,277591,1178,0.0042436534,367973,2300,0.0062504586
ES,2023-07-31,547565,1,3,83761,894,0.010673225,166182,2489,0.014977555,243774,2419,0.0099231255,311351,2305,0.0074032202
ES,2023-08-01,565338,1,3,91631,-70,-0.0007639336,128191,-298,-0.0023246562,284501,-4446,-0.015627362,374885,-5953,-0.015879536
ES,2023-08-02,834667,1,3,127667,-3047,-0.023866778,186275,-3552,-0.019068581,343429,-7755,-0.022581087,477037,-9168,-0.019218635
ES,2023-08-03,795615,1,3,119491,-1771,-0.0148212,191270,-654,-0.0034192503,350535,-2861,-0.0081618098,463829,-183,-0.00039454195
ES,2023-08-04,956491,1,3,111086,813,0.007318654,209102,-172,-0.00082256506,384211,-2066,-0.0053772536,494664,-1740,-0.0035175392
ES,2023-08-07,725805,1,3,126809,-1988,-0.015677121,202580,-3267,-0.016126962,327931,-2488,-0.0075869619,417084,-5644,-0.013532046
ES,2023-08-08,909368,1,3,111973,-2624,-0.023434221,217138,-3131,-0.014419401,399026,-3978,-0.0099692752,523405,-3103,-0.0059284875
ES,2023-08-09,909648,1,3,112538,907,0.0080594999,169995,665,0.0039118798,263155,900,0.0034200376,364764,-1397,-0.0038298736
ES,2023-08-10,1325416,1,3,128538,1102,0.0085733402,238520,4382,0.018371625,410271,2672,0.0065127684,605984,1304,0.002151872
ES,2023-08-11,843227,1,3,100898,-656,-0.0065016155,151087,-1319,-0.0087300694,314088,944,0.0030055271,417824,947,0.0022665046
ES,2023-08-14,682571,1,3,88812,258,0.0029050128,152632,-538,-0.0035248179,271647,1856,0.0068323965,370957,4111,0.011082147
ES,2023-08-15,755024,1,3,105333,318,0.0030189969,171445,-336,-0.0019598122,310982,-979,-0.0031480922,406930,-2372,-0.0058290124
ES,2023-08-16,813965,1,2,81144,1218,0.015010352,137246,2158,0.015723591,227679,1241,0.0054506564,308085,1188,0.0038560787
ES,2023-08-17,868924,1,2,83699,-5242,-0.062629183,172802,-13837,-0.080074305,279711,-18266,-0.065303116,379556,-19887,-0.05239543
ES,2023-08-18,915240,1,2,134994,1524,0.011289391,207058,619,0.0029895005,344885,3195,0.0092639576,441162,3370,0.0076389172
ES,2023-08-21,781662,1,2,85881,1758,0.020470185,141722,2105,0.014853022,273153,39,0.00014277712,368138,637,0.0017303294
ES,2023-08-22,778419,1,2,104747,-74,-0.00070646415,163385,-465,-0.0028460385,279938,55,0.00019647208,384085,214,0.00055716834
ES,2023-08-23,629884,1,2,60457,1544,0.025538813,130673,5025,0.038454769,241028,8991,0.03730272,321638,12173,0.037846896
ES,2023-08-24,979307,1,2,114240,-3744,-0.032773109,191369,-2778,-0.014516458,359228,-6685,-0.018609351,505418,-8388,-0.016596164
ES,2023-08-25,1158302,1,2,88010,-139,-0.001579366,131421,-749,-0.0056992414,398513,-1090,-0.002735168,582862,-5236,-0.0089832585
ES,2023-08-28,727470,1,2,93256,3203,0.034346316,158625,4163,0.026244287,244089,3561,0.014588941,343941,2508,0.0072919483
ES,2023-08-29,729027,1,2,64022,-247,-0.0038580488,116938,330,0.0028220082,277517,5959,0.021472558,396567,4123,0.01039673
ES,2023-08-30,695732,1,2,85229,36,0.00042239144,149438,1314,0.0087929442,325516,-2691,-0.0082668747,436092,-847,-0.0019422507
ES,2023-08-31,669946,1,2,71491,-807,-0.011288134,137214,107,0.00077980381,220627,2135,0.0096769661,289223,386,0.0013346103
ES,2023-09-01,727243,1,2,120880,2450,0.020268034,201790,2068,0.010248278,357976,423,0.0011816435,478844,21,4.3855619e-05
ES,2023-09-04,31046,1,2,4556,65,0.014266901,7350,126,0.017142857,19273,-58,-0.0030093914,27659,-374,-0.013521819
ES,2023-09-05,606483,1,2,87361,-2547,-0.029154886,146488,-2375,-0.016212932,259383,-2507,-0.0096652441,347878,-3247,-0.0093337319
ES,2023-09-06,841884,1,2,87449,241,0.002755892,139545,1044,0.0074814576,332556,-5204,-0.015648492,448438,-5533,-0.012338383
ES,2023-09-07,765785,1,2,132063,1182,0.0089502737,214734,-1823,-0.0084895731,339865,-3593,-0.010571845,474307,-3989,-0.0084101647
ES,2023-09-08,538938,1,2,83419,1534,0.018389096,130183,1040,0.0079887543,217384,615,0.0028290951,299535,-854,-0.0028510858
ES,2023-09-11,455626,1,2,87779,737,0.0083960856,158815,501,0.0031546139,246841,-1871,-0.0075797781,312960,-3474,-0.01110046
ES,2023-09-12,541426,1,2,73756,-746,-0.010114431,116387,-1185,-0.010181549,200958,-403,-0.0020053942,277926,1043,0.0037527975
ES,2023-09-13,640996,1,2,93590,3197,0.034159632,156141,3642,0.023325072,285691,-682,-0.0023871946,383328,857,0.0022356833
ES,2023-09-14,666840,1,2,107430,1435,0.013357535,192977,135,0.00069956523,323276,-6068,-0.018770339,442401,-5424,-0.01226037
ES,2023-09-15,836051,1,2,130696,912,0.0069780253,217519,1527,0.0070200764,395802,-2826,-0.0071399336,521759,-7941,-0.01521967
ES,2023-09-18,593144,1,2,99495,792,0.007960199,160384,1129,0.0070393555,268487,3566,0.013281835,348925,3014,0.0086379594
ES,2023-09-19,747791,1,2,85267,587,0.0068842577,154469,-440,-0.002848468,294701,-1068,-0.0036240121,403484,-1918,-0.0047535962
ES,2023-09-20,818954,1,2,72062,2129,0.029544004,109522,2850,0.026022169,190710,2564,0.013444497,234112,2236,0.0095509841
ES,2023-09-21,976170,1,2,133743,-3415,-0.025534047,217654,-4239,-0.019475865,386981,-1811,-0.0046798163,502535,-3602,-0.00716766
ES,2023-09-22,890131,1,2,90794,-764,-0.008414653,163846,-2266,-0.01383006,290275,-3881,-0.01337008,403111,-7531,-0.018682199
ES,2023-09-25,815874,1,3,97937,-226,-0.0023076059,166131,1040,0.00626012,285732,-1910,-0.0066845856,371582,-2071,-0.005573467
ES,2023-09-26,879108,1,3,90322,24,0.00026571599,162738,-2519,-0.015478868,330472,-3691,-0.011168874,446830,-2190,-0.0049011928
ES,2023-09-27,1087430,1,2,89604,270,0.0030132583,148878,-867,-0.0058235602,286863,-2642,-0.0092099713,407704,-4550,-0.011160057
ES,2023-09-28,1041936,1,2,100965,-531,-0.0052592483,191397,2233,0.01166685,333128,3382,0.010152254,472200,7072,0.014976705
ES,2023-09-29,1120702,1,2,115046,1505,0.013081724,182967,-311,-0.0016997601,338425,-10491,-0.030999483,445367,-9897,-0.022222122
ES,2023-10-02,1119564,1,2,112074,4132,0.036868498,190023,3069,0.016150676,374927,2434,0.0064919304,508848,1830,0.0035963588
ES,2023-10-03,1292929,1,2,116747,2289,0.0196065,199867,3007,0.015045005,529409,352,0.00066489236,702772,-1527,-0.0021728242
ES,2023-10-04,1182649,1,2,88542,-1678,-0.018951458,164902,-2733,-0.01657348,387367,-2716,-0.0070114388,555046,-1218,-0.0021944127
ES,2023-10-05,980494,1,2,100994,-152,-0.0015050399,167913,-706,-0.0042045583,311099,-593,-0.0019061456,448192,-3793,-0.0084628909
ES,2023-10-06,1176684,1,2,158128,-1725,-0.010908884,258602,-1522,-0.005885492,439514,-408,-0.00092829807,608191,119,0.00019566222
ES,2023-10-09,774022,1,2,91709,4356,0.047498065,146601,5374,0.036657322,245539,5046,0.020550707,326539,1462,0.00447726
ES,2023-10-10,870185,1,2,95630,146,0.0015267176,148184,1395,0.0094139718,278797,3942,0.01413932,382257,7069,0.018492794
ES,2023-10-11,749169,1,2,86897,2664,0.030656985,148645,1758,0.011826836,246052,2201,0.0089452636,346411,4399,0.012698788
ES,2023-10-12,1045959,1,2,95622,-3685,-0.038537157,175570,-5643,-0.032141026,317509,-3545,-0.011165038,426787,-4106,-0.0096207242
ES,2023-10-13,1236052,1,2,121875,2993,0.024557949,186748,2382,0.012755157,378329,-319,-0.00084318146,524952,-1966,-0.0037451043
ES,2023-10-16,870150,1,2,113799,498,0.0043761369,179010,-809,-0.0045193006,323331,567,0.0017536209,459977,2898,0.006300315
ES,2023-10-17,1065977,1,2,115191,-1134,-0.0098445191,199789,-1780,-0.0089093994,378898,2254,0.0059488306,497450,2450,0.0049251181
ES,2023-10-18,1305042,1,2,107285,-2540,-0.023675257,188437,-2597,-0.013781794,371123,-2292,-0.0061758501,536150,-5438,-0.010142684
ES,2023-10-19,1679524,1,2,94474,-491,-0.0051971971,163574,441,0.0026960275,323681,-3189,-0.0098522928,469420,-1917,-0.0040837629
ES,2023-10-20,1302757,1,2,139693,-171,-0.0012241129,247299,1023,0.0041366928,447771,-567,-0.0012662723,616390,-1561,-0.0025324875
ES,2023-10-23,1104932,1,2,117445,-7257,-0.061790625,244267,-3697,-0.015135078,408463,62,0.00015178853,531915,806,0.0015152797
ES,2023-10-24,979427,1,2,99393,992,0.0099805821,205479,1450,0.0070566822,372126,4246,0.011410114,491121,2898,0.0059007862
ES,2023-10-25,1099005,1,2,127514,-4344,-0.034066848,225625,-4507,-0.019975623,383284,-7905,-0.020624393,531799,-7524,-0.014148203
ES,2023-10-26,1265154,1,2,149648,-3044,-0.020341067,238951,-6156,-0.025762604,416053,-5623,-0.013515105,571868,-3103,-0.0054260773
ES,2023-10-27,1218798,1,2,125245,723,0.0057726855,230703,347,0.0015040983,441697,866,0.0019606201,593685,691,0.0011639169
ES,2023-10-30,1050270,1,2,112173,4575,0.040785216,193083,4705,0.024367759,406063,-4269,-0.010513147,552827,-3695,-0.0066838269
ES,2023-10-31,909159,1,2,92359,-3671,-0.039747074,158623,-4828,-0.030436948,299507,-4295,-0.014340232,426878,-3493,-0.0081826658
ES,2023-11-01,1092583,1,2,80393,750,0.0093291705,151037,1732,0.011467389,345829,9594,0.027742034,453358,9242,0.020385655
ES,2023-11-02,816443,1,2,136746,-1583,-0.011576207,220489,-2557,-0.01159695,375378,-4551,-0.012123779,485833,-3804,-0.007829851
ES,2023-11-03,838866,1,2,105024,-293,-0.0027898385,205732,-1307,-0.0063529252,407551,-5979,-0.014670557,535931,-5442,-0.010154292
ES,2023-11-06,672795,1,2,106511,-2132,-0.020016712,179161,-1370,-0.0076467535,286798,-2346,-0.0081799734,365647,-2428,-0.0066402842
ES,2023-11-07,648275,1,2,93501,-779,-0.0083314617,150120,845,0.0056288303,270249,3953,0.014627251,378668,6827,0.018028986
ES,2023-11-08,718314,1,2,71370,214,0.0029984587,125347,37,0.00029518058,246840,-2908,-0.011780911,336961,-2288,-0.0067901033
ES,2023-11-09,1053514,1,2,85629,-3417,-0.039904705,149144,-4350,-0.029166443,291531,-9173,-0.031464921,387714,-7416,-0.019127501
ES,2023-11-10,802450,1,2,107232,2207,0.020581543,171600,1235,0.0071969697,329377,-2538,-0.0077054561,418559,-367,-0.00087681784
ES,2023-11-13,615742,1,2,85711,328,0.0038268134,149645,-335,-0.0022386314,263235,-190,-0.00072178852,346362,-2596,-0.0074950485
ES,2023-11-14,796968,1,2,143578,7305,0.050878268,240328,8103,0.033716421,398764,8958,0.022464415,506673,7983,0.015755724
ES,2023-11-15,749780,1,2,97540,1239,0.012702481,168983,263,0.0015563696,277967,110,0.00039573043,354371,-551,-0.0015548676
ES,2023-11-16,707741,1,2,87469,-1470,-0.016805954,147612,734,0.0049724955,267818,-1733,-0.0064708123,400811,-6377,-0.015910242
ES,2023-11-17,611430,1,2,118650,1480,0.012473662,184913,3491,0.018879149,294454,3724,0.012647137,360115,3057,0.0084889549
ES,2023-11-20,544963,1,2,70894,2501,0.035278021,120534,3327,0.02760217,211323,1386,0.0065586803,283283,1711,0.0060398965
ES,2023-11-21,503543,1,2,69847,-1851,-0.02650078,119352,-1091,-0.0091410282,219772,-2640,-0.012012449,293124,-1856,-0.0063317913
ES,2023-11-22,687312,1,3,120048,992,0.0082633613,227165,-1389,-0.0061144983,365916,-908,-0.0024814438,474563,-2191,-0.0046168791
ES,2023-11-23,18055,1,3,3562,87,0.024424481,8024,10,0.0012462612,12474,154,0.012345679,16446,332,0.02018728
ES,2023-11-24,203112,1,3,48846,-1384,-0.028333948,80150,-987,-0.01231441,126973,52,0.00040953589,161232,4,2.4808971e-05
ES,2023-11-27,507279,1,3,87190,-979,-0.011228352,129922,-1252,-0.0096365512,230773,-2905,-0.012588128,284013,-2851,-0.010038273
ES,2023-11-28,679780,1,3,79060,-1383,-0.017493043,125729,-2050,-0.01630491,217197,-2490,-0.011464247,366511,71,0.00019371861
ES,2023-11-29,716322,1,3,92550,-424,-0.0045813074,158357,667,0.004212002,375532,-3384,-0.0090112161,470602,-2004,-0.0042583754
ES,2023-11-30,933719,1,3,136689,-6286,-0.045987607,241004,-10867,-0.045090538,407522,-12968,-0.031821595,563557,-14244,-0.025275172
ES,2023-12-01,994345,1,3,106870,-379,-0.0035463647,162032,1094,0.0067517527,353905,1947,0.0055014764,462435,284,0.00061414037
ES,2023-12-04,801886,1,3,112836,141,0.0012496012,197627,561,0.0028386809,380127,-843,-0.0022176799,515633,-3346,-0.0064891114
ES,2023-12-05,948278,1,3,85795,-401,-0.004673932,153026,-1396,-0.0091226328,392970,-1664,-0.0042344199,530234,-90,-0.00016973638
ES,2023-12-06,815014,1,3,131013,2691,0.020539946,193587,3031,0.015657043,372708,1349,0.0036194554,485165,2364,0.0048725691
ES,2023-12-07,744386,1,3,137155,-562,-0.0040975539,220208,-181,-0.00082195016,383038,-106,-0.00027673495,487026,-1578,-0.0032400734
ES,2023-12-08,698271,1,3,98644,1249,0.012661693,155536,902,0.0057993005,312461,1025,0.0032804094,430984,257,0.00059630984
ES,2023-12-11,545155,1,3,116365,694,0.0059639926,171738,1504,0.008757526,251390,1093,0.0043478261,328587,872,0.0026537873
ES,2023-12-12,509907,1,3,113218,-1352,-0.011941564,169174,491,0.0029023372,256013,2757,0.010768984,324754,3709,0.011420952
ES,2023-12-13,776010,1,3,91770,2112,0.023014057,134176,1027,0.0076541259,207394,1365,0.0065816755,261212,1699,0.0065042954
ES,2023-12-14,931118,1,3,117467,3644,0.031021478,203026,5688,0.028016116,376378,3138,0.008337363,483432,3234,0.0066896689
ES,2023-12-15,786972,1,3,160264,-4481,-0.027960116,236801,-4680,-0.01976343,346465,-3242,-0.0093573665,418318,-4897,-0.011706405
ES,2023-12-18,475747,1,3,90297,865,0.0095794988,138518,952,0.006872753,242643,1622,0.0066847179,317395,783,0.0024669576
ES,2023-12-19,495490,1,3,78416,783,0.0099852071,136408,1631,0.011956777,245512,855,0.0034825182,323808,875,0.0027022186
ES,2023-12-20,777881,1,3,71351,1854,0.025984219,106257,2211,0.020808041,184463,2840,0.015396041,250845,1294,0.0051585641
ES,2023-12-21,817481,1,3,109965,-233,-0.002118856,167089,-839,-0.0050212761,359820,-1360,-0.0037796676,462134,-2844,-0.0061540592
ES,2023-12-22,611252,1,3,100164,5798,0.057885068,151368,4343,0.028691665,250743,2556,0.010193704,320457,-80,-0.00024964348
ES,2023-12-26,297679,1,3,39189,-388,-0.0099007375,68525,-1066,-0.015556366,113925,-1072,-0.0094096994,146912,-931,-0.006337127
ES,2023-12-27,472969,1,3,56943,584,0.01025587,80729,1344,0.016648292,154739,74,0.00047822462,210925,-1486,-0.0070451582
ES,2023-12-28,414121,1,3,61479,-1916,-0.031165113,91680,-2312,-0.02521815,143800,-2220,-0.015438108,200148,-2784,-0.013909707
ES,2023-12-29,580976,1,3,42571,-1469,-0.034507059,64072,-1369,-0.021366588,107071,-1958,-0.018286931,212047,-6359,-0.029988635
ES,2024-01-02,738760,1,3,129262,-3457,-0.026744132,215247,-2227,-0.010346253,337052,-3312,-0.0098263769,423802,-4745,-0.011196266
ES,2024-01-03,861467,1,3,100076,-3738,-0.037351613,171874,-5809,-0.033798015,351325,-8321,-0.023684623,465663,-10418,-0.022372402
ES,2024-01-04,701897,1,3,90497,-342,-0.0037791308,148030,-427,-0.0028845504,267294,3792,0.014186626,335690,4330,0.012898805
ES,2024-01-05,822795,1,3,115523,1193,0.010326948,175102,1423,0.0081266919,363100,5969,0.016438998,451983,5758,0.012739417
ES,2024-01-08,657014,1,3,92086,4248,0.046130791,162284,7469,0.046024254,261580,9298,0.035545531,331183,9354,0.028244203
ES,2024-01-09,650281,1,3,99712,2395,0.024019175,160565,4565,0.028430854,272172,5413,0.019888159,336131,5574,0.01658282
ES,2024-01-10,669624,1,3,81615,1959,0.024002941,153866,2085,0.013550752,253264,1678,0.0066254975,318872,2193,0.0068773677
ES,2024-01-11,952234,1,3,127397,5064,0.039749759,223858,1966,0.0087823531,444635,-1815,-0.0040819998,571158,-103,-0.00018033539
ES,2024-01-12,742835,1,3,109948,3937,0.035807836,186976,2743,0.014670332,366533,3150,0.008594042,497528,1147,0.0023053979
ES,2024-01-15,27210,1,3,6400,-242,-0.0378125,11186,-299,-0.026729841,18724,-302,-0.016129032,24912,15,0.00060211946
ES,2024-01-16,951393,1,3,106195,-773,-0.0072790621,186180,72,0.00038672253,346966,1214,0.0034989019,446955,2138,0.0047834793
ES,2024-01-17,722335,1,3,116693,-7886,-0.067579032,198686,-11055,-0.055640558,342919,-6992,-0.020389655,448323,-5142,-0.011469409
ES,2024-01-18,811681,1,3,93103,2247,0.024134561,160079,2741,0.017122796,277012,2691,0.0097143806,389644,3975,0.01020162
ES,2024-01-19,825507,1,3,122743,-1106,-0.0090106971,184030,228,0.0012389284,340529,356,0.0010454323,436866,193,0.00044178306
ES,2024-01-22,638019,1,3,98350,1079,0.010971022,168757,2647,0.015685275,306104,6329,0.020675979,434070,8501,0.019584399
ES,2024-01-23,527297,1,3,80556,245,0.0030413625,116569,-69,-0.0005919241,200833,-818,-0.0040730358,287154,-2766,-0.009632462
ES,2024-01-24,812807,1,3,73491,838,0.011402757,143173,155,0.0010826064,255282,610,0.0023895143,372720,-344,-0.00092294484
ES,2024-01-25,760936,1,3,85427,916,0.010722605,137680,282,0.0020482278,246141,-747,-0.0030348459,345071,-2068,-0.0059929696
ES,2024-01-26,638794,1,3,79445,1665,0.020957895,126528,169,0.0013356727,227488,208,0.00091433394,313707,1626,0.0051831805
ES,2024-01-29,543460,1,3,54080,1586,0.029326923,92519,1231,0.013305375,188450,3765,0.019978774,254467,4002,0.01572699
ES,2024-01-30,520396,1,3,63883,2180,0.034124885,97180,2194,0.022576662,217680,4,1.8375597e-05,285131,-1482,-0.0051976109
ES,2024-01-31,1127903,1,3,93697,750,0.0080045252,180594,-273,-0.0015116781,305439,-1544,-0.0050550192,421391,-4746,-0.011262699
ES,2024-02-01,846309,1,3,94707,728,0.0076868658,165022,-2427,-0.01470713,316218,-3936,-0.012447109,444604,-7064,-0.015888296
ES,2024-02-02,926217,1,3,115838,2079,0.017947478,199868,4496,0.022494847,333849,6911,0.020700976,468835,8822,0.018816855
ES,2024-02-05,741088,1,3,79076,-434,-0.0054883909,128266,-1635,-0.012746948,312780,-2255,-0.0072095403,415395,-3626,-0.008729041
ES,2024-02-06,681045,1,3,86747,630,0.007262499,164418,-2424,-0.014742911,302203,-5685,-0.018811858,384985,-6521,-0.016938322
ES,2024-02-07,654270,1,3,92597,-2132,-0.023024504,157204,-2416,-0.015368566,299515,-1988,-0.0066373971,414345,-6199,-0.014960962
ES,2024-02-08,460706,1,3,60648,724,0.011937739,93600,887,0.0094764957,161119,995,0.0061755597,244346,234,0.0009576584
ES,2024-02-09,500159,1,3,77939,-570,-0.0073134118,127586,613,0.0048046024,215668,1641,0.0076089174,279294,1215,0.0043502546
ES,2024-02-12,534770,1,3,50148,-902,-0.017986759,80569,-725,-0.0089984982,137384,-1388,-0.010103069,192059,-435,-0.002264929
ES,2024-02-13,953397,1,3,138314,-3107,-0.02246338,232229,-3570,-0.015372757,388629,2945,0.0075779214,519388,2319,0.0044648702
ES,2024-02-14,767143,1,3,102827,-13,-0.00012642594,159257,229,0.0014379274,264726,678,0.0025611387,374183,-228,-0.00060932752
ES,2024-02-15,613332,1,3,79054,-904,-0.011435221,140161,-821,-0.0058575495,240430,-1731,-0.0071996007,318180,731,0.0022974417
ES,2024-02-16,707207,1,3,96029,-2537,-0.026419103,188392,-5201,-0.027607329,325194,-1194,-0.0036716545,413943,1019,0.0024616916
ES,2024-02-19,22705,1,3,6281,50,0.0079605158,9666,123,0.012725016,16488,-311,-0.018862203,21361,-582,-0.027245915
ES,2024-02-20,768476,1,3,120487,-2810,-0.023322018,192589,-3761,-0.019528634,320851,-2338,-0.0072868715,407519,-2974,-0.0072978192
ES,2024-02-21,724191,1,3,82861,-134,-0.0016171661,143819,-836,-0.005812862,225803,-312,-0.0013817354,292623,-579,-0.0019786551
ES,2024-02-22,796733,1,3,105853,3774,0.035653217,222819,6223,0.027928498,385059,6038,0.015680714,487441,2500,0.0051288258
ES,2024-02-23,681464,1,3,80137,2125,0.026517089,160634,271,0.001687065,248675,-1111,-0.0044676787,351436,-988,-0.0028113227
ES,2024-02-26,533634,1,3,73349,476,0.0064895227,122230,1085,0.0088767078,190854,62,0.00032485565,247780,-774,-0.0031237388
ES,2024-02-27,514362,1,3,75873,-2191,-0.028877203,115378,-2498,-0.021650575,202508,-1888,-0.0093230885,261446,299,0.0011436396
ES,2024-02-28,583636,1,3,77265,597,0.007726655,135466,458,0.0033809222,217258,675,0.0031069052,291133,-1195,-0.0041046532
ES,2024-02-29,746760,1,3,93890,1968,0.020960699,140280,2201,0.015690048,267640,-671,-0.0025070991,343322,-2539,-0.0073953898
ES,2024-03-01,705925,1,3,86987,52,0.00059779047,134070,-780,-0.0058178563,291715,1994,0.0068354387,384921,2100,0.0054556649
ES,2024-03-04,548854,1,3,91545,2153,0.023518488,147607,2639,0.017878556,216606,2099,0.0096904056,282403,1774,0.006281803
ES,2024-03-05,977451,1,3,116512,-103,-0.00088402911,181797,-38,-0.00020902435,384750,-1116,-0.0029005848,513030,-1003,-0.0019550514
ES,2024-03-06,1086466,1,3,97742,-982,-0.010046858,158249,-1573,-0.0099400312,329630,-2301,-0.006980554,436848,-464,-0.0010621543
ES,2024-03-07,758410,1,3,109909,1619,0.014730368,201297,1632,0.0081074234,321702,1319,0.0041000678,429072,-501,-0.0011676362
ES,2024-03-08,1163263,1,3,131538,-1159,-0.008811142,206498,728,0.0035254579,315653,2588,0.0081988766,439794,2041,0.0046408091
ES,2024-03-11,656623,1,3,112998,28,0.000247792,176545,-461,-0.0026112323,288022,1868,0.0064856157,372052,1955,0.0052546418
ES,2024-03-12,833042,1,3,120695,-741,-0.0061394424,216116,-401,-0.001855485,351502,375,0.0010668503,481710,-750,-0.0015569534
ES,2024-03-13,681006,1,3,101336,17,0.00016775874,174525,434,0.0024867497,280655,139,0.00049526999,368995,-657,-0.0017805119
ES,2024-03-14,1079250,1,3,104932,282,0.0026874547,279904,-5029,-0.017966874,480839,-8377,-0.017421632,608401,-10010,-0.016452964
ES,2024-03-15,893962,1,3,143006,52,0.00036362111,205205,881,0.0042932677,373253,242,0.0006483538,486278,532,0.0010940244
ES,2024-03-18,685049,1,3,109263,-47,-0.00043015476,184138,-1438,-0.0078093604,303658,-1842,-0.0060660348,376261,-3314,-0.0088077159
ES,2024-03-19,649045,1,3,97736,-1668,-0.017066383,152379,-1196,-0.0078488506,242381,-808,-0.0033335946,322701,-25,-7.7471096e-05
ES,2024-03-20,784203,1,3,73641,80,0.0010863514,108562,91,0.00083823069,166567,1733,0.010404222,220196,305,0.0013851296
ES,2024-03-21,652312,1,3,84039,793,0.0094360951,164554,2826,0.017173694,244935,1364,0.0055688244,335165,-1377,-0.0041084242
ES,2024-03-22,509296,1,3,74413,-340,-0.0045690941,123015,-952,-0.0077388936,196103,-592,-0.0030188217,255933,-2824,-0.011034138
ES,2024-03-25,410113,1,3,75118,-1612,-0.02145957,115496,-380,-0.0032901572,185107,-428,-0.0023121762,235271,441,0.0018744342
ES,2024-03-26,490929,1,3,69847,477,0.0068292124,99139,-611,-0.006163064,174014,-1554,-0.008930316,250607,-1801,-0.0071865511
ES,2024-03-27,676066,1,3,86648,-517,-0.0059666697,158400,-1204,-0.0076010101,310701,-2923,-0.0094077586,397144,-3537,-0.0089060895
ES,2024-03-28,508340,1,3,61144,1285,0.021015962,98850,2141,0.021659079,171968,1817,0.010565919,220894,3431,0.015532337
ES,2024-04-01,492056,1,3,85175,-1113,-0.013067215,119724,-1563,-0.013055027,235388,-4787,-0.020336636,324225,-6958,-0.021460406
ES,2024-04-02,593669,1,3,115490,-1109,-0.009602563,186434,527,0.0028267376,346043,2500,0.0072245357,437006,4523,0.010349972
ES,2024-04-03,643847,1,3,80961,1350,0.016674695,125987,1266,0.010048656,280881,7332,0.026103581,356043,7759,0.021792312
ES,2024-04-04,937697,1,3,81473,-1980,-0.02430253,131656,-2450,-0.018609103,204843,-3601,-0.017579317,246368,-3713,-0.015070951
ES,2024-04-05,932343,1,3,103034,-1391,-0.013500398,185486,59,0.00031808331,329146,-2856,-0.0086770005,445783,-2629,-0.0058974882
ES,2024-04-08,587291,1,3,96118,-1347,-0.014014024,142387,-1697,-0.011918223,246283,-1038,-0.0042146636,311249,-436,-0.0014008077
ES,2024-04-09,883907,1,3,82598,-1280,-0.015496743,158017,-2346,-0.014846504,258360,-5713,-0.022112556,519354,-4619,-0.0088937411
ES,2024-04-10,1282237,1,3,136088,-27,-0.00019840103,273677,-652,-0.0023823705,450405,3,6.6606721e-06,599339,1549,0.0025845139
ES,2024-04-11,888991,1,3,120815,1962,0.016239705,195813,1618,0.0082629856,356440,-528,-0.0014813152,460790,-1494,-0.0032422579
ES,2024-04-12,1045639,1,3,96777,3057,0.031588084,158775,3577,0.022528736,315882,1488,0.0047106198,444152,3121,0.0070268737
ES,2024-04-15,1188112,1,3,102301,-1417,-0.013851282,166790,-2273,-0.013627915,331791,-7727,-0.023288757,494333,-10636,-0.021515861
ES,2024-04-16,1157298,1,3,119041,-2986,-0.025083795,221842,-2201,-0.0099214756,349318,2655,0.0076005245,464939,2786,0.0059921839
ES,2024-04-17,1086143,1,3,104438,1847,0.017685134,173159,2029,0.011717554,300765,1662,0.0055259089,398371,-92,-0.00023094051
ES,2024-04-18,928792,1,2,116094,-2246,-0.019346392,196981,-1433,-0.0072748133,317082,2106,0.0066418151,437196,7688,0.01758479
ES,2024-04-19,1178274,1,2,98902,10,0.00010111019,180310,463,0.0025677999,315842,-3371,-0.010673058,437608,-3426,-0.0078289245
ES,2024-04-22,832492,1,2,96304,-1905,-0.01978111,149763,394,0.0026308234,258189,-1887,-0.0073085995,350147,-1231,-0.0035156663
ES,2024-04-23,733319,1,2,81302,290,0.0035669479,188703,5263,0.027890389,315825,9545,0.030222433,440336,11830,0.026865848
ES,2024-04-24,794544,1,2,87732,964,0.010988009,146867,653,0.0044461996,248130,1675,0.0067504937,343687,-262,-0.00076232153
ES,2024-04-25,970237,1,2,123029,-5948,-0.048346325,214339,-5980,-0.027899729,367961,-1683,-0.0045738543,492966,-5514,-0.011185356
ES,2024-04-26,715079,1,2,119687,4065,0.033963588,187527,8009,0.042708517,317200,7653,0.024126734,416000,9466,0.022754808
ES,2024-04-29,615171,1,2,99306,-1292,-0.013010291,152525,-1916,-0.012561875,230382,-1368,-0.0059379639,299425,-1000,-0.0033397345
ES,2024-04-30,807661,1,2,80607,543,0.0067363877,127868,748,0.0058497826,220748,219,0.00099208147,308559,1047,0.0033931922
ES,2024-05-01,1187606,1,2,77424,-79,-0.0010203554,121977,-414,-0.0033940825,252552,-1825,-0.0072262346,323762,-3557,-0.010986465
ES,2024-05-02,856926,1,2,106887,-3589,-0.033577516,164968,-4545,-0.027550798,348927,-8164,-0.023397444,471184,-7719,-0.016382135
ES,2024-05-03,862218,1,2,118997,1996,0.016773532,203230,5317,0.026162476,461963,8431,0.018250379,610305,5909,0.0096820442
ES,2024-05-06,475310,1,2,76939,219,0.0028464108,120369,-1824,-0.015153403,193667,-3640,-0.018795148,247288,-5383,-0.021768141
ES,2024-05-07,566333,1,2,73160,-195,-0.0026653909,136547,-1586,-0.011615048,218634,-4146,-0.018963199,283879,-2446,-0.0086163471
ES,2024-05-08,477162,1,2,64733,136,0.0021009377,116259,1050,0.0090315588,202446,2132,0.010531203,273787,1347,0.004919883
ES,2024-05-09,533044,1,2,62960,-743,-0.011801144,105117,219,0.0020833928,204956,1371,0.0066892406,302520,2190,0.0072391908
ES,2024-05-10,533403,1,2,79018,2264,0.0286517,122017,2921,0.023939287,251398,-1302,-0.0051790388,357015,-2070,-0.0057980757
ES,2024-05-13,448900,1,2,79920,-3022,-0.037812813,126553,-3727,-0.029450112,184999,-3625,-0.019594701,243544,-3156,-0.012958644
ES,2024-05-14,565817,1,2,68845,2098,0.030474254,107063,2605,0.024331468,232686,6740,0.028966074,356871,5418,0.015181957
ES,2024-05-15,624299,1,2,88610,3098,0.034962194,169153,2906,0.017179713,279393,6976,0.024968414,364222,9138,0.025089094
ES,2024-05-16,567874,1,2,61429,-971,-0.015806866,96732,-2774,-0.02867717,194714,-3654,-0.018765985,264021,-1796,-0.0068024892
ES,2024-05-17,505268,1,2,71527,-2191,-0.030631789,107268,-2301,-0.021450945,174472,-3777,-0.021648173,226886,-4041,-0.017810707
ES,2024-05-20,502881,1,3,55022,433,0.0078695794,118552,2348,0.019805655,196719,1980,0.010065118,251205,1179,0.0046933779
ES,2024-05-21,464965,1,3,65577,-2189,-0.033380606,105773,-2588,-0.024467492,167551,-1319,-0.0078722299,227480,-1377,-0.0060532794
ES,2024-05-22,615877,1,3,54517,401,0.0073555038,82506,242,0.00293312,142167,-136,-0.00095662144,185444,-935,-0.0050419534
ES,2024-05-23,1151807,1,3,133065,-1943,-0.014601886,269642,-7560,-0.028037175,433115,-8005,-0.018482389,554946,-12534,-0.022585981
ES,2024-05-24,642518,1,3,78572,-606,-0.0077126712,138804,-1129,-0.0081337714,256375,-1402,-0.0054685519,335295,-1524,-0.0045452512
ES,2024-05-27,24156,1,3,5156,-50,-0.0096974399,8651,-90,-0.010403422,13494,-271,-0.020083,21004,-24,-0.0011426395
ES,2024-05-28,671234,1,3,77214,-766,-0.0099204807,138404,-2241,-0.016191729,228835,-1271,-0.0055542203,297367,-1868,-0.0062817999
ES,2024-05-29,698626,1,3,109355,-4114,-0.037620593,174514,-2824,-0.016182083,294746,-2213,-0.0075081596,397953,-4242,-0.01065955
ES,2024-05-30,720139,1,3,97558,4707,0.048248222,145744,5565,0.03818339,300519,10852,0.036110862,391775,10676,0.027250335
ES,2024-05-31,1059886,1,3,88643,-151,-0.0017034622,165773,-494,-0.0029799786,359280,-8457,-0.023538744,532659,-10762,-0.020204296
ES,2024-06-03,958664,1,3,78963,1277,0.016172131,156089,-703,-0.0045038408,323824,78,0.00024087158,473876,-1499,-0.0031632748
ES,2024-06-04,912882,1,3,82395,126,0.001529219,134572,-509,-0.0037823619,330822,2363,0.007142814,448531,225,0.00050163757
ES,2024-06-05,705259,1,3,80992,578,0.0071365073,140090,297,0.0021200657,287871,-1263,-0.0043873818,396642,444,0.0011193973
ES,2024-06-06,672523,1,3,68499,509,0.0074307654,142941,-1385,-0.0096893124,244636,-1743,-0.0071248712,319253,-2175,-0.0068127786
ES,2024-06-07,849433,1,3,87434,-901,-0.010304916,158465,-1319,-0.0083236046,244949,-49,-0.00020004164,364830,1522,0.004171806
ES,2024-06-10,636213,1,3,69579,72,0.001034795,119010,310,0.0026048231,195873,163,0.00083217187,254864,-229,-0.00089851843
ES,2024-06-11,759123,1,3,97713,-2160,-0.022105554,199016,-3732,-0.018752261,313881,-1534,-0.0048872025,410067,1042,0.0025410482
ES,2024-06-12,971600,1,3,98480,3648,0.037043054,179345,3032,0.016905963,287759,2036,0.0070753651,392906,68,0.00017306939
ES,2024-06-13,724740,1,2,74497,-11,-0.00014765695,135924,-1177,-0.0086592508,264318,-2725,-0.010309551,359789,-2032,-0.0056477547
ES,2024-06-14,556078,1,2,66376,2059,0.031020248,101664,2060,0.020262827,208170,1598,0.0076764183,281538,3508,0.01246013
ES,2024-06-17,550895,1,2,50570,2168,0.042871268,92318,2699,0.029235902,176473,5352,0.030327586,228633,5533,0.024200356
ES,2024-06-18,523660,1,2,74880,512,0.0068376068,118599,10,8.4317743e-05,185109,153,0.00082654004,254764,-1419,-0.0055698607
ES,2024-06-19,22179,1,2,5203,526,0.10109552,8090,636,0.078615575,14115,676,0.047892313,20256,759,0.037470379
ES,2024-06-20,833494,1,2,73283,453,0.0061815155,120795,-7,-5.7949418e-05,235944,-2755,-0.0116765,304983,-3736,-0.012249863
ES,2024-06-21,702652,1,2,94527,-1766,-0.018682493,174746,-2301,-0.013167683,275105,-2611,-0.0094909216,352798,-3033,-0.0085969875
ES,2024-06-24,753228,1,2,56909,-1895,-0.033298775,120977,-474,-0.0039181001,278622,-5551,-0.01992305,388509,-7759,-0.019971223
ES,2024-06-25,593341,1,2,64688,-121,-0.0018705169,104418,-406,-0.0038882185,191245,848,0.0044341029,258620,799,0.0030894749
ES,2024-06-26,584836,1,2,60875,1543,0.025347023,103187,2268,0.021979513,184396,1996,0.01082453,247444,3242,0.013101954
ES,2024-06-27,631814,1,2,72792,4301,0.059086163,143297,3878,0.027062674,236902,3943,0.016644013,314966,2790,0.008858099
ES,2024-06-28,926360,1,2,79772,1368,0.017148874,120139,1764,0.014682992,282326,6709,0.023763309,401443,3082,0.0076773041
ES,2024-07-01,729515,1,2,78234,-1135,-0.014507759,147603,-2347,-0.015900761,323407,-6783,-0.020973572,449123,-7633,-0.016995344
ES,2024-07-02,622791,1,2,108965,131,0.0012022209,170130,-924,-0.0054311409,292008,-2027,-0.0069415906,377557,-1151,-0.0030485463
ES,2024-07-03,353846,1,2,57838,1892,0.032712058,90416,1246,0.013780747,191158,1470,0.0076899737,251393,2451,0.0097496748
ES,2024-07-04,22860,1,2,6137,389,0.063386019,10541,-10,-0.0009486766,19361,-15,-0.00077475337,25461,963,0.037822552
ES,2024-07-05,516791,1,2,65810,3352,0.050934508,121833,5254,0.043124605,239064,6023,0.02519409,311821,7381,0.023670632
ES,2024-07-08,454721,1,2,64870,762,0.01174657,104617,1620,0.015485055,185931,-3356,-0.018049707,252283,-1933,-0.0076620303
ES,2024-07-09,526370,1,2,52360,-686,-0.013101604,87474,-33,-0.00037725496,193755,-2889,-0.014910583,277449,-1710,-0.0061632949
ES,2024-07-10,516405,1,2,62604,1687,0.02694716,101786,3077,0.030230091,181295,3893,0.021473289,241016,3984,0.016530023
ES,2024-07-11,1071904,1,2,82009,1324,0.016144569,137458,2488,0.018100074,323806,-5409,-0.016704446,471674,-8260,-0.017512095
ES,2024-07-12,839821,1,2,87046,155,0.0017806677,155757,3515,0.022567204,300049,812,0.0027062246,396648,-369,-0.00093029588
ES,2024-07-15,969667,1,2,97302,3826,0.039320877,186853,4330,0.023173297,286759,5725,0.0199645,375881,7086,0.018851711
ES,2024-07-16,841904,1,2,91079,-1830,-0.020092447,160590,-2725,-0.016968678,318982,-5279,-0.016549523,423348,-3681,-0.0086949743
ES,2024-07-17,1095879,1,2,123673,1437,0.011619351,211935,2250,0.010616463,427172,3295,0.0077135205,572355,1334,0.0023307213
ES,2024-07-18,1471949,1,2,98016,745,0.0076007999,176468,1146,0.0064940952,323657,1750,0.0054069586,612462,-18,-2.9389578e-05
ES,2024-07-19,1167366,1,2,127594,-1056,-0.0082762512,199832,-628,-0.0031426398,343577,-1171,-0.0034082607,482683,-2520,-0.0052208178
ES,2024-07-22,926642,1,2,98737,2516,0.025481836,190489,2542,0.013344603,356424,2305,0.0064670168,487934,3848,0.0078863125
ES,2024-07-23,769280,1,2,75936,2260,0.029761905,133561,2492,0.018658141,247936,5045,0.020347993,371202,2059,0.0055468451
ES,2024-07-24,1111876,1,2,114285,-3659,-0.03201645,230481,-7324,-0.031777023,424454,-1272,-0.0029967912,540794,4194,0.0077552636
ES,2024-07-25,1643193,1,2,137123,2279,0.016620115,239718,2277,0.0094986609,555391,3197,0.005756305,788072,17506,0.022213706
ES,2024-07-26,1192212,1,2,108254,290,0.0026788848,183434,-7,-3.8160864e-05,364937,2384,0.0065326344,517481,437,0.00084447545
ES,2024-07-29,1039325,1,2,119754,523,0.0043672863,201909,1767,0.0087514672,362050,-1015,-0.0028034802,493707,-3299,-0.0066821009
ES,2024-07-30,1271679,1,2,91376,4514,0.04940028,156461,2259,0.014438103,310901,-286,-0.00091990698,444424,-1175,-0.0026438716
ES,2024-07-31,1222127,1,2,118391,1017,0.00859018,211190,656,0.0031062077,366912,2634,0.0071788331,498913,-1499,-0.0030045319
ES,2024-08-01,1738796,1,2,110092,5213,0.047351306,196979,5901,0.029957508,426462,1444,0.0033859992,645461,-4004,-0.0062033182
ES,2024-08-02,1884262,1,2,165542,-1057,-0.0063850866,309250,544,0.0017590946,642656,-8527,-0.013268374,893256,-6279,-0.0070293399
ES,2024-08-05,1644772,1,2,170208,-4957,-0.02912319,321174,-3171,-0.0098731529,613882,6470,0.010539485,801535,16704,0.020840013
ES,2024-08-06,1200847,1,2,114178,209,0.0018304752,209151,4698,0.02246224,380611,7967,0.020932133,531773,11088,0.020851002
ES,2024-08-07,1296795,1,2,107937,3788,0.035094546,198936,5414,0.027214783,382021,4189,0.010965366,506568,6898,0.013617125
ES,2024-08-08,1048869,1,2,104865,561,0.0053497354,215056,579,0.002692322,399162,-1716,-0.0042990064,504979,-5246,-0.010388551
ES,2024-08-09,838905,1,2,84306,671,0.0079591014,150925,2364,0.015663409,278140,3445,0.012385849,372309,2902,0.0077946007
ES,2024-08-12,731908,1,2,70316,940,0.013368223,130081,605,0.0046509483,235602,5039,0.021387764,305185,6622,0.021698314
ES,2024-08-13,626088,1,2,69469,1890,0.02720638,141383,3834,0.027117829,239829,3209,0.013380367,319658,6598,0.02064081
ES,2024-08-14,696524,1,2,72842,1821,0.024999314,134086,469,0.0034977552,245374,-3906,-0.015918557,353453,-225,-0.00063657686
ES,2024-08-15,655701,1,2,89386,562,0.0062873381,146697,1129,0.0076961356,268643,-2162,-0.0080478553,357633,-260,-0.00072700226
ES,2024-08-16,532991,1,2,86843,1045,0.012033209,135895,1867,0.013738548,218853,2037,0.0093076174,296011,456,0.0015404833
ES,2024-08-19,493795,1,2,57297,-197,-0.0034382254,89838,-780,-0.0086822948,182924,-697,-0.0038103256,252731,-134,-0.00053020801
ES,2024-08-20,552517,1,2,53179,728,0.013689614,90523,2102,0.023220618,199524,-3706,-0.018574207,307553,-9181,-0.029851765
ES,2024-08-21,620227,1,2,56372,284,0.0050379621,91206,1696,0.018595268,180598,2831,0.0156757,333783,991,0.0029689948
ES,2024-08-22,828073,1,2,50814,898,0.017672295,114171,1070,0.0093719071,219980,-1035,-0.0047049732,287918,-1999,-0.006942949
ES,2024-08-23,865040,1,2,54034,-91,-0.0016841248,83380,565,0.0067762053,282945,2894,0.010228136,461525,-4030,-0.0087319213
ES,2024-08-26,631277,1,2,68568,2376,0.034651733,113944,3552,0.031173208,214863,4312,0.020068602,319469,4736,0.0148246
ES,2024-08-27,544493,1,2,61784,-1163,-0.018823644,116475,-24,-0.0002060528,210266,2812,0.013373536,292287,4182,0.014307855
ES,2024-08-28,718642,1,2,54285,571,0.010518559,99114,1202,0.012127449,169886,1442,0.0084880449,261827,-79,-0.00030172595
ES,2024-08-29,911924,1,2,81073,1006,0.01240857,162616,2787,0.017138535,286529,4017,0.014019523,386521,4948,0.012801374
ES,2024-08-30,804084,1,2,63849,605,0.0094754812,122438,64,0.00052271354,216984,-2793,-0.012871917,310621,-5280,-0.016998207
ES,2024-09-02,27666,1,2,4626,731,0.15801989,6768,797,0.11776005,13286,771,0.05803101,22486,2065,0.09183492
ES,2024-09-03,996049,1,2,93530,-2220,-0.0237357,176912,-5073,-0.028675274,345315,-10069,-0.029158884,471409,-12592,-0.026711412
ES,2024-09-04,927884,1,2,117253,2421,0.020647659,178514,3033,0.016990264,386398,-1445,-0.0037396674,507420,3143,0.0061940799
ES,2024-09-05,925815,1,2,86769,4384,0.050524957,144120,5180,0.03594227,294040,8339,0.028360087,423413,4184,0.009881605
ES,2024-09-06,1238668,1,2,128937,1157,0.0089733746,221761,-3085,-0.013911373,417198,-10247,-0.024561479,637974,-15340,-0.024044867
ES,2024-09-09,794241,1,2,106744,-1305,-0.012225512,172035,1955,0.011363967,297044,7278,0.024501421,417438,-3983,-0.0095415367
ES,2024-09-10,808979,1,2,74699,-164,-0.0021954779,130561,-1679,-0.012859889,286520,-6070,-0.021185258,374988,-6746,-0.017989909
ES,2024-09-11,1203222,1,2,120661,3849,0.031899288,211959,5874,0.027712907,410963,4673,0.011370853,550684,8287,0.015048558
ES,2024-09-12,872518,1,2,89146,1444,0.016198147,178947,1211,0.0067673669,309727,7441,0.024024383,444972,14407,0.032377318
ES,2024-09-13,601146,1,2,54313,727,0.013385377,97633,855,0.0087572849,192522,1090,0.0056616906,274224,730,0.0026620573
ES,2024-09-16,387168,1,2,46625,-475,-0.010187668,80882,-815,-0.010076408,138366,118,0.00085281066,206073,-372,-0.0018051855
ES,2024-09-17,722246,1,2,60225,-2011,-0.033391449,111804,-2561,-0.022906157,199352,-2074,-0.010403708,283527,-2350,-0.0082884522
ES,2024-09-18,974161,1,2,58229,711,0.012210411,94281,368,0.0039032255,170185,-1108,-0.006510562,219614,-826,-0.0037611446
ES,2024-09-19,776249,1,2,101134,-4438,-0.043882374,194966,-7274,-0.037309069,322652,-6505,-0.02016104,437952,-8498,-0.019403953
ES,2024-09-20,805873,1,2,78373,2613,0.033340564,145706,-2924,-0.020067808,256724,-2854,-0.011116997,346935,-2256,-0.006502659
ES,2024-09-23,588014,1,2,58016,-198,-0.0034128516,108277,-448,-0.0041375361,206031,793,0.0038489354,282580,-369,-0.0013058249
ES,2024-09-24,611165,1,2,48750,-311,-0.0063794872,88297,-843,-0.0095473232,231459,-4937,-0.021329912,341875,-1519,-0.0044431444
ES,2024-09-25,574947,1,2,80877,2822,0.034892491,119966,3418,0.028491406,198885,2309,0.011609724,267038,2207,0.0082647413
ES,2024-09-26,724222,1,2,90322,1462,0.016186533,141958,1407,0.0099113822,257620,-4301,-0.016695132,397866,-9513,-0.02391006
ES,2024-09-27,626092,1,2,77215,646,0.0083662501,115931,1152,0.0099369453,224846,1240,0.0055148857,292025,741,0.002537454
ES,2024-09-30,740498,1,2,67057,-355,-0.0052940036,103152,-1439,-0.013950287,181106,-1397,-0.0077137146,243941,-69,-0.00028285528
ES,2024-10-01,1212208,1,2,157419,-6054,-0.038457874,272414,-7774,-0.028537447,497381,-8789,-0.017670558,634260,-6603,-0.010410557
ES,2024-10-02,670660,1,2,84755,-736,-0.0086838535,166241,-285,-0.0017143785,293731,2680,0.0091239944,412038,5628,0.013658934
ES,2024-10-03,798831,1,2,72349,-262,-0.0036213355,126631,-1511,-0.011932307,305512,-2273,-0.0074399696,439733,-5177,-0.011773053
ES,2024-10-04,763262,1,2,84192,3202,0.038032117,162772,-783,-0.0048104097,324999,-4828,-0.01485543,438836,-4988,-0.011366433
ES,2024-10-07,652344,1,2,61539,2766,0.044947107,113006,4374,0.038705909,188935,6421,0.033985233,252513,7838,0.031039986
ES,2024-10-08,538990,1,2,72801,-1776,-0.024395269,122841,411,0.0033457885,208275,1824,0.0087576521,300829,5693,0.018924372
ES,2024-10-09,579950,1,2,66403,-4053,-0.061036399,95032,-3938,-0.041438673,178787,-4637,-0.02593589,248677,-2150,-0.0086457533
ES,2024-10-10,568939,1,2,52950,2456,0.046383381,119169,3551,0.029798018,192553,5100,0.026486214,248092,4318,0.017404834
ES,2024-10-11,521988,1,2,60392,861,0.014256855,95260,1958,0.020554273,227313,3416,0.015027737,305476,750,0.0024551847
ES,2024-10-14,449433,1,2,65650,1553,0.02365575,113059,1206,0.010666997,177382,-297,-0.0016743525,236924,-1225,-0.0051704344
ES,2024-10-15,759879,1,2,52282,139,0.0026586588,92451,-1386,-0.014991725,182839,-6768,-0.037016173,373657,-17408,-0.046588181
ES,2024-10-16,484771,1,2,65881,2356,0.035761449,106677,1521,0.014257994,195515,4602,0.023537836,270673,2455,0.0090699848
ES,2024-10-17,639382,1,2,121856,6634,0.054441308,176151,6041,0.034294441,294112,2892,0.0098329888,364176,1902,0.0052227494
ES,2024-10-18,462482,1,2,85434,-226,-0.0026453169,124829,-683,-0.005471485,193552,419,0.0021647929,243418,290,0.0011913663
ES,2024-10-21,571022,1,2,52029,-1163,-0.022352919,85561,-817,-0.009548743,157122,1765,0.011233309,270219,-3236,-0.011975472
ES,2024-10-22,511047,1,2,69252,-1138,-0.016432738,114858,-765,-0.0066603981,224901,-31,-0.00013783843,278474,1898,0.0068157171
ES,2024-10-23,821020,1,2,59258,-800,-0.013500287,91556,-393,-0.0042924549,197858,-2890,-0.014606435,278903,-3234,-0.011595429
ES,2024-10-24,665164,1,2,66951,-885,-0.013218623,111802,236,0.0021108746,201739,-1816,-0.00900173,280282,-2245,-0.0080097901
ES,2024-10-25,786172,1,2,69263,724,0.010452911,121212,2597,0.021425271,235326,598,0.0025411557,316717,-3398,-0.010728821
ES,2024-10-28,541358,1,2,68510,-1367,-0.019953291,110314,-204,-0.0018492666,182184,-4025,-0.022093049,235033,-5481,-0.02332013
ES,2024-10-29,644293,1,2,82715,-1430,-0.017288279,135291,-2635,-0.019476536,254020,-884,-0.0034800409,328435,-1162,-0.0035379908
ES,2024-10-30,718593,1,2,88897,-1650,-0.018560806,158563,978,0.0061678954,260586,4918,0.018872848,326890,4537,0.013879287
ES,2024-10-31,1019079,1,2,108481,-1435,-0.013228123,211143,-5022,-0.023784828,370373,-10562,-0.028517198,485673,-12445,-0.025624237
ES,2024-11-01,901120,1,2,88378,2843,0.032168639,141161,5634,0.039911874,279960,8621,0.030793685,418843,6714,0.016029873
ES,2024-11-04,770961,1,2,83858,-1106,-0.013188962,138455,-752,-0.0054313676,231793,-1437,-0.006199497,304524,-2236,-0.0073426068
ES,2024-11-05,692684,1,2,75628,2588,0.03422013,137012,6905,0.050397046,229813,8578,0.037326,319433,8550,0.026766176
ES,2024-11-06,883721,1,2,125049,-3068,-0.024534383,238932,-6365,-0.026639379,399321,-7578,-0.018977214,524534,-9900,-0.018873896
ES,2024-11-07,640469,1,2,71660,2565,0.035794027,119114,5841,0.049037057,202206,9515,0.047055973,274069,13572,0.049520376
ES,2024-11-08,572337,1,2,63927,1776,0.027781688,109825,3862,0.035165035,204741,8099,0.039557294,266486,10509,0.039435468
ES,2024-11-11,517744,1,2,69872,2384,0.034119533,122813,3897,0.031731169,207024,-1626,-0.0078541618,275910,2095,0.0075930557
ES,2024-11-12,699556,1,2,61578,-384,-0.0062359934,96911,-1516,-0.015643219,189103,-5402,-0.028566443,266196,-8184,-0.030744264
ES,2024-11-13,800546,1,2,59508,1319,0.022165087,118630,-879,-0.0074095929,248941,-3495,-0.014039471,347849,-4031,-0.011588362
ES,2024-11-14,899140,1,2,91980,-726,-0.0078930202,170042,314,0.0018466026,296417,4197,0.014159107,375597,4295,0.011435129
ES,2024-11-15,1043992,1,2,118541,-6042,-0.050969707,192423,-6887,-0.03579094,374951,-6437,-0.017167577,535881,-5234,-0.0097670938
ES,2024-11-18,707016,1,2,81111,605,0.0074589143,137103,-1417,-0.010335295,240332,1957,0.0081429023,336411,5523,0.016417418
ES,2024-11-19,797937,1,2,88023,2036,0.023130318,164052,2045,0.01246556,285763,4010,0.014032607,408093,6007,0.014719684
ES,2024-11-20,937282,1,2,93940,-3625,-0.038588461,161414,-5536,-0.034296901,343240,-3653,-0.010642699,451709,-8,-1.7710517e-05
ES,2024-11-21,1118489,1,2,170178,411,0.0024151183,268920,488,0.0018146661,473854,-3118,-0.0065800858,631937,-1847,-0.0029227597
ES,2024-11-22,903108,1,2,90940,569,0.0062568727,172841,-402,-0.002325837,333669,-611,-0.001831156,458666,1391,0.0030327079
ES,2024-11-25,895247,1,2,113218,1936,0.017099754,225232,-1097,-0.0048705335,399811,-1699,-0.0042495079,513186,-1042,-0.0020304529
ES,2024-11-26,654471,1,2,87240,-1109,-0.012712059,142198,-406,-0.0028551738,253876,-974,-0.0038365186,339927,-1546,-0.0045480353
ES,2024-11-27,637724,1,2,60922,-672,-0.011030498,103759,-1543,-0.014870999,207932,-7808,-0.037550738,313586,-12830,-0.040913816
ES,2024-11-28,22429,1,2,6474,1131,0.1746988,9854,1509,0.15313578,15617,2158,0.13818275,20337,2500,0.12292865
ES,2024-11-29,360424,1,2,53059,376,0.0070864509,86393,8,9.2600095e-05,177326,501,0.0028253048,227509,1013,0.0044525711
ES,2024-12-02,500466,1,2,76220,535,0.0070191551,123084,1227,0.0099688018,195852,2050,0.010467087,267890,1391,0.0051924297
ES,2024-12-03,491524,1,2,67808,-1220,-0.017991977,95788,-1029,-0.010742473,169688,-4397,-0.025912263,235178,-4244,-0.018045906
ES,2024-12-04,528286,1,2,54994,734,0.013346911,85708,440,0.0051337098,192827,7779,0.040341861,272956,6096,0.02233327
ES,2024-12-05,553582,1,2,54286,365,0.0067236488,87835,770,0.0087664371,184816,-840,-0.004545061,253813,-3460,-0.013632083
ES,2024-12-06,558457,1,2,60664,1607,0.026490175,118589,2221,0.01872855,200410,2386,0.011905594,263360,2338,0.008877582
ES,2024-12-09,673467,1,2,67088,-368,-0.0054853327,101626,-93,-0.00091512015,199891,-2757,-0.013792517,341231,-7072,-0.020724963
ES,2024-12-10,639612,1,2,76760,-2542,-0.033116206,136129,-1895,-0.013920619,216602,-1522,-0.0070267126,293356,-1121,-0.0038212956
ES,2024-12-11,544958,1,2,67917,3000,0.044171562,136952,4626,0.033778258,249055,4099,0.016458212,329173,3819,0.011601802
ES,2024-12-12,706877,1,2,71245,-195,-0.0027370342,126561,-1377,-0.010880129,275796,-1223,-0.004434437,361019,-1155,-0.0031992776
ES,2024-12-13,639801,1,2,66288,741,0.011178494,126075,714,0.0056632957,240632,-2249,-0.0093462216,375468,-9300,-0.024769088
ES,2024-12-16,402672,1,2,57036,1002,0.017567852,91398,676,0.0073962231,172209,-899,-0.0052204008,236727,-579,-0.0024458554
ES,2024-12-17,609262,1,2,86316,1254,0.014528013,135735,810,0.0059675102,249217,1100,0.0044138241,322766,2749,0.0085170061
ES,2024-12-18,1199438,1,2,68440,-447,-0.0065312683,105766,906,0.0085660798,177698,1697,0.0095499105,251954,2214,0.0087873183
ES,2024-12-19,1106484,1,2,159389,-633,-0.0039714158,262208,381,0.0014530449,432279,-691,-0.0015985047,587446,-3607,-0.0061401388
ES,2024-12-20,1124190,1,2,130302,3522,0.027029516,217793,3943,0.018104347,394381,7126,0.018068822,538519,9105,0.016907481
ES,2024-12-23,759261,1,2,89112,1718,0.019279109,165882,6059,0.036525964,308241,4544,0.014741712,389149,4171,0.01071826
ES,2024-12-24,347241,1,2,55075,584,0.010603722,86643,1034,0.011934028,155181,-159,-0.00102461,215047,930,0.004324636
ES,2024-12-26,517801,1,3,59224,1400,0.023639065,119999,-445,-0.0037083642,200687,-3164,-0.015765844,250399,-891,-0.0035583209
ES,2024-12-27,984603,1,2,108151,-4487,-0.04148829,166665,-294,-0.0017640176,359398,-2676,-0.0074457843,488309,263,0.00053859339
ES,2024-12-30,940534,1,2,112314,2428,0.021617964,187074,2941,0.015721052,339618,7863,0.023152483,475955,8036,0.016883949
ES,2024-12-31,853080,1,2,68386,272,0.0039774223,113162,-361,-0.0031901168,212605,-1536,-0.0072246655,283387,-903,-0.0031864553
ES,2025-01-02,1206478,1,2,120279,-152,-0.0012637285,208369,3912,0.018774386,361302,1776,0.0049155554,500872,1768,0.003529844
ES,2025-01-03,733293,1,2,82197,1870,0.022750222,152181,1400,0.0091995716,297159,1380,0.0046439785,386972,1583,0.0040907352
ES,2025-01-06,852556,1,2,100724,3374,0.033497478,172564,3769,0.021841172,292253,4779,0.01635227,377821,4768,0.012619733
ES,2025-01-07,1145778,1,2,76525,-812,-0.010610911,127069,-1868,-0.014700674,379565,-7794,-0.020534032,563643,-10038,-0.017809145
ES,2025-01-08,1096031,1,2,98306,-482,-0.0049030578,192466,1231,0.0063959349,370262,3618,0.0097714591,481205,5051,0.010496566
ES,2025-01-10,1283936,1,2,136453,118,0.00086476662,243423,-949,-0.0038985634,468109,1164,0.0024866003,637966,6225,0.0097575733
ES,2025-01-13,1070432,1,2,108973,-526,-0.0048268837,196943,761,0.0038640622,347633,188,0.00054080021,488202,1079,0.0022101507
ES,2025-01-14,1147768,1,2,73780,1484,0.020113852,162066,-687,-0.0042390137,307813,362,0.0011760387,418630,-1537,-0.0036714999
ES,2025-01-15,904424,1,2,120996,1907,0.015760852,209617,1725,0.0082292944,355749,2009,0.00564724,470510,-3082,-0.006550339
ES,2025-01-16,947232,1,2,88390,1750,0.01979862,166545,1328,0.0079738209,332532,725,0.0021802413,434763,455,0.0010465472
ES,2025-01-17,749627,1,2,120344,-327,-0.0027172107,192578,-1828,-0.0094922577,312474,-2293,-0.0073382105,401328,-36,-8.9702189e-05
ES,2025-01-20,108176,1,2,19373,1069,0.05517989,31631,1034,0.03268945,51622,863,0.016717679,69536,-57,-0.00081971928
ES,2025-01-21,789686,1,2,95317,1323,0.01388,189101,624,0.0032998239,329435,542,0.0016452411,432710,1598,0.0036930046
ES,2025-01-22,626141,1,2,84895,1213,0.014288238,141337,2750,0.019457042,249170,2514,0.010089497,327540,2821,0.0086126885
ES,2025-01-23,562473,1,2,62705,954,0.015214098,96614,1656,0.017140373,160970,1312,0.0081505871,226227,4414,0.019511376
ES,2025-01-24,676674,1,2,63280,1066,0.016845765,110404,2216,0.020071737,211318,876,0.0041454112,277299,497,0.0017922892
ES,2025-01-27,1242353,1,2,174170,914,0.0052477465,255260,5115,0.020038392,435806,8527,0.019566045,573010,8363,0.014594859
ES,2025-01-28,903225,1,2,88958,-1132,-0.012725106,178133,465,0.0026104091,317521,5285,0.016644568,430098,3444,0.0080074774
ES,2025-01-29,964030,1,2,70111,-2204,-0.031435866,114283,-1584,-0.013860329,204760,-1631,-0.0079654229,267116,-2569,-0.0096175444
ES,2025-01-30,992694,1,2,80280,3144,0.03916293,164165,4315,0.026284531,290971,1170,0.0040210193,397323,-1191,-0.0029975612
ES,2025-01-31,1156601,1,2,64800,1591,0.024552469,110337,2780,0.025195537,209895,7097,0.033812144,295742,8113,0.027432695
ES,2025-02-03,1321721,1,2,130299,-1301,-0.0099847274,228878,-3401,-0.014859445,525563,-1088,-0.002070161,739353,-14,-1.8935475e-05
ES,2025-02-04,709694,1,2,72930,-1610,-0.022075963,117802,-764,-0.0064854587,241484,2994,0.012398337,313520,3126,0.0099706558
ES,2025-02-05,665586,1,2,60003,1572,0.02619869,108536,1637,0.015082553,243969,3587,0.014702688,317773,3215,0.010117285
ES,2025-02-06,649416,1,2,64788,-51,-0.00078718281,112891,386,0.0034192274,195898,-476,-0.0024298359,297801,-3062,-0.010282034
ES,2025-02-07,1140103,1,2,63966,586,0.0091611168,108591,1295,0.011925482,310804,-3916,-0.01259958,469502,-5644,-0.012021248
ES,2025-02-10,561284,1,2,65928,-1534,-0.023267807,113471,-1547,-0.013633439,202856,-776,-0.0038253737,265662,804,0.003026402
ES,2025-02-11,585977,1,2,51123,979,0.019149893,74221,1064,0.014335565,163529,3531,0.0215925,233238,5794,0.024841578
ES,2025-02-12,873902,1,2,93792,1877,0.020012368,170963,3076,0.017992197,327143,3567,0.010903489,444970,6650,0.014944828
ES,2025-02-13,868513,1,2,79167,2139,0.027018834,131154,4155,0.031680315,290521,8611,0.029639854,402609,14198,0.035264984
ES,2025-02-14,537915,1,2,56457,1080,0.019129603,86109,893,0.010370577,171076,885,0.0051731394,235852,36,0.0001526381
ES,2025-02-17,26512,1,2,8043,-553,-0.06875544,11267,-688,-0.061063282,15608,-821,-0.05260123,18627,-704,-0.037794599
ES,2025-02-18,621819,1,2,74538,-1416,-0.018997022,131958,-2840,-0.021521999,231369,-3949,-0.017067974,305691,-3586,-0.0117308
ES,2025-02-19,596562,1,2,52747,283,0.005365234,86410,118,0.0013655827,160327,538,0.0033556419,242437,902,0.0037205542
ES,2025-02-20,854838,1,2,59688,-875,-0.014659563,167302,-4763,-0.028469474,360595,-3545,-0.0098309738,480470,-4159,-0.0086561076
ES,2025-02-21,1201566,1,2,84952,-4693,-0.055242961,154751,-8146,-0.052639401,313569,-8986,-0.02865717,437825,-8948,-0.020437389
ES,2025-02-24,1128153,1,2,103787,-2717,-0.026178616,196560,-5144,-0.026170126,416993,-4240,-0.010168036,561819,-5152,-0.0091702132
ES,2025-02-25,1442352,1,2,100924,-361,-0.003576949,209804,-874,-0.0041657928,448981,-3201,-0.0071294776,654128,-2196,-0.0033571411
ES,2025-02-26,1223594,1,2,103402,4283,0.041420862,180808,9181,0.05077762,329250,10719,0.032555809,430004,10671,0.024816048
ES,2025-02-27,1700603,1,2,110380,-566,-0.0051277405,239872,-4729,-0.019714681,538335,-3868,-0.0071851171,723859,-6721,-0.0092849574
ES,2025-02-28,1753255,1,2,171134,-758,-0.0044292776,288544,-861,-0.002983947,494192,1470,0.0029745524,626370,1837,0.0029327714
NQ,2015-11-02,85482,1,,12928,,,22134,,,42077,,,51188,,
NQ,2015-11-06,158155,1,,25463,,,44137,,,77899,,,103148,,
NQ,2015-11-09,156846,1,,19392,,,31078,,,60911,,,78850,,
NQ,2015-11-11,134272,1,,17332,,,29057,,,48564,,,66025,,
NQ,2015-11-16,162572,1,,29456,,,49509,,,76321,,,94096,,
NQ,2015-11-19,121774,1,,19302,,,30029,,,55677,,,72712,,
NQ,2015-11-20,101463,1,,20969,,,35765,,,56543,,,67375,,
NQ,2015-11-23,94419,1,,12443,,,20252,,,37520,,,45978,,
NQ,2015-11-24,127873,1,,16900,,,27149,,,46874,,,69459,,
NQ,2015-11-25,67078,1,,13762,,,22631,,,37160,,,46601,,
NQ,2015-11-26,4487,1,,1651,,,2684,,,3435,,,3847,,
NQ,2015-11-27,44620,1,,12634,,,19424,,,31000,,,36575,,
NQ,2015-11-30,103800,1,,14303,,,24614,,,43263,,,54213,,
NQ,2015-12-01,122041,1,,13393,,,28871,,,56680,,,76509,,
NQ,2015-12-02,132634,1,,15971,,,26087,,,44446,,,58013,,
NQ,2015-12-03,201396,1,,22624,,,38398,,,66919,,,86297,,
NQ,2015-12-04,167687,1,,31648,,,53995,,,76619,,,99881,,
NQ,2015-12-07,131615,1,,20854,,,32376,,,52863,,,73129,,
NQ,2015-12-08,169632,1,,26996,,,42712,,,68729,,,101366,,
NQ,2015-12-09,229724,1,,21927,,,34260,,,58002,,,79262,,
NQ,2015-12-10,143652,1,2,23648,259,0.0109523,38700,-6,-0.00015503876,60905,209,0.0034315738,86462,-886,-0.010247276
NQ,2015-12-11,141199,1,2,22224,301,0.013543916,35188,932,0.026486302,58901,903,0.015330809,74422,-265,-0.003560775
NQ,2015-12-14,213316,1,2,24593,504,0.020493636,42433,1238,0.029175406,99204,1781,0.017952905,127633,599,0.0046931436
NQ,2015-12-15,147339,1,2,27838,-255,-0.0091601408,41719,-65,-0.0015580431,62955,-1331,-0.021142086,77551,-1646,-0.021224742
NQ,2015-12-16,164714,1,2,12187,260,0.021334209,21226,458,0.021577311,39314,-225,-0.0057231521,58533,-191,-0.0032631165
NQ,2015-12-17,181643,1,2,23694,-311,-0.013125686,37818,170,0.0044952139,73972,-533,-0.0072054291,99974,-1031,-0.010312681
NQ,2015-12-18,194513,1,2,36833,601,0.01631689,53767,580,0.010787286,87002,-359,-0.0041263419,111605,-2048,-0.018350432
NQ,2015-12-21,103992,1,2,16242,-294,-0.018101219,27899,-413,-0.014803398,42033,-395,-0.0093973783,54524,-345,-0.0063274888
NQ,2015-12-22,102009,1,2,15038,34,0.002260939,20839,27,0.0012956476,36232,504,0.013910355,46869,229,0.0048859587
NQ,2015-12-23,92353,1,2,16691,-754,-0.045174046,24062,-294,-0.012218436,37461,-657,-0.01753824,50602,-854,-0.016876803
NQ,2015-12-24,38636,1,2,13000,39,0.003,18415,-381,-0.020689655,26440,-835,-0.031580938,30729,-893,-0.029060497
NQ,2015-12-28,68003,1,2,7662,-28,-0.0036543983,12567,96,0.0076390547,25933,150,0.005784136,35673,89,0.0024948841
NQ,2015-12-29,93706,1,2,14794,-803,-0.054278762,23296,-365,-0.015667926,39558,-411,-0.010389807,50059,-451,-0.0090093689
NQ,2015-12-30,73630,1,2,12513,-682,-0.054503317,19450,-620,-0.031876607,30582,-376,-0.012294814,39419,164,0.0041604302
NQ,2015-12-31,98168,1,2,11851,44,0.0037127669,19324,580,0.03001449,31536,986,0.031265855,43834,1105,0.025208742
NQ,2016-01-04,208813,1,2,34728,-603,-0.017363511,52661,-215,-0.0040827178,90830,73,0.00080369922,117667,482,0.0040963057
NQ,2016-01-05,171802,1,2,22231,120,0.0053978678,36902,3,8.1296407e-05,59564,141,0.0023672017,78254,314,0.0040125744
NQ,2016-01-06,191345,1,2,26857,-423,-0.015750084,41395,-891,-0.021524339,70065,-1073,-0.015314351,90052,-1877,-0.020843513
NQ,2016-01-07,254222,1,2,29923,254,0.0084884537,46842,86,0.0018359592,74096,-26,-0.00035089613,105212,-81,-0.00076987416
NQ,2016-01-08,259559,1,2,31754,679,0.021383133,50757,1368,0.026951948,91899,-337,-0.0036670693,117847,-683,-0.0057956503
NQ,2016-01-11,251501,1,2,23695,-498,-0.021017092,41797,-929,-0.022226476,67959,-827,-0.012169102,95512,-1117,-0.011694866
NQ,2016-01-12,248892,1,2,26313,971,0.036901912,44333,1346,0.030361131,76880,301,0.0039151925,102377,103,0.0010060854
NQ,2016-01-13,312776,1,2,22998,70,0.0030437429,38437,-225,-0.0058537347,70857,-1244,-0.017556487,103735,-1879,-0.018113462
NQ,2016-01-14,308659,1,2,33749,617,0.018282023,63810,-793,-0.012427519,124178,1199,0.0096554945,186079,388,0.0020851359
NQ,2016-01-15,331211,1,2,45743,2196,0.048007345,71502,1673,0.023397947,115346,2887,0.025029043,153869,2326,0.015116755
NQ,2016-01-18,13720,1,2,3829,-53,-0.013841734,6503,23,0.0035368292,9843,161,0.016356802,12554,154,0.012267007
NQ,2016-01-19,236645,1,2,26935,-454,-0.016855393,45641,-214,-0.0046887667,77058,369,0.0047886008,100998,-104,-0.0010297234
NQ,2016-01-20,389994,1,2,34447,-1947,-0.056521613,60014,-2902,-0.048355384,109688,-3622,-0.033020932,160160,-3885,-0.024256993
NQ,2016-01-21,320270,1,2,36765,-360,-0.0097919217,61226,-200,-0.0032665861,105873,778,0.0073484269,140358,1168,0.0083215777
NQ,2016-01-22,180610,1,2,22696,111,0.0048907296,42634,866,0.020312427,72531,422,0.0058182019,101715,26,0.00025561618
NQ,2016-01-25,168480,1,2,22191,694,0.03127394,35882,733,0.02042807,64810,910,0.014041043,82378,497,0.0060331642
NQ,2016-01-26,173581,1,2,25721,-885,-0.034407682,43509,-1515,-0.034820382,77882,-1949,-0.025025038,99349,-1856,-0.018681617
NQ,2016-01-27,260956,1,2,21047,146,0.0069368556,33029,-216,-0.0065397075,64202,-923,-0.014376499,91925,-365,-0.0039706282
NQ,2016-01-28,225309,1,2,29951,541,0.018062836,45352,-29,-0.00063944258,88131,-1887,-0.021411308,123977,-2214,-0.017858151
NQ,2016-01-29,163554,1,2,22967,1517,0.066051291,39730,1984,0.049937075,67572,1555,0.02301249,84477,953,0.011281177
NQ,2016-02-01,152974,1,2,18986,944,0.049720847,31869,914,0.028679908,60471,463,0.0076565626,76475,807,0.010552468
NQ,2016-02-02,188193,1,2,23952,-381,-0.015906814,41219,-168,-0.0040757903,65668,-221,-0.0033654139,85190,-460,-0.0053996948
NQ,2016-02-03,308560,1,2,17951,-743,-0.041390452,35896,-362,-0.010084689,90892,-1077,-0.011849228,141719,-369,-0.002603744
NQ,2016-02-04,244850,1,2,26760,-1131,-0.042264574,46731,-1164,-0.024908519,99220,-635,-0.0063999194,125369,-867,-0.0069155852
NQ,2016-02-05,272377,1,2,22478,-807,-0.035901771,45839,-761,-0.016601584,87009,-1350,-0.015515636,126333,-854,-0.0067599123
NQ,2016-02-08,327788,1,2,37909,-1022,-0.026959297,71083,-462,-0.0064994443,118188,-1871,-0.01583071,164654,-4024,-0.024439127
NQ,2016-02-09,305594,1,2,34009,157,0.0046164251,66115,-216,-0.0032670347,123266,-1235,-0.010018983,163025,-823,-0.0050483055
NQ,2016-02-10,252094,1,2,29897,-951,-0.031809212,47688,-499,-0.010463848,80331,294,0.0036598573,123591,886,0.0071688068
NQ,2016-02-11,311234,1,2,31686,123,0.0038818406,57774,628,0.010869941,94994,-619,-0.006516201,121027,-1023,-0.0084526593
NQ,2016-02-12,170135,1,2,23081,-452,-0.019583207,37069,168,0.0045320888,62729,-1085,-0.017296625,80251,-1412,-0.017594796
NQ,2016-02-15,10120,1,2,2231,43,0.019273868,4918,217,0.044123627,7117,133,0.018687649,8533,37,0.0043361069
NQ,2016-02-16,154967,1,2,24504,982,0.04007509,39000,1188,0.030461538,63645,1100,0.017283369,79506,1073,0.013495837
NQ,2016-02-17,164866,1,2,31906,-1156,-0.03623143,49766,-1307,-0.02626291,78667,-1843,-0.023427867,99987,-1979,-0.019792573
NQ,2016-02-18,157415,1,2,21468,-874,-0.040711757,34027,-573,-0.016839569,57990,-166,-0.0028625625,75093,-663,-0.008829052
NQ,2016-02-19,139212,1,2,22754,-404,-0.01775512,36586,115,0.0031432788,64595,479,0.0074154346,79375,376,0.0047370079
NQ,2016-02-22,109792,1,2,16199,234,0.014445336,29918,841,0.028110168,50852,756,0.014866672,59793,586,0.0098004783
NQ,2016-02-23,133533,1,2,17190,768,0.044677138,26497,1005,0.037928822,49985,451,0.0090227068,72112,-432,-0.0059906812
NQ,2016-02-24,205537,1,2,22297,-134,-0.0060097771,42796,-512,-0.011963735,71018,-2006,-0.02824636,100393,-1920,-0.019124839
NQ,2016-02-25,155767,1,2,22327,38,0.0017019752,38670,92,0.0023791052,62208,-168,-0.0027006173,79781,-196,-0.0024567253
NQ,2016-02-26,154534,1,2,24304,-497,-0.020449309,36896,-249,-0.006748699,63081,-1719,-0.027250678,77267,-1596,-0.020655649
NQ,2016-02-29,145613,1,2,19695,-329,-0.016704747,32574,-436,-0.013384908,55059,-507,-0.0092083038,68226,-435,-0.0063758684
NQ,2016-03-01,170464,1,2,20651,-506,-0.024502445,34610,-492,-0.014215545,69982,-88,-0.0012574662,92778,-1132,-0.012201168
NQ,2016-03-02,165641,1,2,24988,938,0.037538018,40204,810,0.020147249,63654,1308,0.020548591,94020,982,0.010444586
NQ,2016-03-03,128619,1,2,14594,-404,-0.027682609,23423,-80,-0.0034154464,46046,-100,-0.0021717413,61204,-82,-0.0013397817
NQ,2016-03-04,168946,1,2,27755,-1106,-0.039848676,47169,-500,-0.010600182,73738,-216,-0.0029292902,93335,-111,-0.0011892645
NQ,2016-03-07,153939,1,2,16125,281,0.017426357,31449,-1209,-0.038443194,54412,-666,-0.012239947,71798,-652,-0.0090810329
NQ,2016-03-08,179807,1,2,24271,-427,-0.017593012,44581,-58,-0.0013010027,73017,-165,-0.0022597477,94369,81,0.00085833272
NQ,2016-03-09,143094,1,2,17207,-955,-0.055500668,32008,-845,-0.02639965,56076,-744,-0.013267708,89810,-1244,-0.013851464
NQ,2016-03-10,217990,1,2,29247,231,0.007898246,45848,1313,0.028638109,73440,1588,0.021623094,108494,1303,0.012009881
NQ,2016-03-11,100642,1,2,15106,-3,-0.00019859658,26211,601,0.022929304,40698,-136,-0.0033416876,55701,126,0.0022620779
NQ,2016-03-14,94587,1,2,12602,-191,-0.015156324,22424,-375,-0.016723154,34558,-383,-0.011082817,48859,-410,-0.0083914939
NQ,2016-03-15,103809,1,2,17134,-201,-0.011731061,27268,-780,-0.028604958,46814,-248,-0.0052975606,60661,-930,-0.015331102
NQ,2016-03-16,163620,1,2,17640,211,0.011961451,27081,278,0.0102655,38527,432,0.011212916,50122,877,0.017497307
NQ,2016-03-17,128305,1,2,20278,288,0.014202584,29086,111,0.003816269,48719,248,0.0050904165,62545,468,0.0074826125
NQ,2016-03-18,134792,1,2,25305,-337,-0.013317526,41666,772,0.018528296,62952,2244,0.035646207,78691,3250,0.041300784
NQ,2016-03-21,99499,1,2,12891,494,0.038321309,22351,8,0.00035792582,38593,-8,-0.00020729148,53779,123,0.0022871381
NQ,2016-03-22,106084,1,2,12442,84,0.0067513262,24895,-109,-0.0043783892,41096,-168,-0.0040879891,53254,-595,-0.01117287
NQ,2016-03-23,128745,1,2,21710,-172,-0.0079226163,30913,-84,-0.0027173034,48494,581,0.011980864,70721,580,0.0082012415
NQ,2016-03-24,112529,1,2,16270,-571,-0.035095267,29118,-61,-0.0020949241,46565,-133,-0.0028562225,62681,649,0.010354015
NQ,2016-03-28,88281,1,2,13457,-632,-0.046964405,21317,-445,-0.020875358,35822,-164,-0.0045781922,46116,-109,-0.0023636048
NQ,2016-03-29,137012,1,2,14394,558,0.038766153,22914,838,0.036571528,40438,631,0.015604135,56161,945,0.016826623
NQ,2016-03-30,128354,1,2,22512,349,0.015502843,37563,679,0.018076298,53039,675,0.012726484,69087,583,0.0084386353
NQ,2016-03-31,113200,1,2,14523,-454,-0.031260759,27334,-598,-0.021877515,45438,144,0.0031691536,56832,203,0.0035719313
NQ,2016-04-01,136134,1,2,20674,61,0.0029505659,32410,177,0.0054612774,58458,-124,-0.002121181,78218,239,0.0030555627
NQ,2016-04-04,104158,1,2,16402,464,0.028289233,28051,-19,-0.00067733771,46915,128,0.0027283385,62902,-317,-0.0050395854
NQ,2016-04-05,124085,1,2,19389,-345,-0.017793594,31838,-685,-0.021515171,58474,-716,-0.012244758,75787,-512,-0.0067557761
NQ,2016-04-06,146590,1,2,18531,219,0.011818035,30784,270,0.00877079,49328,98,0.0019867013,74883,459,0.0061295621
NQ,2016-04-07,162309,1,2,16141,557,0.034508395,31097,503,0.016175194,57587,-712,-0.012363902,82371,-306,-0.0037148997
NQ,2016-04-08,141873,1,2,17645,-674,-0.03819779,31429,-758,-0.024117853,51000,-1472,-0.028862745,64830,-1694,-0.026129878
NQ,2016-04-11,147254,1,2,18953,10,0.00052762096,29955,598,0.019963278,48041,987,0.020544951,64243,665,0.010351322
NQ,2016-04-12,157750,1,2,19229,7,0.00036403349,30736,-164,-0.0053357626,57145,-657,-0.011497069,92494,334,0.003611045
NQ,2016-04-13,136411,1,2,20465,1017,0.049694601,33591,1689,0.050281325,55405,2023,0.03651295,74277,1226,0.016505782
NQ,2016-04-14,99992,1,2,15396,-760,-0.049363471,25012,-951,-0.03802175,40011,-792,-0.019794556,53564,-807,-0.015066089
NQ,2016-04-15,102526,1,2,15572,-483,-0.03101721,23987,-765,-0.031892275,39503,-1273,-0.032225401,51757,-1509,-0.029155477
NQ,2016-04-18,101380,1,2,14841,434,0.029243312,23813,903,0.037920464,46864,1799,0.038387675,59114,1612,0.027269344
NQ,2016-04-19,149597,1,2,22295,-666,-0.029872169,38155,-679,-0.017795833,62541,-334,-0.0053404966,79791,-1135,-0.014224662
NQ,2016-04-20,122027,1,2,20977,24,0.0011441102,33687,1256,0.037284412,49958,1281,0.025641539,66488,1248,0.018770304
NQ,2016-04-21,134450,1,2,18347,-171,-0.0093203248,31085,-133,-0.004278591,50293,-133,-0.0026445032,68122,218,0.0032001409
NQ,2016-04-22,171758,1,2,28430,-1488,-0.052339078,41744,-1291,-0.0309266,71074,-1399,-0.01968371,106979,-1861,-0.017395938
NQ,2016-04-25,104379,1,2,17703,-414,-0.023385867,25889,-811,-0.031326046,40442,-830,-0.020523218,54770,-1460,-0.026656929
NQ,2016-04-26,122580,1,2,16872,513,0.030405405,29413,481,0.016353313,50825,-101,-0.001987211,69989,177,0.0025289688
NQ,2016-04-27,193504,1,2,25878,193,0.0074580725,41529,-167,-0.0040212863,71927,-542,-0.0075354179,97757,226,0.0023118549
NQ,2016-04-28,174403,1,2,22018,480,0.021800345,35227,521,0.014789792,54146,497,0.0091788867,71628,1239,0.017297705
NQ,2016-04-29,237302,1,2,33301,1469,0.044112789,59980,1995,0.033261087,103254,1912,0.018517442,134862,1212,0.0089869645
NQ,2016-05-02,142537,1,2,21936,-33,-0.0015043764,37422,-734,-0.019614131,66562,-1520,-0.022835852,83261,-1832,-0.022003099
NQ,2016-05-03,164517,1,2,21493,666,0.030986833,42120,292,0.0069325736,69889,-664,-0.0095007798,87424,-1594,-0.01823298
NQ,2016-05-04,138579,1,2,21017,137,0.0065185326,34818,102,0.0029295192,62349,86,0.0013793325,82471,141,0.0017096919
NQ,2016-05-05,144593,1,2,23284,455,0.019541316,35088,603,0.017185363,58984,452,0.0076630951,75749,240,0.0031683587
NQ,2016-05-06,154762,1,2,28980,981,0.033850932,44897,620,0.013809386,69659,412,0.0059145265,92247,166,0.0017995165
NQ,2016-05-09,123630,1,2,19997,651,0.032554883,32709,113,0.0034547067,57152,-1014,-0.017742161,72373,-817,-0.01128874
NQ,2016-05-10,110612,1,2,24203,398,0.016444242,38180,520,0.013619696,55109,486,0.0088188862,70648,322,0.0045578077
NQ,2016-05-11,127016,1,2,16924,455,0.026884897,27388,1107,0.040419162,44394,897,0.020205433,66561,537,0.0080677874
NQ,2016-05-12,161316,1,2,19408,-347,-0.017879225,33931,-860,-0.025345554,53825,-358,-0.0066511844,76964,-749,-0.0097318227
NQ,2016-05-13,152021,1,2,22517,239,0.010614203,34594,-52,-0.0015031508,57643,-984,-0.01707059,74959,-1220,-0.016275564
NQ,2016-05-16,115459,1,2,16335,-289,-0.017692072,29578,-39,-0.0013185476,47640,-493,-0.010348447,60977,-139,-0.002279548
NQ,2016-05-17,159973,1,2,21841,-259,-0.011858431,34680,-156,-0.0044982699,56587,-313,-0.0055313058,74093,-68,-0.00091776551
NQ,2016-05-18,199302,1,2,19169,858,0.044759768,31509,781,0.024786569,54791,1307,0.023854283,70664,646,0.0091418544
NQ,2016-05-19,174656,1,2,19040,71,0.0037289916,39141,-1311,-0.03349429,70693,-856,-0.012108695,92293,-870,-0.0094265004
NQ,2016-05-20,136985,1,2,22385,11,0.00049140049,41878,-208,-0.0049668083,71911,-2105,-0.029272295,89155,-1653,-0.018540744
NQ,2016-05-23,97408,1,2,17312,-96,-0.0055452865,29026,-768,-0.026459037,46100,-556,-0.012060738,57861,-1397,-0.024144069
NQ,2016-05-24,136073,1,2,20030,689,0.034398402,36722,1627,0.044305866,63792,2033,0.0318692,83394,2371,0.028431302
NQ,2016-05-25,142807,1,2,19434,496,0.025522281,36131,1954,0.054080983,59892,2984,0.049823015,79195,2943,0.037161437
NQ,2016-05-26,102791,1,2,18425,-729,-0.039565807,29562,-1433,-0.048474393,45290,-1670,-0.036873482,62562,-1927,-0.030801445
NQ,2016-05-27,90622,1,2,11538,-782,-0.067776044,20284,-707,-0.034855058,40077,-1558,-0.038875165,48167,-1657,-0.034401146
NQ,2016-05-30,4941,1,2,1322,-112,-0.084720121,1767,-65,-0.036785512,2655,-25,-0.0094161959,3750,-4,-0.0010666667
NQ,2016-05-31,112854,1,2,12461,47,0.0037717679,20223,126,0.0062305296,33278,537,0.016136787,49316,439,0.0089017763
NQ,2016-06-01,110003,1,2,10700,474,0.044299065,16596,299,0.018016389,36874,122,0.0033085643,55475,27,0.00048670572
NQ,2016-06-02,110673,1,2,14576,-185,-0.012692097,33002,-1143,-0.034634265,49820,-1076,-0.021597752,63554,-904,-0.014224124
NQ,2016-06-03,134392,1,2,18190,-313,-0.017207257,32181,-535,-0.016624716,61615,-257,-0.0041710622,81826,-242,-0.0029574952
NQ,2016-06-06,100187,1,2,12350,288,0.023319838,25760,1061,0.041187888,37491,986,0.026299645,45023,1026,0.022788353
NQ,2016-06-07,91210,1,2,12872,-418,-0.032473586,23146,-437,-0.018880152,35132,-388,-0.011044062,52078,-1150,-0.022082261
NQ,2016-06-08,101698,1,2,14050,-246,-0.017508897,22862,-301,-0.013165952,47243,-1304,-0.027601973,61511,-2029,-0.03298597
NQ,2016-06-09,118790,1,2,16713,211,0.012624903,27361,377,0.013778736,42444,-95,-0.0022382433,58491,-157,-0.0026841736
NQ,2016-06-10,118798,1,2,16541,438,0.026479657,28708,-264,-0.0091960429,47540,150,0.0031552377,64764,930,0.01435983
NQ,2016-06-13,155927,1,2,25296,-13,-0.00051391524,43008,224,0.0052083333,63974,419,0.0065495357,81103,124,0.00152892
NQ,2016-06-14,169231,1,2,24382,1304,0.053482077,37067,1453,0.039199288,66253,608,0.0091769429,92013,776,0.0084335909
NQ,2016-06-15,128815,1,2,16705,623,0.037294223,26560,962,0.03621988,44120,1391,0.031527652,57486,1913,0.033277668
NQ,2016-06-16,179162,1,2,18018,-537,-0.02980353,31381,-465,-0.014817883,54596,260,0.0047622536,77012,826,0.010725601
NQ,2016-06-17,148193,1,2,24587,-349,-0.014194493,40632,78,0.0019196692,64903,261,0.0040213858,84409,671,0.0079493893
NQ,2016-06-20,108507,1,2,19574,-416,-0.021252682,29698,-55,-0.0018519766,47427,374,0.0078858034,57565,335,0.0058195084
NQ,2016-06-21,117754,1,2,17885,-352,-0.019681297,27772,-891,-0.032082673,45364,-913,-0.020126091,58306,-1170,-0.020066545
NQ,2016-06-22,118258,1,2,10127,573,0.056581416,16442,295,0.017941856,27730,211,0.0076090876,46223,354,0.007658525
NQ,2016-06-23,102827,1,2,16865,-209,-0.012392529,27788,-293,-0.01054412,46304,-23,-0.00049671735,61669,301,0.0048808964
NQ,2016-06-24,214520,1,2,35405,1932,0.054568564,56349,2059,0.036540134,94122,3075,0.032670364,113355,2374,0.020943055
NQ,2016-06-27,245918,1,2,24245,-189,-0.0077954217,48280,-228,-0.0047224524,79977,-36,-0.00045012941,117750,-35,-0.00029723992
NQ,2016-06-28,148488,1,2,24413,1210,0.049563757,40192,1407,0.035006967,59223,838,0.014149908,74908,317,0.0042318577
NQ,2016-06-29,145056,1,2,23457,-153,-0.0065225732,37626,-454,-0.012066124,60954,-1003,-0.016455032,79961,-1604,-0.020059779
NQ,2016-06-30,142841,1,2,15679,88,0.0056126028,26550,-436,-0.016421846,43221,-1022,-0.023645913,62233,-414,-0.0066524191
NQ,2016-07-01,107069,1,2,16695,2475,0.14824798,24619,2773,0.11263658,42750,2877,0.067298246,57291,3603,0.062889459
NQ,2016-07-04,5436,1,2,782,-62,-0.079283887,1337,-77,-0.057591623,2410,-176,-0.073029046,3415,-317,-0.092825769
NQ,2016-07-05,116276,1,2,15241,36,0.0023620497,26404,142,0.005377973,42902,139,0.0032399422,56283,-278,-0.0049393245
NQ,2016-07-06,153583,1,2,18230,-219,-0.012013165,29263,35,0.0011960496,56535,-123,-0.0021756434,81294,1101,0.013543435
NQ,2016-07-07,116645,1,2,14776,300,0.020303194,24084,1081,0.044884571,37444,1055,0.028175409,48944,808,0.016508663
NQ,2016-07-08,120183,1,2,28663,366,0.012769075,45139,658,0.014577195,67805,1204,0.017756803,84107,1703,0.020248017
NQ,2016-07-11,101587,1,2,22312,930,0.041681606,33902,622,0.018347,52093,22,0.00042232162,65524,288,0.0043953361
NQ,2016-07-12,109482,1,2,18934,116,0.0061265448,30362,220,0.0072458995,52113,347,0.0066586073,63230,891,0.014091412
NQ,2016-07-13,118498,1,2,21091,-603,-0.028590394,35382,-271,-0.0076592618,49883,-320,-0.0064150111,64291,-160,-0.0024886843
NQ,2016-07-14,101341,1,2,18164,-685,-0.037711958,29192,-652,-0.022334886,48916,-295,-0.0060307466,63122,-11,-0.00017426571
NQ,2016-07-15,92149,1,2,18457,-470,-0.025464593,26224,-262,-0.0099908481,42918,-246,-0.0057318608,52078,369,0.0070855256
NQ,2016-07-18,92285,1,2,14936,-520,-0.034815212,21431,-453,-0.021137604,38267,-357,-0.009329187,54717,324,0.0059213773
NQ,2016-07-19,93121,1,2,20391,672,0.032955716,35156,246,0.0069973831,48662,422,0.0086720644,59635,305,0.0051144462
NQ,2016-07-20,101446,1,2,17617,318,0.018050746,31140,829,0.026621708,48239,1102,0.022844586,64341,948,0.014733995
NQ,2016-07-21,106340,1,2,16031,671,0.041856403,26609,32,0.0012026006,42537,-215,-0.0050544232,54737,39,0.00071249794
NQ,2016-07-22,87180,1,2,15889,-436,-0.027440368,26237,-347,-0.013225597,44011,-108,-0.002453932,54449,-12,-0.00022038972
NQ,2016-07-25,89266,1,2,12889,120,0.0093102646,25472,-410,-0.016096106,40463,-271,-0.0066974767,50497,-569,-0.011267996
NQ,2016-07-26,122864,1,2,13671,792,0.057932851,26217,1406,0.053629324,44835,1212,0.027032452,67132,-78,-0.00116189
NQ,2016-07-27,131817,1,2,19778,-730,-0.036909698,31017,-230,-0.0074152884,46647,-795,-0.017042897,63667,-528,-0.0082931503
NQ,2016-07-28,116082,1,2,21561,-433,-0.020082556,35957,109,0.0030313986,55942,-191,-0.0034142505,73626,124,0.0016841877
NQ,2016-07-29,112643,1,2,17010,-320,-0.018812463,31199,-874,-0.028013718,54441,-868,-0.015943866,70339,-817,-0.011615178
NQ,2016-08-01,123536,1,2,14161,-393,-0.027752277,23453,-649,-0.027672366,43408,-1444,-0.033265757,57711,-1588,-0.027516418
NQ,2016-08-02,164420,1,2,23947,-487,-0.020336577,36025,-430,-0.011936155,60899,-1046,-0.01717598,88389,-2466,-0.027899399
NQ,2016-08-03,100161,1,2,17888,264,0.014758497,29888,-804,-0.026900428,46601,-650,-0.013948199,65560,-1267,-0.019325808
NQ,2016-08-04,96518,1,2,16159,327,0.020236401,26658,146,0.00547678,44809,-586,-0.01307773,60406,-383,-0.0063404298
NQ,2016-08-05,98185,1,2,23186,254,0.010954887,36910,394,0.010674614,56314,471,0.0083638172,68513,1114,0.016259688
NQ,2016-08-08,77763,1,2,16302,-13,-0.00079744817,27436,-289,-0.010533605,44174,-396,-0.0089645493,54947,334,0.0060785848
NQ,2016-08-09,86309,1,2,13831,430,0.031089581,22192,564,0.025414564,36957,988,0.026733772,48758,1061,0.021760532
NQ,2016-08-10,88951,1,2,12919,24,0.0018577289,20263,-286,-0.014114396,35149,318,0.0090471991,44939,321,0.0071430161
NQ,2016-08-11,85882,1,2,20697,1072,0.051794946,31010,1085,0.034988713,46315,760,0.016409371,57944,670,0.011562888
NQ,2016-08-12,77533,1,2,18883,202,0.010697453,26019,-166,-0.0063799531,40398,-788,-0.019505916,47778,-308,-0.0064464816
NQ,2016-08-15,74846,1,2,17497,992,0.056695434,29748,799,0.026858949,41783,851,0.020367135,51642,941,0.018221603
NQ,2016-08-16,86381,1,2,20885,-818,-0.039166866,30322,-171,-0.0056394697,43555,-285,-0.0065434508,53287,-368,-0.0069059996
NQ,2016-08-17,110708,1,2,18418,-715,-0.038820719,30969,-1125,-0.036326649,46537,-703,-0.01510626,58323,-432,-0.0074070264
NQ,2016-08-18,83443,1,2,19093,-630,-0.032996386,28431,-284,-0.0099890964,43779,-49,-0.0011192581,54178,-158,-0.0029163129
NQ,2016-08-19,104966,1,2,20599,194,0.0094179329,35524,1072,0.030176782,57545,2422,0.0420888,76291,2473,0.032415357
NQ,2016-08-22,109965,1,2,17558,-78,-0.0044424194,26781,-132,-0.0049288675,47001,8,0.00017020914,58890,-416,-0.0070640177
NQ,2016-08-23,89804,1,2,17426,-434,-0.024905314,29252,722,0.024682073,45144,434,0.0096136807,54900,139,0.0025318761
NQ,2016-08-24,107079,1,2,14843,116,0.0078151317,21989,-40,-0.0018190914,37203,-719,-0.019326398,50656,-968,-0.019109286
NQ,2016-08-25,108423,1,2,20728,50,0.0024121961,31595,-502,-0.01588859,48584,-543,-0.011176519,61002,-705,-0.011556998
NQ,2016-08-26,172477,1,2,20765,-181,-0.0087165904,30630,-558,-0.018217434,77273,698,0.0090329093,93061,-317,-0.0034063679
NQ,2016-08-29,81488,1,2,17031,432,0.02536551,25710,391,0.01520809,37099,-21,-0.00056605299,46358,-165,-0.0035592562
NQ,2016-08-30,107414,1,2,17534,114,0.0065016539,25630,-126,-0.0049161139,50783,34,0.00066951539,72519,-1140,-0.015720018
NQ,2016-08-31,116095,1,2,17761,344,0.019368279,26941,744,0.027615901,42859,759,0.017709233,55922,201,0.003594292
NQ,2016-09-01,142114,1,2,12986,758,0.058370553,26718,-113,-0.0042293585,55218,-949,-0.017186425,80711,-1932,-0.023937258
NQ,2016-09-02,120208,1,2,22486,-671,-0.02984079,38059,751,0.019732521,61284,1314,0.021441159,73714,791,0.010730662
NQ,2016-09-05,5985,1,2,1251,-122,-0.097521982,2417,-93,-0.038477451,4630,-406,-0.087688985,5672,-292,-0.051480959
NQ,2016-09-06,109754,1,2,20202,266,0.013167013,30109,-92,-0.0030555648,67381,27,0.00040070643,80927,86,0.0010626861
NQ,2016-09-07,101918,1,2,18192,498,0.02737467,27105,609,0.022468179,46260,953,0.020600951,63270,832,0.013149992
NQ,2016-09-08,109140,1,2,19428,-128,-0.0065884291,32099,-358,-0.011152995,49718,-544,-0.010941711,63744,-733,-0.011499121
NQ,2016-09-09,193315,1,2,22220,-24,-0.001080108,36991,-270,-0.0072990727,57680,301,0.0052184466,79837,-349,-0.0043714067
NQ,2016-09-12,217285,1,2,33520,1659,0.04949284,54964,1614,0.029364675,89955,1653,0.018375855,113379,290,0.0025577929
NQ,2016-09-13,241529,1,2,28062,450,0.01603592,47344,-378,-0.0079841163,82415,-460,-0.0055815082,111941,139,0.0012417256
NQ,2016-09-14,196787,1,2,23732,495,0.020857913,39910,900,0.022550739,67885,1837,0.02706047,93832,1551,0.016529542
NQ,2016-09-15,179775,1,2,31365,115,0.0036665073,48736,854,0.017522981,82999,2216,0.026699117,106787,2534,0.02372948
NQ,2016-09-16,152926,1,2,30933,289,0.0093427731,46599,1075,0.023069165,73757,1997,0.027075396,91159,1629,0.017869876
NQ,2016-09-19,137781,1,2,18575,884,0.047590848,29735,1524,0.051252732,48079,1161,0.024147757,63838,1448,0.022682415
NQ,2016-09-20,107871,1,2,18518,241,0.013014364,30725,474,0.015427177,48559,246,0.0050660022,64029,191,0.0029830233
NQ,2016-09-21,180636,1,2,15487,494,0.031897721,21789,686,0.031483776,38524,910,0.023621638,52539,618,0.011762691
NQ,2016-09-22,109048,1,2,19169,275,0.01434608,28385,636,0.0224062,44880,753,0.016778075,58772,251,0.0042707412
NQ,2016-09-23,111277,1,2,17423,-328,-0.01882569,27418,158,0.0057626377,44162,357,0.008083873,55155,415,0.0075242498
NQ,2016-09-26,118138,1,2,17635,-313,-0.017748795,27539,277,0.010058463,46382,569,0.01226769,59057,452,0.0076536228
NQ,2016-09-27,119265,1,2,19633,30,0.0015280395,31895,581,0.018216021,54226,460,0.0084830155,69037,90,0.0013036488
NQ,2016-09-28,118512,1,2,12847,-266,-0.020705223,20407,-2,-9.8005586e-05,37079,-304,-0.0081987109,53645,-778,-0.01450275
NQ,2016-09-29,194996,1,2,14270,-208,-0.014576034,20644,47,0.0022766906,53181,-25,-0.0004700927,71676,-900,-0.012556504
NQ,2016-09-30,128859,1,2,17822,-35,-0.0019638649,27687,157,0.0056705313,48355,93,0.0019232758,64309,963,0.014974576
NQ,2016-10-03,99403,1,2,12359,-436,-0.035277935,23072,-685,-0.029689667,44247,-528,-0.011933012,56970,-526,-0.0092329296
NQ,2016-10-04,173503,1,2,16581,134,0.0080815391,27381,521,0.019027793,52845,-784,-0.014835841,70535,-780,-0.01105834
NQ,2016-10-05,102009,1,2,14176,-30,-0.0021162528,21926,-68,-0.0031013409,52882,-951,-0.017983435,70856,-1390,-0.019617252
NQ,2016-10-06,107625,1,2,17746,291,0.016398062,27955,434,0.015524951,43749,93,0.0021257629,55544,-509,-0.0091639061
NQ,2016-10-07,144091,1,2,27549,-59,-0.0021416385,45797,333,0.0072712186,64735,592,0.0091449757,83120,-57,-0.00068575553
NQ,2016-10-10,81795,1,2,21515,714,0.033186149,33951,1138,0.033518895,47573,628,0.013200765,56449,643,0.011390813
NQ,2016-10-11,185671,1,2,19298,8,0.00041455073,38775,-46,-0.0011863314,63295,-181,-0.0028596256,85933,-991,-0.01153224
NQ,2016-10-12,127092,1,2,26501,632,0.023848157,44043,1667,0.037849374,72610,1946,0.026800716,85437,1709,0.020003043
NQ,2016-10-13,162379,1,2,26208,-1436,-0.05479243,48007,-1940,-0.040410773,75813,-2380,-0.031393033,108113,-2297,-0.021246289
NQ,2016-10-14,133802,1,2,21688,1068,0.049243821,34550,1112,0.032185239,52178,769,0.014738012,64249,896,0.013945742
NQ,2016-10-17,98251,1,2,17263,-397,-0.022997162,28776,-669,-0.02324854,47675,127,0.00266387,59231,-173,-0.0029207678
NQ,2016-10-18,98581,1,2,22149,-282,-0.012731952,33902,-709,-0.02091322,51106,-1403,-0.027452745,61564,-1352,-0.021960886
NQ,2016-10-19,79268,1,2,12376,-281,-0.022705236,21923,-50,-0.0022807098,35303,154,0.0043622355,53198,262,0.0049249972
NQ,2016-10-20,139558,1,2,24281,21,0.00086487377,36604,-603,-0.016473609,60610,-997,-0.016449431,91427,-2648,-0.028962998
NQ,2016-10-21,100442,1,2,27560,855,0.031023222,37518,493,0.013140359,52870,422,0.0079818423,71742,627,0.0087396504
NQ,2016-10-24,94090,1,2,17114,-206,-0.012036929,31223,65,0.0020817987,49503,-1340,-0.027069067,64283,-1277,-0.019865283
NQ,2016-10-25,98600,1,2,17191,-198,-0.011517655,23139,5,0.0002160854,38304,-377,-0.0098423141,60053,-542,-0.0090253609
NQ,2016-10-26,130997,1,2,23594,677,0.028693736,42328,-93,-0.0021971272,60481,515,0.0085150708,83064,1985,0.023897236
NQ,2016-10-27,130255,1,2,17483,335,0.019161471,25086,332,0.013234473,49265,136,0.0027605805,70164,364,0.0051878456
NQ,2016-10-28,194414,1,3,26526,-845,-0.031855538,39523,-878,-0.022214913,62551,-463,-0.00740196,86141,719,0.0083467803
NQ,2016-10-31,105118,1,2,16045,-71,-0.0044250545,27675,-210,-0.0075880759,42750,286,0.0066900585,61240,-53,-0.00086544742
NQ,2016-11-01,183727,1,2,12474,106,0.0084976752,20495,398,0.019419371,47128,-271,-0.0057502971,66041,-561,-0.008494723
NQ,2016-11-02,169155,1,2,19361,558,0.028820825,30320,850,0.028034301,48627,591,0.012153742,69775,-229,-0.0032819778
NQ,2016-11-03,145232,1,2,17185,820,0.047716031,26948,958,0.035549948,50111,771,0.015385843,66490,1218,0.018318544
NQ,2016-11-04,151349,1,2,33434,-635,-0.018992642,49901,-690,-0.013827378,75143,-1623,-0.021598818,98270,-2513,-0.025572403
NQ,2016-11-07,110266,1,2,18219,226,0.012404633,29794,1,3.3563805e-05,45841,646,0.014092188,64607,1665,0.025771201
NQ,2016-11-08,127540,1,2,16062,234,0.014568547,28584,617,0.021585502,40799,971,0.023799603,50946,1463,0.02871668
NQ,2016-11-09,276871,1,2,64252,1309,0.020372907,103008,936,0.0090866729,144215,-1678,-0.011635405,172064,-2587,-0.015035103
NQ,2016-11-10,350160,1,2,26866,787,0.029293531,47075,455,0.0096654275,116424,738,0.0063388992,200453,26,0.00012970622
NQ,2016-11-11,185904,1,2,27601,605,0.021919496,41863,740,0.017676707,79821,529,0.0066273286,102601,695,0.0067738131
NQ,2016-11-14,177988,1,2,30767,-1104,-0.035882601,49187,-1500,-0.030495863,81416,-1446,-0.017760637,109924,-2261,-0.020568757
NQ,2016-11-15,137585,1,2,24562,-302,-0.012295416,36658,-447,-0.012193791,68470,-256,-0.0037388637,90634,-169,-0.0018646424
NQ,2016-11-16,113942,1,2,20451,746,0.036477434,33265,36,0.0010822185,50967,132,0.0025899111,70734,-318,-0.0044957163
NQ,2016-11-17,108922,1,2,21829,248,0.011361033,31661,435,0.013739301,45277,233,0.0051461007,58289,224,0.0038429206
NQ,2016-11-18,90239,1,2,16735,239,0.014281446,24966,87,0.0034847392,39828,345,0.0086622477,58193,-903,-0.01551733
NQ,2016-11-21,95762,1,2,20101,427,0.021242724,34706,1111,0.032011756,53117,313,0.0058926521,69226,448,0.0064715569
NQ,2016-11-22,85427,1,2,15034,165,0.010975123,24811,290,0.011688364,38906,198,0.0050891893,53701,-255,-0.0047485149
NQ,2016-11-23,92689,1,2,25840,-635,-0.024574303,38265,-503,-0.013145172,56822,-1459,-0.025676675,69328,-2173,-0.031343757
NQ,2016-11-24,3978,1,2,458,4,0.0087336245,915,98,0.10710383,1631,144,0.088289393,2395,192,0.080167015
NQ,2016-11-25,33633,1,2,8325,96,0.011531532,13552,131,0.0096664699,20415,-361,-0.017683076,24960,-538,-0.021554487
NQ,2016-11-28,80640,1,2,11382,-376,-0.033034616,21242,318,0.014970342,35141,1287,0.036623887,49756,751,0.015093657
NQ,2016-11-29,102358,1,2,11325,-14,-0.0012362031,22274,-188,-0.008440334,36726,-463,-0.012606873,50981,217,0.0042564877
NQ,2016-11-30,130478,1,2,14748,127,0.0086113371,26180,-69,-0.0026355997,50775,307,0.0060462826,66372,231,0.0034803833
NQ,2016-12-01,177633,1,2,20263,-978,-0.048265311,35398,-1191,-0.033645969,64802,-2055,-0.031711984,104551,-2167,-0.020726727
NQ,2016-12-02,123781,1,2,30024,-299,-0.0099586997,47796,403,0.0084316679,76593,-132,-0.0017233951,95977,782,0.0081477854
NQ,2016-12-05,113036,1,2,21581,203,0.0094064223,35136,532,0.015141166,57084,1206,0.021126761,79025,807,0.010211958
NQ,2016-12-06,110616,1,2,19332,608,0.031450445,31209,1102,0.035310327,54029,67,0.0012400748,68509,-229,-0.0033426265
NQ,2016-12-07,146501,1,2,15039,28,0.0018618259,28548,204,0.0071458596,49371,116,0.0023495574,66770,259,0.0038789876
NQ,2016-12-08,120872,1,2,18540,354,0.019093851,33106,104,0.0031414245,50477,705,0.013966757,61820,937,0.015156907
NQ,2016-12-09,83544,1,2,16095,-180,-0.011183597,24414,112,0.0045875317,37436,-103,-0.0027513623,49454,-210,-0.0042463704
NQ,2016-12-12,93602,1,2,14652,308,0.021021021,22375,249,0.011128492,39607,-326,-0.0082308683,51880,-139,-0.0026792598
NQ,2016-12-13,147965,1,2,27837,1529,0.054926896,49558,2394,0.048307034,78883,757,0.009596491,102667,-912,-0.008883088
NQ,2016-12-14,170586,1,2,15293,73,0.0047734258,21486,-159,-0.0074001676,35505,-97,-0.0027320096,47524,10,0.00021042
NQ,2016-12-15,143714,1,2,21307,223,0.010466044,34543,1809,0.05236951,58115,2159,0.037150478,71891,2498,0.034747048
NQ,2016-12-16,114956,1,2,22291,-757,-0.033959894,29641,-767,-0.02587632,40350,-1008,-0.024981413,53676,-1201,-0.022374991
NQ,2016-12-19,93755,1,2,10470,149,0.014231137,23334,-522,-0.022370789,33576,-1630,-0.048546581,52702,-1372,-0.026033168
NQ,2016-12-20,67384,1,2,13748,395,0.028731452,22475,-119,-0.005294772,34488,-123,-0.0035664579,41018,258,0.0062899215
NQ,2016-12-21,58506,1,2,10979,20,0.0018216595,15472,19,0.0012280248,24116,218,0.0090396417,32944,8,0.00024283633
NQ,2016-12-22,69609,1,2,13737,-221,-0.016087938,19133,-209,-0.010923535,28449,32,0.0011248199,34965,-360,-0.01029601
NQ,2016-12-23,40308,1,2,8652,104,0.012020342,13971,330,0.023620356,20321,294,0.014467792,25085,16,0.00063783137
NQ,2016-12-27,60177,1,2,10403,-21,-0.0020186485,32440,-2116,-0.065228113,42952,-2807,-0.065352021,47670,-2759,-0.057877072
NQ,2016-12-28,85300,1,2,11424,-594,-0.051995798,18745,-779,-0.041557749,35686,-695,-0.019475425,44571,-669,-0.01500976
NQ,2016-12-29,77750,1,2,13289,-144,-0.01083603,21529,-375,-0.017418366,32539,-131,-0.0040259381,42617,-351,-0.0082361499
NQ,2016-12-30,116191,1,2,15348,-317,-0.020654157,34626,-350,-0.010108011,58169,553,0.009506782,69914,747,0.010684555
NQ,2017-01-03,129590,1,2,20580,-610,-0.029640428,32662,-120,-0.0036739942,57763,745,0.01289753,75204,836,0.01111643
NQ,2017-01-04,106360,1,2,22451,304,0.0135406,33459,654,0.01954631,48450,-297,-0.006130031,59066,-13,-0.00022009278
NQ,2017-01-05,102554,1,2,18984,863,0.045459334,28199,833,0.029540055,43428,182,0.0041908446,55411,-257,-0.0046380683
NQ,2017-01-06,115917,1,2,22254,-423,-0.019007819,36518,283,0.0077496029,53417,493,0.0092292716,68509,251,0.0036637522
NQ,2017-01-09,89598,1,2,19283,689,0.035730955,29238,618,0.021136877,46307,487,0.010516769,60284,61,0.0010118771
NQ,2017-01-10,94000,1,2,16402,-894,-0.054505548,30142,-976,-0.032380068,41330,-1026,-0.024824583,51299,-705,-0.013742958
NQ,2017-01-11,141370,1,2,12584,265,0.021058487,21759,243,0.011167793,32878,197,0.0059918487,45136,-350,-0.0077543424
NQ,2017-01-12,131881,1,2,17821,225,0.012625554,28525,-111,-0.0038913234,60820,-768,-0.012627425,79362,-665,-0.0083793251
NQ,2017-01-13,82307,1,2,17740,937,0.052818489,26889,1171,0.043549407,38905,1040,0.026731783,47008,1147,0.024400102
NQ,2017-01-16,3537,1,2,593,9,0.015177066,1153,-39,-0.033824805,1775,-106,-0.05971831,2313,-108,-0.046692607
NQ,2017-01-17,107869,1,2,19170,-43,-0.0022430882,32419,102,0.0031463031,53951,422,0.0078219125,64749,547,0.0084480069
NQ,2017-01-18,95879,1,2,23304,-116,-0.0049776862,31478,100,0.0031768219,44576,-296,-0.0066403446,58346,-434,-0.0074383848
NQ,2017-01-19,110093,1,2,19339,-417,-0.021562645,32129,-477,-0.0148464,52901,-1642,-0.031039111,65172,-1711,-0.026253606
NQ,2017-01-20,129866,1,2,22911,612,0.02671206,32829,1172,0.035700143,51233,528,0.010305858,61735,672,0.010885235
NQ,2017-01-23,110631,1,2,19989,431,0.021561859,28447,304,0.01068654,45578,318,0.0069770503,58645,418,0.0071276324
NQ,2017-01-24,82808,1,2,13571,278,0.020484857,20132,-69,-0.0034273793,32589,198,0.0060756697,39862,7,0.00017560584
NQ,2017-01-25,83396,1,2,17615,555,0.031507238,24444,1051,0.042996236,36789,656,0.017831417,45141,611,0.013535367
NQ,2017-01-26,90961,1,2,14369,239,0.016633029,23850,360,0.01509434,43225,1047,0.024222094,52556,1180,0.022452241
NQ,2017-01-27,80727,1,2,19403,-196,-0.010101531,29458,-670,-0.022744246,43516,-63,-0.0014477434,53687,127,0.0023655634
NQ,2017-01-30,149116,1,2,30491,-814,-0.026696402,53844,-632,-0.011737612,87102,-1053,-0.012089275,107037,-678,-0.0063342582
NQ,2017-01-31,119397,1,2,22295,-490,-0.021978022,34271,-227,-0.006623676,58173,-175,-0.0030082684,74749,-173,-0.0023144122
NQ,2017-02-01,131512,1,2,21672,666,0.030730897,32081,272,0.0084785387,53793,-175,-0.0032532114,73359,-371,-0.0050573208
NQ,2017-02-02,116772,1,2,23289,-485,-0.020825282,39046,-914,-0.023408288,59159,-1558,-0.026335807,71737,-1248,-0.01739688
NQ,2017-02-03,92386,1,2,20645,-31,-0.0015015742,28480,133,0.0046699438,50160,713,0.014214514,62555,-85,-0.0013588043
NQ,2017-02-06,75908,1,2,16963,-643,-0.037906031,25244,-256,-0.010141024,35738,-157,-0.004393083,44637,-311,-0.0069673141
NQ,2017-02-07,86712,1,2,15040,546,0.036303191,23423,380,0.01622337,35848,-213,-0.0059417541,45050,-250,-0.0055493896
NQ,2017-02-08,91874,1,2,16393,-182,-0.0111023,27863,-433,-0.015540322,42547,-343,-0.008061673,61128,-499,-0.0081631985
NQ,2017-02-09,87406,1,2,13899,-131,-0.0094251385,22012,-33,-0.0014991823,36693,762,0.020766904,51311,622,0.012122157
NQ,2017-02-10,81187,1,2,16648,693,0.041626622,23558,246,0.010442313,38239,293,0.0076623343,49722,120,0.0024134186
NQ,2017-02-13,72922,1,2,13700,377,0.027518248,20274,259,0.012774983,29578,587,0.019845831,38879,287,0.0073818771
NQ,2017-02-14,93502,1,2,14270,-144,-0.0100911,20372,19,0.00093265266,40049,-18,-0.00044944942,56213,-941,-0.0167399
NQ,2017-02-15,87678,1,2,13143,371,0.028227954,18269,387,0.021183425,29927,217,0.0072509774,40223,302,0.0075081421
NQ,2017-02-16,119270,1,2,13643,369,0.027046837,27204,-442,-0.016247611,46815,-435,-0.0092918936,71078,-1558,-0.021919581
NQ,2017-02-17,87867,1,2,21565,-171,-0.0079295154,30659,-454,-0.01480805,46410,-459,-0.0098901099,57080,-1066,-0.018675543
NQ,2017-02-20,5461,1,2,1585,-116,-0.07318612,2147,-3,-0.0013972986,3279,154,0.046965538,4232,397,0.093809074
NQ,2017-02-21,85775,1,2,14126,475,0.033625938,22010,244,0.01108587,36417,37,0.001016009,47944,-113,-0.0023569164
NQ,2017-02-22,85465,1,2,15323,-471,-0.030738106,22876,-376,-0.01643644,37797,217,0.0057411964,50502,-77,-0.0015246921
NQ,2017-02-23,136124,1,2,20753,-398,-0.01917795,30969,107,0.003455068,58089,-41,-0.00070581349,83532,-475,-0.0056864435
NQ,2017-02-24,111388,1,2,22508,-218,-0.0096854452,34931,-66,-0.0018894392,59680,-225,-0.0037701072,73593,-137,-0.0018615901
NQ,2017-02-27,83402,1,2,13822,-214,-0.015482564,21766,380,0.017458421,37741,742,0.019660316,48724,910,0.018676628
NQ,2017-02-28,97862,1,2,13226,722,0.054589445,19769,577,0.029187111,30190,251,0.0083140113,39272,364,0.0092686902
NQ,2017-03-01,118001,1,2,18681,-223,-0.011937262,30467,70,0.0022975679,48981,379,0.0077376942,59650,59,0.0009891031
NQ,2017-03-02,113156,1,2,16809,-149,-0.0088642989,27026,-10,-0.00037001406,42355,-596,-0.014071538,52645,-746,-0.014170387
NQ,2017-03-03,97264,1,2,12949,631,0.048729632,21148,471,0.02227161,38237,379,0.0099118655,51194,116,0.0022658905
NQ,2017-03-06,82647,1,2,12538,188,0.014994417,22502,498,0.022131366,38817,-911,-0.023469099,52020,-941,-0.018089196
NQ,2017-03-07,102219,1,2,16551,-383,-0.023140596,27143,-624,-0.022989353,46159,-138,-0.0029896662,62481,-216,-0.0034570509
NQ,2017-03-08,118217,1,2,15540,183,0.011776062,27560,231,0.0083817126,46108,804,0.017437321,60448,717,0.011861435
NQ,2017-03-09,123999,1,2,19511,-359,-0.018399877,31950,-153,-0.0047887324,49507,-232,-0.004686206,63021,-47,-0.00074578315
NQ,2017-03-10,112254,1,2,18154,102,0.0056185965,33206,719,0.021652713,48441,543,0.011209513,70570,-712,-0.010089273
NQ,2017-03-13,71115,1,2,13083,-464,-0.035465872,18897,-672,-0.0355612,33431,-771,-0.023062427,41692,-891,-0.021371006
NQ,2017-03-14,100108,1,2,13248,6,0.00045289855,25941,-549,-0.021163409,44934,-1586,-0.035296212,60639,-1101,-0.018156632
NQ,2017-03-15,132288,1,2,12335,-595,-0.048236725,18346,-640,-0.034884989,31152,-315,-0.01011171,39667,-592,-0.014924244
NQ,2017-03-16,94822,1,2,16910,3,0.00017740982,24542,133,0.0054192812,40565,12,0.00029582152,50786,185,0.0036427362
NQ,2017-03-17,68190,1,2,12632,1146,0.090721976,19321,1019,0.052740541,29029,1322,0.045540666,35387,1444,0.040805946
NQ,2017-03-20,81393,1,2,11752,130,0.011061947,18499,788,0.042596897,34309,1187,0.034597336,43525,1003,0.023044227
NQ,2017-03-21,253137,1,2,15803,175,0.011073847,22923,-23,-0.0010033591,58319,-1391,-0.023851575,95742,-2260,-0.023605105
NQ,2017-03-22,193886,1,2,30674,347,0.011312512,46315,-538,-0.011616107,76110,-1153,-0.015149126,106466,-547,-0.0051377905
NQ,2017-03-23,163993,1,2,26279,1137,0.043266487,38506,1180,0.030644575,59368,1166,0.01964021,77808,1137,0.014612893
NQ,2017-03-24,177927,1,2,19422,436,0.022448769,31628,70,0.0022132288,44261,61,0.0013781885,56647,63,0.0011121507
NQ,2017-03-27,152929,1,2,30376,-1809,-0.059553595,47851,-816,-0.017052935,72627,-410,-0.0056452834,91934,225,0.0024474079
NQ,2017-03-28,143182,1,2,15716,-4,-0.00025451769,30146,-808,-0.026802893,57269,-555,-0.0096911069,76239,-425,-0.0055745747
NQ,2017-03-29,97585,1,2,15415,217,0.014077198,25391,310,0.01220905,40276,121,0.0030042705,55411,585,0.010557471
NQ,2017-03-30,92776,1,2,15868,58,0.003655155,25986,362,0.013930578,41582,289,0.0069501226,54669,601,0.010993433
NQ,2017-03-31,87086,1,2,10044,355,0.035344484,16810,231,0.01374182,30561,28,0.00091620039,41510,-137,-0.0033004095
NQ,2017-04-03,153354,1,2,17116,-241,-0.014080393,25794,-383,-0.014848414,54499,-207,-0.0037982348,81889,-1723,-0.021040677
NQ,2017-04-04,107560,1,2,21497,-160,-0.007442899,31878,-354,-0.011104837,52614,-398,-0.0075645266,66737,-236,-0.0035362692
NQ,2017-04-05,169603,1,2,14199,902,0.0635256,25955,942,0.036293585,47590,1646,0.034587098,64175,1711,0.026661473
NQ,2017-04-06,155039,1,2,20488,-557,-0.027186646,45866,-21,-0.00045785549,76241,55,0.00072139662,99294,59,0.00059419502
NQ,2017-04-07,116019,1,2,22826,324,0.01419434,37577,-74,-0.0019692897,59283,456,0.0076919184,72897,399,0.0054734763
NQ,2017-04-10,117756,1,2,15319,438,0.028591945,22441,737,0.032841674,32766,665,0.020295428,50298,306,0.0060837409
NQ,2017-04-11,203994,1,2,24988,-570,-0.022810949,52681,-984,-0.018678461,88829,-2008,-0.02260523,131647,-1712,-0.013004474
NQ,2017-04-12,150643,1,2,22099,-507,-0.022942215,35045,-334,-0.0095306035,55199,-498,-0.0090219026,79517,-1154,-0.01451262
NQ,2017-04-13,146230,1,2,20064,-940,-0.04685008,37522,-1204,-0.032087842,56860,-1117,-0.019644741,69452,-712,-0.010251685
NQ,2017-04-17,84441,1,2,12917,-324,-0.025083224,18922,-192,-0.010146919,36777,258,0.0070152541,46225,375,0.0081124932
NQ,2017-04-18,137033,1,2,17944,414,0.023071779,34635,912,0.026331745,58594,98,0.0016725262,73334,-170,-0.0023181607
NQ,2017-04-19,122476,1,2,20349,-399,-0.019607843,32682,-499,-0.015268343,44281,-664,-0.014995145,58622,-230,-0.0039234417
NQ,2017-04-20,129585,1,2,18480,-396,-0.021428571,28027,-699,-0.024940236,48990,107,0.0021841192,62551,620,0.0099119119
NQ,2017-04-21,106716,1,2,16891,-672,-0.039784501,26442,-991,-0.037478254,39383,-675,-0.017139375,49691,-1175,-0.023646133
NQ,2017-04-24,99923,1,2,21577,-113,-0.005237058,32027,274,0.0085552815,50248,514,0.010229263,62939,943,0.014982761
NQ,2017-04-25,87947,1,2,14766,431,0.029188677,21984,378,0.017194323,40348,665,0.01648161,49373,745,0.015089219
NQ,2017-04-26,131752,1,2,18797,29,0.0015427994,29487,169,0.0057313392,41769,339,0.0081160669,56889,485,0.008525374
NQ,2017-04-27,92199,1,2,12309,177,0.014379722,20741,193,0.0093052408,39571,-206,-0.0052058326,57296,-1469,-0.025638788
NQ,2017-04-28,94778,1,2,20030,-446,-0.0222666,31937,-1274,-0.039891035,51936,-1373,-0.026436383,64364,-866,-0.013454726
NQ,2017-05-01,95192,1,2,11191,324,0.028951836,19154,19,0.0009919599,33464,-486,-0.01452307,45822,-479,-0.010453494
NQ,2017-05-02,87487,1,2,16297,209,0.012824446,30501,1,3.278581e-05,47022,794,0.016885713,55631,302,0.0054286279
NQ,2017-05-03,107565,1,2,16007,-529,-0.033048041,23615,-124,-0.0052508999,46519,-851,-0.0182936,66173,-1541,-0.023287444
NQ,2017-05-04,115376,1,2,20612,-605,-0.029351834,33677,-709,-0.021052944,53993,91,0.0016854037,69803,-222,-0.0031803791
NQ,2017-05-05,83218,1,2,11937,-48,-0.0040211108,20952,57,0.002720504,38657,-252,-0.0065188711,52298,-526,-0.010057746
NQ,2017-05-08,78628,1,2,16937,363,0.021432367,23786,401,0.016858656,34870,586,0.016805277,48392,632,0.01306001
NQ,2017-05-09,102886,1,2,18498,597,0.032273759,27904,887,0.031787557,52150,1069,0.020498562,66567,91,0.0013670437
NQ,2017-05-10,90039,1,2,15695,-357,-0.022746097,25955,-565,-0.021768445,43573,-908,-0.020838593,62925,-1382,-0.021962654
NQ,2017-05-11,130667,1,3,20382,-253,-0.012412913,44660,-1234,-0.02763099,73461,-1104,-0.015028382,94896,-1628,-0.017155623
NQ,2017-05-12,95760,1,3,20895,500,0.02392917,33816,904,0.026732907,54401,258,0.0047425599,64789,224,0.003457377
NQ,2017-05-15,91666,1,3,16937,483,0.028517447,28838,136,0.0047159997,46926,-269,-0.0057324298,61374,-443,-0.0072180402
NQ,2017-05-16,101928,1,3,14518,242,0.016668963,24641,121,0.004910515,42868,-597,-0.013926472,62077,-341,-0.0054931778
NQ,2017-05-17,251419,1,3,32925,-42,-0.0012756264,61841,-431,-0.0069694863,101033,-1070,-0.010590599,142953,-3501,-0.024490567
NQ,2017-05-18,262915,1,3,41508,-1179,-0.028404163,73592,-1522,-0.020681596,134823,-660,-0.0048953072,168944,-23,-0.00013613979
NQ,2017-05-19,152395,1,3,34165,-1417,-0.041475194,54788,-1380,-0.025187997,79004,-892,-0.011290568,95804,-1288,-0.013444115
NQ,2017-05-22,107037,1,3,20647,621,0.030077009,30573,828,0.02708272,47344,806,0.017024333,64962,781,0.012022413
NQ,2017-05-23,113713,1,3,23854,-656,-0.027500629,39447,-794,-0.020128273,62357,-371,-0.0059496127,78205,-190,-0.0024295122
NQ,2017-05-24,100626,1,3,19192,-604,-0.031471446,27714,-739,-0.026665223,45703,-257,-0.0056232632,57279,-335,-0.0058485658
NQ,2017-05-25,122105,1,3,18189,-375,-0.020616856,29960,-54,-0.0018024032,50942,687,0.013485925,65389,1333,0.020385692
NQ,2017-05-26,82589,1,3,19910,-269,-0.013510799,29348,-45,-0.0015333242,46500,454,0.0097634409,57427,484,0.0084280913
NQ,2017-05-29,4302,1,3,780,23,0.029487179,1305,58,0.044444444,2051,108,0.05265724,3054,83,0.027177472
NQ,2017-05-30,94611,1,3,21555,-690,-0.032011134,32340,-763,-0.023593074,52350,-1006,-0.01921681,68078,-1062,-0.015599753
NQ,2017-05-31,171748,1,3,15004,-526,-0.035057318,42434,-1701,-0.04008578,93751,-1293,-0.013791853,120325,-811,-0.006740079
NQ,2017-06-01,139280,1,3,19455,42,0.0021588281,36645,-4,-0.00010915541,76783,293,0.0038159488,95517,503,0.0052660783
NQ,2017-06-02,151859,1,3,24688,25,0.0010126377,39459,21,0.00053219798,65641,924,0.014076568,85863,1865,0.021720648
NQ,2017-06-05,98471,1,3,18047,-347,-0.019227572,30733,-135,-0.0043926724,46458,23,0.00049507082,61970,-298,-0.0048087784
NQ,2017-06-06,133664,1,3,27267,408,0.014963142,39393,219,0.0055593633,62210,-101,-0.0016235332,76922,-251,-0.0032630457
NQ,2017-06-07,151335,1,3,23139,-508,-0.021954276,41733,-1087,-0.026046534,59354,-1339,-0.022559558,89674,-921,-0.010270535
NQ,2017-06-08,129375,1,3,24976,-906,-0.036274824,43485,-1757,-0.040404737,72464,-2342,-0.032319497,90912,-1912,-0.021031327
NQ,2017-06-09,350740,1,3,20281,-70,-0.0034515063,34093,-31,-0.00090927756,55688,-177,-0.0031784226,67746,-456,-0.0067310247
NQ,2017-06-12,333748,1,3,80342,-2240,-0.02788081,131463,-1974,-0.015015632,203707,-905,-0.0044426554,243565,165,0.00067743723
NQ,2017-06-13,189580,1,2,39940,990,0.024787181,62024,794,0.012801496,94775,427,0.0045054075,130551,-1356,-0.010386745
NQ,2017-06-14,235531,1,2,26063,-463,-0.017764647,41873,-579,-0.013827526,70708,-2411,-0.03409798,94472,-3132,-0.03315268
NQ,2017-06-15,220501,1,2,34511,-407,-0.011793341,62989,170,0.0026988839,109109,-1580,-0.014480932,139818,-1574,-0.011257492
NQ,2017-06-16,187569,1,2,34481,-1204,-0.034917781,55346,-1325,-0.023940303,95281,-2763,-0.028998436,120807,-4483,-0.037108777
NQ,2017-06-19,135037,1,2,26547,449,0.016913399,39088,342,0.0087494883,72133,2370,0.032855974,90922,2262,0.024878467
NQ,2017-06-20,167372,1,2,23520,353,0.015008503,38565,-610,-0.015817451,65272,-1040,-0.015933325,84157,-1002,-0.011906318
NQ,2017-06-21,171326,1,2,24184,230,0.0095104201,37434,-421,-0.01124646,60617,-1012,-0.016694987,86273,-639,-0.0074067205
NQ,2017-06-22,123690,1,2,22583,-548,-0.024266041,33590,-1041,-0.030991366,54361,-1159,-0.021320432,73883,-1114,-0.015077893
NQ,2017-06-23,117921,1,2,17145,-600,-0.034995626,27017,-591,-0.021875116,44322,-839,-0.018929651,61162,-396,-0.0064746084
NQ,2017-06-26,186652,1,2,21573,-170,-0.0078802206,31737,-417,-0.013139238,66073,-321,-0.0048582628,108607,-1809,-0.016656385
NQ,2017-06-27,235182,1,2,31977,452,0.01413516,49762,458,0.0092038101,79971,345,0.0043140638,103510,948,0.0091585354
NQ,2017-06-28,198816,1,2,32398,7,0.00021606272,58414,-216,-0.0036977437,93047,530,0.0056960461,135218,3395,0.025107604
NQ,2017-06-29,370936,1,2,37127,-1481,-0.039890107,61749,-1646,-0.026656302,108846,-3278,-0.030115944,142585,-4911,-0.034442613
NQ,2017-06-30,187924,1,2,29869,475,0.015902775,56214,-1598,-0.028427082,100560,-1233,-0.012261337,130827,-500,-0.0038218411
NQ,2017-07-03,150837,1,2,21329,-965,-0.045243565,33595,-959,-0.028545915,65048,-1443,-0.022183618,92004,-2021,-0.021966436
NQ,2017-07-04,17317,1,2,1722,81,0.047038328,2768,66,0.023843931,4751,-337,-0.070932435,6620,-518,-0.078247734
NQ,2017-07-05,202186,1,2,33522,-831,-0.02478969,59418,-656,-0.011040425,95981,-1017,-0.010595847,128019,-309,-0.0024137042
NQ,2017-07-06,216962,1,2,33071,45,0.0013607088,58804,-358,-0.0060880212,100635,-1348,-0.013394942,126638,-1831,-0.014458535
NQ,2017-07-07,145639,1,2,23538,615,0.026127963,43064,1523,0.035365967,64975,1404,0.021608311,83251,1390,0.016696496
NQ,2017-07-10,130546,1,2,23184,1201,0.051802968,42052,207,0.0049224769,64296,60,0.00093318402,84887,957,0.011273811
NQ,2017-07-11,165352,1,2,19535,-132,-0.0067571026,32533,234,0.0071926966,60508,1690,0.027930191,74132,2074,0.027977122
NQ,2017-07-12,142983,1,2,27883,-114,-0.0040885127,44913,-297,-0.0066127847,67971,1069,0.015727295,86622,772,0.0089122856
NQ,2017-07-13,140814,1,2,22060,-307,-0.013916591,36313,53,0.0014595324,67315,-1454,-0.021599941,90284,-1212,-0.013424306
NQ,2017-07-14,123111,1,2,24206,157,0.0064859952,35102,-92,-0.0026209333,55726,-310,-0.0055629329,68690,139,0.0020235842
NQ,2017-07-17,122041,1,2,18387,-330,-0.017947463,31727,311,0.0098023765,55138,561,0.010174471,76796,1120,0.014584093
NQ,2017-07-18,139391,1,2,25700,271,0.010544747,39590,761,0.019222026,61577,1545,0.025090537,89185,1453,0.016291977
NQ,2017-07-19,133691,1,2,23562,1009,0.04282319,41902,181,0.0043196029,66747,207,0.003101263,84170,814,0.0096709041
NQ,2017-07-20,148990,1,2,22187,13,0.0005859287,35372,1018,0.028779826,65321,617,0.0094456607,110092,333,0.0030247429
NQ,2017-07-21,128688,1,2,28085,1073,0.038205448,51038,784,0.015361103,78690,533,0.0067734147,95306,460,0.0048265587
NQ,2017-07-24,97927,1,2,14471,432,0.029852809,25864,949,0.036691927,40507,853,0.021058089,50822,856,0.016843099
NQ,2017-07-25,133695,1,2,25366,-455,-0.017937397,43155,500,0.011586143,69983,812,0.011602818,88526,264,0.0029821747
NQ,2017-07-26,108352,1,2,16574,-27,-0.0016290576,28142,253,0.0089901215,44915,263,0.0058555048,59030,45,0.00076232424
NQ,2017-07-27,336260,1,2,23624,-231,-0.0097781917,37530,-1250,-0.033306688,56267,-1218,-0.021646791,73705,-1832,-0.024855844
NQ,2017-07-28,189839,1,2,37590,484,0.012875765,60864,-127,-0.0020866193,94331,-392,-0.0041555798,119556,-440,-0.0036802837
NQ,2017-07-31,169385,1,2,18176,-761,-0.041868398,35287,-1818,-0.05152039,76820,-3046,-0.039651133,111046,-3730,-0.033589684
NQ,2017-08-01,126335,1,2,26858,175,0.0065157495,40076,402,0.010030941,69156,-429,-0.0062033663,88282,79,0.00089485965
NQ,2017-08-02,242103,1,2,27983,-968,-0.034592431,51974,-1604,-0.030861585,102018,-4750,-0.046560411,149764,-6482,-0.043281429
NQ,2017-08-03,172680,1,2,22263,-71,-0.0031891479,46125,-1074,-0.023284553,87161,-1310,-0.015029658,109238,-975,-0.0089254655
NQ,2017-08-04,153389,1,2,24973,469,0.018780283,48302,9,0.00018632769,87549,-220,-0.0025128785,108670,-533,-0.0049047575
NQ,2017-08-07,95969,1,2,16691,-12,-0.00071895033,27802,-19,-0.00068340407,44702,-391,-0.0087468122,60141,-884,-0.014698791
NQ,2017-08-08,190953,1,2,26970,-171,-0.0063403782,39566,67,0.0016933731,57232,-125,-0.0021840928,78912,109,0.0013812855
NQ,2017-08-09,213934,1,2,43550,-224,-0.0051435132,69172,-37,-0.00053489851,104105,-262,-0.0025166899,136770,-335,-0.0024493676
NQ,2017-08-10,338258,1,2,36059,-967,-0.026817161,62945,-1759,-0.027945031,127253,-4975,-0.039095345,157689,-5048,-0.032012379
NQ,2017-08-11,225154,1,2,34565,231,0.0066830609,60340,564,0.0093470335,102247,2262,0.022122898,126851,3027,0.023862642
NQ,2017-08-14,148084,1,2,25549,928,0.036322361,40039,1164,0.029071655,66124,1605,0.024272579,88892,2002,0.022521712
NQ,2017-08-15,142152,1,2,26253,104,0.003961452,41732,618,0.01480878,69839,1016,0.014547746,89865,1155,0.012852612
NQ,2017-08-16,180871,1,2,20969,-73,-0.0034813296,34883,-427,-0.01224092,51579,30,0.00058163206,71392,72,0.0010085164
NQ,2017-08-17,309446,1,2,21530,159,0.0073850441,36167,-775,-0.021428374,112584,-2258,-0.020056136,154590,-2255,-0.014586972
NQ,2017-08-18,263790,1,2,38149,-578,-0.015151118,68912,-1467,-0.02128802,113299,-949,-0.0083760669,146565,-1103,-0.0075256712
NQ,2017-08-21,206233,1,2,22093,-69,-0.0031231612,40556,-937,-0.023103856,86849,-3212,-0.03698373,121476,-2333,-0.01920544
NQ,2017-08-22,162635,1,2,32035,1837,0.057343531,51315,2143,0.041761668,80223,2300,0.028670082,98352,3627,0.036877745
NQ,2017-08-23,176249,1,2,32151,718,0.02233212,50796,876,0.017245452,84320,157,0.0018619545,108427,-400,-0.003689118
NQ,2017-08-24,231684,1,2,26190,-381,-0.014547537,48355,-1093,-0.02260366,92559,-1439,-0.01554684,117867,-847,-0.0071860657
NQ,2017-08-25,177930,1,2,19210,-277,-0.014419573,34980,316,0.0090337336,64420,1707,0.026497982,93143,809,0.0086855695
NQ,2017-08-28,124609,1,2,18061,-414,-0.022922319,33828,-407,-0.012031453,59267,61,0.0010292406,82538,778,0.0094259614
NQ,2017-08-29,172813,1,2,31496,337,0.010699771,50968,670,0.013145503,85137,1274,0.014964117,120313,1711,0.01422124
NQ,2017-08-30,146730,1,2,25215,-328,-0.01300813,38103,-348,-0.0091331391,58150,-1025,-0.017626827,81516,-1009,-0.012377938
NQ,2017-08-31,149106,1,2,21481,296,0.013779619,36340,-87,-0.0023940561,63261,-60,-0.00094845165,85618,-618,-0.0072181083
NQ,2017-09-01,119167,1,2,20151,-491,-0.024366036,41397,-1239,-0.029929705,74579,-430,-0.0057656981,90695,-219,-0.0024146866
NQ,2017-09-04,8420,1,2,1457,42,0.028826356,1985,-5,-0.0025188917,3165,-43,-0.013586098,5296,202,0.038141994
NQ,2017-09-05,257806,1,2,27311,-147,-0.0053824466,43404,18,0.00041470832,69940,155,0.0022161853,95283,-426,-0.004470892
NQ,2017-09-06,181217,1,2,23153,157,0.0067809787,37760,854,0.022616525,72511,1058,0.01459089,108607,970,0.0089312844
NQ,2017-09-07,147493,1,2,17933,-485,-0.027045112,29945,-456,-0.015227918,57983,-971,-0.016746288,82285,-110,-0.0013368172
NQ,2017-09-08,111145,1,2,12483,-141,-0.011295362,21055,-160,-0.0075991451,37526,-282,-0.0075147897,49557,319,0.0064370321
NQ,2017-09-11,101461,1,2,20827,1400,0.067220435,32803,1851,0.056427766,48826,2240,0.045877197,63889,1731,0.027093866
NQ,2017-09-12,151248,1,2,22932,-296,-0.012907727,38798,-50,-0.0012887262,60947,-323,-0.0052996866,76792,-566,-0.0073705594
NQ,2017-09-13,107873,1,2,15859,-228,-0.014376695,32417,237,0.0073109788,50151,495,0.009870192,61906,308,0.0049752851
NQ,2017-09-14,131773,1,2,23518,1200,0.051024747,39874,1784,0.044740934,57328,1711,0.0298458,71837,1995,0.027771204
NQ,2017-09-15,134900,1,2,21573,-32,-0.0014833357,33862,353,0.010424665,55468,1165,0.021003101,95189,3144,0.033029026
NQ,2017-09-18,131253,1,2,21736,1492,0.068641884,36308,2005,0.05522199,54631,2130,0.038988852,70228,1978,0.028165404
NQ,2017-09-19,124972,1,2,24920,-345,-0.013844302,43581,-385,-0.008834125,69227,-339,-0.0048969333,84186,-268,-0.0031834272
NQ,2017-09-20,215519,1,2,19573,755,0.038573545,33333,54,0.0016200162,53541,-237,-0.0044265143,78218,-1776,-0.022705771
NQ,2017-09-21,192221,1,2,33581,-1091,-0.03248861,58306,-1387,-0.023788289,112020,-2512,-0.022424567,145547,-2249,-0.015452053
NQ,2017-09-22,141757,1,2,24713,-204,-0.0082547647,42326,-704,-0.016632803,70452,-738,-0.010475217,94546,-1552,-0.01641529
NQ,2017-09-25,262816,1,2,34797,-1212,-0.034830589,57562,-481,-0.0083562072,96408,-77,-0.00079868891,149864,-701,-0.0046775743
NQ,2017-09-26,189740,1,2,26740,-113,-0.0042258788,44165,-589,-0.013336352,70291,-559,-0.007952654,101072,-985,-0.0097455279
NQ,2017-09-27,193059,1,2,30216,2160,0.071485306,45890,1901,0.041425147,77331,1313,0.016978961,116863,644,0.0055107262
NQ,2017-09-28,148311,1,2,30533,430,0.014083123,50195,564,0.011236179,81275,739,0.0090925869,104306,152,0.0014572508
NQ,2017-09-29,143094,1,2,19251,242,0.012570776,39963,-421,-0.010534745,68541,441,0.0064341051,88587,559,0.006310181
NQ,2017-10-02,156981,1,2,21897,-48,-0.0021920811,37337,64,0.0017141174,64786,1033,0.015944803,80374,1361,0.016933337
NQ,2017-10-03,110685,1,2,23107,-519,-0.022460726,45163,-700,-0.015499413,76580,-296,-0.003865239,95527,204,0.0021355219
NQ,2017-10-04,137959,1,2,26344,-135,-0.0051245065,41323,316,0.0076470731,62223,-235,-0.0037767385,80431,-250,-0.0031082543
NQ,2017-10-05,143530,1,2,30980,-315,-0.01016785,43230,-734,-0.01697895,62302,-372,-0.0059709159,79164,-346,-0.0043706735
NQ,2017-10-06,124333,1,2,22165,-671,-0.030272953,34529,-1070,-0.030988444,51514,-965,-0.018732772,76456,-2145,-0.028055352
NQ,2017-10-09,93193,1,2,14487,14,0.00096638365,28259,196,0.0069358434,43172,452,0.010469749,54763,172,0.0031408067
NQ,2017-10-10,150337,1,2,19921,-421,-0.021133477,37112,-1079,-0.029074154,76394,-2333,-0.030539048,91972,-1866,-0.020288784
NQ,2017-10-11,103523,1,2,19777,20,0.0010112757,30822,-324,-0.010511972,48150,165,0.0034267913,61980,-255,-0.0041142304
NQ,2017-10-12,114396,1,2,15291,-97,-0.0063436008,31267,331,0.010586241,55878,395,0.0070689717,69268,218,0.0031471964
NQ,2017-10-13,89908,1,2,19930,386,0.019367787,29096,504,0.017321969,47728,1011,0.021182534,60967,764,0.012531369
NQ,2017-10-16,91298,1,2,15366,407,0.026487049,23510,353,0.015014887,43807,-133,-0.0030360445,56773,-77,-0.0013562785
NQ,2017-10-17,83673,1,2,13630,-116,-0.0085106383,20448,23,0.0011248044,34665,-917,-0.026453195,51043,-502,-0.0098348451
NQ,2017-10-18,100193,1,2,16107,-897,-0.055690073,31195,-1675,-0.053694502,54323,-2124,-0.039099461,69019,-2000,-0.028977528
NQ,2017-10-19,166503,1,2,39818,-1103,-0.02770104,66971,-1493,-0.022293231,111118,-1523,-0.01370615,138757,-382,-0.0027530143
NQ,2017-10-20,103644,1,2,21146,155,0.0073299915,29643,-245,-0.0082650204,47195,-191,-0.0040470389,63687,-906,-0.014225823
NQ,2017-10-23,139531,1,2,13876,-43,-0.0030988758,24052,-78,-0.0032429736,56812,-1505,-0.026490882,75472,-2331,-0.030885626
NQ,2017-10-24,129207,1,2,29950,-634,-0.021168614,50328,-245,-0.0048680655,77183,517,0.0066983662,91071,309,0.0033929571
NQ,2017-10-25,265224,1,2,28273,-354,-0.01252078,51920,-1111,-0.021398305,85290,-878,-0.01029429,112720,-1701,-0.01509049
NQ,2017-10-26,166429,1,2,27780,-1602,-0.057667387,39521,-1571,-0.039751018,77897,-1698,-0.021798015,102027,-1494,-0.014643183
NQ,2017-10-27,236791,1,2,32519,1433,0.044066546,60019,1848,0.03079025,114715,2363,0.020598875,139855,2189,0.015651925
NQ,2017-10-30,207566,1,2,27302,622,0.022782214,46625,500,0.010723861,76263,1034,0.013558344,100518,918,0.0091326927
NQ,2017-10-31,138349,1,2,21290,112,0.0052606858,37713,-363,-0.0096253281,63287,-617,-0.0097492376,80095,-84,-0.0010487546
NQ,2017-11-01,198620,1,2,26954,-374,-0.013875492,43683,-781,-0.017878809,79685,-279,-0.0035012863,106295,-290,-0.0027282563
NQ,2017-11-02,196924,1,2,25293,-553,-0.021863757,42236,-268,-0.0063452979,92646,-1098,-0.011851564,119393,-1379,-0.011550091
NQ,2017-11-03,165236,1,2,27130,98,0.0036122374,45994,487,0.010588338,76273,506,0.0066340645,99630,731,0.0073371474
NQ,2017-11-06,110588,1,2,23957,80,0.0033393163,35395,459,0.012967933,56554,117,0.0020688192,72724,-217,-0.0029838843
NQ,2017-11-07,160019,1,2,20552,827,0.040239393,34128,182,0.0053328645,64519,-118,-0.0018289186,101559,-976,-0.0096101773
NQ,2017-11-08,122518,1,2,20453,272,0.013298783,36733,-536,-0.014591784,52800,-483,-0.0091477273,71624,-402,-0.0056126438
NQ,2017-11-09,318406,1,2,38657,-513,-0.013270559,67398,-463,-0.00686964,120088,-216,-0.001798681,151614,-772,-0.0050918781
NQ,2017-11-10,143043,1,2,27355,417,0.015244014,42455,83,0.0019550112,70158,50,0.0007126771,93041,-249,-0.0026762395
NQ,2017-11-13,118814,1,2,19040,782,0.041071429,34630,1336,0.038579267,63775,1921,0.030121521,83288,2059,0.024721448
NQ,2017-11-14,206170,1,2,31873,-523,-0.016408873,49868,-319,-0.0063968878,106661,24,0.00022501195,147850,-562,-0.0038011498
NQ,2017-11-15,218359,1,2,47991,-2427,-0.050571982,73258,-2603,-0.035531956,114680,-1432,-0.01248692,149048,-913,-0.0061255434
NQ,2017-11-16,168886,1,2,30134,720,0.023893277,43529,844,0.019389373,71461,2084,0.02916276,100257,2670,0.026631557
NQ,2017-11-17,141790,1,2,25315,917,0.036223583,40669,758,0.018638275,67898,-917,-0.013505552,84162,-765,-0.0090896129
NQ,2017-11-20,112011,1,2,17352,108,0.0062240664,28428,242,0.0085127339,50688,-354,-0.0069839015,64446,-285,-0.004422307
NQ,2017-11-21,116837,1,2,24475,1269,0.051848825,42318,2005,0.047379366,64421,2474,0.038403626,79931,2150,0.0268982
NQ,2017-11-22,107397,1,2,23331,-700,-0.030003,35348,-960,-0.027158538,55391,-2365,-0.042696467,68724,-2994,-0.043565567
NQ,2017-11-23,5987,1,2,1497,36,0.024048096,1999,86,0.043021511,3263,267,0.08182654,4186,350,0.08361204
NQ,2017-11-24,43116,1,2,8848,-103,-0.011641049,13461,179,0.013297675,21439,51,0.0023788423,28722,360,0.012533946
NQ,2017-11-27,111937,1,2,20966,43,0.0020509396,32510,-340,-0.010458321,49379,207,0.0041920655,60115,353,0.0058720785
NQ,2017-11-28,177388,1,2,19106,-212,-0.011095991,36280,-868,-0.023925028,57012,-495,-0.0086823827,71194,-1113,-0.01563334
NQ,2017-11-29,406880,1,2,37432,-1710,-0.045682838,74372,-3292,-0.04426397,169294,-5755,-0.033994117,238978,-9273,-0.038802735
NQ,2017-11-30,259124,1,2,40669,-2114,-0.051980624,72348,-3525,-0.04872284,118124,-4011,-0.033955843,153742,-5046,-0.03282122
NQ,2017-12-01,394206,1,2,39490,-1152,-0.029171942,59393,-1727,-0.029077501,98659,-2998,-0.030387496,124593,-4086,-0.03279478
NQ,2017-12-04,336002,1,2,29746,865,0.02907954,54073,-420,-0.0077672776,123436,696,0.0056385495,177622,-130,-0.00073189132
NQ,2017-12-05,268491,1,2,51583,530,0.010274703,76922,1123,0.014599204,119552,1586,0.013266194,148244,2572,0.017349775
NQ,2017-12-06,210348,1,2,35487,365,0.010285457,58451,-6,-0.00010265008,95906,-255,-0.0026588535,127220,1105,0.0086857412
NQ,2017-12-07,174910,1,2,29900,-231,-0.0077257525,44624,31,0.00069469344,74204,645,0.0086922538,98078,1198,0.012214768
NQ,2017-12-08,104216,1,2,18817,328,0.017431046,30423,-52,-0.0017092331,49411,100,0.0020238408,60631,-369,-0.0060859956
NQ,2017-12-11,103076,1,2,20735,-29,-0.0013986014,33063,-42,-0.0012703022,52805,103,0.0019505729,64663,111,0.0017165922
NQ,2017-12-12,137101,1,2,25759,474,0.018401335,41553,516,0.012417876,63870,347,0.0054329106,81954,331,0.0040388511
NQ,2017-12-13,154171,1,2,23839,632,0.026511179,40468,264,0.006523673,65013,-595,-0.0091520158,82976,-620,-0.0074720401
NQ,2017-12-14,153700,1,2,18422,242,0.013136467,30861,535,0.017335796,52827,2222,0.042061824,68096,2361,0.03467164
NQ,2017-12-15,149943,1,2,24165,-558,-0.023091248,32850,-836,-0.025449011,58624,158,0.0026951419,74914,288,0.0038444083
NQ,2017-12-18,118952,1,2,31197,-7,-0.00022438055,46778,176,0.0037624524,68118,435,0.0063859773,84287,445,0.0052795805
NQ,2017-12-19,159420,1,2,27437,-461,-0.016802129,45618,-630,-0.013810338,73742,-1275,-0.017290011,100929,-2216,-0.021956028
NQ,2017-12-20,162337,1,2,40176,711,0.017697133,67427,199,0.00295134,95583,1096,0.011466474,122153,1100,0.0090051002
NQ,2017-12-21,117684,1,2,22564,-172,-0.0076227619,41359,-110,-0.0026596388,60439,-264,-0.0043680405,81213,-61,-0.00075111128
NQ,2017-12-22,93290,1,2,23491,-594,-0.02528628,37547,-140,-0.0037286601,54825,-490,-0.0089375285,63960,-588,-0.0091932458
NQ,2017-12-26,84616,1,2,19583,-926,-0.047285911,29031,-1162,-0.040026179,40864,-1076,-0.026331245,49581,-1168,-0.023557411
NQ,2017-12-27,92173,1,2,17290,719,0.041584731,23871,409,0.017133761,38762,47,0.0012125277,46557,25,0.00053697618
NQ,2017-12-28,76322,1,2,14157,-329,-0.023239387,22858,-649,-0.028392685,37357,-1997,-0.053457183,48145,-1901,-0.039484889
NQ,2017-12-29,113276,1,2,16320,-609,-0.037316176,26790,-387,-0.014445689,41180,-412,-0.010004857,61679,-388,-0.0062906338
NQ,2018-01-02,136986,1,2,31876,448,0.014054461,58371,-22,-0.00037689949,85337,353,0.004136541,105401,-17,-0.00016128879
NQ,2018-01-03,135013,1,2,25693,602,0.023430506,39873,1736,0.043538234,66731,2288,0.034286913,81752,2334,0.02854976
NQ,2018-01-04,150489,1,2,36290,-1583,-0.043620832,57759,-1539,-0.026645198,80808,-1908,-0.023611524,100161,-1458,-0.014556564
NQ,2018-01-05,115820,1,2,25079,258,0.010287492,35262,-8,-0.00022687312,54945,-238,-0.0043316043,72101,-194,-0.00269067
NQ,2018-01-08,111653,1,2,25108,707,0.028158356,38680,786,0.020320579,61462,1131,0.018401614,77554,1284,0.016556206
NQ,2018-01-09,164713,1,2,30628,-1906,-0.062230639,64482,-2371,-0.036769951,89595,-2144,-0.023929907,115994,-2601,-0.022423574
NQ,2018-01-10,186763,1,2,36381,-1344,-0.03694236,70864,-1126,-0.015889591,107167,-893,-0.008332789,131060,-1562,-0.011918205
NQ,2018-01-11,127133,1,2,23104,767,0.033197715,35879,1029,0.028679729,57983,706,0.012175983,77286,1222,0.015811402
NQ,2018-01-12,144580,1,2,25366,254,0.010013404,41056,444,0.010814497,65147,959,0.014720555,87675,1479,0.016869119
NQ,2018-01-15,9525,1,2,1709,-13,-0.0076067876,2714,-24,-0.0088430361,4773,88,0.018437042,6378,97,0.015208529
NQ,2018-01-16,312104,1,2,33072,1134,0.034288824,52976,258,0.0048701299,84658,78,0.00092135415,121431,-1114,-0.0091739342
NQ,2018-01-17,217519,1,2,39166,-1527,-0.038987898,65089,-2139,-0.032862696,103420,-2433,-0.02352543,127531,-2505,-0.019642283
NQ,2018-01-18,193672,1,2,26865,499,0.018574353,44476,864,0.019426207,84411,317,0.0037554347,107527,-102,-0.00094859896
NQ,2018-01-19,170065,1,2,28709,-1626,-0.056637291,49292,-1503,-0.030491763,84765,-1328,-0.015666844,112554,-1179,-0.010474972
NQ,2018-01-22,148130,1,2,22700,-370,-0.016299559,38649,-499,-0.012911071,69809,-68,-0.00097408644,92917,291,0.0031318273
NQ,2018-01-23,200120,1,2,28992,1325,0.045702263,58916,1714,0.029092267,96965,1992,0.020543495,121674,2249,0.018483817
NQ,2018-01-24,356998,1,2,26043,-507,-0.019467803,50255,-434,-0.0086359566,84332,748,0.0088697054,112726,668,0.0059258734
NQ,2018-01-25,269816,1,2,37316,-564,-0.01511416,69271,-1377,-0.019878448,115198,-970,-0.0084202851,151530,-862,-0.0056886425
NQ,2018-01-26,195734,1,2,29646,193,0.0065101531,49855,554,0.011112225,81361,1613,0.019825223,107709,2668,0.024770446
NQ,2018-01-29,245085,1,2,35315,894,0.025315022,55635,677,0.012168599,93760,776,0.0082764505,133827,523,0.0039080305
NQ,2018-01-30,326087,1,2,45973,-790,-0.017183999,76174,-1113,-0.014611285,136729,-877,-0.0064141477,179998,-412,-0.0022889143
NQ,2018-01-31,252974,1,2,23175,1150,0.049622438,39294,727,0.018501552,65710,262,0.0039872166,94846,411,0.0043333404
NQ,2018-02-01,290645,1,2,38059,-283,-0.0074358233,63508,-1324,-0.020847767,97680,-1678,-0.017178542,128309,-1694,-0.013202503
NQ,2018-02-02,398601,1,2,37226,-708,-0.019018965,75248,-583,-0.0077477142,137309,-1088,-0.0079237341,172284,-1303,-0.0075630935
NQ,2018-02-05,582801,1,2,42848,-1217,-0.028402726,72971,-1348,-0.018473092,143766,-106,-0.00073730924,190757,-1558,-0.0081674591
NQ,2018-02-06,402755,1,2,57496,1377,0.023949492,105802,5098,0.048184344,176084,4701,0.026697485,222487,4151,0.01865727
NQ,2018-02-07,359166,1,2,41094,-33,-0.00080303694,64358,152,0.0023617887,113240,1043,0.0092105263,145390,1179,0.0081092235
NQ,2018-02-08,399233,1,2,30066,-759,-0.025244462,55871,-894,-0.016001145,92661,-975,-0.010522226,139987,-1384,-0.0098866323
NQ,2018-02-09,475591,1,2,39604,1687,0.042596707,64506,1345,0.020850774,103120,761,0.0073797517,165319,2321,0.014039524
NQ,2018-02-12,244136,1,2,30198,-1675,-0.055467249,47156,-2381,-0.050491984,80964,-2924,-0.036114816,109752,-2026,-0.0184598
NQ,2018-02-13,247165,1,2,29042,458,0.015770264,44709,407,0.0091033125,80060,186,0.0023232576,113337,697,0.006149801
NQ,2018-02-14,286918,1,2,28459,542,0.019044942,52769,915,0.017339726,100352,2181,0.021733498,135023,2306,0.017078572
NQ,2018-02-15,292861,1,2,31293,-610,-0.019493177,54750,-570,-0.010410959,98291,-482,-0.004903806,141328,-751,-0.0053138798
NQ,2018-02-16,282814,1,2,19672,-485,-0.024654331,35935,-427,-0.011882566,72218,-260,-0.0036002105,101679,-739,-0.0072679708
NQ,2018-02-19,25220,1,2,4132,-116,-0.028073572,5665,-154,-0.027184466,12929,-215,-0.016629283,18840,-329,-0.017462845
NQ,2018-02-20,262168,1,2,28219,1548,0.054856657,50821,1522,0.02994825,82325,1310,0.015912542,112208,1453,0.012949166
NQ,2018-02-21,292564,1,2,24865,251,0.01009451,42440,-70,-0.0016493874,74902,-241,-0.0032175376,98931,-651,-0.0065803439
NQ,2018-02-22,274847,1,2,26017,-146,-0.0056117154,44919,-669,-0.014893475,86196,-573,-0.0066476403,115685,-745,-0.0064399015
NQ,2018-02-23,219148,1,2,27243,-623,-0.02286826,47397,-853,-0.01799692,76371,-1575,-0.020623011,98748,-1746,-0.017681371
NQ,2018-02-26,177602,1,2,26306,355,0.01349502,39644,302,0.0076177984,66828,20,0.00029927575,90276,608,0.0067349019
NQ,2018-02-27,339514,1,2,21736,-32,-0.001472212,41092,-13,-0.00031636328,73665,932,0.01265187,126399,-830,-0.0065665076
NQ,2018-02-28,297961,1,2,18755,-508,-0.02708611,38431,-16,-0.00041633057,64072,57,0.00088962417,96919,-1009,-0.010410755
NQ,2018-03-01,541564,1,2,41943,-192,-0.0045776411,74285,510,0.0068654506,135798,-474,-0.0034904785,197420,-1132,-0.0057339682
NQ,2018-03-02,415145,1,2,42659,-101,-0.0023676129,69879,139,0.0019891527,116822,384,0.0032870521,165664,658,0.0039718949
NQ,2018-03-05,287783,1,2,31196,-696,-0.022310553,50695,-828,-0.016332972,89260,-385,-0.0043132422,120340,-139,-0.0011550607
NQ,2018-03-06,280600,1,2,32772,412,0.012571708,56225,850,0.01511783,94790,7,7.3847452e-05,133538,-38,-0.0002845632
NQ,2018-03-07,294894,1,2,31315,299,0.0095481399,51396,437,0.0085026072,88190,943,0.010692822,118787,1312,0.01104498
NQ,2018-03-08,219807,1,2,19843,-49,-0.0024693847,36112,47,0.0013015064,65253,-342,-0.0052411383,92953,-1128,-0.012135165
NQ,2018-03-09,135919,1,2,17705,-145,-0.0081897769,30852,-1,-3.241281e-05,50808,808,0.015903007,68014,421,0.0061899021
NQ,2018-03-12,174415,1,2,18726,681,0.036366549,29389,768,0.026132226,50164,1108,0.022087553,74333,812,0.010923816
NQ,2018-03-13,331231,1,2,22930,-594,-0.025904928,36904,-1116,-0.030240624,62024,-950,-0.015316652,94512,-1364,-0.01443203
NQ,2018-03-14,299206,1,2,24727,-810,-0.032757714,40825,-1011,-0.024764238,79496,-1287,-0.016189494,102723,-1273,-0.012392551
NQ,2018-03-15,211019,1,2,20719,-372,-0.017954534,38374,-445,-0.011596393,66889,-167,-0.0024966736,91661,-551,-0.0060112807
NQ,2018-03-16,173591,1,2,21467,356,0.016583593,33958,347,0.010218505,57280,413,0.0072101955,76264,645,0.0084574635
NQ,2018-03-19,368345,1,2,33302,377,0.011320641,50270,500,0.00994629,78486,355,0.0045230997,112231,-63,-0.00056134223
NQ,2018-03-20,248254,1,2,31051,-129,-0.0041544556,52415,-599,-0.011428026,87194,-1262,-0.014473473,115382,-1531,-0.013268967
NQ,2018-03-21,312448,1,2,22784,-258,-0.011323736,40861,115,0.0028144196,72963,503,0.0068939051,99300,518,0.0052165156
NQ,2018-03-22,439903,1,2,35342,-487,-0.013779639,57561,-630,-0.010944911,103050,-189,-0.0018340611,147760,-741,-0.005014889
NQ,2018-03-23,480321,1,2,39060,-75,-0.0019201229,73363,281,0.0038302687,126206,292,0.0023136776,164659,698,0.0042390638
NQ,2018-03-26,409071,1,2,37422,1358,0.036288814,65138,694,0.010654303,107976,-170,-0.0015744239,160058,-694,-0.0043359282
NQ,2018-03-27,508774,1,2,43456,-756,-0.017396907,67732,-1168,-0.017244434,123311,-2486,-0.020160407,163547,-2282,-0.013953176
NQ,2018-03-28,635833,1,2,68736,-1087,-0.015814129,116402,490,0.0042095497,197126,-368,-0.0018668263,275528,-670,-0.0024316948
NQ,2018-03-29,430862,1,2,37493,-333,-0.0088816579,70331,-61,-0.00086732735,119346,407,0.0034102525,176438,1428,0.0080934946
NQ,2018-04-02,490649,1,2,25682,-143,-0.0055681022,55794,-1019,-0.018263613,105798,-879,-0.0083082856,154351,-675,-0.0043731495
NQ,2018-04-03,482037,1,2,37005,-435,-0.011755168,70617,-642,-0.0090912953,143508,-1567,-0.010919252,211713,-1902,-0.0089838602
NQ,2018-04-04,414677,1,2,39818,-447,-0.011226079,66139,-902,-0.013637944,118931,-702,-0.0059025822,164322,-660,-0.0040165042
NQ,2018-04-05,324627,1,2,32871,-525,-0.015971525,59861,-1415,-0.023638095,96365,-2020,-0.020961968,128962,-2142,-0.016609544
NQ,2018-04-06,399992,1,2,39146,-266,-0.0067950748,64331,-390,-0.006062396,96657,-603,-0.0062385549,139797,-71,-0.00050787928
NQ,2018-04-09,320814,1,2,27681,702,0.025360355,54107,1362,0.025172344,90018,725,0.0080539448,118468,536,0.0045244285
NQ,2018-04-10,352679,1,2,32125,-454,-0.014132296,59168,-205,-0.0034647107,96803,-71,-0.00073344834,126926,352,0.0027732695
NQ,2018-04-11,297329,1,2,37144,590,0.015884127,58781,666,0.011330192,100362,593,0.0059086108,129066,36,0.00027892706
NQ,2018-04-12,242106,1,2,26060,351,0.013468918,48242,198,0.0041043074,81685,354,0.004333721,109921,-222,-0.0020196323
NQ,2018-04-13,313371,1,2,27295,-405,-0.014837882,46345,-997,-0.021512569,100738,-2330,-0.023129306,137216,-2539,-0.018503673
NQ,2018-04-16,205496,1,2,25426,-312,-0.012270904,43239,-423,-0.0097828349,72048,-586,-0.0081334666,93025,-1254,-0.013480247
NQ,2018-04-17,206295,1,2,25311,497,0.019635732,42056,636,0.015122694,68024,1125,0.016538281,88797,2142,0.024122437
NQ,2018-04-18,204850,1,1,31259,-155,-0.0049585719,51177,-533,-0.010414835,87844,-822,-0.0093574974,117330,472,0.0040228416
NQ,2018-04-19,266615,1,1,29416,-964,-0.032771281,48391,-511,-0.010559815,80317,-1019,-0.012687227,108466,-1936,-0.017848911
NQ,2018-04-20,288557,1,1,25199,-1149,-0.045597048,45955,-147,-0.0031987814,74557,-361,-0.004841933,108522,-2058,-0.018963897
NQ,2018-04-23,260420,1,1,27136,-1138,-0.04193691,47615,-725,-0.015226294,75884,558,0.0073533288,108714,1412,0.012988208
NQ,2018-04-24,454562,1,1,27384,-116,-0.0042360502,53912,-1506,-0.027934412,100376,-2852,-0.028413166,148136,-4838,-0.032659178
NQ,2018-04-25,365060,1,1,40946,-2618,-0.063937869,72971,-2335,-0.031999013,135030,-2038,-0.015092942,181321,-167,-0.00092101853
NQ,2018-04-26,264407,1,2,36460,144,0.0039495337,62245,320,0.0051409752,106775,250,0.002341372,136267,293,0.0021501904
NQ,2018-04-27,331016,1,2,53156,-1714,-0.032244714,92437,-2065,-0.022339539,150848,-579,-0.0038383008,205551,-786,-0.0038238685
NQ,2018-04-30,276980,1,2,25008,-960,-0.038387716,41090,-1144,-0.027841324,71962,-1125,-0.015633251,97035,-1343,-0.013840367
NQ,2018-05-01,249842,1,2,30155,88,0.0029182557,46574,553,0.011873578,84779,-1213,-0.014307788,117024,-1994,-0.01703924
NQ,2018-05-02,264533,1,2,33789,152,0.0044985054,53972,-161,-0.0029830282,86127,246,0.0028562472,107688,469,0.0043551742
NQ,2018-05-03,375371,1,2,30376,-119,-0.0039175665,54195,-538,-0.009927115,103883,-1062,-0.010223039,159640,-669,-0.004190679
NQ,2018-05-04,263314,1,2,29215,998,0.034160534,47661,979,0.020540903,91155,885,0.0097087379,138209,580,0.0041965429
NQ,2018-05-07,217285,1,2,29103,-216,-0.0074219153,43144,-362,-0.0083905062,67739,-596,-0.0087984765,92343,-367,-0.0039743132
NQ,2018-05-08,267565,1,2,25429,-362,-0.014235715,46912,-511,-0.010892735,73887,-698,-0.009446858,95578,-668,-0.0069890561
NQ,2018-05-09,216055,1,2,23320,-179,-0.0076758148,48047,-739,-0.015380773,69076,-590,-0.0085413168,96599,-913,-0.0094514436
NQ,2018-05-10,197168,1,2,26136,-318,-0.012167126,41792,-42,-0.001004977,68584,276,0.0040242622,85027,242,0.0028461548
NQ,2018-05-11,181957,1,2,18845,-298,-0.015813213,35750,70,0.001958042,60854,354,0.0058172018,79951,960,0.012007355
NQ,2018-05-14,174948,1,2,23290,824,0.035379991,36481,802,0.021984046,57298,1040,0.018150721,72881,667,0.0091519052
NQ,2018-05-15,286793,1,2,45461,-428,-0.0094146631,73892,-2191,-0.029651383,109940,-2553,-0.023221757,145329,-3419,-0.023525931
NQ,2018-05-16,181255,1,2,22666,-132,-0.0058237007,40807,601,0.014727865,66346,83,0.0012510174,85436,521,0.0060981319
NQ,2018-05-17,216170,1,2,22895,-160,-0.0069884254,36987,-126,-0.0034066023,66485,291,0.0043769271,92358,625,0.0067671452
NQ,2018-05-18,204212,1,2,23269,54,0.0023206842,40442,-248,-0.0061322388,72680,-254,-0.0034947716,107352,-208,-0.0019375512
NQ,2018-05-21,196290,1,2,27465,591,0.021518296,43228,403,0.0093226612,66168,-204,-0.0030830613,82899,-61,-0.00073583517
NQ,2018-05-22,180646,1,2,23099,-927,-0.040131607,38218,-1311,-0.034303208,74731,-1914,-0.025611861,100609,-1710,-0.016996491
NQ,2018-05-23,245530,1,2,35667,226,0.0063363894,57086,183,0.0032056897,90191,1075,0.011919149,118347,-562,-0.0047487473
NQ,2018-05-24,251641,1,2,26091,270,0.010348396,60372,502,0.008315113,103174,294,0.0028495551,142835,59,0.00041306402
NQ,2018-05-25,189225,1,2,28290,66,0.0023329799,53282,3,5.6304193e-05,92027,-854,-0.0092798853,116852,-967,-0.0082754253
NQ,2018-05-28,15163,1,2,1675,-81,-0.048358209,3296,-26,-0.0078883495,5683,50,0.00879817,8750,257,0.029371429
NQ,2018-05-29,300746,1,2,32294,119,0.003684895,52651,311,0.0059068204,82265,486,0.0059077372,110648,239,0.0021600029
NQ,2018-05-30,185213,1,2,23476,246,0.010478787,42690,15,0.00035137034,67461,319,0.004728658,89491,1352,0.015107664
NQ,2018-05-31,258769,1,2,29945,-29,-0.00096844214,46573,306,0.0065703304,72974,727,0.0099624524,106869,1586,0.014840599
NQ,2018-06-01,202699,1,2,26233,314,0.011969657,39362,755,0.019180936,90526,709,0.0078320041,122500,1317,0.01075102
NQ,2018-06-04,154832,1,2,23149,629,0.0271718,36828,1013,0.027506245,62652,712,0.011364362,80509,701,0.0087071011
NQ,2018-06-05,163787,1,2,18876,2,0.00010595465,28399,262,0.009225677,52499,774,0.014743138,74814,106,0.0014168471
NQ,2018-06-06,195417,1,2,19660,334,0.01698881,38103,-689,-0.018082566,69587,-663,-0.0095276417,97339,-130,-0.0013355387
NQ,2018-06-07,275070,1,2,22741,-368,-0.016182226,39111,-592,-0.015136407,77834,-2020,-0.025952668,121904,-2007,-0.016463775
NQ,2018-06-08,126519,1,2,16944,-160,-0.0094428706,29663,-303,-0.010214746,47122,-584,-0.012393362,62927,-504,-0.0080092806
NQ,2018-06-11,133461,1,2,17827,439,0.024625568,27795,305,0.010973197,50042,365,0.0072938731,69433,145,0.0020883442
NQ,2018-06-12,148657,1,2,18350,592,0.03226158,30426,582,0.019128377,47066,780,0.016572473,63513,1294,0.020373782
NQ,2018-06-13,220898,1,2,18235,248,0.013600219,30426,-83,-0.0027279301,51081,-411,-0.0080460445,72253,-837,-0.011584294
NQ,2018-06-14,201477,1,2,31595,-117,-0.0037031176,47888,-639,-0.013343635,79337,-297,-0.0037435245,107278,-809,-0.0075411548
NQ,2018-06-15,214711,1,2,45286,43,0.00094952082,65841,147,0.0022326514,91532,248,0.002709435,123761,508,0.0041046856
NQ,2018-06-18,184247,1,2,32642,-252,-0.0077201152,50773,-122,-0.0024028519,79944,69,0.00086310417,107958,660,0.0061134886
NQ,2018-06-19,272725,1,2,37147,984,0.026489353,67732,1445,0.021334081,116582,1290,0.011065173,160071,1209,0.0075528984
NQ,2018-06-20,204898,1,2,31643,765,0.024175963,49186,622,0.012645875,81248,-82,-0.0010092556,107119,15,0.00014003118
NQ,2018-06-21,284604,1,2,24298,-191,-0.0078607293,40881,-429,-0.010493872,107662,-437,-0.0040589995,148473,-591,-0.0039805217
NQ,2018-06-22,218176,1,2,32843,-1486,-0.045245562,59312,-1788,-0.03014567,96368,-2179,-0.02261124,135167,-1736,-0.012843372
NQ,2018-06-25,420304,1,2,38757,-1220,-0.031478185,67903,-998,-0.014697436,128846,-1913,-0.014847182,172760,-2021,-0.01169831
NQ,2018-06-26,267487,1,2,43396,204,0.0047008941,68895,127,0.0018433849,107994,-94,-0.00087041873,142607,-114,-0.00079939975
NQ,2018-06-27,345987,1,2,28468,-381,-0.013383448,49579,949,0.019141169,83375,582,0.0069805097,109180,425,0.0038926543
NQ,2018-06-28,309972,1,2,36755,323,0.00878792,71756,310,0.0043201962,115670,703,0.0060776347,156175,1922,0.012306707
NQ,2018-06-29,233415,1,2,25394,692,0.027250532,39059,777,0.019892982,69111,559,0.0080884374,96092,837,0.0087104025
NQ,2018-07-02,239688,1,2,31594,637,0.020162056,55055,1154,0.020960857,90885,2009,0.022104858,125234,1771,0.014141527
NQ,2018-07-03,183271,1,1,34526,-1664,-0.048195563,60773,-1659,-0.027298307,91638,-2140,-0.023352758,116693,-2619,-0.022443506
NQ,2018-07-04,11394,1,1,1805,-71,-0.03933518,3462,-62,-0.017908723,5295,-1,-0.00018885741,7924,-212,-0.026754165
NQ,2018-07-05,223751,1,1,26633,-345,-0.012953854,42309,-1165,-0.027535513,70763,-1539,-0.021748654,96100,-2172,-0.022601457
NQ,2018-07-06,186427,1,1,24800,332,0.013387097,41286,826,0.020006782,66896,1382,0.020658933,88120,2856,0.03241035
NQ,2018-07-09,167447,1,1,21782,916,0.042053071,39697,-903,-0.022747311,73586,-2226,-0.030250319,100132,-1654,-0.016518196
NQ,2018-07-10,175320,1,1,29129,-591,-0.020289059,47328,-1270,-0.026834009,75071,-507,-0.0067536066,97752,-306,-0.0031303707
NQ,2018-07-11,217620,1,1,33486,-2,-5.9726453e-05,53861,-1089,-0.020218711,84461,41,0.00048543115,104516,-848,-0.0081135903
NQ,2018-07-12,185149,1,1,23055,519,0.022511386,39652,1138,0.028699687,66290,1712,0.025825916,85709,553,0.0064520645
NQ,2018-07-13,175002,1,1,26287,-483,-0.018374101,47043,-1159,-0.024637034,76563,679,0.0088685135,99070,860,0.0086807308
NQ,2018-07-16,151711,1,1,16397,395,0.024089773,34518,-58,-0.0016802828,55664,28,0.00050301811,72846,-888,-0.0121901
NQ,2018-07-17,215165,1,1,33549,1567,0.046707801,49627,1975,0.039796885,81793,2969,0.03629895,107611,5365,0.049855498
NQ,2018-07-18,172484,1,1,28964,-46,-0.0015881784,48363,-383,-0.0079192771,80102,-216,-0.0026965619,101475,103,0.0010150283
NQ,2018-07-19,217054,1,2,25080,-247,-0.0098484848,50530,-623,-0.012329309,77456,-469,-0.0060550506,99885,-395,-0.0039545477
NQ,2018-07-20,169614,1,2,29519,-245,-0.0082997392,47262,15,0.00031737971,69012,-115,-0.0016663769,90129,237,0.0026295643
NQ,2018-07-23,175032,1,2,33034,-101,-0.003057456,58970,-234,-0.0039681194,88035,-45,-0.00051116033,110639,653,0.0059020779
NQ,2018-07-24,272924,1,2,30931,-41,-0.001325531,49199,-373,-0.0075814549,80172,270,0.0033677593,105590,-586,-0.005549768
NQ,2018-07-25,228976,1,2,26983,775,0.028721788,41132,956,0.023242244,72261,1233,0.017063146,99261,1071,0.010789736
NQ,2018-07-26,222424,1,2,38624,-241,-0.0062396437,63801,-88,-0.0013792887,99486,-555,-0.0055786744,123897,-267,-0.0021550159
NQ,2018-07-27,376121,1,2,31309,-541,-0.017279377,53032,-1151,-0.021703877,91433,-1452,-0.015880481,131486,-1564,-0.011894802
NQ,2018-07-30,360567,1,2,47930,-1400,-0.029209264,91490,-646,-0.007060881,141604,-236,-0.0016666196,179590,254,0.0014143326
NQ,2018-07-31,286240,1,2,39189,545,0.013906964,68081,-16,-0.00023501417,126372,-881,-0.006971481,156776,-404,-0.002576925
NQ,2018-08-01,255032,1,2,41026,402,0.0097986643,60401,574,0.0095031539,95304,476,0.0049945438,121020,169,0.0013964634
NQ,2018-08-02,292378,1,2,38354,585,0.015252646,59282,548,0.0092439526,101988,910,0.0089226183,139503,671,0.0048099324
NQ,2018-08-03,197203,1,2,31086,-269,-0.0086534131,53956,-250,-0.004633405,90074,139,0.0015431756,118621,-622,-0.0052435909
NQ,2018-08-06,172296,1,2,22772,206,0.0090461971,38848,194,0.0049938221,64670,346,0.0053502397,82892,254,0.0030642282
NQ,2018-08-07,189969,1,2,28457,-279,-0.0098042661,50058,-258,-0.0051540213,72625,-84,-0.0011566265,100039,-555,-0.0055478363
NQ,2018-08-08,169870,1,2,30566,-331,-0.010829026,47506,-186,-0.0039152949,71938,114,0.0015846979,99272,1681,0.016933274
NQ,2018-08-09,162953,1,2,22815,103,0.0045145737,36875,347,0.0094101695,60570,1088,0.017962688,77765,1576,0.020266187
NQ,2018-08-10,253272,1,2,32029,468,0.014611758,55480,40,0.00072098053,93898,142,0.0015122793,126441,-476,-0.0037646017
NQ,2018-08-13,255193,1,2,24135,384,0.015910503,42837,530,0.012372482,74099,431,0.0058165427,92004,469,0.0050976045
NQ,2018-08-14,212342,1,2,29067,362,0.012453986,53633,253,0.004717245,89453,932,0.010418879,118934,1496,0.012578405
NQ,2018-08-15,377571,1,2,32333,-745,-0.023041475,67421,-1478,-0.021921953,142478,-2443,-0.017146507,188358,-2743,-0.014562694
NQ,2018-08-16,220734,1,2,31947,-409,-0.012802454,53621,-675,-0.012588352,79057,6,7.5894608e-05,98906,-172,-0.0017390249
NQ,2018-08-17,252235,1,2,34438,-252,-0.0073174981,55985,-326,-0.0058229883,99632,555,0.0055704994,127184,483,0.0037976475
NQ,2018-08-20,199707,1,2,27507,-194,-0.0070527502,52453,-722,-0.013764704,83689,-818,-0.0097742834,117245,-754,-0.0064309779
NQ,2018-08-21,214636,1,2,25915,90,0.0034728921,45979,278,0.0060462385,76335,437,0.0057247658,95915,295,0.0030756399
NQ,2018-08-22,198636,1,2,25126,640,0.025471623,45776,257,0.0056142957,80710,-99,-0.0012266138,108628,1087,0.010006628
NQ,2018-08-23,251554,1,2,29754,1033,0.034718021,52184,1348,0.025831673,85139,2273,0.026697518,109176,1807,0.016551257
NQ,2018-08-24,188935,1,2,25527,455,0.017824265,38199,624,0.016335506,72543,1730,0.023847925,107090,2319,0.021654683
NQ,2018-08-27,190000,1,2,30156,-115,-0.0038135031,48175,127,0.0026362221,80187,749,0.0093406662,105680,1024,0.0096896291
NQ,2018-08-28,175135,1,2,28717,299,0.010411951,47807,1040,0.021754136,73451,961,0.013083552,94909,853,0.0089875565
NQ,2018-08-29,203472,1,2,35574,1415,0.039776241,55646,1383,0.024853538,83108,2167,0.026074505,114267,2582,0.0225962
NQ,2018-08-30,273618,1,2,28965,-13,-0.00044881754,47337,162,0.0034222701,74168,1442,0.019442347,102842,3036,0.029521013
NQ,2018-08-31,228734,1,2,22396,901,0.040230398,40532,669,0.016505477,70450,1187,0.016848829,90152,817,0.0090624723
NQ,2018-09-03,10248,1,2,1094,41,0.037477148,1954,50,0.025588536,3257,99,0.03039607,5110,191,0.037377691
NQ,2018-09-04,284296,1,2,43437,-706,-0.016253424,69333,579,0.0083510017,112847,1052,0.0093223568,152265,1278,0.0083932617
NQ,2018-09-05,367167,1,2,31405,-622,-0.019805763,63053,-1579,-0.025042425,144990,-2168,-0.014952755,203753,-2584,-0.012682022
NQ,2018-09-06,459801,1,2,51467,-1123,-0.021819807,82208,-577,-0.0070187816,154628,-379,-0.0024510438,229871,-1899,-0.0082611552
NQ,2018-09-07,401678,1,2,46827,1425,0.030431162,94245,855,0.0090720993,141744,934,0.0065893442,180304,1257,0.0069715591
NQ,2018-09-10,286146,1,2,46105,-897,-0.01945559,81134,-843,-0.010390219,136518,-1861,-0.013631902,170416,-2070,-0.012146747
NQ,2018-09-11,299837,1,2,52381,-33,-0.00062999943,86515,816,0.0094318904,134918,1986,0.014720052,165715,1714,0.010343059
NQ,2018-09-12,407578,1,2,50412,-162,-0.0032135206,84289,-666,-0.0079013869,139799,-1202,-0.0085980586,197809,-1407,-0.0071129221
NQ,2018-09-13,274996,1,2,47553,-215,-0.004521271,73798,-845,-0.011450175,131693,-1908,-0.014488242,175091,-2735,-0.015620449
NQ,2018-09-14,197150,1,2,27402,-215,-0.0078461426,43899,-571,-0.01300713,70844,-515,-0.0072694935,90388,-676,-0.0074788689
NQ,2018-09-17,273494,1,2,36980,-714,-0.019307734,55785,-860,-0.015416331,108827,-1167,-0.010723442,142827,-1855,-0.01298774
NQ,2018-09-18,253343,1,2,42845,-678,-0.015824484,67713,-333,-0.0049178149,108722,-248,-0.0022810471,138582,-102,-0.00073602632
NQ,2018-09-19,259863,1,2,46999,112,0.0023830294,75622,-33,-0.00043638095,124615,697,0.0055932271,152781,-157,-0.0010276147
NQ,2018-09-20,245847,1,2,48457,-672,-0.013867965,73393,-901,-0.012276375,117615,-692,-0.0058836033,143016,-894,-0.0062510488
NQ,2018-09-21,238166,1,2,36974,792,0.021420458,57519,805,0.013995375,92997,103,0.0011075626,121888,-407,-0.003339131
NQ,2018-09-24,266942,1,2,49493,-788,-0.015921443,78433,-302,-0.0038504201,119012,-1206,-0.010133432,169756,-1657,-0.0097610688
NQ,2018-09-25,219186,1,2,40817,-1012,-0.024793591,59026,-1087,-0.018415613,90859,-1379,-0.015177363,115307,-1805,-0.015653863
NQ,2018-09-26,266433,1,2,33517,-23,-0.00068621893,46114,118,0.0025588758,73188,-290,-0.0039623982,100493,314,0.0031245957
NQ,2018-09-27,225199,1,2,38645,1602,0.041454263,58448,2117,0.03622023,99093,2741,0.027660884,127362,3760,0.029522149
NQ,2018-09-28,229156,1,2,28170,671,0.023819666,52354,773,0.01476487,87423,765,0.0087505576,115836,1591,0.013734936
NQ,2018-10-01,220893,1,2,33049,299,0.0090471724,48835,140,0.0028667964,76370,-242,-0.0031687836,99314,-311,-0.003131482
NQ,2018-10-02,256439,1,2,41150,483,0.011737546,70276,1279,0.01819967,105019,1780,0.016949314,141558,1805,0.012750957
NQ,2018-10-03,264234,1,2,37240,-30,-0.00080558539,55886,-191,-0.0034176717,89386,-97,-0.0010851811,120851,-537,-0.0044434883
NQ,2018-10-04,465358,1,2,50582,-216,-0.0042702938,79437,-88,-0.0011077961,151899,562,0.0036998269,199930,-694,-0.0034712149
NQ,2018-10-05,482262,1,2,44185,216,0.0048885368,80829,136,0.0016825644,134471,-110,-0.00081802024,175958,85,0.00048306982
NQ,2018-10-08,429450,1,2,47362,-445,-0.0093957181,70232,-11,-0.00015662376,107111,655,0.0061151516,139749,294,0.0021037718
NQ,2018-10-09,401298,1,2,54435,-1072,-0.019693212,91047,-1010,-0.011093172,147061,-1156,-0.0078606837,194419,-1362,-0.0070054881
NQ,2018-10-10,660027,1,2,62882,-1232,-0.019592252,119370,-2109,-0.017667756,207657,440,0.0021188787,262871,490,0.0018640322
NQ,2018-10-11,705686,1,2,64230,996,0.015506773,128160,3415,0.02664638,210312,2882,0.01370345,279577,2091,0.007479156
NQ,2018-10-12,476642,1,2,50264,-205,-0.0040784657,80034,887,0.01108279,134863,882,0.0065399702,177737,1163,0.0065433759
NQ,2018-10-15,416606,1,2,40078,-331,-0.0082588952,72785,-878,-0.012062925,132419,-2754,-0.02079762,169799,-3282,-0.019328736
NQ,2018-10-16,380603,1,1,43073,1145,0.026582778,76394,1538,0.020132471,128927,-595,-0.0046150147,177604,1570,0.008839891
NQ,2018-10-17,467582,1,1,52360,-1916,-0.036592819,87678,-2506,-0.028581856,157292,-3036,-0.019301681,219152,-4522,-0.02063408
NQ,2018-10-18,505822,1,1,45749,491,0.010732475,76722,-568,-0.0074033524,139238,192,0.0013789339,178177,1107,0.0062129231
NQ,2018-10-19,434543,1,1,47797,1043,0.021821453,78651,-1025,-0.013032256,136411,-979,-0.0071768406,176908,-1594,-0.0090103331
NQ,2018-10-22,419965,1,1,41229,-1263,-0.030633777,78038,-2144,-0.027473795,144324,-3394,-0.023516532,208653,555,0.0026599186
NQ,2018-10-23,531914,1,1,65248,-234,-0.0035863168,99629,-639,-0.0064137952,186324,-590,-0.0031665271,233270,576,0.0024692417
NQ,2018-10-24,577330,1,1,39153,-299,-0.0076367073,66179,-619,-0.0093534203,120023,-1839,-0.015322063,158423,-2755,-0.017390152
NQ,2018-10-25,471239,1,1,51851,1749,0.033731268,91018,2924,0.032125514,156003,2349,0.015057403,206961,2591,0.012519267
NQ,2018-10-26,686395,1,1,65988,3576,0.054191671,109929,2457,0.02235079,195568,3078,0.015738771,265454,42,0.0001582195
NQ,2018-10-29,604813,1,1,42514,542,0.012748742,73029,87,0.0011913076,117818,-178,-0.0015108048,155992,-1302,-0.0083465819
NQ,2018-10-30,528316,1,1,57019,363,0.006366299,101206,3834,0.037883129,162382,5024,0.03093939,222285,4445,0.019996851
NQ,2018-10-31,487143,1,1,47364,4072,0.085972469,82842,3512,0.042393955,134348,3682,0.027406437,180835,2875,0.015898471
NQ,2018-11-01,352747,1,1,34099,-909,-0.026657673,78736,-2018,-0.025629953,139230,-1372,-0.0098541981,185700,-706,-0.0038018309
NQ,2018-11-02,479668,1,1,45193,-567,-0.012546191,72666,-3184,-0.043816916,135656,-7722,-0.056923394,193120,-7858,-0.040689727
NQ,2018-11-05,356392,1,1,49994,-2296,-0.045925511,72240,-1534,-0.021234773,124484,-2616,-0.021014749,172668,-858,-0.0049690736
NQ,2018-11-06,344138,1,1,48387,3471,0.071734143,77787,4169,0.053595074,122845,2843,0.023142985,165532,2676,0.016166059
NQ,2018-11-07,349960,1,1,43544,982,0.022551902,69396,186,0.0026802698,120594,668,0.0055392474,173309,2299,0.013265324
NQ,2018-11-08,306782,1,1,37456,-906,-0.024188381,65216,1100,0.016867026,103813,201,0.0019361737,132249,435,0.0032892498
NQ,2018-11-09,406777,1,1,41022,-522,-0.012724879,64078,-58,-0.00090514685,117562,-1494,-0.012708188,153633,-1435,-0.0093404412
NQ,2018-11-12,497811,1,1,51237,-1267,-0.024728224,77776,-1392,-0.017897552,133749,-2013,-0.01505058,184793,-4283,-0.023177285
NQ,2018-11-13,467305,1,1,48855,-155,-0.0031726538,80294,-606,-0.0075472638,146145,-1025,-0.0070135824,201508,1632,0.008098934
NQ,2018-11-14,481866,1,1,40695,1077,0.026465168,79767,-755,-0.009465067,132533,-1575,-0.011883833,177929,-2175,-0.012223977
NQ,2018-11-15,508430,1,1,49635,941,0.018958396,82644,-16,-0.00019360147,140649,333,0.0023675959,201949,1683,0.0083337872
NQ,2018-11-16,446985,1,1,39133,365,0.0093271663,75981,2099,0.027625327,137545,1445,0.010505653,183947,1031,0.0056048753
NQ,2018-11-19,508132,1,1,34714,-360,-0.010370456,67259,-1289,-0.019164721,127820,-2994,-0.023423564,183477,-1491,-0.0081263592
NQ,2018-11-20,587007,1,1,66865,439,0.0065654677,119770,-648,-0.0054103699,210867,631,0.0029924075,288748,4518,0.015646862
NQ,2018-11-21,338966,1,1,53673,-219,-0.0040802638,94620,-776,-0.008201226,164637,-3521,-0.021386444,201546,-3718,-0.018447402
NQ,2018-11-22,26671,1,1,2050,-28,-0.013658537,3046,0,0,9412,-1220,-0.12962176,15034,-1416,-0.094186511
NQ,2018-11-23,158699,1,1,35459,329,0.0092783214,60082,-232,-0.0038613894,87113,-1319,-0.015141253,108314,-1066,-0.0098417564
NQ,2018-11-26,303327,1,1,36550,-196,-0.0053625171,62081,645,0.010389652,100941,721,0.0071427864,141705,2353,0.016604919
NQ,2018-11-27,363073,1,1,40612,-656,-0.016152861,70064,68,0.00097054122,142981,-1151,-0.0080500206,180025,-575,-0.0031940008
NQ,2018-11-28,420790,1,1,41187,583,0.014154952,68632,1278,0.018621051,109770,-624,-0.0056846133,143317,-583,-0.0040679054
NQ,2018-11-29,345410,1,1,39984,830,0.020758303,63545,911,0.014336297,114268,1304,0.011411769,170042,1542,0.0090683478
NQ,2018-11-30,293351,1,1,25492,-100,-0.0039227993,48397,545,0.011261029,75499,1403,0.018583028,110334,1222,0.011075462
NQ,2018-12-03,358642,1,1,43998,-540,-0.012273285,72109,-1449,-0.020094579,126178,236,0.0018703736,170811,-1185,-0.0069374923
NQ,2018-12-04,580200,1,1,38157,105,0.0027517887,72429,-703,-0.009706057,120973,605,0.005001116,153427,-305,-0.0019879161
NQ,2018-12-06,644194,1,1,62477,185,0.0029610897,108245,-769,-0.0071042542,179596,628,0.0034967371,239897,-715,-0.0029804458
NQ,2018-12-07,600040,1,1,46528,1556,0.033442228,68854,1114,0.016179162,130310,-1136,-0.0087176732,186944,-642,-0.0034341835
NQ,2018-12-10,548597,1,1,39189,1989,0.050754038,83270,92,0.0011048397,147867,111,0.00075067459,205750,-1884,-0.0091567436
NQ,2018-12-11,474582,1,1,48308,1086,0.022480749,80979,-963,-0.011891972,146429,-2615,-0.017858484,194167,-4123,-0.021234298
NQ,2018-12-12,399934,1,1,36390,-578,-0.015883484,66154,-1274,-0.019258095,123245,943,0.007651426,166233,2167,0.013035919
NQ,2018-12-13,407295,1,1,36461,161,0.004415677,63467,-285,-0.0044905226,111449,75,0.00067295355,160214,-808,-0.0050432546
NQ,2018-12-14,296182,1,1,24065,-3,-0.00012466237,42636,268,0.0062857679,78325,-399,-0.005094159,116027,-863,-0.0074379239
NQ,2018-12-17,417329,1,1,35135,-1773,-0.050462502,62167,-1557,-0.025045442,105330,-356,-0.0033798538,140168,146,0.0010416072
NQ,2018-12-18,393469,1,1,39924,-120,-0.0030057109,61572,-302,-0.0049048269,102203,-1123,-0.010987936,144926,-1252,-0.0086388916
NQ,2018-12-19,490196,1,1,26206,556,0.021216515,53361,1979,0.037087011,87133,2441,0.028014644,119245,1643,0.013778355
NQ,2018-12-20,699195,1,1,55326,-1358,-0.024545422,98295,-1713,-0.017427133,156378,-2256,-0.014426582,210059,-1987,-0.0094592472
NQ,2018-12-21,576896,1,1,45597,185,0.0040572845,75787,45,0.00059376938,157268,1850,0.011763359,200660,544,0.0027110535
NQ,2018-12-24,269271,1,1,32212,-974,-0.030237179,67689,-941,-0.013901816,119534,-250,-0.0020914552,171383,-1105,-0.0064475473
NQ,2018-12-26,373752,1,1,39524,610,0.015433661,57023,-255,-0.0044718798,99245,-255,-0.002569399,133215,-1043,-0.0078294486
NQ,2018-12-27,458844,1,1,50924,1050,0.020618962,83783,471,0.0056216655,141975,-383,-0.002697658,190762,198,0.0010379426
NQ,2018-12-28,416010,1,1,39117,1061,0.027123757,71645,-341,-0.0047595785,117652,-1880,-0.015979329,161281,-1411,-0.0087487057
NQ,2018-12-31,239446,1,1,19805,1041,0.052562484,35606,226,0.0063472448,65137,801,0.012297158,93736,1538,0.016407784
NQ,2019-01-02,410136,1,1,45764,88,0.0019229088,77479,565,0.0072922986,136184,-524,-0.0038477354,179554,-142,-0.00079084844
NQ,2019-01-03,479448,1,1,46389,773,0.016663433,78184,-1020,-0.013046148,148142,-2040,-0.013770571,201461,-1601,-0.0079469475
NQ,2019-01-04,440656,1,1,43528,2100,0.048244808,71705,3041,0.042409874,137973,3199,0.023185696,191340,3178,0.016609177
NQ,2019-01-07,320332,1,1,36172,1374,0.037985182,56439,1827,0.032371233,93888,2632,0.028033401,137235,4723,0.034415419
NQ,2019-01-08,364757,1,1,43319,1707,0.039405342,76109,-1047,-0.013756586,127090,-1156,-0.0090959163,175088,-2514,-0.014358494
NQ,2019-01-09,335360,1,1,42729,1959,0.045847083,73896,3512,0.047526253,120137,2895,0.024097489,160049,1231,0.0076913945
NQ,2019-01-10,325372,1,1,30397,-1161,-0.038194559,53218,-1074,-0.020181142,101141,1415,0.01399037,136508,1814,0.013288598
NQ,2019-01-11,236570,1,1,27743,-1039,-0.037450889,44527,-769,-0.01727042,78827,-2025,-0.025689167,108066,-1510,-0.013972942
NQ,2019-01-14,230242,1,1,33638,-594,-0.0176586,54953,-417,-0.0075883027,89610,150,0.0016739203,121533,-117,-0.00096270149
NQ,2019-01-15,313221,1,1,44891,4381,0.097591945,72846,6410,0.08799385,138724,6462,0.046581702,173455,6029,0.034758295
NQ,2019-01-16,284060,1,1,33963,1701,0.050083915,59586,2706,0.045413352,94271,1693,0.017958863,127888,212,0.0016577005
NQ,2019-01-17,295519,1,1,31694,442,0.013945857,53967,1445,0.026775622,88512,1140,0.01287961,119200,-90,-0.00075503356
NQ,2019-01-18,327061,1,1,44324,256,0.005775652,67737,413,0.0060971109,122932,-26,-0.00021149904,159490,1298,0.0081384413
NQ,2019-01-21,23928,1,1,7351,-621,-0.084478302,10367,-467,-0.045046783,14899,145,0.0097321968,18183,59,0.0032447891
NQ,2019-01-22,380315,1,1,35632,182,0.0051077683,61212,1006,0.016434686,106548,-486,-0.0045613245,137530,-1128,-0.0082018469
NQ,2019-01-23,345745,1,1,30255,923,0.030507354,52098,382,0.0073323352,88414,-834,-0.0094328952,124435,-1441,-0.011580343
NQ,2019-01-24,280070,1,1,33033,191,0.0057820967,59926,1292,0.021559924,106296,4146,0.03900429,140558,2810,0.019991747
NQ,2019-01-25,282361,1,1,31921,-545,-0.0170734,55372,470,0.0084880445,91632,806,0.0087960538,123264,414,0.0033586449
NQ,2019-01-28,319351,1,1,41407,-373,-0.0090081387,76319,1381,0.018095101,127562,3484,0.027312209,164711,3395,0.02061186
NQ,2019-01-29,279197,1,1,30044,-1036,-0.034482759,49264,-300,-0.0060896395,92656,1834,0.019793645,142011,-1163,-0.0081895064
NQ,2019-01-30,346268,1,1,41073,469,0.011418694,64958,-1272,-0.019581884,101309,-1203,-0.011874562,124860,-1594,-0.012766298
NQ,2019-01-31,337203,1,1,33327,707,0.021214031,59012,1340,0.022707246,103958,3616,0.034783278,140432,4236,0.030164065
NQ,2019-02-01,301523,1,1,38280,1574,0.041118077,69161,-69,-0.0009976721,119938,1898,0.015824843,154153,1073,0.006960617
NQ,2019-02-04,223897,1,1,31684,742,0.02341876,54914,1582,0.028808683,97888,434,0.0044336384,124432,1018,0.0081811753
NQ,2019-02-05,250901,1,1,41058,3232,0.078717911,58870,2542,0.043179888,96492,2016,0.020892924,123222,2728,0.022138904
NQ,2019-02-06,260368,1,1,37012,-772,-0.0208581,59329,-1197,-0.020175631,111596,-3958,-0.035467221,144395,-3107,-0.021517366
NQ,2019-02-07,426768,1,1,43909,-1825,-0.041563233,72019,-535,-0.0074285952,119977,-447,-0.0037257141,168827,-999,-0.0059173
NQ,2019-02-08,315979,1,2,34228,-163,-0.004762183,62561,516,0.00824795,112781,-198,-0.0017556149,152073,126,0.00082854945
NQ,2019-02-11,252807,1,2,38046,368,0.0096725017,62362,310,0.0049709759,99825,142,0.0014224894,126058,-103,-0.0008170842
NQ,2019-02-12,215319,1,2,33765,-41,-0.0012142751,52283,-328,-0.0062735497,84296,-542,-0.0064297238,115513,208,0.0018006631
NQ,2019-02-13,228410,1,2,35011,-175,-0.0049984291,54622,-212,-0.00388122,92691,-384,-0.004142797,119039,-255,-0.0021421551
NQ,2019-02-14,321712,1,2,43623,645,0.014785778,74868,551,0.0073596196,117139,100,0.00085368665,172815,-503,-0.002910627
NQ,2019-02-15,256010,1,2,39901,-907,-0.02273126,68505,-615,-0.0089774469,114442,-659,-0.0057583754,148190,-1243,-0.0083878804
NQ,2019-02-18,16808,1,2,2179,-8,-0.0036714089,4175,32,0.0076646707,7193,10,0.0013902405,10320,-29,-0.0028100775
NQ,2019-02-19,194793,1,2,29830,447,0.014984915,47405,496,0.010463031,71758,735,0.01024276,91917,1107,0.012043474
NQ,2019-02-20,288403,1,2,27248,928,0.034057546,44105,865,0.019612289,70752,1069,0.015109114,92952,735,0.007907307
NQ,2019-02-21,279004,1,2,32898,-37,-0.0011246884,62094,-561,-0.0090346893,109731,-1257,-0.011455286,137845,-920,-0.006674163
NQ,2019-02-22,230729,1,2,31346,-921,-0.029381739,48321,-828,-0.017135407,80412,-1159,-0.014413272,104459,-543,-0.0051982117
NQ,2019-02-25,220469,1,2,29527,351,0.011887425,51849,124,0.0023915601,82773,662,0.0079977771,106256,1119,0.01053117
NQ,2019-02-26,229872,1,2,32305,-295,-0.0091317134,49780,236,0.0047408598,85137,1234,0.014494286,111305,1057,0.0094964287
NQ,2019-02-27,248504,1,2,23351,438,0.018757227,43269,-50,-0.0011555617,103284,-59,-0.00057124046,135243,264,0.0019520419
NQ,2019-02-28,231015,1,2,28254,218,0.0077157217,47160,436,0.009245123,89233,41,0.00045947127,117681,94,0.00079876955
NQ,2019-03-01,241574,1,2,31605,-557,-0.017623794,47771,-700,-0.014653242,96125,-1353,-0.014075423,123554,-1328,-0.010748337
NQ,2019-03-04,394982,1,2,27279,733,0.026870486,44633,840,0.018820155,80286,1033,0.012866502,114499,507,0.0044279863
NQ,2019-03-05,242926,1,2,31636,-45,-0.0014224301,56376,-378,-0.0067049808,100731,-38,-0.00037724236,132401,296,0.0022356327
NQ,2019-03-06,305692,1,2,30506,-596,-0.01953714,53040,-773,-0.014573906,94739,-1207,-0.012740265,130204,-1461,-0.011220853
NQ,2019-03-07,367128,1,2,42277,-1025,-0.024244861,83489,-3291,-0.039418366,139116,-3445,-0.024763507,177227,-3450,-0.01946656
NQ,2019-03-08,224904,1,2,40108,-326,-0.0081280543,58090,53,0.00091237735,92080,662,0.0071894005,121746,840,0.0068996107
NQ,2019-03-11,199906,1,2,23283,119,0.0051110252,38187,-156,-0.0040851599,66702,-838,-0.012563341,91073,-216,-0.0023717238
NQ,2019-03-12,239286,1,2,36482,467,0.012800833,57329,723,0.012611418,84278,1197,0.014202995,118979,917,0.0077072425
NQ,2019-03-13,236695,1,2,27617,20,0.00072419162,48515,86,0.0017726476,75944,272,0.0035815864,105685,119,0.0011259876
NQ,2019-03-14,207802,1,2,28161,-467,-0.016583218,45271,-27,-0.0005964083,75778,293,0.0038665576,103252,407,0.0039418123
NQ,2019-03-15,249013,1,2,35269,1114,0.031585812,59525,2132,0.035816884,96805,2431,0.025112339,123116,2150,0.017463205
NQ,2019-03-18,241746,1,2,29400,434,0.014761905,51287,389,0.0075847681,84174,572,0.0067954475,111526,616,0.0055233757
NQ,2019-03-19,300860,1,2,33661,227,0.0067437093,52580,203,0.0038607836,82718,-143,-0.0017287652,104376,-237,-0.0022706369
NQ,2019-03-20,372579,1,2,36508,-109,-0.002985647,58678,-570,-0.0097140325,99661,-1177,-0.011810036,128189,-2021,-0.015765783
NQ,2019-03-21,338766,1,2,41803,1003,0.023993493,67860,1216,0.017919246,110403,1821,0.016494117,148147,2163,0.014600363
NQ,2019-03-22,445532,1,2,34757,939,0.027016141,85150,389,0.0045684087,134922,1411,0.010457894,178546,2496,0.013979591
NQ,2019-03-25,394512,1,2,52134,-88,-0.001687958,90577,-272,-0.0030029698,145092,-116,-0.00079949274,190556,880,0.004618065
NQ,2019-03-26,375094,1,2,39442,1190,0.030170884,67825,1837,0.027084408,117581,175,0.0014883357,160088,584,0.0036479936
NQ,2019-03-27,419030,1,2,42579,-1221,-0.028676108,73374,-2504,-0.03412653,113590,-2069,-0.018214632,164780,-2541,-0.015420561
NQ,2019-03-28,283522,1,2,34907,-700,-0.020053284,57192,-407,-0.0071163799,94943,-542,-0.0057086884,130468,-700,-0.0053653003
NQ,2019-03-29,252997,1,2,29332,-364,-0.012409655,51527,-736,-0.014283774,80054,-740,-0.0092437605,112473,-1305,-0.011602785
NQ,2019-04-01,240462,1,2,39605,-197,-0.0049741194,61806,-577,-0.0093356632,109344,-630,-0.005761633,131415,-216,-0.001643648
NQ,2019-04-02,225867,1,2,31123,210,0.0067474215,52141,-327,-0.0062714562,91189,460,0.0050444681,119847,344,0.0028703263
NQ,2019-04-03,296388,1,2,33051,-94,-0.0028440894,55176,-536,-0.0097143686,98865,0,0,132005,-305,-0.0023105185
NQ,2019-04-04,281323,1,2,30647,-321,-0.010474108,55816,-256,-0.0045864985,96154,-1498,-0.015579175,145854,-1682,-0.01153208
NQ,2019-04-05,203518,1,2,31107,545,0.017520172,58512,718,0.012270987,95549,997,0.010434437,124231,387,0.0031151645
NQ,2019-04-08,206956,1,2,33495,-667,-0.01991342,55312,-435,-0.0078644779,83235,-570,-0.0068480807,109737,-403,-0.0036724168
NQ,2019-04-09,245629,1,2,40887,285,0.0069704307,63812,437,0.0068482417,101315,378,0.0037309382,138378,387,0.0027966873
NQ,2019-04-10,199926,1,2,31024,-732,-0.023594636,52129,-1082,-0.020756201,78672,-1345,-0.017096299,105853,-383,-0.0036182253
NQ,2019-04-11,209703,1,2,31141,-877,-0.02816223,54932,-1308,-0.023811258,85512,-1147,-0.013413322,106920,-1112,-0.010400299
NQ,2019-04-12,190911,1,2,32599,-5,-0.00015337894,50944,-191,-0.0037492148,81518,65,0.00079736991,112428,-272,-0.0024193261
NQ,2019-04-15,196384,1,2,24405,183,0.0074984634,39811,-246,-0.0061791967,69376,-1455,-0.020972671,102568,-1811,-0.017656579
NQ,2019-04-16,203795,1,2,27784,178,0.0064065649,42680,428,0.010028116,80673,792,0.009817411,110923,161,0.0014514573
NQ,2019-04-17,293573,1,2,40108,-457,-0.011394236,69564,-918,-0.013196481,121579,-727,-0.0059796511,156152,-1195,-0.0076527998
NQ,2019-04-18,222059,1,2,32999,274,0.0083032819,56378,-85,-0.0015076803,97893,-782,-0.0079883138,131648,-423,-0.0032131138
NQ,2019-04-22,148829,1,2,25926,127,0.0048985574,38488,414,0.010756599,64241,962,0.01497486,82843,1311,0.015825115
NQ,2019-04-23,247501,1,2,37772,1331,0.035237742,59731,2038,0.034119636,101279,3023,0.029848241,132511,3473,0.026209145
NQ,2019-04-24,225337,1,2,35393,-613,-0.017319809,61714,-779,-0.012622744,93937,-383,-0.0040772007,123048,70,0.00056888369
NQ,2019-04-25,296652,1,2,50946,-561,-0.011011659,79948,95,0.0011882724,149310,-2320,-0.015538142,191212,-1597,-0.0083519863
NQ,2019-04-26,288786,1,2,52225,-1288,-0.024662518,87436,-1164,-0.013312594,143498,-100,-0.00069687382,175942,532,0.0030237237
NQ,2019-04-29,194520,1,2,30217,408,0.013502333,53065,944,0.017789503,86102,1047,0.012159996,110926,1197,0.010790978
NQ,2019-04-30,293607,1,2,35862,8,0.00022307735,55331,118,0.0021326201,99573,-293,-0.0029425648,132376,-706,-0.005333293
NQ,2019-05-01,339180,1,2,32091,396,0.012339908,46745,371,0.0079366777,88034,-219,-0.0024876752,111824,-218,-0.0019494921
NQ,2019-05-02,418779,1,2,39974,492,0.012308,61254,962,0.015705097,104612,2174,0.020781555,139030,1029,0.0074012803
NQ,2019-05-03,268578,1,2,33833,-680,-0.02009872,58879,-214,-0.0036345726,105226,259,0.0024613689,139580,613,0.0043917467
NQ,2019-05-06,348586,1,2,47434,-27,-0.00056921196,79405,46,0.00057930861,127512,599,0.0046975971,166596,873,0.0052402219
NQ,2019-05-07,576015,1,2,45364,-300,-0.0066131734,96792,392,0.0040499215,164905,-11,-6.6705073e-05,229113,-1542,-0.0067303034
NQ,2019-05-08,369113,1,2,57277,981,0.017127294,92912,459,0.0049401584,137818,700,0.0050791624,182068,1197,0.0065744667
NQ,2019-05-09,498565,1,2,44309,-1021,-0.023042723,82725,-1109,-0.013405863,148021,-1361,-0.0091946413,202667,-2128,-0.010499983
NQ,2019-05-10,502309,1,2,37231,-718,-0.019285004,61011,-1327,-0.021750176,113736,-1961,-0.017241682,185054,-3972,-0.021464005
NQ,2019-05-13,509470,1,2,47627,220,0.0046192286,89311,52,0.00058223511,165652,1098,0.0066283534,213522,754,0.003531252
NQ,2019-05-14,338460,1,2,36343,577,0.01587651,72351,711,0.0098270929,124154,1671,0.013459091,163666,1580,0.0096538071
NQ,2019-05-15,325536,1,2,39861,420,0.010536615,73167,285,0.0038951987,143216,1685,0.011765445,182489,1706,0.0093485087
NQ,2019-05-16,316458,1,2,39179,972,0.024809209,66614,1621,0.024334224,110422,2993,0.027105106,144100,3510,0.024358085
NQ,2019-05-17,394077,1,2,41569,174,0.0041858115,71810,-233,-0.0032446734,126614,411,0.0032460865,172843,-270,-0.0015621113
NQ,2019-05-20,394750,1,2,47444,151,0.0031826996,85640,569,0.0066440915,142229,1671,0.011748659,186579,2240,0.012005638
NQ,2019-05-21,252194,1,2,36553,405,0.011079802,60635,316,0.0052115115,101094,847,0.008378341,138213,1510,0.010925166
NQ,2019-05-22,275081,1,1,32814,866,0.026391174,53365,1577,0.029551204,101382,956,0.0094296818,131689,5,3.7968243e-05
NQ,2019-05-23,408143,1,1,39238,-880,-0.022427239,74707,365,0.0048857537,129117,845,0.0065444519,169882,1692,0.0099598545
NQ,2019-05-24,250358,1,1,33081,1481,0.044768901,56911,747,0.013125758,90208,-1368,-0.015164952,125056,-2694,-0.021542349
NQ,2019-05-27,12550,1,1,1981,-59,-0.029782938,3268,-134,-0.041003672,5970,-416,-0.069681742,8150,-268,-0.032883436
NQ,2019-05-28,285484,1,1,32695,1339,0.040954274,49712,794,0.015971999,87745,-1693,-0.019294547,126234,-2210,-0.017507169
NQ,2019-05-29,348906,1,1,43167,315,0.0072972409,67937,327,0.0048132829,113915,2269,0.01991836,147781,911,0.0061645272
NQ,2019-05-30,254889,1,1,32185,1259,0.039117601,53180,2206,0.04148176,76085,2301,0.030242492,105982,1552,0.014643996
NQ,2019-05-31,300371,1,1,38160,-210,-0.0055031447,65810,746,0.011335663,106012,1806,0.017035807,139615,3429,0.024560398
NQ,2019-06-03,519178,1,1,40915,-567,-0.013857998,81112,-2954,-0.036418779,146024,-716,-0.0049033036,187932,442,0.0023519145
NQ,2019-06-04,344871,1,1,41947,-675,-0.016091735,74321,-395,-0.0053147832,140402,4024,0.02866056,184597,3709,0.020092418
NQ,2019-06-05,335389,1,1,37209,-1111,-0.029858368,71381,-2607,-0.036522324,133853,-3545,-0.026484278,183512,-4560,-0.024848511
NQ,2019-06-06,268120,1,1,35388,-442,-0.01249011,61687,-885,-0.014346621,92429,-1429,-0.015460516,123905,-511,-0.0041241274
NQ,2019-06-07,299106,1,1,46316,1648,0.035581656,73101,2619,0.035827143,112335,3243,0.028869008,165857,4681,0.028223108
NQ,2019-06-10,305657,1,1,41723,3411,0.081753469,65971,3087,0.046793288,108070,4282,0.039622467,140750,3718,0.026415631
NQ,2019-06-11,315285,1,1,49539,-1231,-0.024849109,75149,-1785,-0.023752811,112038,-892,-0.0079615845,152705,-2067,-0.013535903
NQ,2019-06-12,241365,1,1,38560,1850,0.047977178,62773,1703,0.027129498,100647,227,0.0022554075,136061,33,0.00024253827
NQ,2019-06-13,227152,1,1,23886,-450,-0.018839488,42684,-646,-0.015134477,80014,-1754,-0.021921164,108792,-2822,-0.025939407
NQ,2019-06-14,138581,1,1,18259,-91,-0.0049838436,28989,-79,-0.0027251716,48860,-436,-0.0089234548,67217,-577,-0.0085841379
NQ,2019-06-17,157058,1,1,27805,2183,0.078511059,45715,2663,0.058252215,68986,2644,0.038326617,86649,2953,0.034080024
NQ,2019-06-18,274510,1,1,57188,2536,0.044344967,90174,3090,0.034267084,142471,1661,0.011658513,170351,1927,0.011311938
NQ,2019-06-19,270382,1,1,36976,-836,-0.02260926,53683,-93,-0.001732392,76092,346,0.0045471272,91121,619,0.0067931651
NQ,2019-06-20,302740,1,1,42208,-754,-0.017863912,64046,152,0.0023732942,109437,-1173,-0.010718496,140206,-1438,-0.010256337
NQ,2019-06-21,225620,1,1,28995,-341,-0.011760648,48884,596,0.012192128,75666,1668,0.022044247,105199,1993,0.018945047
NQ,2019-06-24,164649,1,1,25094,-1242,-0.049493903,43645,-2291,-0.052491694,68435,-315,-0.0046029079,89195,-773,-0.0086664051
NQ,2019-06-25,278255,1,1,31837,-1071,-0.033640104,49339,-1237,-0.025071444,85287,-1265,-0.014832272,122461,-971,-0.007929055
NQ,2019-06-26,223630,1,1,39650,1988,0.050138714,66218,1820,0.027484974,99389,565,0.0056847337,121359,65,0.00053560099
NQ,2019-06-27,170846,1,1,28357,-119,-0.0041964947,44238,444,0.01003662,68432,516,0.007540332,91658,70,0.00076370857
NQ,2019-06-28,199224,1,1,24895,-789,-0.031693111,44741,-1485,-0.033191033,68045,-787,-0.011565876,85899,-595,-0.0069267395
NQ,2019-07-01,254310,1,1,33731,-545,-0.016157244,56512,-318,-0.0056271234,93271,-2227,-0.02387666,122898,-3158,-0.025696106
NQ,2019-07-02,190087,1,1,23403,585,0.024996795,38573,57,0.0014777176,63569,227,0.0035709229,85613,75,0.00087603518
NQ,2019-07-03,123219,1,1,22475,187,0.008320356,34484,102,0.0029578935,55274,1262,0.022831711,77767,1515,0.019481271
NQ,2019-07-04,11313,1,1,1585,279,0.17602524,2491,263,0.10558009,4580,186,0.040611354,7511,553,0.073625349
NQ,2019-07-05,206877,1,1,22188,-706,-0.031819001,38781,-2217,-0.057167169,69929,-1297,-0.018547384,94732,-1558,-0.016446396
NQ,2019-07-08,223417,1,1,35635,-2069,-0.058060895,52913,-2555,-0.04828681,84291,-1431,-0.016976901,109715,-1433,-0.013061113
NQ,2019-07-09,216750,1,1,34802,1172,0.033676226,53736,1690,0.031450052,86535,2659,0.030727451,111395,3375,0.03029759
NQ,2019-07-10,276790,1,1,42400,956,0.02254717,74309,1361,0.018315413,109114,-1306,-0.011969133,146702,-2516,-0.017150414
NQ,2019-07-11,269363,1,1,30929,-237,-0.0076627114,49247,309,0.0062744939,86525,-231,-0.0026697486,115999,-687,-0.0059224648
NQ,2019-07-12,182634,1,1,25017,871,0.034816325,40119,649,0.016176874,70538,872,0.012362131,95727,1449,0.015136795
NQ,2019-07-15,153762,1,1,22689,59,0.002600379,34898,394,0.011290045,58541,357,0.0060982901,74837,425,0.005679009
NQ,2019-07-16,200823,1,1,19541,467,0.02389847,28543,563,0.019724626,49915,95,0.0019032355,66804,110,0.001646608
NQ,2019-07-17,186527,1,1,25833,75,0.0029032633,40164,-262,-0.0065232547,66198,-2116,-0.031964712,94501,-2387,-0.025258992
NQ,2019-07-18,254127,1,1,35489,1257,0.035419426,52232,350,0.006700873,84117,-153,-0.0018188951,110138,-1136,-0.010314333
NQ,2019-07-19,284073,1,1,30231,-145,-0.004796401,45829,73,0.0015928779,79193,-791,-0.0099882565,110049,-1467,-0.013330426
NQ,2019-07-22,227752,1,1,31463,-201,-0.0063884563,53361,-43,-0.00080583197,88984,-1594,-0.017913333,118933,-2653,-0.022306677
NQ,2019-07-23,227324,1,1,24962,158,0.006329621,41010,-254,-0.0061936113,73315,-217,-0.0029598309,98987,1507,0.015224221
NQ,2019-07-24,209800,1,1,24667,1217,0.049337171,44224,2194,0.049611071,69026,2972,0.04305624,98465,3227,0.032773067
NQ,2019-07-25,276983,1,1,38635,-1663,-0.043043872,73334,-568,-0.0077453841,108504,-710,-0.0065435376,141886,492,0.0034675726
NQ,2019-07-26,196292,1,1,36967,193,0.0052208727,55801,289,0.0051791187,87300,-1312,-0.015028637,110124,-1236,-0.011223711
NQ,2019-07-29,205637,1,1,31630,-1630,-0.051533354,55786,-1906,-0.034166278,94768,-1202,-0.012683606,118651,-1641,-0.013830478
NQ,2019-07-30,230953,1,1,45216,898,0.019860226,63349,-79,-0.0012470599,98628,24,0.00024333861,124967,125,0.0010002641
NQ,2019-07-31,385700,1,1,32020,806,0.025171768,48599,239,0.0049177967,74394,-600,-0.0080651665,98425,-65,-0.00066040132
NQ,2019-08-01,539122,1,1,49572,-178,-0.0035907367,72183,-525,-0.0072731807,125663,1781,0.014172827,173580,3390,0.0195299
NQ,2019-08-02,477845,1,1,46290,-1600,-0.034564701,80170,-2078,-0.02591992,133381,-3767,-0.028242403,190397,-6469,-0.033976376
NQ,2019-08-05,531561,1,1,47852,-3412,-0.071303185,88127,-2465,-0.027970996,142151,-3087,-0.021716344,187145,-3627,-0.019380694
NQ,2019-08-06,440276,1,1,54234,1084,0.019987462,88459,1243,0.014051708,151399,211,0.0013936684,196496,-446,-0.0022697663
NQ,2019-08-07,548189,1,1,50831,-565,-0.011115264,91485,-1917,-0.020954255,158313,-363,-0.002292926,233250,1090,0.0046730975
NQ,2019-08-08,339642,1,1,37188,1158,0.031139077,71882,2560,0.035613923,114763,3839,0.033451548,149749,4899,0.032714743
NQ,2019-08-09,404871,1,1,35183,423,0.012022852,61160,-622,-0.010170046,117604,-1540,-0.013094793,164270,-1728,-0.010519267
NQ,2019-08-12,342221,1,1,39577,-659,-0.016651085,57404,-370,-0.0064455439,95967,39,0.0004063897,124856,-560,-0.0044851669
NQ,2019-08-13,423614,1,1,56551,2539,0.044897526,139998,2788,0.01991457,203594,3342,0.016415022,248395,1581,0.0063648624
NQ,2019-08-14,522675,1,1,45832,-16,-0.00034910106,80165,583,0.0072725005,120577,145,0.0012025511,162026,-1066,-0.006579191
NQ,2019-08-15,357253,1,1,47692,94,0.0019709805,74279,303,0.0040792149,112551,-355,-0.0031541257,142363,-637,-0.0044744772
NQ,2019-08-16,258648,1,1,27313,21,0.00076886464,43261,-149,-0.0034442107,92153,-285,-0.0030926828,128603,1109,0.008623438
NQ,2019-08-19,213283,1,1,30565,1219,0.039882218,52436,-156,-0.0029750553,88256,-146,-0.0016542785,111189,63,0.00056660281
NQ,2019-08-20,238331,1,1,32512,-66,-0.0020300197,53728,-368,-0.0068493151,85255,-537,-0.0062987508,113571,383,0.0033723398
NQ,2019-08-21,191002,1,1,31962,1242,0.038858645,48791,845,0.017318768,71335,-209,-0.0029298381,91978,-834,-0.0090673857
NQ,2019-08-22,281257,1,1,27794,548,0.019716486,44959,257,0.0057163193,84398,-1834,-0.021730373,146217,-3381,-0.023123166
NQ,2019-08-23,499593,1,1,26216,198,0.0075526396,45769,273,0.005964736,110638,2318,0.02095121,163410,2938,0.017979316
NQ,2019-08-26,303090,1,1,44846,-194,-0.0043259154,66161,419,0.0063330361,108941,-997,-0.0091517427,149077,-781,-0.0052389034
NQ,2019-08-27,319442,1,1,28961,105,0.0036255654,54242,484,0.0089229748,88593,-93,-0.0010497443,115374,8,6.9339713e-05
NQ,2019-08-28,263033,1,1,44149,375,0.0084939636,68092,1168,0.017153263,105858,1600,0.015114587,137069,3075,0.022433957
NQ,2019-08-29,247435,1,1,39234,52,0.001325381,60190,704,0.011696295,92289,-825,-0.0089393102,135999,-1263,-0.009286833
NQ,2019-08-30,267024,1,1,24598,-240,-0.0097568908,43958,-378,-0.0085991173,78330,-1810,-0.023107366,104342,-2410,-0.023097123
NQ,2019-09-02,42477,1,1,5015,-267,-0.053240279,7680,-314,-0.040885417,14209,93,0.0065451474,17404,48,0.0027579867
NQ,2019-09-03,305702,1,1,32335,709,0.021926705,54367,771,0.014181397,115882,-412,-0.0035553408,153522,118,0.00076861948
NQ,2019-09-04,211896,1,1,27820,304,0.01092739,45484,404,0.0088822443,78406,240,0.0030609902,98393,849,0.0086286626
NQ,2019-09-05,244629,1,1,28042,332,0.011839384,53568,1192,0.022252091,108317,2243,0.020707737,134964,1818,0.013470259
NQ,2019-09-06,201050,1,1,29662,-562,-0.018946801,51559,139,0.0026959406,76061,353,0.0046410118,98298,750,0.0076298602
NQ,2019-09-09,247936,1,1,31288,-694,-0.022181028,51976,-1964,-0.037786671,87346,-2438,-0.027911982,107679,-1235,-0.011469274
NQ,2019-09-10,292012,1,1,38998,-618,-0.015846967,68775,-61,-0.0008869502,106376,114,0.0010716703,136910,56,0.00040902783
NQ,2019-09-11,233254,1,1,42507,781,0.018373444,67294,1198,0.017802479,102513,2693,0.026269839,125558,3040,0.024211918
NQ,2019-09-12,261369,1,1,36959,-1243,-0.033631862,67582,-620,-0.0091740404,119498,422,0.0035314399,162388,-1888,-0.011626475
NQ,2019-09-13,193145,1,1,27261,945,0.034664906,42136,1006,0.023875071,66823,1967,0.029435973,85861,1747,0.02034684
NQ,2019-09-16,165030,1,1,25434,-96,-0.0037744751,39583,-285,-0.0072000606,58759,-1229,-0.020915945,80399,-1781,-0.022152017
NQ,2019-09-17,163470,1,1,29247,-407,-0.013915957,43331,-715,-0.016500889,63410,32,0.00050465226,76017,33,0.00043411342
NQ,2019-09-18,255312,1,1,22419,93,0.0041482671,33671,343,0.010186808,47562,958,0.02014213,57744,888,0.015378221
NQ,2019-09-19,233471,1,1,34368,1514,0.044052607,46365,1005,0.021675833,72700,1062,0.014607978,90968,952,0.010465219
NQ,2019-09-20,291947,1,1,26664,870,0.032628263,39662,-350,-0.0088245676,64392,-368,-0.0057149957,87098,-1494,-0.017153092
NQ,2019-09-23,210561,1,1,35423,889,0.025096689,53609,51,0.0009513328,86842,-376,-0.0043297022,111150,-790,-0.0071075124
NQ,2019-09-24,447410,1,1,28375,773,0.027242291,42190,892,0.021142451,89053,-9,-0.00010106341,122294,280,0.0022895645
NQ,2019-09-25,347159,1,1,31890,-520,-0.016306052,59228,-1632,-0.027554535,123703,-1091,-0.0088195112,172291,1319,0.0076556524
NQ,2019-09-26,318846,1,1,33855,-649,-0.01916999,54550,-798,-0.014628781,91793,-935,-0.010185962,124325,-815,-0.0065553992
NQ,2019-09-27,420412,1,1,30168,-514,-0.017037921,53324,-2026,-0.037994149,96505,-2281,-0.023636081,126462,-534,-0.0042226123
NQ,2019-09-30,200099,1,1,25358,-34,-0.0013407997,44294,202,0.0045604371,70024,-176,-0.002513424,90359,15,0.00016600449
NQ,2019-10-01,341370,1,1,30340,1550,0.051087673,46415,1963,0.042292362,118113,-1433,-0.012132449,154418,-2314,-0.0149853
NQ,2019-10-02,397833,1,1,42003,-2111,-0.050258315,69698,-3174,-0.045539327,116263,-3143,-0.027033536,173868,-3826,-0.022005199
NQ,2019-10-03,400781,1,1,31676,-588,-0.01856295,49542,-408,-0.0082354366,142201,-125,-0.00087903742,199145,683,0.0034296618
NQ,2019-10-04,248717,1,1,36119,1,2.7686259e-05,60174,1146,0.01904477,95219,-1395,-0.014650437,124066,-1126,-0.0090758145
NQ,2019-10-07,267696,1,1,25874,146,0.0056427302,43854,224,0.0051078579,70746,1252,0.017697114,92989,1699,0.018270978
NQ,2019-10-08,358620,1,1,38604,-38,-0.00098435395,64594,-226,-0.003498777,111401,-113,-0.0010143536,148839,1651,0.011092523
NQ,2019-10-09,236994,1,1,26609,969,0.03641625,44397,821,0.01849224,71443,1801,0.025208908,88496,1604,0.018125113
NQ,2019-10-10,292313,1,1,23956,356,0.014860578,61326,2688,0.043831328,96576,2412,0.024975149,122142,3232,0.026461004
NQ,2019-10-11,312646,1,1,26077,1491,0.057176822,55736,3460,0.062078369,90951,2505,0.027542303,115507,1781,0.015418979
NQ,2019-10-14,164145,1,1,27350,232,0.0084826325,43641,747,0.017116931,67774,478,0.0070528521,86199,1107,0.012842376
NQ,2019-10-15,211836,1,1,25728,1398,0.054337687,38616,936,0.024238658,68861,3445,0.050028318,105910,4884,0.046114626
NQ,2019-10-16,202650,1,1,27952,-258,-0.0092301088,45881,-339,-0.0073886794,77670,656,0.0084459894,98816,1108,0.011212759
NQ,2019-10-17,224327,1,1,26411,377,0.014274355,43723,767,0.017542255,72088,-726,-0.010071024,103844,-2196,-0.021147105
NQ,2019-10-18,290032,1,1,23658,-484,-0.020458196,37682,-720,-0.019107266,69380,-1418,-0.020438167,101844,-1504,-0.014767684
NQ,2019-10-21,169874,1,1,30281,1305,0.043096331,48176,608,0.012620392,76140,644,0.0084581035,95328,616,0.0064619
NQ,2019-10-22,245041,1,1,24521,211,0.0086048693,43927,-445,-0.010130444,73869,-1805,-0.024435149,94527,-2885,-0.03052038
NQ,2019-10-23,202108,1,1,32491,1337,0.041149857,49130,1298,0.026419703,74330,830,0.01116642,103123,2353,0.022817412
NQ,2019-10-24,239335,1,1,29748,678,0.022791448,54869,-635,-0.011573019,87320,-176,-0.0020155749,108946,-68,-0.00062416243
NQ,2019-10-25,233827,1,1,28454,1672,0.05876151,44051,2627,0.059635423,79113,4315,0.054542237,109326,4778,0.043704151
NQ,2019-10-28,189151,1,1,31185,683,0.021901555,47282,1104,0.023349266,71408,2240,0.031369034,93638,1270,0.01356287
NQ,2019-10-29,247361,1,1,27567,-965,-0.035005623,44011,-1389,-0.031560292,75105,-2979,-0.03966447,105662,-1834,-0.017357233
NQ,2019-10-30,268425,1,1,31612,-976,-0.030874352,46546,-414,-0.008894427,91262,-264,-0.0028927703,114260,1618,0.014160686
NQ,2019-10-31,304473,1,1,33888,-602,-0.0177644,58401,-715,-0.012242941,103346,-2484,-0.024035763,140097,-1469,-0.010485592
NQ,2019-11-01,225654,1,1,27321,15,0.00054902822,45589,329,0.0072166531,82585,955,0.011563843,101488,696,0.0068579536
NQ,2019-11-04,209348,1,1,34278,-1372,-0.040025672,52802,-1944,-0.036816787,87040,-866,-0.0099494485,106301,-1645,-0.015474925
NQ,2019-11-05,192133,1,1,23765,-349,-0.014685462,35867,7,0.00019516547,82517,-1431,-0.017341881,107254,-1248,-0.01163593
NQ,2019-11-06,215114,1,1,29432,-1432,-0.048654526,44831,-1625,-0.03624724,69707,-2221,-0.031861936,92326,-2374,-0.025713234
NQ,2019-11-07,230119,1,1,29689,721,0.024285089,44004,1078,0.024497773,69368,2138,0.030821128,94116,2468,0.026222959
NQ,2019-11-08,201232,1,1,28070,798,0.028428928,48794,-148,-0.0030331598,91631,795,0.0086761031,112956,1424,0.012606679
NQ,2019-11-11,137134,1,1,25154,210,0.0083485728,40752,1412,0.034648606,59276,1516,0.025575275,71886,1588,0.022090532
NQ,2019-11-12,217637,1,1,24698,672,0.027208681,40652,1124,0.027649316,64664,2118,0.032753928,81818,2680,0.032755628
NQ,2019-11-13,253344,1,1,26915,57,0.0021177782,44992,22,0.00048897582,71175,1319,0.018531788,104729,1337,0.012766283
NQ,2019-11-14,242868,1,1,25762,-22,-0.00085397096,40533,189,0.0046628673,66793,115,0.0017217373,91320,-768,-0.0084099869
NQ,2019-11-15,196670,1,1,31173,305,0.009784108,45412,132,0.0029067207,75170,2104,0.02798989,91385,1517,0.016600098
NQ,2019-11-18,219372,1,1,36019,-1987,-0.055165329,52500,-696,-0.013257143,77866,-746,-0.0095805615,106695,661,0.0061952294
NQ,2019-11-19,250268,1,1,29599,-217,-0.0073313288,52346,-1572,-0.030030948,87511,-1957,-0.022362903,122339,-3891,-0.031805066
NQ,2019-11-20,340874,1,1,28741,-81,-0.0028182735,46162,524,0.011351328,74355,-153,-0.0020576962,98851,865,0.0087505437
NQ,2019-11-21,240098,1,1,30289,-165,-0.0054475222,48738,262,0.0053756822,93347,-1121,-0.012008956,120747,-1185,-0.0098139084
NQ,2019-11-22,207381,1,1,26258,24,0.00091400716,42961,191,0.0044458928,69455,-985,-0.014181844,104046,-1418,-0.013628587
NQ,2019-11-25,166572,1,1,30603,1649,0.053883606,47377,1739,0.036705574,68836,2112,0.03068162,89951,2987,0.033206968
NQ,2019-11-26,173403,1,1,27991,-341,-0.012182487,44246,172,0.003887357,70095,-217,-0.0030957986,88451,-369,-0.0041718013
NQ,2019-11-27,149602,1,1,26035,-13,-0.00049932783,35983,367,0.010199261,53926,632,0.011719764,71405,673,0.0094251103
NQ,2019-11-28,9262,1,1,1413,-97,-0.068648266,2044,-92,-0.045009785,3455,-105,-0.030390738,5244,-156,-0.029748284
NQ,2019-11-29,106246,1,1,19527,415,0.021252625,31037,1757,0.056609853,47804,1036,0.021671827,62543,615,0.0098332347
NQ,2019-12-02,392778,1,1,47505,-467,-0.0098305442,74868,-1394,-0.018619437,153819,-1803,-0.011721569,217911,-2169,-0.0099536049
NQ,2019-12-03,375174,1,1,59301,-109,-0.0018380803,106874,426,0.0039860022,163705,2387,0.014581106,208978,3294,0.015762425
NQ,2019-12-04,205963,1,1,32718,1052,0.032153555,51340,1162,0.022633424,84499,813,0.0096214156,105436,1422,0.013486855
NQ,2019-12-05,228487,1,1,29892,150,0.005018065,46243,-59,-0.0012758688,89705,-255,-0.0028426509,115431,423,0.0036645269
NQ,2019-12-06,165618,1,1,29941,119,0.0039744832,46482,210,0.0045178779,74416,-1244,-0.016716835,94136,-826,-0.008774539
NQ,2019-12-09,172674,1,1,32604,2532,0.077659183,45625,2021,0.04429589,63478,1190,0.018746652,78735,723,0.0091827015
NQ,2019-12-10,218630,1,1,30766,520,0.016901775,48351,543,0.011230378,81834,2848,0.03480216,101110,2126,0.021026605
NQ,2019-12-11,176542,1,1,22577,551,0.024405368,33225,1783,0.053664409,53771,831,0.015454427,71382,30,0.00042027402
NQ,2019-12-12,378494,1,1,63370,3342,0.052737889,86689,4615,0.053236281,144904,5432,0.037486888,175908,4736,0.026923164
NQ,2019-12-13,221868,1,1,29300,928,0.031672355,43390,1182,0.0272413,97891,2185,0.022320745,140447,-1267,-0.0090211966
NQ,2019-12-16,146277,1,1,24711,599,0.024240217,40302,496,0.012307082,61331,1035,0.016875642,75304,276,0.0036651439
NQ,2019-12-17,154746,1,1,30553,-645,-0.021110857,45752,-764,-0.016698724,67211,-177,-0.0026334975,82425,-853,-0.010348802
NQ,2019-12-18,166534,1,1,25010,1878,0.075089964,41200,402,0.0097572816,61597,449,0.007289316,78938,902,0.011426689
NQ,2019-12-19,155291,1,1,23741,445,0.018743945,33311,389,0.011677824,52540,548,0.010430148,67239,123,0.0018292955
NQ,2019-12-20,179666,1,1,36129,-1417,-0.039220571,52910,-2238,-0.042298242,78750,-1794,-0.022780952,91164,-2426,-0.026611382
NQ,2019-12-23,113736,1,1,22981,173,0.0075279579,30957,-45,-0.0014536292,46425,-203,-0.004372644,56944,28,0.00049171115
NQ,2019-12-24,65397,1,1,15498,-1294,-0.083494644,25886,-1376,-0.053156146,37905,-489,-0.012900673,47686,-1210,-0.025374324
NQ,2019-12-26,106241,1,1,13677,581,0.042480076,21368,1028,0.048109322,32927,1597,0.04850123,40349,2063,0.0511289
NQ,2019-12-27,211646,1,1,30273,-47,-0.0015525386,56412,-2330,-0.041303269,88758,-728,-0.0082020776,110628,-470,-0.0042484724
NQ,2019-12-30,279535,1,1,44090,-2488,-0.056430029,77699,-1935,-0.024903795,128563,-2239,-0.017415586,156919,-1965,-0.012522384
NQ,2019-12-31,186840,1,1,36257,667,0.018396448,48743,749,0.015366309,75884,-52,-0.00068525644,95792,-548,-0.0057207282
NQ,2020-01-02,267063,1,1,39526,2236,0.056570359,62897,2469,0.039254654,109876,1802,0.016400306,138570,2660,0.019196074
NQ,2020-01-03,315537,1,1,51265,1507,0.029396274,75131,615,0.0081857023,120893,-27,-0.00022333799,149504,554,0.0037055865
NQ,2020-01-06,255301,1,1,39993,909,0.022728978,69126,1552,0.022451755,104271,3903,0.037431309,134331,3925,0.02921887
NQ,2020-01-07,298685,1,1,57113,-1225,-0.021448707,86861,597,0.00687305,136171,1055,0.0077476115,175144,1528,0.0087242498
NQ,2020-01-08,314747,1,1,34417,1129,0.032803556,54061,1829,0.033832153,81291,1289,0.015856614,109818,220,0.0020033146
NQ,2020-01-09,301519,1,1,43574,588,0.013494286,70865,479,0.0067593311,102352,514,0.0050218853,124399,395,0.0031752667
NQ,2020-01-10,314859,1,1,40157,-677,-0.016858829,62468,452,0.0072357047,96307,-169,-0.0017548049,124339,743,0.005975599
NQ,2020-01-13,242570,1,1,41605,521,0.012522533,65410,1726,0.026387403,94116,1638,0.017404055,120186,2390,0.019885844
NQ,2020-01-14,357893,1,1,40095,-829,-0.020675895,69317,-2365,-0.034118614,110351,-669,-0.0060624734,142840,-1916,-0.01341361
NQ,2020-01-15,337508,1,1,37095,327,0.0088152042,61854,1270,0.020532221,100001,-107,-0.0010699893,129425,671,0.0051844698
NQ,2020-01-16,265940,1,1,38904,1814,0.046627596,63197,1337,0.021156068,99962,628,0.0062823873,131588,-904,-0.0068699273
NQ,2020-01-17,273538,1,1,49605,-1353,-0.027275476,70244,-328,-0.004669438,102955,-207,-0.0020105871,127821,-1937,-0.015154004
NQ,2020-01-20,17185,1,1,3044,202,0.066360053,4676,210,0.04491018,7062,202,0.028603795,11398,-146,-0.012809265
NQ,2020-01-21,284465,1,1,36781,1515,0.041189745,60849,1965,0.032293053,98884,2558,0.025868695,122730,2570,0.020940275
NQ,2020-01-22,316837,1,1,37150,1838,0.049475101,57362,2522,0.043966389,95764,2648,0.027651309,125290,2182,0.017415596
NQ,2020-01-23,389797,1,1,63364,-2256,-0.035603813,96320,-1008,-0.010465116,143636,-1560,-0.010860787,182801,-2813,-0.015388318
NQ,2020-01-24,578674,1,1,31234,-40,-0.0012806557,57499,-583,-0.010139307,107707,-4169,-0.038706862,149225,-3387,-0.022697269
NQ,2020-01-27,438431,1,1,61164,-1180,-0.019292394,92855,-1341,-0.014441872,145456,-2248,-0.015454845,187830,-3130,-0.016664005
NQ,2020-01-28,363586,1,1,47658,190,0.0039867388,71280,354,0.00496633,127016,3958,0.031161428,171104,5338,0.0311974
NQ,2020-01-29,364222,1,1,39635,991,0.025003154,71799,-1769,-0.024638226,136152,-2536,-0.018626241,173473,-1571,-0.0090561644
NQ,2020-01-30,522666,1,1,57217,1045,0.018263803,88969,-653,-0.0073396352,137847,-1719,-0.012470348,200999,-4795,-0.02385584
NQ,2020-01-31,618631,1,1,54475,-533,-0.0097843047,93072,-540,-0.0058019598,162870,-1344,-0.0082519801,217254,-786,-0.0036178851
NQ,2020-02-03,400665,1,1,46851,-79,-0.0016861967,81496,2480,0.030430941,145261,4397,0.030269653,180929,2727,0.015072211
NQ,2020-02-04,324408,1,1,45536,1874,0.041154252,78325,2493,0.031828918,124933,4071,0.032585466,158073,4645,0.029385157
NQ,2020-02-05,425367,1,1,54986,-1194,-0.021714618,96687,-717,-0.0074156815,157414,-2424,-0.015398884,222732,-1624,-0.0072912738
NQ,2020-02-06,324215,1,1,50399,-1733,-0.034385603,81565,271,0.0033225035,129870,-192,-0.0014784015,165635,397,0.0023968364
NQ,2020-02-07,351741,1,1,47471,181,0.0038128542,69741,-23,-0.00032979166,111786,796,0.0071207486,146733,1751,0.011933239
NQ,2020-02-10,275990,1,1,36194,1990,0.054981489,62644,2542,0.040578507,99444,4474,0.044990145,133787,4407,0.03294042
NQ,2020-02-11,399167,1,1,50646,1324,0.026142242,75118,2246,0.029899625,121771,4363,0.035829549,155974,4006,0.025683768
NQ,2020-02-12,294686,1,1,41693,649,0.015566162,72733,467,0.0064207444,122736,328,0.0026724026,154665,949,0.006135842
NQ,2020-02-13,364567,1,1,43180,1000,0.02315887,75063,27,0.00035969785,126838,-168,-0.0013245242,163139,2397,0.014692992
NQ,2020-02-14,305458,1,1,37684,-692,-0.018363231,61332,-816,-0.013304637,104600,-1016,-0.0097131931,132426,156,0.0011780164
NQ,2020-02-17,14067,1,1,2872,296,0.10306407,4905,115,0.023445464,7202,32,0.0044432102,9313,41,0.0044024482
NQ,2020-02-18,342875,1,1,49903,-579,-0.011602509,74949,343,0.0045764453,116726,-2408,-0.020629508,155644,-1240,-0.0079668988
NQ,2020-02-19,250549,1,1,47765,169,0.0035381556,68828,844,0.012262451,101958,1130,0.011082995,122241,1167,0.0095467151
NQ,2020-02-20,526189,1,1,44017,-413,-0.0093827385,68807,1117,0.016233813,109564,-580,-0.0052937096,141126,-1386,-0.009821011
NQ,2020-02-21,599563,1,1,62726,-4320,-0.068870963,129090,-5104,-0.039538307,202179,-4165,-0.020600557,270143,-4541,-0.016809616
NQ,2020-02-24,630231,1,1,81924,-1474,-0.017992286,128866,-2578,-0.020005277,196104,-3170,-0.016164892,252896,-2998,-0.011854675
NQ,2020-02-25,890142,1,1,59486,366,0.0061527082,106140,294,0.0027699265,199949,-1773,-0.0088672612,300837,-1703,-0.0056608728
NQ,2020-02-26,706606,1,1,74915,5157,0.068838016,128345,3133,0.024410768,211570,2428,0.011476107,285202,1680,0.0058905618
NQ,2020-02-27,891259,1,1,83348,-76,-0.00091183952,146111,549,0.0037574173,247163,-2053,-0.0083062594,356134,-1320,-0.00370647
NQ,2020-02-28,717140,1,1,61117,-705,-0.011535252,114749,-2409,-0.020993647,207289,-3469,-0.01673509,278197,-1817,-0.0065313429
NQ,2020-03-02,694919,1,1,58345,849,0.014551375,94252,832,0.0088273989,174112,-30,-0.00017230289,256812,1440,0.0056072146
NQ,2020-03-03,776129,1,1,55056,844,0.015329846,101515,-589,-0.0058020982,220854,1486,0.0067284269,294007,1621,0.0055134742
NQ,2020-03-04,538034,1,1,59872,-26,-0.00043425975,98921,-1109,-0.011210966,179066,430,0.0024013492,237872,12,5.0447299e-05
NQ,2020-03-05,572952,1,1,50245,571,0.011364315,89568,-68,-0.00075919971,152539,1429,0.009368096,199584,1738,0.0087081129
NQ,2020-03-06,634921,1,1,52655,-957,-0.018174912,89310,-2094,-0.023446423,179660,-66,-0.00036736057,248275,-469,-0.0018890343
NQ,2020-03-09,356260,1,1,2820,-572,-0.20283688,20219,97,0.0047974677,64234,1028,0.016003985,99440,710,0.0071399839
NQ,2020-03-10,638039,1,1,48564,886,0.018243967,88770,1732,0.019511096,145886,2370,0.016245562,216881,565,0.0026051152
NQ,2020-03-11,672373,1,1,52665,1545,0.029336371,89725,1325,0.014767345,160666,1610,0.010020788,217353,267,0.0012284164
NQ,2020-03-12,483099,1,1,12420,104,0.008373591,39882,502,0.012587132,93571,-73,-0.00078015624,136944,322,0.0023513261
NQ,2020-03-13,277670,1,1,28219,2227,0.078918459,47595,3563,0.074860805,76824,5418,0.070524836,99516,4746,0.047690824
NQ,2020-03-16,260884,1,1,45,39,0.86666667,23227,-1751,-0.075386404,52859,-973,-0.018407461,86385,1299,0.015037333
NQ,2020-03-17,333269,1,1,21145,749,0.035422086,42135,-97,-0.0023021241,75698,1570,0.02074031,117049,2755,0.023537151
NQ,2020-03-18,338635,1,1,22343,1483,0.066374256,52688,1404,0.026647434,87971,683,0.0077639222,112104,1060,0.0094555056
NQ,2020-03-19,290243,1,1,19490,-196,-0.010056439,40263,121,0.0030052405,80556,900,0.011172352,115552,-154,-0.0013327333
NQ,2020-03-20,354010,1,1,24784,-834,-0.033650742,43434,-1636,-0.037666344,75554,-1650,-0.021838685,123934,-1184,-0.009553472
NQ,2020-03-23,378955,1,1,30081,-167,-0.0055516771,61244,-880,-0.014368754,96986,-1974,-0.020353453,126313,-2999,-0.023742608
NQ,2020-03-24,358929,1,1,28617,-73,-0.0025509313,47358,548,0.011571435,90852,1718,0.018909875,119142,1286,0.010793843
NQ,2020-03-25,414223,1,1,30441,-543,-0.017837785,58323,-923,-0.015825661,110296,-1654,-0.014996011,152722,-588,-0.0038501329
NQ,2020-03-26,357329,1,1,24839,183,0.0073674464,47742,506,0.010598634,84886,-58,-0.00068326933,126037,-569,-0.0045145473
NQ,2020-03-27,277714,1,1,19763,-1423,-0.072003238,33139,-1381,-0.041672953,55856,-1218,-0.021806073,77913,-1111,-0.014259495
NQ,2020-03-30,256959,1,1,18885,119,0.0063012973,30064,606,0.020156998,54949,1237,0.022511784,78537,1425,0.018144314
NQ,2020-03-31,269759,1,1,18123,583,0.032169067,33004,1260,0.038177191,65652,2244,0.034180223,91697,2545,0.027754452
NQ,2020-04-01,250827,1,1,20848,-486,-0.023311589,32580,-714,-0.021915285,58449,-963,-0.016475902,80626,-1320,-0.01637189
NQ,2020-04-02,273900,1,1,25780,-184,-0.0071373157,41189,-27,-0.00065551482,68736,-290,-0.004219041,110143,-383,-0.0034772977
NQ,2020-04-03,224063,1,1,16706,180,0.010774572,27841,-175,-0.0062856938,53977,-461,-0.0085406747,77086,-554,-0.0071867784
NQ,2020-04-06,219167,1,1,18849,175,0.0092843122,40229,2153,0.053518606,63489,2781,0.043802863,84231,2939,0.034892142
NQ,2020-04-07,334168,1,1,26743,-183,-0.0068429122,43592,176,0.0040374381,87598,180,0.0020548414,125061,387,0.0030944899
NQ,2020-04-08,261540,1,1,21376,-280,-0.013098802,36784,-1354,-0.036809482,64493,-945,-0.014652753,87682,-338,-0.0038548391
NQ,2020-04-09,336966,1,1,26160,-376,-0.014373089,42967,-443,-0.010310238,88983,-709,-0.0079678141,121471,-821,-0.0067588149
NQ,2020-04-13,269524,1,1,24944,-134,-0.0053720334,44337,-691,-0.015585177,77475,-51,-0.00065827686,97097,-483,-0.004974407
NQ,2020-04-14,284136,1,1,28286,800,0.028282543,51239,337,0.0065770214,88569,795,0.0089760526,113892,-118,-0.0010360693
NQ,2020-04-15,248655,1,1,25509,-1057,-0.041436356,41658,-530,-0.012722646,68959,281,0.0040748851,95830,1148,0.011979547
NQ,2020-04-16,336732,1,1,25428,146,0.0057417021,42642,188,0.0044087988,80367,441,0.0054873269,115376,1056,0.0091526834
NQ,2020-04-17,301785,1,1,35629,257,0.0072132252,57120,1552,0.027170868,97403,203,0.0020841247,129843,-263,-0.0020255231
NQ,2020-04-20,253293,1,1,26387,283,0.010724978,46258,-534,-0.011543949,74555,397,0.0053249279,100155,701,0.0069991513
NQ,2020-04-21,354486,1,1,32633,-1525,-0.046731836,55189,-1437,-0.026037797,93174,-1544,-0.016571146,136527,-2765,-0.020252404
NQ,2020-04-22,213053,1,1,27161,199,0.0073266816,42883,737,0.017186298,68960,932,0.013515081,91883,853,0.0092835454
NQ,2020-04-23,281551,1,1,24456,834,0.034102061,37985,455,0.011978413,66063,777,0.0117615,88718,1166,0.013142767
NQ,2020-04-24,237469,1,1,22727,-817,-0.035948431,42520,-1286,-0.030244591,74379,-943,-0.01267831,97047,-1219,-0.012560924
NQ,2020-04-27,229033,1,1,25114,-76,-0.0030262005,40280,622,0.015441907,66501,217,0.0032631088,89937,-1101,-0.012241903
NQ,2020-04-28,302275,1,1,26747,-671,-0.025086926,45037,-2007,-0.044563359,88898,-2670,-0.030034421,130711,-3837,-0.029354836
NQ,2020-04-29,252446,1,1,25687,-191,-0.0074356678,44014,88,0.0019993638,77905,997,0.012797638,101395,1549,0.015276887
NQ,2020-04-30,272952,1,1,28728,-1084,-0.037733222,47258,-310,-0.0065597359,83182,-150,-0.0018032747,108984,-582,-0.0053402334
NQ,2020-05-01,272876,1,1,26180,-84,-0.0032085561,43080,-350,-0.0081244197,81382,-518,-0.0063650439,107350,-994,-0.0092594318
NQ,2020-05-04,229983,1,1,26521,33,0.001244297,46256,488,0.010549983,78319,643,0.0082100129,102078,172,0.001684986
NQ,2020-05-05,224278,1,1,20617,1053,0.051074356,34384,1644,0.047812936,60138,1932,0.03212611,80592,2930,0.036355966
NQ,2020-05-06,269965,1,1,25372,1120,0.04414315,45596,990,0.021712431,81414,916,0.011251136,115034,1862,0.016186519
NQ,2020-05-07,242691,1,1,29262,848,0.028979564,46193,757,0.016387764,75149,775,0.010312845,102008,232,0.0022743314
NQ,2020-05-08,208688,1,1,25072,592,0.023611997,40062,1042,0.026009685,67750,2582,0.038110701,88373,2135,0.024158963
NQ,2020-05-11,224427,1,1,24002,898,0.037413549,39767,1213,0.030502678,69283,1403,0.020250278,91611,1287,0.014048531
NQ,2020-05-12,317437,1,1,32495,-303,-0.0093245115,58567,-497,-0.0084860075,90921,-141,-0.0015507968,118887,353,0.0029692061
NQ,2020-05-13,479755,1,1,43627,-405,-0.009283242,67187,273,0.0040632861,110740,2024,0.018277045,150740,1098,0.0072840653
NQ,2020-05-14,405085,1,1,33093,391,0.011815188,66235,-521,-0.0078659319,115386,-1510,-0.01308651,159829,-593,-0.0037102153
NQ,2020-05-15,320582,1,1,35565,1273,0.035793617,55787,1697,0.030419273,89541,1147,0.012809774,120205,497,0.0041346034
NQ,2020-05-18,232984,1,1,30258,-224,-0.0074030009,51852,-720,-0.013885675,82965,-65,-0.00078346291,105213,305,0.0028988813
NQ,2020-05-19,230583,1,1,26591,1041,0.039148584,41183,1419,0.034455965,68842,1982,0.028790564,91168,2074,0.02274921
NQ,2020-05-20,227839,1,1,26709,1271,0.047586956,41648,2200,0.052823665,70075,2301,0.032836247,90372,1674,0.018523436
NQ,2020-05-21,283137,1,1,21448,524,0.024431182,39797,-473,-0.011885318,73532,-1464,-0.019909699,112229,-2195,-0.019558225
NQ,2020-05-22,198160,1,1,27027,-99,-0.0036630037,44349,913,0.02058671,74785,-395,-0.0052818078,94964,-948,-0.0099827303
NQ,2020-05-25,14538,1,1,2388,122,0.051088777,4089,263,0.064318904,6540,264,0.040366972,8644,424,0.049051365
NQ,2020-05-26,239970,1,1,26607,775,0.029127673,45842,52,0.001134331,71730,702,0.0097867001,95757,395,0.0041250248
NQ,2020-05-27,348825,1,1,37025,-347,-0.0093720459,67648,-1080,-0.015964995,112692,-1680,-0.014907891,161200,-3316,-0.02057072
NQ,2020-05-28,297329,1,1,36215,1219,0.033660086,55032,950,0.017262684,88704,1764,0.019886364,112138,1690,0.015070716
NQ,2020-05-29,346515,1,1,26296,726,0.027608762,45485,863,0.018973288,87641,463,0.0052829155,119169,1337,0.011219361
NQ,2020-06-01,190035,1,1,27960,1092,0.039055794,42489,933,0.021958625,77598,2060,0.026547076,97081,2609,0.026874466
NQ,2020-06-02,242957,1,1,29643,415,0.013999933,46880,96,0.0020477816,73633,481,0.0065323972,105610,-336,-0.0031815169
NQ,2020-06-03,224559,1,1,28181,213,0.007558284,44804,1014,0.022631908,75491,-313,-0.0041461896,97133,-53,-0.0005456436
NQ,2020-06-04,299848,1,1,23623,1149,0.048639038,46360,1520,0.032786885,77202,1562,0.020232636,101235,471,0.0046525411
NQ,2020-06-05,304942,1,1,45520,728,0.01599297,74049,-209,-0.0028224554,112917,-355,-0.0031439022,144167,409,0.0028369877
NQ,2020-06-08,240538,1,1,33374,184,0.0055132738,54870,-570,-0.01038819,89393,-143,-0.0015996778,114530,534,0.0046625338
NQ,2020-06-09,279061,1,1,32220,1174,0.036436996,52676,1604,0.0304503,87898,2290,0.026052925,121297,4029,0.033215991
NQ,2020-06-10,393759,1,1,33486,572,0.017081766,60609,775,0.01278688,106797,343,0.0032117007,143117,871,0.0060859297
NQ,2020-06-11,553489,1,1,42631,-1555,-0.036475804,65453,-455,-0.006951553,108068,-286,-0.0026464818,152571,-481,-0.0031526306
NQ,2020-06-12,292248,1,1,22350,880,0.039373602,33592,96,0.0028578233,58646,-1620,-0.027623367,88533,-2159,-0.024386387
NQ,2020-06-15,234044,1,1,32995,837,0.02536748,50861,2237,0.043982619,75694,2718,0.035907734,99997,2997,0.029970899
NQ,2020-06-16,395806,1,1,29492,1332,0.04516479,51780,1094,0.021127849,86343,1965,0.02275807,145194,1176,0.0080995082
NQ,2020-06-17,244359,1,1,27715,605,0.021829334,45603,-275,-0.006030305,83078,-974,-0.011723922,108653,17,0.0001564614
NQ,2020-06-18,243433,1,1,29014,-84,-0.0028951541,46074,448,0.0097234883,75159,183,0.0024348381,111144,440,0.0039588282
NQ,2020-06-19,336728,1,1,27931,565,0.02022842,43682,266,0.0060894648,65281,431,0.0066022273,91250,-364,-0.0039890411
NQ,2020-06-22,214763,1,1,23423,-331,-0.014131409,40120,588,0.014656032,66461,1733,0.026075443,88486,1744,0.019709333
NQ,2020-06-23,240817,1,1,23376,798,0.034137577,39417,531,0.013471345,70511,947,0.013430529,98843,485,0.0049067713
NQ,2020-06-24,469638,1,1,27403,513,0.018720578,60194,-1688,-0.028042662,108954,-1490,-0.013675496,155029,-1947,-0.012558941
NQ,2020-06-25,332361,1,1,35363,-691,-0.019540197,65820,-136,-0.0020662413,113436,2554,0.022514898,149576,1938,0.012956624
NQ,2020-06-26,432302,1,1,31491,-421,-0.013368899,54795,63,0.0011497399,106329,-845,-0.0079470323,165507,-995,-0.0060118303
NQ,2020-06-29,299668,1,1,41871,-917,-0.021900599,72160,146,0.0020232816,118652,1670,0.014074773,156994,1920,0.012229767
NQ,2020-06-30,278227,1,1,31070,874,0.028130029,53171,1421,0.026725095,86008,1458,0.016951911,114525,3887,0.033940188
NQ,2020-07-01,262383,1,1,36674,704,0.019196161,57705,25,0.00043323802,89612,958,0.010690533,116521,675,0.0057929472
NQ,2020-07-02,262731,1,1,29526,1172,0.039693829,46610,2036,0.043681613,77109,537,0.0069641676,114907,151,0.0013141062
NQ,2020-07-03,21245,1,1,2141,-7,-0.0032695002,3707,151,0.040733747,6865,-27,-0.0039329934,13425,131,0.0097579143
NQ,2020-07-06,281166,1,1,26475,1777,0.067119924,43124,3126,0.072488637,81814,2942,0.035959616,106467,3927,0.036884668
NQ,2020-07-07,307735,1,1,36281,-3,-8.2687908e-05,59058,-256,-0.0043347218,92283,845,0.0091566161,120412,936,0.0077733116
NQ,2020-07-08,318760,1,1,30151,1111,0.036847866,49764,1024,0.020577124,80724,484,0.0059957386,105103,851,0.0080968193
NQ,2020-07-09,432237,1,1,34947,-525,-0.015022749,56745,-31,-0.00054630364,98851,-1345,-0.013606337,154749,-3925,-0.025363653
NQ,2020-07-10,339069,1,1,47393,-161,-0.0033971262,76048,-550,-0.0072322744,131104,898,0.006849524,168817,847,0.0050172672
NQ,2020-07-13,532612,1,1,37357,2037,0.054527933,58240,1706,0.029292582,93352,2364,0.025323507,130432,2598,0.019918425
NQ,2020-07-14,621126,1,1,62519,-689,-0.01102065,127717,-1847,-0.014461661,218116,-1476,-0.0067670414,299163,-1343,-0.0044891915
NQ,2020-07-15,479478,1,1,54416,618,0.011356954,87121,-1125,-0.012913075,141703,-2353,-0.016605153,180853,-3203,-0.017710516
NQ,2020-07-16,388484,1,1,43263,575,0.013290803,72129,-1075,-0.014903853,127224,-2054,-0.016144753,168259,-1497,-0.0088969981
NQ,2020-07-17,282489,1,1,30518,684,0.022413002,56473,1327,0.023497955,99613,-151,-0.0015158664,128711,449,0.0034884353
NQ,2020-07-20,314006,1,1,40463,-339,-0.0083780244,68839,261,0.0037914554,117927,613,0.005198131,150806,598,0.0039653595
NQ,2020-07-21,402508,1,1,51668,-990,-0.019160796,79223,-151,-0.0019060121,139872,1428,0.010209334,179215,2401,0.013397316
NQ,2020-07-22,307924,1,1,35126,-1120,-0.031885213,57607,-619,-0.010745222,89765,-1049,-0.011686069,129490,100,0.00077226041
NQ,2020-07-23,476303,1,1,32393,107,0.0033031828,52376,-82,-0.0015656026,99080,168,0.0016955995,129533,381,0.0029413354
NQ,2020-07-24,432361,1,1,54060,-248,-0.0045874954,87144,1466,0.01682273,142089,3169,0.022302923,183669,4035,0.021968868
NQ,2020-07-27,290783,1,1,38488,1600,0.041571399,61013,2489,0.040794585,98654,1888,0.019137592,124646,1584,0.012707989
NQ,2020-07-28,287145,1,1,36268,-464,-0.012793647,61842,-926,-0.014973643,97318,76,0.00078094494,126072,538,0.0042674028
NQ,2020-07-29,243065,1,1,24734,-254,-0.010269265,41880,-130,-0.003104107,68463,157,0.0022932095,86523,901,0.010413416
NQ,2020-07-30,322684,1,1,30852,388,0.01257617,56089,-321,-0.0057230473,100629,519,0.005157559,132048,1154,0.0087392463
NQ,2020-07-31,431720,1,1,48991,171,0.003490437,78792,992,0.012590111,138910,-396,-0.0028507667,178437,695,0.0038949321
NQ,2020-08-03,262668,1,1,34408,1982,0.057602883,53046,1770,0.033367266,94770,1782,0.018803419,124686,1338,0.010730956
NQ,2020-08-04,255919,1,1,29497,681,0.023087094,48016,1350,0.028115628,78982,3474,0.043984705,104200,3606,0.034606526
NQ,2020-08-05,227027,1,1,31554,-578,-0.018317804,50917,91,0.0017872223,82159,-221,-0.0026899062,108165,-369,-0.0034114547
NQ,2020-08-06,272485,1,1,28131,-171,-0.0060787032,47662,576,0.012085099,77238,1154,0.014940832,106103,505,0.0047595261
NQ,2020-08-07,367013,1,1,32122,-1110,-0.034555756,46863,-459,-0.0097945074,75858,-1900,-0.025046798,105251,363,0.0034488983
NQ,2020-08-10,363868,1,1,31001,1381,0.04454695,56886,-1290,-0.022676933,100075,-1271,-0.012700475,156922,-4030,-0.025681549
NQ,2020-08-11,401077,1,1,42419,287,0.0067658361,71709,111,0.0015479229,118370,-530,-0.0044774858,150539,67,0.00044506739
NQ,2020-08-12,296655,1,1,33491,73,0.0021796901,64623,1543,0.023876948,103895,3391,0.032638722,135810,3806,0.028024446
NQ,2020-08-13,305641,1,1,35618,1328,0.037284519,58555,787,0.013440355,87226,1350,0.015477037,110335,1791,0.016232383
NQ,2020-08-14,276615,1,1,28370,510,0.017976736,52643,387,0.0073514047,98222,184,0.0018733074,127057,559,0.0043996002
NQ,2020-08-17,160524,1,1,21272,-76,-0.0035727717,33194,382,0.011508104,59190,-406,-0.0068592668,77530,-642,-0.0082806655
NQ,2020-08-18,226000,1,1,30166,-232,-0.0076907777,51938,-482,-0.0092802957,88935,-1851,-0.020812953,116707,-641,-0.0054923869
NQ,2020-08-19,303050,1,1,32795,-275,-0.0083854246,59134,-1210,-0.020462002,88338,206,0.0023319523,111913,135,0.0012062942
NQ,2020-08-20,262853,1,1,34290,516,0.015048119,57448,2320,0.040384348,89087,1655,0.018577346,113353,3127,0.027586389
NQ,2020-08-21,266685,1,1,36798,220,0.0059785858,56524,-288,-0.0050951808,89014,722,0.0081110836,117830,858,0.007281677
NQ,2020-08-24,457462,1,1,33515,1235,0.036849172,75362,394,0.005228099,146442,430,0.0029363161,209953,-813,-0.0038722952
NQ,2020-08-25,341893,1,1,49358,-1378,-0.027918473,72471,-1363,-0.018807523,120374,-2068,-0.01717979,160276,-612,-0.0038184132
NQ,2020-08-26,431711,1,1,31357,-337,-0.010747202,53183,-463,-0.0087057894,87146,-416,-0.0047735983,121275,1139,0.009391878
NQ,2020-08-27,537306,1,1,60103,-207,-0.0034440876,102311,-837,-0.0081809385,170237,101,0.00059329053,213140,474,0.0022238904
NQ,2020-08-28,352692,1,1,36027,1285,0.035667694,65250,894,0.013701149,104828,1018,0.0097111459,146752,-612,-0.0041703009
NQ,2020-08-31,330300,1,1,41311,239,0.005785384,62855,291,0.0046297033,97566,634,0.0064981653,127697,2519,0.019726384
NQ,2020-09-01,343349,1,1,43847,-349,-0.0079594955,68377,433,0.0063325387,128265,1611,0.012559935,167971,979,0.005828387
NQ,2020-09-02,544794,1,1,54808,-1044,-0.019048314,112563,-1955,-0.017368052,186121,821,0.0044111089,238836,528,0.002210722
NQ,2020-09-03,658881,1,1,59101,17,0.00028764319,90221,569,0.0063067357,169330,-1136,-0.0067087935,263522,-2172,-0.0082421961
NQ,2020-09-04,839104,1,1,72003,-911,-0.012652251,136948,-2386,-0.017422671,239507,-3339,-0.013941137,340647,-3381,-0.0099252305
NQ,2020-09-07,37542,1,1,5041,257,0.050981948,10297,-13,-0.0012625036,16334,-44,-0.0026937676,23109,163,0.0070535289
NQ,2020-09-08,544468,1,1,56887,1579,0.027756781,98978,4468,0.045141345,162301,4009,0.024701018,232537,5327,0.022908182
NQ,2020-09-09,421894,1,1,43420,-1658,-0.038185168,73335,-1867,-0.025458512,130388,-5344,-0.040985367,169198,-6292,-0.037187201
NQ,2020-09-10,615276,1,1,39005,763,0.019561595,75398,1348,0.017878458,126971,1485,0.011695584,185830,-300,-0.0016143787
NQ,2020-09-11,282305,1,1,27059,-577,-0.021323774,50536,-738,-0.014603451,90223,-1579,-0.017501081,114935,-1659,-0.014434245
NQ,2020-09-14,312840,1,1,36877,801,0.021720856,57891,1591,0.027482683,88911,3147,0.035394946,112857,2805,0.024854462
NQ,2020-09-15,322497,1,1,33526,942,0.028097596,54391,1595,0.029324704,91427,149,0.0016297155,127913,471,0.0036821902
NQ,2020-09-16,405128,1,1,33134,114,0.0034405746,56076,170,0.0030316,94603,-1199,-0.012674017,134754,-2616,-0.019413153
NQ,2020-09-17,478351,1,1,50635,-477,-0.0094203614,81060,718,0.0088576363,149894,2774,0.018506411,200920,2440,0.012144137
NQ,2020-09-18,533299,1,1,37338,-1074,-0.028764262,66014,-2098,-0.031781137,118527,-3925,-0.033114818,190489,-9859,-0.051756269
NQ,2020-09-21,478614,1,1,44217,465,0.010516317,80302,-302,-0.003760803,131774,-2306,-0.017499659,182340,-2660,-0.014588132
NQ,2020-09-22,386106,1,1,38018,-1418,-0.037298122,66107,-315,-0.0047650022,112639,-109,-0.00096769325,154315,-1389,-0.0090010692
NQ,2020-09-23,473685,1,1,25985,279,0.010736964,50993,-75,-0.0014707901,98914,756,0.007643003,134882,350,0.0025948607
NQ,2020-09-24,544526,1,1,51968,-446,-0.0085822044,94899,1051,0.011074932,165362,626,0.0037856339,228219,-875,-0.0038340366
NQ,2020-09-25,402235,1,1,36010,-1014,-0.028158845,70394,346,0.0049151916,126592,1810,0.014297902,167582,3478,0.020754019
NQ,2020-09-28,352562,1,1,35894,-162,-0.0045132891,61362,390,0.006355725,102037,1219,0.011946647,140712,782,0.0055574507
NQ,2020-09-29,292857,1,1,29129,51,0.0017508325,50321,431,0.0085650126,87262,1188,0.013614173,127319,431,0.0033851978
NQ,2020-09-30,403492,1,1,25519,513,0.020102669,52247,2307,0.044155645,98714,4718,0.047794639,130007,5215,0.040113225
NQ,2020-10-01,373391,1,1,35530,-332,-0.0093442162,59634,-534,-0.0089546232,102236,-1058,-0.010348605,135247,-805,-0.0059520729
NQ,2020-10-02,486451,1,1,48660,64,0.0013152487,80992,-1446,-0.017853615,125880,-1140,-0.009056244,166880,-2916,-0.017473634
NQ,2020-10-05,244095,1,1,25149,1315,0.052288361,41132,1524,0.037051444,74310,2648,0.035634504,99939,2599,0.026005864
NQ,2020-10-06,435070,1,1,25748,754,0.029283828,46342,202,0.0043588969,80279,1283,0.015981764,117765,461,0.0039145756
NQ,2020-10-07,276451,1,1,27782,1194,0.042977467,46401,609,0.013124717,86519,-911,-0.010529479,118948,-398,-0.0033459999
NQ,2020-10-08,265224,1,1,26986,-546,-0.020232713,47750,-362,-0.0075811518,87429,-489,-0.0055931098,114261,53,0.00046385031
NQ,2020-10-09,255367,1,1,25885,875,0.033803361,45704,1350,0.029537896,77889,1449,0.018603397,99837,2587,0.025912237
NQ,2020-10-12,475600,1,1,39087,1131,0.028935452,63833,1253,0.019629345,102170,2482,0.024292845,140272,5286,0.037683928
NQ,2020-10-13,468651,1,1,47959,-1171,-0.024416689,76512,-844,-0.011030949,130021,-655,-0.0050376478,183209,-933,-0.0050925446
NQ,2020-10-14,426470,1,1,33506,692,0.020653017,56512,472,0.0083522084,101902,-950,-0.0093226826,142796,-604,-0.0042298104
NQ,2020-10-15,388857,1,1,39486,1842,0.046649445,66362,2684,0.040444833,117313,2647,0.022563569,165019,3823,0.023167029
NQ,2020-10-16,344845,1,1,29443,1083,0.036782937,47330,1172,0.024762307,83589,2629,0.031451507,115269,1283,0.011130486
NQ,2020-10-19,461570,1,1,27587,735,0.026642984,53152,-784,-0.014750151,106396,-1370,-0.012876424,165234,-2738,-0.016570439
NQ,2020-10-20,435112,1,1,41845,-151,-0.0036085554,69214,6,8.6687664e-05,114010,692,0.006069643,153155,403,0.0026313212
NQ,2020-10-21,404615,1,1,29178,1220,0.041812324,54053,1797,0.033245148,88302,1304,0.014767502,123158,196,0.0015914516
NQ,2020-10-22,399788,1,1,28074,198,0.0070527891,50605,-385,-0.0076079439,101649,-2951,-0.029031274,174879,-3763,-0.021517735
NQ,2020-10-23,355277,1,1,35557,-1577,-0.044351323,63706,-1716,-0.026936238,108873,-2163,-0.019867185,146910,-3376,-0.022980056
NQ,2020-10-26,471981,1,1,32980,800,0.024257126,54417,1409,0.025892644,99113,-831,-0.0083843694,152254,-3282,-0.021556084
NQ,2020-10-27,373861,1,1,37629,919,0.024422653,66625,639,0.0095909944,114254,-520,-0.004551263,153536,1034,0.0067345769
NQ,2020-10-28,517286,1,1,46937,-1113,-0.023712636,83539,-1515,-0.018135242,145438,-2564,-0.017629505,198763,-2409,-0.012119962
NQ,2020-10-29,375668,1,1,32972,-616,-0.018682519,62180,118,0.0018977163,109028,96,0.00088050776,143136,-354,-0.0024731724
NQ,2020-10-30,554857,1,1,37814,-676,-0.017876977,72279,-675,-0.0093388121,132585,-2059,-0.01552966,201267,-4059,-0.020167241
NQ,2020-11-02,391836,1,1,35268,-770,-0.021832823,59385,-185,-0.0031152648,108832,-1530,-0.014058365,145061,-2345,-0.016165613
NQ,2020-11-03,334142,1,1,24777,197,0.0079509222,47197,1367,0.028963705,100412,2666,0.026550611,134726,2716,0.020159435
NQ,2020-11-04,406282,1,1,51416,326,0.0063404388,80781,871,0.010782238,141402,2462,0.017411352,179163,2881,0.016080329
NQ,2020-11-05,350248,1,1,38455,-987,-0.025666363,63295,-1243,-0.019638202,109836,-1984,-0.018063294,158984,-506,-0.0031827102
NQ,2020-11-06,313248,1,1,35522,-2170,-0.061088903,60930,-2120,-0.034794026,97850,-508,-0.0051916198,127890,-1388,-0.010853077
NQ,2020-11-09,383356,1,1,41259,-111,-0.0026903221,70361,-945,-0.013430736,117577,-113,-0.00096107232,158959,-1235,-0.007769299
NQ,2020-11-10,515016,1,1,47094,-524,-0.011126683,76724,-184,-0.0023982066,134467,-2155,-0.016026237,190743,-2979,-0.015617873
NQ,2020-11-11,302990,1,1,33737,1515,0.044906186,60032,1464,0.024386994,102975,3457,0.033571255,142887,3057,0.021394529
NQ,2020-11-12,348654,1,1,33639,-13,-0.0003864562,59472,430,0.0072302932,95028,114,0.0011996464,125679,-1025,-0.0081556982
NQ,2020-11-13,267989,1,1,28124,-202,-0.0071824776,46285,-821,-0.017737928,83747,-2797,-0.033398211,117715,-4185,-0.035551969
NQ,2020-11-16,260681,1,1,36316,1670,0.045985241,60209,1451,0.024099387,96657,1257,0.013004749,124687,679,0.0054456359
NQ,2020-11-17,257280,1,1,29499,-541,-0.018339605,52990,-1816,-0.034270617,82254,-1308,-0.015901962,106167,191,0.0017990524
NQ,2020-11-18,282815,1,1,26803,121,0.00451442,49087,-1489,-0.030333897,80543,-941,-0.0116832,107016,-494,-0.0046161322
NQ,2020-11-19,252300,1,1,34243,1179,0.034430395,57166,2372,0.041493195,91773,2227,0.024266396,116748,3568,0.030561551
NQ,2020-11-20,213081,1,1,26807,-197,-0.0073488268,44919,269,0.0059885572,69543,1049,0.015084193,88590,1526,0.01722542
NQ,2020-11-23,298025,1,1,23557,1453,0.06168018,43812,1878,0.042864969,90559,-1009,-0.011141907,117028,-696,-0.0059472947
NQ,2020-11-24,284888,1,1,35779,-1133,-0.03166662,56631,-753,-0.013296604,96965,-1583,-0.016325478,130901,-369,-0.0028189242
NQ,2020-11-25,258183,1,1,31227,-735,-0.023537323,51655,-685,-0.013261059,88875,-1513,-0.01702391,113192,-1212,-0.01070747
NQ,2020-11-26,23269,1,1,3350,-144,-0.042985075,4670,-126,-0.026980728,7518,-194,-0.025804735,10908,-368,-0.033736707
NQ,2020-11-27,155564,1,1,26869,-45,-0.0016747925,40694,426,0.010468374,68493,1249,0.01823544,90416,928,0.01026367
NQ,2020-11-30,337225,1,1,29485,87,0.0029506529,51938,350,0.006738804,91248,-568,-0.006224794,151361,-293,-0.0019357695
NQ,2020-12-01,330169,1,1,34374,232,0.0067492873,56228,960,0.017073344,98430,1040,0.010565884,139344,262,0.0018802388
NQ,2020-12-02,286540,1,1,41612,-2054,-0.049360761,70752,-538,-0.0076040253,110265,1225,0.0111096,137603,1269,0.0092221827
NQ,2020-12-03,275362,1,1,25404,-38,-0.0014958274,43125,-225,-0.0052173913,77294,970,0.012549486,107573,-1459,-0.013562883
NQ,2020-12-04,228307,1,1,30437,-167,-0.0054867431,49554,880,0.017758405,81114,412,0.0050792711,108068,1424,0.013176889
NQ,2020-12-07,224042,1,1,26385,2731,0.10350578,44837,3025,0.067466601,69383,3017,0.043483274,90087,2665,0.029582515
NQ,2020-12-08,254191,1,1,32633,-277,-0.00848834,53884,-882,-0.016368495,93592,-2620,-0.027993846,117778,-536,-0.0045509348
NQ,2020-12-09,501192,1,1,33497,27,0.00080604233,53257,1281,0.024053176,101507,165,0.0016255037,129951,783,0.006025348
NQ,2020-12-10,355926,1,1,47927,2155,0.044964216,79796,3580,0.044864404,127474,3074,0.024114721,164858,3946,0.023935751
NQ,2020-12-11,215168,1,1,24348,-118,-0.004846394,40284,706,0.017525568,64180,1354,0.021096915,83879,1359,0.01620191
NQ,2020-12-14,273187,1,1,28489,1713,0.060128471,45756,2050,0.044802867,75326,2512,0.033348379,100989,1783,0.017655388
NQ,2020-12-15,260528,1,1,35762,830,0.023208993,54461,1135,0.020840602,82819,185,0.0022337869,110896,-1254,-0.011307892
NQ,2020-12-16,258540,1,1,28927,-1117,-0.038614443,46742,84,0.001797099,79481,203,0.0025540695,101345,1119,0.011041492
NQ,2020-12-17,262939,1,1,30148,468,0.015523418,48426,156,0.00322141,85575,-293,-0.0034238972,115986,-946,-0.0081561568
NQ,2020-12-18,323946,1,1,32305,-1111,-0.034390961,57195,-2021,-0.035335257,99207,-2713,-0.027346861,123777,-3371,-0.027234462
NQ,2020-12-21,366225,1,1,39643,-657,-0.016572913,68928,-1390,-0.02016597,133669,-2731,-0.020431065,181889,-1555,-0.0085491701
NQ,2020-12-22,324311,1,1,32812,446,0.013592588,56505,1689,0.02989116,103924,152,0.0014626073,137531,567,0.0041227069
NQ,2020-12-23,226005,1,1,30685,-709,-0.023105752,57392,-280,-0.0048787287,90429,523,0.0057835429,114439,1075,0.0093936508
NQ,2020-12-24,108774,1,1,18184,1766,0.097118346,30107,1529,0.050785532,49967,1531,0.030640223,65229,669,0.010256174
NQ,2020-12-28,234554,1,1,31068,-1012,-0.032573709,51815,-1171,-0.022599633,93455,-1939,-0.020747954,122096,20,0.00016380553
NQ,2020-12-29,302023,1,1,33417,693,0.020737948,60984,-220,-0.0036075036,110364,-804,-0.0072849842,142090,-334,-0.0023506228
NQ,2020-12-30,244255,1,1,32339,-899,-0.027799252,56195,-1803,-0.032084705,90203,-2361,-0.026174296,120044,-2662,-0.022175202
NQ,2020-12-31,211662,1,1,25653,513,0.019997661,41646,-68,-0.0016328099,62762,320,0.0050986266,76937,623,0.0080975343
NQ,2021-01-04,492903,1,1,40149,-377,-0.0093900222,67004,-926,-0.01382007,111178,428,0.0038496825,169596,-1978,-0.011663011
NQ,2021-01-05,325704,1,1,45843,1699,0.037061274,69043,1847,0.026751445,118338,1958,0.016545826,155240,836,0.00538521
NQ,2021-01-06,437584,1,1,46761,1211,0.02589765,75296,1926,0.025579048,123088,4406,0.035795528,164205,6327,0.038531104
NQ,2021-01-07,280643,1,1,42309,2431,0.057458224,67273,1877,0.027901238,113268,1782,0.015732599,139898,1998,0.014281834
NQ,2021-01-08,368884,1,1,39124,452,0.011553011,64596,392,0.0060684872,110415,-1891,-0.017126296,147209,-519,-0.0035255997
NQ,2021-01-11,313013,1,1,52245,-939,-0.017973012,84218,554,0.0065781662,121797,1731,0.014212173,150509,1295,0.0086041366
NQ,2021-01-12,331269,1,1,32460,578,0.017806531,65470,-694,-0.010600275,107654,4,3.7156074e-05,133626,-948,-0.0070944277
NQ,2021-01-13,289065,1,1,33309,-71,-0.002131556,64485,1531,0.023741955,107597,1335,0.012407409,139390,3624,0.025998996
NQ,2021-01-14,296806,1,1,36659,747,0.020376988,58479,917,0.015680843,86401,1657,0.019178019,117264,2720,0.023195525
NQ,2021-01-15,379163,1,1,37859,1445,0.038167939,58111,1361,0.023420695,135997,-205,-0.0015073862,176890,442,0.002498728
NQ,2021-01-18,18473,1,1,3584,-132,-0.036830357,6126,282,0.046033301,9658,-14,-0.0014495755,13422,142,0.010579645
NQ,2021-01-19,294288,1,1,39168,376,0.0095996732,68449,-327,-0.0047772794,111606,44,0.00039424404,138168,32,0.00023160211
NQ,2021-01-20,303268,1,1,41921,1709,0.040767157,67111,-31,-0.00046192129,113117,-373,-0.0032974708,140882,-234,-0.0016609645
NQ,2021-01-21,298190,1,1,40033,-329,-0.00821822,64796,222,0.0034261374,110619,1129,0.010206203,138373,1797,0.012986638
NQ,2021-01-22,284405,1,1,32845,833,0.025361547,58914,1924,0.032657772,101193,829,0.0081922663,137709,1737,0.012613555
NQ,2021-01-25,502190,1,1,39265,1427,0.036342799,66938,360,0.0053781111,111548,-1358,-0.012174131,187761,-4947,-0.026347325
NQ,2021-01-26,358402,1,1,45348,588,0.012966393,76260,1328,0.01741411,136094,1734,0.012741194,179022,1416,0.0079096424
NQ,2021-01-27,543070,1,1,61099,-1511,-0.024730356,110300,8,7.2529465e-05,172025,1599,0.0092951606,214110,1376,0.0064266031
NQ,2021-01-28,360439,1,1,39405,2681,0.068037051,67181,2317,0.034488918,113246,3904,0.034473624,154915,4925,0.031791628
NQ,2021-01-29,472039,1,1,38953,201,0.0051600647,68424,866,0.012656378,113634,2516,0.022141261,150135,2537,0.016898125
NQ,2021-02-01,341414,1,1,33912,-58,-0.001710309,64240,-988,-0.015379826,115035,-1329,-0.011553006,157037,-1367,-0.0087049549
NQ,2021-02-02,309482,1,1,31192,1222,0.039176712,61441,601,0.0097817418,106989,1109,0.010365552,139661,1947,0.0139409
NQ,2021-02-03,356662,1,1,43473,-633,-0.014560762,66476,378,0.0056862627,127952,-1314,-0.010269476,170265,-1087,-0.0063841659
NQ,2021-02-04,274559,1,1,40053,-403,-0.010061668,67043,-669,-0.0099786704,113089,-745,-0.0065877318,142806,-584,-0.004089464
NQ,2021-02-05,308042,1,1,37873,481,0.012700341,61498,96,0.0015610264,105540,426,0.0040363843,136171,431,0.003165138
NQ,2021-02-08,281617,1,1,37312,90,0.0024120926,58367,-199,-0.0034094608,99754,-1092,-0.010946929,126926,298,0.0023478247
NQ,2021-02-09,271263,1,1,32170,1438,0.044700031,55673,3015,0.054155515,91672,3174,0.03462344,118051,2215,0.018763077
NQ,2021-02-10,417012,1,1,36488,-592,-0.016224512,57219,-411,-0.0071829287,139138,-3124,-0.022452529,215950,-2514,-0.011641584
NQ,2021-02-11,385821,1,1,34921,-311,-0.008905816,62640,-1000,-0.01596424,99317,-567,-0.0057089924,139733,-801,-0.005732361
NQ,2021-02-12,288194,1,1,40718,814,0.019991159,62827,589,0.0093749503,98454,300,0.0030471083,137469,1477,0.010744241
NQ,2021-02-15,19514,1,1,3700,190,0.051351351,6638,622,0.093702923,9220,568,0.061605206,11871,927,0.078089462
NQ,2021-02-16,408074,1,1,47906,1156,0.024130589,73967,1099,0.014857977,117961,765,0.0064851943,163197,-195,-0.0011948749
NQ,2021-02-17,396461,1,1,46401,1309,0.028210599,74109,2063,0.027837375,141174,-140,-0.00099168402,192141,1443,0.0075101098
NQ,2021-02-18,382041,1,1,39751,1245,0.031319967,65126,1862,0.028590732,127900,1068,0.0083502737,171819,2607,0.015172944
NQ,2021-02-19,363480,1,1,39226,-852,-0.021720288,59988,-660,-0.0110022,100758,-1472,-0.014609262,127766,-896,-0.0070128203
NQ,2021-02-22,409674,1,1,42540,158,0.0037141514,65252,762,0.011677803,119739,213,0.001778869,171754,330,0.0019213526
NQ,2021-02-23,545220,1,1,73098,-1374,-0.018796684,130131,331,0.0025435907,208622,3444,0.016508326,268041,4053,0.015120821
NQ,2021-02-24,361636,1,1,53186,844,0.015868838,88177,923,0.010467582,145370,3036,0.020884639,186705,4311,0.023089901
NQ,2021-02-25,601606,1,1,38985,1409,0.036142106,65490,904,0.013803634,130386,628,0.004816468,192664,1134,0.0058858946
NQ,2021-02-26,470679,1,1,43602,332,0.0076143296,80211,-625,-0.0077919487,154952,-2592,-0.016727761,209332,-626,-0.0029904649
NQ,2021-03-01,314481,1,1,37600,-66,-0.0017553191,64812,-260,-0.0040116028,113283,1539,0.013585445,147918,2368,0.01600887
NQ,2021-03-02,375221,1,1,34835,-957,-0.02747237,67688,-1506,-0.022249143,115827,-3483,-0.030070709,155324,-3298,-0.021233035
NQ,2021-03-03,517433,1,1,42564,-1920,-0.045108542,77783,-2911,-0.03742463,145376,-2700,-0.018572529,202207,-2215,-0.010954121
NQ,2021-03-04,727795,1,1,41215,-335,-0.0081281087,91382,-2288,-0.025037754,173156,-1170,-0.0067569128,246331,-129,-0.00052368561
NQ,2021-03-05,673459,1,1,55432,-1074,-0.01937509,110918,-1790,-0.016138048,196886,-3862,-0.019615412,274212,-3286,-0.011983429
NQ,2021-03-08,452191,1,1,51603,-567,-0.010987733,92398,-1288,-0.013939696,149143,-789,-0.0052902248,193020,-1316,-0.0068179463
NQ,2021-03-09,379178,1,1,47832,-1374,-0.028725539,83333,-831,-0.0099720399,138994,-1612,-0.011597623,180287,-3109,-0.017244726
NQ,2021-03-10,443531,1,1,54683,-1609,-0.029424135,85746,-2512,-0.029295827,142728,-4368,-0.030603666,203338,-4206,-0.020684771
NQ,2021-03-11,273678,1,1,39965,-473,-0.011835356,61496,-820,-0.013334201,105737,-1419,-0.013420089,140556,-522,-0.0037138222
NQ,2021-03-12,206667,1,1,27187,-67,-0.0024644131,43407,759,0.017485659,81721,-603,-0.0073787643,111461,-1301,-0.011672244
NQ,2021-03-15,202542,1,1,23150,-44,-0.0019006479,38745,591,0.015253581,63357,-81,-0.0012784696,87180,1028,0.011791695
NQ,2021-03-16,340715,1,1,28577,489,0.017111663,50090,1394,0.027829906,85155,3285,0.038576713,115712,3488,0.030143805
NQ,2021-03-17,419594,1,1,40353,737,0.018263822,69471,1661,0.023909257,112632,2916,0.025889623,151705,2991,0.019715896
NQ,2021-03-18,437284,1,1,35596,1126,0.031632768,69774,1632,0.023389801,122805,1431,0.01165262,167562,674,0.0040223917
NQ,2021-03-19,392236,1,1,46070,-104,-0.0022574343,78329,-531,-0.0067790984,137782,-3032,-0.022005777,184003,-3897,-0.021179003
NQ,2021-03-22,310792,1,1,41099,133,0.0032360885,68359,1591,0.023274185,112107,2571,0.022933448,141383,2941,0.020801652
NQ,2021-03-23,436464,1,1,39286,-800,-0.020363488,66269,-255,-0.003847953,112903,697,0.0061734409,156639,2037,0.013004424
NQ,2021-03-24,449916,1,1,35916,-2064,-0.057467424,71234,-3032,-0.042563944,127151,-2817,-0.022154761,165576,-1634,-0.00986858
NQ,2021-03-25,536979,1,1,44515,465,0.010445917,77767,557,0.0071624211,131082,-162,-0.0012358676,194852,-940,-0.0048241742
NQ,2021-03-26,420058,1,1,33783,883,0.026137406,56611,911,0.016092279,102751,657,0.0063940984,137892,1570,0.011385722
NQ,2021-03-29,387709,1,1,34126,-1488,-0.043603118,65457,-2657,-0.040591533,120017,-2219,-0.018489047,158586,-1422,-0.0089667436
NQ,2021-03-30,362353,1,1,38939,-431,-0.011068594,65802,-454,-0.0068994863,118519,79,0.00066655979,159771,641,0.0040119922
NQ,2021-03-31,334651,1,1,31730,116,0.0036558462,59621,2067,0.034668992,105006,1902,0.018113251,140343,2667,0.019003442
NQ,2021-04-01,286099,1,1,38799,405,0.010438413,54870,738,0.013449973,101032,2970,0.029396627,129927,2553,0.019649495
NQ,2021-04-05,230430,1,1,28135,209,0.0074284699,49593,857,0.017280665,83232,1590,0.01910323,105630,1624,0.01537442
NQ,2021-04-06,322921,1,1,34767,-553,-0.015905888,56472,-248,-0.0043915569,96243,-931,-0.0096734308,131650,-132,-0.0010026586
NQ,2021-04-07,314142,1,1,35301,-377,-0.010679584,55131,459,0.0083256244,89891,1157,0.012871144,113818,510,0.0044808378
NQ,2021-04-08,306027,1,1,36882,392,0.010628491,65270,1432,0.021939635,116688,4,3.4279446e-05,153717,-193,-0.001255554
NQ,2021-04-09,321789,1,1,39666,1042,0.026269349,64445,2251,0.034929009,101738,2626,0.025811398,138751,1237,0.0089152511
NQ,2021-04-12,328222,1,1,32156,1096,0.034083841,64181,-291,-0.0045340521,104552,672,0.0064274237,143310,204,0.0014234875
NQ,2021-04-13,343026,1,1,40890,900,0.022010271,65978,1690,0.025614599,109947,493,0.0044839786,139710,314,0.0022475127
NQ,2021-04-14,523771,1,1,49057,-1167,-0.023788654,76738,-1550,-0.020198598,127441,-3219,-0.025258747,174275,-3143,-0.018034715
NQ,2021-04-15,377485,1,1,39913,1153,0.028887831,64293,1031,0.01603596,114794,1150,0.010017945,150062,1514,0.010089163
NQ,2021-04-16,350888,1,1,47949,-1349,-0.028134059,79235,-3337,-0.042115227,129329,-1917,-0.014822662,166764,-2034,-0.012196877
NQ,2021-04-19,461738,1,1,39114,1926,0.049240681,62284,1348,0.021642798,132805,157,0.0011821844,189639,521,0.0027473252
NQ,2021-04-20,433978,1,1,45481,427,0.0093885359,78884,300,0.0038030526,129970,88,0.00067707933,195573,-377,-0.001927669
NQ,2021-04-21,360596,1,1,48254,-1264,-0.02619472,83958,102,0.0012148932,141664,738,0.0052095098,181946,-626,-0.0034405813
NQ,2021-04-22,476354,1,1,37512,356,0.0094902964,63663,655,0.010288551,114332,1720,0.015043907,150196,2232,0.014860582
NQ,2021-04-23,317880,1,1,33307,1359,0.040802234,58615,1271,0.021683869,95871,1211,0.012631557,133996,2270,0.016940804
NQ,2021-04-26,281734,1,1,33885,223,0.0065810831,59709,23,0.00038520156,97623,307,0.0031447507,124371,557,0.004478536
NQ,2021-04-27,301068,1,1,37403,-1125,-0.030077801,69617,-2033,-0.029202637,122764,-2464,-0.020071031,162001,-3383,-0.020882587
NQ,2021-04-28,366281,1,1,41012,-1298,-0.031649273,68767,93,0.0013523929,103892,-1164,-0.011203943,147210,-2476,-0.01681951
NQ,2021-04-29,433179,1,1,39303,-1535,-0.039055543,81478,-3848,-0.047227472,141630,-5396,-0.038099273,199770,-5942,-0.029744206
NQ,2021-04-30,404858,1,1,34149,577,0.016896542,61746,1028,0.016648852,108515,2073,0.01910335,155917,813,0.0052143127
NQ,2021-05-03,353549,1,1,30681,-1357,-0.044229328,54464,-1178,-0.021628966,104400,-98,-0.00093869732,150804,-2278,-0.0151057
NQ,2021-05-04,486253,1,1,50520,-224,-0.0044338876,96486,1050,0.010882408,163685,2803,0.017124355,212373,1291,0.0060789272
NQ,2021-05-05,369227,1,1,39484,62,0.0015702563,68325,-1501,-0.021968533,130143,-1847,-0.014192081,165986,-1808,-0.010892485
NQ,2021-05-06,404691,1,1,44043,-101,-0.0022932135,75936,-950,-0.012510535,131611,-635,-0.0048248247,172845,-577,-0.003338251
NQ,2021-05-07,357219,1,1,51995,-353,-0.0067891143,86310,716,0.0082956784,135979,1233,0.0090675766,164008,490,0.0029876591
NQ,2021-05-10,434524,1,1,47719,-1943,-0.040717534,77137,-2401,-0.031126437,125763,-1399,-0.011124099,174578,-2366,-0.013552681
NQ,2021-05-11,519790,1,1,59138,2680,0.045317731,95785,3951,0.04124863,170917,2315,0.013544586,239627,2477,0.010336899
NQ,2021-05-12,485980,1,1,41366,284,0.0068655417,71940,-396,-0.0055045872,126164,264,0.0020925145,186017,879,0.0047253746
NQ,2021-05-13,474741,1,1,43668,240,0.0054960154,74424,-414,-0.0055627217,127737,-1053,-0.0082435003,171406,-782,-0.0045622674
NQ,2021-05-14,291268,1,1,32362,-446,-0.013781596,54410,44,0.00080867488,99357,-405,-0.00407621,130209,-1389,-0.010667465
NQ,2021-05-17,333287,1,1,34391,455,0.013230206,55775,63,0.0011295383,107093,743,0.0069378951,145580,1208,0.0082978431
NQ,2021-05-18,299058,1,1,33200,-264,-0.0079518072,61119,-1311,-0.021449958,98411,-1189,-0.012081983,127893,-1743,-0.01362858
NQ,2021-05-19,425112,1,1,45696,1662,0.036370798,77972,1368,0.01754476,129479,3401,0.026266808,171917,2879,0.016746453
NQ,2021-05-20,301534,1,1,39910,1356,0.033976447,63486,370,0.0058280566,96385,105,0.0010893811,125248,-162,-0.0012934338
NQ,2021-05-21,312582,1,1,31625,-1947,-0.061565217,56169,-1703,-0.030319215,101338,-3054,-0.03013677,138205,-3969,-0.028718208
NQ,2021-05-24,242517,1,1,36533,1797,0.049188405,53970,1382,0.025606819,92328,1738,0.018824192,116036,1330,0.01146196
NQ,2021-05-25,316147,1,1,34847,-217,-0.0062272219,58418,-62,-0.0010613167,95610,164,0.0017153017,126075,451,0.0035772358
NQ,2021-05-26,231152,1,1,29406,-724,-0.024620826,46710,-1300,-0.0278313,76805,-605,-0.0078770913,99786,20,0.00020042892
NQ,2021-05-27,262136,1,1,30869,-951,-0.030807606,54582,-830,-0.015206478,88753,-157,-0.0017689543,122967,-433,-0.0035212699
NQ,2021-05-28,254950,1,1,30999,25,0.00080647763,52086,-1318,-0.025304304,86350,-3072,-0.035576144,109206,-3102,-0.028405033
NQ,2021-05-31,11870,1,1,1925,107,0.055584416,3219,105,0.032618826,4929,-25,-0.0050720227,6779,-101,-0.014898953
NQ,2021-06-01,286938,1,1,30714,166,0.0054047014,53763,-1051,-0.01954876,109972,-1170,-0.010639072,151941,-2775,-0.018263668
NQ,2021-06-02,268332,1,1,32281,819,0.025370961,53575,441,0.0082314512,89682,814,0.0090765148,116010,228,0.0019653478
NQ,2021-06-03,385018,1,1,42179,-1313,-0.031129235,76302,-306,-0.0040103798,130336,930,0.0071354039,185852,2270,0.01221402
NQ,2021-06-04,261541,1,1,37929,1753,0.046217934,62214,2038,0.0327579,108939,2531,0.023233186,135538,1714,0.0126459
NQ,2021-06-07,262779,1,1,35427,-209,-0.0058994552,56118,368,0.0065576107,90658,-396,-0.0043680646,121262,6,4.9479639e-05
NQ,2021-06-08,314274,1,1,36360,1154,0.031738174,71715,277,0.0038625113,110882,146,0.0013167151,146158,-24,-0.00016420586
NQ,2021-06-09,257831,1,1,35568,20,0.00056230319,70334,356,0.0050615634,105429,145,0.0013753332,129581,-7,-5.4020265e-05
NQ,2021-06-10,294201,1,1,42731,1289,0.030165454,71104,2508,0.035272277,104871,1759,0.016772988,154295,309,0.0020026572
NQ,2021-06-11,124706,1,1,20145,-531,-0.026358898,33735,-1057,-0.031332444,52798,-982,-0.018599189,71624,-1864,-0.026024796
NQ,2021-06-14,216242,1,1,27666,390,0.014096725,49866,-48,-0.00096257971,77146,-424,-0.0054960724,98636,368,0.0037308893
NQ,2021-06-15,275341,1,1,36560,226,0.0061816193,58843,-529,-0.0089900243,101453,-1151,-0.011345155,128744,-1690,-0.013126825
NQ,2021-06-16,417429,1,1,30436,1286,0.042252596,50113,2321,0.046315327,77812,3140,0.040353673,101814,980,0.0096253953
NQ,2021-06-17,445778,1,1,44394,1656,0.037302338,69582,2796,0.040182806,124294,3808,0.030637038,173271,3539,0.020424653
NQ,2021-06-18,381745,1,1,52362,1214,0.023184752,86072,458,0.0053211265,132538,938,0.0070772156,174108,286,0.0016426586
NQ,2021-06-21,324325,1,1,56553,-1565,-0.027673156,89451,-995,-0.011123408,139496,-1344,-0.0096346849,176063,487,0.0027660553
NQ,2021-06-22,291738,1,1,42829,1943,0.045366457,70358,2492,0.035418858,109396,3132,0.028629932,137214,3308,0.024108327
NQ,2021-06-23,256634,1,1,29338,660,0.022496421,53145,1481,0.027867156,86114,284,0.0032979539,115709,-37,-0.00031976769
NQ,2021-06-24,295559,1,1,35706,728,0.02038873,54431,87,0.0015983539,90369,1725,0.019088404,116346,592,0.0050882712
NQ,2021-06-25,271791,1,1,31855,-275,-0.0086328677,59173,-2421,-0.04091393,104167,-1955,-0.01876794,130666,-3154,-0.024137878
NQ,2021-06-28,269851,1,1,39845,1419,0.035613,62368,1476,0.023665983,99976,824,0.0082419781,127165,277,0.0021782723
NQ,2021-06-29,249656,1,1,39385,1373,0.034860988,56402,1168,0.020708486,89869,313,0.0034828473,116778,1728,0.014797308
NQ,2021-06-30,261618,1,1,40239,-657,-0.016327444,64387,-1407,-0.021852237,96833,-525,-0.0054217054,126202,336,0.0026623984
NQ,2021-07-01,294271,1,1,35643,987,0.027691272,59479,947,0.015921586,97853,409,0.004179739,128398,826,0.006433122
NQ,2021-07-02,235608,1,1,36380,-214,-0.0058823529,56271,-527,-0.0093653925,84039,-1561,-0.018574709,110503,-2941,-0.026614662
NQ,2021-07-05,11024,1,1,1984,-236,-0.11895161,3730,-336,-0.090080429,6403,-331,-0.051694518,7976,-360,-0.045135406
NQ,2021-07-06,349012,1,1,35530,736,0.020714889,57915,763,0.01317448,107271,1975,0.018411313,153896,222,0.0014425326
NQ,2021-07-07,338232,1,1,43984,-1144,-0.026009458,67957,-1259,-0.018526421,115439,-2547,-0.022063601,168894,-2150,-0.012729878
NQ,2021-07-08,402965,1,1,52611,-377,-0.0071658018,94842,1008,0.010628203,154862,1346,0.0086916093,200248,542,0.0027066438
NQ,2021-07-09,275126,1,1,40643,265,0.006520188,66411,769,0.011579407,103617,1545,0.014910681,137457,3189,0.023199983
NQ,2021-07-12,244243,1,1,42308,-736,-0.017396237,70560,-2428,-0.034410431,111857,-2305,-0.020606667,138840,-1864,-0.013425526
NQ,2021-07-13,343022,1,1,34699,-521,-0.015014842,60762,1374,0.022612817,100151,3177,0.0317221,128663,2987,0.023215687
NQ,2021-07-14,355151,1,1,39604,-1242,-0.031360469,66002,-1338,-0.020272113,108897,-2101,-0.019293461,144975,-2377,-0.01639593
NQ,2021-07-15,454467,1,1,49128,-2284,-0.0464908,84042,-354,-0.0042121796,137701,-3363,-0.024422481,196107,-4409,-0.022482624
NQ,2021-07-16,387783,1,1,37055,-227,-0.0061260289,66476,-664,-0.0099885673,122688,-3828,-0.031201095,164768,-3948,-0.023960963
NQ,2021-07-19,485068,1,1,58552,142,0.0024251947,98259,-1469,-0.014950284,162840,-618,-0.0037951363,214662,-572,-0.0026646542
NQ,2021-07-20,351771,1,1,48974,-794,-0.016212684,80468,986,0.012253318,124595,1587,0.012737269,162995,3409,0.020914752
NQ,2021-07-21,260205,1,1,41633,1437,0.034515889,64296,2928,0.04553938,96014,2566,0.026725269,123343,2579,0.020909172
NQ,2021-07-22,305719,1,1,38365,1179,0.030731135,64830,438,0.0067561314,104443,1747,0.016726827,132069,1833,0.013879109
NQ,2021-07-23,321057,1,1,40811,-561,-0.013746294,68623,307,0.0044737187,108926,74,0.0006793603,142020,224,0.0015772426
NQ,2021-07-26,260960,1,1,42137,309,0.0073332226,64914,332,0.0051144591,105085,-1739,-0.016548508,136063,-2193,-0.016117534
NQ,2021-07-27,490897,1,1,40226,-1310,-0.032566002,67297,-2193,-0.032586891,140253,-2983,-0.021268707,206820,-3516,-0.01700029
NQ,2021-07-28,401918,1,1,49193,-1649,-0.033521029,82183,619,0.0075319713,141089,3777,0.026770336,187672,2494,0.013289143
NQ,2021-07-29,271988,1,1,40151,1807,0.045005106,61950,1300,0.020984665,102985,1027,0.0099723261,132795,463,0.0034865771
NQ,2021-07-30,320701,1,1,45969,689,0.014988362,74705,1733,0.023197912,118307,237,0.0020032627,149715,83,0.00055438667
NQ,2021-08-02,325053,1,1,46142,-2306,-0.049976161,74953,-1539,-0.020532867,121867,-1059,-0.0086898012,153052,-142,-0.00092778925
NQ,2021-08-03,393049,1,1,40745,1643,0.040323966,79019,867,0.010972045,138992,1424,0.010245194,183949,497,0.0027018358
NQ,2021-08-04,323821,1,1,37425,237,0.0063326653,68615,-277,-0.0040370181,122778,-1592,-0.012966492,158163,-1395,-0.0088200148
NQ,2021-08-05,240356,1,1,33989,-549,-0.016152285,55385,-81,-0.0014624898,93431,-315,-0.003371472,124650,28,0.00022462896
NQ,2021-08-06,285217,1,1,40646,718,0.017664715,69171,307,0.0044382762,108163,415,0.0038368019,142401,-1063,-0.0074648352
NQ,2021-08-09,229158,1,1,40422,-92,-0.0022759883,62782,346,0.0055111338,96656,1306,0.013511836,127700,244,0.0019107283
NQ,2021-08-10,346165,1,1,37204,48,0.0012901839,61233,487,0.0079532278,110030,-1390,-0.012632918,183458,-938,-0.0051128869
NQ,2021-08-11,316866,1,1,42230,-928,-0.021974899,68684,-1422,-0.020703512,110222,-1870,-0.01696576,149502,-3214,-0.02149804
NQ,2021-08-12,267205,1,1,41225,-1011,-0.024523954,67162,-438,-0.0065215449,116335,1327,0.011406713,150969,1921,0.012724467
NQ,2021-08-13,246923,1,1,34883,-13,-0.00037267437,60519,1697,0.028040781,114925,2567,0.022336306,143129,2231,0.015587337
NQ,2021-08-16,413867,1,1,39065,605,0.015487009,78354,-978,-0.012481813,159460,-3662,-0.022965007,216786,-4390,-0.020250385
NQ,2021-08-17,470849,1,1,59725,1443,0.024160737,100469,575,0.0057231584,160254,1522,0.0094974228,209454,1236,0.005901057
NQ,2021-08-18,405443,1,1,42117,49,0.0011634257,70058,2262,0.032287533,110245,1485,0.013469999,142449,505,0.0035451284
NQ,2021-08-19,483389,1,1,56253,213,0.0037864647,94656,348,0.0036764706,148648,1572,0.010575319,200424,2058,0.010268231
NQ,2021-08-20,325108,1,1,39328,76,0.0019324654,71087,605,0.0085106982,119700,-874,-0.0073015873,152553,-3375,-0.022123459
NQ,2021-08-23,274409,1,1,38676,1822,0.047109318,57765,2557,0.044265559,98917,2755,0.027851633,127289,2791,0.021926482
NQ,2021-08-24,251403,1,1,41009,417,0.0101685,61669,161,0.002610712,102481,1637,0.015973693,129201,979,0.0075773407
NQ,2021-08-25,286078,1,1,38665,727,0.018802535,63940,-202,-0.0031592118,104336,-1522,-0.014587487,147292,-3304,-0.022431632
NQ,2021-08-26,417013,1,1,38984,548,0.014057049,63722,-292,-0.0045824048,121940,-2156,-0.017680827,178029,-1925,-0.010812845
NQ,2021-08-27,314783,1,1,33807,-93,-0.0027509096,53177,141,0.0026515223,130689,2421,0.018524895,169139,2467,0.014585637
NQ,2021-08-30,300636,1,1,39430,1486,0.03768704,61964,2086,0.033664709,105489,2885,0.027348823,141469,2537,0.017933257
NQ,2021-08-31,346968,1,1,51478,-1870,-0.036326198,81931,-3495,-0.042657846,125317,-2755,-0.021984248,159126,-2334,-0.014667622
NQ,2021-09-01,324281,1,1,43708,1166,0.026677039,76645,581,0.0075804032,114992,-612,-0.0053221094,145190,-520,-0.0035815139
NQ,2021-09-02,342628,1,1,32957,-243,-0.0073732439,57724,-1234,-0.02137759,103029,-2285,-0.022178222,134145,-1251,-0.0093257296
NQ,2021-09-03,299042,1,1,47013,-5,-0.00010635356,74555,1747,0.023432365,124237,873,0.0070268921,157814,788,0.0049932199
NQ,2021-09-06,14271,1,1,1313,93,0.07083016,3320,390,0.11746988,7332,492,0.06710311,9842,570,0.057915058
NQ,2021-09-07,344155,1,1,44165,-103,-0.0023321635,77373,-827,-0.010688483,128332,-1370,-0.010675436,168229,-187,-0.00111158
NQ,2021-09-08,393871,1,1,38415,-1705,-0.044383704,62970,-1708,-0.027124027,101433,-999,-0.0098488658,179074,-2728,-0.015233926
NQ,2021-09-09,356541,1,1,37994,1832,0.04821814,59562,1538,0.025821833,94923,1365,0.014380076,120086,920,0.0076611762
NQ,2021-09-10,227884,1,1,21595,591,0.027367446,37168,410,0.011030994,68475,-857,-0.012515517,110925,-1205,-0.010863196
NQ,2021-09-13,351034,1,1,42396,-814,-0.019199925,69486,-600,-0.0086348329,121414,82,0.00067537516,155866,1246,0.0079940462
NQ,2021-09-14,341158,1,1,44859,-1029,-0.022938541,69450,-2582,-0.037177826,111568,-1966,-0.01762154,148720,-3054,-0.020535234
NQ,2021-09-15,348723,1,1,50585,-1261,-0.024928338,81661,-733,-0.008976133,131026,-1004,-0.0076626013,169120,-638,-0.0037724693
NQ,2021-09-16,331773,1,1,45825,-903,-0.019705401,75437,197,0.0026114506,123612,452,0.0036566029,156080,658,0.0042157868
NQ,2021-09-17,467345,1,1,47289,-669,-0.014147053,74658,-2034,-0.027244234,125969,-2075,-0.016472307,173273,-3697,-0.021336273
NQ,2021-09-20,577312,1,1,58443,1731,0.029618603,92238,1610,0.017454845,157186,1692,0.010764317,217730,3200,0.014697102
NQ,2021-09-21,461005,1,1,50011,1493,0.029853432,83898,830,0.0098929653,144111,287,0.0019915204,195400,-1474,-0.0075435005
NQ,2021-09-22,425652,1,1,41872,-1158,-0.027655713,65826,646,0.0098137514,111377,1647,0.014787613,143766,1954,0.013591531
NQ,2021-09-23,334555,1,1,54909,2277,0.041468612,84111,2859,0.033990798,131453,3013,0.02292074,163844,2028,0.012377627
NQ,2021-09-24,313724,1,1,48706,210,0.0043115838,76549,757,0.0098890906,122427,55,0.00044924731,162254,-1002,-0.0061755026
NQ,2021-09-27,357523,1,1,61692,-2374,-0.038481489,99529,-693,-0.0069627948,143907,1709,0.011875725,174896,736,0.0042082152
NQ,2021-09-28,564406,1,1,49852,-398,-0.0079836315,85697,669,0.0078065743,162943,471,0.0028905814,227762,332,0.0014576619
NQ,2021-09-29,425498,1,1,46900,508,0.010831557,83381,2801,0.033592785,130615,2671,0.020449412,173354,2632,0.015182805
NQ,2021-09-30,505348,1,1,41394,-158,-0.0038169783,73028,-344,-0.004710522,131375,-41,-0.00031208373,177163,-1487,-0.0083934004
NQ,2021-10-01,428848,1,1,47949,-821,-0.017122359,85015,-1637,-0.019255426,147671,-2019,-0.013672285,195390,-400,-0.0020471877
NQ,2021-10-04,589588,1,1,52735,-2019,-0.038285768,87958,-596,-0.0067759613,158203,-925,-0.0058469182,244570,-928,-0.0037944147
NQ,2021-10-05,382559,1,1,55176,1590,0.028816877,87785,3009,0.034276927,138517,3443,0.024856155,179250,3552,0.0198159
NQ,2021-10-06,513464,1,1,47327,1523,0.032180362,86094,-406,-0.0047157758,186595,-197,-0.0010557625,243501,365,0.0014989672
NQ,2021-10-07,319141,1,1,46729,543,0.011620193,75237,1295,0.017212276,117372,314,0.0026752547,143376,-222,-0.0015483763
NQ,2021-10-08,355715,1,1,48096,-1272,-0.026447106,80253,-2537,-0.031612525,126740,-1860,-0.014675714,171752,-2880,-0.016768364
NQ,2021-10-11,331579,1,1,44906,1370,0.030508173,68523,2253,0.032879471,102320,2500,0.024433151,125635,1395,0.011103594
NQ,2021-10-12,411909,1,1,52260,-892,-0.017068504,93159,-1687,-0.018108825,154817,-605,-0.0039078396,198581,-2163,-0.010892281
NQ,2021-10-13,361703,1,1,54038,-270,-0.004996484,93637,-1291,-0.013787285,149329,-1815,-0.012154371,183699,-2329,-0.012678349
NQ,2021-10-14,274417,1,1,45657,-147,-0.0032196596,72820,-1340,-0.018401538,114090,-2262,-0.019826453,141642,-2552,-0.018017255
NQ,2021-10-15,278145,1,1,40231,211,0.0052447118,61226,996,0.016267599,98943,-409,-0.0041336931,127248,1290,0.010137684
NQ,2021-10-18,264499,1,1,43259,1263,0.029196237,68489,2777,0.040546657,101050,2478,0.024522514,126180,2520,0.019971469
NQ,2021-10-19,248790,1,1,40036,-260,-0.0064941553,71084,-778,-0.010944798,106687,127,0.0011903981,135232,388,0.0028691434
NQ,2021-10-20,318558,1,1,39703,211,0.0053144599,67714,82,0.0012109756,109387,659,0.0060244819,143084,-350,-0.0024461156
NQ,2021-10-21,282920,1,1,39991,1479,0.036983321,63001,1291,0.020491738,99627,2403,0.024119967,125672,2556,0.020338659
NQ,2021-10-22,399160,1,1,33344,340,0.010196737,67306,-884,-0.013134045,107881,553,0.0051260185,141328,-1430,-0.010118306
NQ,2021-10-25,319221,1,1,48928,284,0.0058044474,77305,523,0.0067654097,117248,1010,0.0086142194,141454,1116,0.0078894906
NQ,2021-10-26,426706,1,1,52870,522,0.0098732741,80098,-902,-0.011261205,129659,-2113,-0.016296593,161244,-2684,-0.016645581
NQ,2021-10-27,377911,1,1,50545,1915,0.037887031,77061,1245,0.016156032,134001,493,0.003679077,177819,793,0.0044595909
NQ,2021-10-28,342943,1,1,46192,-538,-0.011647038,75294,-408,-0.0054187585,124646,342,0.0027437704,166309,607,0.0036498325
NQ,2021-10-29,317882,1,1,39893,1135,0.028451107,65889,1507,0.0228718,104773,1195,0.01140561,134296,1470,0.01094597
NQ,2021-11-01,303013,1,1,42080,-1842,-0.043773764,71323,-2899,-0.040646075,117379,-2641,-0.022499766,150402,-3546,-0.023576814
NQ,2021-11-02,315479,1,1,42733,2619,0.06128753,68886,3412,0.049531109,116178,2326,0.020021002,146166,2754,0.018841591
NQ,2021-11-03,350884,1,1,45869,-1061,-0.023131091,64888,-1568,-0.024164715,104260,-2100,-0.020141953,129322,-2058,-0.015913766
NQ,2021-11-04,398986,1,1,38964,1354,0.034750026,67586,2828,0.041842985,109534,3642,0.03324995,147751,3283,0.022219816
NQ,2021-11-05,385936,1,1,42521,-51,-0.0011994074,73552,234,0.0031814227,120888,194,0.0016047912,147110,-218,-0.0014818843
NQ,2021-11-08,297326,1,1,38956,-786,-0.02017661,64158,-1122,-0.017488076,102446,-1154,-0.011264471,138229,-1463,-0.010583886
NQ,2021-11-09,442659,1,1,33382,-92,-0.0027559763,87062,-3202,-0.036778388,161043,-2059,-0.012785405,201560,-1548,-0.0076800953
NQ,2021-11-10,472692,1,1,49806,428,0.0085933422,83244,2272,0.027293258,135085,2571,0.019032461,169710,1286,0.0075776324
NQ,2021-11-11,304855,1,1,40765,-33,-0.00080951797,66805,253,0.0037871417,112212,-1450,-0.012921969,149630,-1028,-0.00687028
NQ,2021-11-12,308988,1,1,40558,-692,-0.017061985,66614,-396,-0.0059446963,106784,250,0.0023411747,139586,1880,0.013468399
NQ,2021-11-15,369939,1,1,41916,-1256,-0.029964691,70419,-1157,-0.016430225,120748,-3900,-0.032298672,156950,-3934,-0.025065307
NQ,2021-11-16,297828,1,1,51417,1665,0.032382286,78856,1148,0.014558182,122685,121,0.00098626564,149371,493,0.0033005068
NQ,2021-11-17,350002,1,1,31907,-705,-0.022095465,61569,-1693,-0.027497604,104485,-1949,-0.018653395,140304,-1506,-0.010733835
NQ,2021-11-18,464990,1,1,45051,-303,-0.0067257109,82245,-575,-0.0069913065,159611,-717,-0.0044921716,200853,-409,-0.0020363151
NQ,2021-11-19,363358,1,1,39094,16,0.00040926996,70644,1182,0.016731782,123663,-857,-0.0069301246,160973,-1223,-0.0075975474
NQ,2021-11-22,590058,1,1,48512,2554,0.052646768,83831,3165,0.03775453,139717,2669,0.019102901,178285,513,0.0028774154
NQ,2021-11-23,672148,1,1,62228,-1220,-0.019605322,102009,-973,-0.0095383741,183842,-3974,-0.021616388,249342,-5212,-0.020903017
NQ,2021-11-24,475049,1,1,54966,-190,-0.0034566823,93799,701,0.0074734272,176979,2613,0.014764464,226843,3531,0.015565832
NQ,2021-11-25,19299,1,1,3521,473,0.13433684,7141,855,0.11973113,11153,789,0.070743298,14283,459,0.032136106
NQ,2021-11-26,353187,1,1,49050,-876,-0.017859327,84394,-830,-0.0098348224,147351,-505,-0.0034271909,196260,-246,-0.0012534393
NQ,2021-11-29,385288,1,1,48394,342,0.0070669918,85072,174,0.0020453263,136060,-1498,-0.011009849,182824,-1846,-0.010097143
NQ,2021-11-30,595660,1,1,43382,-632,-0.014568254,78761,877,0.011134953,138094,1476,0.010688372,234779,-343,-0.0014609484
NQ,2021-12-01,614872,1,1,44368,-1072,-0.024161558,71506,-1366,-0.019103292,126082,-2072,-0.016433749,169933,-671,-0.003948615
NQ,2021-12-02,581626,1,1,57180,652,0.011402588,97014,1302,0.013420743,176433,1061,0.0060136142,248407,1169,0.0047059865
NQ,2021-12-03,658740,1,1,47773,-693,-0.014506102,84625,-465,-0.0054948301,172704,1044,0.006045025,246675,2741,0.011111787
NQ,2021-12-06,466334,1,1,59260,-1344,-0.022679717,99362,-2416,-0.024315131,168652,-2076,-0.012309371,217406,-2398,-0.011030054
NQ,2021-12-07,395800,1,1,49119,1975,0.040208473,87846,3490,0.039728616,142278,3144,0.022097584,183245,3569,0.019476657
NQ,2021-12-08,329927,1,1,50370,-754,-0.014969228,82764,-1332,-0.016093954,130887,-261,-0.0019940865,165465,53,0.00032030943
NQ,2021-12-09,447324,1,1,44599,1723,0.038633153,80647,743,0.0092129899,136118,-662,-0.0048634273,181067,-287,-0.0015850486
NQ,2021-12-10,285162,1,1,37208,-106,-0.0028488497,59699,-635,-0.010636694,94315,-965,-0.01023167,125178,-1550,-0.012382368
NQ,2021-12-13,359015,1,1,43114,392,0.0090921742,69793,835,0.011963951,117772,274,0.0023265292,156023,293,0.0018779283
NQ,2021-12-14,443718,1,1,50623,433,0.0085534243,82714,156,0.0018860169,140796,1402,0.0099576693,194052,272,0.0014016861
NQ,2021-12-15,518468,1,1,39618,458,0.011560402,73770,472,0.0063982649,118977,285,0.002395421,149513,659,0.0044076435
NQ,2021-12-16,544770,1,1,50929,-553,-0.010858254,94531,13,0.00013752102,159116,932,0.0058573619,203533,1069,0.0052522195
NQ,2021-12-17,544899,1,1,62723,-373,-0.0059467819,109123,687,0.006295648,174535,565,0.0032371731,238172,1602,0.0067262315
NQ,2021-12-20,442959,1,1,59781,1473,0.024639936,98299,2095,0.021312526,155330,2530,0.016287903,196040,2470,0.012599469
NQ,2021-12-21,374792,1,1,44509,-595,-0.013368083,75430,-1452,-0.019249635,128845,-1755,-0.013621018,167134,-916,-0.0054806323
NQ,2021-12-22,348225,1,1,38548,2916,0.075645948,67370,2944,0.043698976,115740,3194,0.027596337,156544,4270,0.027276676
NQ,2021-12-23,254553,1,1,34654,162,0.004674785,61553,-193,-0.0031355092,96491,-277,-0.0028707341,122279,719,0.0058799957
NQ,2021-12-27,248212,1,1,36774,1492,0.040572143,59794,832,0.01391444,99015,2871,0.028995607,126345,1967,0.015568483
NQ,2021-12-28,335134,1,1,37568,-862,-0.02294506,63211,-473,-0.0074828748,116006,-1522,-0.013120011,149106,-1666,-0.011173259
NQ,2021-12-29,261613,1,1,34361,-355,-0.01033148,55801,11,0.00019712908,107989,-529,-0.0048986471,138622,30,0.00021641586
NQ,2021-12-30,214975,1,1,28030,-34,-0.0012129861,46750,542,0.011593583,79941,1851,0.023154577,99848,1030,0.01031568
NQ,2021-12-31,263680,1,1,30367,-175,-0.0057628347,57160,-72,-0.0012596221,93098,168,0.00180455,118113,265,0.0022436142
NQ,2022-01-03,357757,1,1,43884,-362,-0.0082490201,93493,593,0.0063427208,152306,1802,0.011831445,187913,1677,0.0089243426
NQ,2022-01-04,520005,1,1,47102,-2798,-0.059402998,78859,-4415,-0.055986,146633,-4069,-0.027749552,225806,-4660,-0.020637184
NQ,2022-01-05,590163,1,1,57600,222,0.0038541667,93395,235,0.0025161947,149336,38,0.00025445974,191637,-301,-0.0015706779
NQ,2022-01-06,554011,1,1,64392,2620,0.040688284,112495,1267,0.011262723,221071,1787,0.0080833759,291891,1661,0.0056904804
NQ,2022-01-07,468237,1,1,59300,1524,0.025699831,94987,191,0.0020108015,153611,-507,-0.0033005449,225754,-186,-0.00082390567
NQ,2022-01-10,621306,1,1,58931,-1757,-0.029814529,106339,-2463,-0.023161775,186030,-1886,-0.01013815,248208,-404,-0.0016276671
NQ,2022-01-11,497450,1,1,61342,458,0.0074663363,113187,453,0.0040022264,180906,558,0.0030844748,242576,770,0.0031742629
NQ,2022-01-12,461488,1,1,49117,659,0.013416943,81859,1135,0.013865305,134216,1034,0.0077039995,203308,-638,-0.0031380959
NQ,2022-01-13,581523,1,1,42854,388,0.0090539973,75214,-30,-0.00039886191,141689,-1219,-0.0086033496,215789,-2791,-0.012933931
NQ,2022-01-14,547479,1,1,63245,1969,0.031132896,107060,1928,0.018008593,181043,1585,0.0087548262,238766,1016,0.0042552122
NQ,2022-01-17,31489,1,1,7519,-725,-0.096422397,13243,-1185,-0.089481235,20771,-1479,-0.071205045,25437,-1189,-0.046742934
NQ,2022-01-18,499711,1,1,56151,-363,-0.0064647112,92919,-363,-0.0039066284,154440,-1374,-0.0088966589,196229,-2833,-0.014437214
NQ,2022-01-19,509876,1,1,48439,725,0.014967278,88066,1946,0.022097064,150205,299,0.0019906128,211777,-2009,-0.0094863937
NQ,2022-01-20,502670,1,1,43083,2243,0.052062298,74901,2305,0.030773955,127197,1443,0.011344607,165690,1440,0.0086909288
NQ,2022-01-21,687827,1,1,62722,290,0.0046235771,108370,514,0.0047430101,198599,1787,0.0089980312,286921,3847,0.013407872
NQ,2022-01-24,873859,1,1,81891,-93,-0.0011356559,146000,-446,-0.0030547945,246017,1545,0.0062800538,323574,1528,0.0047222583
NQ,2022-01-25,580377,1,1,59071,-639,-0.010817491,100517,-1031,-0.010256971,171738,258,0.0015022884,230708,-168,-0.00072819321
NQ,2022-01-26,576679,1,1,44194,-1302,-0.029461013,74297,-745,-0.010027323,134728,-3870,-0.028724541,183336,-4808,-0.026225073
NQ,2022-01-27,500758,1,1,46710,-10,-0.00021408692,82768,-856,-0.010342161,141035,-3259,-0.023107739,196995,-3649,-0.018523313
NQ,2022-01-28,536736,1,1,48986,-574,-0.011717634,83899,-227,-0.0027056342,143782,1470,0.010223811,198828,2872,0.014444646
NQ,2022-01-31,405294,1,1,44230,638,0.014424599,72048,966,0.013407728,126071,409,0.0032442037,163774,1016,0.0062036709
NQ,2022-02-01,398830,1,1,49275,-2005,-0.040690005,80001,-2069,-0.025862177,140853,-2077,-0.01474587,185777,-1353,-0.0072829252
NQ,2022-02-02,423060,1,1,47849,-1555,-0.032498067,81172,-1092,-0.013452915,137074,-2284,-0.016662533,184623,-3219,-0.017435531
NQ,2022-02-03,456257,1,1,53786,-332,-0.00617261,84900,194,0.0022850412,143206,512,0.0035752692,184626,-282,-0.0015274122
NQ,2022-02-04,461829,1,1,47578,740,0.015553407,84533,-209,-0.0024724072,142624,-2496,-0.017500561,189836,-3532,-0.018605533
NQ,2022-02-07,382289,1,1,42503,949,0.022327836,72477,287,0.0039598769,118017,-1187,-0.010057873,151932,-1258,-0.00828002
NQ,2022-02-08,431606,1,1,42791,-311,-0.0072678834,72353,-1011,-0.013973159,130806,-1016,-0.0077672278,179274,998,0.0055668976
NQ,2022-02-09,362443,1,1,40819,-267,-0.0065410716,68531,-1033,-0.01507347,121233,-2263,-0.018666535,155492,-2094,-0.013466931
NQ,2022-02-10,570633,1,1,57439,769,0.013388116,95381,1323,0.013870687,160899,909,0.0056495068,223642,-94,-0.00042031461
NQ,2022-02-11,597410,1,1,38271,-11,-0.0002874239,75999,-425,-0.0055921788,140506,-778,-0.0055371301,180644,-1622,-0.0089789863
NQ,2022-02-14,462926,1,1,41484,-1090,-0.02627519,72157,-1681,-0.023296423,133324,-2954,-0.022156551,178714,-2868,-0.016047987
NQ,2022-02-15,336671,1,1,38765,47,0.0012124339,67173,837,0.012460364,109707,1355,0.012351081,141836,2544,0.017936208
NQ,2022-02-16,391112,1,1,37707,-871,-0.023099159,73208,-1710,-0.023358103,115294,-1092,-0.0094714382,146067,-961,-0.0065791726
NQ,2022-02-17,396877,1,1,34271,1221,0.03562779,70324,62,0.00088163358,118591,-73,-0.00061556105,157984,92,0.00058233745
NQ,2022-02-18,521546,1,1,43159,-1275,-0.029541926,74767,-825,-0.01103428,127339,-1835,-0.014410353,173807,-2241,-0.012893612
NQ,2022-02-21,56846,1,1,8087,-57,-0.0070483492,15097,125,0.0082797907,26904,224,0.0083258995,35969,37,0.0010286636
NQ,2022-02-22,548313,1,1,44718,2044,0.045708663,86839,2131,0.024539665,142762,2900,0.020313529,191422,1038,0.0054225742
NQ,2022-02-23,501650,1,1,43344,-1056,-0.024363234,76099,-4401,-0.05783256,135990,-7766,-0.05710714,181168,-8060,-0.044489093
NQ,2022-02-24,621277,1,1,75684,1378,0.018207283,124213,1633,0.013146772,197684,1528,0.0077295077,257043,1941,0.0075512657
NQ,2022-02-25,468290,1,1,46324,-1700,-0.03669804,82372,-1868,-0.022677609,147229,-1,-6.7921401e-06,195727,317,0.0016196028
NQ,2022-02-28,467607,1,1,47309,-151,-0.0031917817,82054,668,0.0081409803,127581,371,0.0029079565,176655,1817,0.010285585
NQ,2022-03-01,420546,1,1,36638,-330,-0.0090070419,68122,-206,-0.0030239864,125357,1181,0.0094210934,173193,-347,-0.0020035452
NQ,2022-03-02,394693,1,1,40673,243,0.0059744794,65532,26,0.00039675273,126481,225,0.0017789233,188404,-446,-0.0023672533
NQ,2022-03-03,401679,1,1,35649,-295,-0.0082751269,59845,-577,-0.0096415741,107191,-2749,-0.02564581,146801,-4371,-0.029775002
NQ,2022-03-04,431470,1,1,35989,395,0.010975576,66051,1375,0.020817247,117491,1643,0.01398405,159067,1411,0.008870476
NQ,2022-03-07,431530,1,1,40019,-1239,-0.030960294,72483,-2101,-0.028986107,120697,-1309,-0.01084534,159859,-573,-0.0035844088
NQ,2022-03-08,549749,1,1,56447,-601,-0.010647156,88470,-1146,-0.012953544,153745,-2015,-0.013106117,205307,-2367,-0.011529076
NQ,2022-03-09,389284,1,1,49544,-64,-0.001291781,79626,-40,-0.00050234848,134680,-908,-0.0067419067,171286,-920,-0.0053711337
NQ,2022-03-10,357893,1,1,40410,144,0.0035634744,71268,288,0.0040410844,117250,-2052,-0.017501066,152754,-3378,-0.022113987
NQ,2022-03-11,219117,1,1,24088,-418,-0.017353039,40682,-1136,-0.027923898,67953,-1847,-0.027180551,90947,-1357,-0.014920778
NQ,2022-03-14,335028,1,1,32370,262,0.0080939141,56130,-574,-0.01022626,97683,131,0.0013410727,130654,176,0.0013470694
NQ,2022-03-15,332677,1,1,36977,-499,-0.013494875,59332,404,0.0068091418,104904,3892,0.037100587,136698,3172,0.023204436
NQ,2022-03-16,430384,1,1,28638,156,0.0054473078,48596,-262,-0.0053913902,96233,349,0.0036266146,134649,-583,-0.0043297759
NQ,2022-03-17,338099,1,1,32597,-1205,-0.036966592,61107,-529,-0.008656946,102645,-789,-0.0076866871,137306,-1794,-0.013065707
NQ,2022-03-18,377979,1,1,38937,-335,-0.0086036418,62995,-49,-0.00077783951,113367,815,0.0071890409,149787,845,0.005641344
NQ,2022-03-21,440516,1,1,35634,510,0.014312174,66657,-843,-0.012646834,110429,-429,-0.0038848491,151529,1551,0.010235664
NQ,2022-03-22,371228,1,1,39696,932,0.023478436,69053,-111,-0.0016074609,119543,293,0.0024510009,158873,579,0.0036444204
NQ,2022-03-23,406898,1,1,41501,295,0.0071082625,70855,405,0.0057158987,124369,245,0.0019699443,163231,-211,-0.0012926466
NQ,2022-03-24,375197,1,1,36237,319,0.008803157,68157,-665,-0.0097568848,119429,-1015,-0.0084987733,162108,-474,-0.0029239766
NQ,2022-03-25,400847,1,1,36200,-202,-0.0055801105,62278,-344,-0.0055236199,106368,168,0.0015794224,143527,253,0.0017627345
NQ,2022-03-28,382518,1,1,41221,721,0.017491085,70799,1117,0.015777059,121040,-38,-0.0003139458,158151,-527,-0.0033322584
NQ,2022-03-29,371378,1,1,46579,193,0.0041434981,74040,-22,-0.00029713668,133504,-230,-0.0017227948,175951,-535,-0.0030406193
NQ,2022-03-30,360318,1,1,32346,510,0.015767019,57193,377,0.0065917158,99598,598,0.0060041366,130098,-618,-0.0047502652
NQ,2022-03-31,401127,1,1,35853,-1173,-0.032716927,61586,-974,-0.015815283,110160,-674,-0.0061183733,148599,-557,-0.0037483429
NQ,2022-04-01,403944,1,1,38165,311,0.0081488275,66581,285,0.0042805004,114887,191,0.0016625032,155557,985,0.0063320841
NQ,2022-04-04,327472,1,1,40778,910,0.022315955,71173,3097,0.043513692,119912,3034,0.025301888,150291,3097,0.02060669
NQ,2022-04-05,437968,1,1,38371,-1139,-0.029683876,62870,-1106,-0.017591856,139532,-2964,-0.021242439,183875,-2933,-0.015951054
NQ,2022-04-06,583937,1,1,52508,-566,-0.01077931,86960,-196,-0.0022539098,150560,-550,-0.0036530287,197774,-88,-0.00044495232
NQ,2022-04-07,472187,1,1,40110,478,0.011917228,72396,1640,0.022653185,129660,640,0.0049359864,173495,65,0.00037465057
NQ,2022-04-08,477260,1,1,48111,-749,-0.015568165,86730,-2286,-0.026357662,142490,-880,-0.006175872,199372,-724,-0.0036314026
NQ,2022-04-11,372019,1,1,46119,755,0.016370693,77403,449,0.0058008088,129950,-368,-0.0028318584,168143,-115,-0.00068394164
NQ,2022-04-12,461756,1,1,50318,1664,0.033069677,84325,3085,0.036584643,136376,1500,0.010999003,182184,156,0.00085627717
NQ,2022-04-13,353509,1,1,42875,421,0.009819242,74399,-403,-0.0054167395,120077,-197,-0.0016406139,155041,203,0.0013093311
NQ,2022-04-14,377995,1,1,39580,-1050,-0.02652855,64879,-1241,-0.019127915,121959,-2949,-0.024180257,160441,-3901,-0.024314234
NQ,2022-04-18,341524,1,1,38917,-1665,-0.042783359,62210,-2196,-0.035299791,108803,-751,-0.0069023832,136475,-1207,-0.0088441106
NQ,2022-04-19,345050,1,1,43375,1191,0.027458213,76810,2916,0.037963807,121410,4668,0.038448233,156485,6367,0.040687606
NQ,2022-04-20,412400,1,1,45873,897,0.019553986,79843,197,0.0024673422,137943,1831,0.013273599,176732,2732,0.015458434
NQ,2022-04-21,507859,1,1,42358,470,0.011095897,75070,-238,-0.0031703743,128422,200,0.0015573656,170868,-520,-0.0030432849
NQ,2022-04-22,494973,1,1,50981,-1269,-0.024891626,86923,-1051,-0.012091161,143567,-3211,-0.022365864,186867,-3075,-0.016455554
NQ,2022-04-25,507258,1,1,50436,-572,-0.011341106,89437,239,0.0026722721,149638,3030,0.020248867,206246,428,0.0020751918
NQ,2022-04-26,529582,1,1,45696,-2218,-0.048538165,79601,-3715,-0.046670268,148928,-5124,-0.034405887,204938,-5150,-0.025129551
NQ,2022-04-27,530289,1,1,53321,1297,0.024324375,94659,1511,0.01596256,173237,1157,0.0066787118,231355,2239,0.0096777679
NQ,2022-04-28,501775,1,1,54692,-1340,-0.024500841,90116,-1578,-0.017510764,150444,-3986,-0.026494908,196720,-4180,-0.021248475
NQ,2022-04-29,496757,1,1,50697,-425,-0.008383139,89308,1890,0.021162718,150357,847,0.0056332595,193955,909,0.0046866541
NQ,2022-05-02,530972,1,1,61566,-184,-0.0029886626,101318,42,0.00041453641,171445,1649,0.0096182449,220903,1395,0.0063149889
NQ,2022-05-03,487371,1,1,53794,-1354,-0.025170093,94960,-2272,-0.023925864,157202,-3360,-0.021373774,203487,-3191,-0.015681591
NQ,2022-05-04,547286,1,1,33837,399,0.011791826,57396,-820,-0.01428671,105959,-2347,-0.022150077,144218,-3002,-0.02081571
NQ,2022-05-05,662464,1,1,45293,-483,-0.010663899,80624,-1658,-0.020564596,161515,-3387,-0.020970189,229217,-4069,-0.017751737
NQ,2022-05-06,609867,1,1,56856,-1692,-0.029759392,98563,-1491,-0.01512738,193874,-2468,-0.012729917,267781,-835,-0.0031182197
NQ,2022-05-09,543876,1,1,50861,747,0.014687088,88135,1817,0.0206161,148298,2778,0.018732552,204780,4238,0.02069538
NQ,2022-05-10,606862,1,1,48860,-1426,-0.029185428,90788,-386,-0.0042516632,161228,-2266,-0.014054631,224817,-3341,-0.014860976
NQ,2022-05-11,580457,1,1,61016,1294,0.021207552,105609,1209,0.011447888,177927,733,0.0041196671,227802,266,0.0011676807
NQ,2022-05-12,583606,1,1,57961,-575,-0.0099204638,101565,-469,-0.0046177325,182520,-1014,-0.0055555556,241242,-1730,-0.0071712223
NQ,2022-05-13,455384,1,1,47399,555,0.011709108,82177,587,0.0071431179,131887,575,0.0043597929,169571,-471,-0.0027775976
NQ,2022-05-16,441280,1,1,46317,-387,-0.0083554634,82854,-1156,-0.013952253,140913,-1657,-0.011759029,185695,-2585,-0.013920676
NQ,2022-05-17,453894,1,1,45556,-1170,-0.025682676,73310,-2288,-0.03120993,119830,-3160,-0.026370692,164302,-4736,-0.028824969
NQ,2022-05-18,521715,1,1,43945,-485,-0.011036523,71990,146,0.0020280595,118406,946,0.00798946,159435,1617,0.010142064
NQ,2022-05-19,561456,1,1,54011,-579,-0.010720039,97054,-328,-0.0033795619,171766,-844,-0.0049136616,224761,-237,-0.0010544534
NQ,2022-05-20,587559,1,1,47246,728,0.015408712,79896,222,0.0027786122,136781,-1245,-0.0091021414,180366,-3634,-0.020147921
NQ,2022-05-23,453778,1,1,50288,-90,-0.0017896914,85084,-952,-0.011188943,152473,-559,-0.0036662229,208462,-706,-0.0033867084
NQ,2022-05-24,516496,1,1,41777,-1263,-0.030231946,76646,-2092,-0.027294314,145453,-2721,-0.018707074,197096,-2892,-0.014673053
NQ,2022-05-25,455423,1,1,42736,-648,-0.01516286,75251,-423,-0.0056211878,128568,1152,0.0089602389,174793,181,0.0010355106
NQ,2022-05-26,395079,1,1,43365,-251,-0.0057880779,73214,1028,0.01404103,122684,1788,0.014574028,156450,1690,0.010802173
NQ,2022-05-27,381759,1,1,48247,-513,-0.010632785,77963,839,0.010761515,127124,594,0.0046726031,166755,-787,-0.0047194987
NQ,2022-05-30,31172,1,1,3917,3,0.00076589226,7496,-22,-0.0029348986,14069,47,0.0033406781,19796,130,0.0065669832
NQ,2022-05-31,446518,1,1,41123,301,0.0073195049,71040,422,0.0059403153,125747,1171,0.0093123494,169301,2445,0.014441734
NQ,2022-06-01,489254,1,1,43014,-1402,-0.032594039,70396,-622,-0.0088357293,138941,-3221,-0.023182502,191498,-3252,-0.016981901
NQ,2022-06-02,423592,1,1,42920,232,0.0054054054,72665,-223,-0.0030688777,132197,-659,-0.0049849845,170097,-199,-0.0011699207
NQ,2022-06-03,438380,1,1,48190,-998,-0.020709691,76280,1052,0.013791295,132628,796,0.0060017493,180181,-405,-0.0022477398
NQ,2022-06-06,380289,1,1,42626,300,0.0070379581,70038,236,0.0033695994,114400,592,0.0051748252,143611,-199,-0.0013856877
NQ,2022-06-07,387640,1,1,43623,-1955,-0.044815808,76319,-2447,-0.032062789,124711,-1685,-0.013511238,174404,-1020,-0.0058484897
NQ,2022-06-08,404675,1,1,41004,1304,0.031801775,70371,1987,0.028236063,114411,1457,0.012734789,149654,1018,0.0068023574
NQ,2022-06-09,450480,1,1,40518,-208,-0.0051335209,75239,1255,0.016680179,124881,641,0.0051328865,165914,-166,-0.0010005183
NQ,2022-06-10,342803,1,1,42376,588,0.013875779,65312,-534,-0.0081761391,112698,-2244,-0.019911622,150224,-3578,-0.023817765
NQ,2022-06-13,437896,1,1,41075,-133,-0.0032379793,63217,-311,-0.0049195628,112074,-228,-0.0020343701,148997,-227,-0.0015235206
NQ,2022-06-14,416478,1,1,34554,-978,-0.028303525,61904,218,0.0035215818,112720,-102,-0.00090489709,155159,1169,0.0075342068
NQ,2022-06-15,505424,1,1,34954,-194,-0.0055501516,57816,-78,-0.0013491075,101272,-590,-0.0058258946,134919,-1475,-0.010932485
NQ,2022-06-16,512974,1,1,41698,-700,-0.016787376,76262,-426,-0.0055860061,136320,80,0.00058685446,187053,231,0.0012349441
NQ,2022-06-17,479328,1,1,45632,370,0.008108345,75018,-144,-0.0019195393,128241,-2033,-0.015852964,184147,-1927,-0.010464466
NQ,2022-06-20,31894,1,1,5672,22,0.0038787024,10098,284,0.028124381,15720,466,0.029643766,19156,442,0.023073711
NQ,2022-06-21,361692,1,1,50872,380,0.0074697279,81412,1430,0.017564978,128788,-208,-0.0016150573,163336,-622,-0.0038081011
NQ,2022-06-22,421487,1,1,46759,995,0.021279326,83764,3110,0.037128122,140611,5323,0.037856213,185446,5152,0.027781672
NQ,2022-06-23,420783,1,1,45579,57,0.0012505759,88023,2875,0.032661918,139885,2347,0.016778068,184936,1108,0.0059912618
NQ,2022-06-24,371215,1,1,47123,-681,-0.014451542,75893,-2739,-0.036090285,146158,-4142,-0.028339195,184099,-6801,-0.03694208
NQ,2022-06-27,374121,1,1,46659,579,0.012409182,74903,1133,0.01512623,126532,1142,0.0090253849,164574,2946,0.017900762
NQ,2022-06-28,454158,1,1,44475,55,0.0012366498,69294,-656,-0.0094669091,118888,-1544,-0.012987013,166629,-1869,-0.011216535
NQ,2022-06-29,401872,1,1,51446,-2,-3.8875714e-05,87597,749,0.0085505211,142307,49,0.000344326,187158,-570,-0.0030455551
NQ,2022-06-30,498802,1,1,57647,-2681,-0.04650719,92425,-2521,-0.02727617,146325,-853,-0.0058294892,192071,-823,-0.0042848738
NQ,2022-07-01,411593,1,1,48155,1773,0.036818607,81992,2156,0.026295248,148547,2627,0.017684639,195934,2686,0.013708698
NQ,2022-07-04,17034,1,1,2244,-154,-0.068627451,3892,-206,-0.052929085,7983,-203,-0.025429037,10530,-296,-0.028110161
NQ,2022-07-05,504335,1,1,48219,227,0.0047076878,86032,1688,0.019620606,147420,1026,0.006959707,209336,-296,-0.0014139947
NQ,2022-07-06,455740,1,1,50098,948,0.018922911,84274,976,0.011581271,151525,-263,-0.0017356872,194021,-133,-0.00068549281
NQ,2022-07-07,373226,1,1,41315,1275,0.030860462,65802,1668,0.025348774,112147,1589,0.014168903,150565,1771,0.011762362
NQ,2022-07-08,429684,1,1,42807,3,7.0081996e-05,73041,-613,-0.0083925467,124583,627,0.0050327894,170312,290,0.0017027573
NQ,2022-07-11,402432,1,1,55543,-2207,-0.03973498,91462,-1650,-0.018040279,140800,-708,-0.0050284091,184758,-904,-0.0048928869
NQ,2022-07-12,417775,1,1,51186,124,0.0024225374,90579,-611,-0.0067454929,148167,825,0.0055680415,191178,786,0.0041113517
NQ,2022-07-13,474554,1,1,56366,-866,-0.015363872,95810,-1588,-0.01657447,161934,-2188,-0.013511678,239069,-3915,-0.016376025
NQ,2022-07-14,439500,1,1,45449,-371,-0.0081629959,75473,161,0.0021332132,125378,-822,-0.0065561741,165527,-619,-0.0037395712
NQ,2022-07-15,358503,1,1,42062,-206,-0.0048975322,73777,-651,-0.0088238882,133434,-196,-0.001468891,163433,-1339,-0.0081929598
NQ,2022-07-18,395151,1,1,49141,-763,-0.01552675,74727,-265,-0.0035462417,117314,-1100,-0.009376545,148739,-1045,-0.0070257296
NQ,2022-07-19,399023,1,1,42136,-1642,-0.038969053,70703,-1629,-0.023040041,121671,-799,-0.0065668894,162148,548,0.0033796285
NQ,2022-07-20,446885,1,1,38897,1783,0.045839011,67337,1097,0.016291192,117867,2867,0.024324026,173058,3022,0.017462354
NQ,2022-07-21,391697,1,1,43760,-732,-0.016727605,75827,-225,-0.0029672808,135417,-2417,-0.017848571,175135,-1323,-0.0075541725
NQ,2022-07-22,467468,1,1,50715,3509,0.069190575,94992,4936,0.051962271,149103,2891,0.019389281,184001,2607,0.014168401
NQ,2022-07-25,351876,1,1,42267,29,0.00068611446,71333,-1177,-0.016500077,128115,-1981,-0.01546267,165849,-1051,-0.0063370898
NQ,2022-07-26,368577,1,1,43002,-726,-0.016882936,68169,-823,-0.012072936,112727,-1909,-0.016934718,145903,-1761,-0.012069663
NQ,2022-07-27,444765,1,1,46836,2136,0.045605944,69887,2779,0.039764191,111682,1804,0.016153006,139589,1547,0.011082535
NQ,2022-07-28,419411,1,1,45403,-1789,-0.039402683,82394,-2112,-0.025632934,134409,-2069,-0.015393314,179302,-1348,-0.0075180422
NQ,2022-07-29,403312,1,1,52816,-736,-0.013935171,82111,-265,-0.0032273386,132291,171,0.0012926049,167876,-1020,-0.0060759132
NQ,2022-08-01,448158,1,1,44073,755,0.01713067,76630,1356,0.01769542,138455,1977,0.014279008,189294,2398,0.012668125
NQ,2022-08-02,490646,1,1,46194,994,0.021517946,81954,902,0.011006174,141265,1337,0.0094644816,194418,1928,0.0099167773
NQ,2022-08-03,481514,1,1,42109,665,0.015792348,74917,1227,0.016378125,141717,-287,-0.0020251628,191395,-829,-0.0043313566
NQ,2022-08-04,378005,1,1,46089,269,0.0058365337,74131,-7,-9.4427433e-05,125174,-800,-0.0063911036,174891,-877,-0.0050145519
NQ,2022-08-05,464287,1,1,46283,415,0.0089665752,77055,431,0.0055934073,146782,-84,-0.00057227725,186671,-1199,-0.0064230652
NQ,2022-08-08,424162,1,1,47964,974,0.020306897,81199,2033,0.025037254,126253,2581,0.020443079,161968,1946,0.012014719
NQ,2022-08-09,398519,1,1,44083,17,0.00038563619,77907,-1267,-0.01626298,125248,-1218,-0.0097247062,164361,-1829,-0.011127944
NQ,2022-08-10,382666,1,1,47689,2449,0.051353562,80004,2064,0.02579871,129507,1543,0.011914414,166825,1349,0.008086318
NQ,2022-08-11,423430,1,1,39186,-906,-0.023120502,62356,-996,-0.015972801,123573,-99,-0.00080114588,175805,-1121,-0.0063763829
NQ,2022-08-12,350806,1,1,35142,886,0.025211997,59744,408,0.0068291377,116366,24,0.00020624581,155308,350,0.0022535864
NQ,2022-08-15,326699,1,1,39164,126,0.0032172403,67147,1427,0.02125188,110956,10,9.0125816e-05,142832,-240,-0.0016802957
NQ,2022-08-16,409742,1,1,37886,-252,-0.0066515335,63098,-284,-0.0045009351,112602,-1016,-0.0090229303,158692,-1484,-0.0093514481
NQ,2022-08-17,437999,1,1,39395,-453,-0.011498921,66137,-227,-0.0034322694,115316,-1170,-0.010146034,164406,-2794,-0.016994514
NQ,2022-08-18,366477,1,1,35347,27,0.00076385549,58187,-935,-0.016068881,102452,58,0.00056611877,139996,972,0.0069430555
NQ,2022-08-19,425303,1,1,46388,1838,0.039622316,82902,1860,0.022436129,140081,595,0.0042475425,187742,-2822,-0.015031266
NQ,2022-08-22,394655,1,1,45206,160,0.0035393532,74599,-1555,-0.020844783,127705,-3607,-0.028244783,168549,-4361,-0.025873782
NQ,2022-08-23,390612,1,1,41483,-109,-0.0026275824,77554,1790,0.023080692,136200,1808,0.013274596,183828,1324,0.0072023848
NQ,2022-08-24,331816,1,1,35435,-149,-0.0042048822,57854,-184,-0.0031804197,102501,-455,-0.0044389811,136021,-807,-0.0059329074
NQ,2022-08-25,361667,1,1,37815,-421,-0.011133148,64675,805,0.01244685,111873,2141,0.019137772,146396,2680,0.018306511
NQ,2022-08-26,524806,1,1,29026,-216,-0.0074416041,47984,-606,-0.01262921,147578,-3020,-0.020463755,210938,-5604,-0.026567048
NQ,2022-08-29,454241,1,1,48840,2208,0.045208845,76480,1382,0.018070084,132567,2261,0.017055527,181684,694,0.003819819
NQ,2022-08-30,566850,1,1,44652,-1768,-0.039595091,79805,-2275,-0.028506986,147141,-4241,-0.028822694,234954,-5130,-0.021834061
NQ,2022-08-31,465510,1,1,47793,-63,-0.0013181847,85521,373,0.0043615019,141351,-377,-0.0026671194,187239,-473,-0.0025261831
NQ,2022-09-01,537096,1,1,44651,441,0.0098765985,73962,342,0.0046239961,146490,-560,-0.0038227865,208385,-3745,-0.017971543
NQ,2022-09-02,576796,1,1,44242,-978,-0.022105691,73626,-676,-0.0091815391,132117,-275,-0.0020814884,197428,-978,-0.0049537046
NQ,2022-09-05,28776,1,1,7711,1419,0.18402282,9747,1467,0.15050785,14276,1742,0.12202298,19124,1846,0.096527923
NQ,2022-09-06,552725,1,1,47188,-300,-0.0063575485,79398,-760,-0.0095720295,157514,-2352,-0.014932006,224347,-423,-0.0018854721
NQ,2022-09-07,459335,1,1,44995,2801,0.062251361,71933,2897,0.040273588,132141,3317,0.025101974,180500,2956,0.016376731
NQ,2022-09-08,507873,1,1,49203,103,0.0020933683,85338,-610,-0.0071480466,144592,-1368,-0.0094611043,192817,1227,0.0063635468
NQ,2022-09-09,326529,1,1,38110,-520,-0.013644713,65534,560,0.0085451827,113422,1096,0.0096630283,145870,2086,0.014300404
NQ,2022-09-12,262533,1,1,30576,594,0.019427002,48454,1334,0.027531267,76818,1264,0.016454477,103730,1644,0.015848838
NQ,2022-09-13,397029,1,1,40663,-747,-0.018370509,68271,-1237,-0.018118967,114341,-521,-0.0045565458,153996,-1152,-0.0074807138
NQ,2022-09-14,426284,1,1,41364,640,0.015472391,72629,-363,-0.0049980036,122078,-1684,-0.013794459,176433,1113,0.0063083437
NQ,2022-09-15,518707,1,1,40201,1443,0.035894629,70309,1203,0.017110185,126565,-887,-0.0070082566,191531,-607,-0.0031691998
NQ,2022-09-16,513819,1,1,52889,-1971,-0.037266728,85088,-2606,-0.030627115,158556,-1072,-0.0067610182,217586,-2330,-0.01070841
NQ,2022-09-19,435316,1,1,41338,1880,0.045478736,67256,1762,0.026198406,120045,2173,0.018101545,168603,1713,0.010159962
NQ,2022-09-20,486604,1,1,45186,-254,-0.0056212101,75437,509,0.0067473521,133147,975,0.0073227335,177092,844,0.0047658844
NQ,2022-09-21,581551,1,1,30494,356,0.011674428,52401,719,0.013721112,93990,2746,0.029215874,126943,1779,0.014014164
NQ,2022-09-22,504880,1,1,46296,-310,-0.0066960429,81270,-58,-0.00071367048,140891,1239,0.0087940323,195430,-380,-0.0019444302
NQ,2022-09-23,541300,1,1,47170,94,0.001992792,87616,-1014,-0.011573229,145194,760,0.0052343761,192672,692,0.0035915961
NQ,2022-09-26,516596,1,1,48414,220,0.0045441401,78811,631,0.0080064966,139209,575,0.0041304801,183891,-807,-0.0043884693
NQ,2022-09-27,582496,1,1,52413,-385,-0.0073455059,87071,-2155,-0.024749917,159954,-1892,-0.011828401,207758,-998,-0.0048036658
NQ,2022-09-28,497787,1,1,44457,-229,-0.0051510448,75893,-923,-0.012161859,139298,718,0.0051544171,192074,126,0.00065599717
NQ,2022-09-29,579818,1,1,52828,-168,-0.0031801317,95496,-440,-0.0046075228,184025,-3597,-0.019546257,238012,-2790,-0.011722098
NQ,2022-09-30,545857,1,1,51597,-901,-0.017462256,84741,-701,-0.0082722649,143253,605,0.0042232972,191227,1545,0.008079403
NQ,2022-10-03,440087,1,1,42408,-724,-0.017072251,70604,-1170,-0.016571299,136554,-154,-0.001127759,181032,-1168,-0.006451898
NQ,2022-10-04,500313,1,1,53300,50,0.0009380863,92551,-69,-0.00074553489,157699,-1977,-0.012536541,206852,-1572,-0.0075996365
NQ,2022-10-05,473219,1,1,46137,-1877,-0.040683183,73924,-848,-0.011471241,141650,-1616,-0.011408401,186262,-2284,-0.012262297
NQ,2022-10-06,520338,1,1,53957,1131,0.020961136,93638,-1108,-0.011832803,173054,-1036,-0.0059865707,225055,527,0.0023416498
NQ,2022-10-07,488329,1,1,52523,-1367,-0.026026693,90809,-1441,-0.015868471,152042,-1110,-0.0073006143,196509,-529,-0.0026919887
NQ,2022-10-10,510226,1,1,44706,-514,-0.011497338,75585,-451,-0.0059667924,136569,11,8.0545365e-05,196405,-2431,-0.012377485
NQ,2022-10-11,559764,1,1,49041,-1117,-0.02277686,87921,-3437,-0.039091912,153561,-3541,-0.02305924,207720,-3918,-0.01886193
NQ,2022-10-12,459922,1,1,54293,1227,0.022599598,86386,620,0.0071770889,146931,-977,-0.0066493796,188767,-1459,-0.0077291052
NQ,2022-10-13,712923,1,1,60482,234,0.0038689197,107179,3127,0.029175491,190378,2788,0.014644549,254380,2508,0.0098592657
NQ,2022-10-14,522533,1,1,55600,-240,-0.0043165468,93486,-314,-0.0033587917,182796,-1822,-0.0099673953,234531,-1303,-0.0055557687
NQ,2022-10-17,401823,1,1,57920,-1060,-0.018301105,90885,-1359,-0.014952963,145266,-1000,-0.0068839233,191404,-2496,-0.01304048
NQ,2022-10-18,523289,1,1,52958,-1822,-0.034404623,83851,-1939,-0.023124352,135335,-3407,-0.025174567,187755,-3459,-0.018422945
NQ,2022-10-19,457546,1,1,51215,531,0.010368056,83767,619,0.0073895448,147012,2780,0.018910021,197143,1261,0.0063963722
NQ,2022-10-20,452523,1,1,41931,1299,0.030979466,73266,1058,0.014440532,136022,3986,0.029304083,173320,4362,0.025167321
NQ,2022-10-21,548441,1,1,53912,358,0.0066404511,102158,-978,-0.0095734059,172223,-1295,-0.0075193209,231684,-2784,-0.012016367
NQ,2022-10-24,422360,1,1,47712,1856,0.038900067,86998,1798,0.020667142,149906,1420,0.0094726028,201248,2546,0.012651057
NQ,2022-10-25,420884,1,1,43128,734,0.017019106,89055,4157,0.046679019,141632,4188,0.029569589,181692,3250,0.017887414
NQ,2022-10-26,503797,1,1,57914,-138,-0.0023828435,86806,196,0.0022579084,156705,2225,0.014198654,208317,2599,0.012476178
NQ,2022-10-27,436860,1,1,43909,579,0.013186363,81714,-134,-0.0016398659,144391,3643,0.025230104,193807,2293,0.011831358
NQ,2022-10-28,453674,1,1,57665,1745,0.03026099,87714,340,0.0038762341,157698,404,0.0025618587,209649,1661,0.0079227661
NQ,2022-10-31,439486,1,1,49035,55,0.0011216478,82894,-2218,-0.026757063,130334,-1428,-0.010956466,169660,-296,-0.0017446658
NQ,2022-11-01,434610,1,1,37790,1090,0.028843609,69029,665,0.0096336322,151271,595,0.0039333382,201837,-821,-0.0040676387
NQ,2022-11-02,572066,1,1,36969,-371,-0.010035435,59228,-708,-0.011953806,97095,-1563,-0.016097636,124883,-1685,-0.013492629
NQ,2022-11-03,468176,1,1,53956,428,0.0079323894,91664,694,0.0075711293,160058,3630,0.022679279,212311,2883,0.013579136
NQ,2022-11-04,577416,1,1,61948,-1976,-0.031897721,106087,-385,-0.0036290969,180063,767,0.0042596202,237203,-893,-0.0037647079
NQ,2022-11-07,355705,1,1,40695,-553,-0.013588893,68868,-380,-0.0055178022,118558,-946,-0.0079792169,152730,86,0.00056308518
NQ,2022-11-08,527575,1,1,42175,485,0.011499704,76736,1464,0.019078399,131145,1769,0.013488886,170122,2304,0.013543222
NQ,2022-11-09,435061,1,1,38944,-602,-0.015458094,77009,-2795,-0.036294459,139560,482,0.0034537117,191247,-1589,-0.0083086271
NQ,2022-11-10,529076,1,1,72388,-192,-0.0026523733,126067,1077,0.0085430763,190369,-1875,-0.0098492927,243841,-2221,-0.0091083944
NQ,2022-11-11,451759,1,1,48881,185,0.0037847016,82900,34,0.00041013269,148376,550,0.0037067989,189425,225,0.0011878052
NQ,2022-11-14,400632,1,1,44358,-824,-0.018576131,74535,-597,-0.0080096599,124302,284,0.0022847581,160229,143,0.00089247265
NQ,2022-11-15,519548,1,1,44092,474,0.010750249,74897,235,0.0031376424,123013,-451,-0.0036662792,162275,-1713,-0.010556155
NQ,2022-11-16,364782,1,1,41899,-1945,-0.046421156,78278,-2922,-0.037328496,125601,-4571,-0.036393022,161128,-5224,-0.032421429
NQ,2022-11-17,425355,1,1,38605,1453,0.037637612,67757,1267,0.018699175,117961,3191,0.027051314,151436,2458,0.016231279
NQ,2022-11-18,399248,1,1,42689,53,0.0012415376,67031,-473,-0.0070564366,120806,-582,-0.0048176415,153173,-1445,-0.0094337775
NQ,2022-11-21,325649,1,1,33264,-970,-0.029160654,54331,-1073,-0.019749314,100228,-3428,-0.034202019,129452,-3568,-0.02756234
NQ,2022-11-22,319784,1,1,36844,-880,-0.023884486,58254,-1158,-0.019878463,104320,-52,-0.00049846626,151068,538,0.0035613101
NQ,2022-11-23,337683,1,1,28201,785,0.027835892,55491,1549,0.027914437,93487,907,0.0097018837,119912,1268,0.010574421
NQ,2022-11-24,11934,1,1,2440,-210,-0.086065574,3986,-300,-0.075263422,5970,-292,-0.048911223,7770,-230,-0.02960103
NQ,2022-11-25,113500,1,1,23395,365,0.015601624,36644,622,0.016974129,57109,1307,0.02288606,69234,1472,0.02126123
NQ,2022-11-28,336451,1,1,35667,1965,0.055092943,57120,1290,0.022584034,101893,-259,-0.0025418822,133097,-19,-0.00014275303
NQ,2022-11-29,371690,1,1,34642,-1182,-0.034120432,54364,-1050,-0.019314252,100216,998,0.0099584897,134210,130,0.00096863125
NQ,2022-11-30,531888,1,1,34968,-78,-0.0022306108,51939,-875,-0.016846686,94394,-988,-0.010466767,122295,-2315,-0.018929637
NQ,2022-12-01,412280,1,1,40314,-188,-0.0046633924,65781,-297,-0.0045149815,140892,-3476,-0.024671379,190772,-930,-0.0048749292
NQ,2022-12-02,369480,1,1,46278,-950,-0.020528113,76172,-990,-0.012996902,127275,-597,-0.0046906305,162978,-246,-0.0015094062
NQ,2022-12-05,376552,1,1,31374,602,0.019187863,51689,1051,0.020333146,106954,364,0.0034033323,141585,975,0.0068863227
NQ,2022-12-06,463017,1,1,42413,-3231,-0.076179473,79611,-3429,-0.043071937,145946,-2222,-0.015224809,196255,-2579,-0.013141066
NQ,2022-12-07,434638,1,1,52953,-97,-0.0018318131,88140,-1738,-0.019718629,167819,-1639,-0.0097664746,210747,-1115,-0.005290704
NQ,2022-12-08,400594,1,1,39298,-14,-0.00035625223,78371,2421,0.030891529,138513,4409,0.031830947,176090,4298,0.024407973
NQ,2022-12-09,281582,1,1,36635,663,0.018097448,60064,-1232,-0.020511454,115142,-866,-0.0075211478,151359,133,0.00087870559
NQ,2022-12-12,203147,1,1,19227,207,0.01076611,33137,455,0.013730875,52427,-389,-0.0074198409,70210,-758,-0.010796183
NQ,2022-12-13,462049,1,1,55169,-529,-0.0095887183,89063,-1365,-0.01532623,150007,-3883,-0.025885459,199901,-4645,-0.023236502
NQ,2022-12-14,442825,1,1,29481,-573,-0.019436247,49405,125,0.0025301083,77590,30,0.00038664776,100264,-146,-0.0014561557
NQ,2022-12-15,424232,1,1,49590,1110,0.022383545,87055,941,0.010809259,146924,2572,0.017505649,190056,3460,0.018205161
NQ,2022-12-16,440700,1,1,37163,-397,-0.010682668,68252,126,0.0018460997,122456,-766,-0.006255308,173327,-67,-0.00038655259
NQ,2022-12-19,409642,1,1,36473,-461,-0.012639487,62586,-1332,-0.021282715,118498,-860,-0.0072575065,157313,-2651,-0.016851754
NQ,2022-12-20,409113,1,1,47038,-170,-0.0036140992,81491,433,0.0053134702,140117,433,0.0030902746,182490,-1140,-0.0062469176
NQ,2022-12-21,443555,1,1,42350,1130,0.026682409,78156,632,0.0080863913,133764,2246,0.016790766,183978,2006,0.010903478
NQ,2022-12-22,520104,1,1,41860,-1108,-0.026469183,66338,-430,-0.006481956,132292,-270,-0.0020409397,188093,1599,0.0085011138
NQ,2022-12-23,354419,1,1,49017,-53,-0.0010812575,72810,-790,-0.010850158,142398,196,0.0013764238,184728,-140,-0.00075787103
NQ,2022-12-27,356945,1,1,36831,-969,-0.026309359,64337,-1317,-0.020470336,124292,-1358,-0.010925884,157420,-1764,-0.011205692
NQ,2022-12-28,472878,1,1,55597,5,8.993291e-05,82760,-260,-0.0031416143,133378,-1882,-0.014110273,186757,-2865,-0.01534079
NQ,2022-12-29,331254,1,1,43362,740,0.017065634,70364,170,0.0024160082,117815,-1385,-0.011755719,150324,-1676,-0.011149251
NQ,2022-12-30,326986,1,1,37448,-84,-0.0022431104,65723,-411,-0.0062535186,98555,-159,-0.0016133124,124795,251,0.0020112985
NQ,2023-01-03,444446,1,1,49767,1347,0.027066128,91773,-131,-0.0014274351,141317,-159,-0.00112513,174547,831,0.0047608953
NQ,2023-01-04,583248,1,1,57333,-977,-0.017040797,91604,-1446,-0.015785337,178737,-1183,-0.0066186632,224327,-1093,-0.0048723515
NQ,2023-01-05,514105,1,1,52882,-690,-0.013047918,89172,768,0.008612569,162297,1185,0.0073014289,205914,908,0.0044096079
NQ,2023-01-06,502260,1,1,68784,-1146,-0.016660851,105151,-203,-0.001930557,181148,-1026,-0.0056638771,239423,2155,0.0090008061
NQ,2023-01-09,477542,1,1,47743,1893,0.039649792,88652,3606,0.040675901,144486,1864,0.012900904,190737,2497,0.013091325
NQ,2023-01-10,385883,1,1,54677,667,0.012198914,95118,614,0.0064551399,150030,-150,-0.00099980004,209768,894,0.0042618512
NQ,2023-01-11,345361,1,1,44859,1421,0.031677032,67792,816,0.012036819,106306,1636,0.015389536,144185,-783,-0.0054305233
NQ,2023-01-12,471676,1,1,49005,-371,-0.0075706561,87656,-900,-0.010267409,154933,817,0.0052732471,202407,191,0.00094364325
NQ,2023-01-13,314358,1,1,42381,1535,0.03621906,65545,2135,0.032573041,112076,2422,0.021610336,139441,1249,0.0089571934
NQ,2023-01-16,20327,1,1,4509,137,0.030383677,6017,109,0.01811534,10450,-60,-0.0057416268,12826,38,0.002962732
NQ,2023-01-17,336221,1,1,42374,1314,0.031009581,71549,2027,0.028330235,125388,1848,0.014738252,166869,-113,-0.00067717791
NQ,2023-01-18,422034,1,1,47468,-328,-0.0069099183,73556,-366,-0.0049758008,127680,388,0.0030388471,184434,-2128,-0.011538003
NQ,2023-01-19,396919,1,1,46733,45,0.000962917,79775,491,0.0061548104,127414,804,0.0063101386,169531,149,0.00087889531
NQ,2023-01-20,402850,1,1,42691,-73,-0.0017099623,68350,554,0.0081053402,115692,1270,0.010977423,145761,-395,-0.0027099155
NQ,2023-01-23,425349,1,1,39195,1313,0.033499171,75367,1965,0.026072419,129904,2356,0.01813647,170339,-393,-0.0023071639
NQ,2023-01-24,340892,1,1,39313,-25,-0.00063592196,79438,-1188,-0.014955059,134237,-821,-0.0061160485,173753,283,0.0016287489
NQ,2023-01-25,417375,1,1,44038,-94,-0.0021345202,76598,-1052,-0.01373404,130391,1713,0.01313741,175588,3738,0.021288471
NQ,2023-01-26,404955,1,1,56588,-272,-0.0048066728,96179,-1285,-0.013360505,150121,-761,-0.0050692441,194031,-2857,-0.014724451
NQ,2023-01-27,408117,1,1,36312,718,0.019773078,64710,1482,0.022902179,124104,1522,0.012263908,171221,281,0.0016411538
NQ,2023-01-30,409580,1,1,39108,-1058,-0.027053288,69213,13,0.00018782599,122256,-1420,-0.011614972,178201,-1931,-0.010836078
NQ,2023-01-31,349318,1,1,39919,401,0.010045342,67266,114,0.0016947641,117985,725,0.0061448489,153731,1421,0.0092434187
NQ,2023-02-01,461155,1,1,35639,-1979,-0.055529055,53530,-1304,-0.024360172,89958,-1732,-0.019253429,117477,-3437,-0.029256791
NQ,2023-02-02,501377,1,1,59933,199,0.0033203744,92100,-882,-0.0095765472,148236,-734,-0.0049515637,201386,-598,-0.0029694219
NQ,2023-02-03,514570,1,1,58515,-1909,-0.032624113,101651,-4079,-0.040127495,191618,-6602,-0.034453966,242740,-7326,-0.03018044
NQ,2023-02-06,337666,1,1,39315,-195,-0.004959939,64216,-350,-0.0054503551,113771,-1735,-0.015249932,153388,-1116,-0.0072756669
NQ,2023-02-07,537045,1,1,35869,1229,0.03426357,60930,1196,0.019629083,99237,1351,0.013613874,124965,2927,0.023422558
NQ,2023-02-08,400269,1,1,32877,-219,-0.0066611917,63625,-25,-0.00039292731,116121,1481,0.012753938,167563,2891,0.017253212
NQ,2023-02-09,426593,1,1,39325,-1645,-0.041830896,68049,-1841,-0.027054035,112620,-2844,-0.025253063,149113,-2165,-0.01451919
NQ,2023-02-10,394408,1,1,40895,129,0.0031544199,67087,603,0.0089883286,133596,446,0.0033384233,171595,-489,-0.0028497334
NQ,2023-02-13,313742,1,1,32873,71,0.0021598272,58046,464,0.0079936602,93699,-479,-0.0051121143,128515,1131,0.0088005291
NQ,2023-02-14,467050,1,1,53929,-107,-0.0019840902,91369,583,0.0063807199,149435,571,0.0038210593,222224,-2214,-0.0099629203
NQ,2023-02-15,367793,1,1,39744,790,0.019877214,73901,293,0.0039647637,123911,259,0.0020902099,155258,-38,-0.00024475389
NQ,2023-02-16,444404,1,1,47248,2090,0.044234677,79648,3064,0.038469265,132466,5604,0.042305195,176915,6647,0.037571715
NQ,2023-02-17,418128,1,1,41104,1096,0.026664072,80294,1834,0.022841059,141096,2542,0.018016103,183015,2101,0.011479933
NQ,2023-02-20,16001,1,1,2138,-62,-0.028999065,3761,-99,-0.026322786,7786,-448,-0.057539173,9999,-623,-0.062306231
NQ,2023-02-21,355975,1,1,31718,1680,0.05296677,68630,-720,-0.010491039,121643,-373,-0.0030663499,158500,-90,-0.00056782334
NQ,2023-02-22,449249,1,1,34545,941,0.027239832,60857,533,0.0087582365,126865,-87,-0.00068576834,171218,1402,0.0081883914
NQ,2023-02-23,442347,1,1,41318,-754,-0.018248705,70636,-1472,-0.020839232,120521,-2369,-0.019656325,173662,-4218,-0.024288561
NQ,2023-02-24,424249,1,1,42537,-1657,-0.038954322,74256,-1084,-0.014598147,131912,434,0.0032900722,172910,894,0.0051703198
NQ,2023-02-27,397651,1,1,33328,-616,-0.018482957,62345,-1231,-0.019744968,110704,-2532,-0.022871802,169212,-5216,-0.030825237
NQ,2023-02-28,450158,1,1,34312,640,0.018652367,60141,-367,-0.0061023262,119906,-1868,-0.01557887,165129,-1499,-0.0090777513
NQ,2023-03-01,519490,1,1,40150,-1076,-0.026799502,69747,-849,-0.012172567,160331,-1213,-0.0075655987,227172,-154,-0.00067790045
NQ,2023-03-02,501724,1,1,38383,699,0.018211187,74304,1830,0.024628553,139675,1283,0.0091856095,188388,1884,0.010000637
NQ,2023-03-03,465295,1,1,38492,1232,0.032006651,77322,2328,0.030107861,166441,1895,0.011385416,215830,-1416,-0.0065607191
NQ,2023-03-06,418315,1,1,40031,-43,-0.0010741675,75092,-558,-0.0074308848,127042,638,0.0050219612,164475,333,0.0020246238
NQ,2023-03-07,514964,1,1,36563,1293,0.035363619,57418,888,0.015465533,160269,-487,-0.0030386413,232569,-1217,-0.0052328556
NQ,2023-03-08,439605,1,1,34815,-909,-0.026109436,54259,-755,-0.013914742,137823,-485,-0.0035190063,182094,-1740,-0.0095555043
NQ,2023-03-09,570466,1,1,42380,1050,0.024775838,81267,1123,0.013818647,147275,-421,-0.0028585979,188135,-1909,-0.010146969
NQ,2023-03-10,532745,1,1,44905,-2135,-0.047544817,87259,-1663,-0.019058206,152291,-889,-0.0058375085,198793,763,0.0038381633
NQ,2023-03-13,449271,1,1,32430,254,0.0078322541,71257,1489,0.020896193,114743,479,0.0041745466,153779,971,0.0063142562
NQ,2023-03-14,449545,1,1,34622,518,0.014961585,64580,314,0.0048621864,110530,-672,-0.0060797973,145181,-2593,-0.017860464
NQ,2023-03-15,499597,1,1,46963,5,0.00010646679,69539,-1175,-0.016896993,116568,-870,-0.0074634548,162170,-232,-0.0014305975
NQ,2023-03-16,471462,1,1,26789,-33,-0.0012318489,49835,1141,0.022895555,99216,1374,0.013848573,160417,5027,0.031337078
NQ,2023-03-17,496225,1,1,37271,-213,-0.005714899,59986,536,0.0089354183,132034,-3248,-0.024599724,198739,-8373,-0.042130634
NQ,2023-03-20,442656,1,1,45913,-1903,-0.041447956,79997,-1987,-0.024838431,130868,-646,-0.0049362717,174601,-65,-0.00037227736
NQ,2023-03-21,399414,1,1,31175,833,0.026720128,51848,1546,0.029817929,110051,-579,-0.0052611971,147631,-733,-0.0049650819
NQ,2023-03-22,540781,1,1,24860,-1202,-0.048350764,43765,-757,-0.017296927,83907,571,0.0068051533,111898,-916,-0.0081860266
NQ,2023-03-23,619533,1,1,38631,31,0.00080246434,68004,-302,-0.0044409152,127683,-1251,-0.0097977021,180184,-794,-0.0044066066
NQ,2023-03-24,473575,1,1,39207,-111,-0.0028311271,77819,747,0.0095991981,139232,338,0.0024276028,179913,-1023,-0.0056860816
NQ,2023-03-27,393171,1,1,39969,115,0.0028772299,67615,301,0.0044516749,106982,-1002,-0.0093660616,144200,-2898,-0.020097087
NQ,2023-03-28,383409,1,1,41557,-2529,-0.060856173,68488,-1710,-0.024967878,111797,5,4.4723919e-05,154031,-995,-0.0064597386
NQ,2023-03-29,387464,1,1,37209,549,0.014754495,65954,-490,-0.0074294205,103928,-2904,-0.027942422,141438,-4446,-0.031434268
NQ,2023-03-30,386317,1,1,36590,826,0.022574474,58888,2126,0.036102432,127438,2214,0.017373154,168555,-169,-0.0010026401
NQ,2023-03-31,405280,1,1,36430,854,0.023442218,57357,973,0.016963928,101903,1799,0.017654044,148345,3265,0.022009505
NQ,2023-04-03,354839,1,1,30255,1467,0.048487853,56373,175,0.003104323,105606,2870,0.027176486,153880,-208,-0.0013517026
NQ,2023-04-04,401961,1,1,33420,-970,-0.029024536,57520,994,0.017280946,126577,583,0.0046058921,169888,172,0.0010124317
NQ,2023-04-05,413247,1,1,37090,-2172,-0.058560259,66744,-1548,-0.023193096,129309,-393,-0.0030392316,184902,-1148,-0.0062086943
NQ,2023-04-06,393118,1,1,39918,-248,-0.0062127361,67942,610,0.0089782462,133848,1638,0.012237762,173021,877,0.0050687489
NQ,2023-04-10,378920,1,1,39132,-1676,-0.042829398,73038,-2110,-0.028889071,114700,-1180,-0.010287707,151413,-7,-4.6231169e-05
NQ,2023-04-11,389769,1,1,40999,87,0.002122003,68604,76,0.0011078071,118448,-470,-0.003967986,164718,-3254,-0.019754975
NQ,2023-04-12,476049,1,1,44347,-827,-0.018648387,82716,-630,-0.0076164225,135973,-67,-0.00049274488,194205,-2251,-0.011590845
NQ,2023-04-13,382479,1,1,46249,53,0.0011459707,73937,-1103,-0.014918106,136165,499,0.0036646715,174065,-1355,-0.0077844483
NQ,2023-04-14,435278,1,1,42434,3782,0.089126644,69004,5378,0.077937511,143665,2945,0.020499078,186720,3368,0.018037704
NQ,2023-04-17,400662,1,1,35237,271,0.0076907796,64027,77,0.0012026176,121272,702,0.0057886404,169136,92,0.00054394097
NQ,2023-04-18,402534,1,1,35769,199,0.0055634768,72501,-707,-0.0097515896,139368,-1010,-0.0072470007,193197,-11,-5.6936702e-05
NQ,2023-04-19,369415,1,1,43412,-542,-0.012485027,73470,-1816,-0.024717572,118001,-2419,-0.020499826,159423,-2203,-0.013818583
NQ,2023-04-20,491830,1,1,47416,3596,0.075839379,78511,2541,0.032364892,131719,1497,0.011365103,169696,1516,0.0089336225
NQ,2023-04-21,433454,1,1,35235,679,0.019270612,73090,-818,-0.011191681,142934,880,0.0061566877,198379,727,0.0036647024
NQ,2023-04-24,440523,1,1,44550,790,0.017732884,69373,-577,-0.0083173569,118620,-2216,-0.018681504,180629,-3727,-0.020633453
NQ,2023-04-25,482949,1,1,38923,793,0.020373558,71134,760,0.010684061,132208,-164,-0.0012404696,175344,1106,0.0063076011
NQ,2023-04-26,503179,1,1,50193,-4823,-0.096089096,84758,-4754,-0.056089101,143777,-7413,-0.051559012,195155,-7661,-0.039255976
NQ,2023-04-27,488822,1,1,50938,-3604,-0.07075268,95814,-4348,-0.04537959,163783,-5001,-0.030534305,222389,-4665,-0.020976757
NQ,2023-04-28,477430,1,1,44463,-1247,-0.028045791,77493,-1231,-0.015885306,160172,-984,-0.0061433958,234702,-5910,-0.025180868
NQ,2023-05-01,365755,1,1,31383,1013,0.032278622,55524,1274,0.022945033,102475,901,0.0087923884,141924,2094,0.014754376
NQ,2023-05-02,511824,1,1,45225,-1803,-0.03986733,70161,-1117,-0.015920526,147004,-5534,-0.037645234,215906,-7772,-0.035997147
NQ,2023-05-03,500805,1,1,27030,1404,0.051942286,49905,2013,0.04033664,93462,890,0.0095225867,131058,768,0.0058600009
NQ,2023-05-04,457120,1,1,45342,-1274,-0.02809757,84694,1192,0.014074197,148275,57,0.00038442084,197412,1720,0.0087127429
NQ,2023-05-05,390337,1,1,44094,-116,-0.0026307434,76769,633,0.0082455158,132201,479,0.0036232706,178838,1202,0.0067211666
NQ,2023-05-08,372214,1,1,44255,-371,-0.0083832335,73104,-538,-0.0073593784,116641,-259,-0.0022204885,159778,540,0.0033796893
NQ,2023-05-09,413279,1,1,47306,2154,0.045533336,86650,3476,0.040115407,153798,1930,0.012548928,198290,2074,0.010459428
NQ,2023-05-10,591036,1,1,63327,1443,0.022786489,101110,1562,0.015448521,195458,-440,-0.002251123,268875,-1569,-0.0058354254
NQ,2023-05-11,466357,1,1,55793,165,0.0029573602,90867,-1341,-0.014757833,145695,-567,-0.0038916915,204790,6,2.9298306e-05
NQ,2023-05-12,466402,1,1,37108,560,0.015091085,63832,-882,-0.013817521,117782,-1654,-0.014042893,164021,-2133,-0.013004432
NQ,2023-05-15,364574,1,1,39127,-783,-0.020011757,66351,-2137,-0.032207503,109118,-1788,-0.016385931,149325,-1631,-0.010922485
NQ,2023-05-16,413542,1,1,46863,2115,0.045131554,87784,582,0.0066299098,137318,2108,0.015351229,185713,1461,0.0078669775
NQ,2023-05-17,470215,1,1,38918,1524,0.039159258,74215,-19,-0.00025601294,121467,941,0.0077469601,153258,924,0.0060290491
NQ,2023-05-18,562292,1,1,48231,2029,0.042068379,80709,1885,0.023355512,158647,5589,0.035229157,214611,4901,0.022836667
NQ,2023-05-19,474069,1,1,37684,86,0.0022821357,64699,-787,-0.012164021,119353,-941,-0.0078841755,163904,-854,-0.005210367
NQ,2023-05-22,401489,1,1,55036,1818,0.033032924,90894,2300,0.0253042,162797,1219,0.007487853,196564,1082,0.0055045685
NQ,2023-05-23,479161,1,1,42917,441,0.010275648,78139,1151,0.01473016,126149,931,0.0073801616,159870,638,0.0039907425
NQ,2023-05-24,487052,1,1,50815,1049,0.020643511,81893,1431,0.017474021,144432,-640,-0.004431151,193359,-1303,-0.0067387605
NQ,2023-05-25,558076,1,1,74442,-2332,-0.031326402,122098,-3670,-0.030057822,189073,-4263,-0.022546847,237526,-3294,-0.013867956
NQ,2023-05-26,530552,1,1,49982,2374,0.047497099,87723,2519,0.028715388,155840,4168,0.02674538,226724,4800,0.021171116
NQ,2023-05-29,18483,1,1,2385,-39,-0.016352201,4146,-126,-0.030390738,7584,0,0,10615,17,0.0016015073
NQ,2023-05-30,586388,1,1,80462,902,0.011210261,138893,-463,-0.0033335013,223160,-1386,-0.0062107905,271748,-954,-0.0035106054
NQ,2023-05-31,497392,1,1,50001,1241,0.024819504,89839,239,0.0026603146,163295,-1739,-0.010649438,208125,-963,-0.004627027
NQ,2023-06-01,446545,1,1,58058,518,0.0089221124,93050,2076,0.022310586,149518,1854,0.012399845,196213,3167,0.016140623
NQ,2023-06-02,440091,1,1,59801,2915,0.048745004,122606,-718,-0.0058561571,186512,152,0.00081496097,228901,2225,0.0097203595
NQ,2023-06-05,467941,1,1,50093,3377,0.067414609,87556,1474,0.01683494,155816,1858,0.011924321,207036,2378,0.011485925
NQ,2023-06-06,440164,1,1,47753,-1343,-0.028123888,84638,554,0.0065455233,136668,1966,0.014385226,177877,2603,0.014633708
NQ,2023-06-07,608440,1,1,63054,2808,0.044533257,101601,1325,0.01304121,177986,-622,-0.0034946569,251940,-2520,-0.010002382
NQ,2023-06-08,430208,1,1,60951,1187,0.01947466,98398,646,0.0065651741,151974,1816,0.011949412,194269,2827,0.014551987
NQ,2023-06-09,398736,1,1,47186,3260,0.069088289,76581,3203,0.041824996,125927,2683,0.021305995,182947,-191,-0.0010440182
NQ,2023-06-12,295808,1,1,38510,-82,-0.0021293171,61401,-71,-0.001156333,102869,-453,-0.004403659,129729,-1219,-0.0093965112
NQ,2023-06-13,447382,1,1,57553,723,0.012562334,105996,-894,-0.0084342805,168525,-481,-0.0028541759,206550,628,0.003040426
NQ,2023-06-14,512452,1,1,40406,814,0.020145523,67160,1804,0.026861227,111275,3413,0.030671759,142929,3657,0.02558613
NQ,2023-06-15,491640,1,1,47568,1702,0.035780357,89269,3751,0.042019066,153017,8167,0.053373155,194779,8031,0.041231344
NQ,2023-06-16,435015,1,1,61356,-1384,-0.022556881,93450,-604,-0.0064633494,145616,100,0.00068673772,181158,-902,-0.004979079
NQ,2023-06-19,24886,1,1,3800,-204,-0.053684211,6250,-266,-0.04256,11622,-284,-0.024436414,15316,-366,-0.023896579
NQ,2023-06-20,412026,1,1,50102,1180,0.023551954,86585,323,0.0037304383,150499,-839,-0.0055747879,193235,-727,-0.0037622584
NQ,2023-06-21,480201,1,1,41368,-38,-0.00091858441,77755,-1327,-0.017066427,143171,-1027,-0.0071732404,197878,-1302,-0.0065798118
NQ,2023-06-22,431439,1,1,51112,2212,0.043277508,83183,3267,0.039274852,137912,4114,0.029830617,185589,2629,0.01416571
NQ,2023-06-23,440233,1,1,46454,596,0.012829896,86245,1001,0.01160647,140320,1796,0.012799316,180001,1939,0.010772162
NQ,2023-06-26,479988,1,1,34983,1249,0.035703056,62141,2073,0.033359618,111451,767,0.0068819481,167897,-303,-0.0018046779
NQ,2023-06-27,421228,1,1,49936,-884,-0.017702659,77450,-1030,-0.013298903,141484,-1740,-0.01229821,182006,-2112,-0.011604013
NQ,2023-06-28,488926,1,1,52099,2181,0.041862608,93046,3002,0.032263612,156306,2202,0.014087751,207168,2564,0.012376429
NQ,2023-06-29,432646,1,1,51110,-526,-0.010291528,83766,678,0.0080939761,153392,838,0.0054631272,206387,1833,0.0088813733
NQ,2023-06-30,359008,1,1,38082,1806,0.04742398,69307,2363,0.03409468,119436,3162,0.02647443,157779,3385,0.021454059
NQ,2023-07-03,164943,1,1,26936,724,0.026878527,48067,389,0.0080928704,75965,631,0.0083064569,107136,718,0.0067017622
NQ,2023-07-04,13512,1,1,1577,29,0.018389347,2724,-68,-0.024963289,5529,-297,-0.053716766,7982,-594,-0.074417439
NQ,2023-07-05,349424,1,1,49269,2101,0.042643447,77160,2242,0.029056506,120471,3323,0.027583402,154731,2733,0.017662912
NQ,2023-07-06,366312,1,1,48701,1269,0.02605696,82390,408,0.0049520573,136295,2169,0.01591401,171705,2307,0.013435835
NQ,2023-07-07,361386,1,1,35326,132,0.0037366246,61770,1154,0.018682208,104436,332,0.0031789804,145194,1594,0.010978415
NQ,2023-07-10,419724,1,1,45648,-982,-0.021512443,86332,-1906,-0.022077561,143032,-910,-0.0063622127,185545,-1749,-0.0094262847
NQ,2023-07-11,411457,1,1,52234,792,0.015162538,82926,1052,0.012686009,139289,2149,0.015428354,181051,1785,0.0098591005
NQ,2023-07-12,456616,1,1,46072,1794,0.038939052,80035,1835,0.022927469,132873,1053,0.0079248606,175210,636,0.0036299298
NQ,2023-07-13,380483,1,1,46348,596,0.012859239,71379,21,0.00029420418,119419,-2761,-0.023120274,159471,-1213,-0.0076063987
NQ,2023-07-14,468428,1,1,47026,278,0.0059116234,73604,1182,0.01605891,137622,-274,-0.0019909607,200917,-1897,-0.0094417098
NQ,2023-07-17,381263,1,1,42452,246,0.00579478,75914,70,0.00092209606,116374,-110,-0.00094522832,150671,-463,-0.0030729205
NQ,2023-07-18,475091,1,1,52646,-3336,-0.063366638,86987,-2935,-0.033740674,131788,-3194,-0.024235894,169162,-1526,-0.0090209385
NQ,2023-07-19,516414,1,1,52573,35,0.00066574097,86296,-554,-0.0064197645,139303,-857,-0.006152057,200383,297,0.0014821617
NQ,2023-07-20,586945,1,1,54430,-252,-0.0046297997,82514,-1596,-0.019342172,165039,-3755,-0.022752198,234916,-3158,-0.013443103
NQ,2023-07-21,522076,1,1,52128,488,0.0093615715,89089,-639,-0.0071726027,160869,-1605,-0.0099770621,214626,-922,-0.0042958449
NQ,2023-07-24,421032,1,1,44508,-330,-0.0074143974,98050,-2394,-0.024416114,156735,-39,-0.00024882764,198066,-874,-0.0044126705
NQ,2023-07-25,384166,1,1,41630,2044,0.049099207,74114,3126,0.042178266,118561,3297,0.02780847,163581,2351,0.014372085
NQ,2023-07-26,505373,1,1,54325,439,0.008080994,82708,1050,0.012695265,124054,68,0.00054814839,170940,-1084,-0.0063414063
NQ,2023-07-27,629102,1,1,56867,417,0.0073328996,91148,-414,-0.0045420635,165807,-3345,-0.020174058,228974,-1324,-0.0057823159
NQ,2023-07-28,470579,1,1,55231,-1129,-0.020441419,88841,-1435,-0.016152452,141537,-3901,-0.027561698,190244,-3406,-0.017903324
NQ,2023-07-31,367629,1,1,45260,1528,0.033760495,86799,-249,-0.0028686966,126413,937,0.0074122124,162653,879,0.0054041426
NQ,2023-08-01,379204,1,1,36626,568,0.015508109,60018,-20,-0.00033323336,138759,-2107,-0.015184601,189036,-2638,-0.013955014
NQ,2023-08-02,512194,1,1,65352,1186,0.018147876,98021,791,0.0080696994,161270,1118,0.0069324735,212357,-233,-0.0010972089
NQ,2023-08-03,396312,1,1,41907,1719,0.0410194,73865,2925,0.039599269,136169,225,0.0016523585,180584,1884,0.010432818
NQ,2023-08-04,534921,1,1,58692,-762,-0.01298303,106191,-751,-0.0070721624,175262,782,0.0044618913,221286,-500,-0.0022595194
NQ,2023-08-07,413899,1,1,51352,-2418,-0.047086774,88608,-3362,-0.037942398,147386,-2968,-0.020137598,191143,-4073,-0.021308654
NQ,2023-08-08,448696,1,1,43784,-996,-0.022748036,83683,-587,-0.0070145669,154902,896,0.0057843023,207139,1571,0.0075842792
NQ,2023-08-09,484589,1,1,46672,-990,-0.021211862,77817,-861,-0.01106442,121713,-149,-0.0012241913,171455,-1397,-0.0081479105
NQ,2023-08-10,570729,1,1,46916,-528,-0.011254156,91021,2011,0.022093803,154392,-202,-0.0013083579,229669,-815,-0.0035485851
NQ,2023-08-11,433477,1,1,39722,804,0.020240673,66441,1063,0.015999157,131712,3084,0.023414723,174541,2213,0.012678969
NQ,2023-08-14,366709,1,1,41576,506,0.012170483,71493,63,0.00088120515,117708,1528,0.012981276,163827,2949,0.018000696
NQ,2023-08-15,390004,1,1,42745,-295,-0.006901392,73733,-585,-0.0079340323,132157,-1163,-0.0088001392,171177,-2053,-0.011993434
NQ,2023-08-16,472124,1,1,39830,474,0.011900577,69041,449,0.006503382,119168,520,0.0043635875,156103,1519,0.0097307547
NQ,2023-08-17,494853,1,1,43564,-576,-0.013221926,81008,-1050,-0.012961683,130463,-1357,-0.010401416,181835,-951,-0.0052300162
NQ,2023-08-18,499825,1,1,55775,1345,0.024114747,90082,684,0.0075930819,147650,1374,0.0093057907,195421,3763,0.019255863
NQ,2023-08-21,458634,1,1,49380,1940,0.039287161,81250,3106,0.038227692,142597,951,0.0066691445,188714,1486,0.0078743495
NQ,2023-08-22,451764,1,1,51972,-2070,-0.039829139,88769,-2067,-0.023285156,143211,-947,-0.0066126205,190659,657,0.0034459428
NQ,2023-08-23,381151,1,1,35124,-300,-0.0085411684,74431,1445,0.019413954,134135,2421,0.018048981,176648,4888,0.027670848
NQ,2023-08-24,587614,1,1,70266,-2352,-0.033472803,116580,-2130,-0.018270715,202734,-5992,-0.02955597,271274,-5470,-0.020164115
NQ,2023-08-25,622896,1,1,45003,1233,0.027398173,71364,1796,0.025166751,189575,-229,-0.0012079652,270166,-2524,-0.0093424043
NQ,2023-08-28,438721,1,1,53873,-499,-0.0092625248,89596,-358,-0.0039957141,133986,134,0.0010001045,182224,-1816,-0.0099657564
NQ,2023-08-29,445909,1,1,41218,1128,0.027366684,71267,1655,0.023222529,159350,7348,0.046112331,213925,6699,0.031314713
NQ,2023-08-30,422626,1,1,56815,837,0.014732025,91110,2538,0.027856437,167573,549,0.0032761841,217262,1812,0.0083401607
NQ,2023-08-31,403537,1,1,47586,2518,0.052914723,82728,4260,0.051494053,129354,5210,0.040277069,170637,3895,0.022826233
NQ,2023-09-01,403866,1,1,54526,-1844,-0.033818729,94506,-1236,-0.013078535,158982,-1232,-0.007749305,207228,-3872,-0.018684734
NQ,2023-09-04,32610,1,1,4463,723,0.16199866,7407,947,0.12785203,14898,656,0.044032756,22020,-112,-0.0050862852
NQ,2023-09-05,365905,1,1,40707,579,0.014223598,71452,-574,-0.0080333651,127684,-888,-0.0069546693,165346,280,0.0016934186
NQ,2023-09-06,449577,1,1,43486,1006,0.023133882,70917,731,0.010307825,154263,-533,-0.0034551383,199294,-382,-0.0019167662
NQ,2023-09-07,432387,1,1,66376,2318,0.034922261,104053,2433,0.023382315,156696,3936,0.025118701,210652,5864,0.027837381
NQ,2023-09-08,384332,1,1,44870,3150,0.070202808,76356,2468,0.03232228,124130,3128,0.025199388,168567,1297,0.0076942699
NQ,2023-09-11,351757,1,1,51288,-534,-0.010411792,88568,-584,-0.0065938036,132637,-89,-0.00067100432,164365,-151,-0.00091868707
NQ,2023-09-12,430786,1,1,43764,1238,0.028288091,72306,1784,0.024672918,121605,-161,-0.0013239587,172205,-1613,-0.0093667431
NQ,2023-09-13,486069,1,1,54864,904,0.016477107,92551,449,0.0048513792,166058,470,0.0028303364,220651,985,0.0044640632
NQ,2023-09-14,422267,1,1,51596,36,0.00069772851,93396,-1632,-0.017473982,144310,-1168,-0.0080936872,198136,714,0.0036035854
NQ,2023-09-15,496435,1,1,56607,-1603,-0.028318053,94203,959,0.010180143,162980,2504,0.015363848,216178,2562,0.011851345
NQ,2023-09-18,366056,1,1,55524,-426,-0.0076723579,87076,-160,-0.0018374753,137443,-359,-0.0026119919,183954,-712,-0.0038705329
NQ,2023-09-19,415360,1,1,45301,185,0.0040837951,81426,-1042,-0.012796895,139015,-927,-0.0066683451,181774,-856,-0.0047091443
NQ,2023-09-20,455542,1,1,39412,540,0.013701411,62423,-205,-0.0032840459,108328,-2194,-0.020253305,137758,-2702,-0.019614106
NQ,2023-09-21,461905,1,1,61852,76,0.0012287396,102831,-205,-0.0019935623,168499,3547,0.02105057,214529,5789,0.026984697
NQ,2023-09-22,448040,1,1,38996,-2444,-0.062673095,71808,-1408,-0.019607843,120439,-1917,-0.015916771,167422,-130,-0.00077648099
NQ,2023-09-25,393914,1,1,38549,493,0.012788918,67936,920,0.013542157,116240,-200,-0.0017205781,153171,-655,-0.0042762664
NQ,2023-09-26,469710,1,1,41295,109,0.0026395447,76382,-1466,-0.019193004,140007,449,0.0032069825,188959,1567,0.0082928043
NQ,2023-09-27,534650,1,1,38512,1724,0.044765268,66318,1158,0.017461323,122688,1384,0.011280647,170669,-335,-0.0019628638
NQ,2023-09-28,494087,1,1,45082,-94,-0.0020850894,76383,1623,0.021248183,128892,1114,0.0086428948,182319,3249,0.017820414
NQ,2023-09-29,537432,1,1,39033,-577,-0.014782364,72326,946,0.013079667,135867,-3417,-0.025149595,180067,-3165,-0.017576791
NQ,2023-10-02,543185,1,1,47817,2181,0.045611393,77877,581,0.0074604826,154001,291,0.0018895981,207647,-871,-0.0041946188
NQ,2023-10-03,526618,1,1,43359,1765,0.040706658,77924,2778,0.035650121,186630,1486,0.0079622783,241350,1196,0.0049554589
NQ,2023-10-04,527146,1,1,41227,1503,0.036456691,72946,1246,0.017081129,155310,-154,-0.00099156526,223845,1023,0.0045701267
NQ,2023-10-05,465558,1,1,38823,-1537,-0.039589934,71472,-2294,-0.032096485,136144,-2034,-0.014940063,191449,-3587,-0.01873606
NQ,2023-10-06,553134,1,1,55085,-1285,-0.023327585,100311,-1431,-0.014265634,172019,-1595,-0.0092722316,235533,-1795,-0.0076210128
NQ,2023-10-09,408133,1,1,55690,2680,0.048123541,83383,3395,0.040715733,132988,4562,0.034303847,168529,3819,0.022660788
NQ,2023-10-10,459299,1,1,40781,-877,-0.021505113,63046,408,0.0064714653,121168,1112,0.0091773406,165515,2425,0.01465124
NQ,2023-10-11,419102,1,1,47579,671,0.014102861,75145,-523,-0.0069598776,117293,-1013,-0.0086364915,164549,2477,0.015053267
NQ,2023-10-12,540853,1,1,41598,-1290,-0.031011106,69208,-594,-0.0085828228,136707,-65,-0.00047546943,182161,615,0.0033761343
NQ,2023-10-13,567343,1,1,45486,520,0.011432089,70443,-55,-0.00078077311,133894,-1778,-0.013279161,191645,-3471,-0.018111613
NQ,2023-10-16,451758,1,1,56863,2095,0.036842938,88812,2188,0.02463631,145590,4762,0.03270829,192178,5364,0.027911624
NQ,2023-10-17,566708,1,1,58173,-1317,-0.022639369,107458,-1806,-0.016806566,189337,1099,0.0058044651,242388,1360,0.0056108388
NQ,2023-10-18,642911,1,1,58643,7,0.00011936634,95043,405,0.0042612291,166964,-212,-0.0012697348,230113,-3239,-0.014075693
NQ,2023-10-19,766404,1,1,49211,-1887,-0.038345085,84641,-729,-0.0086128472,154938,-1552,-0.01001691,210469,-1093,-0.0051931638
NQ,2023-10-20,620041,1,1,59102,1002,0.016953741,101075,535,0.0052930992,170956,-1688,-0.0098738857,233655,-1741,-0.0074511566
NQ,2023-10-23,536726,1,1,52755,-335,-0.006350109,105041,1843,0.01754553,169086,3932,0.023254439,215703,4513,0.020922287
NQ,2023-10-24,494081,1,1,52591,959,0.018235059,94832,584,0.0061582588,157911,1273,0.008061503,207596,1306,0.0062910653
NQ,2023-10-25,587286,1,1,70156,-2538,-0.036176521,107153,-1555,-0.01451196,169789,-1719,-0.010124331,229337,733,0.0031961698
NQ,2023-10-26,670332,1,1,69372,512,0.0073804993,115620,-2284,-0.019754368,191466,-2002,-0.010456165,260060,-1126,-0.0043297701
NQ,2023-10-27,572115,1,1,53309,1907,0.035772571,91750,2226,0.02426158,171509,2357,0.013742719,228435,2511,0.010992186
NQ,2023-10-30,543984,1,1,52155,2091,0.040092033,89535,2935,0.032780477,166099,385,0.0023178947,226104,1800,0.0079609383
NQ,2023-10-31,511824,1,1,46758,-1112,-0.023782027,79810,-1200,-0.01503571,150541,-17,-0.00011292605,216018,812,0.003758946
NQ,2023-11-01,544461,1,1,39350,2164,0.054993647,68307,1183,0.017318869,158379,7659,0.048358684,202043,7633,0.037779087
NQ,2023-11-02,419873,1,1,51016,-604,-0.011839423,83724,-1336,-0.015957193,145328,-856,-0.0058901244,185474,-42,-0.00022644683
NQ,2023-11-03,437531,1,1,44785,1075,0.024003573,82741,1635,0.019760457,150792,-854,-0.0056634304,194400,-256,-0.0013168724
NQ,2023-11-06,354537,1,1,45964,578,0.012575059,75344,480,0.0063707794,121926,-594,-0.0048718075,154916,-288,-0.001859072
NQ,2023-11-07,401611,1,1,46931,1073,0.022863353,76723,2267,0.029547854,135976,3644,0.026798847,182555,4529,0.024808962
NQ,2023-11-08,391494,1,1,41351,755,0.018258325,66399,707,0.010647751,123487,-1407,-0.011393912,164765,-649,-0.0039389433
NQ,2023-11-09,526892,1,1,39409,59,0.0014971199,67984,1738,0.025564839,131250,-2,-1.5238095e-05,172192,614,0.003565787
NQ,2023-11-10,453517,1,1,43063,2181,0.050646727,69997,883,0.012614826,139468,-1906,-0.013666217,180209,437,0.0024249621
NQ,2023-11-13,369487,1,1,43676,-3316,-0.075922704,78379,-3607,-0.04601998,129326,-2394,-0.018511359,173198,-3266,-0.018857031
NQ,2023-11-14,411635,1,1,64862,4556,0.070241436,100888,4026,0.039905638,154746,4410,0.028498313,192621,3329,0.017282643
NQ,2023-11-15,451320,1,1,41211,-603,-0.014632016,76750,-1940,-0.025276873,127604,-1964,-0.015391367,173055,-2231,-0.012891855
NQ,2023-11-16,438105,1,1,39635,-117,-0.0029519364,74724,1080,0.014453188,131306,834,0.0063515757,186804,-798,-0.0042718571
NQ,2023-11-17,394518,1,1,39193,-1673,-0.042686194,69751,-765,-0.010967585,121272,-1776,-0.014644765,154272,-2708,-0.017553412
NQ,2023-11-20,382169,1,1,48848,1100,0.022518834,80948,1668,0.020605821,133714,312,0.0023333383,172213,1901,0.011038656
NQ,2023-11-21,380815,1,1,42429,-657,-0.015484692,69490,-1560,-0.022449273,127028,-3538,-0.027852127,171703,-2901,-0.016895453
NQ,2023-11-22,435044,1,1,64907,3701,0.057020044,120826,2418,0.020012249,188502,3894,0.020657606,242241,4019,0.016590916
NQ,2023-11-23,21685,1,1,4284,-104,-0.024276377,6834,-302,-0.044190811,11135,-443,-0.039784463,15407,157,0.010190173
NQ,2023-11-24,135323,1,1,27485,-1023,-0.037220302,44094,-686,-0.015557672,73005,-1655,-0.02266968,94097,-1357,-0.014421289
NQ,2023-11-27,347990,1,1,45021,623,0.013837987,65685,-25,-0.0003806044,114807,281,0.0024475859,147969,423,0.0028587069
NQ,2023-11-28,428752,1,1,42739,-545,-0.012751819,66048,-726,-0.010992006,111507,-599,-0.0053718601,176810,586,0.0033142922
NQ,2023-11-29,429612,1,1,47552,3128,0.065780619,70573,3295,0.046689244,160516,-378,-0.0023549054,205143,1085,0.0052889935
NQ,2023-11-30,482126,1,1,62064,-3490,-0.056232276,102468,-4920,-0.04801499,173584,-5612,-0.032330169,233432,-7030,-0.030115837
NQ,2023-12-01,454509,1,1,49529,799,0.016131963,74141,413,0.0055704671,141414,-400,-0.0028285743,178691,-643,-0.0035983905
NQ,2023-12-04,505766,1,1,52347,-1005,-0.019198808,87435,-823,-0.0094127066,164963,-1811,-0.010978219,223931,-255,-0.0011387436
NQ,2023-12-05,498669,1,1,46131,1035,0.022436106,79474,1276,0.016055565,172083,1671,0.0097104304,223819,3377,0.015088085
NQ,2023-12-06,463650,1,1,64933,-703,-0.010826544,90089,-583,-0.0064713783,163442,180,0.0011013081,212058,1514,0.0071395562
NQ,2023-12-07,431643,1,1,61430,232,0.0037766564,101395,-1427,-0.014073672,164554,1026,0.0062350353,203223,1769,0.0087047234
NQ,2023-12-08,363914,1,1,43051,1709,0.039697103,65113,583,0.0089536652,130315,2667,0.020465794,186261,2107,0.011312084
NQ,2023-12-11,291827,1,1,48210,982,0.020369218,71251,941,0.013206832,101328,676,0.0066714038,132027,257,0.0019465715
NQ,2023-12-12,334232,1,1,46195,545,0.011797814,74314,2792,0.03757031,117535,2863,0.024358702,148000,4170,0.028175676
NQ,2023-12-13,460333,1,1,50288,306,0.0060849507,73040,-96,-0.0013143483,105520,108,0.0010235027,134373,411,0.0030586502
NQ,2023-12-14,512278,1,1,45080,1316,0.029192547,83588,1728,0.020672824,161872,100,0.00061777207,212402,694,0.0032673892
NQ,2023-12-15,439120,1,1,53339,1499,0.028103264,83940,490,0.005837503,129319,3041,0.023515493,161004,2890,0.017949865
NQ,2023-12-18,304926,1,1,42311,1169,0.027628749,66276,1372,0.02070131,108993,2535,0.023258374,135482,730,0.0053881696
NQ,2023-12-19,350579,1,1,46221,1837,0.039743839,78089,855,0.010949045,122866,2258,0.018377745,167068,4078,0.024409223
NQ,2023-12-20,472830,1,1,43218,846,0.019575177,59124,1008,0.017048914,99744,3258,0.032663619,136850,3234,0.023631714
NQ,2023-12-21,445143,1,1,43195,807,0.018682718,66284,-798,-0.012039104,140868,-872,-0.0061901922,180570,-876,-0.0048513042
NQ,2023-12-22,331865,1,1,42241,4797,0.11356265,61328,4070,0.066364466,97773,4261,0.043580539,125098,3404,0.027210667
NQ,2023-12-26,200898,1,1,30897,1885,0.061009159,44664,1872,0.04191295,64564,2502,0.038752246,85345,2353,0.027570449
NQ,2023-12-27,317293,1,1,29194,448,0.015345619,45586,70,0.0015355592,91463,-1535,-0.016782743,119162,-2518,-0.021130897
NQ,2023-12-28,253446,1,1,27418,-580,-0.021153986,41456,-924,-0.022288692,70379,-357,-0.0050725358,96424,138,0.001431179
NQ,2023-12-29,353417,1,1,20047,-317,-0.01581284,35930,-1210,-0.033676593,59882,-860,-0.014361578,110951,-4403,-0.039684185
NQ,2024-01-02,454468,1,1,48102,-2146,-0.04461353,87080,-2716,-0.031189711,138925,-3225,-0.023213964,181545,-2501,-0.013776199
NQ,2024-01-03,488627,1,1,60122,-4288,-0.071321646,89835,-6231,-0.069360494,160322,-8858,-0.055251307,205016,-9304,-0.045381824
NQ,2024-01-04,391234,1,1,41223,1035,0.025107343,69901,923,0.013204389,125050,1054,0.0084286285,156496,1360,0.008690318
NQ,2024-01-05,420373,1,1,44814,-1196,-0.026688089,65918,-2312,-0.03507388,125808,-1234,-0.0098085972,159712,-660,-0.0041324384
NQ,2024-01-08,369260,1,1,42958,2014,0.046883002,81807,5251,0.064187661,130753,7607,0.058178397,160458,8568,0.053397151
NQ,2024-01-09,437959,1,1,49174,142,0.0028877049,74283,945,0.012721619,120032,1056,0.008797654,154814,686,0.0044311238
NQ,2024-01-10,395027,1,1,39201,1185,0.030228821,69263,-57,-0.0008229502,117079,533,0.0045524817,150738,2044,0.013559952
NQ,2024-01-11,537260,1,1,52885,-463,-0.0087548454,94702,-646,-0.0068213976,180695,-1287,-0.0071224992,236750,-2000,-0.0084477297
NQ,2024-01-12,408486,1,1,44759,1277,0.028530575,74561,-461,-0.006182857,140959,-1801,-0.012776765,190746,-2754,-0.014438049
NQ,2024-01-15,34654,1,1,4074,38,0.0093274423,8795,-289,-0.032859579,15138,-142,-0.0093803673,21095,949,0.044986964
NQ,2024-01-16,513453,1,1,46599,-963,-0.02066568,80714,-438,-0.0054265679,146306,2052,0.014025399,189303,2049,0.010823917
NQ,2024-01-17,496591,1,1,58240,-1420,-0.024381868,96619,-1829,-0.018930024,165061,763,0.0046225335,218525,3051,0.013961789
NQ,2024-01-18,601518,1,1,55083,-347,-0.0062995843,86086,-826,-0.0095950561,148987,-1381,-0.0092692651,214416,-1986,-0.0092623685
NQ,2024-01-19,533334,1,1,46153,-237,-0.0051350941,72485,-321,-0.0044285024,137055,-567,-0.0041370253,182292,330,0.0018102824
NQ,2024-01-22,447542,1,1,54751,-489,-0.0089313437,87971,-303,-0.0034443169,155984,-2136,-0.013693712,216273,-3695,-0.017084888
NQ,2024-01-23,348000,1,1,48224,-2084,-0.043214997,72231,-1701,-0.023549446,119029,-2699,-0.022675146,154211,-2157,-0.013987329
NQ,2024-01-24,520119,1,1,42942,-1460,-0.033999348,75298,-1110,-0.014741427,134147,1013,0.0075514175,188207,1159,0.0061581131
NQ,2024-01-25,502948,1,1,44629,-1259,-0.028210356,72555,-2351,-0.032403005,130776,-392,-0.0029974919,182952,-1282,-0.0070073025
NQ,2024-01-26,423112,1,1,39741,281,0.0070707833,64185,469,0.0073070032,117766,1670,0.014180663,162412,4480,0.027584169
NQ,2024-01-29,400894,1,1,35354,-924,-0.026135657,59575,-1657,-0.02781368,113996,-3478,-0.030509842,153604,-4660,-0.030337752
NQ,2024-01-30,369171,1,1,31845,25,0.0007850526,49321,-177,-0.003588735,110246,-1008,-0.0091431889,148219,-1989,-0.013419332
NQ,2024-01-31,573170,1,1,42150,-412,-0.0097746145,76949,7,9.0969343e-05,126192,-2058,-0.016308482,173844,-1900,-0.010929339
NQ,2024-02-01,467458,1,1,38517,-333,-0.0086455331,68742,-842,-0.012248698,130648,224,0.0017145306,177354,-2914,-0.016430416
NQ,2024-02-02,523778,1,1,59416,2564,0.043153359,102889,3283,0.031908173,163550,3560,0.021767044,224372,5112,0.022783592
NQ,2024-02-05,441247,1,1,43204,-918,-0.021248033,67086,-662,-0.0098679307,138093,-3455,-0.025019371,186630,-5316,-0.028484167
NQ,2024-02-06,463393,1,1,47560,-474,-0.0099663583,89136,-3574,-0.040096033,159783,-4591,-0.028732719,202002,-4148,-0.02053445
NQ,2024-02-07,437844,1,1,43053,-2337,-0.054281932,77152,-1446,-0.018742223,147626,1946,0.01318196,199359,483,0.002422765
NQ,2024-02-08,342808,1,1,36930,-630,-0.017059301,57944,-94,-0.001622256,99046,-466,-0.0047048846,147144,-358,-0.0024329908
NQ,2024-02-09,338538,1,1,35462,-312,-0.0087981501,66992,2526,0.037705995,112896,3382,0.029956774,149972,4248,0.028325287
NQ,2024-02-12,415448,1,1,34779,241,0.0069294689,55677,147,0.0026402285,86896,42,0.0004833364,123037,1857,0.015093021
NQ,2024-02-13,588055,1,1,65080,164,0.0025199754,103736,1034,0.0099676101,168354,2738,0.01626335,238874,672,0.0028131986
NQ,2024-02-14,504709,1,1,49801,175,0.0035139857,79884,812,0.010164739,140023,2877,0.020546624,193005,73,0.00037822854
NQ,2024-02-15,483660,1,1,45611,-2017,-0.044221789,83772,-3134,-0.037411068,149020,-2262,-0.015179171,192275,-2029,-0.010552594
NQ,2024-02-16,545895,1,1,44958,-1190,-0.026469149,97136,-3880,-0.039943996,173855,-1463,-0.0084150585,225392,536,0.0023780791
NQ,2024-02-19,32315,1,1,7062,358,0.050693854,10451,311,0.029757918,17555,91,0.0051837083,22483,-43,-0.0019125562
NQ,2024-02-20,567541,1,1,73220,-3152,-0.043048347,112641,-2421,-0.021493062,185333,-3275,-0.017670895,241776,-1794,-0.0074200913
NQ,2024-02-21,501566,1,1,47792,-922,-0.019291932,82685,-711,-0.0085988994,138087,-845,-0.0061193306,176604,-664,-0.0037598242
NQ,2024-02-22,496002,1,1,63545,965,0.015186089,115515,2865,0.024801974,180575,4817,0.026675896,229616,5602,0.024397255
NQ,2024-02-23,488567,1,1,47960,2174,0.045329441,85136,616,0.0072354821,145648,18,0.00012358563,201894,-752,-0.0037247268
NQ,2024-02-26,387224,1,1,45913,-369,-0.0080369394,75991,-851,-0.011198695,123117,49,0.0003979954,155740,-280,-0.0017978682
NQ,2024-02-27,424344,1,1,48990,-1670,-0.03408859,74347,-747,-0.01004748,129617,-397,-0.0030628698,169821,-805,-0.0047402854
NQ,2024-02-28,380062,1,1,43223,-399,-0.0092311964,82228,-1254,-0.01525028,128041,-1403,-0.010957428,157004,218,0.0013884997
NQ,2024-02-29,461507,1,1,45398,-272,-0.0059914534,70159,217,0.0030929745,131365,-1365,-0.010390896,170902,-1910,-0.011175996
NQ,2024-03-01,445680,1,1,44795,1051,0.02346244,68768,1012,0.014716147,136992,1306,0.0095334034,179010,1604,0.0089603933
NQ,2024-03-04,413871,1,1,50765,-1561,-0.030749532,79656,-2524,-0.031686251,122741,-2155,-0.017557295,159054,-934,-0.0058722195
NQ,2024-03-05,576356,1,1,63455,-1821,-0.028697502,103230,-2390,-0.023152184,193731,-5145,-0.026557443,258885,-5049,-0.019502868
NQ,2024-03-06,611537,1,1,55597,767,0.013795708,92532,-1448,-0.01564864,172585,-1753,-0.010157314,223298,430,0.0019256778
NQ,2024-03-07,492004,1,1,63775,1269,0.019898079,111827,1297,0.011598272,173970,3202,0.018405472,225457,3607,0.015998616
NQ,2024-03-08,744835,1,1,56708,-10,-0.00017634196,91366,1898,0.020773592,142088,3362,0.023661393,205900,354,0.0017192812
NQ,2024-03-11,424789,1,1,52288,304,0.0058139535,89016,-450,-0.005055271,149278,316,0.0021168558,202266,72,0.0003559669
NQ,2024-03-12,487650,1,1,60130,34,0.00056544154,105634,2220,0.021015961,167269,3691,0.022066253,224679,5303,0.023602562
NQ,2024-03-13,542901,1,1,69377,-1337,-0.019271516,118162,-2120,-0.01794147,184369,-1163,-0.0063080019,243660,-182,-0.00074694246
NQ,2024-03-14,601013,1,1,56030,-2,-3.5695163e-05,124033,-3099,-0.024985286,201710,-1906,-0.0094492093,256213,-1657,-0.0064672753
NQ,2024-03-15,476981,1,1,64545,-1253,-0.019412813,98056,-1396,-0.014236763,169451,631,0.0037237904,218970,2020,0.009225008
NQ,2024-03-18,458217,1,1,61003,1503,0.024638133,103843,-301,-0.0028986066,164362,472,0.00287171,204501,-33,-0.0001613684
NQ,2024-03-19,459626,1,1,59835,-1745,-0.029163533,92117,-903,-0.0098027508,143759,-1505,-0.01046891,191785,253,0.0013191855
NQ,2024-03-20,464056,1,1,43672,-1304,-0.029858949,65026,-710,-0.010918709,98173,1149,0.011703829,125258,130,0.0010378579
NQ,2024-03-21,426520,1,1,51771,741,0.014313032,90535,795,0.0087811344,138155,21,0.00015200318,187161,519,0.0027730136
NQ,2024-03-22,350725,1,1,33266,434,0.013046354,56307,1303,0.023140995,103651,2537,0.024476368,131463,2147,0.016331591
NQ,2024-03-25,325247,1,1,48434,-1274,-0.026303836,75475,1089,0.014428619,121540,1446,0.011897318,152836,1310,0.008571279
NQ,2024-03-26,370397,1,1,38389,173,0.0045064993,55819,289,0.0051774485,105122,-850,-0.0080858431,147179,-1355,-0.0092064765
NQ,2024-03-27,447350,1,1,50994,-3346,-0.065615563,89948,-4274,-0.047516343,166564,-6510,-0.039084076,207683,-7023,-0.03381596
NQ,2024-03-28,362338,1,1,40052,902,0.022520723,70158,2478,0.035320277,115201,595,0.0051648857,145777,1229,0.0084306852
NQ,2024-04-01,407665,1,1,54287,1403,0.025844125,80518,1340,0.016642241,146889,-1783,-0.012138417,196366,-3968,-0.020207164
NQ,2024-04-02,407803,1,1,59594,60,0.0010068128,88695,609,0.006866227,152710,1504,0.0098487329,193729,925,0.0047747111
NQ,2024-04-03,421824,1,1,33388,546,0.016353181,52938,266,0.0050247459,124173,3273,0.026358387,166070,4826,0.029060035
NQ,2024-04-04,581975,1,1,40576,364,0.0089708202,68513,-667,-0.0097353787,105502,-1210,-0.011468977,133531,-1405,-0.010521901
NQ,2024-04-05,567713,1,1,48470,712,0.014689499,86525,993,0.011476452,146605,-1313,-0.0089560383,198359,-729,-0.0036751546
NQ,2024-04-08,367782,1,1,51792,-1170,-0.022590361,76364,-656,-0.0085904353,124817,727,0.0058245271,160287,2195,0.013694186
NQ,2024-04-09,520089,1,1,48994,-690,-0.014083357,82089,-2019,-0.024595256,137015,-3627,-0.026471554,244811,-5035,-0.020566886
NQ,2024-04-10,607767,1,1,62402,1252,0.02006346,131915,1097,0.008315961,203002,-324,-0.0015960434,263873,-2221,-0.0084169278
NQ,2024-04-11,481598,1,1,51495,-547,-0.010622391,82605,335,0.0040554446,147634,-330,-0.0022352575,190140,-124,-0.00065215105
NQ,2024-04-12,554653,1,1,44437,621,0.013974841,72384,1022,0.014119142,142249,1291,0.009075635,202970,224,0.0011036114
NQ,2024-04-15,577293,1,1,49185,-707,-0.014374301,75667,-995,-0.013149722,145717,-3095,-0.0212398,198831,-3231,-0.016249981
NQ,2024-04-16,540535,1,1,47731,-227,-0.0047558191,85489,1757,0.020552352,140663,1979,0.014069087,187261,1711,0.0091369799
NQ,2024-04-17,618486,1,1,38837,-479,-0.012333599,71988,-1988,-0.027615714,138228,-2942,-0.021283676,194805,-4787,-0.024573291
NQ,2024-04-18,547067,1,1,59218,-1754,-0.029619372,97509,-847,-0.0086863777,152722,502,0.0032870182,204309,2619,0.012818819
NQ,2024-04-19,664057,1,1,48926,364,0.0074398071,86460,-222,-0.0025676613,157099,-2121,-0.013501041,210461,-1751,-0.0083198312
NQ,2024-04-22,456889,1,1,46770,1024,0.021894377,76456,990,0.012948624,133035,-1299,-0.0097643477,181080,-1478,-0.0081621383
NQ,2024-04-23,413199,1,1,47215,1357,0.028740866,97866,4834,0.049394069,152803,6935,0.045385235,204864,7108,0.034696189
NQ,2024-04-24,460610,1,1,52106,1274,0.024450159,88389,377,0.0042652366,138028,-58,-0.0004202046,179169,-625,-0.0034883267
NQ,2024-04-25,547884,1,1,73688,702,0.0095266529,114882,274,0.002385056,181605,2563,0.014113048,239912,734,0.0030594551
NQ,2024-04-26,424499,1,1,64416,-432,-0.0067064083,98512,576,0.0058470034,157202,-218,-0.0013867508,207615,1825,0.008790309
NQ,2024-04-29,390441,1,1,58464,-2606,-0.044574439,91079,-1763,-0.019356822,132112,142,0.0010748456,166287,7,4.2095894e-05
NQ,2024-04-30,468890,1,1,44534,722,0.016212332,68346,-192,-0.0028092354,114376,-1374,-0.01201301,154794,-1134,-0.0073258653
NQ,2024-05-01,587550,1,1,47201,509,0.01078367,73455,473,0.0064393166,125370,556,0.0044348728,153486,474,0.0030882295
NQ,2024-05-02,451235,1,1,57906,-4886,-0.08437813,91378,-5152,-0.056381186,170217,-7155,-0.042034579,217669,-6215,-0.028552527
NQ,2024-05-03,378516,1,1,49181,-655,-0.013318151,81696,1894,0.02318351,170384,-1108,-0.006502958,213134,-1384,-0.0064935674
NQ,2024-05-06,274225,1,1,39180,384,0.0098009188,61047,1343,0.021999443,94682,624,0.0065904818,117129,1125,0.0096047947
NQ,2024-05-07,348484,1,1,32618,568,0.017413698,62128,-606,-0.0097540561,104802,-314,-0.002996126,140933,1841,0.013062945
NQ,2024-05-08,312271,1,1,34011,1177,0.034606451,63332,2842,0.044874629,102870,4318,0.041975309,136564,5408,0.03960048
NQ,2024-05-09,344743,1,1,37561,-2709,-0.07212268,64940,-1910,-0.029411765,113004,-2748,-0.024317723,156023,-639,-0.00409555
NQ,2024-05-10,342479,1,1,40401,2007,0.049676988,61590,2468,0.04007144,121230,-1684,-0.013890951,169444,-2308,-0.013621019
NQ,2024-05-13,301410,1,1,42966,-1950,-0.045384723,68662,-2534,-0.036905421,99336,-1354,-0.013630507,129269,-1763,-0.013638227
NQ,2024-05-14,396088,1,1,45128,660,0.014625066,68635,-443,-0.0064544329,129788,2026,0.015610072,187472,1398,0.0074571136
NQ,2024-05-15,410388,1,1,48031,153,0.0031854427,87781,-1993,-0.02270423,138876,-1124,-0.0080935511,175519,247,0.0014072551
NQ,2024-05-16,401581,1,1,38411,-37,-0.00096326573,62897,921,0.014642988,108462,1210,0.011155981,138349,3303,0.023874405
NQ,2024-05-17,360760,1,1,41422,-966,-0.023320941,66890,-3106,-0.046434445,106766,-2734,-0.025607403,135977,-2633,-0.019363569
NQ,2024-05-20,352109,1,1,41838,4634,0.11076055,75309,6593,0.087545977,109976,7554,0.068687714,137994,8400,0.060872212
NQ,2024-05-21,305136,1,1,42324,-412,-0.0097344296,70762,-1028,-0.014527571,102760,-454,-0.0044180615,136873,655,0.0047854581
NQ,2024-05-22,420483,1,1,38910,512,0.013158571,59748,1106,0.01851108,98628,388,0.0039339741,120070,554,0.0046139752
NQ,2024-05-23,662896,1,1,65172,-2480,-0.038053152,119757,-4543,-0.037935152,187905,-1967,-0.010468056,240577,-3483,-0.014477693
NQ,2024-05-24,400890,1,1,40366,-520,-0.012882129,70660,-956,-0.013529578,131914,1018,0.0077171491,171996,2982,0.017337613
NQ,2024-05-27,35904,1,1,4761,295,0.061961773,8824,-250,-0.028331822,13460,-580,-0.043090639,19421,249,0.012821173
NQ,2024-05-28,409904,1,1,41628,-302,-0.0072547324,72371,-559,-0.0077240884,114043,873,0.0076550073,147142,2002,0.013605905
NQ,2024-05-29,392683,1,1,52065,-1367,-0.026255642,83296,-638,-0.0076594314,132614,362,0.0027297269,171756,236,0.0013740422
NQ,2024-05-30,436077,1,1,50239,797,0.015864169,69867,331,0.0047375728,123419,-359,-0.0029087904,173274,-2272,-0.013112181
NQ,2024-05-31,580993,1,1,39770,128,0.0032185064,75867,-2069,-0.027271409,152291,-3675,-0.024131433,221311,-3607,-0.016298331
NQ,2024-06-03,489581,1,1,41282,298,0.0072186425,79511,-37,-0.00046534442,137968,694,0.0050301519,198189,-1591,-0.0080276907
NQ,2024-06-04,455982,1,1,34754,-1314,-0.037808598,56548,-1210,-0.021397751,127983,949,0.0074150473,170926,-306,-0.0017902484
NQ,2024-06-05,400478,1,1,31940,-780,-0.024420789,58408,256,0.0043829612,119095,495,0.0041563458,165132,734,0.0044449289
NQ,2024-06-06,382726,1,1,30361,95,0.0031290142,72553,-2013,-0.027745235,122506,-940,-0.0076730936,157400,-734,-0.0046632783
NQ,2024-06-07,431720,1,1,30232,-262,-0.0086663138,59177,-1041,-0.017591294,89990,-1238,-0.013757084,132292,266,0.0020107036
NQ,2024-06-10,434584,1,1,39952,702,0.017571085,65077,643,0.009880603,104412,2982,0.028559936,146133,4811,0.032922064
NQ,2024-06-11,425776,1,1,47809,1095,0.022903637,84937,-1001,-0.011785206,130943,535,0.0040857472,173779,2751,0.015830451
NQ,2024-06-12,483283,1,1,51815,2185,0.042169256,89209,2327,0.026084812,137158,3402,0.024803511,183317,1365,0.0074461179
NQ,2024-06-13,391346,1,1,38778,-60,-0.0015472691,66377,-141,-0.0021242298,125285,-1471,-0.01174123,166669,-1497,-0.0089818743
NQ,2024-06-14,351420,1,1,36456,230,0.0063089752,60109,1483,0.024671846,114596,720,0.0062829418,151832,200,0.0013172454
NQ,2024-06-17,395197,1,1,30236,-612,-0.020240773,51649,-427,-0.008267343,93893,-1113,-0.011853919,123511,-603,-0.0048821562
NQ,2024-06-18,366524,1,1,39950,-904,-0.022628285,69088,-1334,-0.019308708,107431,-2077,-0.01933334,141030,-2696,-0.0191165
NQ,2024-06-19,26901,1,1,5305,-301,-0.056738926,7663,-447,-0.058332246,11717,-559,-0.047708458,17314,-660,-0.038119441
NQ,2024-06-20,617098,1,1,54129,747,0.013800366,86434,722,0.0083531943,162162,-496,-0.0030586697,202117,1281,0.0063379132
NQ,2024-06-21,412903,1,1,42418,-1330,-0.031354614,81722,-2078,-0.025427669,130082,-1820,-0.013991175,170688,-1148,-0.0067257218
NQ,2024-06-24,510437,1,1,41733,-683,-0.016365945,82670,-864,-0.010451191,145044,-2724,-0.018780508,217758,-3362,-0.015439157
NQ,2024-06-25,415719,1,1,42141,-745,-0.017678745,67886,-56,-0.00082491235,124979,1471,0.011769977,166031,1429,0.0086068264
NQ,2024-06-26,406857,1,1,34040,1030,0.030258519,65088,2226,0.034199853,111370,2626,0.023579061,152310,2648,0.017385595
NQ,2024-06-27,439975,1,1,55872,2430,0.043492268,96593,2347,0.024297827,150276,2780,0.018499295,196075,513,0.0026163458
NQ,2024-06-28,555467,1,1,43071,1537,0.035685264,74353,3603,0.048458031,154287,5781,0.037469132,216361,3073,0.014203114
NQ,2024-07-01,468998,1,1,44578,-1464,-0.032841312,84410,-1654,-0.019594835,165184,-32,-0.00019372336,219625,-467,-0.0021263517
NQ,2024-07-02,451660,1,1,56877,1523,0.02677708,91537,937,0.010236298,153397,-43,-0.00028031839,208056,1416,0.00680586
NQ,2024-07-03,280558,1,1,42135,1619,0.038424113,65169,2269,0.034817168,119337,971,0.0081366215,156079,2457,0.015742028
NQ,2024-07-04,24673,1,1,3721,-257,-0.069067455,6071,-535,-0.088123868,11856,-484,-0.040823212,15534,-674,-0.043388696
NQ,2024-07-05,408303,1,1,47425,341,0.0071903005,86637,1487,0.017163568,147896,972,0.0065721859,188476,904,0.0047963666
NQ,2024-07-08,376433,1,1,46510,398,0.0085572995,75507,261,0.0034566332,124162,286,0.0023034423,160663,-945,-0.005881877
NQ,2024-07-09,434091,1,1,44909,595,0.013249015,68647,821,0.011959736,131374,504,0.0038363755,180930,-626,-0.0034599016
NQ,2024-07-10,446578,1,1,46814,-764,-0.016319904,79705,-237,-0.0029734647,137734,162,0.0011761802,179757,-1491,-0.008294531
NQ,2024-07-11,676605,1,1,55637,-473,-0.0085015367,97439,-1415,-0.014521906,197292,-5600,-0.028384324,270323,-8079,-0.029886469
NQ,2024-07-12,531484,1,1,51556,-830,-0.016098999,88755,1729,0.019480593,154708,1908,0.012332911,209127,4797,0.022938215
NQ,2024-07-15,546425,1,1,54627,-139,-0.0025445293,99437,625,0.0062853867,146091,1775,0.012149961,187313,2425,0.012946245
NQ,2024-07-16,483927,1,1,41103,-807,-0.019633603,78208,-2196,-0.028078969,157671,-4087,-0.025921063,205307,-4519,-0.02201094
NQ,2024-07-17,600770,1,1,63186,-1476,-0.023359605,99110,-2090,-0.02108768,186613,-2695,-0.014441652,246034,-994,-0.004040092
NQ,2024-07-18,722116,1,1,57300,-1658,-0.028935428,96642,-1720,-0.017797645,156313,-1361,-0.0087068894,258990,-2156,-0.0083246457
NQ,2024-07-19,553904,1,1,51685,-15,-0.0002902196,85455,-231,-0.0027031771,148438,-1070,-0.0072083968,202548,-602,-0.002972135
NQ,2024-07-22,459688,1,1,51559,-197,-0.0038208654,92165,-395,-0.0042857918,149339,-1827,-0.012233911,199429,-1987,-0.0099634456
NQ,2024-07-23,426135,1,1,41592,2116,0.050875168,70208,1264,0.018003646,124944,2046,0.016375336,177967,1103,0.0061977782
NQ,2024-07-24,574493,1,1,58557,-1255,-0.021432109,96881,-1785,-0.018424665,160644,-2452,-0.015263564,213840,-3322,-0.015534979
NQ,2024-07-25,677161,1,1,64526,-278,-0.0043083408,107841,-1741,-0.016144138,215553,-1493,-0.0069263708,291371,197,0.00067611396
NQ,2024-07-26,516732,1,1,49069,-117,-0.0023843975,83207,-445,-0.0053481077,152258,-702,-0.0046105952,203099,-1131,-0.0055687128
NQ,2024-07-29,439447,1,1,51698,2050,0.039653372,82607,2313,0.028000048,137060,1484,0.010827375,181418,1008,0.0055562293
NQ,2024-07-30,554037,1,1,41958,-536,-0.012774679,73024,-1634,-0.022376205,134257,-2639,-0.019656331,187327,-3767,-0.020109221
NQ,2024-07-31,501351,1,1,67136,54,0.00080433746,102861,949,0.0092260429,161923,2025,0.012505944,210589,2099,0.0099672822
NQ,2024-08-01,643452,1,1,54384,436,0.0080170638,98096,2450,0.024975534,174298,1820,0.010441887,236564,1464,0.0061886001
NQ,2024-08-02,555417,1,1,57042,2078,0.036429298,95620,1950,0.020393223,173390,2102,0.01212296,237249,2757,0.011620702
NQ,2024-08-05,505607,1,1,52679,-1381,-0.02621538,87680,-1472,-0.016788321,163598,-2592,-0.015843714,222767,-1329,-0.0059658747
NQ,2024-08-06,448238,1,1,40799,89,0.002181426,71708,1566,0.021838568,129344,2442,0.018879886,185074,4504,0.024336211
NQ,2024-08-07,504811,1,1,43522,1822,0.041863885,74428,2240,0.0300962,132876,890,0.0066979741,175347,1273,0.0072598904
NQ,2024-08-08,427875,1,1,37838,-700,-0.018499921,71714,-280,-0.003904398,129191,1161,0.0089866941,171760,2282,0.01328598
NQ,2024-08-09,336785,1,1,34440,316,0.0091753775,61243,563,0.0091928874,107055,1261,0.011778992,144064,1290,0.0089543536
NQ,2024-08-12,347395,1,1,31951,-747,-0.02337955,60190,-934,-0.015517528,108250,806,0.0074457275,138846,1840,0.013252092
NQ,2024-08-13,329105,1,1,31427,351,0.01116874,57379,1215,0.021174994,94375,1027,0.010882119,128561,1293,0.010057482
NQ,2024-08-14,382951,1,1,38949,-609,-0.015635831,71432,-368,-0.0051517527,120460,-686,-0.0056948365,168688,268,0.0015887319
NQ,2024-08-15,349901,1,1,37830,676,0.017869416,67354,2500,0.03711732,114382,1960,0.017135563,148184,1652,0.011148302
NQ,2024-08-16,298559,1,1,37266,-568,-0.015241775,58516,-462,-0.0078952765,105069,1105,0.010516898,141327,229,0.0016203556
NQ,2024-08-19,300943,1,1,37436,674,0.01800406,60185,439,0.0072941763,105680,1056,0.00999243,138022,1908,0.013823883
NQ,2024-08-20,360134,1,1,32962,1514,0.045931679,59731,2091,0.035006948,115135,167,0.0014504712,165580,-1484,-0.0089624351
NQ,2024-08-21,366755,1,1,29895,-307,-0.010269276,49665,127,0.0025571328,96093,-139,-0.0014465154,164441,-1435,-0.0087265341
NQ,2024-08-22,493041,1,1,32487,-567,-0.017453135,61816,-752,-0.012165135,120254,-2822,-0.023466995,158044,-3680,-0.023284655
NQ,2024-08-23,457872,1,1,28309,-849,-0.029990462,44277,-671,-0.015154595,124296,1738,0.013982751,196968,-166,-0.00084277649
NQ,2024-08-26,351226,1,1,28305,-871,-0.030771948,49804,-1526,-0.030640109,97735,-3985,-0.04077352,148958,-4474,-0.030035312
NQ,2024-08-27,313054,1,1,30585,-1061,-0.034690208,58880,-262,-0.0044497283,99953,1239,0.012395826,135662,2874,0.021185004
NQ,2024-08-28,378967,1,1,26687,-525,-0.0196725,50115,-1179,-0.02352589,83838,-382,-0.0045564064,123111,-2517,-0.020444964
NQ,2024-08-29,463873,1,1,47240,-414,-0.0087637595,88393,1699,0.019220979,145427,1023,0.0070344572,188145,2429,0.012910255
NQ,2024-08-30,363402,1,1,27568,100,0.0036273941,51340,1246,0.024269575,91900,436,0.0047442873,133179,-143,-0.0010737429
NQ,2024-09-02,28679,1,1,2905,301,0.10361446,5036,-110,-0.021842732,11340,-530,-0.046737213,19005,185,0.0097342805
NQ,2024-09-03,438130,1,1,46171,-1189,-0.025752095,79474,-1798,-0.022623751,131316,-2760,-0.021018002,184439,-3837,-0.020803626
NQ,2024-09-04,395154,1,1,41068,900,0.021914873,62563,1565,0.025014785,127534,930,0.0072921731,171537,1077,0.0062785288
NQ,2024-09-05,404287,1,1,39042,466,0.011935864,65186,840,0.012886203,125254,1490,0.011895828,169821,-57,-0.00033564753
NQ,2024-09-06,493905,1,1,50407,-1583,-0.031404368,83509,-2535,-0.03035601,144508,-3428,-0.02372187,205521,-4417,-0.021491721
NQ,2024-09-09,372159,1,1,34608,378,0.01092233,57276,596,0.010405755,97443,-507,-0.0052030418,142933,-1961,-0.013719715
NQ,2024-09-10,382002,1,1,37995,-705,-0.018555073,68357,73,0.0010679228,123433,301,0.0024385699,158270,-740,-0.0046755544
NQ,2024-09-11,516443,1,1,38747,151,0.0038970759,66941,-661,-0.009874367,127435,-2643,-0.020739985,179380,-3530,-0.019678894
NQ,2024-09-12,402491,1,1,44394,538,0.012118755,74870,392,0.005235742,123789,1197,0.0096696799,171777,327,0.0019036309
NQ,2024-09-13,316887,1,1,33594,1302,0.038756921,51785,1033,0.019947861,95360,670,0.0070260067,135064,536,0.003968489
NQ,2024-09-16,203262,1,1,26606,-76,-0.0028564985,42957,-215,-0.005005005,66459,-547,-0.0082306384,92441,29,0.00031371361
NQ,2024-09-17,313529,1,1,27979,-219,-0.007827299,49814,-766,-0.015377203,84269,-79,-0.00093747404,118353,343,0.0028981099
NQ,2024-09-18,398915,1,1,25221,-1105,-0.043812696,38601,-1045,-0.027071838,65583,-1929,-0.02941311,86601,-1969,-0.022736458
NQ,2024-09-19,370984,1,1,36158,-262,-0.007245976,64232,-1154,-0.017966123,108567,465,0.0042830694,150007,-1913,-0.012752738
NQ,2024-09-20,330464,1,1,28948,218,0.0075307448,52019,-1181,-0.022703243,88463,-2543,-0.028746482,121124,-4482,-0.037003401
NQ,2024-09-23,270351,1,1,24328,364,0.014962183,45669,973,0.021305481,81114,1348,0.016618586,113300,1776,0.015675199
NQ,2024-09-24,320675,1,1,22512,-718,-0.031894101,37080,-1236,-0.033333333,92534,-2646,-0.028594895,134465,-1821,-0.013542558
NQ,2024-09-25,286058,1,1,33043,227,0.0068698363,52892,1142,0.021591167,91326,1062,0.011628671,117078,284,0.0024257333
NQ,2024-09-26,350732,1,1,41079,-1973,-0.048029407,62875,-2021,-0.032143141,100608,-3458,-0.034371024,156256,-5392,-0.034507475
NQ,2024-09-27,294939,1,1,27675,-1375,-0.04968383,43396,-1022,-0.023550558,81551,-2203,-0.027013771,110174,-2334,-0.021184672
NQ,2024-09-30,371004,1,1,30138,522,0.017320326,50008,-58,-0.0011598144,87826,-1360,-0.015485164,114600,-1892,-0.016509599
NQ,2024-10-01,504972,1,1,48318,-1432,-0.029636988,91778,-2372,-0.025844974,157046,-5698,-0.036282363,205384,-6080,-0.029603085
NQ,2024-10-02,329812,1,1,35942,-1742,-0.048466975,62590,-614,-0.0098098738,108069,1049,0.0097067614,148090,832,0.0056182051
NQ,2024-10-03,377918,1,1,29616,1076,0.036331713,51173,1959,0.038281906,125756,1850,0.014711028,181174,1346,0.0074293221
NQ,2024-10-04,386326,1,1,34564,-1768,-0.051151487,69556,-2528,-0.036344816,131728,-2484,-0.018857039,173206,-1772,-0.010230592
NQ,2024-10-07,310462,1,1,28635,-861,-0.030068098,49331,-953,-0.019318481,81668,18,0.00022040456,109788,108,0.00098371407
NQ,2024-10-08,293178,1,1,26400,-24,-0.00090909091,50301,1145,0.022762967,89370,654,0.0073178919,131431,2067,0.015726883
NQ,2024-10-09,299980,1,1,30119,-1589,-0.052757396,46097,-1223,-0.026531011,85417,1323,0.01548872,113812,1890,0.016606333
NQ,2024-10-10,315389,1,1,24994,388,0.015523726,56118,-300,-0.0053458783,91779,495,0.0053933906,120206,-52,-0.00043259072
NQ,2024-10-11,265781,1,1,30923,875,0.02829609,47010,1174,0.02497341,99600,5482,0.055040161,132452,4382,0.033083683
NQ,2024-10-14,279173,1,1,29527,967,0.032749687,54104,2242,0.041438711,91296,1680,0.018401682,123136,646,0.0052462318
NQ,2024-10-15,392067,1,1,25618,82,0.0032008744,47472,-1414,-0.029785979,93708,-4642,-0.049536859,180934,-6706,-0.037063239
NQ,2024-10-16,298138,1,1,36858,-2046,-0.055510337,64933,-2783,-0.042859563,111540,-666,-0.0059709521,148648,-1730,-0.011638233
NQ,2024-10-17,367980,1,1,53906,-2220,-0.0411828,80770,-2302,-0.028500681,138222,-1688,-0.012212238,169995,-2713,-0.015959293
NQ,2024-10-18,267068,1,1,31119,461,0.014814101,51032,-82,-0.0016068349,84181,493,0.0058564284,109925,-653,-0.0059404139
NQ,2024-10-21,321449,1,1,28703,497,0.017315263,46329,1671,0.036068121,87363,3443,0.039410277,141650,424,0.0029932933
NQ,2024-10-22,317323,1,1,34378,1080,0.03141544,57795,885,0.015312743,102997,1565,0.015194617,132949,2181,0.016404787
NQ,2024-10-23,456596,1,1,35844,122,0.003403638,55708,690,0.012386013,117872,-430,-0.003648025,156281,-125,-0.00079984131
NQ,2024-10-24,330117,1,1,35515,115,0.0032380684,57008,-184,-0.0032276172,99079,-453,-0.0045721091,134343,-391,-0.0029104605
NQ,2024-10-25,431637,1,1,45550,1552,0.034072448,76575,2669,0.034854718,135536,1952,0.014402078,175915,639,0.0036324361
NQ,2024-10-28,290414,1,1,33659,-1053,-0.031284352,54787,-2145,-0.039151624,87702,-1498,-0.017080568,118342,-1506,-0.012725829
NQ,2024-10-29,342301,1,1,32554,24,0.00073723659,52513,449,0.0085502637,101138,1832,0.018113864,132509,3157,0.023824797
NQ,2024-10-30,342494,1,1,44959,-1287,-0.028626082,74746,-164,-0.0021940973,115852,1188,0.010254463,146388,-496,-0.0033882559
NQ,2024-10-31,467545,1,1,45793,697,0.015220667,91802,-128,-0.0013943051,151255,-1421,-0.0093947308,200055,-1049,-0.005243558
NQ,2024-11-01,391496,1,1,37592,-32,-0.00085124495,57877,-119,-0.0020560845,110959,2185,0.019691958,163134,806,0.0049407236
NQ,2024-11-04,355101,1,1,45693,-61,-0.0013349966,67882,-272,-0.0040069532,108965,899,0.0082503556,136591,1247,0.0091294448
NQ,2024-11-05,323867,1,1,37067,639,0.017239054,63667,2745,0.043114958,103274,2566,0.024846525,138791,3373,0.024302729
NQ,2024-11-06,361779,1,1,39750,308,0.0077484277,74159,-1397,-0.018837902,124673,477,0.0038260088,170835,-93,-0.00054438493
NQ,2024-11-07,317474,1,1,35581,1407,0.039543577,57115,1815,0.031777992,91042,1592,0.017486435,126047,2589,0.020539957
NQ,2024-11-08,270734,1,1,29239,-73,-0.0024966654,47854,-406,-0.0084841393,85988,-898,-0.010443318,113041,-591,-0.0052281915
NQ,2024-11-11,320615,1,1,36998,-3970,-0.1073031,68097,-5633,-0.082720237,108542,-4398,-0.040518877,142771,-3261,-0.022840773
NQ,2024-11-12,359610,1,1,33207,-873,-0.026289638,57010,-78,-0.001368181,99313,-1177,-0.011851419,131832,-2572,-0.019509679
NQ,2024-11-13,376874,1,1,27482,-402,-0.014627756,50499,-947,-0.018752847,101604,-1566,-0.015412779,137192,-1382,-0.010073474
NQ,2024-11-14,401378,1,1,35709,-1341,-0.037553558,63523,-991,-0.015600649,105894,-668,-0.006308195,139632,-644,-0.0046121233
NQ,2024-11-15,484637,1,1,42141,-115,-0.0027289338,74160,736,0.0099244876,134466,-40,-0.00029747297,190142,262,0.0013779176
NQ,2024-11-18,343067,1,1,35267,-949,-0.026909008,58565,-833,-0.014223512,101194,2028,0.020040714,137053,2843,0.0207438
NQ,2024-11-19,330460,1,1,31135,247,0.0079331942,55147,-801,-0.014524815,89831,521,0.0057997796,126889,679,0.0053511337
NQ,2024-11-20,426516,1,1,41545,-1633,-0.039306776,68468,-2108,-0.030788105,139084,-4338,-0.031189785,188037,-4029,-0.021426634
NQ,2024-11-21,465065,1,1,67380,-1234,-0.01831404,112184,-1588,-0.014155316,192298,-4238,-0.022038711,248354,-2350,-0.0094622998
NQ,2024-11-22,375000,1,1,34387,573,0.016663274,65757,125,0.0019009383,122783,-1775,-0.014456399,166067,39,0.00023484497
NQ,2024-11-25,395063,1,1,43561,639,0.014669085,87151,-905,-0.010384276,145642,-1296,-0.008898532,185075,-1491,-0.0080561934
NQ,2024-11-26,332501,1,1,35599,-195,-0.005477682,61771,-593,-0.0095999741,104506,-1288,-0.012324651,142735,-1561,-0.010936351
NQ,2024-11-27,376259,1,1,33959,-365,-0.010748255,56993,-1319,-0.023143193,107498,-1646,-0.015311913,158314,-1032,-0.0065186907
NQ,2024-11-28,22972,1,1,4008,-82,-0.020459082,6518,-8,-0.0012273704,11319,389,0.034366994,14975,385,0.025709516
NQ,2024-11-29,188828,1,1,23058,-104,-0.0045103652,40991,1211,0.02954307,80997,2593,0.032013531,106313,3113,0.029281461
NQ,2024-12-02,343994,1,1,48157,-143,-0.0029694541,75396,1064,0.014112154,117834,1856,0.015750972,157583,2421,0.015363332
NQ,2024-12-03,316716,1,1,39174,198,0.0050543728,57903,795,0.013729859,102158,376,0.0036805732,137027,1097,0.0080057215
NQ,2024-12-04,322952,1,1,35948,-1586,-0.044119283,55543,-1765,-0.031777182,101449,-95,-0.00093643111,140538,-336,-0.0023908124
NQ,2024-12-05,310518,1,1,31735,-109,-0.0034346936,51818,-1070,-0.020649195,88139,-739,-0.0083844836,119890,-1212,-0.010109267
NQ,2024-12-06,324246,1,1,30019,2513,0.083713648,59859,4705,0.07860138,102697,5605,0.054578031,135626,4582,0.033784083
NQ,2024-12-09,369788,1,1,32927,1017,0.030886507,59085,2057,0.034814251,98592,-198,-0.0020082765,153160,-764,-0.0049882476
NQ,2024-12-10,409550,1,1,39268,2196,0.055923398,71934,250,0.003475408,113299,571,0.005039762,157811,-2123,-0.013452801
NQ,2024-12-11,381742,1,1,45152,544,0.012048193,80877,1569,0.019399829,142302,-1834,-0.012888083,186402,-482,-0.0025858092
NQ,2024-12-12,347772,1,1,40996,682,0.016635769,62117,859,0.013828743,122736,2348,0.019130491,155239,2751,0.017721062
NQ,2024-12-13,415768,1,1,43437,1799,0.041416304,74647,1935,0.025922006,129029,-213,-0.0016507917,191100,-2214,-0.011585557
NQ,2024-12-16,207274,1,1,26515,-303,-0.011427494,43578,700,0.016063151,74204,1132,0.015255242,97134,2082,0.021434307
NQ,2024-12-17,341410,1,1,47065,-409,-0.0086901094,72182,-1648,-0.022831177,122998,-2014,-0.01637425,155929,-429,-0.0027512522
NQ,2024-12-18,473697,1,1,36021,-287,-0.0079675745,54951,709,0.012902404,82833,917,0.011070467,108563,1667,0.015355139
NQ,2024-12-19,471361,1,1,55703,-733,-0.013159076,88259,-2067,-0.023419708,141668,-3698,-0.026103284,193371,-3963,-0.020494283
NQ,2024-12-20,550778,1,1,42228,2234,0.052903287,74670,1866,0.024989956,144844,4646,0.032075889,199944,3178,0.01589445
NQ,2024-12-23,348029,1,1,35129,143,0.0040707108,62634,410,0.0065459655,118396,870,0.0073482212,155358,3270,0.02104816
NQ,2024-12-24,184327,1,1,26274,222,0.0084494177,42741,353,0.0082590487,75341,-149,-0.0019776748,105920,388,0.003663142
NQ,2024-12-26,278771,1,1,26623,-369,-0.013860196,54685,-855,-0.015635,91518,20,0.00021853624,116000,624,0.0053793103
NQ,2024-12-27,441085,1,1,47885,-2051,-0.042831784,74729,-1697,-0.022708721,145094,-2298,-0.015838008,191436,-896,-0.0046804154
NQ,2024-12-30,361146,1,1,38853,-57,-0.0014670682,65840,-772,-0.011725395,112385,27,0.00024024558,155887,2135,0.013695818
NQ,2024-12-31,353994,1,1,28137,273,0.0097025269,48706,774,0.015891266,93034,1814,0.019498248,116258,1444,0.012420651
NQ,2025-01-02,467576,1,1,42327,-883,-0.020861389,80148,1584,0.019763438,132806,-82,-0.00061744198,177826,28,0.00015745729
NQ,2025-01-03,346981,1,1,36174,1350,0.037319622,66387,1213,0.01827165,123370,694,0.0056253546,156649,1631,0.010411812
NQ,2025-01-06,378012,1,1,37958,788,0.020759787,63308,-16,-0.00025273267,109322,434,0.0039699237,144616,1196,0.0082701776
NQ,2025-01-07,488191,1,1,38390,-932,-0.024277156,63622,-724,-0.011379711,151192,-3422,-0.022633473,229219,-3677,-0.016041428
NQ,2025-01-08,427142,1,1,39641,-885,-0.02232537,69989,-495,-0.00707254,127881,-1167,-0.0091256715,162477,-753,-0.0046345021
NQ,2025-01-10,479603,1,1,41317,-2241,-0.054239175,70621,-2835,-0.040143867,142802,-2662,-0.018641196,202962,-2572,-0.012672323
NQ,2025-01-13,400876,1,1,42807,-397,-0.0092741841,70557,-351,-0.0049747013,117252,-1954,-0.016664961,161681,-1119,-0.0069210359
NQ,2025-01-14,466462,1,1,35292,1154,0.032698629,68957,-1189,-0.017242629,123695,-2009,-0.016241562,174257,-4569,-0.026219894
NQ,2025-01-15,379817,1,1,40569,-443,-0.010919668,71117,365,0.0051323875,122644,2354,0.019193764,162340,1572,0.0096833806
NQ,2025-01-16,408550,1,1,39335,-943,-0.02397356,66177,-2105,-0.031808634,120953,-1959,-0.016196374,158626,-1974,-0.012444366
NQ,2025-01-17,396589,1,1,52006,-4092,-0.078683229,82850,-4624,-0.055811708,137805,-5083,-0.036885454,175350,-3522,-0.020085543
NQ,2025-01-20,66560,1,1,10928,834,0.076317716,18056,462,0.025587062,31241,-169,-0.005409558,42529,-475,-0.011168849
NQ,2025-01-21,345345,1,1,40174,-1166,-0.029023747,72390,-1164,-0.016079569,119320,-1242,-0.010408984,153573,-1351,-0.0087971193
NQ,2025-01-22,355830,1,1,43024,-608,-0.014131647,75600,1100,0.014550265,119092,32,0.00026869983,151926,-1214,-0.0079907323
NQ,2025-01-23,333037,1,1,31999,635,0.01984437,52648,-522,-0.0099149065,84794,-912,-0.010755478,114586,854,0.0074529175
NQ,2025-01-24,355826,1,1,34579,-645,-0.01865294,59133,27,0.00045659784,101047,-1127,-0.011153226,128755,-1645,-0.012776203
NQ,2025-01-27,574482,1,1,73289,2069,0.028230703,108274,3614,0.033378281,178721,4125,0.023080668,239948,4554,0.018979112
NQ,2025-01-28,453828,1,1,47097,-1237,-0.026264943,84617,715,0.0084498387,150846,3866,0.025628787,196964,3474,0.017637741
NQ,2025-01-29,452040,1,1,37331,-1633,-0.043743805,64230,-1534,-0.023882921,111920,-1994,-0.017816297,147937,-2069,-0.013985683
NQ,2025-01-30,446275,1,1,37802,612,0.01618962,76641,673,0.0087812007,134697,-151,-0.0011210346,181751,-1343,-0.0073892303
NQ,2025-01-31,487183,1,1,34534,-728,-0.021080674,59424,486,0.0081785137,103293,1283,0.012420977,142383,865,0.0060751635
NQ,2025-02-03,469465,1,1,52949,-505,-0.0095374795,85767,-1317,-0.015355556,167310,-592,-0.003538342,224913,-821,-0.0036503003
NQ,2025-02-04,326675,1,1,35276,1038,0.029425105,59281,1743,0.029402338,112115,3263,0.029104045,143698,2790,0.019415719
NQ,2025-02-05,330622,1,1,35872,864,0.024085638,60242,166,0.0027555526,115023,1359,0.011815028,144122,1308,0.0090756442
NQ,2025-02-06,305682,1,1,30529,467,0.015296931,54495,101,0.001853381,97147,-383,-0.0039424789,136266,-1300,-0.0095401641
NQ,2025-02-07,460096,1,1,32560,-164,-0.005036855,54602,-1944,-0.035603091,138626,-4630,-0.033399218,196676,-5652,-0.028737619
NQ,2025-02-10,262786,1,1,28882,1302,0.045079981,50285,1319,0.026230486,90092,3840,0.042623096,119776,4300,0.035900347
NQ,2025-02-11,293734,1,1,29304,1932,0.065929566,45057,2009,0.044587966,82933,2771,0.033412514,110965,2975,0.026810255
NQ,2025-02-12,360826,1,1,43072,2322,0.053909733,72472,3688,0.050888619,136170,4038,0.029654109,175879,4883,0.027763406
NQ,2025-02-13,370612,1,1,46737,1309,0.028007788,70979,1085,0.015286211,127272,2614,0.020538689,166556,5146,0.030896515
NQ,2025-02-14,303061,1,1,28709,-865,-0.030129924,48442,26,0.00053672433,88076,424,0.0048140243,121017,1867,0.015427585
NQ,2025-02-17,36563,1,1,8958,-1092,-0.12190221,13369,-1187,-0.088787493,18951,-1015,-0.053559179,22959,-503,-0.02190862
NQ,2025-02-18,331126,1,1,37117,-881,-0.023735755,69284,-1460,-0.021072686,115104,-3026,-0.026289269,147844,-2868,-0.019398826
NQ,2025-02-19,355928,1,1,32379,-1557,-0.048086723,54019,-1879,-0.034784057,97754,-3102,-0.031732717,141584,-2006,-0.014168268
NQ,2025-02-20,429401,1,1,33365,-1313,-0.039352615,87203,-4663,-0.053472931,161841,-3387,-0.020927948,208448,-3534,-0.016953869
NQ,2025-02-21,553084,1,1,39473,-1505,-0.038127328,68831,-2293,-0.033313478,131656,-4518,-0.034316704,181986,-6130,-0.03368391
NQ,2025-02-24,489779,1,1,42962,-190,-0.0044225129,80936,-1982,-0.024488485,161251,-2137,-0.013252631,211639,-4259,-0.02012389
NQ,2025-02-25,586910,1,1,47819,-917,-0.019176478,88832,-1450,-0.016322947,179189,-2929,-0.016345869,248376,1138,0.0045817631
NQ,2025-02-26,474714,1,1,42327,271,0.0064025327,71563,1087,0.015189414,124331,1773,0.014260321,162525,3453,0.021245962
NQ,2025-02-27,619643,1,1,47767,-1567,-0.032805075,101407,-3567,-0.035175087,200243,-2497,-0.012469849,259673,-2851,-0.010979193
NQ,2025-02-28,611253,1,1,60366,936,0.015505417,97082,1276,0.013143528,169639,3499,0.020626153,220073,2281,0.010364743
