root,session,t0,d0,label,gap_atr
ES,2016-01-04,09:45,-1,RANGE,-1.1514
ES,2016-01-05,09:45,1,RANGE,0.1396
ES,2016-01-06,09:45,1,RANGE,-1.0792
ES,2016-01-07,09:45,1,RANGE,-1.1538
ES,2016-01-08,09:45,-1,CONT,0.3837
ES,2016-01-11,09:45,-1,FADE,0.353
ES,2016-01-12,09:45,1,FADE,0.5499
ES,2016-01-13,09:45,-1,CONT,0.2668
ES,2016-01-14,09:45,-1,RANGE,0.2221
ES,2016-01-15,09:45,1,RANGE,-1.5203
ES,2016-01-19,09:45,-1,FADE,0.6245
ES,2016-01-20,09:45,-1,FADE,-0.8905
ES,2016-01-21,09:45,-1,RANGE,0.1244
ES,2016-01-22,09:45,-1,RANGE,0.842
ES,2016-01-25,09:45,-1,CONT,-0.1454
ES,2016-01-26,09:45,1,RANGE,0.1993
ES,2016-01-27,09:45,1,RANGE,-0.1454
ES,2016-01-28,09:45,-1,FADE,0.4569
ES,2016-01-29,09:45,1,CONT,0.2126
ES,2016-02-01,09:45,1,FADE,-0.2832
ES,2016-02-02,09:45,-1,CONT,-0.4203
ES,2016-02-03,09:45,-1,FADE,0.3142
ES,2016-02-04,09:45,-1,RANGE,-0.1115
ES,2016-02-05,09:45,-1,CONT,-0.1391
ES,2016-02-08,09:45,-1,RANGE,-0.5255
ES,2016-02-09,09:45,1,FADE,-0.4806
ES,2016-02-10,09:45,-1,RANGE,0.2422
ES,2016-02-11,09:45,1,RANGE,-0.7314
ES,2016-02-12,09:45,-1,REV,0.4819
ES,2016-02-16,09:45,1,RANGE,-0.076
ES,2016-02-17,09:45,1,RANGE,0.3693
ES,2016-02-18,09:45,-1,RANGE,0.0814
ES,2016-02-19,09:45,-1,RANGE,-0.2394
ES,2016-02-22,09:45,1,RANGE,0.5319
ES,2016-02-23,09:45,1,REV,-0.2192
ES,2016-02-24,09:45,-1,REV,-0.5136
ES,2016-02-25,09:45,-1,REV,0.1621
ES,2016-02-26,09:45,-1,FADE,0.3035
ES,2016-02-29,09:45,-1,RANGE,-0.0154
ES,2016-03-01,09:45,-1,REV,0.4705
ES,2016-03-02,09:45,1,CONT,-0.1377
ES,2016-03-03,09:45,-1,RANGE,-0.064
ES,2016-03-04,09:45,-1,RANGE,0.0896
ES,2016-03-07,09:45,1,CONT,-0.3456
ES,2016-03-08,09:45,-1,RANGE,-0.4641
ES,2016-03-09,09:45,-1,FADE,0.3755
ES,2016-03-10,09:45,1,RANGE,0.1989
ES,2016-03-11,09:45,1,CONT,0.2961
ES,2016-03-14,09:45,-1,RANGE,-0.2253
ES,2016-03-15,09:45,1,CONT,-0.4609
ES,2016-03-16,09:45,1,CONT,-0.2542
ES,2016-03-17,09:45,-1,RANGE,-0.073
ES,2016-03-18,09:45,-1,RANGE,0.2253
ES,2016-03-21,09:45,1,RANGE,-0.1452
ES,2016-03-22,09:45,1,FADE,-0.4088
ES,2016-03-23,09:45,-1,CONT,-0.2084
ES,2016-03-24,09:45,0,,-0.6057
ES,2016-03-28,09:45,-1,RANGE,0.2157
ES,2016-03-29,09:45,-1,REV,-0.231
ES,2016-03-30,09:45,1,RANGE,0.5474
ES,2016-03-31,09:45,1,RANGE,-0.0918
ES,2016-04-01,09:45,-1,REV,-0.6417
ES,2016-04-04,09:45,-1,RANGE,-0.0129
ES,2016-04-05,09:45,-1,RANGE,-0.8477
ES,2016-04-06,09:45,-1,REV,0.0392
ES,2016-04-07,09:45,1,RANGE,-0.6632
ES,2016-04-08,09:45,-1,FADE,0.7059
ES,2016-04-11,09:45,1,FADE,0.3881
ES,2016-04-12,09:45,1,CONT,0.1299
ES,2016-04-13,09:45,1,CONT,0.5276
ES,2016-04-14,09:45,-1,RANGE,0.0247
ES,2016-04-15,09:45,-1,RANGE,0.0
ES,2016-04-18,09:45,1,FADE,-0.36
ES,2016-04-19,09:45,-1,RANGE,0.2326
ES,2016-04-20,09:45,-1,RANGE,0.0387
ES,2016-04-21,09:45,-1,RANGE,0.0259
ES,2016-04-22,09:45,1,RANGE,-0.2067
ES,2016-04-25,09:45,-1,RANGE,-0.3891
ES,2016-04-26,09:45,-1,RANGE,0.2317
ES,2016-04-27,09:45,1,FADE,-0.2688
ES,2016-04-28,09:45,1,FADE,-0.497
ES,2016-04-29,09:45,1,RANGE,-0.3979
ES,2016-05-02,09:45,-1,FADE,0.3268
ES,2016-05-03,09:45,-1,RANGE,-0.7584
ES,2016-05-04,09:45,-1,RANGE,-0.6115
ES,2016-05-05,09:45,-1,FADE,0.3117
ES,2016-05-06,09:45,1,FADE,-0.5044
ES,2016-05-09,09:45,1,RANGE,-0.0821
ES,2016-05-10,09:45,1,CONT,0.4802
ES,2016-05-11,09:45,-1,CONT,-0.2966
ES,2016-05-12,09:45,-1,FADE,0.4119
ES,2016-05-13,09:45,1,RANGE,-0.1927
ES,2016-05-16,09:45,1,CONT,0.1051
ES,2016-05-17,09:45,-1,CONT,-0.1695
ES,2016-05-18,09:45,1,RANGE,-0.2268
ES,2016-05-19,09:45,1,RANGE,-0.4412
ES,2016-05-20,09:45,1,RANGE,0.3384
ES,2016-05-23,09:45,-1,RANGE,0.0239
ES,2016-05-24,09:45,1,RANGE,0.5094
ES,2016-05-25,09:45,1,RANGE,0.3937
ES,2016-05-26,09:45,1,RANGE,0.1153
ES,2016-05-27,09:45,1,RANGE,0.0969
ES,2016-05-31,09:45,-1,RANGE,-0.1041
ES,2016-06-01,09:45,-1,REV,-0.4021
ES,2016-06-02,09:45,1,CONT,-0.2561
ES,2016-06-03,09:45,-1,RANGE,-0.3358
ES,2016-06-06,09:45,1,RANGE,0.214
ES,2016-06-07,09:45,1,RANGE,0.0925
ES,2016-06-08,09:45,1,RANGE,0.0828
ES,2016-06-09,09:45,1,FADE,-0.4843
ES,2016-06-10,09:45,-1,RANGE,-1.4495
ES,2016-06-13,09:45,1,FADE,-0.3983
ES,2016-06-14,09:45,1,FADE,-0.2748
ES,2016-06-15,09:45,1,FADE,0.2813
ES,2016-06-16,09:45,-1,FADE,-0.6074
ES,2016-06-17,09:45,-1,RANGE,-0.1036
ES,2016-06-20,09:45,1,RANGE,1.3413
ES,2016-06-21,09:45,-1,RANGE,0.2378
ES,2016-06-22,09:45,1,RANGE,0.1331
ES,2016-06-23,09:45,-1,REV,1.0762
ES,2016-06-24,09:45,1,RANGE,-4.121
ES,2016-06-27,09:45,-1,RANGE,-0.7809
ES,2016-06-28,09:45,1,CONT,0.7996
ES,2016-06-29,09:45,1,CONT,0.6953
ES,2016-06-30,09:45,-1,REV,0.2252
ES,2016-07-01,09:45,1,RANGE,-0.0668
ES,2016-07-05,09:45,-1,RANGE,-0.5807
ES,2016-07-06,09:45,-1,REV,-0.2284
ES,2016-07-07,09:45,1,RANGE,0.0459
ES,2016-07-08,09:45,1,CONT,0.5601
ES,2016-07-11,09:45,1,RANGE,0.1898
ES,2016-07-12,09:45,1,RANGE,0.4111
ES,2016-07-13,09:45,-1,RANGE,0.1914
ES,2016-07-14,09:45,-1,RANGE,0.5543
ES,2016-07-15,09:45,-1,CONT,0.2556
ES,2016-07-18,09:45,-1,RANGE,0.0664
ES,2016-07-19,09:45,1,RANGE,-0.1975
ES,2016-07-20,09:45,-1,RANGE,0.2289
ES,2016-07-21,09:45,1,RANGE,-0.0401
ES,2016-07-22,09:45,-1,REV,0.0722
ES,2016-07-25,09:45,-1,RANGE,-0.1085
ES,2016-07-26,09:45,1,RANGE,-0.0656
ES,2016-07-27,09:45,-1,FADE,0.2503
ES,2016-07-28,09:45,-1,RANGE,-0.1327
ES,2016-07-29,09:45,1,RANGE,-0.1859
ES,2016-08-01,09:45,-1,RANGE,0.0461
ES,2016-08-02,09:45,-1,RANGE,-0.1512
ES,2016-08-03,09:45,1,RANGE,-0.0459
ES,2016-08-04,09:45,1,RANGE,0.0646
ES,2016-08-05,09:45,1,RANGE,0.5351
ES,2016-08-08,09:45,-1,RANGE,0.1768
ES,2016-08-09,09:45,1,RANGE,0.0724
ES,2016-08-10,09:45,-1,RANGE,0.1125
ES,2016-08-11,09:45,1,RANGE,0.4669
ES,2016-08-12,09:45,1,FADE,-0.2659
ES,2016-08-15,09:45,1,RANGE,0.3718
ES,2016-08-16,09:45,-1,RANGE,-0.4288
ES,2016-08-17,09:45,-1,RANGE,0.0384
ES,2016-08-18,09:45,0,,-0.0379
ES,2016-08-19,09:45,-1,FADE,-0.4305
ES,2016-08-22,09:45,-1,FADE,-0.2549
ES,2016-08-23,09:45,1,RANGE,0.5743
ES,2016-08-24,09:45,-1,RANGE,-0.1003
ES,2016-08-25,09:45,1,FADE,-0.4028
ES,2016-08-26,09:45,1,RANGE,0.2459
ES,2016-08-29,09:45,1,RANGE,0.1351
ES,2016-08-30,09:45,1,RANGE,-0.0961
ES,2016-08-31,09:45,-1,RANGE,-0.26
ES,2016-09-01,09:45,1,RANGE,-0.0393
ES,2016-09-02,09:45,1,RANGE,0.7626
ES,2016-09-06,09:45,-1,RANGE,0.2353
ES,2016-09-07,09:45,1,RANGE,-0.1938
ES,2016-09-08,09:45,1,RANGE,-0.3725
ES,2016-09-09,09:45,-1,CONT,-1.791
ES,2016-09-12,09:45,1,CONT,-0.6096
ES,2016-09-13,09:45,-1,RANGE,-0.9165
ES,2016-09-14,09:45,1,RANGE,0.0547
ES,2016-09-15,09:45,1,CONT,-0.1074
ES,2016-09-16,09:45,-1,RANGE,-0.4422
ES,2016-09-19,09:45,1,FADE,0.4239
ES,2016-09-20,09:45,-1,CONT,0.5122
ES,2016-09-21,09:45,0,,0.3888
ES,2016-09-22,09:45,1,RANGE,0.5816
ES,2016-09-23,09:45,-1,CONT,-0.2098
ES,2016-09-26,09:45,-1,RANGE,-0.4485
ES,2016-09-27,09:45,1,RANGE,-0.0836
ES,2016-09-28,09:45,-1,RANGE,0.1405
ES,2016-09-29,09:45,-1,CONT,-0.1155
ES,2016-09-30,09:45,1,RANGE,0.4282
ES,2016-10-03,09:45,-1,RANGE,-0.2537
ES,2016-10-04,09:45,1,RANGE,0.0972
ES,2016-10-05,09:45,1,RANGE,0.2965
ES,2016-10-06,09:45,-1,RANGE,-0.1257
ES,2016-10-07,09:45,-1,RANGE,0.1142
ES,2016-10-10,09:45,1,RANGE,0.5079
ES,2016-10-11,09:45,-1,CONT,-0.2293
ES,2016-10-12,09:45,-1,RANGE,0.0608
ES,2016-10-13,09:45,-1,FADE,-0.7841
ES,2016-10-14,09:45,1,REV,0.566
ES,2016-10-17,09:45,-1,RANGE,0.0
ES,2016-10-18,09:45,-1,RANGE,0.9597
ES,2016-10-19,09:45,-1,RANGE,0.1888
ES,2016-10-20,09:45,-1,RANGE,-0.2097
ES,2016-10-21,09:45,-1,REV,-0.5152
ES,2016-10-24,09:45,1,RANGE,0.5405
ES,2016-10-25,09:45,1,RANGE,-0.1075
ES,2016-10-26,09:45,1,FADE,-0.5671
ES,2016-10-27,09:45,-1,FADE,0.4782
ES,2016-10-28,09:45,1,RANGE,-0.0292
ES,2016-10-31,09:45,-1,RANGE,0.2348
ES,2016-11-01,09:45,-1,FADE,0.2532
ES,2016-11-02,09:45,1,RANGE,-0.2011
ES,2016-11-03,09:45,-1,CONT,0.1701
ES,2016-11-04,09:45,-1,RANGE,0.042
ES,2016-11-07,09:45,1,CONT,1.6655
ES,2016-11-08,09:45,-1,RANGE,-0.2096
ES,2016-11-09,09:45,1,CONT,-0.9588
ES,2016-11-10,09:45,1,FADE,0.4192
ES,2016-11-11,09:45,1,RANGE,-0.3776
ES,2016-11-14,09:45,-1,FADE,0.281
ES,2016-11-15,09:45,-1,REV,0.2544
ES,2016-11-16,09:45,1,FADE,-0.3281
ES,2016-11-17,09:45,1,RANGE,0.061
ES,2016-11-18,09:45,-1,RANGE,0.0615
ES,2016-11-21,09:45,1,CONT,0.3348
ES,2016-11-22,09:45,-1,RANGE,0.2214
ES,2016-11-23,09:45,-1,FADE,-0.258
ES,2016-11-28,09:45,-1,RANGE,-0.2793
ES,2016-11-29,09:45,-1,RANGE,0.0131
ES,2016-11-30,09:45,1,FADE,0.4175
ES,2016-12-01,09:45,-1,CONT,0.2111
ES,2016-12-02,09:45,1,RANGE,0.0849
ES,2016-12-05,09:45,1,RANGE,0.5743
ES,2016-12-06,09:45,-1,RANGE,0.1725
ES,2016-12-07,09:45,1,CONT,-0.1145
ES,2016-12-08,09:45,1,RANGE,0.0
ES,2016-12-09,09:45,1,CONT,-0.182
ES,2016-12-12,09:45,1,RANGE,-0.1108
ES,2016-12-13,09:45,1,RANGE,0.6174
ES,2016-12-14,09:45,1,RANGE,-0.2212
ES,2016-12-15,09:45,1,RANGE,0.154
ES,2016-12-16,09:45,-1,FADE,0.2836
ES,2016-12-19,09:45,1,RANGE,0.132
ES,2016-12-20,09:45,1,RANGE,0.4561
ES,2016-12-21,09:45,-1,CONT,-0.0845
ES,2016-12-22,09:45,-1,RANGE,-0.1704
ES,2016-12-23,09:45,0,,-0.0336
ES,2016-12-27,09:45,1,RANGE,0.2198
ES,2016-12-28,09:45,-1,CONT,0.2048
ES,2016-12-29,09:45,1,RANGE,0.033
ES,2016-12-30,09:45,-1,FADE,0.2513
ES,2017-01-03,09:45,-1,FADE,1.0033
ES,2017-01-04,09:45,1,RANGE,0.237
ES,2017-01-05,09:45,1,RANGE,-0.1914
ES,2017-01-06,09:45,-1,RANGE,0.0797
ES,2017-01-09,09:45,-1,RANGE,-0.2008
ES,2017-01-10,09:45,-1,RANGE,-0.0171
ES,2017-01-11,09:45,1,RANGE,-0.0339
ES,2017-01-12,09:45,-1,RANGE,-0.3859
ES,2017-01-13,09:45,1,RANGE,0.1174
ES,2017-01-17,09:45,-1,FADE,-0.2667
ES,2017-01-18,09:45,-1,RANGE,0.1929
ES,2017-01-19,09:45,-1,RANGE,0.0967
ES,2017-01-20,09:45,1,FADE,0.5871
ES,2017-01-23,09:45,1,FADE,-0.2775
ES,2017-01-24,09:45,1,CONT,0.1447
ES,2017-01-25,09:45,-1,REV,0.7573
ES,2017-01-26,09:45,0,,-0.1001
ES,2017-01-27,09:45,-1,RANGE,0.0883
ES,2017-01-30,09:45,-1,RANGE,-0.5867
ES,2017-01-31,09:45,1,FADE,-0.4549
ES,2017-02-01,09:45,1,FADE,0.4891
ES,2017-02-02,09:45,1,FADE,-0.3058
ES,2017-02-03,09:45,-1,RANGE,0.7685
ES,2017-02-06,09:45,1,FADE,-0.3767
ES,2017-02-07,09:45,1,FADE,0.3047
ES,2017-02-08,09:45,-1,FADE,-0.2552
ES,2017-02-09,09:45,1,CONT,0.2407
ES,2017-02-10,09:45,1,RANGE,0.3013
ES,2017-02-13,09:45,1,CONT,0.4651
ES,2017-02-14,09:45,-1,REV,-0.1248
ES,2017-02-15,09:45,1,CONT,-0.192
ES,2017-02-16,09:45,1,RANGE,0.0847
ES,2017-02-17,09:45,1,CONT,-0.5484
ES,2017-02-21,09:45,1,RANGE,0.0179
ES,2017-02-22,09:45,-1,FADE,-0.3297
ES,2017-02-23,09:45,-1,FADE,0.4602
ES,2017-02-24,09:45,1,FADE,-0.729
ES,2017-02-27,09:45,-1,RANGE,-0.1098
ES,2017-02-28,09:45,1,RANGE,-0.3307
ES,2017-03-01,09:45,1,CONT,1.4887
ES,2017-03-02,09:45,-1,CONT,-0.1444
ES,2017-03-03,09:45,1,RANGE,-0.1073
ES,2017-03-06,09:45,-1,RANGE,-0.7202
ES,2017-03-07,09:45,-1,FADE,-0.3069
ES,2017-03-08,09:45,1,REV,0.1982
ES,2017-03-09,09:45,1,RANGE,0.0897
ES,2017-03-10,09:45,-1,FADE,0.6323
ES,2017-03-13,09:45,-1,RANGE,-0.0536
ES,2017-03-14,09:45,-1,RANGE,-0.4255
ES,2017-03-15,09:45,-1,REV,0.4621
ES,2017-03-16,09:45,-1,RANGE,0.1259
ES,2017-03-17,09:45,-1,CONT,0.1993
ES,2017-03-20,09:45,-1,RANGE,-0.0182
ES,2017-03-21,09:45,-1,CONT,0.5211
ES,2017-03-22,09:45,-1,RANGE,0.0163
ES,2017-03-23,09:45,1,RANGE,-0.1745
ES,2017-03-24,09:45,1,RANGE,0.2349
ES,2017-03-27,09:45,-1,REV,-1.273
ES,2017-03-28,09:45,1,CONT,-0.1765
ES,2017-03-29,09:45,-1,RANGE,-0.1405
ES,2017-03-30,09:45,1,RANGE,-0.0914
ES,2017-03-31,09:45,1,RANGE,-0.2458
ES,2017-04-03,09:45,1,RANGE,0.0462
ES,2017-04-04,09:45,1,RANGE,-0.241
ES,2017-04-05,09:45,1,FADE,0.4063
ES,2017-04-06,09:45,-1,RANGE,0.129
ES,2017-04-07,09:45,1,RANGE,-0.1287
ES,2017-04-10,09:45,1,RANGE,0.1004
ES,2017-04-11,09:45,-1,RANGE,-0.2655
ES,2017-04-12,09:45,-1,RANGE,-0.1796
ES,2017-04-13,09:45,1,FADE,-0.2718
ES,2017-04-17,09:45,-1,REV,0.2931
ES,2017-04-18,09:45,1,FADE,-0.4746
ES,2017-04-19,09:45,1,FADE,0.3614
ES,2017-04-20,09:45,-1,RANGE,0.3706
ES,2017-04-21,09:45,1,RANGE,-0.0139
ES,2017-04-24,09:45,-1,RANGE,1.4862
ES,2017-04-25,09:45,1,RANGE,0.4294
ES,2017-04-26,09:45,1,RANGE,-0.0141
ES,2017-04-27,09:45,-1,RANGE,0.176
ES,2017-04-28,09:45,-1,RANGE,0.1618
ES,2017-05-01,09:45,-1,FADE,0.341
ES,2017-05-02,09:45,-1,RANGE,0.1179
ES,2017-05-03,09:45,1,FADE,-0.3236
ES,2017-05-04,09:45,-1,RANGE,0.1998
ES,2017-05-05,09:45,-1,FADE,0.2595
ES,2017-05-08,09:45,-1,RANGE,0.0
ES,2017-05-09,09:45,-1,RANGE,0.1852
ES,2017-05-10,09:45,0,,-0.0684
ES,2017-05-11,09:45,-1,RANGE,-0.3757
ES,2017-05-12,09:45,-1,RANGE,-0.2287
ES,2017-05-15,09:45,1,RANGE,0.3493
ES,2017-05-16,09:45,-1,FADE,0.2814
ES,2017-05-17,09:45,1,REV,-1.5458
ES,2017-05-18,09:45,0,,-0.1215
ES,2017-05-19,09:45,1,RANGE,0.3823
ES,2017-05-22,09:45,1,RANGE,0.402
ES,2017-05-23,09:45,-1,FADE,0.2993
ES,2017-05-24,09:45,-1,RANGE,0.1832
ES,2017-05-25,09:45,-1,RANGE,0.4465
ES,2017-05-26,09:45,-1,RANGE,-0.1277
ES,2017-05-30,09:45,1,FADE,-0.3445
ES,2017-05-31,09:45,-1,RANGE,0.2109
ES,2017-06-01,09:45,-1,REV,0.4198
ES,2017-06-02,09:45,1,RANGE,0.0556
ES,2017-06-05,09:45,-1,RANGE,-0.1104
ES,2017-06-06,09:45,1,FADE,-0.5014
ES,2017-06-07,09:45,1,RANGE,0.2249
ES,2017-06-08,09:45,1,RANGE,0.074
ES,2017-06-09,09:45,1,RANGE,0.0756
ES,2017-06-12,09:45,-1,RANGE,-0.2431
ES,2017-06-13,09:45,1,RANGE,0.4394
ES,2017-06-14,09:45,-1,RANGE,0.2096
ES,2017-06-15,09:45,-1,REV,-1.2379
ES,2017-06-16,09:45,-1,RANGE,0.0787
ES,2017-06-19,09:45,1,RANGE,0.7811
ES,2017-06-20,09:45,-1,CONT,-0.34
ES,2017-06-21,09:45,-1,FADE,0.2896
ES,2017-06-22,09:45,-1,RANGE,0.019
ES,2017-06-23,09:45,-1,RANGE,0.0584
ES,2017-06-26,09:45,1,FADE,0.5138
ES,2017-06-27,09:45,-1,CONT,-0.2198
ES,2017-06-28,09:45,-1,REV,0.7491
ES,2017-06-29,09:45,-1,RANGE,0.1175
ES,2017-06-30,09:45,1,FADE,0.5371
ES,2017-07-05,09:45,-1,RANGE,0.2
ES,2017-07-06,09:45,-1,RANGE,-0.5352
ES,2017-07-07,09:45,0,,0.3387
ES,2017-07-10,09:45,1,RANGE,-0.1075
ES,2017-07-11,09:45,-1,RANGE,-0.123
ES,2017-07-12,09:45,1,RANGE,0.7127
ES,2017-07-13,09:45,1,RANGE,0.0299
ES,2017-07-14,09:45,1,CONT,0.031
ES,2017-07-17,09:45,1,RANGE,-0.0458
ES,2017-07-18,09:45,0,,-0.2878
ES,2017-07-19,09:45,1,CONT,0.2282
ES,2017-07-20,09:45,-1,RANGE,0.2112
ES,2017-07-21,09:45,1,FADE,-0.3728
ES,2017-07-24,09:45,-1,RANGE,-0.0489
ES,2017-07-25,09:45,-1,RANGE,0.5995
ES,2017-07-26,09:45,-1,FADE,0.2591
ES,2017-07-27,09:45,-1,FADE,0.3843
ES,2017-07-28,09:45,1,RANGE,-0.4642
ES,2017-07-31,09:45,-1,FADE,0.3895
ES,2017-08-01,09:45,-1,FADE,0.5589
ES,2017-08-02,09:45,-1,RANGE,0.1393
ES,2017-08-03,09:45,-1,RANGE,-0.0798
ES,2017-08-04,09:45,1,FADE,0.4478
ES,2017-08-07,09:45,1,CONT,0.0442
ES,2017-08-08,09:45,-1,FADE,-0.3175
ES,2017-08-09,09:45,-1,FADE,-0.7572
ES,2017-08-10,09:45,-1,CONT,-0.8997
ES,2017-08-11,09:45,1,RANGE,0.1844
ES,2017-08-14,09:45,1,RANGE,1.2211
ES,2017-08-15,09:45,-1,FADE,0.3682
ES,2017-08-16,09:45,-1,FADE,0.4688
ES,2017-08-17,09:45,1,REV,-0.5305
ES,2017-08-18,09:45,-1,RANGE,-0.1942
ES,2017-08-21,09:45,1,RANGE,0.0
ES,2017-08-22,09:45,1,CONT,0.4315
ES,2017-08-23,09:45,1,RANGE,-0.6745
ES,2017-08-24,09:45,-1,FADE,0.293
ES,2017-08-25,09:45,1,RANGE,0.5551
ES,2017-08-28,09:45,-1,FADE,0.3591
ES,2017-08-29,09:45,1,CONT,-0.9324
ES,2017-08-30,09:45,1,CONT,-0.0297
ES,2017-08-31,09:45,1,RANGE,0.4106
ES,2017-09-01,09:45,1,RANGE,0.271
ES,2017-09-05,09:45,-1,RANGE,0.0421
ES,2017-09-06,09:45,-1,FADE,0.4294
ES,2017-09-07,09:45,-1,RANGE,0.1804
ES,2017-09-08,09:45,1,FADE,-0.3291
ES,2017-09-11,09:45,1,RANGE,0.9187
ES,2017-09-12,09:45,1,RANGE,0.2553
ES,2017-09-13,09:45,1,RANGE,-0.2249
ES,2017-09-14,09:45,-1,FADE,-0.2742
ES,2017-09-15,09:45,0,,-0.1684
ES,2017-09-18,09:45,1,RANGE,0.246
ES,2017-09-19,09:45,-1,RANGE,0.197
ES,2017-09-20,09:45,1,RANGE,0.0779
ES,2017-09-21,09:45,-1,RANGE,-0.1748
ES,2017-09-22,09:45,1,FADE,-0.297
ES,2017-09-25,09:45,1,FADE,-0.2678
ES,2017-09-26,09:45,1,FADE,0.3448
ES,2017-09-27,09:45,1,FADE,0.7288
ES,2017-09-28,09:45,1,CONT,-0.2796
ES,2017-09-29,09:45,1,CONT,-0.0448
ES,2017-10-02,09:45,1,RANGE,0.2208
ES,2017-10-03,09:45,-1,RANGE,0.1322
ES,2017-10-04,09:45,-1,RANGE,-0.1683
ES,2017-10-05,09:45,1,CONT,0.3171
ES,2017-10-06,09:45,1,RANGE,-0.4988
ES,2017-10-09,09:45,-1,RANGE,0.214
ES,2017-10-10,09:45,1,FADE,0.6727
ES,2017-10-11,09:45,0,,-0.1026
ES,2017-10-12,09:45,-1,FADE,-0.4082
ES,2017-10-13,09:45,-1,RANGE,0.5364
ES,2017-10-16,09:45,1,FADE,0.2821
ES,2017-10-17,09:45,0,,-0.0775
ES,2017-10-18,09:45,-1,FADE,0.4376
ES,2017-10-19,09:45,-1,FADE,-0.996
ES,2017-10-20,09:45,-1,RANGE,0.8877
ES,2017-10-23,09:45,-1,CONT,0.404
ES,2017-10-24,09:45,-1,FADE,0.4046
ES,2017-10-25,09:45,-1,RANGE,-0.3831
ES,2017-10-26,09:45,1,RANGE,0.6813
ES,2017-10-27,09:45,-1,REV,0.8675
ES,2017-10-30,09:45,1,FADE,-0.595
ES,2017-10-31,09:45,-1,FADE,0.3624
ES,2017-11-01,09:45,1,FADE,0.8617
ES,2017-11-02,09:45,-1,RANGE,-0.133
ES,2017-11-03,09:45,-1,RANGE,0.1323
ES,2017-11-06,09:45,1,RANGE,-0.1733
ES,2017-11-07,09:45,1,RANGE,0.1537
ES,2017-11-08,09:45,-1,REV,-0.2394
ES,2017-11-09,09:45,-1,RANGE,-1.242
ES,2017-11-10,09:45,1,FADE,-0.3925
ES,2017-11-13,09:45,1,FADE,-0.6031
ES,2017-11-14,09:45,1,RANGE,-0.7211
ES,2017-11-15,09:45,-1,RANGE,-0.7769
ES,2017-11-16,09:45,1,CONT,0.6985
ES,2017-11-17,09:45,0,,-0.2632
ES,2017-11-20,09:45,-1,RANGE,0.1501
ES,2017-11-21,09:45,1,RANGE,0.5993
ES,2017-11-22,09:45,-1,RANGE,0.0164
ES,2017-11-27,09:45,1,RANGE,0.0194
ES,2017-11-28,09:45,1,CONT,0.4154
ES,2017-11-29,09:45,1,RANGE,0.11
ES,2017-11-30,09:45,1,RANGE,0.7319
ES,2017-12-01,09:45,-1,RANGE,-0.1033
ES,2017-12-04,09:45,1,REV,1.1257
ES,2017-12-05,09:45,-1,CONT,0.1892
ES,2017-12-06,09:45,1,RANGE,-0.1847
ES,2017-12-07,09:45,1,CONT,-0.0853
ES,2017-12-08,09:45,0,,0.6948
ES,2017-12-11,09:45,1,RANGE,0.0433
ES,2017-12-12,09:45,-1,RANGE,0.1167
ES,2017-12-13,09:45,1,RANGE,0.1648
ES,2017-12-14,09:45,-1,CONT,0.2022
ES,2017-12-15,09:45,-1,RANGE,0.7366
ES,2017-12-18,09:45,1,RANGE,0.9057
ES,2017-12-19,09:45,-1,CONT,0.145
ES,2017-12-20,09:45,-1,FADE,0.6025
ES,2017-12-21,09:45,-1,RANGE,0.3706
ES,2017-12-22,09:45,-1,RANGE,0.0
ES,2017-12-26,09:45,1,RANGE,-0.1788
ES,2017-12-27,09:45,0,,0.0694
ES,2017-12-28,09:45,-1,RANGE,0.2039
ES,2017-12-29,09:45,-1,CONT,0.4182
ES,2018-01-02,09:45,-1,RANGE,0.5914
ES,2018-01-03,09:45,1,RANGE,0.102
ES,2018-01-04,09:45,1,RANGE,0.4729
ES,2018-01-05,09:45,-1,RANGE,0.5877
ES,2018-01-08,09:45,0,,-0.0864
ES,2018-01-09,09:45,1,RANGE,0.315
ES,2018-01-10,09:45,-1,FADE,-0.6389
ES,2018-01-11,09:45,1,CONT,0.381
ES,2018-01-12,09:45,1,CONT,0.2008
ES,2018-01-16,09:45,1,FADE,0.4125
ES,2018-01-17,09:45,-1,FADE,0.699
ES,2018-01-18,09:45,-1,RANGE,-0.1074
ES,2018-01-19,09:45,1,FADE,0.3533
ES,2018-01-22,09:45,1,CONT,-0.1862
ES,2018-01-23,09:45,1,RANGE,0.0298
ES,2018-01-24,09:45,-1,FADE,0.4402
ES,2018-01-25,09:45,-1,FADE,0.5055
ES,2018-01-26,09:45,-1,REV,0.5323
ES,2018-01-29,09:45,1,REV,-0.3348
ES,2018-01-30,09:45,1,RANGE,-1.0494
ES,2018-01-31,09:45,1,FADE,0.4869
ES,2018-02-01,09:45,1,FADE,-0.4077
ES,2018-02-02,09:45,-1,CONT,-0.7323
ES,2018-02-05,09:45,1,REV,-0.8623
ES,2018-02-06,09:45,1,FADE,-1.4567
ES,2018-02-07,09:45,1,RANGE,-0.216
ES,2018-02-08,09:45,-1,CONT,0.0826
ES,2018-02-09,09:45,-1,FADE,0.7685
ES,2018-02-12,09:45,1,FADE,0.4665
ES,2018-02-13,09:45,1,CONT,-0.2808
ES,2018-02-14,09:45,1,CONT,-0.3519
ES,2018-02-15,09:45,-1,FADE,0.3731
ES,2018-02-16,09:45,1,RANGE,-0.1559
ES,2018-02-20,09:45,1,RANGE,-0.1547
ES,2018-02-21,09:45,1,RANGE,0.0783
ES,2018-02-22,09:45,1,RANGE,0.2166
ES,2018-02-23,09:45,1,CONT,0.2846
ES,2018-02-26,09:45,1,CONT,0.2254
ES,2018-02-27,09:45,1,REV,0.0464
ES,2018-02-28,09:45,-1,CONT,0.2527
ES,2018-03-01,09:45,-1,RANGE,0.0
ES,2018-03-02,09:45,-1,REV,-0.3364
ES,2018-03-05,09:45,1,CONT,-0.2402
ES,2018-03-06,09:45,-1,RANGE,0.1915
ES,2018-03-07,09:45,1,FADE,-0.5089
ES,2018-03-08,09:45,1,RANGE,0.1555
ES,2018-03-09,09:45,-1,REV,0.3653
ES,2018-03-12,09:45,1,RANGE,0.2082
ES,2018-03-13,09:45,1,REV,0.3453
ES,2018-03-14,09:45,-1,CONT,0.2773
ES,2018-03-15,09:45,-1,RANGE,0.1496
ES,2018-03-16,09:45,1,RANGE,0.1339
ES,2018-03-19,09:45,-1,RANGE,-0.2394
ES,2018-03-20,09:45,1,RANGE,0.1102
ES,2018-03-21,09:45,-1,RANGE,-0.0066
ES,2018-03-22,09:45,1,REV,-0.7111
ES,2018-03-23,09:45,-1,CONT,0.1159
ES,2018-03-26,09:45,1,RANGE,1.0435
ES,2018-03-27,09:45,-1,CONT,0.2479
ES,2018-03-28,09:45,-1,RANGE,0.0341
ES,2018-03-29,09:45,1,RANGE,0.2867
ES,2018-04-02,09:45,1,REV,-0.2283
ES,2018-04-03,09:45,-1,FADE,0.3185
ES,2018-04-04,09:45,1,CONT,-0.936
ES,2018-04-05,09:45,-1,RANGE,0.3713
ES,2018-04-06,09:45,1,FADE,-0.4885
ES,2018-04-09,09:45,-1,RANGE,0.3196
ES,2018-04-10,09:45,-1,RANGE,0.6771
ES,2018-04-11,09:45,1,FADE,-0.3275
ES,2018-04-12,09:45,1,RANGE,0.2854
ES,2018-04-13,09:45,-1,FADE,0.2957
ES,2018-04-16,09:45,-1,RANGE,0.3694
ES,2018-04-17,09:45,-1,RANGE,0.3877
ES,2018-04-18,09:45,0,,0.1026
ES,2018-04-19,09:45,-1,RANGE,-0.1564
ES,2018-04-20,09:45,-1,CONT,-0.0196
ES,2018-04-23,09:45,-1,RANGE,0.1274
ES,2018-04-24,09:45,-1,CONT,0.2409
ES,2018-04-25,09:45,-1,RANGE,-0.0324
ES,2018-04-26,09:45,-1,RANGE,0.2785
ES,2018-04-27,09:45,0,,0.1484
ES,2018-04-30,09:45,1,REV,0.1429
ES,2018-05-01,09:45,-1,RANGE,-0.1336
ES,2018-05-02,09:45,-1,RANGE,-0.0649
ES,2018-05-03,09:45,-1,FADE,-0.2703
ES,2018-05-04,09:45,1,CONT,-0.3193
ES,2018-05-07,09:45,1,RANGE,0.2447
ES,2018-05-08,09:45,-1,RANGE,-0.1316
ES,2018-05-09,09:45,1,CONT,0.2448
ES,2018-05-10,09:45,1,CONT,0.2344
ES,2018-05-11,09:45,1,RANGE,0.0228
ES,2018-05-14,09:45,1,RANGE,0.2275
ES,2018-05-15,09:45,-1,RANGE,-0.4489
ES,2018-05-16,09:45,1,CONT,0.0486
ES,2018-05-17,09:45,-1,RANGE,-0.0885
ES,2018-05-18,09:45,1,RANGE,-0.0975
ES,2018-05-21,09:45,1,RANGE,0.5412
ES,2018-05-22,09:45,-1,CONT,0.2197
ES,2018-05-23,09:45,1,CONT,-0.5237
ES,2018-05-24,09:45,-1,RANGE,-0.1867
ES,2018-05-25,09:45,-1,FADE,-0.257
ES,2018-05-29,09:45,-1,RANGE,-0.9184
ES,2018-05-30,09:45,1,CONT,0.59
ES,2018-05-31,09:45,-1,CONT,-0.1442
ES,2018-06-01,09:45,1,RANGE,0.6397
ES,2018-06-04,09:45,1,RANGE,0.3583
ES,2018-06-05,09:45,1,RANGE,0.0425
ES,2018-06-06,09:45,1,CONT,0.2491
ES,2018-06-07,09:45,1,RANGE,0.1977
ES,2018-06-08,09:45,1,CONT,-0.1906
ES,2018-06-11,09:45,1,RANGE,0.3025
ES,2018-06-12,09:45,-1,FADE,0.2692
ES,2018-06-13,09:45,1,REV,0.0818
ES,2018-06-14,09:45,-1,FADE,0.4924
ES,2018-06-15,09:45,-1,FADE,-0.4407
ES,2018-06-18,09:45,-1,REV,-0.8227
ES,2018-06-19,09:45,1,CONT,-1.2726
ES,2018-06-20,09:45,-1,FADE,0.3527
ES,2018-06-21,09:45,-1,RANGE,-0.0702
ES,2018-06-22,09:45,-1,FADE,0.7055
ES,2018-06-25,09:45,-1,RANGE,-0.5838
ES,2018-06-26,09:45,1,FADE,0.2924
ES,2018-06-27,09:45,1,REV,0.301
ES,2018-06-28,09:45,1,RANGE,0.011
ES,2018-06-29,09:45,1,FADE,0.4639
ES,2018-07-02,09:45,-1,REV,-0.7956
ES,2018-07-05,09:45,-1,FADE,0.341
ES,2018-07-06,09:45,1,CONT,0.0212
ES,2018-07-09,09:45,1,CONT,0.4918
ES,2018-07-10,09:45,1,RANGE,0.2112
ES,2018-07-11,09:45,1,RANGE,-0.7139
ES,2018-07-12,09:45,-1,RANGE,0.5357
ES,2018-07-13,09:45,-1,RANGE,-0.0389
ES,2018-07-16,09:45,-1,RANGE,0.0099
ES,2018-07-17,09:45,1,CONT,-0.3152
ES,2018-07-18,09:45,-1,RANGE,0.0103
ES,2018-07-19,09:45,1,RANGE,-0.3507
ES,2018-07-20,09:45,1,RANGE,-0.0733
ES,2018-07-23,09:45,-1,RANGE,-0.1168
ES,2018-07-24,09:45,1,RANGE,0.713
ES,2018-07-25,09:45,1,CONT,-0.0693
ES,2018-07-26,09:45,1,FADE,-0.4793
ES,2018-07-27,09:45,-1,CONT,0.2023
ES,2018-07-30,09:45,-1,CONT,0.0248
ES,2018-07-31,09:45,1,RANGE,0.5016
ES,2018-08-01,09:45,1,RANGE,0.152
ES,2018-08-02,09:45,1,CONT,-0.7768
ES,2018-08-03,09:45,1,RANGE,0.1198
ES,2018-08-06,09:45,-1,REV,-0.0501
ES,2018-08-07,09:45,1,RANGE,0.3318
ES,2018-08-08,09:45,-1,RANGE,-0.0889
ES,2018-08-09,09:45,0,,0.0132
ES,2018-08-10,09:45,1,RANGE,-0.9047
ES,2018-08-13,09:45,1,REV,0.1714
ES,2018-08-14,09:45,1,RANGE,0.4196
ES,2018-08-15,09:45,-1,RANGE,-0.7969
ES,2018-08-16,09:45,1,RANGE,0.7586
ES,2018-08-17,09:45,1,RANGE,-0.1393
ES,2018-08-20,09:45,-1,RANGE,0.2257
ES,2018-08-21,09:45,1,RANGE,0.2507
ES,2018-08-22,09:45,1,RANGE,-0.1854
ES,2018-08-23,09:45,1,RANGE,-0.1455
ES,2018-08-24,09:45,1,CONT,0.3243
ES,2018-08-27,09:45,1,RANGE,0.6484
ES,2018-08-28,09:45,-1,FADE,0.2741
ES,2018-08-29,09:45,-1,REV,0.1284
ES,2018-08-30,09:45,1,RANGE,-0.2835
ES,2018-08-31,09:45,1,RANGE,-0.2148
ES,2018-09-04,09:45,-1,RANGE,-0.5878
ES,2018-09-05,09:45,-1,RANGE,-0.2265
ES,2018-09-06,09:45,-1,RANGE,0.0259
ES,2018-09-07,09:45,1,FADE,-0.625
ES,2018-09-10,09:45,-1,FADE,0.586
ES,2018-09-11,09:45,1,CONT,-0.3914
ES,2018-09-12,09:45,1,RANGE,-0.0515
ES,2018-09-13,09:45,1,RANGE,0.6007
ES,2018-09-14,09:45,1,FADE,0.3977
ES,2018-09-17,09:45,-1,CONT,-0.0876
ES,2018-09-18,09:45,1,RANGE,0.1562
ES,2018-09-19,09:45,1,RANGE,0.0139
ES,2018-09-20,09:45,1,CONT,0.7595
ES,2018-09-21,09:45,-1,CONT,0.4632
ES,2018-09-24,09:45,1,RANGE,-0.387
ES,2018-09-25,09:45,-1,CONT,0.2537
ES,2018-09-26,09:45,1,RANGE,0.0842
ES,2018-09-27,09:45,1,RANGE,0.3003
ES,2018-09-28,09:45,1,FADE,-0.3948
ES,2018-10-01,09:45,1,FADE,0.8082
ES,2018-10-02,09:45,1,RANGE,-0.066
ES,2018-10-03,09:45,-1,FADE,0.6114
ES,2018-10-04,09:45,-1,RANGE,-0.3537
ES,2018-10-05,09:45,1,RANGE,0.0909
ES,2018-10-08,09:45,1,FADE,-0.4436
ES,2018-10-09,09:45,-1,RANGE,-0.2029
ES,2018-10-10,09:45,-1,CONT,-0.3018
ES,2018-10-11,09:45,-1,FADE,-0.475
ES,2018-10-12,09:45,-1,FADE,1.5808
ES,2018-10-15,09:45,-1,RANGE,-0.1839
ES,2018-10-16,09:45,1,CONT,0.684
ES,2018-10-17,09:45,-1,RANGE,0.0386
ES,2018-10-18,09:45,-1,RANGE,-0.3262
ES,2018-10-19,09:45,1,RANGE,0.1776
ES,2018-10-22,09:45,-1,RANGE,0.2198
ES,2018-10-23,09:45,1,FADE,-1.134
ES,2018-10-24,09:45,-1,CONT,-0.063
ES,2018-10-25,09:45,-1,RANGE,0.5019
ES,2018-10-26,09:45,1,RANGE,-0.9526
ES,2018-10-29,09:45,1,FADE,0.7226
ES,2018-10-30,09:45,1,RANGE,-0.0333
ES,2018-10-31,09:45,1,RANGE,0.5237
ES,2018-11-01,09:45,1,RANGE,0.1558
ES,2018-11-02,09:45,1,RANGE,0.2244
ES,2018-11-05,09:45,-1,RANGE,0.1061
ES,2018-11-06,09:45,1,RANGE,-0.0221
ES,2018-11-07,09:45,1,CONT,0.4383
ES,2018-11-08,09:45,1,RANGE,-0.16
ES,2018-11-09,09:45,-1,RANGE,-0.2823
ES,2018-11-12,09:45,-1,CONT,-0.132
ES,2018-11-13,09:45,1,RANGE,0.1044
ES,2018-11-14,09:45,1,REV,0.4167
ES,2018-11-15,09:45,1,CONT,-0.2741
ES,2018-11-16,09:45,0,,-0.2388
ES,2018-11-19,09:45,1,REV,-0.1268
ES,2018-11-20,09:45,1,RANGE,-0.7005
ES,2018-11-21,09:45,-1,RANGE,0.2897
ES,2018-11-26,09:45,1,RANGE,0.6236
ES,2018-11-27,09:45,-1,FADE,-0.2662
ES,2018-11-28,09:45,-1,REV,0.3032
ES,2018-11-29,09:45,1,RANGE,-0.1942
ES,2018-11-30,09:45,1,CONT,-0.0472
ES,2018-12-03,09:45,-1,RANGE,1.0935
ES,2018-12-04,09:45,-1,CONT,-0.2029
ES,2018-12-06,09:45,1,FADE,-1.0269
ES,2018-12-07,09:45,1,REV,-0.1073
ES,2018-12-10,09:45,1,RANGE,-0.0551
ES,2018-12-11,09:45,1,REV,0.7003
ES,2018-12-12,09:45,-1,RANGE,0.664
ES,2018-12-13,09:45,-1,RANGE,0.1904
ES,2018-12-14,09:45,1,RANGE,-0.4168
ES,2018-12-17,09:45,-1,RANGE,-0.2239
ES,2018-12-18,09:45,1,FADE,0.3631
ES,2018-12-19,09:45,1,RANGE,0.0099
ES,2018-12-20,09:45,1,RANGE,-0.2284
ES,2018-12-21,09:45,1,REV,0.1922
ES,2018-12-26,09:45,1,CONT,0.4249
ES,2018-12-27,09:45,-1,REV,-0.5368
ES,2018-12-28,09:45,0,,0.1934
ES,2018-12-31,09:45,1,FADE,0.254
ES,2019-01-02,09:45,1,CONT,-0.6129
ES,2019-01-03,09:45,-1,RANGE,-0.2972
ES,2019-01-04,09:45,1,RANGE,0.496
ES,2019-01-07,09:45,1,RANGE,0.025
ES,2019-01-08,09:45,1,FADE,0.3751
ES,2019-01-09,09:45,0,,0.1301
ES,2019-01-10,09:45,-1,REV,-0.26
ES,2019-01-11,09:45,-1,REV,-0.2078
ES,2019-01-14,09:45,1,RANGE,-0.3395
ES,2019-01-15,09:45,1,RANGE,0.0576
ES,2019-01-16,09:45,1,RANGE,0.0712
ES,2019-01-17,09:45,1,CONT,-0.1889
ES,2019-01-18,09:45,-1,RANGE,0.3535
ES,2019-01-22,09:45,-1,RANGE,-0.1776
ES,2019-01-23,09:45,1,RANGE,0.2132
ES,2019-01-24,09:45,-1,RANGE,-0.0377
ES,2019-01-25,09:45,-1,RANGE,0.4797
ES,2019-01-28,09:45,-1,RANGE,-0.6511
ES,2019-01-29,09:45,-1,RANGE,0.02
ES,2019-01-30,09:45,-1,RANGE,0.4433
ES,2019-01-31,09:45,-1,RANGE,-0.0337
ES,2019-02-01,09:45,1,RANGE,0.0638
ES,2019-02-04,09:45,-1,REV,0.0079
ES,2019-02-05,09:45,1,RANGE,0.1373
ES,2019-02-06,09:45,1,RANGE,-0.1248
ES,2019-02-07,09:45,-1,RANGE,-0.6553
ES,2019-02-08,09:45,1,CONT,-0.4864
ES,2019-02-11,09:45,-1,RANGE,0.232
ES,2019-02-12,09:45,1,CONT,0.6073
ES,2019-02-13,09:45,1,RANGE,0.3003
ES,2019-02-14,09:45,-1,FADE,-0.4155
ES,2019-02-15,09:45,1,RANGE,0.6613
ES,2019-02-19,09:45,1,CONT,-0.4216
ES,2019-02-20,09:45,0,,-0.0276
ES,2019-02-21,09:45,-1,RANGE,-0.3175
ES,2019-02-22,09:45,-1,REV,0.25
ES,2019-02-25,09:45,1,FADE,0.6099
ES,2019-02-26,09:45,1,RANGE,-0.2045
ES,2019-02-27,09:45,1,FADE,-0.3421
ES,2019-02-28,09:45,1,RANGE,-0.1547
ES,2019-03-01,09:45,1,FADE,0.8671
ES,2019-03-04,09:45,1,FADE,0.5055
ES,2019-03-05,09:45,-1,RANGE,0.0654
ES,2019-03-06,09:45,-1,CONT,0.0219
ES,2019-03-07,09:45,-1,RANGE,-0.2474
ES,2019-03-08,09:45,-1,REV,-0.751
ES,2019-03-11,09:45,1,CONT,0.3231
ES,2019-03-12,09:45,1,RANGE,0.2315
ES,2019-03-13,09:45,1,RANGE,0.4543
ES,2019-03-14,09:45,-1,RANGE,-0.0324
ES,2019-03-15,09:45,1,RANGE,0.235
ES,2019-03-18,09:45,1,RANGE,0.0797
ES,2019-03-19,09:45,-1,FADE,0.5022
ES,2019-03-20,09:45,-1,RANGE,-0.1534
ES,2019-03-21,09:45,1,CONT,-0.3926
ES,2019-03-22,09:45,1,REV,-0.6253
ES,2019-03-25,09:45,1,RANGE,-0.1597
ES,2019-03-26,09:45,1,RANGE,0.7179
ES,2019-03-27,09:45,1,RANGE,0.0361
ES,2019-03-28,09:45,1,RANGE,0.1926
ES,2019-03-29,09:45,-1,FADE,0.5417
ES,2019-04-01,09:45,-1,REV,0.7257
ES,2019-04-02,09:45,-1,RANGE,0.0266
ES,2019-04-03,09:45,-1,FADE,0.4717
ES,2019-04-04,09:45,1,RANGE,0.0804
ES,2019-04-05,09:45,0,,0.2588
ES,2019-04-08,09:45,-1,RANGE,-0.1785
ES,2019-04-09,09:45,-1,RANGE,-0.4541
ES,2019-04-10,09:45,1,RANGE,0.156
ES,2019-04-11,09:45,-1,RANGE,0.182
ES,2019-04-12,09:45,1,RANGE,0.7164
ES,2019-04-15,09:45,-1,RANGE,0.0101
ES,2019-04-16,09:45,1,FADE,0.3737
ES,2019-04-17,09:45,-1,FADE,0.468
ES,2019-04-18,09:45,-1,FADE,0.2533
ES,2019-04-22,09:45,1,FADE,-0.3829
ES,2019-04-23,09:45,1,CONT,0.1866
ES,2019-04-24,09:45,-1,RANGE,-0.0371
ES,2019-04-25,09:45,-1,RANGE,-0.0781
ES,2019-04-26,09:45,-1,RANGE,0.0
ES,2019-04-29,09:45,1,RANGE,0.0136
ES,2019-04-30,09:45,-1,RANGE,-0.1959
ES,2019-05-01,09:45,-1,CONT,0.4335
ES,2019-05-02,09:45,1,RANGE,-0.1093
ES,2019-05-03,09:45,0,,0.7947
ES,2019-05-06,09:45,1,FADE,-2.4555
ES,2019-05-07,09:45,1,RANGE,-1.3008
ES,2019-05-08,09:45,1,RANGE,-0.2158
ES,2019-05-09,09:45,-1,FADE,-0.9781
ES,2019-05-10,09:45,1,FADE,-0.4105
ES,2019-05-13,09:45,1,RANGE,-1.9827
ES,2019-05-14,09:45,1,RANGE,0.314
ES,2019-05-15,09:45,1,FADE,-0.5263
ES,2019-05-16,09:45,1,RANGE,0.1946
ES,2019-05-17,09:45,1,FADE,-0.7045
ES,2019-05-20,09:45,-1,RANGE,-0.5149
ES,2019-05-21,09:45,0,,0.4847
ES,2019-05-22,09:45,1,FADE,-0.289
ES,2019-05-23,09:45,-1,RANGE,-0.6809
ES,2019-05-24,09:45,1,FADE,0.3782
ES,2019-05-28,09:45,1,REV,-0.0259
ES,2019-05-29,09:45,-1,RANGE,-0.3234
ES,2019-05-30,09:45,1,RANGE,0.1768
ES,2019-05-31,09:45,-1,RANGE,-0.7346
ES,2019-06-03,09:45,1,RANGE,-0.0253
ES,2019-06-04,09:45,-1,REV,0.6585
ES,2019-06-05,09:45,-1,FADE,0.4711
ES,2019-06-06,09:45,-1,RANGE,0.0914
ES,2019-06-07,09:45,1,RANGE,0.3128
ES,2019-06-10,09:45,1,RANGE,0.4755
ES,2019-06-11,09:45,-1,CONT,0.5993
ES,2019-06-12,09:45,1,RANGE,-0.0825
ES,2019-06-13,09:45,1,FADE,0.306
ES,2019-06-14,09:45,-1,RANGE,-0.0082
ES,2019-06-17,09:45,-1,RANGE,0.0928
ES,2019-06-18,09:45,1,RANGE,0.6696
ES,2019-06-19,09:45,-1,RANGE,0.0681
ES,2019-06-20,09:45,-1,FADE,0.9954
ES,2019-06-21,09:45,-1,RANGE,-0.1047
ES,2019-06-24,09:45,-1,RANGE,0.0439
ES,2019-06-25,09:45,-1,CONT,0.0
ES,2019-06-26,09:45,1,FADE,0.3263
ES,2019-06-27,09:45,1,RANGE,0.2719
ES,2019-06-28,09:45,1,RANGE,0.386
ES,2019-07-01,09:45,1,RANGE,1.3695
ES,2019-07-02,09:45,-1,RANGE,-0.0094
ES,2019-07-05,09:45,-1,RANGE,-0.7217
ES,2019-07-08,09:45,-1,RANGE,-0.604
ES,2019-07-09,09:45,1,CONT,-0.6186
ES,2019-07-10,09:45,1,RANGE,0.518
ES,2019-07-11,09:45,1,FADE,0.3109
ES,2019-07-12,09:45,-1,REV,0.2545
ES,2019-07-15,09:45,-1,RANGE,0.2087
ES,2019-07-16,09:45,1,REV,-0.0582
ES,2019-07-17,09:45,-1,CONT,-0.0124
ES,2019-07-18,09:45,1,CONT,-0.3228
ES,2019-07-19,09:45,-1,CONT,0.5931
ES,2019-07-22,09:45,1,RANGE,0.2313
ES,2019-07-23,09:45,-1,FADE,0.5911
ES,2019-07-24,09:45,1,CONT,-0.3963
ES,2019-07-25,09:45,-1,RANGE,-0.221
ES,2019-07-26,09:45,1,CONT,0.3846
ES,2019-07-29,09:45,-1,RANGE,-0.0359
ES,2019-07-30,09:45,1,FADE,-0.8056
ES,2019-07-31,09:45,-1,CONT,0.0764
ES,2019-08-01,09:45,1,RANGE,0.0817
ES,2019-08-02,09:45,-1,RANGE,-0.424
ES,2019-08-05,09:45,-1,CONT,-1.8623
ES,2019-08-06,09:45,1,FADE,0.6224
ES,2019-08-07,09:45,-1,FADE,-1.1165
ES,2019-08-08,09:45,1,CONT,0.4637
ES,2019-08-09,09:45,1,RANGE,-0.293
ES,2019-08-12,09:45,-1,RANGE,-0.455
ES,2019-08-13,09:45,1,RANGE,-0.0984
ES,2019-08-14,09:45,-1,CONT,-1.0961
ES,2019-08-15,09:45,-1,RANGE,0.204
ES,2019-08-16,09:45,1,RANGE,0.3992
ES,2019-08-19,09:45,-1,RANGE,0.7412
ES,2019-08-20,09:45,-1,RANGE,-0.1235
ES,2019-08-21,09:45,1,RANGE,0.5241
ES,2019-08-22,09:45,1,RANGE,0.1648
ES,2019-08-23,09:45,1,REV,-0.2888
ES,2019-08-26,09:45,-1,RANGE,0.4838
ES,2019-08-27,09:45,-1,CONT,0.3017
ES,2019-08-28,09:45,1,RANGE,-0.1363
ES,2019-08-29,09:45,1,RANGE,0.5422
ES,2019-08-30,09:45,-1,CONT,0.3301
ES,2019-09-03,09:45,1,RANGE,0.1135
ES,2019-09-04,09:45,-1,RANGE,0.5223
ES,2019-09-05,09:45,1,RANGE,0.635
ES,2019-09-06,09:45,-1,RANGE,0.0866
ES,2019-09-09,09:45,-1,FADE,0.256
ES,2019-09-10,09:45,-1,RANGE,-0.1964
ES,2019-09-11,09:45,-1,REV,0.065
ES,2019-09-12,09:45,-1,FADE,0.2546
ES,2019-09-13,09:45,1,RANGE,0.2013
ES,2019-09-16,09:45,1,RANGE,-0.3766
ES,2019-09-17,09:45,1,CONT,-0.0627
ES,2019-09-18,09:45,-1,RANGE,-0.1437
ES,2019-09-19,09:45,1,RANGE,0.1274
ES,2019-09-20,09:45,1,REV,0.2206
ES,2019-09-23,09:45,1,RANGE,-0.2178
ES,2019-09-24,09:45,1,REV,0.4291
ES,2019-09-25,09:45,-1,RANGE,0.0365
ES,2019-09-26,09:45,-1,RANGE,0.0
ES,2019-09-27,09:45,-1,FADE,0.3218
ES,2019-09-30,09:45,1,RANGE,0.2302
ES,2019-10-01,09:45,1,REV,0.339
ES,2019-10-02,09:45,-1,CONT,-0.6128
ES,2019-10-03,09:45,1,RANGE,-0.0922
ES,2019-10-04,09:45,1,CONT,0.248
ES,2019-10-07,09:45,-1,FADE,-0.292
ES,2019-10-08,09:45,-1,RANGE,-0.674
ES,2019-10-09,09:45,-1,RANGE,0.6642
ES,2019-10-10,09:45,1,RANGE,-0.0297
ES,2019-10-11,09:45,1,RANGE,0.8756
ES,2019-10-14,09:45,-1,RANGE,-0.0965
ES,2019-10-15,09:45,1,RANGE,0.3056
ES,2019-10-16,09:45,1,RANGE,-0.1611
ES,2019-10-17,09:45,1,FADE,0.3229
ES,2019-10-18,09:45,1,RANGE,-0.1654
ES,2019-10-21,09:45,1,RANGE,0.4046
ES,2019-10-22,09:45,1,REV,0.1454
ES,2019-10-23,09:45,1,RANGE,-0.0941
ES,2019-10-24,09:45,-1,FADE,0.307
ES,2019-10-25,09:45,1,CONT,-0.2121
ES,2019-10-28,09:45,1,RANGE,0.3816
ES,2019-10-29,09:45,1,RANGE,-0.1169
ES,2019-10-30,09:45,-1,RANGE,0.075
ES,2019-10-31,09:45,-1,RANGE,-0.0358
ES,2019-11-01,09:45,1,RANGE,0.5969
ES,2019-11-04,09:45,-1,RANGE,0.6511
ES,2019-11-05,09:45,-1,RANGE,0.0985
ES,2019-11-06,09:45,-1,RANGE,0.0212
ES,2019-11-07,09:45,1,RANGE,0.6236
ES,2019-11-08,09:45,1,RANGE,-0.2048
ES,2019-11-11,09:45,1,RANGE,-0.7926
ES,2019-11-12,09:45,1,RANGE,0.1706
ES,2019-11-13,09:45,1,CONT,-0.5488
ES,2019-11-14,09:45,1,RANGE,-0.201
ES,2019-11-15,09:45,-1,RANGE,0.7323
ES,2019-11-18,09:45,-1,RANGE,-0.1646
ES,2019-11-19,09:45,-1,FADE,0.3377
ES,2019-11-20,09:45,1,FADE,-0.3285
ES,2019-11-21,09:45,-1,RANGE,0.0127
ES,2019-11-22,09:45,-1,FADE,0.3932
ES,2019-11-25,09:45,1,RANGE,0.5091
ES,2019-11-26,09:45,-1,RANGE,0.026
ES,2019-11-27,09:45,-1,REV,0.287
ES,2019-12-02,09:45,-1,RANGE,0.0598
ES,2019-12-03,09:45,-1,RANGE,-1.694
ES,2019-12-04,09:45,1,RANGE,0.625
ES,2019-12-05,09:45,-1,FADE,0.3659
ES,2019-12-06,09:45,1,RANGE,1.0634
ES,2019-12-09,09:45,1,RANGE,-0.1981
ES,2019-12-10,09:45,-1,RANGE,-0.025
ES,2019-12-11,09:45,1,FADE,0.2508
ES,2019-12-12,09:45,1,RANGE,-0.0128
ES,2019-12-13,09:45,1,RANGE,0.0121
ES,2019-12-16,09:45,1,RANGE,0.9194
ES,2019-12-17,09:45,-1,RANGE,0.1835
ES,2019-12-18,09:45,1,RANGE,0.2094
ES,2019-12-19,09:45,1,CONT,0.0612
ES,2019-12-20,09:45,-1,RANGE,0.5412
ES,2019-12-23,09:45,-1,FADE,0.3157
ES,2019-12-26,09:45,1,CONT,0.1415
ES,2019-12-27,09:45,-1,FADE,0.4095
ES,2019-12-30,09:45,-1,RANGE,0.0
ES,2019-12-31,09:45,1,FADE,-0.2768
ES,2020-01-02,09:45,1,RANGE,0.8375
ES,2020-01-03,09:45,1,RANGE,-1.9271
ES,2020-01-06,09:45,1,CONT,-0.9987
ES,2020-01-07,09:45,-1,FADE,-0.3392
ES,2020-01-08,09:45,1,RANGE,0.0887
ES,2020-01-09,09:45,-1,RANGE,0.8369
ES,2020-01-10,09:45,-1,CONT,0.3112
ES,2020-01-13,09:45,1,CONT,0.338
ES,2020-01-14,09:45,-1,RANGE,-0.2299
ES,2020-01-15,09:45,1,RANGE,-0.0495
ES,2020-01-16,09:45,1,CONT,0.727
ES,2020-01-17,09:45,-1,FADE,0.3783
ES,2020-01-21,09:45,1,FADE,-0.4281
ES,2020-01-22,09:45,1,FADE,0.4588
ES,2020-01-23,09:45,-1,FADE,-0.386
ES,2020-01-24,09:45,-1,CONT,0.288
ES,2020-01-27,09:45,1,RANGE,-2.4588
ES,2020-01-28,09:45,-1,RANGE,0.6108
ES,2020-01-29,09:45,-1,FADE,0.534
ES,2020-01-30,09:45,1,CONT,-0.8756
ES,2020-01-31,09:45,-1,CONT,-0.2627
ES,2020-02-03,09:45,1,RANGE,0.5734
ES,2020-02-04,09:45,1,RANGE,1.3283
ES,2020-02-05,09:45,-1,RANGE,1.0027
ES,2020-02-06,09:45,-1,FADE,0.3248
ES,2020-02-07,09:45,-1,RANGE,-0.3609
ES,2020-02-10,09:45,1,FADE,-0.3213
ES,2020-02-11,09:45,-1,FADE,0.4535
ES,2020-02-12,09:45,1,RANGE,0.4804
ES,2020-02-13,09:45,1,FADE,-0.4834
ES,2020-02-14,09:45,-1,RANGE,0.0983
ES,2020-02-18,09:45,1,RANGE,-0.5856
ES,2020-02-19,09:45,1,RANGE,0.3139
ES,2020-02-20,09:45,1,RANGE,-0.181
ES,2020-02-21,09:45,-1,RANGE,-0.4127
ES,2020-02-24,09:45,1,RANGE,-2.9501
ES,2020-02-25,09:45,-1,CONT,0.3904
ES,2020-02-26,09:45,1,FADE,0.3393
ES,2020-02-27,09:45,-1,CONT,-1.3675
ES,2020-02-28,09:45,1,FADE,-1.7512
ES,2020-03-02,09:45,-1,REV,0.3174
ES,2020-03-03,09:45,-1,RANGE,0.069
ES,2020-03-04,09:45,-1,REV,0.9132
ES,2020-03-05,09:45,1,RANGE,-1.1828
ES,2020-03-06,09:45,1,RANGE,-1.2691
ES,2020-03-10,09:45,-1,FADE,1.1681
ES,2020-03-11,09:45,-1,RANGE,-0.823
ES,2020-03-13,09:45,-1,FADE,1.316
ES,2020-03-17,09:45,-1,FADE,0.3708
ES,2020-03-18,09:45,1,RANGE,-1.1729
ES,2020-03-19,09:45,-1,RANGE,-0.1094
ES,2020-03-20,09:45,-1,CONT,0.1327
ES,2020-03-23,09:45,-1,RANGE,-0.0271
ES,2020-03-24,09:45,-1,REV,0.7436
ES,2020-03-25,09:45,1,RANGE,0.0613
ES,2020-03-26,09:45,1,RANGE,0.1427
ES,2020-03-27,09:45,-1,FADE,-0.4382
ES,2020-03-30,09:45,-1,REV,0.1128
ES,2020-03-31,09:45,-1,RANGE,-0.0635
ES,2020-04-01,09:45,1,RANGE,-0.5456
ES,2020-04-02,09:45,1,CONT,-0.0452
ES,2020-04-03,09:45,1,RANGE,-0.0716
ES,2020-04-06,09:45,0,,0.5557
ES,2020-04-07,09:45,-1,FADE,0.5503
ES,2020-04-08,09:45,0,,0.1682
ES,2020-04-09,09:45,1,RANGE,0.2136
ES,2020-04-13,09:45,-1,RANGE,-0.0737
ES,2020-04-14,09:45,1,RANGE,0.3779
ES,2020-04-15,09:45,-1,RANGE,-0.4898
ES,2020-04-16,09:45,-1,RANGE,0.1092
ES,2020-04-17,09:45,-1,RANGE,0.5366
ES,2020-04-20,09:45,1,FADE,-0.3755
ES,2020-04-21,09:45,-1,CONT,-0.4632
ES,2020-04-22,09:45,-1,RANGE,0.5118
ES,2020-04-23,09:45,1,RANGE,0.1326
ES,2020-04-24,09:45,-1,RANGE,0.1843
ES,2020-04-27,09:45,-1,RANGE,0.2416
ES,2020-04-28,09:45,-1,CONT,0.465
ES,2020-04-29,09:45,-1,RANGE,0.6904
ES,2020-04-30,09:45,-1,RANGE,-0.1787
ES,2020-05-01,09:45,-1,RANGE,-0.6424
ES,2020-05-04,09:45,-1,FADE,-0.2507
ES,2020-05-05,09:45,1,RANGE,0.3873
ES,2020-05-06,09:45,-1,FADE,0.2622
ES,2020-05-07,09:45,1,RANGE,0.5034
ES,2020-05-08,09:45,-1,RANGE,0.514
ES,2020-05-11,09:45,1,FADE,-0.3259
ES,2020-05-12,09:45,-1,CONT,0.1998
ES,2020-05-13,09:45,-1,RANGE,-0.0872
ES,2020-05-14,09:45,-1,REV,-0.4293
ES,2020-05-15,09:45,1,FADE,-0.4032
ES,2020-05-18,09:45,1,RANGE,1.0711
ES,2020-05-19,09:45,-1,RANGE,-0.0984
ES,2020-05-20,09:45,1,RANGE,0.6031
ES,2020-05-21,09:45,1,RANGE,-0.0321
ES,2020-05-22,09:45,-1,RANGE,-0.0364
ES,2020-05-26,09:45,-1,CONT,0.4483
ES,2020-05-27,09:45,-1,FADE,0.5091
ES,2020-05-28,09:45,-1,RANGE,0.2142
ES,2020-05-29,09:45,-1,RANGE,-0.0918
ES,2020-06-01,09:45,1,RANGE,-0.0993
ES,2020-06-02,09:45,-1,RANGE,0.1738
ES,2020-06-03,09:45,1,CONT,0.389
ES,2020-06-04,09:45,1,RANGE,-0.2141
ES,2020-06-05,09:45,1,RANGE,1.1242
ES,2020-06-08,09:45,1,CONT,0.1852
ES,2020-06-09,09:45,1,RANGE,-0.5329
ES,2020-06-10,09:45,-1,RANGE,0.1123
ES,2020-06-11,09:45,-1,CONT,-1.4838
ES,2020-06-12,09:45,1,FADE,1.3425
ES,2020-06-15,09:45,1,CONT,-1.229
ES,2020-06-16,09:45,-1,FADE,1.4232
ES,2020-06-17,09:45,-1,RANGE,0.1851
ES,2020-06-18,09:45,1,FADE,-0.2626
ES,2020-06-19,09:45,-1,CONT,0.6339
ES,2020-06-22,09:45,-1,RANGE,-0.0876
ES,2020-06-23,09:45,1,RANGE,0.4489
ES,2020-06-24,09:45,1,REV,-0.3525
ES,2020-06-25,09:45,-1,RANGE,-0.0965
ES,2020-06-26,09:45,-1,RANGE,-0.175
ES,2020-06-29,09:45,-1,RANGE,0.2015
ES,2020-06-30,09:45,1,CONT,-0.077
ES,2020-07-01,09:45,1,RANGE,0.0823
ES,2020-07-02,09:45,1,RANGE,0.5422
ES,2020-07-06,09:45,-1,RANGE,0.7375
ES,2020-07-07,09:45,1,RANGE,-0.2464
ES,2020-07-08,09:45,1,RANGE,0.1286
ES,2020-07-09,09:45,-1,RANGE,0.1063
ES,2020-07-10,09:45,1,CONT,-0.0294
ES,2020-07-13,09:45,-1,CONT,0.4449
ES,2020-07-14,09:45,1,CONT,-0.2941
ES,2020-07-15,09:45,1,FADE,0.6415
ES,2020-07-16,09:45,1,RANGE,-0.3828
ES,2020-07-17,09:45,-1,RANGE,0.1914
ES,2020-07-20,09:45,-1,REV,-0.0522
ES,2020-07-21,09:45,-1,FADE,0.3982
ES,2020-07-22,09:45,1,RANGE,-0.0718
ES,2020-07-23,09:45,1,REV,-0.072
ES,2020-07-24,09:45,-1,RANGE,-0.4091
ES,2020-07-27,09:45,1,RANGE,0.1734
ES,2020-07-28,09:45,1,RANGE,-0.1622
ES,2020-07-29,09:45,1,CONT,0.2038
ES,2020-07-30,09:45,-1,FADE,-0.7316
ES,2020-07-31,09:45,-1,FADE,0.4327
ES,2020-08-03,09:45,-1,RANGE,0.3933
ES,2020-08-04,09:45,1,RANGE,-0.1973
ES,2020-08-05,09:45,1,RANGE,0.3284
ES,2020-08-06,09:45,1,CONT,-0.1462
ES,2020-08-07,09:45,1,FADE,-0.255
ES,2020-08-10,09:45,1,RANGE,0.1318
ES,2020-08-11,09:45,1,REV,0.3585
ES,2020-08-12,09:45,1,RANGE,0.714
ES,2020-08-13,09:45,1,RANGE,-0.2248
ES,2020-08-14,09:45,1,RANGE,-0.1164
ES,2020-08-17,09:45,1,RANGE,0.3059
ES,2020-08-18,09:45,1,RANGE,0.1306
ES,2020-08-19,09:45,-1,CONT,0.1241
ES,2020-08-20,09:45,1,FADE,-0.5523
ES,2020-08-21,09:45,0,,-0.1051
ES,2020-08-24,09:45,-1,RANGE,0.8224
ES,2020-08-25,09:45,-1,RANGE,0.1895
ES,2020-08-26,09:45,-1,REV,0.1996
ES,2020-08-27,09:45,-1,FADE,0.2951
ES,2020-08-28,09:45,-1,FADE,0.3698
ES,2020-08-31,09:45,1,RANGE,-0.0756
ES,2020-09-01,09:45,-1,FADE,0.3064
ES,2020-09-02,09:45,-1,RANGE,0.7089
ES,2020-09-03,09:45,-1,CONT,-0.5797
ES,2020-09-04,09:45,1,RANGE,0.185
ES,2020-09-08,09:45,-1,RANGE,-1.5749
ES,2020-09-09,09:45,-1,RANGE,0.9455
ES,2020-09-10,09:45,1,REV,0.4408
ES,2020-09-11,09:45,-1,RANGE,0.1627
ES,2020-09-14,09:45,1,RANGE,0.6484
ES,2020-09-15,09:45,1,FADE,0.4888
ES,2020-09-16,09:45,-1,CONT,0.2511
ES,2020-09-17,09:45,1,FADE,-0.9419
ES,2020-09-18,09:45,-1,CONT,0.1343
ES,2020-09-21,09:45,-1,RANGE,-0.823
ES,2020-09-22,09:45,-1,RANGE,0.2454
ES,2020-09-23,09:45,1,REV,0.085
ES,2020-09-24,09:45,-1,RANGE,-0.2151
ES,2020-09-25,09:45,1,CONT,-0.1372
ES,2020-09-28,09:45,-1,RANGE,0.6324
ES,2020-09-29,09:45,-1,RANGE,-0.0304
ES,2020-09-30,09:45,1,RANGE,0.0948
ES,2020-10-01,09:45,1,FADE,0.3766
ES,2020-10-02,09:45,1,FADE,-0.7869
ES,2020-10-05,09:45,1,CONT,0.3413
ES,2020-10-06,09:45,-1,CONT,0.0263
ES,2020-10-07,09:45,1,CONT,0.4914
ES,2020-10-08,09:45,-1,RANGE,0.3364
ES,2020-10-09,09:45,1,RANGE,0.3092
ES,2020-10-12,09:45,-1,RANGE,0.4708
ES,2020-10-13,09:45,-1,CONT,-0.025
ES,2020-10-14,09:45,1,RANGE,0.0962
ES,2020-10-15,09:45,1,CONT,-0.7259
ES,2020-10-16,09:45,-1,RANGE,0.2397
ES,2020-10-19,09:45,1,REV,0.2393
ES,2020-10-20,09:45,1,RANGE,0.2452
ES,2020-10-21,09:45,1,RANGE,-0.0088
ES,2020-10-22,09:45,1,RANGE,0.0509
ES,2020-10-23,09:45,-1,RANGE,0.2365
ES,2020-10-26,09:45,-1,RANGE,-0.7256
ES,2020-10-27,09:45,-1,RANGE,0.0526
ES,2020-10-28,09:45,1,RANGE,-1.2032
ES,2020-10-29,09:45,-1,RANGE,0.0364
ES,2020-10-30,09:45,-1,FADE,-0.3192
ES,2020-11-02,09:45,-1,FADE,0.6339
ES,2020-11-03,09:45,1,RANGE,0.6097
ES,2020-11-04,09:45,1,RANGE,0.8583
ES,2020-11-05,09:45,1,RANGE,0.9443
ES,2020-11-06,09:45,-1,RANGE,-0.0513
ES,2020-11-09,09:45,-1,CONT,2.1833
ES,2020-11-10,09:45,-1,RANGE,-0.1676
ES,2020-11-11,09:45,-1,RANGE,0.3395
ES,2020-11-12,09:45,-1,RANGE,-0.1491
ES,2020-11-13,09:45,1,CONT,0.2972
ES,2020-11-16,09:45,-1,RANGE,0.4283
ES,2020-11-17,09:45,-1,FADE,-0.3841
ES,2020-11-18,09:45,1,REV,0.0341
ES,2020-11-19,09:45,-1,RANGE,-0.1006
ES,2020-11-20,09:45,1,RANGE,-0.0374
ES,2020-11-23,09:45,1,FADE,0.2928
ES,2020-11-24,09:45,-1,REV,0.4255
ES,2020-11-25,09:45,-1,RANGE,-0.0114
ES,2020-11-30,09:45,-1,RANGE,-0.156
ES,2020-12-01,09:45,1,RANGE,0.6597
ES,2020-12-02,09:45,-1,RANGE,-0.2281
ES,2020-12-03,09:45,1,RANGE,-0.0209
ES,2020-12-04,09:45,1,RANGE,0.1281
ES,2020-12-07,09:45,1,RANGE,-0.1852
ES,2020-12-08,09:45,1,CONT,-0.3707
ES,2020-12-09,09:45,1,REV,0.1856
ES,2020-12-10,09:45,1,FADE,-0.396
ES,2020-12-11,09:45,-1,RANGE,-0.706
ES,2020-12-14,09:45,1,REV,0.6445
ES,2020-12-15,09:45,-1,RANGE,0.7638
ES,2020-12-16,09:45,-1,RANGE,0.0862
ES,2020-12-17,09:45,-1,RANGE,0.4629
ES,2020-12-18,09:45,-1,RANGE,0.0709
ES,2020-12-21,09:45,1,FADE,-1.2335
ES,2020-12-22,09:45,-1,RANGE,0.0594
ES,2020-12-23,09:45,1,FADE,0.2787
ES,2020-12-28,09:45,-1,RANGE,0.8304
ES,2020-12-29,09:45,-1,FADE,0.4478
ES,2020-12-30,09:45,1,RANGE,0.221
ES,2020-12-31,09:45,-1,RANGE,-0.0513
ES,2021-01-04,09:45,-1,CONT,0.4129
ES,2021-01-05,09:45,1,RANGE,-0.2075
ES,2021-01-06,09:45,1,FADE,-0.3955
ES,2021-01-07,09:45,1,RANGE,0.6003
ES,2021-01-08,09:45,1,FADE,0.3435
ES,2021-01-11,09:45,1,FADE,-0.7905
ES,2021-01-12,09:45,-1,RANGE,0.0173
ES,2021-01-13,09:45,-1,RANGE,-0.0349
ES,2021-01-14,09:45,1,REV,0.1851
ES,2021-01-15,09:45,1,RANGE,-0.4587
ES,2021-01-19,09:45,-1,FADE,0.4762
ES,2021-01-20,09:45,1,CONT,0.6183
ES,2021-01-21,09:45,-1,RANGE,0.1617
ES,2021-01-22,09:45,1,FADE,-0.5014
ES,2021-01-25,09:45,1,RANGE,0.2067
ES,2021-01-26,09:45,-1,RANGE,0.2306
ES,2021-01-27,09:45,-1,RANGE,-0.8814
ES,2021-01-28,09:45,1,RANGE,0.3986
ES,2021-01-29,09:45,-1,CONT,-0.4051
ES,2021-02-01,09:45,-1,RANGE,0.6915
ES,2021-02-02,09:45,1,RANGE,0.691
ES,2021-02-03,09:45,-1,RANGE,0.1708
ES,2021-02-04,09:45,1,CONT,0.2096
ES,2021-02-05,09:45,-1,FADE,0.4226
ES,2021-02-08,09:45,1,RANGE,0.3362
ES,2021-02-09,09:45,-1,RANGE,-0.1989
ES,2021-02-10,09:45,-1,FADE,0.4057
ES,2021-02-11,09:45,-1,RANGE,0.2476
ES,2021-02-12,09:45,1,CONT,-0.2032
ES,2021-02-16,09:45,1,REV,-0.1612
ES,2021-02-17,09:45,1,FADE,-0.4229
ES,2021-02-18,09:45,-1,RANGE,-0.6462
ES,2021-02-19,09:45,-1,CONT,0.2726
ES,2021-02-22,09:45,1,FADE,-0.6436
ES,2021-02-23,09:45,-1,FADE,-0.5549
ES,2021-02-24,09:45,-1,REV,-0.2461
ES,2021-02-25,09:45,1,REV,-0.2861
ES,2021-02-26,09:45,-1,FADE,0.4153
ES,2021-03-01,09:45,1,CONT,1.13
ES,2021-03-02,09:45,-1,RANGE,0.0614
ES,2021-03-03,09:45,-1,RANGE,-0.1748
ES,2021-03-04,09:45,1,RANGE,-0.0569
ES,2021-03-05,09:45,-1,FADE,0.7083
ES,2021-03-08,09:45,1,RANGE,0.1881
ES,2021-03-09,09:45,1,RANGE,0.6968
ES,2021-03-10,09:45,1,RANGE,0.419
ES,2021-03-11,09:45,-1,RANGE,0.4327
ES,2021-03-12,09:45,1,FADE,-0.3685
ES,2021-03-15,09:45,-1,RANGE,0.0357
ES,2021-03-16,09:45,1,RANGE,0.0893
ES,2021-03-17,09:45,1,RANGE,-0.222
ES,2021-03-18,09:45,1,FADE,-0.4273
ES,2021-03-19,09:45,-1,RANGE,-0.057
ES,2021-03-22,09:45,1,CONT,0.0902
ES,2021-03-23,09:45,1,RANGE,-0.1005
ES,2021-03-24,09:45,1,REV,0.2339
ES,2021-03-25,09:45,-1,RANGE,-0.2332
ES,2021-03-26,09:45,1,CONT,0.2054
ES,2021-03-29,09:45,1,RANGE,-0.247
ES,2021-03-30,09:45,-1,RANGE,-0.2397
ES,2021-03-31,09:45,1,RANGE,0.0864
ES,2021-04-01,09:45,1,CONT,0.3393
ES,2021-04-05,09:45,1,RANGE,0.5449
ES,2021-04-06,09:45,1,RANGE,-0.1102
ES,2021-04-07,09:45,1,RANGE,-0.0262
ES,2021-04-08,09:45,-1,RANGE,0.2988
ES,2021-04-09,09:45,1,CONT,-0.0347
ES,2021-04-12,09:45,1,RANGE,-0.1552
ES,2021-04-13,09:45,-1,RANGE,-0.0304
ES,2021-04-14,09:45,1,RANGE,-0.0062
ES,2021-04-15,09:45,1,CONT,0.541
ES,2021-04-16,09:45,-1,FADE,0.3491
ES,2021-04-19,09:45,1,RANGE,-0.2762
ES,2021-04-20,09:45,1,RANGE,-0.3727
ES,2021-04-21,09:45,1,CONT,-0.1929
ES,2021-04-22,09:45,-1,CONT,-0.0398
ES,2021-04-23,09:45,1,CONT,0.1453
ES,2021-04-26,09:45,1,RANGE,0.1999
ES,2021-04-27,09:45,-1,RANGE,0.0788
ES,2021-04-28,09:45,-1,RANGE,0.0886
ES,2021-04-29,09:45,-1,FADE,0.8728
ES,2021-04-30,09:45,1,RANGE,-0.697
ES,2021-05-03,09:45,-1,FADE,0.6215
ES,2021-05-04,09:45,-1,RANGE,-0.6753
ES,2021-05-05,09:45,-1,FADE,0.4965
ES,2021-05-06,09:45,-1,RANGE,0.0359
ES,2021-05-07,09:45,1,RANGE,0.2325
ES,2021-05-10,09:45,-1,CONT,0.109
ES,2021-05-11,09:45,1,RANGE,-1.2929
ES,2021-05-12,09:45,1,REV,-0.7425
ES,2021-05-13,09:45,1,RANGE,0.3613
ES,2021-05-14,09:45,1,CONT,0.6496
ES,2021-05-17,09:45,1,FADE,-0.2554
ES,2021-05-18,09:45,-1,CONT,0.0523
ES,2021-05-19,09:45,1,CONT,-1.0761
ES,2021-05-20,09:45,1,CONT,0.1906
ES,2021-05-21,09:45,1,FADE,0.3293
ES,2021-05-24,09:45,1,RANGE,0.4999
ES,2021-05-25,09:45,-1,CONT,0.2377
ES,2021-05-26,09:45,-1,RANGE,0.1149
ES,2021-05-27,09:45,1,REV,0.2153
ES,2021-05-28,09:45,-1,RANGE,0.3602
ES,2021-06-01,09:45,-1,FADE,0.7945
ES,2021-06-02,09:45,-1,RANGE,0.1581
ES,2021-06-03,09:45,-1,FADE,-0.5553
ES,2021-06-04,09:45,1,CONT,0.4356
ES,2021-06-07,09:45,-1,RANGE,0.0056
ES,2021-06-08,09:45,-1,RANGE,0.2022
ES,2021-06-09,09:45,-1,CONT,0.2209
ES,2021-06-10,09:45,1,FADE,0.3593
ES,2021-06-11,09:45,-1,RANGE,-0.093
ES,2021-06-14,09:45,-1,RANGE,0.0389
ES,2021-06-15,09:45,-1,RANGE,0.0158
ES,2021-06-16,09:45,-1,RANGE,0.0573
ES,2021-06-17,09:45,1,RANGE,-0.1681
ES,2021-06-18,09:45,1,REV,-1.2799
ES,2021-06-21,09:45,-1,RANGE,0.6281
ES,2021-06-22,09:45,-1,RANGE,-0.0083
ES,2021-06-23,09:45,1,RANGE,0.0326
ES,2021-06-24,09:45,1,RANGE,0.7365
ES,2021-06-25,09:45,-1,RANGE,0.2645
ES,2021-06-28,09:45,-1,RANGE,0.2083
ES,2021-06-29,09:45,1,RANGE,0.1273
ES,2021-06-30,09:45,1,RANGE,-0.1657
ES,2021-07-01,09:45,1,CONT,0.2581
ES,2021-07-02,09:45,-1,REV,0.4015
ES,2021-07-06,09:45,-1,RANGE,0.0702
ES,2021-07-07,09:45,1,FADE,0.2668
ES,2021-07-08,09:45,-1,RANGE,-1.9211
ES,2021-07-09,09:45,1,RANGE,0.4884
ES,2021-07-12,09:45,1,RANGE,-0.03
ES,2021-07-13,09:45,1,FADE,-0.2621
ES,2021-07-14,09:45,1,FADE,0.5275
ES,2021-07-15,09:45,-1,RANGE,-0.445
ES,2021-07-16,09:45,-1,FADE,0.3771
ES,2021-07-19,09:45,1,RANGE,-1.6315
ES,2021-07-20,09:45,1,RANGE,0.1855
ES,2021-07-21,09:45,1,RANGE,0.373
ES,2021-07-22,09:45,1,RANGE,0.0205
ES,2021-07-23,09:45,-1,REV,0.5525
ES,2021-07-26,09:45,1,CONT,-0.153
ES,2021-07-27,09:45,-1,RANGE,-0.2926
ES,2021-07-28,09:45,-1,RANGE,0.1587
ES,2021-07-29,09:45,1,RANGE,0.2495
ES,2021-07-30,09:45,1,FADE,-0.689
ES,2021-08-02,09:45,-1,CONT,0.4508
ES,2021-08-03,09:45,-1,RANGE,0.2048
ES,2021-08-04,09:45,-1,RANGE,-0.3269
ES,2021-08-05,09:45,1,CONT,0.2883
ES,2021-08-06,09:45,1,RANGE,0.0884
ES,2021-08-09,09:45,-1,RANGE,-0.0199
ES,2021-08-10,09:45,1,RANGE,0.114
ES,2021-08-11,09:45,-1,FADE,0.3123
ES,2021-08-12,09:45,-1,RANGE,-0.0348
ES,2021-08-13,09:45,-1,RANGE,0.1409
ES,2021-08-16,09:45,-1,FADE,-0.4046
ES,2021-08-17,09:45,1,RANGE,-0.9113
ES,2021-08-18,09:45,1,REV,-0.3832
ES,2021-08-19,09:45,1,FADE,-0.9597
ES,2021-08-20,09:45,1,RANGE,0.1001
ES,2021-08-23,09:45,1,RANGE,0.5768
ES,2021-08-24,09:45,1,RANGE,0.2007
ES,2021-08-25,09:45,-1,RANGE,0.0629
ES,2021-08-26,09:45,-1,RANGE,-0.0964
ES,2021-08-27,09:45,1,RANGE,0.2741
ES,2021-08-30,09:45,-1,RANGE,0.2599
ES,2021-08-31,09:45,-1,RANGE,-0.0239
ES,2021-09-01,09:45,-1,FADE,0.3126
ES,2021-09-02,09:45,1,FADE,0.5144
ES,2021-09-03,09:45,1,FADE,-0.4423
ES,2021-09-07,09:45,-1,RANGE,-0.4711
ES,2021-09-08,09:45,1,RANGE,-0.2161
ES,2021-09-09,09:45,1,RANGE,-0.0891
ES,2021-09-10,09:45,-1,CONT,0.3649
ES,2021-09-13,09:45,-1,FADE,0.9147
ES,2021-09-14,09:45,-1,FADE,0.4565
ES,2021-09-15,09:45,-1,REV,0.1103
ES,2021-09-16,09:45,-1,RANGE,-0.1783
ES,2021-09-17,09:45,-1,RANGE,-0.2628
ES,2021-09-20,09:45,1,RANGE,-1.9518
ES,2021-09-21,09:45,1,FADE,0.6593
ES,2021-09-22,09:45,-1,RANGE,0.6037
ES,2021-09-23,09:45,1,RANGE,0.48
ES,2021-09-24,09:45,1,FADE,-0.3879
ES,2021-09-27,09:45,-1,FADE,-0.2766
ES,2021-09-28,09:45,-1,RANGE,-0.7095
ES,2021-09-29,09:45,-1,FADE,0.3025
ES,2021-09-30,09:45,-1,CONT,0.3232
ES,2021-10-01,09:45,-1,FADE,0.3591
ES,2021-10-04,09:45,-1,RANGE,-0.2259
ES,2021-10-05,09:45,-1,RANGE,0.2694
ES,2021-10-06,09:45,1,CONT,-0.6416
ES,2021-10-07,09:45,1,RANGE,0.5639
ES,2021-10-08,09:45,-1,RANGE,0.1308
ES,2021-10-11,09:45,1,RANGE,-0.1141
ES,2021-10-12,09:45,-1,RANGE,0.1619
ES,2021-10-13,09:45,-1,RANGE,0.1768
ES,2021-10-14,09:45,1,RANGE,0.6601
ES,2021-10-15,09:45,-1,RANGE,0.3696
ES,2021-10-18,09:45,1,FADE,-0.3159
ES,2021-10-19,09:45,-1,RANGE,0.2909
ES,2021-10-20,09:45,1,RANGE,0.0703
ES,2021-10-21,09:45,-1,REV,-0.1278
ES,2021-10-22,09:45,1,RANGE,-0.0952
ES,2021-10-25,09:45,-1,RANGE,0.2188
ES,2021-10-26,09:45,1,FADE,0.3052
ES,2021-10-27,09:45,1,RANGE,0.0853
ES,2021-10-28,09:45,1,RANGE,0.3162
ES,2021-10-29,09:45,1,CONT,-0.4991
ES,2021-11-01,09:45,-1,RANGE,0.2353
ES,2021-11-02,09:45,1,RANGE,0.0233
ES,2021-11-03,09:45,-1,REV,-0.1414
ES,2021-11-04,09:45,1,RANGE,0.1472
ES,2021-11-05,09:45,1,FADE,0.6456
ES,2021-11-08,09:45,-1,FADE,0.3148
ES,2021-11-09,09:45,-1,RANGE,0.1128
ES,2021-11-10,09:45,1,FADE,-0.5117
ES,2021-11-11,09:45,-1,FADE,0.4301
ES,2021-11-12,09:45,-1,FADE,0.4008
ES,2021-11-15,09:45,-1,FADE,0.4295
ES,2021-11-16,09:45,1,RANGE,-0.0851
ES,2021-11-17,09:45,-1,RANGE,-0.0775
ES,2021-11-18,09:45,-1,FADE,0.3424
ES,2021-11-19,09:45,1,RANGE,-0.0382
ES,2021-11-22,09:45,1,FADE,0.5841
ES,2021-11-23,09:45,1,RANGE,-0.0971
ES,2021-11-24,09:45,-1,REV,-0.6487
ES,2021-11-29,09:45,-1,RANGE,1.7588
ES,2021-11-30,09:45,0,,-0.6497
ES,2021-12-01,09:45,-1,CONT,1.301
ES,2021-12-02,09:45,1,RANGE,0.0354
ES,2021-12-03,09:45,-1,FADE,0.3321
ES,2021-12-06,09:45,-1,FADE,0.4864
ES,2021-12-07,09:45,1,RANGE,0.9536
ES,2021-12-08,09:45,-1,RANGE,0.0641
ES,2021-12-09,09:45,1,REV,-0.2241
ES,2021-12-10,09:45,-1,FADE,0.3617
ES,2021-12-13,09:45,-1,RANGE,-0.0882
ES,2021-12-14,09:45,1,FADE,-0.572
ES,2021-12-15,09:45,-1,REV,0.0
ES,2021-12-16,09:45,-1,CONT,0.2859
ES,2021-12-17,09:45,-1,FADE,-0.4664
ES,2021-12-20,09:45,-1,RANGE,-0.7588
ES,2021-12-21,09:45,-1,REV,0.4782
ES,2021-12-22,09:45,1,CONT,-0.0359
ES,2021-12-23,09:45,1,RANGE,0.1332
ES,2021-12-27,09:45,1,CONT,0.1874
ES,2021-12-28,09:45,1,RANGE,0.0594
ES,2021-12-29,09:45,1,RANGE,0.0034
ES,2021-12-30,09:45,1,RANGE,0.0578
ES,2021-12-31,09:45,1,RANGE,-0.0944
ES,2022-01-03,09:45,1,RANGE,0.2241
ES,2022-01-04,09:45,1,FADE,0.2611
ES,2022-01-05,09:45,-1,CONT,-0.0637
ES,2022-01-06,09:45,1,RANGE,-0.0913
ES,2022-01-07,09:45,1,RANGE,0.0
ES,2022-01-10,09:45,-1,FADE,-0.6196
ES,2022-01-11,09:45,-1,RANGE,-0.0423
ES,2022-01-12,09:45,-1,FADE,0.2962
ES,2022-01-13,09:45,1,REV,0.1844
ES,2022-01-14,09:45,1,FADE,-0.5778
ES,2022-01-18,09:45,-1,RANGE,-0.9192
ES,2022-01-19,09:45,1,REV,0.2805
ES,2022-01-20,09:45,1,FADE,0.3444
ES,2022-01-21,09:45,-1,RANGE,-0.204
ES,2022-01-24,09:45,-1,FADE,-0.9607
ES,2022-01-25,09:45,-1,FADE,-1.0057
ES,2022-01-26,09:45,-1,FADE,0.8476
ES,2022-01-27,09:45,1,FADE,0.5979
ES,2022-01-28,09:45,-1,REV,0.1697
ES,2022-01-31,09:45,1,RANGE,-0.0778
ES,2022-02-01,09:45,-1,RANGE,0.1072
ES,2022-02-02,09:45,-1,FADE,0.27
ES,2022-02-03,09:45,1,RANGE,-0.6835
ES,2022-02-04,09:45,1,RANGE,-0.042
ES,2022-02-07,09:45,-1,RANGE,0.0846
ES,2022-02-08,09:45,1,CONT,-0.0604
ES,2022-02-09,09:45,1,CONT,0.4595
ES,2022-02-10,09:45,1,FADE,-0.6459
ES,2022-02-11,09:45,1,REV,0.0078
ES,2022-02-14,09:45,1,RANGE,-0.0523
ES,2022-02-15,09:45,1,RANGE,0.454
ES,2022-02-16,09:45,-1,RANGE,-0.2062
ES,2022-02-17,09:45,-1,CONT,-0.3396
ES,2022-02-18,09:45,-1,RANGE,0.0201
ES,2022-02-22,09:45,1,FADE,0.3589
ES,2022-02-23,09:45,-1,CONT,0.3372
ES,2022-02-24,09:45,1,CONT,-1.2544
ES,2022-02-25,09:45,-1,REV,0.1429
ES,2022-02-28,09:45,1,CONT,-0.6355
ES,2022-03-01,09:45,1,RANGE,-0.1858
ES,2022-03-02,09:45,1,CONT,0.2695
ES,2022-03-03,09:45,-1,CONT,0.2849
ES,2022-03-04,09:45,-1,RANGE,-0.4542
ES,2022-03-07,09:45,-1,CONT,-0.079
ES,2022-03-08,09:45,1,RANGE,0.0189
ES,2022-03-09,09:45,-1,RANGE,0.9404
ES,2022-03-10,09:45,1,FADE,-0.5032
ES,2022-03-11,09:45,-1,CONT,0.176
ES,2022-03-14,09:45,1,RANGE,0.0844
ES,2022-03-15,09:45,-1,REV,0.2811
ES,2022-03-16,09:45,1,FADE,0.3877
ES,2022-03-17,09:45,1,CONT,-0.2105
ES,2022-03-18,09:45,1,CONT,-0.1748
ES,2022-03-21,09:45,1,RANGE,-0.0126
ES,2022-03-22,09:45,1,RANGE,0.144
ES,2022-03-23,09:45,-1,CONT,-0.2881
ES,2022-03-24,09:45,-1,REV,0.2256
ES,2022-03-25,09:45,-1,RANGE,0.0791
ES,2022-03-28,09:45,1,CONT,-0.0758
ES,2022-03-29,09:45,-1,RANGE,0.4828
ES,2022-03-30,09:45,-1,RANGE,-0.1565
ES,2022-03-31,09:45,-1,CONT,-0.1082
ES,2022-04-01,09:45,-1,RANGE,0.1949
ES,2022-04-04,09:45,1,RANGE,0.0411
ES,2022-04-05,09:45,1,RANGE,-0.2069
ES,2022-04-06,09:45,-1,RANGE,-0.597
ES,2022-04-07,09:45,1,RANGE,-0.1356
ES,2022-04-08,09:45,-1,RANGE,-0.1176
ES,2022-04-11,09:45,-1,CONT,-0.5374
ES,2022-04-12,09:45,1,FADE,0.4651
ES,2022-04-13,09:45,1,CONT,-0.0297
ES,2022-04-14,09:45,-1,RANGE,0.0231
ES,2022-04-18,09:45,1,RANGE,-0.1705
ES,2022-04-19,09:45,1,RANGE,-0.0359
ES,2022-04-20,09:45,-1,FADE,0.2895
ES,2022-04-21,09:45,1,REV,0.6165
ES,2022-04-22,09:45,-1,CONT,-0.1734
ES,2022-04-25,09:45,-1,FADE,-0.3643
ES,2022-04-26,09:45,-1,CONT,-0.3785
ES,2022-04-27,09:45,1,RANGE,0.1494
ES,2022-04-28,09:45,-1,FADE,0.6596
ES,2022-04-29,09:45,-1,CONT,-0.5359
ES,2022-05-02,09:45,0,,-0.0089
ES,2022-05-03,09:45,-1,RANGE,0.0512
ES,2022-05-04,09:45,-1,REV,0.0707
ES,2022-05-05,09:45,-1,CONT,-0.4983
ES,2022-05-06,09:45,-1,FADE,-0.2847
ES,2022-05-09,09:45,1,REV,-0.6396
ES,2022-05-10,09:45,-1,FADE,0.6012
ES,2022-05-11,09:45,1,RANGE,-0.0945
ES,2022-05-12,09:45,-1,FADE,-0.3261
ES,2022-05-13,09:45,1,RANGE,0.3926
ES,2022-05-16,09:45,-1,RANGE,-0.1526
ES,2022-05-17,09:45,-1,RANGE,0.5598
ES,2022-05-18,09:45,-1,CONT,-0.4263
ES,2022-05-19,09:45,1,FADE,-0.2971
ES,2022-05-20,09:45,1,FADE,0.3305
ES,2022-05-23,09:45,1,RANGE,0.2803
ES,2022-05-24,09:45,-1,RANGE,-0.3794
ES,2022-05-25,09:45,1,RANGE,-0.1591
ES,2022-05-26,09:45,1,RANGE,0.0895
ES,2022-05-27,09:45,1,RANGE,0.2299
ES,2022-05-31,09:45,-1,FADE,-0.373
ES,2022-06-01,09:45,-1,RANGE,0.206
ES,2022-06-02,09:45,-1,REV,-0.0169
ES,2022-06-03,09:45,-1,RANGE,-0.5087
ES,2022-06-06,09:45,-1,FADE,0.4253
ES,2022-06-07,09:45,1,CONT,-0.3919
ES,2022-06-08,09:45,-1,RANGE,-0.192
ES,2022-06-09,09:45,-1,CONT,-0.2216
ES,2022-06-10,09:45,-1,RANGE,-0.7363
ES,2022-06-13,09:45,1,RANGE,-1.1096
ES,2022-06-14,09:45,-1,RANGE,0.1881
ES,2022-06-15,09:45,1,FADE,0.3674
ES,2022-06-16,09:45,-1,RANGE,-0.9674
ES,2022-06-17,09:45,1,RANGE,-0.0105
ES,2022-06-21,09:45,1,RANGE,0.2238
ES,2022-06-22,09:45,1,FADE,-0.5006
ES,2022-06-23,09:45,-1,FADE,0.2573
ES,2022-06-24,09:45,1,RANGE,0.3764
ES,2022-06-27,09:45,-1,RANGE,0.11
ES,2022-06-28,09:45,1,REV,0.1657
ES,2022-06-29,09:45,-1,RANGE,0.0518
ES,2022-06-30,09:45,-1,FADE,-0.478
ES,2022-07-01,09:45,1,RANGE,-0.0968
ES,2022-07-05,09:45,-1,REV,-0.4541
ES,2022-07-06,09:45,1,RANGE,0.0145
ES,2022-07-07,09:45,1,CONT,0.2021
ES,2022-07-08,09:45,1,RANGE,-0.2038
ES,2022-07-11,09:45,-1,RANGE,-0.3537
ES,2022-07-12,09:45,1,RANGE,-0.0891
ES,2022-07-13,09:45,1,FADE,-0.7732
ES,2022-07-14,09:45,-1,FADE,-0.7289
ES,2022-07-15,09:45,-1,RANGE,0.6565
ES,2022-07-18,09:45,1,REV,0.4664
ES,2022-07-19,09:45,-1,REV,0.5668
ES,2022-07-20,09:45,1,RANGE,0.0272
ES,2022-07-21,09:45,-1,RANGE,-0.1079
ES,2022-07-22,09:45,1,RANGE,0.0069
ES,2022-07-25,09:45,-1,RANGE,0.0819
ES,2022-07-26,09:45,-1,CONT,-0.2469
ES,2022-07-27,09:45,1,CONT,0.52
ES,2022-07-28,09:45,-1,RANGE,0.1101
ES,2022-07-29,09:45,1,RANGE,0.2229
ES,2022-08-01,09:45,1,FADE,-0.4095
ES,2022-08-02,09:45,-1,RANGE,-0.2235
ES,2022-08-03,09:45,1,CONT,0.3101
ES,2022-08-04,09:45,1,RANGE,-0.0177
ES,2022-08-05,09:45,1,FADE,-0.657
ES,2022-08-08,09:45,1,FADE,0.2658
ES,2022-08-09,09:45,1,RANGE,-0.116
ES,2022-08-10,09:45,-1,RANGE,1.1074
ES,2022-08-11,09:45,-1,FADE,0.4444
ES,2022-08-12,09:45,1,CONT,0.2935
ES,2022-08-15,09:45,1,FADE,-0.3428
ES,2022-08-16,09:45,1,RANGE,-0.1745
ES,2022-08-17,09:45,1,FADE,-0.6144
ES,2022-08-18,09:45,1,RANGE,0.0163
ES,2022-08-19,09:45,-1,RANGE,-0.4971
ES,2022-08-22,09:45,-1,CONT,-0.8686
ES,2022-08-23,09:45,-1,RANGE,-0.0923
ES,2022-08-24,09:45,1,RANGE,-0.0408
ES,2022-08-25,09:45,-1,FADE,0.2625
ES,2022-08-26,09:45,-1,CONT,-0.0269
ES,2022-08-29,09:45,1,FADE,-0.5199
ES,2022-08-30,09:45,-1,RANGE,0.1934
ES,2022-08-31,09:45,1,REV,0.2937
ES,2022-09-01,09:45,1,FADE,-0.3975
ES,2022-09-02,09:45,-1,CONT,0.6271
ES,2022-09-06,09:45,-1,RANGE,-0.0357
ES,2022-09-07,09:45,1,CONT,-0.066
ES,2022-09-08,09:45,1,FADE,-0.3931
ES,2022-09-09,09:45,1,RANGE,0.3629
ES,2022-09-12,09:45,1,RANGE,0.6254
ES,2022-09-13,09:45,-1,CONT,-1.4023
ES,2022-09-14,09:45,1,RANGE,0.1709
ES,2022-09-15,09:45,1,RANGE,-0.2359
ES,2022-09-16,09:45,-1,RANGE,-0.5985
ES,2022-09-19,09:45,1,FADE,-0.4628
ES,2022-09-20,09:45,-1,RANGE,-0.4902
ES,2022-09-21,09:45,-1,CONT,0.2521
ES,2022-09-22,09:45,-1,RANGE,-0.1037
ES,2022-09-23,09:45,-1,RANGE,-0.4633
ES,2022-09-26,09:45,1,RANGE,-0.2015
ES,2022-09-27,09:45,1,FADE,0.4793
ES,2022-09-28,09:45,1,CONT,0.1171
ES,2022-09-29,09:45,-1,RANGE,-0.473
ES,2022-09-30,09:45,-1,RANGE,-0.1265
ES,2022-10-03,09:45,-1,RANGE,0.471
ES,2022-10-04,09:45,1,RANGE,0.6689
ES,2022-10-05,09:45,1,FADE,-0.5109
ES,2022-10-06,09:45,1,RANGE,-0.1841
ES,2022-10-07,09:45,-1,CONT,-0.4733
ES,2022-10-10,09:45,-1,CONT,0.1279
ES,2022-10-11,09:45,-1,RANGE,-0.2047
ES,2022-10-12,09:45,1,RANGE,0.0496
ES,2022-10-13,09:45,-1,REV,-0.8749
ES,2022-10-14,09:45,-1,FADE,0.2801
ES,2022-10-17,09:45,1,RANGE,0.6671
ES,2022-10-18,09:45,-1,FADE,0.8669
ES,2022-10-19,09:45,1,RANGE,-0.2244
ES,2022-10-20,09:45,1,RANGE,-0.0718
ES,2022-10-21,09:45,1,RANGE,-0.0313
ES,2022-10-24,09:45,1,RANGE,0.1638
ES,2022-10-25,09:45,1,RANGE,-0.0078
ES,2022-10-26,09:45,1,FADE,-0.3467
ES,2022-10-27,09:45,1,RANGE,0.0944
ES,2022-10-28,09:45,1,CONT,-0.0167
ES,2022-10-31,09:45,1,FADE,-0.2925
ES,2022-11-01,09:45,-1,FADE,0.4492
ES,2022-11-02,09:45,-1,CONT,-0.0768
ES,2022-11-03,09:45,-1,FADE,-0.4005
ES,2022-11-04,09:45,-1,FADE,0.6858
ES,2022-11-07,09:45,-1,RANGE,0.1486
ES,2022-11-08,09:45,-1,RANGE,0.1264
ES,2022-11-09,09:45,-1,CONT,-0.2586
ES,2022-11-10,09:45,-1,REV,1.5844
ES,2022-11-11,09:45,-1,RANGE,0.1161
ES,2022-11-14,09:45,0,,-0.2248
ES,2022-11-15,09:45,-1,FADE,0.7222
ES,2022-11-16,09:45,1,RANGE,-0.2206
ES,2022-11-17,09:45,1,CONT,-0.6533
ES,2022-11-18,09:45,-1,FADE,0.4364
ES,2022-11-21,09:45,-1,RANGE,-0.1945
ES,2022-11-22,09:45,-1,REV,0.2632
ES,2022-11-23,09:45,1,RANGE,-0.0579
ES,2022-11-28,09:45,1,RANGE,-0.5128
ES,2022-11-29,09:45,-1,RANGE,0.0074
ES,2022-11-30,09:45,1,CONT,0.0227
ES,2022-12-01,09:45,-1,RANGE,0.1968
ES,2022-12-02,09:45,1,CONT,-0.7992
ES,2022-12-05,09:45,1,REV,-0.4604
ES,2022-12-06,09:45,-1,CONT,-0.0303
ES,2022-12-07,09:45,1,RANGE,-0.1505
ES,2022-12-08,09:45,-1,FADE,0.2928
ES,2022-12-09,09:45,1,RANGE,-0.2429
ES,2022-12-12,09:45,-1,REV,0.7288
ES,2022-12-13,09:45,-1,CONT,2.015
ES,2022-12-14,09:45,1,RANGE,-0.0769
ES,2022-12-15,09:45,-1,RANGE,-0.8692
ES,2022-12-16,09:45,1,RANGE,-0.4416
ES,2022-12-19,09:45,-1,CONT,0.0343
ES,2022-12-20,09:45,-1,RANGE,-0.1125
ES,2022-12-21,09:45,-1,REV,0.4156
ES,2022-12-22,09:45,-1,RANGE,-0.5012
ES,2022-12-23,09:45,-1,RANGE,-0.1642
ES,2022-12-27,09:45,-1,RANGE,-0.0201
ES,2022-12-28,09:45,1,REV,-0.024
ES,2022-12-29,09:45,1,RANGE,0.3767
ES,2022-12-30,09:45,1,RANGE,-0.3974
ES,2023-01-03,09:45,1,FADE,0.2788
ES,2023-01-04,09:45,-1,FADE,0.3354
ES,2023-01-05,09:45,-1,RANGE,-0.2962
ES,2023-01-06,09:45,-1,FADE,0.4657
ES,2023-01-09,09:45,1,FADE,0.3212
ES,2023-01-10,09:45,1,RANGE,-0.0851
ES,2023-01-11,09:45,1,CONT,0.2146
ES,2023-01-12,09:45,-1,RANGE,0.1401
ES,2023-01-13,09:45,1,FADE,-0.5025
ES,2023-01-17,09:45,-1,RANGE,0.1383
ES,2023-01-18,09:45,-1,CONT,0.1975
ES,2023-01-19,09:45,-1,RANGE,-0.3883
ES,2023-01-20,09:45,-1,REV,0.2124
ES,2023-01-23,09:45,-1,RANGE,0.142
ES,2023-01-24,09:45,-1,FADE,-0.2953
ES,2023-01-25,09:45,1,CONT,-0.7352
ES,2023-01-26,09:45,-1,FADE,0.4393
ES,2023-01-27,09:45,1,RANGE,-0.1855
ES,2023-01-30,09:45,1,FADE,-0.5098
ES,2023-01-31,09:45,1,CONT,0.0603
ES,2023-02-01,09:45,1,RANGE,-0.2208
ES,2023-02-02,09:45,-1,RANGE,0.6613
ES,2023-02-03,09:45,1,FADE,-0.8638
ES,2023-02-06,09:45,-1,RANGE,-0.4534
ES,2023-02-07,09:45,1,CONT,-0.2041
ES,2023-02-08,09:45,1,RANGE,-0.3552
ES,2023-02-09,09:45,-1,CONT,0.6035
ES,2023-02-10,09:45,-1,RANGE,-0.2198
ES,2023-02-13,09:45,1,RANGE,0.1162
ES,2023-02-14,09:45,0,,-0.2698
ES,2023-02-15,09:45,1,CONT,-0.3802
ES,2023-02-16,09:45,1,FADE,-0.8929
ES,2023-02-17,09:45,-1,RANGE,-0.3765
ES,2023-02-21,09:45,1,REV,-0.5264
ES,2023-02-22,09:45,1,RANGE,0.046
ES,2023-02-23,09:45,-1,FADE,0.4848
ES,2023-02-24,09:45,-1,RANGE,-0.9101
ES,2023-02-27,09:45,-1,FADE,0.5752
ES,2023-02-28,09:45,1,RANGE,-0.0921
ES,2023-03-01,09:45,1,RANGE,-0.1413
ES,2023-03-02,09:45,0,,-0.4188
ES,2023-03-03,09:45,-1,REV,0.3483
ES,2023-03-06,09:45,1,RANGE,0.1568
ES,2023-03-07,09:45,-1,RANGE,-0.0186
ES,2023-03-08,09:45,-1,RANGE,0.0142
ES,2023-03-09,09:45,1,REV,0.1353
ES,2023-03-10,09:45,-1,RANGE,-0.1278
ES,2023-03-13,09:45,-1,RANGE,-0.1846
ES,2023-03-14,09:45,1,RANGE,0.9347
ES,2023-03-15,09:45,1,CONT,-1.0526
ES,2023-03-16,09:45,1,CONT,-0.4568
ES,2023-03-17,09:45,-1,RANGE,-0.2107
ES,2023-03-20,09:45,1,RANGE,0.1019
ES,2023-03-21,09:45,1,RANGE,0.5447
ES,2023-03-22,09:45,-1,CONT,-0.0427
ES,2023-03-23,09:45,1,FADE,0.4064
ES,2023-03-24,09:45,-1,REV,-0.1914
ES,2023-03-27,09:45,1,FADE,0.3408
ES,2023-03-28,09:45,-1,RANGE,-0.1173
ES,2023-03-29,09:45,-1,RANGE,0.6352
ES,2023-03-30,09:45,-1,FADE,0.3782
ES,2023-03-31,09:45,1,CONT,0.1404
ES,2023-04-03,09:45,1,RANGE,-0.0817
ES,2023-04-04,09:45,-1,CONT,0.1006
ES,2023-04-05,09:45,1,RANGE,-0.1555
ES,2023-04-06,09:45,-1,REV,-0.1441
ES,2023-04-10,09:45,1,CONT,-0.4291
ES,2023-04-11,09:45,-1,RANGE,0.0793
ES,2023-04-12,09:45,-1,CONT,0.3659
ES,2023-04-13,09:45,-1,REV,0.1752
ES,2023-04-14,09:45,1,RANGE,-0.1324
ES,2023-04-17,09:45,1,RANGE,-0.0448
ES,2023-04-18,09:45,-1,FADE,0.3344
ES,2023-04-19,09:45,1,CONT,-0.4325
ES,2023-04-20,09:45,1,FADE,-0.6932
ES,2023-04-21,09:45,-1,RANGE,0.052
ES,2023-04-24,09:45,1,RANGE,-0.0624
ES,2023-04-25,09:45,1,REV,-0.5789
ES,2023-04-26,09:45,-1,RANGE,0.1322
ES,2023-04-27,09:45,-1,REV,0.6205
ES,2023-04-28,09:45,1,RANGE,-0.2354
ES,2023-05-01,09:45,1,RANGE,-0.1242
ES,2023-05-02,09:45,-1,RANGE,-0.1915
ES,2023-05-03,09:45,1,RANGE,0.099
ES,2023-05-04,09:45,-1,RANGE,-0.2808
ES,2023-05-05,09:45,1,CONT,0.8404
ES,2023-05-08,09:45,-1,RANGE,0.0643
ES,2023-05-09,09:45,1,RANGE,-0.3881
ES,2023-05-10,09:45,-1,FADE,0.6182
ES,2023-05-11,09:45,-1,RANGE,-0.2382
ES,2023-05-12,09:45,1,FADE,0.2615
ES,2023-05-15,09:45,-1,RANGE,0.1119
ES,2023-05-16,09:45,1,FADE,-0.2789
ES,2023-05-17,09:45,-1,FADE,0.4636
ES,2023-05-18,09:45,1,CONT,-0.1085
ES,2023-05-19,09:45,1,RANGE,0.1826
ES,2023-05-22,09:45,1,RANGE,0.0
ES,2023-05-23,09:45,1,REV,-0.3811
ES,2023-05-24,09:45,-1,RANGE,-0.3874
ES,2023-05-25,09:45,-1,RANGE,0.7294
ES,2023-05-26,09:45,1,RANGE,0.1392
ES,2023-05-30,09:45,-1,RANGE,0.1827
ES,2023-05-31,09:45,1,RANGE,-0.4697
ES,2023-06-01,09:45,-1,REV,0.0
ES,2023-06-02,09:45,1,CONT,0.6062
ES,2023-06-05,09:45,1,RANGE,0.0654
ES,2023-06-06,09:45,-1,RANGE,-0.1172
ES,2023-06-07,09:45,1,RANGE,0.07
ES,2023-06-08,09:45,1,CONT,-0.0479
ES,2023-06-09,09:45,1,RANGE,0.178
ES,2023-06-12,09:45,-1,REV,1.2866
ES,2023-06-13,09:45,1,RANGE,0.3182
ES,2023-06-14,09:45,1,RANGE,0.0508
ES,2023-06-15,09:45,1,CONT,-0.2541
ES,2023-06-16,09:45,-1,FADE,0.4272
ES,2023-06-20,09:45,1,RANGE,-0.2934
ES,2023-06-21,09:45,-1,RANGE,-0.2702
ES,2023-06-22,09:45,1,FADE,-0.2629
ES,2023-06-23,09:45,1,RANGE,-0.8812
ES,2023-06-26,09:45,1,RANGE,-0.1731
ES,2023-06-27,09:45,1,CONT,0.1922
ES,2023-06-28,09:45,-1,FADE,-0.269
ES,2023-06-29,09:45,1,RANGE,-0.1563
ES,2023-06-30,09:45,1,RANGE,0.7653
ES,2023-07-05,09:45,1,FADE,-0.4926
ES,2023-07-06,09:45,-1,RANGE,-1.044
ES,2023-07-07,09:45,1,FADE,-0.2965
ES,2023-07-10,09:45,1,RANGE,-0.118
ES,2023-07-11,09:45,-1,RANGE,0.2017
ES,2023-07-12,09:45,-1,RANGE,1.0597
ES,2023-07-13,09:45,1,RANGE,0.4525
ES,2023-07-14,09:45,1,RANGE,0.2485
ES,2023-07-17,09:45,1,CONT,-0.0723
ES,2023-07-18,09:45,1,CONT,-0.1271
ES,2023-07-19,09:45,1,RANGE,0.2085
ES,2023-07-20,09:45,1,FADE,-0.3308
ES,2023-07-21,09:45,-1,FADE,0.4662
ES,2023-07-24,09:45,1,RANGE,0.3302
ES,2023-07-25,09:45,1,RANGE,-0.1231
ES,2023-07-26,09:45,1,FADE,-0.3001
ES,2023-07-27,09:45,1,REV,0.9814
ES,2023-07-28,09:45,-1,RANGE,0.9182
ES,2023-07-31,09:45,1,RANGE,0.1327
ES,2023-08-01,09:45,1,RANGE,-0.4566
ES,2023-08-02,09:45,-1,CONT,-0.8938
ES,2023-08-03,09:45,-1,FADE,-0.5772
ES,2023-08-04,09:45,1,FADE,0.4756
ES,2023-08-07,09:45,-1,RANGE,0.4809
ES,2023-08-08,09:45,-1,RANGE,-0.6807
ES,2023-08-09,09:45,-1,CONT,0.0604
ES,2023-08-10,09:45,1,FADE,0.5547
ES,2023-08-11,09:45,-1,FADE,-0.4887
ES,2023-08-14,09:45,1,CONT,-0.2225
ES,2023-08-15,09:45,-1,RANGE,-0.4523
ES,2023-08-16,09:45,1,REV,-0.1318
ES,2023-08-17,09:45,-1,CONT,0.295
ES,2023-08-18,09:45,1,CONT,-0.6545
ES,2023-08-21,09:45,1,RANGE,0.2175
ES,2023-08-22,09:45,-1,CONT,0.3792
ES,2023-08-23,09:45,1,CONT,0.2216
ES,2023-08-24,09:45,-1,CONT,0.3135
ES,2023-08-25,09:45,1,FADE,0.3473
ES,2023-08-28,09:45,1,RANGE,0.4531
ES,2023-08-29,09:45,1,CONT,-0.0147
ES,2023-08-30,09:45,1,RANGE,0.0612
ES,2023-08-31,09:45,1,RANGE,0.0736
ES,2023-09-01,09:45,-1,FADE,0.5635
ES,2023-09-05,09:45,-1,RANGE,-0.0261
ES,2023-09-06,09:45,-1,RANGE,-0.201
ES,2023-09-07,09:45,1,FADE,-0.708
ES,2023-09-08,09:45,1,RANGE,0.0
ES,2023-09-11,09:45,-1,RANGE,1.7196
ES,2023-09-12,09:45,1,FADE,-0.3481
ES,2023-09-13,09:45,1,RANGE,0.0386
ES,2023-09-14,09:45,-1,RANGE,0.5411
ES,2023-09-15,09:45,-1,CONT,-0.412
ES,2023-09-18,09:45,-1,RANGE,-0.0731
ES,2023-09-19,09:45,1,RANGE,-0.2429
ES,2023-09-20,09:45,0,,0.2828
ES,2023-09-21,09:45,-1,CONT,-0.7395
ES,2023-09-22,09:45,-1,RANGE,0.2139
ES,2023-09-25,09:45,1,FADE,-0.3144
ES,2023-09-26,09:45,1,RANGE,-0.7867
ES,2023-09-27,09:45,1,FADE,0.271
ES,2023-09-28,09:45,-1,RANGE,-0.1774
ES,2023-09-29,09:45,-1,CONT,0.6988
ES,2023-10-02,09:45,1,RANGE,-0.1953
ES,2023-10-03,09:45,1,RANGE,-0.4996
ES,2023-10-04,09:45,1,RANGE,0.0597
ES,2023-10-05,09:45,-1,RANGE,-0.1101
ES,2023-10-06,09:45,-1,REV,-0.5221
ES,2023-10-09,09:45,1,CONT,-0.3728
ES,2023-10-10,09:45,-1,RANGE,0.1128
ES,2023-10-11,09:45,1,RANGE,0.2036
ES,2023-10-12,09:45,-1,RANGE,0.092
ES,2023-10-13,09:45,1,FADE,0.2578
ES,2023-10-16,09:45,-1,RANGE,0.4004
ES,2023-10-17,09:45,1,FADE,-0.5817
ES,2023-10-18,09:45,-1,CONT,-0.3399
ES,2023-10-19,09:45,-1,CONT,0.081
ES,2023-10-20,09:45,-1,RANGE,-0.0857
ES,2023-10-23,09:45,-1,FADE,-0.2924
ES,2023-10-24,09:45,1,FADE,0.351
ES,2023-10-25,09:45,-1,RANGE,-0.2967
ES,2023-10-26,09:45,1,REV,-0.2349
ES,2023-10-27,09:45,-1,CONT,0.2663
ES,2023-10-30,09:45,1,RANGE,0.4641
ES,2023-10-31,09:45,-1,RANGE,0.0907
ES,2023-11-01,09:45,-1,RANGE,0.1564
ES,2023-11-02,09:45,1,CONT,0.6326
ES,2023-11-03,09:45,1,RANGE,0.3799
ES,2023-11-06,09:45,-1,RANGE,0.1279
ES,2023-11-07,09:45,-1,RANGE,-0.0088
ES,2023-11-08,09:45,1,RANGE,0.1027
ES,2023-11-09,09:45,-1,CONT,0.1878
ES,2023-11-10,09:45,1,CONT,0.3745
ES,2023-11-13,09:45,-1,FADE,-0.2653
ES,2023-11-14,09:45,1,RANGE,1.1244
ES,2023-11-15,09:45,-1,RANGE,0.2309
ES,2023-11-16,09:45,1,RANGE,-0.1203
ES,2023-11-17,09:45,-1,RANGE,-0.0145
ES,2023-11-20,09:45,1,CONT,-0.075
ES,2023-11-21,09:45,-1,RANGE,-0.2503
ES,2023-11-22,09:45,1,RANGE,0.3227
ES,2023-11-27,09:45,-1,RANGE,-0.171
ES,2023-11-28,09:45,-1,RANGE,-0.1293
ES,2023-11-29,09:45,1,REV,0.5803
ES,2023-11-30,09:45,-1,RANGE,0.1673
ES,2023-12-01,09:45,1,CONT,-0.1712
ES,2023-12-04,09:45,1,RANGE,-1.021
ES,2023-12-05,09:45,0,,-0.4137
ES,2023-12-06,09:45,-1,CONT,0.6063
ES,2023-12-07,09:45,-1,RANGE,0.5679
ES,2023-12-08,09:45,1,RANGE,-0.2112
ES,2023-12-11,09:45,1,CONT,1.4143
ES,2023-12-12,09:45,-1,REV,-0.1324
ES,2023-12-13,09:45,-1,REV,0.0687
ES,2023-12-14,09:45,1,FADE,0.5169
ES,2023-12-15,09:45,-1,RANGE,-0.1951
ES,2023-12-18,09:45,1,RANGE,0.4248
ES,2023-12-19,09:45,1,RANGE,0.1344
ES,2023-12-20,09:45,1,REV,-0.2742
ES,2023-12-21,09:45,1,FADE,0.8241
ES,2023-12-22,09:45,1,FADE,0.2726
ES,2023-12-26,09:45,1,CONT,0.0838
ES,2023-12-27,09:45,1,CONT,-0.0647
ES,2023-12-28,09:45,1,RANGE,-0.0654
ES,2023-12-29,09:45,1,RANGE,-0.1109
ES,2024-01-02,09:45,-1,RANGE,-0.8648
ES,2024-01-03,09:45,-1,RANGE,-0.577
ES,2024-01-04,09:45,1,RANGE,-0.1824
ES,2024-01-05,09:45,1,RANGE,0.012
ES,2024-01-08,09:45,1,CONT,0.0904
ES,2024-01-09,09:45,-1,FADE,-0.6647
ES,2024-01-10,09:45,1,CONT,0.0524
ES,2024-01-11,09:45,-1,RANGE,0.1883
ES,2024-01-12,09:45,1,FADE,0.3368
ES,2024-01-16,09:45,-1,FADE,-0.2967
ES,2024-01-17,09:45,-1,RANGE,-0.8236
ES,2024-01-18,09:45,-1,FADE,0.3722
ES,2024-01-19,09:45,-1,REV,0.2669
ES,2024-01-22,09:45,1,FADE,0.3728
ES,2024-01-23,09:45,-1,RANGE,0.1021
ES,2024-01-24,09:45,-1,CONT,0.7472
ES,2024-01-25,09:45,-1,FADE,0.5201
ES,2024-01-26,09:45,1,RANGE,-0.1457
ES,2024-01-29,09:45,1,CONT,0.0497
ES,2024-01-30,09:45,1,RANGE,-0.21
ES,2024-01-31,09:45,-1,CONT,-0.6023
ES,2024-02-01,09:45,1,CONT,0.3598
ES,2024-02-02,09:45,1,CONT,0.0785
ES,2024-02-05,09:45,-1,RANGE,-0.1519
ES,2024-02-06,09:45,1,RANGE,0.2169
ES,2024-02-07,09:45,-1,RANGE,0.5511
ES,2024-02-08,09:45,-1,RANGE,-0.0545
ES,2024-02-09,09:45,1,CONT,0.0768
ES,2024-02-12,09:45,1,RANGE,-0.0257
ES,2024-02-13,09:45,-1,RANGE,-1.6537
ES,2024-02-14,09:45,-1,FADE,0.5842
ES,2024-02-15,09:45,1,CONT,0.0863
ES,2024-02-16,09:45,-1,RANGE,-0.0875
ES,2024-02-20,09:45,-1,RANGE,-0.5574
ES,2024-02-21,09:45,-1,FADE,-0.3413
ES,2024-02-22,09:45,-1,REV,1.5638
ES,2024-02-23,09:45,1,FADE,0.3592
ES,2024-02-26,09:45,-1,CONT,0.0854
ES,2024-02-27,09:45,-1,RANGE,0.1408
ES,2024-02-28,09:45,1,FADE,-0.3487
ES,2024-02-29,09:45,1,FADE,0.3789
ES,2024-03-01,09:45,1,CONT,0.2106
ES,2024-03-04,09:45,1,RANGE,-0.2207
ES,2024-03-05,09:45,-1,RANGE,-0.5189
ES,2024-03-06,09:45,-1,RANGE,0.7697
ES,2024-03-07,09:45,-1,RANGE,0.7092
ES,2024-03-08,09:45,1,RANGE,0.1144
ES,2024-03-11,09:45,1,RANGE,1.0295
ES,2024-03-12,09:45,-1,FADE,0.4206
ES,2024-03-13,09:45,-1,RANGE,0.0369
ES,2024-03-14,09:45,-1,RANGE,0.1508
ES,2024-03-15,09:45,-1,RANGE,-0.7231
ES,2024-03-18,09:45,1,RANGE,0.8925
ES,2024-03-19,09:45,-1,REV,-0.1886
ES,2024-03-20,09:45,-1,REV,-0.03
ES,2024-03-21,09:45,1,RANGE,0.5355
ES,2024-03-22,09:45,-1,RANGE,-0.0319
ES,2024-03-25,09:45,-1,FADE,-0.3291
ES,2024-03-26,09:45,-1,CONT,0.2841
ES,2024-03-27,09:45,-1,FADE,0.5857
ES,2024-03-28,09:45,1,RANGE,-0.0158
ES,2024-04-01,09:45,1,RANGE,0.1413
ES,2024-04-02,09:45,-1,RANGE,-0.9033
ES,2024-04-03,09:45,1,FADE,-0.2823
ES,2024-04-04,09:45,-1,CONT,0.8911
ES,2024-04-05,09:45,1,CONT,0.2803
ES,2024-04-08,09:45,-1,RANGE,0.148
ES,2024-04-09,09:45,-1,FADE,0.3755
ES,2024-04-10,09:45,1,RANGE,-1.2891
ES,2024-04-11,09:45,-1,FADE,0.2863
ES,2024-04-12,09:45,1,RANGE,-0.7725
ES,2024-04-15,09:45,-1,CONT,0.8453
ES,2024-04-16,09:45,-1,RANGE,0.0684
ES,2024-04-17,09:45,-1,CONT,0.471
ES,2024-04-18,09:45,-1,RANGE,0.2352
ES,2024-04-19,09:45,1,REV,-0.0181
ES,2024-04-22,09:45,-1,FADE,0.4748
ES,2024-04-23,09:45,1,RANGE,0.3518
ES,2024-04-24,09:45,1,RANGE,0.1451
ES,2024-04-25,09:45,-1,REV,-1.0507
ES,2024-04-26,09:45,1,RANGE,0.438
ES,2024-04-29,09:45,-1,FADE,0.2657
ES,2024-04-30,09:45,1,REV,-0.2432
ES,2024-05-01,09:45,-1,RANGE,-0.103
ES,2024-05-02,09:45,-1,FADE,0.5282
ES,2024-05-03,09:45,-1,RANGE,0.9039
ES,2024-05-06,09:45,1,CONT,0.3564
ES,2024-05-07,09:45,0,,0.133
ES,2024-05-08,09:45,1,FADE,-0.2972
ES,2024-05-09,09:45,-1,REV,-0.0077
ES,2024-05-10,09:45,1,FADE,0.2586
ES,2024-05-13,09:45,-1,FADE,0.2802
ES,2024-05-14,09:45,1,CONT,0.0181
ES,2024-05-15,09:45,1,CONT,0.4566
ES,2024-05-16,09:45,1,RANGE,-0.0229
ES,2024-05-17,09:45,-1,RANGE,0.0141
ES,2024-05-20,09:45,1,RANGE,0.0049
ES,2024-05-21,09:45,1,CONT,-0.1799
ES,2024-05-22,09:45,1,RANGE,-0.1714
ES,2024-05-23,09:45,-1,CONT,0.6077
ES,2024-05-24,09:45,1,RANGE,0.3918
ES,2024-05-28,09:45,-1,RANGE,-0.1234
ES,2024-05-29,09:45,-1,RANGE,-1.0278
ES,2024-05-30,09:45,-1,RANGE,-0.4389
ES,2024-05-31,09:45,1,RANGE,0.1575
ES,2024-06-03,09:45,-1,FADE,0.3815
ES,2024-06-04,09:45,-1,FADE,-0.3451
ES,2024-06-05,09:45,-1,REV,0.5547
ES,2024-06-06,09:45,1,RANGE,0.0622
ES,2024-06-07,09:45,1,FADE,-0.2909
ES,2024-06-10,09:45,-1,REV,-0.1967
ES,2024-06-11,09:45,-1,FADE,-0.3857
ES,2024-06-12,09:45,1,RANGE,1.0085
ES,2024-06-13,09:45,-1,FADE,0.3829
ES,2024-06-14,09:45,1,FADE,-0.38
ES,2024-06-17,09:45,1,CONT,1.2446
ES,2024-06-18,09:45,1,RANGE,0.0049
ES,2024-06-20,09:45,1,RANGE,0.172
ES,2024-06-21,09:45,-1,RANGE,-0.2304
ES,2024-06-24,09:45,-1,RANGE,0.016
ES,2024-06-25,09:45,-1,FADE,0.2639
ES,2024-06-26,09:45,-1,FADE,-0.256
ES,2024-06-27,09:45,1,RANGE,-0.0583
ES,2024-06-28,09:45,1,RANGE,0.1034
ES,2024-07-01,09:45,-1,FADE,0.3059
ES,2024-07-02,09:45,1,CONT,-0.4092
ES,2024-07-05,09:45,1,CONT,0.0903
ES,2024-07-08,09:45,1,RANGE,0.1693
ES,2024-07-09,09:45,1,RANGE,0.2088
ES,2024-07-10,09:45,-1,REV,0.2942
ES,2024-07-11,09:45,1,REV,0.0065
ES,2024-07-12,09:45,-1,RANGE,0.2505
ES,2024-07-15,09:45,-1,FADE,0.4817
ES,2024-07-16,09:45,1,CONT,0.3313
ES,2024-07-17,09:45,1,RANGE,-1.5888
ES,2024-07-18,09:45,-1,CONT,0.3354
ES,2024-07-19,09:45,1,RANGE,-0.1326
ES,2024-07-22,09:45,1,RANGE,0.8448
ES,2024-07-23,09:45,1,RANGE,-0.0417
ES,2024-07-24,09:45,-1,CONT,-1.0398
ES,2024-07-25,09:45,-1,RANGE,0.0
ES,2024-07-26,09:45,1,RANGE,0.6499
ES,2024-07-29,09:45,-1,FADE,0.2588
ES,2024-07-30,09:45,1,RANGE,0.2268
ES,2024-07-31,09:45,-1,RANGE,1.1721
ES,2024-08-01,09:45,1,REV,0.3342
ES,2024-08-02,09:45,1,RANGE,-1.0646
ES,2024-08-05,09:45,1,RANGE,-2.8131
ES,2024-08-06,09:45,-1,RANGE,0.1887
ES,2024-08-07,09:45,1,REV,0.6796
ES,2024-08-08,09:45,-1,RANGE,0.5382
ES,2024-08-09,09:45,-1,RANGE,-0.1079
ES,2024-08-12,09:45,-1,RANGE,0.1262
ES,2024-08-13,09:45,1,CONT,0.3211
ES,2024-08-14,09:45,-1,RANGE,0.0738
ES,2024-08-15,09:45,-1,REV,0.5736
ES,2024-08-16,09:45,1,RANGE,-0.1899
ES,2024-08-19,09:45,1,CONT,0.0405
ES,2024-08-20,09:45,1,RANGE,-0.0507
ES,2024-08-21,09:45,1,RANGE,0.1039
ES,2024-08-22,09:45,1,REV,0.197
ES,2024-08-23,09:45,-1,RANGE,0.3306
ES,2024-08-26,09:45,1,RANGE,0.106
ES,2024-08-27,09:45,-1,RANGE,-0.1518
ES,2024-08-28,09:45,-1,RANGE,-0.0418
ES,2024-08-29,09:45,-1,RANGE,0.2178
ES,2024-08-30,09:45,1,FADE,0.2539
ES,2024-09-03,09:45,-1,CONT,-0.5695
ES,2024-09-04,09:45,1,FADE,-0.2959
ES,2024-09-05,09:45,1,RANGE,0.0038
ES,2024-09-06,09:45,1,RANGE,0.0081
ES,2024-09-09,09:45,1,RANGE,0.638
ES,2024-09-10,09:45,1,FADE,0.2831
ES,2024-09-11,09:45,-1,RANGE,-0.0232
ES,2024-09-12,09:45,-1,REV,0.0858
ES,2024-09-13,09:45,1,RANGE,0.0621
ES,2024-09-16,09:45,-1,RANGE,0.8584
ES,2024-09-17,09:45,1,FADE,0.3107
ES,2024-09-18,09:45,-1,RANGE,0.0746
ES,2024-09-19,09:45,-1,RANGE,1.3488
ES,2024-09-20,09:45,0,,-0.2365
ES,2024-09-23,09:45,-1,RANGE,0.1578
ES,2024-09-24,09:45,-1,RANGE,0.1118
ES,2024-09-25,09:45,1,RANGE,-0.0349
ES,2024-09-26,09:45,-1,FADE,0.6335
ES,2024-09-27,09:45,-1,RANGE,0.1232
ES,2024-09-30,09:45,1,RANGE,-0.1594
ES,2024-10-01,09:45,-1,RANGE,-0.1073
ES,2024-10-02,09:45,-1,RANGE,-0.1613
ES,2024-10-03,09:45,-1,RANGE,-0.2441
ES,2024-10-04,09:45,-1,FADE,0.6803
ES,2024-10-07,09:45,-1,CONT,-0.2899
ES,2024-10-08,09:45,-1,REV,0.413
ES,2024-10-09,09:45,1,CONT,-0.0202
ES,2024-10-10,09:45,-1,FADE,-0.2513
ES,2024-10-11,09:45,1,RANGE,-0.0819
ES,2024-10-14,09:45,1,RANGE,0.3074
ES,2024-10-15,09:45,-1,CONT,0.032
ES,2024-10-16,09:45,-1,RANGE,-0.0228
ES,2024-10-17,09:45,-1,FADE,0.7008
ES,2024-10-18,09:45,-1,FADE,0.3114
ES,2024-10-21,09:45,1,RANGE,-0.1607
ES,2024-10-22,09:45,-1,FADE,-0.5639
ES,2024-10-23,09:45,-1,RANGE,-0.451
ES,2024-10-24,09:45,-1,FADE,0.3771
ES,2024-10-25,09:45,1,FADE,0.4063
ES,2024-10-28,09:45,-1,RANGE,0.6462
ES,2024-10-29,09:45,-1,RANGE,-0.2085
ES,2024-10-30,09:45,-1,RANGE,-0.1107
ES,2024-10-31,09:45,-1,CONT,-0.9271
ES,2024-11-01,09:45,1,RANGE,0.4759
ES,2024-11-04,09:45,-1,RANGE,0.0186
ES,2024-11-05,09:45,1,RANGE,0.1658
ES,2024-11-06,09:45,-1,RANGE,2.3662
ES,2024-11-07,09:45,1,CONT,0.3344
ES,2024-11-08,09:45,1,CONT,0.0378
ES,2024-11-11,09:45,-1,FADE,0.2536
ES,2024-11-12,09:45,1,RANGE,-0.0303
ES,2024-11-13,09:45,1,RANGE,0.0613
ES,2024-11-14,09:45,-1,CONT,-0.0087
ES,2024-11-15,09:45,-1,CONT,-0.6914
ES,2024-11-18,09:45,-1,RANGE,0.0529
ES,2024-11-19,09:45,1,CONT,-0.5954
ES,2024-11-20,09:45,-1,RANGE,-0.004
ES,2024-11-21,09:45,-1,FADE,0.4647
ES,2024-11-22,09:45,1,RANGE,-0.0276
ES,2024-11-25,09:45,1,FADE,0.6605
ES,2024-11-26,09:45,0,,0.207
ES,2024-11-27,09:45,1,RANGE,-0.0641
ES,2024-12-02,09:45,-1,RANGE,0.0672
ES,2024-12-03,09:45,-1,RANGE,-0.0644
ES,2024-12-04,09:45,1,CONT,0.3329
ES,2024-12-05,09:45,-1,RANGE,-0.0054
ES,2024-12-06,09:45,1,RANGE,0.1295
ES,2024-12-09,09:45,-1,CONT,-0.0573
ES,2024-12-10,09:45,-1,CONT,0.1365
ES,2024-12-11,09:45,1,RANGE,0.6476
ES,2024-12-12,09:45,-1,CONT,-0.2282
ES,2024-12-13,09:45,1,FADE,0.4083
ES,2024-12-16,09:45,-1,RANGE,2.2042
ES,2024-12-17,09:45,1,RANGE,-0.6171
ES,2024-12-18,09:45,-1,CONT,-0.0897
ES,2024-12-19,09:45,-1,FADE,1.0038
ES,2024-12-20,09:45,1,CONT,-0.5499
ES,2024-12-23,09:45,-1,RANGE,-0.0634
ES,2024-12-26,09:45,1,FADE,-0.3439
ES,2024-12-27,09:45,-1,RANGE,-0.731
ES,2024-12-30,09:45,-1,RANGE,-1.1708
ES,2024-12-31,09:45,-1,RANGE,0.2196
ES,2025-01-02,09:45,-1,FADE,0.4799
ES,2025-01-03,09:45,1,CONT,0.3811
ES,2025-01-06,09:45,1,RANGE,0.5981
ES,2025-01-07,09:45,-1,CONT,0.2508
ES,2025-01-08,09:45,-1,RANGE,-0.0122
ES,2025-01-10,09:45,-1,RANGE,-0.461
ES,2025-01-13,09:45,1,CONT,-0.5639
ES,2025-01-14,09:45,1,FADE,0.3146
ES,2025-01-15,09:45,1,RANGE,0.9285
ES,2025-01-16,09:45,-1,RANGE,0.1426
ES,2025-01-17,09:45,-1,RANGE,0.5657
ES,2025-01-21,09:45,-1,RANGE,0.1029
ES,2025-01-22,09:45,-1,RANGE,0.3666
ES,2025-01-23,09:45,1,CONT,-0.0888
ES,2025-01-24,09:45,1,RANGE,-0.0202
ES,2025-01-27,09:45,1,RANGE,-1.8434
ES,2025-01-28,09:45,-1,RANGE,0.1384
ES,2025-01-29,09:45,-1,RANGE,-0.1148
ES,2025-01-30,09:45,1,FADE,0.2897
ES,2025-01-31,09:45,1,REV,0.3176
ES,2025-02-03,09:45,1,FADE,-1.2814
ES,2025-02-04,09:45,1,RANGE,0.0068
ES,2025-02-05,09:45,1,RANGE,-0.1587
ES,2025-02-06,09:45,-1,FADE,0.254
ES,2025-02-07,09:45,1,REV,0.0507
ES,2025-02-10,09:45,-1,RANGE,0.4668
ES,2025-02-11,09:45,1,CONT,-0.3493
ES,2025-02-12,09:45,1,FADE,-0.9509
ES,2025-02-13,09:45,-1,REV,0.1722
ES,2025-02-14,09:45,1,RANGE,-0.0117
ES,2025-02-18,09:45,-1,RANGE,-0.046
ES,2025-02-19,09:45,0,,-0.2328
ES,2025-02-20,09:45,-1,RANGE,-0.248
ES,2025-02-21,09:45,-1,CONT,-0.08
ES,2025-02-24,09:45,-1,FADE,0.3136
ES,2025-02-25,09:45,-1,RANGE,-0.0294
ES,2025-02-26,09:45,-1,FADE,0.2813
ES,2025-02-27,09:45,-1,FADE,0.3868
ES,2025-02-28,09:45,1,CONT,0.0349
ES,2016-01-04,10:00,-1,RANGE,-1.1514
ES,2016-01-05,10:00,-1,RANGE,0.1396
ES,2016-01-06,10:00,1,RANGE,-1.0792
ES,2016-01-07,10:00,1,RANGE,-1.1538
ES,2016-01-08,10:00,1,REV,0.3837
ES,2016-01-11,10:00,-1,FADE,0.353
ES,2016-01-12,10:00,1,FADE,0.5499
ES,2016-01-13,10:00,-1,CONT,0.2668
ES,2016-01-14,10:00,-1,RANGE,0.2221
ES,2016-01-15,10:00,1,RANGE,-1.5203
ES,2016-01-19,10:00,-1,FADE,0.6245
ES,2016-01-20,10:00,-1,FADE,-0.8905
ES,2016-01-21,10:00,-1,RANGE,0.1244
ES,2016-01-22,10:00,1,RANGE,0.842
ES,2016-01-25,10:00,-1,CONT,-0.1454
ES,2016-01-26,10:00,-1,RANGE,0.1993
ES,2016-01-27,10:00,0,,-0.1454
ES,2016-01-28,10:00,-1,FADE,0.4569
ES,2016-01-29,10:00,1,CONT,0.2126
ES,2016-02-01,10:00,-1,FADE,-0.2832
ES,2016-02-02,10:00,-1,CONT,-0.4203
ES,2016-02-03,10:00,-1,FADE,0.3142
ES,2016-02-04,10:00,1,RANGE,-0.1115
ES,2016-02-05,10:00,-1,CONT,-0.1391
ES,2016-02-08,10:00,-1,RANGE,-0.5255
ES,2016-02-09,10:00,1,FADE,-0.4806
ES,2016-02-10,10:00,1,RANGE,0.2422
ES,2016-02-11,10:00,1,RANGE,-0.7314
ES,2016-02-12,10:00,-1,REV,0.4819
ES,2016-02-16,10:00,-1,RANGE,-0.076
ES,2016-02-17,10:00,1,RANGE,0.3693
ES,2016-02-18,10:00,-1,RANGE,0.0814
ES,2016-02-19,10:00,-1,RANGE,-0.2394
ES,2016-02-22,10:00,1,RANGE,0.5319
ES,2016-02-23,10:00,0,,-0.2192
ES,2016-02-24,10:00,-1,REV,-0.5136
ES,2016-02-25,10:00,-1,REV,0.1621
ES,2016-02-26,10:00,-1,FADE,0.3035
ES,2016-02-29,10:00,1,RANGE,-0.0154
ES,2016-03-01,10:00,-1,REV,0.4705
ES,2016-03-02,10:00,-1,REV,-0.1377
ES,2016-03-03,10:00,-1,RANGE,-0.064
ES,2016-03-04,10:00,-1,RANGE,0.0896
ES,2016-03-07,10:00,1,CONT,-0.3456
ES,2016-03-08,10:00,-1,RANGE,-0.4641
ES,2016-03-09,10:00,-1,FADE,0.3755
ES,2016-03-10,10:00,1,RANGE,0.1989
ES,2016-03-11,10:00,1,CONT,0.2961
ES,2016-03-14,10:00,-1,RANGE,-0.2253
ES,2016-03-15,10:00,-1,REV,-0.4609
ES,2016-03-16,10:00,1,CONT,-0.2542
ES,2016-03-17,10:00,-1,RANGE,-0.073
ES,2016-03-18,10:00,1,RANGE,0.2253
ES,2016-03-21,10:00,1,RANGE,-0.1452
ES,2016-03-22,10:00,1,FADE,-0.4088
ES,2016-03-23,10:00,-1,CONT,-0.2084
ES,2016-03-24,10:00,1,CONT,-0.6057
ES,2016-03-28,10:00,-1,RANGE,0.2157
ES,2016-03-29,10:00,1,CONT,-0.231
ES,2016-03-30,10:00,1,RANGE,0.5474
ES,2016-03-31,10:00,1,RANGE,-0.0918
ES,2016-04-01,10:00,1,CONT,-0.6417
ES,2016-04-04,10:00,1,RANGE,-0.0129
ES,2016-04-05,10:00,-1,RANGE,-0.8477
ES,2016-04-06,10:00,1,CONT,0.0392
ES,2016-04-07,10:00,1,RANGE,-0.6632
ES,2016-04-08,10:00,1,FADE,0.7059
ES,2016-04-11,10:00,1,FADE,0.3881
ES,2016-04-12,10:00,1,CONT,0.1299
ES,2016-04-13,10:00,1,CONT,0.5276
ES,2016-04-14,10:00,-1,RANGE,0.0247
ES,2016-04-15,10:00,-1,RANGE,0.0
ES,2016-04-18,10:00,1,FADE,-0.36
ES,2016-04-19,10:00,1,RANGE,0.2326
ES,2016-04-20,10:00,1,RANGE,0.0387
ES,2016-04-21,10:00,-1,RANGE,0.0259
ES,2016-04-22,10:00,1,RANGE,-0.2067
ES,2016-04-25,10:00,-1,RANGE,-0.3891
ES,2016-04-26,10:00,1,RANGE,0.2317
ES,2016-04-27,10:00,1,FADE,-0.2688
ES,2016-04-28,10:00,1,FADE,-0.497
ES,2016-04-29,10:00,-1,RANGE,-0.3979
ES,2016-05-02,10:00,-1,FADE,0.3268
ES,2016-05-03,10:00,-1,RANGE,-0.7584
ES,2016-05-04,10:00,1,RANGE,-0.6115
ES,2016-05-05,10:00,-1,FADE,0.3117
ES,2016-05-06,10:00,1,FADE,-0.5044
ES,2016-05-09,10:00,1,RANGE,-0.0821
ES,2016-05-10,10:00,1,CONT,0.4802
ES,2016-05-11,10:00,-1,CONT,-0.2966
ES,2016-05-12,10:00,-1,FADE,0.4119
ES,2016-05-13,10:00,1,RANGE,-0.1927
ES,2016-05-16,10:00,1,CONT,0.1051
ES,2016-05-17,10:00,-1,CONT,-0.1695
ES,2016-05-18,10:00,1,RANGE,-0.2268
ES,2016-05-19,10:00,-1,RANGE,-0.4412
ES,2016-05-20,10:00,1,RANGE,0.3384
ES,2016-05-23,10:00,-1,RANGE,0.0239
ES,2016-05-24,10:00,1,RANGE,0.5094
ES,2016-05-25,10:00,1,RANGE,0.3937
ES,2016-05-26,10:00,-1,RANGE,0.1153
ES,2016-05-27,10:00,1,RANGE,0.0969
ES,2016-05-31,10:00,-1,RANGE,-0.1041
ES,2016-06-01,10:00,-1,REV,-0.4021
ES,2016-06-02,10:00,-1,REV,-0.2561
ES,2016-06-03,10:00,-1,RANGE,-0.3358
ES,2016-06-06,10:00,1,RANGE,0.214
ES,2016-06-07,10:00,1,RANGE,0.0925
ES,2016-06-08,10:00,1,RANGE,0.0828
ES,2016-06-09,10:00,1,FADE,-0.4843
ES,2016-06-10,10:00,-1,RANGE,-1.4495
ES,2016-06-13,10:00,1,FADE,-0.3983
ES,2016-06-14,10:00,1,FADE,-0.2748
ES,2016-06-15,10:00,1,FADE,0.2813
ES,2016-06-16,10:00,-1,FADE,-0.6074
ES,2016-06-17,10:00,-1,RANGE,-0.1036
ES,2016-06-20,10:00,1,RANGE,1.3413
ES,2016-06-21,10:00,-1,RANGE,0.2378
ES,2016-06-22,10:00,1,RANGE,0.1331
ES,2016-06-23,10:00,-1,REV,1.0762
ES,2016-06-24,10:00,1,RANGE,-4.121
ES,2016-06-27,10:00,-1,RANGE,-0.7809
ES,2016-06-28,10:00,1,CONT,0.7996
ES,2016-06-29,10:00,1,CONT,0.6953
ES,2016-06-30,10:00,-1,REV,0.2252
ES,2016-07-01,10:00,1,RANGE,-0.0668
ES,2016-07-05,10:00,-1,RANGE,-0.5807
ES,2016-07-06,10:00,-1,REV,-0.2284
ES,2016-07-07,10:00,1,RANGE,0.0459
ES,2016-07-08,10:00,1,CONT,0.5601
ES,2016-07-11,10:00,1,RANGE,0.1898
ES,2016-07-12,10:00,1,RANGE,0.4111
ES,2016-07-13,10:00,-1,RANGE,0.1914
ES,2016-07-14,10:00,-1,RANGE,0.5543
ES,2016-07-15,10:00,-1,CONT,0.2556
ES,2016-07-18,10:00,0,,0.0664
ES,2016-07-19,10:00,-1,RANGE,-0.1975
ES,2016-07-20,10:00,-1,RANGE,0.2289
ES,2016-07-21,10:00,-1,RANGE,-0.0401
ES,2016-07-22,10:00,-1,REV,0.0722
ES,2016-07-25,10:00,-1,RANGE,-0.1085
ES,2016-07-26,10:00,1,RANGE,-0.0656
ES,2016-07-27,10:00,-1,FADE,0.2503
ES,2016-07-28,10:00,1,RANGE,-0.1327
ES,2016-07-29,10:00,0,,-0.1859
ES,2016-08-01,10:00,-1,RANGE,0.0461
ES,2016-08-02,10:00,-1,RANGE,-0.1512
ES,2016-08-03,10:00,1,RANGE,-0.0459
ES,2016-08-04,10:00,-1,RANGE,0.0646
ES,2016-08-05,10:00,1,RANGE,0.5351
ES,2016-08-08,10:00,-1,RANGE,0.1768
ES,2016-08-09,10:00,1,RANGE,0.0724
ES,2016-08-10,10:00,-1,RANGE,0.1125
ES,2016-08-11,10:00,-1,RANGE,0.4669
ES,2016-08-12,10:00,1,FADE,-0.2659
ES,2016-08-15,10:00,1,RANGE,0.3718
ES,2016-08-16,10:00,-1,RANGE,-0.4288
ES,2016-08-17,10:00,-1,RANGE,0.0384
ES,2016-08-18,10:00,1,RANGE,-0.0379
ES,2016-08-19,10:00,-1,FADE,-0.4305
ES,2016-08-22,10:00,-1,FADE,-0.2549
ES,2016-08-23,10:00,1,RANGE,0.5743
ES,2016-08-24,10:00,-1,RANGE,-0.1003
ES,2016-08-25,10:00,1,FADE,-0.4028
ES,2016-08-26,10:00,1,RANGE,0.2459
ES,2016-08-29,10:00,1,RANGE,0.1351
ES,2016-08-30,10:00,1,RANGE,-0.0961
ES,2016-08-31,10:00,-1,RANGE,-0.26
ES,2016-09-01,10:00,-1,RANGE,-0.0393
ES,2016-09-02,10:00,1,RANGE,0.7626
ES,2016-09-06,10:00,-1,RANGE,0.2353
ES,2016-09-07,10:00,1,RANGE,-0.1938
ES,2016-09-08,10:00,-1,RANGE,-0.3725
ES,2016-09-09,10:00,-1,CONT,-1.791
ES,2016-09-12,10:00,1,CONT,-0.6096
ES,2016-09-13,10:00,-1,RANGE,-0.9165
ES,2016-09-14,10:00,1,RANGE,0.0547
ES,2016-09-15,10:00,1,CONT,-0.1074
ES,2016-09-16,10:00,-1,RANGE,-0.4422
ES,2016-09-19,10:00,1,FADE,0.4239
ES,2016-09-20,10:00,-1,CONT,0.5122
ES,2016-09-21,10:00,1,FADE,0.3888
ES,2016-09-22,10:00,1,RANGE,0.5816
ES,2016-09-23,10:00,-1,CONT,-0.2098
ES,2016-09-26,10:00,-1,RANGE,-0.4485
ES,2016-09-27,10:00,1,RANGE,-0.0836
ES,2016-09-28,10:00,-1,RANGE,0.1405
ES,2016-09-29,10:00,1,REV,-0.1155
ES,2016-09-30,10:00,-1,RANGE,0.4282
ES,2016-10-03,10:00,-1,RANGE,-0.2537
ES,2016-10-04,10:00,1,RANGE,0.0972
ES,2016-10-05,10:00,1,RANGE,0.2965
ES,2016-10-06,10:00,-1,RANGE,-0.1257
ES,2016-10-07,10:00,-1,RANGE,0.1142
ES,2016-10-10,10:00,1,RANGE,0.5079
ES,2016-10-11,10:00,-1,CONT,-0.2293
ES,2016-10-12,10:00,1,RANGE,0.0608
ES,2016-10-13,10:00,-1,FADE,-0.7841
ES,2016-10-14,10:00,1,REV,0.566
ES,2016-10-17,10:00,-1,RANGE,0.0
ES,2016-10-18,10:00,-1,RANGE,0.9597
ES,2016-10-19,10:00,-1,RANGE,0.1888
ES,2016-10-20,10:00,1,RANGE,-0.2097
ES,2016-10-21,10:00,1,CONT,-0.5152
ES,2016-10-24,10:00,1,RANGE,0.5405
ES,2016-10-25,10:00,1,RANGE,-0.1075
ES,2016-10-26,10:00,-1,FADE,-0.5671
ES,2016-10-27,10:00,-1,FADE,0.4782
ES,2016-10-28,10:00,1,RANGE,-0.0292
ES,2016-10-31,10:00,-1,RANGE,0.2348
ES,2016-11-01,10:00,-1,FADE,0.2532
ES,2016-11-02,10:00,1,RANGE,-0.2011
ES,2016-11-03,10:00,-1,CONT,0.1701
ES,2016-11-04,10:00,-1,RANGE,0.042
ES,2016-11-07,10:00,1,CONT,1.6655
ES,2016-11-08,10:00,-1,RANGE,-0.2096
ES,2016-11-09,10:00,1,CONT,-0.9588
ES,2016-11-10,10:00,1,FADE,0.4192
ES,2016-11-11,10:00,-1,RANGE,-0.3776
ES,2016-11-14,10:00,-1,FADE,0.281
ES,2016-11-15,10:00,-1,REV,0.2544
ES,2016-11-16,10:00,0,,-0.3281
ES,2016-11-17,10:00,1,RANGE,0.061
ES,2016-11-18,10:00,-1,RANGE,0.0615
ES,2016-11-21,10:00,1,CONT,0.3348
ES,2016-11-22,10:00,-1,RANGE,0.2214
ES,2016-11-23,10:00,-1,FADE,-0.258
ES,2016-11-28,10:00,0,,-0.2793
ES,2016-11-29,10:00,-1,RANGE,0.0131
ES,2016-11-30,10:00,-1,FADE,0.4175
ES,2016-12-01,10:00,-1,CONT,0.2111
ES,2016-12-02,10:00,1,RANGE,0.0849
ES,2016-12-05,10:00,1,RANGE,0.5743
ES,2016-12-06,10:00,-1,RANGE,0.1725
ES,2016-12-07,10:00,-1,REV,-0.1145
ES,2016-12-08,10:00,1,RANGE,0.0
ES,2016-12-09,10:00,1,CONT,-0.182
ES,2016-12-12,10:00,1,RANGE,-0.1108
ES,2016-12-13,10:00,1,RANGE,0.6174
ES,2016-12-14,10:00,1,RANGE,-0.2212
ES,2016-12-15,10:00,1,RANGE,0.154
ES,2016-12-16,10:00,-1,FADE,0.2836
ES,2016-12-19,10:00,1,RANGE,0.132
ES,2016-12-20,10:00,1,RANGE,0.4561
ES,2016-12-21,10:00,-1,CONT,-0.0845
ES,2016-12-22,10:00,-1,RANGE,-0.1704
ES,2016-12-23,10:00,1,RANGE,-0.0336
ES,2016-12-27,10:00,1,RANGE,0.2198
ES,2016-12-28,10:00,-1,CONT,0.2048
ES,2016-12-29,10:00,1,RANGE,0.033
ES,2016-12-30,10:00,-1,FADE,0.2513
ES,2017-01-03,10:00,-1,FADE,1.0033
ES,2017-01-04,10:00,1,RANGE,0.237
ES,2017-01-05,10:00,1,RANGE,-0.1914
ES,2017-01-06,10:00,-1,RANGE,0.0797
ES,2017-01-09,10:00,-1,RANGE,-0.2008
ES,2017-01-10,10:00,-1,RANGE,-0.0171
ES,2017-01-11,10:00,1,RANGE,-0.0339
ES,2017-01-12,10:00,-1,RANGE,-0.3859
ES,2017-01-13,10:00,1,RANGE,0.1174
ES,2017-01-17,10:00,-1,FADE,-0.2667
ES,2017-01-18,10:00,-1,RANGE,0.1929
ES,2017-01-19,10:00,-1,RANGE,0.0967
ES,2017-01-20,10:00,1,FADE,0.5871
ES,2017-01-23,10:00,1,FADE,-0.2775
ES,2017-01-24,10:00,0,,0.1447
ES,2017-01-25,10:00,1,CONT,0.7573
ES,2017-01-26,10:00,1,RANGE,-0.1001
ES,2017-01-27,10:00,-1,RANGE,0.0883
ES,2017-01-30,10:00,-1,RANGE,-0.5867
ES,2017-01-31,10:00,-1,FADE,-0.4549
ES,2017-02-01,10:00,-1,FADE,0.4891
ES,2017-02-02,10:00,1,FADE,-0.3058
ES,2017-02-03,10:00,-1,RANGE,0.7685
ES,2017-02-06,10:00,1,FADE,-0.3767
ES,2017-02-07,10:00,1,FADE,0.3047
ES,2017-02-08,10:00,-1,FADE,-0.2552
ES,2017-02-09,10:00,1,CONT,0.2407
ES,2017-02-10,10:00,1,RANGE,0.3013
ES,2017-02-13,10:00,1,CONT,0.4651
ES,2017-02-14,10:00,-1,REV,-0.1248
ES,2017-02-15,10:00,1,CONT,-0.192
ES,2017-02-16,10:00,-1,RANGE,0.0847
ES,2017-02-17,10:00,1,CONT,-0.5484
ES,2017-02-21,10:00,1,RANGE,0.0179
ES,2017-02-22,10:00,-1,FADE,-0.3297
ES,2017-02-23,10:00,-1,FADE,0.4602
ES,2017-02-24,10:00,1,FADE,-0.729
ES,2017-02-27,10:00,1,RANGE,-0.1098
ES,2017-02-28,10:00,0,,-0.3307
ES,2017-03-01,10:00,1,CONT,1.4887
ES,2017-03-02,10:00,-1,CONT,-0.1444
ES,2017-03-03,10:00,-1,RANGE,-0.1073
ES,2017-03-06,10:00,1,RANGE,-0.7202
ES,2017-03-07,10:00,-1,FADE,-0.3069
ES,2017-03-08,10:00,1,REV,0.1982
ES,2017-03-09,10:00,1,RANGE,0.0897
ES,2017-03-10,10:00,-1,FADE,0.6323
ES,2017-03-13,10:00,-1,RANGE,-0.0536
ES,2017-03-14,10:00,-1,RANGE,-0.4255
ES,2017-03-15,10:00,-1,REV,0.4621
ES,2017-03-16,10:00,-1,RANGE,0.1259
ES,2017-03-17,10:00,-1,CONT,0.1993
ES,2017-03-20,10:00,-1,RANGE,-0.0182
ES,2017-03-21,10:00,-1,CONT,0.5211
ES,2017-03-22,10:00,-1,RANGE,0.0163
ES,2017-03-23,10:00,1,RANGE,-0.1745
ES,2017-03-24,10:00,1,RANGE,0.2349
ES,2017-03-27,10:00,1,CONT,-1.273
ES,2017-03-28,10:00,1,CONT,-0.1765
ES,2017-03-29,10:00,1,RANGE,-0.1405
ES,2017-03-30,10:00,1,RANGE,-0.0914
ES,2017-03-31,10:00,1,RANGE,-0.2458
ES,2017-04-03,10:00,-1,RANGE,0.0462
ES,2017-04-04,10:00,1,RANGE,-0.241
ES,2017-04-05,10:00,1,FADE,0.4063
ES,2017-04-06,10:00,1,RANGE,0.129
ES,2017-04-07,10:00,-1,RANGE,-0.1287
ES,2017-04-10,10:00,1,RANGE,0.1004
ES,2017-04-11,10:00,-1,RANGE,-0.2655
ES,2017-04-12,10:00,-1,RANGE,-0.1796
ES,2017-04-13,10:00,1,FADE,-0.2718
ES,2017-04-17,10:00,1,CONT,0.2931
ES,2017-04-18,10:00,1,FADE,-0.4746
ES,2017-04-19,10:00,1,FADE,0.3614
ES,2017-04-20,10:00,-1,RANGE,0.3706
ES,2017-04-21,10:00,-1,RANGE,-0.0139
ES,2017-04-24,10:00,-1,RANGE,1.4862
ES,2017-04-25,10:00,1,RANGE,0.4294
ES,2017-04-26,10:00,1,RANGE,-0.0141
ES,2017-04-27,10:00,-1,RANGE,0.176
ES,2017-04-28,10:00,-1,RANGE,0.1618
ES,2017-05-01,10:00,-1,FADE,0.341
ES,2017-05-02,10:00,-1,RANGE,0.1179
ES,2017-05-03,10:00,1,FADE,-0.3236
ES,2017-05-04,10:00,-1,RANGE,0.1998
ES,2017-05-05,10:00,-1,FADE,0.2595
ES,2017-05-08,10:00,-1,RANGE,0.0
ES,2017-05-09,10:00,1,RANGE,0.1852
ES,2017-05-10,10:00,1,CONT,-0.0684
ES,2017-05-11,10:00,-1,RANGE,-0.3757
ES,2017-05-12,10:00,-1,RANGE,-0.2287
ES,2017-05-15,10:00,1,RANGE,0.3493
ES,2017-05-16,10:00,-1,FADE,0.2814
ES,2017-05-17,10:00,-1,CONT,-1.5458
ES,2017-05-18,10:00,-1,RANGE,-0.1215
ES,2017-05-19,10:00,1,RANGE,0.3823
ES,2017-05-22,10:00,1,RANGE,0.402
ES,2017-05-23,10:00,-1,FADE,0.2993
ES,2017-05-24,10:00,-1,RANGE,0.1832
ES,2017-05-25,10:00,1,RANGE,0.4465
ES,2017-05-26,10:00,1,RANGE,-0.1277
ES,2017-05-30,10:00,1,FADE,-0.3445
ES,2017-05-31,10:00,-1,RANGE,0.2109
ES,2017-06-01,10:00,-1,REV,0.4198
ES,2017-06-02,10:00,-1,RANGE,0.0556
ES,2017-06-05,10:00,1,RANGE,-0.1104
ES,2017-06-06,10:00,1,FADE,-0.5014
ES,2017-06-07,10:00,1,RANGE,0.2249
ES,2017-06-08,10:00,-1,RANGE,0.074
ES,2017-06-09,10:00,1,RANGE,0.0756
ES,2017-06-12,10:00,-1,RANGE,-0.2431
ES,2017-06-13,10:00,1,RANGE,0.4394
ES,2017-06-14,10:00,-1,RANGE,0.2096
ES,2017-06-15,10:00,1,CONT,-1.2379
ES,2017-06-16,10:00,-1,RANGE,0.0787
ES,2017-06-19,10:00,1,RANGE,0.7811
ES,2017-06-20,10:00,-1,CONT,-0.34
ES,2017-06-21,10:00,-1,FADE,0.2896
ES,2017-06-22,10:00,-1,RANGE,0.019
ES,2017-06-23,10:00,-1,RANGE,0.0584
ES,2017-06-26,10:00,1,FADE,0.5138
ES,2017-06-27,10:00,-1,CONT,-0.2198
ES,2017-06-28,10:00,-1,REV,0.7491
ES,2017-06-29,10:00,-1,RANGE,0.1175
ES,2017-06-30,10:00,-1,FADE,0.5371
ES,2017-07-05,10:00,-1,RANGE,0.2
ES,2017-07-06,10:00,-1,RANGE,-0.5352
ES,2017-07-07,10:00,1,CONT,0.3387
ES,2017-07-10,10:00,-1,RANGE,-0.1075
ES,2017-07-11,10:00,-1,RANGE,-0.123
ES,2017-07-12,10:00,1,RANGE,0.7127
ES,2017-07-13,10:00,1,RANGE,0.0299
ES,2017-07-14,10:00,1,CONT,0.031
ES,2017-07-17,10:00,1,RANGE,-0.0458
ES,2017-07-18,10:00,1,FADE,-0.2878
ES,2017-07-19,10:00,1,CONT,0.2282
ES,2017-07-20,10:00,0,,0.2112
ES,2017-07-21,10:00,-1,FADE,-0.3728
ES,2017-07-24,10:00,-1,RANGE,-0.0489
ES,2017-07-25,10:00,-1,RANGE,0.5995
ES,2017-07-26,10:00,-1,FADE,0.2591
ES,2017-07-27,10:00,-1,FADE,0.3843
ES,2017-07-28,10:00,-1,RANGE,-0.4642
ES,2017-07-31,10:00,-1,FADE,0.3895
ES,2017-08-01,10:00,-1,FADE,0.5589
ES,2017-08-02,10:00,-1,RANGE,0.1393
ES,2017-08-03,10:00,-1,RANGE,-0.0798
ES,2017-08-04,10:00,-1,FADE,0.4478
ES,2017-08-07,10:00,1,CONT,0.0442
ES,2017-08-08,10:00,1,FADE,-0.3175
ES,2017-08-09,10:00,1,FADE,-0.7572
ES,2017-08-10,10:00,-1,CONT,-0.8997
ES,2017-08-11,10:00,1,RANGE,0.1844
ES,2017-08-14,10:00,1,RANGE,1.2211
ES,2017-08-15,10:00,-1,FADE,0.3682
ES,2017-08-16,10:00,1,FADE,0.4688
ES,2017-08-17,10:00,-1,CONT,-0.5305
ES,2017-08-18,10:00,-1,RANGE,-0.1942
ES,2017-08-21,10:00,-1,RANGE,0.0
ES,2017-08-22,10:00,1,CONT,0.4315
ES,2017-08-23,10:00,1,RANGE,-0.6745
ES,2017-08-24,10:00,-1,FADE,0.293
ES,2017-08-25,10:00,1,RANGE,0.5551
ES,2017-08-28,10:00,-1,FADE,0.3591
ES,2017-08-29,10:00,1,CONT,-0.9324
ES,2017-08-30,10:00,1,CONT,-0.0297
ES,2017-08-31,10:00,1,RANGE,0.4106
ES,2017-09-01,10:00,-1,RANGE,0.271
ES,2017-09-05,10:00,1,RANGE,0.0421
ES,2017-09-06,10:00,-1,FADE,0.4294
ES,2017-09-07,10:00,-1,RANGE,0.1804
ES,2017-09-08,10:00,1,FADE,-0.3291
ES,2017-09-11,10:00,1,RANGE,0.9187
ES,2017-09-12,10:00,1,RANGE,0.2553
ES,2017-09-13,10:00,1,RANGE,-0.2249
ES,2017-09-14,10:00,1,FADE,-0.2742
ES,2017-09-15,10:00,-1,REV,-0.1684
ES,2017-09-18,10:00,1,RANGE,0.246
ES,2017-09-19,10:00,-1,RANGE,0.197
ES,2017-09-20,10:00,-1,RANGE,0.0779
ES,2017-09-21,10:00,-1,RANGE,-0.1748
ES,2017-09-22,10:00,1,FADE,-0.297
ES,2017-09-25,10:00,1,FADE,-0.2678
ES,2017-09-26,10:00,1,FADE,0.3448
ES,2017-09-27,10:00,-1,FADE,0.7288
ES,2017-09-28,10:00,1,CONT,-0.2796
ES,2017-09-29,10:00,-1,REV,-0.0448
ES,2017-10-02,10:00,1,RANGE,0.2208
ES,2017-10-03,10:00,1,RANGE,0.1322
ES,2017-10-04,10:00,1,RANGE,-0.1683
ES,2017-10-05,10:00,1,CONT,0.3171
ES,2017-10-06,10:00,1,RANGE,-0.4988
ES,2017-10-09,10:00,-1,RANGE,0.214
ES,2017-10-10,10:00,1,FADE,0.6727
ES,2017-10-11,10:00,-1,REV,-0.1026
ES,2017-10-12,10:00,-1,FADE,-0.4082
ES,2017-10-13,10:00,-1,RANGE,0.5364
ES,2017-10-16,10:00,1,FADE,0.2821
ES,2017-10-17,10:00,1,RANGE,-0.0775
ES,2017-10-18,10:00,-1,FADE,0.4376
ES,2017-10-19,10:00,-1,FADE,-0.996
ES,2017-10-20,10:00,-1,RANGE,0.8877
ES,2017-10-23,10:00,-1,CONT,0.404
ES,2017-10-24,10:00,-1,FADE,0.4046
ES,2017-10-25,10:00,-1,RANGE,-0.3831
ES,2017-10-26,10:00,1,RANGE,0.6813
ES,2017-10-27,10:00,1,CONT,0.8675
ES,2017-10-30,10:00,1,FADE,-0.595
ES,2017-10-31,10:00,-1,FADE,0.3624
ES,2017-11-01,10:00,1,FADE,0.8617
ES,2017-11-02,10:00,-1,RANGE,-0.133
ES,2017-11-03,10:00,-1,RANGE,0.1323
ES,2017-11-06,10:00,1,RANGE,-0.1733
ES,2017-11-07,10:00,1,RANGE,0.1537
ES,2017-11-08,10:00,-1,REV,-0.2394
ES,2017-11-09,10:00,1,RANGE,-1.242
ES,2017-11-10,10:00,-1,FADE,-0.3925
ES,2017-11-13,10:00,1,FADE,-0.6031
ES,2017-11-14,10:00,-1,RANGE,-0.7211
ES,2017-11-15,10:00,-1,RANGE,-0.7769
ES,2017-11-16,10:00,1,CONT,0.6985
ES,2017-11-17,10:00,1,RANGE,-0.2632
ES,2017-11-20,10:00,0,,0.1501
ES,2017-11-21,10:00,1,RANGE,0.5993
ES,2017-11-22,10:00,-1,RANGE,0.0164
ES,2017-11-27,10:00,1,RANGE,0.0194
ES,2017-11-28,10:00,-1,REV,0.4154
ES,2017-11-29,10:00,1,RANGE,0.11
ES,2017-11-30,10:00,1,RANGE,0.7319
ES,2017-12-01,10:00,1,RANGE,-0.1033
ES,2017-12-04,10:00,1,REV,1.1257
ES,2017-12-05,10:00,-1,CONT,0.1892
ES,2017-12-06,10:00,1,RANGE,-0.1847
ES,2017-12-07,10:00,1,CONT,-0.0853
ES,2017-12-08,10:00,1,RANGE,0.6948
ES,2017-12-11,10:00,1,RANGE,0.0433
ES,2017-12-12,10:00,1,RANGE,0.1167
ES,2017-12-13,10:00,1,RANGE,0.1648
ES,2017-12-14,10:00,0,,0.2022
ES,2017-12-15,10:00,0,,0.7366
ES,2017-12-18,10:00,1,RANGE,0.9057
ES,2017-12-19,10:00,-1,CONT,0.145
ES,2017-12-20,10:00,-1,FADE,0.6025
ES,2017-12-21,10:00,-1,RANGE,0.3706
ES,2017-12-22,10:00,1,RANGE,0.0
ES,2017-12-26,10:00,1,RANGE,-0.1788
ES,2017-12-27,10:00,-1,RANGE,0.0694
ES,2017-12-28,10:00,-1,RANGE,0.2039
ES,2017-12-29,10:00,-1,CONT,0.4182
ES,2018-01-02,10:00,1,RANGE,0.5914
ES,2018-01-03,10:00,1,RANGE,0.102
ES,2018-01-04,10:00,1,RANGE,0.4729
ES,2018-01-05,10:00,-1,RANGE,0.5877
ES,2018-01-08,10:00,1,RANGE,-0.0864
ES,2018-01-09,10:00,-1,RANGE,0.315
ES,2018-01-10,10:00,-1,FADE,-0.6389
ES,2018-01-11,10:00,1,CONT,0.381
ES,2018-01-12,10:00,1,CONT,0.2008
ES,2018-01-16,10:00,1,FADE,0.4125
ES,2018-01-17,10:00,-1,FADE,0.699
ES,2018-01-18,10:00,1,RANGE,-0.1074
ES,2018-01-19,10:00,-1,FADE,0.3533
ES,2018-01-22,10:00,1,CONT,-0.1862
ES,2018-01-23,10:00,-1,RANGE,0.0298
ES,2018-01-24,10:00,1,FADE,0.4402
ES,2018-01-25,10:00,-1,FADE,0.5055
ES,2018-01-26,10:00,1,CONT,0.5323
ES,2018-01-29,10:00,1,REV,-0.3348
ES,2018-01-30,10:00,-1,RANGE,-1.0494
ES,2018-01-31,10:00,1,FADE,0.4869
ES,2018-02-01,10:00,1,FADE,-0.4077
ES,2018-02-02,10:00,-1,CONT,-0.7323
ES,2018-02-05,10:00,1,REV,-0.8623
ES,2018-02-06,10:00,1,FADE,-1.4567
ES,2018-02-07,10:00,1,RANGE,-0.216
ES,2018-02-08,10:00,-1,CONT,0.0826
ES,2018-02-09,10:00,-1,FADE,0.7685
ES,2018-02-12,10:00,-1,FADE,0.4665
ES,2018-02-13,10:00,1,CONT,-0.2808
ES,2018-02-14,10:00,1,CONT,-0.3519
ES,2018-02-15,10:00,-1,FADE,0.3731
ES,2018-02-16,10:00,1,RANGE,-0.1559
ES,2018-02-20,10:00,1,RANGE,-0.1547
ES,2018-02-21,10:00,1,RANGE,0.0783
ES,2018-02-22,10:00,1,RANGE,0.2166
ES,2018-02-23,10:00,1,CONT,0.2846
ES,2018-02-26,10:00,1,CONT,0.2254
ES,2018-02-27,10:00,-1,CONT,0.0464
ES,2018-02-28,10:00,1,REV,0.2527
ES,2018-03-01,10:00,-1,RANGE,0.0
ES,2018-03-02,10:00,-1,REV,-0.3364
ES,2018-03-05,10:00,1,CONT,-0.2402
ES,2018-03-06,10:00,-1,RANGE,0.1915
ES,2018-03-07,10:00,1,FADE,-0.5089
ES,2018-03-08,10:00,-1,RANGE,0.1555
ES,2018-03-09,10:00,1,CONT,0.3653
ES,2018-03-12,10:00,1,RANGE,0.2082
ES,2018-03-13,10:00,1,REV,0.3453
ES,2018-03-14,10:00,-1,CONT,0.2773
ES,2018-03-15,10:00,-1,RANGE,0.1496
ES,2018-03-16,10:00,1,RANGE,0.1339
ES,2018-03-19,10:00,-1,RANGE,-0.2394
ES,2018-03-20,10:00,-1,RANGE,0.1102
ES,2018-03-21,10:00,-1,RANGE,-0.0066
ES,2018-03-22,10:00,-1,CONT,-0.7111
ES,2018-03-23,10:00,-1,CONT,0.1159
ES,2018-03-26,10:00,1,RANGE,1.0435
ES,2018-03-27,10:00,-1,CONT,0.2479
ES,2018-03-28,10:00,1,RANGE,0.0341
ES,2018-03-29,10:00,-1,RANGE,0.2867
ES,2018-04-02,10:00,-1,CONT,-0.2283
ES,2018-04-03,10:00,-1,FADE,0.3185
ES,2018-04-04,10:00,1,CONT,-0.936
ES,2018-04-05,10:00,-1,RANGE,0.3713
ES,2018-04-06,10:00,1,FADE,-0.4885
ES,2018-04-09,10:00,1,RANGE,0.3196
ES,2018-04-10,10:00,-1,RANGE,0.6771
ES,2018-04-11,10:00,1,FADE,-0.3275
ES,2018-04-12,10:00,1,RANGE,0.2854
ES,2018-04-13,10:00,-1,FADE,0.2957
ES,2018-04-16,10:00,-1,RANGE,0.3694
ES,2018-04-17,10:00,1,RANGE,0.3877
ES,2018-04-18,10:00,1,RANGE,0.1026
ES,2018-04-19,10:00,-1,RANGE,-0.1564
ES,2018-04-20,10:00,-1,CONT,-0.0196
ES,2018-04-23,10:00,-1,RANGE,0.1274
ES,2018-04-24,10:00,-1,CONT,0.2409
ES,2018-04-25,10:00,-1,RANGE,-0.0324
ES,2018-04-26,10:00,1,RANGE,0.2785
ES,2018-04-27,10:00,-1,RANGE,0.1484
ES,2018-04-30,10:00,1,REV,0.1429
ES,2018-05-01,10:00,0,,-0.1336
ES,2018-05-02,10:00,-1,RANGE,-0.0649
ES,2018-05-03,10:00,-1,FADE,-0.2703
ES,2018-05-04,10:00,1,CONT,-0.3193
ES,2018-05-07,10:00,1,RANGE,0.2447
ES,2018-05-08,10:00,-1,RANGE,-0.1316
ES,2018-05-09,10:00,1,CONT,0.2448
ES,2018-05-10,10:00,1,CONT,0.2344
ES,2018-05-11,10:00,1,RANGE,0.0228
ES,2018-05-14,10:00,1,RANGE,0.2275
ES,2018-05-15,10:00,-1,RANGE,-0.4489
ES,2018-05-16,10:00,1,CONT,0.0486
ES,2018-05-17,10:00,-1,RANGE,-0.0885
ES,2018-05-18,10:00,-1,RANGE,-0.0975
ES,2018-05-21,10:00,1,RANGE,0.5412
ES,2018-05-22,10:00,-1,CONT,0.2197
ES,2018-05-23,10:00,1,CONT,-0.5237
ES,2018-05-24,10:00,-1,RANGE,-0.1867
ES,2018-05-25,10:00,1,FADE,-0.257
ES,2018-05-29,10:00,1,RANGE,-0.9184
ES,2018-05-30,10:00,-1,REV,0.59
ES,2018-05-31,10:00,-1,CONT,-0.1442
ES,2018-06-01,10:00,1,RANGE,0.6397
ES,2018-06-04,10:00,1,RANGE,0.3583
ES,2018-06-05,10:00,1,RANGE,0.0425
ES,2018-06-06,10:00,-1,REV,0.2491
ES,2018-06-07,10:00,1,RANGE,0.1977
ES,2018-06-08,10:00,1,CONT,-0.1906
ES,2018-06-11,10:00,1,RANGE,0.3025
ES,2018-06-12,10:00,-1,FADE,0.2692
ES,2018-06-13,10:00,-1,CONT,0.0818
ES,2018-06-14,10:00,-1,FADE,0.4924
ES,2018-06-15,10:00,-1,FADE,-0.4407
ES,2018-06-18,10:00,1,CONT,-0.8227
ES,2018-06-19,10:00,1,CONT,-1.2726
ES,2018-06-20,10:00,1,FADE,0.3527
ES,2018-06-21,10:00,-1,RANGE,-0.0702
ES,2018-06-22,10:00,-1,FADE,0.7055
ES,2018-06-25,10:00,-1,RANGE,-0.5838
ES,2018-06-26,10:00,-1,FADE,0.2924
ES,2018-06-27,10:00,1,REV,0.301
ES,2018-06-28,10:00,1,RANGE,0.011
ES,2018-06-29,10:00,1,FADE,0.4639
ES,2018-07-02,10:00,1,CONT,-0.7956
ES,2018-07-05,10:00,-1,FADE,0.341
ES,2018-07-06,10:00,1,CONT,0.0212
ES,2018-07-09,10:00,1,CONT,0.4918
ES,2018-07-10,10:00,1,RANGE,0.2112
ES,2018-07-11,10:00,1,RANGE,-0.7139
ES,2018-07-12,10:00,-1,RANGE,0.5357
ES,2018-07-13,10:00,-1,RANGE,-0.0389
ES,2018-07-16,10:00,-1,RANGE,0.0099
ES,2018-07-17,10:00,1,CONT,-0.3152
ES,2018-07-18,10:00,-1,RANGE,0.0103
ES,2018-07-19,10:00,-1,RANGE,-0.3507
ES,2018-07-20,10:00,1,RANGE,-0.0733
ES,2018-07-23,10:00,1,RANGE,-0.1168
ES,2018-07-24,10:00,1,RANGE,0.713
ES,2018-07-25,10:00,1,CONT,-0.0693
ES,2018-07-26,10:00,1,FADE,-0.4793
ES,2018-07-27,10:00,-1,CONT,0.2023
ES,2018-07-30,10:00,-1,CONT,0.0248
ES,2018-07-31,10:00,-1,RANGE,0.5016
ES,2018-08-01,10:00,1,RANGE,0.152
ES,2018-08-02,10:00,1,CONT,-0.7768
ES,2018-08-03,10:00,0,,0.1198
ES,2018-08-06,10:00,1,CONT,-0.0501
ES,2018-08-07,10:00,1,RANGE,0.3318
ES,2018-08-08,10:00,-1,RANGE,-0.0889
ES,2018-08-09,10:00,-1,RANGE,0.0132
ES,2018-08-10,10:00,-1,RANGE,-0.9047
ES,2018-08-13,10:00,1,REV,0.1714
ES,2018-08-14,10:00,1,RANGE,0.4196
ES,2018-08-15,10:00,-1,RANGE,-0.7969
ES,2018-08-16,10:00,1,RANGE,0.7586
ES,2018-08-17,10:00,1,RANGE,-0.1393
ES,2018-08-20,10:00,-1,RANGE,0.2257
ES,2018-08-21,10:00,1,RANGE,0.2507
ES,2018-08-22,10:00,-1,RANGE,-0.1854
ES,2018-08-23,10:00,1,RANGE,-0.1455
ES,2018-08-24,10:00,1,CONT,0.3243
ES,2018-08-27,10:00,1,RANGE,0.6484
ES,2018-08-28,10:00,-1,FADE,0.2741
ES,2018-08-29,10:00,0,,0.1284
ES,2018-08-30,10:00,-1,RANGE,-0.2835
ES,2018-08-31,10:00,1,RANGE,-0.2148
ES,2018-09-04,10:00,-1,RANGE,-0.5878
ES,2018-09-05,10:00,-1,RANGE,-0.2265
ES,2018-09-06,10:00,1,RANGE,0.0259
ES,2018-09-07,10:00,1,FADE,-0.625
ES,2018-09-10,10:00,-1,FADE,0.586
ES,2018-09-11,10:00,1,CONT,-0.3914
ES,2018-09-12,10:00,-1,RANGE,-0.0515
ES,2018-09-13,10:00,1,RANGE,0.6007
ES,2018-09-14,10:00,-1,FADE,0.3977
ES,2018-09-17,10:00,-1,CONT,-0.0876
ES,2018-09-18,10:00,1,RANGE,0.1562
ES,2018-09-19,10:00,1,RANGE,0.0139
ES,2018-09-20,10:00,1,CONT,0.7595
ES,2018-09-21,10:00,-1,CONT,0.4632
ES,2018-09-24,10:00,-1,RANGE,-0.387
ES,2018-09-25,10:00,-1,CONT,0.2537
ES,2018-09-26,10:00,1,RANGE,0.0842
ES,2018-09-27,10:00,1,RANGE,0.3003
ES,2018-09-28,10:00,1,FADE,-0.3948
ES,2018-10-01,10:00,1,FADE,0.8082
ES,2018-10-02,10:00,1,RANGE,-0.066
ES,2018-10-03,10:00,-1,FADE,0.6114
ES,2018-10-04,10:00,-1,RANGE,-0.3537
ES,2018-10-05,10:00,-1,RANGE,0.0909
ES,2018-10-08,10:00,1,FADE,-0.4436
ES,2018-10-09,10:00,1,RANGE,-0.2029
ES,2018-10-10,10:00,-1,CONT,-0.3018
ES,2018-10-11,10:00,1,FADE,-0.475
ES,2018-10-12,10:00,-1,FADE,1.5808
ES,2018-10-15,10:00,-1,RANGE,-0.1839
ES,2018-10-16,10:00,1,CONT,0.684
ES,2018-10-17,10:00,-1,RANGE,0.0386
ES,2018-10-18,10:00,-1,RANGE,-0.3262
ES,2018-10-19,10:00,1,RANGE,0.1776
ES,2018-10-22,10:00,-1,RANGE,0.2198
ES,2018-10-23,10:00,-1,FADE,-1.134
ES,2018-10-24,10:00,-1,CONT,-0.063
ES,2018-10-25,10:00,1,RANGE,0.5019
ES,2018-10-26,10:00,-1,RANGE,-0.9526
ES,2018-10-29,10:00,1,FADE,0.7226
ES,2018-10-30,10:00,1,RANGE,-0.0333
ES,2018-10-31,10:00,1,RANGE,0.5237
ES,2018-11-01,10:00,-1,RANGE,0.1558
ES,2018-11-02,10:00,-1,RANGE,0.2244
ES,2018-11-05,10:00,-1,RANGE,0.1061
ES,2018-11-06,10:00,1,RANGE,-0.0221
ES,2018-11-07,10:00,-1,REV,0.4383
ES,2018-11-08,10:00,1,RANGE,-0.16
ES,2018-11-09,10:00,-1,RANGE,-0.2823
ES,2018-11-12,10:00,-1,CONT,-0.132
ES,2018-11-13,10:00,1,RANGE,0.1044
ES,2018-11-14,10:00,-1,CONT,0.4167
ES,2018-11-15,10:00,-1,REV,-0.2741
ES,2018-11-16,10:00,1,RANGE,-0.2388
ES,2018-11-19,10:00,-1,CONT,-0.1268
ES,2018-11-20,10:00,-1,RANGE,-0.7005
ES,2018-11-21,10:00,1,RANGE,0.2897
ES,2018-11-26,10:00,1,RANGE,0.6236
ES,2018-11-27,10:00,1,FADE,-0.2662
ES,2018-11-28,10:00,-1,REV,0.3032
ES,2018-11-29,10:00,-1,RANGE,-0.1942
ES,2018-11-30,10:00,1,CONT,-0.0472
ES,2018-12-03,10:00,-1,RANGE,1.0935
ES,2018-12-04,10:00,-1,CONT,-0.2029
ES,2018-12-06,10:00,-1,FADE,-1.0269
ES,2018-12-07,10:00,1,REV,-0.1073
ES,2018-12-10,10:00,-1,RANGE,-0.0551
ES,2018-12-11,10:00,-1,CONT,0.7003
ES,2018-12-12,10:00,-1,RANGE,0.664
ES,2018-12-13,10:00,-1,RANGE,0.1904
ES,2018-12-14,10:00,1,RANGE,-0.4168
ES,2018-12-17,10:00,-1,RANGE,-0.2239
ES,2018-12-18,10:00,1,FADE,0.3631
ES,2018-12-19,10:00,1,RANGE,0.0099
ES,2018-12-20,10:00,1,RANGE,-0.2284
ES,2018-12-21,10:00,1,REV,0.1922
ES,2018-12-26,10:00,-1,REV,0.4249
ES,2018-12-27,10:00,-1,REV,-0.5368
ES,2018-12-28,10:00,-1,RANGE,0.1934
ES,2018-12-31,10:00,-1,FADE,0.254
ES,2019-01-02,10:00,1,CONT,-0.6129
ES,2019-01-03,10:00,-1,RANGE,-0.2972
ES,2019-01-04,10:00,1,RANGE,0.496
ES,2019-01-07,10:00,-1,RANGE,0.025
ES,2019-01-08,10:00,-1,FADE,0.3751
ES,2019-01-09,10:00,1,RANGE,0.1301
ES,2019-01-10,10:00,-1,REV,-0.26
ES,2019-01-11,10:00,-1,REV,-0.2078
ES,2019-01-14,10:00,1,RANGE,-0.3395
ES,2019-01-15,10:00,1,RANGE,0.0576
ES,2019-01-16,10:00,1,RANGE,0.0712
ES,2019-01-17,10:00,1,CONT,-0.1889
ES,2019-01-18,10:00,-1,RANGE,0.3535
ES,2019-01-22,10:00,-1,RANGE,-0.1776
ES,2019-01-23,10:00,1,RANGE,0.2132
ES,2019-01-24,10:00,-1,RANGE,-0.0377
ES,2019-01-25,10:00,1,RANGE,0.4797
ES,2019-01-28,10:00,-1,RANGE,-0.6511
ES,2019-01-29,10:00,1,RANGE,0.02
ES,2019-01-30,10:00,-1,RANGE,0.4433
ES,2019-01-31,10:00,1,RANGE,-0.0337
ES,2019-02-01,10:00,-1,RANGE,0.0638
ES,2019-02-04,10:00,-1,REV,0.0079
ES,2019-02-05,10:00,1,RANGE,0.1373
ES,2019-02-06,10:00,0,,-0.1248
ES,2019-02-07,10:00,-1,RANGE,-0.6553
ES,2019-02-08,10:00,-1,REV,-0.4864
ES,2019-02-11,10:00,-1,RANGE,0.232
ES,2019-02-12,10:00,1,CONT,0.6073
ES,2019-02-13,10:00,1,RANGE,0.3003
ES,2019-02-14,10:00,-1,FADE,-0.4155
ES,2019-02-15,10:00,1,RANGE,0.6613
ES,2019-02-19,10:00,1,CONT,-0.4216
ES,2019-02-20,10:00,1,RANGE,-0.0276
ES,2019-02-21,10:00,-1,RANGE,-0.3175
ES,2019-02-22,10:00,1,CONT,0.25
ES,2019-02-25,10:00,-1,FADE,0.6099
ES,2019-02-26,10:00,1,RANGE,-0.2045
ES,2019-02-27,10:00,1,FADE,-0.3421
ES,2019-02-28,10:00,1,RANGE,-0.1547
ES,2019-03-01,10:00,1,FADE,0.8671
ES,2019-03-04,10:00,0,,0.5055
ES,2019-03-05,10:00,-1,RANGE,0.0654
ES,2019-03-06,10:00,-1,CONT,0.0219
ES,2019-03-07,10:00,-1,RANGE,-0.2474
ES,2019-03-08,10:00,1,CONT,-0.751
ES,2019-03-11,10:00,1,CONT,0.3231
ES,2019-03-12,10:00,1,RANGE,0.2315
ES,2019-03-13,10:00,1,RANGE,0.4543
ES,2019-03-14,10:00,1,RANGE,-0.0324
ES,2019-03-15,10:00,1,RANGE,0.235
ES,2019-03-18,10:00,1,RANGE,0.0797
ES,2019-03-19,10:00,-1,FADE,0.5022
ES,2019-03-20,10:00,-1,RANGE,-0.1534
ES,2019-03-21,10:00,1,CONT,-0.3926
ES,2019-03-22,10:00,-1,CONT,-0.6253
ES,2019-03-25,10:00,-1,RANGE,-0.1597
ES,2019-03-26,10:00,1,RANGE,0.7179
ES,2019-03-27,10:00,-1,RANGE,0.0361
ES,2019-03-28,10:00,1,RANGE,0.1926
ES,2019-03-29,10:00,-1,FADE,0.5417
ES,2019-04-01,10:00,-1,REV,0.7257
ES,2019-04-02,10:00,-1,RANGE,0.0266
ES,2019-04-03,10:00,-1,FADE,0.4717
ES,2019-04-04,10:00,1,RANGE,0.0804
ES,2019-04-05,10:00,1,RANGE,0.2588
ES,2019-04-08,10:00,-1,RANGE,-0.1785
ES,2019-04-09,10:00,-1,RANGE,-0.4541
ES,2019-04-10,10:00,0,,0.156
ES,2019-04-11,10:00,-1,RANGE,0.182
ES,2019-04-12,10:00,1,RANGE,0.7164
ES,2019-04-15,10:00,-1,RANGE,0.0101
ES,2019-04-16,10:00,-1,FADE,0.3737
ES,2019-04-17,10:00,-1,FADE,0.468
ES,2019-04-18,10:00,-1,FADE,0.2533
ES,2019-04-22,10:00,1,FADE,-0.3829
ES,2019-04-23,10:00,1,CONT,0.1866
ES,2019-04-24,10:00,-1,RANGE,-0.0371
ES,2019-04-25,10:00,-1,RANGE,-0.0781
ES,2019-04-26,10:00,-1,RANGE,0.0
ES,2019-04-29,10:00,1,RANGE,0.0136
ES,2019-04-30,10:00,-1,RANGE,-0.1959
ES,2019-05-01,10:00,-1,CONT,0.4335
ES,2019-05-02,10:00,1,RANGE,-0.1093
ES,2019-05-03,10:00,1,CONT,0.7947
ES,2019-05-06,10:00,1,FADE,-2.4555
ES,2019-05-07,10:00,-1,RANGE,-1.3008
ES,2019-05-08,10:00,1,RANGE,-0.2158
ES,2019-05-09,10:00,-1,FADE,-0.9781
ES,2019-05-10,10:00,-1,FADE,-0.4105
ES,2019-05-13,10:00,-1,RANGE,-1.9827
ES,2019-05-14,10:00,1,RANGE,0.314
ES,2019-05-15,10:00,1,FADE,-0.5263
ES,2019-05-16,10:00,1,RANGE,0.1946
ES,2019-05-17,10:00,1,FADE,-0.7045
ES,2019-05-20,10:00,1,RANGE,-0.5149
ES,2019-05-21,10:00,-1,RANGE,0.4847
ES,2019-05-22,10:00,1,FADE,-0.289
ES,2019-05-23,10:00,-1,RANGE,-0.6809
ES,2019-05-24,10:00,-1,FADE,0.3782
ES,2019-05-28,10:00,1,REV,-0.0259
ES,2019-05-29,10:00,-1,RANGE,-0.3234
ES,2019-05-30,10:00,1,RANGE,0.1768
ES,2019-05-31,10:00,-1,RANGE,-0.7346
ES,2019-06-03,10:00,-1,RANGE,-0.0253
ES,2019-06-04,10:00,-1,REV,0.6585
ES,2019-06-05,10:00,-1,FADE,0.4711
ES,2019-06-06,10:00,-1,RANGE,0.0914
ES,2019-06-07,10:00,1,RANGE,0.3128
ES,2019-06-10,10:00,1,RANGE,0.4755
ES,2019-06-11,10:00,-1,CONT,0.5993
ES,2019-06-12,10:00,1,RANGE,-0.0825
ES,2019-06-13,10:00,1,FADE,0.306
ES,2019-06-14,10:00,-1,RANGE,-0.0082
ES,2019-06-17,10:00,1,RANGE,0.0928
ES,2019-06-18,10:00,1,RANGE,0.6696
ES,2019-06-19,10:00,1,RANGE,0.0681
ES,2019-06-20,10:00,-1,FADE,0.9954
ES,2019-06-21,10:00,-1,RANGE,-0.1047
ES,2019-06-24,10:00,-1,RANGE,0.0439
ES,2019-06-25,10:00,-1,CONT,0.0
ES,2019-06-26,10:00,-1,FADE,0.3263
ES,2019-06-27,10:00,1,RANGE,0.2719
ES,2019-06-28,10:00,-1,RANGE,0.386
ES,2019-07-01,10:00,-1,RANGE,1.3695
ES,2019-07-02,10:00,-1,RANGE,-0.0094
ES,2019-07-05,10:00,-1,RANGE,-0.7217
ES,2019-07-08,10:00,-1,RANGE,-0.604
ES,2019-07-09,10:00,1,CONT,-0.6186
ES,2019-07-10,10:00,1,RANGE,0.518
ES,2019-07-11,10:00,-1,FADE,0.3109
ES,2019-07-12,10:00,-1,REV,0.2545
ES,2019-07-15,10:00,-1,RANGE,0.2087
ES,2019-07-16,10:00,-1,CONT,-0.0582
ES,2019-07-17,10:00,-1,CONT,-0.0124
ES,2019-07-18,10:00,1,CONT,-0.3228
ES,2019-07-19,10:00,-1,CONT,0.5931
ES,2019-07-22,10:00,1,RANGE,0.2313
ES,2019-07-23,10:00,-1,FADE,0.5911
ES,2019-07-24,10:00,1,CONT,-0.3963
ES,2019-07-25,10:00,-1,RANGE,-0.221
ES,2019-07-26,10:00,1,CONT,0.3846
ES,2019-07-29,10:00,-1,RANGE,-0.0359
ES,2019-07-30,10:00,1,FADE,-0.8056
ES,2019-07-31,10:00,-1,CONT,0.0764
ES,2019-08-01,10:00,1,RANGE,0.0817
ES,2019-08-02,10:00,-1,RANGE,-0.424
ES,2019-08-05,10:00,-1,CONT,-1.8623
ES,2019-08-06,10:00,1,FADE,0.6224
ES,2019-08-07,10:00,-1,FADE,-1.1165
ES,2019-08-08,10:00,1,CONT,0.4637
ES,2019-08-09,10:00,-1,RANGE,-0.293
ES,2019-08-12,10:00,-1,RANGE,-0.455
ES,2019-08-13,10:00,1,RANGE,-0.0984
ES,2019-08-14,10:00,1,REV,-1.0961
ES,2019-08-15,10:00,1,RANGE,0.204
ES,2019-08-16,10:00,1,RANGE,0.3992
ES,2019-08-19,10:00,-1,RANGE,0.7412
ES,2019-08-20,10:00,-1,RANGE,-0.1235
ES,2019-08-21,10:00,1,RANGE,0.5241
ES,2019-08-22,10:00,1,RANGE,0.1648
ES,2019-08-23,10:00,-1,CONT,-0.2888
ES,2019-08-26,10:00,-1,RANGE,0.4838
ES,2019-08-27,10:00,-1,CONT,0.3017
ES,2019-08-28,10:00,1,RANGE,-0.1363
ES,2019-08-29,10:00,1,RANGE,0.5422
ES,2019-08-30,10:00,-1,CONT,0.3301
ES,2019-09-03,10:00,1,RANGE,0.1135
ES,2019-09-04,10:00,-1,RANGE,0.5223
ES,2019-09-05,10:00,1,RANGE,0.635
ES,2019-09-06,10:00,-1,RANGE,0.0866
ES,2019-09-09,10:00,-1,FADE,0.256
ES,2019-09-10,10:00,-1,RANGE,-0.1964
ES,2019-09-11,10:00,1,CONT,0.065
ES,2019-09-12,10:00,-1,FADE,0.2546
ES,2019-09-13,10:00,-1,RANGE,0.2013
ES,2019-09-16,10:00,1,RANGE,-0.3766
ES,2019-09-17,10:00,1,CONT,-0.0627
ES,2019-09-18,10:00,-1,RANGE,-0.1437
ES,2019-09-19,10:00,1,RANGE,0.1274
ES,2019-09-20,10:00,-1,CONT,0.2206
ES,2019-09-23,10:00,1,RANGE,-0.2178
ES,2019-09-24,10:00,1,REV,0.4291
ES,2019-09-25,10:00,-1,RANGE,0.0365
ES,2019-09-26,10:00,-1,RANGE,0.0
ES,2019-09-27,10:00,-1,FADE,0.3218
ES,2019-09-30,10:00,1,RANGE,0.2302
ES,2019-10-01,10:00,1,REV,0.339
ES,2019-10-02,10:00,-1,CONT,-0.6128
ES,2019-10-03,10:00,1,RANGE,-0.0922
ES,2019-10-04,10:00,1,CONT,0.248
ES,2019-10-07,10:00,-1,FADE,-0.292
ES,2019-10-08,10:00,-1,RANGE,-0.674
ES,2019-10-09,10:00,-1,RANGE,0.6642
ES,2019-10-10,10:00,1,RANGE,-0.0297
ES,2019-10-11,10:00,1,RANGE,0.8756
ES,2019-10-14,10:00,1,RANGE,-0.0965
ES,2019-10-15,10:00,1,RANGE,0.3056
ES,2019-10-16,10:00,-1,RANGE,-0.1611
ES,2019-10-17,10:00,1,FADE,0.3229
ES,2019-10-18,10:00,1,RANGE,-0.1654
ES,2019-10-21,10:00,-1,RANGE,0.4046
ES,2019-10-22,10:00,1,REV,0.1454
ES,2019-10-23,10:00,1,RANGE,-0.0941
ES,2019-10-24,10:00,-1,FADE,0.307
ES,2019-10-25,10:00,1,CONT,-0.2121
ES,2019-10-28,10:00,1,RANGE,0.3816
ES,2019-10-29,10:00,1,RANGE,-0.1169
ES,2019-10-30,10:00,-1,RANGE,0.075
ES,2019-10-31,10:00,-1,RANGE,-0.0358
ES,2019-11-01,10:00,1,RANGE,0.5969
ES,2019-11-04,10:00,-1,RANGE,0.6511
ES,2019-11-05,10:00,-1,RANGE,0.0985
ES,2019-11-06,10:00,-1,RANGE,0.0212
ES,2019-11-07,10:00,1,RANGE,0.6236
ES,2019-11-08,10:00,-1,RANGE,-0.2048
ES,2019-11-11,10:00,1,RANGE,-0.7926
ES,2019-11-12,10:00,1,RANGE,0.1706
ES,2019-11-13,10:00,1,CONT,-0.5488
ES,2019-11-14,10:00,1,RANGE,-0.201
ES,2019-11-15,10:00,-1,RANGE,0.7323
ES,2019-11-18,10:00,-1,RANGE,-0.1646
ES,2019-11-19,10:00,-1,FADE,0.3377
ES,2019-11-20,10:00,1,FADE,-0.3285
ES,2019-11-21,10:00,-1,RANGE,0.0127
ES,2019-11-22,10:00,0,,0.3932
ES,2019-11-25,10:00,1,RANGE,0.5091
ES,2019-11-26,10:00,1,RANGE,0.026
ES,2019-11-27,10:00,0,,0.287
ES,2019-12-02,10:00,-1,RANGE,0.0598
ES,2019-12-03,10:00,-1,RANGE,-1.694
ES,2019-12-04,10:00,1,RANGE,0.625
ES,2019-12-05,10:00,-1,FADE,0.3659
ES,2019-12-06,10:00,1,RANGE,1.0634
ES,2019-12-09,10:00,1,RANGE,-0.1981
ES,2019-12-10,10:00,-1,RANGE,-0.025
ES,2019-12-11,10:00,1,FADE,0.2508
ES,2019-12-12,10:00,1,RANGE,-0.0128
ES,2019-12-13,10:00,1,RANGE,0.0121
ES,2019-12-16,10:00,1,RANGE,0.9194
ES,2019-12-17,10:00,-1,RANGE,0.1835
ES,2019-12-18,10:00,-1,RANGE,0.2094
ES,2019-12-19,10:00,1,CONT,0.0612
ES,2019-12-20,10:00,1,RANGE,0.5412
ES,2019-12-23,10:00,-1,FADE,0.3157
ES,2019-12-26,10:00,1,CONT,0.1415
ES,2019-12-27,10:00,-1,FADE,0.4095
ES,2019-12-30,10:00,-1,RANGE,0.0
ES,2019-12-31,10:00,1,FADE,-0.2768
ES,2020-01-02,10:00,1,RANGE,0.8375
ES,2020-01-03,10:00,1,RANGE,-1.9271
ES,2020-01-06,10:00,1,CONT,-0.9987
ES,2020-01-07,10:00,-1,FADE,-0.3392
ES,2020-01-08,10:00,1,RANGE,0.0887
ES,2020-01-09,10:00,-1,RANGE,0.8369
ES,2020-01-10,10:00,-1,CONT,0.3112
ES,2020-01-13,10:00,1,CONT,0.338
ES,2020-01-14,10:00,-1,RANGE,-0.2299
ES,2020-01-15,10:00,1,RANGE,-0.0495
ES,2020-01-16,10:00,-1,REV,0.727
ES,2020-01-17,10:00,0,,0.3783
ES,2020-01-21,10:00,1,FADE,-0.4281
ES,2020-01-22,10:00,1,FADE,0.4588
ES,2020-01-23,10:00,-1,FADE,-0.386
ES,2020-01-24,10:00,-1,CONT,0.288
ES,2020-01-27,10:00,1,RANGE,-2.4588
ES,2020-01-28,10:00,1,RANGE,0.6108
ES,2020-01-29,10:00,-1,FADE,0.534
ES,2020-01-30,10:00,1,CONT,-0.8756
ES,2020-01-31,10:00,-1,CONT,-0.2627
ES,2020-02-03,10:00,1,RANGE,0.5734
ES,2020-02-04,10:00,1,RANGE,1.3283
ES,2020-02-05,10:00,-1,RANGE,1.0027
ES,2020-02-06,10:00,-1,FADE,0.3248
ES,2020-02-07,10:00,-1,RANGE,-0.3609
ES,2020-02-10,10:00,1,FADE,-0.3213
ES,2020-02-11,10:00,-1,FADE,0.4535
ES,2020-02-12,10:00,1,RANGE,0.4804
ES,2020-02-13,10:00,1,FADE,-0.4834
ES,2020-02-14,10:00,-1,RANGE,0.0983
ES,2020-02-18,10:00,1,RANGE,-0.5856
ES,2020-02-19,10:00,1,RANGE,0.3139
ES,2020-02-20,10:00,1,RANGE,-0.181
ES,2020-02-21,10:00,-1,RANGE,-0.4127
ES,2020-02-24,10:00,1,RANGE,-2.9501
ES,2020-02-25,10:00,-1,CONT,0.3904
ES,2020-02-26,10:00,1,FADE,0.3393
ES,2020-02-27,10:00,-1,CONT,-1.3675
ES,2020-02-28,10:00,-1,FADE,-1.7512
ES,2020-03-02,10:00,-1,REV,0.3174
ES,2020-03-03,10:00,-1,RANGE,0.069
ES,2020-03-04,10:00,-1,REV,0.9132
ES,2020-03-05,10:00,-1,RANGE,-1.1828
ES,2020-03-06,10:00,1,RANGE,-1.2691
ES,2020-03-10,10:00,-1,FADE,1.1681
ES,2020-03-11,10:00,-1,RANGE,-0.823
ES,2020-03-13,10:00,-1,FADE,1.316
ES,2020-03-17,10:00,-1,FADE,0.3708
ES,2020-03-18,10:00,1,RANGE,-1.1729
ES,2020-03-19,10:00,-1,RANGE,-0.1094
ES,2020-03-20,10:00,-1,CONT,0.1327
ES,2020-03-23,10:00,-1,RANGE,-0.0271
ES,2020-03-24,10:00,1,CONT,0.7436
ES,2020-03-25,10:00,-1,RANGE,0.0613
ES,2020-03-26,10:00,1,RANGE,0.1427
ES,2020-03-27,10:00,-1,FADE,-0.4382
ES,2020-03-30,10:00,-1,REV,0.1128
ES,2020-03-31,10:00,-1,RANGE,-0.0635
ES,2020-04-01,10:00,1,RANGE,-0.5456
ES,2020-04-02,10:00,1,CONT,-0.0452
ES,2020-04-03,10:00,1,RANGE,-0.0716
ES,2020-04-06,10:00,1,CONT,0.5557
ES,2020-04-07,10:00,-1,FADE,0.5503
ES,2020-04-08,10:00,-1,REV,0.1682
ES,2020-04-09,10:00,1,RANGE,0.2136
ES,2020-04-13,10:00,-1,RANGE,-0.0737
ES,2020-04-14,10:00,1,RANGE,0.3779
ES,2020-04-15,10:00,-1,RANGE,-0.4898
ES,2020-04-16,10:00,-1,RANGE,0.1092
ES,2020-04-17,10:00,1,RANGE,0.5366
ES,2020-04-20,10:00,1,FADE,-0.3755
ES,2020-04-21,10:00,1,REV,-0.4632
ES,2020-04-22,10:00,-1,RANGE,0.5118
ES,2020-04-23,10:00,1,RANGE,0.1326
ES,2020-04-24,10:00,-1,RANGE,0.1843
ES,2020-04-27,10:00,1,RANGE,0.2416
ES,2020-04-28,10:00,-1,CONT,0.465
ES,2020-04-29,10:00,1,RANGE,0.6904
ES,2020-04-30,10:00,-1,RANGE,-0.1787
ES,2020-05-01,10:00,-1,RANGE,-0.6424
ES,2020-05-04,10:00,-1,FADE,-0.2507
ES,2020-05-05,10:00,1,RANGE,0.3873
ES,2020-05-06,10:00,-1,FADE,0.2622
ES,2020-05-07,10:00,1,RANGE,0.5034
ES,2020-05-08,10:00,-1,RANGE,0.514
ES,2020-05-11,10:00,1,FADE,-0.3259
ES,2020-05-12,10:00,-1,CONT,0.1998
ES,2020-05-13,10:00,-1,RANGE,-0.0872
ES,2020-05-14,10:00,-1,REV,-0.4293
ES,2020-05-15,10:00,1,FADE,-0.4032
ES,2020-05-18,10:00,1,RANGE,1.0711
ES,2020-05-19,10:00,1,RANGE,-0.0984
ES,2020-05-20,10:00,1,RANGE,0.6031
ES,2020-05-21,10:00,1,RANGE,-0.0321
ES,2020-05-22,10:00,-1,RANGE,-0.0364
ES,2020-05-26,10:00,-1,CONT,0.4483
ES,2020-05-27,10:00,-1,FADE,0.5091
ES,2020-05-28,10:00,-1,RANGE,0.2142
ES,2020-05-29,10:00,-1,RANGE,-0.0918
ES,2020-06-01,10:00,1,RANGE,-0.0993
ES,2020-06-02,10:00,-1,RANGE,0.1738
ES,2020-06-03,10:00,1,CONT,0.389
ES,2020-06-04,10:00,1,RANGE,-0.2141
ES,2020-06-05,10:00,1,RANGE,1.1242
ES,2020-06-08,10:00,1,CONT,0.1852
ES,2020-06-09,10:00,-1,RANGE,-0.5329
ES,2020-06-10,10:00,-1,RANGE,0.1123
ES,2020-06-11,10:00,1,REV,-1.4838
ES,2020-06-12,10:00,-1,FADE,1.3425
ES,2020-06-15,10:00,1,CONT,-1.229
ES,2020-06-16,10:00,-1,FADE,1.4232
ES,2020-06-17,10:00,-1,RANGE,0.1851
ES,2020-06-18,10:00,1,FADE,-0.2626
ES,2020-06-19,10:00,-1,CONT,0.6339
ES,2020-06-22,10:00,1,RANGE,-0.0876
ES,2020-06-23,10:00,-1,RANGE,0.4489
ES,2020-06-24,10:00,-1,CONT,-0.3525
ES,2020-06-25,10:00,-1,RANGE,-0.0965
ES,2020-06-26,10:00,-1,RANGE,-0.175
ES,2020-06-29,10:00,-1,RANGE,0.2015
ES,2020-06-30,10:00,1,CONT,-0.077
ES,2020-07-01,10:00,1,RANGE,0.0823
ES,2020-07-02,10:00,1,RANGE,0.5422
ES,2020-07-06,10:00,1,RANGE,0.7375
ES,2020-07-07,10:00,1,RANGE,-0.2464
ES,2020-07-08,10:00,1,RANGE,0.1286
ES,2020-07-09,10:00,-1,RANGE,0.1063
ES,2020-07-10,10:00,-1,REV,-0.0294
ES,2020-07-13,10:00,-1,CONT,0.4449
ES,2020-07-14,10:00,1,CONT,-0.2941
ES,2020-07-15,10:00,-1,FADE,0.6415
ES,2020-07-16,10:00,-1,RANGE,-0.3828
ES,2020-07-17,10:00,-1,RANGE,0.1914
ES,2020-07-20,10:00,-1,REV,-0.0522
ES,2020-07-21,10:00,1,FADE,0.3982
ES,2020-07-22,10:00,1,RANGE,-0.0718
ES,2020-07-23,10:00,1,REV,-0.072
ES,2020-07-24,10:00,-1,RANGE,-0.4091
ES,2020-07-27,10:00,1,RANGE,0.1734
ES,2020-07-28,10:00,-1,RANGE,-0.1622
ES,2020-07-29,10:00,1,CONT,0.2038
ES,2020-07-30,10:00,-1,FADE,-0.7316
ES,2020-07-31,10:00,-1,FADE,0.4327
ES,2020-08-03,10:00,-1,RANGE,0.3933
ES,2020-08-04,10:00,1,RANGE,-0.1973
ES,2020-08-05,10:00,1,RANGE,0.3284
ES,2020-08-06,10:00,1,CONT,-0.1462
ES,2020-08-07,10:00,1,FADE,-0.255
ES,2020-08-10,10:00,1,RANGE,0.1318
ES,2020-08-11,10:00,-1,CONT,0.3585
ES,2020-08-12,10:00,1,RANGE,0.714
ES,2020-08-13,10:00,1,RANGE,-0.2248
ES,2020-08-14,10:00,1,RANGE,-0.1164
ES,2020-08-17,10:00,-1,RANGE,0.3059
ES,2020-08-18,10:00,1,RANGE,0.1306
ES,2020-08-19,10:00,-1,CONT,0.1241
ES,2020-08-20,10:00,1,FADE,-0.5523
ES,2020-08-21,10:00,1,RANGE,-0.1051
ES,2020-08-24,10:00,-1,RANGE,0.8224
ES,2020-08-25,10:00,-1,RANGE,0.1895
ES,2020-08-26,10:00,-1,REV,0.1996
ES,2020-08-27,10:00,1,FADE,0.2951
ES,2020-08-28,10:00,-1,FADE,0.3698
ES,2020-08-31,10:00,-1,RANGE,-0.0756
ES,2020-09-01,10:00,1,FADE,0.3064
ES,2020-09-02,10:00,-1,RANGE,0.7089
ES,2020-09-03,10:00,-1,CONT,-0.5797
ES,2020-09-04,10:00,-1,RANGE,0.185
ES,2020-09-08,10:00,1,RANGE,-1.5749
ES,2020-09-09,10:00,1,RANGE,0.9455
ES,2020-09-10,10:00,-1,CONT,0.4408
ES,2020-09-11,10:00,-1,RANGE,0.1627
ES,2020-09-14,10:00,1,RANGE,0.6484
ES,2020-09-15,10:00,1,FADE,0.4888
ES,2020-09-16,10:00,-1,CONT,0.2511
ES,2020-09-17,10:00,1,FADE,-0.9419
ES,2020-09-18,10:00,-1,CONT,0.1343
ES,2020-09-21,10:00,-1,RANGE,-0.823
ES,2020-09-22,10:00,-1,RANGE,0.2454
ES,2020-09-23,10:00,-1,CONT,0.085
ES,2020-09-24,10:00,1,RANGE,-0.2151
ES,2020-09-25,10:00,1,CONT,-0.1372
ES,2020-09-28,10:00,-1,RANGE,0.6324
ES,2020-09-29,10:00,-1,RANGE,-0.0304
ES,2020-09-30,10:00,1,RANGE,0.0948
ES,2020-10-01,10:00,-1,FADE,0.3766
ES,2020-10-02,10:00,1,FADE,-0.7869
ES,2020-10-05,10:00,1,CONT,0.3413
ES,2020-10-06,10:00,-1,CONT,0.0263
ES,2020-10-07,10:00,1,CONT,0.4914
ES,2020-10-08,10:00,1,RANGE,0.3364
ES,2020-10-09,10:00,-1,RANGE,0.3092
ES,2020-10-12,10:00,-1,RANGE,0.4708
ES,2020-10-13,10:00,-1,CONT,-0.025
ES,2020-10-14,10:00,1,RANGE,0.0962
ES,2020-10-15,10:00,1,CONT,-0.7259
ES,2020-10-16,10:00,1,RANGE,0.2397
ES,2020-10-19,10:00,-1,CONT,0.2393
ES,2020-10-20,10:00,1,RANGE,0.2452
ES,2020-10-21,10:00,1,RANGE,-0.0088
ES,2020-10-22,10:00,1,RANGE,0.0509
ES,2020-10-23,10:00,-1,RANGE,0.2365
ES,2020-10-26,10:00,1,RANGE,-0.7256
ES,2020-10-27,10:00,-1,RANGE,0.0526
ES,2020-10-28,10:00,-1,RANGE,-1.2032
ES,2020-10-29,10:00,1,RANGE,0.0364
ES,2020-10-30,10:00,-1,FADE,-0.3192
ES,2020-11-02,10:00,1,FADE,0.6339
ES,2020-11-03,10:00,1,RANGE,0.6097
ES,2020-11-04,10:00,1,RANGE,0.8583
ES,2020-11-05,10:00,1,RANGE,0.9443
ES,2020-11-06,10:00,-1,RANGE,-0.0513
ES,2020-11-09,10:00,-1,CONT,2.1833
ES,2020-11-10,10:00,1,RANGE,-0.1676
ES,2020-11-11,10:00,-1,RANGE,0.3395
ES,2020-11-12,10:00,-1,RANGE,-0.1491
ES,2020-11-13,10:00,1,CONT,0.2972
ES,2020-11-16,10:00,-1,RANGE,0.4283
ES,2020-11-17,10:00,-1,FADE,-0.3841
ES,2020-11-18,10:00,-1,CONT,0.0341
ES,2020-11-19,10:00,1,RANGE,-0.1006
ES,2020-11-20,10:00,-1,RANGE,-0.0374
ES,2020-11-23,10:00,1,FADE,0.2928
ES,2020-11-24,10:00,1,CONT,0.4255
ES,2020-11-25,10:00,-1,RANGE,-0.0114
ES,2020-11-30,10:00,-1,RANGE,-0.156
ES,2020-12-01,10:00,1,RANGE,0.6597
ES,2020-12-02,10:00,1,RANGE,-0.2281
ES,2020-12-03,10:00,1,RANGE,-0.0209
ES,2020-12-04,10:00,1,RANGE,0.1281
ES,2020-12-07,10:00,1,RANGE,-0.1852
ES,2020-12-08,10:00,1,CONT,-0.3707
ES,2020-12-09,10:00,-1,CONT,0.1856
ES,2020-12-10,10:00,1,FADE,-0.396
ES,2020-12-11,10:00,1,RANGE,-0.706
ES,2020-12-14,10:00,1,REV,0.6445
ES,2020-12-15,10:00,-1,RANGE,0.7638
ES,2020-12-16,10:00,-1,RANGE,0.0862
ES,2020-12-17,10:00,-1,RANGE,0.4629
ES,2020-12-18,10:00,-1,RANGE,0.0709
ES,2020-12-21,10:00,-1,FADE,-1.2335
ES,2020-12-22,10:00,-1,RANGE,0.0594
ES,2020-12-23,10:00,1,FADE,0.2787
ES,2020-12-28,10:00,-1,RANGE,0.8304
ES,2020-12-29,10:00,-1,FADE,0.4478
ES,2020-12-30,10:00,1,RANGE,0.221
ES,2020-12-31,10:00,-1,RANGE,-0.0513
ES,2021-01-04,10:00,-1,CONT,0.4129
ES,2021-01-05,10:00,1,RANGE,-0.2075
ES,2021-01-06,10:00,1,FADE,-0.3955
ES,2021-01-07,10:00,1,RANGE,0.6003
ES,2021-01-08,10:00,-1,FADE,0.3435
ES,2021-01-11,10:00,1,FADE,-0.7905
ES,2021-01-12,10:00,-1,RANGE,0.0173
ES,2021-01-13,10:00,1,RANGE,-0.0349
ES,2021-01-14,10:00,1,REV,0.1851
ES,2021-01-15,10:00,1,RANGE,-0.4587
ES,2021-01-19,10:00,-1,FADE,0.4762
ES,2021-01-20,10:00,1,CONT,0.6183
ES,2021-01-21,10:00,-1,RANGE,0.1617
ES,2021-01-22,10:00,1,FADE,-0.5014
ES,2021-01-25,10:00,1,RANGE,0.2067
ES,2021-01-26,10:00,-1,RANGE,0.2306
ES,2021-01-27,10:00,-1,RANGE,-0.8814
ES,2021-01-28,10:00,1,RANGE,0.3986
ES,2021-01-29,10:00,-1,CONT,-0.4051
ES,2021-02-01,10:00,-1,RANGE,0.6915
ES,2021-02-02,10:00,1,RANGE,0.691
ES,2021-02-03,10:00,1,RANGE,0.1708
ES,2021-02-04,10:00,1,CONT,0.2096
ES,2021-02-05,10:00,-1,FADE,0.4226
ES,2021-02-08,10:00,1,RANGE,0.3362
ES,2021-02-09,10:00,1,RANGE,-0.1989
ES,2021-02-10,10:00,-1,FADE,0.4057
ES,2021-02-11,10:00,-1,RANGE,0.2476
ES,2021-02-12,10:00,1,CONT,-0.2032
ES,2021-02-16,10:00,-1,CONT,-0.1612
ES,2021-02-17,10:00,1,FADE,-0.4229
ES,2021-02-18,10:00,1,RANGE,-0.6462
ES,2021-02-19,10:00,-1,CONT,0.2726
ES,2021-02-22,10:00,1,FADE,-0.6436
ES,2021-02-23,10:00,-1,FADE,-0.5549
ES,2021-02-24,10:00,1,CONT,-0.2461
ES,2021-02-25,10:00,1,REV,-0.2861
ES,2021-02-26,10:00,-1,FADE,0.4153
ES,2021-03-01,10:00,1,CONT,1.13
ES,2021-03-02,10:00,-1,RANGE,0.0614
ES,2021-03-03,10:00,-1,RANGE,-0.1748
ES,2021-03-04,10:00,-1,RANGE,-0.0569
ES,2021-03-05,10:00,-1,FADE,0.7083
ES,2021-03-08,10:00,-1,RANGE,0.1881
ES,2021-03-09,10:00,1,RANGE,0.6968
ES,2021-03-10,10:00,1,RANGE,0.419
ES,2021-03-11,10:00,1,RANGE,0.4327
ES,2021-03-12,10:00,1,FADE,-0.3685
ES,2021-03-15,10:00,-1,RANGE,0.0357
ES,2021-03-16,10:00,1,RANGE,0.0893
ES,2021-03-17,10:00,1,RANGE,-0.222
ES,2021-03-18,10:00,1,FADE,-0.4273
ES,2021-03-19,10:00,-1,RANGE,-0.057
ES,2021-03-22,10:00,1,CONT,0.0902
ES,2021-03-23,10:00,1,RANGE,-0.1005
ES,2021-03-24,10:00,-1,CONT,0.2339
ES,2021-03-25,10:00,1,RANGE,-0.2332
ES,2021-03-26,10:00,1,CONT,0.2054
ES,2021-03-29,10:00,-1,RANGE,-0.247
ES,2021-03-30,10:00,-1,RANGE,-0.2397
ES,2021-03-31,10:00,1,RANGE,0.0864
ES,2021-04-01,10:00,-1,REV,0.3393
ES,2021-04-05,10:00,1,RANGE,0.5449
ES,2021-04-06,10:00,1,RANGE,-0.1102
ES,2021-04-07,10:00,1,RANGE,-0.0262
ES,2021-04-08,10:00,-1,RANGE,0.2988
ES,2021-04-09,10:00,1,CONT,-0.0347
ES,2021-04-12,10:00,0,,-0.1552
ES,2021-04-13,10:00,1,RANGE,-0.0304
ES,2021-04-14,10:00,1,RANGE,-0.0062
ES,2021-04-15,10:00,1,CONT,0.541
ES,2021-04-16,10:00,-1,FADE,0.3491
ES,2021-04-19,10:00,1,RANGE,-0.2762
ES,2021-04-20,10:00,1,RANGE,-0.3727
ES,2021-04-21,10:00,1,CONT,-0.1929
ES,2021-04-22,10:00,-1,CONT,-0.0398
ES,2021-04-23,10:00,1,CONT,0.1453
ES,2021-04-26,10:00,1,RANGE,0.1999
ES,2021-04-27,10:00,-1,RANGE,0.0788
ES,2021-04-28,10:00,1,RANGE,0.0886
ES,2021-04-29,10:00,-1,FADE,0.8728
ES,2021-04-30,10:00,1,RANGE,-0.697
ES,2021-05-03,10:00,1,FADE,0.6215
ES,2021-05-04,10:00,-1,RANGE,-0.6753
ES,2021-05-05,10:00,-1,FADE,0.4965
ES,2021-05-06,10:00,-1,RANGE,0.0359
ES,2021-05-07,10:00,1,RANGE,0.2325
ES,2021-05-10,10:00,-1,CONT,0.109
ES,2021-05-11,10:00,1,RANGE,-1.2929
ES,2021-05-12,10:00,-1,CONT,-0.7425
ES,2021-05-13,10:00,1,RANGE,0.3613
ES,2021-05-14,10:00,1,CONT,0.6496
ES,2021-05-17,10:00,-1,FADE,-0.2554
ES,2021-05-18,10:00,-1,CONT,0.0523
ES,2021-05-19,10:00,1,CONT,-1.0761
ES,2021-05-20,10:00,1,CONT,0.1906
ES,2021-05-21,10:00,1,FADE,0.3293
ES,2021-05-24,10:00,1,RANGE,0.4999
ES,2021-05-25,10:00,-1,CONT,0.2377
ES,2021-05-26,10:00,-1,RANGE,0.1149
ES,2021-05-27,10:00,-1,CONT,0.2153
ES,2021-05-28,10:00,-1,RANGE,0.3602
ES,2021-06-01,10:00,-1,FADE,0.7945
ES,2021-06-02,10:00,0,,0.1581
ES,2021-06-03,10:00,-1,FADE,-0.5553
ES,2021-06-04,10:00,1,CONT,0.4356
ES,2021-06-07,10:00,-1,RANGE,0.0056
ES,2021-06-08,10:00,-1,RANGE,0.2022
ES,2021-06-09,10:00,-1,CONT,0.2209
ES,2021-06-10,10:00,1,FADE,0.3593
ES,2021-06-11,10:00,-1,RANGE,-0.093
ES,2021-06-14,10:00,-1,RANGE,0.0389
ES,2021-06-15,10:00,-1,RANGE,0.0158
ES,2021-06-16,10:00,-1,RANGE,0.0573
ES,2021-06-17,10:00,1,RANGE,-0.1681
ES,2021-06-18,10:00,1,REV,-1.2799
ES,2021-06-21,10:00,1,RANGE,0.6281
ES,2021-06-22,10:00,-1,RANGE,-0.0083
ES,2021-06-23,10:00,1,RANGE,0.0326
ES,2021-06-24,10:00,0,,0.7365
ES,2021-06-25,10:00,-1,RANGE,0.2645
ES,2021-06-28,10:00,-1,RANGE,0.2083
ES,2021-06-29,10:00,1,RANGE,0.1273
ES,2021-06-30,10:00,1,RANGE,-0.1657
ES,2021-07-01,10:00,1,CONT,0.2581
ES,2021-07-02,10:00,1,CONT,0.4015
ES,2021-07-06,10:00,-1,RANGE,0.0702
ES,2021-07-07,10:00,1,FADE,0.2668
ES,2021-07-08,10:00,1,RANGE,-1.9211
ES,2021-07-09,10:00,1,RANGE,0.4884
ES,2021-07-12,10:00,1,RANGE,-0.03
ES,2021-07-13,10:00,1,FADE,-0.2621
ES,2021-07-14,10:00,-1,FADE,0.5275
ES,2021-07-15,10:00,1,RANGE,-0.445
ES,2021-07-16,10:00,-1,FADE,0.3771
ES,2021-07-19,10:00,-1,RANGE,-1.6315
ES,2021-07-20,10:00,1,RANGE,0.1855
ES,2021-07-21,10:00,1,RANGE,0.373
ES,2021-07-22,10:00,-1,RANGE,0.0205
ES,2021-07-23,10:00,-1,REV,0.5525
ES,2021-07-26,10:00,1,CONT,-0.153
ES,2021-07-27,10:00,-1,RANGE,-0.2926
ES,2021-07-28,10:00,-1,RANGE,0.1587
ES,2021-07-29,10:00,1,RANGE,0.2495
ES,2021-07-30,10:00,1,FADE,-0.689
ES,2021-08-02,10:00,-1,CONT,0.4508
ES,2021-08-03,10:00,-1,RANGE,0.2048
ES,2021-08-04,10:00,1,RANGE,-0.3269
ES,2021-08-05,10:00,1,CONT,0.2883
ES,2021-08-06,10:00,-1,RANGE,0.0884
ES,2021-08-09,10:00,-1,RANGE,-0.0199
ES,2021-08-10,10:00,1,RANGE,0.114
ES,2021-08-11,10:00,-1,FADE,0.3123
ES,2021-08-12,10:00,-1,RANGE,-0.0348
ES,2021-08-13,10:00,-1,RANGE,0.1409
ES,2021-08-16,10:00,-1,FADE,-0.4046
ES,2021-08-17,10:00,-1,RANGE,-0.9113
ES,2021-08-18,10:00,1,REV,-0.3832
ES,2021-08-19,10:00,1,FADE,-0.9597
ES,2021-08-20,10:00,1,RANGE,0.1001
ES,2021-08-23,10:00,1,RANGE,0.5768
ES,2021-08-24,10:00,1,RANGE,0.2007
ES,2021-08-25,10:00,1,RANGE,0.0629
ES,2021-08-26,10:00,-1,RANGE,-0.0964
ES,2021-08-27,10:00,1,RANGE,0.2741
ES,2021-08-30,10:00,1,RANGE,0.2599
ES,2021-08-31,10:00,-1,RANGE,-0.0239
ES,2021-09-01,10:00,-1,FADE,0.3126
ES,2021-09-02,10:00,1,FADE,0.5144
ES,2021-09-03,10:00,1,FADE,-0.4423
ES,2021-09-07,10:00,-1,RANGE,-0.4711
ES,2021-09-08,10:00,1,RANGE,-0.2161
ES,2021-09-09,10:00,1,RANGE,-0.0891
ES,2021-09-10,10:00,-1,CONT,0.3649
ES,2021-09-13,10:00,-1,FADE,0.9147
ES,2021-09-14,10:00,-1,FADE,0.4565
ES,2021-09-15,10:00,1,CONT,0.1103
ES,2021-09-16,10:00,-1,RANGE,-0.1783
ES,2021-09-17,10:00,-1,RANGE,-0.2628
ES,2021-09-20,10:00,1,RANGE,-1.9518
ES,2021-09-21,10:00,-1,FADE,0.6593
ES,2021-09-22,10:00,1,RANGE,0.6037
ES,2021-09-23,10:00,1,RANGE,0.48
ES,2021-09-24,10:00,1,FADE,-0.3879
ES,2021-09-27,10:00,1,FADE,-0.2766
ES,2021-09-28,10:00,-1,RANGE,-0.7095
ES,2021-09-29,10:00,1,FADE,0.3025
ES,2021-09-30,10:00,-1,CONT,0.3232
ES,2021-10-01,10:00,-1,FADE,0.3591
ES,2021-10-04,10:00,-1,RANGE,-0.2259
ES,2021-10-05,10:00,1,RANGE,0.2694
ES,2021-10-06,10:00,-1,REV,-0.6416
ES,2021-10-07,10:00,1,RANGE,0.5639
ES,2021-10-08,10:00,-1,RANGE,0.1308
ES,2021-10-11,10:00,1,RANGE,-0.1141
ES,2021-10-12,10:00,-1,RANGE,0.1619
ES,2021-10-13,10:00,-1,RANGE,0.1768
ES,2021-10-14,10:00,1,RANGE,0.6601
ES,2021-10-15,10:00,1,RANGE,0.3696
ES,2021-10-18,10:00,1,FADE,-0.3159
ES,2021-10-19,10:00,-1,RANGE,0.2909
ES,2021-10-20,10:00,1,RANGE,0.0703
ES,2021-10-21,10:00,1,CONT,-0.1278
ES,2021-10-22,10:00,1,RANGE,-0.0952
ES,2021-10-25,10:00,-1,RANGE,0.2188
ES,2021-10-26,10:00,1,FADE,0.3052
ES,2021-10-27,10:00,1,RANGE,0.0853
ES,2021-10-28,10:00,1,RANGE,0.3162
ES,2021-10-29,10:00,1,CONT,-0.4991
ES,2021-11-01,10:00,-1,RANGE,0.2353
ES,2021-11-02,10:00,1,RANGE,0.0233
ES,2021-11-03,10:00,1,CONT,-0.1414
ES,2021-11-04,10:00,1,RANGE,0.1472
ES,2021-11-05,10:00,1,FADE,0.6456
ES,2021-11-08,10:00,-1,FADE,0.3148
ES,2021-11-09,10:00,-1,RANGE,0.1128
ES,2021-11-10,10:00,1,FADE,-0.5117
ES,2021-11-11,10:00,-1,FADE,0.4301
ES,2021-11-12,10:00,-1,FADE,0.4008
ES,2021-11-15,10:00,-1,FADE,0.4295
ES,2021-11-16,10:00,1,RANGE,-0.0851
ES,2021-11-17,10:00,-1,RANGE,-0.0775
ES,2021-11-18,10:00,-1,FADE,0.3424
ES,2021-11-19,10:00,1,RANGE,-0.0382
ES,2021-11-22,10:00,1,FADE,0.5841
ES,2021-11-23,10:00,1,RANGE,-0.0971
ES,2021-11-24,10:00,1,CONT,-0.6487
ES,2021-11-29,10:00,-1,RANGE,1.7588
ES,2021-11-30,10:00,1,REV,-0.6497
ES,2021-12-01,10:00,-1,CONT,1.301
ES,2021-12-02,10:00,1,RANGE,0.0354
ES,2021-12-03,10:00,-1,FADE,0.3321
ES,2021-12-06,10:00,1,FADE,0.4864
ES,2021-12-07,10:00,1,RANGE,0.9536
ES,2021-12-08,10:00,-1,RANGE,0.0641
ES,2021-12-09,10:00,1,REV,-0.2241
ES,2021-12-10,10:00,-1,FADE,0.3617
ES,2021-12-13,10:00,-1,RANGE,-0.0882
ES,2021-12-14,10:00,1,FADE,-0.572
ES,2021-12-15,10:00,-1,REV,0.0
ES,2021-12-16,10:00,-1,CONT,0.2859
ES,2021-12-17,10:00,-1,FADE,-0.4664
ES,2021-12-20,10:00,-1,RANGE,-0.7588
ES,2021-12-21,10:00,-1,REV,0.4782
ES,2021-12-22,10:00,1,CONT,-0.0359
ES,2021-12-23,10:00,1,RANGE,0.1332
ES,2021-12-27,10:00,1,CONT,0.1874
ES,2021-12-28,10:00,1,RANGE,0.0594
ES,2021-12-29,10:00,1,RANGE,0.0034
ES,2021-12-30,10:00,1,RANGE,0.0578
ES,2021-12-31,10:00,1,RANGE,-0.0944
ES,2022-01-03,10:00,-1,RANGE,0.2241
ES,2022-01-04,10:00,1,FADE,0.2611
ES,2022-01-05,10:00,1,REV,-0.0637
ES,2022-01-06,10:00,-1,RANGE,-0.0913
ES,2022-01-07,10:00,1,RANGE,0.0
ES,2022-01-10,10:00,-1,FADE,-0.6196
ES,2022-01-11,10:00,-1,RANGE,-0.0423
ES,2022-01-12,10:00,1,FADE,0.2962
ES,2022-01-13,10:00,1,REV,0.1844
ES,2022-01-14,10:00,1,FADE,-0.5778
ES,2022-01-18,10:00,-1,RANGE,-0.9192
ES,2022-01-19,10:00,1,REV,0.2805
ES,2022-01-20,10:00,1,FADE,0.3444
ES,2022-01-21,10:00,-1,RANGE,-0.204
ES,2022-01-24,10:00,-1,FADE,-0.9607
ES,2022-01-25,10:00,-1,FADE,-1.0057
ES,2022-01-26,10:00,1,FADE,0.8476
ES,2022-01-27,10:00,1,FADE,0.5979
ES,2022-01-28,10:00,-1,REV,0.1697
ES,2022-01-31,10:00,1,RANGE,-0.0778
ES,2022-02-01,10:00,-1,RANGE,0.1072
ES,2022-02-02,10:00,-1,FADE,0.27
ES,2022-02-03,10:00,-1,RANGE,-0.6835
ES,2022-02-04,10:00,1,RANGE,-0.042
ES,2022-02-07,10:00,1,RANGE,0.0846
ES,2022-02-08,10:00,-1,REV,-0.0604
ES,2022-02-09,10:00,1,CONT,0.4595
ES,2022-02-10,10:00,1,FADE,-0.6459
ES,2022-02-11,10:00,-1,CONT,0.0078
ES,2022-02-14,10:00,1,RANGE,-0.0523
ES,2022-02-15,10:00,1,RANGE,0.454
ES,2022-02-16,10:00,-1,RANGE,-0.2062
ES,2022-02-17,10:00,-1,CONT,-0.3396
ES,2022-02-18,10:00,1,RANGE,0.0201
ES,2022-02-22,10:00,1,FADE,0.3589
ES,2022-02-23,10:00,-1,CONT,0.3372
ES,2022-02-24,10:00,1,CONT,-1.2544
ES,2022-02-25,10:00,-1,REV,0.1429
ES,2022-02-28,10:00,1,CONT,-0.6355
ES,2022-03-01,10:00,-1,RANGE,-0.1858
ES,2022-03-02,10:00,1,CONT,0.2695
ES,2022-03-03,10:00,-1,CONT,0.2849
ES,2022-03-04,10:00,1,RANGE,-0.4542
ES,2022-03-07,10:00,-1,CONT,-0.079
ES,2022-03-08,10:00,-1,RANGE,0.0189
ES,2022-03-09,10:00,-1,RANGE,0.9404
ES,2022-03-10,10:00,1,FADE,-0.5032
ES,2022-03-11,10:00,-1,CONT,0.176
ES,2022-03-14,10:00,1,RANGE,0.0844
ES,2022-03-15,10:00,1,CONT,0.2811
ES,2022-03-16,10:00,1,FADE,0.3877
ES,2022-03-17,10:00,1,CONT,-0.2105
ES,2022-03-18,10:00,1,CONT,-0.1748
ES,2022-03-21,10:00,-1,RANGE,-0.0126
ES,2022-03-22,10:00,1,RANGE,0.144
ES,2022-03-23,10:00,-1,CONT,-0.2881
ES,2022-03-24,10:00,-1,REV,0.2256
ES,2022-03-25,10:00,-1,RANGE,0.0791
ES,2022-03-28,10:00,1,CONT,-0.0758
ES,2022-03-29,10:00,-1,RANGE,0.4828
ES,2022-03-30,10:00,1,RANGE,-0.1565
ES,2022-03-31,10:00,-1,CONT,-0.1082
ES,2022-04-01,10:00,-1,RANGE,0.1949
ES,2022-04-04,10:00,1,RANGE,0.0411
ES,2022-04-05,10:00,1,RANGE,-0.2069
ES,2022-04-06,10:00,-1,RANGE,-0.597
ES,2022-04-07,10:00,1,RANGE,-0.1356
ES,2022-04-08,10:00,-1,RANGE,-0.1176
ES,2022-04-11,10:00,-1,CONT,-0.5374
ES,2022-04-12,10:00,1,FADE,0.4651
ES,2022-04-13,10:00,1,CONT,-0.0297
ES,2022-04-14,10:00,-1,RANGE,0.0231
ES,2022-04-18,10:00,1,RANGE,-0.1705
ES,2022-04-19,10:00,1,RANGE,-0.0359
ES,2022-04-20,10:00,-1,FADE,0.2895
ES,2022-04-21,10:00,1,REV,0.6165
ES,2022-04-22,10:00,-1,CONT,-0.1734
ES,2022-04-25,10:00,-1,FADE,-0.3643
ES,2022-04-26,10:00,-1,CONT,-0.3785
ES,2022-04-27,10:00,1,RANGE,0.1494
ES,2022-04-28,10:00,-1,FADE,0.6596
ES,2022-04-29,10:00,1,REV,-0.5359
ES,2022-05-02,10:00,1,RANGE,-0.0089
ES,2022-05-03,10:00,1,RANGE,0.0512
ES,2022-05-04,10:00,-1,REV,0.0707
ES,2022-05-05,10:00,-1,CONT,-0.4983
ES,2022-05-06,10:00,-1,FADE,-0.2847
ES,2022-05-09,10:00,1,REV,-0.6396
ES,2022-05-10,10:00,-1,FADE,0.6012
ES,2022-05-11,10:00,1,RANGE,-0.0945
ES,2022-05-12,10:00,-1,FADE,-0.3261
ES,2022-05-13,10:00,1,RANGE,0.3926
ES,2022-05-16,10:00,-1,RANGE,-0.1526
ES,2022-05-17,10:00,-1,RANGE,0.5598
ES,2022-05-18,10:00,-1,CONT,-0.4263
ES,2022-05-19,10:00,1,FADE,-0.2971
ES,2022-05-20,10:00,-1,FADE,0.3305
ES,2022-05-23,10:00,-1,RANGE,0.2803
ES,2022-05-24,10:00,-1,RANGE,-0.3794
ES,2022-05-25,10:00,1,RANGE,-0.1591
ES,2022-05-26,10:00,1,RANGE,0.0895
ES,2022-05-27,10:00,1,RANGE,0.2299
ES,2022-05-31,10:00,-1,FADE,-0.373
ES,2022-06-01,10:00,-1,RANGE,0.206
ES,2022-06-02,10:00,-1,REV,-0.0169
ES,2022-06-03,10:00,1,RANGE,-0.5087
ES,2022-06-06,10:00,1,FADE,0.4253
ES,2022-06-07,10:00,1,CONT,-0.3919
ES,2022-06-08,10:00,1,RANGE,-0.192
ES,2022-06-09,10:00,1,REV,-0.2216
ES,2022-06-10,10:00,-1,RANGE,-0.7363
ES,2022-06-13,10:00,1,RANGE,-1.1096
ES,2022-06-14,10:00,1,RANGE,0.1881
ES,2022-06-15,10:00,1,FADE,0.3674
ES,2022-06-16,10:00,-1,RANGE,-0.9674
ES,2022-06-17,10:00,1,RANGE,-0.0105
ES,2022-06-21,10:00,1,RANGE,0.2238
ES,2022-06-22,10:00,1,FADE,-0.5006
ES,2022-06-23,10:00,1,FADE,0.2573
ES,2022-06-24,10:00,1,RANGE,0.3764
ES,2022-06-27,10:00,-1,RANGE,0.11
ES,2022-06-28,10:00,1,REV,0.1657
ES,2022-06-29,10:00,-1,RANGE,0.0518
ES,2022-06-30,10:00,-1,FADE,-0.478
ES,2022-07-01,10:00,1,RANGE,-0.0968
ES,2022-07-05,10:00,-1,REV,-0.4541
ES,2022-07-06,10:00,-1,RANGE,0.0145
ES,2022-07-07,10:00,1,CONT,0.2021
ES,2022-07-08,10:00,-1,RANGE,-0.2038
ES,2022-07-11,10:00,-1,RANGE,-0.3537
ES,2022-07-12,10:00,1,RANGE,-0.0891
ES,2022-07-13,10:00,1,FADE,-0.7732
ES,2022-07-14,10:00,-1,FADE,-0.7289
ES,2022-07-15,10:00,-1,RANGE,0.6565
ES,2022-07-18,10:00,-1,CONT,0.4664
ES,2022-07-19,10:00,1,CONT,0.5668
ES,2022-07-20,10:00,-1,RANGE,0.0272
ES,2022-07-21,10:00,1,RANGE,-0.1079
ES,2022-07-22,10:00,-1,RANGE,0.0069
ES,2022-07-25,10:00,-1,RANGE,0.0819
ES,2022-07-26,10:00,-1,CONT,-0.2469
ES,2022-07-27,10:00,1,CONT,0.52
ES,2022-07-28,10:00,-1,RANGE,0.1101
ES,2022-07-29,10:00,1,RANGE,0.2229
ES,2022-08-01,10:00,1,FADE,-0.4095
ES,2022-08-02,10:00,-1,RANGE,-0.2235
ES,2022-08-03,10:00,1,CONT,0.3101
ES,2022-08-04,10:00,1,RANGE,-0.0177
ES,2022-08-05,10:00,1,FADE,-0.657
ES,2022-08-08,10:00,1,FADE,0.2658
ES,2022-08-09,10:00,-1,RANGE,-0.116
ES,2022-08-10,10:00,-1,RANGE,1.1074
ES,2022-08-11,10:00,1,FADE,0.4444
ES,2022-08-12,10:00,1,CONT,0.2935
ES,2022-08-15,10:00,1,FADE,-0.3428
ES,2022-08-16,10:00,1,RANGE,-0.1745
ES,2022-08-17,10:00,1,FADE,-0.6144
ES,2022-08-18,10:00,-1,RANGE,0.0163
ES,2022-08-19,10:00,-1,RANGE,-0.4971
ES,2022-08-22,10:00,-1,CONT,-0.8686
ES,2022-08-23,10:00,1,RANGE,-0.0923
ES,2022-08-24,10:00,1,RANGE,-0.0408
ES,2022-08-25,10:00,1,FADE,0.2625
ES,2022-08-26,10:00,-1,CONT,-0.0269
ES,2022-08-29,10:00,1,FADE,-0.5199
ES,2022-08-30,10:00,-1,RANGE,0.1934
ES,2022-08-31,10:00,-1,CONT,0.2937
ES,2022-09-01,10:00,-1,FADE,-0.3975
ES,2022-09-02,10:00,-1,CONT,0.6271
ES,2022-09-06,10:00,-1,RANGE,-0.0357
ES,2022-09-07,10:00,1,CONT,-0.066
ES,2022-09-08,10:00,1,FADE,-0.3931
ES,2022-09-09,10:00,1,RANGE,0.3629
ES,2022-09-12,10:00,1,RANGE,0.6254
ES,2022-09-13,10:00,-1,CONT,-1.4023
ES,2022-09-14,10:00,1,RANGE,0.1709
ES,2022-09-15,10:00,1,RANGE,-0.2359
ES,2022-09-16,10:00,-1,RANGE,-0.5985
ES,2022-09-19,10:00,1,FADE,-0.4628
ES,2022-09-20,10:00,-1,RANGE,-0.4902
ES,2022-09-21,10:00,1,REV,0.2521
ES,2022-09-22,10:00,-1,RANGE,-0.1037
ES,2022-09-23,10:00,-1,RANGE,-0.4633
ES,2022-09-26,10:00,1,RANGE,-0.2015
ES,2022-09-27,10:00,1,FADE,0.4793
ES,2022-09-28,10:00,-1,REV,0.1171
ES,2022-09-29,10:00,-1,RANGE,-0.473
ES,2022-09-30,10:00,1,RANGE,-0.1265
ES,2022-10-03,10:00,-1,RANGE,0.471
ES,2022-10-04,10:00,1,RANGE,0.6689
ES,2022-10-05,10:00,1,FADE,-0.5109
ES,2022-10-06,10:00,1,RANGE,-0.1841
ES,2022-10-07,10:00,-1,CONT,-0.4733
ES,2022-10-10,10:00,-1,CONT,0.1279
ES,2022-10-11,10:00,-1,RANGE,-0.2047
ES,2022-10-12,10:00,1,RANGE,0.0496
ES,2022-10-13,10:00,1,CONT,-0.8749
ES,2022-10-14,10:00,-1,FADE,0.2801
ES,2022-10-17,10:00,1,RANGE,0.6671
ES,2022-10-18,10:00,-1,FADE,0.8669
ES,2022-10-19,10:00,-1,RANGE,-0.2244
ES,2022-10-20,10:00,1,RANGE,-0.0718
ES,2022-10-21,10:00,1,RANGE,-0.0313
ES,2022-10-24,10:00,1,RANGE,0.1638
ES,2022-10-25,10:00,1,RANGE,-0.0078
ES,2022-10-26,10:00,1,FADE,-0.3467
ES,2022-10-27,10:00,-1,RANGE,0.0944
ES,2022-10-28,10:00,1,CONT,-0.0167
ES,2022-10-31,10:00,-1,FADE,-0.2925
ES,2022-11-01,10:00,-1,FADE,0.4492
ES,2022-11-02,10:00,-1,CONT,-0.0768
ES,2022-11-03,10:00,-1,FADE,-0.4005
ES,2022-11-04,10:00,-1,FADE,0.6858
ES,2022-11-07,10:00,-1,RANGE,0.1486
ES,2022-11-08,10:00,-1,RANGE,0.1264
ES,2022-11-09,10:00,-1,CONT,-0.2586
ES,2022-11-10,10:00,1,CONT,1.5844
ES,2022-11-11,10:00,-1,RANGE,0.1161
ES,2022-11-14,10:00,1,RANGE,-0.2248
ES,2022-11-15,10:00,1,FADE,0.7222
ES,2022-11-16,10:00,-1,RANGE,-0.2206
ES,2022-11-17,10:00,-1,REV,-0.6533
ES,2022-11-18,10:00,-1,FADE,0.4364
ES,2022-11-21,10:00,1,RANGE,-0.1945
ES,2022-11-22,10:00,-1,REV,0.2632
ES,2022-11-23,10:00,1,RANGE,-0.0579
ES,2022-11-28,10:00,1,RANGE,-0.5128
ES,2022-11-29,10:00,-1,RANGE,0.0074
ES,2022-11-30,10:00,-1,REV,0.0227
ES,2022-12-01,10:00,1,RANGE,0.1968
ES,2022-12-02,10:00,1,CONT,-0.7992
ES,2022-12-05,10:00,-1,CONT,-0.4604
ES,2022-12-06,10:00,-1,CONT,-0.0303
ES,2022-12-07,10:00,-1,RANGE,-0.1505
ES,2022-12-08,10:00,1,FADE,0.2928
ES,2022-12-09,10:00,1,RANGE,-0.2429
ES,2022-12-12,10:00,1,CONT,0.7288
ES,2022-12-13,10:00,-1,CONT,2.015
ES,2022-12-14,10:00,1,RANGE,-0.0769
ES,2022-12-15,10:00,-1,RANGE,-0.8692
ES,2022-12-16,10:00,1,RANGE,-0.4416
ES,2022-12-19,10:00,-1,CONT,0.0343
ES,2022-12-20,10:00,1,RANGE,-0.1125
ES,2022-12-21,10:00,-1,REV,0.4156
ES,2022-12-22,10:00,-1,RANGE,-0.5012
ES,2022-12-23,10:00,-1,RANGE,-0.1642
ES,2022-12-27,10:00,-1,RANGE,-0.0201
ES,2022-12-28,10:00,1,REV,-0.024
ES,2022-12-29,10:00,1,RANGE,0.3767
ES,2022-12-30,10:00,-1,RANGE,-0.3974
ES,2023-01-03,10:00,-1,FADE,0.2788
ES,2023-01-04,10:00,1,FADE,0.3354
ES,2023-01-05,10:00,-1,RANGE,-0.2962
ES,2023-01-06,10:00,-1,FADE,0.4657
ES,2023-01-09,10:00,1,FADE,0.3212
ES,2023-01-10,10:00,1,RANGE,-0.0851
ES,2023-01-11,10:00,1,CONT,0.2146
ES,2023-01-12,10:00,-1,RANGE,0.1401
ES,2023-01-13,10:00,1,FADE,-0.5025
ES,2023-01-17,10:00,0,,0.1383
ES,2023-01-18,10:00,1,REV,0.1975
ES,2023-01-19,10:00,-1,RANGE,-0.3883
ES,2023-01-20,10:00,-1,REV,0.2124
ES,2023-01-23,10:00,1,RANGE,0.142
ES,2023-01-24,10:00,-1,FADE,-0.2953
ES,2023-01-25,10:00,-1,REV,-0.7352
ES,2023-01-26,10:00,-1,FADE,0.4393
ES,2023-01-27,10:00,1,RANGE,-0.1855
ES,2023-01-30,10:00,1,FADE,-0.5098
ES,2023-01-31,10:00,1,CONT,0.0603
ES,2023-02-01,10:00,1,RANGE,-0.2208
ES,2023-02-02,10:00,-1,RANGE,0.6613
ES,2023-02-03,10:00,1,FADE,-0.8638
ES,2023-02-06,10:00,1,RANGE,-0.4534
ES,2023-02-07,10:00,1,CONT,-0.2041
ES,2023-02-08,10:00,1,RANGE,-0.3552
ES,2023-02-09,10:00,-1,CONT,0.6035
ES,2023-02-10,10:00,1,RANGE,-0.2198
ES,2023-02-13,10:00,1,RANGE,0.1162
ES,2023-02-14,10:00,1,FADE,-0.2698
ES,2023-02-15,10:00,-1,REV,-0.3802
ES,2023-02-16,10:00,1,FADE,-0.8929
ES,2023-02-17,10:00,-1,RANGE,-0.3765
ES,2023-02-21,10:00,-1,CONT,-0.5264
ES,2023-02-22,10:00,1,RANGE,0.046
ES,2023-02-23,10:00,1,FADE,0.4848
ES,2023-02-24,10:00,-1,RANGE,-0.9101
ES,2023-02-27,10:00,1,FADE,0.5752
ES,2023-02-28,10:00,1,RANGE,-0.0921
ES,2023-03-01,10:00,1,RANGE,-0.1413
ES,2023-03-02,10:00,1,CONT,-0.4188
ES,2023-03-03,10:00,1,CONT,0.3483
ES,2023-03-06,10:00,1,RANGE,0.1568
ES,2023-03-07,10:00,-1,RANGE,-0.0186
ES,2023-03-08,10:00,1,RANGE,0.0142
ES,2023-03-09,10:00,1,REV,0.1353
ES,2023-03-10,10:00,-1,RANGE,-0.1278
ES,2023-03-13,10:00,1,RANGE,-0.1846
ES,2023-03-14,10:00,1,RANGE,0.9347
ES,2023-03-15,10:00,-1,REV,-1.0526
ES,2023-03-16,10:00,1,CONT,-0.4568
ES,2023-03-17,10:00,-1,RANGE,-0.2107
ES,2023-03-20,10:00,1,RANGE,0.1019
ES,2023-03-21,10:00,1,RANGE,0.5447
ES,2023-03-22,10:00,-1,CONT,-0.0427
ES,2023-03-23,10:00,1,FADE,0.4064
ES,2023-03-24,10:00,-1,REV,-0.1914
ES,2023-03-27,10:00,-1,FADE,0.3408
ES,2023-03-28,10:00,-1,RANGE,-0.1173
ES,2023-03-29,10:00,-1,RANGE,0.6352
ES,2023-03-30,10:00,0,,0.3782
ES,2023-03-31,10:00,1,CONT,0.1404
ES,2023-04-03,10:00,1,RANGE,-0.0817
ES,2023-04-04,10:00,-1,CONT,0.1006
ES,2023-04-05,10:00,1,RANGE,-0.1555
ES,2023-04-06,10:00,-1,REV,-0.1441
ES,2023-04-10,10:00,-1,REV,-0.4291
ES,2023-04-11,10:00,-1,RANGE,0.0793
ES,2023-04-12,10:00,-1,CONT,0.3659
ES,2023-04-13,10:00,-1,REV,0.1752
ES,2023-04-14,10:00,1,RANGE,-0.1324
ES,2023-04-17,10:00,1,RANGE,-0.0448
ES,2023-04-18,10:00,-1,FADE,0.3344
ES,2023-04-19,10:00,1,CONT,-0.4325
ES,2023-04-20,10:00,1,FADE,-0.6932
ES,2023-04-21,10:00,-1,RANGE,0.052
ES,2023-04-24,10:00,1,RANGE,-0.0624
ES,2023-04-25,10:00,-1,CONT,-0.5789
ES,2023-04-26,10:00,1,RANGE,0.1322
ES,2023-04-27,10:00,1,CONT,0.6205
ES,2023-04-28,10:00,1,RANGE,-0.2354
ES,2023-05-01,10:00,1,RANGE,-0.1242
ES,2023-05-02,10:00,-1,RANGE,-0.1915
ES,2023-05-03,10:00,1,RANGE,0.099
ES,2023-05-04,10:00,-1,RANGE,-0.2808
ES,2023-05-05,10:00,1,CONT,0.8404
ES,2023-05-08,10:00,-1,RANGE,0.0643
ES,2023-05-09,10:00,1,RANGE,-0.3881
ES,2023-05-10,10:00,-1,FADE,0.6182
ES,2023-05-11,10:00,-1,RANGE,-0.2382
ES,2023-05-12,10:00,-1,FADE,0.2615
ES,2023-05-15,10:00,-1,RANGE,0.1119
ES,2023-05-16,10:00,-1,FADE,-0.2789
ES,2023-05-17,10:00,-1,FADE,0.4636
ES,2023-05-18,10:00,1,CONT,-0.1085
ES,2023-05-19,10:00,1,RANGE,0.1826
ES,2023-05-22,10:00,1,RANGE,0.0
ES,2023-05-23,10:00,1,REV,-0.3811
ES,2023-05-24,10:00,-1,RANGE,-0.3874
ES,2023-05-25,10:00,-1,RANGE,0.7294
ES,2023-05-26,10:00,1,RANGE,0.1392
ES,2023-05-30,10:00,-1,RANGE,0.1827
ES,2023-05-31,10:00,-1,RANGE,-0.4697
ES,2023-06-01,10:00,-1,REV,0.0
ES,2023-06-02,10:00,-1,REV,0.6062
ES,2023-06-05,10:00,1,RANGE,0.0654
ES,2023-06-06,10:00,-1,RANGE,-0.1172
ES,2023-06-07,10:00,1,RANGE,0.07
ES,2023-06-08,10:00,-1,REV,-0.0479
ES,2023-06-09,10:00,1,RANGE,0.178
ES,2023-06-12,10:00,1,CONT,1.2866
ES,2023-06-13,10:00,1,RANGE,0.3182
ES,2023-06-14,10:00,1,RANGE,0.0508
ES,2023-06-15,10:00,1,CONT,-0.2541
ES,2023-06-16,10:00,-1,FADE,0.4272
ES,2023-06-20,10:00,-1,RANGE,-0.2934
ES,2023-06-21,10:00,-1,RANGE,-0.2702
ES,2023-06-22,10:00,1,FADE,-0.2629
ES,2023-06-23,10:00,1,RANGE,-0.8812
ES,2023-06-26,10:00,1,RANGE,-0.1731
ES,2023-06-27,10:00,1,CONT,0.1922
ES,2023-06-28,10:00,1,FADE,-0.269
ES,2023-06-29,10:00,1,RANGE,-0.1563
ES,2023-06-30,10:00,1,RANGE,0.7653
ES,2023-07-05,10:00,1,FADE,-0.4926
ES,2023-07-06,10:00,-1,RANGE,-1.044
ES,2023-07-07,10:00,1,FADE,-0.2965
ES,2023-07-10,10:00,1,RANGE,-0.118
ES,2023-07-11,10:00,-1,RANGE,0.2017
ES,2023-07-12,10:00,1,RANGE,1.0597
ES,2023-07-13,10:00,1,RANGE,0.4525
ES,2023-07-14,10:00,1,RANGE,0.2485
ES,2023-07-17,10:00,1,CONT,-0.0723
ES,2023-07-18,10:00,1,CONT,-0.1271
ES,2023-07-19,10:00,1,RANGE,0.2085
ES,2023-07-20,10:00,1,FADE,-0.3308
ES,2023-07-21,10:00,-1,FADE,0.4662
ES,2023-07-24,10:00,-1,RANGE,0.3302
ES,2023-07-25,10:00,1,RANGE,-0.1231
ES,2023-07-26,10:00,1,FADE,-0.3001
ES,2023-07-27,10:00,-1,CONT,0.9814
ES,2023-07-28,10:00,1,RANGE,0.9182
ES,2023-07-31,10:00,-1,RANGE,0.1327
ES,2023-08-01,10:00,1,RANGE,-0.4566
ES,2023-08-02,10:00,-1,CONT,-0.8938
ES,2023-08-03,10:00,1,FADE,-0.5772
ES,2023-08-04,10:00,-1,FADE,0.4756
ES,2023-08-07,10:00,-1,RANGE,0.4809
ES,2023-08-08,10:00,-1,RANGE,-0.6807
ES,2023-08-09,10:00,-1,CONT,0.0604
ES,2023-08-10,10:00,1,FADE,0.5547
ES,2023-08-11,10:00,1,FADE,-0.4887
ES,2023-08-14,10:00,1,CONT,-0.2225
ES,2023-08-15,10:00,-1,RANGE,-0.4523
ES,2023-08-16,10:00,1,REV,-0.1318
ES,2023-08-17,10:00,-1,CONT,0.295
ES,2023-08-18,10:00,1,CONT,-0.6545
ES,2023-08-21,10:00,1,RANGE,0.2175
ES,2023-08-22,10:00,-1,CONT,0.3792
ES,2023-08-23,10:00,1,CONT,0.2216
ES,2023-08-24,10:00,1,REV,0.3135
ES,2023-08-25,10:00,1,FADE,0.3473
ES,2023-08-28,10:00,1,RANGE,0.4531
ES,2023-08-29,10:00,1,CONT,-0.0147
ES,2023-08-30,10:00,1,RANGE,0.0612
ES,2023-08-31,10:00,1,RANGE,0.0736
ES,2023-09-01,10:00,-1,FADE,0.5635
ES,2023-09-05,10:00,-1,RANGE,-0.0261
ES,2023-09-06,10:00,-1,RANGE,-0.201
ES,2023-09-07,10:00,1,FADE,-0.708
ES,2023-09-08,10:00,1,RANGE,0.0
ES,2023-09-11,10:00,-1,RANGE,1.7196
ES,2023-09-12,10:00,1,FADE,-0.3481
ES,2023-09-13,10:00,1,RANGE,0.0386
ES,2023-09-14,10:00,-1,RANGE,0.5411
ES,2023-09-15,10:00,-1,CONT,-0.412
ES,2023-09-18,10:00,1,RANGE,-0.0731
ES,2023-09-19,10:00,-1,RANGE,-0.2429
ES,2023-09-20,10:00,1,REV,0.2828
ES,2023-09-21,10:00,-1,CONT,-0.7395
ES,2023-09-22,10:00,0,,0.2139
ES,2023-09-25,10:00,1,FADE,-0.3144
ES,2023-09-26,10:00,-1,RANGE,-0.7867
ES,2023-09-27,10:00,-1,FADE,0.271
ES,2023-09-28,10:00,1,RANGE,-0.1774
ES,2023-09-29,10:00,-1,CONT,0.6988
ES,2023-10-02,10:00,1,RANGE,-0.1953
ES,2023-10-03,10:00,1,RANGE,-0.4996
ES,2023-10-04,10:00,1,RANGE,0.0597
ES,2023-10-05,10:00,-1,RANGE,-0.1101
ES,2023-10-06,10:00,-1,REV,-0.5221
ES,2023-10-09,10:00,1,CONT,-0.3728
ES,2023-10-10,10:00,1,RANGE,0.1128
ES,2023-10-11,10:00,-1,RANGE,0.2036
ES,2023-10-12,10:00,-1,RANGE,0.092
ES,2023-10-13,10:00,1,FADE,0.2578
ES,2023-10-16,10:00,1,RANGE,0.4004
ES,2023-10-17,10:00,-1,FADE,-0.5817
ES,2023-10-18,10:00,-1,CONT,-0.3399
ES,2023-10-19,10:00,-1,CONT,0.081
ES,2023-10-20,10:00,-1,RANGE,-0.0857
ES,2023-10-23,10:00,1,FADE,-0.2924
ES,2023-10-24,10:00,1,FADE,0.351
ES,2023-10-25,10:00,-1,RANGE,-0.2967
ES,2023-10-26,10:00,-1,CONT,-0.2349
ES,2023-10-27,10:00,-1,CONT,0.2663
ES,2023-10-30,10:00,1,RANGE,0.4641
ES,2023-10-31,10:00,-1,RANGE,0.0907
ES,2023-11-01,10:00,1,RANGE,0.1564
ES,2023-11-02,10:00,1,CONT,0.6326
ES,2023-11-03,10:00,1,RANGE,0.3799
ES,2023-11-06,10:00,-1,RANGE,0.1279
ES,2023-11-07,10:00,-1,RANGE,-0.0088
ES,2023-11-08,10:00,1,RANGE,0.1027
ES,2023-11-09,10:00,-1,CONT,0.1878
ES,2023-11-10,10:00,-1,REV,0.3745
ES,2023-11-13,10:00,-1,FADE,-0.2653
ES,2023-11-14,10:00,1,RANGE,1.1244
ES,2023-11-15,10:00,-1,RANGE,0.2309
ES,2023-11-16,10:00,1,RANGE,-0.1203
ES,2023-11-17,10:00,-1,RANGE,-0.0145
ES,2023-11-20,10:00,1,CONT,-0.075
ES,2023-11-21,10:00,-1,RANGE,-0.2503
ES,2023-11-22,10:00,-1,RANGE,0.3227
ES,2023-11-27,10:00,-1,RANGE,-0.171
ES,2023-11-28,10:00,-1,RANGE,-0.1293
ES,2023-11-29,10:00,1,REV,0.5803
ES,2023-11-30,10:00,-1,RANGE,0.1673
ES,2023-12-01,10:00,1,CONT,-0.1712
ES,2023-12-04,10:00,1,RANGE,-1.021
ES,2023-12-05,10:00,1,FADE,-0.4137
ES,2023-12-06,10:00,-1,CONT,0.6063
ES,2023-12-07,10:00,-1,RANGE,0.5679
ES,2023-12-08,10:00,1,RANGE,-0.2112
ES,2023-12-11,10:00,1,CONT,1.4143
ES,2023-12-12,10:00,-1,REV,-0.1324
ES,2023-12-13,10:00,0,,0.0687
ES,2023-12-14,10:00,1,FADE,0.5169
ES,2023-12-15,10:00,-1,RANGE,-0.1951
ES,2023-12-18,10:00,1,RANGE,0.4248
ES,2023-12-19,10:00,1,RANGE,0.1344
ES,2023-12-20,10:00,1,REV,-0.2742
ES,2023-12-21,10:00,1,FADE,0.8241
ES,2023-12-22,10:00,1,FADE,0.2726
ES,2023-12-26,10:00,1,CONT,0.0838
ES,2023-12-27,10:00,1,CONT,-0.0647
ES,2023-12-28,10:00,1,RANGE,-0.0654
ES,2023-12-29,10:00,1,RANGE,-0.1109
ES,2024-01-02,10:00,-1,RANGE,-0.8648
ES,2024-01-03,10:00,-1,RANGE,-0.577
ES,2024-01-04,10:00,1,RANGE,-0.1824
ES,2024-01-05,10:00,1,RANGE,0.012
ES,2024-01-08,10:00,1,CONT,0.0904
ES,2024-01-09,10:00,1,FADE,-0.6647
ES,2024-01-10,10:00,1,CONT,0.0524
ES,2024-01-11,10:00,-1,RANGE,0.1883
ES,2024-01-12,10:00,-1,FADE,0.3368
ES,2024-01-16,10:00,-1,FADE,-0.2967
ES,2024-01-17,10:00,-1,RANGE,-0.8236
ES,2024-01-18,10:00,-1,FADE,0.3722
ES,2024-01-19,10:00,1,CONT,0.2669
ES,2024-01-22,10:00,1,FADE,0.3728
ES,2024-01-23,10:00,-1,RANGE,0.1021
ES,2024-01-24,10:00,-1,CONT,0.7472
ES,2024-01-25,10:00,-1,FADE,0.5201
ES,2024-01-26,10:00,1,RANGE,-0.1457
ES,2024-01-29,10:00,1,CONT,0.0497
ES,2024-01-30,10:00,1,RANGE,-0.21
ES,2024-01-31,10:00,-1,CONT,-0.6023
ES,2024-02-01,10:00,1,CONT,0.3598
ES,2024-02-02,10:00,1,CONT,0.0785
ES,2024-02-05,10:00,-1,RANGE,-0.1519
ES,2024-02-06,10:00,-1,RANGE,0.2169
ES,2024-02-07,10:00,-1,RANGE,0.5511
ES,2024-02-08,10:00,-1,RANGE,-0.0545
ES,2024-02-09,10:00,1,CONT,0.0768
ES,2024-02-12,10:00,1,RANGE,-0.0257
ES,2024-02-13,10:00,-1,RANGE,-1.6537
ES,2024-02-14,10:00,1,FADE,0.5842
ES,2024-02-15,10:00,1,CONT,0.0863
ES,2024-02-16,10:00,-1,RANGE,-0.0875
ES,2024-02-20,10:00,-1,RANGE,-0.5574
ES,2024-02-21,10:00,-1,FADE,-0.3413
ES,2024-02-22,10:00,1,CONT,1.5638
ES,2024-02-23,10:00,1,FADE,0.3592
ES,2024-02-26,10:00,-1,CONT,0.0854
ES,2024-02-27,10:00,-1,RANGE,0.1408
ES,2024-02-28,10:00,-1,FADE,-0.3487
ES,2024-02-29,10:00,1,FADE,0.3789
ES,2024-03-01,10:00,1,CONT,0.2106
ES,2024-03-04,10:00,1,RANGE,-0.2207
ES,2024-03-05,10:00,-1,RANGE,-0.5189
ES,2024-03-06,10:00,-1,RANGE,0.7697
ES,2024-03-07,10:00,1,RANGE,0.7092
ES,2024-03-08,10:00,1,RANGE,0.1144
ES,2024-03-11,10:00,-1,RANGE,1.0295
ES,2024-03-12,10:00,-1,FADE,0.4206
ES,2024-03-13,10:00,-1,RANGE,0.0369
ES,2024-03-14,10:00,-1,RANGE,0.1508
ES,2024-03-15,10:00,-1,RANGE,-0.7231
ES,2024-03-18,10:00,-1,RANGE,0.8925
ES,2024-03-19,10:00,-1,REV,-0.1886
ES,2024-03-20,10:00,-1,REV,-0.03
ES,2024-03-21,10:00,1,RANGE,0.5355
ES,2024-03-22,10:00,-1,RANGE,-0.0319
ES,2024-03-25,10:00,1,FADE,-0.3291
ES,2024-03-26,10:00,1,REV,0.2841
ES,2024-03-27,10:00,-1,FADE,0.5857
ES,2024-03-28,10:00,1,RANGE,-0.0158
ES,2024-04-01,10:00,1,RANGE,0.1413
ES,2024-04-02,10:00,-1,RANGE,-0.9033
ES,2024-04-03,10:00,1,FADE,-0.2823
ES,2024-04-04,10:00,-1,CONT,0.8911
ES,2024-04-05,10:00,1,CONT,0.2803
ES,2024-04-08,10:00,-1,RANGE,0.148
ES,2024-04-09,10:00,-1,FADE,0.3755
ES,2024-04-10,10:00,1,RANGE,-1.2891
ES,2024-04-11,10:00,-1,FADE,0.2863
ES,2024-04-12,10:00,1,RANGE,-0.7725
ES,2024-04-15,10:00,-1,CONT,0.8453
ES,2024-04-16,10:00,-1,RANGE,0.0684
ES,2024-04-17,10:00,-1,CONT,0.471
ES,2024-04-18,10:00,-1,RANGE,0.2352
ES,2024-04-19,10:00,1,REV,-0.0181
ES,2024-04-22,10:00,-1,FADE,0.4748
ES,2024-04-23,10:00,1,RANGE,0.3518
ES,2024-04-24,10:00,-1,RANGE,0.1451
ES,2024-04-25,10:00,-1,REV,-1.0507
ES,2024-04-26,10:00,1,RANGE,0.438
ES,2024-04-29,10:00,-1,FADE,0.2657
ES,2024-04-30,10:00,1,REV,-0.2432
ES,2024-05-01,10:00,-1,RANGE,-0.103
ES,2024-05-02,10:00,-1,FADE,0.5282
ES,2024-05-03,10:00,1,RANGE,0.9039
ES,2024-05-06,10:00,1,CONT,0.3564
ES,2024-05-07,10:00,-1,RANGE,0.133
ES,2024-05-08,10:00,1,FADE,-0.2972
ES,2024-05-09,10:00,1,CONT,-0.0077
ES,2024-05-10,10:00,1,FADE,0.2586
ES,2024-05-13,10:00,-1,FADE,0.2802
ES,2024-05-14,10:00,1,CONT,0.0181
ES,2024-05-15,10:00,-1,REV,0.4566
ES,2024-05-16,10:00,1,RANGE,-0.0229
ES,2024-05-17,10:00,-1,RANGE,0.0141
ES,2024-05-20,10:00,1,RANGE,0.0049
ES,2024-05-21,10:00,1,CONT,-0.1799
ES,2024-05-22,10:00,1,RANGE,-0.1714
ES,2024-05-23,10:00,-1,CONT,0.6077
ES,2024-05-24,10:00,-1,RANGE,0.3918
ES,2024-05-28,10:00,-1,RANGE,-0.1234
ES,2024-05-29,10:00,1,RANGE,-1.0278
ES,2024-05-30,10:00,1,RANGE,-0.4389
ES,2024-05-31,10:00,-1,RANGE,0.1575
ES,2024-06-03,10:00,-1,FADE,0.3815
ES,2024-06-04,10:00,-1,FADE,-0.3451
ES,2024-06-05,10:00,-1,REV,0.5547
ES,2024-06-06,10:00,-1,RANGE,0.0622
ES,2024-06-07,10:00,1,FADE,-0.2909
ES,2024-06-10,10:00,-1,REV,-0.1967
ES,2024-06-11,10:00,-1,FADE,-0.3857
ES,2024-06-12,10:00,1,RANGE,1.0085
ES,2024-06-13,10:00,-1,FADE,0.3829
ES,2024-06-14,10:00,1,FADE,-0.38
ES,2024-06-17,10:00,0,,1.2446
ES,2024-06-18,10:00,1,RANGE,0.0049
ES,2024-06-20,10:00,1,RANGE,0.172
ES,2024-06-21,10:00,-1,RANGE,-0.2304
ES,2024-06-24,10:00,1,RANGE,0.016
ES,2024-06-25,10:00,-1,FADE,0.2639
ES,2024-06-26,10:00,1,FADE,-0.256
ES,2024-06-27,10:00,1,RANGE,-0.0583
ES,2024-06-28,10:00,1,RANGE,0.1034
ES,2024-07-01,10:00,-1,FADE,0.3059
ES,2024-07-02,10:00,1,CONT,-0.4092
ES,2024-07-05,10:00,1,CONT,0.0903
ES,2024-07-08,10:00,1,RANGE,0.1693
ES,2024-07-09,10:00,1,RANGE,0.2088
ES,2024-07-10,10:00,1,CONT,0.2942
ES,2024-07-11,10:00,1,REV,0.0065
ES,2024-07-12,10:00,1,RANGE,0.2505
ES,2024-07-15,10:00,-1,FADE,0.4817
ES,2024-07-16,10:00,1,CONT,0.3313
ES,2024-07-17,10:00,1,RANGE,-1.5888
ES,2024-07-18,10:00,1,REV,0.3354
ES,2024-07-19,10:00,1,RANGE,-0.1326
ES,2024-07-22,10:00,-1,RANGE,0.8448
ES,2024-07-23,10:00,1,RANGE,-0.0417
ES,2024-07-24,10:00,-1,CONT,-1.0398
ES,2024-07-25,10:00,-1,RANGE,0.0
ES,2024-07-26,10:00,1,RANGE,0.6499
ES,2024-07-29,10:00,1,FADE,0.2588
ES,2024-07-30,10:00,1,RANGE,0.2268
ES,2024-07-31,10:00,-1,RANGE,1.1721
ES,2024-08-01,10:00,1,REV,0.3342
ES,2024-08-02,10:00,-1,RANGE,-1.0646
ES,2024-08-05,10:00,1,RANGE,-2.8131
ES,2024-08-06,10:00,1,RANGE,0.1887
ES,2024-08-07,10:00,1,REV,0.6796
ES,2024-08-08,10:00,1,RANGE,0.5382
ES,2024-08-09,10:00,-1,RANGE,-0.1079
ES,2024-08-12,10:00,-1,RANGE,0.1262
ES,2024-08-13,10:00,1,CONT,0.3211
ES,2024-08-14,10:00,-1,RANGE,0.0738
ES,2024-08-15,10:00,1,CONT,0.5736
ES,2024-08-16,10:00,1,RANGE,-0.1899
ES,2024-08-19,10:00,1,CONT,0.0405
ES,2024-08-20,10:00,1,RANGE,-0.0507
ES,2024-08-21,10:00,1,RANGE,0.1039
ES,2024-08-22,10:00,-1,CONT,0.197
ES,2024-08-23,10:00,1,RANGE,0.3306
ES,2024-08-26,10:00,-1,RANGE,0.106
ES,2024-08-27,10:00,1,RANGE,-0.1518
ES,2024-08-28,10:00,-1,RANGE,-0.0418
ES,2024-08-29,10:00,1,RANGE,0.2178
ES,2024-08-30,10:00,1,FADE,0.2539
ES,2024-09-03,10:00,-1,CONT,-0.5695
ES,2024-09-04,10:00,1,FADE,-0.2959
ES,2024-09-05,10:00,1,RANGE,0.0038
ES,2024-09-06,10:00,-1,RANGE,0.0081
ES,2024-09-09,10:00,1,RANGE,0.638
ES,2024-09-10,10:00,-1,FADE,0.2831
ES,2024-09-11,10:00,-1,RANGE,-0.0232
ES,2024-09-12,10:00,-1,REV,0.0858
ES,2024-09-13,10:00,1,RANGE,0.0621
ES,2024-09-16,10:00,1,RANGE,0.8584
ES,2024-09-17,10:00,-1,FADE,0.3107
ES,2024-09-18,10:00,-1,RANGE,0.0746
ES,2024-09-19,10:00,-1,RANGE,1.3488
ES,2024-09-20,10:00,-1,RANGE,-0.2365
ES,2024-09-23,10:00,-1,RANGE,0.1578
ES,2024-09-24,10:00,-1,RANGE,0.1118
ES,2024-09-25,10:00,1,RANGE,-0.0349
ES,2024-09-26,10:00,-1,FADE,0.6335
ES,2024-09-27,10:00,-1,RANGE,0.1232
ES,2024-09-30,10:00,1,RANGE,-0.1594
ES,2024-10-01,10:00,-1,RANGE,-0.1073
ES,2024-10-02,10:00,-1,RANGE,-0.1613
ES,2024-10-03,10:00,1,RANGE,-0.2441
ES,2024-10-04,10:00,-1,FADE,0.6803
ES,2024-10-07,10:00,-1,CONT,-0.2899
ES,2024-10-08,10:00,1,CONT,0.413
ES,2024-10-09,10:00,1,CONT,-0.0202
ES,2024-10-10,10:00,-1,FADE,-0.2513
ES,2024-10-11,10:00,1,RANGE,-0.0819
ES,2024-10-14,10:00,1,RANGE,0.3074
ES,2024-10-15,10:00,-1,CONT,0.032
ES,2024-10-16,10:00,-1,RANGE,-0.0228
ES,2024-10-17,10:00,-1,FADE,0.7008
ES,2024-10-18,10:00,-1,FADE,0.3114
ES,2024-10-21,10:00,1,RANGE,-0.1607
ES,2024-10-22,10:00,1,FADE,-0.5639
ES,2024-10-23,10:00,0,,-0.451
ES,2024-10-24,10:00,-1,FADE,0.3771
ES,2024-10-25,10:00,1,FADE,0.4063
ES,2024-10-28,10:00,-1,RANGE,0.6462
ES,2024-10-29,10:00,1,RANGE,-0.2085
ES,2024-10-30,10:00,1,RANGE,-0.1107
ES,2024-10-31,10:00,-1,CONT,-0.9271
ES,2024-11-01,10:00,1,RANGE,0.4759
ES,2024-11-04,10:00,1,RANGE,0.0186
ES,2024-11-05,10:00,1,RANGE,0.1658
ES,2024-11-06,10:00,-1,RANGE,2.3662
ES,2024-11-07,10:00,1,CONT,0.3344
ES,2024-11-08,10:00,1,CONT,0.0378
ES,2024-11-11,10:00,-1,FADE,0.2536
ES,2024-11-12,10:00,1,RANGE,-0.0303
ES,2024-11-13,10:00,-1,RANGE,0.0613
ES,2024-11-14,10:00,-1,CONT,-0.0087
ES,2024-11-15,10:00,-1,CONT,-0.6914
ES,2024-11-18,10:00,-1,RANGE,0.0529
ES,2024-11-19,10:00,1,CONT,-0.5954
ES,2024-11-20,10:00,-1,RANGE,-0.004
ES,2024-11-21,10:00,-1,FADE,0.4647
ES,2024-11-22,10:00,1,RANGE,-0.0276
ES,2024-11-25,10:00,-1,FADE,0.6605
ES,2024-11-26,10:00,1,RANGE,0.207
ES,2024-11-27,10:00,-1,RANGE,-0.0641
ES,2024-12-02,10:00,-1,RANGE,0.0672
ES,2024-12-03,10:00,-1,RANGE,-0.0644
ES,2024-12-04,10:00,1,CONT,0.3329
ES,2024-12-05,10:00,1,RANGE,-0.0054
ES,2024-12-06,10:00,1,RANGE,0.1295
ES,2024-12-09,10:00,-1,CONT,-0.0573
ES,2024-12-10,10:00,-1,CONT,0.1365
ES,2024-12-11,10:00,1,RANGE,0.6476
ES,2024-12-12,10:00,-1,CONT,-0.2282
ES,2024-12-13,10:00,-1,FADE,0.4083
ES,2024-12-16,10:00,1,RANGE,2.2042
ES,2024-12-17,10:00,1,RANGE,-0.6171
ES,2024-12-18,10:00,1,REV,-0.0897
ES,2024-12-19,10:00,-1,FADE,1.0038
ES,2024-12-20,10:00,1,CONT,-0.5499
ES,2024-12-23,10:00,-1,RANGE,-0.0634
ES,2024-12-26,10:00,1,FADE,-0.3439
ES,2024-12-27,10:00,-1,RANGE,-0.731
ES,2024-12-30,10:00,-1,RANGE,-1.1708
ES,2024-12-31,10:00,1,RANGE,0.2196
ES,2025-01-02,10:00,1,FADE,0.4799
ES,2025-01-03,10:00,1,CONT,0.3811
ES,2025-01-06,10:00,1,RANGE,0.5981
ES,2025-01-07,10:00,-1,CONT,0.2508
ES,2025-01-08,10:00,-1,RANGE,-0.0122
ES,2025-01-10,10:00,-1,RANGE,-0.461
ES,2025-01-13,10:00,1,CONT,-0.5639
ES,2025-01-14,10:00,-1,FADE,0.3146
ES,2025-01-15,10:00,1,RANGE,0.9285
ES,2025-01-16,10:00,-1,RANGE,0.1426
ES,2025-01-17,10:00,-1,RANGE,0.5657
ES,2025-01-21,10:00,-1,RANGE,0.1029
ES,2025-01-22,10:00,1,RANGE,0.3666
ES,2025-01-23,10:00,1,CONT,-0.0888
ES,2025-01-24,10:00,1,RANGE,-0.0202
ES,2025-01-27,10:00,1,RANGE,-1.8434
ES,2025-01-28,10:00,-1,RANGE,0.1384
ES,2025-01-29,10:00,-1,RANGE,-0.1148
ES,2025-01-30,10:00,1,FADE,0.2897
ES,2025-01-31,10:00,1,REV,0.3176
ES,2025-02-03,10:00,-1,FADE,-1.2814
ES,2025-02-04,10:00,1,RANGE,0.0068
ES,2025-02-05,10:00,-1,RANGE,-0.1587
ES,2025-02-06,10:00,-1,FADE,0.254
ES,2025-02-07,10:00,1,REV,0.0507
ES,2025-02-10,10:00,-1,RANGE,0.4668
ES,2025-02-11,10:00,1,CONT,-0.3493
ES,2025-02-12,10:00,1,FADE,-0.9509
ES,2025-02-13,10:00,1,CONT,0.1722
ES,2025-02-14,10:00,1,RANGE,-0.0117
ES,2025-02-18,10:00,-1,RANGE,-0.046
ES,2025-02-19,10:00,-1,REV,-0.2328
ES,2025-02-20,10:00,-1,RANGE,-0.248
ES,2025-02-21,10:00,-1,CONT,-0.08
ES,2025-02-24,10:00,-1,FADE,0.3136
ES,2025-02-25,10:00,-1,RANGE,-0.0294
ES,2025-02-26,10:00,1,FADE,0.2813
ES,2025-02-27,10:00,-1,FADE,0.3868
ES,2025-02-28,10:00,1,CONT,0.0349
NQ,2016-01-04,09:45,-1,RANGE,-1.3805
NQ,2016-01-05,09:45,-1,FADE,0.2527
NQ,2016-01-06,09:45,1,FADE,-1.0419
NQ,2016-01-07,09:45,1,RANGE,-1.3071
NQ,2016-01-08,09:45,1,REV,0.4261
NQ,2016-01-11,09:45,-1,FADE,0.4118
NQ,2016-01-12,09:45,1,FADE,0.4945
NQ,2016-01-13,09:45,-1,CONT,0.2396
NQ,2016-01-14,09:45,-1,RANGE,0.2078
NQ,2016-01-15,09:45,1,RANGE,-1.6618
NQ,2016-01-19,09:45,-1,FADE,0.6256
NQ,2016-01-20,09:45,-1,FADE,-0.7377
NQ,2016-01-21,09:45,-1,RANGE,0.1801
NQ,2016-01-22,09:45,-1,RANGE,0.8441
NQ,2016-01-25,09:45,1,REV,-0.1177
NQ,2016-01-26,09:45,-1,RANGE,0.1506
NQ,2016-01-27,09:45,-1,CONT,-0.2424
NQ,2016-01-28,09:45,-1,FADE,0.6099
NQ,2016-01-29,09:45,1,RANGE,0.0181
NQ,2016-02-01,09:45,1,RANGE,-0.1878
NQ,2016-02-02,09:45,-1,CONT,-0.1585
NQ,2016-02-03,09:45,-1,RANGE,0.2348
NQ,2016-02-04,09:45,-1,RANGE,-0.1027
NQ,2016-02-05,09:45,-1,CONT,-0.1331
NQ,2016-02-08,09:45,1,RANGE,-0.6556
NQ,2016-02-09,09:45,1,FADE,-0.4538
NQ,2016-02-10,09:45,-1,RANGE,0.423
NQ,2016-02-11,09:45,1,FADE,-0.4622
NQ,2016-02-12,09:45,-1,FADE,0.4085
NQ,2016-02-16,09:45,1,RANGE,-0.0437
NQ,2016-02-17,09:45,-1,RANGE,0.3554
NQ,2016-02-18,09:45,-1,CONT,0.1401
NQ,2016-02-19,09:45,-1,RANGE,-0.193
NQ,2016-02-22,09:45,1,RANGE,0.3947
NQ,2016-02-23,09:45,1,RANGE,-0.2695
NQ,2016-02-24,09:45,0,,-0.5289
NQ,2016-02-25,09:45,-1,RANGE,0.1021
NQ,2016-02-26,09:45,-1,FADE,0.3365
NQ,2016-02-29,09:45,1,RANGE,-0.0485
NQ,2016-03-01,09:45,-1,REV,0.4274
NQ,2016-03-02,09:45,1,RANGE,-0.0785
NQ,2016-03-03,09:45,-1,RANGE,-0.0471
NQ,2016-03-04,09:45,-1,RANGE,0.0635
NQ,2016-03-07,09:45,1,FADE,-0.3004
NQ,2016-03-08,09:45,-1,FADE,-0.4136
NQ,2016-03-09,09:45,-1,RANGE,0.2463
NQ,2016-03-10,09:45,1,FADE,0.2869
NQ,2016-03-11,09:45,1,CONT,0.538
NQ,2016-03-14,09:45,1,CONT,-0.2499
NQ,2016-03-15,09:45,1,RANGE,-0.2225
NQ,2016-03-16,09:45,1,CONT,-0.1469
NQ,2016-03-17,09:45,-1,RANGE,-0.2218
NQ,2016-03-18,09:45,-1,RANGE,0.1755
NQ,2016-03-21,09:45,1,RANGE,-0.1459
NQ,2016-03-22,09:45,1,FADE,-0.4183
NQ,2016-03-23,09:45,-1,CONT,-0.1279
NQ,2016-03-24,09:45,1,FADE,-0.4096
NQ,2016-03-28,09:45,-1,RANGE,0.2357
NQ,2016-03-29,09:45,-1,REV,-0.1491
NQ,2016-03-30,09:45,1,RANGE,0.5123
NQ,2016-03-31,09:45,0,,-0.0561
NQ,2016-04-01,09:45,-1,REV,-0.5139
NQ,2016-04-04,09:45,-1,RANGE,-0.0246
NQ,2016-04-05,09:45,-1,RANGE,-0.6759
NQ,2016-04-06,09:45,1,CONT,0.087
NQ,2016-04-07,09:45,1,REV,-0.5153
NQ,2016-04-08,09:45,-1,FADE,0.5864
NQ,2016-04-11,09:45,-1,CONT,0.3992
NQ,2016-04-12,09:45,-1,RANGE,0.0452
NQ,2016-04-13,09:45,1,RANGE,0.6553
NQ,2016-04-14,09:45,-1,RANGE,-0.0047
NQ,2016-04-15,09:45,-1,RANGE,-0.068
NQ,2016-04-18,09:45,1,RANGE,-0.2445
NQ,2016-04-19,09:45,-1,RANGE,0.1748
NQ,2016-04-20,09:45,-1,RANGE,-0.0236
NQ,2016-04-21,09:45,-1,RANGE,-0.0333
NQ,2016-04-22,09:45,1,RANGE,-1.1138
NQ,2016-04-25,09:45,1,FADE,-0.2649
NQ,2016-04-26,09:45,-1,RANGE,0.1849
NQ,2016-04-27,09:45,1,RANGE,-0.8773
NQ,2016-04-28,09:45,1,REV,0.0822
NQ,2016-04-29,09:45,-1,RANGE,-0.0645
NQ,2016-05-02,09:45,1,RANGE,0.1833
NQ,2016-05-03,09:45,1,RANGE,-0.5431
NQ,2016-05-04,09:45,-1,RANGE,-0.4173
NQ,2016-05-05,09:45,-1,FADE,0.2854
NQ,2016-05-06,09:45,1,FADE,-0.4086
NQ,2016-05-09,09:45,1,RANGE,0.0185
NQ,2016-05-10,09:45,1,CONT,0.3084
NQ,2016-05-11,09:45,-1,CONT,-0.1386
NQ,2016-05-12,09:45,-1,RANGE,0.2429
NQ,2016-05-13,09:45,1,RANGE,-0.0328
NQ,2016-05-16,09:45,1,CONT,0.1198
NQ,2016-05-17,09:45,-1,CONT,-0.0449
NQ,2016-05-18,09:45,1,RANGE,-0.1108
NQ,2016-05-19,09:45,1,RANGE,-0.3012
NQ,2016-05-20,09:45,1,RANGE,0.2924
NQ,2016-05-23,09:45,1,RANGE,0.0667
NQ,2016-05-24,09:45,1,RANGE,0.4592
NQ,2016-05-25,09:45,-1,RANGE,0.2849
NQ,2016-05-26,09:45,1,RANGE,0.0697
NQ,2016-05-27,09:45,1,RANGE,0.0741
NQ,2016-05-31,09:45,-1,RANGE,-0.0853
NQ,2016-06-01,09:45,1,FADE,-0.2978
NQ,2016-06-02,09:45,-1,RANGE,-0.1817
NQ,2016-06-03,09:45,-1,RANGE,-0.1647
NQ,2016-06-06,09:45,1,RANGE,0.1542
NQ,2016-06-07,09:45,-1,CONT,0.062
NQ,2016-06-08,09:45,1,RANGE,0.1515
NQ,2016-06-09,09:45,1,FADE,-0.3823
NQ,2016-06-10,09:45,1,RANGE,-1.1237
NQ,2016-06-13,09:45,-1,FADE,-0.5445
NQ,2016-06-14,09:45,1,RANGE,-0.2375
NQ,2016-06-15,09:45,-1,CONT,0.2934
NQ,2016-06-16,09:45,-1,FADE,-0.5392
NQ,2016-06-17,09:45,-1,RANGE,-0.2109
NQ,2016-06-20,09:45,1,RANGE,1.2383
NQ,2016-06-21,09:45,1,RANGE,0.1554
NQ,2016-06-22,09:45,-1,RANGE,0.1252
NQ,2016-06-23,09:45,-1,RANGE,0.8799
NQ,2016-06-24,09:45,1,RANGE,-3.9556
NQ,2016-06-27,09:45,-1,RANGE,-0.6375
NQ,2016-06-28,09:45,1,RANGE,0.7738
NQ,2016-06-29,09:45,1,CONT,0.569
NQ,2016-06-30,09:45,-1,REV,0.1683
NQ,2016-07-01,09:45,1,RANGE,-0.0769
NQ,2016-07-05,09:45,-1,RANGE,-0.5193
NQ,2016-07-06,09:45,-1,REV,-0.3346
NQ,2016-07-07,09:45,1,RANGE,0.0461
NQ,2016-07-08,09:45,1,RANGE,0.3444
NQ,2016-07-11,09:45,1,RANGE,0.2339
NQ,2016-07-12,09:45,1,RANGE,0.41
NQ,2016-07-13,09:45,-1,RANGE,0.1782
NQ,2016-07-14,09:45,-1,RANGE,0.4779
NQ,2016-07-15,09:45,-1,RANGE,0.1683
NQ,2016-07-18,09:45,1,RANGE,0.0494
NQ,2016-07-19,09:45,1,FADE,-0.262
NQ,2016-07-20,09:45,-1,REV,0.4272
NQ,2016-07-21,09:45,1,RANGE,0.0541
NQ,2016-07-22,09:45,-1,RANGE,0.0682
NQ,2016-07-25,09:45,1,RANGE,-0.0986
NQ,2016-07-26,09:45,1,RANGE,-0.0379
NQ,2016-07-27,09:45,-1,RANGE,0.8927
NQ,2016-07-28,09:45,-1,RANGE,0.1863
NQ,2016-07-29,09:45,1,FADE,0.2751
NQ,2016-08-01,09:45,-1,RANGE,0.0701
NQ,2016-08-02,09:45,-1,RANGE,-0.1542
NQ,2016-08-03,09:45,1,RANGE,-0.0859
NQ,2016-08-04,09:45,1,RANGE,-0.0262
NQ,2016-08-05,09:45,1,RANGE,0.6614
NQ,2016-08-08,09:45,-1,RANGE,0.0602
NQ,2016-08-09,09:45,1,RANGE,0.0755
NQ,2016-08-10,09:45,-1,RANGE,0.0417
NQ,2016-08-11,09:45,1,RANGE,0.4349
NQ,2016-08-12,09:45,1,RANGE,-0.2378
NQ,2016-08-15,09:45,1,RANGE,0.164
NQ,2016-08-16,09:45,-1,RANGE,-0.2741
NQ,2016-08-17,09:45,-1,RANGE,0.0359
NQ,2016-08-18,09:45,-1,RANGE,-0.0896
NQ,2016-08-19,09:45,-1,RANGE,-0.2366
NQ,2016-08-22,09:45,-1,RANGE,-0.2151
NQ,2016-08-23,09:45,1,RANGE,0.5736
NQ,2016-08-24,09:45,1,RANGE,-0.077
NQ,2016-08-25,09:45,1,FADE,-0.3584
NQ,2016-08-26,09:45,1,RANGE,0.0997
NQ,2016-08-29,09:45,1,RANGE,0.0803
NQ,2016-08-30,09:45,1,RANGE,-0.2402
NQ,2016-08-31,09:45,1,RANGE,-0.2428
NQ,2016-09-01,09:45,1,RANGE,0.0624
NQ,2016-09-02,09:45,1,FADE,0.7459
NQ,2016-09-06,09:45,1,RANGE,0.4336
NQ,2016-09-07,09:45,1,RANGE,0.1421
NQ,2016-09-08,09:45,-1,RANGE,-0.4437
NQ,2016-09-09,09:45,1,REV,-1.4024
NQ,2016-09-12,09:45,1,CONT,-0.6533
NQ,2016-09-13,09:45,1,RANGE,-0.5561
NQ,2016-09-14,09:45,1,RANGE,0.1488
NQ,2016-09-15,09:45,1,CONT,0.0395
NQ,2016-09-16,09:45,-1,RANGE,-0.1424
NQ,2016-09-19,09:45,-1,FADE,0.2537
NQ,2016-09-20,09:45,-1,FADE,0.3487
NQ,2016-09-21,09:45,-1,FADE,0.405
NQ,2016-09-22,09:45,-1,RANGE,0.5929
NQ,2016-09-23,09:45,-1,CONT,-0.1343
NQ,2016-09-26,09:45,-1,RANGE,-0.5643
NQ,2016-09-27,09:45,1,RANGE,-0.0198
NQ,2016-09-28,09:45,-1,RANGE,0.0874
NQ,2016-09-29,09:45,1,RANGE,-0.1551
NQ,2016-09-30,09:45,1,RANGE,0.2428
NQ,2016-10-03,09:45,-1,RANGE,-0.1362
NQ,2016-10-04,09:45,1,RANGE,0.2185
NQ,2016-10-05,09:45,1,RANGE,0.2384
NQ,2016-10-06,09:45,-1,RANGE,-0.1231
NQ,2016-10-07,09:45,-1,RANGE,0.0917
NQ,2016-10-10,09:45,1,RANGE,0.4947
NQ,2016-10-11,09:45,-1,CONT,-0.0962
NQ,2016-10-12,09:45,-1,RANGE,0.0883
NQ,2016-10-13,09:45,-1,FADE,-0.688
NQ,2016-10-14,09:45,1,FADE,0.4712
NQ,2016-10-17,09:45,-1,RANGE,-0.0213
NQ,2016-10-18,09:45,-1,RANGE,1.2531
NQ,2016-10-19,09:45,-1,RANGE,-0.0742
NQ,2016-10-20,09:45,-1,RANGE,-0.1505
NQ,2016-10-21,09:45,-1,RANGE,0.0729
NQ,2016-10-24,09:45,1,RANGE,0.7161
NQ,2016-10-25,09:45,-1,CONT,0.0388
NQ,2016-10-26,09:45,-1,FADE,-0.712
NQ,2016-10-27,09:45,-1,FADE,0.4777
NQ,2016-10-28,09:45,1,FADE,-0.3609
NQ,2016-10-31,09:45,-1,FADE,0.4205
NQ,2016-11-01,09:45,-1,RANGE,0.1911
NQ,2016-11-02,09:45,1,REV,-0.054
NQ,2016-11-03,09:45,1,REV,-0.1105
NQ,2016-11-04,09:45,1,FADE,-0.2873
NQ,2016-11-07,09:45,1,CONT,1.5321
NQ,2016-11-08,09:45,1,RANGE,-0.1338
NQ,2016-11-09,09:45,1,FADE,-1.1523
NQ,2016-11-10,09:45,1,FADE,0.3781
NQ,2016-11-11,09:45,1,FADE,-0.3471
NQ,2016-11-14,09:45,-1,RANGE,0.0166
NQ,2016-11-15,09:45,1,RANGE,0.5422
NQ,2016-11-16,09:45,1,FADE,-0.3385
NQ,2016-11-17,09:45,1,CONT,-0.0344
NQ,2016-11-18,09:45,1,RANGE,0.0455
NQ,2016-11-21,09:45,1,RANGE,0.1739
NQ,2016-11-22,09:45,1,FADE,0.2625
NQ,2016-11-23,09:45,-1,RANGE,-0.2511
NQ,2016-11-28,09:45,-1,RANGE,-0.1382
NQ,2016-11-29,09:45,1,RANGE,0.0527
NQ,2016-11-30,09:45,1,RANGE,0.0669
NQ,2016-12-01,09:45,-1,CONT,-0.0041
NQ,2016-12-02,09:45,1,RANGE,0.0403
NQ,2016-12-05,09:45,-1,FADE,0.4211
NQ,2016-12-06,09:45,-1,RANGE,0.1872
NQ,2016-12-07,09:45,1,CONT,-0.172
NQ,2016-12-08,09:45,1,RANGE,0.0132
NQ,2016-12-09,09:45,1,RANGE,0.3485
NQ,2016-12-12,09:45,-1,RANGE,-0.4545
NQ,2016-12-13,09:45,1,RANGE,0.3285
NQ,2016-12-14,09:45,1,RANGE,0.0893
NQ,2016-12-15,09:45,1,RANGE,0.1218
NQ,2016-12-16,09:45,-1,RANGE,0.1758
NQ,2016-12-19,09:45,1,RANGE,0.1265
NQ,2016-12-20,09:45,1,RANGE,0.2954
NQ,2016-12-21,09:45,-1,RANGE,0.0105
NQ,2016-12-22,09:45,-1,RANGE,0.0162
NQ,2016-12-23,09:45,1,RANGE,-0.1424
NQ,2016-12-27,09:45,1,RANGE,0.2003
NQ,2016-12-28,09:45,-1,RANGE,0.1897
NQ,2016-12-29,09:45,-1,RANGE,-0.0458
NQ,2016-12-30,09:45,-1,RANGE,0.2006
NQ,2017-01-03,09:45,-1,RANGE,0.6869
NQ,2017-01-04,09:45,1,RANGE,0.0943
NQ,2017-01-05,09:45,1,RANGE,-0.0429
NQ,2017-01-06,09:45,1,RANGE,0.1119
NQ,2017-01-09,09:45,1,RANGE,0.0932
NQ,2017-01-10,09:45,-1,RANGE,0.0165
NQ,2017-01-11,09:45,1,RANGE,0.0221
NQ,2017-01-12,09:45,-1,FADE,-0.3937
NQ,2017-01-13,09:45,1,RANGE,0.075
NQ,2017-01-17,09:45,-1,RANGE,-0.2474
NQ,2017-01-18,09:45,1,RANGE,0.1718
NQ,2017-01-19,09:45,1,RANGE,0.1395
NQ,2017-01-20,09:45,1,FADE,0.5896
NQ,2017-01-23,09:45,1,RANGE,-0.0768
NQ,2017-01-24,09:45,-1,FADE,0.2675
NQ,2017-01-25,09:45,1,CONT,0.7604
NQ,2017-01-26,09:45,1,RANGE,0.186
NQ,2017-01-27,09:45,-1,FADE,0.2739
NQ,2017-01-30,09:45,-1,RANGE,-0.4497
NQ,2017-01-31,09:45,-1,RANGE,-0.4751
NQ,2017-02-01,09:45,1,RANGE,0.916
NQ,2017-02-02,09:45,1,RANGE,-0.2311
NQ,2017-02-03,09:45,-1,RANGE,0.1701
NQ,2017-02-06,09:45,1,FADE,-0.3043
NQ,2017-02-07,09:45,1,RANGE,0.2921
NQ,2017-02-08,09:45,-1,RANGE,-0.2137
NQ,2017-02-09,09:45,1,RANGE,0.1707
NQ,2017-02-10,09:45,1,FADE,0.2778
NQ,2017-02-13,09:45,1,RANGE,0.4952
NQ,2017-02-14,09:45,-1,RANGE,0.0591
NQ,2017-02-15,09:45,1,CONT,-0.1168
NQ,2017-02-16,09:45,1,RANGE,0.0923
NQ,2017-02-17,09:45,1,RANGE,-0.18
NQ,2017-02-21,09:45,1,RANGE,-0.2022
NQ,2017-02-22,09:45,-1,RANGE,-0.1622
NQ,2017-02-23,09:45,-1,RANGE,0.2279
NQ,2017-02-24,09:45,1,CONT,-0.691
NQ,2017-02-27,09:45,-1,REV,-0.3035
NQ,2017-02-28,09:45,-1,RANGE,-0.0324
NQ,2017-03-01,09:45,-1,RANGE,1.0824
NQ,2017-03-02,09:45,-1,CONT,-0.0158
NQ,2017-03-03,09:45,1,RANGE,-0.1737
NQ,2017-03-06,09:45,-1,FADE,-0.5995
NQ,2017-03-07,09:45,-1,FADE,-0.3586
NQ,2017-03-08,09:45,1,RANGE,0.0608
NQ,2017-03-09,09:45,-1,RANGE,-0.0306
NQ,2017-03-10,09:45,-1,FADE,0.8314
NQ,2017-03-13,09:45,1,RANGE,-0.0595
NQ,2017-03-14,09:45,-1,RANGE,-0.3536
NQ,2017-03-15,09:45,-1,FADE,0.3834
NQ,2017-03-16,09:45,-1,FADE,0.2787
NQ,2017-03-17,09:45,1,RANGE,0.0907
NQ,2017-03-20,09:45,1,RANGE,0.0154
NQ,2017-03-21,09:45,1,REV,0.619
NQ,2017-03-22,09:45,1,CONT,0.074
NQ,2017-03-23,09:45,-1,RANGE,-0.2008
NQ,2017-03-24,09:45,1,FADE,0.4247
NQ,2017-03-27,09:45,-1,REV,-0.9614
NQ,2017-03-28,09:45,1,RANGE,-0.031
NQ,2017-03-29,09:45,1,RANGE,0.0838
NQ,2017-03-30,09:45,1,RANGE,-0.0188
NQ,2017-03-31,09:45,1,RANGE,-0.2105
NQ,2017-04-03,09:45,1,RANGE,0.1346
NQ,2017-04-04,09:45,1,FADE,-0.401
NQ,2017-04-05,09:45,1,RANGE,0.1703
NQ,2017-04-06,09:45,-1,RANGE,0.1436
NQ,2017-04-07,09:45,1,RANGE,-0.0604
NQ,2017-04-10,09:45,1,RANGE,0.1326
NQ,2017-04-11,09:45,-1,RANGE,-0.1817
NQ,2017-04-12,09:45,-1,CONT,-0.0621
NQ,2017-04-13,09:45,1,RANGE,-0.1792
NQ,2017-04-17,09:45,1,RANGE,0.3561
NQ,2017-04-18,09:45,1,FADE,-0.4269
NQ,2017-04-19,09:45,1,FADE,0.4802
NQ,2017-04-20,09:45,0,,0.526
NQ,2017-04-21,09:45,-1,RANGE,0.1345
NQ,2017-04-24,09:45,1,RANGE,1.4463
NQ,2017-04-25,09:45,1,CONT,0.4127
NQ,2017-04-26,09:45,-1,RANGE,0.0351
NQ,2017-04-27,09:45,1,RANGE,0.3355
NQ,2017-04-28,09:45,-1,FADE,0.5345
NQ,2017-05-01,09:45,1,CONT,0.4778
NQ,2017-05-02,09:45,-1,RANGE,0.2155
NQ,2017-05-03,09:45,-1,RANGE,-0.2785
NQ,2017-05-04,09:45,-1,RANGE,0.006
NQ,2017-05-05,09:45,-1,FADE,0.3619
NQ,2017-05-08,09:45,-1,RANGE,0.0636
NQ,2017-05-09,09:45,1,RANGE,0.1946
NQ,2017-05-10,09:45,-1,RANGE,0.0849
NQ,2017-05-11,09:45,-1,FADE,-0.4093
NQ,2017-05-12,09:45,1,RANGE,0.0547
NQ,2017-05-15,09:45,1,RANGE,0.0357
NQ,2017-05-16,09:45,-1,FADE,0.3756
NQ,2017-05-17,09:45,1,REV,-1.3161
NQ,2017-05-18,09:45,1,RANGE,-0.032
NQ,2017-05-19,09:45,1,RANGE,0.4685
NQ,2017-05-22,09:45,1,RANGE,0.2968
NQ,2017-05-23,09:45,-1,FADE,0.4107
NQ,2017-05-24,09:45,-1,FADE,0.4429
NQ,2017-05-25,09:45,-1,RANGE,0.5764
NQ,2017-05-26,09:45,-1,RANGE,0.0431
NQ,2017-05-30,09:45,1,RANGE,-0.2429
NQ,2017-05-31,09:45,-1,FADE,0.4729
NQ,2017-06-01,09:45,1,FADE,0.3335
NQ,2017-06-02,09:45,-1,REV,0.4816
NQ,2017-06-05,09:45,-1,RANGE,-0.0181
NQ,2017-06-06,09:45,1,RANGE,-0.1333
NQ,2017-06-07,09:45,1,FADE,0.3522
NQ,2017-06-08,09:45,-1,FADE,0.3216
NQ,2017-06-09,09:45,-1,CONT,0.3682
NQ,2017-06-12,09:45,-1,RANGE,-0.8492
NQ,2017-06-13,09:45,1,FADE,0.5414
NQ,2017-06-14,09:45,-1,FADE,0.3725
NQ,2017-06-15,09:45,-1,RANGE,-1.0163
NQ,2017-06-16,09:45,-1,RANGE,-0.0305
NQ,2017-06-19,09:45,1,RANGE,0.8752
NQ,2017-06-20,09:45,1,REV,-0.1004
NQ,2017-06-21,09:45,1,CONT,0.2093
NQ,2017-06-22,09:45,-1,RANGE,0.12
NQ,2017-06-23,09:45,-1,RANGE,-0.0941
NQ,2017-06-26,09:45,1,REV,0.5101
NQ,2017-06-27,09:45,-1,CONT,-0.3202
NQ,2017-06-28,09:45,-1,REV,0.2828
NQ,2017-06-29,09:45,-1,RANGE,-0.3317
NQ,2017-06-30,09:45,1,RANGE,0.2183
NQ,2017-07-05,09:45,1,RANGE,0.3824
NQ,2017-07-06,09:45,-1,RANGE,-0.5208
NQ,2017-07-07,09:45,1,CONT,0.207
NQ,2017-07-10,09:45,1,RANGE,0.0635
NQ,2017-07-11,09:45,1,RANGE,-0.1204
NQ,2017-07-12,09:45,1,RANGE,0.6347
NQ,2017-07-13,09:45,1,RANGE,0.0561
NQ,2017-07-14,09:45,-1,RANGE,0.3301
NQ,2017-07-17,09:45,1,RANGE,0.0754
NQ,2017-07-18,09:45,-1,REV,-0.0789
NQ,2017-07-19,09:45,1,RANGE,0.2415
NQ,2017-07-20,09:45,-1,RANGE,0.2084
NQ,2017-07-21,09:45,1,FADE,-0.3265
NQ,2017-07-24,09:45,-1,REV,-0.0255
NQ,2017-07-25,09:45,-1,FADE,-0.2558
NQ,2017-07-26,09:45,-1,RANGE,0.2194
NQ,2017-07-27,09:45,-1,FADE,0.6973
NQ,2017-07-28,09:45,1,FADE,-0.6187
NQ,2017-07-31,09:45,1,FADE,0.2512
NQ,2017-08-01,09:45,-1,FADE,0.3638
NQ,2017-08-02,09:45,-1,FADE,0.6862
NQ,2017-08-03,09:45,-1,RANGE,0.1373
NQ,2017-08-04,09:45,1,RANGE,0.174
NQ,2017-08-07,09:45,1,CONT,0.1999
NQ,2017-08-08,09:45,-1,RANGE,-0.1896
NQ,2017-08-09,09:45,-1,FADE,-0.9566
NQ,2017-08-10,09:45,-1,CONT,-0.6688
NQ,2017-08-11,09:45,1,RANGE,0.1494
NQ,2017-08-14,09:45,1,RANGE,0.8174
NQ,2017-08-15,09:45,-1,RANGE,0.1932
NQ,2017-08-16,09:45,-1,RANGE,0.2478
NQ,2017-08-17,09:45,1,REV,-0.3793
NQ,2017-08-18,09:45,-1,RANGE,0.0576
NQ,2017-08-21,09:45,1,RANGE,0.0201
NQ,2017-08-22,09:45,1,RANGE,0.4715
NQ,2017-08-23,09:45,1,RANGE,-0.4455
NQ,2017-08-24,09:45,-1,RANGE,0.2057
NQ,2017-08-25,09:45,-1,FADE,0.3302
NQ,2017-08-28,09:45,-1,FADE,0.2887
NQ,2017-08-29,09:45,1,CONT,-0.7976
NQ,2017-08-30,09:45,1,CONT,0.0809
NQ,2017-08-31,09:45,1,RANGE,0.2275
NQ,2017-09-01,09:45,-1,RANGE,0.1746
NQ,2017-09-05,09:45,-1,RANGE,-0.1454
NQ,2017-09-06,09:45,-1,RANGE,0.247
NQ,2017-09-07,09:45,-1,RANGE,0.173
NQ,2017-09-08,09:45,-1,CONT,0.0122
NQ,2017-09-11,09:45,1,RANGE,0.7513
NQ,2017-09-12,09:45,-1,FADE,0.2953
NQ,2017-09-13,09:45,-1,RANGE,-0.1709
NQ,2017-09-14,09:45,-1,RANGE,-0.3928
NQ,2017-09-15,09:45,-1,RANGE,-0.0089
NQ,2017-09-18,09:45,1,RANGE,0.1159
NQ,2017-09-19,09:45,-1,RANGE,0.179
NQ,2017-09-20,09:45,1,RANGE,-0.038
NQ,2017-09-21,09:45,-1,RANGE,-0.0918
NQ,2017-09-22,09:45,1,FADE,-0.3481
NQ,2017-09-25,09:45,-1,RANGE,-0.4726
NQ,2017-09-26,09:45,1,FADE,0.5277
NQ,2017-09-27,09:45,1,RANGE,0.5677
NQ,2017-09-28,09:45,-1,FADE,-0.2918
NQ,2017-09-29,09:45,1,CONT,0.2279
NQ,2017-10-02,09:45,1,RANGE,0.1775
NQ,2017-10-03,09:45,1,RANGE,0.117
NQ,2017-10-04,09:45,-1,FADE,-0.2501
NQ,2017-10-05,09:45,1,CONT,0.429
NQ,2017-10-06,09:45,1,FADE,-0.4037
NQ,2017-10-09,09:45,-1,RANGE,0.2044
NQ,2017-10-10,09:45,-1,FADE,0.4468
NQ,2017-10-11,09:45,1,RANGE,-0.0637
NQ,2017-10-12,09:45,-1,RANGE,-0.1855
NQ,2017-10-13,09:45,-1,RANGE,0.5255
NQ,2017-10-16,09:45,1,FADE,0.3247
NQ,2017-10-17,09:45,-1,RANGE,-0.0455
NQ,2017-10-18,09:45,-1,RANGE,0.1436
NQ,2017-10-19,09:45,-1,RANGE,-0.8379
NQ,2017-10-20,09:45,-1,RANGE,0.602
NQ,2017-10-23,09:45,-1,CONT,0.3241
NQ,2017-10-24,09:45,-1,RANGE,0.2497
NQ,2017-10-25,09:45,1,FADE,-0.3165
NQ,2017-10-26,09:45,1,RANGE,-0.0632
NQ,2017-10-27,09:45,1,CONT,2.425
NQ,2017-10-30,09:45,1,RANGE,-0.1294
NQ,2017-10-31,09:45,-1,FADE,0.4052
NQ,2017-11-01,09:45,-1,FADE,0.5363
NQ,2017-11-02,09:45,-1,RANGE,-0.1526
NQ,2017-11-03,09:45,-1,FADE,0.5037
NQ,2017-11-06,09:45,1,RANGE,-0.0871
NQ,2017-11-07,09:45,1,RANGE,-0.0921
NQ,2017-11-08,09:45,1,CONT,-0.0418
NQ,2017-11-09,09:45,-1,RANGE,-1.0823
NQ,2017-11-10,09:45,1,FADE,-0.261
NQ,2017-11-13,09:45,1,FADE,-0.435
NQ,2017-11-14,09:45,-1,RANGE,-0.4324
NQ,2017-11-15,09:45,-1,RANGE,-0.4883
NQ,2017-11-16,09:45,1,CONT,0.5684
NQ,2017-11-17,09:45,-1,CONT,0.0173
NQ,2017-11-20,09:45,1,RANGE,0.0904
NQ,2017-11-21,09:45,1,RANGE,0.5027
NQ,2017-11-22,09:45,-1,RANGE,0.0948
NQ,2017-11-27,09:45,1,RANGE,-0.1081
NQ,2017-11-28,09:45,-1,FADE,0.3147
NQ,2017-11-29,09:45,-1,RANGE,-0.1695
NQ,2017-11-30,09:45,1,RANGE,0.4584
NQ,2017-12-01,09:45,1,FADE,-0.8105
NQ,2017-12-04,09:45,-1,FADE,0.7171
NQ,2017-12-05,09:45,1,RANGE,-0.0555
NQ,2017-12-06,09:45,1,FADE,-0.3384
NQ,2017-12-07,09:45,1,RANGE,-0.0118
NQ,2017-12-08,09:45,1,RANGE,1.0412
NQ,2017-12-11,09:45,1,CONT,0.0433
NQ,2017-12-12,09:45,-1,RANGE,-0.0663
NQ,2017-12-13,09:45,1,FADE,0.3926
NQ,2017-12-14,09:45,-1,RANGE,0.187
NQ,2017-12-15,09:45,-1,REV,0.4043
NQ,2017-12-18,09:45,1,RANGE,0.6846
NQ,2017-12-19,09:45,-1,RANGE,-0.1792
NQ,2017-12-20,09:45,-1,FADE,0.3509
NQ,2017-12-21,09:45,1,RANGE,0.1174
NQ,2017-12-22,09:45,-1,RANGE,-0.1723
NQ,2017-12-26,09:45,-1,RANGE,-0.4957
NQ,2017-12-27,09:45,1,RANGE,-0.0113
NQ,2017-12-28,09:45,-1,FADE,0.2761
NQ,2017-12-29,09:45,-1,CONT,0.1411
NQ,2018-01-02,09:45,1,RANGE,0.528
NQ,2018-01-03,09:45,1,RANGE,0.0971
NQ,2018-01-04,09:45,-1,FADE,0.4256
NQ,2018-01-05,09:45,-1,REV,0.5667
NQ,2018-01-08,09:45,1,RANGE,0.0094
NQ,2018-01-09,09:45,-1,FADE,0.2725
NQ,2018-01-10,09:45,1,RANGE,-0.6412
NQ,2018-01-11,09:45,1,CONT,0.2168
NQ,2018-01-12,09:45,1,CONT,-0.1461
NQ,2018-01-16,09:45,1,FADE,0.5609
NQ,2018-01-17,09:45,-1,FADE,0.6259
NQ,2018-01-18,09:45,1,RANGE,-0.1902
NQ,2018-01-19,09:45,1,FADE,0.3941
NQ,2018-01-22,09:45,1,RANGE,-0.0834
NQ,2018-01-23,09:45,1,RANGE,0.3825
NQ,2018-01-24,09:45,-1,RANGE,0.2367
NQ,2018-01-25,09:45,-1,FADE,0.7254
NQ,2018-01-26,09:45,-1,REV,0.61
NQ,2018-01-29,09:45,1,RANGE,-0.1939
NQ,2018-01-30,09:45,1,RANGE,-0.8829
NQ,2018-01-31,09:45,1,FADE,0.5524
NQ,2018-02-01,09:45,1,FADE,-0.7516
NQ,2018-02-02,09:45,-1,RANGE,-0.3823
NQ,2018-02-05,09:45,0,,-0.7941
NQ,2018-02-06,09:45,1,FADE,-1.0417
NQ,2018-02-07,09:45,-1,RANGE,-0.2075
NQ,2018-02-08,09:45,-1,CONT,0.1805
NQ,2018-02-09,09:45,1,FADE,0.7621
NQ,2018-02-12,09:45,1,FADE,0.5125
NQ,2018-02-13,09:45,1,FADE,-0.2856
NQ,2018-02-14,09:45,1,FADE,-0.2655
NQ,2018-02-15,09:45,-1,FADE,0.4164
NQ,2018-02-16,09:45,1,RANGE,-0.128
NQ,2018-02-20,09:45,1,RANGE,-0.2241
NQ,2018-02-21,09:45,1,RANGE,0.2265
NQ,2018-02-22,09:45,1,RANGE,0.2174
NQ,2018-02-23,09:45,0,,0.344
NQ,2018-02-26,09:45,1,RANGE,0.2195
NQ,2018-02-27,09:45,-1,CONT,0.0268
NQ,2018-02-28,09:45,-1,CONT,0.2687
NQ,2018-03-01,09:45,-1,RANGE,0.0263
NQ,2018-03-02,09:45,-1,REV,-0.5108
NQ,2018-03-05,09:45,-1,REV,-0.1901
NQ,2018-03-06,09:45,-1,RANGE,0.2207
NQ,2018-03-07,09:45,1,CONT,-0.3707
NQ,2018-03-08,09:45,1,RANGE,0.1907
NQ,2018-03-09,09:45,-1,REV,0.6384
NQ,2018-03-12,09:45,1,RANGE,0.1947
NQ,2018-03-13,09:45,1,REV,0.3399
NQ,2018-03-14,09:45,-1,FADE,0.295
NQ,2018-03-15,09:45,-1,RANGE,0.043
NQ,2018-03-16,09:45,1,RANGE,0.1144
NQ,2018-03-19,09:45,-1,RANGE,-0.6309
NQ,2018-03-20,09:45,1,RANGE,-0.0132
NQ,2018-03-21,09:45,1,RANGE,-0.1654
NQ,2018-03-22,09:45,1,REV,-0.8189
NQ,2018-03-23,09:45,-1,CONT,-0.0497
NQ,2018-03-26,09:45,1,FADE,1.1339
NQ,2018-03-27,09:45,-1,CONT,0.3748
NQ,2018-03-28,09:45,-1,RANGE,-0.2289
NQ,2018-03-29,09:45,-1,RANGE,0.2449
NQ,2018-04-02,09:45,-1,RANGE,-0.3583
NQ,2018-04-03,09:45,-1,FADE,0.3942
NQ,2018-04-04,09:45,1,CONT,-0.8625
NQ,2018-04-05,09:45,-1,FADE,0.4359
NQ,2018-04-06,09:45,1,FADE,-0.4489
NQ,2018-04-09,09:45,1,RANGE,0.3196
NQ,2018-04-10,09:45,-1,RANGE,0.6256
NQ,2018-04-11,09:45,1,RANGE,-0.217
NQ,2018-04-12,09:45,1,RANGE,0.2334
NQ,2018-04-13,09:45,0,,0.2105
NQ,2018-04-16,09:45,-1,FADE,0.2783
NQ,2018-04-17,09:45,1,CONT,0.4043
NQ,2018-04-18,09:45,-1,RANGE,0.0302
NQ,2018-04-19,09:45,-1,RANGE,-0.1928
NQ,2018-04-20,09:45,-1,CONT,-0.1228
NQ,2018-04-23,09:45,-1,RANGE,0.175
NQ,2018-04-24,09:45,1,REV,0.1926
NQ,2018-04-25,09:45,-1,RANGE,0.0765
NQ,2018-04-26,09:45,1,RANGE,0.5643
NQ,2018-04-27,09:45,-1,FADE,0.6749
NQ,2018-04-30,09:45,1,RANGE,0.1
NQ,2018-05-01,09:45,-1,REV,-0.1163
NQ,2018-05-02,09:45,-1,CONT,0.1178
NQ,2018-05-03,09:45,-1,FADE,-0.258
NQ,2018-05-04,09:45,1,CONT,-0.2258
NQ,2018-05-07,09:45,1,RANGE,0.2433
NQ,2018-05-08,09:45,-1,RANGE,-0.1111
NQ,2018-05-09,09:45,1,CONT,0.1418
NQ,2018-05-10,09:45,1,CONT,0.1857
NQ,2018-05-11,09:45,-1,RANGE,-0.1121
NQ,2018-05-14,09:45,1,RANGE,0.1505
NQ,2018-05-15,09:45,-1,RANGE,-0.5021
NQ,2018-05-16,09:45,-1,REV,0.098
NQ,2018-05-17,09:45,-1,RANGE,-0.2308
NQ,2018-05-18,09:45,1,RANGE,-0.2034
NQ,2018-05-21,09:45,1,FADE,0.5029
NQ,2018-05-22,09:45,1,FADE,0.2947
NQ,2018-05-23,09:45,1,CONT,-0.5561
NQ,2018-05-24,09:45,-1,RANGE,-0.0236
NQ,2018-05-25,09:45,-1,RANGE,0.0218
NQ,2018-05-29,09:45,1,RANGE,-0.7516
NQ,2018-05-30,09:45,-1,RANGE,0.3427
NQ,2018-05-31,09:45,1,RANGE,-0.0123
NQ,2018-06-01,09:45,1,RANGE,0.4224
NQ,2018-06-04,09:45,1,CONT,0.2336
NQ,2018-06-05,09:45,1,RANGE,0.2256
NQ,2018-06-06,09:45,1,RANGE,0.1059
NQ,2018-06-07,09:45,-1,CONT,0.0312
NQ,2018-06-08,09:45,1,RANGE,-0.1844
NQ,2018-06-11,09:45,1,RANGE,-0.0574
NQ,2018-06-12,09:45,1,CONT,0.1906
NQ,2018-06-13,09:45,1,RANGE,0.1389
NQ,2018-06-14,09:45,1,RANGE,0.4822
NQ,2018-06-15,09:45,-1,RANGE,-0.382
NQ,2018-06-18,09:45,-1,FADE,-0.6732
NQ,2018-06-19,09:45,1,FADE,-1.3467
NQ,2018-06-20,09:45,1,RANGE,0.4512
NQ,2018-06-21,09:45,-1,RANGE,0.232
NQ,2018-06-22,09:45,-1,FADE,0.3689
NQ,2018-06-25,09:45,-1,RANGE,-0.7599
NQ,2018-06-26,09:45,1,FADE,0.3228
NQ,2018-06-27,09:45,-1,CONT,0.3348
NQ,2018-06-28,09:45,1,CONT,-0.0688
NQ,2018-06-29,09:45,1,RANGE,0.3331
NQ,2018-07-02,09:45,1,CONT,-0.7174
NQ,2018-07-05,09:45,1,FADE,0.3967
NQ,2018-07-06,09:45,1,CONT,0.1643
NQ,2018-07-09,09:45,1,RANGE,0.415
NQ,2018-07-10,09:45,-1,RANGE,0.0866
NQ,2018-07-11,09:45,1,FADE,-0.5959
NQ,2018-07-12,09:45,1,CONT,0.3336
NQ,2018-07-13,09:45,1,RANGE,0.013
NQ,2018-07-16,09:45,1,RANGE,0.0106
NQ,2018-07-17,09:45,1,CONT,-0.8272
NQ,2018-07-18,09:45,-1,RANGE,-0.0185
NQ,2018-07-19,09:45,1,FADE,-0.278
NQ,2018-07-20,09:45,-1,FADE,0.2533
NQ,2018-07-23,09:45,-1,RANGE,-0.2466
NQ,2018-07-24,09:45,1,FADE,0.9589
NQ,2018-07-25,09:45,1,CONT,0.0477
NQ,2018-07-26,09:45,1,RANGE,-1.2766
NQ,2018-07-27,09:45,-1,CONT,0.54
NQ,2018-07-30,09:45,-1,RANGE,0.0113
NQ,2018-07-31,09:45,1,FADE,0.2679
NQ,2018-08-01,09:45,1,FADE,0.3149
NQ,2018-08-02,09:45,1,CONT,-0.591
NQ,2018-08-03,09:45,-1,RANGE,0.1126
NQ,2018-08-06,09:45,-1,RANGE,-0.0223
NQ,2018-08-07,09:45,1,RANGE,0.2133
NQ,2018-08-08,09:45,-1,RANGE,-0.0899
NQ,2018-08-09,09:45,1,RANGE,-0.0113
NQ,2018-08-10,09:45,1,RANGE,-0.5959
NQ,2018-08-13,09:45,1,RANGE,0.1472
NQ,2018-08-14,09:45,-1,FADE,0.2983
NQ,2018-08-15,09:45,1,RANGE,-0.6933
NQ,2018-08-16,09:45,-1,FADE,0.5863
NQ,2018-08-17,09:45,1,RANGE,-0.2161
NQ,2018-08-20,09:45,-1,RANGE,0.1801
NQ,2018-08-21,09:45,1,RANGE,0.2433
NQ,2018-08-22,09:45,1,CONT,-0.1831
NQ,2018-08-23,09:45,1,RANGE,-0.1475
NQ,2018-08-24,09:45,1,CONT,0.2999
NQ,2018-08-27,09:45,-1,RANGE,0.4933
NQ,2018-08-28,09:45,-1,FADE,0.2662
NQ,2018-08-29,09:45,1,CONT,0.1758
NQ,2018-08-30,09:45,0,,-0.2204
NQ,2018-08-31,09:45,1,RANGE,-0.1216
NQ,2018-09-04,09:45,-1,RANGE,-0.6499
NQ,2018-09-05,09:45,-1,RANGE,-0.1876
NQ,2018-09-06,09:45,-1,RANGE,0.0172
NQ,2018-09-07,09:45,1,FADE,-0.6687
NQ,2018-09-10,09:45,-1,FADE,0.4399
NQ,2018-09-11,09:45,1,FADE,-0.4136
NQ,2018-09-12,09:45,-1,RANGE,-0.1313
NQ,2018-09-13,09:45,1,RANGE,0.5496
NQ,2018-09-14,09:45,1,FADE,0.4873
NQ,2018-09-17,09:45,-1,RANGE,-0.1834
NQ,2018-09-18,09:45,1,RANGE,0.0774
NQ,2018-09-19,09:45,-1,RANGE,0.003
NQ,2018-09-20,09:45,1,RANGE,0.6168
NQ,2018-09-21,09:45,1,FADE,0.2852
NQ,2018-09-24,09:45,1,FADE,-0.6359
NQ,2018-09-25,09:45,-1,RANGE,-0.0377
NQ,2018-09-26,09:45,1,RANGE,0.0633
NQ,2018-09-27,09:45,1,RANGE,0.3811
NQ,2018-09-28,09:45,1,FADE,-0.2822
NQ,2018-10-01,09:45,1,FADE,0.4747
NQ,2018-10-02,09:45,-1,RANGE,-0.0995
NQ,2018-10-03,09:45,-1,FADE,0.346
NQ,2018-10-04,09:45,-1,CONT,-0.398
NQ,2018-10-05,09:45,1,RANGE,-0.0445
NQ,2018-10-08,09:45,1,FADE,-0.3621
NQ,2018-10-09,09:45,1,RANGE,0.0429
NQ,2018-10-10,09:45,-1,CONT,-0.4297
NQ,2018-10-11,09:45,-1,FADE,-0.2817
NQ,2018-10-12,09:45,-1,RANGE,1.5179
NQ,2018-10-15,09:45,-1,RANGE,-0.2276
NQ,2018-10-16,09:45,1,CONT,0.6062
NQ,2018-10-17,09:45,-1,FADE,0.3043
NQ,2018-10-18,09:45,-1,CONT,-0.2264
NQ,2018-10-19,09:45,1,FADE,0.3134
NQ,2018-10-22,09:45,-1,FADE,0.2918
NQ,2018-10-23,09:45,-1,FADE,-0.9162
NQ,2018-10-24,09:45,-1,CONT,-0.075
NQ,2018-10-25,09:45,1,RANGE,0.6685
NQ,2018-10-26,09:45,1,FADE,-1.3873
NQ,2018-10-29,09:45,-1,FADE,0.5147
NQ,2018-10-30,09:45,1,RANGE,-0.1789
NQ,2018-10-31,09:45,1,RANGE,0.5387
NQ,2018-11-01,09:45,-1,RANGE,0.0788
NQ,2018-11-02,09:45,1,RANGE,-0.1075
NQ,2018-11-05,09:45,-1,RANGE,0.0203
NQ,2018-11-06,09:45,1,RANGE,-0.0097
NQ,2018-11-07,09:45,1,CONT,0.3995
NQ,2018-11-08,09:45,-1,RANGE,-0.1526
NQ,2018-11-09,09:45,-1,RANGE,-0.3585
NQ,2018-11-12,09:45,-1,CONT,-0.2706
NQ,2018-11-13,09:45,1,RANGE,0.1343
NQ,2018-11-14,09:45,1,REV,0.3379
NQ,2018-11-15,09:45,1,CONT,-0.0712
NQ,2018-11-16,09:45,-1,FADE,-0.3403
NQ,2018-11-19,09:45,-1,CONT,-0.1733
NQ,2018-11-20,09:45,1,FADE,-0.7505
NQ,2018-11-21,09:45,-1,RANGE,0.4185
NQ,2018-11-26,09:45,1,RANGE,0.5549
NQ,2018-11-27,09:45,-1,RANGE,-0.2473
NQ,2018-11-28,09:45,-1,REV,0.3069
NQ,2018-11-29,09:45,1,RANGE,-0.1757
NQ,2018-11-30,09:45,-1,RANGE,0.0528
NQ,2018-12-03,09:45,-1,RANGE,1.0137
NQ,2018-12-04,09:45,1,REV,-0.2482
NQ,2018-12-06,09:45,1,CONT,-0.884
NQ,2018-12-07,09:45,1,REV,-0.2065
NQ,2018-12-10,09:45,1,RANGE,-0.0616
NQ,2018-12-11,09:45,-1,FADE,0.6434
NQ,2018-12-12,09:45,-1,RANGE,0.6245
NQ,2018-12-13,09:45,-1,RANGE,0.2475
NQ,2018-12-14,09:45,-1,CONT,-0.3354
NQ,2018-12-17,09:45,-1,RANGE,-0.149
NQ,2018-12-18,09:45,1,FADE,0.2749
NQ,2018-12-19,09:45,1,RANGE,-0.0477
NQ,2018-12-20,09:45,1,RANGE,-0.1214
NQ,2018-12-21,09:45,-1,CONT,0.1486
NQ,2018-12-26,09:45,1,CONT,0.4424
NQ,2018-12-27,09:45,-1,FADE,-0.4054
NQ,2018-12-28,09:45,-1,RANGE,0.1799
NQ,2018-12-31,09:45,1,FADE,0.2841
NQ,2019-01-02,09:45,1,FADE,-0.6736
NQ,2019-01-03,09:45,-1,RANGE,-0.4605
NQ,2019-01-04,09:45,1,RANGE,0.4805
NQ,2019-01-07,09:45,1,RANGE,0.0271
NQ,2019-01-08,09:45,1,FADE,0.3089
NQ,2019-01-09,09:45,1,RANGE,0.1011
NQ,2019-01-10,09:45,-1,REV,-0.2621
NQ,2019-01-11,09:45,-1,RANGE,-0.1909
NQ,2019-01-14,09:45,-1,RANGE,-0.3249
NQ,2019-01-15,09:45,1,RANGE,0.1375
NQ,2019-01-16,09:45,1,RANGE,0.0403
NQ,2019-01-17,09:45,1,CONT,-0.1404
NQ,2019-01-18,09:45,-1,FADE,0.2742
NQ,2019-01-22,09:45,-1,RANGE,-0.1056
NQ,2019-01-23,09:45,1,RANGE,0.1787
NQ,2019-01-24,09:45,1,RANGE,0.1188
NQ,2019-01-25,09:45,-1,RANGE,0.4049
NQ,2019-01-28,09:45,-1,RANGE,-0.7509
NQ,2019-01-29,09:45,-1,CONT,0.0265
NQ,2019-01-30,09:45,1,CONT,0.6271
NQ,2019-01-31,09:45,1,RANGE,0.2777
NQ,2019-02-01,09:45,1,FADE,-0.2848
NQ,2019-02-04,09:45,-1,RANGE,0.0165
NQ,2019-02-05,09:45,1,RANGE,0.0908
NQ,2019-02-06,09:45,-1,RANGE,0.0098
NQ,2019-02-07,09:45,-1,RANGE,-0.6072
NQ,2019-02-08,09:45,1,CONT,-0.5943
NQ,2019-02-11,09:45,-1,RANGE,0.2449
NQ,2019-02-12,09:45,1,RANGE,0.469
NQ,2019-02-13,09:45,1,FADE,0.2827
NQ,2019-02-14,09:45,-1,FADE,-0.2638
NQ,2019-02-15,09:45,-1,FADE,0.5514
NQ,2019-02-19,09:45,1,FADE,-0.4675
NQ,2019-02-20,09:45,1,RANGE,0.06
NQ,2019-02-21,09:45,-1,FADE,-0.2536
NQ,2019-02-22,09:45,1,RANGE,0.1681
NQ,2019-02-25,09:45,1,RANGE,0.6175
NQ,2019-02-26,09:45,1,RANGE,-0.2397
NQ,2019-02-27,09:45,1,FADE,-0.4035
NQ,2019-02-28,09:45,1,FADE,-0.3053
NQ,2019-03-01,09:45,-1,FADE,0.701
NQ,2019-03-04,09:45,1,FADE,0.5368
NQ,2019-03-05,09:45,-1,RANGE,0.0371
NQ,2019-03-06,09:45,-1,RANGE,0.0715
NQ,2019-03-07,09:45,-1,RANGE,-0.2631
NQ,2019-03-08,09:45,1,CONT,-0.7339
NQ,2019-03-11,09:45,1,CONT,0.3812
NQ,2019-03-12,09:45,-1,RANGE,0.2079
NQ,2019-03-13,09:45,1,RANGE,0.4895
NQ,2019-03-14,09:45,-1,RANGE,0.02
NQ,2019-03-15,09:45,1,RANGE,0.3777
NQ,2019-03-18,09:45,1,RANGE,-0.0136
NQ,2019-03-19,09:45,-1,FADE,0.4144
NQ,2019-03-20,09:45,-1,RANGE,0.0033
NQ,2019-03-21,09:45,1,CONT,-0.3215
NQ,2019-03-22,09:45,1,REV,-0.4242
NQ,2019-03-25,09:45,1,FADE,-0.2709
NQ,2019-03-26,09:45,1,FADE,0.6113
NQ,2019-03-27,09:45,-1,RANGE,0.0942
NQ,2019-03-28,09:45,-1,RANGE,0.1324
NQ,2019-03-29,09:45,-1,FADE,0.5306
NQ,2019-04-01,09:45,-1,RANGE,0.731
NQ,2019-04-02,09:45,-1,RANGE,0.0326
NQ,2019-04-03,09:45,-1,RANGE,0.459
NQ,2019-04-04,09:45,1,RANGE,-0.0027
NQ,2019-04-05,09:45,1,RANGE,0.2498
NQ,2019-04-08,09:45,-1,RANGE,-0.1401
NQ,2019-04-09,09:45,1,FADE,-0.341
NQ,2019-04-10,09:45,1,CONT,0.1215
NQ,2019-04-11,09:45,-1,RANGE,0.1221
NQ,2019-04-12,09:45,-1,FADE,0.3862
NQ,2019-04-15,09:45,1,RANGE,-0.0187
NQ,2019-04-16,09:45,1,FADE,0.3112
NQ,2019-04-17,09:45,-1,FADE,0.6173
NQ,2019-04-18,09:45,-1,RANGE,0.1736
NQ,2019-04-22,09:45,1,FADE,-0.4865
NQ,2019-04-23,09:45,1,CONT,0.258
NQ,2019-04-24,09:45,-1,RANGE,0.0928
NQ,2019-04-25,09:45,-1,FADE,0.8884
NQ,2019-04-26,09:45,-1,RANGE,-0.1385
NQ,2019-04-29,09:45,1,RANGE,-0.0442
NQ,2019-04-30,09:45,1,RANGE,-1.0374
NQ,2019-05-01,09:45,-1,CONT,0.7896
NQ,2019-05-02,09:45,1,RANGE,0.0077
NQ,2019-05-03,09:45,-1,REV,0.917
NQ,2019-05-06,09:45,1,FADE,-2.4269
NQ,2019-05-07,09:45,1,RANGE,-1.1687
NQ,2019-05-08,09:45,1,FADE,-0.2987
NQ,2019-05-09,09:45,-1,FADE,-0.9038
NQ,2019-05-10,09:45,1,FADE,-0.3288
NQ,2019-05-13,09:45,1,RANGE,-1.973
NQ,2019-05-14,09:45,1,RANGE,0.3385
NQ,2019-05-15,09:45,1,FADE,-0.3986
NQ,2019-05-16,09:45,1,RANGE,0.0227
NQ,2019-05-17,09:45,1,FADE,-0.6016
NQ,2019-05-20,09:45,-1,RANGE,-0.8121
NQ,2019-05-21,09:45,1,RANGE,0.4697
NQ,2019-05-22,09:45,1,FADE,-0.32
NQ,2019-05-23,09:45,-1,RANGE,-0.6412
NQ,2019-05-24,09:45,1,REV,0.2973
NQ,2019-05-28,09:45,1,RANGE,0.0796
NQ,2019-05-29,09:45,-1,RANGE,-0.3247
NQ,2019-05-30,09:45,1,RANGE,0.129
NQ,2019-05-31,09:45,-1,RANGE,-0.6579
NQ,2019-06-03,09:45,-1,CONT,-0.1265
NQ,2019-06-04,09:45,-1,REV,0.5499
NQ,2019-06-05,09:45,-1,FADE,0.5278
NQ,2019-06-06,09:45,-1,RANGE,0.0851
NQ,2019-06-07,09:45,1,RANGE,0.2901
NQ,2019-06-10,09:45,1,RANGE,0.3894
NQ,2019-06-11,09:45,-1,CONT,0.6868
NQ,2019-06-12,09:45,1,RANGE,-0.1825
NQ,2019-06-13,09:45,1,RANGE,0.2682
NQ,2019-06-14,09:45,-1,RANGE,-0.1545
NQ,2019-06-17,09:45,1,RANGE,0.1519
NQ,2019-06-18,09:45,1,RANGE,0.863
NQ,2019-06-19,09:45,-1,RANGE,0.1196
NQ,2019-06-20,09:45,-1,FADE,0.995
NQ,2019-06-21,09:45,-1,RANGE,-0.109
NQ,2019-06-24,09:45,-1,RANGE,0.1291
NQ,2019-06-25,09:45,-1,CONT,-0.0362
NQ,2019-06-26,09:45,1,RANGE,0.4548
NQ,2019-06-27,09:45,1,RANGE,0.2525
NQ,2019-06-28,09:45,-1,RANGE,0.1641
NQ,2019-07-01,09:45,-1,RANGE,1.4277
NQ,2019-07-02,09:45,1,CONT,-0.0301
NQ,2019-07-05,09:45,-1,RANGE,-0.8297
NQ,2019-07-08,09:45,-1,RANGE,-0.6046
NQ,2019-07-09,09:45,1,CONT,-0.4874
NQ,2019-07-10,09:45,1,RANGE,0.5543
NQ,2019-07-11,09:45,1,RANGE,0.1486
NQ,2019-07-12,09:45,1,CONT,0.0939
NQ,2019-07-15,09:45,-1,RANGE,0.2182
NQ,2019-07-16,09:45,1,RANGE,-0.1272
NQ,2019-07-17,09:45,1,REV,0.0166
NQ,2019-07-18,09:45,1,FADE,-0.5267
NQ,2019-07-19,09:45,-1,CONT,0.7324
NQ,2019-07-22,09:45,1,RANGE,0.3191
NQ,2019-07-23,09:45,-1,FADE,0.5172
NQ,2019-07-24,09:45,1,CONT,-0.4013
NQ,2019-07-25,09:45,-1,RANGE,-0.377
NQ,2019-07-26,09:45,1,RANGE,0.6655
NQ,2019-07-29,09:45,-1,RANGE,-0.0475
NQ,2019-07-30,09:45,1,FADE,-0.8261
NQ,2019-07-31,09:45,-1,CONT,0.271
NQ,2019-08-01,09:45,1,RANGE,0.1419
NQ,2019-08-02,09:45,-1,RANGE,-0.5865
NQ,2019-08-05,09:45,-1,CONT,-1.6727
NQ,2019-08-06,09:45,1,FADE,0.6274
NQ,2019-08-07,09:45,-1,FADE,-0.7241
NQ,2019-08-08,09:45,-1,REV,0.3684
NQ,2019-08-09,09:45,1,RANGE,-0.3329
NQ,2019-08-12,09:45,-1,RANGE,-0.3631
NQ,2019-08-13,09:45,1,RANGE,-0.0327
NQ,2019-08-14,09:45,1,REV,-0.9414
NQ,2019-08-15,09:45,-1,RANGE,0.0945
NQ,2019-08-16,09:45,1,RANGE,0.4235
NQ,2019-08-19,09:45,1,RANGE,0.6977
NQ,2019-08-20,09:45,-1,RANGE,-0.0772
NQ,2019-08-21,09:45,1,RANGE,0.4444
NQ,2019-08-22,09:45,1,RANGE,0.0835
NQ,2019-08-23,09:45,1,REV,-0.3346
NQ,2019-08-26,09:45,-1,RANGE,0.5017
NQ,2019-08-27,09:45,-1,FADE,0.3119
NQ,2019-08-28,09:45,-1,RANGE,-0.1749
NQ,2019-08-29,09:45,1,RANGE,0.5733
NQ,2019-08-30,09:45,-1,FADE,0.2648
NQ,2019-09-03,09:45,1,RANGE,0.1827
NQ,2019-09-04,09:45,1,RANGE,0.5054
NQ,2019-09-05,09:45,1,RANGE,0.6124
NQ,2019-09-06,09:45,-1,RANGE,0.0606
NQ,2019-09-09,09:45,-1,RANGE,0.1787
NQ,2019-09-10,09:45,-1,RANGE,-0.3143
NQ,2019-09-11,09:45,1,RANGE,0.0836
NQ,2019-09-12,09:45,-1,RANGE,0.4155
NQ,2019-09-13,09:45,-1,RANGE,0.0812
NQ,2019-09-16,09:45,1,RANGE,-0.485
NQ,2019-09-17,09:45,1,CONT,0.0166
NQ,2019-09-18,09:45,-1,RANGE,-0.1288
NQ,2019-09-19,09:45,1,RANGE,0.1163
NQ,2019-09-20,09:45,1,REV,0.1096
NQ,2019-09-23,09:45,1,RANGE,-0.0552
NQ,2019-09-24,09:45,1,REV,0.4002
NQ,2019-09-25,09:45,-1,RANGE,-0.0492
NQ,2019-09-26,09:45,-1,RANGE,-0.0946
NQ,2019-09-27,09:45,-1,CONT,0.1326
NQ,2019-09-30,09:45,-1,RANGE,0.2418
NQ,2019-10-01,09:45,1,FADE,0.3002
NQ,2019-10-02,09:45,-1,RANGE,-0.4757
NQ,2019-10-03,09:45,-1,RANGE,0.0165
NQ,2019-10-04,09:45,1,CONT,0.3322
NQ,2019-10-07,09:45,-1,RANGE,-0.2457
NQ,2019-10-08,09:45,-1,RANGE,-0.4665
NQ,2019-10-09,09:45,1,RANGE,0.6057
NQ,2019-10-10,09:45,1,RANGE,-0.0375
NQ,2019-10-11,09:45,1,RANGE,0.7792
NQ,2019-10-14,09:45,-1,RANGE,-0.0648
NQ,2019-10-15,09:45,1,RANGE,0.1834
NQ,2019-10-16,09:45,1,RANGE,-0.2157
NQ,2019-10-17,09:45,0,,0.3828
NQ,2019-10-18,09:45,1,RANGE,-0.0924
NQ,2019-10-21,09:45,1,RANGE,0.3245
NQ,2019-10-22,09:45,1,REV,0.2196
NQ,2019-10-23,09:45,1,RANGE,-0.1756
NQ,2019-10-24,09:45,1,RANGE,0.532
NQ,2019-10-25,09:45,1,FADE,-0.3927
NQ,2019-10-28,09:45,1,RANGE,0.3632
NQ,2019-10-29,09:45,-1,RANGE,-0.1418
NQ,2019-10-30,09:45,-1,RANGE,0.133
NQ,2019-10-31,09:45,-1,FADE,0.2501
NQ,2019-11-01,09:45,1,RANGE,0.3961
NQ,2019-11-04,09:45,1,RANGE,0.6056
NQ,2019-11-05,09:45,-1,RANGE,0.1239
NQ,2019-11-06,09:45,-1,RANGE,-0.059
NQ,2019-11-07,09:45,1,FADE,0.4867
NQ,2019-11-08,09:45,1,RANGE,-0.2039
NQ,2019-11-11,09:45,-1,FADE,-0.5504
NQ,2019-11-12,09:45,1,RANGE,0.0812
NQ,2019-11-13,09:45,1,FADE,-0.3789
NQ,2019-11-14,09:45,1,FADE,-0.3114
NQ,2019-11-15,09:45,-1,RANGE,0.6597
NQ,2019-11-18,09:45,-1,RANGE,-0.0716
NQ,2019-11-19,09:45,-1,FADE,0.4434
NQ,2019-11-20,09:45,-1,FADE,-0.308
NQ,2019-11-21,09:45,-1,RANGE,-0.1391
NQ,2019-11-22,09:45,-1,FADE,0.2927
NQ,2019-11-25,09:45,1,RANGE,0.5189
NQ,2019-11-26,09:45,-1,RANGE,0.0489
NQ,2019-11-27,09:45,-1,REV,0.3123
NQ,2019-12-02,09:45,-1,RANGE,-0.2
NQ,2019-12-03,09:45,-1,RANGE,-1.6524
NQ,2019-12-04,09:45,-1,RANGE,0.6328
NQ,2019-12-05,09:45,-1,FADE,0.4282
NQ,2019-12-06,09:45,1,RANGE,0.8696
NQ,2019-12-09,09:45,1,RANGE,-0.1722
NQ,2019-12-10,09:45,-1,RANGE,0.0545
NQ,2019-12-11,09:45,-1,RANGE,0.2541
NQ,2019-12-12,09:45,1,RANGE,-0.177
NQ,2019-12-13,09:45,1,RANGE,0.2284
NQ,2019-12-16,09:45,1,RANGE,0.7352
NQ,2019-12-17,09:45,-1,RANGE,0.1931
NQ,2019-12-18,09:45,1,RANGE,0.1724
NQ,2019-12-19,09:45,1,CONT,0.0966
NQ,2019-12-20,09:45,-1,RANGE,0.5028
NQ,2019-12-23,09:45,-1,RANGE,0.4164
NQ,2019-12-26,09:45,1,CONT,0.1591
NQ,2019-12-27,09:45,-1,FADE,0.4608
NQ,2019-12-30,09:45,-1,RANGE,-0.0794
NQ,2019-12-31,09:45,1,FADE,-0.3107
NQ,2020-01-02,09:45,1,RANGE,1.08
NQ,2020-01-03,09:45,1,FADE,-1.7206
NQ,2020-01-06,09:45,1,FADE,-0.9984
NQ,2020-01-07,09:45,-1,RANGE,0.0467
NQ,2020-01-08,09:45,1,RANGE,-0.0172
NQ,2020-01-09,09:45,1,RANGE,0.9497
NQ,2020-01-10,09:45,-1,CONT,0.4099
NQ,2020-01-13,09:45,1,CONT,0.4417
NQ,2020-01-14,09:45,-1,RANGE,-0.1121
NQ,2020-01-15,09:45,1,RANGE,0.0454
NQ,2020-01-16,09:45,1,CONT,0.5678
NQ,2020-01-17,09:45,-1,FADE,0.4773
NQ,2020-01-21,09:45,1,FADE,-0.2829
NQ,2020-01-22,09:45,1,FADE,0.5587
NQ,2020-01-23,09:45,-1,RANGE,-0.1001
NQ,2020-01-24,09:45,-1,CONT,0.5505
NQ,2020-01-27,09:45,1,RANGE,-2.3311
NQ,2020-01-28,09:45,-1,REV,0.6547
NQ,2020-01-29,09:45,-1,FADE,0.5142
NQ,2020-01-30,09:45,1,FADE,-0.5809
NQ,2020-01-31,09:45,-1,CONT,0.3765
NQ,2020-02-03,09:45,1,RANGE,0.4451
NQ,2020-02-04,09:45,-1,REV,1.2039
NQ,2020-02-05,09:45,-1,FADE,1.0214
NQ,2020-02-06,09:45,-1,RANGE,0.1811
NQ,2020-02-07,09:45,-1,FADE,-0.3642
NQ,2020-02-10,09:45,1,FADE,-0.2679
NQ,2020-02-11,09:45,-1,FADE,0.4426
NQ,2020-02-12,09:45,1,RANGE,0.4651
NQ,2020-02-13,09:45,1,FADE,-0.5824
NQ,2020-02-14,09:45,-1,RANGE,0.1151
NQ,2020-02-18,09:45,1,FADE,-0.6768
NQ,2020-02-19,09:45,1,RANGE,0.4398
NQ,2020-02-20,09:45,-1,RANGE,-0.1859
NQ,2020-02-21,09:45,-1,RANGE,-0.3311
NQ,2020-02-24,09:45,1,RANGE,-2.5716
NQ,2020-02-25,09:45,-1,CONT,0.5189
NQ,2020-02-26,09:45,1,FADE,0.3276
NQ,2020-02-27,09:45,1,REV,-1.3671
NQ,2020-02-28,09:45,1,CONT,-1.5181
NQ,2020-03-02,09:45,-1,REV,0.4736
NQ,2020-03-03,09:45,-1,CONT,0.1237
NQ,2020-03-04,09:45,-1,REV,0.7032
NQ,2020-03-05,09:45,1,RANGE,-1.0155
NQ,2020-03-06,09:45,1,RANGE,-1.2192
NQ,2020-03-10,09:45,-1,FADE,1.0947
NQ,2020-03-11,09:45,-1,RANGE,-0.689
NQ,2020-03-13,09:45,-1,FADE,1.244
NQ,2020-03-17,09:45,-1,FADE,0.546
NQ,2020-03-18,09:45,1,FADE,-1.0219
NQ,2020-03-19,09:45,-1,RANGE,-0.0616
NQ,2020-03-20,09:45,-1,CONT,0.3255
NQ,2020-03-23,09:45,-1,RANGE,0.0477
NQ,2020-03-24,09:45,-1,RANGE,0.7636
NQ,2020-03-25,09:45,1,RANGE,0.0422
NQ,2020-03-26,09:45,1,CONT,0.1233
NQ,2020-03-27,09:45,-1,RANGE,-0.4082
NQ,2020-03-30,09:45,-1,REV,0.168
NQ,2020-03-31,09:45,1,RANGE,-0.0434
NQ,2020-04-01,09:45,1,RANGE,-0.4603
NQ,2020-04-02,09:45,1,CONT,-0.0686
NQ,2020-04-03,09:45,1,RANGE,-0.0493
NQ,2020-04-06,09:45,-1,REV,0.5776
NQ,2020-04-07,09:45,-1,FADE,0.4725
NQ,2020-04-08,09:45,1,RANGE,0.158
NQ,2020-04-09,09:45,1,RANGE,0.1551
NQ,2020-04-13,09:45,1,CONT,-0.0853
NQ,2020-04-14,09:45,1,RANGE,0.4184
NQ,2020-04-15,09:45,-1,FADE,-0.369
NQ,2020-04-16,09:45,-1,FADE,0.2707
NQ,2020-04-17,09:45,-1,FADE,0.3163
NQ,2020-04-20,09:45,1,RANGE,-0.247
NQ,2020-04-21,09:45,-1,CONT,-0.2723
NQ,2020-04-22,09:45,-1,RANGE,0.5942
NQ,2020-04-23,09:45,1,RANGE,0.1002
NQ,2020-04-24,09:45,-1,REV,0.0606
NQ,2020-04-27,09:45,-1,FADE,0.3294
NQ,2020-04-28,09:45,-1,FADE,0.3101
NQ,2020-04-29,09:45,1,RANGE,0.7686
NQ,2020-04-30,09:45,-1,RANGE,0.2035
NQ,2020-05-01,09:45,1,RANGE,-0.7866
NQ,2020-05-04,09:45,1,RANGE,-0.1657
NQ,2020-05-05,09:45,1,RANGE,0.365
NQ,2020-05-06,09:45,1,FADE,0.305
NQ,2020-05-07,09:45,1,RANGE,0.5242
NQ,2020-05-08,09:45,-1,RANGE,0.3117
NQ,2020-05-11,09:45,1,CONT,-0.2438
NQ,2020-05-12,09:45,-1,CONT,0.1552
NQ,2020-05-13,09:45,-1,RANGE,0.0967
NQ,2020-05-14,09:45,-1,REV,-0.2649
NQ,2020-05-15,09:45,1,CONT,-0.5773
NQ,2020-05-18,09:45,1,RANGE,0.5673
NQ,2020-05-19,09:45,1,RANGE,0.0306
NQ,2020-05-20,09:45,1,RANGE,0.5317
NQ,2020-05-21,09:45,1,REV,0.0172
NQ,2020-05-22,09:45,-1,RANGE,-0.0953
NQ,2020-05-26,09:45,-1,CONT,0.1426
NQ,2020-05-27,09:45,-1,RANGE,-0.1368
NQ,2020-05-28,09:45,1,FADE,-0.269
NQ,2020-05-29,09:45,1,RANGE,0.1346
NQ,2020-06-01,09:45,1,RANGE,-0.12
NQ,2020-06-02,09:45,-1,RANGE,0.0579
NQ,2020-06-03,09:45,1,RANGE,0.1215
NQ,2020-06-04,09:45,1,RANGE,-0.0858
NQ,2020-06-05,09:45,1,RANGE,0.2384
NQ,2020-06-08,09:45,-1,RANGE,-0.035
NQ,2020-06-09,09:45,1,CONT,-0.212
NQ,2020-06-10,09:45,1,RANGE,0.4153
NQ,2020-06-11,09:45,-1,CONT,-0.9422
NQ,2020-06-12,09:45,1,FADE,1.0974
NQ,2020-06-15,09:45,1,CONT,-0.7731
NQ,2020-06-16,09:45,1,FADE,1.0631
NQ,2020-06-17,09:45,1,FADE,0.2973
NQ,2020-06-18,09:45,1,RANGE,-0.0689
NQ,2020-06-19,09:45,-1,FADE,0.5088
NQ,2020-06-22,09:45,-1,REV,0.0025
NQ,2020-06-23,09:45,1,RANGE,0.333
NQ,2020-06-24,09:45,1,RANGE,-0.1509
NQ,2020-06-25,09:45,-1,RANGE,0.0211
NQ,2020-06-26,09:45,-1,RANGE,-0.0701
NQ,2020-06-29,09:45,-1,RANGE,-0.023
NQ,2020-06-30,09:45,1,CONT,-0.0035
NQ,2020-07-01,09:45,1,CONT,0.0012
NQ,2020-07-02,09:45,1,RANGE,0.4677
NQ,2020-07-06,09:45,1,CONT,0.6811
NQ,2020-07-07,09:45,1,RANGE,-0.0548
NQ,2020-07-08,09:45,1,FADE,0.2572
NQ,2020-07-09,09:45,-1,FADE,0.3653
NQ,2020-07-10,09:45,-1,RANGE,-0.0356
NQ,2020-07-13,09:45,1,REV,0.5961
NQ,2020-07-14,09:45,1,FADE,-0.5164
NQ,2020-07-15,09:45,1,RANGE,0.247
NQ,2020-07-16,09:45,1,RANGE,-0.5426
NQ,2020-07-17,09:45,-1,RANGE,0.1357
NQ,2020-07-20,09:45,-1,REV,0.1328
NQ,2020-07-21,09:45,-1,CONT,0.2838
NQ,2020-07-22,09:45,-1,RANGE,0.0606
NQ,2020-07-23,09:45,-1,CONT,-0.0773
NQ,2020-07-24,09:45,-1,RANGE,-0.6796
NQ,2020-07-27,09:45,1,RANGE,0.3338
NQ,2020-07-28,09:45,-1,RANGE,-0.1283
NQ,2020-07-29,09:45,-1,RANGE,0.2811
NQ,2020-07-30,09:45,1,CONT,-0.3728
NQ,2020-07-31,09:45,-1,FADE,0.8388
NQ,2020-08-03,09:45,1,RANGE,0.38
NQ,2020-08-04,09:45,1,RANGE,-0.1033
NQ,2020-08-05,09:45,-1,RANGE,0.0744
NQ,2020-08-06,09:45,-1,REV,-0.0565
NQ,2020-08-07,09:45,-1,RANGE,-0.0976
NQ,2020-08-10,09:45,1,RANGE,0.0428
NQ,2020-08-11,09:45,-1,CONT,-0.2453
NQ,2020-08-12,09:45,1,RANGE,0.4402
NQ,2020-08-13,09:45,1,RANGE,0.132
NQ,2020-08-14,09:45,1,RANGE,0.1026
NQ,2020-08-17,09:45,1,RANGE,0.339
NQ,2020-08-18,09:45,1,RANGE,0.2375
NQ,2020-08-19,09:45,-1,RANGE,-0.0079
NQ,2020-08-20,09:45,1,CONT,-0.1824
NQ,2020-08-21,09:45,1,RANGE,0.0397
NQ,2020-08-24,09:45,1,FADE,0.7581
NQ,2020-08-25,09:45,1,CONT,-0.2008
NQ,2020-08-26,09:45,1,CONT,0.3041
NQ,2020-08-27,09:45,-1,FADE,0.2705
NQ,2020-08-28,09:45,1,FADE,0.2888
NQ,2020-08-31,09:45,1,RANGE,0.15
NQ,2020-09-01,09:45,-1,RANGE,0.6119
NQ,2020-09-02,09:45,-1,FADE,0.7732
NQ,2020-09-03,09:45,-1,CONT,-0.9852
NQ,2020-09-04,09:45,-1,FADE,-0.2714
NQ,2020-09-08,09:45,1,RANGE,-1.4439
NQ,2020-09-09,09:45,-1,RANGE,0.902
NQ,2020-09-10,09:45,-1,CONT,0.5253
NQ,2020-09-11,09:45,-1,FADE,0.3224
NQ,2020-09-14,09:45,1,RANGE,0.5117
NQ,2020-09-15,09:45,1,RANGE,0.5434
NQ,2020-09-16,09:45,-1,CONT,0.0987
NQ,2020-09-17,09:45,1,RANGE,-0.9628
NQ,2020-09-18,09:45,-1,RANGE,0.1601
NQ,2020-09-21,09:45,1,CONT,-0.5085
NQ,2020-09-22,09:45,-1,FADE,0.3225
NQ,2020-09-23,09:45,-1,CONT,-0.0359
NQ,2020-09-24,09:45,1,FADE,-0.3039
NQ,2020-09-25,09:45,-1,REV,0.0496
NQ,2020-09-28,09:45,-1,RANGE,0.5927
NQ,2020-09-29,09:45,-1,RANGE,-0.0383
NQ,2020-09-30,09:45,1,RANGE,0.0295
NQ,2020-10-01,09:45,-1,RANGE,0.4443
NQ,2020-10-02,09:45,1,RANGE,-0.808
NQ,2020-10-05,09:45,1,CONT,0.2696
NQ,2020-10-06,09:45,1,RANGE,-0.1371
NQ,2020-10-07,09:45,1,CONT,0.3703
NQ,2020-10-08,09:45,-1,FADE,0.3183
NQ,2020-10-09,09:45,1,CONT,0.2441
NQ,2020-10-12,09:45,-1,RANGE,0.7699
NQ,2020-10-13,09:45,-1,FADE,0.2848
NQ,2020-10-14,09:45,1,RANGE,0.1388
NQ,2020-10-15,09:45,1,RANGE,-0.7537
NQ,2020-10-16,09:45,-1,CONT,0.2682
NQ,2020-10-19,09:45,1,REV,0.324
NQ,2020-10-20,09:45,1,RANGE,0.143
NQ,2020-10-21,09:45,1,RANGE,0.0276
NQ,2020-10-22,09:45,1,RANGE,0.1396
NQ,2020-10-23,09:45,-1,RANGE,0.0981
NQ,2020-10-26,09:45,1,FADE,-0.4597
NQ,2020-10-27,09:45,1,RANGE,0.1749
NQ,2020-10-28,09:45,-1,RANGE,-0.7904
NQ,2020-10-29,09:45,1,RANGE,0.2113
NQ,2020-10-30,09:45,-1,RANGE,-0.3097
NQ,2020-11-02,09:45,1,FADE,0.3306
NQ,2020-11-03,09:45,-1,RANGE,0.2971
NQ,2020-11-04,09:45,-1,RANGE,1.4556
NQ,2020-11-05,09:45,1,RANGE,0.9931
NQ,2020-11-06,09:45,-1,RANGE,-0.1106
NQ,2020-11-09,09:45,-1,CONT,0.3872
NQ,2020-11-10,09:45,-1,RANGE,-0.4694
NQ,2020-11-11,09:45,1,RANGE,0.3391
NQ,2020-11-12,09:45,1,RANGE,0.1272
NQ,2020-11-13,09:45,1,RANGE,0.225
NQ,2020-11-16,09:45,1,RANGE,-0.0585
NQ,2020-11-17,09:45,-1,RANGE,0.0509
NQ,2020-11-18,09:45,1,RANGE,-0.0647
NQ,2020-11-19,09:45,1,CONT,-0.0822
NQ,2020-11-20,09:45,-1,CONT,0.0101
NQ,2020-11-23,09:45,1,RANGE,0.1545
NQ,2020-11-24,09:45,-1,RANGE,0.1715
NQ,2020-11-25,09:45,1,RANGE,0.1388
NQ,2020-11-30,09:45,-1,RANGE,-0.0111
NQ,2020-12-01,09:45,-1,RANGE,0.4591
NQ,2020-12-02,09:45,-1,FADE,-0.2707
NQ,2020-12-03,09:45,1,RANGE,0.0376
NQ,2020-12-04,09:45,1,RANGE,0.0134
NQ,2020-12-07,09:45,1,RANGE,0.0209
NQ,2020-12-08,09:45,-1,RANGE,-0.1253
NQ,2020-12-09,09:45,-1,CONT,-0.0392
NQ,2020-12-10,09:45,1,FADE,-0.5811
NQ,2020-12-11,09:45,-1,RANGE,-0.434
NQ,2020-12-14,09:45,1,RANGE,0.2976
NQ,2020-12-15,09:45,-1,FADE,0.6655
NQ,2020-12-16,09:45,-1,RANGE,0.1251
NQ,2020-12-17,09:45,1,FADE,0.3975
NQ,2020-12-18,09:45,-1,RANGE,0.1549
NQ,2020-12-21,09:45,1,FADE,-0.7495
NQ,2020-12-22,09:45,-1,RANGE,0.2105
NQ,2020-12-23,09:45,-1,RANGE,0.0031
NQ,2020-12-28,09:45,-1,RANGE,0.7099
NQ,2020-12-29,09:45,1,FADE,0.3637
NQ,2020-12-30,09:45,-1,FADE,0.3257
NQ,2020-12-31,09:45,1,RANGE,-0.0085
NQ,2021-01-04,09:45,-1,FADE,0.445
NQ,2021-01-05,09:45,1,RANGE,-0.2313
NQ,2021-01-06,09:45,1,FADE,-1.1832
NQ,2021-01-07,09:45,1,RANGE,0.6395
NQ,2021-01-08,09:45,1,FADE,0.5173
NQ,2021-01-11,09:45,-1,RANGE,-0.7387
NQ,2021-01-12,09:45,1,RANGE,0.0362
NQ,2021-01-13,09:45,-1,RANGE,0.039
NQ,2021-01-14,09:45,1,RANGE,0.1049
NQ,2021-01-15,09:45,1,RANGE,-0.0436
NQ,2021-01-19,09:45,-1,RANGE,0.4805
NQ,2021-01-20,09:45,1,RANGE,0.8814
NQ,2021-01-21,09:45,-1,FADE,0.3071
NQ,2021-01-22,09:45,1,FADE,-0.2806
NQ,2021-01-25,09:45,1,FADE,0.8108
NQ,2021-01-26,09:45,-1,RANGE,0.0985
NQ,2021-01-27,09:45,-1,RANGE,-0.5066
NQ,2021-01-28,09:45,1,RANGE,0.1726
NQ,2021-01-29,09:45,-1,RANGE,-0.3501
NQ,2021-02-01,09:45,1,RANGE,0.6047
NQ,2021-02-02,09:45,1,RANGE,0.5417
NQ,2021-02-03,09:45,-1,FADE,0.3604
NQ,2021-02-04,09:45,-1,REV,0.2664
NQ,2021-02-05,09:45,-1,RANGE,0.1818
NQ,2021-02-08,09:45,-1,FADE,0.3255
NQ,2021-02-09,09:45,1,RANGE,-0.1874
NQ,2021-02-10,09:45,-1,FADE,0.3057
NQ,2021-02-11,09:45,-1,FADE,0.3219
NQ,2021-02-12,09:45,1,CONT,-0.1554
NQ,2021-02-16,09:45,1,RANGE,-0.1739
NQ,2021-02-17,09:45,1,RANGE,-0.6091
NQ,2021-02-18,09:45,1,FADE,-0.7731
NQ,2021-02-19,09:45,-1,CONT,0.2812
NQ,2021-02-22,09:45,1,REV,-0.8906
NQ,2021-02-23,09:45,-1,FADE,-1.0779
NQ,2021-02-24,09:45,-1,REV,-0.4981
NQ,2021-02-25,09:45,1,REV,-0.5118
NQ,2021-02-26,09:45,1,FADE,0.5347
NQ,2021-03-01,09:45,-1,REV,0.8743
NQ,2021-03-02,09:45,-1,RANGE,0.0979
NQ,2021-03-03,09:45,-1,RANGE,-0.192
NQ,2021-03-04,09:45,1,RANGE,-0.0665
NQ,2021-03-05,09:45,-1,FADE,0.4216
NQ,2021-03-08,09:45,1,REV,-0.0928
NQ,2021-03-09,09:45,-1,RANGE,1.0296
NQ,2021-03-10,09:45,-1,FADE,0.5584
NQ,2021-03-11,09:45,-1,RANGE,0.6142
NQ,2021-03-12,09:45,-1,RANGE,-0.5211
NQ,2021-03-15,09:45,-1,REV,0.0124
NQ,2021-03-16,09:45,1,FADE,0.2622
NQ,2021-03-17,09:45,-1,FADE,-0.3744
NQ,2021-03-18,09:45,-1,CONT,-0.5969
NQ,2021-03-19,09:45,-1,RANGE,-0.017
NQ,2021-03-22,09:45,1,CONT,0.2454
NQ,2021-03-23,09:45,-1,RANGE,0.1162
NQ,2021-03-24,09:45,-1,RANGE,0.1865
NQ,2021-03-25,09:45,1,RANGE,-0.2076
NQ,2021-03-26,09:45,1,CONT,-0.0277
NQ,2021-03-29,09:45,-1,RANGE,-0.0627
NQ,2021-03-30,09:45,-1,RANGE,-0.2582
NQ,2021-03-31,09:45,1,RANGE,0.2297
NQ,2021-04-01,09:45,1,RANGE,0.5423
NQ,2021-04-05,09:45,1,CONT,0.3515
NQ,2021-04-06,09:45,1,RANGE,-0.0485
NQ,2021-04-07,09:45,1,RANGE,-0.0697
NQ,2021-04-08,09:45,1,RANGE,0.4856
NQ,2021-04-09,09:45,1,CONT,-0.2457
NQ,2021-04-12,09:45,1,RANGE,-0.1896
NQ,2021-04-13,09:45,1,RANGE,0.2875
NQ,2021-04-14,09:45,-1,CONT,0.0332
NQ,2021-04-15,09:45,1,RANGE,0.5339
NQ,2021-04-16,09:45,-1,RANGE,0.1033
NQ,2021-04-19,09:45,1,RANGE,-0.3276
NQ,2021-04-20,09:45,1,RANGE,-0.1478
NQ,2021-04-21,09:45,-1,REV,-0.2657
NQ,2021-04-22,09:45,-1,CONT,-0.0891
NQ,2021-04-23,09:45,1,CONT,0.1319
NQ,2021-04-26,09:45,1,CONT,0.0443
NQ,2021-04-27,09:45,-1,RANGE,0.0579
NQ,2021-04-28,09:45,-1,RANGE,-0.063
NQ,2021-04-29,09:45,-1,FADE,0.8001
NQ,2021-04-30,09:45,1,FADE,-0.5612
NQ,2021-05-03,09:45,-1,CONT,0.3059
NQ,2021-05-04,09:45,-1,RANGE,-0.63
NQ,2021-05-05,09:45,1,FADE,0.4651
NQ,2021-05-06,09:45,-1,RANGE,-0.049
NQ,2021-05-07,09:45,-1,RANGE,0.615
NQ,2021-05-10,09:45,-1,CONT,-0.2933
NQ,2021-05-11,09:45,1,FADE,-1.1778
NQ,2021-05-12,09:45,1,RANGE,-0.9975
NQ,2021-05-13,09:45,-1,FADE,0.5563
NQ,2021-05-14,09:45,-1,REV,0.6107
NQ,2021-05-17,09:45,-1,RANGE,-0.3056
NQ,2021-05-18,09:45,-1,CONT,0.1693
NQ,2021-05-19,09:45,1,CONT,-0.9903
NQ,2021-05-20,09:45,1,RANGE,0.2635
NQ,2021-05-21,09:45,-1,CONT,0.2767
NQ,2021-05-24,09:45,1,RANGE,0.4291
NQ,2021-05-25,09:45,-1,FADE,0.2649
NQ,2021-05-26,09:45,-1,RANGE,0.1225
NQ,2021-05-27,09:45,-1,RANGE,-0.069
NQ,2021-05-28,09:45,1,RANGE,0.2221
NQ,2021-06-01,09:45,1,FADE,0.4373
NQ,2021-06-02,09:45,1,RANGE,0.0757
NQ,2021-06-03,09:45,-1,RANGE,-0.5741
NQ,2021-06-04,09:45,1,RANGE,0.3955
NQ,2021-06-07,09:45,1,CONT,-0.1353
NQ,2021-06-08,09:45,1,FADE,0.3893
NQ,2021-06-09,09:45,1,FADE,0.3262
NQ,2021-06-10,09:45,1,RANGE,0.0868
NQ,2021-06-11,09:45,1,RANGE,0.0015
NQ,2021-06-14,09:45,-1,REV,0.0819
NQ,2021-06-15,09:45,-1,CONT,-0.086
NQ,2021-06-16,09:45,1,RANGE,0.1498
NQ,2021-06-17,09:45,1,FADE,-0.271
NQ,2021-06-18,09:45,1,RANGE,-0.4987
NQ,2021-06-21,09:45,-1,RANGE,0.0681
NQ,2021-06-22,09:45,1,CONT,-0.0565
NQ,2021-06-23,09:45,1,RANGE,0.0017
NQ,2021-06-24,09:45,1,RANGE,0.5823
NQ,2021-06-25,09:45,1,RANGE,0.1649
NQ,2021-06-28,09:45,1,RANGE,0.3649
NQ,2021-06-29,09:45,1,RANGE,-0.0347
NQ,2021-06-30,09:45,-1,RANGE,-0.034
NQ,2021-07-01,09:45,1,RANGE,-0.1038
NQ,2021-07-02,09:45,1,CONT,0.5562
NQ,2021-07-06,09:45,1,FADE,0.3403
NQ,2021-07-07,09:45,-1,FADE,0.6851
NQ,2021-07-08,09:45,-1,REV,-1.4729
NQ,2021-07-09,09:45,1,CONT,-0.1993
NQ,2021-07-12,09:45,-1,FADE,0.3987
NQ,2021-07-13,09:45,1,RANGE,-0.1049
NQ,2021-07-14,09:45,-1,FADE,0.6932
NQ,2021-07-15,09:45,-1,RANGE,-0.0105
NQ,2021-07-16,09:45,1,FADE,0.2815
NQ,2021-07-19,09:45,1,RANGE,-1.0119
NQ,2021-07-20,09:45,-1,FADE,0.2622
NQ,2021-07-21,09:45,1,CONT,-0.1103
NQ,2021-07-22,09:45,1,RANGE,0.0787
NQ,2021-07-23,09:45,-1,REV,0.3792
NQ,2021-07-26,09:45,1,RANGE,-0.1498
NQ,2021-07-27,09:45,-1,RANGE,-0.0779
NQ,2021-07-28,09:45,-1,FADE,0.2942
NQ,2021-07-29,09:45,1,RANGE,-0.1347
NQ,2021-07-30,09:45,1,RANGE,-0.9837
NQ,2021-08-02,09:45,-1,FADE,0.4335
NQ,2021-08-03,09:45,-1,RANGE,0.1805
NQ,2021-08-04,09:45,1,RANGE,0.0043
NQ,2021-08-05,09:45,1,RANGE,0.1883
NQ,2021-08-06,09:45,1,RANGE,-0.3462
NQ,2021-08-09,09:45,-1,RANGE,0.1185
NQ,2021-08-10,09:45,-1,CONT,0.1343
NQ,2021-08-11,09:45,-1,FADE,0.321
NQ,2021-08-12,09:45,-1,RANGE,-0.1364
NQ,2021-08-13,09:45,-1,RANGE,0.0793
NQ,2021-08-16,09:45,1,FADE,-0.3022
NQ,2021-08-17,09:45,1,RANGE,-0.7625
NQ,2021-08-18,09:45,1,REV,-0.1431
NQ,2021-08-19,09:45,1,CONT,-0.5283
NQ,2021-08-20,09:45,1,RANGE,0.2758
NQ,2021-08-23,09:45,1,RANGE,0.271
NQ,2021-08-24,09:45,1,RANGE,0.1602
NQ,2021-08-25,09:45,1,RANGE,0.0596
NQ,2021-08-26,09:45,1,RANGE,-0.1804
NQ,2021-08-27,09:45,1,RANGE,0.1816
NQ,2021-08-30,09:45,1,RANGE,0.2066
NQ,2021-08-31,09:45,-1,RANGE,0.0536
NQ,2021-09-01,09:45,1,RANGE,0.3068
NQ,2021-09-02,09:45,-1,FADE,0.3822
NQ,2021-09-03,09:45,1,FADE,-0.3287
NQ,2021-09-07,09:45,-1,FADE,-0.3113
NQ,2021-09-08,09:45,-1,RANGE,-0.0499
NQ,2021-09-09,09:45,1,RANGE,0.0535
NQ,2021-09-10,09:45,1,REV,0.5125
NQ,2021-09-13,09:45,-1,FADE,0.6206
NQ,2021-09-14,09:45,-1,FADE,0.4083
NQ,2021-09-15,09:45,-1,RANGE,0.15
NQ,2021-09-16,09:45,-1,FADE,-0.3726
NQ,2021-09-17,09:45,-1,RANGE,-0.1817
NQ,2021-09-20,09:45,1,RANGE,-1.6507
NQ,2021-09-21,09:45,-1,FADE,0.4798
NQ,2021-09-22,09:45,-1,FADE,0.2617
NQ,2021-09-23,09:45,1,RANGE,0.2822
NQ,2021-09-24,09:45,1,CONT,-0.5243
NQ,2021-09-27,09:45,-1,RANGE,-0.741
NQ,2021-09-28,09:45,-1,RANGE,-1.0826
NQ,2021-09-29,09:45,-1,FADE,0.2728
NQ,2021-09-30,09:45,1,REV,0.3372
NQ,2021-10-01,09:45,-1,RANGE,0.1678
NQ,2021-10-04,09:45,-1,RANGE,-0.312
NQ,2021-10-05,09:45,1,RANGE,0.1698
NQ,2021-10-06,09:45,1,FADE,-0.5703
NQ,2021-10-07,09:45,1,RANGE,0.5215
NQ,2021-10-08,09:45,-1,RANGE,0.1853
NQ,2021-10-11,09:45,1,FADE,-0.2529
NQ,2021-10-12,09:45,-1,RANGE,0.2425
NQ,2021-10-13,09:45,1,FADE,0.3927
NQ,2021-10-14,09:45,1,RANGE,0.6289
NQ,2021-10-15,09:45,-1,RANGE,0.2081
NQ,2021-10-18,09:45,1,CONT,-0.2427
NQ,2021-10-19,09:45,-1,RANGE,0.1937
NQ,2021-10-20,09:45,-1,RANGE,0.0872
NQ,2021-10-21,09:45,1,RANGE,-0.1642
NQ,2021-10-22,09:45,1,RANGE,-0.2393
NQ,2021-10-25,09:45,-1,FADE,0.2832
NQ,2021-10-26,09:45,1,FADE,0.4334
NQ,2021-10-27,09:45,1,RANGE,0.1226
NQ,2021-10-28,09:45,-1,REV,0.401
NQ,2021-10-29,09:45,1,CONT,-0.6281
NQ,2021-11-01,09:45,-1,RANGE,0.0865
NQ,2021-11-02,09:45,1,RANGE,-0.1461
NQ,2021-11-03,09:45,-1,REV,0.101
NQ,2021-11-04,09:45,1,RANGE,0.2812
NQ,2021-11-05,09:45,1,FADE,0.4177
NQ,2021-11-08,09:45,0,,-0.0083
NQ,2021-11-09,09:45,-1,FADE,0.2682
NQ,2021-11-10,09:45,1,FADE,-0.6517
NQ,2021-11-11,09:45,-1,FADE,0.6673
NQ,2021-11-12,09:45,-1,FADE,0.2647
NQ,2021-11-15,09:45,-1,FADE,0.2771
NQ,2021-11-16,09:45,1,RANGE,-0.1708
NQ,2021-11-17,09:45,-1,RANGE,0.0556
NQ,2021-11-18,09:45,-1,FADE,0.4627
NQ,2021-11-19,09:45,1,RANGE,0.3641
NQ,2021-11-22,09:45,1,REV,0.3572
NQ,2021-11-23,09:45,1,FADE,-0.2712
NQ,2021-11-24,09:45,-1,FADE,-0.5401
NQ,2021-11-29,09:45,1,CONT,0.957
NQ,2021-11-30,09:45,1,RANGE,-0.1638
NQ,2021-12-01,09:45,-1,CONT,0.8207
NQ,2021-12-02,09:45,1,RANGE,-0.2072
NQ,2021-12-03,09:45,-1,RANGE,0.2247
NQ,2021-12-06,09:45,-1,RANGE,0.067
NQ,2021-12-07,09:45,1,RANGE,0.9728
NQ,2021-12-08,09:45,-1,RANGE,0.0302
NQ,2021-12-09,09:45,1,REV,-0.1806
NQ,2021-12-10,09:45,-1,FADE,0.4014
NQ,2021-12-13,09:45,-1,CONT,-0.0008
NQ,2021-12-14,09:45,1,RANGE,-0.6826
NQ,2021-12-15,09:45,-1,REV,-0.0597
NQ,2021-12-16,09:45,-1,CONT,0.1215
NQ,2021-12-17,09:45,-1,FADE,-0.4274
NQ,2021-12-20,09:45,1,RANGE,-0.5652
NQ,2021-12-21,09:45,-1,FADE,0.3913
NQ,2021-12-22,09:45,1,CONT,-0.0302
NQ,2021-12-23,09:45,1,CONT,0.0452
NQ,2021-12-27,09:45,1,RANGE,0.1462
NQ,2021-12-28,09:45,-1,RANGE,0.116
NQ,2021-12-29,09:45,1,RANGE,0.0051
NQ,2021-12-30,09:45,-1,RANGE,-0.0393
NQ,2021-12-31,09:45,1,RANGE,-0.0662
NQ,2022-01-03,09:45,1,RANGE,0.192
NQ,2022-01-04,09:45,-1,CONT,0.0729
NQ,2022-01-05,09:45,-1,CONT,-0.253
NQ,2022-01-06,09:45,1,FADE,-0.2534
NQ,2022-01-07,09:45,1,RANGE,-0.0034
NQ,2022-01-10,09:45,-1,FADE,-0.7008
NQ,2022-01-11,09:45,-1,REV,-0.1242
NQ,2022-01-12,09:45,-1,FADE,0.3376
NQ,2022-01-13,09:45,1,REV,0.1796
NQ,2022-01-14,09:45,1,FADE,-0.3555
NQ,2022-01-18,09:45,1,RANGE,-0.7608
NQ,2022-01-19,09:45,1,REV,0.1864
NQ,2022-01-20,09:45,1,REV,0.4675
NQ,2022-01-21,09:45,-1,FADE,-0.304
NQ,2022-01-24,09:45,-1,FADE,-0.7295
NQ,2022-01-25,09:45,-1,RANGE,-0.837
NQ,2022-01-26,09:45,-1,FADE,0.9228
NQ,2022-01-27,09:45,1,REV,0.4901
NQ,2022-01-28,09:45,-1,REV,0.2052
NQ,2022-01-31,09:45,1,RANGE,0.1323
NQ,2022-02-01,09:45,-1,RANGE,0.1062
NQ,2022-02-02,09:45,-1,FADE,0.4154
NQ,2022-02-03,09:45,1,RANGE,-0.9984
NQ,2022-02-04,09:45,1,RANGE,0.0385
NQ,2022-02-07,09:45,1,RANGE,0.0648
NQ,2022-02-08,09:45,1,CONT,-0.1163
NQ,2022-02-09,09:45,-1,REV,0.441
NQ,2022-02-10,09:45,1,FADE,-0.7072
NQ,2022-02-11,09:45,-1,CONT,-0.0053
NQ,2022-02-14,09:45,1,RANGE,-0.065
NQ,2022-02-15,09:45,1,CONT,0.4814
NQ,2022-02-16,09:45,-1,RANGE,-0.2119
NQ,2022-02-17,09:45,1,REV,-0.313
NQ,2022-02-18,09:45,-1,CONT,0.0868
NQ,2022-02-22,09:45,1,FADE,0.3563
NQ,2022-02-23,09:45,-1,CONT,0.3236
NQ,2022-02-24,09:45,1,CONT,-1.0909
NQ,2022-02-25,09:45,-1,RANGE,0.0685
NQ,2022-02-28,09:45,1,CONT,-0.3437
NQ,2022-03-01,09:45,1,RANGE,-0.1486
NQ,2022-03-02,09:45,1,RANGE,0.1558
NQ,2022-03-03,09:45,-1,FADE,0.2776
NQ,2022-03-04,09:45,-1,RANGE,-0.2543
NQ,2022-03-07,09:45,-1,CONT,-0.007
NQ,2022-03-08,09:45,1,RANGE,-0.0841
NQ,2022-03-09,09:45,-1,RANGE,0.8375
NQ,2022-03-10,09:45,-1,RANGE,-0.413
NQ,2022-03-11,09:45,-1,CONT,0.2823
NQ,2022-03-14,09:45,1,RANGE,-0.1289
NQ,2022-03-15,09:45,-1,REV,0.2541
NQ,2022-03-16,09:45,1,CONT,0.3865
NQ,2022-03-17,09:45,1,RANGE,-0.1894
NQ,2022-03-18,09:45,1,RANGE,-0.17
NQ,2022-03-21,09:45,1,RANGE,-0.089
NQ,2022-03-22,09:45,1,RANGE,0.0408
NQ,2022-03-23,09:45,-1,FADE,-0.286
NQ,2022-03-24,09:45,1,CONT,0.1916
NQ,2022-03-25,09:45,-1,RANGE,-0.0084
NQ,2022-03-28,09:45,1,RANGE,-0.0053
NQ,2022-03-29,09:45,1,RANGE,0.4222
NQ,2022-03-30,09:45,1,RANGE,-0.201
NQ,2022-03-31,09:45,-1,CONT,-0.0014
NQ,2022-04-01,09:45,-1,RANGE,0.0808
NQ,2022-04-04,09:45,1,RANGE,0.0993
NQ,2022-04-05,09:45,-1,RANGE,-0.1728
NQ,2022-04-06,09:45,-1,RANGE,-0.6803
NQ,2022-04-07,09:45,1,RANGE,-0.1156
NQ,2022-04-08,09:45,-1,RANGE,-0.2268
NQ,2022-04-11,09:45,1,RANGE,-0.5578
NQ,2022-04-12,09:45,-1,CONT,0.6266
NQ,2022-04-13,09:45,1,CONT,0.0348
NQ,2022-04-14,09:45,-1,RANGE,0.0073
NQ,2022-04-18,09:45,1,RANGE,-0.1391
NQ,2022-04-19,09:45,1,RANGE,-0.1382
NQ,2022-04-20,09:45,-1,RANGE,0.1288
NQ,2022-04-21,09:45,1,REV,0.5517
NQ,2022-04-22,09:45,-1,CONT,0.0108
NQ,2022-04-25,09:45,-1,RANGE,-0.2056
NQ,2022-04-26,09:45,-1,RANGE,-0.2626
NQ,2022-04-27,09:45,1,RANGE,0.037
NQ,2022-04-28,09:45,-1,FADE,0.6077
NQ,2022-04-29,09:45,-1,CONT,-0.4838
NQ,2022-05-02,09:45,1,RANGE,-0.0379
NQ,2022-05-03,09:45,-1,RANGE,0.0077
NQ,2022-05-04,09:45,-1,REV,0.044
NQ,2022-05-05,09:45,-1,CONT,-0.4758
NQ,2022-05-06,09:45,-1,RANGE,-0.2352
NQ,2022-05-09,09:45,1,REV,-0.5747
NQ,2022-05-10,09:45,-1,FADE,0.6799
NQ,2022-05-11,09:45,1,RANGE,-0.2194
NQ,2022-05-12,09:45,1,FADE,-0.4073
NQ,2022-05-13,09:45,1,RANGE,0.4051
NQ,2022-05-16,09:45,-1,RANGE,-0.1586
NQ,2022-05-17,09:45,1,RANGE,0.5297
NQ,2022-05-18,09:45,-1,CONT,-0.4274
NQ,2022-05-19,09:45,1,RANGE,-0.1613
NQ,2022-05-20,09:45,1,FADE,0.3273
NQ,2022-05-23,09:45,1,RANGE,0.106
NQ,2022-05-24,09:45,-1,RANGE,-0.4717
NQ,2022-05-25,09:45,1,RANGE,-0.1404
NQ,2022-05-26,09:45,1,RANGE,-0.08
NQ,2022-05-27,09:45,1,RANGE,0.2914
NQ,2022-05-31,09:45,-1,RANGE,-0.308
NQ,2022-06-01,09:45,1,RANGE,0.2013
NQ,2022-06-02,09:45,1,CONT,-0.1122
NQ,2022-06-03,09:45,-1,RANGE,-0.5456
NQ,2022-06-06,09:45,-1,FADE,0.4644
NQ,2022-06-07,09:45,1,FADE,-0.3676
NQ,2022-06-08,09:45,1,RANGE,-0.0975
NQ,2022-06-09,09:45,-1,CONT,-0.2059
NQ,2022-06-10,09:45,1,RANGE,-0.6223
NQ,2022-06-13,09:45,1,RANGE,-0.9336
NQ,2022-06-14,09:45,-1,RANGE,0.2307
NQ,2022-06-15,09:45,1,FADE,0.3618
NQ,2022-06-16,09:45,-1,RANGE,-0.8263
NQ,2022-06-17,09:45,1,RANGE,0.0644
NQ,2022-06-21,09:45,1,RANGE,0.1675
NQ,2022-06-22,09:45,1,FADE,-0.3111
NQ,2022-06-23,09:45,-1,FADE,0.2944
NQ,2022-06-24,09:45,1,RANGE,0.3448
NQ,2022-06-27,09:45,-1,RANGE,0.123
NQ,2022-06-28,09:45,1,REV,0.0565
NQ,2022-06-29,09:45,-1,RANGE,-0.0136
NQ,2022-06-30,09:45,-1,FADE,-0.3923
NQ,2022-07-01,09:45,-1,RANGE,-0.1727
NQ,2022-07-05,09:45,-1,REV,-0.3168
NQ,2022-07-06,09:45,-1,RANGE,0.0389
NQ,2022-07-07,09:45,1,CONT,0.1032
NQ,2022-07-08,09:45,1,FADE,-0.3764
NQ,2022-07-11,09:45,-1,RANGE,-0.3446
NQ,2022-07-12,09:45,1,RANGE,0.1792
NQ,2022-07-13,09:45,1,CONT,-0.7896
NQ,2022-07-14,09:45,-1,FADE,-0.3878
NQ,2022-07-15,09:45,1,RANGE,0.4436
NQ,2022-07-18,09:45,1,REV,0.4162
NQ,2022-07-19,09:45,-1,REV,0.5367
NQ,2022-07-20,09:45,1,CONT,0.0684
NQ,2022-07-21,09:45,-1,RANGE,0.0602
NQ,2022-07-22,09:45,1,RANGE,-0.1305
NQ,2022-07-25,09:45,-1,RANGE,0.0
NQ,2022-07-26,09:45,-1,CONT,-0.2673
NQ,2022-07-27,09:45,1,CONT,0.6947
NQ,2022-07-28,09:45,-1,RANGE,-0.0304
NQ,2022-07-29,09:45,1,RANGE,0.2192
NQ,2022-08-01,09:45,1,FADE,-0.252
NQ,2022-08-02,09:45,1,FADE,-0.3207
NQ,2022-08-03,09:45,1,RANGE,0.2366
NQ,2022-08-04,09:45,1,RANGE,0.0073
NQ,2022-08-05,09:45,1,FADE,-0.7053
NQ,2022-08-08,09:45,1,RANGE,0.1259
NQ,2022-08-09,09:45,-1,RANGE,-0.2676
NQ,2022-08-10,09:45,-1,RANGE,1.0379
NQ,2022-08-11,09:45,-1,FADE,0.3209
NQ,2022-08-12,09:45,1,CONT,0.2857
NQ,2022-08-15,09:45,1,RANGE,-0.1491
NQ,2022-08-16,09:45,-1,RANGE,-0.1489
NQ,2022-08-17,09:45,-1,RANGE,-0.4804
NQ,2022-08-18,09:45,1,RANGE,-0.0168
NQ,2022-08-19,09:45,-1,RANGE,-0.4675
NQ,2022-08-22,09:45,-1,RANGE,-0.666
NQ,2022-08-23,09:45,-1,RANGE,-0.0631
NQ,2022-08-24,09:45,1,RANGE,-0.0825
NQ,2022-08-25,09:45,-1,RANGE,0.284
NQ,2022-08-26,09:45,-1,CONT,-0.0513
NQ,2022-08-29,09:45,1,FADE,-0.4294
NQ,2022-08-30,09:45,-1,FADE,0.2598
NQ,2022-08-31,09:45,1,FADE,0.4621
NQ,2022-09-01,09:45,1,FADE,-0.4198
NQ,2022-09-02,09:45,-1,CONT,0.4489
NQ,2022-09-06,09:45,-1,RANGE,-0.0294
NQ,2022-09-07,09:45,1,CONT,0.0681
NQ,2022-09-08,09:45,1,FADE,-0.3321
NQ,2022-09-09,09:45,1,RANGE,0.3503
NQ,2022-09-12,09:45,1,RANGE,0.5348
NQ,2022-09-13,09:45,-1,CONT,-1.4053
NQ,2022-09-14,09:45,1,RANGE,0.1744
NQ,2022-09-15,09:45,1,FADE,-0.3024
NQ,2022-09-16,09:45,-1,RANGE,-0.4712
NQ,2022-09-19,09:45,1,FADE,-0.3724
NQ,2022-09-20,09:45,-1,FADE,-0.3947
NQ,2022-09-21,09:45,-1,RANGE,0.1311
NQ,2022-09-22,09:45,-1,RANGE,-0.2085
NQ,2022-09-23,09:45,-1,RANGE,-0.3464
NQ,2022-09-26,09:45,1,RANGE,-0.0771
NQ,2022-09-27,09:45,1,FADE,0.5328
NQ,2022-09-28,09:45,1,CONT,-0.0061
NQ,2022-09-29,09:45,-1,RANGE,-0.5729
NQ,2022-09-30,09:45,1,RANGE,-0.1508
NQ,2022-10-03,09:45,-1,FADE,0.2528
NQ,2022-10-04,09:45,1,RANGE,0.7292
NQ,2022-10-05,09:45,-1,FADE,-0.499
NQ,2022-10-06,09:45,1,RANGE,-0.1441
NQ,2022-10-07,09:45,-1,CONT,-0.6224
NQ,2022-10-10,09:45,-1,RANGE,0.0283
NQ,2022-10-11,09:45,-1,RANGE,-0.1862
NQ,2022-10-12,09:45,1,RANGE,0.071
NQ,2022-10-13,09:45,1,CONT,-1.0413
NQ,2022-10-14,09:45,-1,FADE,0.3126
NQ,2022-10-17,09:45,1,RANGE,0.7614
NQ,2022-10-18,09:45,-1,FADE,0.8551
NQ,2022-10-19,09:45,1,RANGE,-0.209
NQ,2022-10-20,09:45,1,RANGE,-0.1282
NQ,2022-10-21,09:45,1,RANGE,-0.1279
NQ,2022-10-24,09:45,-1,RANGE,0.0159
NQ,2022-10-25,09:45,1,RANGE,0.1038
NQ,2022-10-26,09:45,-1,FADE,-0.6898
NQ,2022-10-27,09:45,1,RANGE,-0.1522
NQ,2022-10-28,09:45,1,CONT,-0.0794
NQ,2022-10-31,09:45,-1,RANGE,-0.2882
NQ,2022-11-01,09:45,-1,FADE,0.4475
NQ,2022-11-02,09:45,-1,CONT,0.0
NQ,2022-11-03,09:45,-1,RANGE,-0.3277
NQ,2022-11-04,09:45,-1,FADE,0.6191
NQ,2022-11-07,09:45,-1,RANGE,0.1412
NQ,2022-11-08,09:45,-1,RANGE,0.192
NQ,2022-11-09,09:45,-1,CONT,-0.2343
NQ,2022-11-10,09:45,-1,REV,1.5878
NQ,2022-11-11,09:45,1,RANGE,-0.0133
NQ,2022-11-14,09:45,-1,FADE,-0.2651
NQ,2022-11-15,09:45,-1,FADE,0.8719
NQ,2022-11-16,09:45,-1,RANGE,-0.2566
NQ,2022-11-17,09:45,1,FADE,-0.5983
NQ,2022-11-18,09:45,-1,FADE,0.3998
NQ,2022-11-21,09:45,1,RANGE,-0.1891
NQ,2022-11-22,09:45,-1,RANGE,0.1003
NQ,2022-11-23,09:45,1,RANGE,-0.0075
NQ,2022-11-28,09:45,1,FADE,-0.3086
NQ,2022-11-29,09:45,-1,RANGE,0.0399
NQ,2022-11-30,09:45,1,CONT,0.0399
NQ,2022-12-01,09:45,1,RANGE,0.0208
NQ,2022-12-02,09:45,1,CONT,-0.8149
NQ,2022-12-05,09:45,1,RANGE,-0.3623
NQ,2022-12-06,09:45,-1,RANGE,-0.0143
NQ,2022-12-07,09:45,1,RANGE,-0.2018
NQ,2022-12-08,09:45,-1,RANGE,0.2238
NQ,2022-12-09,09:45,1,RANGE,-0.1919
NQ,2022-12-12,09:45,-1,REV,0.5565
NQ,2022-12-13,09:45,-1,CONT,2.0391
NQ,2022-12-14,09:45,1,RANGE,-0.1215
NQ,2022-12-15,09:45,-1,RANGE,-0.7431
NQ,2022-12-16,09:45,1,RANGE,-0.1266
NQ,2022-12-19,09:45,-1,RANGE,0.0474
NQ,2022-12-20,09:45,-1,RANGE,-0.2167
NQ,2022-12-21,09:45,1,RANGE,0.1687
NQ,2022-12-22,09:45,-1,RANGE,-0.5285
NQ,2022-12-23,09:45,-1,RANGE,-0.2118
NQ,2022-12-27,09:45,-1,RANGE,-0.1037
NQ,2022-12-28,09:45,1,RANGE,-0.0677
NQ,2022-12-29,09:45,1,RANGE,0.4169
NQ,2022-12-30,09:45,1,CONT,-0.4569
NQ,2023-01-03,09:45,1,FADE,0.3657
NQ,2023-01-04,09:45,-1,FADE,0.3384
NQ,2023-01-05,09:45,-1,RANGE,-0.2782
NQ,2023-01-06,09:45,-1,FADE,0.2737
NQ,2023-01-09,09:45,1,RANGE,0.3139
NQ,2023-01-10,09:45,1,RANGE,-0.1647
NQ,2023-01-11,09:45,1,CONT,0.1375
NQ,2023-01-12,09:45,-1,RANGE,0.0498
NQ,2023-01-13,09:45,1,CONT,-0.4151
NQ,2023-01-17,09:45,-1,RANGE,0.1486
NQ,2023-01-18,09:45,-1,CONT,0.2936
NQ,2023-01-19,09:45,-1,RANGE,-0.3101
NQ,2023-01-20,09:45,1,CONT,0.2914
NQ,2023-01-23,09:45,1,RANGE,0.1165
NQ,2023-01-24,09:45,1,FADE,-0.3104
NQ,2023-01-25,09:45,-1,FADE,-0.8525
NQ,2023-01-26,09:45,-1,FADE,0.6085
NQ,2023-01-27,09:45,1,RANGE,-0.2485
NQ,2023-01-30,09:45,1,RANGE,-0.6112
NQ,2023-01-31,09:45,1,CONT,0.0138
NQ,2023-02-01,09:45,-1,REV,-0.0429
NQ,2023-02-02,09:45,1,CONT,1.084
NQ,2023-02-03,09:45,1,FADE,-1.0958
NQ,2023-02-06,09:45,1,FADE,-0.4575
NQ,2023-02-07,09:45,1,CONT,-0.0374
NQ,2023-02-08,09:45,1,REV,-0.2276
NQ,2023-02-09,09:45,-1,CONT,0.6886
NQ,2023-02-10,09:45,-1,FADE,-0.3469
NQ,2023-02-13,09:45,1,RANGE,0.2131
NQ,2023-02-14,09:45,1,FADE,-0.2597
NQ,2023-02-15,09:45,1,CONT,-0.2761
NQ,2023-02-16,09:45,1,FADE,-0.7613
NQ,2023-02-17,09:45,-1,RANGE,-0.3265
NQ,2023-02-21,09:45,1,REV,-0.5286
NQ,2023-02-22,09:45,1,RANGE,0.0846
NQ,2023-02-23,09:45,-1,FADE,0.5716
NQ,2023-02-24,09:45,-1,RANGE,-0.8131
NQ,2023-02-27,09:45,-1,RANGE,0.5073
NQ,2023-02-28,09:45,1,RANGE,-0.1092
NQ,2023-03-01,09:45,-1,RANGE,-0.0489
NQ,2023-03-02,09:45,1,CONT,-0.448
NQ,2023-03-03,09:45,1,CONT,0.3036
NQ,2023-03-06,09:45,1,RANGE,0.2153
NQ,2023-03-07,09:45,1,RANGE,0.0022
NQ,2023-03-08,09:45,-1,RANGE,0.0747
NQ,2023-03-09,09:45,1,REV,0.0708
NQ,2023-03-10,09:45,-1,RANGE,0.0553
NQ,2023-03-13,09:45,-1,RANGE,0.2081
NQ,2023-03-14,09:45,1,RANGE,0.6825
NQ,2023-03-15,09:45,1,CONT,-0.5199
NQ,2023-03-16,09:45,1,CONT,-0.204
NQ,2023-03-17,09:45,1,RANGE,-0.0169
NQ,2023-03-20,09:45,-1,RANGE,-0.1026
NQ,2023-03-21,09:45,1,FADE,0.3342
NQ,2023-03-22,09:45,-1,RANGE,-0.0186
NQ,2023-03-23,09:45,1,FADE,0.6141
NQ,2023-03-24,09:45,-1,RANGE,-0.0791
NQ,2023-03-27,09:45,1,RANGE,0.0977
NQ,2023-03-28,09:45,-1,RANGE,-0.0926
NQ,2023-03-29,09:45,1,RANGE,0.6058
NQ,2023-03-30,09:45,-1,RANGE,0.3672
NQ,2023-03-31,09:45,1,CONT,0.0264
NQ,2023-04-03,09:45,1,FADE,-0.36
NQ,2023-04-04,09:45,-1,RANGE,0.0643
NQ,2023-04-05,09:45,-1,RANGE,-0.1992
NQ,2023-04-06,09:45,-1,REV,-0.2645
NQ,2023-04-10,09:45,-1,REV,-0.5174
NQ,2023-04-11,09:45,-1,RANGE,-0.0217
NQ,2023-04-12,09:45,-1,FADE,0.3525
NQ,2023-04-13,09:45,1,RANGE,0.3072
NQ,2023-04-14,09:45,1,FADE,-0.3118
NQ,2023-04-17,09:45,1,RANGE,-0.0861
NQ,2023-04-18,09:45,-1,FADE,0.4325
NQ,2023-04-19,09:45,1,CONT,-0.4992
NQ,2023-04-20,09:45,1,FADE,-0.6391
NQ,2023-04-21,09:45,1,RANGE,-0.0987
NQ,2023-04-24,09:45,1,RANGE,-0.058
NQ,2023-04-25,09:45,1,REV,-0.3832
NQ,2023-04-26,09:45,-1,RANGE,0.7541
NQ,2023-04-27,09:45,-1,REV,0.8334
NQ,2023-04-28,09:45,-1,RANGE,-0.0563
NQ,2023-05-01,09:45,-1,RANGE,-0.1175
NQ,2023-05-02,09:45,-1,RANGE,-0.0158
NQ,2023-05-03,09:45,1,RANGE,0.0728
NQ,2023-05-04,09:45,-1,RANGE,-0.0883
NQ,2023-05-05,09:45,1,CONT,0.4777
NQ,2023-05-08,09:45,-1,RANGE,-0.1182
NQ,2023-05-09,09:45,1,RANGE,-0.3865
NQ,2023-05-10,09:45,-1,FADE,0.5282
NQ,2023-05-11,09:45,-1,RANGE,0.0896
NQ,2023-05-12,09:45,1,RANGE,0.116
NQ,2023-05-15,09:45,1,RANGE,0.1082
NQ,2023-05-16,09:45,1,RANGE,-0.2025
NQ,2023-05-17,09:45,-1,REV,0.2432
NQ,2023-05-18,09:45,1,CONT,0.0505
NQ,2023-05-19,09:45,1,RANGE,0.0467
NQ,2023-05-22,09:45,1,RANGE,-0.0567
NQ,2023-05-23,09:45,1,REV,-0.4169
NQ,2023-05-24,09:45,1,FADE,-0.4711
NQ,2023-05-25,09:45,-1,RANGE,1.7522
NQ,2023-05-26,09:45,1,CONT,0.233
NQ,2023-05-30,09:45,1,FADE,0.574
NQ,2023-05-31,09:45,1,FADE,-0.3634
NQ,2023-06-01,09:45,1,CONT,-0.0207
NQ,2023-06-02,09:45,1,FADE,0.371
NQ,2023-06-05,09:45,1,RANGE,-0.0621
NQ,2023-06-06,09:45,-1,RANGE,-0.1435
NQ,2023-06-07,09:45,1,REV,0.0463
NQ,2023-06-08,09:45,1,CONT,0.0324
NQ,2023-06-09,09:45,1,FADE,0.3142
NQ,2023-06-12,09:45,-1,REV,1.2496
NQ,2023-06-13,09:45,-1,FADE,0.5132
NQ,2023-06-14,09:45,1,RANGE,-0.0046
NQ,2023-06-15,09:45,1,CONT,-0.2855
NQ,2023-06-16,09:45,-1,FADE,0.4221
NQ,2023-06-20,09:45,1,RANGE,-0.124
NQ,2023-06-21,09:45,-1,RANGE,-0.2317
NQ,2023-06-22,09:45,1,FADE,-0.2797
NQ,2023-06-23,09:45,-1,RANGE,-0.7668
NQ,2023-06-26,09:45,1,RANGE,-0.11
NQ,2023-06-27,09:45,1,CONT,0.2694
NQ,2023-06-28,09:45,1,FADE,-0.3461
NQ,2023-06-29,09:45,-1,RANGE,-0.0884
NQ,2023-06-30,09:45,1,RANGE,0.6725
NQ,2023-07-05,09:45,1,RANGE,-0.233
NQ,2023-07-06,09:45,-1,RANGE,-0.7897
NQ,2023-07-07,09:45,1,RANGE,-0.0726
NQ,2023-07-10,09:45,-1,RANGE,-0.0703
NQ,2023-07-11,09:45,-1,RANGE,0.0613
NQ,2023-07-12,09:45,-1,RANGE,0.8772
NQ,2023-07-13,09:45,1,CONT,0.6344
NQ,2023-07-14,09:45,1,RANGE,0.0823
NQ,2023-07-17,09:45,1,CONT,0.1384
NQ,2023-07-18,09:45,-1,RANGE,-0.145
NQ,2023-07-19,09:45,1,RANGE,0.1933
NQ,2023-07-20,09:45,1,REV,-0.6142
NQ,2023-07-21,09:45,-1,FADE,0.4809
NQ,2023-07-24,09:45,1,RANGE,0.1982
NQ,2023-07-25,09:45,1,RANGE,0.1271
NQ,2023-07-26,09:45,-1,FADE,-0.2575
NQ,2023-07-27,09:45,1,REV,1.156
NQ,2023-07-28,09:45,1,RANGE,0.8343
NQ,2023-07-31,09:45,1,RANGE,0.0491
NQ,2023-08-01,09:45,-1,FADE,-0.3169
NQ,2023-08-02,09:45,-1,RANGE,-0.6937
NQ,2023-08-03,09:45,1,FADE,-0.4829
NQ,2023-08-04,09:45,-1,FADE,0.3619
NQ,2023-08-07,09:45,-1,FADE,0.3299
NQ,2023-08-08,09:45,-1,RANGE,-0.4692
NQ,2023-08-09,09:45,-1,CONT,0.0459
NQ,2023-08-10,09:45,1,FADE,0.5178
NQ,2023-08-11,09:45,-1,FADE,-0.4656
NQ,2023-08-14,09:45,1,RANGE,-0.1412
NQ,2023-08-15,09:45,-1,RANGE,-0.2022
NQ,2023-08-16,09:45,1,REV,-0.1109
NQ,2023-08-17,09:45,-1,CONT,0.2374
NQ,2023-08-18,09:45,1,CONT,-0.6226
NQ,2023-08-21,09:45,1,RANGE,0.2604
NQ,2023-08-22,09:45,-1,FADE,0.4522
NQ,2023-08-23,09:45,1,RANGE,0.2126
NQ,2023-08-24,09:45,-1,CONT,0.5823
NQ,2023-08-25,09:45,1,RANGE,0.1578
NQ,2023-08-28,09:45,-1,FADE,0.5019
NQ,2023-08-29,09:45,1,RANGE,-0.0559
NQ,2023-08-30,09:45,-1,RANGE,0.0109
NQ,2023-08-31,09:45,1,RANGE,-0.0406
NQ,2023-09-01,09:45,-1,FADE,0.4242
NQ,2023-09-05,09:45,-1,RANGE,-0.1832
NQ,2023-09-06,09:45,-1,RANGE,-0.1536
NQ,2023-09-07,09:45,1,RANGE,-0.8855
NQ,2023-09-08,09:45,1,RANGE,-0.0171
NQ,2023-09-11,09:45,-1,RANGE,1.4816
NQ,2023-09-12,09:45,1,FADE,-0.3246
NQ,2023-09-13,09:45,1,RANGE,0.0265
NQ,2023-09-14,09:45,-1,FADE,0.2923
NQ,2023-09-15,09:45,-1,RANGE,-0.2811
NQ,2023-09-18,09:45,1,RANGE,-0.1544
NQ,2023-09-19,09:45,-1,FADE,-0.2655
NQ,2023-09-20,09:45,-1,CONT,0.1912
NQ,2023-09-21,09:45,-1,RANGE,-0.7468
NQ,2023-09-22,09:45,-1,FADE,0.3601
NQ,2023-09-25,09:45,1,RANGE,-0.2069
NQ,2023-09-26,09:45,1,RANGE,-0.5461
NQ,2023-09-27,09:45,1,RANGE,0.2215
NQ,2023-09-28,09:45,-1,RANGE,-0.2388
NQ,2023-09-29,09:45,-1,FADE,0.6722
NQ,2023-10-02,09:45,1,RANGE,0.0255
NQ,2023-10-03,09:45,1,FADE,-0.4857
NQ,2023-10-04,09:45,1,CONT,0.1447
NQ,2023-10-05,09:45,-1,RANGE,-0.0463
NQ,2023-10-06,09:45,1,CONT,-0.5604
NQ,2023-10-09,09:45,1,CONT,-0.4093
NQ,2023-10-10,09:45,1,RANGE,0.0427
NQ,2023-10-11,09:45,1,RANGE,0.2286
NQ,2023-10-12,09:45,-1,RANGE,0.0659
NQ,2023-10-13,09:45,-1,CONT,0.1114
NQ,2023-10-16,09:45,1,RANGE,0.2243
NQ,2023-10-17,09:45,-1,FADE,-0.6281
NQ,2023-10-18,09:45,1,FADE,-0.4384
NQ,2023-10-19,09:45,-1,CONT,0.2558
NQ,2023-10-20,09:45,-1,CONT,-0.0931
NQ,2023-10-23,09:45,-1,RANGE,-0.2324
NQ,2023-10-24,09:45,1,FADE,0.2749
NQ,2023-10-25,09:45,-1,CONT,-0.4076
NQ,2023-10-26,09:45,-1,RANGE,-0.2095
NQ,2023-10-27,09:45,1,FADE,0.4209
NQ,2023-10-30,09:45,1,RANGE,0.3757
NQ,2023-10-31,09:45,-1,RANGE,0.0019
NQ,2023-11-01,09:45,1,CONT,0.1188
NQ,2023-11-02,09:45,1,RANGE,0.6819
NQ,2023-11-03,09:45,1,RANGE,0.1955
NQ,2023-11-06,09:45,1,RANGE,0.1171
NQ,2023-11-07,09:45,-1,RANGE,0.1716
NQ,2023-11-08,09:45,-1,RANGE,0.0543
NQ,2023-11-09,09:45,-1,CONT,0.0851
NQ,2023-11-10,09:45,1,CONT,0.285
NQ,2023-11-13,09:45,-1,FADE,-0.2764
NQ,2023-11-14,09:45,1,RANGE,1.101
NQ,2023-11-15,09:45,-1,FADE,0.3196
NQ,2023-11-16,09:45,1,RANGE,-0.1658
NQ,2023-11-17,09:45,-1,RANGE,-0.1494
NQ,2023-11-20,09:45,1,CONT,-0.0111
NQ,2023-11-21,09:45,-1,RANGE,-0.3446
NQ,2023-11-22,09:45,1,FADE,0.3708
NQ,2023-11-27,09:45,1,RANGE,-0.0643
NQ,2023-11-28,09:45,-1,REV,-0.1814
NQ,2023-11-29,09:45,1,FADE,0.5577
NQ,2023-11-30,09:45,-1,RANGE,0.0373
NQ,2023-12-01,09:45,-1,FADE,-0.2784
NQ,2023-12-04,09:45,-1,RANGE,-0.9647
NQ,2023-12-05,09:45,1,FADE,-0.4503
NQ,2023-12-06,09:45,-1,FADE,0.686
NQ,2023-12-07,09:45,1,RANGE,0.6539
NQ,2023-12-08,09:45,1,FADE,-0.4305
NQ,2023-12-11,09:45,1,RANGE,1.092
NQ,2023-12-12,09:45,-1,REV,-0.0187
NQ,2023-12-13,09:45,1,CONT,0.1804
NQ,2023-12-14,09:45,1,RANGE,0.2256
NQ,2023-12-15,09:45,1,RANGE,0.1696
NQ,2023-12-18,09:45,1,CONT,0.1412
NQ,2023-12-19,09:45,1,RANGE,0.0752
NQ,2023-12-20,09:45,1,REV,-0.1951
NQ,2023-12-21,09:45,1,RANGE,0.8386
NQ,2023-12-22,09:45,1,RANGE,0.2473
NQ,2023-12-26,09:45,1,CONT,0.146
NQ,2023-12-27,09:45,1,RANGE,0.0361
NQ,2023-12-28,09:45,-1,RANGE,0.1583
NQ,2023-12-29,09:45,1,RANGE,-0.0091
NQ,2024-01-02,09:45,-1,RANGE,-0.8192
NQ,2024-01-03,09:45,1,RANGE,-0.5482
NQ,2024-01-04,09:45,1,FADE,-0.4436
NQ,2024-01-05,09:45,1,RANGE,0.0281
NQ,2024-01-08,09:45,1,CONT,0.2505
NQ,2024-01-09,09:45,1,CONT,-0.6685
NQ,2024-01-10,09:45,1,RANGE,0.0414
NQ,2024-01-11,09:45,1,RANGE,0.2259
NQ,2024-01-12,09:45,1,RANGE,0.2172
NQ,2024-01-16,09:45,-1,FADE,-0.294
NQ,2024-01-17,09:45,-1,RANGE,-0.7817
NQ,2024-01-18,09:45,1,CONT,0.6791
NQ,2024-01-19,09:45,1,CONT,0.4145
NQ,2024-01-22,09:45,-1,FADE,0.4319
NQ,2024-01-23,09:45,-1,RANGE,0.1365
NQ,2024-01-24,09:45,-1,RANGE,0.8351
NQ,2024-01-25,09:45,-1,FADE,0.4818
NQ,2024-01-26,09:45,1,FADE,-0.3845
NQ,2024-01-29,09:45,1,CONT,0.0887
NQ,2024-01-30,09:45,1,RANGE,-0.2174
NQ,2024-01-31,09:45,-1,CONT,-0.9146
NQ,2024-02-01,09:45,1,CONT,0.3271
NQ,2024-02-02,09:45,1,CONT,0.3185
NQ,2024-02-05,09:45,-1,RANGE,-0.0318
NQ,2024-02-06,09:45,-1,RANGE,0.2061
NQ,2024-02-07,09:45,-1,RANGE,0.5267
NQ,2024-02-08,09:45,-1,RANGE,-0.0257
NQ,2024-02-09,09:45,-1,REV,0.2135
NQ,2024-02-12,09:45,1,RANGE,-0.0446
NQ,2024-02-13,09:45,1,RANGE,-1.563
NQ,2024-02-14,09:45,-1,FADE,0.4773
NQ,2024-02-15,09:45,-1,RANGE,0.084
NQ,2024-02-16,09:45,-1,RANGE,0.0585
NQ,2024-02-20,09:45,-1,RANGE,-0.6156
NQ,2024-02-21,09:45,-1,RANGE,-0.5415
NQ,2024-02-22,09:45,1,CONT,1.6601
NQ,2024-02-23,09:45,1,FADE,0.2605
NQ,2024-02-26,09:45,-1,RANGE,0.13
NQ,2024-02-27,09:45,-1,RANGE,0.1762
NQ,2024-02-28,09:45,-1,RANGE,-0.4096
NQ,2024-02-29,09:45,1,FADE,0.5138
NQ,2024-03-01,09:45,1,CONT,0.1348
NQ,2024-03-04,09:45,-1,RANGE,-0.0219
NQ,2024-03-05,09:45,-1,RANGE,-0.5872
NQ,2024-03-06,09:45,-1,FADE,0.7722
NQ,2024-03-07,09:45,-1,RANGE,0.6138
NQ,2024-03-08,09:45,-1,CONT,0.037
NQ,2024-03-11,09:45,1,RANGE,0.7446
NQ,2024-03-12,09:45,-1,FADE,0.3819
NQ,2024-03-13,09:45,-1,RANGE,-0.1945
NQ,2024-03-14,09:45,-1,RANGE,0.1837
NQ,2024-03-15,09:45,-1,RANGE,-0.5075
NQ,2024-03-18,09:45,1,RANGE,0.8994
NQ,2024-03-19,09:45,-1,FADE,-0.3269
NQ,2024-03-20,09:45,-1,REV,0.1855
NQ,2024-03-21,09:45,-1,CONT,0.7824
NQ,2024-03-22,09:45,-1,RANGE,-0.0874
NQ,2024-03-25,09:45,-1,FADE,-0.4707
NQ,2024-03-26,09:45,1,REV,0.2441
NQ,2024-03-27,09:45,-1,FADE,0.4734
NQ,2024-03-28,09:45,1,RANGE,-0.0273
NQ,2024-04-01,09:45,1,RANGE,0.1553
NQ,2024-04-02,09:45,-1,RANGE,-0.8808
NQ,2024-04-03,09:45,1,FADE,-0.3661
NQ,2024-04-04,09:45,-1,CONT,0.7261
NQ,2024-04-05,09:45,1,RANGE,0.2541
NQ,2024-04-08,09:45,-1,RANGE,0.1487
NQ,2024-04-09,09:45,-1,FADE,0.4018
NQ,2024-04-10,09:45,1,RANGE,-0.9448
NQ,2024-04-11,09:45,-1,REV,0.3177
NQ,2024-04-12,09:45,1,RANGE,-0.7723
NQ,2024-04-15,09:45,-1,CONT,0.6287
NQ,2024-04-16,09:45,-1,RANGE,-0.0311
NQ,2024-04-17,09:45,-1,CONT,0.3233
NQ,2024-04-18,09:45,-1,RANGE,0.0754
NQ,2024-04-19,09:45,-1,CONT,-0.197
NQ,2024-04-22,09:45,1,FADE,0.4051
NQ,2024-04-23,09:45,1,RANGE,0.2868
NQ,2024-04-24,09:45,1,FADE,0.4424
NQ,2024-04-25,09:45,1,CONT,-1.0751
NQ,2024-04-26,09:45,1,RANGE,0.4449
NQ,2024-04-29,09:45,-1,FADE,0.2712
NQ,2024-04-30,09:45,1,REV,-0.228
NQ,2024-05-01,09:45,-1,RANGE,-0.2032
NQ,2024-05-02,09:45,-1,FADE,0.484
NQ,2024-05-03,09:45,1,RANGE,1.0205
NQ,2024-05-06,09:45,1,CONT,0.2374
NQ,2024-05-07,09:45,1,RANGE,0.0452
NQ,2024-05-08,09:45,1,FADE,-0.3723
NQ,2024-05-09,09:45,-1,RANGE,0.0126
NQ,2024-05-10,09:45,1,RANGE,0.204
NQ,2024-05-13,09:45,-1,FADE,0.2802
NQ,2024-05-14,09:45,1,RANGE,-0.0837
NQ,2024-05-15,09:45,-1,REV,0.3828
NQ,2024-05-16,09:45,1,RANGE,-0.0551
NQ,2024-05-17,09:45,-1,RANGE,0.001
NQ,2024-05-20,09:45,1,RANGE,0.0214
NQ,2024-05-21,09:45,1,CONT,-0.3538
NQ,2024-05-22,09:45,1,RANGE,0.0333
NQ,2024-05-23,09:45,-1,CONT,0.8759
NQ,2024-05-24,09:45,1,RANGE,0.3048
NQ,2024-05-28,09:45,-1,RANGE,-0.1482
NQ,2024-05-29,09:45,1,RANGE,-0.91
NQ,2024-05-30,09:45,-1,CONT,-0.249
NQ,2024-05-31,09:45,1,RANGE,-0.0109
NQ,2024-06-03,09:45,1,FADE,0.6263
NQ,2024-06-04,09:45,-1,RANGE,-0.0795
NQ,2024-06-05,09:45,-1,REV,0.7623
NQ,2024-06-06,09:45,-1,RANGE,0.124
NQ,2024-06-07,09:45,-1,RANGE,-0.125
NQ,2024-06-10,09:45,1,CONT,-0.2573
NQ,2024-06-11,09:45,-1,REV,-0.2663
NQ,2024-06-12,09:45,1,RANGE,0.7671
NQ,2024-06-13,09:45,1,FADE,0.6833
NQ,2024-06-14,09:45,1,RANGE,-0.0677
NQ,2024-06-17,09:45,-1,REV,1.262
NQ,2024-06-18,09:45,-1,RANGE,-0.0202
NQ,2024-06-20,09:45,1,REV,0.0644
NQ,2024-06-21,09:45,-1,RANGE,-0.0807
NQ,2024-06-24,09:45,-1,CONT,-0.2357
NQ,2024-06-25,09:45,-1,RANGE,0.3684
NQ,2024-06-26,09:45,1,RANGE,-0.1585
NQ,2024-06-27,09:45,1,RANGE,-0.0611
NQ,2024-06-28,09:45,1,RANGE,0.0986
NQ,2024-07-01,09:45,-1,RANGE,0.1728
NQ,2024-07-02,09:45,1,CONT,-0.2966
NQ,2024-07-05,09:45,1,CONT,0.2755
NQ,2024-07-08,09:45,-1,RANGE,0.0481
NQ,2024-07-09,09:45,1,FADE,0.2569
NQ,2024-07-10,09:45,-1,REV,0.3633
NQ,2024-07-11,09:45,-1,CONT,0.0
NQ,2024-07-12,09:45,1,RANGE,0.0591
NQ,2024-07-15,09:45,-1,FADE,0.2929
NQ,2024-07-16,09:45,-1,FADE,0.2515
NQ,2024-07-17,09:45,-1,RANGE,-1.4834
NQ,2024-07-18,09:45,-1,CONT,0.5829
NQ,2024-07-19,09:45,1,RANGE,-0.0873
NQ,2024-07-22,09:45,1,RANGE,0.9036
NQ,2024-07-23,09:45,1,RANGE,-0.1484
NQ,2024-07-24,09:45,-1,CONT,-1.0526
NQ,2024-07-25,09:45,-1,RANGE,0.0414
NQ,2024-07-26,09:45,-1,RANGE,0.5387
NQ,2024-07-29,09:45,1,FADE,0.3478
NQ,2024-07-30,09:45,-1,CONT,0.2497
NQ,2024-07-31,09:45,-1,RANGE,1.3199
NQ,2024-08-01,09:45,1,REV,0.0817
NQ,2024-08-02,09:45,1,RANGE,-0.9735
NQ,2024-08-05,09:45,1,RANGE,-2.4601
NQ,2024-08-06,09:45,-1,RANGE,0.1245
NQ,2024-08-07,09:45,1,REV,0.5961
NQ,2024-08-08,09:45,-1,RANGE,0.514
NQ,2024-08-09,09:45,-1,RANGE,-0.1384
NQ,2024-08-12,09:45,-1,RANGE,0.0642
NQ,2024-08-13,09:45,1,CONT,0.3613
NQ,2024-08-14,09:45,-1,RANGE,0.0719
NQ,2024-08-15,09:45,1,RANGE,0.5055
NQ,2024-08-16,09:45,-1,RANGE,-0.1711
NQ,2024-08-19,09:45,1,CONT,0.0021
NQ,2024-08-20,09:45,1,RANGE,-0.0874
NQ,2024-08-21,09:45,1,RANGE,0.0626
NQ,2024-08-22,09:45,-1,CONT,0.2012
NQ,2024-08-23,09:45,-1,FADE,0.3733
NQ,2024-08-26,09:45,-1,RANGE,-0.0571
NQ,2024-08-27,09:45,-1,RANGE,-0.1526
NQ,2024-08-28,09:45,-1,RANGE,-0.0575
NQ,2024-08-29,09:45,1,RANGE,0.1781
NQ,2024-08-30,09:45,1,FADE,0.4062
NQ,2024-09-03,09:45,-1,CONT,-0.4961
NQ,2024-09-04,09:45,1,FADE,-0.3811
NQ,2024-09-05,09:45,1,RANGE,-0.2104
NQ,2024-09-06,09:45,-1,RANGE,-0.1424
NQ,2024-09-09,09:45,1,FADE,0.5088
NQ,2024-09-10,09:45,1,RANGE,0.2072
NQ,2024-09-11,09:45,-1,RANGE,0.1419
NQ,2024-09-12,09:45,1,CONT,0.0121
NQ,2024-09-13,09:45,1,RANGE,-0.1238
NQ,2024-09-16,09:45,-1,FADE,0.4217
NQ,2024-09-17,09:45,-1,FADE,0.3763
NQ,2024-09-18,09:45,-1,RANGE,0.1425
NQ,2024-09-19,09:45,-1,RANGE,1.3641
NQ,2024-09-20,09:45,1,RANGE,-0.1328
NQ,2024-09-23,09:45,-1,RANGE,0.1288
NQ,2024-09-24,09:45,-1,RANGE,0.174
NQ,2024-09-25,09:45,1,RANGE,-0.0869
NQ,2024-09-26,09:45,-1,FADE,0.9493
NQ,2024-09-27,09:45,-1,CONT,0.1114
NQ,2024-09-30,09:45,1,RANGE,-0.1357
NQ,2024-10-01,09:45,-1,RANGE,-0.0557
NQ,2024-10-02,09:45,-1,RANGE,-0.1132
NQ,2024-10-03,09:45,1,FADE,-0.3134
NQ,2024-10-04,09:45,-1,FADE,0.7742
NQ,2024-10-07,09:45,-1,RANGE,-0.3063
NQ,2024-10-08,09:45,-1,REV,0.3534
NQ,2024-10-09,09:45,-1,REV,-0.0606
NQ,2024-10-10,09:45,1,FADE,-0.3649
NQ,2024-10-11,09:45,-1,FADE,-0.3338
NQ,2024-10-14,09:45,1,RANGE,0.3768
NQ,2024-10-15,09:45,-1,CONT,0.037
NQ,2024-10-16,09:45,-1,RANGE,0.0325
NQ,2024-10-17,09:45,-1,FADE,0.8456
NQ,2024-10-18,09:45,1,RANGE,0.4087
NQ,2024-10-21,09:45,1,RANGE,-0.2235
NQ,2024-10-22,09:45,1,FADE,-0.4689
NQ,2024-10-23,09:45,-1,RANGE,-0.4195
NQ,2024-10-24,09:45,-1,RANGE,0.58
NQ,2024-10-25,09:45,1,RANGE,0.4296
NQ,2024-10-28,09:45,-1,FADE,0.4918
NQ,2024-10-29,09:45,-1,RANGE,0.0403
NQ,2024-10-30,09:45,-1,RANGE,-0.1332
NQ,2024-10-31,09:45,-1,RANGE,-0.6744
NQ,2024-11-01,09:45,1,RANGE,0.2185
NQ,2024-11-04,09:45,-1,RANGE,-0.1008
NQ,2024-11-05,09:45,1,RANGE,0.2557
NQ,2024-11-06,09:45,1,RANGE,1.3217
NQ,2024-11-07,09:45,1,CONT,0.4077
NQ,2024-11-08,09:45,1,RANGE,-0.1273
NQ,2024-11-11,09:45,-1,RANGE,0.1744
NQ,2024-11-12,09:45,-1,RANGE,-0.0215
NQ,2024-11-13,09:45,1,RANGE,-0.0977
NQ,2024-11-14,09:45,-1,RANGE,-0.0776
NQ,2024-11-15,09:45,-1,CONT,-0.9269
NQ,2024-11-18,09:45,-1,RANGE,0.224
NQ,2024-11-19,09:45,1,CONT,-0.377
NQ,2024-11-20,09:45,-1,RANGE,-0.0415
NQ,2024-11-21,09:45,-1,FADE,0.432
NQ,2024-11-22,09:45,1,RANGE,-0.1096
NQ,2024-11-25,09:45,1,FADE,0.5876
NQ,2024-11-26,09:45,1,RANGE,0.2052
NQ,2024-11-27,09:45,-1,RANGE,-0.186
NQ,2024-12-02,09:45,1,RANGE,0.1912
NQ,2024-12-03,09:45,1,RANGE,-0.2169
NQ,2024-12-04,09:45,-1,REV,0.5218
NQ,2024-12-05,09:45,-1,RANGE,-0.009
NQ,2024-12-06,09:45,1,RANGE,0.0654
NQ,2024-12-09,09:45,1,REV,-0.1802
NQ,2024-12-10,09:45,1,RANGE,0.1946
NQ,2024-12-11,09:45,1,RANGE,0.7389
NQ,2024-12-12,09:45,-1,RANGE,-0.3824
NQ,2024-12-13,09:45,1,FADE,0.5989
NQ,2024-12-16,09:45,1,CONT,0.4306
NQ,2024-12-17,09:45,1,RANGE,0.9238
NQ,2024-12-18,09:45,-1,CONT,-0.1433
NQ,2024-12-19,09:45,-1,FADE,0.6574
NQ,2024-12-20,09:45,1,FADE,-0.6127
NQ,2024-12-23,09:45,-1,RANGE,0.1748
NQ,2024-12-26,09:45,1,FADE,-0.2802
NQ,2024-12-27,09:45,-1,RANGE,-0.5412
NQ,2024-12-30,09:45,-1,RANGE,-0.9225
NQ,2024-12-31,09:45,-1,CONT,0.1338
NQ,2025-01-02,09:45,-1,FADE,0.3834
NQ,2025-01-03,09:45,1,RANGE,0.3587
NQ,2025-01-06,09:45,1,RANGE,0.6346
NQ,2025-01-07,09:45,-1,CONT,0.1122
NQ,2025-01-08,09:45,1,RANGE,-0.0085
NQ,2025-01-10,09:45,-1,RANGE,-0.4339
NQ,2025-01-13,09:45,1,FADE,-0.6273
NQ,2025-01-14,09:45,1,FADE,0.3134
NQ,2025-01-15,09:45,1,RANGE,0.8151
NQ,2025-01-16,09:45,-1,RANGE,0.2374
NQ,2025-01-17,09:45,-1,RANGE,0.9716
NQ,2025-01-21,09:45,-1,RANGE,0.0728
NQ,2025-01-22,09:45,1,RANGE,0.5288
NQ,2025-01-23,09:45,1,CONT,-0.3002
NQ,2025-01-24,09:45,-1,RANGE,0.007
NQ,2025-01-27,09:45,1,RANGE,-2.2173
NQ,2025-01-28,09:45,-1,RANGE,0.1164
NQ,2025-01-29,09:45,-1,RANGE,0.0634
NQ,2025-01-30,09:45,-1,FADE,0.3221
NQ,2025-01-31,09:45,1,FADE,0.4049
NQ,2025-02-03,09:45,1,FADE,-0.9834
NQ,2025-02-04,09:45,1,RANGE,0.04
NQ,2025-02-05,09:45,1,CONT,-0.3166
NQ,2025-02-06,09:45,1,RANGE,0.0441
NQ,2025-02-07,09:45,1,RANGE,0.0432
NQ,2025-02-10,09:45,1,RANGE,0.5041
NQ,2025-02-11,09:45,1,FADE,-0.395
NQ,2025-02-12,09:45,1,FADE,-0.707
NQ,2025-02-13,09:45,1,RANGE,0.2073
NQ,2025-02-14,09:45,-1,REV,-0.0053
NQ,2025-02-18,09:45,-1,RANGE,0.0723
NQ,2025-02-19,09:45,-1,RANGE,-0.1026
NQ,2025-02-20,09:45,-1,RANGE,-0.1262
NQ,2025-02-21,09:45,-1,CONT,0.1369
NQ,2025-02-24,09:45,-1,RANGE,0.2204
NQ,2025-02-25,09:45,-1,RANGE,-0.1011
NQ,2025-02-26,09:45,-1,FADE,0.3018
NQ,2025-02-27,09:45,-1,FADE,0.4981
NQ,2025-02-28,09:45,1,RANGE,-0.0558
NQ,2016-01-04,10:00,-1,RANGE,-1.3805
NQ,2016-01-05,10:00,-1,FADE,0.2527
NQ,2016-01-06,10:00,1,FADE,-1.0419
NQ,2016-01-07,10:00,1,RANGE,-1.3071
NQ,2016-01-08,10:00,1,REV,0.4261
NQ,2016-01-11,10:00,-1,FADE,0.4118
NQ,2016-01-12,10:00,1,FADE,0.4945
NQ,2016-01-13,10:00,-1,CONT,0.2396
NQ,2016-01-14,10:00,-1,RANGE,0.2078
NQ,2016-01-15,10:00,1,RANGE,-1.6618
NQ,2016-01-19,10:00,-1,FADE,0.6256
NQ,2016-01-20,10:00,-1,FADE,-0.7377
NQ,2016-01-21,10:00,-1,RANGE,0.1801
NQ,2016-01-22,10:00,1,RANGE,0.8441
NQ,2016-01-25,10:00,1,REV,-0.1177
NQ,2016-01-26,10:00,-1,RANGE,0.1506
NQ,2016-01-27,10:00,-1,CONT,-0.2424
NQ,2016-01-28,10:00,-1,FADE,0.6099
NQ,2016-01-29,10:00,1,RANGE,0.0181
NQ,2016-02-01,10:00,-1,RANGE,-0.1878
NQ,2016-02-02,10:00,-1,CONT,-0.1585
NQ,2016-02-03,10:00,-1,RANGE,0.2348
NQ,2016-02-04,10:00,-1,RANGE,-0.1027
NQ,2016-02-05,10:00,-1,CONT,-0.1331
NQ,2016-02-08,10:00,-1,RANGE,-0.6556
NQ,2016-02-09,10:00,1,FADE,-0.4538
NQ,2016-02-10,10:00,1,RANGE,0.423
NQ,2016-02-11,10:00,1,FADE,-0.4622
NQ,2016-02-12,10:00,-1,FADE,0.4085
NQ,2016-02-16,10:00,1,RANGE,-0.0437
NQ,2016-02-17,10:00,1,RANGE,0.3554
NQ,2016-02-18,10:00,-1,CONT,0.1401
NQ,2016-02-19,10:00,1,RANGE,-0.193
NQ,2016-02-22,10:00,1,RANGE,0.3947
NQ,2016-02-23,10:00,1,RANGE,-0.2695
NQ,2016-02-24,10:00,-1,REV,-0.5289
NQ,2016-02-25,10:00,-1,RANGE,0.1021
NQ,2016-02-26,10:00,-1,FADE,0.3365
NQ,2016-02-29,10:00,1,RANGE,-0.0485
NQ,2016-03-01,10:00,1,CONT,0.4274
NQ,2016-03-02,10:00,-1,RANGE,-0.0785
NQ,2016-03-03,10:00,-1,RANGE,-0.0471
NQ,2016-03-04,10:00,-1,RANGE,0.0635
NQ,2016-03-07,10:00,-1,FADE,-0.3004
NQ,2016-03-08,10:00,1,FADE,-0.4136
NQ,2016-03-09,10:00,-1,RANGE,0.2463
NQ,2016-03-10,10:00,1,FADE,0.2869
NQ,2016-03-11,10:00,1,CONT,0.538
NQ,2016-03-14,10:00,1,CONT,-0.2499
NQ,2016-03-15,10:00,-1,RANGE,-0.2225
NQ,2016-03-16,10:00,1,CONT,-0.1469
NQ,2016-03-17,10:00,-1,RANGE,-0.2218
NQ,2016-03-18,10:00,-1,RANGE,0.1755
NQ,2016-03-21,10:00,1,RANGE,-0.1459
NQ,2016-03-22,10:00,1,FADE,-0.4183
NQ,2016-03-23,10:00,-1,CONT,-0.1279
NQ,2016-03-24,10:00,1,FADE,-0.4096
NQ,2016-03-28,10:00,-1,RANGE,0.2357
NQ,2016-03-29,10:00,1,CONT,-0.1491
NQ,2016-03-30,10:00,1,RANGE,0.5123
NQ,2016-03-31,10:00,0,,-0.0561
NQ,2016-04-01,10:00,1,CONT,-0.5139
NQ,2016-04-04,10:00,-1,RANGE,-0.0246
NQ,2016-04-05,10:00,-1,RANGE,-0.6759
NQ,2016-04-06,10:00,1,CONT,0.087
NQ,2016-04-07,10:00,-1,CONT,-0.5153
NQ,2016-04-08,10:00,1,FADE,0.5864
NQ,2016-04-11,10:00,1,REV,0.3992
NQ,2016-04-12,10:00,-1,RANGE,0.0452
NQ,2016-04-13,10:00,1,RANGE,0.6553
NQ,2016-04-14,10:00,-1,RANGE,-0.0047
NQ,2016-04-15,10:00,-1,RANGE,-0.068
NQ,2016-04-18,10:00,1,RANGE,-0.2445
NQ,2016-04-19,10:00,-1,RANGE,0.1748
NQ,2016-04-20,10:00,1,RANGE,-0.0236
NQ,2016-04-21,10:00,-1,RANGE,-0.0333
NQ,2016-04-22,10:00,1,RANGE,-1.1138
NQ,2016-04-25,10:00,1,FADE,-0.2649
NQ,2016-04-26,10:00,1,RANGE,0.1849
NQ,2016-04-27,10:00,-1,RANGE,-0.8773
NQ,2016-04-28,10:00,1,REV,0.0822
NQ,2016-04-29,10:00,-1,RANGE,-0.0645
NQ,2016-05-02,10:00,-1,RANGE,0.1833
NQ,2016-05-03,10:00,-1,RANGE,-0.5431
NQ,2016-05-04,10:00,1,RANGE,-0.4173
NQ,2016-05-05,10:00,-1,FADE,0.2854
NQ,2016-05-06,10:00,1,FADE,-0.4086
NQ,2016-05-09,10:00,1,RANGE,0.0185
NQ,2016-05-10,10:00,1,CONT,0.3084
NQ,2016-05-11,10:00,1,REV,-0.1386
NQ,2016-05-12,10:00,-1,RANGE,0.2429
NQ,2016-05-13,10:00,1,RANGE,-0.0328
NQ,2016-05-16,10:00,1,CONT,0.1198
NQ,2016-05-17,10:00,-1,CONT,-0.0449
NQ,2016-05-18,10:00,1,RANGE,-0.1108
NQ,2016-05-19,10:00,-1,RANGE,-0.3012
NQ,2016-05-20,10:00,1,RANGE,0.2924
NQ,2016-05-23,10:00,1,RANGE,0.0667
NQ,2016-05-24,10:00,1,RANGE,0.4592
NQ,2016-05-25,10:00,1,RANGE,0.2849
NQ,2016-05-26,10:00,-1,RANGE,0.0697
NQ,2016-05-27,10:00,1,RANGE,0.0741
NQ,2016-05-31,10:00,1,RANGE,-0.0853
NQ,2016-06-01,10:00,-1,FADE,-0.2978
NQ,2016-06-02,10:00,-1,RANGE,-0.1817
NQ,2016-06-03,10:00,-1,RANGE,-0.1647
NQ,2016-06-06,10:00,1,RANGE,0.1542
NQ,2016-06-07,10:00,1,REV,0.062
NQ,2016-06-08,10:00,1,RANGE,0.1515
NQ,2016-06-09,10:00,1,FADE,-0.3823
NQ,2016-06-10,10:00,-1,RANGE,-1.1237
NQ,2016-06-13,10:00,1,FADE,-0.5445
NQ,2016-06-14,10:00,1,RANGE,-0.2375
NQ,2016-06-15,10:00,-1,CONT,0.2934
NQ,2016-06-16,10:00,-1,FADE,-0.5392
NQ,2016-06-17,10:00,-1,RANGE,-0.2109
NQ,2016-06-20,10:00,1,RANGE,1.2383
NQ,2016-06-21,10:00,1,RANGE,0.1554
NQ,2016-06-22,10:00,-1,RANGE,0.1252
NQ,2016-06-23,10:00,-1,RANGE,0.8799
NQ,2016-06-24,10:00,1,RANGE,-3.9556
NQ,2016-06-27,10:00,-1,RANGE,-0.6375
NQ,2016-06-28,10:00,1,RANGE,0.7738
NQ,2016-06-29,10:00,1,CONT,0.569
NQ,2016-06-30,10:00,-1,REV,0.1683
NQ,2016-07-01,10:00,1,RANGE,-0.0769
NQ,2016-07-05,10:00,-1,RANGE,-0.5193
NQ,2016-07-06,10:00,1,CONT,-0.3346
NQ,2016-07-07,10:00,1,RANGE,0.0461
NQ,2016-07-08,10:00,1,RANGE,0.3444
NQ,2016-07-11,10:00,1,RANGE,0.2339
NQ,2016-07-12,10:00,1,RANGE,0.41
NQ,2016-07-13,10:00,-1,RANGE,0.1782
NQ,2016-07-14,10:00,-1,RANGE,0.4779
NQ,2016-07-15,10:00,-1,RANGE,0.1683
NQ,2016-07-18,10:00,1,RANGE,0.0494
NQ,2016-07-19,10:00,-1,FADE,-0.262
NQ,2016-07-20,10:00,1,CONT,0.4272
NQ,2016-07-21,10:00,-1,RANGE,0.0541
NQ,2016-07-22,10:00,-1,RANGE,0.0682
NQ,2016-07-25,10:00,-1,RANGE,-0.0986
NQ,2016-07-26,10:00,1,RANGE,-0.0379
NQ,2016-07-27,10:00,-1,RANGE,0.8927
NQ,2016-07-28,10:00,1,RANGE,0.1863
NQ,2016-07-29,10:00,-1,FADE,0.2751
NQ,2016-08-01,10:00,1,RANGE,0.0701
NQ,2016-08-02,10:00,-1,RANGE,-0.1542
NQ,2016-08-03,10:00,1,RANGE,-0.0859
NQ,2016-08-04,10:00,-1,RANGE,-0.0262
NQ,2016-08-05,10:00,1,RANGE,0.6614
NQ,2016-08-08,10:00,-1,RANGE,0.0602
NQ,2016-08-09,10:00,1,RANGE,0.0755
NQ,2016-08-10,10:00,-1,RANGE,0.0417
NQ,2016-08-11,10:00,1,RANGE,0.4349
NQ,2016-08-12,10:00,1,RANGE,-0.2378
NQ,2016-08-15,10:00,1,RANGE,0.164
NQ,2016-08-16,10:00,-1,RANGE,-0.2741
NQ,2016-08-17,10:00,-1,RANGE,0.0359
NQ,2016-08-18,10:00,1,RANGE,-0.0896
NQ,2016-08-19,10:00,-1,RANGE,-0.2366
NQ,2016-08-22,10:00,1,RANGE,-0.2151
NQ,2016-08-23,10:00,1,RANGE,0.5736
NQ,2016-08-24,10:00,1,RANGE,-0.077
NQ,2016-08-25,10:00,1,FADE,-0.3584
NQ,2016-08-26,10:00,1,RANGE,0.0997
NQ,2016-08-29,10:00,1,RANGE,0.0803
NQ,2016-08-30,10:00,1,RANGE,-0.2402
NQ,2016-08-31,10:00,1,RANGE,-0.2428
NQ,2016-09-01,10:00,1,RANGE,0.0624
NQ,2016-09-02,10:00,1,FADE,0.7459
NQ,2016-09-06,10:00,1,RANGE,0.4336
NQ,2016-09-07,10:00,-1,RANGE,0.1421
NQ,2016-09-08,10:00,-1,RANGE,-0.4437
NQ,2016-09-09,10:00,1,REV,-1.4024
NQ,2016-09-12,10:00,1,CONT,-0.6533
NQ,2016-09-13,10:00,-1,RANGE,-0.5561
NQ,2016-09-14,10:00,1,RANGE,0.1488
NQ,2016-09-15,10:00,1,CONT,0.0395
NQ,2016-09-16,10:00,-1,RANGE,-0.1424
NQ,2016-09-19,10:00,1,FADE,0.2537
NQ,2016-09-20,10:00,1,FADE,0.3487
NQ,2016-09-21,10:00,1,FADE,0.405
NQ,2016-09-22,10:00,-1,RANGE,0.5929
NQ,2016-09-23,10:00,-1,CONT,-0.1343
NQ,2016-09-26,10:00,-1,RANGE,-0.5643
NQ,2016-09-27,10:00,1,RANGE,-0.0198
NQ,2016-09-28,10:00,-1,RANGE,0.0874
NQ,2016-09-29,10:00,1,RANGE,-0.1551
NQ,2016-09-30,10:00,1,RANGE,0.2428
NQ,2016-10-03,10:00,-1,RANGE,-0.1362
NQ,2016-10-04,10:00,1,RANGE,0.2185
NQ,2016-10-05,10:00,1,RANGE,0.2384
NQ,2016-10-06,10:00,-1,RANGE,-0.1231
NQ,2016-10-07,10:00,-1,RANGE,0.0917
NQ,2016-10-10,10:00,1,RANGE,0.4947
NQ,2016-10-11,10:00,-1,CONT,-0.0962
NQ,2016-10-12,10:00,-1,RANGE,0.0883
NQ,2016-10-13,10:00,-1,FADE,-0.688
NQ,2016-10-14,10:00,1,FADE,0.4712
NQ,2016-10-17,10:00,-1,RANGE,-0.0213
NQ,2016-10-18,10:00,-1,RANGE,1.2531
NQ,2016-10-19,10:00,-1,RANGE,-0.0742
NQ,2016-10-20,10:00,-1,RANGE,-0.1505
NQ,2016-10-21,10:00,1,RANGE,0.0729
NQ,2016-10-24,10:00,1,RANGE,0.7161
NQ,2016-10-25,10:00,-1,CONT,0.0388
NQ,2016-10-26,10:00,-1,FADE,-0.712
NQ,2016-10-27,10:00,-1,FADE,0.4777
NQ,2016-10-28,10:00,1,FADE,-0.3609
NQ,2016-10-31,10:00,-1,FADE,0.4205
NQ,2016-11-01,10:00,-1,RANGE,0.1911
NQ,2016-11-02,10:00,1,REV,-0.054
NQ,2016-11-03,10:00,-1,CONT,-0.1105
NQ,2016-11-04,10:00,-1,FADE,-0.2873
NQ,2016-11-07,10:00,1,CONT,1.5321
NQ,2016-11-08,10:00,-1,RANGE,-0.1338
NQ,2016-11-09,10:00,1,FADE,-1.1523
NQ,2016-11-10,10:00,-1,FADE,0.3781
NQ,2016-11-11,10:00,-1,FADE,-0.3471
NQ,2016-11-14,10:00,-1,RANGE,0.0166
NQ,2016-11-15,10:00,1,RANGE,0.5422
NQ,2016-11-16,10:00,1,FADE,-0.3385
NQ,2016-11-17,10:00,1,CONT,-0.0344
NQ,2016-11-18,10:00,-1,RANGE,0.0455
NQ,2016-11-21,10:00,1,RANGE,0.1739
NQ,2016-11-22,10:00,-1,FADE,0.2625
NQ,2016-11-23,10:00,-1,RANGE,-0.2511
NQ,2016-11-28,10:00,1,RANGE,-0.1382
NQ,2016-11-29,10:00,-1,RANGE,0.0527
NQ,2016-11-30,10:00,-1,RANGE,0.0669
NQ,2016-12-01,10:00,-1,CONT,-0.0041
NQ,2016-12-02,10:00,1,RANGE,0.0403
NQ,2016-12-05,10:00,1,FADE,0.4211
NQ,2016-12-06,10:00,1,RANGE,0.1872
NQ,2016-12-07,10:00,-1,REV,-0.172
NQ,2016-12-08,10:00,1,RANGE,0.0132
NQ,2016-12-09,10:00,1,RANGE,0.3485
NQ,2016-12-12,10:00,1,RANGE,-0.4545
NQ,2016-12-13,10:00,1,RANGE,0.3285
NQ,2016-12-14,10:00,1,RANGE,0.0893
NQ,2016-12-15,10:00,1,RANGE,0.1218
NQ,2016-12-16,10:00,1,RANGE,0.1758
NQ,2016-12-19,10:00,1,RANGE,0.1265
NQ,2016-12-20,10:00,1,RANGE,0.2954
NQ,2016-12-21,10:00,-1,RANGE,0.0105
NQ,2016-12-22,10:00,-1,RANGE,0.0162
NQ,2016-12-23,10:00,1,RANGE,-0.1424
NQ,2016-12-27,10:00,1,RANGE,0.2003
NQ,2016-12-28,10:00,-1,RANGE,0.1897
NQ,2016-12-29,10:00,-1,RANGE,-0.0458
NQ,2016-12-30,10:00,-1,RANGE,0.2006
NQ,2017-01-03,10:00,1,RANGE,0.6869
NQ,2017-01-04,10:00,1,RANGE,0.0943
NQ,2017-01-05,10:00,1,RANGE,-0.0429
NQ,2017-01-06,10:00,1,RANGE,0.1119
NQ,2017-01-09,10:00,1,RANGE,0.0932
NQ,2017-01-10,10:00,-1,RANGE,0.0165
NQ,2017-01-11,10:00,1,RANGE,0.0221
NQ,2017-01-12,10:00,-1,FADE,-0.3937
NQ,2017-01-13,10:00,1,RANGE,0.075
NQ,2017-01-17,10:00,-1,RANGE,-0.2474
NQ,2017-01-18,10:00,1,RANGE,0.1718
NQ,2017-01-19,10:00,1,RANGE,0.1395
NQ,2017-01-20,10:00,1,FADE,0.5896
NQ,2017-01-23,10:00,1,RANGE,-0.0768
NQ,2017-01-24,10:00,-1,FADE,0.2675
NQ,2017-01-25,10:00,1,CONT,0.7604
NQ,2017-01-26,10:00,1,RANGE,0.186
NQ,2017-01-27,10:00,-1,FADE,0.2739
NQ,2017-01-30,10:00,-1,RANGE,-0.4497
NQ,2017-01-31,10:00,-1,RANGE,-0.4751
NQ,2017-02-01,10:00,-1,RANGE,0.916
NQ,2017-02-02,10:00,1,RANGE,-0.2311
NQ,2017-02-03,10:00,1,RANGE,0.1701
NQ,2017-02-06,10:00,1,FADE,-0.3043
NQ,2017-02-07,10:00,1,RANGE,0.2921
NQ,2017-02-08,10:00,-1,RANGE,-0.2137
NQ,2017-02-09,10:00,1,RANGE,0.1707
NQ,2017-02-10,10:00,-1,FADE,0.2778
NQ,2017-02-13,10:00,1,RANGE,0.4952
NQ,2017-02-14,10:00,-1,RANGE,0.0591
NQ,2017-02-15,10:00,1,CONT,-0.1168
NQ,2017-02-16,10:00,-1,RANGE,0.0923
NQ,2017-02-17,10:00,1,RANGE,-0.18
NQ,2017-02-21,10:00,1,RANGE,-0.2022
NQ,2017-02-22,10:00,-1,RANGE,-0.1622
NQ,2017-02-23,10:00,-1,RANGE,0.2279
NQ,2017-02-24,10:00,1,CONT,-0.691
NQ,2017-02-27,10:00,1,CONT,-0.3035
NQ,2017-02-28,10:00,-1,RANGE,-0.0324
NQ,2017-03-01,10:00,-1,RANGE,1.0824
NQ,2017-03-02,10:00,-1,CONT,-0.0158
NQ,2017-03-03,10:00,1,RANGE,-0.1737
NQ,2017-03-06,10:00,-1,FADE,-0.5995
NQ,2017-03-07,10:00,1,FADE,-0.3586
NQ,2017-03-08,10:00,1,RANGE,0.0608
NQ,2017-03-09,10:00,1,RANGE,-0.0306
NQ,2017-03-10,10:00,1,FADE,0.8314
NQ,2017-03-13,10:00,1,RANGE,-0.0595
NQ,2017-03-14,10:00,-1,RANGE,-0.3536
NQ,2017-03-15,10:00,-1,FADE,0.3834
NQ,2017-03-16,10:00,-1,FADE,0.2787
NQ,2017-03-17,10:00,-1,RANGE,0.0907
NQ,2017-03-20,10:00,1,RANGE,0.0154
NQ,2017-03-21,10:00,1,REV,0.619
NQ,2017-03-22,10:00,1,CONT,0.074
NQ,2017-03-23,10:00,-1,RANGE,-0.2008
NQ,2017-03-24,10:00,1,FADE,0.4247
NQ,2017-03-27,10:00,1,CONT,-0.9614
NQ,2017-03-28,10:00,-1,RANGE,-0.031
NQ,2017-03-29,10:00,1,RANGE,0.0838
NQ,2017-03-30,10:00,1,RANGE,-0.0188
NQ,2017-03-31,10:00,1,RANGE,-0.2105
NQ,2017-04-03,10:00,1,RANGE,0.1346
NQ,2017-04-04,10:00,1,FADE,-0.401
NQ,2017-04-05,10:00,1,RANGE,0.1703
NQ,2017-04-06,10:00,1,RANGE,0.1436
NQ,2017-04-07,10:00,-1,RANGE,-0.0604
NQ,2017-04-10,10:00,1,RANGE,0.1326
NQ,2017-04-11,10:00,-1,RANGE,-0.1817
NQ,2017-04-12,10:00,-1,CONT,-0.0621
NQ,2017-04-13,10:00,1,RANGE,-0.1792
NQ,2017-04-17,10:00,1,RANGE,0.3561
NQ,2017-04-18,10:00,1,FADE,-0.4269
NQ,2017-04-19,10:00,1,FADE,0.4802
NQ,2017-04-20,10:00,-1,RANGE,0.526
NQ,2017-04-21,10:00,-1,RANGE,0.1345
NQ,2017-04-24,10:00,1,RANGE,1.4463
NQ,2017-04-25,10:00,1,CONT,0.4127
NQ,2017-04-26,10:00,-1,RANGE,0.0351
NQ,2017-04-27,10:00,1,RANGE,0.3355
NQ,2017-04-28,10:00,-1,FADE,0.5345
NQ,2017-05-01,10:00,1,CONT,0.4778
NQ,2017-05-02,10:00,-1,RANGE,0.2155
NQ,2017-05-03,10:00,-1,RANGE,-0.2785
NQ,2017-05-04,10:00,-1,RANGE,0.006
NQ,2017-05-05,10:00,-1,FADE,0.3619
NQ,2017-05-08,10:00,-1,RANGE,0.0636
NQ,2017-05-09,10:00,1,RANGE,0.1946
NQ,2017-05-10,10:00,-1,RANGE,0.0849
NQ,2017-05-11,10:00,-1,FADE,-0.4093
NQ,2017-05-12,10:00,0,,0.0547
NQ,2017-05-15,10:00,1,RANGE,0.0357
NQ,2017-05-16,10:00,1,FADE,0.3756
NQ,2017-05-17,10:00,-1,CONT,-1.3161
NQ,2017-05-18,10:00,1,RANGE,-0.032
NQ,2017-05-19,10:00,1,RANGE,0.4685
NQ,2017-05-22,10:00,1,RANGE,0.2968
NQ,2017-05-23,10:00,-1,FADE,0.4107
NQ,2017-05-24,10:00,-1,FADE,0.4429
NQ,2017-05-25,10:00,-1,RANGE,0.5764
NQ,2017-05-26,10:00,1,RANGE,0.0431
NQ,2017-05-30,10:00,1,RANGE,-0.2429
NQ,2017-05-31,10:00,-1,FADE,0.4729
NQ,2017-06-01,10:00,-1,FADE,0.3335
NQ,2017-06-02,10:00,-1,REV,0.4816
NQ,2017-06-05,10:00,1,RANGE,-0.0181
NQ,2017-06-06,10:00,1,RANGE,-0.1333
NQ,2017-06-07,10:00,1,FADE,0.3522
NQ,2017-06-08,10:00,-1,FADE,0.3216
NQ,2017-06-09,10:00,-1,CONT,0.3682
NQ,2017-06-12,10:00,-1,RANGE,-0.8492
NQ,2017-06-13,10:00,1,FADE,0.5414
NQ,2017-06-14,10:00,-1,FADE,0.3725
NQ,2017-06-15,10:00,-1,RANGE,-1.0163
NQ,2017-06-16,10:00,-1,RANGE,-0.0305
NQ,2017-06-19,10:00,1,RANGE,0.8752
NQ,2017-06-20,10:00,-1,CONT,-0.1004
NQ,2017-06-21,10:00,-1,REV,0.2093
NQ,2017-06-22,10:00,-1,RANGE,0.12
NQ,2017-06-23,10:00,-1,RANGE,-0.0941
NQ,2017-06-26,10:00,1,REV,0.5101
NQ,2017-06-27,10:00,-1,CONT,-0.3202
NQ,2017-06-28,10:00,-1,REV,0.2828
NQ,2017-06-29,10:00,-1,RANGE,-0.3317
NQ,2017-06-30,10:00,-1,RANGE,0.2183
NQ,2017-07-05,10:00,1,RANGE,0.3824
NQ,2017-07-06,10:00,-1,RANGE,-0.5208
NQ,2017-07-07,10:00,1,CONT,0.207
NQ,2017-07-10,10:00,-1,RANGE,0.0635
NQ,2017-07-11,10:00,1,RANGE,-0.1204
NQ,2017-07-12,10:00,-1,RANGE,0.6347
NQ,2017-07-13,10:00,1,RANGE,0.0561
NQ,2017-07-14,10:00,-1,RANGE,0.3301
NQ,2017-07-17,10:00,1,RANGE,0.0754
NQ,2017-07-18,10:00,1,CONT,-0.0789
NQ,2017-07-19,10:00,1,RANGE,0.2415
NQ,2017-07-20,10:00,-1,RANGE,0.2084
NQ,2017-07-21,10:00,1,FADE,-0.3265
NQ,2017-07-24,10:00,1,CONT,-0.0255
NQ,2017-07-25,10:00,1,FADE,-0.2558
NQ,2017-07-26,10:00,1,RANGE,0.2194
NQ,2017-07-27,10:00,-1,FADE,0.6973
NQ,2017-07-28,10:00,1,FADE,-0.6187
NQ,2017-07-31,10:00,-1,FADE,0.2512
NQ,2017-08-01,10:00,-1,FADE,0.3638
NQ,2017-08-02,10:00,-1,FADE,0.6862
NQ,2017-08-03,10:00,-1,RANGE,0.1373
NQ,2017-08-04,10:00,-1,RANGE,0.174
NQ,2017-08-07,10:00,1,CONT,0.1999
NQ,2017-08-08,10:00,1,RANGE,-0.1896
NQ,2017-08-09,10:00,1,FADE,-0.9566
NQ,2017-08-10,10:00,-1,CONT,-0.6688
NQ,2017-08-11,10:00,1,RANGE,0.1494
NQ,2017-08-14,10:00,1,RANGE,0.8174
NQ,2017-08-15,10:00,-1,RANGE,0.1932
NQ,2017-08-16,10:00,-1,RANGE,0.2478
NQ,2017-08-17,10:00,-1,CONT,-0.3793
NQ,2017-08-18,10:00,-1,RANGE,0.0576
NQ,2017-08-21,10:00,-1,RANGE,0.0201
NQ,2017-08-22,10:00,1,RANGE,0.4715
NQ,2017-08-23,10:00,1,RANGE,-0.4455
NQ,2017-08-24,10:00,-1,RANGE,0.2057
NQ,2017-08-25,10:00,1,FADE,0.3302
NQ,2017-08-28,10:00,-1,FADE,0.2887
NQ,2017-08-29,10:00,1,CONT,-0.7976
NQ,2017-08-30,10:00,1,CONT,0.0809
NQ,2017-08-31,10:00,1,RANGE,0.2275
NQ,2017-09-01,10:00,-1,RANGE,0.1746
NQ,2017-09-05,10:00,1,RANGE,-0.1454
NQ,2017-09-06,10:00,-1,RANGE,0.247
NQ,2017-09-07,10:00,-1,RANGE,0.173
NQ,2017-09-08,10:00,-1,CONT,0.0122
NQ,2017-09-11,10:00,1,RANGE,0.7513
NQ,2017-09-12,10:00,-1,FADE,0.2953
NQ,2017-09-13,10:00,1,RANGE,-0.1709
NQ,2017-09-14,10:00,1,RANGE,-0.3928
NQ,2017-09-15,10:00,-1,RANGE,-0.0089
NQ,2017-09-18,10:00,1,RANGE,0.1159
NQ,2017-09-19,10:00,-1,RANGE,0.179
NQ,2017-09-20,10:00,-1,RANGE,-0.038
NQ,2017-09-21,10:00,-1,RANGE,-0.0918
NQ,2017-09-22,10:00,1,FADE,-0.3481
NQ,2017-09-25,10:00,-1,RANGE,-0.4726
NQ,2017-09-26,10:00,-1,FADE,0.5277
NQ,2017-09-27,10:00,1,RANGE,0.5677
NQ,2017-09-28,10:00,1,FADE,-0.2918
NQ,2017-09-29,10:00,-1,REV,0.2279
NQ,2017-10-02,10:00,1,RANGE,0.1775
NQ,2017-10-03,10:00,1,RANGE,0.117
NQ,2017-10-04,10:00,1,FADE,-0.2501
NQ,2017-10-05,10:00,-1,REV,0.429
NQ,2017-10-06,10:00,1,FADE,-0.4037
NQ,2017-10-09,10:00,-1,RANGE,0.2044
NQ,2017-10-10,10:00,-1,FADE,0.4468
NQ,2017-10-11,10:00,-1,RANGE,-0.0637
NQ,2017-10-12,10:00,1,RANGE,-0.1855
NQ,2017-10-13,10:00,-1,RANGE,0.5255
NQ,2017-10-16,10:00,1,FADE,0.3247
NQ,2017-10-17,10:00,-1,RANGE,-0.0455
NQ,2017-10-18,10:00,-1,RANGE,0.1436
NQ,2017-10-19,10:00,-1,RANGE,-0.8379
NQ,2017-10-20,10:00,-1,RANGE,0.602
NQ,2017-10-23,10:00,-1,CONT,0.3241
NQ,2017-10-24,10:00,-1,RANGE,0.2497
NQ,2017-10-25,10:00,-1,FADE,-0.3165
NQ,2017-10-26,10:00,-1,RANGE,-0.0632
NQ,2017-10-27,10:00,1,CONT,2.425
NQ,2017-10-30,10:00,1,RANGE,-0.1294
NQ,2017-10-31,10:00,-1,FADE,0.4052
NQ,2017-11-01,10:00,-1,FADE,0.5363
NQ,2017-11-02,10:00,-1,RANGE,-0.1526
NQ,2017-11-03,10:00,-1,FADE,0.5037
NQ,2017-11-06,10:00,1,RANGE,-0.0871
NQ,2017-11-07,10:00,1,RANGE,-0.0921
NQ,2017-11-08,10:00,-1,REV,-0.0418
NQ,2017-11-09,10:00,-1,RANGE,-1.0823
NQ,2017-11-10,10:00,1,FADE,-0.261
NQ,2017-11-13,10:00,1,FADE,-0.435
NQ,2017-11-14,10:00,-1,RANGE,-0.4324
NQ,2017-11-15,10:00,-1,RANGE,-0.4883
NQ,2017-11-16,10:00,1,CONT,0.5684
NQ,2017-11-17,10:00,-1,CONT,0.0173
NQ,2017-11-20,10:00,1,RANGE,0.0904
NQ,2017-11-21,10:00,1,RANGE,0.5027
NQ,2017-11-22,10:00,-1,RANGE,0.0948
NQ,2017-11-27,10:00,1,RANGE,-0.1081
NQ,2017-11-28,10:00,-1,FADE,0.3147
NQ,2017-11-29,10:00,-1,RANGE,-0.1695
NQ,2017-11-30,10:00,-1,RANGE,0.4584
NQ,2017-12-01,10:00,1,FADE,-0.8105
NQ,2017-12-04,10:00,-1,FADE,0.7171
NQ,2017-12-05,10:00,1,RANGE,-0.0555
NQ,2017-12-06,10:00,1,FADE,-0.3384
NQ,2017-12-07,10:00,1,RANGE,-0.0118
NQ,2017-12-08,10:00,1,RANGE,1.0412
NQ,2017-12-11,10:00,1,CONT,0.0433
NQ,2017-12-12,10:00,1,RANGE,-0.0663
NQ,2017-12-13,10:00,1,FADE,0.3926
NQ,2017-12-14,10:00,1,RANGE,0.187
NQ,2017-12-15,10:00,-1,REV,0.4043
NQ,2017-12-18,10:00,1,RANGE,0.6846
NQ,2017-12-19,10:00,-1,RANGE,-0.1792
NQ,2017-12-20,10:00,-1,FADE,0.3509
NQ,2017-12-21,10:00,-1,RANGE,0.1174
NQ,2017-12-22,10:00,1,RANGE,-0.1723
NQ,2017-12-26,10:00,-1,RANGE,-0.4957
NQ,2017-12-27,10:00,1,RANGE,-0.0113
NQ,2017-12-28,10:00,-1,FADE,0.2761
NQ,2017-12-29,10:00,-1,CONT,0.1411
NQ,2018-01-02,10:00,1,RANGE,0.528
NQ,2018-01-03,10:00,1,RANGE,0.0971
NQ,2018-01-04,10:00,-1,FADE,0.4256
NQ,2018-01-05,10:00,-1,REV,0.5667
NQ,2018-01-08,10:00,1,RANGE,0.0094
NQ,2018-01-09,10:00,-1,FADE,0.2725
NQ,2018-01-10,10:00,-1,RANGE,-0.6412
NQ,2018-01-11,10:00,1,CONT,0.2168
NQ,2018-01-12,10:00,1,CONT,-0.1461
NQ,2018-01-16,10:00,1,FADE,0.5609
NQ,2018-01-17,10:00,-1,FADE,0.6259
NQ,2018-01-18,10:00,1,RANGE,-0.1902
NQ,2018-01-19,10:00,-1,FADE,0.3941
NQ,2018-01-22,10:00,1,RANGE,-0.0834
NQ,2018-01-23,10:00,1,RANGE,0.3825
NQ,2018-01-24,10:00,-1,RANGE,0.2367
NQ,2018-01-25,10:00,-1,FADE,0.7254
NQ,2018-01-26,10:00,1,CONT,0.61
NQ,2018-01-29,10:00,1,RANGE,-0.1939
NQ,2018-01-30,10:00,-1,RANGE,-0.8829
NQ,2018-01-31,10:00,1,FADE,0.5524
NQ,2018-02-01,10:00,1,FADE,-0.7516
NQ,2018-02-02,10:00,-1,RANGE,-0.3823
NQ,2018-02-05,10:00,1,REV,-0.7941
NQ,2018-02-06,10:00,1,FADE,-1.0417
NQ,2018-02-07,10:00,1,RANGE,-0.2075
NQ,2018-02-08,10:00,-1,CONT,0.1805
NQ,2018-02-09,10:00,1,FADE,0.7621
NQ,2018-02-12,10:00,1,FADE,0.5125
NQ,2018-02-13,10:00,1,FADE,-0.2856
NQ,2018-02-14,10:00,1,FADE,-0.2655
NQ,2018-02-15,10:00,1,FADE,0.4164
NQ,2018-02-16,10:00,1,RANGE,-0.128
NQ,2018-02-20,10:00,1,RANGE,-0.2241
NQ,2018-02-21,10:00,1,RANGE,0.2265
NQ,2018-02-22,10:00,-1,RANGE,0.2174
NQ,2018-02-23,10:00,-1,REV,0.344
NQ,2018-02-26,10:00,1,RANGE,0.2195
NQ,2018-02-27,10:00,-1,CONT,0.0268
NQ,2018-02-28,10:00,1,REV,0.2687
NQ,2018-03-01,10:00,-1,RANGE,0.0263
NQ,2018-03-02,10:00,1,CONT,-0.5108
NQ,2018-03-05,10:00,-1,REV,-0.1901
NQ,2018-03-06,10:00,1,RANGE,0.2207
NQ,2018-03-07,10:00,1,CONT,-0.3707
NQ,2018-03-08,10:00,-1,RANGE,0.1907
NQ,2018-03-09,10:00,1,CONT,0.6384
NQ,2018-03-12,10:00,1,RANGE,0.1947
NQ,2018-03-13,10:00,1,REV,0.3399
NQ,2018-03-14,10:00,-1,FADE,0.295
NQ,2018-03-15,10:00,-1,RANGE,0.043
NQ,2018-03-16,10:00,1,RANGE,0.1144
NQ,2018-03-19,10:00,-1,RANGE,-0.6309
NQ,2018-03-20,10:00,1,RANGE,-0.0132
NQ,2018-03-21,10:00,1,RANGE,-0.1654
NQ,2018-03-22,10:00,1,REV,-0.8189
NQ,2018-03-23,10:00,-1,CONT,-0.0497
NQ,2018-03-26,10:00,1,FADE,1.1339
NQ,2018-03-27,10:00,-1,CONT,0.3748
NQ,2018-03-28,10:00,1,RANGE,-0.2289
NQ,2018-03-29,10:00,-1,RANGE,0.2449
NQ,2018-04-02,10:00,-1,RANGE,-0.3583
NQ,2018-04-03,10:00,-1,FADE,0.3942
NQ,2018-04-04,10:00,1,CONT,-0.8625
NQ,2018-04-05,10:00,-1,FADE,0.4359
NQ,2018-04-06,10:00,1,FADE,-0.4489
NQ,2018-04-09,10:00,1,RANGE,0.3196
NQ,2018-04-10,10:00,-1,RANGE,0.6256
NQ,2018-04-11,10:00,1,RANGE,-0.217
NQ,2018-04-12,10:00,1,RANGE,0.2334
NQ,2018-04-13,10:00,-1,RANGE,0.2105
NQ,2018-04-16,10:00,-1,FADE,0.2783
NQ,2018-04-17,10:00,1,CONT,0.4043
NQ,2018-04-18,10:00,-1,RANGE,0.0302
NQ,2018-04-19,10:00,1,RANGE,-0.1928
NQ,2018-04-20,10:00,-1,CONT,-0.1228
NQ,2018-04-23,10:00,-1,RANGE,0.175
NQ,2018-04-24,10:00,-1,CONT,0.1926
NQ,2018-04-25,10:00,-1,RANGE,0.0765
NQ,2018-04-26,10:00,1,RANGE,0.5643
NQ,2018-04-27,10:00,-1,FADE,0.6749
NQ,2018-04-30,10:00,1,RANGE,0.1
NQ,2018-05-01,10:00,1,CONT,-0.1163
NQ,2018-05-02,10:00,-1,CONT,0.1178
NQ,2018-05-03,10:00,1,FADE,-0.258
NQ,2018-05-04,10:00,1,CONT,-0.2258
NQ,2018-05-07,10:00,1,RANGE,0.2433
NQ,2018-05-08,10:00,-1,RANGE,-0.1111
NQ,2018-05-09,10:00,-1,REV,0.1418
NQ,2018-05-10,10:00,1,CONT,0.1857
NQ,2018-05-11,10:00,1,RANGE,-0.1121
NQ,2018-05-14,10:00,1,RANGE,0.1505
NQ,2018-05-15,10:00,-1,RANGE,-0.5021
NQ,2018-05-16,10:00,1,CONT,0.098
NQ,2018-05-17,10:00,1,RANGE,-0.2308
NQ,2018-05-18,10:00,-1,RANGE,-0.2034
NQ,2018-05-21,10:00,1,FADE,0.5029
NQ,2018-05-22,10:00,-1,FADE,0.2947
NQ,2018-05-23,10:00,1,CONT,-0.5561
NQ,2018-05-24,10:00,-1,RANGE,-0.0236
NQ,2018-05-25,10:00,1,RANGE,0.0218
NQ,2018-05-29,10:00,1,RANGE,-0.7516
NQ,2018-05-30,10:00,-1,RANGE,0.3427
NQ,2018-05-31,10:00,1,RANGE,-0.0123
NQ,2018-06-01,10:00,1,RANGE,0.4224
NQ,2018-06-04,10:00,1,CONT,0.2336
NQ,2018-06-05,10:00,1,RANGE,0.2256
NQ,2018-06-06,10:00,-1,RANGE,0.1059
NQ,2018-06-07,10:00,-1,CONT,0.0312
NQ,2018-06-08,10:00,1,RANGE,-0.1844
NQ,2018-06-11,10:00,1,RANGE,-0.0574
NQ,2018-06-12,10:00,-1,REV,0.1906
NQ,2018-06-13,10:00,1,RANGE,0.1389
NQ,2018-06-14,10:00,1,RANGE,0.4822
NQ,2018-06-15,10:00,-1,RANGE,-0.382
NQ,2018-06-18,10:00,1,FADE,-0.6732
NQ,2018-06-19,10:00,1,FADE,-1.3467
NQ,2018-06-20,10:00,1,RANGE,0.4512
NQ,2018-06-21,10:00,-1,RANGE,0.232
NQ,2018-06-22,10:00,-1,FADE,0.3689
NQ,2018-06-25,10:00,-1,RANGE,-0.7599
NQ,2018-06-26,10:00,1,FADE,0.3228
NQ,2018-06-27,10:00,1,REV,0.3348
NQ,2018-06-28,10:00,1,CONT,-0.0688
NQ,2018-06-29,10:00,1,RANGE,0.3331
NQ,2018-07-02,10:00,1,CONT,-0.7174
NQ,2018-07-05,10:00,-1,FADE,0.3967
NQ,2018-07-06,10:00,1,CONT,0.1643
NQ,2018-07-09,10:00,-1,RANGE,0.415
NQ,2018-07-10,10:00,-1,RANGE,0.0866
NQ,2018-07-11,10:00,1,FADE,-0.5959
NQ,2018-07-12,10:00,1,CONT,0.3336
NQ,2018-07-13,10:00,-1,RANGE,0.013
NQ,2018-07-16,10:00,1,RANGE,0.0106
NQ,2018-07-17,10:00,1,CONT,-0.8272
NQ,2018-07-18,10:00,-1,RANGE,-0.0185
NQ,2018-07-19,10:00,-1,FADE,-0.278
NQ,2018-07-20,10:00,1,FADE,0.2533
NQ,2018-07-23,10:00,-1,RANGE,-0.2466
NQ,2018-07-24,10:00,1,FADE,0.9589
NQ,2018-07-25,10:00,1,CONT,0.0477
NQ,2018-07-26,10:00,-1,RANGE,-1.2766
NQ,2018-07-27,10:00,-1,CONT,0.54
NQ,2018-07-30,10:00,-1,RANGE,0.0113
NQ,2018-07-31,10:00,-1,FADE,0.2679
NQ,2018-08-01,10:00,1,FADE,0.3149
NQ,2018-08-02,10:00,1,CONT,-0.591
NQ,2018-08-03,10:00,-1,RANGE,0.1126
NQ,2018-08-06,10:00,1,RANGE,-0.0223
NQ,2018-08-07,10:00,1,RANGE,0.2133
NQ,2018-08-08,10:00,-1,RANGE,-0.0899
NQ,2018-08-09,10:00,1,RANGE,-0.0113
NQ,2018-08-10,10:00,-1,RANGE,-0.5959
NQ,2018-08-13,10:00,1,RANGE,0.1472
NQ,2018-08-14,10:00,-1,FADE,0.2983
NQ,2018-08-15,10:00,-1,RANGE,-0.6933
NQ,2018-08-16,10:00,-1,FADE,0.5863
NQ,2018-08-17,10:00,-1,RANGE,-0.2161
NQ,2018-08-20,10:00,-1,RANGE,0.1801
NQ,2018-08-21,10:00,1,RANGE,0.2433
NQ,2018-08-22,10:00,1,CONT,-0.1831
NQ,2018-08-23,10:00,1,RANGE,-0.1475
NQ,2018-08-24,10:00,1,CONT,0.2999
NQ,2018-08-27,10:00,1,RANGE,0.4933
NQ,2018-08-28,10:00,-1,FADE,0.2662
NQ,2018-08-29,10:00,1,CONT,0.1758
NQ,2018-08-30,10:00,-1,RANGE,-0.2204
NQ,2018-08-31,10:00,1,RANGE,-0.1216
NQ,2018-09-04,10:00,-1,RANGE,-0.6499
NQ,2018-09-05,10:00,-1,RANGE,-0.1876
NQ,2018-09-06,10:00,-1,RANGE,0.0172
NQ,2018-09-07,10:00,1,FADE,-0.6687
NQ,2018-09-10,10:00,-1,FADE,0.4399
NQ,2018-09-11,10:00,1,FADE,-0.4136
NQ,2018-09-12,10:00,-1,RANGE,-0.1313
NQ,2018-09-13,10:00,1,RANGE,0.5496
NQ,2018-09-14,10:00,-1,FADE,0.4873
NQ,2018-09-17,10:00,-1,RANGE,-0.1834
NQ,2018-09-18,10:00,1,RANGE,0.0774
NQ,2018-09-19,10:00,-1,RANGE,0.003
NQ,2018-09-20,10:00,1,RANGE,0.6168
NQ,2018-09-21,10:00,-1,FADE,0.2852
NQ,2018-09-24,10:00,1,FADE,-0.6359
NQ,2018-09-25,10:00,1,RANGE,-0.0377
NQ,2018-09-26,10:00,1,RANGE,0.0633
NQ,2018-09-27,10:00,1,RANGE,0.3811
NQ,2018-09-28,10:00,1,FADE,-0.2822
NQ,2018-10-01,10:00,1,FADE,0.4747
NQ,2018-10-02,10:00,1,RANGE,-0.0995
NQ,2018-10-03,10:00,-1,FADE,0.346
NQ,2018-10-04,10:00,-1,CONT,-0.398
NQ,2018-10-05,10:00,-1,RANGE,-0.0445
NQ,2018-10-08,10:00,1,FADE,-0.3621
NQ,2018-10-09,10:00,1,RANGE,0.0429
NQ,2018-10-10,10:00,-1,CONT,-0.4297
NQ,2018-10-11,10:00,1,FADE,-0.2817
NQ,2018-10-12,10:00,-1,RANGE,1.5179
NQ,2018-10-15,10:00,-1,RANGE,-0.2276
NQ,2018-10-16,10:00,1,CONT,0.6062
NQ,2018-10-17,10:00,-1,FADE,0.3043
NQ,2018-10-18,10:00,-1,CONT,-0.2264
NQ,2018-10-19,10:00,1,FADE,0.3134
NQ,2018-10-22,10:00,-1,FADE,0.2918
NQ,2018-10-23,10:00,-1,FADE,-0.9162
NQ,2018-10-24,10:00,-1,CONT,-0.075
NQ,2018-10-25,10:00,1,RANGE,0.6685
NQ,2018-10-26,10:00,1,FADE,-1.3873
NQ,2018-10-29,10:00,-1,FADE,0.5147
NQ,2018-10-30,10:00,1,RANGE,-0.1789
NQ,2018-10-31,10:00,1,RANGE,0.5387
NQ,2018-11-01,10:00,-1,RANGE,0.0788
NQ,2018-11-02,10:00,-1,RANGE,-0.1075
NQ,2018-11-05,10:00,-1,RANGE,0.0203
NQ,2018-11-06,10:00,1,RANGE,-0.0097
NQ,2018-11-07,10:00,1,CONT,0.3995
NQ,2018-11-08,10:00,1,RANGE,-0.1526
NQ,2018-11-09,10:00,-1,RANGE,-0.3585
NQ,2018-11-12,10:00,-1,CONT,-0.2706
NQ,2018-11-13,10:00,-1,RANGE,0.1343
NQ,2018-11-14,10:00,-1,CONT,0.3379
NQ,2018-11-15,10:00,-1,REV,-0.0712
NQ,2018-11-16,10:00,1,FADE,-0.3403
NQ,2018-11-19,10:00,-1,CONT,-0.1733
NQ,2018-11-20,10:00,1,FADE,-0.7505
NQ,2018-11-21,10:00,-1,RANGE,0.4185
NQ,2018-11-26,10:00,1,RANGE,0.5549
NQ,2018-11-27,10:00,1,RANGE,-0.2473
NQ,2018-11-28,10:00,-1,REV,0.3069
NQ,2018-11-29,10:00,1,RANGE,-0.1757
NQ,2018-11-30,10:00,-1,RANGE,0.0528
NQ,2018-12-03,10:00,-1,RANGE,1.0137
NQ,2018-12-04,10:00,-1,CONT,-0.2482
NQ,2018-12-06,10:00,1,CONT,-0.884
NQ,2018-12-07,10:00,1,REV,-0.2065
NQ,2018-12-10,10:00,-1,RANGE,-0.0616
NQ,2018-12-11,10:00,-1,FADE,0.6434
NQ,2018-12-12,10:00,1,RANGE,0.6245
NQ,2018-12-13,10:00,-1,RANGE,0.2475
NQ,2018-12-14,10:00,1,REV,-0.3354
NQ,2018-12-17,10:00,-1,RANGE,-0.149
NQ,2018-12-18,10:00,1,FADE,0.2749
NQ,2018-12-19,10:00,1,RANGE,-0.0477
NQ,2018-12-20,10:00,1,RANGE,-0.1214
NQ,2018-12-21,10:00,-1,CONT,0.1486
NQ,2018-12-26,10:00,1,CONT,0.4424
NQ,2018-12-27,10:00,-1,FADE,-0.4054
NQ,2018-12-28,10:00,-1,RANGE,0.1799
NQ,2018-12-31,10:00,-1,FADE,0.2841
NQ,2019-01-02,10:00,1,FADE,-0.6736
NQ,2019-01-03,10:00,-1,RANGE,-0.4605
NQ,2019-01-04,10:00,1,RANGE,0.4805
NQ,2019-01-07,10:00,1,RANGE,0.0271
NQ,2019-01-08,10:00,-1,FADE,0.3089
NQ,2019-01-09,10:00,1,RANGE,0.1011
NQ,2019-01-10,10:00,-1,REV,-0.2621
NQ,2019-01-11,10:00,-1,RANGE,-0.1909
NQ,2019-01-14,10:00,-1,RANGE,-0.3249
NQ,2019-01-15,10:00,1,RANGE,0.1375
NQ,2019-01-16,10:00,1,RANGE,0.0403
NQ,2019-01-17,10:00,1,CONT,-0.1404
NQ,2019-01-18,10:00,-1,FADE,0.2742
NQ,2019-01-22,10:00,-1,RANGE,-0.1056
NQ,2019-01-23,10:00,1,RANGE,0.1787
NQ,2019-01-24,10:00,1,RANGE,0.1188
NQ,2019-01-25,10:00,1,RANGE,0.4049
NQ,2019-01-28,10:00,-1,RANGE,-0.7509
NQ,2019-01-29,10:00,-1,CONT,0.0265
NQ,2019-01-30,10:00,-1,REV,0.6271
NQ,2019-01-31,10:00,1,RANGE,0.2777
NQ,2019-02-01,10:00,1,FADE,-0.2848
NQ,2019-02-04,10:00,1,RANGE,0.0165
NQ,2019-02-05,10:00,1,RANGE,0.0908
NQ,2019-02-06,10:00,-1,RANGE,0.0098
NQ,2019-02-07,10:00,-1,RANGE,-0.6072
NQ,2019-02-08,10:00,1,CONT,-0.5943
NQ,2019-02-11,10:00,-1,RANGE,0.2449
NQ,2019-02-12,10:00,1,RANGE,0.469
NQ,2019-02-13,10:00,1,FADE,0.2827
NQ,2019-02-14,10:00,1,FADE,-0.2638
NQ,2019-02-15,10:00,-1,FADE,0.5514
NQ,2019-02-19,10:00,1,FADE,-0.4675
NQ,2019-02-20,10:00,1,RANGE,0.06
NQ,2019-02-21,10:00,-1,FADE,-0.2536
NQ,2019-02-22,10:00,1,RANGE,0.1681
NQ,2019-02-25,10:00,-1,RANGE,0.6175
NQ,2019-02-26,10:00,1,RANGE,-0.2397
NQ,2019-02-27,10:00,-1,FADE,-0.4035
NQ,2019-02-28,10:00,1,FADE,-0.3053
NQ,2019-03-01,10:00,-1,FADE,0.701
NQ,2019-03-04,10:00,1,FADE,0.5368
NQ,2019-03-05,10:00,-1,RANGE,0.0371
NQ,2019-03-06,10:00,-1,RANGE,0.0715
NQ,2019-03-07,10:00,-1,RANGE,-0.2631
NQ,2019-03-08,10:00,1,CONT,-0.7339
NQ,2019-03-11,10:00,1,CONT,0.3812
NQ,2019-03-12,10:00,1,RANGE,0.2079
NQ,2019-03-13,10:00,1,RANGE,0.4895
NQ,2019-03-14,10:00,1,RANGE,0.02
NQ,2019-03-15,10:00,1,RANGE,0.3777
NQ,2019-03-18,10:00,1,RANGE,-0.0136
NQ,2019-03-19,10:00,-1,FADE,0.4144
NQ,2019-03-20,10:00,-1,RANGE,0.0033
NQ,2019-03-21,10:00,1,CONT,-0.3215
NQ,2019-03-22,10:00,-1,CONT,-0.4242
NQ,2019-03-25,10:00,-1,FADE,-0.2709
NQ,2019-03-26,10:00,1,FADE,0.6113
NQ,2019-03-27,10:00,-1,RANGE,0.0942
NQ,2019-03-28,10:00,1,RANGE,0.1324
NQ,2019-03-29,10:00,-1,FADE,0.5306
NQ,2019-04-01,10:00,-1,RANGE,0.731
NQ,2019-04-02,10:00,-1,RANGE,0.0326
NQ,2019-04-03,10:00,-1,RANGE,0.459
NQ,2019-04-04,10:00,1,RANGE,-0.0027
NQ,2019-04-05,10:00,1,RANGE,0.2498
NQ,2019-04-08,10:00,-1,RANGE,-0.1401
NQ,2019-04-09,10:00,1,FADE,-0.341
NQ,2019-04-10,10:00,1,CONT,0.1215
NQ,2019-04-11,10:00,-1,RANGE,0.1221
NQ,2019-04-12,10:00,-1,FADE,0.3862
NQ,2019-04-15,10:00,-1,RANGE,-0.0187
NQ,2019-04-16,10:00,1,FADE,0.3112
NQ,2019-04-17,10:00,-1,FADE,0.6173
NQ,2019-04-18,10:00,-1,RANGE,0.1736
NQ,2019-04-22,10:00,1,FADE,-0.4865
NQ,2019-04-23,10:00,1,CONT,0.258
NQ,2019-04-24,10:00,-1,RANGE,0.0928
NQ,2019-04-25,10:00,-1,FADE,0.8884
NQ,2019-04-26,10:00,-1,RANGE,-0.1385
NQ,2019-04-29,10:00,1,RANGE,-0.0442
NQ,2019-04-30,10:00,1,RANGE,-1.0374
NQ,2019-05-01,10:00,-1,CONT,0.7896
NQ,2019-05-02,10:00,1,RANGE,0.0077
NQ,2019-05-03,10:00,1,CONT,0.917
NQ,2019-05-06,10:00,1,FADE,-2.4269
NQ,2019-05-07,10:00,-1,RANGE,-1.1687
NQ,2019-05-08,10:00,1,FADE,-0.2987
NQ,2019-05-09,10:00,-1,FADE,-0.9038
NQ,2019-05-10,10:00,-1,FADE,-0.3288
NQ,2019-05-13,10:00,-1,RANGE,-1.973
NQ,2019-05-14,10:00,-1,RANGE,0.3385
NQ,2019-05-15,10:00,1,FADE,-0.3986
NQ,2019-05-16,10:00,1,RANGE,0.0227
NQ,2019-05-17,10:00,1,FADE,-0.6016
NQ,2019-05-20,10:00,-1,RANGE,-0.8121
NQ,2019-05-21,10:00,-1,RANGE,0.4697
NQ,2019-05-22,10:00,1,FADE,-0.32
NQ,2019-05-23,10:00,-1,RANGE,-0.6412
NQ,2019-05-24,10:00,1,REV,0.2973
NQ,2019-05-28,10:00,1,RANGE,0.0796
NQ,2019-05-29,10:00,-1,RANGE,-0.3247
NQ,2019-05-30,10:00,1,RANGE,0.129
NQ,2019-05-31,10:00,-1,RANGE,-0.6579
NQ,2019-06-03,10:00,-1,CONT,-0.1265
NQ,2019-06-04,10:00,-1,REV,0.5499
NQ,2019-06-05,10:00,-1,FADE,0.5278
NQ,2019-06-06,10:00,-1,RANGE,0.0851
NQ,2019-06-07,10:00,1,RANGE,0.2901
NQ,2019-06-10,10:00,1,RANGE,0.3894
NQ,2019-06-11,10:00,-1,CONT,0.6868
NQ,2019-06-12,10:00,1,RANGE,-0.1825
NQ,2019-06-13,10:00,1,RANGE,0.2682
NQ,2019-06-14,10:00,-1,RANGE,-0.1545
NQ,2019-06-17,10:00,1,RANGE,0.1519
NQ,2019-06-18,10:00,1,RANGE,0.863
NQ,2019-06-19,10:00,-1,RANGE,0.1196
NQ,2019-06-20,10:00,-1,FADE,0.995
NQ,2019-06-21,10:00,1,RANGE,-0.109
NQ,2019-06-24,10:00,-1,RANGE,0.1291
NQ,2019-06-25,10:00,-1,CONT,-0.0362
NQ,2019-06-26,10:00,1,RANGE,0.4548
NQ,2019-06-27,10:00,1,RANGE,0.2525
NQ,2019-06-28,10:00,-1,RANGE,0.1641
NQ,2019-07-01,10:00,-1,RANGE,1.4277
NQ,2019-07-02,10:00,-1,REV,-0.0301
NQ,2019-07-05,10:00,-1,RANGE,-0.8297
NQ,2019-07-08,10:00,-1,RANGE,-0.6046
NQ,2019-07-09,10:00,1,CONT,-0.4874
NQ,2019-07-10,10:00,1,RANGE,0.5543
NQ,2019-07-11,10:00,1,RANGE,0.1486
NQ,2019-07-12,10:00,1,CONT,0.0939
NQ,2019-07-15,10:00,-1,RANGE,0.2182
NQ,2019-07-16,10:00,1,RANGE,-0.1272
NQ,2019-07-17,10:00,1,REV,0.0166
NQ,2019-07-18,10:00,1,FADE,-0.5267
NQ,2019-07-19,10:00,-1,CONT,0.7324
NQ,2019-07-22,10:00,1,RANGE,0.3191
NQ,2019-07-23,10:00,-1,FADE,0.5172
NQ,2019-07-24,10:00,1,CONT,-0.4013
NQ,2019-07-25,10:00,-1,RANGE,-0.377
NQ,2019-07-26,10:00,1,RANGE,0.6655
NQ,2019-07-29,10:00,-1,RANGE,-0.0475
NQ,2019-07-30,10:00,1,FADE,-0.8261
NQ,2019-07-31,10:00,-1,CONT,0.271
NQ,2019-08-01,10:00,1,RANGE,0.1419
NQ,2019-08-02,10:00,-1,RANGE,-0.5865
NQ,2019-08-05,10:00,-1,CONT,-1.6727
NQ,2019-08-06,10:00,1,FADE,0.6274
NQ,2019-08-07,10:00,-1,FADE,-0.7241
NQ,2019-08-08,10:00,1,CONT,0.3684
NQ,2019-08-09,10:00,-1,RANGE,-0.3329
NQ,2019-08-12,10:00,-1,RANGE,-0.3631
NQ,2019-08-13,10:00,1,RANGE,-0.0327
NQ,2019-08-14,10:00,1,REV,-0.9414
NQ,2019-08-15,10:00,1,RANGE,0.0945
NQ,2019-08-16,10:00,1,RANGE,0.4235
NQ,2019-08-19,10:00,1,RANGE,0.6977
NQ,2019-08-20,10:00,-1,RANGE,-0.0772
NQ,2019-08-21,10:00,1,RANGE,0.4444
NQ,2019-08-22,10:00,1,RANGE,0.0835
NQ,2019-08-23,10:00,-1,CONT,-0.3346
NQ,2019-08-26,10:00,-1,RANGE,0.5017
NQ,2019-08-27,10:00,-1,FADE,0.3119
NQ,2019-08-28,10:00,1,RANGE,-0.1749
NQ,2019-08-29,10:00,1,RANGE,0.5733
NQ,2019-08-30,10:00,-1,FADE,0.2648
NQ,2019-09-03,10:00,1,RANGE,0.1827
NQ,2019-09-04,10:00,1,RANGE,0.5054
NQ,2019-09-05,10:00,1,RANGE,0.6124
NQ,2019-09-06,10:00,-1,RANGE,0.0606
NQ,2019-09-09,10:00,-1,RANGE,0.1787
NQ,2019-09-10,10:00,-1,RANGE,-0.3143
NQ,2019-09-11,10:00,1,RANGE,0.0836
NQ,2019-09-12,10:00,-1,RANGE,0.4155
NQ,2019-09-13,10:00,-1,RANGE,0.0812
NQ,2019-09-16,10:00,1,RANGE,-0.485
NQ,2019-09-17,10:00,-1,REV,0.0166
NQ,2019-09-18,10:00,-1,RANGE,-0.1288
NQ,2019-09-19,10:00,1,RANGE,0.1163
NQ,2019-09-20,10:00,-1,CONT,0.1096
NQ,2019-09-23,10:00,1,RANGE,-0.0552
NQ,2019-09-24,10:00,1,REV,0.4002
NQ,2019-09-25,10:00,-1,RANGE,-0.0492
NQ,2019-09-26,10:00,-1,RANGE,-0.0946
NQ,2019-09-27,10:00,-1,CONT,0.1326
NQ,2019-09-30,10:00,1,RANGE,0.2418
NQ,2019-10-01,10:00,1,FADE,0.3002
NQ,2019-10-02,10:00,-1,RANGE,-0.4757
NQ,2019-10-03,10:00,1,RANGE,0.0165
NQ,2019-10-04,10:00,1,CONT,0.3322
NQ,2019-10-07,10:00,1,RANGE,-0.2457
NQ,2019-10-08,10:00,-1,RANGE,-0.4665
NQ,2019-10-09,10:00,-1,RANGE,0.6057
NQ,2019-10-10,10:00,1,RANGE,-0.0375
NQ,2019-10-11,10:00,1,RANGE,0.7792
NQ,2019-10-14,10:00,1,RANGE,-0.0648
NQ,2019-10-15,10:00,1,RANGE,0.1834
NQ,2019-10-16,10:00,-1,RANGE,-0.2157
NQ,2019-10-17,10:00,1,FADE,0.3828
NQ,2019-10-18,10:00,1,RANGE,-0.0924
NQ,2019-10-21,10:00,-1,RANGE,0.3245
NQ,2019-10-22,10:00,-1,CONT,0.2196
NQ,2019-10-23,10:00,1,RANGE,-0.1756
NQ,2019-10-24,10:00,-1,RANGE,0.532
NQ,2019-10-25,10:00,1,FADE,-0.3927
NQ,2019-10-28,10:00,1,RANGE,0.3632
NQ,2019-10-29,10:00,-1,RANGE,-0.1418
NQ,2019-10-30,10:00,-1,RANGE,0.133
NQ,2019-10-31,10:00,-1,FADE,0.2501
NQ,2019-11-01,10:00,1,RANGE,0.3961
NQ,2019-11-04,10:00,-1,RANGE,0.6056
NQ,2019-11-05,10:00,-1,RANGE,0.1239
NQ,2019-11-06,10:00,-1,RANGE,-0.059
NQ,2019-11-07,10:00,1,FADE,0.4867
NQ,2019-11-08,10:00,-1,RANGE,-0.2039
NQ,2019-11-11,10:00,1,FADE,-0.5504
NQ,2019-11-12,10:00,1,RANGE,0.0812
NQ,2019-11-13,10:00,1,FADE,-0.3789
NQ,2019-11-14,10:00,1,FADE,-0.3114
NQ,2019-11-15,10:00,-1,RANGE,0.6597
NQ,2019-11-18,10:00,-1,RANGE,-0.0716
NQ,2019-11-19,10:00,-1,FADE,0.4434
NQ,2019-11-20,10:00,1,FADE,-0.308
NQ,2019-11-21,10:00,-1,RANGE,-0.1391
NQ,2019-11-22,10:00,-1,FADE,0.2927
NQ,2019-11-25,10:00,1,RANGE,0.5189
NQ,2019-11-26,10:00,1,RANGE,0.0489
NQ,2019-11-27,10:00,1,CONT,0.3123
NQ,2019-12-02,10:00,-1,RANGE,-0.2
NQ,2019-12-03,10:00,-1,RANGE,-1.6524
NQ,2019-12-04,10:00,1,RANGE,0.6328
NQ,2019-12-05,10:00,-1,FADE,0.4282
NQ,2019-12-06,10:00,1,RANGE,0.8696
NQ,2019-12-09,10:00,1,RANGE,-0.1722
NQ,2019-12-10,10:00,-1,RANGE,0.0545
NQ,2019-12-11,10:00,1,RANGE,0.2541
NQ,2019-12-12,10:00,1,RANGE,-0.177
NQ,2019-12-13,10:00,1,RANGE,0.2284
NQ,2019-12-16,10:00,1,RANGE,0.7352
NQ,2019-12-17,10:00,-1,RANGE,0.1931
NQ,2019-12-18,10:00,-1,RANGE,0.1724
NQ,2019-12-19,10:00,1,CONT,0.0966
NQ,2019-12-20,10:00,-1,RANGE,0.5028
NQ,2019-12-23,10:00,-1,RANGE,0.4164
NQ,2019-12-26,10:00,1,CONT,0.1591
NQ,2019-12-27,10:00,-1,FADE,0.4608
NQ,2019-12-30,10:00,-1,RANGE,-0.0794
NQ,2019-12-31,10:00,1,FADE,-0.3107
NQ,2020-01-02,10:00,1,RANGE,1.08
NQ,2020-01-03,10:00,1,FADE,-1.7206
NQ,2020-01-06,10:00,1,FADE,-0.9984
NQ,2020-01-07,10:00,-1,RANGE,0.0467
NQ,2020-01-08,10:00,1,RANGE,-0.0172
NQ,2020-01-09,10:00,1,RANGE,0.9497
NQ,2020-01-10,10:00,-1,CONT,0.4099
NQ,2020-01-13,10:00,1,CONT,0.4417
NQ,2020-01-14,10:00,-1,RANGE,-0.1121
NQ,2020-01-15,10:00,1,RANGE,0.0454
NQ,2020-01-16,10:00,1,CONT,0.5678
NQ,2020-01-17,10:00,-1,FADE,0.4773
NQ,2020-01-21,10:00,1,FADE,-0.2829
NQ,2020-01-22,10:00,1,FADE,0.5587
NQ,2020-01-23,10:00,-1,RANGE,-0.1001
NQ,2020-01-24,10:00,-1,CONT,0.5505
NQ,2020-01-27,10:00,1,RANGE,-2.3311
NQ,2020-01-28,10:00,-1,REV,0.6547
NQ,2020-01-29,10:00,-1,FADE,0.5142
NQ,2020-01-30,10:00,1,FADE,-0.5809
NQ,2020-01-31,10:00,-1,CONT,0.3765
NQ,2020-02-03,10:00,1,RANGE,0.4451
NQ,2020-02-04,10:00,1,CONT,1.2039
NQ,2020-02-05,10:00,-1,FADE,1.0214
NQ,2020-02-06,10:00,1,RANGE,0.1811
NQ,2020-02-07,10:00,-1,FADE,-0.3642
NQ,2020-02-10,10:00,1,FADE,-0.2679
NQ,2020-02-11,10:00,-1,FADE,0.4426
NQ,2020-02-12,10:00,1,RANGE,0.4651
NQ,2020-02-13,10:00,1,FADE,-0.5824
NQ,2020-02-14,10:00,-1,RANGE,0.1151
NQ,2020-02-18,10:00,1,FADE,-0.6768
NQ,2020-02-19,10:00,1,RANGE,0.4398
NQ,2020-02-20,10:00,1,RANGE,-0.1859
NQ,2020-02-21,10:00,-1,RANGE,-0.3311
NQ,2020-02-24,10:00,1,RANGE,-2.5716
NQ,2020-02-25,10:00,-1,CONT,0.5189
NQ,2020-02-26,10:00,1,FADE,0.3276
NQ,2020-02-27,10:00,1,REV,-1.3671
NQ,2020-02-28,10:00,1,CONT,-1.5181
NQ,2020-03-02,10:00,-1,REV,0.4736
NQ,2020-03-03,10:00,-1,CONT,0.1237
NQ,2020-03-04,10:00,-1,REV,0.7032
NQ,2020-03-05,10:00,1,RANGE,-1.0155
NQ,2020-03-06,10:00,1,RANGE,-1.2192
NQ,2020-03-10,10:00,-1,FADE,1.0947
NQ,2020-03-11,10:00,1,RANGE,-0.689
NQ,2020-03-13,10:00,-1,FADE,1.244
NQ,2020-03-17,10:00,-1,FADE,0.546
NQ,2020-03-18,10:00,1,FADE,-1.0219
NQ,2020-03-19,10:00,1,RANGE,-0.0616
NQ,2020-03-20,10:00,-1,CONT,0.3255
NQ,2020-03-23,10:00,1,RANGE,0.0477
NQ,2020-03-24,10:00,-1,RANGE,0.7636
NQ,2020-03-25,10:00,-1,RANGE,0.0422
NQ,2020-03-26,10:00,1,CONT,0.1233
NQ,2020-03-27,10:00,-1,RANGE,-0.4082
NQ,2020-03-30,10:00,1,CONT,0.168
NQ,2020-03-31,10:00,-1,RANGE,-0.0434
NQ,2020-04-01,10:00,1,RANGE,-0.4603
NQ,2020-04-02,10:00,1,CONT,-0.0686
NQ,2020-04-03,10:00,1,RANGE,-0.0493
NQ,2020-04-06,10:00,1,CONT,0.5776
NQ,2020-04-07,10:00,-1,FADE,0.4725
NQ,2020-04-08,10:00,-1,RANGE,0.158
NQ,2020-04-09,10:00,1,RANGE,0.1551
NQ,2020-04-13,10:00,-1,REV,-0.0853
NQ,2020-04-14,10:00,1,RANGE,0.4184
NQ,2020-04-15,10:00,-1,FADE,-0.369
NQ,2020-04-16,10:00,-1,FADE,0.2707
NQ,2020-04-17,10:00,-1,FADE,0.3163
NQ,2020-04-20,10:00,1,RANGE,-0.247
NQ,2020-04-21,10:00,-1,CONT,-0.2723
NQ,2020-04-22,10:00,1,RANGE,0.5942
NQ,2020-04-23,10:00,1,RANGE,0.1002
NQ,2020-04-24,10:00,-1,REV,0.0606
NQ,2020-04-27,10:00,1,FADE,0.3294
NQ,2020-04-28,10:00,-1,FADE,0.3101
NQ,2020-04-29,10:00,1,RANGE,0.7686
NQ,2020-04-30,10:00,-1,RANGE,0.2035
NQ,2020-05-01,10:00,1,RANGE,-0.7866
NQ,2020-05-04,10:00,1,RANGE,-0.1657
NQ,2020-05-05,10:00,1,RANGE,0.365
NQ,2020-05-06,10:00,-1,FADE,0.305
NQ,2020-05-07,10:00,-1,RANGE,0.5242
NQ,2020-05-08,10:00,-1,RANGE,0.3117
NQ,2020-05-11,10:00,1,CONT,-0.2438
NQ,2020-05-12,10:00,-1,CONT,0.1552
NQ,2020-05-13,10:00,-1,RANGE,0.0967
NQ,2020-05-14,10:00,-1,REV,-0.2649
NQ,2020-05-15,10:00,1,CONT,-0.5773
NQ,2020-05-18,10:00,-1,RANGE,0.5673
NQ,2020-05-19,10:00,1,RANGE,0.0306
NQ,2020-05-20,10:00,1,RANGE,0.5317
NQ,2020-05-21,10:00,-1,CONT,0.0172
NQ,2020-05-22,10:00,1,RANGE,-0.0953
NQ,2020-05-26,10:00,-1,CONT,0.1426
NQ,2020-05-27,10:00,-1,RANGE,-0.1368
NQ,2020-05-28,10:00,1,FADE,-0.269
NQ,2020-05-29,10:00,1,RANGE,0.1346
NQ,2020-06-01,10:00,1,RANGE,-0.12
NQ,2020-06-02,10:00,-1,RANGE,0.0579
NQ,2020-06-03,10:00,1,RANGE,0.1215
NQ,2020-06-04,10:00,1,RANGE,-0.0858
NQ,2020-06-05,10:00,1,RANGE,0.2384
NQ,2020-06-08,10:00,-1,RANGE,-0.035
NQ,2020-06-09,10:00,1,CONT,-0.212
NQ,2020-06-10,10:00,1,RANGE,0.4153
NQ,2020-06-11,10:00,1,REV,-0.9422
NQ,2020-06-12,10:00,1,FADE,1.0974
NQ,2020-06-15,10:00,1,CONT,-0.7731
NQ,2020-06-16,10:00,-1,FADE,1.0631
NQ,2020-06-17,10:00,-1,FADE,0.2973
NQ,2020-06-18,10:00,1,RANGE,-0.0689
NQ,2020-06-19,10:00,-1,FADE,0.5088
NQ,2020-06-22,10:00,1,CONT,0.0025
NQ,2020-06-23,10:00,1,RANGE,0.333
NQ,2020-06-24,10:00,-1,RANGE,-0.1509
NQ,2020-06-25,10:00,-1,RANGE,0.0211
NQ,2020-06-26,10:00,-1,RANGE,-0.0701
NQ,2020-06-29,10:00,-1,RANGE,-0.023
NQ,2020-06-30,10:00,1,CONT,-0.0035
NQ,2020-07-01,10:00,1,CONT,0.0012
NQ,2020-07-02,10:00,1,RANGE,0.4677
NQ,2020-07-06,10:00,1,CONT,0.6811
NQ,2020-07-07,10:00,1,RANGE,-0.0548
NQ,2020-07-08,10:00,1,FADE,0.2572
NQ,2020-07-09,10:00,-1,FADE,0.3653
NQ,2020-07-10,10:00,-1,RANGE,-0.0356
NQ,2020-07-13,10:00,1,REV,0.5961
NQ,2020-07-14,10:00,-1,FADE,-0.5164
NQ,2020-07-15,10:00,-1,RANGE,0.247
NQ,2020-07-16,10:00,-1,RANGE,-0.5426
NQ,2020-07-17,10:00,-1,RANGE,0.1357
NQ,2020-07-20,10:00,1,CONT,0.1328
NQ,2020-07-21,10:00,-1,CONT,0.2838
NQ,2020-07-22,10:00,1,RANGE,0.0606
NQ,2020-07-23,10:00,1,REV,-0.0773
NQ,2020-07-24,10:00,-1,RANGE,-0.6796
NQ,2020-07-27,10:00,1,RANGE,0.3338
NQ,2020-07-28,10:00,-1,RANGE,-0.1283
NQ,2020-07-29,10:00,1,RANGE,0.2811
NQ,2020-07-30,10:00,-1,REV,-0.3728
NQ,2020-07-31,10:00,-1,FADE,0.8388
NQ,2020-08-03,10:00,1,RANGE,0.38
NQ,2020-08-04,10:00,1,RANGE,-0.1033
NQ,2020-08-05,10:00,1,RANGE,0.0744
NQ,2020-08-06,10:00,1,CONT,-0.0565
NQ,2020-08-07,10:00,1,RANGE,-0.0976
NQ,2020-08-10,10:00,-1,RANGE,0.0428
NQ,2020-08-11,10:00,-1,CONT,-0.2453
NQ,2020-08-12,10:00,1,RANGE,0.4402
NQ,2020-08-13,10:00,1,RANGE,0.132
NQ,2020-08-14,10:00,-1,RANGE,0.1026
NQ,2020-08-17,10:00,1,RANGE,0.339
NQ,2020-08-18,10:00,1,RANGE,0.2375
NQ,2020-08-19,10:00,-1,RANGE,-0.0079
NQ,2020-08-20,10:00,1,CONT,-0.1824
NQ,2020-08-21,10:00,1,RANGE,0.0397
NQ,2020-08-24,10:00,-1,FADE,0.7581
NQ,2020-08-25,10:00,1,CONT,-0.2008
NQ,2020-08-26,10:00,1,CONT,0.3041
NQ,2020-08-27,10:00,-1,FADE,0.2705
NQ,2020-08-28,10:00,1,FADE,0.2888
NQ,2020-08-31,10:00,1,RANGE,0.15
NQ,2020-09-01,10:00,-1,RANGE,0.6119
NQ,2020-09-02,10:00,-1,FADE,0.7732
NQ,2020-09-03,10:00,-1,CONT,-0.9852
NQ,2020-09-04,10:00,-1,FADE,-0.2714
NQ,2020-09-08,10:00,1,RANGE,-1.4439
NQ,2020-09-09,10:00,-1,RANGE,0.902
NQ,2020-09-10,10:00,-1,CONT,0.5253
NQ,2020-09-11,10:00,-1,FADE,0.3224
NQ,2020-09-14,10:00,1,RANGE,0.5117
NQ,2020-09-15,10:00,1,RANGE,0.5434
NQ,2020-09-16,10:00,-1,CONT,0.0987
NQ,2020-09-17,10:00,1,RANGE,-0.9628
NQ,2020-09-18,10:00,-1,RANGE,0.1601
NQ,2020-09-21,10:00,1,CONT,-0.5085
NQ,2020-09-22,10:00,-1,FADE,0.3225
NQ,2020-09-23,10:00,-1,CONT,-0.0359
NQ,2020-09-24,10:00,1,FADE,-0.3039
NQ,2020-09-25,10:00,1,CONT,0.0496
NQ,2020-09-28,10:00,-1,RANGE,0.5927
NQ,2020-09-29,10:00,1,RANGE,-0.0383
NQ,2020-09-30,10:00,1,RANGE,0.0295
NQ,2020-10-01,10:00,-1,RANGE,0.4443
NQ,2020-10-02,10:00,1,RANGE,-0.808
NQ,2020-10-05,10:00,1,CONT,0.2696
NQ,2020-10-06,10:00,0,,-0.1371
NQ,2020-10-07,10:00,1,CONT,0.3703
NQ,2020-10-08,10:00,-1,FADE,0.3183
NQ,2020-10-09,10:00,1,CONT,0.2441
NQ,2020-10-12,10:00,-1,RANGE,0.7699
NQ,2020-10-13,10:00,-1,FADE,0.2848
NQ,2020-10-14,10:00,1,RANGE,0.1388
NQ,2020-10-15,10:00,1,RANGE,-0.7537
NQ,2020-10-16,10:00,1,REV,0.2682
NQ,2020-10-19,10:00,-1,CONT,0.324
NQ,2020-10-20,10:00,1,RANGE,0.143
NQ,2020-10-21,10:00,1,RANGE,0.0276
NQ,2020-10-22,10:00,-1,RANGE,0.1396
NQ,2020-10-23,10:00,-1,RANGE,0.0981
NQ,2020-10-26,10:00,1,FADE,-0.4597
NQ,2020-10-27,10:00,1,RANGE,0.1749
NQ,2020-10-28,10:00,-1,RANGE,-0.7904
NQ,2020-10-29,10:00,1,RANGE,0.2113
NQ,2020-10-30,10:00,-1,RANGE,-0.3097
NQ,2020-11-02,10:00,1,FADE,0.3306
NQ,2020-11-03,10:00,1,RANGE,0.2971
NQ,2020-11-04,10:00,1,RANGE,1.4556
NQ,2020-11-05,10:00,1,RANGE,0.9931
NQ,2020-11-06,10:00,-1,RANGE,-0.1106
NQ,2020-11-09,10:00,-1,CONT,0.3872
NQ,2020-11-10,10:00,-1,RANGE,-0.4694
NQ,2020-11-11,10:00,1,RANGE,0.3391
NQ,2020-11-12,10:00,1,RANGE,0.1272
NQ,2020-11-13,10:00,-1,RANGE,0.225
NQ,2020-11-16,10:00,1,RANGE,-0.0585
NQ,2020-11-17,10:00,-1,RANGE,0.0509
NQ,2020-11-18,10:00,-1,RANGE,-0.0647
NQ,2020-11-19,10:00,1,CONT,-0.0822
NQ,2020-11-20,10:00,-1,CONT,0.0101
NQ,2020-11-23,10:00,1,RANGE,0.1545
NQ,2020-11-24,10:00,-1,RANGE,0.1715
NQ,2020-11-25,10:00,1,RANGE,0.1388
NQ,2020-11-30,10:00,-1,RANGE,-0.0111
NQ,2020-12-01,10:00,1,RANGE,0.4591
NQ,2020-12-02,10:00,-1,FADE,-0.2707
NQ,2020-12-03,10:00,1,RANGE,0.0376
NQ,2020-12-04,10:00,1,RANGE,0.0134
NQ,2020-12-07,10:00,1,RANGE,0.0209
NQ,2020-12-08,10:00,-1,RANGE,-0.1253
NQ,2020-12-09,10:00,1,REV,-0.0392
NQ,2020-12-10,10:00,1,FADE,-0.5811
NQ,2020-12-11,10:00,-1,RANGE,-0.434
NQ,2020-12-14,10:00,1,RANGE,0.2976
NQ,2020-12-15,10:00,1,FADE,0.6655
NQ,2020-12-16,10:00,-1,RANGE,0.1251
NQ,2020-12-17,10:00,1,FADE,0.3975
NQ,2020-12-18,10:00,-1,RANGE,0.1549
NQ,2020-12-21,10:00,1,FADE,-0.7495
NQ,2020-12-22,10:00,1,RANGE,0.2105
NQ,2020-12-23,10:00,-1,RANGE,0.0031
NQ,2020-12-28,10:00,-1,RANGE,0.7099
NQ,2020-12-29,10:00,-1,FADE,0.3637
NQ,2020-12-30,10:00,-1,FADE,0.3257
NQ,2020-12-31,10:00,-1,RANGE,-0.0085
NQ,2021-01-04,10:00,-1,FADE,0.445
NQ,2021-01-05,10:00,1,RANGE,-0.2313
NQ,2021-01-06,10:00,1,FADE,-1.1832
NQ,2021-01-07,10:00,1,RANGE,0.6395
NQ,2021-01-08,10:00,-1,FADE,0.5173
NQ,2021-01-11,10:00,-1,RANGE,-0.7387
NQ,2021-01-12,10:00,-1,RANGE,0.0362
NQ,2021-01-13,10:00,1,RANGE,0.039
NQ,2021-01-14,10:00,1,RANGE,0.1049
NQ,2021-01-15,10:00,1,RANGE,-0.0436
NQ,2021-01-19,10:00,-1,RANGE,0.4805
NQ,2021-01-20,10:00,1,RANGE,0.8814
NQ,2021-01-21,10:00,-1,FADE,0.3071
NQ,2021-01-22,10:00,1,FADE,-0.2806
NQ,2021-01-25,10:00,1,FADE,0.8108
NQ,2021-01-26,10:00,-1,RANGE,0.0985
NQ,2021-01-27,10:00,-1,RANGE,-0.5066
NQ,2021-01-28,10:00,1,RANGE,0.1726
NQ,2021-01-29,10:00,-1,RANGE,-0.3501
NQ,2021-02-01,10:00,-1,RANGE,0.6047
NQ,2021-02-02,10:00,1,RANGE,0.5417
NQ,2021-02-03,10:00,-1,FADE,0.3604
NQ,2021-02-04,10:00,-1,REV,0.2664
NQ,2021-02-05,10:00,-1,RANGE,0.1818
NQ,2021-02-08,10:00,-1,FADE,0.3255
NQ,2021-02-09,10:00,1,RANGE,-0.1874
NQ,2021-02-10,10:00,-1,FADE,0.3057
NQ,2021-02-11,10:00,-1,FADE,0.3219
NQ,2021-02-12,10:00,1,CONT,-0.1554
NQ,2021-02-16,10:00,1,RANGE,-0.1739
NQ,2021-02-17,10:00,1,RANGE,-0.6091
NQ,2021-02-18,10:00,1,FADE,-0.7731
NQ,2021-02-19,10:00,-1,CONT,0.2812
NQ,2021-02-22,10:00,1,REV,-0.8906
NQ,2021-02-23,10:00,-1,FADE,-1.0779
NQ,2021-02-24,10:00,-1,REV,-0.4981
NQ,2021-02-25,10:00,1,REV,-0.5118
NQ,2021-02-26,10:00,-1,FADE,0.5347
NQ,2021-03-01,10:00,-1,REV,0.8743
NQ,2021-03-02,10:00,-1,RANGE,0.0979
NQ,2021-03-03,10:00,-1,RANGE,-0.192
NQ,2021-03-04,10:00,-1,RANGE,-0.0665
NQ,2021-03-05,10:00,-1,FADE,0.4216
NQ,2021-03-08,10:00,-1,CONT,-0.0928
NQ,2021-03-09,10:00,1,RANGE,1.0296
NQ,2021-03-10,10:00,-1,FADE,0.5584
NQ,2021-03-11,10:00,1,RANGE,0.6142
NQ,2021-03-12,10:00,1,RANGE,-0.5211
NQ,2021-03-15,10:00,1,CONT,0.0124
NQ,2021-03-16,10:00,1,FADE,0.2622
NQ,2021-03-17,10:00,1,FADE,-0.3744
NQ,2021-03-18,10:00,1,REV,-0.5969
NQ,2021-03-19,10:00,-1,RANGE,-0.017
NQ,2021-03-22,10:00,1,CONT,0.2454
NQ,2021-03-23,10:00,-1,RANGE,0.1162
NQ,2021-03-24,10:00,-1,RANGE,0.1865
NQ,2021-03-25,10:00,1,RANGE,-0.2076
NQ,2021-03-26,10:00,1,CONT,-0.0277
NQ,2021-03-29,10:00,-1,RANGE,-0.0627
NQ,2021-03-30,10:00,-1,RANGE,-0.2582
NQ,2021-03-31,10:00,1,RANGE,0.2297
NQ,2021-04-01,10:00,1,RANGE,0.5423
NQ,2021-04-05,10:00,1,CONT,0.3515
NQ,2021-04-06,10:00,1,RANGE,-0.0485
NQ,2021-04-07,10:00,1,RANGE,-0.0697
NQ,2021-04-08,10:00,1,RANGE,0.4856
NQ,2021-04-09,10:00,1,CONT,-0.2457
NQ,2021-04-12,10:00,-1,RANGE,-0.1896
NQ,2021-04-13,10:00,1,RANGE,0.2875
NQ,2021-04-14,10:00,-1,CONT,0.0332
NQ,2021-04-15,10:00,1,RANGE,0.5339
NQ,2021-04-16,10:00,-1,RANGE,0.1033
NQ,2021-04-19,10:00,1,RANGE,-0.3276
NQ,2021-04-20,10:00,1,RANGE,-0.1478
NQ,2021-04-21,10:00,1,CONT,-0.2657
NQ,2021-04-22,10:00,-1,CONT,-0.0891
NQ,2021-04-23,10:00,1,CONT,0.1319
NQ,2021-04-26,10:00,-1,REV,0.0443
NQ,2021-04-27,10:00,-1,RANGE,0.0579
NQ,2021-04-28,10:00,1,RANGE,-0.063
NQ,2021-04-29,10:00,-1,FADE,0.8001
NQ,2021-04-30,10:00,1,FADE,-0.5612
NQ,2021-05-03,10:00,-1,CONT,0.3059
NQ,2021-05-04,10:00,-1,RANGE,-0.63
NQ,2021-05-05,10:00,-1,FADE,0.4651
NQ,2021-05-06,10:00,-1,RANGE,-0.049
NQ,2021-05-07,10:00,1,RANGE,0.615
NQ,2021-05-10,10:00,-1,CONT,-0.2933
NQ,2021-05-11,10:00,1,FADE,-1.1778
NQ,2021-05-12,10:00,1,RANGE,-0.9975
NQ,2021-05-13,10:00,1,FADE,0.5563
NQ,2021-05-14,10:00,1,CONT,0.6107
NQ,2021-05-17,10:00,-1,RANGE,-0.3056
NQ,2021-05-18,10:00,-1,CONT,0.1693
NQ,2021-05-19,10:00,1,CONT,-0.9903
NQ,2021-05-20,10:00,1,RANGE,0.2635
NQ,2021-05-21,10:00,-1,CONT,0.2767
NQ,2021-05-24,10:00,1,RANGE,0.4291
NQ,2021-05-25,10:00,-1,FADE,0.2649
NQ,2021-05-26,10:00,-1,RANGE,0.1225
NQ,2021-05-27,10:00,-1,RANGE,-0.069
NQ,2021-05-28,10:00,1,RANGE,0.2221
NQ,2021-06-01,10:00,-1,FADE,0.4373
NQ,2021-06-02,10:00,1,RANGE,0.0757
NQ,2021-06-03,10:00,-1,RANGE,-0.5741
NQ,2021-06-04,10:00,1,RANGE,0.3955
NQ,2021-06-07,10:00,1,CONT,-0.1353
NQ,2021-06-08,10:00,-1,FADE,0.3893
NQ,2021-06-09,10:00,1,FADE,0.3262
NQ,2021-06-10,10:00,1,RANGE,0.0868
NQ,2021-06-11,10:00,1,RANGE,0.0015
NQ,2021-06-14,10:00,1,CONT,0.0819
NQ,2021-06-15,10:00,-1,CONT,-0.086
NQ,2021-06-16,10:00,1,RANGE,0.1498
NQ,2021-06-17,10:00,1,FADE,-0.271
NQ,2021-06-18,10:00,1,RANGE,-0.4987
NQ,2021-06-21,10:00,1,RANGE,0.0681
NQ,2021-06-22,10:00,1,CONT,-0.0565
NQ,2021-06-23,10:00,1,RANGE,0.0017
NQ,2021-06-24,10:00,1,RANGE,0.5823
NQ,2021-06-25,10:00,-1,RANGE,0.1649
NQ,2021-06-28,10:00,1,RANGE,0.3649
NQ,2021-06-29,10:00,1,RANGE,-0.0347
NQ,2021-06-30,10:00,-1,RANGE,-0.034
NQ,2021-07-01,10:00,1,RANGE,-0.1038
NQ,2021-07-02,10:00,1,CONT,0.5562
NQ,2021-07-06,10:00,1,FADE,0.3403
NQ,2021-07-07,10:00,-1,FADE,0.6851
NQ,2021-07-08,10:00,1,CONT,-1.4729
NQ,2021-07-09,10:00,1,CONT,-0.1993
NQ,2021-07-12,10:00,-1,FADE,0.3987
NQ,2021-07-13,10:00,1,RANGE,-0.1049
NQ,2021-07-14,10:00,-1,FADE,0.6932
NQ,2021-07-15,10:00,0,,-0.0105
NQ,2021-07-16,10:00,-1,FADE,0.2815
NQ,2021-07-19,10:00,-1,RANGE,-1.0119
NQ,2021-07-20,10:00,-1,FADE,0.2622
NQ,2021-07-21,10:00,1,CONT,-0.1103
NQ,2021-07-22,10:00,1,RANGE,0.0787
NQ,2021-07-23,10:00,-1,REV,0.3792
NQ,2021-07-26,10:00,1,RANGE,-0.1498
NQ,2021-07-27,10:00,-1,RANGE,-0.0779
NQ,2021-07-28,10:00,-1,FADE,0.2942
NQ,2021-07-29,10:00,1,RANGE,-0.1347
NQ,2021-07-30,10:00,1,RANGE,-0.9837
NQ,2021-08-02,10:00,-1,FADE,0.4335
NQ,2021-08-03,10:00,-1,RANGE,0.1805
NQ,2021-08-04,10:00,1,RANGE,0.0043
NQ,2021-08-05,10:00,1,RANGE,0.1883
NQ,2021-08-06,10:00,1,RANGE,-0.3462
NQ,2021-08-09,10:00,-1,RANGE,0.1185
NQ,2021-08-10,10:00,1,REV,0.1343
NQ,2021-08-11,10:00,-1,FADE,0.321
NQ,2021-08-12,10:00,-1,RANGE,-0.1364
NQ,2021-08-13,10:00,1,RANGE,0.0793
NQ,2021-08-16,10:00,-1,FADE,-0.3022
NQ,2021-08-17,10:00,-1,RANGE,-0.7625
NQ,2021-08-18,10:00,1,REV,-0.1431
NQ,2021-08-19,10:00,1,CONT,-0.5283
NQ,2021-08-20,10:00,1,RANGE,0.2758
NQ,2021-08-23,10:00,1,RANGE,0.271
NQ,2021-08-24,10:00,-1,RANGE,0.1602
NQ,2021-08-25,10:00,1,RANGE,0.0596
NQ,2021-08-26,10:00,-1,RANGE,-0.1804
NQ,2021-08-27,10:00,1,RANGE,0.1816
NQ,2021-08-30,10:00,1,RANGE,0.2066
NQ,2021-08-31,10:00,-1,RANGE,0.0536
NQ,2021-09-01,10:00,1,RANGE,0.3068
NQ,2021-09-02,10:00,-1,FADE,0.3822
NQ,2021-09-03,10:00,1,FADE,-0.3287
NQ,2021-09-07,10:00,-1,FADE,-0.3113
NQ,2021-09-08,10:00,-1,RANGE,-0.0499
NQ,2021-09-09,10:00,1,RANGE,0.0535
NQ,2021-09-10,10:00,1,REV,0.5125
NQ,2021-09-13,10:00,-1,FADE,0.6206
NQ,2021-09-14,10:00,-1,FADE,0.4083
NQ,2021-09-15,10:00,-1,RANGE,0.15
NQ,2021-09-16,10:00,-1,FADE,-0.3726
NQ,2021-09-17,10:00,-1,RANGE,-0.1817
NQ,2021-09-20,10:00,1,RANGE,-1.6507
NQ,2021-09-21,10:00,-1,FADE,0.4798
NQ,2021-09-22,10:00,1,FADE,0.2617
NQ,2021-09-23,10:00,1,RANGE,0.2822
NQ,2021-09-24,10:00,1,CONT,-0.5243
NQ,2021-09-27,10:00,-1,RANGE,-0.741
NQ,2021-09-28,10:00,-1,RANGE,-1.0826
NQ,2021-09-29,10:00,1,FADE,0.2728
NQ,2021-09-30,10:00,1,REV,0.3372
NQ,2021-10-01,10:00,-1,RANGE,0.1678
NQ,2021-10-04,10:00,-1,RANGE,-0.312
NQ,2021-10-05,10:00,1,RANGE,0.1698
NQ,2021-10-06,10:00,1,FADE,-0.5703
NQ,2021-10-07,10:00,1,RANGE,0.5215
NQ,2021-10-08,10:00,-1,RANGE,0.1853
NQ,2021-10-11,10:00,1,FADE,-0.2529
NQ,2021-10-12,10:00,-1,RANGE,0.2425
NQ,2021-10-13,10:00,-1,FADE,0.3927
NQ,2021-10-14,10:00,1,RANGE,0.6289
NQ,2021-10-15,10:00,-1,RANGE,0.2081
NQ,2021-10-18,10:00,1,CONT,-0.2427
NQ,2021-10-19,10:00,-1,RANGE,0.1937
NQ,2021-10-20,10:00,-1,RANGE,0.0872
NQ,2021-10-21,10:00,1,RANGE,-0.1642
NQ,2021-10-22,10:00,1,RANGE,-0.2393
NQ,2021-10-25,10:00,-1,FADE,0.2832
NQ,2021-10-26,10:00,1,FADE,0.4334
NQ,2021-10-27,10:00,1,RANGE,0.1226
NQ,2021-10-28,10:00,-1,REV,0.401
NQ,2021-10-29,10:00,1,CONT,-0.6281
NQ,2021-11-01,10:00,-1,RANGE,0.0865
NQ,2021-11-02,10:00,1,RANGE,-0.1461
NQ,2021-11-03,10:00,-1,REV,0.101
NQ,2021-11-04,10:00,1,RANGE,0.2812
NQ,2021-11-05,10:00,1,FADE,0.4177
NQ,2021-11-08,10:00,-1,RANGE,-0.0083
NQ,2021-11-09,10:00,-1,FADE,0.2682
NQ,2021-11-10,10:00,1,FADE,-0.6517
NQ,2021-11-11,10:00,-1,FADE,0.6673
NQ,2021-11-12,10:00,-1,FADE,0.2647
NQ,2021-11-15,10:00,-1,FADE,0.2771
NQ,2021-11-16,10:00,1,RANGE,-0.1708
NQ,2021-11-17,10:00,-1,RANGE,0.0556
NQ,2021-11-18,10:00,-1,FADE,0.4627
NQ,2021-11-19,10:00,1,RANGE,0.3641
NQ,2021-11-22,10:00,1,REV,0.3572
NQ,2021-11-23,10:00,1,FADE,-0.2712
NQ,2021-11-24,10:00,-1,FADE,-0.5401
NQ,2021-11-29,10:00,1,CONT,0.957
NQ,2021-11-30,10:00,1,RANGE,-0.1638
NQ,2021-12-01,10:00,-1,CONT,0.8207
NQ,2021-12-02,10:00,1,RANGE,-0.2072
NQ,2021-12-03,10:00,-1,RANGE,0.2247
NQ,2021-12-06,10:00,-1,RANGE,0.067
NQ,2021-12-07,10:00,1,RANGE,0.9728
NQ,2021-12-08,10:00,-1,RANGE,0.0302
NQ,2021-12-09,10:00,1,REV,-0.1806
NQ,2021-12-10,10:00,-1,FADE,0.4014
NQ,2021-12-13,10:00,-1,CONT,-0.0008
NQ,2021-12-14,10:00,1,RANGE,-0.6826
NQ,2021-12-15,10:00,-1,REV,-0.0597
NQ,2021-12-16,10:00,-1,CONT,0.1215
NQ,2021-12-17,10:00,1,FADE,-0.4274
NQ,2021-12-20,10:00,1,RANGE,-0.5652
NQ,2021-12-21,10:00,-1,FADE,0.3913
NQ,2021-12-22,10:00,1,CONT,-0.0302
NQ,2021-12-23,10:00,1,CONT,0.0452
NQ,2021-12-27,10:00,1,RANGE,0.1462
NQ,2021-12-28,10:00,-1,RANGE,0.116
NQ,2021-12-29,10:00,1,RANGE,0.0051
NQ,2021-12-30,10:00,1,RANGE,-0.0393
NQ,2021-12-31,10:00,-1,RANGE,-0.0662
NQ,2022-01-03,10:00,-1,RANGE,0.192
NQ,2022-01-04,10:00,-1,CONT,0.0729
NQ,2022-01-05,10:00,1,REV,-0.253
NQ,2022-01-06,10:00,1,FADE,-0.2534
NQ,2022-01-07,10:00,1,RANGE,-0.0034
NQ,2022-01-10,10:00,-1,FADE,-0.7008
NQ,2022-01-11,10:00,-1,REV,-0.1242
NQ,2022-01-12,10:00,1,FADE,0.3376
NQ,2022-01-13,10:00,-1,CONT,0.1796
NQ,2022-01-14,10:00,1,FADE,-0.3555
NQ,2022-01-18,10:00,-1,RANGE,-0.7608
NQ,2022-01-19,10:00,1,REV,0.1864
NQ,2022-01-20,10:00,1,REV,0.4675
NQ,2022-01-21,10:00,-1,FADE,-0.304
NQ,2022-01-24,10:00,-1,FADE,-0.7295
NQ,2022-01-25,10:00,-1,RANGE,-0.837
NQ,2022-01-26,10:00,-1,FADE,0.9228
NQ,2022-01-27,10:00,1,REV,0.4901
NQ,2022-01-28,10:00,-1,REV,0.2052
NQ,2022-01-31,10:00,1,RANGE,0.1323
NQ,2022-02-01,10:00,-1,RANGE,0.1062
NQ,2022-02-02,10:00,-1,FADE,0.4154
NQ,2022-02-03,10:00,1,RANGE,-0.9984
NQ,2022-02-04,10:00,1,RANGE,0.0385
NQ,2022-02-07,10:00,1,RANGE,0.0648
NQ,2022-02-08,10:00,1,CONT,-0.1163
NQ,2022-02-09,10:00,-1,REV,0.441
NQ,2022-02-10,10:00,1,FADE,-0.7072
NQ,2022-02-11,10:00,-1,CONT,-0.0053
NQ,2022-02-14,10:00,1,RANGE,-0.065
NQ,2022-02-15,10:00,1,CONT,0.4814
NQ,2022-02-16,10:00,-1,RANGE,-0.2119
NQ,2022-02-17,10:00,-1,CONT,-0.313
NQ,2022-02-18,10:00,-1,CONT,0.0868
NQ,2022-02-22,10:00,1,FADE,0.3563
NQ,2022-02-23,10:00,-1,CONT,0.3236
NQ,2022-02-24,10:00,1,CONT,-1.0909
NQ,2022-02-25,10:00,-1,RANGE,0.0685
NQ,2022-02-28,10:00,1,CONT,-0.3437
NQ,2022-03-01,10:00,1,RANGE,-0.1486
NQ,2022-03-02,10:00,1,RANGE,0.1558
NQ,2022-03-03,10:00,-1,FADE,0.2776
NQ,2022-03-04,10:00,-1,RANGE,-0.2543
NQ,2022-03-07,10:00,-1,CONT,-0.007
NQ,2022-03-08,10:00,-1,RANGE,-0.0841
NQ,2022-03-09,10:00,-1,RANGE,0.8375
NQ,2022-03-10,10:00,1,RANGE,-0.413
NQ,2022-03-11,10:00,-1,CONT,0.2823
NQ,2022-03-14,10:00,1,RANGE,-0.1289
NQ,2022-03-15,10:00,1,CONT,0.2541
NQ,2022-03-16,10:00,1,CONT,0.3865
NQ,2022-03-17,10:00,1,RANGE,-0.1894
NQ,2022-03-18,10:00,1,RANGE,-0.17
NQ,2022-03-21,10:00,-1,RANGE,-0.089
NQ,2022-03-22,10:00,1,RANGE,0.0408
NQ,2022-03-23,10:00,-1,FADE,-0.286
NQ,2022-03-24,10:00,-1,REV,0.1916
NQ,2022-03-25,10:00,-1,RANGE,-0.0084
NQ,2022-03-28,10:00,1,RANGE,-0.0053
NQ,2022-03-29,10:00,1,RANGE,0.4222
NQ,2022-03-30,10:00,1,RANGE,-0.201
NQ,2022-03-31,10:00,-1,CONT,-0.0014
NQ,2022-04-01,10:00,-1,RANGE,0.0808
NQ,2022-04-04,10:00,1,RANGE,0.0993
NQ,2022-04-05,10:00,-1,RANGE,-0.1728
NQ,2022-04-06,10:00,-1,RANGE,-0.6803
NQ,2022-04-07,10:00,1,RANGE,-0.1156
NQ,2022-04-08,10:00,-1,RANGE,-0.2268
NQ,2022-04-11,10:00,-1,RANGE,-0.5578
NQ,2022-04-12,10:00,1,REV,0.6266
NQ,2022-04-13,10:00,1,CONT,0.0348
NQ,2022-04-14,10:00,-1,RANGE,0.0073
NQ,2022-04-18,10:00,1,RANGE,-0.1391
NQ,2022-04-19,10:00,1,RANGE,-0.1382
NQ,2022-04-20,10:00,-1,RANGE,0.1288
NQ,2022-04-21,10:00,1,REV,0.5517
NQ,2022-04-22,10:00,-1,CONT,0.0108
NQ,2022-04-25,10:00,-1,RANGE,-0.2056
NQ,2022-04-26,10:00,-1,RANGE,-0.2626
NQ,2022-04-27,10:00,1,RANGE,0.037
NQ,2022-04-28,10:00,-1,FADE,0.6077
NQ,2022-04-29,10:00,1,REV,-0.4838
NQ,2022-05-02,10:00,1,RANGE,-0.0379
NQ,2022-05-03,10:00,1,RANGE,0.0077
NQ,2022-05-04,10:00,-1,REV,0.044
NQ,2022-05-05,10:00,-1,CONT,-0.4758
NQ,2022-05-06,10:00,-1,RANGE,-0.2352
NQ,2022-05-09,10:00,1,REV,-0.5747
NQ,2022-05-10,10:00,-1,FADE,0.6799
NQ,2022-05-11,10:00,1,RANGE,-0.2194
NQ,2022-05-12,10:00,1,FADE,-0.4073
NQ,2022-05-13,10:00,1,RANGE,0.4051
NQ,2022-05-16,10:00,-1,RANGE,-0.1586
NQ,2022-05-17,10:00,-1,RANGE,0.5297
NQ,2022-05-18,10:00,-1,CONT,-0.4274
NQ,2022-05-19,10:00,1,RANGE,-0.1613
NQ,2022-05-20,10:00,-1,FADE,0.3273
NQ,2022-05-23,10:00,-1,RANGE,0.106
NQ,2022-05-24,10:00,-1,RANGE,-0.4717
NQ,2022-05-25,10:00,1,RANGE,-0.1404
NQ,2022-05-26,10:00,1,RANGE,-0.08
NQ,2022-05-27,10:00,1,RANGE,0.2914
NQ,2022-05-31,10:00,-1,RANGE,-0.308
NQ,2022-06-01,10:00,1,RANGE,0.2013
NQ,2022-06-02,10:00,1,CONT,-0.1122
NQ,2022-06-03,10:00,1,RANGE,-0.5456
NQ,2022-06-06,10:00,1,FADE,0.4644
NQ,2022-06-07,10:00,1,FADE,-0.3676
NQ,2022-06-08,10:00,1,RANGE,-0.0975
NQ,2022-06-09,10:00,1,REV,-0.2059
NQ,2022-06-10,10:00,-1,RANGE,-0.6223
NQ,2022-06-13,10:00,1,RANGE,-0.9336
NQ,2022-06-14,10:00,-1,RANGE,0.2307
NQ,2022-06-15,10:00,1,FADE,0.3618
NQ,2022-06-16,10:00,-1,RANGE,-0.8263
NQ,2022-06-17,10:00,1,RANGE,0.0644
NQ,2022-06-21,10:00,1,RANGE,0.1675
NQ,2022-06-22,10:00,1,FADE,-0.3111
NQ,2022-06-23,10:00,-1,FADE,0.2944
NQ,2022-06-24,10:00,1,RANGE,0.3448
NQ,2022-06-27,10:00,-1,RANGE,0.123
NQ,2022-06-28,10:00,1,REV,0.0565
NQ,2022-06-29,10:00,1,RANGE,-0.0136
NQ,2022-06-30,10:00,-1,FADE,-0.3923
NQ,2022-07-01,10:00,1,RANGE,-0.1727
NQ,2022-07-05,10:00,-1,REV,-0.3168
NQ,2022-07-06,10:00,1,RANGE,0.0389
NQ,2022-07-07,10:00,1,CONT,0.1032
NQ,2022-07-08,10:00,-1,FADE,-0.3764
NQ,2022-07-11,10:00,-1,RANGE,-0.3446
NQ,2022-07-12,10:00,-1,RANGE,0.1792
NQ,2022-07-13,10:00,1,CONT,-0.7896
NQ,2022-07-14,10:00,-1,FADE,-0.3878
NQ,2022-07-15,10:00,-1,RANGE,0.4436
NQ,2022-07-18,10:00,1,REV,0.4162
NQ,2022-07-19,10:00,1,CONT,0.5367
NQ,2022-07-20,10:00,-1,REV,0.0684
NQ,2022-07-21,10:00,1,RANGE,0.0602
NQ,2022-07-22,10:00,-1,RANGE,-0.1305
NQ,2022-07-25,10:00,-1,RANGE,0.0
NQ,2022-07-26,10:00,-1,CONT,-0.2673
NQ,2022-07-27,10:00,1,CONT,0.6947
NQ,2022-07-28,10:00,-1,RANGE,-0.0304
NQ,2022-07-29,10:00,1,RANGE,0.2192
NQ,2022-08-01,10:00,1,FADE,-0.252
NQ,2022-08-02,10:00,1,FADE,-0.3207
NQ,2022-08-03,10:00,1,RANGE,0.2366
NQ,2022-08-04,10:00,1,RANGE,0.0073
NQ,2022-08-05,10:00,1,FADE,-0.7053
NQ,2022-08-08,10:00,1,RANGE,0.1259
NQ,2022-08-09,10:00,-1,RANGE,-0.2676
NQ,2022-08-10,10:00,-1,RANGE,1.0379
NQ,2022-08-11,10:00,1,FADE,0.3209
NQ,2022-08-12,10:00,1,CONT,0.2857
NQ,2022-08-15,10:00,1,RANGE,-0.1491
NQ,2022-08-16,10:00,-1,RANGE,-0.1489
NQ,2022-08-17,10:00,1,RANGE,-0.4804
NQ,2022-08-18,10:00,-1,RANGE,-0.0168
NQ,2022-08-19,10:00,-1,RANGE,-0.4675
NQ,2022-08-22,10:00,-1,RANGE,-0.666
NQ,2022-08-23,10:00,1,RANGE,-0.0631
NQ,2022-08-24,10:00,1,RANGE,-0.0825
NQ,2022-08-25,10:00,1,RANGE,0.284
NQ,2022-08-26,10:00,-1,CONT,-0.0513
NQ,2022-08-29,10:00,1,FADE,-0.4294
NQ,2022-08-30,10:00,-1,FADE,0.2598
NQ,2022-08-31,10:00,-1,FADE,0.4621
NQ,2022-09-01,10:00,1,FADE,-0.4198
NQ,2022-09-02,10:00,-1,CONT,0.4489
NQ,2022-09-06,10:00,-1,RANGE,-0.0294
NQ,2022-09-07,10:00,1,CONT,0.0681
NQ,2022-09-08,10:00,1,FADE,-0.3321
NQ,2022-09-09,10:00,1,RANGE,0.3503
NQ,2022-09-12,10:00,1,RANGE,0.5348
NQ,2022-09-13,10:00,-1,CONT,-1.4053
NQ,2022-09-14,10:00,1,RANGE,0.1744
NQ,2022-09-15,10:00,1,FADE,-0.3024
NQ,2022-09-16,10:00,-1,RANGE,-0.4712
NQ,2022-09-19,10:00,1,FADE,-0.3724
NQ,2022-09-20,10:00,1,FADE,-0.3947
NQ,2022-09-21,10:00,1,RANGE,0.1311
NQ,2022-09-22,10:00,-1,RANGE,-0.2085
NQ,2022-09-23,10:00,-1,RANGE,-0.3464
NQ,2022-09-26,10:00,1,RANGE,-0.0771
NQ,2022-09-27,10:00,1,FADE,0.5328
NQ,2022-09-28,10:00,-1,REV,-0.0061
NQ,2022-09-29,10:00,-1,RANGE,-0.5729
NQ,2022-09-30,10:00,1,RANGE,-0.1508
NQ,2022-10-03,10:00,-1,FADE,0.2528
NQ,2022-10-04,10:00,1,RANGE,0.7292
NQ,2022-10-05,10:00,1,FADE,-0.499
NQ,2022-10-06,10:00,1,RANGE,-0.1441
NQ,2022-10-07,10:00,-1,CONT,-0.6224
NQ,2022-10-10,10:00,-1,RANGE,0.0283
NQ,2022-10-11,10:00,-1,RANGE,-0.1862
NQ,2022-10-12,10:00,1,RANGE,0.071
NQ,2022-10-13,10:00,1,CONT,-1.0413
NQ,2022-10-14,10:00,-1,FADE,0.3126
NQ,2022-10-17,10:00,1,RANGE,0.7614
NQ,2022-10-18,10:00,-1,FADE,0.8551
NQ,2022-10-19,10:00,1,RANGE,-0.209
NQ,2022-10-20,10:00,1,RANGE,-0.1282
NQ,2022-10-21,10:00,1,RANGE,-0.1279
NQ,2022-10-24,10:00,1,RANGE,0.0159
NQ,2022-10-25,10:00,1,RANGE,0.1038
NQ,2022-10-26,10:00,1,FADE,-0.6898
NQ,2022-10-27,10:00,-1,RANGE,-0.1522
NQ,2022-10-28,10:00,1,CONT,-0.0794
NQ,2022-10-31,10:00,-1,RANGE,-0.2882
NQ,2022-11-01,10:00,-1,FADE,0.4475
NQ,2022-11-02,10:00,-1,CONT,0.0
NQ,2022-11-03,10:00,-1,RANGE,-0.3277
NQ,2022-11-04,10:00,-1,FADE,0.6191
NQ,2022-11-07,10:00,-1,RANGE,0.1412
NQ,2022-11-08,10:00,-1,RANGE,0.192
NQ,2022-11-09,10:00,-1,CONT,-0.2343
NQ,2022-11-10,10:00,1,CONT,1.5878
NQ,2022-11-11,10:00,1,RANGE,-0.0133
NQ,2022-11-14,10:00,-1,FADE,-0.2651
NQ,2022-11-15,10:00,1,FADE,0.8719
NQ,2022-11-16,10:00,-1,RANGE,-0.2566
NQ,2022-11-17,10:00,1,FADE,-0.5983
NQ,2022-11-18,10:00,-1,FADE,0.3998
NQ,2022-11-21,10:00,1,RANGE,-0.1891
NQ,2022-11-22,10:00,-1,RANGE,0.1003
NQ,2022-11-23,10:00,1,RANGE,-0.0075
NQ,2022-11-28,10:00,1,FADE,-0.3086
NQ,2022-11-29,10:00,-1,RANGE,0.0399
NQ,2022-11-30,10:00,1,CONT,0.0399
NQ,2022-12-01,10:00,1,RANGE,0.0208
NQ,2022-12-02,10:00,1,CONT,-0.8149
NQ,2022-12-05,10:00,1,RANGE,-0.3623
NQ,2022-12-06,10:00,-1,RANGE,-0.0143
NQ,2022-12-07,10:00,-1,RANGE,-0.2018
NQ,2022-12-08,10:00,1,RANGE,0.2238
NQ,2022-12-09,10:00,1,RANGE,-0.1919
NQ,2022-12-12,10:00,1,CONT,0.5565
NQ,2022-12-13,10:00,-1,CONT,2.0391
NQ,2022-12-14,10:00,1,RANGE,-0.1215
NQ,2022-12-15,10:00,-1,RANGE,-0.7431
NQ,2022-12-16,10:00,1,RANGE,-0.1266
NQ,2022-12-19,10:00,-1,RANGE,0.0474
NQ,2022-12-20,10:00,1,RANGE,-0.2167
NQ,2022-12-21,10:00,1,RANGE,0.1687
NQ,2022-12-22,10:00,-1,RANGE,-0.5285
NQ,2022-12-23,10:00,-1,RANGE,-0.2118
NQ,2022-12-27,10:00,-1,RANGE,-0.1037
NQ,2022-12-28,10:00,1,RANGE,-0.0677
NQ,2022-12-29,10:00,1,RANGE,0.4169
NQ,2022-12-30,10:00,1,CONT,-0.4569
NQ,2023-01-03,10:00,-1,FADE,0.3657
NQ,2023-01-04,10:00,-1,FADE,0.3384
NQ,2023-01-05,10:00,-1,RANGE,-0.2782
NQ,2023-01-06,10:00,-1,FADE,0.2737
NQ,2023-01-09,10:00,1,RANGE,0.3139
NQ,2023-01-10,10:00,1,RANGE,-0.1647
NQ,2023-01-11,10:00,1,CONT,0.1375
NQ,2023-01-12,10:00,-1,RANGE,0.0498
NQ,2023-01-13,10:00,1,CONT,-0.4151
NQ,2023-01-17,10:00,1,RANGE,0.1486
NQ,2023-01-18,10:00,1,REV,0.2936
NQ,2023-01-19,10:00,-1,RANGE,-0.3101
NQ,2023-01-20,10:00,1,CONT,0.2914
NQ,2023-01-23,10:00,1,RANGE,0.1165
NQ,2023-01-24,10:00,1,FADE,-0.3104
NQ,2023-01-25,10:00,-1,FADE,-0.8525
NQ,2023-01-26,10:00,-1,FADE,0.6085
NQ,2023-01-27,10:00,1,RANGE,-0.2485
NQ,2023-01-30,10:00,1,RANGE,-0.6112
NQ,2023-01-31,10:00,1,CONT,0.0138
NQ,2023-02-01,10:00,1,CONT,-0.0429
NQ,2023-02-02,10:00,-1,REV,1.084
NQ,2023-02-03,10:00,1,FADE,-1.0958
NQ,2023-02-06,10:00,1,FADE,-0.4575
NQ,2023-02-07,10:00,-1,REV,-0.0374
NQ,2023-02-08,10:00,-1,CONT,-0.2276
NQ,2023-02-09,10:00,-1,CONT,0.6886
NQ,2023-02-10,10:00,1,FADE,-0.3469
NQ,2023-02-13,10:00,1,RANGE,0.2131
NQ,2023-02-14,10:00,1,FADE,-0.2597
NQ,2023-02-15,10:00,1,CONT,-0.2761
NQ,2023-02-16,10:00,1,FADE,-0.7613
NQ,2023-02-17,10:00,-1,RANGE,-0.3265
NQ,2023-02-21,10:00,-1,CONT,-0.5286
NQ,2023-02-22,10:00,1,RANGE,0.0846
NQ,2023-02-23,10:00,-1,FADE,0.5716
NQ,2023-02-24,10:00,-1,RANGE,-0.8131
NQ,2023-02-27,10:00,1,RANGE,0.5073
NQ,2023-02-28,10:00,1,RANGE,-0.1092
NQ,2023-03-01,10:00,-1,RANGE,-0.0489
NQ,2023-03-02,10:00,1,CONT,-0.448
NQ,2023-03-03,10:00,1,CONT,0.3036
NQ,2023-03-06,10:00,1,RANGE,0.2153
NQ,2023-03-07,10:00,1,RANGE,0.0022
NQ,2023-03-08,10:00,-1,RANGE,0.0747
NQ,2023-03-09,10:00,1,REV,0.0708
NQ,2023-03-10,10:00,-1,RANGE,0.0553
NQ,2023-03-13,10:00,1,RANGE,0.2081
NQ,2023-03-14,10:00,1,RANGE,0.6825
NQ,2023-03-15,10:00,-1,REV,-0.5199
NQ,2023-03-16,10:00,1,CONT,-0.204
NQ,2023-03-17,10:00,1,RANGE,-0.0169
NQ,2023-03-20,10:00,-1,RANGE,-0.1026
NQ,2023-03-21,10:00,1,FADE,0.3342
NQ,2023-03-22,10:00,1,RANGE,-0.0186
NQ,2023-03-23,10:00,1,FADE,0.6141
NQ,2023-03-24,10:00,-1,RANGE,-0.0791
NQ,2023-03-27,10:00,1,RANGE,0.0977
NQ,2023-03-28,10:00,-1,RANGE,-0.0926
NQ,2023-03-29,10:00,1,RANGE,0.6058
NQ,2023-03-30,10:00,1,RANGE,0.3672
NQ,2023-03-31,10:00,1,CONT,0.0264
NQ,2023-04-03,10:00,1,FADE,-0.36
NQ,2023-04-04,10:00,-1,RANGE,0.0643
NQ,2023-04-05,10:00,-1,RANGE,-0.1992
NQ,2023-04-06,10:00,-1,REV,-0.2645
NQ,2023-04-10,10:00,-1,REV,-0.5174
NQ,2023-04-11,10:00,-1,RANGE,-0.0217
NQ,2023-04-12,10:00,-1,FADE,0.3525
NQ,2023-04-13,10:00,1,RANGE,0.3072
NQ,2023-04-14,10:00,1,FADE,-0.3118
NQ,2023-04-17,10:00,-1,RANGE,-0.0861
NQ,2023-04-18,10:00,-1,FADE,0.4325
NQ,2023-04-19,10:00,1,CONT,-0.4992
NQ,2023-04-20,10:00,1,FADE,-0.6391
NQ,2023-04-21,10:00,-1,RANGE,-0.0987
NQ,2023-04-24,10:00,1,RANGE,-0.058
NQ,2023-04-25,10:00,-1,CONT,-0.3832
NQ,2023-04-26,10:00,1,RANGE,0.7541
NQ,2023-04-27,10:00,-1,REV,0.8334
NQ,2023-04-28,10:00,-1,RANGE,-0.0563
NQ,2023-05-01,10:00,1,RANGE,-0.1175
NQ,2023-05-02,10:00,-1,RANGE,-0.0158
NQ,2023-05-03,10:00,1,RANGE,0.0728
NQ,2023-05-04,10:00,-1,RANGE,-0.0883
NQ,2023-05-05,10:00,1,CONT,0.4777
NQ,2023-05-08,10:00,-1,RANGE,-0.1182
NQ,2023-05-09,10:00,1,RANGE,-0.3865
NQ,2023-05-10,10:00,1,FADE,0.5282
NQ,2023-05-11,10:00,-1,RANGE,0.0896
NQ,2023-05-12,10:00,-1,RANGE,0.116
NQ,2023-05-15,10:00,-1,RANGE,0.1082
NQ,2023-05-16,10:00,1,RANGE,-0.2025
NQ,2023-05-17,10:00,-1,REV,0.2432
NQ,2023-05-18,10:00,1,CONT,0.0505
NQ,2023-05-19,10:00,-1,RANGE,0.0467
NQ,2023-05-22,10:00,1,RANGE,-0.0567
NQ,2023-05-23,10:00,1,REV,-0.4169
NQ,2023-05-24,10:00,-1,FADE,-0.4711
NQ,2023-05-25,10:00,-1,RANGE,1.7522
NQ,2023-05-26,10:00,1,CONT,0.233
NQ,2023-05-30,10:00,-1,FADE,0.574
NQ,2023-05-31,10:00,1,FADE,-0.3634
NQ,2023-06-01,10:00,1,CONT,-0.0207
NQ,2023-06-02,10:00,-1,FADE,0.371
NQ,2023-06-05,10:00,1,RANGE,-0.0621
NQ,2023-06-06,10:00,-1,RANGE,-0.1435
NQ,2023-06-07,10:00,1,REV,0.0463
NQ,2023-06-08,10:00,1,CONT,0.0324
NQ,2023-06-09,10:00,1,FADE,0.3142
NQ,2023-06-12,10:00,-1,REV,1.2496
NQ,2023-06-13,10:00,-1,FADE,0.5132
NQ,2023-06-14,10:00,1,RANGE,-0.0046
NQ,2023-06-15,10:00,1,CONT,-0.2855
NQ,2023-06-16,10:00,-1,FADE,0.4221
NQ,2023-06-20,10:00,1,RANGE,-0.124
NQ,2023-06-21,10:00,-1,RANGE,-0.2317
NQ,2023-06-22,10:00,1,FADE,-0.2797
NQ,2023-06-23,10:00,-1,RANGE,-0.7668
NQ,2023-06-26,10:00,1,RANGE,-0.11
NQ,2023-06-27,10:00,1,CONT,0.2694
NQ,2023-06-28,10:00,1,FADE,-0.3461
NQ,2023-06-29,10:00,-1,RANGE,-0.0884
NQ,2023-06-30,10:00,1,RANGE,0.6725
NQ,2023-07-05,10:00,1,RANGE,-0.233
NQ,2023-07-06,10:00,-1,RANGE,-0.7897
NQ,2023-07-07,10:00,1,RANGE,-0.0726
NQ,2023-07-10,10:00,-1,RANGE,-0.0703
NQ,2023-07-11,10:00,-1,RANGE,0.0613
NQ,2023-07-12,10:00,1,RANGE,0.8772
NQ,2023-07-13,10:00,1,CONT,0.6344
NQ,2023-07-14,10:00,1,RANGE,0.0823
NQ,2023-07-17,10:00,1,CONT,0.1384
NQ,2023-07-18,10:00,-1,RANGE,-0.145
NQ,2023-07-19,10:00,-1,RANGE,0.1933
NQ,2023-07-20,10:00,1,REV,-0.6142
NQ,2023-07-21,10:00,-1,FADE,0.4809
NQ,2023-07-24,10:00,-1,RANGE,0.1982
NQ,2023-07-25,10:00,1,RANGE,0.1271
NQ,2023-07-26,10:00,1,FADE,-0.2575
NQ,2023-07-27,10:00,1,REV,1.156
NQ,2023-07-28,10:00,1,RANGE,0.8343
NQ,2023-07-31,10:00,-1,RANGE,0.0491
NQ,2023-08-01,10:00,-1,FADE,-0.3169
NQ,2023-08-02,10:00,-1,RANGE,-0.6937
NQ,2023-08-03,10:00,1,FADE,-0.4829
NQ,2023-08-04,10:00,-1,FADE,0.3619
NQ,2023-08-07,10:00,-1,FADE,0.3299
NQ,2023-08-08,10:00,-1,RANGE,-0.4692
NQ,2023-08-09,10:00,-1,CONT,0.0459
NQ,2023-08-10,10:00,1,FADE,0.5178
NQ,2023-08-11,10:00,-1,FADE,-0.4656
NQ,2023-08-14,10:00,1,RANGE,-0.1412
NQ,2023-08-15,10:00,-1,RANGE,-0.2022
NQ,2023-08-16,10:00,1,REV,-0.1109
NQ,2023-08-17,10:00,-1,CONT,0.2374
NQ,2023-08-18,10:00,1,CONT,-0.6226
NQ,2023-08-21,10:00,1,RANGE,0.2604
NQ,2023-08-22,10:00,-1,FADE,0.4522
NQ,2023-08-23,10:00,1,RANGE,0.2126
NQ,2023-08-24,10:00,-1,CONT,0.5823
NQ,2023-08-25,10:00,1,RANGE,0.1578
NQ,2023-08-28,10:00,-1,FADE,0.5019
NQ,2023-08-29,10:00,1,RANGE,-0.0559
NQ,2023-08-30,10:00,1,RANGE,0.0109
NQ,2023-08-31,10:00,1,RANGE,-0.0406
NQ,2023-09-01,10:00,-1,FADE,0.4242
NQ,2023-09-05,10:00,-1,RANGE,-0.1832
NQ,2023-09-06,10:00,-1,RANGE,-0.1536
NQ,2023-09-07,10:00,-1,RANGE,-0.8855
NQ,2023-09-08,10:00,1,RANGE,-0.0171
NQ,2023-09-11,10:00,-1,RANGE,1.4816
NQ,2023-09-12,10:00,1,FADE,-0.3246
NQ,2023-09-13,10:00,1,RANGE,0.0265
NQ,2023-09-14,10:00,-1,FADE,0.2923
NQ,2023-09-15,10:00,-1,RANGE,-0.2811
NQ,2023-09-18,10:00,1,RANGE,-0.1544
NQ,2023-09-19,10:00,-1,FADE,-0.2655
NQ,2023-09-20,10:00,-1,CONT,0.1912
NQ,2023-09-21,10:00,-1,RANGE,-0.7468
NQ,2023-09-22,10:00,1,FADE,0.3601
NQ,2023-09-25,10:00,1,RANGE,-0.2069
NQ,2023-09-26,10:00,-1,RANGE,-0.5461
NQ,2023-09-27,10:00,1,RANGE,0.2215
NQ,2023-09-28,10:00,1,RANGE,-0.2388
NQ,2023-09-29,10:00,1,FADE,0.6722
NQ,2023-10-02,10:00,1,RANGE,0.0255
NQ,2023-10-03,10:00,1,FADE,-0.4857
NQ,2023-10-04,10:00,1,CONT,0.1447
NQ,2023-10-05,10:00,-1,RANGE,-0.0463
NQ,2023-10-06,10:00,1,CONT,-0.5604
NQ,2023-10-09,10:00,1,CONT,-0.4093
NQ,2023-10-10,10:00,1,RANGE,0.0427
NQ,2023-10-11,10:00,1,RANGE,0.2286
NQ,2023-10-12,10:00,-1,RANGE,0.0659
NQ,2023-10-13,10:00,1,REV,0.1114
NQ,2023-10-16,10:00,1,RANGE,0.2243
NQ,2023-10-17,10:00,-1,FADE,-0.6281
NQ,2023-10-18,10:00,1,FADE,-0.4384
NQ,2023-10-19,10:00,-1,CONT,0.2558
NQ,2023-10-20,10:00,-1,CONT,-0.0931
NQ,2023-10-23,10:00,1,RANGE,-0.2324
NQ,2023-10-24,10:00,1,FADE,0.2749
NQ,2023-10-25,10:00,-1,CONT,-0.4076
NQ,2023-10-26,10:00,-1,RANGE,-0.2095
NQ,2023-10-27,10:00,1,FADE,0.4209
NQ,2023-10-30,10:00,1,RANGE,0.3757
NQ,2023-10-31,10:00,-1,RANGE,0.0019
NQ,2023-11-01,10:00,1,CONT,0.1188
NQ,2023-11-02,10:00,-1,RANGE,0.6819
NQ,2023-11-03,10:00,1,RANGE,0.1955
NQ,2023-11-06,10:00,1,RANGE,0.1171
NQ,2023-11-07,10:00,1,RANGE,0.1716
NQ,2023-11-08,10:00,1,RANGE,0.0543
NQ,2023-11-09,10:00,1,REV,0.0851
NQ,2023-11-10,10:00,1,CONT,0.285
NQ,2023-11-13,10:00,-1,FADE,-0.2764
NQ,2023-11-14,10:00,1,RANGE,1.101
NQ,2023-11-15,10:00,-1,FADE,0.3196
NQ,2023-11-16,10:00,1,RANGE,-0.1658
NQ,2023-11-17,10:00,1,RANGE,-0.1494
NQ,2023-11-20,10:00,1,CONT,-0.0111
NQ,2023-11-21,10:00,-1,RANGE,-0.3446
NQ,2023-11-22,10:00,-1,FADE,0.3708
NQ,2023-11-27,10:00,1,RANGE,-0.0643
NQ,2023-11-28,10:00,-1,REV,-0.1814
NQ,2023-11-29,10:00,1,FADE,0.5577
NQ,2023-11-30,10:00,-1,RANGE,0.0373
NQ,2023-12-01,10:00,-1,FADE,-0.2784
NQ,2023-12-04,10:00,-1,RANGE,-0.9647
NQ,2023-12-05,10:00,1,FADE,-0.4503
NQ,2023-12-06,10:00,-1,FADE,0.686
NQ,2023-12-07,10:00,-1,RANGE,0.6539
NQ,2023-12-08,10:00,1,FADE,-0.4305
NQ,2023-12-11,10:00,1,RANGE,1.092
NQ,2023-12-12,10:00,1,CONT,-0.0187
NQ,2023-12-13,10:00,1,CONT,0.1804
NQ,2023-12-14,10:00,1,RANGE,0.2256
NQ,2023-12-15,10:00,1,RANGE,0.1696
NQ,2023-12-18,10:00,1,CONT,0.1412
NQ,2023-12-19,10:00,1,RANGE,0.0752
NQ,2023-12-20,10:00,1,REV,-0.1951
NQ,2023-12-21,10:00,-1,RANGE,0.8386
NQ,2023-12-22,10:00,1,RANGE,0.2473
NQ,2023-12-26,10:00,1,CONT,0.146
NQ,2023-12-27,10:00,1,RANGE,0.0361
NQ,2023-12-28,10:00,-1,RANGE,0.1583
NQ,2023-12-29,10:00,1,RANGE,-0.0091
NQ,2024-01-02,10:00,-1,RANGE,-0.8192
NQ,2024-01-03,10:00,1,RANGE,-0.5482
NQ,2024-01-04,10:00,1,FADE,-0.4436
NQ,2024-01-05,10:00,1,RANGE,0.0281
NQ,2024-01-08,10:00,1,CONT,0.2505
NQ,2024-01-09,10:00,1,CONT,-0.6685
NQ,2024-01-10,10:00,-1,RANGE,0.0414
NQ,2024-01-11,10:00,-1,RANGE,0.2259
NQ,2024-01-12,10:00,-1,RANGE,0.2172
NQ,2024-01-16,10:00,-1,FADE,-0.294
NQ,2024-01-17,10:00,-1,RANGE,-0.7817
NQ,2024-01-18,10:00,1,CONT,0.6791
NQ,2024-01-19,10:00,1,CONT,0.4145
NQ,2024-01-22,10:00,1,FADE,0.4319
NQ,2024-01-23,10:00,-1,RANGE,0.1365
NQ,2024-01-24,10:00,-1,RANGE,0.8351
NQ,2024-01-25,10:00,-1,FADE,0.4818
NQ,2024-01-26,10:00,-1,FADE,-0.3845
NQ,2024-01-29,10:00,1,CONT,0.0887
NQ,2024-01-30,10:00,1,RANGE,-0.2174
NQ,2024-01-31,10:00,-1,CONT,-0.9146
NQ,2024-02-01,10:00,-1,REV,0.3271
NQ,2024-02-02,10:00,1,CONT,0.3185
NQ,2024-02-05,10:00,-1,RANGE,-0.0318
NQ,2024-02-06,10:00,-1,RANGE,0.2061
NQ,2024-02-07,10:00,-1,RANGE,0.5267
NQ,2024-02-08,10:00,1,RANGE,-0.0257
NQ,2024-02-09,10:00,1,CONT,0.2135
NQ,2024-02-12,10:00,1,RANGE,-0.0446
NQ,2024-02-13,10:00,1,RANGE,-1.563
NQ,2024-02-14,10:00,1,FADE,0.4773
NQ,2024-02-15,10:00,-1,RANGE,0.084
NQ,2024-02-16,10:00,-1,RANGE,0.0585
NQ,2024-02-20,10:00,-1,RANGE,-0.6156
NQ,2024-02-21,10:00,-1,RANGE,-0.5415
NQ,2024-02-22,10:00,1,CONT,1.6601
NQ,2024-02-23,10:00,-1,FADE,0.2605
NQ,2024-02-26,10:00,-1,RANGE,0.13
NQ,2024-02-27,10:00,-1,RANGE,0.1762
NQ,2024-02-28,10:00,-1,RANGE,-0.4096
NQ,2024-02-29,10:00,1,FADE,0.5138
NQ,2024-03-01,10:00,1,CONT,0.1348
NQ,2024-03-04,10:00,-1,RANGE,-0.0219
NQ,2024-03-05,10:00,-1,RANGE,-0.5872
NQ,2024-03-06,10:00,-1,FADE,0.7722
NQ,2024-03-07,10:00,1,RANGE,0.6138
NQ,2024-03-08,10:00,1,REV,0.037
NQ,2024-03-11,10:00,-1,RANGE,0.7446
NQ,2024-03-12,10:00,-1,FADE,0.3819
NQ,2024-03-13,10:00,-1,RANGE,-0.1945
NQ,2024-03-14,10:00,-1,RANGE,0.1837
NQ,2024-03-15,10:00,-1,RANGE,-0.5075
NQ,2024-03-18,10:00,1,RANGE,0.8994
NQ,2024-03-19,10:00,-1,FADE,-0.3269
NQ,2024-03-20,10:00,-1,REV,0.1855
NQ,2024-03-21,10:00,-1,CONT,0.7824
NQ,2024-03-22,10:00,-1,RANGE,-0.0874
NQ,2024-03-25,10:00,1,FADE,-0.4707
NQ,2024-03-26,10:00,1,REV,0.2441
NQ,2024-03-27,10:00,-1,FADE,0.4734
NQ,2024-03-28,10:00,1,RANGE,-0.0273
NQ,2024-04-01,10:00,1,RANGE,0.1553
NQ,2024-04-02,10:00,-1,RANGE,-0.8808
NQ,2024-04-03,10:00,1,FADE,-0.3661
NQ,2024-04-04,10:00,-1,CONT,0.7261
NQ,2024-04-05,10:00,1,RANGE,0.2541
NQ,2024-04-08,10:00,-1,RANGE,0.1487
NQ,2024-04-09,10:00,-1,FADE,0.4018
NQ,2024-04-10,10:00,1,RANGE,-0.9448
NQ,2024-04-11,10:00,-1,REV,0.3177
NQ,2024-04-12,10:00,1,RANGE,-0.7723
NQ,2024-04-15,10:00,-1,CONT,0.6287
NQ,2024-04-16,10:00,1,RANGE,-0.0311
NQ,2024-04-17,10:00,-1,CONT,0.3233
NQ,2024-04-18,10:00,-1,RANGE,0.0754
NQ,2024-04-19,10:00,-1,CONT,-0.197
NQ,2024-04-22,10:00,-1,FADE,0.4051
NQ,2024-04-23,10:00,1,RANGE,0.2868
NQ,2024-04-24,10:00,1,FADE,0.4424
NQ,2024-04-25,10:00,1,CONT,-1.0751
NQ,2024-04-26,10:00,1,RANGE,0.4449
NQ,2024-04-29,10:00,-1,FADE,0.2712
NQ,2024-04-30,10:00,1,REV,-0.228
NQ,2024-05-01,10:00,-1,RANGE,-0.2032
NQ,2024-05-02,10:00,-1,FADE,0.484
NQ,2024-05-03,10:00,1,RANGE,1.0205
NQ,2024-05-06,10:00,1,CONT,0.2374
NQ,2024-05-07,10:00,-1,RANGE,0.0452
NQ,2024-05-08,10:00,1,FADE,-0.3723
NQ,2024-05-09,10:00,-1,RANGE,0.0126
NQ,2024-05-10,10:00,1,RANGE,0.204
NQ,2024-05-13,10:00,-1,FADE,0.2802
NQ,2024-05-14,10:00,1,RANGE,-0.0837
NQ,2024-05-15,10:00,-1,REV,0.3828
NQ,2024-05-16,10:00,1,RANGE,-0.0551
NQ,2024-05-17,10:00,-1,RANGE,0.001
NQ,2024-05-20,10:00,1,RANGE,0.0214
NQ,2024-05-21,10:00,1,CONT,-0.3538
NQ,2024-05-22,10:00,1,RANGE,0.0333
NQ,2024-05-23,10:00,-1,CONT,0.8759
NQ,2024-05-24,10:00,-1,RANGE,0.3048
NQ,2024-05-28,10:00,-1,RANGE,-0.1482
NQ,2024-05-29,10:00,1,RANGE,-0.91
NQ,2024-05-30,10:00,-1,CONT,-0.249
NQ,2024-05-31,10:00,-1,RANGE,-0.0109
NQ,2024-06-03,10:00,-1,FADE,0.6263
NQ,2024-06-04,10:00,-1,RANGE,-0.0795
NQ,2024-06-05,10:00,1,CONT,0.7623
NQ,2024-06-06,10:00,-1,RANGE,0.124
NQ,2024-06-07,10:00,-1,RANGE,-0.125
NQ,2024-06-10,10:00,1,CONT,-0.2573
NQ,2024-06-11,10:00,-1,REV,-0.2663
NQ,2024-06-12,10:00,1,RANGE,0.7671
NQ,2024-06-13,10:00,-1,FADE,0.6833
NQ,2024-06-14,10:00,1,RANGE,-0.0677
NQ,2024-06-17,10:00,-1,REV,1.262
NQ,2024-06-18,10:00,-1,RANGE,-0.0202
NQ,2024-06-20,10:00,-1,CONT,0.0644
NQ,2024-06-21,10:00,-1,RANGE,-0.0807
NQ,2024-06-24,10:00,1,REV,-0.2357
NQ,2024-06-25,10:00,1,RANGE,0.3684
NQ,2024-06-26,10:00,1,RANGE,-0.1585
NQ,2024-06-27,10:00,1,RANGE,-0.0611
NQ,2024-06-28,10:00,1,RANGE,0.0986
NQ,2024-07-01,10:00,-1,RANGE,0.1728
NQ,2024-07-02,10:00,1,CONT,-0.2966
NQ,2024-07-05,10:00,1,CONT,0.2755
NQ,2024-07-08,10:00,1,RANGE,0.0481
NQ,2024-07-09,10:00,1,FADE,0.2569
NQ,2024-07-10,10:00,1,CONT,0.3633
NQ,2024-07-11,10:00,-1,CONT,0.0
NQ,2024-07-12,10:00,1,RANGE,0.0591
NQ,2024-07-15,10:00,1,FADE,0.2929
NQ,2024-07-16,10:00,-1,FADE,0.2515
NQ,2024-07-17,10:00,-1,RANGE,-1.4834
NQ,2024-07-18,10:00,-1,CONT,0.5829
NQ,2024-07-19,10:00,1,RANGE,-0.0873
NQ,2024-07-22,10:00,1,RANGE,0.9036
NQ,2024-07-23,10:00,1,RANGE,-0.1484
NQ,2024-07-24,10:00,-1,CONT,-1.0526
NQ,2024-07-25,10:00,-1,RANGE,0.0414
NQ,2024-07-26,10:00,-1,RANGE,0.5387
NQ,2024-07-29,10:00,1,FADE,0.3478
NQ,2024-07-30,10:00,-1,CONT,0.2497
NQ,2024-07-31,10:00,1,RANGE,1.3199
NQ,2024-08-01,10:00,1,REV,0.0817
NQ,2024-08-02,10:00,-1,RANGE,-0.9735
NQ,2024-08-05,10:00,1,RANGE,-2.4601
NQ,2024-08-06,10:00,1,RANGE,0.1245
NQ,2024-08-07,10:00,1,REV,0.5961
NQ,2024-08-08,10:00,-1,RANGE,0.514
NQ,2024-08-09,10:00,-1,RANGE,-0.1384
NQ,2024-08-12,10:00,-1,RANGE,0.0642
NQ,2024-08-13,10:00,1,CONT,0.3613
NQ,2024-08-14,10:00,-1,RANGE,0.0719
NQ,2024-08-15,10:00,1,RANGE,0.5055
NQ,2024-08-16,10:00,-1,RANGE,-0.1711
NQ,2024-08-19,10:00,-1,REV,0.0021
NQ,2024-08-20,10:00,1,RANGE,-0.0874
NQ,2024-08-21,10:00,1,RANGE,0.0626
NQ,2024-08-22,10:00,-1,CONT,0.2012
NQ,2024-08-23,10:00,-1,FADE,0.3733
NQ,2024-08-26,10:00,-1,RANGE,-0.0571
NQ,2024-08-27,10:00,1,RANGE,-0.1526
NQ,2024-08-28,10:00,-1,RANGE,-0.0575
NQ,2024-08-29,10:00,1,RANGE,0.1781
NQ,2024-08-30,10:00,1,FADE,0.4062
NQ,2024-09-03,10:00,-1,CONT,-0.4961
NQ,2024-09-04,10:00,1,FADE,-0.3811
NQ,2024-09-05,10:00,1,RANGE,-0.2104
NQ,2024-09-06,10:00,-1,RANGE,-0.1424
NQ,2024-09-09,10:00,1,FADE,0.5088
NQ,2024-09-10,10:00,1,RANGE,0.2072
NQ,2024-09-11,10:00,-1,RANGE,0.1419
NQ,2024-09-12,10:00,-1,REV,0.0121
NQ,2024-09-13,10:00,1,RANGE,-0.1238
NQ,2024-09-16,10:00,-1,FADE,0.4217
NQ,2024-09-17,10:00,-1,FADE,0.3763
NQ,2024-09-18,10:00,-1,RANGE,0.1425
NQ,2024-09-19,10:00,-1,RANGE,1.3641
NQ,2024-09-20,10:00,-1,RANGE,-0.1328
NQ,2024-09-23,10:00,-1,RANGE,0.1288
NQ,2024-09-24,10:00,-1,RANGE,0.174
NQ,2024-09-25,10:00,1,RANGE,-0.0869
NQ,2024-09-26,10:00,-1,FADE,0.9493
NQ,2024-09-27,10:00,-1,CONT,0.1114
NQ,2024-09-30,10:00,1,RANGE,-0.1357
NQ,2024-10-01,10:00,-1,RANGE,-0.0557
NQ,2024-10-02,10:00,-1,RANGE,-0.1132
NQ,2024-10-03,10:00,1,FADE,-0.3134
NQ,2024-10-04,10:00,-1,FADE,0.7742
NQ,2024-10-07,10:00,-1,RANGE,-0.3063
NQ,2024-10-08,10:00,1,CONT,0.3534
NQ,2024-10-09,10:00,-1,REV,-0.0606
NQ,2024-10-10,10:00,-1,FADE,-0.3649
NQ,2024-10-11,10:00,1,FADE,-0.3338
NQ,2024-10-14,10:00,1,RANGE,0.3768
NQ,2024-10-15,10:00,-1,CONT,0.037
NQ,2024-10-16,10:00,-1,RANGE,0.0325
NQ,2024-10-17,10:00,-1,FADE,0.8456
NQ,2024-10-18,10:00,1,RANGE,0.4087
NQ,2024-10-21,10:00,1,RANGE,-0.2235
NQ,2024-10-22,10:00,1,FADE,-0.4689
NQ,2024-10-23,10:00,-1,RANGE,-0.4195
NQ,2024-10-24,10:00,-1,RANGE,0.58
NQ,2024-10-25,10:00,1,RANGE,0.4296
NQ,2024-10-28,10:00,-1,FADE,0.4918
NQ,2024-10-29,10:00,1,RANGE,0.0403
NQ,2024-10-30,10:00,-1,RANGE,-0.1332
NQ,2024-10-31,10:00,-1,RANGE,-0.6744
NQ,2024-11-01,10:00,1,RANGE,0.2185
NQ,2024-11-04,10:00,1,RANGE,-0.1008
NQ,2024-11-05,10:00,1,RANGE,0.2557
NQ,2024-11-06,10:00,-1,RANGE,1.3217
NQ,2024-11-07,10:00,1,CONT,0.4077
NQ,2024-11-08,10:00,1,RANGE,-0.1273
NQ,2024-11-11,10:00,-1,RANGE,0.1744
NQ,2024-11-12,10:00,1,RANGE,-0.0215
NQ,2024-11-13,10:00,-1,RANGE,-0.0977
NQ,2024-11-14,10:00,-1,RANGE,-0.0776
NQ,2024-11-15,10:00,-1,CONT,-0.9269
NQ,2024-11-18,10:00,-1,RANGE,0.224
NQ,2024-11-19,10:00,1,CONT,-0.377
NQ,2024-11-20,10:00,-1,RANGE,-0.0415
NQ,2024-11-21,10:00,-1,FADE,0.432
NQ,2024-11-22,10:00,1,RANGE,-0.1096
NQ,2024-11-25,10:00,-1,FADE,0.5876
NQ,2024-11-26,10:00,1,RANGE,0.2052
NQ,2024-11-27,10:00,-1,RANGE,-0.186
NQ,2024-12-02,10:00,1,RANGE,0.1912
NQ,2024-12-03,10:00,1,RANGE,-0.2169
NQ,2024-12-04,10:00,0,,0.5218
NQ,2024-12-05,10:00,-1,RANGE,-0.009
NQ,2024-12-06,10:00,1,RANGE,0.0654
NQ,2024-12-09,10:00,1,REV,-0.1802
NQ,2024-12-10,10:00,1,RANGE,0.1946
NQ,2024-12-11,10:00,1,RANGE,0.7389
NQ,2024-12-12,10:00,-1,RANGE,-0.3824
NQ,2024-12-13,10:00,1,FADE,0.5989
NQ,2024-12-16,10:00,1,CONT,0.4306
NQ,2024-12-17,10:00,-1,RANGE,0.9238
NQ,2024-12-18,10:00,1,REV,-0.1433
NQ,2024-12-19,10:00,-1,FADE,0.6574
NQ,2024-12-20,10:00,1,FADE,-0.6127
NQ,2024-12-23,10:00,1,RANGE,0.1748
NQ,2024-12-26,10:00,-1,FADE,-0.2802
NQ,2024-12-27,10:00,-1,RANGE,-0.5412
NQ,2024-12-30,10:00,-1,RANGE,-0.9225
NQ,2024-12-31,10:00,-1,CONT,0.1338
NQ,2025-01-02,10:00,1,FADE,0.3834
NQ,2025-01-03,10:00,1,RANGE,0.3587
NQ,2025-01-06,10:00,1,RANGE,0.6346
NQ,2025-01-07,10:00,-1,CONT,0.1122
NQ,2025-01-08,10:00,-1,RANGE,-0.0085
NQ,2025-01-10,10:00,-1,RANGE,-0.4339
NQ,2025-01-13,10:00,1,FADE,-0.6273
NQ,2025-01-14,10:00,-1,FADE,0.3134
NQ,2025-01-15,10:00,1,RANGE,0.8151
NQ,2025-01-16,10:00,-1,RANGE,0.2374
NQ,2025-01-17,10:00,-1,RANGE,0.9716
NQ,2025-01-21,10:00,-1,RANGE,0.0728
NQ,2025-01-22,10:00,1,RANGE,0.5288
NQ,2025-01-23,10:00,1,CONT,-0.3002
NQ,2025-01-24,10:00,1,RANGE,0.007
NQ,2025-01-27,10:00,1,RANGE,-2.2173
NQ,2025-01-28,10:00,-1,RANGE,0.1164
NQ,2025-01-29,10:00,-1,RANGE,0.0634
NQ,2025-01-30,10:00,1,FADE,0.3221
NQ,2025-01-31,10:00,1,FADE,0.4049
NQ,2025-02-03,10:00,1,FADE,-0.9834
NQ,2025-02-04,10:00,1,RANGE,0.04
NQ,2025-02-05,10:00,1,CONT,-0.3166
NQ,2025-02-06,10:00,1,RANGE,0.0441
NQ,2025-02-07,10:00,1,RANGE,0.0432
NQ,2025-02-10,10:00,1,RANGE,0.5041
NQ,2025-02-11,10:00,1,FADE,-0.395
NQ,2025-02-12,10:00,1,FADE,-0.707
NQ,2025-02-13,10:00,1,RANGE,0.2073
NQ,2025-02-14,10:00,1,CONT,-0.0053
NQ,2025-02-18,10:00,-1,RANGE,0.0723
NQ,2025-02-19,10:00,-1,RANGE,-0.1026
NQ,2025-02-20,10:00,-1,RANGE,-0.1262
NQ,2025-02-21,10:00,-1,CONT,0.1369
NQ,2025-02-24,10:00,-1,RANGE,0.2204
NQ,2025-02-25,10:00,-1,RANGE,-0.1011
NQ,2025-02-26,10:00,1,FADE,0.3018
NQ,2025-02-27,10:00,-1,FADE,0.4981
NQ,2025-02-28,10:00,1,RANGE,-0.0558
