cell,session,policy,always,traded
V2-F,2017-07-10,0,9.226825936,0
V2-F,2017-07-11,0,9.832874974,0
V2-F,2017-07-12,0,-2.569259782,0
V2-F,2017-07-13,0,7.738036677,0
V2-F,2017-07-14,0,4.342687816,0
V2-F,2017-07-17,0,6.377765439,0
V2-F,2017-07-18,0,-3.878591377,0
V2-F,2017-07-19,0,4.694241023,0
V2-F,2017-07-21,0,-3.00047193,0
V2-F,2017-07-24,0,-1.285113072,0
V2-F,2017-07-25,0,-1.639363898,0
V2-F,2017-07-26,0,-0.868748424,0
V2-F,2017-07-27,0,-12.44342557,0
V2-F,2017-07-28,-9.776266158,-20.68422888,1
V2-F,2017-07-31,0,19.6441426,0
V2-F,2017-08-01,0,11.86395492,0
V2-F,2017-08-02,12.65822303,12.65822303,1
V2-F,2017-08-04,0,25.06404911,0
V2-F,2017-08-07,0,-5.739529571,0
V2-F,2017-08-08,0,15.73802493,0
V2-F,2017-08-09,0,35.46084582,0
V2-F,2017-08-10,0,-9.620388334,0
V2-F,2017-08-11,0,1.504456706,0
V2-F,2017-08-14,0,-23.74709753,0
V2-F,2017-08-16,0,-7.133196292,0
V2-F,2017-08-17,0,-63.97754174,0
V2-F,2017-08-18,0,2.304417381,0
V2-F,2017-08-21,0,2.557394715,0
V2-F,2017-08-22,0,-16.98261036,0
V2-F,2017-08-23,0,3.707122069,0
V2-F,2017-08-25,0,-3.877509714,0
V2-F,2017-08-28,0,17.34055234,0
V2-F,2017-08-29,21.25597695,30.2273659,1
V2-F,2017-08-30,0,-7.884788517,0
V2-F,2017-08-31,0,-7.023403236,0
V2-F,2017-09-01,0,8.000386259,0
V2-F,2017-09-06,0,14.3202431,0
V2-F,2017-09-07,0,12.46661074,0
V2-F,2017-09-08,0,2.269285496,0
V2-F,2017-09-11,0,0.2236189445,0
V2-F,2017-09-12,0,9.3451839,0
V2-F,2017-09-13,0,7.757342199,0
V2-F,2017-09-14,0,15.30359866,0
V2-F,2017-09-15,0,6.447791389,0
V2-F,2017-09-18,0,-6.827941261,0
V2-F,2017-09-21,0,-34.49616581,0
V2-F,2017-09-25,0,-21.64777448,0
V2-F,2017-09-26,0,8.957619852,0
V2-F,2017-09-27,0,21.06071425,0
V2-F,2017-09-28,0,17.71488319,0
V2-F,2017-09-29,0,10.05415056,0
V2-F,2017-10-02,0,-19.22891799,0
V2-F,2017-10-03,0,8.101767698,0
V2-F,2017-10-04,0,-3.578571429,0
V2-F,2017-10-05,0,-1.482465368,0
V2-F,2017-10-06,0,-1.585246725,0
V2-F,2017-10-09,0,-2.085827193,0
V2-F,2017-10-10,0,21.88906148,0
V2-F,2017-10-12,0,13.72457612,0
V2-F,2017-10-13,0,-16.73258338,0
V2-F,2017-10-16,0,10.51955772,0
V2-F,2017-10-17,0,1.813195353,0
V2-F,2017-10-18,0,2.180845868,0
V2-F,2017-10-19,0,7.934126725,0
V2-F,2017-10-20,0,2.463922179,0
V2-F,2017-10-25,0,-21.71990831,0
V2-F,2017-10-26,0,-1.236100273,0
V2-F,2017-10-27,0,-33.99171496,0
V2-F,2017-10-30,0,3.139811577,0
V2-F,2017-10-31,0,5.974012935,0
V2-F,2017-11-01,0,14.06974273,0
V2-F,2017-11-02,0,-3.638191156,0
V2-F,2017-11-03,0,-7.033873874,0
V2-F,2017-11-07,0,6.010946089,0
V2-F,2017-11-08,0,-3.161039087,0
V2-F,2017-11-09,0,18.09812183,0
V2-F,2017-11-10,0,-13.16219462,0
V2-F,2017-11-13,0,13.14586304,0
V2-F,2017-11-14,0,4.461445637,0
V2-F,2017-11-15,0,35.65109376,0
V2-F,2017-11-16,0,-39.97802451,0
V2-F,2017-11-17,0,0.710166699,0
V2-F,2017-11-20,0,3.72797692,0
V2-F,2017-11-21,0,-17.12658412,0
V2-F,2017-11-27,0,-1.696180056,0
V2-F,2017-11-28,0,-3.505688931,0
V2-F,2017-11-29,0,-36.90180605,0
V2-F,2017-11-30,0,-12.74659832,0
V2-F,2017-12-01,0,26.27062688,0
V2-F,2017-12-04,0,29.28890844,0
V2-F,2017-12-05,0,2.113746095,0
V2-F,2017-12-08,0,-7.311646058,0
V2-F,2017-12-11,0,-10.02277628,0
V2-F,2017-12-12,0,2.900417528,0
V2-F,2017-12-13,0,-5.810407314,0
V2-F,2017-12-14,0,-8.383712342,0
V2-F,2017-12-15,0,-22.96270372,0
V2-F,2017-12-18,0,-0.9893850665,0
V2-F,2017-12-19,0,-13.46507699,0
V2-F,2017-12-21,0,-3.23155629,0
V2-F,2017-12-22,0,4.220870975,0
V2-F,2017-12-26,0,7.153407327,0
V2-F,2017-12-28,0,7.13319918,0
V2-F,2018-01-02,0,-39.53533625,0
V2-F,2018-01-03,0,-34.86379459,0
V2-F,2018-01-04,0,-27.08476525,0
V2-F,2018-01-05,0,-11.51876299,0
V2-F,2018-01-08,0,7.280693867,0
V2-F,2018-01-09,0,0.6656522529,0
V2-F,2018-01-10,0,-11.65926503,0
V2-F,2018-01-11,0,3.769111784,0
V2-F,2018-01-12,0,-16.45846473,0
V2-F,2018-01-17,0,-17.10298109,0
V2-F,2018-01-18,0,3.746253652,0
V2-F,2018-01-19,0,18.59330626,0
V2-F,2018-01-23,0,-6.076923563,0
V2-F,2018-01-24,0,-6.039252153,0
V2-F,2018-01-25,0,32.94729212,0
V2-F,2018-01-26,0,-26.12728261,0
V2-F,2018-01-29,0,-46.73423301,0
V2-F,2018-01-30,0,-6.612628889,0
V2-F,2018-01-31,0,21.82316175,0
V2-F,2018-02-01,17.99837797,26.62746743,1
V2-F,2018-02-02,-19.82816134,-31.65913155,1
V2-F,2018-02-05,0,60.95713099,0
V2-F,2018-02-06,0.6929078014,0.6929078014,1
V2-F,2018-02-07,12.00846119,12.00846119,1
V2-F,2018-02-09,91.84655479,91.84655479,2
V2-F,2018-02-12,0,70.48077161,0
V2-F,2018-02-13,33.23859307,33.23859307,2
V2-F,2018-02-14,24.77124646,34.30107866,1
V2-F,2018-02-15,37.9158855,37.9158855,2
V2-F,2018-02-16,0,0,0
V2-F,2018-02-21,-18.16376562,-30.31994117,1
V2-F,2018-02-22,-7.921217909,-12.76867788,1
V2-F,2018-02-23,-4.126916381,-4.126916381,2
V2-F,2018-02-27,0,2.006785907,0
V2-F,2018-02-28,-21.89286844,-21.89286844,2
V2-F,2018-03-02,48.20873841,76.72213085,1
V2-F,2018-03-05,24.91129062,24.91129062,2
V2-F,2018-03-06,-21.75950009,-21.75950009,1
V2-F,2018-03-07,21.37368653,21.37368653,2
V2-F,2018-03-08,25.60498368,25.60498368,2
V2-F,2018-03-09,-59.02670317,-59.02670317,2
V2-F,2018-03-12,-0.7211233211,7.522403465,1
V2-F,2018-03-13,0,33.11449722,0
V2-F,2018-03-14,11.96421268,19.83226385,1
V2-F,2018-03-16,6.507643425,5.36070705,1
V2-F,2018-03-19,0,-27.44905357,0
V2-F,2018-03-20,0,16.71809096,0
V2-F,2018-03-21,8.31866657,9.452229788,1
V2-F,2018-03-22,-37.41802394,-37.41802394,2
V2-F,2018-03-23,23.79685624,23.79685624,1
V2-F,2018-03-26,26.79391667,59.95086617,1
V2-F,2018-03-27,7.162090443,7.162090443,1
V2-F,2018-03-28,0,67.95773775,0
V2-F,2018-03-29,-15.8234744,-15.8234744,2
V2-F,2018-04-02,-96.8303138,-96.8303138,2
V2-F,2018-04-03,64.10249562,64.10249562,2
V2-F,2018-04-04,23.89949336,23.89949336,2
V2-F,2018-04-05,-4.035810549,-4.035810549,2
V2-F,2018-04-06,-62.46370714,-62.46370714,2
V2-F,2018-04-09,-81.24125058,-81.24125058,2
V2-F,2018-04-10,-71.41245745,-71.41245745,2
V2-F,2018-04-11,31.99979003,31.99979003,2
V2-F,2018-04-12,0,-12.18555595,0
V2-F,2018-04-13,47.68142832,47.68142832,2
V2-F,2018-04-16,-21.54293503,-21.54293503,2
V2-F,2018-04-17,-21.16405025,-21.16405025,2
V2-F,2018-04-18,0,8.970276498,0
V2-F,2018-04-19,6.048846026,12.29617831,1
V2-F,2018-04-20,0,-12.16701684,0
V2-F,2018-04-23,5.773193177,5.773193177,1
V2-F,2018-04-24,48.80389023,48.80389023,2
V2-F,2018-04-25,0,32.28323285,0
V2-F,2018-04-26,-39.22074815,-39.22074815,2
V2-F,2018-04-27,45.18769769,56.62658866,1
V2-F,2018-04-30,-1.705414488,3.174971634,1
V2-F,2018-05-01,17.43713461,13.86628153,1
V2-F,2018-05-02,0,-3.087262591,0
V2-F,2018-05-03,-31.08484527,-66.70638035,1
V2-F,2018-05-04,0,3.555677272,0
V2-F,2018-05-07,0,15.19390294,0
V2-F,2018-05-08,11.7499724,21.36089567,1
V2-F,2018-05-09,3.265068168,3.015651462,1
V2-F,2018-05-10,-7.963587153,-15.59865365,1
V2-F,2018-05-11,11.66818967,1.792696684,1
V2-F,2018-05-14,0,-12.07996861,0
V2-F,2018-05-15,0,-4.489944422,0
V2-F,2018-05-16,-23.75361374,-31.82807496,1
V2-F,2018-05-17,15.88720934,24.84510166,1
V2-F,2018-05-18,-7.648803689,-7.648803689,1
V2-F,2018-05-21,0,1.454952231,0
V2-F,2018-05-22,19.4247794,23.74653084,1
V2-F,2018-05-23,-0.7521650535,-5.604537232,1
V2-F,2018-05-24,-17.85815679,-35.09321052,1
V2-F,2018-05-25,0,14.01099154,0
V2-F,2018-05-30,-15.29045584,-33.09423517,1
V2-F,2018-05-31,0,-8.988818332,0
V2-F,2018-06-01,0,-19.75284355,0
V2-F,2018-06-04,0.8537090322,7.433123205,1
V2-F,2018-06-05,-5.781372138,-5.781372138,1
V2-F,2018-06-06,0,17.23285629,0
V2-F,2018-06-07,0,8.310306031,0
V2-F,2018-06-08,0,10.01537746,0
V2-F,2018-06-11,0,-2.931057684,0
V2-F,2018-06-12,-4.529638103,-8.355738704,1
V2-F,2018-06-13,-11.23468332,-11.23468332,1
V2-F,2018-06-14,0,-10.72923198,0
V2-F,2018-06-15,0,2.868931345,0
V2-F,2018-06-18,0,35.56138266,0
V2-F,2018-06-19,0,-29.53679583,0
V2-F,2018-06-20,0,7.691923578,0
V2-F,2018-06-21,0,-29.16681732,0
V2-F,2018-06-22,0,-1.146832579,0
V2-F,2018-06-25,0,-29.24595036,0
V2-F,2018-06-26,18.11400296,22.45597544,1
V2-F,2018-06-27,-14.77023279,-39.71739656,1
V2-F,2018-06-29,-1.25438689,-9.26173916,1
V2-F,2018-07-02,0,51.57180304,0
V2-F,2018-07-06,-17.33721581,-14.3889714,1
V2-F,2018-07-09,18.34984031,16.75929941,1
V2-F,2018-07-10,0,-6.815953636,0
V2-F,2018-07-11,9.792966866,10.45161855,1
V2-F,2018-07-12,-24.66615327,-34.32981329,1
V2-F,2018-07-16,0,0,0
V2-F,2018-07-17,21.29652749,29.55923557,1
V2-F,2018-07-18,-8.12501266,-8.12501266,1
V2-F,2018-07-19,-19.96724359,-32.21677647,1
V2-F,2018-07-20,-17.62119264,-17.62119264,1
V2-F,2018-07-23,18.74459155,23.41835897,1
V2-F,2018-07-24,0,-4.049845513,0
V2-F,2018-07-25,-0.695010423,-0.695010423,1
V2-F,2018-07-26,0,6.050223486,0
V2-F,2018-07-27,0,16.25601864,0
V2-F,2018-07-31,33.0677674,35.49472122,1
V2-F,2018-08-01,-13.93340203,-25.69827744,1
V2-F,2018-08-02,14.96190017,27.66744382,1
V2-F,2018-08-03,0,-7.745604735,0
V2-F,2018-08-06,0,4.712155032,0
V2-F,2018-08-07,-0.6918931584,-7.047717892,1
V2-F,2018-08-08,8.8632599,6.878100982,1
V2-F,2018-08-10,-19.33338931,-33.20934636,1
V2-F,2018-08-13,-24.21609543,-36.34689991,1
V2-F,2018-08-14,12.08885076,4.355543889,1
V2-F,2018-08-15,0,-63.80299343,0
V2-F,2018-08-16,-7.109337563,-20.56777374,1
V2-F,2018-08-17,-25.82309808,-25.82309808,1
V2-F,2018-08-20,0,6.767086724,0
V2-F,2018-08-21,-7.946823577,-12.10418819,1
V2-F,2018-08-24,-23.32822508,-38.83058089,1
V2-F,2018-08-27,-20.43382011,-28.88007573,1
V2-F,2018-08-28,0,-1.23285493,0
V2-F,2018-08-29,-22.20848672,-22.20848672,1
V2-F,2018-08-30,6.182777088,4.235302428,1
V2-F,2018-09-05,-53.62285432,-73.29558395,1
V2-F,2018-09-07,15.7863774,28.61307947,1
V2-F,2018-09-10,0,4.040991356,0
V2-F,2018-09-11,0,17.34554758,0
V2-F,2018-09-12,0,-36.55404684,0
V2-F,2018-09-13,0,29.99577331,0
V2-F,2018-09-14,0,-0.6438360037,0
V2-F,2018-09-17,-23.08591624,-29.7656978,1
V2-F,2018-09-18,-16.14597739,-24.54935862,1
V2-F,2018-09-19,0,1.486956149,0
V2-F,2018-09-20,0,-20.83670641,0
V2-F,2018-09-21,17.18097516,23.74416477,1
V2-F,2018-09-24,0,-9.129670328,0
V2-F,2018-09-25,0,9.93854392,0
V2-F,2018-09-26,-12.01560806,-6.261612672,1
V2-F,2018-09-27,0,-21.9702801,0
V2-F,2018-09-28,7.343492209,12.25882274,1
V2-F,2018-10-01,0,1.568222482,0
V2-F,2018-10-02,2.750725772,2.750725772,1
V2-F,2018-10-03,-2.460765504,-8.218167239,1
V2-F,2018-10-04,0,-49.75971729,0
V2-F,2018-10-05,0,9.640190525,0
V2-F,2018-10-08,7.909305701,10.70822345,1
V2-F,2018-10-09,6.913283259,20.13156684,1
V2-F,2018-10-10,0,-57.88083412,0
V2-F,2018-10-11,17.72115555,36.81020527,1
V2-F,2018-10-12,0,-16.06573234,0
V2-F,2018-10-15,-22.31129128,-31.14323812,1
V2-F,2018-10-16,0,-32.60993694,0
V2-F,2018-10-18,1.357670533,14.97171111,1
V2-F,2018-10-19,0,-3.560251839,0
V2-F,2018-10-22,16.07281825,16.07281825,1
V2-F,2018-10-23,0,-63.49692316,0
V2-F,2018-10-24,-34.14489236,-66.77329046,1
V2-F,2018-10-25,-99.48453987,-99.48453987,2
V2-F,2018-10-26,-84.15419559,-152.782193,1
V2-F,2018-10-29,-1.829410066,-10.90593641,1
V2-F,2018-10-30,0,0.9041885011,0
V2-F,2018-10-31,0,-44.78651452,0
V2-F,2018-11-01,16.53826709,16.53826709,2
V2-F,2018-11-02,0,27.43443739,0
V2-F,2018-11-05,0,8.462648946,0
V2-F,2018-11-07,-46.74274532,-65.39819807,1
V2-F,2018-11-08,3.29039347,8.392066514,1
V2-F,2018-11-09,-4.439259599,-6.921320771,1
V2-F,2018-11-12,-41.60382317,-64.4639064,1
V2-F,2018-11-13,57.14987095,57.14987095,2
V2-F,2018-11-14,87.96128485,87.96128485,2
V2-F,2018-11-15,-27.16722361,-27.16722361,1
V2-F,2018-11-16,59.38688602,59.38688602,2
V2-F,2018-11-19,-85.38377069,-85.38377069,2
V2-F,2018-11-20,7.547008427,7.547008427,2
V2-F,2018-11-21,6.354038394,6.354038394,2
V2-F,2018-11-26,-12.2811298,-16.28417858,1
V2-F,2018-11-27,52.10134948,52.10134948,2
V2-F,2018-11-28,21.99628053,21.99628053,2
V2-F,2018-11-29,-17.98972889,-36.05025881,1
V2-F,2018-12-03,0,13.47985325,0
V2-F,2018-12-04,-5.708078727,-19.88471063,1
V2-F,2018-12-06,-9.886168273,-35.47240267,1
V2-F,2018-12-07,0,-62.19539936,0
V2-F,2018-12-11,4.398901463,6.020112167,1
V2-F,2018-12-12,0,-19.63661253,0
V2-F,2018-12-13,23.97270968,23.97270968,2
V2-F,2018-12-14,-4.526013481,9.622246561,1
V2-F,2018-12-17,0,59.59390581,0
V2-F,2018-12-18,30.1074694,30.1074694,2
V2-F,2018-12-19,0,-28.12872788,0
V2-F,2018-12-20,23.29331261,23.29331261,1
V2-F,2018-12-21,-7.416571298,-7.416571298,2
V2-F,2018-12-26,0,79.9999818,0
V2-F,2018-12-27,-41.78070979,-41.78070979,2
V2-F,2018-12-28,47.45032658,47.45032658,2
V2-F,2018-12-31,0,30.81489594,0
V2-F,2019-01-02,66.8598948,66.8598948,2
V2-F,2019-01-03,-70.23299693,-133.9590747,1
V2-F,2019-01-04,0,-89.49538951,0
V2-F,2019-01-07,8.309257967,7.552153171,1
V2-F,2019-01-08,95.78841467,95.78841467,2
V2-F,2019-01-09,36.51157587,36.51157587,2
V2-F,2019-01-10,23.07127586,42.77786007,1
V2-F,2019-01-11,5.859556534,7.537114865,1
V2-F,2019-01-14,35.72929858,35.72929858,2
V2-F,2019-01-15,0,-16.89945195,0
V2-F,2019-01-16,24.16917293,31.54775118,1
V2-F,2019-01-17,0,11.3540771,0
V2-F,2019-01-18,-54.50741307,-54.50741307,2
V2-F,2019-01-23,27.5468162,49.94465501,1
V2-F,2019-01-24,5.381795809,5.381795809,1
V2-F,2019-01-25,-30.40085201,-54.62957791,1
V2-F,2019-01-28,0,9.591949367,0
V2-F,2019-01-30,0,-3.401698269,0
V2-F,2019-01-31,0,-34.96079129,0
V2-F,2019-02-01,0,7.139460807,0
V2-F,2019-02-05,-13.39815971,-23.25557067,1
V2-F,2019-02-06,0,-2.989249771,0
V2-F,2019-02-07,0,27.49351221,0
V2-F,2019-02-08,0,-0.06037175688,0
V2-F,2019-02-11,0,3.578609963,0
V2-F,2019-02-12,0,-0.4270111837,0
V2-F,2019-02-13,0,-5.740338274,0
V2-F,2019-02-14,21.79834007,35.72988388,1
V2-F,2019-02-15,0,-14.20244336,0
V2-F,2019-02-20,0,-15.55437507,0
V2-F,2019-02-21,0,-11.69803202,0
V2-F,2019-02-22,0,-20.39591229,0
V2-F,2019-02-25,0,4.082088845,0
V2-F,2019-02-26,0,12.72043062,0
V2-F,2019-02-27,0,-31.4800717,0
V2-F,2019-02-28,0,-15.37867967,0
V2-F,2019-03-01,0,29.48262156,0
V2-F,2019-03-04,0,14.89535041,0
V2-F,2019-03-07,0,-33.08374676,0
V2-F,2019-03-08,0,28.47460068,0
V2-F,2019-03-11,0,-43.4913869,0
V2-F,2019-03-12,0,-3.280583559,0
V2-F,2019-03-13,0,-17.44708974,0
V2-F,2019-03-14,0,2.87253421,0
V2-F,2019-03-15,0,-5.525362077,0
V2-F,2019-03-18,0,-3.763338919,0
V2-F,2019-03-19,0,-4.151252503,0
V2-F,2019-03-20,0,0.6475344645,0
V2-F,2019-03-22,0,-53.9225943,0
V2-F,2019-03-25,-6.843234211,-9.75938023,1
V2-F,2019-03-26,0,8.595770251,0
V2-F,2019-03-28,0,-26.72372262,0
V2-F,2019-03-29,0,12.89490396,0
V2-F,2019-04-01,0,-10.65624422,0
V2-F,2019-04-03,0,-14.49834101,0
V2-F,2019-04-04,0,10.60489814,0
V2-F,2019-04-05,0,-8.447210386,0
V2-F,2019-04-08,0,22.62479813,0
V2-F,2019-04-09,0,-7.724684873,0
V2-F,2019-04-10,0,3.654592868,0
V2-F,2019-04-12,0,23.62739426,0
V2-F,2019-04-16,0,12.73340035,0
V2-F,2019-04-17,0,5.409232845,0
V2-F,2019-04-18,0,5.788127579,0
V2-F,2019-04-22,0,12.39464885,0
V2-F,2019-04-23,0,-22.21939262,0
V2-F,2019-04-24,0,5.740259187,0
V2-F,2019-04-25,0,23.87575682,0
V2-F,2019-04-26,8.977309979,8.977309979,1
V2-F,2019-04-29,0,7.831000848,0
V2-F,2019-04-30,0,-10.9410655,0
V2-F,2019-05-01,0,-3.705689761,0
V2-F,2019-05-02,0,-9.028564995,0
V2-F,2019-05-03,0,-35.366642,0
V2-F,2019-05-06,0,7.216026426,0
V2-F,2019-05-07,0,-75.81269172,0
V2-F,2019-05-08,0,11.29102342,0
V2-F,2019-05-09,0,-23.09091965,0
V2-F,2019-05-10,0,-128.7498884,0
V2-F,2019-05-13,0,-34.73449546,0
V2-F,2019-05-14,0,-27.38183307,0
V2-F,2019-05-15,0,29.00007599,0
V2-F,2019-05-16,-37.55153259,-62.59702275,1
V2-F,2019-05-17,0,25.61895678,0
V2-F,2019-05-20,0,28.88721408,0
V2-F,2019-05-21,0,-31.14280933,0
V2-F,2019-05-22,0,30.99501063,0
V2-F,2019-05-23,0,22.31923606,0
V2-F,2019-05-24,0,28.6613908,0
V2-F,2019-05-29,-0.5411256906,-6.163994881,1
V2-F,2019-05-30,0,-9.04573111,0
V2-F,2019-05-31,0,8.432927907,0
V2-F,2019-06-03,-10.59334813,-10.59334813,1
V2-F,2019-06-04,0,-39.48494852,0
V2-F,2019-06-05,6.430825998,27.05722289,1
V2-F,2019-06-06,0,0.6475916924,0
V2-F,2019-06-07,0,-73.54630132,0
V2-F,2019-06-10,0,-33.53133336,0
V2-F,2019-06-11,0,26.97339008,0
V2-F,2019-06-12,0,-14.51510911,0
V2-F,2019-06-13,0,16.31632486,0
V2-F,2019-06-14,0,3.052136465,0
V2-F,2019-06-17,0,-9.125157233,0
V2-F,2019-06-18,0,-15.80547954,0
V2-F,2019-06-20,0,8.580920989,0
V2-F,2019-06-21,0,14.67363115,0
V2-F,2019-06-24,0,6.575984809,0
V2-F,2019-06-25,0,-23.78579973,0
V2-F,2019-06-26,0,12.2290257,0
V2-F,2019-06-27,0,4.157123723,0
V2-F,2019-06-28,0,3.175997618,0
V2-F,2019-07-01,0,13.61775341,0
V2-F,2019-07-08,0,9.236850775,0
V2-F,2019-07-09,0,12.1525799,0
V2-F,2019-07-10,0,-2.45218097,0
V2-F,2019-07-11,0,21.61892693,0
V2-F,2019-07-12,0,15.76913221,0
V2-F,2019-07-15,0,2.174345303,0
V2-F,2019-07-16,0,-2.995335003,0
V2-F,2019-07-17,0,4.220201068,0
V2-F,2019-07-18,0,2.826251354,0
V2-F,2019-07-19,0,16.90693744,0
V2-F,2019-07-22,0,4.770803891,0
V2-F,2019-07-23,0,9.837073844,0
V2-F,2019-07-24,0,3.821758985,0
V2-F,2019-07-25,0,18.3688831,0
V2-F,2019-07-26,0,14.13406002,0
V2-F,2019-07-29,0,-12.94141097,0
V2-F,2019-07-30,0,-5.365974805,0
V2-F,2019-07-31,0,4.05381939,0
V2-F,2019-08-01,0,-65.57033649,0
V2-F,2019-08-02,0,-71.14367597,0
V2-F,2019-08-05,0,-51.78792298,0
V2-F,2019-08-06,0,9.742183209,0
V2-F,2019-08-07,0,113.0413048,0
V2-F,2019-08-08,0,-63.96268152,0
V2-F,2019-08-09,0,-74.39783327,0
V2-F,2019-08-12,0,-0.1905146924,0
V2-F,2019-08-14,0,-19.15083302,0
V2-F,2019-08-16,0,-44.24565,0
V2-F,2019-08-19,0,16.52417445,0
V2-F,2019-08-20,0,7.570278189,0
V2-F,2019-08-21,0,22.76232279,0
V2-F,2019-08-22,0,25.02766687,0
V2-F,2019-08-23,0,54.55321726,0
V2-F,2019-08-26,16.006216,16.006216,2
V2-F,2019-08-27,6.680561555,9.443816028,1
V2-F,2019-08-28,37.1708141,37.1708141,2
V2-F,2019-08-29,0,36.67834099,0
V2-F,2019-08-30,4.030959884,16.46195254,1
V2-F,2019-09-04,0,25.67288302,0
V2-F,2019-09-05,0,-40.67768476,0
V2-F,2019-09-09,-2.318018093,6.711165774,1
V2-F,2019-09-10,0,7.992785629,0
V2-F,2019-09-11,-15.48794566,-15.48794566,1
V2-F,2019-09-12,0,-36.84956359,0
V2-F,2019-09-13,0,0.8026932729,0
V2-F,2019-09-16,0,-0.1250200906,0
V2-F,2019-09-17,0,4.733240356,0
V2-F,2019-09-18,0,9.096156315,0
V2-F,2019-09-19,0,-18.35851241,0
V2-F,2019-09-20,0,11.98893102,0
V2-F,2019-09-24,0,33.79942827,0
V2-F,2019-09-25,0,2.085421597,0
V2-F,2019-09-26,0,-4.03515926,0
V2-F,2019-09-27,0,5.221807976,0
V2-F,2019-09-30,0,-4.583333287,0
V2-F,2019-10-01,0,63.31941775,0
V2-F,2019-10-02,0,-57.87349387,0
V2-F,2019-10-04,0,-7.280763072,0
V2-F,2019-10-07,0,27.64069209,0
V2-F,2019-10-08,0,-31.69370479,0
V2-F,2019-10-09,0,-8.648463163,0
V2-F,2019-10-11,0,-16.37473175,0
V2-F,2019-10-14,0,7.681367147,0
V2-F,2019-10-15,0,-62.11149073,0
V2-F,2019-10-16,0,5.21203372,0
V2-F,2019-10-17,0,18.53836004,0
V2-F,2019-10-18,0,2.652689525,0
V2-F,2019-10-21,0,-6.530792613,0
V2-F,2019-10-22,0,11.08586428,0
V2-F,2019-10-24,0,16.76641611,0
V2-F,2019-10-25,0,10.98069971,0
V2-F,2019-10-28,0,-14.86526002,0
V2-F,2019-10-29,0,1.060322461,0
V2-F,2019-10-31,0,-24.48568726,0
V2-F,2019-11-01,0,-25.33992375,0
V2-F,2019-11-04,0,-0.138243691,0
V2-F,2019-11-06,0,-3.681800153,0
V2-F,2019-11-07,0,-14.87705427,0
V2-F,2019-11-11,0,20.86821144,0
V2-F,2019-11-12,0,-31.21725861,0
V2-F,2019-11-13,0,21.82120864,0
V2-F,2019-11-14,0,1.482696731,0
V2-F,2019-11-15,0,-9.530007712,0
V2-F,2019-11-18,0,16.55269259,0
V2-F,2019-11-19,0,8.213934966,0
V2-F,2019-11-20,0,12.03280827,0
V2-F,2019-11-21,0,-6.065683281,0
V2-F,2019-11-22,0,10.57724468,0
V2-F,2019-11-25,0,-23.51292231,0
V2-F,2019-11-27,0,-6.618924303,0
V2-F,2019-12-02,0,-40.33900785,0
V2-F,2019-12-03,0,12.36471362,0
V2-F,2019-12-04,0,-12.94471282,0
V2-F,2019-12-05,0,10.64946502,0
V2-F,2019-12-06,0,-4.605548226,0
V2-F,2019-12-10,0,6.972812201,0
V2-F,2019-12-11,0,-9.338669757,0
V2-F,2019-12-13,0,-15.18555274,0
V2-F,2019-12-16,0,-23.79037152,0
V2-F,2019-12-17,0,1.745290393,0
V2-F,2019-12-18,0,7.960366688,0
V2-F,2019-12-19,0,-13.72246681,0
V2-F,2019-12-20,0,-11.18057618,0
V2-F,2019-12-23,0,-3.813440129,0
V2-F,2019-12-26,0,-10.33245487,0
V2-F,2019-12-27,0,12.33429532,0
V2-F,2019-12-30,0,-6.032615543,0
V2-F,2020-01-02,0,28.82858258,0
V2-F,2020-01-03,0,-1.781244312,0
V2-F,2020-01-06,0,30.71974556,0
V2-F,2020-01-07,0,7.139460254,0
V2-F,2020-01-08,0,3.261229679,0
V2-F,2020-01-09,0,-10.09120375,0
V2-F,2020-01-10,0,-12.91270832,0
V2-F,2020-01-13,0,-5.910672574,0
V2-F,2020-01-14,0,4.544486476,0
V2-F,2020-01-15,-17.94904968,-17.94904968,1
V2-F,2020-01-16,0,4.646416764,0
V2-F,2020-01-17,0,-10.98673049,0
V2-F,2020-01-22,0,-17.38186438,0
V2-F,2020-01-23,17.5729286,27.96314574,1
V2-F,2020-01-24,0,19.73331145,0
V2-F,2020-01-27,0,-18.08266081,0
V2-F,2020-01-28,0,-74.64393952,0
V2-F,2020-01-29,0,36.73430508,0
V2-F,2020-01-30,0,-32.37381281,0
V2-F,2020-01-31,0,-26.62321005,0
V2-F,2020-02-03,0,-30.93803832,0
V2-F,2020-02-04,0,-29.42572442,0
V2-F,2020-02-05,23.94889753,28.26442749,1
V2-F,2020-02-07,0,26.09606942,0
V2-F,2020-02-11,-20.80022482,-32.1412217,1
V2-F,2020-02-12,0,10.17870284,0
V2-F,2020-02-13,4.757406919,4.757406919,2
V2-F,2020-02-14,0,6.479780654,0
V2-F,2020-02-19,0,-14.01715022,0
V2-F,2020-02-20,8.878119843,15.33582154,1
V2-F,2020-02-21,0,-39.26714268,0
V2-F,2020-02-24,0,-49.12632606,0
V2-F,2020-02-25,19.18908282,19.18908282,2
V2-F,2020-02-26,0,-51.04405353,0
V2-F,2020-02-27,0,-64.41788609,0
V2-F,2020-02-28,0,-53.55747258,0
V2-F,2020-03-02,78.26588838,78.26588838,2
V2-F,2020-03-04,-39.98005922,-39.98005922,2
V2-F,2020-03-05,6.254213123,-7.053419403,1
V2-F,2020-03-06,0,105.4983963,0
V2-F,2020-03-10,13.93308079,13.93308079,2
V2-F,2020-03-11,0,-66.97420653,0
V2-F,2020-03-13,75.1145556,75.1145556,2
V2-F,2020-03-17,101.4982521,101.4982521,1
V2-F,2020-03-19,0,262.1492012,0
V2-F,2020-03-20,-66.27875364,-66.27875364,1
V2-F,2020-03-23,0,108.7858022,0
V2-F,2020-03-24,-140.2534636,-140.2534636,2
V2-F,2020-03-25,0,97.03603565,0
V2-F,2020-03-26,0,-176.9095197,0
V2-F,2020-03-27,0,-3.709858341,0
V2-F,2020-03-30,-179.0134031,-179.0134031,2
V2-F,2020-03-31,57.12837301,57.12837301,2
V2-F,2020-04-01,57.96303199,57.96303199,2
V2-F,2020-04-02,47.07434276,47.07434276,2
V2-F,2020-04-06,-76.55810657,-76.55810657,2
V2-F,2020-04-07,112.4254291,112.4254291,2
V2-F,2020-04-08,22.56802194,22.56802194,2
V2-F,2020-04-09,59.6665063,56.7422693,1
V2-F,2020-04-13,25.33927098,-10.86873229,1
V2-F,2020-04-14,0,-55.90160474,0
V2-F,2020-04-15,0,30.60488472,0
V2-F,2020-04-16,12.29905269,12.29905269,2
V2-F,2020-04-17,60.00983739,60.00983739,2
V2-F,2020-04-20,46.72351513,46.72351513,2
V2-F,2020-04-21,0,-52.36452054,0
V2-F,2020-04-22,-15.04571983,-15.04571983,2
V2-F,2020-04-23,-28.52026582,-61.60553748,1
V2-F,2020-04-24,14.95330652,14.95330652,1
V2-F,2020-04-27,-21.37703634,-21.37703634,2
V2-F,2020-04-28,80.05204125,80.05204125,2
V2-F,2020-04-29,0,-46.08229286,0
V2-F,2020-04-30,0,14.87377007,0
V2-F,2020-05-01,0,11.24189838,0
V2-F,2020-05-04,16.10645895,44.50773882,1
V2-F,2020-05-05,0,-31.99727925,0
V2-F,2020-05-06,3.40547293,3.40547293,2
V2-F,2020-05-07,0,12.70801077,0
V2-F,2020-05-08,-18.09275866,-18.09275866,2
V2-F,2020-05-11,-2.378997593,-2.378997593,1
V2-F,2020-05-12,-0.2285555461,1.098705929,1
V2-F,2020-05-13,0,35.84051914,0
V2-F,2020-05-14,-10.91493996,-10.91493996,2
V2-F,2020-05-15,41.36302878,41.36302878,2
V2-F,2020-05-18,-17.23855778,-23.85292379,1
V2-F,2020-05-19,-16.467075,-1.368948135,1
V2-F,2020-05-20,-36.55270682,-36.55270682,2
V2-F,2020-05-21,8.930415559,8.930415559,1
V2-F,2020-05-22,30.04196177,30.04196177,2
V2-F,2020-05-27,-28.52765778,-28.52765778,2
V2-F,2020-05-28,0,-22.45881723,0
V2-F,2020-05-29,22.8398647,27.58159341,1
V2-F,2020-06-02,0,3.871370143,0
V2-F,2020-06-03,-9.883378988,-9.126267108,1
V2-F,2020-06-04,0,10.22957339,0
V2-F,2020-06-05,-4.880740286,-10.59443633,1
V2-F,2020-06-08,7.195658951,5.775190488,1
V2-F,2020-06-09,2.913934426,2.913934426,1
V2-F,2020-06-10,-4.491510255,-4.491510255,1
V2-F,2020-06-11,0,13.90762659,0
V2-F,2020-06-12,0,105.6059395,0
V2-F,2020-06-15,30.86440812,60.0859713,1
V2-F,2020-06-16,0,77.62865918,0
V2-F,2020-06-17,34.68553239,41.68012591,1
V2-F,2020-06-18,0,9.88185637,0
V2-F,2020-06-19,15.06394884,15.06394884,2
V2-F,2020-06-22,17.68327909,17.68327909,1
V2-F,2020-06-23,-1.301077461,-1.301077461,2
V2-F,2020-06-24,-55.47983058,-55.47983058,1
V2-F,2020-06-25,32.89951975,32.89951975,1
V2-F,2020-06-26,-103.513822,-103.513822,2
V2-F,2020-06-29,44.97702859,44.97702859,1
V2-F,2020-07-01,10.57873864,10.57873864,2
V2-F,2020-07-02,7.100594595,7.100594595,2
V2-F,2020-07-07,19.59340093,19.59340093,1
V2-F,2020-07-08,-3.390878053,-3.390878053,2
V2-F,2020-07-09,20.54411009,20.54411009,1
V2-F,2020-07-10,15.30737379,15.30737379,1
V2-F,2020-07-13,-21.58369198,-21.58369198,2
V2-F,2020-07-15,-0.8299248505,-9.182457625,1
V2-F,2020-07-16,10.42076472,10.42076472,2
V2-F,2020-07-17,0,5.240717677,0
V2-F,2020-07-20,0,7.578842859,0
V2-F,2020-07-21,10.51914975,10.51914975,1
V2-F,2020-07-22,0,7.587876135,0
V2-F,2020-07-23,0,4.478555461,0
V2-F,2020-07-24,55.29381554,55.29381554,2
V2-F,2020-07-27,-1.666336564,-19.74922302,1
V2-F,2020-07-28,-9.902102017,-15.14681255,1
V2-F,2020-07-29,-40.77176927,-40.77176927,2
V2-F,2020-07-30,-13.22774029,-23.93488759,1
V2-F,2020-07-31,30.12933404,39.16564797,1
V2-F,2020-08-03,12.09819771,8.084443232,1
V2-F,2020-08-04,0,0.5576059661,0
V2-F,2020-08-05,0,-10.75961538,0
V2-F,2020-08-06,0,10.1260057,0
V2-F,2020-08-07,0.9868213085,8.282735851,1
V2-F,2020-08-10,0,15.86272202,0
V2-F,2020-08-11,-11.80151409,10.98711857,1
V2-F,2020-08-12,-46.86538549,-73.51162702,1
V2-F,2020-08-13,-7.145871866,-7.145871866,1
V2-F,2020-08-14,3.897884805,7.41482766,1
V2-F,2020-08-17,-2.126022222,-3.803230389,1
V2-F,2020-08-18,35.28556975,48.00158953,1
V2-F,2020-08-19,0,14.79706218,0
V2-F,2020-08-20,0,9.834088882,0
V2-F,2020-08-21,0,6.403467931,0
V2-F,2020-08-24,0,51.60373194,0
V2-F,2020-08-25,0,4.075272289,0
V2-F,2020-08-26,-21.6643177,-21.6643177,1
V2-F,2020-08-27,0,4.837440724,0
V2-F,2020-08-28,0.2988570475,11.20744341,1
V2-F,2020-08-31,-8.011778636,-8.011778636,1
V2-F,2020-09-01,0,-37.55236737,0
V2-F,2020-09-02,0,38.61102128,0
V2-F,2020-09-03,0,-125.4343527,0
V2-F,2020-09-04,-188.3702799,-188.3702799,2
V2-F,2020-09-09,0,-94.47444296,0
V2-F,2020-09-10,9.76717242,26.39805251,1
V2-F,2020-09-11,27.72074942,27.72074942,1
V2-F,2020-09-14,-17.08236728,-38.77788248,1
V2-F,2020-09-15,19.13066976,30.68272938,1
V2-F,2020-09-16,0,7.894049721,0
V2-F,2020-09-17,0,89.43155126,0
V2-F,2020-09-18,-0.01515425268,-0.01515425268,1
V2-F,2020-09-22,20.86327576,20.86327576,2
V2-F,2020-09-23,-9.561531083,-9.561531083,2
V2-F,2020-09-24,39.27962096,39.27962096,2
V2-F,2020-09-25,0,4.048236113,0
V2-F,2020-09-28,8.178414048,-3.663305817,1
V2-F,2020-09-29,2.958658209,6.876266953,1
V2-F,2020-09-30,-84.54854999,-84.54854999,2
V2-F,2020-10-01,12.10843147,12.10843147,2
V2-F,2020-10-02,-4.180281505,-4.755000606,1
V2-F,2020-10-05,-48.23368728,-48.23368728,2
V2-F,2020-10-06,22.17451851,22.17451851,1
V2-F,2020-10-07,10.49319177,4.029574842,1
V2-F,2020-10-08,-1.846107738,-1.846107738,2
V2-F,2020-10-09,-12.02435091,-12.02435091,2
V2-F,2020-10-12,-16.29257908,-37.34161147,1
V2-F,2020-10-13,-13.3489224,-13.3489224,1
V2-F,2020-10-14,43.47515047,43.47515047,2
V2-F,2020-10-15,-40.20572598,-52.72276114,1
V2-F,2020-10-16,-45.46836791,-45.46836791,2
V2-F,2020-10-19,68.09935545,68.09935545,2
V2-F,2020-10-20,-9.248748041,-9.248748041,2
V2-F,2020-10-21,-1.505849012,-1.505849012,1
V2-F,2020-10-22,25.20221349,25.20221349,2
V2-F,2020-10-23,0,4.875977694,0
V2-F,2020-10-26,18.57254287,-0.6258564886,1
V2-F,2020-10-27,31.42660501,31.42660501,1
V2-F,2020-10-28,0,-107.7954341,0
V2-F,2020-10-29,-48.5055306,-48.5055306,1
V2-F,2020-10-30,-115.8152218,-115.8152218,2
V2-F,2020-11-02,20.68173987,1.502105742,1
V2-F,2020-11-03,-62.21106305,-103.5354611,1
V2-F,2020-11-04,0,-112.2182268,0
V2-F,2020-11-05,0,-4.366794733,0
V2-F,2020-11-06,42.97581524,42.97581524,2
V2-F,2020-11-09,-15.15909747,7.771110221,1
V2-F,2020-11-10,-62.85883103,-62.85883103,2
V2-F,2020-11-11,9.796121609,9.796121609,2
V2-F,2020-11-12,-0.5272711566,-0.5272711566,2
V2-F,2020-11-13,40.17430261,40.17430261,2
V2-F,2020-11-16,-13.69681957,-13.69681957,1
V2-F,2020-11-17,12.34699206,12.34699206,1
V2-F,2020-11-18,0,5.005709738,0
V2-F,2020-11-19,10.7129545,10.7129545,1
V2-F,2020-11-23,58.63842016,58.63842016,2
V2-F,2020-11-24,0,-24.85217482,0
V2-F,2020-11-25,3.287031688,-4.824956454,1
V2-F,2020-11-30,-94.78101622,-94.78101622,2
V2-F,2020-12-01,-1.225231229,-5.162189383,1
V2-F,2020-12-02,41.47132569,58.09414775,1
V2-F,2020-12-03,0,-11.03350097,0
V2-F,2020-12-04,-15.79582485,-28.22789295,1
V2-F,2020-12-07,-4.486500994,-1.280465227,1
V2-F,2020-12-08,-1.906062598,-1.748116073,1
V2-F,2020-12-09,0,13.26172792,0
V2-F,2020-12-10,0,18.68140237,0
V2-F,2020-12-11,10.25309018,14.19177105,1
V2-F,2020-12-14,-15.42082199,-13.90616899,1
V2-F,2020-12-15,0,15.10979342,0
V2-F,2020-12-17,0,-2.441107912,0
V2-F,2020-12-21,0,-93.3006569,0
V2-F,2020-12-22,0,0.2817064779,0
V2-F,2020-12-23,0,-0.8581634726,0
V2-F,2020-12-28,0,-12.86560227,0
V2-F,2020-12-29,0,48.02919925,0
V2-F,2020-12-30,0,2.486828564,0
V2-F,2020-12-31,0,2.843252502,0
V2-F,2021-01-04,0,11.1297599,0
V2-F,2021-01-06,0,49.44160555,0
V2-F,2021-01-07,0,-71.8842886,0
V2-F,2021-01-08,0,23.96360104,0
V2-F,2021-01-11,0,28.38732817,0
V2-F,2021-01-12,0,6.954844579,0
V2-F,2021-01-14,0,-20.65399423,0
V2-F,2021-01-15,0,-28.96191768,0
V2-F,2021-01-20,0,-48.69876542,0
V2-F,2021-01-21,0,-24.23886343,0
V2-F,2021-01-22,0,-15.88245107,0
V2-F,2021-01-25,0,13.31178835,0
V2-F,2021-01-26,0,3.07161864,0
V2-F,2021-01-27,45.81380275,84.77933715,1
V2-F,2021-01-28,-27.5160626,-27.5160626,2
V2-F,2021-01-29,28.63436036,28.63436036,2
V2-F,2021-02-01,-29.52325381,-40.74931835,1
V2-F,2021-02-02,3.34537823,-11.60062715,1
V2-F,2021-02-03,0,18.63557202,0
V2-F,2021-02-04,6.034926129,-6.204850823,1
V2-F,2021-02-05,0,2.996167542,0
V2-F,2021-02-08,-3.306691314,-6.683350074,1
V2-F,2021-02-09,0,1.110238995,0
V2-F,2021-02-10,0,34.64935353,0
V2-F,2021-02-11,-2.562873488,-0.8187134163,1
V2-F,2021-02-12,0,10.36426446,0
V2-F,2021-02-17,0,-29.33294171,0
V2-F,2021-02-18,0,-33.60301871,0
V2-F,2021-02-19,0,2.169476596,0
V2-F,2021-02-22,0,-24.59477199,0
V2-F,2021-02-23,0,138.2355367,0
V2-F,2021-02-24,22.35818215,22.35818215,2
V2-F,2021-02-25,0,-110.7543919,0
V2-F,2021-02-26,50.91101809,66.36403932,1
V2-F,2021-03-01,0,-54.94876274,0
V2-F,2021-03-03,-31.2267298,-41.13666749,1
V2-F,2021-03-05,0,24.72812777,0
V2-F,2021-03-08,24.77337523,24.77337523,1
V2-F,2021-03-09,0,-72.27316266,0
V2-F,2021-03-10,67.02954914,67.02954914,2
V2-F,2021-03-11,-17.09492559,-36.70564011,1
V2-F,2021-03-12,-15.36506734,-21.59696295,1
V2-F,2021-03-16,-21.69708161,-23.4414399,1
V2-F,2021-03-17,-8.746633465,-8.746633465,2
V2-F,2021-03-18,6.46951519,6.46951519,2
V2-F,2021-03-19,21.18214767,21.18214767,2
V2-F,2021-03-22,-57.46765195,-57.46765195,2
V2-F,2021-03-23,0,6.571181468,0
V2-F,2021-03-24,3.335086042,7.738907453,1
V2-F,2021-03-25,-9.232673267,-1.413578282,1
V2-F,2021-03-26,-15.18092105,-15.18092105,1
V2-F,2021-03-29,-15.39491912,-37.37585735,1
V2-F,2021-03-30,21.38918304,21.38918304,2
V2-F,2021-03-31,-52.21559142,-52.21559142,2
V2-F,2021-04-01,-19.36298572,-19.36298572,2
V2-F,2021-04-05,-30.38868556,-54.65469099,1
V2-F,2021-04-07,0,2.199491272,0
V2-F,2021-04-08,-1.741594306,-8.035886851,1
V2-F,2021-04-09,7.015863454,7.015863454,1
V2-F,2021-04-12,-14.97354104,-28.49424661,1
V2-F,2021-04-13,-2.525874452,2.474884826,1
V2-F,2021-04-15,-8.156645485,-22.79840366,1
V2-F,2021-04-16,0,6.434888183,0
V2-F,2021-04-19,0,-60.45249963,0
V2-F,2021-04-20,0,-25.46680123,0
V2-F,2021-04-21,24.93542748,24.93542748,1
V2-F,2021-04-22,22.96596628,22.96596628,2
V2-F,2021-04-23,-17.12458577,-39.0409805,1
V2-F,2021-04-26,0,2.130705979,0
V2-F,2021-04-28,8.605393081,8.605393081,1
V2-F,2021-04-29,0,61.99782416,0
V2-F,2021-04-30,0,21.45428823,0
V2-F,2021-05-03,0,-5.598860017,0
V2-F,2021-05-04,0,-41.5042318,0
V2-F,2021-05-05,40.35532651,54.57081019,1
V2-F,2021-05-06,10.19976976,10.19976976,1
V2-F,2021-05-07,-47.40399543,-47.40399543,2
V2-F,2021-05-10,-24.4466963,-24.4466963,1
V2-F,2021-05-11,0,-45.21630983,0
V2-F,2021-05-12,0,-80.03574738,0
V2-F,2021-05-13,-40.81388625,-40.81388625,2
V2-F,2021-05-14,0,-32.76282869,0
V2-F,2021-05-17,-8.267593479,-17.44372643,1
V2-F,2021-05-18,0,6.272706805,0
V2-F,2021-05-19,0,4.230187184,0
V2-F,2021-05-20,-40.69295861,-40.69295861,2
V2-F,2021-05-21,0,9.84912912,0
V2-F,2021-05-24,-24.78306752,-41.68325286,1
V2-F,2021-05-25,14.06117376,20.44819471,1
V2-F,2021-05-26,0,4.468097946,0
V2-F,2021-05-27,12.33611401,5.339295123,1
V2-F,2021-05-28,-0.8319246603,-0.3967482735,1
V2-F,2021-06-02,-5.123603505,-14.7955519,1
V2-F,2021-06-03,0,0.7550882128,0
V2-F,2021-06-04,-18.09048245,-18.54528387,1
V2-F,2021-06-07,0,-7.19663514,0
V2-F,2021-06-08,28.64715923,34.69274,1
V2-F,2021-06-09,11.9520177,9.726562836,1
V2-F,2021-06-10,18.82677264,37.80507575,1
V2-F,2021-06-11,0,-10.48957964,0
V2-F,2021-06-14,0,6.49891188,0
V2-F,2021-06-15,0,-22.15262943,0
V2-F,2021-06-16,0,4.697428516,0
V2-F,2021-06-17,0,1.919229399,0
V2-F,2021-06-18,0,-14.94032315,0
V2-F,2021-06-21,0,-38.50182722,0
V2-F,2021-06-22,0,2.513061806,0
V2-F,2021-06-23,0,4.691133329,0
V2-F,2021-06-24,0,-17.04286697,0
V2-F,2021-06-25,0,4.972910406,0
V2-F,2021-06-28,0,-12.90959298,0
V2-F,2021-06-29,0,-0.155821818,0
V2-F,2021-06-30,0,0.6753034908,0
V2-F,2021-07-01,0,-3.353832287,0
V2-F,2021-07-02,0,4.055092932,0
V2-F,2021-07-07,0,32.35679249,0
V2-F,2021-07-08,0,31.28745667,0
V2-F,2021-07-09,0,-6.214838365,0
V2-F,2021-07-12,0,8.917868455,0
V2-F,2021-07-13,0,2.991852487,0
V2-F,2021-07-14,0,0.9802565257,0
V2-F,2021-07-15,0,21.50349056,0
V2-F,2021-07-16,0,20.18402773,0
V2-F,2021-07-19,0,-51.35814094,0
V2-F,2021-07-20,0,-38.228343,0
V2-F,2021-07-21,0,-6.498586919,0
V2-F,2021-07-22,0,-9.206546356,0
V2-F,2021-07-23,0,-24.24721028,0
V2-F,2021-07-26,0,4.464115229,0
V2-F,2021-07-27,0,-56.7144975,0
V2-F,2021-07-29,0,-8.087551726,0
V2-F,2021-07-30,0,5.956534686,0
V2-F,2021-08-02,0,1.266377403,0
V2-F,2021-08-03,0,12.7428519,0
V2-F,2021-08-04,0,5.857667119,0
V2-F,2021-08-05,0,-10.228407,0
V2-F,2021-08-06,0,-0.3712435944,0
V2-F,2021-08-09,0,-2.128630354,0
V2-F,2021-08-10,0,8.673074119,0
V2-F,2021-08-11,0,-0.5371071188,0
V2-F,2021-08-12,0,20.62363594,0
V2-F,2021-08-13,0,4.334987106,0
V2-F,2021-08-16,0,-60.07313461,0
V2-F,2021-08-17,0,4.204378781,0
V2-F,2021-08-18,0,4.323679999,0
V2-F,2021-08-19,0,35.21683142,0
V2-F,2021-08-20,0,-39.38967028,0
V2-F,2021-08-23,0,-38.2208199,0
V2-F,2021-08-24,0,-16.81864727,0
V2-F,2021-08-25,0,7.546874492,0
V2-F,2021-08-26,0,-13.28022665,0
V2-F,2021-08-27,0,-37.02838,0
V2-F,2021-08-30,0,-41.71509093,0
V2-F,2021-08-31,0,4.554771784,0
V2-F,2021-09-01,0,-4.32971417,0
V2-F,2021-09-02,0,8.72500456,0
V2-F,2021-09-03,0,1.970020467,0
V2-F,2021-09-08,0,-21.05952302,0
V2-F,2021-09-09,0,1.744574584,0
V2-F,2021-09-10,0,27.89195359,0
V2-F,2021-09-13,0,13.85510616,0
V2-F,2021-09-14,0,18.50364412,0
V2-F,2021-09-16,0,-30.7483192,0
V2-F,2021-09-17,0,-58.48535064,0
V2-F,2021-09-20,0,-75.27819827,0
V2-F,2021-09-21,0,66.06129099,0
V2-F,2021-09-22,0,-24.8035141,0
V2-F,2021-09-23,0,-29.89753129,0
V2-F,2021-09-24,-2.228169292,-2.228169292,1
V2-F,2021-09-27,0,44.53053187,0
V2-F,2021-09-28,0,-53.36862883,0
V2-F,2021-09-29,-39.45253392,-39.45253392,2
V2-F,2021-09-30,0,12.480237,0
V2-F,2021-10-04,0,-88.50876878,0
V2-F,2021-10-05,-76.10302817,-76.10302817,2
V2-F,2021-10-06,-1.984112431,-1.984112431,2
V2-F,2021-10-07,0,-41.14280011,0
V2-F,2021-10-13,6.429958979,12.02831963,1
V2-F,2021-10-14,0,-32.7581902,0
V2-F,2021-10-15,-10.38337455,-18.67771851,1
V2-F,2021-10-18,7.848321393,19.77281314,1
V2-F,2021-10-19,0,-18.23625192,0
V2-F,2021-10-20,0,-7.898823957,0
V2-F,2021-10-21,0,8.850680519,0
V2-F,2021-10-22,0,-8.023812222,0
V2-F,2021-10-25,-12.37728819,-12.37728819,1
V2-F,2021-10-26,0,-9.811825299,0
V2-F,2021-10-27,0,8.238327749,0
V2-F,2021-10-28,0,-24.84681869,0
V2-F,2021-10-29,0,4.004303714,0
V2-F,2021-11-01,0,6.912834573,0
V2-F,2021-11-02,0,-6.378258984,0
V2-F,2021-11-03,0,3.173301399,0
V2-F,2021-11-04,0,-45.3390616,0
V2-F,2021-11-05,0,-5.701120463,0
V2-F,2021-11-08,0,3.847412096,0
V2-F,2021-11-09,0,10.68232365,0
V2-F,2021-11-10,0,38.42139583,0
V2-F,2021-11-11,0,-7.254054322,0
V2-F,2021-11-12,0,-4.445236047,0
V2-F,2021-11-15,0,13.59656073,0
V2-F,2021-11-17,0,2.105955709,0
V2-F,2021-11-18,0,26.84059137,0
V2-F,2021-11-19,0,-2.498959213,0
V2-F,2021-11-22,0,-29.15531741,0
V2-F,2021-11-23,4.495974948,4.495974948,1
V2-F,2021-11-24,0,45.63123834,0
V2-F,2021-11-29,0,-14.48509393,0
V2-F,2021-11-30,8.393878736,9.060518364,1
V2-F,2021-12-01,0,-16.40845762,0
V2-F,2021-12-02,0,18.84233267,0
V2-F,2021-12-06,-15.7697895,-15.7697895,1
V2-F,2021-12-07,0,-62.60562197,0
V2-F,2021-12-09,0,-9.468796632,0
V2-F,2021-12-10,7.305911527,17.83285204,1
V2-F,2021-12-13,0,-56.59182718,0
V2-F,2021-12-14,-63.12650477,-63.12650477,2
V2-F,2021-12-15,0,3.138001606,0
V2-F,2021-12-16,12.05917458,12.05917458,1
V2-F,2021-12-17,0,71.53318415,0
V2-F,2021-12-20,-2.493089476,-15.00875656,1
V2-F,2021-12-21,25.21812973,36.5160154,1
V2-F,2021-12-23,0,-25.6451053,0
V2-F,2021-12-27,0,-49.03586102,0
V2-F,2021-12-28,0,8.208248552,0
V2-F,2021-12-29,0,3.499473937,0
V2-F,2021-12-30,0,-2.251017684,0
V2-F,2022-01-03,0,47.70072408,0
V2-F,2022-01-04,0,12.60546712,0
V2-F,2022-01-05,-10.67415192,-3.747461175,1
V2-F,2022-01-10,0,-76.7899852,0
V2-F,2022-01-11,0,35.30581894,0
V2-F,2022-01-12,5.411340384,12.15002787,1
V2-F,2022-01-13,14.10269719,22.68645797,1
V2-F,2022-01-14,15.75974446,15.75974446,1
V2-F,2022-01-19,32.30871815,56.09979094,1
V2-F,2022-01-20,0,-46.3880141,0
V2-F,2022-01-21,0,0.7305134603,0
V2-F,2022-01-24,0,-25.08917232,0
V2-F,2022-01-25,0,44.69222058,0
V2-F,2022-01-26,31.82268503,31.82268503,2
V2-F,2022-01-27,29.88718619,47.3400512,1
V2-F,2022-01-31,0,-40.0980446,0
V2-F,2022-02-02,-11.71370028,-11.71370028,2
V2-F,2022-02-03,8.811744944,20.56722606,1
V2-F,2022-02-04,29.96965907,29.96965907,1
V2-F,2022-02-07,0,25.34376495,0
V2-F,2022-02-08,8.672599395,12.99571115,1
V2-F,2022-02-09,2.16845794,0.9267415262,1
V2-F,2022-02-10,83.65225615,83.65225615,2
V2-F,2022-02-11,0,0,0
V2-F,2022-02-14,0,14.06948632,0
V2-F,2022-02-15,-10.87176349,-12.14278603,1
V2-F,2022-02-16,0,-10.69602965,0
V2-F,2022-02-17,-40.04619109,-69.2602148,1
V2-F,2022-02-23,71.08546531,71.08546531,2
V2-F,2022-02-24,80.33742334,80.33742334,2
V2-F,2022-02-25,14.67190952,14.67190952,1
V2-F,2022-02-28,60.02693752,60.02693752,2
V2-F,2022-03-01,-18.12952809,-18.12952809,2
V2-F,2022-03-02,30.58785234,21.50795024,1
V2-F,2022-03-03,49.95194605,49.95194605,2
V2-F,2022-03-04,0,-56.34852046,0
V2-F,2022-03-07,0,-103.4040206,0
V2-F,2022-03-08,0,12.60927015,0
V2-F,2022-03-09,-41.83591445,-41.83591445,2
V2-F,2022-03-10,-6.94847948,-32.42634481,1
V2-F,2022-03-11,32.96712725,32.96712725,2
V2-F,2022-03-14,0,-17.38682944,0
V2-F,2022-03-15,-126.3568024,-126.3568024,2
V2-F,2022-03-16,0,-40.95907983,0
V2-F,2022-03-17,26.09080164,26.09080164,2
V2-F,2022-03-18,9.658073101,23.16715211,1
V2-F,2022-03-22,0,-89.14897974,0
V2-F,2022-03-23,22.43897764,30.96174941,1
V2-F,2022-03-24,24.78482255,10.63663396,1
V2-F,2022-03-25,0,-12.29177075,0
V2-F,2022-03-29,24.62354376,37.22469904,1
V2-F,2022-03-30,10.78096321,14.9742011,1
V2-F,2022-03-31,0,19.04198172,0
V2-F,2022-04-01,0,8.66463095,0
V2-F,2022-04-04,0,-18.20879686,0
V2-F,2022-04-05,-55.30729115,-55.30729115,1
V2-F,2022-04-06,0,-18.53868367,0
V2-F,2022-04-08,0,-5.705277965,0
V2-F,2022-04-11,-41.05187813,-61.15374404,1
V2-F,2022-04-12,9.954648086,20.76017087,1
V2-F,2022-04-13,0,-18.27345935,0
V2-F,2022-04-19,0,6.644400468,0
V2-F,2022-04-20,2.931348384,2.931348384,1
V2-F,2022-04-21,0,59.37125609,0
V2-F,2022-04-22,0,-19.10812751,0
V2-F,2022-04-25,40.08697375,50.28145435,1
V2-F,2022-04-26,0,-88.95128105,0
V2-F,2022-04-27,0,123.3710726,0
V2-F,2022-04-28,44.30038718,44.30038718,2
V2-F,2022-04-29,-34.99146215,-69.05434912,1
V2-F,2022-05-04,0,8.515466076,0
V2-F,2022-05-05,0,-161.5453531,0
V2-F,2022-05-06,0,99.17802243,0
V2-F,2022-05-09,-45.01786144,-69.8711203,1
V2-F,2022-05-10,36.07341442,36.07341442,2
V2-F,2022-05-11,4.244388572,4.244388572,1
V2-F,2022-05-12,72.54165872,120.8513935,1
V2-F,2022-05-13,0,-65.94107157,0
V2-F,2022-05-16,42.05694073,42.05694073,2
V2-F,2022-05-17,35.54096897,102.6926301,1
V2-F,2022-05-18,0,-55.24613302,0
V2-F,2022-05-19,35.90092558,35.90092558,2
V2-F,2022-05-20,55.96705652,87.88518462,1
V2-F,2022-05-23,28.05539278,28.05539278,2
V2-F,2022-05-24,0,-88.4506344,0
V2-F,2022-05-26,0,-26.95610865,0
V2-F,2022-05-27,0,-61.77696917,0
V2-F,2022-06-01,77.44609485,77.44609485,2
V2-F,2022-06-02,0,9.383787588,0
V2-F,2022-06-03,0,-13.50522135,0
V2-F,2022-06-06,-31.17472082,-52.43798502,1
V2-F,2022-06-07,49.72685405,49.72685405,2
V2-F,2022-06-08,5.402091292,26.37470768,1
V2-F,2022-06-09,33.9004728,62.77487676,1
V2-F,2022-06-10,0,-96.05175115,0
V2-F,2022-06-13,0,-141.839443,0
V2-F,2022-06-15,0,38.50248072,0
V2-F,2022-06-16,0,-106.1835101,0
V2-F,2022-06-17,0,63.52389056,0
V2-F,2022-06-22,55.38954366,55.38954366,2
V2-F,2022-06-23,-16.77261317,-16.77261317,2
V2-F,2022-06-24,0,-47.81509128,0
V2-F,2022-06-28,0,80.07314372,0
V2-F,2022-06-29,41.56038616,41.56038616,1
V2-F,2022-06-30,0,-15.22783802,0
V2-F,2022-07-01,8.016866005,8.016866005,1
V2-F,2022-07-06,0,0,0
V2-F,2022-07-07,0,-9.12075531,0
V2-F,2022-07-08,39.29438059,39.29438059,2
V2-F,2022-07-11,0,17.20258307,0
V2-F,2022-07-12,25.70796127,25.70796127,1
V2-F,2022-07-13,77.59850379,123.7852504,1
V2-F,2022-07-14,0,-43.79437926,0
V2-F,2022-07-15,0,-32.71152749,0
V2-F,2022-07-18,0,17.47285317,0
V2-F,2022-07-19,-40.5078073,-74.90706464,1
V2-F,2022-07-20,-37.20904447,-34.20603051,1
V2-F,2022-07-21,0,14.70520286,0
V2-F,2022-07-22,12.77366084,12.77366084,1
V2-F,2022-07-25,0,0,0
V2-F,2022-07-26,0,-14.49514852,0
V2-F,2022-07-27,0,-16.53490015,0
V2-F,2022-07-28,-1.513874162,-1.513874162,1
V2-F,2022-07-29,-25.68599269,-50.84741577,1
V2-F,2022-08-01,30.46810274,30.46810274,2
V2-F,2022-08-02,-8.608672977,-5.422246232,1
V2-F,2022-08-03,0,-27.59819287,0
V2-F,2022-08-04,16.87993168,16.87993168,1
V2-F,2022-08-05,0,73.3380689,0
V2-F,2022-08-08,-1.508997381,-8.849381536,1
V2-F,2022-08-09,-24.00441598,-35.04937033,1
V2-F,2022-08-10,0,-4.32126668,0
V2-F,2022-08-11,-6.781480657,-16.07820825,1
V2-F,2022-08-12,5.387275165,9.950177153,1
V2-F,2022-08-15,5.702232382,20.48502575,1
V2-F,2022-08-16,-20.75844533,-28.77804689,1
V2-F,2022-08-17,0,-14.19193705,0
V2-F,2022-08-19,0,-25.54686286,0
V2-F,2022-08-22,0,-45.98555513,0
V2-F,2022-08-23,16.68028407,16.68028407,2
V2-F,2022-08-25,-49.01459461,-85.28302453,1
V2-F,2022-08-26,0,15.63836963,0
V2-F,2022-08-29,-30.31636364,-44.10413453,1
V2-F,2022-08-30,0,2.086204483,0
V2-F,2022-08-31,0,67.95176482,0
V2-F,2022-09-01,-51.96579568,-86.46061515,1
V2-F,2022-09-02,-39.05616885,-30.9446718,1
V2-F,2022-09-07,18.67406612,18.67406612,1
V2-F,2022-09-08,32.43685496,32.43685496,2
V2-F,2022-09-09,0,-85.82952162,0
V2-F,2022-09-12,0,-37.96186597,0
V2-F,2022-09-13,0,-71.21642988,0
V2-F,2022-09-14,52.51874415,52.51874415,2
V2-F,2022-09-15,33.81915626,33.81915626,2
V2-F,2022-09-16,0,35.5696709,0
V2-F,2022-09-19,14.10222818,14.10222818,2
V2-F,2022-09-20,10.80750158,6.113805264,1
V2-F,2022-09-21,-1.777296082,-1.268842405,1
V2-F,2022-09-22,-13.64605083,-13.64605083,2
V2-F,2022-09-23,0,-19.35603376,0
V2-F,2022-09-26,7.92646264,7.92646264,1
V2-F,2022-09-27,0,23.16545185,0
V2-F,2022-09-28,9.697315528,9.697315528,1
V2-F,2022-09-29,0,-55.5440195,0
V2-F,2022-09-30,9.696961806,9.696961806,2
V2-F,2022-10-03,-102.1678004,-102.1678004,2
V2-F,2022-10-04,0,-63.70845846,0
V2-F,2022-10-05,0,-57.45949909,0
V2-F,2022-10-07,0,-17.10423161,0
V2-F,2022-10-11,-3.16184477,-3.16184477,2
V2-F,2022-10-12,48.35249124,48.35249124,2
V2-F,2022-10-13,0,128.2986953,0
V2-F,2022-10-14,4.227026111,4.227026111,1
V2-F,2022-10-17,0,-18.82958477,0
V2-F,2022-10-18,0,63.65390499,0
V2-F,2022-10-19,63.49266709,63.49266709,2
V2-F,2022-10-20,0,-1.191913401,0
V2-F,2022-10-21,0,0,0
V2-F,2022-10-24,52.06515311,52.06515311,1
V2-F,2022-10-25,-17.60491669,-17.60491669,1
V2-F,2022-10-26,32.01713598,94.97839332,1
V2-F,2022-10-27,33.16935215,33.16935215,2
V2-F,2022-10-31,-17.46998139,-17.46998139,2
V2-F,2022-11-01,0,67.80945269,0
V2-F,2022-11-02,0,-3.746183826,0
V2-F,2022-11-03,36.44263056,62.1228764,1
V2-F,2022-11-04,-46.29261431,-46.29261431,2
V2-F,2022-11-07,7.085726547,7.085726547,1
V2-F,2022-11-08,0,0,0
V2-F,2022-11-09,-31.60916338,-49.47878131,1
V2-F,2022-11-10,0,-60.85836489,0
V2-F,2022-11-14,54.9061718,54.9061718,2
V2-F,2022-11-15,0,-10.86254924,0
V2-F,2022-11-16,-29.73517653,-46.1943845,1
V2-F,2022-11-17,0,-9.188595069,0
V2-F,2022-11-18,49.39711436,49.39711436,2
V2-F,2022-11-21,-33.67792358,-50.2670672,1
V2-F,2022-11-22,0,-18.12452747,0
V2-F,2022-11-28,0,-49.70571281,0
V2-F,2022-11-30,16.95479896,20.88415844,1
V2-F,2022-12-01,23.41622972,39.42547542,1
V2-F,2022-12-02,0,21.75471412,0
V2-F,2022-12-05,0,-30.18893383,0
V2-F,2022-12-06,-33.95242263,-56.71762883,1
V2-F,2022-12-07,-10.20624078,-10.20624078,1
V2-F,2022-12-08,0,-33.77972604,0
V2-F,2022-12-09,0,0,0
V2-F,2022-12-12,0,-4.40685796,0
V2-F,2022-12-13,0,111.5293962,0
V2-F,2022-12-15,0,-55.73292532,0
V2-F,2022-12-16,5.336558623,-30.0684702,1
V2-F,2022-12-20,68.42047263,68.42047263,2
V2-F,2022-12-21,-49.30177344,-91.06554052,1
V2-F,2022-12-22,0,-66.08466434,0
V2-F,2022-12-23,59.77722285,59.77722285,2
V2-F,2022-12-27,37.0759456,70.06427384,1
V2-F,2022-12-29,0,-58.81368724,0
V2-F,2022-12-30,0,10.96307975,0
V2-F,2023-01-03,39.46569333,64.09067723,1
V2-F,2023-01-04,31.96062386,31.96062386,2
V2-F,2023-01-05,21.57604378,39.69491873,1
V2-F,2023-01-06,3.087247228,3.087247228,1
V2-F,2023-01-09,0,-72.93188058,0
V2-F,2023-01-11,-3.980852705,0.5809574499,1
V2-F,2023-01-13,0,64.88263807,0
V2-F,2023-01-18,39.16616662,39.16616662,2
V2-F,2023-01-19,-9.898983021,-21.22724749,1
V2-F,2023-01-20,-35.5784581,-35.5784581,2
V2-F,2023-01-23,-44.4710074,-76.20648906,1
V2-F,2023-01-24,0,27.84852134,0
V2-F,2023-01-25,0,-35.49912913,0
V2-F,2023-01-26,0,25.3603585,0
V2-F,2023-01-27,0,0.4497330142,0
V2-F,2023-01-30,0,-69.91325025,0
V2-F,2023-01-31,-18.00405557,-7.96524914,1
V2-F,2023-02-01,11.01754712,5.033445902,1
V2-F,2023-02-02,0,-78.61178842,0
V2-F,2023-02-03,0,102.4494795,0
V2-F,2023-02-06,0,-42.88446071,0
V2-F,2023-02-07,0,-1.985687371,0
V2-F,2023-02-08,0,-64.03894893,0
V2-F,2023-02-09,0,18.82960774,0
V2-F,2023-02-10,8.406433643,0.7055313939,1
V2-F,2023-02-13,-17.12025036,-38.55930811,1
V2-F,2023-02-14,13.68762112,13.68762112,2
V2-F,2023-02-15,12.88760321,8.183600058,1
V2-F,2023-02-16,0,55.19435479,0
V2-F,2023-02-17,0,11.84598252,0
V2-F,2023-02-22,39.69697923,39.69697923,2
V2-F,2023-02-23,0,33.42473861,0
V2-F,2023-02-24,0,-18.69388749,0
V2-F,2023-02-27,0,1.454210144,0
V2-F,2023-02-28,0,0.4594908133,0
V2-F,2023-03-01,5.796049219,9.723180464,1
V2-F,2023-03-02,0,24.09713783,0
V2-F,2023-03-03,0,-38.41898823,0
V2-F,2023-03-06,-38.0897467,-60.09629933,1
V2-F,2023-03-07,11.01590675,11.15954412,1
V2-F,2023-03-09,-26.44259412,-26.44259412,2
V2-F,2023-03-10,4.330021223,4.330021223,1
V2-F,2023-03-13,12.48312455,12.48312455,1
V2-F,2023-03-14,0,-36.73152937,0
V2-F,2023-03-15,0,-48.59041411,0
V2-F,2023-03-16,0,28.87471445,0
V2-F,2023-03-17,-43.8622218,-43.8622218,1
V2-F,2023-03-20,23.60473442,23.60473442,2
V2-F,2023-03-21,0,20.96213411,0
V2-F,2023-03-22,0,10.58468608,0
V2-F,2023-03-23,0,-52.84273927,0
V2-F,2023-03-24,6.740447107,18.60487804,1
V2-F,2023-03-27,16.21735098,40.86698805,1
V2-F,2023-03-28,-17.23151246,-29.88905055,1
V2-F,2023-03-29,0,13.87999221,0
V2-F,2023-03-30,0,-17.53309543,0
V2-F,2023-03-31,-22.28491205,-34.95482237,1
V2-F,2023-04-03,0,1.782685112,0
V2-F,2023-04-05,-36.14679928,-54.80832048,1
V2-F,2023-04-06,17.91201357,21.10271479,1
V2-F,2023-04-10,0,12.32251781,0
V2-F,2023-04-11,-16.78555636,-16.78555636,1
V2-F,2023-04-12,0,13.20285533,0
V2-F,2023-04-13,-21.08120894,-35.77527494,1
V2-F,2023-04-17,0,7.206234921,0
V2-F,2023-04-18,0,47.62792674,0
V2-F,2023-04-19,0,19.23402872,0
V2-F,2023-04-20,0,10.51946268,0
V2-F,2023-04-21,0,6.880138626,0
V2-F,2023-04-25,0,-37.10431857,0
V2-F,2023-04-26,0,0.3795266467,0
V2-F,2023-04-27,0,-52.62302913,0
V2-F,2023-04-28,16.8631537,17.30427706,1
V2-F,2023-05-01,0,7.128904341,0
V2-F,2023-05-02,4.596279017,-48.3249093,1
V2-F,2023-05-03,0,15.84508229,0
V2-F,2023-05-04,-3.465910835,-14.67075043,1
V2-F,2023-05-05,0,-56.61646441,0
V2-F,2023-05-08,-0.6715805328,-0.6715805328,1
V2-F,2023-05-09,3.09092448,5.044129725,1
V2-F,2023-05-10,0,25.22158081,0
V2-F,2023-05-11,0,-10.13862015,0
V2-F,2023-05-12,7.411726493,20.7848092,1
V2-F,2023-05-15,8.648010877,8.648010877,1
V2-F,2023-05-16,0,-17.03872815,0
V2-F,2023-05-17,12.19398927,13.24052548,1
V2-F,2023-05-18,-20.80946821,-18.27123962,1
V2-F,2023-05-19,4.482883239,7.58101823,1
V2-F,2023-05-23,0,-1.85044494,0
V2-F,2023-05-24,0,-29.75658299,0
V2-F,2023-05-25,0,-21.59696129,0
V2-F,2023-05-26,-77.09634458,-77.09634458,2
V2-F,2023-05-31,0,-22.8880954,0
V2-F,2023-06-02,0,32.44988415,0
V2-F,2023-06-05,11.1818314,11.1818314,1
V2-F,2023-06-06,25.60322092,25.60322092,2
V2-F,2023-06-07,38.17521197,38.17521197,2
V2-F,2023-06-08,-26.37417345,-26.37417345,1
V2-F,2023-06-09,0,5.34459938,0
V2-F,2023-06-12,0,-2.713613006,0
V2-F,2023-06-13,0,24.88369869,0
V2-F,2023-06-14,0,-6.934175569,0
V2-F,2023-06-15,6.905945323,6.905945323,1
V2-F,2023-06-16,0,-0.149343392,0
V2-F,2023-06-21,-34.06056359,-42.98929681,1
V2-F,2023-06-22,0,8.938046813,0
V2-F,2023-06-23,0,38.2181735,0
V2-F,2023-06-27,6.26219553,4.399453227,1
V2-F,2023-06-28,16.76013749,33.36116537,1
V2-F,2023-06-29,-14.51637021,-10.98826537,1
V2-F,2023-06-30,0,-19.82210569,0
V2-F,2023-07-06,0,-25.15383406,0
V2-F,2023-07-07,0,4.070889852,0
V2-F,2023-07-10,3.119813466,3.119813466,1
V2-F,2023-07-12,0,-30.75599537,0
V2-F,2023-07-13,0,-3.691701664,0
V2-F,2023-07-14,-5.95424215,1.311708871,1
V2-F,2023-07-17,-8.835039908,-8.835039908,1
V2-F,2023-07-18,7.202882237,7.202882237,1
V2-F,2023-07-19,12.78902677,8.299128328,1
V2-F,2023-07-20,0,-68.41849556,0
V2-F,2023-07-21,0,47.11983228,0
V2-F,2023-07-24,20.01841081,20.96335818,1
V2-F,2023-07-25,4.542940227,4.542940227,1
V2-F,2023-07-26,-2.735199846,-9.690555043,1
V2-F,2023-07-27,0,35.17590669,0
V2-F,2023-07-28,0,-8.58944741,0
V2-F,2023-07-31,16.25919987,28.29251336,1
V2-F,2023-08-01,0,-3.790463541,0
V2-F,2023-08-02,0,-51.45594717,0
V2-F,2023-08-03,0,3.208528554,0
V2-F,2023-08-04,25.77484287,52.8496064,1
V2-F,2023-08-07,15.24167194,5.963645158,1
V2-F,2023-08-08,0,-18.24294461,0
V2-F,2023-08-10,0,23.25477893,0
V2-F,2023-08-11,0,49.4193678,0
V2-F,2023-08-14,0,4.038611871,0
V2-F,2023-08-15,-17.3701522,-30.36063291,1
V2-F,2023-08-16,0,3.716086604,0
V2-F,2023-08-17,0,6.583779596,0
V2-F,2023-08-18,0,16.51118857,0
V2-F,2023-08-21,0,18.98533817,0
V2-F,2023-08-22,0,26.15426336,0
V2-F,2023-08-23,0,-53.1962769,0
V2-F,2023-08-24,1.87966921,4.818260775,1
V2-F,2023-08-25,27.09267191,51.04907897,1
V2-F,2023-08-28,0,10.30544466,0
V2-F,2023-08-30,0,8.711378738,0
V2-F,2023-08-31,0,-2.353046595,0
V2-F,2023-09-01,0,-1.803715358,0
V2-F,2023-09-06,-33.38391965,-59.13229184,1
V2-F,2023-09-07,0,26.94938859,0
V2-F,2023-09-11,0,-0.9010052497,0
V2-F,2023-09-12,-14.65354948,-23.35704363,1
V2-F,2023-09-13,21.5933016,21.5933016,2
V2-F,2023-09-14,16.96582264,8.279589721,1
V2-F,2023-09-15,-15.22255847,-23.37135551,1
V2-F,2023-09-18,0,5.417014527,0
V2-F,2023-09-19,-27.85428641,-51.64559149,1
V2-F,2023-09-20,14.33388443,15.85064638,1
V2-F,2023-09-21,0,-5.049874793,0
V2-F,2023-09-22,0,-33.13362967,0
V2-F,2023-09-25,0,12.62324326,0
V2-F,2023-09-26,0,-17.99741772,0
V2-F,2023-09-27,0,39.65120132,0
V2-F,2023-09-28,19.22589377,26.61576608,1
V2-F,2023-09-29,0,-4.511576415,0
V2-F,2023-10-02,2.246755202,2.246755202,1
V2-F,2023-10-03,0,-85.77475568,0
V2-F,2023-10-04,-7.863673207,-1.584273488,1
V2-F,2023-10-05,-64.06453907,-64.06453907,2
V2-F,2023-10-06,0,48.62331579,0
V2-F,2023-10-09,-14.20006875,-14.20006875,2
V2-F,2023-10-10,-35.35892082,-61.22296493,1
V2-F,2023-10-11,8.218244333,21.1184543,1
V2-F,2023-10-13,13.39885702,13.39885702,2
V2-F,2023-10-16,-35.36647975,-66.33740202,1
V2-F,2023-10-17,0,75.74691504,0
V2-F,2023-10-18,-5.541411473,-13.11706956,1
V2-F,2023-10-19,4.975300434,4.975300434,1
V2-F,2023-10-20,-22.15075164,-22.15075164,2
V2-F,2023-10-23,0,71.19986373,0
V2-F,2023-10-24,-24.78307406,-44.59139811,1
V2-F,2023-10-25,0,16.98082407,0
V2-F,2023-10-26,-49.11958614,-49.11958614,2
V2-F,2023-10-27,8.543067227,24.5748927,1
V2-F,2023-10-30,0,62.97674338,0
V2-F,2023-11-01,0,-67.43634941,0
V2-F,2023-11-02,0,-31.31573171,0
V2-F,2023-11-03,0,7.006096146,0
V2-F,2023-11-06,6.161019418,6.161019418,2
V2-F,2023-11-07,-35.90498746,-28.06039132,1
V2-F,2023-11-08,0,10.30648338,0
V2-F,2023-11-10,0,23.07928698,0
V2-F,2023-11-13,0,22.83115379,0
V2-F,2023-11-14,0,-35.35911398,0
V2-F,2023-11-15,-12.86051846,-17.57655642,1
V2-F,2023-11-16,9.685148983,9.685148983,1
V2-F,2023-11-17,3.674294817,3.674294817,2
V2-F,2023-11-21,0,-23.7087212,0
V2-F,2023-11-22,0,26.39583924,0
V2-F,2023-11-27,0,5.086153971,0
V2-F,2023-11-28,9.379023802,17.74590835,1
V2-F,2023-11-29,0,42.90909756,0
V2-F,2023-12-01,-9.029283518,-7.535079352,1
V2-F,2023-12-04,0,-51.64254434,0
V2-F,2023-12-05,0,33.8629514,0
V2-F,2023-12-06,0,11.50102534,0
V2-F,2023-12-07,0,-30.33045708,0
V2-F,2023-12-08,0,8.189185812,0
V2-F,2023-12-11,0,-13.00393354,0
V2-F,2023-12-12,8.593537285,19.97045954,1
V2-F,2023-12-13,-6.17652544,-6.17652544,1
V2-F,2023-12-14,0,34.73889034,0
V2-F,2023-12-15,-1.959006712,-1.959006712,2
V2-F,2023-12-18,-7.945047611,-10.43590398,1
V2-F,2023-12-19,1.462484172,-5.962960816,1
V2-F,2023-12-20,0,5.979069762,0
V2-F,2023-12-21,0,4.19877154,0
V2-F,2023-12-22,0,-1.763931223,0
V2-F,2023-12-26,0,-4.003274695,0
V2-F,2023-12-27,0,5.835839654,0
V2-F,2023-12-28,0,1.814995402,0
V2-F,2024-01-02,0,-15.05874579,0
V2-F,2024-01-03,0,-33.35463475,0
V2-F,2024-01-04,0,10.52954914,0
V2-F,2024-01-05,0,-47.42146768,0
V2-F,2024-01-08,0,-34.71985839,0
V2-F,2024-01-09,0,30.64687127,0
V2-F,2024-01-10,0,17.26744417,0
V2-F,2024-01-11,6.915219025,6.915219025,1
V2-F,2024-01-12,0,40.77453858,0
V2-F,2024-01-17,0,11.07041575,0
V2-F,2024-01-18,0,-16.84653049,0
V2-F,2024-01-19,0,-20.16389063,0
V2-F,2024-01-22,0,19.70234355,0
V2-F,2024-01-24,0,-47.37366918,0
V2-F,2024-01-25,0,-17.11469389,0
V2-F,2024-01-26,0,18.45412192,0
V2-F,2024-01-29,0,12.92527025,0
V2-F,2024-01-30,0,-20.44010884,0
V2-F,2024-01-31,0,-36.23602042,0
V2-F,2024-02-01,0,-7.923052942,0
V2-F,2024-02-02,0,-30.71788532,0
V2-F,2024-02-05,-40.8877577,-69.95742859,1
V2-F,2024-02-06,7.535843735,22.47092009,1
V2-F,2024-02-07,0,-59.46532225,0
V2-F,2024-02-08,0,3.488205686,0
V2-F,2024-02-09,0,-32.89100481,0
V2-F,2024-02-13,0,41.76053175,0
V2-F,2024-02-14,0,-8.136099015,0
V2-F,2024-02-15,0,-0.8793163499,0
V2-F,2024-02-16,0,-2.863295601,0
V2-F,2024-02-21,0,-4.15662934,0
V2-F,2024-02-22,0,-0.05803950596,0
V2-F,2024-02-23,0,33.12256338,0
V2-F,2024-02-26,0,5.397533046,0
V2-F,2024-02-28,0,7.999153596,0
V2-F,2024-02-29,0,21.35184896,0
V2-F,2024-03-01,0,-31.69995537,0
V2-F,2024-03-04,4.360511798,6.662544971,1
V2-F,2024-03-05,0,-55.23445713,0
V2-F,2024-03-06,0,23.26675211,0
V2-F,2024-03-07,0,-57.32544756,0
V2-F,2024-03-08,0,-2.0593842,0
V2-F,2024-03-11,0,20.9441794,0
V2-F,2024-03-13,2.918621911,2.918621911,1
V2-F,2024-03-14,4.010478267,5.315391838,1
V2-F,2024-03-15,0,17.62279115,0
V2-F,2024-03-18,0,-14.08277096,0
V2-F,2024-03-19,0,22.47146512,0
V2-F,2024-03-20,0,4.88553354,0
V2-F,2024-03-21,0,8.556700274,0
V2-F,2024-03-22,0,16.74077693,0
V2-F,2024-03-25,0,25.21526727,0
V2-F,2024-03-26,0,10.69289693,0
V2-F,2024-03-27,14.04138127,26.90947653,1
V2-F,2024-04-01,0,37.15728326,0
V2-F,2024-04-02,0,-0.03228276345,0
V2-F,2024-04-03,0,22.66398361,0
V2-F,2024-04-04,0,11.99914599,0
V2-F,2024-04-05,0,-35.25884034,0
V2-F,2024-04-09,0,34.94762791,0
V2-F,2024-04-10,0,35.99223731,0
V2-F,2024-04-11,18.19976452,18.19976452,1
V2-F,2024-04-12,0,-52.57815132,0
V2-F,2024-04-15,0,52.84180498,0
V2-F,2024-04-16,10.29207137,10.29207137,1
V2-F,2024-04-17,0,40.27782995,0
V2-F,2024-04-19,0,-26.6646324,0
V2-F,2024-04-22,0,26.45653183,0
V2-F,2024-04-23,0,-26.70998188,0
V2-F,2024-04-24,0,31.49090662,0
V2-F,2024-04-25,0,-2.575980715,0
V2-F,2024-04-26,0,-35.73888506,0
V2-F,2024-04-29,0,-4.287130842,0
V2-F,2024-04-30,0,-3.687913053,0
V2-F,2024-05-01,0,-2.813353765,0
V2-F,2024-05-02,32.40246474,52.2518653,1
V2-F,2024-05-03,0,10.71605425,0
V2-F,2024-05-06,0,-2.725927428,0
V2-F,2024-05-07,0,7.713643645,0
V2-F,2024-05-08,0,28.85194443,0
V2-F,2024-05-09,0,3.472608988,0
V2-F,2024-05-10,0,33.71965394,0
V2-F,2024-05-13,0,0.7616888858,0
V2-F,2024-05-14,0,4.633098491,0
V2-F,2024-05-15,0,-24.77410355,0
V2-F,2024-05-20,0,-23.73876102,0
V2-F,2024-05-21,0,17.96706289,0
V2-F,2024-05-22,0,-2.569564834,0
V2-F,2024-05-23,0,20.9736948,0
V2-F,2024-05-24,0,-13.4929496,0
V2-F,2024-05-29,0,25.29849548,0
V2-F,2024-05-30,0,-27.52031649,0
V2-F,2024-05-31,0,11.03326685,0
V2-F,2024-06-03,0,38.94220013,0
V2-F,2024-06-04,0,9.75396788,0
V2-F,2024-06-05,0,-26.3730526,0
V2-F,2024-06-06,0,4.827851257,0
V2-F,2024-06-07,0,21.1948561,0
V2-F,2024-06-10,0,14.57112988,0
V2-F,2024-06-11,0,20.60492181,0
V2-F,2024-06-12,0,-14.38735105,0
V2-F,2024-06-13,0,22.4246372,0
V2-F,2024-06-14,0,-10.72371756,0
V2-F,2024-06-17,0,-10.2784883,0
V2-F,2024-06-18,0,6.571694305,0
V2-F,2024-06-21,0,4.978927118,0
V2-F,2024-06-24,0,15.93893542,0
V2-F,2024-06-25,0,-11.22865643,0
V2-F,2024-06-26,0,4.60440821,0
V2-F,2024-06-28,0,-37.02953505,0
V2-F,2024-07-01,0,5.30389675,0
V2-F,2024-07-02,0,-0.5725613338,0
V2-F,2024-07-08,0,5.206687672,0
V2-F,2024-07-09,0,-2.912127551,0
V2-F,2024-07-10,0,3.825720483,0
V2-F,2024-07-11,0,2.957760401,0
V2-F,2024-07-12,0,-74.36192685,0
V2-F,2024-07-15,0,-40.91826235,0
V2-F,2024-07-16,0,6.225453459,0
V2-F,2024-07-17,0,-16.82726403,0
V2-F,2024-07-18,10.65939262,16.96208946,1
V2-F,2024-07-22,0,-10.83154146,0
V2-F,2024-07-24,0,-52.38479958,0
V2-F,2024-07-26,17.10736124,21.770481,1
V2-F,2024-07-29,0,30.9666553,0
V2-F,2024-07-30,6.684111348,19.02281372,1
V2-F,2024-07-31,0,-56.75594021,0
V2-F,2024-08-01,0,67.51429272,0
V2-F,2024-08-02,-56.15419886,-115.1718209,1
V2-F,2024-08-05,0,33.21363187,0
V2-F,2024-08-06,0,-68.80461833,0
V2-F,2024-08-07,0,-6.755929986,0
V2-F,2024-08-08,-99.10149337,-99.10149337,2
V2-F,2024-08-09,16.85648681,30.56147978,1
V2-F,2024-08-13,-8.61610477,-8.047283249,1
V2-F,2024-08-15,0,-47.35383122,0
V2-F,2024-08-16,38.49157623,38.49157623,2
V2-F,2024-08-19,0,6.145782054,0
V2-F,2024-08-21,-28.39322038,-44.2594538,1
V2-F,2024-08-22,18.75755642,34.32247514,1
V2-F,2024-08-23,-39.54142082,-39.54142082,2
V2-F,2024-08-26,-48.95733283,-40.24491727,1
V2-F,2024-08-27,36.17342965,54.75352403,1
V2-F,2024-08-28,-20.76155143,-27.97636936,1
V2-F,2024-08-29,-39.90326749,-39.90326749,2
V2-F,2024-08-30,6.119744654,9.104251946,1
V2-F,2024-09-04,11.12848124,14.1674115,1
V2-F,2024-09-05,0,2.36241535,0
V2-F,2024-09-06,-81.45032007,-81.45032007,1
V2-F,2024-09-09,26.19147111,29.9608727,1
V2-F,2024-09-10,16.05686363,31.62357274,1
V2-F,2024-09-11,0,-52.88107528,0
V2-F,2024-09-12,0,5.915836703,0
V2-F,2024-09-13,0,-15.02636614,0
V2-F,2024-09-16,9.678652459,8.90095047,1
V2-F,2024-09-17,-13.39958563,-23.99848937,1
V2-F,2024-09-18,0,3.925445109,0
V2-F,2024-09-19,0,-23.69805074,0
V2-F,2024-09-20,-14.90861596,-18.49714361,1
V2-F,2024-09-23,-9.291040034,-19.81000406,1
V2-F,2024-09-24,8.568095658,8.568095658,1
V2-F,2024-09-26,0,27.77350517,0
V2-F,2024-09-27,0,-6.78657513,0
V2-F,2024-09-30,0,3.341146733,0
V2-F,2024-10-01,-34.62249421,-46.87053355,1
V2-F,2024-10-02,32.55355411,60.81125884,1
V2-F,2024-10-03,0,18.80334313,0
V2-F,2024-10-04,34.60661392,61.89975532,1
V2-F,2024-10-07,9.065167673,10.89649636,1
V2-F,2024-10-08,-61.41995256,-61.41995256,2
V2-F,2024-10-09,14.19608206,14.19608206,1
V2-F,2024-10-10,6.9252169,9.816422294,1
V2-F,2024-10-11,19.34207681,19.34207681,1
V2-F,2024-10-14,0,-17.68154054,0
V2-F,2024-10-15,0,1.870042532,0
V2-F,2024-10-16,0,6.077437124,0
V2-F,2024-10-17,22.35537577,22.35537577,2
V2-F,2024-10-18,0,-2.863384282,0
V2-F,2024-10-21,0,4.090081682,0
V2-F,2024-10-22,0.8467664122,0.7329703722,1
V2-F,2024-10-23,6.35855964,7.948452305,1
V2-F,2024-10-24,-4.988760038,-9.595267268,1
V2-F,2024-10-25,0,-26.77126857,0
V2-F,2024-10-28,-10.64192745,-17.99438646,1
V2-F,2024-10-29,0,9.286309448,0
V2-F,2024-10-30,32.88737687,50.29379113,1
V2-F,2024-10-31,0,-53.97392146,0
V2-F,2024-11-01,-14.71640105,-23.7049961,1
V2-F,2024-11-04,4.960670319,4.960670319,1
V2-F,2024-11-05,-16.69453062,-39.77692868,1
V2-F,2024-11-06,0,1.778037254,0
V2-F,2024-11-07,0,-27.70136444,0
V2-F,2024-11-08,0,-2.668985861,0
V2-F,2024-11-11,0,-1.353458989,0
V2-F,2024-11-12,0,1.524279282,0
V2-F,2024-11-13,0,-9.587924612,0
V2-F,2024-11-14,0,12.22956081,0
V2-F,2024-11-15,-26.14976213,-46.90435392,1
V2-F,2024-11-18,0,-37.14125181,0
V2-F,2024-11-19,0,28.94244206,0
V2-F,2024-11-20,0,-23.49245945,0
V2-F,2024-11-25,0,53.98756782,0
V2-F,2024-11-26,0,-0.05238505091,0
V2-F,2024-11-27,0,-36.612922,0
V2-F,2024-12-02,0,-9.237559206,0
V2-F,2024-12-03,0,-3.893434393,0
V2-F,2024-12-04,0,-24.05934188,0
V2-F,2024-12-06,0,-14.98248691,0
V2-F,2024-12-09,0,-33.87196603,0
V2-F,2024-12-10,0,4.335321505,0
V2-F,2024-12-11,-16.97959914,-23.87346067,1
V2-F,2024-12-12,0,6.371751645,0
V2-F,2024-12-13,35.72130268,54.10487643,1
V2-F,2024-12-16,0,-29.33054714,0
V2-F,2024-12-17,12.24067963,5.198571152,1
V2-F,2024-12-18,0,15.60525714,0
V2-F,2024-12-19,0,33.51028419,0
V2-F,2024-12-20,0,37.52048577,0
V2-F,2024-12-23,0,-1.382693295,0
V2-F,2024-12-26,0,-0.3187632817,0
V2-F,2024-12-27,-26.96004377,-50.64474951,1
V2-F,2024-12-30,16.52590291,25.89139851,1
V2-F,2024-12-31,0,5.754588502,0
V2-F,2025-01-02,0,1.359326381,0
V2-F,2025-01-03,0,6.883281468,0
V2-F,2025-01-06,-16.28145593,-26.31380534,1
V2-F,2025-01-07,0,18.98226602,0
V2-F,2025-01-08,0,-6.211251314,0
V2-F,2025-01-13,0,46.55352916,0
V2-F,2025-01-14,0,46.1224597,0
V2-F,2025-01-15,-17.61454311,-23.37586299,1
V2-F,2025-01-16,0,3.075659409,0
V2-F,2025-01-17,0,-7.073536192,0
V2-F,2025-01-22,0,-24.74535824,0
V2-F,2025-01-23,0,3.872380974,0
V2-F,2025-01-27,24.48924946,34.94972123,1
V2-F,2025-01-29,0,-2.576676397,0
V2-F,2025-01-30,0,37.42009739,0
V2-F,2025-01-31,0,-39.19637581,0
V2-F,2025-02-03,44.49619714,84.12504047,1
V2-F,2025-02-04,0,-61.60424459,0
V2-F,2025-02-05,0,2.194615905,0
V2-F,2025-02-06,0,19.85834472,0
V2-F,2025-02-07,0,23.64224241,0
V2-F,2025-02-10,0,-38.14711959,0
V2-F,2025-02-11,0,21.34863032,0
V2-F,2025-02-12,0,25.36049588,0
V2-F,2025-02-13,0,-63.58567118,0
V2-F,2025-02-14,0,0.4447874963,0
V2-F,2025-02-19,0,-0.2328184829,0
V2-F,2025-02-20,0,-42.58946183,0
V2-F,2025-02-21,0,-25.42142974,0
V2-F,2025-02-24,0,16.57095091,0
V2-F,2025-02-25,0,-87.98519706,0
V2-F,2025-02-26,0,-42.4573673,0
V2-F,2025-02-27,0,12.20523151,0
V2-F,2025-02-28,0,0.9493388324,0
V2-C,2017-04-11,0,-50.47819982,0
V2-C,2017-04-12,0,24.77382604,0
V2-C,2017-04-13,0,-70.40017943,0
V2-C,2017-04-17,0,28.09035831,0
V2-C,2017-04-18,0,0.2382340356,0
V2-C,2017-04-19,0,-49.48742611,0
V2-C,2017-04-20,0,34.80223422,0
V2-C,2017-04-21,0,6.285096325,0
V2-C,2017-04-25,0,7.602557268,0
V2-C,2017-04-26,0,-7.768784736,0
V2-C,2017-04-27,0,1.413373717,0
V2-C,2017-04-28,0,-2.097371168,0
V2-C,2017-05-01,0,7.199073818,0
V2-C,2017-05-02,0,-18.08455852,0
V2-C,2017-05-03,0,-2.597248315,0
V2-C,2017-05-04,0,-3.009136792,0
V2-C,2017-05-05,0,-39.60755674,0
V2-C,2017-05-08,0,-20.39287829,0
V2-C,2017-05-09,0,-25.97349225,0
V2-C,2017-05-10,0,-32.17580424,0
V2-C,2017-05-11,0,-46.10190946,0
V2-C,2017-05-12,0,-20.86753613,0
V2-C,2017-05-15,0,1.803562985,0
V2-C,2017-05-16,0,-23.15932856,0
V2-C,2017-05-17,0,106.0255286,0
V2-C,2017-05-18,0,-6.399554305,0
V2-C,2017-05-19,0,-16.39294686,0
V2-C,2017-05-22,0,14.42711934,0
V2-C,2017-05-23,0,-11.17290409,0
V2-C,2017-05-24,0,-25.0477842,0
V2-C,2017-05-25,0,11.10294885,0
V2-C,2017-05-26,0,-3.758557668,0
V2-C,2017-05-31,0,-28.83802299,0
V2-C,2017-06-01,0,-49.79382407,0
V2-C,2017-06-02,0,38.84516553,0
V2-C,2017-06-05,0,-13.28731552,0
V2-C,2017-06-06,0,-45.26880637,0
V2-C,2017-06-07,0,-16.48464767,0
V2-C,2017-06-08,0,-32.77446498,0
V2-C,2017-06-09,0,-58.24742086,0
V2-C,2017-06-12,0,-47.40351952,0
V2-C,2017-06-13,0,-3.687945218,0
V2-C,2017-06-14,0,22.69016672,0
V2-C,2017-06-15,0,-77.75643307,0
V2-C,2017-06-16,0,-25.55002293,0
V2-C,2017-06-19,0,8.690729885,0
V2-C,2017-06-20,0,41.42826353,0
V2-C,2017-06-21,0,28.63109196,0
V2-C,2017-06-22,0,-6.89960753,0
V2-C,2017-06-23,0,17.06106397,0
V2-C,2017-06-26,0,14.80469005,0
V2-C,2017-06-27,0,91.51954641,0
V2-C,2017-06-28,0,-43.06235765,0
V2-C,2017-06-29,0,47.17694307,0
V2-C,2017-06-30,0,14.18540466,0
V2-C,2017-07-06,0,-8.71795025,0
V2-C,2017-07-07,0,23.33273713,0
V2-C,2017-07-10,0,21.66516938,0
V2-C,2017-07-11,0,-31.39542293,0
V2-C,2017-07-12,0,11.60471022,0
V2-C,2017-07-13,0,-26.02598077,0
V2-C,2017-07-14,0,-14.56864616,0
V2-C,2017-07-17,0,-14.62305747,0
V2-C,2017-07-18,0,29.68614606,0
V2-C,2017-07-19,0,18.05703371,0
V2-C,2017-07-20,0,-11.02258842,0
V2-C,2017-07-21,0,10.55360847,0
V2-C,2017-07-24,0,9.53529879,0
V2-C,2017-07-25,0,-1.184757613,0
V2-C,2017-07-26,0,1.384916129,0
V2-C,2017-07-27,0,67.91971402,0
V2-C,2017-07-28,0,-0.3355219935,0
V2-C,2017-07-31,0,-0.1683849759,0
V2-C,2017-08-01,0,-17.82222278,0
V2-C,2017-08-02,0,-46.8253347,0
V2-C,2017-08-03,0,3.926447938,0
V2-C,2017-08-04,0,-4.698846076,0
V2-C,2017-08-07,0,14.34552296,0
V2-C,2017-08-08,0,-16.60704319,0
V2-C,2017-08-09,0,30.85264949,0
V2-C,2017-08-10,0,90.7969798,0
V2-C,2017-08-11,0,-1.055595051,0
V2-C,2017-08-14,0,4.020804088,0
V2-C,2017-08-15,0,-15.49923255,0
V2-C,2017-08-16,0,-11.30530869,0
V2-C,2017-08-17,0,103.8081578,0
V2-C,2017-08-18,0,-26.84402956,0
V2-C,2017-08-21,0,-42.90109681,0
V2-C,2017-08-22,0,32.77608497,0
V2-C,2017-08-23,0,-0.379728276,0
V2-C,2017-08-24,0,12.19983305,0
V2-C,2017-08-25,0,-55.02951172,0
V2-C,2017-08-28,0,-13.81445552,0
V2-C,2017-08-29,0,37.65668344,0
V2-C,2017-08-30,0,45.88352359,0
V2-C,2017-08-31,0,19.54260367,0
V2-C,2017-09-01,0,-5.240923958,0
V2-C,2017-09-06,0,-26.58272492,0
V2-C,2017-09-07,0,-23.35699428,0
V2-C,2017-09-08,0,17.03608712,0
V2-C,2017-09-11,0,-1.463217984,0
V2-C,2017-09-12,0,-27.38018773,0
V2-C,2017-09-13,0,7.874948463,0
V2-C,2017-09-14,0,10.39603468,0
V2-C,2017-09-15,0,17.55606824,0
V2-C,2017-09-18,0,-34.43825961,0
V2-C,2017-09-19,0,-8.042962196,0
V2-C,2017-09-20,0,1.685321139,0
V2-C,2017-09-21,0,-31.77266935,0
V2-C,2017-09-22,0,-3.664137655,0
V2-C,2017-09-25,0,1.079565811,0
V2-C,2017-09-26,0,-5.27375208,0
V2-C,2017-09-27,0,0.8347501661,0
V2-C,2017-09-28,0,5.065225386,0
V2-C,2017-09-29,0,37.30249605,0
V2-C,2017-10-02,0,-19.56365368,0
V2-C,2017-10-03,0,-23.7260715,0
V2-C,2017-10-04,0,9.914260128,0
V2-C,2017-10-05,0,-5.585036388,0
V2-C,2017-10-06,0,-9.73772202,0
V2-C,2017-10-09,0,12.405784,0
V2-C,2017-10-10,0,-12.1100556,0
V2-C,2017-10-11,0,15.84094034,0
V2-C,2017-10-12,0,-17.95780029,0
V2-C,2017-10-13,0,-14.13751436,0
V2-C,2017-10-16,0,-17.04925448,0
V2-C,2017-10-17,0,-22.56781162,0
V2-C,2017-10-18,0,-3.627934401,0
V2-C,2017-10-19,0,-3.570947073,0
V2-C,2017-10-20,0,-7.678986138,0
V2-C,2017-10-23,0,36.52828386,0
V2-C,2017-10-24,0,-9.402540351,0
V2-C,2017-10-25,0,-19.235608,0
V2-C,2017-10-26,0,7.658696342,0
V2-C,2017-10-27,0,49.93459641,0
V2-C,2017-10-30,0,-41.55946704,0
V2-C,2017-10-31,0,-16.7205146,0
V2-C,2017-11-01,0,14.85292368,0
V2-C,2017-11-02,0,-32.24903093,0
V2-C,2017-11-03,0,-40.71921324,0
V2-C,2017-11-06,0,2.86116726,0
V2-C,2017-11-07,0,0.5672829487,0
V2-C,2017-11-08,0,29.12464525,0
V2-C,2017-11-09,0,-44.72197974,0
V2-C,2017-11-10,0,-26.08445298,0
V2-C,2017-11-13,0,-1.472830592,0
V2-C,2017-11-14,0,-30.59792588,0
V2-C,2017-11-15,0,-24.3002158,0
V2-C,2017-11-16,0,26.23992412,0
V2-C,2017-11-17,0,2.030069105,0
V2-C,2017-11-20,0,-6.892423191,0
V2-C,2017-11-21,0,0.7141814989,0
V2-C,2017-11-22,0,-8.207898731,0
V2-C,2017-11-27,0,-18.08972745,0
V2-C,2017-11-28,0,25.37496048,0
V2-C,2017-11-29,0,14.28789585,0
V2-C,2017-11-30,0,24.56339115,0
V2-C,2017-12-01,0,-38.20842324,0
V2-C,2017-12-04,0,27.22966944,0
V2-C,2017-12-05,0,-52.82756363,0
V2-C,2017-12-06,0,7.721913112,0
V2-C,2017-12-07,0,4.624069451,0
V2-C,2017-12-08,0,-39.55632737,0
V2-C,2017-12-11,0,33.26565401,0
V2-C,2017-12-12,0,-4.221323322,0
V2-C,2017-12-13,0,-10.45032517,0
V2-C,2017-12-14,0,3.366937404,0
V2-C,2017-12-15,0,37.05640186,0
V2-C,2017-12-18,0,-0.134151163,0
V2-C,2017-12-19,0,17.29105284,0
V2-C,2017-12-20,0,-11.34475749,0
V2-C,2017-12-21,0,-3.321789861,0
V2-C,2017-12-22,0,-3.238697229,0
V2-C,2017-12-26,0,-10.03852752,0
V2-C,2017-12-27,0,-31.89740809,0
V2-C,2017-12-28,0,-10.36264493,0
V2-C,2017-12-29,0,40.41363378,0
V2-C,2018-01-02,0,25.75034154,0
V2-C,2018-01-03,0,21.94258443,0
V2-C,2018-01-04,0,-4.416648775,0
V2-C,2018-01-05,0,2.271251428,0
V2-C,2018-01-08,0,11.68302913,0
V2-C,2018-01-09,0,-6.65087408,0
V2-C,2018-01-10,0,-21.84287541,0
V2-C,2018-01-11,0,-3.123220801,0
V2-C,2018-01-12,0,29.7652538,0
V2-C,2018-01-17,0,-58.90446109,0
V2-C,2018-01-18,0,-14.2177151,0
V2-C,2018-01-19,0,-3.903145155,0
V2-C,2018-01-22,0,52.13134078,0
V2-C,2018-01-23,5.720147914,9.44977167,1
V2-C,2018-01-24,-34.85739992,-62.7000159,1
V2-C,2018-01-25,0,3.18796199,0
V2-C,2018-01-26,0,42.32446885,0
V2-C,2018-01-29,0,28.13620618,0
V2-C,2018-01-30,0,10.28078472,0
V2-C,2018-01-31,-40.18099119,-71.21211846,1
V2-C,2018-02-01,0,-38.93307064,0
V2-C,2018-02-02,116.9309401,116.9309401,2
V2-C,2018-02-05,0,-85.00554233,0
V2-C,2018-02-06,0,256.2411253,0
V2-C,2018-02-07,0,-120.3683461,0
V2-C,2018-02-08,0,344.3755429,0
V2-C,2018-02-09,0,-60.12238339,0
V2-C,2018-02-12,0,-123.0182922,0
V2-C,2018-02-13,0,50.66702334,0
V2-C,2018-02-14,95.25317594,95.25317594,2
V2-C,2018-02-15,37.7599185,-3.530664415,1
V2-C,2018-02-16,0,-49.68436374,0
V2-C,2018-02-21,0,-113.7071459,0
V2-C,2018-02-22,0,-59.17019577,0
V2-C,2018-02-23,0,-145.9997306,0
V2-C,2018-02-27,-152.3787533,-152.3787533,2
V2-C,2018-02-28,0,-152.400683,0
V2-C,2018-03-01,0,-214.9480852,0
V2-C,2018-03-02,-68.53197401,21.70644872,1
V2-C,2018-03-05,0,-9.657608452,0
V2-C,2018-03-06,-18.40255856,-19.5638947,1
V2-C,2018-03-07,0,41.04318672,0
V2-C,2018-03-08,0,-29.00802737,0
V2-C,2018-03-09,87.69295019,87.69295019,2
V2-C,2018-03-12,-18.06438036,-18.06438036,2
V2-C,2018-03-13,0,131.1556698,0
V2-C,2018-03-14,0,39.70186397,0
V2-C,2018-03-15,0,-5.117823567,0
V2-C,2018-03-16,0,-50.88736145,0
V2-C,2018-03-19,79.68693865,79.68693865,2
V2-C,2018-03-20,0,-22.33589435,0
V2-C,2018-03-21,0,-17.53097319,0
V2-C,2018-03-22,0,-148.1172346,0
V2-C,2018-03-23,117.6813878,228.8444035,1
V2-C,2018-03-26,0,-161.7281571,0
V2-C,2018-03-27,0,244.3967849,0
V2-C,2018-03-28,0,36.84399738,0
V2-C,2018-03-29,0,-59.16111818,0
V2-C,2018-04-02,107.6213324,107.6213324,2
V2-C,2018-04-03,0,-126.690536,0
V2-C,2018-04-04,0,244.6436565,0
V2-C,2018-04-05,0,-11.00124973,0
V2-C,2018-04-06,0,-198.6672992,0
V2-C,2018-04-09,-57.60203615,-92.53860969,1
V2-C,2018-04-10,0,24.55440617,0
V2-C,2018-04-11,0,-55.8469863,0
V2-C,2018-04-12,-10.13141937,-18.34968897,1
V2-C,2018-04-13,0,4.991333631,0
V2-C,2018-04-16,0,-2.708438542,0
V2-C,2018-04-17,48.76855245,48.76855245,2
V2-C,2018-04-18,0,-15.83602832,0
V2-C,2018-04-19,7.164597424,20.00568697,1
V2-C,2018-04-20,0,70.89505997,0
V2-C,2018-04-23,0,27.28910729,0
V2-C,2018-04-24,0,148.469688,0
V2-C,2018-04-25,-66.0789841,-66.0789841,2
V2-C,2018-04-26,26.54688256,26.54688256,2
V2-C,2018-04-27,-11.68199594,-25.07595951,1
V2-C,2018-04-30,-69.22853945,-69.22853945,1
V2-C,2018-05-01,-31.07078513,16.29813481,1
V2-C,2018-05-02,0,47.88608548,0
V2-C,2018-05-03,-108.9892786,-108.9892786,2
V2-C,2018-05-04,92.52586682,92.52586682,2
V2-C,2018-05-07,-21.07364765,-21.07364765,2
V2-C,2018-05-08,0,-29.06493076,0
V2-C,2018-05-09,0,-47.40664447,0
V2-C,2018-05-10,42.28000269,42.28000269,2
V2-C,2018-05-11,0,-6.251981746,0
V2-C,2018-05-14,-20.31868784,-48.35333547,1
V2-C,2018-05-15,-11.16012944,-11.16012944,2
V2-C,2018-05-16,0,15.93758965,0
V2-C,2018-05-17,0,-34.9190949,0
V2-C,2018-05-18,0,-10.73449753,0
V2-C,2018-05-21,-31.81780087,-31.81780087,2
V2-C,2018-05-22,0,17.16586187,0
V2-C,2018-05-23,0,80.16577396,0
V2-C,2018-05-24,-31.66869191,-59.56220403,1
V2-C,2018-05-25,0,-29.4745671,0
V2-C,2018-05-30,0,10.29174503,0
V2-C,2018-05-31,0,4.0924728,0
V2-C,2018-06-01,20.52902197,27.61353869,1
V2-C,2018-06-04,23.35403923,29.94905154,1
V2-C,2018-06-05,-9.769265576,-17.27948542,1
V2-C,2018-06-06,0,-66.08717762,0
V2-C,2018-06-07,0,6.570524783,0
V2-C,2018-06-08,0,41.01533647,0
V2-C,2018-06-11,0,3.485466727,0
V2-C,2018-06-12,0,-28.39298911,0
V2-C,2018-06-13,-32.80604167,-61.90208135,1
V2-C,2018-06-14,0,-4.755792352,0
V2-C,2018-06-15,-22.32893076,-34.56896793,1
V2-C,2018-06-18,0,33.33626869,0
V2-C,2018-06-19,-64.0381745,-64.0381745,2
V2-C,2018-06-20,11.9858981,4.972579811,1
V2-C,2018-06-21,0,17.13415462,0
V2-C,2018-06-22,0,-5.69987451,0
V2-C,2018-06-25,31.1918571,31.1918571,2
V2-C,2018-06-26,0,-39.86956716,0
V2-C,2018-06-27,0,-60.66830827,0
V2-C,2018-06-28,0,10.16503522,0
V2-C,2018-06-29,-54.44204011,-54.44204011,2
V2-C,2018-07-02,0,75.50755849,0
V2-C,2018-07-06,43.9510348,67.36572997,1
V2-C,2018-07-09,17.77404972,-20.38411566,1
V2-C,2018-07-10,1.997807802,0.9476468766,1
V2-C,2018-07-11,0,-41.55150612,0
V2-C,2018-07-12,35.13474842,35.13474842,2
V2-C,2018-07-13,0,-2.389148073,0
V2-C,2018-07-16,0,9.281102715,0
V2-C,2018-07-17,0,61.03265333,0
V2-C,2018-07-18,0,-22.54536796,0
V2-C,2018-07-19,-2.908143522,-9.390971354,1
V2-C,2018-07-20,0,-29.03332821,0
V2-C,2018-07-23,0,10.3248761,0
V2-C,2018-07-24,-75.31626141,-75.31626141,2
V2-C,2018-07-25,0,102.4345256,0
V2-C,2018-07-26,4.190394338,-0.4474941892,1
V2-C,2018-07-27,0,91.95100131,0
V2-C,2018-07-30,22.94587593,44.01543382,1
V2-C,2018-07-31,0,-66.19073409,0
V2-C,2018-08-01,-15.26009245,-48.7159747,1
V2-C,2018-08-02,56.6939342,85.82596517,1
V2-C,2018-08-03,-0.1916072575,7.953020477,1
V2-C,2018-08-06,0,40.52361298,0
V2-C,2018-08-07,-10.54380574,-19.07415508,1
V2-C,2018-08-08,0,-0.6938146002,0
V2-C,2018-08-09,0,-34.15096437,0
V2-C,2018-08-10,0,-9.930849937,0
V2-C,2018-08-13,0,-76.21780446,0
V2-C,2018-08-14,0,-14.29775662,0
V2-C,2018-08-15,-52.11916082,-52.11916082,2
V2-C,2018-08-16,0,21.59623933,0
V2-C,2018-08-17,-39.05474689,-72.31019369,1
V2-C,2018-08-20,0,-19.9205098,0
V2-C,2018-08-21,0,-24.31978825,0
V2-C,2018-08-22,0,11.42945348,0
V2-C,2018-08-23,0,-54.69818002,0
V2-C,2018-08-24,0,23.01889333,0
V2-C,2018-08-27,3.780845927,6.140529893,1
V2-C,2018-08-28,0,-4.819227887,0
V2-C,2018-08-29,0,41.72285263,0
V2-C,2018-08-30,0,-36.22289597,0
V2-C,2018-08-31,0,-16.9708001,0
V2-C,2018-09-05,-2.181036201,-16.29088961,1
V2-C,2018-09-06,0,11.5100951,0
V2-C,2018-09-07,0,-43.61583716,0
V2-C,2018-09-10,0,-14.71151998,0
V2-C,2018-09-11,0,38.89626933,0
V2-C,2018-09-12,0,-50.65813089,0
V2-C,2018-09-13,10.24811158,15.18800818,1
V2-C,2018-09-14,0,20.57394705,0
V2-C,2018-09-17,0,40.52322716,0
V2-C,2018-09-18,0,-1.097561916,0
V2-C,2018-09-19,0,-29.31065328,0
V2-C,2018-09-20,2.611310445,13.47821324,1
V2-C,2018-09-21,0,19.88093437,0
V2-C,2018-09-24,0,27.78925426,0
V2-C,2018-09-25,0,-12.70322936,0
V2-C,2018-09-26,0,-30.38529082,0
V2-C,2018-09-27,0,-18.30799097,0
V2-C,2018-09-28,0,8.017583675,0
V2-C,2018-10-01,-29.28340741,-45.76942626,1
V2-C,2018-10-02,0,-21.35017227,0
V2-C,2018-10-03,0,-40.3262892,0
V2-C,2018-10-04,22.98798172,26.6249898,1
V2-C,2018-10-05,0,29.01146021,0
V2-C,2018-10-08,0,-57.10918016,0
V2-C,2018-10-09,-37.70493635,-57.948764,1
V2-C,2018-10-10,141.6321772,259.364395,1
V2-C,2018-10-11,-57.58442638,-101.6114985,1
V2-C,2018-10-12,0,-48.60800525,0
V2-C,2018-10-15,1.034386683,10.75784202,1
V2-C,2018-10-16,0,-2.140707748,0
V2-C,2018-10-17,-48.52964908,-48.52964908,2
V2-C,2018-10-18,65.0016948,112.5351799,1
V2-C,2018-10-19,-119.4883334,-119.4883334,2
V2-C,2018-10-22,-44.56681624,-44.56681624,2
V2-C,2018-10-23,-137.1000158,-137.1000158,2
V2-C,2018-10-24,309.7795984,309.7795984,2
V2-C,2018-10-25,67.2334476,67.2334476,2
V2-C,2018-10-26,-81.1054983,-41.24925336,1
V2-C,2018-10-29,-81.87142104,79.10496795,1
V2-C,2018-10-30,66.09497704,66.09497704,2
V2-C,2018-10-31,-55.34744998,-55.34744998,2
V2-C,2018-11-01,0,-37.83454018,0
V2-C,2018-11-02,33.76030921,33.76030921,2
V2-C,2018-11-05,-44.14521752,-69.6174219,1
V2-C,2018-11-06,-10.90358137,1.140425188,1
V2-C,2018-11-07,100.9558595,100.9558595,2
V2-C,2018-11-08,0,2.27499447,0
V2-C,2018-11-09,8.474522857,13.17220667,1
V2-C,2018-11-12,60.09492688,115.1214286,1
V2-C,2018-11-13,0,5.199368103,0
V2-C,2018-11-14,0,92.43625486,0
V2-C,2018-11-15,0,-192.7489002,0
V2-C,2018-11-16,0,14.45654019,0
V2-C,2018-11-19,104.4855436,104.4855436,2
V2-C,2018-11-20,10.12905814,22.18524868,1
V2-C,2018-11-21,0,-53.01309146,0
V2-C,2018-11-26,40.42914777,40.42914777,2
V2-C,2018-11-27,0,31.25275601,0
V2-C,2018-11-28,0,-158.0987944,0
V2-C,2018-11-29,0,-11.54597648,0
V2-C,2018-11-30,0,-6.784410235,0
V2-C,2018-12-03,0,12.21133637,0
V2-C,2018-12-04,0,45.71486445,0
V2-C,2018-12-06,-78.86345395,23.28170975,1
V2-C,2018-12-07,109.3496286,193.5298227,1
V2-C,2018-12-10,0,8.416750317,0
V2-C,2018-12-11,0,115.1947343,0
V2-C,2018-12-12,-42.35088684,-83.76084942,1
V2-C,2018-12-13,0,33.87791669,0
V2-C,2018-12-14,0,13.26900448,0
V2-C,2018-12-17,66.89800947,-46.89112624,1
V2-C,2018-12-18,0,-73.72659017,0
V2-C,2018-12-19,-192.1910056,-192.1910056,2
V2-C,2018-12-20,0,-213.4325236,0
V2-C,2018-12-21,-94.50624831,-215.218051,1
V2-C,2018-12-26,0,-237.2639071,0
V2-C,2018-12-27,-293.2158201,-293.2158201,2
V2-C,2018-12-28,-21.92149479,-21.92149479,2
V2-C,2018-12-31,0,-33.15187958,0
V2-C,2019-01-02,107.5261728,107.5261728,2
V2-C,2019-01-03,63.30602549,63.30602549,2
V2-C,2019-01-04,74.17093405,74.17093405,2
V2-C,2019-01-07,0,43.05033812,0
V2-C,2019-01-08,-62.48434233,-62.48434233,2
V2-C,2019-01-09,0,25.50472621,0
V2-C,2019-01-10,0,69.59015149,0
V2-C,2019-01-11,0,-62.24018339,0
V2-C,2019-01-14,0,-5.669077576,0
V2-C,2019-01-15,34.83695775,63.97134148,1
V2-C,2019-01-16,0,-34.40662103,0
V2-C,2019-01-17,69.78573418,69.78573418,2
V2-C,2019-01-18,-20.52112416,-49.95189411,1
V2-C,2019-01-23,0,6.445165648,0
V2-C,2019-01-24,0,-17.01314154,0
V2-C,2019-01-25,7.718051766,-1.905389981,1
V2-C,2019-01-28,0,-27.20974563,0
V2-C,2019-01-29,0,16.58792381,0
V2-C,2019-01-30,0,-80.228016,0
V2-C,2019-01-31,0,18.15036101,0
V2-C,2019-02-01,0,-42.51918589,0
V2-C,2019-02-04,0,-2.671686199,0
V2-C,2019-02-05,0,9.248963312,0
V2-C,2019-02-06,0,-21.54392005,0
V2-C,2019-02-07,0,-76.82618476,0
V2-C,2019-02-08,0,9.562567646,0
V2-C,2019-02-11,0,-1.942395395,0
V2-C,2019-02-12,0,38.63937111,0
V2-C,2019-02-13,0,3.874547838,0
V2-C,2019-02-14,0,5.095579254,0
V2-C,2019-02-15,0,8.132042176,0
V2-C,2019-02-20,0,-40.63816455,0
V2-C,2019-02-21,0,-29.587138,0
V2-C,2019-02-22,0,25.53146437,0
V2-C,2019-02-25,0,-6.273741794,0
V2-C,2019-02-26,0,-8.035238393,0
V2-C,2019-02-27,0,-67.25287305,0
V2-C,2019-02-28,0,-1.062780734,0
V2-C,2019-03-01,0,-40.23351252,0
V2-C,2019-03-04,0,1.378351962,0
V2-C,2019-03-05,0,-11.11289612,0
V2-C,2019-03-06,0,23.46132927,0
V2-C,2019-03-07,0,3.74933458,0
V2-C,2019-03-08,0,47.07854825,0
V2-C,2019-03-11,0,72.24247096,0
V2-C,2019-03-12,0,-4.414561692,0
V2-C,2019-03-13,0,14.52950336,0
V2-C,2019-03-14,0,-3.120328088,0
V2-C,2019-03-15,0,11.63454052,0
V2-C,2019-03-18,0,-33.28056629,0
V2-C,2019-03-19,0,10.5782783,0
V2-C,2019-03-20,0,-57.46700151,0
V2-C,2019-03-21,0,85.43633642,0
V2-C,2019-03-22,0,130.4045228,0
V2-C,2019-03-25,0,-33.40015907,0
V2-C,2019-03-26,0,-79.35018589,0
V2-C,2019-03-27,0,-80.81261476,0
V2-C,2019-03-28,0,-47.38483859,0
V2-C,2019-03-29,0,-22.05158759,0
V2-C,2019-04-01,0,-12.46900965,0
V2-C,2019-04-02,0,7.299044893,0
V2-C,2019-04-03,0,-3.605406997,0
V2-C,2019-04-04,0,-25.83494387,0
V2-C,2019-04-05,0,4.806583621,0
V2-C,2019-04-08,0,-43.61148042,0
V2-C,2019-04-09,0,-12.96607667,0
V2-C,2019-04-10,0,-37.21212433,0
V2-C,2019-04-11,0,6.436184916,0
V2-C,2019-04-12,0,-2.029350579,0
V2-C,2019-04-15,0,-38.63729647,0
V2-C,2019-04-16,0,-4.196553389,0
V2-C,2019-04-17,0,14.10950148,0
V2-C,2019-04-18,0,-44.2534812,0
V2-C,2019-04-22,0,24.42127219,0
V2-C,2019-04-23,0,44.39577011,0
V2-C,2019-04-24,0,2.307448412,0
V2-C,2019-04-25,0,-49.87756442,0
V2-C,2019-04-26,0,-1.011984075,0
V2-C,2019-04-29,0,0.3912656409,0
V2-C,2019-04-30,0,-30.72270079,0
V2-C,2019-05-01,0,82.25256773,0
V2-C,2019-05-02,0,-54.10111064,0
V2-C,2019-05-03,0,25.08889386,0
V2-C,2019-05-06,0,58.42744505,0
V2-C,2019-05-07,0,57.18372277,0
V2-C,2019-05-08,0,-12.49614365,0
V2-C,2019-05-09,0,-64.45065844,0
V2-C,2019-05-10,0,-76.01771709,0
V2-C,2019-05-13,0,19.67474355,0
V2-C,2019-05-14,0,1.282168604,0
V2-C,2019-05-15,14.7114032,41.78378989,1
V2-C,2019-05-16,0,-27.04955439,0
V2-C,2019-05-17,0,-55.37996541,0
V2-C,2019-05-20,0,-37.92457129,0
V2-C,2019-05-21,0,-7.102790396,0
V2-C,2019-05-22,0,-27.84174473,0
V2-C,2019-05-23,0,-1.958987712,0
V2-C,2019-05-24,0,22.24766532,0
V2-C,2019-05-29,0,-95.22081913,0
V2-C,2019-05-30,0,-22.4159274,0
V2-C,2019-05-31,0,29.04319721,0
V2-C,2019-06-03,0,27.75027339,0
V2-C,2019-06-04,0,97.71578601,0
V2-C,2019-06-05,-44.51360877,-83.94991166,1
V2-C,2019-06-06,0,-102.7009647,0
V2-C,2019-06-07,0,10.09231105,0
V2-C,2019-06-10,0,-32.99682437,0
V2-C,2019-06-11,0,62.22211969,0
V2-C,2019-06-12,0,-12.32845131,0
V2-C,2019-06-13,0,-3.110525496,0
V2-C,2019-06-14,0,-19.71250851,0
V2-C,2019-06-17,0,-20.70824204,0
V2-C,2019-06-18,0,-39.81329113,0
V2-C,2019-06-19,0,-45.80447256,0
V2-C,2019-06-20,0,-9.805263763,0
V2-C,2019-06-21,0,-10.11200299,0
V2-C,2019-06-24,0,-25.57556026,0
V2-C,2019-06-25,0,93.50661729,0
V2-C,2019-06-26,0,-13.12830875,0
V2-C,2019-06-27,0,-11.82865515,0
V2-C,2019-06-28,0,-31.72462442,0
V2-C,2019-07-01,0,10.92210471,0
V2-C,2019-07-02,0,22.97337376,0
V2-C,2019-07-08,0,-18.72271715,0
V2-C,2019-07-09,0,36.40377403,0
V2-C,2019-07-10,0,0.1224587857,0
V2-C,2019-07-11,0,-4.36275696,0
V2-C,2019-07-12,0,3.034103215,0
V2-C,2019-07-15,0,-12.40268779,0
V2-C,2019-07-16,0,-1.023315374,0
V2-C,2019-07-17,0,37.65572129,0
V2-C,2019-07-18,0,24.12354642,0
V2-C,2019-07-19,0,91.40925695,0
V2-C,2019-07-22,0,11.69984219,0
V2-C,2019-07-23,0,-56.210067,0
V2-C,2019-07-24,0,47.2710415,0
V2-C,2019-07-25,0,13.41887308,0
V2-C,2019-07-26,0,25.39496016,0
V2-C,2019-07-29,0,-31.50648363,0
V2-C,2019-07-30,0,2.966694323,0
V2-C,2019-07-31,0,122.5408546,0
V2-C,2019-08-01,0,-77.17829888,0
V2-C,2019-08-02,0,-20.17546872,0
V2-C,2019-08-05,0,83.8633624,0
V2-C,2019-08-06,0,-71.43044279,0
V2-C,2019-08-07,0,113.7302258,0
V2-C,2019-08-08,0,104.93866,0
V2-C,2019-08-09,0,-16.55272927,0
V2-C,2019-08-12,0,-90.06561024,0
V2-C,2019-08-13,0,-47.33117413,0
V2-C,2019-08-14,0,126.3299668,0
V2-C,2019-08-15,0,-11.8385969,0
V2-C,2019-08-16,0,32.2099773,0
V2-C,2019-08-19,0,-24.35434312,0
V2-C,2019-08-20,0,33.15930703,0
V2-C,2019-08-21,0,-10.18410775,0
V2-C,2019-08-22,0,-16.17272651,0
V2-C,2019-08-23,0,-118.7846076,0
V2-C,2019-08-26,0,-79.8598763,0
V2-C,2019-08-27,0,62.54713184,0
V2-C,2019-08-28,0,55.40681242,0
V2-C,2019-08-29,0,9.497201752,0
V2-C,2019-08-30,0,25.46861753,0
V2-C,2019-09-04,0,-55.60281677,0
V2-C,2019-09-05,0,-12.71963885,0
V2-C,2019-09-06,0,-5.855739912,0
V2-C,2019-09-09,0,18.70372794,0
V2-C,2019-09-10,0,-55.23830617,0
V2-C,2019-09-11,0,34.72208927,0
V2-C,2019-09-12,0,-43.79221022,0
V2-C,2019-09-13,0,-24.53353664,0
V2-C,2019-09-16,0,1.721218413,0
V2-C,2019-09-17,0,-14.99973507,0
V2-C,2019-09-18,0,-3.65291953,0
V2-C,2019-09-19,0,-51.34350309,0
V2-C,2019-09-20,0,6.381933413,0
V2-C,2019-09-23,0,-2.218056048,0
V2-C,2019-09-24,0,130.1511629,0
V2-C,2019-09-25,0,-80.34972837,0
V2-C,2019-09-26,0,-14.89741864,0
V2-C,2019-09-27,0,66.43722445,0
V2-C,2019-09-30,0,22.92257951,0
V2-C,2019-10-01,0,95.30639905,0
V2-C,2019-10-02,0,27.16319502,0
V2-C,2019-10-03,0,-89.13383398,0
V2-C,2019-10-04,0,78.84954722,0
V2-C,2019-10-07,0,-28.99162361,0
V2-C,2019-10-08,0,39.61631752,0
V2-C,2019-10-09,0,13.19018368,0
V2-C,2019-10-10,0,4.124737945,0
V2-C,2019-10-11,0,-56.4409095,0
V2-C,2019-10-14,0,-4.157127859,0
V2-C,2019-10-15,0,25.90125171,0
V2-C,2019-10-16,0,-6.304501995,0
V2-C,2019-10-17,0,-7.592641554,0
V2-C,2019-10-18,0,15.93649978,0
V2-C,2019-10-21,0,1.56816464,0
V2-C,2019-10-22,0,71.14487544,0
V2-C,2019-10-23,0,27.32495105,0
V2-C,2019-10-24,0,-48.77556208,0
V2-C,2019-10-25,0,33.63134781,0
V2-C,2019-10-28,0,2.746681143,0
V2-C,2019-10-29,0,6.380648974,0
V2-C,2019-10-30,0,-51.49027645,0
V2-C,2019-10-31,0,-43.61073052,0
V2-C,2019-11-01,0,12.5321692,0
V2-C,2019-11-04,0,-0.5375480709,0
V2-C,2019-11-05,0,-6.025896322,0
V2-C,2019-11-06,0,-18.61173405,0
V2-C,2019-11-07,0,-54.68797216,0
V2-C,2019-11-08,0,35.64226461,0
V2-C,2019-11-11,0,8.113854605,0
V2-C,2019-11-12,0,-28.83350876,0
V2-C,2019-11-13,0,2.557752145,0
V2-C,2019-11-14,0,-14.11275037,0
V2-C,2019-11-15,0,-24.19326175,0
V2-C,2019-11-18,0,-44.84081925,0
V2-C,2019-11-19,0,-7.537033503,0
V2-C,2019-11-20,0,-39.61026644,0
V2-C,2019-11-21,0,-26.58972057,0
V2-C,2019-11-22,0,-23.62197517,0
V2-C,2019-11-25,0,9.738042329,0
V2-C,2019-11-26,0,10.42353034,0
V2-C,2019-11-27,0,-2.3341813,0
V2-C,2019-12-02,0,-16.48593237,0
V2-C,2019-12-03,0,-35.06939648,0
V2-C,2019-12-04,0,-8.062239345,0
V2-C,2019-12-05,0,-31.06656191,0
V2-C,2019-12-06,0,11.94881243,0
V2-C,2019-12-09,0,-38.08200998,0
V2-C,2019-12-10,0,-40.74096001,0
V2-C,2019-12-11,0,10.89910955,0
V2-C,2019-12-12,0,-41.93425392,0
V2-C,2019-12-13,0,-18.44135062,0
V2-C,2019-12-16,0,-15.38765992,0
V2-C,2019-12-17,0,-8.539801371,0
V2-C,2019-12-18,0,1.745027948,0
V2-C,2019-12-19,0,31.28494673,0
V2-C,2019-12-20,0,-2.768919718,0
V2-C,2019-12-23,0,0.4476085091,0
V2-C,2019-12-26,0,30.89202924,0
V2-C,2019-12-27,0,6.68984329,0
V2-C,2019-12-30,0,-40.31799954,0
V2-C,2019-12-31,0,30.97776535,0
V2-C,2020-01-02,0,-40.74499732,0
V2-C,2020-01-03,0,-21.53326238,0
V2-C,2020-01-06,0,49.75536406,0
V2-C,2020-01-07,0,-0.1212818558,0
V2-C,2020-01-08,0,40.94914759,0
V2-C,2020-01-09,0,-36.52205978,0
V2-C,2020-01-10,0,43.96222453,0
V2-C,2020-01-13,0,48.03426106,0
V2-C,2020-01-14,0,10.17855863,0
V2-C,2020-01-15,0,-31.4454577,0
V2-C,2020-01-16,0,30.9952084,0
V2-C,2020-01-17,0,-10.4476223,0
V2-C,2020-01-22,0,-47.41221852,0
V2-C,2020-01-23,0,-12.21205057,0
V2-C,2020-01-24,0,78.85450174,0
V2-C,2020-01-27,0,-33.51829144,0
V2-C,2020-01-28,0,34.0909342,0
V2-C,2020-01-29,0,-26.95405533,0
V2-C,2020-01-30,0,71.00058586,0
V2-C,2020-01-31,0,87.16464626,0
V2-C,2020-02-03,0,-45.87089697,0
V2-C,2020-02-04,0,30.97418076,0
V2-C,2020-02-05,0,-47.98258719,0
V2-C,2020-02-06,0,13.29599555,0
V2-C,2020-02-07,0,-21.1647557,0
V2-C,2020-02-10,0,50.71798827,0
V2-C,2020-02-11,0,-64.77452455,0
V2-C,2020-02-12,0,-34.26292526,0
V2-C,2020-02-13,0,18.3034344,0
V2-C,2020-02-14,0,-2.40324233,0
V2-C,2020-02-19,0,3.515279524,0
V2-C,2020-02-20,0,-1.614300822,0
V2-C,2020-02-21,0,45.09349945,0
V2-C,2020-02-24,0,-77.02497335,0
V2-C,2020-02-25,0,242.2156008,0
V2-C,2020-02-26,0,-112.5497684,0
V2-C,2020-02-27,-120.1232293,-120.1232293,2
V2-C,2020-02-28,-62.84045857,105.4830852,1
V2-C,2020-03-02,0,-174.8007458,0
V2-C,2020-03-03,0,187.6281484,0
V2-C,2020-03-04,206.7093367,206.7093367,2
V2-C,2020-03-05,0,-123.6397448,0
V2-C,2020-03-06,0,-2.076658504,0
V2-C,2020-03-10,0,-226.2364534,0
V2-C,2020-03-11,144.8591273,144.8591273,2
V2-C,2020-03-13,0,-280.6630048,0
V2-C,2020-03-17,0,-322.2101136,0
V2-C,2020-03-19,0,-42.20069277,0
V2-C,2020-03-20,0,568.2275463,0
V2-C,2020-03-23,0,82.04765082,0
V2-C,2020-03-24,202.1970551,202.1970551,2
V2-C,2020-03-25,0,-202.4531979,0
V2-C,2020-03-26,0,224.5406382,0
V2-C,2020-03-27,14.62041394,-13.43362536,1
V2-C,2020-03-30,77.61408096,170.9208548,1
V2-C,2020-03-31,0,-198.1671732,0
V2-C,2020-04-01,0,-165.4751983,0
V2-C,2020-04-02,0,89.379977,0
V2-C,2020-04-03,33.18121448,69.92866346,1
V2-C,2020-04-06,234.0363479,234.0363479,2
V2-C,2020-04-07,0,148.6999347,0
V2-C,2020-04-08,0,-200.6549993,0
V2-C,2020-04-09,-20.30723002,-30.42327419,1
V2-C,2020-04-13,-81.72483201,-121.3106051,1
V2-C,2020-04-14,48.69500349,66.59533968,1
V2-C,2020-04-15,-30.3448872,-62.76331373,1
V2-C,2020-04-16,-46.17941838,-77.07586595,1
V2-C,2020-04-17,-15.09045669,-69.11801401,1
V2-C,2020-04-20,0,-88.60625192,0
V2-C,2020-04-21,0,10.26642263,0
V2-C,2020-04-22,38.00270963,11.18778305,1
V2-C,2020-04-23,0,-144.1109457,0
V2-C,2020-04-24,0,-143.1675731,0
V2-C,2020-04-27,33.32608745,33.32608745,2
V2-C,2020-04-28,60.94433524,109.2396125,1
V2-C,2020-04-29,13.03727319,26.1649899,1
V2-C,2020-04-30,8.315387393,-22.75396067,1
V2-C,2020-05-01,-29.34272412,-29.34272412,2
V2-C,2020-05-04,40.43250429,83.37859101,1
V2-C,2020-05-05,-42.10469867,-42.10469867,2
V2-C,2020-05-06,0,23.3344534,0
V2-C,2020-05-07,-10.76376911,-19.24891376,1
V2-C,2020-05-08,13.04900226,13.04900226,1
V2-C,2020-05-11,0,61.66174032,0
V2-C,2020-05-12,0,186.2005878,0
V2-C,2020-05-13,0,-144.1462834,0
V2-C,2020-05-14,0,-154.9913097,0
V2-C,2020-05-15,0,106.5232157,0
V2-C,2020-05-18,34.74600862,34.74600862,2
V2-C,2020-05-19,0,-110.3258418,0
V2-C,2020-05-20,0,7.771887987,0
V2-C,2020-05-21,0,-2.062463906,0
V2-C,2020-05-22,0,-3.293280982,0
V2-C,2020-05-27,0,-150.8643441,0
V2-C,2020-05-28,0,-6.637914433,0
V2-C,2020-05-29,0,-104.0261039,0
V2-C,2020-06-01,0,20.11851597,0
V2-C,2020-06-02,0,39.51857387,0
V2-C,2020-06-03,0,6.856140048,0
V2-C,2020-06-04,0,-72.25991603,0
V2-C,2020-06-05,0,40.07045109,0
V2-C,2020-06-08,0,-113.9793728,0
V2-C,2020-06-09,0,16.44604657,0
V2-C,2020-06-10,0,-31.85692024,0
V2-C,2020-06-11,0,70.76018558,0
V2-C,2020-06-12,0,83.76291688,0
V2-C,2020-06-15,0,223.1837943,0
V2-C,2020-06-16,-95.2326332,-55.26386331,1
V2-C,2020-06-17,0,-18.16799157,0
V2-C,2020-06-18,0,-17.66371691,0
V2-C,2020-06-19,-54.35905625,14.15041315,1
V2-C,2020-06-22,0,54.82425051,0
V2-C,2020-06-23,-12.36903772,-38.10254916,1
V2-C,2020-06-24,0,123.0357767,0
V2-C,2020-06-25,0,80.1647366,0
V2-C,2020-06-26,0,92.97788115,0
V2-C,2020-06-29,0,84.44900724,0
V2-C,2020-06-30,0,113.8536991,0
V2-C,2020-07-01,0,17.18507356,0
V2-C,2020-07-02,0,40.78699485,0
V2-C,2020-07-07,0,-115.2239398,0
V2-C,2020-07-08,0,30.38897414,0
V2-C,2020-07-09,0,-2.420084366,0
V2-C,2020-07-10,0,-4.16997498,0
V2-C,2020-07-13,0,-143.5509672,0
V2-C,2020-07-14,0,-22.54992523,0
V2-C,2020-07-15,0,-37.41830328,0
V2-C,2020-07-16,0,-29.41602686,0
V2-C,2020-07-17,0,-70.7327688,0
V2-C,2020-07-20,0,100.2992959,0
V2-C,2020-07-21,0,46.36208559,0
V2-C,2020-07-22,0,30.0674267,0
V2-C,2020-07-23,0,163.9617717,0
V2-C,2020-07-24,0,5.340154585,0
V2-C,2020-07-27,31.7328156,37.7253373,1
V2-C,2020-07-28,0,15.84926452,0
V2-C,2020-07-29,0,40.50734886,0
V2-C,2020-07-30,-72.61869907,-129.9508946,1
V2-C,2020-07-31,0,-123.907708,0
V2-C,2020-08-03,1.684280891,-0.4204118379,1
V2-C,2020-08-04,0,25.74591016,0
V2-C,2020-08-05,-1.25252548,-0.7005064953,1
V2-C,2020-08-06,0,80.00630741,0
V2-C,2020-08-07,0,54.19853204,0
V2-C,2020-08-10,0,-9.411494731,0
V2-C,2020-08-11,0,103.6063162,0
V2-C,2020-08-12,0,19.41245882,0
V2-C,2020-08-13,0,-42.07163587,0
V2-C,2020-08-14,0,-32.63127909,0
V2-C,2020-08-17,9.420531492,8.482869635,1
V2-C,2020-08-18,0,-76.10857416,0
V2-C,2020-08-19,0,-67.71155009,0
V2-C,2020-08-20,0,58.2489479,0
V2-C,2020-08-21,0,20.55853405,0
V2-C,2020-08-24,0,-16.61604763,0
V2-C,2020-08-25,0,21.1865822,0
V2-C,2020-08-26,0,100.8997785,0
V2-C,2020-08-27,0,-11.80453743,0
V2-C,2020-08-28,0,-29.52780375,0
V2-C,2020-08-31,0,25.92753425,0
V2-C,2020-09-01,0,28.70597186,0
V2-C,2020-09-02,0,6.284734351,0
V2-C,2020-09-03,0,210.2897872,0
V2-C,2020-09-04,0,-115.2979797,0
V2-C,2020-09-09,14.63376435,16.27827344,1
V2-C,2020-09-10,0,279.4113122,0
V2-C,2020-09-11,0,64.19988323,0
V2-C,2020-09-14,-32.77167248,-58.4169111,1
V2-C,2020-09-15,-0.1241244966,-18.32730692,1
V2-C,2020-09-16,0,111.960121,0
V2-C,2020-09-17,0,18.38076843,0
V2-C,2020-09-18,0,97.51878987,0
V2-C,2020-09-22,0,-33.09410536,0
V2-C,2020-09-23,113.4236856,217.1269469,1
V2-C,2020-09-24,0,42.72480971,0
V2-C,2020-09-25,0,160.8939313,0
V2-C,2020-09-28,0,-27.10289978,0
V2-C,2020-09-29,-18.51779814,-49.36720384,1
V2-C,2020-09-30,-24.45598376,-42.50928684,1
V2-C,2020-10-01,0,-40.78032358,0
V2-C,2020-10-02,0,-100.477362,0
V2-C,2020-10-05,35.05301802,62.23829777,1
V2-C,2020-10-06,-91.45014586,-165.5085325,1
V2-C,2020-10-07,0,-25.80150298,0
V2-C,2020-10-08,0,-27.64792039,0
V2-C,2020-10-09,31.35307767,4.721721735,1
V2-C,2020-10-12,64.38566424,95.6055029,1
V2-C,2020-10-13,0,22.6367085,0
V2-C,2020-10-14,0,54.34987922,0
V2-C,2020-10-15,0,80.81189307,0
V2-C,2020-10-16,-78.36658204,-127.3914983,1
V2-C,2020-10-19,0,181.7443839,0
V2-C,2020-10-20,0,-29.85571648,0
V2-C,2020-10-21,0,-74.45969598,0
V2-C,2020-10-22,0,-75.14439804,0
V2-C,2020-10-23,0,-38.33677181,0
V2-C,2020-10-26,0,-47.88843593,0
V2-C,2020-10-27,0,-32.42557213,0
V2-C,2020-10-28,0,62.79470793,0
V2-C,2020-10-29,0,17.74077585,0
V2-C,2020-10-30,0,-11.32071362,0
V2-C,2020-11-02,0,-129.8489165,0
V2-C,2020-11-03,0,-49.89278397,0
V2-C,2020-11-04,0.7300469983,-25.89552328,1
V2-C,2020-11-05,0,-30.42199778,0
V2-C,2020-11-06,0,-41.2411287,0
V2-C,2020-11-09,0,35.73918213,0
V2-C,2020-11-10,0,-42.61765707,0
V2-C,2020-11-11,0,8.415717128,0
V2-C,2020-11-12,0,-17.06744903,0
V2-C,2020-11-13,0,1.0672656,0
V2-C,2020-11-16,0,20.74906154,0
V2-C,2020-11-17,0,-8.03568903,0
V2-C,2020-11-18,0,-24.86232817,0
V2-C,2020-11-19,0,-9.912977811,0
V2-C,2020-11-20,-33.70756488,-16.02395005,1
V2-C,2020-11-23,0,-20.7801029,0
V2-C,2020-11-24,0,-35.04810646,0
V2-C,2020-11-25,0,-29.47759271,0
V2-C,2020-11-30,-28.58458608,-43.65468439,1
V2-C,2020-12-01,20.65720854,5.152407398,1
V2-C,2020-12-02,15.69203044,30.55304658,1
V2-C,2020-12-03,-20.37877608,-34.84039039,1
V2-C,2020-12-04,17.10847885,34.56743129,1
V2-C,2020-12-07,2.767099619,-3.503453193,1
V2-C,2020-12-08,-44.01131375,-20.43651568,1
V2-C,2020-12-09,99.81420386,143.525967,1
V2-C,2020-12-10,0,-3.95570206,0
V2-C,2020-12-11,16.2020675,28.70824076,1
V2-C,2020-12-14,-30.92990925,-74.03427934,1
V2-C,2020-12-15,0,-57.63769916,0
V2-C,2020-12-16,0,-24.41285309,0
V2-C,2020-12-17,0,-5.232938085,0
V2-C,2020-12-18,0,-4.601756027,0
V2-C,2020-12-21,-53.95784308,-95.75910056,1
V2-C,2020-12-22,0,4.754968796,0
V2-C,2020-12-23,15.15530997,-0.6020041301,1
V2-C,2020-12-28,0,-24.16548144,0
V2-C,2020-12-29,0,10.99779255,0
V2-C,2020-12-30,0,-6.585624808,0
V2-C,2020-12-31,7.770558474,32.42506549,1
V2-C,2021-01-04,0,121.2521557,0
V2-C,2021-01-05,0,43.73140862,0
V2-C,2021-01-06,0,-45.56966204,0
V2-C,2021-01-07,18.23762741,17.0734311,1
V2-C,2021-01-08,0,-70.31342035,0
V2-C,2021-01-11,0,-50.11527237,0
V2-C,2021-01-12,9.476325116,-0.5699011131,1
V2-C,2021-01-13,0,19.54224926,0
V2-C,2021-01-14,-41.54098014,-74.16240777,1
V2-C,2021-01-15,0,-45.27110756,0
V2-C,2021-01-20,20.87105005,38.65628385,1
V2-C,2021-01-21,11.67952483,3.068341606,1
V2-C,2021-01-22,0,-1.509901175,0
V2-C,2021-01-25,-44.64691189,-83.18827972,1
V2-C,2021-01-26,0,8.11537519,0
V2-C,2021-01-27,0,158.0838392,0
V2-C,2021-01-28,-23.5107676,-46.73582523,1
V2-C,2021-01-29,0,-91.90088743,0
V2-C,2021-02-01,50.86538755,3.586332253,1
V2-C,2021-02-02,20.05467612,15.95360951,1
V2-C,2021-02-03,0,-5.137523283,0
V2-C,2021-02-04,-51.16602065,-21.07441039,1
V2-C,2021-02-05,-23.37687932,-29.99877548,1
V2-C,2021-02-08,-13.38176257,-2.011699736,1
V2-C,2021-02-09,-13.95529107,-15.08647586,1
V2-C,2021-02-10,0,-31.07678241,0
V2-C,2021-02-11,-10.41408446,-11.54360638,1
V2-C,2021-02-12,-44.77338083,-17.11681098,1
V2-C,2021-02-17,-40.29264838,-13.26022823,1
V2-C,2021-02-18,-60.67871379,-96.89604773,1
V2-C,2021-02-19,25.35447536,43.04794862,1
V2-C,2021-02-22,45.95433268,41.59033578,1
V2-C,2021-02-23,0,22.4574932,0
V2-C,2021-02-24,0,150.0528377,0
V2-C,2021-02-25,119.0756192,207.1299984,1
V2-C,2021-02-26,0,-140.8414233,0
V2-C,2021-03-01,49.15883282,66.04614452,1
V2-C,2021-03-02,39.20480486,53.20696323,1
V2-C,2021-03-03,57.56345108,83.12058091,1
V2-C,2021-03-04,-79.01648627,-129.1649731,1
V2-C,2021-03-05,0,-134.6253168,0
V2-C,2021-03-08,-88.46471537,-149.0920678,1
V2-C,2021-03-09,-3.981112167,-3.981112167,2
V2-C,2021-03-10,24.8538022,14.07793459,1
V2-C,2021-03-11,26.09195469,28.46436475,1
V2-C,2021-03-12,-53.12357949,-87.51921025,1
V2-C,2021-03-15,-57.27744245,-95.9506748,1
V2-C,2021-03-16,-49.00823503,-72.79413376,1
V2-C,2021-03-17,62.35160133,95.84121774,1
V2-C,2021-03-18,65.12639929,19.91180089,1
V2-C,2021-03-19,-26.04409606,-35.20856805,1
V2-C,2021-03-22,20.92609882,35.11510258,1
V2-C,2021-03-23,37.75544111,-3.75788417,1
V2-C,2021-03-24,56.50440546,95.96538091,1
V2-C,2021-03-25,13.33455688,59.09553895,1
V2-C,2021-03-26,49.8632104,95.86254173,1
V2-C,2021-03-29,-42.03476518,-74.58746694,1
V2-C,2021-03-30,-32.39827929,-42.70705623,1
V2-C,2021-03-31,0.3694027711,4.299753383,1
V2-C,2021-04-01,1.302344366,17.08958706,1
V2-C,2021-04-05,23.01372321,33.32348907,1
V2-C,2021-04-06,-5.165755618,-15.15424266,1
V2-C,2021-04-07,-4.235915234,-8.697635519,1
V2-C,2021-04-08,-12.95284876,-27.2141114,1
V2-C,2021-04-09,41.92183854,76.60167838,1
V2-C,2021-04-12,-15.35127432,-15.35127432,1
V2-C,2021-04-13,15.96211074,24.89321525,1
V2-C,2021-04-14,44.30322766,19.98138059,1
V2-C,2021-04-15,8.118236724,21.2063126,1
V2-C,2021-04-16,-12.51332286,-23.76737059,1
V2-C,2021-04-19,10.93025634,16.47478552,1
V2-C,2021-04-20,-43.42551542,-80.75666943,1
V2-C,2021-04-21,0,64.12817635,0
V2-C,2021-04-22,-43.16630562,-5.762320762,1
V2-C,2021-04-23,33.42905949,60.69741613,1
V2-C,2021-04-26,19.78162505,16.33396245,1
V2-C,2021-04-27,1.241809812,-4.606492685,1
V2-C,2021-04-28,-19.45960818,-30.07135637,1
V2-C,2021-04-29,0,-22.16507117,0
V2-C,2021-04-30,0,-53.33122166,0
V2-C,2021-05-03,-41.83095643,-28.88940341,1
V2-C,2021-05-04,-5.647918553,-26.31698786,1
V2-C,2021-05-05,0,33.20987002,0
V2-C,2021-05-06,-45.89378258,-75.36290704,1
V2-C,2021-05-07,-26.95632689,-30.6634427,1
V2-C,2021-05-10,52.21173006,92.05572082,1
V2-C,2021-05-11,0,30.09510973,0
V2-C,2021-05-12,39.76209462,98.94210071,1
V2-C,2021-05-13,-56.47772044,-99.15574188,1
V2-C,2021-05-14,32.89510897,54.11837865,1
V2-C,2021-05-17,-5.842975362,-18.65765962,1
V2-C,2021-05-18,-58.47246339,-14.47033036,1
V2-C,2021-05-19,0,97.01128691,0
V2-C,2021-05-20,23.08348079,41.34328027,1
V2-C,2021-05-21,27.60930983,49.91906476,1
V2-C,2021-05-24,0.3544199351,-0.1029571141,1
V2-C,2021-05-25,4.924828116,16.6796086,1
V2-C,2021-05-26,1.265497225,-4.860912465,1
V2-C,2021-05-27,-18.80580593,-34.41505837,1
V2-C,2021-05-28,4.274672553,5.304722487,1
V2-C,2021-06-02,-10.14016679,-17.12618555,1
V2-C,2021-06-03,-4.080605792,-18.5953794,1
V2-C,2021-06-04,13.37331998,25.66522132,1
V2-C,2021-06-07,-25.03769292,-34.67868741,1
V2-C,2021-06-08,5.592944835,-0.7838689048,1
V2-C,2021-06-09,14.77972797,28.20960332,1
V2-C,2021-06-10,0,-45.14089761,0
V2-C,2021-06-11,0,-4.171961375,0
V2-C,2021-06-14,0,-60.27046475,0
V2-C,2021-06-15,0,10.94617609,0
V2-C,2021-06-16,-38.73055795,-13.80565828,1
V2-C,2021-06-17,0,-11.31889044,0
V2-C,2021-06-18,0,-2.033220897,0
V2-C,2021-06-21,0,-10.71425019,0
V2-C,2021-06-22,0,49.85334932,0
V2-C,2021-06-23,0,-24.70186523,0
V2-C,2021-06-24,0,-22.15104508,0
V2-C,2021-06-25,0,11.12603478,0
V2-C,2021-06-28,0,1.928753285,0
V2-C,2021-06-29,0,-31.63773621,0
V2-C,2021-06-30,0,5.771856827,0
V2-C,2021-07-01,0,16.00142695,0
V2-C,2021-07-02,0,45.92389983,0
V2-C,2021-07-07,0,-22.99488668,0
V2-C,2021-07-08,0,50.18250964,0
V2-C,2021-07-09,0,46.38047238,0
V2-C,2021-07-12,0,-10.51788053,0
V2-C,2021-07-13,0,-54.8343234,0
V2-C,2021-07-14,0,25.20523035,0
V2-C,2021-07-15,0,4.813132603,0
V2-C,2021-07-16,0,55.22441953,0
V2-C,2021-07-19,0,-38.93174318,0
V2-C,2021-07-20,0,65.58506361,0
V2-C,2021-07-21,0,41.50125137,0
V2-C,2021-07-22,0,7.872930401,0
V2-C,2021-07-23,0,56.22570931,0
V2-C,2021-07-26,0,20.5592814,0
V2-C,2021-07-27,0,4.774536276,0
V2-C,2021-07-28,0,-27.16287245,0
V2-C,2021-07-29,0,-13.10502541,0
V2-C,2021-07-30,0,0.6884875185,0
V2-C,2021-08-02,0,-4.867054987,0
V2-C,2021-08-03,0,-61.04175883,0
V2-C,2021-08-04,0,-17.15551495,0
V2-C,2021-08-05,0,23.53528469,0
V2-C,2021-08-06,0,-6.709276945,0
V2-C,2021-08-09,0,-9.415798361,0
V2-C,2021-08-10,0,5.822576239,0
V2-C,2021-08-11,0,6.422733126,0
V2-C,2021-08-12,0,-3.673789308,0
V2-C,2021-08-13,0,-3.83090545,0
V2-C,2021-08-16,0,-55.70932983,0
V2-C,2021-08-17,0,-27.17512634,0
V2-C,2021-08-18,0,-60.13267523,0
V2-C,2021-08-19,21.85693138,33.09106176,1
V2-C,2021-08-20,0,7.421474271,0
V2-C,2021-08-23,0,24.56902713,0
V2-C,2021-08-24,-4.728433621,-8.221884011,1
V2-C,2021-08-25,0,4.529223971,0
V2-C,2021-08-26,10.03362895,24.67162349,1
V2-C,2021-08-27,0,19.06490602,0
V2-C,2021-08-30,0,7.743088539,0
V2-C,2021-08-31,0,-13.66967817,0
V2-C,2021-09-01,0,-14.21289082,0
V2-C,2021-09-02,0,3.635945357,0
V2-C,2021-09-03,0,13.60258134,0
V2-C,2021-09-08,0,-3.201421021,0
V2-C,2021-09-09,0,-62.95965051,0
V2-C,2021-09-10,0,80.0958323,0
V2-C,2021-09-13,-18.2196264,-26.22863616,1
V2-C,2021-09-14,16.34752681,31.64510573,1
V2-C,2021-09-15,0,-62.0262406,0
V2-C,2021-09-16,-38.03736224,-70.24278796,1
V2-C,2021-09-17,0,33.57911786,0
V2-C,2021-09-20,12.12053579,21.1509284,1
V2-C,2021-09-21,0,23.24833604,0
V2-C,2021-09-22,0,13.69864115,0
V2-C,2021-09-23,0,-7.046233243,0
V2-C,2021-09-24,0,32.53418424,0
V2-C,2021-09-27,-1.327174914,-16.38017795,1
V2-C,2021-09-28,32.45187714,52.64256482,1
V2-C,2021-09-29,0,-57.27321981,0
V2-C,2021-09-30,0,23.85648762,0
V2-C,2021-10-01,-40.86044381,-75.76150426,1
V2-C,2021-10-04,7.234175796,15.50854938,1
V2-C,2021-10-05,6.307817117,-6.217213092,1
V2-C,2021-10-06,24.25545792,62.59125117,1
V2-C,2021-10-07,-31.47296124,-64.15598812,1
V2-C,2021-10-08,28.26529619,42.04564876,1
V2-C,2021-10-11,-47.94481177,-93.7816945,1
V2-C,2021-10-12,8.675188636,14.84804767,1
V2-C,2021-10-13,-28.95547724,-66.11061975,1
V2-C,2021-10-14,22.2863609,41.68938193,1
V2-C,2021-10-15,-24.82400292,-39.01350705,1
V2-C,2021-10-18,44.04687964,60.71041716,1
V2-C,2021-10-19,14.80774805,26.60372027,1
V2-C,2021-10-20,-17.01960054,-18.82291768,1
V2-C,2021-10-21,15.71086583,27.43065939,1
V2-C,2021-10-22,-51.62478846,-67.15880506,1
V2-C,2021-10-25,28.21387555,8.809611452,1
V2-C,2021-10-26,-53.25623288,-77.66053401,1
V2-C,2021-10-27,-8.898994267,10.95130431,1
V2-C,2021-10-28,18.85874204,31.00645813,1
V2-C,2021-10-29,51.90234606,79.65093764,1
V2-C,2021-11-01,-25.06316089,-40.72221592,1
V2-C,2021-11-02,3.438028059,10.06250006,1
V2-C,2021-11-03,-47.36583011,-85.83800437,1
V2-C,2021-11-04,9.190612013,9.582666588,1
V2-C,2021-11-05,-22.99417029,-40.66883292,1
V2-C,2021-11-08,3.125873912,6.176344832,1
V2-C,2021-11-09,9.37414809,8.697089801,1
V2-C,2021-11-10,-41.17679383,-68.64232999,1
V2-C,2021-11-11,9.79881666,13.15192081,1
V2-C,2021-11-12,-39.85108005,-68.72048813,1
V2-C,2021-11-15,-8.904837038,-7.97942046,1
V2-C,2021-11-16,29.91729787,39.10809787,1
V2-C,2021-11-17,-1.466424488,-3.743384095,1
V2-C,2021-11-18,-47.35153755,-76.9848928,1
V2-C,2021-11-19,-7.941249339,-9.415229311,1
V2-C,2021-11-22,-46.60892078,-76.68706051,1
V2-C,2021-11-23,-17.54770476,-41.26442053,1
V2-C,2021-11-24,33.83583077,55.60873541,1
V2-C,2021-11-29,37.72234603,1.060421949,1
V2-C,2021-11-30,-60.271257,-97.2613153,1
V2-C,2021-12-01,132.5065377,86.44671748,1
V2-C,2021-12-02,21.58247746,43.38251587,1
V2-C,2021-12-03,35.65331594,35.65331594,2
V2-C,2021-12-06,24.33318531,32.643469,1
V2-C,2021-12-07,26.2061853,26.2061853,2
V2-C,2021-12-08,-29.4667311,-48.56602624,1
V2-C,2021-12-09,0,52.74182462,0
V2-C,2021-12-10,0,25.68182139,0
V2-C,2021-12-13,0,43.43380946,0
V2-C,2021-12-14,0,-9.086034025,0
V2-C,2021-12-15,0,-137.6919213,0
V2-C,2021-12-16,0,161.777109,0
V2-C,2021-12-17,0,7.835190149,0
V2-C,2021-12-20,0,-14.19089941,0
V2-C,2021-12-21,0,-161.2786549,0
V2-C,2021-12-22,0,81.60945044,0
V2-C,2021-12-23,0,3.592095155,0
V2-C,2021-12-27,0,43.16420178,0
V2-C,2021-12-28,0,4.916952952,0
V2-C,2021-12-29,0,-27.30531789,0
V2-C,2021-12-30,0,-64.38210418,0
V2-C,2021-12-31,0,12.65575971,0
V2-C,2022-01-03,0,38.51763157,0
V2-C,2022-01-04,0,14.14688446,0
V2-C,2022-01-05,0,78.11826681,0
V2-C,2022-01-06,0,-8.935991539,0
V2-C,2022-01-07,0,37.82954148,0
V2-C,2022-01-10,-90.3692827,-152.5289638,1
V2-C,2022-01-11,0,6.097053613,0
V2-C,2022-01-12,0,-33.25246228,0
V2-C,2022-01-13,0,188.654792,0
V2-C,2022-01-14,0,49.29668424,0
V2-C,2022-01-19,0,-31.51923488,0
V2-C,2022-01-20,0,-163.7410852,0
V2-C,2022-01-21,84.70543415,147.0268828,1
V2-C,2022-01-24,-100.4707254,-171.8022096,1
V2-C,2022-01-25,0,-72.19939594,0
V2-C,2022-01-26,0,125.760773,0
V2-C,2022-01-27,0,171.2899115,0
V2-C,2022-01-28,0,-206.2498668,0
V2-C,2022-01-31,83.25221382,143.5359725,1
V2-C,2022-02-01,0,-97.87603024,0
V2-C,2022-02-02,0,-45.51983097,0
V2-C,2022-02-03,0,-182.6074085,0
V2-C,2022-02-04,0,8.837575299,0
V2-C,2022-02-07,0,-83.80431759,0
V2-C,2022-02-08,0,-131.1769204,0
V2-C,2022-02-09,0,-32.71573236,0
V2-C,2022-02-10,0,-160.6280842,0
V2-C,2022-02-11,0,40.97415466,0
V2-C,2022-02-14,0,-10.32630154,0
V2-C,2022-02-15,36.10414081,47.18124309,1
V2-C,2022-02-16,0,-103.6448946,0
V2-C,2022-02-17,0,99.12286838,0
V2-C,2022-02-18,0,42.33030401,0
V2-C,2022-02-23,0,171.1941877,0
V2-C,2022-02-24,0,394.9553743,0
V2-C,2022-02-25,0,1.94427308,0
V2-C,2022-02-28,0,77.59475954,0
V2-C,2022-03-01,0,-31.82419515,0
V2-C,2022-03-02,0,93.99715012,0
V2-C,2022-03-03,0,54.41827653,0
V2-C,2022-03-04,0,-45.07927588,0
V2-C,2022-03-07,102.1897908,182.8673623,1
V2-C,2022-03-08,0,-228.4609255,0
V2-C,2022-03-09,41.72851036,60.93899806,1
V2-C,2022-03-10,0,-2.861076052,0
V2-C,2022-03-11,0,150.5186586,0
V2-C,2022-03-14,0,-167.4843541,0
V2-C,2022-03-15,0,116.2708795,0
V2-C,2022-03-16,-125.701205,-216.939746,1
V2-C,2022-03-17,67.92664058,124.3206643,1
V2-C,2022-03-18,69.3898809,121.442738,1
V2-C,2022-03-21,-48.21111131,-66.10512922,1
V2-C,2022-03-22,19.08489758,27.83211764,1
V2-C,2022-03-23,0,-89.43798396,0
V2-C,2022-03-24,-113.225042,-171.0746022,1
V2-C,2022-03-25,0,3.28815738,0
V2-C,2022-03-28,0,85.0895874,0
V2-C,2022-03-29,0,-82.20272094,0
V2-C,2022-03-30,0,-28.47551162,0
V2-C,2022-03-31,0,108.3484176,0
V2-C,2022-04-01,0,-21.37145458,0
V2-C,2022-04-04,39.70831948,60.95619375,1
V2-C,2022-04-05,47.06804788,84.50508837,1
V2-C,2022-04-06,0,-29.69045999,0
V2-C,2022-04-07,0,1.106278698,0
V2-C,2022-04-08,0,20.93883502,0
V2-C,2022-04-11,0,57.97086893,0
V2-C,2022-04-12,0,26.90236808,0
V2-C,2022-04-13,0,81.40840796,0
V2-C,2022-04-14,56.72842888,93.05506048,1
V2-C,2022-04-18,0,-28.75385109,0
V2-C,2022-04-19,43.64536452,68.5750551,1
V2-C,2022-04-20,0,33.64909997,0
V2-C,2022-04-21,0,109.2152435,0
V2-C,2022-04-22,86.78427731,164.1518566,1
V2-C,2022-04-25,0,-21.28654476,0
V2-C,2022-04-26,71.67018295,144.1986961,1
V2-C,2022-04-27,0,-157.7789819,0
V2-C,2022-04-28,-81.49008402,-154.0045396,1
V2-C,2022-04-29,0,245.8237972,0
V2-C,2022-05-02,-108.829088,-198.199473,1
V2-C,2022-05-03,0,-4.36811917,0
V2-C,2022-05-04,-107.9577141,-195.6196508,1
V2-C,2022-05-05,110.9637737,110.9637737,2
V2-C,2022-05-06,0,-11.90959793,0
V2-C,2022-05-09,0,107.8956332,0
V2-C,2022-05-10,72.34409151,72.34409151,2
V2-C,2022-05-11,-243.1488462,-243.1488462,2
V2-C,2022-05-12,-24.27672026,-26.03795371,1
V2-C,2022-05-13,28.5154524,35.2004415,1
V2-C,2022-05-16,-44.42879401,-60.46018205,1
V2-C,2022-05-17,-58.07931971,-105.4782145,1
V2-C,2022-05-18,0,251.2201599,0
V2-C,2022-05-19,-4.326545638,1.283598265,1
V2-C,2022-05-20,41.86988754,56.08338326,1
V2-C,2022-05-23,0,102.4876824,0
V2-C,2022-05-24,-60.45715329,-133.9456413,1
V2-C,2022-05-25,26.70303987,42.61171523,1
V2-C,2022-05-26,49.66937541,73.35610486,1
V2-C,2022-05-27,42.43789394,82.30250065,1
V2-C,2022-06-01,33.42095475,46.63958501,1
V2-C,2022-06-02,0,42.57642985,0
V2-C,2022-06-03,0,6.788545819,0
V2-C,2022-06-06,0,-120.6911332,0
V2-C,2022-06-07,0,99.43436591,0
V2-C,2022-06-08,0,-93.68248536,0
V2-C,2022-06-09,0,-194.5729806,0
V2-C,2022-06-10,0,30.79577846,0
V2-C,2022-06-13,0,65.15141127,0
V2-C,2022-06-14,-23.46669174,-22.64343142,1
V2-C,2022-06-15,61.85273169,61.85273169,2
V2-C,2022-06-16,40.48206555,40.48206555,2
V2-C,2022-06-17,0,22.39907471,0
V2-C,2022-06-22,-61.65831927,-95.51820303,1
V2-C,2022-06-23,0,-64.33252183,0
V2-C,2022-06-24,78.13925385,78.13925385,2
V2-C,2022-06-27,0,4.658737271,0
V2-C,2022-06-28,131.1287659,236.4902945,1
V2-C,2022-06-29,0,6.334045857,0
V2-C,2022-06-30,-176.7408261,-176.7408261,2
V2-C,2022-07-01,-77.16807641,-156.3785091,1
V2-C,2022-07-06,0,-15.36549596,0
V2-C,2022-07-07,41.22167518,65.18097377,1
V2-C,2022-07-08,10.49924759,2.330298844,1
V2-C,2022-07-11,9.113071758,8.615955003,1
V2-C,2022-07-12,37.68595198,69.33470506,1
V2-C,2022-07-13,0,73.95430613,0
V2-C,2022-07-14,-153.1713787,-153.1713787,2
V2-C,2022-07-15,9.874084397,27.41162175,1
V2-C,2022-07-18,0,-14.23139149,0
V2-C,2022-07-19,49.87344412,121.6986529,1
V2-C,2022-07-20,28.63224466,43.02006111,1
V2-C,2022-07-21,-97.36857621,-176.0382826,1
V2-C,2022-07-22,0,108.0465678,0
V2-C,2022-07-25,-13.09624356,-31.27230346,1
V2-C,2022-07-26,24.01875359,40.04259941,1
V2-C,2022-07-27,81.26191435,145.2931014,1
V2-C,2022-07-28,-161.6113515,-161.6113515,2
V2-C,2022-07-29,22.73892417,40.18125405,1
V2-C,2022-08-01,-15.30077689,-16.37326749,1
V2-C,2022-08-02,7.544697014,-4.50042516,1
V2-C,2022-08-03,62.26427223,99.0675385,1
V2-C,2022-08-04,0,-51.60845662,0
V2-C,2022-08-05,-16.59389132,-16.15188987,1
V2-C,2022-08-08,-85.25560165,-131.7754617,1
V2-C,2022-08-09,0,-3.474661492,0
V2-C,2022-08-10,0,-74.38902469,0
V2-C,2022-08-11,0,-138.1230998,0
V2-C,2022-08-12,0,110.8557693,0
V2-C,2022-08-15,40.2307579,69.91639277,1
V2-C,2022-08-16,-39.03380011,-39.03380011,1
V2-C,2022-08-17,0,-6.42236091,0
V2-C,2022-08-18,0,-46.92253181,0
V2-C,2022-08-19,13.14478779,25.6589329,1
V2-C,2022-08-22,25.88085016,43.75446002,1
V2-C,2022-08-23,-21.1486836,-43.90689391,1
V2-C,2022-08-24,-3.490282822,-1.538610521,1
V2-C,2022-08-25,19.63581389,41.29057722,1
V2-C,2022-08-26,218.4491089,218.4491089,2
V2-C,2022-08-29,0,-44.57706657,0
V2-C,2022-08-30,46.12091022,46.12091022,2
V2-C,2022-08-31,0,84.73073087,0
V2-C,2022-09-01,0,-109.5334331,0
V2-C,2022-09-02,0,-128.5373473,0
V2-C,2022-09-07,0,129.2676765,0
V2-C,2022-09-08,30.49837745,61.73950441,1
V2-C,2022-09-09,27.34501558,43.21865076,1
V2-C,2022-09-12,2.425127275,-2.272900911,1
V2-C,2022-09-13,0,187.7202865,0
V2-C,2022-09-14,0,-77.30525459,0
V2-C,2022-09-15,48.44376856,87.50771211,1
V2-C,2022-09-16,-25.712411,-16.86569967,1
V2-C,2022-09-19,48.58361323,86.34658501,1
V2-C,2022-09-20,0,-5.851899553,0
V2-C,2022-09-21,-86.44887816,-159.3823448,1
V2-C,2022-09-22,7.863102689,20.24675444,1
V2-C,2022-09-23,14.3269107,14.3269107,2
V2-C,2022-09-26,-93.0043215,-174.8879308,1
V2-C,2022-09-27,0,105.5606404,0
V2-C,2022-09-28,68.0997916,125.5223655,1
V2-C,2022-09-29,-54.30376819,-54.30376819,2
V2-C,2022-09-30,-93.5006497,-177.480705,1
V2-C,2022-10-03,57.65749047,57.65749047,2
V2-C,2022-10-04,21.37078343,21.37078343,2
V2-C,2022-10-05,-89.14090184,-168.9757021,1
V2-C,2022-10-06,0.9597722303,9.086225429,1
V2-C,2022-10-07,105.8291259,105.8291259,2
V2-C,2022-10-10,26.25054343,59.63828665,1
V2-C,2022-10-11,-93.84284418,-174.431975,1
V2-C,2022-10-12,0,-26.87877002,0
V2-C,2022-10-13,0,400.4850308,0
V2-C,2022-10-14,80.7497426,140.2576328,1
V2-C,2022-10-17,8.370194956,8.370194956,2
V2-C,2022-10-18,0,31.70264425,0
V2-C,2022-10-19,-51.26735595,-92.25976194,1
V2-C,2022-10-20,-208.2284876,-208.2284876,2
V2-C,2022-10-21,103.8448171,192.931684,1
V2-C,2022-10-24,-118.4269544,-180.037667,1
V2-C,2022-10-25,56.73746479,56.73746479,2
V2-C,2022-10-26,0,-81.80686478,0
V2-C,2022-10-27,0,-145.2877359,0
V2-C,2022-10-28,134.3115145,134.3115145,2
V2-C,2022-10-31,-23.59600325,-29.56832393,1
V2-C,2022-11-01,0,56.92061097,0
V2-C,2022-11-02,146.7047199,244.1108804,1
V2-C,2022-11-03,0,-64.8017722,0
V2-C,2022-11-04,-100.9883596,-83.62512443,1
V2-C,2022-11-07,-62.51110907,-108.6260208,1
V2-C,2022-11-08,-2.943438302,-5.398632515,1
V2-C,2022-11-09,74.21290865,146.1876889,1
V2-C,2022-11-10,175.0298392,175.0298392,2
V2-C,2022-11-11,45.02500053,65.25391355,1
V2-C,2022-11-14,-14.87624204,-49.7809488,1
V2-C,2022-11-15,-109.4672363,-191.003291,1
V2-C,2022-11-16,4.452576947,13.39780352,1
V2-C,2022-11-17,0,57.69338226,0
V2-C,2022-11-18,0,-4.632088378,0
V2-C,2022-11-21,8.169207908,0.09429171041,1
V2-C,2022-11-22,-61.15809077,-29.31878488,1
V2-C,2022-11-23,3.14800995,7.945596499,1
V2-C,2022-11-28,37.16356139,-6.416456104,1
V2-C,2022-11-29,-45.81004494,-70.16439222,1
V2-C,2022-11-30,213.289973,151.9104806,1
V2-C,2022-12-01,0,-80.04139634,0
V2-C,2022-12-02,0,90.86728989,0
V2-C,2022-12-05,26.21350776,59.85456601,1
V2-C,2022-12-06,28.35863981,53.09867639,1
V2-C,2022-12-07,0,-34.27135405,0
V2-C,2022-12-08,2.13372143,-5.589787983,1
V2-C,2022-12-09,-37.65433449,-76.90252233,1
V2-C,2022-12-12,-67.44452531,-9.805348436,1
V2-C,2022-12-13,0,95.89590498,0
V2-C,2022-12-14,-91.96329676,-166.5701973,1
V2-C,2022-12-15,40.28773315,40.28773315,2
V2-C,2022-12-16,4.16877312,2.384601617,1
V2-C,2022-12-19,47.78016507,1.207212824,1
V2-C,2022-12-20,-38.20819726,-38.20819726,2
V2-C,2022-12-21,30.91288654,30.91288654,2
V2-C,2022-12-22,-47.83676164,-47.83676164,2
V2-C,2022-12-23,22.3288763,22.3288763,2
V2-C,2022-12-27,27.53105222,38.67627923,1
V2-C,2022-12-28,-58.18561693,-9.276014793,1
V2-C,2022-12-29,19.02832453,19.02832453,2
V2-C,2022-12-30,0,67.69670244,0
V2-C,2023-01-03,-13.29862129,-23.24276901,1
V2-C,2023-01-04,-54.74184594,-100.4590283,1
V2-C,2023-01-05,21.1471258,29.44423906,1
V2-C,2023-01-06,92.67481668,151.9451856,1
V2-C,2023-01-09,-53.52269662,-102.0972663,1
V2-C,2023-01-10,43.11446066,79.68958208,1
V2-C,2023-01-11,44.60946121,77.88143421,1
V2-C,2023-01-12,-34.38602885,-51.46970155,1
V2-C,2023-01-13,35.8934476,58.23339759,1
V2-C,2023-01-18,-60.32777924,-106.8217443,1
V2-C,2023-01-19,2.733947577,1.925185052,1
V2-C,2023-01-20,77.8453458,137.6452887,1
V2-C,2023-01-23,42.07466617,42.07466617,2
V2-C,2023-01-24,5.136739199,15.22859497,1
V2-C,2023-01-25,-70.68016383,-128.7552673,1
V2-C,2023-01-26,36.08374251,5.681243281,1
V2-C,2023-01-27,20.01127565,17.70559599,1
V2-C,2023-01-30,28.42877904,-8.96645173,1
V2-C,2023-01-31,36.98244487,80.60424567,1
V2-C,2023-02-01,-71.45170829,-8.533561548,1
V2-C,2023-02-02,33.76601328,15.05767246,1
V2-C,2023-02-03,-111.6098635,-111.6098635,2
V2-C,2023-02-06,-31.5318823,-31.5318823,2
V2-C,2023-02-07,-77.36318042,-140.307807,1
V2-C,2023-02-08,35.10950393,9.942445601,1
V2-C,2023-02-09,76.63251604,138.8996914,1
V2-C,2023-02-10,-18.21248038,-18.21248038,2
V2-C,2023-02-13,56.14478407,56.14478407,2
V2-C,2023-02-14,2.596382341,2.596382341,2
V2-C,2023-02-15,57.28558093,92.2433466,1
V2-C,2023-02-16,-54.40635279,-81.86601309,1
V2-C,2023-02-17,-14.27443563,-31.30746839,1
V2-C,2023-02-22,-21.1682809,-27.27815829,1
V2-C,2023-02-23,-12.22767115,-12.08292612,1
V2-C,2023-02-24,-55.79464563,-55.79464563,2
V2-C,2023-02-27,-26.76993846,-65.20152756,1
V2-C,2023-02-28,-3.017337089,8.115730465,1
V2-C,2023-03-01,-1.790295279,-8.59897746,1
V2-C,2023-03-02,63.89608563,112.1813339,1
V2-C,2023-03-03,37.53179605,72.81555126,1
V2-C,2023-03-06,-46.14877877,-75.45384012,1
V2-C,2023-03-07,28.57814766,71.26929672,1
V2-C,2023-03-08,16.08583031,17.48365789,1
V2-C,2023-03-09,-57.93780683,-104.8250206,1
V2-C,2023-03-10,34.05373278,71.13321255,1
V2-C,2023-03-13,20.3975881,29.88911626,1
V2-C,2023-03-14,-49.28456814,-49.28456814,2
V2-C,2023-03-15,-116.9145702,-116.9145702,2
V2-C,2023-03-16,127.0102829,233.9365936,1
V2-C,2023-03-17,28.32675619,28.32675619,2
V2-C,2023-03-20,-18.21067405,-18.21067405,2
V2-C,2023-03-21,-49.11443244,-82.2986151,1
V2-C,2023-03-22,-78.8435304,-147.3425385,1
V2-C,2023-03-23,-110.9894081,-110.9894081,2
V2-C,2023-03-24,-26.71196383,13.10965592,1
V2-C,2023-03-27,0,31.36819702,0
V2-C,2023-03-28,-16.95335553,-17.12037634,1
V2-C,2023-03-29,0,4.564438452,0
V2-C,2023-03-30,0,-2.826194948,0
V2-C,2023-03-31,54.91037458,97.10231193,1
V2-C,2023-04-03,2.135141603,2.135141603,2
V2-C,2023-04-04,0,44.09760206,0
V2-C,2023-04-05,3.329303694,-1.08606176,1
V2-C,2023-04-06,0,77.26297217,0
V2-C,2023-04-10,-62.97913943,-102.4112551,1
V2-C,2023-04-11,8.955122212,9.699626379,1
V2-C,2023-04-12,0,91.69811845,0
V2-C,2023-04-13,30.93665365,63.34287161,1
V2-C,2023-04-14,0,9.58639716,0
V2-C,2023-04-17,0,-3.224661684,0
V2-C,2023-04-18,0,-27.05726995,0
V2-C,2023-04-19,0,40.47479915,0
V2-C,2023-04-20,0,-29.974024,0
V2-C,2023-04-21,0,5.580546734,0
V2-C,2023-04-24,0,-50.25633217,0
V2-C,2023-04-25,0,91.95535674,0
V2-C,2023-04-26,0,27.59860546,0
V2-C,2023-04-27,56.75106074,106.1326717,1
V2-C,2023-04-28,24.54424596,24.54424596,2
V2-C,2023-05-01,0,-15.84679945,0
V2-C,2023-05-02,1.387648303,1.387648303,2
V2-C,2023-05-03,0,0.5858035551,0
V2-C,2023-05-04,-53.90634345,-53.90634345,2
V2-C,2023-05-05,51.07311028,51.07311028,2
V2-C,2023-05-08,0,-42.31229814,0
V2-C,2023-05-09,0,-12.74363496,0
V2-C,2023-05-10,0,-52.931868,0
V2-C,2023-05-11,0,-39.54355871,0
V2-C,2023-05-12,0,1.082930062,0
V2-C,2023-05-15,0,-63.07252529,0
V2-C,2023-05-16,-12.31515365,7.147892064,1
V2-C,2023-05-17,0,-74.28662513,0
V2-C,2023-05-18,37.1659231,61.77073872,1
V2-C,2023-05-19,0,-53.8072829,0
V2-C,2023-05-22,0,-2.386686258,0
V2-C,2023-05-23,0,-81.01516027,0
V2-C,2023-05-24,0,-23.70186841,0
V2-C,2023-05-25,0,-78.58131533,0
V2-C,2023-05-26,50.48769237,50.48769237,2
V2-C,2023-05-31,0,-18.0852239,0
V2-C,2023-06-01,0,24.43070946,0
V2-C,2023-06-02,0,8.000505822,0
V2-C,2023-06-05,0,0.3593981348,0
V2-C,2023-06-06,0,9.958457353,0
V2-C,2023-06-07,0,97.63178012,0
V2-C,2023-06-08,28.69160062,46.34473036,1
V2-C,2023-06-09,-49.79066518,-85.15106074,1
V2-C,2023-06-12,0,26.3936844,0
V2-C,2023-06-13,0,-23.06707718,0
V2-C,2023-06-14,-55.21986655,-93.06766916,1
V2-C,2023-06-15,78.11248365,78.11248365,2
V2-C,2023-06-16,0,70.7956102,0
V2-C,2023-06-21,19.51691325,24.74467498,1
V2-C,2023-06-22,0,39.93006026,0
V2-C,2023-06-23,0,-9.452311227,0
V2-C,2023-06-26,-54.64986961,-82.95888554,1
V2-C,2023-06-27,0,93.94431054,0
V2-C,2023-06-28,-2.322184988,6.309246336,1
V2-C,2023-06-29,-20.20091726,-0.8308329541,1
V2-C,2023-06-30,-8.477360426,-8.626320908,1
V2-C,2023-07-06,-21.84439831,-44.58141129,1
V2-C,2023-07-07,10.99495696,-0.1264844696,1
V2-C,2023-07-10,0,7.966446834,0
V2-C,2023-07-11,-26.7741197,-53.60814588,1
V2-C,2023-07-12,-16.1403755,-30.94035891,1
V2-C,2023-07-13,0,-72.62771548,0
V2-C,2023-07-14,-51.69176709,-37.83675391,1
V2-C,2023-07-17,26.72223192,36.20171374,1
V2-C,2023-07-18,-53.6744552,-24.48983349,1
V2-C,2023-07-19,8.980626095,0.1454913998,1
V2-C,2023-07-20,48.10978767,58.34514446,1
V2-C,2023-07-21,7.94000771,9.983446698,1
V2-C,2023-07-24,-7.87038047,-8.288865252,1
V2-C,2023-07-25,12.62764766,19.56609788,1
V2-C,2023-07-26,-2.173065526,5.855243558,1
V2-C,2023-07-27,0,120.8137566,0
V2-C,2023-07-28,9.86847388,11.62387679,1
V2-C,2023-07-31,0.3835083073,0.7804906456,1
V2-C,2023-08-01,-10.30423146,-16.97701758,1
V2-C,2023-08-02,25.39195794,46.36899624,1
V2-C,2023-08-03,-47.53233528,-77.84148223,1
V2-C,2023-08-04,34.81912658,75.17219579,1
V2-C,2023-08-07,-25.80708016,-11.03352393,1
V2-C,2023-08-08,-25.21473929,-58.55435321,1
V2-C,2023-08-09,34.16839471,63.92569105,1
V2-C,2023-08-10,-50.71895379,-85.94096827,1
V2-C,2023-08-11,0,-24.6138706,0
V2-C,2023-08-14,38.42826033,60.85204252,1
V2-C,2023-08-15,5.608929221,13.30320869,1
V2-C,2023-08-16,0,-84.00125891,0
V2-C,2023-08-17,41.18761852,85.67945283,1
V2-C,2023-08-18,0,62.5809673,0
V2-C,2023-08-21,50.63077623,17.98312216,1
V2-C,2023-08-22,14.64913537,28.94207182,1
V2-C,2023-08-23,21.88322483,43.4702329,1
V2-C,2023-08-24,69.73856719,125.387733,1
V2-C,2023-08-25,-30.74019781,-60.50514655,1
V2-C,2023-08-28,0,-7.506157072,0
V2-C,2023-08-29,34.37098197,64.93086471,1
V2-C,2023-08-30,-29.53093929,-49.09125543,1
V2-C,2023-08-31,-19.57332756,-46.71632244,1
V2-C,2023-09-01,10.43618509,20.49174984,1
V2-C,2023-09-06,-0.9850947409,-0.8549868534,1
V2-C,2023-09-07,0,39.65717771,0
V2-C,2023-09-08,-29.910156,-48.20872639,1
V2-C,2023-09-11,0,-49.66838247,0
V2-C,2023-09-12,23.18754515,28.01867483,1
V2-C,2023-09-13,4.89684302,1.704343712,1
V2-C,2023-09-14,0,-49.3720337,0
V2-C,2023-09-15,31.86097439,59.89476452,1
V2-C,2023-09-18,0,2.540333025,0
V2-C,2023-09-19,-26.89488307,-42.3960554,1
V2-C,2023-09-20,0,126.7256223,0
V2-C,2023-09-21,35.22711179,70.54448879,1
V2-C,2023-09-22,-34.50202936,-65.70666158,1
V2-C,2023-09-25,0,66.39680332,0
V2-C,2023-09-26,18.86550866,41.49239026,1
V2-C,2023-09-27,-46.60191176,-40.68189441,1
V2-C,2023-09-28,0,83.20139382,0
V2-C,2023-09-29,0,73.96446058,0
V2-C,2023-10-02,23.79069378,32.61411245,1
V2-C,2023-10-03,20.95762239,31.90732428,1
V2-C,2023-10-04,-49.97345564,-87.95728835,1
V2-C,2023-10-05,-25.44566687,-41.37652104,1
V2-C,2023-10-06,84.61470776,155.1279364,1
V2-C,2023-10-09,53.38915691,100.0177523,1
V2-C,2023-10-10,-8.266244912,-16.09343804,1
V2-C,2023-10-11,-23.44718275,-40.95045389,1
V2-C,2023-10-12,-37.56432091,-37.56432091,2
V2-C,2023-10-13,76.76138603,76.76138603,2
V2-C,2023-10-16,-13.22858776,-13.22858776,2
V2-C,2023-10-17,31.0631353,31.0631353,2
V2-C,2023-10-18,-5.022954592,-5.022954592,2
V2-C,2023-10-19,66.75792693,66.75792693,2
V2-C,2023-10-20,54.81087507,54.81087507,2
V2-C,2023-10-23,7.095374033,7.095374033,2
V2-C,2023-10-24,-8.648422801,-8.648422801,2
V2-C,2023-10-25,70.82093146,70.82093146,2
V2-C,2023-10-26,42.93596257,76.51978364,1
V2-C,2023-10-27,3.824838815,3.824838815,2
V2-C,2023-10-30,-30.53460425,-76.7004291,1
V2-C,2023-10-31,-31.08318145,-60.18753213,1
V2-C,2023-11-01,37.40908004,53.45950144,1
V2-C,2023-11-02,22.51053248,49.02380862,1
V2-C,2023-11-03,27.32532017,34.04049302,1
V2-C,2023-11-06,6.316110372,-0.4007399053,1
V2-C,2023-11-07,10.90858568,15.31069771,1
V2-C,2023-11-08,-10.02378665,-13.87209487,1
V2-C,2023-11-09,33.10489658,61.43296106,1
V2-C,2023-11-10,84.09938384,48.35744452,1
V2-C,2023-11-13,-10.48285806,-25.36178069,1
V2-C,2023-11-14,-5.563402509,-5.563402509,2
V2-C,2023-11-15,14.57610929,0.08463295762,1
V2-C,2023-11-16,3.452042936,4.133685181,1
V2-C,2023-11-17,8.970472844,16.01175471,1
V2-C,2023-11-20,39.62043578,64.25979133,1
V2-C,2023-11-21,-21.04829264,-35.51582404,1
V2-C,2023-11-22,8.54175802,9.763442196,1
V2-C,2023-11-27,-5.393524731,-5.393524731,1
V2-C,2023-11-28,17.97146342,9.045674667,1
V2-C,2023-11-29,24.6671478,42.54412759,1
V2-C,2023-11-30,-12.16204647,-30.12851758,1
V2-C,2023-12-01,-39.12451849,-70.35950985,1
V2-C,2023-12-04,-40.23077489,-62.04256186,1
V2-C,2023-12-05,4.078333622,3.93228739,1
V2-C,2023-12-06,27.88773104,54.20846774,1
V2-C,2023-12-07,11.78989075,11.64425042,1
V2-C,2023-12-08,1.465486973,4.306902047,1
V2-C,2023-12-11,27.27289263,45.10257769,1
V2-C,2023-12-12,30.18571233,51.15570004,1
V2-C,2023-12-13,0,103.5268814,0
V2-C,2023-12-14,10.18831884,10.048434,1
V2-C,2023-12-15,-13.64887182,-21.645127,1
V2-C,2023-12-18,9.603469696,10.50768615,1
V2-C,2023-12-19,7.051133438,15.48636,1
V2-C,2023-12-20,-34.58088707,-64.75728131,1
V2-C,2023-12-21,-20.81550422,-36.64151729,1
V2-C,2023-12-22,-13.8130837,-29.51430796,1
V2-C,2023-12-26,10.18227013,16.01050133,1
V2-C,2023-12-27,-13.33456819,-3.626971155,1
V2-C,2023-12-28,10.78997373,5.741516605,1
V2-C,2023-12-29,-45.63472773,-59.74455955,1
V2-C,2024-01-02,-5.097957351,-19.37250975,1
V2-C,2024-01-03,12.65192945,19.87209244,1
V2-C,2024-01-04,-45.27471867,-45.27471867,2
V2-C,2024-01-05,-36.25329452,-36.25329452,2
V2-C,2024-01-08,91.90737828,91.90737828,2
V2-C,2024-01-09,44.31599714,44.31599714,2
V2-C,2024-01-10,40.94585247,40.94585247,2
V2-C,2024-01-11,-29.89916361,-29.89916361,2
V2-C,2024-01-12,3.132217175,3.132217175,2
V2-C,2024-01-17,-35.13705812,-35.13705812,2
V2-C,2024-01-18,18.76646961,39.76586937,1
V2-C,2024-01-19,118.9097156,118.9097156,2
V2-C,2024-01-22,-3.89377714,-3.89377714,2
V2-C,2024-01-23,-19.90967659,-33.61538575,1
V2-C,2024-01-24,-5.15461226,-5.15461226,2
V2-C,2024-01-25,-38.76118772,-40.1660971,1
V2-C,2024-01-26,-23.72712149,-23.72712149,2
V2-C,2024-01-29,41.49101651,10.14272751,1
V2-C,2024-01-30,19.59035741,19.59035741,2
V2-C,2024-01-31,-42.36546927,0.757717657,1
V2-C,2024-02-01,52.08672108,52.08672108,2
V2-C,2024-02-02,73.65768726,73.65768726,2
V2-C,2024-02-05,-33.94634759,-33.94634759,2
V2-C,2024-02-06,-24.94440437,-24.94440437,2
V2-C,2024-02-07,-3.826458576,-3.826458576,2
V2-C,2024-02-08,1.259472594,1.259472594,2
V2-C,2024-02-09,34.71357503,34.71357503,2
V2-C,2024-02-12,-25.26686617,-25.26686617,2
V2-C,2024-02-13,-74.43893469,-74.43893469,2
V2-C,2024-02-14,9.031932043,-24.16363924,1
V2-C,2024-02-15,-2.855881941,-2.855881941,2
V2-C,2024-02-16,-36.15420149,-36.15420149,2
V2-C,2024-02-21,-22.92009966,-44.40902037,1
V2-C,2024-02-22,22.25927627,41.82627617,1
V2-C,2024-02-23,15.16237149,15.16237149,1
V2-C,2024-02-26,-10.07232879,6.958538132,1
V2-C,2024-02-27,-9.494185024,-9.494185024,2
V2-C,2024-02-28,0.4152591471,0.4152591471,2
V2-C,2024-02-29,-13.25737314,-16.33272031,1
V2-C,2024-03-01,45.60919524,71.12468056,1
V2-C,2024-03-04,9.487701894,5.710224022,1
V2-C,2024-03-05,4.029988578,12.48487524,1
V2-C,2024-03-06,-27.92971273,-46.86892279,1
V2-C,2024-03-07,22.14291201,29.29299694,1
V2-C,2024-03-08,-28.13971417,-46.73508986,1
V2-C,2024-03-11,-23.85602711,-23.85602711,2
V2-C,2024-03-12,22.89828296,36.16373307,1
V2-C,2024-03-13,6.985679947,6.985679947,2
V2-C,2024-03-14,18.00427766,18.00427766,2
V2-C,2024-03-15,6.818334828,6.818334828,2
V2-C,2024-03-18,-38.59315967,-60.67882008,1
V2-C,2024-03-19,-48.72115924,-78.29089788,1
V2-C,2024-03-20,-13.14067112,-13.14067112,2
V2-C,2024-03-21,19.64566591,7.055237877,1
V2-C,2024-03-22,-5.463869203,-5.463869203,2
V2-C,2024-03-25,-9.359649022,-9.359649022,2
V2-C,2024-03-26,45.66568223,45.66568223,2
V2-C,2024-03-27,-56.37096732,-56.37096732,2
V2-C,2024-03-28,1.98845114,1.98845114,2
V2-C,2024-04-01,-4.561123214,-4.561123214,2
V2-C,2024-04-02,-46.42607391,-46.42607391,2
V2-C,2024-04-03,-24.23534368,-24.23534368,2
V2-C,2024-04-04,211.3265139,211.3265139,2
V2-C,2024-04-05,53.94219852,53.94219852,2
V2-C,2024-04-08,-27.97979016,-27.97979016,2
V2-C,2024-04-09,-58.67843613,-58.67843613,2
V2-C,2024-04-10,-4.579623423,-4.579623423,2
V2-C,2024-04-11,-101.9610756,-101.9610756,2
V2-C,2024-04-12,55.89582427,55.89582427,2
V2-C,2024-04-15,175.3914327,175.3914327,2
V2-C,2024-04-16,-5.990061017,-5.990061017,2
V2-C,2024-04-17,89.13294498,89.13294498,2
V2-C,2024-04-18,4.133494082,4.133494082,2
V2-C,2024-04-19,92.18971588,92.18971588,2
V2-C,2024-04-22,-122.0013282,-122.0013282,2
V2-C,2024-04-23,13.71508984,13.71508984,2
V2-C,2024-04-24,26.79260514,26.79260514,2
V2-C,2024-04-25,76.61600758,76.61600758,2
V2-C,2024-04-26,15.48124779,15.48124779,2
V2-C,2024-04-29,-5.17635255,-5.17635255,2
V2-C,2024-04-30,132.3424539,132.3424539,2
V2-C,2024-05-01,-132.8889558,-132.8889558,2
V2-C,2024-05-02,-73.83544512,-73.83544512,2
V2-C,2024-05-03,-28.58591717,-28.58591717,2
V2-C,2024-05-06,48.81812517,48.81812517,2
V2-C,2024-05-07,-0.4168557106,-0.4168557106,2
V2-C,2024-05-08,-5.940666095,-5.940666095,2
V2-C,2024-05-09,2.31038303,2.31038303,2
V2-C,2024-05-10,-13.32121918,-13.32121918,2
V2-C,2024-05-13,3.055038217,3.055038217,2
V2-C,2024-05-14,19.71736508,19.71736508,2
V2-C,2024-05-15,72.09964638,72.09964638,2
V2-C,2024-05-16,-39.7928806,-39.7928806,2
V2-C,2024-05-17,-4.449212353,-4.449212353,2
V2-C,2024-05-20,-6.693447633,-6.693447633,2
V2-C,2024-05-21,29.03599014,29.03599014,2
V2-C,2024-05-22,-39.00274223,-39.00274223,2
V2-C,2024-05-23,84.69358009,84.69358009,2
V2-C,2024-05-24,18.85464395,18.85464395,2
V2-C,2024-05-29,-20.40910368,-20.40910368,2
V2-C,2024-05-30,30.37298344,41.64316579,1
V2-C,2024-05-31,-59.93337492,-59.93337492,2
V2-C,2024-06-03,9.201250008,9.201250008,2
V2-C,2024-06-04,-9.664521279,-9.664521279,2
V2-C,2024-06-05,13.43004697,13.43004697,2
V2-C,2024-06-06,-0.9176281173,-0.9176281173,2
V2-C,2024-06-07,-8.338148761,-8.338148761,2
V2-C,2024-06-10,38.62591005,38.62591005,2
V2-C,2024-06-11,8.498830753,8.498830753,2
V2-C,2024-06-12,-35.74021371,-35.74021371,2
V2-C,2024-06-13,-15.05058795,-15.05058795,2
V2-C,2024-06-14,-4.355751994,-4.355751994,2
V2-C,2024-06-17,-37.20662308,7.010180011,1
V2-C,2024-06-18,3.349371569,3.349371569,2
V2-C,2024-06-21,-7.412125937,-7.412125937,2
V2-C,2024-06-24,10.93228922,10.93228922,2
V2-C,2024-06-25,30.445989,30.445989,2
V2-C,2024-06-26,18.48975262,18.48975262,2
V2-C,2024-06-27,-10.56677789,-10.56677789,2
V2-C,2024-06-28,-78.37083229,-78.37083229,2
V2-C,2024-07-01,-43.12744166,-43.12744166,2
V2-C,2024-07-02,75.33402665,75.33402665,2
V2-C,2024-07-08,-12.64563723,-12.64563723,2
V2-C,2024-07-09,4.6259647,4.6259647,2
V2-C,2024-07-10,64.70890928,64.70890928,2
V2-C,2024-07-11,103.0117129,103.0117129,2
V2-C,2024-07-12,-3.85842536,-3.85842536,2
V2-C,2024-07-15,-37.83186685,-37.83186685,2
V2-C,2024-07-16,-35.4301478,-35.4301478,2
V2-C,2024-07-17,48.18898965,48.18898965,2
V2-C,2024-07-18,-3.881554998,-3.881554998,2
V2-C,2024-07-19,48.26114695,48.26114695,2
V2-C,2024-07-22,26.19975487,26.19975487,2
V2-C,2024-07-23,-41.80179772,-41.80179772,2
V2-C,2024-07-24,114.7026225,114.7026225,2
V2-C,2024-07-25,-94.18807343,-94.18807343,2
V2-C,2024-07-26,-8.734449801,-8.734449801,2
V2-C,2024-07-29,-19.18255045,-19.18255045,2
V2-C,2024-07-30,83.98216102,83.98216102,2
V2-C,2024-07-31,6.233752146,6.233752146,2
V2-C,2024-08-01,177.5011376,177.5011376,2
V2-C,2024-08-02,-30.31008979,-30.31008979,2
V2-C,2024-08-05,71.15878821,71.15878821,2
V2-C,2024-08-06,6.398661841,6.398661841,2
V2-C,2024-08-07,85.45158109,85.45158109,2
V2-C,2024-08-08,60.59110588,60.59110588,2
V2-C,2024-08-09,57.89612147,57.89612147,2
V2-C,2024-08-12,-7.105369764,-7.105369764,2
V2-C,2024-08-13,106.232308,106.232308,2
V2-C,2024-08-14,-43.675209,-43.675209,2
V2-C,2024-08-15,49.69580723,49.69580723,2
V2-C,2024-08-16,15.69559237,15.69559237,2
V2-C,2024-08-19,99.36482736,99.36482736,2
V2-C,2024-08-20,-2.90942687,-2.90942687,1
V2-C,2024-08-21,7.968103717,7.968103717,2
V2-C,2024-08-22,112.6657855,112.6657855,2
V2-C,2024-08-23,-32.12097958,-32.12097958,2
V2-C,2024-08-26,13.78972499,13.78972499,2
V2-C,2024-08-27,2.824116998,2.824116998,2
V2-C,2024-08-28,65.42154825,65.42154825,2
V2-C,2024-08-29,-85.80169512,-85.80169512,2
V2-C,2024-08-30,3.294558133,3.294558133,2
V2-C,2024-09-04,-38.76085069,-38.76085069,2
V2-C,2024-09-05,-123.6010096,-123.6010096,2
V2-C,2024-09-06,86.78680264,86.78680264,2
V2-C,2024-09-09,-9.085287505,-9.085287505,2
V2-C,2024-09-10,6.043696112,6.043696112,2
V2-C,2024-09-11,-102.3828172,-102.3828172,2
V2-C,2024-09-12,56.93803356,56.93803356,2
V2-C,2024-09-13,35.25313107,35.25313107,2
V2-C,2024-09-16,-40.0732669,-40.0732669,2
V2-C,2024-09-17,-53.98095804,-53.98095804,2
V2-C,2024-09-18,39.82345831,39.82345831,2
V2-C,2024-09-19,-20.54871802,-20.54871802,2
V2-C,2024-09-20,-20.69304845,-20.69304845,2
V2-C,2024-09-23,-9.15525466,-9.15525466,2
V2-C,2024-09-24,-76.08861384,-76.08861384,2
V2-C,2024-09-25,-8.474699659,-8.474699659,1
V2-C,2024-09-26,2.274828505,2.274828505,2
V2-C,2024-09-27,-4.740528344,-4.740528344,2
V2-C,2024-09-30,45.30905964,45.30905964,2
V2-C,2024-10-01,-40.33117917,-40.33117917,2
V2-C,2024-10-02,5.686984421,5.686984421,2
V2-C,2024-10-03,0.6156348486,0.6156348486,2
V2-C,2024-10-04,-88.25355992,-88.25355992,2
V2-C,2024-10-07,-75.00066714,-75.00066714,2
V2-C,2024-10-08,42.08930384,42.08930384,2
V2-C,2024-10-09,51.71269434,51.71269434,2
V2-C,2024-10-10,4.348418332,4.348418332,2
V2-C,2024-10-11,-9.605428158,-9.605428158,2
V2-C,2024-10-14,2.841722495,2.841722495,2
V2-C,2024-10-15,60.36604937,60.36604937,2
V2-C,2024-10-16,7.549468209,7.549468209,2
V2-C,2024-10-17,30.32942189,30.32942189,2
V2-C,2024-10-18,-13.89927457,-13.89927457,2
V2-C,2024-10-21,-37.25842594,-37.25842594,2
V2-C,2024-10-22,21.0211546,21.0211546,2
V2-C,2024-10-23,70.28873718,70.28873718,2
V2-C,2024-10-24,-13.11334356,-13.11334356,2
V2-C,2024-10-25,-66.01818731,-66.01818731,2
V2-C,2024-10-28,39.19976227,39.19976227,2
V2-C,2024-10-29,44.0862847,44.0862847,2
V2-C,2024-10-30,-64.43688288,-64.43688288,2
V2-C,2024-10-31,55.03727667,55.03727667,2
V2-C,2024-11-01,-62.99919285,-62.99919285,2
V2-C,2024-11-04,-53.18995585,-53.18995585,2
V2-C,2024-11-05,36.29867897,36.29867897,2
V2-C,2024-11-06,2.076359599,2.076359599,2
V2-C,2024-11-07,35.68563234,35.68563234,2
V2-C,2024-11-08,14.81718079,14.81718079,2
V2-C,2024-11-11,-2.11740693,-2.11740693,2
V2-C,2024-11-12,-0.3399107655,-0.3399107655,2
V2-C,2024-11-13,-46.21168792,-46.21168792,2
V2-C,2024-11-14,43.54392611,43.54392611,2
V2-C,2024-11-15,33.37580501,33.37580501,2
V2-C,2024-11-18,-4.120702532,-4.120702532,2
V2-C,2024-11-19,77.38926212,77.38926212,2
V2-C,2024-11-20,-74.04655311,-74.04655311,2
V2-C,2024-11-21,-79.46340772,-79.46340772,2
V2-C,2024-11-22,-21.62442948,-21.62442948,1
V2-C,2024-11-25,27.90502964,27.90502964,2
V2-C,2024-11-26,18.86519875,18.86519875,2
V2-C,2024-11-27,-6.176355232,-6.176355232,2
V2-C,2024-12-02,9.290364198,9.290364198,2
V2-C,2024-12-03,10.49808278,10.49808278,2
V2-C,2024-12-04,2.573931632,2.573931632,2
V2-C,2024-12-05,12.39711452,12.39711452,2
V2-C,2024-12-06,-1.255435458,-1.255435458,2
V2-C,2024-12-09,33.24582461,33.24582461,2
V2-C,2024-12-10,-23.32842882,-23.32842882,2
V2-C,2024-12-11,26.29590698,26.29590698,2
V2-C,2024-12-12,1.452843679,1.452843679,2
V2-C,2024-12-13,0.4852916331,0.4852916331,2
V2-C,2024-12-16,29.0439672,29.0439672,2
V2-C,2024-12-17,-18.00161839,-18.00161839,2
V2-C,2024-12-18,-69.95994661,-69.95994661,2
V2-C,2024-12-19,52.75550759,52.75550759,2
V2-C,2024-12-20,46.34421182,46.34421182,2
V2-C,2024-12-23,-101.1558358,-101.1558358,2
V2-C,2024-12-26,9.516205876,9.516205876,2
V2-C,2024-12-27,-61.01810912,-61.01810912,2
V2-C,2024-12-30,-61.07410502,-61.07410502,2
V2-C,2024-12-31,75.20926978,75.20926978,2
V2-C,2025-01-02,42.68949719,42.68949719,2
V2-C,2025-01-03,71.61968461,71.61968461,2
V2-C,2025-01-06,-59.94365661,-59.94365661,2
V2-C,2025-01-07,79.07676789,79.07676789,2
V2-C,2025-01-08,-37.15772845,-37.15772845,2
V2-C,2025-01-13,-7.303959128,-7.303959128,2
V2-C,2025-01-14,28.43697385,28.43697385,2
V2-C,2025-01-15,1.124801669,1.124801669,2
V2-C,2025-01-16,35.50507808,35.50507808,2
V2-C,2025-01-17,-13.80884943,-13.80884943,2
V2-C,2025-01-22,-8.639706353,-8.639706353,2
V2-C,2025-01-23,-2.202033695,-2.202033695,2
V2-C,2025-01-24,35.51888608,35.51888608,2
V2-C,2025-01-27,0,-42.68273352,0
V2-C,2025-01-28,40.47438669,40.47438669,2
V2-C,2025-01-29,6.553842502,6.553842502,2
V2-C,2025-01-30,-60.64120474,-60.64120474,2
V2-C,2025-01-31,-77.67055038,-77.67055038,2
V2-C,2025-02-03,32.30256504,32.30256504,2
V2-C,2025-02-04,20.1503379,20.1503379,2
V2-C,2025-02-05,11.29412016,11.29412016,2
V2-C,2025-02-06,6.071581399,6.071581399,2
V2-C,2025-02-07,67.84679379,67.84679379,2
V2-C,2025-02-10,-9.267340654,-9.267340654,2
V2-C,2025-02-11,-2.703208648,-2.703208648,2
V2-C,2025-02-12,23.03400961,37.58337779,1
V2-C,2025-02-13,59.53564708,59.53564708,2
V2-C,2025-02-14,8.550000049,8.550000049,2
V2-C,2025-02-19,-42.26457683,-42.26457683,2
V2-C,2025-02-20,-20.50966803,-20.50966803,2
V2-C,2025-02-21,129.5353962,129.5353962,2
V2-C,2025-02-24,29.67140616,29.67140616,2
V2-C,2025-02-25,-89.78480739,-89.78480739,2
V2-C,2025-02-26,-90.36371441,-90.36371441,2
V2-C,2025-02-27,197.0145629,197.0145629,2
V2-C,2025-02-28,-114.7741993,-114.7741993,2
