date,close_usd,oz_per_share,nav_per_share_1030,premium_pct,share_volume,total_oz,tonnes,nav_total_usd,note
2015-06-01,114.0,0.09589723,115.067086,-0.0615,8698003.0,22957967.97,714.07,27535553642.95,
2015-06-02,114.46,0.09589594,114.384672,0.0281,3417568.0,22823713.65,709.89,27212113549.07,
2015-06-03,113.64,0.09589479,114.114795,0.0136,4885074.0,22823713.65,709.89,27147909636.24,
2015-06-04,112.84,0.09589322,112.770423,0.0543,4992381.0,22823713.65,709.89,26828083635.47,
2015-06-05,112.24,0.09589172,111.675503,-0.0086,4642593.0,22785356.97,708.7,26522931945.97,
2015-06-08,112.57,0.09588891,112.458517,-0.0117,3110646.0,22785356.97,708.7,26708897848.28,
2015-06-09,112.82,0.09588806,112.898596,-0.0275,3536401.0,22689468.91,705.72,26700518039.61,
2015-06-10,113.78,0.09588748,113.962265,-0.0089,5402267.0,22641525.17,704.22,26895094641.03,
2015-06-11,113.26,0.09588599,113.00164,-0.0163,4433282.0,22641525.17,704.22,26668387129.86,
2015-06-12,113.23,0.09588513,113.412934,-0.0257,3073498.0,22633793.87,703.98,26765452364.84,
2015-06-15,113.73,0.09588195,113.274938,-0.0811,4310596.0,22566676.51,701.9,26653592995.24,
2015-06-16,113.32,0.09588083,112.923644,-0.0141,4032573.0,22566676.51,701.9,26570933434.49,
2015-06-17,113.85,0.09587978,112.946383,-0.0159,6820852.0,22566676.51,701.9,26576283853.48,
2015-06-18,115.32,0.09587925,115.232477,0.0166,6594002.0,22566676.51,701.9,27114201942.91,
2015-06-19,115.12,0.09587823,115.379867,0.0075,3321935.0,22566676.51,701.9,27148882766.25,
2015-06-22,113.64,0.09587463,113.659376,0.004,4888351.0,22681726.06,705.48,26880442376.0,
2015-06-23,112.89,0.09587338,112.938844,0.0084,3805892.0,22681726.06,705.48,26710036714.59,
2015-06-24,112.59,0.09587221,112.530012,-0.0102,3036151.0,22710487.72,706.37,26647106724.47,
2015-06-25,112.44,0.09587113,112.423283,-0.0053,2021673.0,22930991.32,713.23,26880406984.01,
2015-06-26,112.56,0.09587002,112.215857,0.0006,4390289.0,22873469.31,711.44,26763481798.11,
2015-06-29,113.07,0.09586704,112.739642,0.0467,5278911.0,22873469.31,711.44,26888404615.0,
2015-06-30,112.37,0.09586583,112.258884,-0.0159,7221958.0,22873469.31,711.44,26773743854.34,
2015-07-01,111.98,0.09586468,111.96994,-0.0028,3687157.0,22873469.31,711.44,26704830787.53,
2015-07-02,111.76,0.09586353,111.704976,0.0017,3791432.0,22815951.19,709.65,26574613793.57,
2015-07-03,,,,,,,,,US Holiday
2015-07-06,112.06,0.09585935,111.771999,0.0136,4341718.0,22815951.19,709.65,26590558648.75,
2015-07-07,110.76,0.09585791,110.835705,-0.0377,9064750.0,22815951.19,709.65,26367814159.11,
2015-07-08,111.09,0.09585695,111.050275,-0.0336,5675515.0,22806914.85,709.37,26418860524.35,
2015-07-09,111.36,0.09585595,111.600291,-0.0056,3798146.0,22749401.28,707.58,26482749151.97,
2015-07-10,111.49,0.09585485,111.124529,0.0531,3159494.0,22749401.28,707.58,26369850627.8,
2015-07-13,110.99,0.09585163,110.612782,0.0293,3827544.0,22797327.1,709.07,26303719568.36,
2015-07-14,110.74,0.09585063,110.937516,0.0124,2611230.0,22797327.1,709.07,26380941371.11,
2015-07-15,110.16,0.09584943,109.977635,0.0184,7792881.0,22797327.1,709.07,26152681492.28,
2015-07-16,109.76,0.09584833,109.68883,-0.0054,3857856.0,22758987.77,707.88,26040128124.22,
2015-07-17,108.65,0.09584708,108.575575,0.0075,13167953.0,22385184.15,696.25,25352396656.4,
2015-07-20,105.7,0.09584334,105.868556,-0.0144,15677405.0,22327678.15,694.46,24656786754.89,
2015-07-21,105.37,0.09584231,105.963263,0.0472,8366353.0,22174330.45,689.69,24509302764.3,
2015-07-22,104.8,0.09584086,104.332359,-0.0057,8455246.0,22097657.77,687.31,24048608794.45,
2015-07-23,104.33,0.09584003,105.174848,-0.0293,5752053.0,22011401.74,684.63,24148145141.29,
2015-07-24,105.35,0.09583854,103.582296,-0.0054,11445336.0,21867643.93,680.15,23627121798.44,
2015-07-27,104.86,0.09583595,105.419549,-0.0359,8212214.0,21867643.93,680.15,24046199187.1,
2015-07-28,105.02,0.09583479,105.054097,0.0032,5524125.0,21867643.93,680.15,23962839530.83,
2015-07-29,105.17,0.09583356,104.482533,0.0568,5524125.0,21867643.93,680.15,23832465868.89,
2015-07-30,104.27,0.09583242,104.217752,-0.0518,6296210.0,21867643.93,680.15,23772069329.41,
2015-07-31,104.93,0.09583173,105.261567,-0.0142,5602331.0,21628064.6,672.7,23747009589.68,
2015-08-03,104.1,0.09582834,104.634965,-0.0218,3278394.0,21628064.6,672.7,23605647995.35,
2015-08-04,104.31,0.09582724,104.513983,0.0016,2854350.0,21560985.54,670.62,23505194733.32,
2015-08-05,103.93,0.09582598,103.980769,0.0438,5032977.0,21474742.15,667.93,23291692289.99,
2015-08-06,104.39,0.09582511,104.425417,-0.0114,3894065.0,21474742.15,667.93,23391293495.25,
2015-08-07,104.65,0.09582422,104.783779,-0.008,4382901.0,21467043.9,667.69,23471566552.87,
2015-08-10,105.72,0.09582111,105.115753,0.0561,5887234.0,21467043.9,667.69,23545928723.65,
2015-08-11,106.26,0.0958202,106.192733,0.0223,4007277.0,21467043.9,667.69,23787172283.36,
2015-08-12,107.75,0.09581929,107.221785,0.046,10192821.0,21601190.91,671.87,24167790294.7,
2015-08-13,106.86,0.09581821,107.004984,-0.0016,4669830.0,21601190.91,671.87,24118923295.29,
2015-08-14,106.85,0.09581718,107.147562,-0.0042,3497579.0,21601190.91,671.87,24151060409.6,
2015-08-17,107.13,0.09581404,107.196748,0.0223,5728847.0,21601190.91,671.87,24162146935.63,
2015-08-18,107.11,0.09581285,106.491194,0.0187,3734267.0,21601190.91,671.87,24003115131.73,
2015-08-19,108.55,0.09581209,107.898785,-0.0007,6460039.0,21601190.91,671.87,24320386110.39,
2015-08-20,110.44,0.09581147,109.962822,0.0062,11259616.0,21716164.67,675.44,24917575537.21,
2015-08-21,111.13,0.0958106,110.804954,-0.0014,12873471.0,21792813.15,677.83,25197046589.86,
2015-08-24,110.53,0.09580767,111.759648,-0.0734,16642336.0,21898201.59,681.1,25537079558.0,
2015-08-25,109.16,0.09580593,108.979251,-0.0008,8759333.0,21898201.59,681.1,24901758813.0,
2015-08-26,107.67,0.09580446,107.372845,0.0143,10009495.0,21898201.59,681.1,24534695060.0,
2015-08-27,107.73,0.09580336,107.20396,-0.0372,8093182.0,21946103.27,682.59,24549706734.0,
2015-08-28,108.7,0.09580275,108.73612,-0.0432,7027704.0,21946103.27,682.59,24900571500.0,
2015-08-31,108.82,0.0957996,108.732545,0.0367,3781255.0,21946103.27,682.59,24899752860.0,
2015-09-01,109.2,0.09579877,109.430938,-0.0539,6601713.0,21946103.27,682.59,25059684784.0,
2015-09-02,108.62,0.09579758,108.993696,-0.0137,3791822.0,21946103.27,682.59,24959556481.94,
2015-09-03,107.84,0.09579621,108.058126,0.0591,3842965.0,21946103.27,682.59,24745310790.6,
2015-09-04,107.49,0.09579483,107.122565,0.008,3803657.0,21938357.2,682.35,24531067447.14,
2015-09-07,,,,,,,,,US Holiday
2015-09-08,107.52,0.09579065,107.395687,-0.0184,5829059.0,21938357.2,682.35,24593612368.51,
2015-09-09,106.13,0.0957895,106.311974,-0.0184,7827865.0,21804251.9,678.18,24196605362.62,
2015-09-10,106.38,0.09578844,106.277279,0.0114,5273401.0,21804251.9,678.18,24188708789.81,
2015-09-11,106.16,0.0957873,105.485767,0.0121,3855584.0,21804251.9,678.18,24008560601.21,
2015-09-14,106.22,0.0957842,105.822388,-0.0138,2255186.0,21804251.9,678.18,24085175533.3,
2015-09-15,105.9,0.09578317,105.931398,0.0292,2897582.0,21804251.9,678.18,24109986201.07,
2015-09-16,107.31,0.0957823,107.046304,-0.009,4889937.0,21804251.9,678.18,24363738732.93,
2015-09-17,108.41,0.09578125,107.035551,0.0486,6385252.0,21804251.9,678.18,24361291331.76,
2015-09-18,109.21,0.09578061,109.333571,0.0224,6070148.0,21804251.9,678.18,24884320669.56,
2015-09-21,108.53,0.0957773,108.539629,0.0096,3737961.0,21689319.14,674.61,24573371906.75,
2015-09-22,107.79,0.09577604,107.546911,0.03,4988387.0,21727629.56,675.8,24391639382.62,
2015-09-23,108.22,0.09577517,108.35524,-0.0143,2521235.0,21746784.59,676.4,24596639582.44,
2015-09-24,110.49,0.09577464,110.571818,-0.0098,8044515.0,21871291.63,680.27,25243545944.86,
2015-09-25,109.81,0.09577341,109.818579,-0.0502,4445099.0,21995797.06,684.14,25214345700.3,
2015-09-28,108.42,0.09576986,108.320497,0.0472,2379412.0,21995797.06,684.14,24870386070.86,
2015-09-29,107.98,0.09576884,108.419899,0.0098,3351342.0,21995797.06,684.14,24893208852.49,
2015-09-30,106.86,0.09576727,106.684741,0.0308,6434986.0,22101141.06,687.42,24612169699.11,
2015-10-01,106.73,0.09576637,107.162571,0.0303,3932397.0,22158600.88,689.2,24786702752.03,
2015-10-02,108.99,0.09576597,109.245033,-0.0327,7060946.0,22158600.88,689.2,25268376160.97,
2015-10-05,108.77,0.0957628,109.145652,0.0252,5225521.0,22151494.43,688.98,25245389339.97,
2015-10-06,109.86,0.0957618,109.886665,0.0193,5617676.0,22151494.43,688.98,25416785639.7,
2015-10-07,109.7,0.09576073,109.607736,-0.0199,5193948.0,22094037.99,687.2,25286504589.91,
2015-10-08,109.14,0.09575965,109.166002,-0.019,4123135.0,22094037.99,687.2,25184596770.63,
2015-10-09,110.87,0.0957587,110.270936,0.0088,6462176.0,22094037.99,687.2,25439504879.05,
2015-10-12,111.31,0.09575571,111.54583,0.0122,5615037.0,22094037.99,687.2,25733622989.7,
2015-10-13,111.86,0.09575467,111.573342,0.0123,4325617.0,22094037.99,687.2,25739969886.88,
2015-10-14,113.81,0.09575373,112.405308,-0.0029,8077632.0,22342997.69,694.94,26224158395.02,
2015-10-15,113.29,0.09575282,113.395282,-0.0053,12246987.0,22505777.49,700.0,26647891262.03,
2015-10-16,112.49,0.09575173,113.068431,-0.034,5659060.0,22304698.85,693.75,26333637517.3,
2015-10-19,112.02,0.0957485,112.542786,-0.0051,3590430.0,22419597.05,697.32,26346266192.84,
2015-10-20,112.73,0.09574749,112.766611,-0.0116,4276945.0,22419597.05,697.32,26398663732.77,
2015-10-21,111.73,0.09574625,111.745447,0.0041,3890841.0,22419597.05,697.32,26159609123.67,
2015-10-22,111.69,0.0957452,111.734649,0.0107,3194231.0,22419597.05,697.32,26157081291.1,
2015-10-23,111.5,0.09574403,111.18276,-0.0172,4445491.0,22362150.64,695.54,25961174494.28,
2015-10-26,111.43,0.09574102,111.672322,0.0134,2278261.0,22362150.64,695.54,26075487134.67,
2015-10-27,111.68,0.09573995,111.604063,-0.0442,2301728.0,22362150.64,695.54,26059548822.3,
2015-10-28,110.78,0.09573925,112.934024,0.0729,7678518.0,22323854.94,694.34,26324920907.51,
2015-10-29,109.72,0.09573739,109.963969,-0.0312,4721370.0,22323854.94,694.34,25632601263.74,
2015-10-30,109.3,0.09573617,109.364215,-0.0508,4848027.0,22256839.62,692.26,25416243607.87,
2015-11-02,108.59,0.09573277,108.560963,0.0007,5428122.0,22161106.85,689.28,25121006756.63,
2015-11-03,106.98,0.09573137,107.515898,0.0543,6415070.0,22065375.48,686.3,24771662883.8,
2015-11-04,105.97,0.09573003,106.710265,-0.0157,6885968.0,21866068.01,680.11,24372624498.03,
2015-11-05,105.64,0.09572894,105.904926,-0.0024,4264373.0,21598026.97,671.77,23892151372.98,
2015-11-06,104.1,0.09572778,104.237982,-0.0126,7327402.0,21511871.97,669.09,23422274512.73,
2015-11-09,104.4,0.09572465,104.301579,-0.0237,3070323.0,21416147.32,666.11,23332263144.87,
2015-11-10,104.18,0.09572358,104.061101,0.0172,3579362.0,21329996.1,663.43,23184813370.86,
2015-11-11,103.83,0.09572252,103.945082,-0.0333,3183127.0,21329996.1,663.43,23158964269.34,
2015-11-12,103.85,0.09572149,104.087549,-0.0033,6297410.0,21282135.35,661.94,23138662036.27,
2015-11-13,103.56,0.09572036,103.521574,0.0152,3174602.0,21282135.35,661.94,23012845928.42,
2015-11-16,103.71,0.09571728,103.829319,0.0087,2782395.0,21282135.35,661.94,23081257601.1,
2015-11-17,102.34,0.09571614,103.296855,0.0249,8062200.0,21282135.35,661.94,22962890786.59,
2015-11-18,102.43,0.09571488,102.199559,-0.0095,4735869.0,21282135.35,661.94,22718962039.4,
2015-11-19,103.56,0.09571412,103.620108,-0.0341,4629112.0,21282135.35,661.94,23034750000.76,
2015-11-20,103.09,0.09571306,103.537601,-0.0063,5354860.0,21243850.13,660.75,22974993596.45,
2015-11-23,102.26,0.09570966,102.457186,-0.0248,3599260.0,21081143.71,655.69,22561072399.43,
2015-11-24,102.95,0.09570876,103.020905,0.0385,2897357.0,21081143.71,655.69,22685203218.89,
2015-11-25,102.46,0.09570749,102.215602,0.0101,2658492.0,21081143.71,655.69,22507875621.34,
2015-11-26,,,,,,,,,US Holiday
2015-11-27,101.25,0.0957051,101.198571,-0.0386,4991803.0,21052432.18,654.8,22253565704.49,
2015-11-30,101.92,0.0957021,101.626062,0.0122,5461603.0,21052432.18,654.8,22347570996.79,
2015-12-01,102.28,0.09570117,101.960025,-0.0185,3609967.0,21052432.18,654.8,22421009468.38,
2015-12-02,100.69,0.09569979,101.001557,-0.0092,9436198.0,20545223.29,639.02,21674934149.72,
2015-12-03,101.76,0.09569874,101.00524,0.0278,6033160.0,20537959.87,638.8,21675724515.14,
2015-12-04,104.02,0.0956978,103.281853,0.0058,9653520.0,20537959.87,638.8,22164285724.72,
2015-12-07,102.67,0.09569464,102.948294,0.0183,3758075.0,20403987.37,634.63,21948576236.41,
2015-12-08,102.84,0.09569356,102.59307,0.0075,3220755.0,20403987.37,634.63,21872842433.06,
2015-12-09,102.64,0.0956926,103.4437,-0.0096,5827623.0,20403987.37,634.63,22054196888.56,
2015-12-10,102.55,0.09569145,102.485545,0.0209,3578493.0,20403987.37,634.63,21849918215.31,
2015-12-11,103.11,0.09569042,102.627979,0.0081,6539824.0,20403987.37,634.63,21880285064.96,
2015-12-14,101.79,0.09568723,102.217878,0.0121,4945607.0,20403987.37,634.63,21792851687.8,
2015-12-15,101.52,0.09568608,101.57077,0.049,5629254.0,20403987.37,634.63,21654888105.01,
2015-12-16,102.75,0.09568525,102.885568,-0.0545,7960826.0,20403987.37,634.63,21935203199.75,
2015-12-17,100.5,0.09568376,100.410535,-0.0006,9643025.0,20260461.73,630.17,21256910354.98,
2015-12-18,102.04,0.09568296,101.663142,0.0122,7393958.0,20863264.38,648.91,22162565000.53,
2015-12-21,103.15,0.09568015,103.214967,-0.0023,5695173.0,20767584.23,645.94,22397647746.13,
2015-12-22,102.61,0.09567903,102.845385,-0.0014,3812947.0,20767584.23,645.94,22317448637.64,
2015-12-23,102.31,0.09567783,102.207842,-0.0213,2664718.0,20767584.23,645.94,22179101805.31,
2015-12-24,103.05,0.09567687,102.556038,0.051,1710142.0,20729313.48,644.75,22213637849.98,
2015-12-25,,,,,,,,,US Holiday
2015-12-28,102.27,0.09567269,102.551555,0.0049,3131171.0,20691044.41,643.56,22171646155.34,
2015-12-29,102.2,0.09567159,102.37817,-0.0165,2803203.0,20691044.41,643.56,22134160369.37,
2015-12-30,101.42,0.09567024,101.410459,-0.0227,3542474.0,20691044.41,643.56,21924941201.41,
2015-12-31,101.46,0.09566927,101.624681,0.0074,3302445.0,20652776.7,642.37,21930606052.86,
2016-01-01,,,,,,,,,US Holiday
2016-01-04,102.89,0.09566577,103.534283,0.0099,5786608.0,20652776.7,642.37,22342698373.25,
2016-01-05,103.18,0.09566455,103.030715,0.0107,3426252.0,20652776.7,642.37,22234028298.09,
2016-01-06,104.67,0.09566401,104.407702,0.008,8940575.0,20607670.85,640.97,22489418957.21,
2016-01-07,106.15,0.09566307,105.836836,0.0698,11219713.0,20741599.15,645.13,22945426055.88,
2016-01-08,105.68,0.09566199,105.405162,0.0326,7112550.0,20885092.13,649.59,23009946855.63,
2016-01-11,104.74,0.09565884,105.296469,-0.0007,5664248.0,20952053.32,651.68,23059926616.81,
2016-01-12,104.21,0.09565762,103.826777,0.006,5183433.0,20952053.32,651.68,22738064092.17,
2016-01-13,104.72,0.09565661,104.088736,0.0045,6818102.0,21028578.61,654.06,22878704097.8,
2016-01-14,103.02,0.09565556,104.111516,-0.0145,9621566.0,21028578.61,654.06,22883711144.51,
2016-01-15,104.08,0.0956546,104.622214,-0.0146,9751810.0,21152929.59,657.92,23131971599.71,
2016-01-18,,,,,,,,,US Holiday
2016-01-19,103.98,0.09565028,103.900118,0.0087,4263955.0,21152929.59,657.92,22972316196.34,
2016-01-20,105.37,0.09564953,105.381872,0.0577,9608925.0,21229449.21,660.3,23384237453.87,
2016-01-21,105.49,0.09564838,104.878452,0.0807,4926678.0,21286838.24,662.09,23335455567.34,
2016-01-22,105.0,0.09564733,104.853388,0.0125,4028667.0,21353791.37,664.17,23403276253.5,
2016-01-25,106.08,0.09564444,105.840136,0.0364,5416196.0,21353791.37,664.17,23623518266.64,
2016-01-26,107.28,0.09564356,106.508669,0.0017,8438066.0,21516385.43,669.23,23953799728.41,
2016-01-27,107.69,0.09564258,106.76103,-0.0065,7410780.0,21516385.43,669.23,24010555736.47,
2016-01-28,106.54,0.09564148,106.544606,0.0328,5369616.0,21516385.43,669.23,23961881987.91,
2016-01-29,106.96,0.09564037,106.332968,0.0673,7212909.0,21516385.43,669.23,23914284578.82,
2016-02-01,108.05,0.09563766,107.735829,0.0478,8799595.0,21908499.83,681.43,24671504799.86,
2016-02-02,108.09,0.09563668,107.92599,0.0359,6286562.0,22042391.18,685.59,24866148077.45,
2016-02-03,109.25,0.09563574,108.259652,0.1327,14792703.0,22185844.79,690.05,25105413328.78,
2016-02-04,110.57,0.09563541,110.588005,0.0006,13208208.0,22300607.29,693.62,25778063976.9,
2016-02-05,112.32,0.09563418,110.012785,-0.0416,13882844.0,22456245.42,698.46,25831001792.29,
2016-02-08,113.83,0.09563133,114.112084,-0.0256,26724595.0,22618818.68,703.52,26987507826.95,
2016-02-09,113.58,0.09563027,113.895649,-0.13,18053106.0,22571003.55,702.03,26879373269.9,
2016-02-10,114.46,0.09562922,113.798766,0.0263,12695948.0,22571003.55,702.03,26856508749.39,
2016-02-11,119.05,0.09562861,118.675101,0.1592,47619168.0,23020458.01,716.01,28565096829.41,
2016-02-12,118.36,0.09562755,118.554256,-0.0018,16334842.0,22857891.18,710.95,28334467150.85,
2016-02-15,,,,,,,,,US Holiday
2016-02-16,114.77,0.09562301,115.656037,-0.06,13984761.0,22857891.18,710.95,27641792736.17,
2016-02-17,115.48,0.09562198,115.702592,0.0026,10380824.0,22857891.18,710.95,27652919460.76,
2016-02-18,118.29,0.09562093,115.710891,0.0389,13577605.0,22943950.01,713.63,27759042805.85,
2016-02-19,117.58,0.09562021,117.722819,0.0493,15191128.0,23565481.38,732.96,29006902637.79,
2016-02-22,115.49,0.09561672,115.791852,0.0194,9912928.0,24186990.06,752.29,29283759353.44,
2016-02-23,117.22,0.09561586,116.780435,0.0974,8345973.0,24186990.06,752.29,29533771923.56,
2016-02-24,117.61,0.09561535,119.590901,0.0304,15463867.0,24445151.5,760.32,30567434313.61,
2016-02-25,117.92,0.09561403,118.178944,0.0071,11674521.0,24445151.5,760.32,30206538199.21,
2016-02-26,117.11,0.0956128,117.269099,0.0479,12497876.0,24512080.46,762.4,30056070041.29,
2016-02-29,118.64,0.09560985,118.068606,-0.0063,11478731.0,24990129.71,777.27,30851326851.57,
2016-03-01,117.77,0.09560884,118.220335,-0.1095,12769183.0,25276956.23,786.2,31245634441.14,
2016-03-02,118.68,0.09560786,118.477261,0.0057,7450118.0,25353442.52,788.57,31408321802.83,
2016-03-03,120.73,0.09560708,119.532746,0.0212,18203569.0,25506413.85,793.33,31879383423.38,
2016-03-04,120.54,0.09560667,122.137522,-0.0872,16230710.0,25499515.79,793.12,32574077196.06,
2016-03-07,121.14,0.09560349,121.21566,-0.0112,8862117.0,25499515.79,793.12,32328216529.02,
2016-03-08,120.58,0.09560244,121.128286,-0.0139,11401726.0,25423033.83,790.74,32208011268.61,
2016-03-09,119.58,0.09560125,119.157392,0.0544,8032959.0,25489954.71,792.82,31767360673.78,
2016-03-10,121.5,0.09560036,121.077854,0.0138,17831418.0,25681155.43,798.77,32521511691.59,
2016-03-11,119.41,0.0955993,120.909213,0.0062,9643418.0,25681155.43,798.77,32476214734.4,
2016-03-14,117.87,0.09559592,118.801827,-0.1694,13735608.0,25403927.26,790.14,31565645401.62,
2016-03-15,117.96,0.09559474,117.772718,0.0852,9936354.0,25470843.58,792.23,31374652092.24,
2016-03-16,120.59,0.09559365,117.436795,-0.0977,16588676.0,25566437.23,795.2,31402599020.66,
2016-03-17,120.13,0.09559313,121.068698,-0.0966,9379585.0,25948809.75,807.09,32858044616.34,
2016-03-18,119.8,0.09559188,119.690592,-0.1471,9451369.0,26331177.27,818.98,32962789107.19,
2016-03-21,118.96,0.09558862,118.998279,0.0683,6933959.0,26417207.03,821.66,32879224413.19,
2016-03-22,119.31,0.09558771,119.723611,0.0066,6336089.0,26417207.03,821.66,33079633656.59,
2016-03-23,116.61,0.09558601,116.385529,-0.037,14861333.0,26417207.03,821.66,32157321681.4,
2016-03-24,116.33,0.09558504,116.70933,-0.0135,6131461.0,26484116.55,823.74,32328484291.21,
2016-03-25,,,,,,,,,US Holiday
2016-03-28,116.6,0.09558086,116.704228,0.0097,3604564.0,26484116.55,823.74,32327071047.31,
2016-03-29,118.76,0.09557993,117.181,0.0254,13243615.0,26378978.63,820.47,32330237787.94,
2016-03-30,117.09,0.09557914,118.159717,-0.0308,10160672.0,26340746.98,819.28,32553002143.22,
2016-03-31,117.64,0.09557812,118.230133,-0.0308,8104650.0,26340746.98,819.28,32572401717.04,
2016-04-01,116.93,0.09557645,115.991575,0.0636,10061459.0,26302516.4,818.09,31909282359.72,
2016-04-04,116.13,0.0955735,116.575772,-0.0184,5849927.0,26226057.6,815.72,31976734251.83,
2016-04-05,117.66,0.0955728,117.674011,-0.0009,8275417.0,26217040.51,815.43,32277981145.5,
2016-04-06,116.94,0.09557171,116.731292,0.015,7111499.0,26350840.9,819.6,32182817155.16,
2016-04-07,118.61,0.09557077,118.708458,-0.0068,10395676.0,26350840.9,819.6,32727921875.75,
2016-04-08,118.43,0.09556971,118.458661,-0.0597,8561780.0,26293499.08,817.81,32587977562.63,
2016-04-11,120.03,0.09556671,119.912325,0.0112,9473964.0,26293499.08,817.81,32987880594.7,
2016-04-12,120.05,0.09556566,119.896678,-0.043,9307475.0,26207489.98,815.14,32875669080.32,
2016-04-13,118.77,0.09556453,119.049511,-0.0378,7969197.0,26045030.28,810.08,32440991859.34,
2016-04-14,117.1,0.09556335,117.910843,0.0294,12749250.0,25939910.6,806.82,32001002916.57,
2016-04-15,117.92,0.09556223,117.264409,-0.0316,7420196.0,26121478.83,812.46,32048363079.53,
2016-04-18,117.74,0.0955592,117.948719,0.0408,5694145.0,26121478.83,812.46,32235384917.16,
2016-04-19,119.58,0.09555847,119.964105,0.0021,20470089.0,25882582.66,805.03,32486279539.53,
2016-04-20,118.97,0.09555737,119.637831,0.0499,9772878.0,25882582.66,805.03,32397924678.94,
2016-04-21,119.43,0.09555628,119.373686,0.0283,13233964.0,25882582.66,805.03,32326394278.84,
2016-04-22,117.89,0.09555513,118.798919,-0.0176,8873349.0,25882582.66,805.03,32170747186.17,
2016-04-25,118.23,0.09555191,118.379263,-0.0406,4106131.0,25806141.13,802.65,31962401005.99,
2016-04-26,118.7,0.09555093,118.645586,0.0144,9673177.0,25806141.13,802.65,32034308095.59,
2016-04-27,119.04,0.09555001,119.189079,0.0061,7503503.0,25806141.13,802.65,32181051390.72,
2016-04-28,121.32,0.09554916,120.009741,0.0515,15037363.0,25853915.71,804.14,32462634945.95,
2016-04-29,123.65,0.09554878,122.842293,0.0843,17514071.0,25853915.71,804.14,33228840386.09,
2016-05-02,123.21,0.09554565,122.838266,-0.0074,11495449.0,26522735.26,824.94,34087618782.27,
2016-05-03,122.96,0.09554481,123.634986,0.0077,8280828.0,26522735.26,824.94,34308708659.04,
2016-05-04,122.21,0.09554349,122.582295,0.0095,7896304.0,26541843.96,825.54,34041103260.67,
2016-05-05,122.1,0.09554237,122.31812,0.0554,8569781.0,26667316.22,829.44,34138987320.44,
2016-05-06,123.18,0.09554136,123.152815,0.038,10726982.0,26820182.4,834.19,34568995184.42,
2016-05-09,120.65,0.09553807,120.879549,-0.0283,8557290.0,26906166.66,836.87,34039681005.41,
2016-05-10,120.98,0.09553701,120.644139,0.0458,8812135.0,26982596.27,839.25,34069904908.14,
2016-05-11,122.12,0.09553608,121.985248,0.0239,7324607.0,27068578.74,841.92,34558420613.2,
2016-05-12,121.16,0.09553506,122.213226,0.0422,7169897.0,27173667.31,845.19,34757441352.59,
2016-05-13,121.7,0.09553389,120.936347,0.0198,7666789.0,27364735.09,851.13,34636169698.65,
2016-05-16,121.8,0.09553099,122.828974,0.0019,6714337.0,27364735.09,851.13,35178218153.95,
2016-05-17,122.22,0.09552984,121.991602,0.0121,8239431.0,27517582.83,855.89,35133581446.45,
2016-05-18,120.1,0.09552874,121.59853,-0.0434,13364582.0,27517582.83,855.89,35020376616.31,
2016-05-19,119.87,0.0955273,119.050897,0.0092,12845308.0,27660873.78,860.34,34465234658.56,
2016-05-20,119.71,0.09552638,119.809187,0.0198,6996806.0,27947452.92,869.26,35044187089.98,
2016-05-23,119.37,0.0955231,119.012228,-0.0047,7837068.0,28052528.33,872.52,34941990241.97,
2016-05-24,117.3,0.09552188,118.146239,0.0115,12132811.0,27928349.89,868.66,34534145647.02,
2016-05-25,116.98,0.0955205,116.592328,0.0167,10261968.0,27928349.89,868.66,34079937498.92,
2016-05-26,116.58,0.09551953,116.901578,0.018,5677578.0,27928349.89,868.66,34170331185.73,
2016-05-27,115.63,0.09551832,116.174152,0.0089,8307777.0,27928349.89,868.66,33957704600.07,
2016-05-30,,,,,,,,,US Holiday
2016-05-31,116.04,0.09551403,115.772558,0.0004,7577008.0,27928349.89,868.66,33840318749.24,
2016-06-01,115.94,0.09551305,116.000603,0.0091,8025408.0,27995209.02,870.74,33988176636.34,
2016-06-02,115.67,0.09551195,115.798689,0.0213,4402970.0,28138476.95,875.2,34102713916.69,
2016-06-03,118.88,0.09551169,118.482254,0.0285,4402970.0,28339051.5,881.44,35141836498.3,
2016-06-06,118.92,0.09550866,118.812778,-0.0095,9420385.0,28329699.29,881.15,35239869915.76,
2016-06-07,118.82,0.09550761,118.524938,0.0032,4223846.0,28329699.29,881.15,35154496611.55,
2016-06-08,120.58,0.09550669,120.624946,0.0225,10746746.0,28329699.29,881.15,35777358982.28,
2016-06-09,121.25,0.09550565,120.70959,-0.0072,11814032.0,28530261.16,887.38,36055954564.78,
2016-06-10,121.74,0.09550469,121.81623,-0.023,13133594.0,28740371.47,893.92,36654503633.7,
2016-06-13,122.67,0.09550161,122.318459,-0.0057,12090955.0,28816772.76,896.29,36903478933.57,
2016-06-14,122.77,0.09550063,122.923633,0.0191,11372623.0,28893173.27,898.67,37184399032.77,
2016-06-15,123.68,0.09549954,122.554562,0.0522,14504170.0,28960022.94,900.75,37158543336.33,
2016-06-16,122.42,0.09549881,125.17507,-0.001,25658266.0,29017322.23,902.53,38028186212.95,
2016-06-17,123.95,0.09549753,123.258656,-0.0039,14011872.0,29189217.78,907.88,37667845243.64,
2016-06-20,123.21,0.09549426,122.404545,-0.038,10201130.0,29217866.06,908.77,37443550409.45,
2016-06-21,120.84,0.09549307,121.524484,0.0151,13773079.0,29332457.75,912.33,37320169137.36,
2016-06-22,120.9,0.0954919,120.782928,-0.0209,7470703.0,29447048.03,915.9,37237376719.23,
2016-06-23,120.06,0.09549081,120.523722,-0.0288,8947671.0,29447048.03,915.9,37157463592.63,
2016-06-24,126.01,0.09549071,125.618035,-0.0624,33457914.0,30039090.43,934.31,39506872122.74,
2016-06-27,126.68,0.09548776,126.478307,0.0383,20499496.0,30459236.57,947.38,40333932201.94,
2016-06-28,125.32,0.09548642,125.058566,0.0474,14990586.0,30459236.57,947.38,39881176674.24,
2016-06-29,125.84,0.09548562,126.184245,0.1113,11259587.0,30545173.63,950.05,40353721700.0,
2016-06-30,126.52,0.09548456,126.111232,0.0648,15876850.0,30545173.63,950.05,40330372045.86,
2016-07-01,128.41,0.09548393,127.948466,0.0542,13761434.0,30669302.74,953.91,41084252449.04,
2016-07-04,,,,,,,,,US Holiday
2016-07-05,129.47,0.09548001,128.969618,-0.0275,18241728.0,31595458.84,982.72,42663149591.65,
2016-07-06,130.23,0.09547933,130.448632,-0.0458,16694526.0,31586554.16,982.44,43152407587.44,
2016-07-07,129.74,0.09547824,129.535332,-0.0057,16148257.0,31452884.62,978.29,42668938221.48,
2016-07-08,130.52,0.09547719,129.299979,0.0581,17029651.0,31548361.81,981.26,42720713153.71,
2016-07-11,129.29,0.09547408,129.56787,0.0372,10334279.0,31548361.81,981.26,42809224338.4,
2016-07-12,127.15,0.09547291,128.162835,-0.0494,24895461.0,31032808.1,965.22,41652921322.17,
2016-07-13,128.32,0.09547187,128.194854,0.0455,6754286.0,31032808.1,965.22,41663327463.11,
2016-07-14,127.33,0.09547063,126.364924,0.0089,11746798.0,30956431.59,962.85,40967508405.32,
2016-07-15,126.84,0.09546962,126.688191,-0.011,11935489.0,30956431.59,962.85,41072311390.1,
2016-07-18,127.07,0.0954666,127.419268,-0.0505,7379542.0,31032804.87,965.22,41411262106.66,
2016-07-19,127.21,0.0954655,127.055034,-0.0084,4903732.0,31032804.87,965.22,41292886154.84,
2016-07-20,125.39,0.09546423,125.621378,-0.0239,10276078.0,31032804.87,965.22,40826947880.73,
2016-07-21,127.33,0.09546327,126.121299,0.0114,8581100.0,30965980.58,963.14,40901137220.17,
2016-07-22,126.35,0.09546222,126.081727,0.0434,6812808.0,30965980.58,963.14,40888303956.35,
2016-07-25,125.47,0.09545894,125.35191,-0.0356,12281828.0,30822792.17,958.69,40463596629.88,
2016-07-26,126.0,0.0954581,126.291064,-0.023,6991792.0,30679605.02,954.23,40577318990.16,
2016-07-27,128.03,0.09545718,126.862593,0.0342,13057222.0,30679605.02,954.23,40760951140.55,
2016-07-28,127.7,0.09545641,128.078638,0.0392,8449279.0,30679605.02,954.23,41151666354.69,
2016-07-29,128.98,0.09545537,128.101109,-0.0797,11293110.0,30803697.0,958.09,41325417865.64,
2016-08-01,129.22,0.09545243,128.827367,-0.0178,6698426.0,30994601.86,964.03,41817363399.7,
2016-08-02,130.27,0.09545173,130.17229,0.0131,7197574.0,31185505.32,969.97,42514270082.98,
2016-08-03,129.65,0.09545056,129.707769,0.0364,4662480.0,31175168.44,969.65,42362557398.32,
2016-08-04,129.87,0.09544953,130.073844,0.0308,4613116.0,31289707.88,973.21,42638206122.72,
2016-08-05,127.55,0.09544842,127.939057,0.0115,15456030.0,31518784.09,980.34,42245476552.42,
2016-08-08,127.44,0.09544527,127.591233,-0.0284,6451508.0,31308804.49,973.81,41849924366.09,
2016-08-09,127.96,0.09544425,127.990739,0.0024,6788460.0,31270626.79,972.62,41929766235.9,
2016-08-10,128.56,0.09544325,128.628873,0.0166,5838139.0,31270626.79,972.62,42138818896.84,
2016-08-11,127.67,0.09544227,129.324272,0.0166,9680534.0,31261082.57,972.32,42353699016.49,
2016-08-12,127.4,0.0954412,129.055591,0.0014,14126093.0,30879317.77,960.45,41749483697.4,
2016-08-15,127.84,0.09543793,127.829564,-0.021,4195541.0,30879317.77,960.45,41352863929.17,
2016-08-16,128.47,0.09543694,128.26725,-0.0201,8645888.0,30936579.93,962.23,41571415643.04,
2016-08-17,128.51,0.09543589,128.203804,0.0033,12031450.0,30793426.09,957.78,41358547049.19,
2016-08-18,129.12,0.09543494,128.841937,-0.0108,8713243.0,30736165.13,955.99,41487103578.78,
2016-08-19,127.97,0.09543384,128.492125,0.0252,10052614.0,30736165.13,955.99,41374464391.17,
2016-08-22,127.78,0.09543054,127.485657,0.0508,7592914.0,30812509.56,958.37,41152370186.13,
2016-08-23,127.78,0.0954296,128.066526,0.0365,7895477.0,30812509.56,958.37,41339874687.6,
2016-08-24,126.32,0.09542829,126.657197,-0.032,12392706.0,30812509.56,958.37,40884943336.7,
2016-08-25,126.23,0.09542713,126.087869,0.0212,5423123.0,30755253.28,956.59,40625511358.36,
2016-08-26,126.05,0.09542604,125.843086,-0.0395,17622333.0,30755253.28,956.59,40546642324.94,
2016-08-29,126.3,0.09542291,125.83896,0.0017,4858196.0,30755253.28,956.59,40545312941.36,
2016-08-30,125.03,0.09542185,125.780313,-0.0502,9357171.0,30717084.54,955.4,40476104748.25,
2016-08-31,124.78,0.09542059,124.929407,-0.0772,12884971.0,30325860.13,943.23,39690072751.22,
2016-09-01,125.29,0.09541955,124.951905,-0.0116,11732120.0,30154104.94,937.89,39472306940.8,
2016-09-02,126.57,0.09541891,126.401434,0.0424,10812695.0,30154104.94,937.89,39930212935.27,
2016-09-05,,,,,,,,,US Holiday
2016-09-06,128.71,0.0954151,127.593848,0.0002,13620009.0,30612097.42,952.14,40919347161.98,
2016-09-07,128.27,0.09541438,128.651982,-0.0367,6488409.0,30601670.14,951.81,41258690523.7,
2016-09-08,127.59,0.09541331,128.178244,-0.0419,9831780.0,30563504.82,950.62,41055491701.1,
2016-09-09,126.71,0.09541219,126.979317,-0.0529,11146040.0,30220020.93,939.94,40214349686.8,
2016-09-12,126.58,0.09540901,126.378775,-0.0103,11028770.0,30220020.93,939.94,40024158131.33,
2016-09-13,125.75,0.09540796,126.286745,-0.0213,8674113.0,30076908.99,935.49,39805581883.33,
2016-09-14,126.18,0.0954069,126.104065,-0.0045,5767081.0,30076908.99,935.49,39748001347.11,
2016-09-15,125.37,0.09540573,125.057831,0.0321,12721757.0,29971962.69,932.22,39280664774.67,
2016-09-16,125.06,0.09540466,124.822684,0.0998,18588752.0,30305879.0,942.61,39643685725.92,
2016-09-19,125.32,0.09540163,125.438829,0.0384,4493821.0,30305879.0,942.61,39839372007.8,
2016-09-20,125.44,0.09540057,125.337266,0.0321,5345152.0,30181858.26,938.75,39644177330.15,
2016-09-21,127.27,0.09539972,126.50957,0.0326,13321174.0,30363117.73,944.39,40255345040.3,
2016-09-22,127.57,0.09539889,127.748653,-0.02,17556208.0,30572995.28,950.92,40930668345.66,
2016-09-23,127.65,0.09539784,127.704317,0.0546,7595144.0,30582535.07,951.22,40929233750.29,
2016-09-26,127.55,0.09539475,127.876658,0.0475,5813966.0,30582535.07,951.22,40984468894.44,
2016-09-27,126.62,0.09539343,126.587087,0.0219,6079036.0,30515759.67,949.14,40482550308.41,
2016-09-28,126.22,0.0953923,126.156312,-0.01,6562386.0,30515759.67,949.14,40344788458.47,
2016-09-29,126.07,0.09539116,125.735083,0.025,6746772.0,30515759.67,949.14,40210079656.72,
2016-09-30,125.64,0.09539021,126.153559,-0.017,10815700.0,30477603.58,947.95,40293446656.34,
2016-10-03,125.32,0.09538685,125.271544,0.0246,9342266.0,30477603.58,947.95,40011731074.7,
2016-10-04,120.97,0.09538499,122.407559,0.0231,24287494.0,30477603.58,947.95,39096974502.56,
2016-10-05,120.78,0.09538355,121.079875,-0.0268,14593755.0,30467217.51,947.63,38672911995.41,
2016-10-06,119.66,0.09538244,119.657269,-0.026,16032930.0,30467217.51,947.63,38218531616.7,
2016-10-07,119.74,0.09538141,120.061356,-0.0059,17335756.0,30829666.87,958.9,38803830168.26,
2016-10-10,120.16,0.09537828,120.128949,-0.0007,4748249.0,30829666.87,958.9,38825676436.63,
2016-10-11,119.55,0.09537719,119.550537,-0.0124,5808735.0,30829666.87,958.9,38638733509.26,
2016-10-12,119.74,0.09537617,119.840159,0.0088,4576773.0,30829666.87,958.9,38732339524.56,
2016-10-13,120.03,0.09537517,120.27286,-0.0041,6921038.0,30915504.52,961.57,38980434079.88,
2016-10-14,119.36,0.09537403,119.384436,-0.0169,6507409.0,31039490.76,965.43,38847695630.5,
2016-10-17,119.68,0.09537093,119.671444,-0.0016,4239087.0,31096713.32,967.21,39012890735.1,
2016-10-18,120.42,0.09536993,119.994451,0.0132,4576796.0,31096713.32,967.21,39118190863.17,
2016-10-19,121.11,0.09536905,121.028091,0.0354,5631526.0,31096713.32,967.21,39455157812.64,
2016-10-20,120.74,0.09536804,121.274773,0.016,6493203.0,31192081.36,970.17,39656850764.0,
2016-10-21,120.83,0.09536691,120.739273,0.0242,6557871.0,30658026.66,953.56,38805602479.16,
2016-10-24,120.56,0.09536376,120.68761,0.0053,5076600.0,30658026.66,953.56,38788997847.16,
2016-10-25,121.47,0.09536279,121.053531,0.0092,6011374.0,30762925.73,956.83,39039763749.58,
2016-10-26,120.79,0.09536177,121.157131,-0.0193,3899352.0,30305189.24,942.59,38491620545.85,
2016-10-27,121.01,0.09536063,120.750403,-0.0128,4232578.0,30305189.24,942.59,38362403077.09,
2016-10-28,121.58,0.09535974,121.392951,-0.0066,11116677.0,30305189.24,942.59,38566540452.78,
2016-10-31,121.94,0.09535658,121.293572,0.1154,7091562.0,30305189.24,942.59,38534967668.49,
2016-11-01,122.73,0.09535595,122.86138,-0.0755,12031800.0,30391009.59,945.26,39143635503.56,
2016-11-02,123.64,0.0953553,124.319472,0.0015,14953944.0,30391009.59,945.26,39608183883.24,
2016-11-03,124.3,0.09535418,124.055792,0.0696,9914073.0,30533404.85,949.69,39722664721.56,
2016-11-04,124.39,0.09535314,124.226074,-0.0296,7850504.0,30533404.85,949.69,39777188931.1,
2016-11-07,122.15,0.09534991,122.338704,-0.0732,9837551.0,30533404.85,949.69,39172853065.15,
2016-11-08,121.64,0.09534886,122.270614,-0.0449,8979548.0,30533404.85,949.69,39151050624.45,
2016-11-09,121.56,0.09534781,122.178686,-0.0195,17801092.0,30705030.9,955.03,39341536785.83,
2016-11-10,119.75,0.09534666,120.851896,-0.0157,21827252.0,30275970.93,941.68,38370476881.44,
2016-11-11,117.1,0.09534535,117.889757,0.0328,20380602.0,30047142.09,934.56,37147062368.5,
2016-11-14,116.11,0.09534195,115.706986,0.0523,20704978.0,29865992.39,928.93,36239428153.92,
2016-11-15,117.12,0.09534107,116.978728,0.0055,9090950.0,29818321.85,927.45,36579248275.53,
2016-11-16,116.77,0.09534006,117.191998,-0.0058,5247932.0,29780185.83,926.26,36599061095.28,
2016-11-17,116.17,0.09533898,116.95709,-0.071,10173642.0,29599041.77,920.63,36303480875.91,
2016-11-18,115.15,0.09533769,115.453941,-0.0309,9873107.0,29427433.93,915.29,35629086133.93,
2016-11-21,115.58,0.09533461,115.760055,0.0005,6612550.0,29217697.78,908.76,35468880781.28,
2016-11-22,115.54,0.09533353,115.568072,-0.0115,5406827.0,29093764.19,904.91,35259818832.78,
2016-11-23,113.25,0.09533193,113.0017,-0.0337,20778657.0,28664770.51,891.57,33968311079.15,
2016-11-24,,,,,,,,,US Holiday
2016-11-25,112.61,0.09532989,113.223313,-0.2524,5486912.0,28455044.75,885.04,33785836526.4,
2016-11-28,113.8,0.09532674,113.15284,-0.0139,5499180.0,28455044.75,885.04,33764807458.31,
2016-11-29,113.27,0.09532568,113.108689,-0.0339,7363635.0,28455044.75,885.04,33751632803.21,
2016-11-30,111.75,0.0953244,112.301677,-0.0279,8760912.0,28416914.99,883.86,33465899758.92,
2016-12-01,111.54,0.09532288,110.750883,-0.0339,10185442.0,27978429.74,870.22,32494309115.88,
2016-12-02,112.14,0.09532219,111.860594,0.0227,6477791.0,27978429.74,870.22,32819898148.33,
2016-12-05,111.54,0.09531868,110.779367,0.006,9499307.0,27968046.17,869.9,32502666358.44,
2016-12-06,111.43,0.09531768,111.759979,0.011,5331706.0,27968046.17,869.9,32790377883.46,
2016-12-07,111.83,0.09531666,112.249667,-0.0053,4889388.0,27767881.19,863.67,32698328100.4,
2016-12-08,111.57,0.09531558,111.619306,-0.0228,5804748.0,27672565.61,860.71,32403084445.19,
2016-12-09,110.4,0.09531448,110.907926,-0.015,10318938.0,27567719.68,857.45,32074572266.61,
2016-12-12,110.82,0.09531127,110.189357,0.0135,6006478.0,27529595.17,856.26,31822686396.24,
2016-12-13,110.45,0.09531025,110.421691,-0.0136,7571885.0,27529595.17,856.26,31889784423.48,
2016-12-14,108.83,0.09530925,110.773176,0.0952,12745378.0,27310383.89,849.44,31736515027.89,
2016-12-15,107.34,0.09530774,107.407055,-0.0208,13652806.0,27081645.32,842.33,30514344305.78,
2016-12-16,108.05,0.09530676,107.849131,-0.0315,9698260.0,26910093.15,836.99,30445809739.38,
2016-12-19,108.59,0.09530371,108.288839,0.0176,5118428.0,26624182.02,828.1,30245072832.6,
2016-12-20,107.79,0.09530247,107.281988,0.004,7130501.0,26624182.02,828.1,29963859337.62,
2016-12-21,107.85,0.09530158,108.038636,-0.0074,5105168.0,26509820.12,824.54,30045544530.63,
2016-12-22,107.59,0.09530049,107.818207,-0.0048,4916383.0,26509820.12,824.54,29984243346.31,
2016-12-23,107.93,0.09529944,107.783662,-0.0048,4781501.0,26509820.12,824.54,29974636416.49,
2016-12-26,,,,,,,,,US Holiday
2016-12-27,108.56,0.09529526,107.778937,-0.01,3623250.0,26471702.02,823.36,29930210905.8,
2016-12-28,108.86,0.09529431,108.120922,0.0128,5054025.0,26471702.02,823.36,30025179986.4,
2016-12-29,110.29,0.09529356,109.196896,0.0338,7444764.0,26471702.02,823.36,30323977898.02,
2016-12-30,109.61,0.09529288,110.453973,-0.0227,8789170.0,26433584.87,822.17,30628886626.9,
2017-01-02,,,,,,,,,US Holiday
2017-01-03,110.47,0.09528845,109.677008,-0.0059,9348809.0,26166777.21,813.87,30106338705.19,
2017-01-04,110.86,0.09528783,110.938852,0.0024,4863038.0,26166777.21,813.87,30452714771.15,
2017-01-05,112.58,0.09528718,112.124422,0.0208,8511340.0,26157754.31,813.59,30778153848.86,
2017-01-06,111.75,0.09528613,112.042196,0.0229,7070485.0,26157754.31,813.59,30755582706.53,
2017-01-09,112.67,0.09528302,112.291034,-0.0057,5656311.0,25881433.55,805.0,30498244851.12,
2017-01-10,113.15,0.09528206,113.338009,0.0191,5983438.0,25881433.55,805.0,30782603272.86,
2017-01-11,113.5,0.09528092,112.293326,-0.0156,9835838.0,25881433.55,805.0,30498867337.68,
2017-01-12,113.91,0.09528013,114.817318,-0.0734,8441763.0,25881433.55,805.0,31184383576.29,
2017-01-13,114.21,0.09527893,113.415276,0.0193,7253340.0,25976712.48,807.96,30917004200.18,
2017-01-16,,,,,,,,,US Holiday
2017-01-17,115.85,0.0952751,115.859279,0.0208,9116896.0,25976712.48,807.96,31583239549.9,
2017-01-18,114.87,0.09527403,115.734131,0.0195,6466336.0,25976712.48,807.96,31549124076.07,
2017-01-19,114.77,0.0952727,113.950914,0.0255,6417046.0,25976712.48,807.96,31063019132.35,
2017-01-20,115.05,0.09527173,114.378476,-0.0382,11677594.0,26014821.17,809.15,31225324030.99,
2017-01-23,115.79,0.09526883,115.546799,-0.0121,6343675.0,25948132.99,807.07,31463393489.66,
2017-01-24,115.27,0.09526786,115.921934,-0.0003,5758986.0,25852865.13,804.11,31449620755.37,
2017-01-25,114.32,0.09526637,113.843309,0.0061,6679537.0,25690912.3,799.07,30692156187.88,
2017-01-26,113.26,0.09526521,113.337016,0.0212,5344951.0,25690912.3,799.07,30555659492.48,
2017-01-27,113.49,0.09526405,112.873609,0.0307,6363097.0,25690912.3,799.07,30430725076.78,
2017-01-30,113.97,0.09526112,113.627467,0.0201,6873789.0,25690912.3,799.07,30633965140.05,
2017-01-31,115.55,0.0952606,115.532055,0.0139,10405241.0,25690912.3,799.07,31147442040.48,
2017-02-01,115.2,0.09525931,114.65887,0.0199,6930687.0,26033845.82,809.74,31324803353.77,
2017-02-02,115.84,0.09525876,116.401443,-0.0028,7058812.0,26081475.2,811.22,31859074946.54,
2017-02-03,116.13,0.09525753,115.756952,0.0387,8875367.0,26187146.65,814.5,31821586118.28,
2017-02-06,117.7,0.09525445,116.853395,0.0225,8432646.0,26320502.88,818.65,32286592924.91,
2017-02-07,117.46,0.09525343,117.256967,0.0228,8607440.0,26587212.48,826.95,32726419533.09,
2017-02-08,118.19,0.09525245,118.313062,0.02,9566021.0,26768192.14,832.58,33245970541.26,
2017-02-09,117.29,0.09525137,117.806891,0.0389,8116306.0,26768192.14,832.58,33103736338.28,
2017-02-10,117.6,0.09525026,116.995895,0.0346,8620601.0,26901542.5,836.72,33039640670.02,
2017-02-13,116.8,0.09524707,116.415729,-0.0045,7312570.0,27034888.4,840.87,33038783922.48,
2017-02-14,116.93,0.09524612,117.224157,-0.0072,6916816.0,27034888.4,840.87,33268215886.68,
2017-02-15,117.45,0.095245,116.617976,0.0183,7074634.0,27120608.9,843.54,33201137823.7,
2017-02-16,118.08,0.09524415,118.155135,-0.0084,6301899.0,27120608.9,843.54,33638767009.34,
2017-02-17,117.68,0.09524313,118.287203,-0.0389,6968217.0,27044414.4,841.17,33581737037.45,
2017-02-20,,,,,,,,,US Holiday
2017-02-21,117.75,0.09523881,117.448504,-0.0278,5799965.0,27044414.4,841.17,33343630330.98,
2017-02-22,117.91,0.09523783,117.775862,-0.0219,6000944.0,27044414.4,841.17,33436567128.5,
2017-02-23,118.94,0.09523699,118.846238,0.0232,7186585.0,27044414.4,841.17,33740447028.06,
2017-02-24,119.7,0.09523605,119.392677,-0.0158,9241009.0,27044414.4,841.17,33895580948.34,
2017-02-27,119.12,0.095233,119.726922,-0.033,8282320.0,27044414.4,841.17,33990473204.25,
2017-02-28,119.23,0.09523192,119.573195,0.0069,8503294.0,27044414.4,841.17,33946830117.09,
2017-03-01,119.06,0.09523053,118.123943,0.0252,8296084.0,27120598.82,843.54,33629886662.69,
2017-03-02,117.58,0.09522943,117.903553,-0.0342,10818206.0,27177736.48,845.32,33637883556.66,
2017-03-03,117.51,0.09522809,116.797254,-0.0328,10484306.0,27025371.53,840.58,33135381030.29,
2017-03-06,116.72,0.09522509,117.217318,-0.0426,4867405.0,26902866.65,836.77,33113892455.77,
2017-03-07,115.78,0.09522397,115.85424,-0.0263,6472676.0,26902866.65,836.77,32728822786.67,
2017-03-08,115.06,0.09522288,115.143504,-0.0473,6978967.0,26902866.65,836.77,32528039954.53,
2017-03-09,114.47,0.09522182,114.889882,-0.0099,6159603.0,26817167.02,834.1,32352990769.29,
2017-03-10,114.72,0.09522074,114.517224,-0.0029,7593993.0,26531504.8,825.22,31904498741.88,
2017-03-13,114.74,0.09521763,114.661067,0.0531,5054156.0,26750505.34,832.03,32208293681.21,
2017-03-14,114.12,0.09521659,114.697902,-0.0049,4599451.0,26845721.93,834.99,32333338702.81,
2017-03-15,116.25,0.09521547,114.14431,0.082,13116788.0,26988545.14,839.43,32348497342.14,
2017-03-16,116.73,0.09521482,117.052342,-0.0265,9179885.0,26912373.28,837.06,33078991985.27,
2017-03-17,116.99,0.09521378,117.074867,-0.0566,4041106.0,26817159.5,834.1,32968282631.46,
2017-03-20,117.51,0.0952107,117.337663,0.0272,3670980.0,26693385.59,830.25,32889747011.64,
2017-03-21,118.54,0.09520981,118.212497,0.0281,9468326.0,26826679.33,834.4,33300460532.36,
2017-03-22,118.83,0.09520889,118.920668,-0.0851,7238007.0,26826679.33,834.4,33499952166.57,
2017-03-23,118.67,0.09520782,118.771758,0.0876,6128137.0,26826679.33,834.4,33458004146.53,
2017-03-24,118.86,0.09520678,118.770456,0.2551,6756336.0,26769555.26,832.62,33386375208.64,
2017-03-27,119.53,0.09520386,119.723617,0.0049,8516988.0,26855238.73,835.28,33762059921.18,
2017-03-28,119.04,0.09520281,119.693736,-0.0057,6962574.0,26798117.05,833.51,33681817202.95,
2017-03-29,119.33,0.09520163,119.106757,0.002,4882207.0,26798117.05,833.51,33516641473.43,
2017-03-30,118.47,0.09520053,118.886422,-0.0224,6853616.0,26760036.84,832.32,33407084605.28,
2017-03-31,118.72,0.09519939,118.508959,-0.0219,8144023.0,26760036.84,832.32,33301017513.12,
2017-04-03,119.35,0.09519632,118.733616,0.0451,6045856.0,26902831.32,836.77,33542246496.9,
2017-04-04,119.62,0.09519557,119.722709,0.0184,4560895.0,26902831.32,836.77,33821665290.13,
2017-04-05,119.62,0.09519419,118.592919,0.0346,8035237.0,26902831.32,836.77,33502499584.35,
2017-04-06,119.18,0.09519334,119.229662,0.0059,4544231.0,26902831.32,836.77,33682379428.14,
2017-04-07,119.46,0.09519237,120.556374,-0.0181,12149824.0,26893877.75,836.49,34057175788.02,
2017-04-10,119.46,0.09518912,118.991155,0.0247,4594049.0,26950991.23,838.26,33686396046.37,
2017-04-11,121.19,0.0951881,119.261167,-0.0001,12384339.0,27084254.57,842.41,33929802002.3,
2017-04-12,122.02,0.09518725,121.297107,-0.0168,9152940.0,27084254.57,842.41,34509026864.73,
2017-04-13,122.6,0.0951863,122.233482,0.0606,9344334.0,27293664.43,848.92,35044339339.18,
2017-04-14,,,,,,,,,US Holiday
2017-04-17,122.24,0.09518212,122.228124,0.0323,8376469.0,27293664.43,848.92,35042803174.22,
2017-04-18,122.82,0.09518101,121.731753,0.0879,10900161.0,27293664.43,848.92,34900493643.85,
2017-04-19,121.73,0.09517997,121.739939,-0.0316,8388909.0,27674384.31,860.76,35389800271.74,
2017-04-20,121.96,0.09517897,122.028959,0.009,11703608.0,27464990.57,854.25,35205354679.07,
2017-04-21,122.31,0.09517792,122.003822,-0.0193,14315683.0,27607757.45,858.69,35381108419.69,
2017-04-24,121.48,0.09517457,120.814595,0.0064,11010747.0,27655344.74,860.17,35096639703.99,
2017-04-25,120.25,0.09517349,120.660954,-0.0331,10322855.0,27464997.76,854.25,34810685115.38,
2017-04-26,120.84,0.09517233,120.093202,-0.0203,9475086.0,27464997.76,854.25,34646888682.64,
2017-04-27,120.39,0.0951713,120.182324,0.0093,7533069.0,27436446.37,853.36,34636545757.34,
2017-04-28,120.77,0.09517034,120.528481,0.0333,8862164.0,27436446.37,853.36,34736308110.54,
2017-05-01,119.67,0.09516721,120.524518,0.0207,9193408.0,27436446.37,853.36,34735166107.45,
2017-05-02,119.65,0.09516589,119.476016,0.005,4880975.0,27436446.37,853.36,34432987845.47,
2017-05-03,117.98,0.09516471,118.984436,-0.0939,10674426.0,27436446.37,853.36,34291314347.35,
2017-05-04,116.79,0.09516305,116.903049,-0.0515,12386047.0,27427214.63,853.08,33691458768.74,
2017-05-05,117.01,0.09516201,116.863702,-0.0141,6445609.0,27427214.63,853.08,33680118781.65,
2017-05-08,116.75,0.09515889,117.0264,-0.004,5300669.0,27389151.08,851.89,33680198040.63,
2017-05-09,116.05,0.09515778,116.130555,0.0343,5829830.0,27389151.08,851.89,33422373743.92,
2017-05-10,116.04,0.09515676,116.371956,-0.0027,3999035.0,27389151.08,851.89,33491849041.18,
2017-05-11,116.5,0.09515572,116.389714,-0.0246,5759125.0,27389151.08,851.89,33496959777.4,
2017-05-12,116.83,0.09515475,117.159286,-0.0733,5297805.0,27389151.08,851.89,33718442379.9,
2017-05-15,117.14,0.09515165,117.350525,0.0331,4328531.0,27389151.08,851.89,33773480984.9,
2017-05-16,117.65,0.09515061,117.434888,-0.0153,4451385.0,27389151.08,851.89,33797760830.39,
2017-05-17,119.79,0.09514988,119.641459,-0.0348,13634192.0,27389151.08,851.89,34432811785.33,
2017-05-18,118.81,0.09514882,119.497398,-0.0616,9801492.0,27351091.55,850.71,34343552201.85,
2017-05-19,119.4,0.09514772,119.12494,-0.0326,6621393.0,27351091.55,850.71,34236507746.1,
2017-05-22,119.9,0.09514471,119.772913,-0.0333,4771177.0,27408178.37,852.48,34494598849.43,
2017-05-23,119.14,0.09514369,119.900075,0.0037,8246772.0,27246434.1,847.45,34327391328.91,
2017-05-24,119.61,0.0951425,119.170738,-0.0301,6940269.0,27246434.1,847.45,34118582201.67,
2017-05-25,119.48,0.09514154,119.588164,-0.0021,4061450.0,27246434.1,847.45,34238091295.64,
2017-05-26,120.54,0.09514067,120.357701,-0.022,6379850.0,27246434.1,847.45,34458409781.31,
2017-05-29,,,,,,,,,US Holiday
2017-05-30,120.14,0.09513644,120.128784,0.0252,4202552.0,27246434.1,847.45,34392870882.05,
2017-05-31,120.62,0.09513548,120.46055,-0.0575,9066684.0,27246434.1,847.45,34487855448.17,
2017-06-01,120.72,0.09513441,120.330755,-0.0074,7477543.0,27246434.1,847.45,34450695216.13,
2017-06-02,121.61,0.09513363,121.290617,0.0256,7005419.0,27360594.46,851.0,34871052388.79,
2017-06-05,121.73,0.09513064,121.762461,-0.0028,3874365.0,27360594.46,851.0,35006707428.88,
2017-06-06,123.1,0.09512998,123.050629,0.0444,10508124.0,27494337.43,855.16,35561631729.45,
2017-06-07,122.45,0.09512893,122.811443,0.0506,8860061.0,27808262.9,864.93,35897784703.12,
2017-06-08,121.65,0.09512778,121.10718,0.0196,7960193.0,27874852.34,867.0,35484403875.57,
2017-06-09,120.54,0.0951267,120.482719,0.0211,6995393.0,27874852.34,867.0,35301436723.43,
2017-06-12,120.36,0.09512357,120.464488,-0.0603,4830535.0,27874852.34,867.0,35296094958.94,
2017-06-13,120.48,0.09512248,120.044574,-0.0049,3656633.0,27874852.34,867.0,35173060146.22,
2017-06-14,119.82,0.09512158,121.32758,0.049,21122951.0,27484853.87,854.87,35051537990.86,
2017-06-15,119.32,0.0951203,119.333169,-0.0099,6795386.0,27446805.75,853.68,34427619217.22,
2017-06-16,119.34,0.09511927,119.412726,0.0016,5713432.0,27446805.75,853.68,34450571457.45,
2017-06-19,118.43,0.09511603,118.71907,-0.008,6594065.0,27446805.75,853.68,34250452938.54,
2017-06-20,118.18,0.09511489,118.151719,-0.0143,4356286.0,27446805.75,853.68,34086770886.63,
2017-06-21,118.52,0.09511385,118.178965,-0.0003,4518645.0,27456317.13,853.98,34106449180.34,
2017-06-22,118.92,0.09511296,118.967292,0.0158,4518645.0,27456317.13,853.98,34333960345.82,
2017-06-23,119.43,0.09511201,119.43215,-0.0014,8995459.0,27361205.12,851.02,34348686411.87,
2017-06-26,118.36,0.09510866,118.43406,0.0057,6192908.0,27446802.91,853.68,34168226345.3,
2017-06-27,118.81,0.09510771,118.841844,-0.0072,6192908.0,27446802.91,853.68,34285871858.15,
2017-06-28,118.9,0.09510664,118.693082,0.002,4185031.0,27446802.91,853.68,34242954044.28,
2017-06-29,118.32,0.09510549,118.263673,-0.0247,7621127.0,27446802.91,853.68,34119069519.47,
2017-06-30,118.02,0.09510441,118.143457,-0.0317,6785385.0,27408761.15,852.5,34037130102.89,
2017-07-03,116.09,0.09510093,116.902815,-0.1365,11902091.0,27209049.2,846.29,33434205177.89,
2017-07-04,,,,,,,,,US Holiday
2017-07-05,116.52,0.09509858,116.048796,-0.0196,7207824.0,27028361.9,840.67,32969462981.2,
2017-07-06,116.47,0.09509768,116.485149,-0.0122,7207824.0,27028361.9,840.67,33093430774.22,
2017-07-07,115.28,0.09509634,115.603867,-0.0256,11099667.0,26857188.48,835.35,32634971540.53,
2017-07-10,115.47,0.09509308,115.243306,-0.0166,4774599.0,26762195.16,832.39,32429466295.38,
2017-07-11,115.62,0.09509203,115.161206,-0.009,6472864.0,26762195.16,832.39,32406363287.38,
2017-07-12,116.03,0.09509106,115.89699,-0.0235,4550336.0,26762195.16,832.39,32613412888.68,
2017-07-13,115.82,0.09509002,115.90523,-0.0161,4088763.0,26648087.14,828.84,32476645401.14,
2017-07-14,116.77,0.09508911,116.988131,-0.0321,5295184.0,26648087.14,828.84,32780074356.86,
2017-07-17,117.29,0.09508603,117.345676,-0.0312,5144834.0,26591035.52,827.07,32809850887.2,
2017-07-18,118.11,0.09508509,117.976823,0.0153,6986344.0,26410373.85,821.45,32762163807.22,
2017-07-19,118.08,0.09508407,118.108674,-0.0014,3203364.0,26239222.52,816.12,32586183268.4,
2017-07-20,118.24,0.09508297,117.779275,0.0081,5550354.0,26239222.52,816.12,32495301833.91,
2017-07-21,119.26,0.09508209,118.714749,-0.0176,9933734.0,26163156.85,813.76,32658427435.66,
2017-07-24,119.31,0.0950791,119.376568,-0.0235,3624192.0,26030046.11,809.62,32673366647.0,
2017-07-25,118.92,0.09507804,119.265891,0.0125,6153680.0,25735304.18,800.45,32273350088.26,
2017-07-26,119.88,0.09507686,118.665432,0.0044,8527502.0,25573673.52,795.42,31909134538.91,
2017-07-27,119.79,0.09507611,119.90048,0.0034,6358661.0,25459582.19,791.88,32097358383.39,
2017-07-28,120.69,0.09507515,120.26056,0.025,6708185.0,25459582.19,791.88,32193751983.6,
2017-07-31,120.75,0.09507209,120.508632,-0.0056,6708185.0,25459582.19,791.88,32260160723.91,
2017-08-01,120.65,0.09507114,120.830664,-0.0166,7026374.0,25459582.19,791.88,32346368818.72,
2017-08-02,120.4,0.09507006,120.70095,0.0446,5815477.0,25459582.19,791.88,32311644278.66,
2017-08-03,120.59,0.09506898,120.556971,-0.016,4214579.0,25459582.19,791.88,32273101223.69,
2017-08-04,119.65,0.09506764,119.56657,0.0062,8551436.0,25307473.97,787.14,31816664279.46,
2017-08-07,119.51,0.09506452,119.59117,0.0017,3005843.0,25298624.46,786.87,31823210422.59,
2017-08-08,119.86,0.0950635,119.951129,0.0235,6942123.0,25298624.46,786.87,31918995394.48,
2017-08-09,121.31,0.09506252,120.82922,-0.0194,9168567.0,25298624.46,786.87,32152655308.99,
2017-08-10,122.21,0.09506158,122.097091,0.0465,9466404.0,25298624.46,786.87,32490035886.42,
2017-08-11,122.79,0.09506055,122.257373,-0.0106,7890091.0,25298624.46,786.87,32532687021.49,
2017-08-14,121.92,0.09505738,121.892085,0.0135,5909068.0,25431704.79,791.01,32606132655.74,
2017-08-15,120.98,0.09505621,120.7499,-0.0228,6411580.0,25431704.79,791.01,32300598215.22,
2017-08-16,121.87,0.0950552,120.9815,-0.0521,8232087.0,25574287.59,795.44,32544023488.67,
2017-08-17,122.49,0.09505431,122.15905,-0.0165,8105811.0,25574287.59,795.44,32860784532.66,
2017-08-18,122.3,0.09505341,123.170214,-0.0603,13473464.0,25697857.02,799.29,33292908863.75,
2017-08-21,122.76,0.09505024,122.89046,0.0296,5405249.0,25697857.02,799.29,33217291345.69,
2017-08-22,122.21,0.09504906,122.061999,-0.0193,6410462.0,25697857.02,799.29,32993358414.58,
2017-08-23,122.67,0.09504806,122.293585,0.0275,4529867.0,25697857.02,799.29,33055955903.26,
2017-08-24,122.29,0.09504706,122.51566,0.0047,3308327.0,25697857.02,799.29,33115982948.41,
2017-08-25,122.74,0.09504595,122.162556,0.0209,12319502.0,25887948.92,805.2,33264864123.6,
2017-08-28,124.69,0.09504282,122.15854,0.0019,10865249.0,26182581.67,814.36,33642461959.51,
2017-08-29,124.42,0.0950425,125.327788,0.0301,9782030.0,26249111.42,816.43,34603002259.17,
2017-08-30,124.36,0.09504123,124.361454,0.0248,6305092.0,26249111.42,816.43,34336197487.09,
2017-08-31,125.82,0.09504027,124.669069,0.0578,11745355.0,26249111.42,816.43,34421129877.19,
2017-09-01,126.06,0.09503943,125.490058,0.0371,11551128.0,26724308.57,831.21,35275255301.66,
2017-09-04,,,,,,,,,US Holiday
2017-09-05,127.46,0.09503564,126.924846,0.0057,11403237.0,27009415.49,840.08,36059348679.91,
2017-09-06,126.81,0.09503466,127.142114,0.0191,10053594.0,26914380.83,837.12,35993932363.92,
2017-09-07,128.13,0.09503376,127.677861,-0.0239,10147201.0,26906087.55,836.87,36145602495.05,
2017-09-08,127.97,0.09503274,127.937822,-0.0079,8705691.0,26830061.35,834.5,36116847047.76,
2017-09-11,126.19,0.09502952,126.788385,0.0221,9106756.0,26868073.16,835.68,35843076315.55,
2017-09-12,126.56,0.09502841,126.055188,0.0152,8347571.0,26963101.57,838.64,35761856804.45,
2017-09-13,125.61,0.09502738,126.153598,-0.0118,8460446.0,26963101.57,838.64,35789775840.08,
2017-09-14,126.16,0.09502631,125.867096,-0.0281,4980433.0,26963101.57,838.64,35708495205.11,
2017-09-15,125.53,0.09502525,125.704149,-0.0093,7093275.0,26963101.57,838.64,35662267108.79,
2017-09-18,124.36,0.09502198,124.678338,-0.0046,8777423.0,27134141.14,843.96,35595665510.05,
2017-09-19,124.62,0.0950209,124.439372,-0.0053,5269957.0,27200655.77,846.03,35614548370.58,
2017-09-20,123.62,0.09501989,124.599576,-0.0054,11346983.0,27200655.77,846.03,35660398682.2,
2017-09-21,122.68,0.09501853,122.773449,-0.003,7754450.0,27400194.68,852.23,35395585245.43,
2017-09-22,123.24,0.09501754,123.02871,-0.0059,6004620.0,27523717.48,856.08,35629114387.52,
2017-09-25,124.53,0.09501439,122.882106,-0.0276,10199847.0,27523717.48,856.08,35586657908.44,
2017-09-26,123.14,0.09501348,123.522275,-0.0026,8653286.0,27732747.14,862.58,36043799978.94,
2017-09-27,121.98,0.09501207,121.857736,0.0048,6799750.0,27799255.59,864.65,35643387633.39,
2017-09-28,122.21,0.09501105,121.932431,-0.024,5828474.0,27799255.59,864.65,35665236181.67,
2017-09-29,121.58,0.09501,121.907335,-0.0301,8862581.0,27799255.59,864.65,35657895592.03,
2017-10-02,120.77,0.09500664,121.009959,-0.0284,11269202.0,27628243.63,859.33,35177595228.44,
2017-10-03,120.83,0.09500554,120.775787,0.015,3681088.0,27466734.22,854.3,34904202417.82,
2017-10-04,121.17,0.09500458,121.059582,-0.0018,6465628.0,27466734.22,854.3,34986219205.64,
2017-10-05,120.52,0.09500354,121.082015,0.0118,6130234.0,27362534.9,851.06,34871620391.59,
2017-10-06,121.09,0.09500245,119.87409,0.0042,10007277.0,27457537.35,854.02,34643611943.34,
2017-10-09,122.08,0.09499944,121.48053,0.0082,5112658.0,27600036.51,858.45,35290093946.3,
2017-10-10,122.4,0.09499849,122.681046,-0.017,13976779.0,27600036.51,858.45,35638843841.14,
2017-10-11,122.79,0.09499743,122.475435,0.0129,5581715.0,27600036.51,858.45,35579113850.28,
2017-10-12,122.89,0.0949964,122.5691,-0.0141,4171678.0,27600036.51,858.45,35606323676.23,
2017-10-13,123.82,0.09499544,123.456079,0.0109,9914595.0,27429044.71,853.13,35641770050.33,
2017-10-16,122.97,0.09499236,123.803549,0.0294,8166491.0,27429044.71,853.13,35742084632.21,
2017-10-17,122.13,0.09499109,122.039798,0.0155,6932128.0,27429044.71,853.13,35232889734.66,
2017-10-18,121.67,0.09498998,121.606175,0.0013,3652857.0,27429044.71,853.13,35107702835.05,
2017-10-19,122.39,0.09498903,122.193891,-0.0055,5428528.0,27429044.71,853.13,35277376306.66,
2017-10-20,121.61,0.09498791,121.698511,-0.0497,7400259.0,27429044.71,853.13,35134360235.84,
2017-10-23,121.8,0.09498467,121.095961,-0.0224,4731805.0,27429044.71,853.13,34960404058.28,
2017-10-24,121.33,0.09498366,121.241896,-0.0174,4459543.0,27429044.71,853.13,35002535483.95,
2017-10-25,121.35,0.09498259,121.102806,-0.0237,4280742.0,27429044.71,853.13,34962380215.54,
2017-10-26,120.33,0.09498153,120.98272,-0.0053,6385866.0,27391052.1,851.95,34879318046.48,
2017-10-27,120.9,0.09498033,120.287837,-0.0204,6576139.0,27353059.97,850.77,34630868182.75,
2017-10-30,121.13,0.09497734,120.811176,-0.0778,4962882.0,27353059.97,850.77,34781537465.3,
2017-10-31,120.67,0.09497625,120.634087,-0.0411,3895833.0,27353059.97,850.77,34730553691.39,
2017-11-01,121.11,0.09497539,121.288319,0.041,3895833.0,27315069.81,849.59,34870391799.31,
2017-11-02,121.19,0.0949744,121.491257,0.0144,5345411.0,27201100.53,846.04,34782946911.56,
2017-11-03,120.62,0.09497303,120.349829,0.0158,6291275.0,27191603.23,845.75,34444121116.94,
2017-11-06,121.65,0.09497002,120.697402,-0.0117,6951477.0,27182211.91,845.45,34543596549.28,
2017-11-07,121.21,0.09496901,121.142463,-0.0152,4032025.0,27144224.31,844.27,34622515997.56,
2017-11-08,121.63,0.09496801,121.938928,0.0197,5556212.0,27106237.1,843.09,34801369988.21,
2017-11-09,122.13,0.09496698,122.013572,0.0024,6064104.0,27106237.1,843.09,34822673355.37,
2017-11-10,121.13,0.09496593,121.964747,-0.0184,7077614.0,27106237.1,843.09,34808738767.01,
2017-11-13,121.31,0.09496275,121.357644,-0.0115,6214789.0,27115733.38,843.39,34647607428.0,
2017-11-14,121.56,0.09496167,121.038147,-0.0038,6080200.0,27115733.38,843.39,34556391016.85,
2017-11-15,121.41,0.09496072,121.758633,-0.0255,4955803.0,27115733.38,843.39,34762089631.94,
2017-11-16,121.4,0.09495965,121.548353,-0.0201,2794137.0,27115733.38,843.39,34702054717.85,
2017-11-17,122.86,0.09495867,121.960163,-0.0332,10511236.0,27115733.38,843.39,34819626568.91,
2017-11-20,121.31,0.09495557,122.131858,-0.0051,8266756.0,27115733.38,843.39,34868645383.62,
2017-11-21,121.51,0.09495449,121.855091,-0.0058,4951856.0,27115733.38,843.39,34789628496.44,
2017-11-22,122.63,0.09495351,122.200415,-0.0097,5198254.0,27115733.38,843.39,34888218582.44,
2017-11-23,,,,,,,,,US Holiday
2017-11-24,122.32,0.09495149,122.534896,-0.0243,1779204.0,27115733.38,843.39,34983712701.59,
2017-11-27,122.83,0.09494846,122.948758,0.0058,4918351.0,27077753.99,842.21,35052690979.76,
2017-11-28,122.81,0.09494735,122.657736,-0.004,5602772.0,26992301.38,839.55,34859328635.37,
2017-11-29,122.04,0.09494613,121.896589,0.0242,5990162.0,26992301.38,839.55,34643010570.76,
2017-11-30,121.1,0.094945,121.548593,0.0208,7913846.0,26992301.38,839.55,34544110100.99,
2017-12-01,121.59,0.09494385,121.100877,0.0118,13007092.0,27267638.54,848.11,34768061663.17,
2017-12-04,121.18,0.09494067,120.902196,-0.014,6943513.0,27229662.28,846.93,34662659691.22,
2017-12-05,120.32,0.09493943,120.221799,-0.038,10035595.0,27182656.95,845.47,34419501154.73,
2017-12-06,120.07,0.09493838,119.973628,-0.0111,6630529.0,27182656.95,845.47,34348449821.16,
2017-12-07,118.49,0.09493729,119.146304,0.0439,12899014.0,27097213.39,842.81,34004355206.94,
2017-12-08,118.48,0.09493623,118.731994,-0.0103,5210019.0,27097213.39,842.81,33886110969.98,
2017-12-11,118.01,0.09493308,118.395787,0.019,4472466.0,27097213.39,842.81,33790157710.75,
2017-12-12,118.15,0.09493198,117.801092,0.0221,7905387.0,27097213.39,842.81,33620431679.94,
2017-12-13,119.17,0.09493096,117.965952,-0.0121,10061423.0,27144678.87,844.29,33726465819.33,
2017-12-14,118.93,0.09493001,118.757439,-0.0057,6983808.0,27144678.87,844.29,33952751798.86,
2017-12-15,119.18,0.09492901,119.097935,-0.0143,6850090.0,26916849.25,837.2,33764264440.66,
2017-12-18,119.73,0.09492597,119.663682,-0.0076,5398861.0,26916849.25,837.2,33924653720.41,
2017-12-19,119.82,0.09492493,119.638634,0.0048,4016513.0,26878879.27,836.02,33869697350.61,
2017-12-20,120.14,0.09492395,120.036087,0.0114,5721229.0,26878879.27,836.02,33982216231.62,
2017-12-21,120.31,0.09492291,120.034772,-0.0272,6606104.0,26878879.27,836.02,33981843823.77,
2017-12-22,120.94,0.09492193,120.365759,0.0,5785836.0,26926340.24,837.5,34135729343.16,
2017-12-25,,,,,,,,,US Holiday
2017-12-26,121.77,0.09491777,120.360483,0.0082,8198524.0,26926340.24,837.5,34134233007.02,
2017-12-27,122.23,0.09491697,121.436776,-0.0184,6068188.0,26926340.24,837.5,34439469545.74,
2017-12-28,122.85,0.09491618,122.536792,-0.0317,5727019.0,26926340.24,837.5,34751434250.69,
2017-12-29,123.65,0.09491526,123.05764,-0.0156,7827276.0,26926340.24,837.5,34899146661.41,
2018-01-01,,,,,,,,,US Holiday
2018-01-02,125.15,0.09491149,124.528621,0.0145,11450080.0,26888375.64,836.32,35266505414.92,
2018-01-03,124.82,0.09491052,124.797846,0.0292,7840128.0,26888375.64,836.32,35342749963.45,
2018-01-04,125.46,0.09490947,124.758501,-0.02,7189203.0,26879537.02,836.04,35331607413.25,
2018-01-05,125.33,0.09490844,125.008652,-0.0053,5720702.0,26841573.65,834.86,35352446749.35,
2018-01-08,125.31,0.09490534,125.270297,0.0081,3547037.0,26841573.65,834.86,35426440072.45,
2018-01-09,124.73,0.09490424,124.419457,0.0081,9148658.0,26746669.41,831.91,35061402927.4,
2018-01-10,125.03,0.09490326,125.248579,-0.031,13762902.0,26651766.15,828.96,35169800908.0,
2018-01-11,125.44,0.09490225,125.560418,-0.0128,5907080.0,26651766.15,828.96,35257365349.97,
2018-01-12,126.96,0.09490124,125.914964,-0.0249,9246006.0,26651766.15,828.96,35356921995.65,
2018-01-15,,,,,,,,,US Holiday
2018-01-16,127.17,0.09489715,126.578566,0.0356,8072233.0,26651766.15,828.96,35543261384.58,
2018-01-17,126.14,0.09489613,126.748022,0.0032,10091141.0,26651766.15,828.96,35590844522.71,
2018-01-18,125.86,0.09489505,126.419184,-0.0183,6035998.0,27031346.35,840.76,36004183642.96,
2018-01-19,126.42,0.09489405,126.678808,-0.0175,8773109.0,27221134.45,846.67,36331482088.47,
2018-01-22,126.65,0.09489089,126.451599,0.005,4800403.0,27221134.45,846.67,36266318676.96,
2018-01-23,127.28,0.09488986,126.526143,0.0036,6148226.0,27306535.32,849.32,36401571432.15,
2018-01-24,128.83,0.09488917,128.451474,-0.0082,11783136.0,27306535.32,849.32,36955489103.04,
2018-01-25,127.97,0.09488816,128.568707,-0.0254,15124115.0,27306535.32,849.32,36989216906.47,
2018-01-26,128.07,0.09488708,128.396456,-0.0038,7762940.0,27268580.49,848.14,36888301739.35,
2018-01-29,127.35,0.09488377,127.509551,-0.0143,6948019.0,27221138.6,846.67,36569739190.01,
2018-01-30,126.8,0.09488275,127.607811,-0.0527,9735605.0,27183185.5,845.48,36546877183.85,
2018-01-31,127.65,0.09488171,127.62065,-0.0282,13072429.0,27050351.11,841.35,36371885201.62,
2018-02-01,128.07,0.09488059,127.268075,-0.0206,8358838.0,27050351.11,841.35,36271401403.36,
2018-02-02,126.39,0.09487929,126.298573,0.1134,16185017.0,27050351.11,841.35,35995094250.95,
2018-02-05,126.71,0.09487624,126.52696,-0.0938,13392868.0,27050351.11,841.35,36060183797.51,
2018-02-06,125.38,0.09487514,126.316767,-0.0089,17661306.0,26661696.01,829.26,35495011451.58,
2018-02-07,124.79,0.09487407,125.674939,-0.0101,8547819.0,26585796.75,826.9,35214118039.89,
2018-02-08,124.98,0.09487298,124.800662,-0.0197,7276790.0,26566822.15,826.31,34944185349.77,
2018-02-09,124.77,0.09487193,124.671206,0.0267,13790362.0,26386565.49,820.71,34671062296.83,
2018-02-12,125.37,0.09486889,125.445127,-0.0267,6965018.0,26386565.49,820.71,34886289904.59,
2018-02-13,126.08,0.09486788,125.733138,-0.0104,5267699.0,26481433.37,823.66,35092118876.61,
2018-02-14,128.23,0.09486695,126.765958,-0.0153,16392181.0,26481433.37,823.66,35380378765.89,
2018-02-15,128.38,0.09486608,128.301632,-0.0018,7263888.0,26405540.5,821.3,35706344250.98,
2018-02-16,127.96,0.09486504,128.267018,0.0006,7668446.0,26509892.05,824.54,35837804833.32,
2018-02-19,,,,,,,,,US Holiday
2018-02-20,126.24,0.0948607,127.099115,0.045,11144020.0,26614238.82,827.79,35651301885.79,
2018-02-21,125.66,0.09485952,126.210591,0.0352,7795795.0,26614238.82,827.79,35402070780.7,
2018-02-22,126.3,0.09485844,126.005215,0.0363,5299262.0,26614238.82,827.79,35344462826.42,
2018-02-23,126.14,0.0948574,125.965882,0.0218,4098786.0,26661667.52,829.26,35396412853.15,
2018-02-26,126.45,0.09485439,126.488327,-0.0153,3182044.0,26718580.15,831.03,35619112778.76,
2018-02-27,125.13,0.09485319,125.751618,0.0368,7016420.0,26718580.15,831.03,35411655705.4,
2018-02-28,125.0,0.09485198,125.000686,-0.0079,4522435.0,26718580.15,831.03,35200193162.44,
2018-03-01,124.72,0.09485072,124.041025,-0.018,8451343.0,26813430.87,833.98,35053993733.79,
2018-03-02,125.39,0.09485001,125.420172,0.0777,9757769.0,26813430.87,833.98,35443740724.15,
2018-03-05,125.18,0.09484685,125.235777,0.0232,5772733.0,26813430.87,833.98,35391630502.91,
2018-03-06,126.53,0.09484609,126.278086,0.0371,8603545.0,26813430.87,833.98,35686187156.7,
2018-03-07,125.72,0.094845,126.086942,0.0257,5035623.0,26805240.94,833.73,35632169801.14,
2018-03-08,125.42,0.09484391,125.28881,0.0135,3450780.0,26805240.94,833.73,35406617755.24,
2018-03-09,125.54,0.09484287,125.249497,0.0119,5046550.0,26805240.94,833.73,35395507758.64,
2018-03-12,125.54,0.09483974,125.107845,0.0576,2875551.0,26805240.94,833.73,35355476910.04,
2018-03-13,125.78,0.09483874,125.447938,-0.051,4781168.0,26805240.94,833.73,35451587262.63,
2018-03-14,125.7,0.0948377,125.522444,0.0405,3727244.0,26805240.94,833.73,35472642709.84,
2018-03-15,124.9,0.09483661,125.065783,0.0327,8084981.0,26947495.86,838.15,35531188891.21,
2018-03-16,124.6,0.09483547,124.24395,-0.0142,7397066.0,27013880.69,840.22,35384676988.09,
2018-03-19,124.87,0.09483239,124.458023,-0.0038,4329760.0,27355277.29,850.84,35893693816.77,
2018-03-20,124.31,0.09483133,124.323868,-0.0333,3395445.0,27345794.16,850.54,35842571105.35,
2018-03-21,126.48,0.09483045,125.304212,0.0921,12528121.0,27345794.16,850.54,36125204177.89,
2018-03-22,125.98,0.09482953,126.042675,-0.0426,5290729.0,27345794.16,850.54,36338103142.18,
2018-03-23,127.61,0.09482878,127.696441,-0.1316,11982592.0,27345794.16,850.54,36814883795.03,
2018-03-26,128.28,0.09482577,128.242377,-0.0561,6147267.0,27241485.81,847.3,36831210715.44,
2018-03-27,127.49,0.09482452,127.202354,-0.0332,6168369.0,27203556.0,846.12,36481635144.13,
2018-03-28,125.73,0.0948233,126.347301,0.0751,10027411.0,27203556.0,846.12,36236406324.46,
2018-03-29,125.79,0.09482207,125.530199,0.094,7101920.0,27203556.0,846.12,36002061195.38,
2018-03-30,,,,,,,,,US Holiday
2018-04-02,127.26,0.09481792,125.524697,0.0639,11417709.0,27402673.64,852.31,36264084925.91,
2018-04-03,126.3,0.09481712,126.433888,-0.0847,6017865.0,27402673.64,852.31,36526750295.27,
2018-04-04,126.45,0.09481618,126.797678,0.005,7081120.0,27393584.05,852.03,36631849139.45,
2018-04-05,125.8,0.09481511,125.886023,0.0108,5325949.0,27459954.63,854.09,36456592384.68,
2018-04-06,126.39,0.09481409,126.216511,-0.0082,6060532.0,27649582.81,859.99,36804734681.53,
2018-04-09,126.82,0.09481097,126.283476,0.0822,4157903.0,27649582.81,859.99,36824261635.96,
2018-04-10,127.12,0.09480998,126.945827,0.0733,5237217.0,27649582.81,859.99,37017403041.0,
2018-04-11,128.11,0.09480903,128.063302,-0.1469,12116347.0,27649582.81,859.99,37343258872.45,
2018-04-12,126.62,0.09480792,127.170598,0.0331,8125549.0,27839198.65,865.89,37337287608.13,
2018-04-13,127.45,0.0948069,127.392029,-0.0879,6783940.0,27839198.65,865.89,37402299832.24,
2018-04-16,127.63,0.09480385,127.923569,0.0315,4591972.0,27839198.65,865.89,37558359929.68,
2018-04-17,127.75,0.09480272,127.234729,0.0096,4164340.0,27839198.65,865.89,37356116352.91,
2018-04-18,127.85,0.0948018,128.119893,-0.0595,6750022.0,27839198.65,865.89,37616000625.6,
2018-04-19,127.6,0.09480072,127.848255,0.0283,8665936.0,27839198.65,865.89,37536247548.8,
2018-04-20,126.63,0.09479951,126.723247,-0.0146,9194172.0,27839198.65,865.89,37205945303.99,
2018-04-23,125.62,0.09479618,125.538583,0.0191,6875072.0,27839198.65,865.89,36858127883.41,
2018-04-24,126.23,0.09479522,125.968634,0.0719,4658435.0,28009830.04,871.2,37211134454.99,
2018-04-25,125.41,0.09479405,125.284557,-0.0402,5871668.0,28009830.04,871.2,37009058095.52,
2018-04-26,124.97,0.09479299,125.193106,0.0755,7473771.0,28009830.04,871.2,36982043469.87,
2018-04-27,125.5,0.09479197,125.267589,0.0182,5460134.0,28009830.04,871.2,37004045805.66,
2018-04-30,124.59,0.09478866,124.476473,-0.0747,5460134.0,28009830.04,871.2,36770350206.02,
2018-05-01,123.71,0.09478748,123.896713,0.0671,7534994.0,27867648.82,866.77,36413244079.79,
2018-05-02,123.65,0.09478637,123.62038,-0.0378,7479632.0,27867648.82,866.77,36332029734.61,
2018-05-03,124.28,0.09478561,124.647813,-0.0861,4855433.0,27829734.58,865.59,36584133124.96,
2018-05-04,124.54,0.09478442,124.110719,-0.0848,5867852.0,27782535.18,864.13,36376851637.92,
2018-05-07,124.57,0.0947813,124.106638,0.003,3392100.0,27782535.18,864.13,36375655699.74,
2018-05-08,124.59,0.09478025,123.839873,0.0022,5442971.0,27782535.18,864.13,36297466816.42,
2018-05-09,124.33,0.09477926,124.525726,-0.0034,4352720.0,27744623.47,862.95,36448679916.32,
2018-05-10,125.18,0.09477825,124.993559,0.008,5181235.0,27744623.47,862.95,36585614859.88,
2018-05-11,125.0,0.09477726,125.518261,-0.0146,4294388.0,27574024.41,857.64,36513262018.73,
2018-05-14,124.49,0.0947741,125.08759,-0.0241,3722413.0,27526637.36,856.17,36325436047.92,
2018-05-15,122.48,0.09477278,122.730746,-0.0229,10869445.0,27526637.36,856.17,35641008518.95,
2018-05-16,122.29,0.09477169,122.373947,-0.014,4919088.0,27526637.36,856.17,35537394173.71,
2018-05-17,122.36,0.09477063,122.206727,0.0052,7746845.0,27526637.36,856.17,35488833635.34,
2018-05-18,122.41,0.09476957,122.091643,-0.0384,6744011.0,27498206.49,855.28,35418785622.68,
2018-05-21,122.48,0.09476646,122.092368,-0.0171,4112050.0,27393963.38,852.04,35284694471.85,
2018-05-22,122.41,0.0947655,122.536533,0.0054,4538555.0,27393963.38,852.04,35413058007.18,
2018-05-23,122.54,0.09476439,122.1513,-0.0172,6948849.0,27393963.38,852.04,35301725583.02,
2018-05-24,123.59,0.09476365,123.652347,-0.0293,8814978.0,27393963.38,852.04,35735528276.06,
2018-05-25,123.21,0.09476258,123.523028,-0.0383,7881946.0,27280248.28,848.5,35549927580.91,
2018-05-28,,,,,,,,,US Holiday
2018-05-29,123.19,0.09475825,122.759311,-0.0099,8944069.0,27375006.53,851.45,35452888971.84,
2018-05-30,123.37,0.09475733,123.250862,-0.0182,4540468.0,27375006.53,851.45,35594848921.0,
2018-05-31,123.1,0.09475641,123.690274,-0.0249,7829341.0,27232871.92,847.03,35536215806.16,
2018-06-01,122.49,0.0947551,122.669949,-0.0184,8057866.0,26891753.56,836.42,34801464374.46,
2018-06-04,122.37,0.09475201,122.746486,-0.0323,4342095.0,26891753.56,836.42,34823177969.29,
2018-06-05,122.85,0.09475087,122.42286,-0.0205,6854954.0,26882300.71,836.13,34731366465.31,
2018-06-06,122.92,0.09474987,123.1843,-0.0043,4009692.0,26768600.87,832.59,34799564829.61,
2018-06-07,122.86,0.09474881,122.912898,-0.0218,4009692.0,26768600.87,832.59,34722893788.11,
2018-06-08,123.01,0.09474778,123.006306,-0.0316,3853902.0,26645428.75,828.76,34589373373.78,
2018-06-11,123.23,0.09474468,123.130182,0.011,3835275.0,26645428.75,828.76,34624207136.0,
2018-06-12,122.82,0.09474363,123.038815,0.0066,6964841.0,26645428.75,828.76,34598514812.74,
2018-06-13,123.19,0.09474257,122.800579,-0.0112,5749919.0,26645428.75,828.76,34531522809.08,
2018-06-14,123.38,0.0947416,123.424617,-0.0319,7495584.0,26645428.75,828.76,34707002283.97,
2018-06-15,121.34,0.09474036,121.76505,-0.0081,13644366.0,26645428.75,828.76,34240332040.21,
2018-06-18,121.11,0.0947372,121.410453,-0.0251,3627957.0,26645428.75,828.76,34140619337.07,
2018-06-19,120.8,0.09473608,120.897445,-0.0205,4670617.0,26645428.75,828.76,33996361454.88,
2018-06-20,120.26,0.09473501,120.711347,-0.0129,4533735.0,26645428.75,828.76,33944030875.37,
2018-06-21,120.05,0.09473384,119.947246,-0.0244,5637781.0,26512801.38,824.63,33561239383.08,
2018-06-22,120.34,0.09473285,120.230197,0.0007,4122244.0,26512801.38,824.63,33640409121.15,
2018-06-25,119.89,0.09472973,120.183604,-0.0004,9261645.0,26370706.78,820.21,33447097104.71,
2018-06-26,119.26,0.09472851,119.386342,0.0181,8660984.0,26512799.55,824.63,33404298563.52,
2018-06-27,118.58,0.09472735,118.844929,-0.0117,6261361.0,26418072.2,821.69,33133966254.46,
2018-06-28,118.22,0.09472624,118.554623,-0.0226,7548795.0,26380181.7,820.51,33005607055.05,
2018-06-29,118.65,0.09472517,118.449093,-0.0143,7998582.0,26332819.11,819.04,32917002923.51,
2018-07-02,117.46,0.09472199,118.194097,-0.0235,12020768.0,26020236.55,809.31,32456098999.55,
2018-07-03,118.65,0.09472106,118.567087,-0.0095,8899637.0,25830794.43,803.42,32321387950.58,
2018-07-04,,,,,,,,,US Holiday
2018-07-05,119.05,0.09471909,118.91982,0.0068,8899637.0,25830794.43,803.42,32417542854.08,
2018-07-06,118.86,0.09471805,118.904303,-0.0094,2944938.0,25792907.21,802.24,32365751295.02,
2018-07-09,119.15,0.09471515,119.53526,-0.0526,4062370.0,25745549.63,800.77,32477730184.14,
2018-07-10,118.93,0.09471385,118.771163,-0.0072,3752515.0,25689236.19,799.02,32210739276.58,
2018-07-11,117.64,0.09471279,118.52358,-0.0088,6968758.0,25689236.19,799.02,32143595000.06,
2018-07-12,118.13,0.0947117,118.001303,0.0118,4238867.0,25566110.98,795.19,31848551791.69,
2018-07-13,117.61,0.09471062,117.602172,0.0017,5423065.0,25566110.98,795.19,31740826277.09,
2018-07-16,117.55,0.09470749,117.541472,0.0032,3670704.0,25528227.98,794.01,31677426669.69,
2018-07-17,116.28,0.09470634,116.75398,0.0037,7931642.0,25528227.98,794.01,31465197549.57,
2018-07-18,116.31,0.09470518,115.966496,0.0065,5389981.0,25528227.98,794.01,31252970755.23,
2018-07-19,115.81,0.09470404,115.306898,0.0046,14223709.0,25660813.64,798.13,31236638682.24,
2018-07-20,116.56,0.09470318,116.366535,0.0523,7748912.0,25660813.64,798.13,31523694326.08,
2018-07-23,116.0,0.0947,116.002761,-0.0101,5900962.0,25802863.64,802.55,31599152066.29,
2018-07-24,116.04,0.09469903,116.323548,,4799827.0,25802863.64,802.55,31686534549.16,AWAITED
2018-07-25,116.68,0.09469805,116.620651,-0.0023,5472889.0,25727105.2,800.2,31674168910.35,
2018-07-26,115.77,0.09469695,116.311523,-0.021,6260390.0,25727105.2,800.2,31590209620.58,
2018-07-27,115.83,0.09469581,115.902938,-0.0262,5099189.0,25727105.2,800.2,31479238086.48,
2018-07-30,115.65,0.09469269,115.88492,-0.0066,4140962.0,25727105.2,800.2,31474344140.48,
2018-07-31,115.99,0.09469158,115.613688,0.0178,5473018.0,25727105.2,800.2,31400677769.87,
2018-08-01,115.14,0.09469049,115.427711,-0.0298,7861315.0,25622945.66,796.96,31223195869.46,
2018-08-02,114.52,0.09468936,115.090178,-0.0011,6100651.0,25622945.66,796.96,31131893237.19,
2018-08-03,114.92,0.09468834,115.169432,-0.0079,5903442.0,25556663.82,794.89,31072712731.33,
2018-08-06,114.33,0.09468502,114.535735,-0.0214,5803967.0,25357825.28,788.71,30661216179.62,
2018-08-07,114.59,0.09468407,114.790234,-0.0182,5187230.0,25319951.65,787.53,30683429451.33,
2018-08-08,114.91,0.09468294,114.523749,0.0184,3803270.0,25273123.64,786.08,30566388606.85,
2018-08-09,114.74,0.09468193,114.977007,0.0039,4251393.0,25273123.64,786.08,30687363296.76,
2018-08-10,114.69,0.0946809,114.980482,-0.0148,6713260.0,25273123.64,786.08,30688290639.22,
2018-08-13,112.96,0.09467764,113.646303,-0.0115,9123120.0,25225784.82,784.6,30275375071.83,
2018-08-14,113.07,0.09467656,113.327845,-0.0145,5944149.0,24970158.11,776.65,29884552659.59,
2018-08-15,111.19,0.09467533,111.906245,0.0508,11903516.0,24903885.38,774.59,29431342522.68,
2018-08-16,111.1,0.09467427,111.753514,-0.021,7472305.0,24866015.67,773.41,29346472804.17,
2018-08-17,112.13,0.09467321,111.562908,0.013,8076701.0,24828146.38,772.24,29251794548.39,
2018-08-20,112.69,0.0946702,112.12265,-0.0141,5137345.0,24828146.38,772.24,29398558708.15,
2018-08-21,113.02,0.09466928,112.746379,-0.0134,5034431.0,24714543.25,768.7,29426804847.69,
2018-08-22,113.27,0.09466835,113.28488,-0.0048,6214471.0,24714543.25,768.7,29567353714.86,
2018-08-23,112.2,0.09466723,112.876469,-0.0592,5493909.0,24667209.63,767.23,29404320081.88,
2018-08-24,114.16,0.0946663,113.381827,0.0376,8097401.0,24582009.96,764.58,29433922323.3,
2018-08-27,114.59,0.09466319,113.3781,-0.0003,4260099.0,24582009.96,764.58,29432954643.3,
2018-08-28,113.68,0.09466249,114.754609,-0.0159,6076776.0,24430549.98,759.87,29606689050.07,
2018-08-29,114.2,0.09466126,113.991088,-0.004,5614490.0,24430549.98,759.87,29409700821.12,
2018-08-30,113.64,0.09466004,113.336471,-0.0154,5431612.0,24364287.95,757.81,29161474049.4,
2018-08-31,113.51,0.09465914,113.822888,-0.0468,4714023.0,24279094.73,755.16,29184188584.87,
2018-09-03,,,,,,,,,US Holiday
2018-09-04,112.93,0.09465464,112.719483,-0.0017,6582307.0,24014061.73,746.91,28585661286.67,
2018-09-05,113.32,0.09465379,113.272195,0.0125,6582307.0,24014061.73,746.91,28725828740.76,
2018-09-06,113.54,0.09465303,114.071098,-0.0076,4765345.0,24014061.73,746.91,28928430535.03,
2018-09-07,113.23,0.09465179,113.478026,0.0145,3668870.0,23966735.84,745.44,28721288254.6,
2018-09-10,113.15,0.09464859,113.256504,0.0063,2254204.0,23966735.84,745.44,28665221115.09,
2018-09-11,113.22,0.0946473,112.616094,-0.0004,3756957.0,23958155.88,745.18,28503133281.66,
2018-09-12,114.17,0.09464632,113.159142,0.0161,6308372.0,23958155.88,745.18,28640578805.16,
2018-09-13,113.76,0.09464543,114.502043,0.0341,5634182.0,23872974.99,742.53,28877415183.87,
2018-09-14,113.02,0.09464431,113.757724,-0.0047,5351137.0,23872974.99,742.53,28689697919.11,
2018-09-17,113.61,0.09464119,113.749251,0.0232,4703226.0,23872974.99,742.53,28687561070.85,
2018-09-18,113.44,0.09464013,113.587086,0.0087,4734104.0,23863510.98,742.23,28635304365.5,
2018-09-19,113.88,0.09463914,113.879281,-0.0114,4135449.0,23863510.98,742.23,28708966627.26,
2018-09-20,114.27,0.09463819,114.356055,-0.0042,4369805.0,23863510.98,742.23,28829161418.21,
2018-09-21,113.49,0.09463698,113.441353,0.0127,6811127.0,23863510.98,742.23,28598565124.93,
2018-09-24,113.47,0.09463395,113.820988,0.0005,4403717.0,23863510.98,742.23,28694271068.75,
2018-09-25,113.65,0.0946329,113.739281,0.0047,2786810.0,23863510.98,742.23,28673672848.95,
2018-09-26,113.05,0.0946317,113.013902,-0.0183,8270905.0,23863510.98,742.23,28490804758.57,
2018-09-27,112.05,0.09463046,112.174942,-0.0097,7672032.0,23863510.98,742.23,28279302772.87,
2018-09-28,112.76,0.09462946,112.348829,-0.0167,5998099.0,23863510.98,742.23,28323139874.21,
2018-10-01,112.57,0.09462641,112.543917,-0.0025,3892026.0,23797272.49,740.17,28293540792.04,
2018-10-02,113.87,0.09462579,113.995684,-0.0116,10564251.0,23721571.86,737.82,28567318304.03,
2018-10-03,113.42,0.09462465,113.663131,-0.0021,6674198.0,23522860.09,731.64,28245288073.78,
2018-10-04,113.48,0.09462368,113.874867,-0.0269,6602343.0,23522860.09,731.64,28297904391.57,
2018-10-05,113.8,0.09462265,113.906749,-0.03,7294866.0,23475548.77,730.17,28248873815.32,
2018-10-08,112.54,0.09461899,112.30801,0.0413,12073326.0,23475548.77,730.17,27852386433.63,
2018-10-09,112.6,0.0946179,112.174257,-0.01,6085092.0,23475548.77,730.17,27819215793.9,
2018-10-10,112.88,0.09461697,112.461736,-0.0527,6150906.0,23759399.68,738.99,28227896056.48,
2018-10-11,115.78,0.09461653,114.064957,0.0812,26083814.0,23759399.68,738.99,28630304120.82,
2018-10-12,115.23,0.09461599,115.407849,-0.0126,13111269.0,23940897.03,744.64,29198185849.73,
2018-10-15,116.0,0.09461299,116.369251,0.0027,11336283.0,24073355.22,748.76,29604337339.36,
2018-10-16,115.8,0.09461197,116.438945,-0.046,9490920.0,24073355.22,748.76,29622067726.82,
2018-10-17,115.79,0.09461091,116.281535,0.0174,7075057.0,24073355.22,748.76,29582022500.61,
2018-10-18,115.92,0.09460979,115.707768,-0.0039,7937227.0,24073355.22,748.76,29436056111.1,
2018-10-19,116.01,0.09460882,116.16544,-0.032,7202567.0,23978746.4,745.82,29436322577.84,
2018-10-22,115.71,0.09460561,115.636441,0.0259,4967980.0,24044970.32,747.88,29383219740.85,
2018-10-23,116.39,0.09460482,116.926832,-0.0221,12233550.0,24044970.32,747.88,29711107981.02,
2018-10-24,116.66,0.09460369,116.414565,0.0027,8467753.0,24101732.54,749.64,29650789705.47,
2018-10-25,116.4,0.09460265,116.436946,-0.0123,8053581.0,24101732.54,749.64,29656490132.41,
2018-10-26,116.77,0.09460168,116.724282,0.0135,15552521.0,24101732.54,749.64,29729674608.43,
2018-10-29,116.31,0.0945985,116.431832,-0.0105,8512271.0,24272009.84,754.94,29864765027.38,
2018-10-30,115.8,0.09459733,115.919572,0.071,7153720.0,24272009.84,754.94,29733370325.54,
2018-10-31,115.15,0.09459604,114.929453,0.1951,11391589.0,24243631.03,754.06,29444925919.58,
2018-11-01,116.63,0.09459542,116.461147,0.0002,12594993.0,24461200.49,760.82,30105206402.08,
2018-11-02,116.65,0.0945944,116.549765,0.0125,8785357.0,24404443.85,759.06,30058184511.67,
2018-11-05,116.37,0.0945913,116.560128,-0.0328,6088158.0,24347689.07,757.29,29990920857.03,
2018-11-06,116.04,0.09459024,116.497343,0.0039,7256014.0,24328771.02,756.7,29951466897.03,
2018-11-07,116.03,0.09458916,116.339932,0.0413,8379271.0,24281476.44,755.23,29852826660.84,
2018-11-08,115.78,0.09458794,115.789823,0.0196,7147004.0,24281476.44,755.23,29711668486.57,
2018-11-09,114.48,0.09458648,114.582063,0.0302,14098893.0,24281476.44,755.23,29401757447.34,
2018-11-12,113.66,0.09458316,114.02473,0.0198,7240970.0,24499017.71,762.0,29521002619.93,
2018-11-13,113.7,0.094582,113.69702,-0.0154,9272970.0,24471887.69,761.15,29413419012.82,
2018-11-14,114.64,0.09458097,113.804558,0.027,13894442.0,24471887.69,761.15,29441239036.41,
2018-11-15,114.77,0.09458004,114.616824,0.0089,8822699.0,24471887.69,761.15,29651372320.43,
2018-11-16,115.62,0.09457914,115.613541,0.0069,8448713.0,24424598.12,759.68,29851416189.29,
2018-11-19,115.67,0.09457602,115.534064,-0.0582,8000605.0,24462428.53,760.86,29877108945.66,
2018-11-20,115.67,0.094575,115.66523,0.0468,9053933.0,24462428.53,760.86,29911028549.92,
2018-11-21,115.86,0.09457402,115.957206,-0.01,8112752.0,24528630.34,762.92,30067703499.35,
2018-11-22,,,,,,,,,US Holiday
2018-11-23,115.77,0.0945719,115.722907,0.0552,3725244.0,24528630.34,762.92,30006949743.68,
2018-11-26,115.64,0.09456879,115.695454,-0.0064,4015602.0,24490802.83,761.74,29953552951.19,
2018-11-27,114.95,0.0945677,115.486078,0.0469,9415396.0,24490802.83,761.74,29899345517.31,
2018-11-28,115.38,0.09456648,114.732785,-0.0369,13721399.0,24490802.83,761.74,29704318104.51,
2018-11-29,115.74,0.09456576,115.961257,-0.0241,6319764.0,24490802.83,761.74,30022369525.37,
2018-11-30,115.54,0.09456451,115.137014,-0.0404,7838647.0,24490802.83,761.74,29808972863.53,
2018-12-03,116.41,0.09456174,116.339309,0.0309,8462977.0,24377328.74,758.21,29980639996.8,
2018-12-04,117.12,0.09456098,117.283982,-0.0051,7184886.0,24377328.74,758.21,30224082057.72,
2018-12-05,,,,,,,,,US Holiday
2018-12-06,117.14,0.09455897,117.494254,0.0454,9212879.0,24377328.74,758.21,30278269179.73,
2018-12-07,118.09,0.09455796,117.563912,0.0282,9812135.0,24426177.95,759.73,30366758506.27,
2018-12-10,117.68,0.09455487,117.753904,0.0332,8116972.0,24445088.93,760.32,30439384055.55,
2018-12-11,117.54,0.09455383,117.747885,0.0086,6391120.0,24549098.14,763.56,30567350905.16,
2018-12-12,117.79,0.0945528,117.789148,0.0047,4121095.0,24549098.14,763.56,30578062893.6,
2018-12-13,117.53,0.09455173,117.504165,0.0023,4118287.0,24549098.14,763.56,30504081304.21,
2018-12-14,117.06,0.09455062,116.803104,0.0008,7488179.0,24549098.14,763.56,30322085677.5,
2018-12-17,117.87,0.09454759,117.395017,0.0142,8426002.0,24549098.14,763.56,30475746421.32,
2018-12-18,118.15,0.09454662,117.833453,0.0189,7538236.0,24813828.68,771.79,30919498162.91,
2018-12-19,117.43,0.09454571,118.654868,-0.017,13745512.0,24813828.68,771.79,31135037262.76,
2018-12-20,119.24,0.09454475,119.102746,0.0265,18299933.0,24728738.4,769.14,31145367977.48,
2018-12-21,118.72,0.09454369,118.950138,0.046,12532394.0,24842190.83,772.67,31248201282.83,
2018-12-24,120.02,0.09454063,119.239375,-0.0205,9732424.0,24889461.14,774.14,31383803588.37,
2018-12-25,,,,,,,,,US Holiday
2018-12-26,119.66,0.09453856,119.236762,-0.0276,14269491.0,25399969.37,790.02,32026994225.47,
2018-12-27,120.57,0.09453766,119.873757,0.0067,11870167.0,25324339.24,787.67,32102192156.74,
2018-12-28,121.06,0.09453686,120.91264,-0.0376,6749513.0,25324339.24,787.67,32380405030.73,
2018-12-31,121.25,0.09453381,121.159258,0.0267,8437346.0,25324339.24,787.67,32446449244.68,
2019-01-01,,,,,,,,,US Holiday
2019-01-02,121.33,0.09453177,121.274806,0.0412,12013348.0,25570121.84,795.31,32792707670.77,
2019-01-03,122.43,0.09453092,121.987428,0.0875,15399869.0,25570121.84,795.31,32985400602.88,
2019-01-04,121.44,0.09452961,120.988452,-0.0082,13269777.0,25664651.45,798.25,32836265737.76,
2019-01-07,121.86,0.09452685,122.147597,0.0065,7448525.0,25617388.03,796.78,33089784156.75,
2019-01-08,121.53,0.09452565,121.602522,0.011,7249557.0,25609233.69,796.53,32942123162.07,
2019-01-09,122.31,0.09452463,121.804435,0.0493,10313624.0,25694305.86,799.18,33106445395.94,
2019-01-10,121.59,0.09452362,122.115058,-0.0032,6670149.0,25647044.05,797.71,33129815333.36,
2019-01-11,121.8,0.09452256,121.834848,-0.014,8619482.0,25647044.05,797.71,33053794316.08,
2019-01-14,122.09,0.09451949,122.190068,0.0032,6473054.0,25647044.05,797.71,33150165327.25,
2019-01-15,121.88,0.09451847,122.344708,0.0012,7501937.0,25647044.05,797.71,33192119196.69,
2019-01-16,122.27,0.09451741,122.144848,0.0083,6716996.0,25647044.05,797.71,33137897245.18,
2019-01-17,122.11,0.09451635,121.992257,0.0147,8553765.0,25647044.05,797.71,33096499269.36,
2019-01-18,121.02,0.09451523,121.376456,-0.0242,10890312.0,26034556.49,809.76,33427076087.88,
2019-01-21,,,,,,,,,US Holiday
2019-01-22,121.45,0.09451105,121.172622,0.0277,7894091.0,26034556.49,809.76,33370940172.68,
2019-01-23,121.28,0.09450998,120.953869,-0.0004,5208625.0,26034556.49,809.76,33310695640.02,
2019-01-24,121.09,0.09450901,121.321221,0.0072,5652486.0,26034556.49,809.76,33411864248.91,
2019-01-25,122.86,0.09450817,122.284124,0.0486,10652362.0,26034556.49,809.76,33677047657.56,
2019-01-28,123.29,0.09450524,123.059997,0.0353,8514597.0,26223566.97,815.64,34136843212.88,
2019-01-29,123.98,0.09450432,123.569123,0.0171,10529481.0,26488179.07,823.87,34624068366.41,
2019-01-30,124.69,0.09450335,123.865545,0.0418,12070466.0,26488179.07,823.87,34707125774.24,
2019-01-31,124.75,0.0945026,125.050565,0.0309,10033039.0,26488179.07,823.87,35039168426.46,
2019-02-01,124.5,0.09450146,124.619074,-0.0686,12332148.0,26280275.86,817.4,34644102575.93,
2019-02-04,123.96,0.09449818,123.99579,-0.0437,6721675.0,26147978.41,813.29,34297235582.13,
2019-02-05,124.28,0.0944972,124.188223,0.0211,6267636.0,26100729.81,811.82,34288368380.19,
2019-02-06,123.44,0.09449612,124.016703,-0.0304,6593811.0,26034582.52,809.76,34154200122.94,
2019-02-07,123.74,0.09449501,123.788466,-0.0349,5934329.0,25826693.5,803.29,33819008898.21,
2019-02-08,124.21,0.09449412,124.245594,0.0127,4225971.0,25788895.85,802.12,33894198132.23,
2019-02-11,123.6,0.09449074,123.442705,-0.0481,4810579.0,25788895.85,802.12,33675170032.82,
2019-02-12,123.86,0.09448983,123.781672,-0.0164,4266549.0,25684957.04,798.89,33631480152.47,
2019-02-13,123.37,0.09448888,124.045008,-0.0225,7621603.0,25619645.09,796.85,33628601678.87,
2019-02-14,124.06,0.09448784,123.916072,0.0318,6254355.0,25619645.09,796.85,33593647004.41,
2019-02-15,124.8,0.09448686,124.396671,-0.095,10983960.0,25496812.17,793.03,33562221934.71,
2019-02-18,,,,,,,,,US Holiday
2019-02-19,126.7,0.09448296,126.054437,0.0244,14257406.0,25477915.58,792.45,33984276325.69,
2019-02-20,126.48,0.09448206,126.960272,-0.0664,8884930.0,25544053.02,794.5,34317361392.09,
2019-02-21,125.05,0.09448083,125.777611,-0.0492,8558929.0,25383435.61,789.51,33783866219.45,
2019-02-22,125.5,0.09447976,125.568329,-0.0206,5354329.0,25383435.61,789.51,33727653038.95,
2019-02-25,125.37,0.09447669,125.753204,-0.0215,4879573.0,25345644.93,788.33,33727009562.33,
2019-02-26,125.58,0.09447554,125.184816,0.0204,4986396.0,25345644.93,788.33,33574567748.24,
2019-02-27,124.69,0.09447446,124.975541,-0.0543,7942971.0,25345644.93,788.33,33518440000.0,
2019-02-28,123.99,0.09447335,124.624515,-0.066,7795571.0,25213382.24,784.22,33249820488.57,
2019-03-01,121.88,0.09447215,123.942735,-0.0259,16288360.0,24835493.64,772.46,32572150795.5,
2019-03-04,121.56,0.09446835,121.429623,-0.0404,10228143.0,24646556.94,766.59,31668845577.72,
2019-03-05,121.72,0.09446728,121.277088,0.0336,6573403.0,24646556.94,766.59,31629064462.93,
2019-03-06,121.61,0.0944663,121.469489,-0.0083,4770238.0,24646556.94,766.59,31679243031.09,
2019-03-07,121.51,0.09446525,121.416183,0.039,8829190.0,24646556.94,766.59,31665340403.55,
2019-03-08,122.84,0.09446455,122.496907,0.0266,10381904.0,24646556.94,766.59,31947193370.49,
2019-03-11,122.24,0.09446132,122.114869,0.044,6682471.0,24741018.26,769.53,31969672787.38,
2019-03-12,122.98,0.09446042,122.519892,0.0242,6286251.0,24835478.68,772.46,32198227535.23,
2019-03-13,123.84,0.09445971,123.454122,0.1451,7313958.0,24835478.68,772.46,32443743222.43,
2019-03-14,122.41,0.09445829,122.375443,-0.0219,6766834.0,24835478.68,772.46,32160266320.31,
2019-03-15,122.97,0.09445753,123.125395,-0.0346,9121313.0,24789707.41,771.04,32308103614.68,
2019-03-18,123.04,0.09445446,123.319738,-0.0776,6424640.0,25054179.9,779.27,32704394537.49,
2019-03-19,123.38,0.09445345,123.516777,-0.0175,6503301.0,25016398.52,778.09,32707242623.75,
2019-03-20,124.18,0.09445236,123.137537,0.1505,11274037.0,25016398.52,778.09,32606819690.75,
2019-03-21,123.68,0.09445141,123.693571,0.0005,7704937.0,25016398.52,778.09,32754057489.5,
2019-03-22,123.97,0.09445041,123.852817,-0.0654,5836266.0,25110848.93,781.03,32920078774.99,
2019-03-25,124.92,0.09444745,124.628137,0.0438,7248725.0,25110848.93,781.03,33126158716.27,
2019-03-26,124.3,0.09444636,124.319738,0.0293,5051949.0,25214739.93,784.26,33180938043.25,
2019-03-27,123.65,0.09444519,123.694863,-0.0477,6533818.0,25214739.93,784.26,33014158956.78,
2019-03-28,121.9,0.09444385,122.318946,0.036,11443346.0,25214739.93,784.26,32646926712.41,
2019-03-29,122.01,0.09444282,122.341224,-0.0122,6727232.0,25214739.93,784.26,32652872553.78,
2019-04-01,121.53,0.09443966,122.157705,-0.0735,12536040.0,24846425.25,772.8,32127476534.8,
2019-04-02,121.98,0.09443855,121.854056,0.006,3639848.0,24695323.57,768.1,31852650265.68,
2019-04-03,121.8,0.09443752,121.866892,-0.0355,4258017.0,24572554.8,764.29,31697578486.5,
2019-04-04,122.11,0.09443628,121.175907,-0.02,7401653.0,24516750.58,762.55,31457265775.24,
2019-04-05,121.98,0.09443526,121.675109,-0.0249,5089142.0,24488420.0,761.67,31550355858.95,
2019-04-08,122.51,0.09443222,122.761885,0.0043,4119689.0,24450647.12,760.49,31783051995.36,
2019-04-09,123.15,0.0944312,123.043858,-0.002,4615988.0,24365659.04,757.85,31745315357.2,
2019-04-10,123.53,0.09443019,123.273886,0.0097,6296265.0,24365659.04,757.85,31804662673.76,
2019-04-11,121.95,0.0944291,122.644513,-0.0081,11631194.0,24365659.04,757.85,31642284272.62,
2019-04-12,121.83,0.09442802,122.218191,-0.0594,5196687.0,24365659.04,757.85,31532293243.8,
2019-04-15,121.6,0.09442482,121.397271,-0.0259,4247505.0,24242906.77,754.03,31162679485.33,
2019-04-16,120.51,0.09442367,120.517653,-0.022,9744240.0,24186252.57,752.27,30864570823.63,
2019-04-17,120.28,0.09442263,120.469112,-0.0189,4629081.0,24205137.09,752.86,30876233410.5,
2019-04-18,120.37,0.09442159,120.453626,0.0217,3822537.0,24167368.46,751.68,30824082861.1,
2019-04-19,,,,,,,,,US Holiday
2019-04-22,120.37,0.09441745,120.448346,-0.0141,2173870.0,24167368.46,751.68,30822731690.65,
2019-04-23,120.12,0.09441631,119.8615,0.0064,4950332.0,24101277.04,749.63,30588654811.04,
2019-04-24,120.47,0.09441531,120.063232,-0.016,3808627.0,24044627.85,747.87,30568098833.3,
2019-04-25,120.57,0.09441446,120.92604,-0.0203,4799336.0,24044627.85,747.87,30787770074.25,
2019-04-26,121.37,0.0944135,121.245811,-0.0055,5283031.0,24006862.45,746.69,30820685186.16,
2019-04-29,120.83,0.09441028,120.797958,-0.0164,4167843.0,24006862.45,746.69,30706840897.46,
2019-04-30,121.2,0.09440932,121.061066,0.0032,4664080.0,24006862.45,746.69,30773722862.36,
2019-05-01,120.4,0.09440832,121.201399,-0.0383,12260752.0,24006862.45,746.69,30809395515.15,
2019-05-02,119.94,0.09440695,119.986519,-0.0265,6617002.0,23969099.67,745.52,30452578470.86,
2019-05-03,120.65,0.09440612,120.702947,-0.0243,8304908.0,23818049.88,740.82,30441283193.61,
2019-05-06,120.81,0.09440302,120.698979,-0.015,2757018.0,23780288.67,739.64,30392002802.79,
2019-05-07,121.21,0.09440206,120.947922,-0.0204,3803307.0,23789728.88,739.94,30466781606.07,
2019-05-08,120.91,0.09440115,121.324357,-0.0132,4163895.0,23789728.88,739.94,30561605596.22,
2019-05-09,121.2,0.09440014,121.408024,-0.0081,4912419.0,23789728.88,739.94,30582681195.87,
2019-05-10,121.43,0.09439914,121.501133,-0.0177,4557914.0,23574066.26,733.23,30338833018.57,
2019-05-13,122.67,0.09439612,122.299611,0.0211,10898907.0,23677901.99,736.46,30672742530.09,
2019-05-14,122.46,0.09439511,122.562615,0.0112,5315883.0,23677901.99,736.46,30738703789.47,
2019-05-15,122.39,0.09439409,122.627358,-0.0068,10283715.0,23574068.5,733.23,30620051178.16,
2019-05-16,121.51,0.09439296,121.927391,-0.0049,7102670.0,23574068.5,733.23,30445269420.86,
2019-05-17,120.65,0.09439179,120.897001,-0.0135,6497124.0,23668460.29,736.17,30308878248.08,
2019-05-20,120.64,0.09438862,120.520113,-0.0023,4267307.0,23668460.29,736.17,30214392409.15,
2019-05-21,120.36,0.0943875,119.980664,0.0021,3650957.0,23781725.29,739.69,30223129352.12,
2019-05-22,120.24,0.09438651,120.229532,0.0059,2968445.0,23753409.33,738.81,30249750160.17,
2019-05-23,121.17,0.09438565,121.158137,0.0031,6041187.0,23753409.33,738.81,30483387173.91,
2019-05-24,121.3,0.09438459,121.048239,0.016,2315235.0,23753409.33,738.81,30455736988.02,
2019-05-27,,,,,,,,,US Holiday
2019-05-28,120.83,0.09438036,120.646418,0.0212,3642875.0,23706219.15,737.34,30294315530.98,
2019-05-29,120.87,0.0943794,120.961364,0.0445,4127429.0,23819474.43,740.86,30518552131.94,
2019-05-30,121.69,0.09437835,120.893953,0.0449,7689581.0,23819474.43,740.86,30501544232.68,
2019-05-31,123.33,0.09437767,122.270989,0.0394,14503192.0,23894976.57,743.21,30946787277.06,
2019-06-03,125.11,0.09437512,124.301466,0.0235,13564853.0,24423477.24,759.65,32156789196.58,
2019-06-04,125.15,0.09437426,124.975117,-0.0323,7378441.0,24423477.24,759.65,32331062741.95,
2019-06-05,125.47,0.09437351,125.993348,0.008,7341864.0,24357415.78,757.59,32506283744.28,
2019-06-06,125.88,0.09437248,126.034451,0.0235,5514750.0,24357415.78,757.59,32516888228.03,
2019-06-07,126.59,0.09437159,126.519268,0.0182,7717984.0,24319667.15,756.42,32591363486.3,
2019-06-10,125.33,0.09436813,125.377497,-0.0322,5386306.0,24319667.15,756.42,32297243223.56,
2019-06-11,125.18,0.09436696,124.97017,-0.0086,4694050.0,24311851.99,756.18,32192315858.46,
2019-06-12,125.83,0.094366,125.728538,0.0273,5731270.0,24425091.19,759.7,32538545577.81,
2019-06-13,126.6,0.094365,126.062199,0.0293,5308881.0,24425091.19,759.7,32624897114.48,
2019-06-14,126.56,0.09436411,127.509508,0.0294,9085948.0,24566637.35,764.1,33190724877.77,
2019-06-17,126.48,0.09436089,126.566263,0.0172,4631150.0,24566637.35,764.1,32945198324.94,
2019-06-18,127.12,0.09435986,126.569595,0.0175,10120674.0,24566637.35,764.1,32946065600.08,
2019-06-19,127.89,0.09435886,126.823026,0.0822,11361574.0,24566637.35,764.1,33012033741.25,
2019-06-20,131.11,0.09435832,130.167306,0.0218,17339833.0,24566637.35,764.1,33882549715.69,
2019-06-21,131.98,0.09435754,131.831636,-0.0278,14378007.0,25689492.08,799.03,35884571277.99,
2019-06-24,133.94,0.09435457,132.634219,0.0376,17146135.0,25783846.65,801.96,36235668493.43,
2019-06-25,134.2,0.09435394,135.058232,-0.0036,24102033.0,25708363.5,799.61,36789862403.43,
2019-06-26,132.97,0.09435245,132.466125,-0.0032,11658417.0,25651752.03,797.85,36004292709.22,
2019-06-27,132.84,0.09435139,132.327827,-0.0193,8248505.0,25585706.05,795.8,35874074031.68,
2019-06-28,133.2,0.09435048,132.939824,0.0631,6657107.0,25529095.77,794.04,35960222262.16,
2019-07-01,130.62,0.09434698,131.151739,0.0088,12207623.0,25727224.42,800.2,35751964046.42,
2019-07-02,133.41,0.09434597,131.239959,-0.0264,12379797.0,25670616.84,798.44,35697268862.49,
2019-07-03,133.63,0.09434543,133.357267,-0.0919,6296676.0,25670616.84,798.44,36273176691.95,
2019-07-04,,,,,,,,,US Holiday
2019-07-05,132.14,0.09434277,131.009094,0.0249,11397195.0,25623445.46,796.97,35568968892.5,
2019-07-08,131.29,0.09433997,132.085395,-0.0597,6772397.0,25585709.47,795.8,35808350593.02,
2019-07-09,131.75,0.09433871,131.27703,0.0176,6247904.0,25530590.82,794.08,35523564238.18,
2019-07-10,133.83,0.09433779,132.855904,0.0151,13747532.0,25738133.96,800.54,36243090649.92,
2019-07-11,132.7,0.09433679,133.368639,-0.0094,7211946.0,25738133.96,800.54,36382964758.21,
2019-07-12,133.53,0.09433571,132.786944,-0.0069,6199519.0,25738133.96,800.54,36224278251.62,
2019-07-15,133.53,0.09433266,133.235444,0.0092,3523791.0,25738133.96,800.54,36346629027.3,
2019-07-16,132.4,0.09433159,132.993399,-0.0144,7825531.0,25700401.32,799.37,36227401828.88,
2019-07-17,134.58,0.09433057,133.039115,0.0625,11002599.0,25823031.07,803.18,36412805731.31,
2019-07-18,136.48,0.09432962,133.70752,-0.0096,18261456.0,26190916.58,814.62,37117207525.67,
2019-07-19,134.47,0.09432887,135.805268,0.0062,16152281.0,26379574.32,820.49,37971152817.72,
2019-07-22,134.45,0.09432559,134.673362,0.0338,7524040.0,26530495.27,825.18,37870149384.01,
2019-07-23,133.69,0.09432452,134.464324,0.0126,9195519.0,26464468.1,823.13,37717242895.09,
2019-07-24,134.37,0.09432351,134.594935,0.0161,6600640.0,26436171.05,822.25,37713500924.98,
2019-07-25,133.42,0.09432229,133.569801,-0.0079,10808615.0,26341848.76,819.32,37292688518.95,
2019-07-26,133.64,0.09432134,133.974028,-0.0073,6077318.0,26304120.22,818.14,37351958927.77,
2019-07-29,134.53,0.09431821,133.842255,0.0056,9101338.0,26521052.11,824.89,37623057947.04,
2019-07-30,134.98,0.09431732,134.487061,0.0162,9129504.0,26521052.11,824.89,37804312846.89,
2019-07-31,133.21,0.09431632,134.641259,-0.0769,18486704.0,26473893.95,823.42,37780337178.17,
2019-08-01,136.41,0.09431482,132.682095,0.1919,26571927.0,26615366.18,827.82,37429619000.92,
2019-08-02,135.89,0.09431458,135.978042,-0.0331,13194553.0,26709680.76,830.76,38495383712.87,
2019-08-05,137.79,0.09431203,138.190706,0.0249,16277540.0,26851148.8,835.16,39329074797.15,
2019-08-06,138.91,0.094311,138.189191,0.0242,9181835.0,26907735.4,836.92,39411557309.24,
2019-08-07,141.02,0.09431094,142.036988,0.058,25717146.0,27181237.13,845.42,40920856249.53,
2019-08-08,141.73,0.09430966,141.063673,-0.0514,13004283.0,27002048.77,839.85,40372423147.01,
2019-08-09,141.26,0.09430867,141.246101,0.0014,9226366.0,27002048.77,839.85,40424634127.58,
2019-08-12,142.63,0.09430576,141.901878,0.0204,13907397.0,27256674.33,847.77,40995452451.19,
2019-08-13,141.78,0.09430456,141.305947,-0.0322,29800495.0,26899425.16,836.66,40300455994.54,
2019-08-14,142.75,0.09430365,142.705002,-0.0139,20356448.0,27144614.65,844.29,41070499427.45,
2019-08-15,143.7,0.09430264,142.929797,0.0397,13402546.0,27144614.65,844.29,41135195701.01,
2019-08-16,142.78,0.0943016,142.890504,0.0555,10695559.0,27116324.17,843.41,41081020027.65,
2019-08-19,141.11,0.09429828,141.126802,0.0053,9590755.0,27116324.17,843.41,40573955529.96,
2019-08-20,142.21,0.09429735,141.875072,0.0241,7239121.0,27172902.58,845.17,40874208345.31,
2019-08-21,141.76,0.0942963,141.750906,0.0356,8041362.0,27389784.07,851.91,41164463122.39,
2019-08-22,141.4,0.09429525,141.636173,-0.0007,6701392.0,27484079.32,854.84,41272780804.56,
2019-08-23,144.17,0.09429424,141.799674,0.0184,19627285.0,27644379.53,859.83,41561484564.62,
2019-08-26,144.19,0.09429114,141.795013,-0.0106,10455119.0,27644379.53,859.83,41560118174.62,
2019-08-27,145.57,0.0942906,144.542776,0.0394,11779176.0,28078116.29,873.32,43030384319.68,
2019-08-28,145.16,0.09428964,144.937318,0.0792,10396677.0,28370414.17,882.41,43597145242.25,
2019-08-29,144.12,0.09428866,145.223392,0.0277,14546164.0,28304412.11,880.36,43581539904.37,
2019-08-30,143.75,0.09428741,144.108877,0.025,9273520.0,28238410.92,878.31,43146197681.54,
2019-09-02,,,,,,,,,US Holiday
2019-09-03,145.75,0.09428348,144.993845,0.0296,14326268.0,28615544.84,890.04,43991132588.31,
2019-09-04,146.66,0.09428262,145.770356,0.0221,11088228.0,28804110.08,895.9,44518266869.06,
2019-09-05,143.14,0.09428121,144.165404,-0.0079,20094885.0,28606481.93,889.75,43739783696.07,
2019-09-06,141.92,0.09428016,143.654684,-0.0427,13655816.0,28606481.93,889.75,43584831046.41,
2019-09-09,141.39,0.09427698,142.282824,-0.0443,10564404.0,28370789.48,882.42,42812901648.28,
2019-09-10,140.18,0.09427588,141.248839,-0.0269,11886693.0,28370789.48,882.42,42501775725.45,
2019-09-11,141.03,0.09427479,140.530722,-0.0412,6835393.0,28370789.48,882.42,42285694315.43,
2019-09-12,141.32,0.09427395,142.843889,-0.0039,12207938.0,28304797.72,880.37,42881735437.13,
2019-09-13,140.15,0.09427282,141.70147,-0.0064,13211907.0,28116252.08,874.51,42255378249.73,
2019-09-16,141.32,0.09426965,141.140526,-0.0606,7970713.0,28116252.08,874.51,42088104977.71,
2019-09-17,141.6,0.09426868,141.600979,0.0381,6982446.0,28304789.44,880.37,42508613832.04,
2019-09-18,140.71,0.09426766,141.731427,0.0136,14921107.0,28408483.86,883.6,42703678824.65,
2019-09-19,141.28,0.09426659,141.465874,0.0457,7826177.0,28408483.86,883.6,42623667956.02,
2019-09-20,142.95,0.09426557,141.577466,0.0382,10133572.0,28747839.92,894.15,43166969508.88,
2019-09-23,143.75,0.09426278,143.477371,0.0323,8643950.0,29209727.54,908.52,44449289488.24,
2019-09-24,144.51,0.09426172,143.339086,0.001,10553551.0,29209727.54,908.52,44406448731.96,
2019-09-25,141.83,0.09426082,144.101221,-0.0162,11518981.0,29737588.13,924.94,45449525166.16,
2019-09-26,141.79,0.09425942,141.992388,-0.0114,7177695.0,29737588.13,924.94,44784399278.14,
2019-09-27,141.06,0.0942581,140.435142,-0.018,9585217.0,29671607.46,922.88,44194939063.03,
2019-09-30,138.87,0.09425491,139.996817,-0.0131,15376563.0,29605629.02,920.83,43959000423.64,
2019-10-01,139.63,0.09425363,138.878016,-0.0549,12457699.0,29605629.02,920.83,43607697127.65,
2019-10-02,141.26,0.09425301,140.682045,-0.0171,11434078.0,29699882.03,923.76,44314844183.17,
2019-10-03,141.9,0.0942525,142.990473,0.0053,12359591.0,29699882.03,923.76,45041999025.31,
2019-10-04,141.9,0.09425108,141.296507,0.0219,9608196.0,29699882.03,923.76,44508399706.9,
2019-10-07,140.69,0.09424804,141.489871,0.0281,6047958.0,29699882.03,923.76,44569309501.69,
2019-10-08,141.92,0.09424712,141.922033,-0.0126,10370562.0,29699882.03,923.76,44705440369.65,
2019-10-09,142.05,0.09424613,142.05248,0.0498,6909562.0,29699882.03,923.76,44746531166.03,
2019-10-10,140.81,0.09424477,140.877088,0.024,9265274.0,29633808.57,921.71,44291756393.4,
2019-10-11,140.03,0.09424363,139.400472,-0.0215,11278604.0,29633808.57,921.71,43827508294.91,
2019-10-14,140.59,0.09424065,140.475111,-0.0117,3838422.0,29633808.57,921.71,44165374742.96,
2019-10-15,139.61,0.09423959,140.209664,0.0017,9080167.0,29567840.86,919.66,43983771540.71,
2019-10-16,140.41,0.09423853,139.953645,0.0088,10317931.0,29520721.59,918.19,43833481725.47,
2019-10-17,140.61,0.09423759,140.663735,0.0079,5656327.0,29520721.59,918.19,44055881683.19,
2019-10-18,140.46,0.09423653,140.412424,-0.0227,6345114.0,29728041.96,924.64,44286078486.23,
2019-10-21,139.79,0.09423346,140.563339,0.0279,7946092.0,29728041.96,924.64,44333677232.68,
2019-10-22,140.2,0.09423234,139.968003,-0.0034,3864351.0,29567846.98,919.66,43907962483.56,
2019-10-23,140.53,0.09423145,140.824186,0.0069,4060216.0,29530154.4,918.48,44120217405.82,
2019-10-24,141.53,0.09423045,141.02058,-0.0054,6132440.0,29530154.4,918.48,44181747864.15,
2019-10-25,141.86,0.0942297,142.611935,0.0283,5968618.0,29530154.4,918.48,44680319158.66,
2019-10-28,140.64,0.09422622,140.623209,0.0299,5360320.0,29530154.4,918.48,44057251289.62,
2019-10-29,140.25,0.09422508,140.089136,0.0366,3828016.0,29492464.37,917.31,43833890585.62,
2019-10-30,141.02,0.09422416,140.591865,0.0456,6561252.0,29435929.87,915.55,43906839365.17,
2019-10-31,142.43,0.09422352,142.367021,-0.0888,6449516.0,29435929.87,915.55,44461220722.95,
2019-11-01,142.56,0.09422244,142.162819,-0.0662,7798872.0,29407663.14,914.67,44354799405.16,
2019-11-04,142.15,0.09421937,142.219423,0.0174,7798872.0,29407663.14,914.67,44372459937.47,
2019-11-05,139.85,0.09421784,140.285655,0.0418,10319096.0,29445350.28,915.85,43825238747.95,
2019-11-06,140.45,0.09421674,140.010785,-0.0147,6183070.0,29445350.28,915.85,43739369201.04,
2019-11-07,138.27,0.09421566,139.839597,-0.0465,14130771.0,29398242.45,914.38,43615970327.23,
2019-11-08,137.39,0.09421409,137.943557,-0.0634,10214016.0,28974279.04,901.19,42403849415.36,
2019-11-11,137.06,0.09421083,137.425345,-0.0612,6954692.0,28974279.04,901.19,42244551045.43,
2019-11-12,137.43,0.0942096,136.797048,0.0297,6272036.0,28842385.6,897.09,41859896636.96,
2019-11-13,137.98,0.09420891,137.818221,0.0588,8725110.0,28832133.69,896.77,42172375615.4,
2019-11-14,138.56,0.09420792,138.170046,0.0283,5138505.0,28832133.69,896.77,42280034034.82,
2019-11-15,138.21,0.09420689,138.192091,0.0189,7201174.0,28832133.69,896.77,42286779912.58,
2019-11-18,138.62,0.09420381,138.258227,0.0036,4149217.0,28671987.22,891.79,42071978362.91,
2019-11-19,138.69,0.09420279,138.332093,0.0089,4308530.0,28671987.22,891.79,42094455898.96,
2019-11-20,138.76,0.09420181,138.636802,-0.0019,4912498.0,28671987.22,891.79,42187178790.31,
2019-11-21,138.0,0.09420071,138.197156,-0.0025,4080833.0,28671987.22,891.79,42053394444.8,
2019-11-22,137.74,0.09419964,137.950669,-0.025,3582903.0,28671987.22,891.79,41978388492.82,
2019-11-25,137.08,0.09419645,137.376104,0.0074,6111717.0,28822701.54,896.48,42023350304.68,
2019-11-26,137.74,0.09419535,137.021272,0.0025,4688955.0,28822701.54,896.48,41914807083.6,
2019-11-27,137.01,0.09419432,136.991508,-0.0239,4083121.0,28822701.54,896.48,41905702282.32,
2019-11-28,,,,,,,,,US Holiday
2019-11-29,137.86,0.09419238,137.534999,0.0009,3937562.0,28794443.82,895.6,42030695561.98,
2019-12-02,137.79,0.09418931,137.624711,-0.027,8162776.0,28587227.34,889.16,41755337287.91,
2019-12-03,139.11,0.09418865,139.14489,0.0066,8275559.0,28587227.34,889.16,42216559621.22,
2019-12-04,138.92,0.09418757,138.936081,0.0173,6081284.0,28568389.83,888.57,42125419808.36,
2019-12-05,139.0,0.09418656,139.014651,-0.0173,5132335.0,28568389.83,888.57,42149242287.21,
2019-12-06,137.62,0.09418512,137.477315,0.011,5132335.0,28493041.73,886.23,41573140126.51,
2019-12-09,137.58,0.09418209,137.665963,0.0064,2670527.0,28493041.73,886.23,41630187184.81,
2019-12-10,137.97,0.09418115,137.97068,0.0089,3225163.0,28483504.93,885.93,41722333583.66,
2019-12-11,138.92,0.09418014,138.143424,0.0171,6037579.0,28492922.94,886.22,41788385853.03,
2019-12-12,138.43,0.09417911,138.236105,0.001,8696698.0,28492922.94,886.22,41816421760.91,
2019-12-13,139.05,0.09417808,138.121566,0.0488,5778474.0,28492922.94,886.22,41781773616.97,
2019-12-16,139.04,0.09417511,139.181389,0.0037,4368383.0,28492922.94,886.22,42102370248.19,
2019-12-17,139.01,0.09417405,138.982068,0.0091,4283129.0,28313992.25,880.66,41778009709.07,
2019-12-18,139.02,0.094173,138.815716,0.0086,3571294.0,28398747.95,883.29,41852938313.48,
2019-12-19,139.38,0.09417201,139.063804,0.0052,4947629.0,28398747.95,883.29,41927736763.9,
2019-12-20,139.52,0.09417101,139.278922,0.0122,4321461.0,28483501.86,885.93,42117945975.11,
2019-12-23,139.95,0.09416797,139.566346,0.0176,4801125.0,28483501.86,885.93,42204862964.68,
2019-12-24,141.27,0.09416708,140.388987,0.0729,5206535.0,28577668.94,888.86,42594018617.99,
2019-12-25,,,,,,,,,US Holiday
2019-12-26,142.38,0.09416502,140.385918,0.0555,7983983.0,28690666.96,892.37,42761550710.36,
2019-12-27,142.33,0.09416435,142.329413,0.0592,5017797.0,28718916.27,893.25,43396237993.26,
2019-12-30,142.63,0.09416132,142.630865,0.0171,4384570.0,28718916.27,893.25,43488150639.12,
2019-12-31,142.9,0.09416046,143.406375,0.0122,5146577.0,28718916.27,893.25,43724603828.57,
2020-01-01,,,,,,,,,US Holiday
2020-01-02,143.95,0.09415848,143.789421,0.0519,7663319.0,28784827.2,895.3,43942046964.94,
2020-01-03,145.86,0.09415791,145.827066,0.0492,11811434.0,28784827.2,895.3,44564751422.09,
2020-01-06,147.39,0.09415537,148.115815,-0.0061,14017676.0,28813073.81,896.18,45308627924.57,
2020-01-07,147.97,0.09415422,147.619698,0.0152,7758716.0,28813073.81,896.18,45156865764.0,
2020-01-08,146.86,0.09415329,148.004265,-0.0671,7758716.0,28511783.29,886.81,44800890912.41,
2020-01-09,146.03,0.09415174,146.005808,0.0093,10187167.0,28361140.5,882.12,43962348788.27,
2020-01-10,146.91,0.09415078,146.272656,-0.0016,6096656.0,28116555.49,874.52,43677015062.96,
2020-01-13,145.82,0.09414767,145.919467,-0.04,7348351.0,28116555.49,874.52,43571552926.97,
2020-01-14,145.69,0.09414659,145.465903,0.0206,6511372.0,28116555.49,874.52,43436118743.75,
2020-01-15,146.54,0.0941456,145.831539,-0.0028,6124097.0,28238944.77,878.32,43734878394.79,
2020-01-16,146.31,0.09414463,146.352534,0.0156,5335892.0,28276602.62,879.49,43949665862.43,
2020-01-17,146.58,0.09414363,146.638123,0.041,10647607.0,28897950.58,898.82,45003239813.03,
2020-01-20,,,,,,,,,US Holiday
2020-01-21,146.74,0.09413943,146.038503,-0.0135,5976142.0,28897950.58,898.82,44819216586.23,
2020-01-22,146.79,0.09413848,146.564202,0.0216,4242821.0,28897950.58,898.82,44980553513.36,
2020-01-23,147.12,0.09413754,147.127559,0.0101,7848872.0,28954433.1,900.58,45241724267.89,
2020-01-24,147.98,0.09413653,147.257774,0.007,9848906.0,28954433.1,900.58,45281765586.14,
2020-01-27,148.99,0.09413371,148.74067,-0.019,9776420.0,28916779.62,899.41,45678259727.49,
2020-01-28,147.66,0.09413257,148.16467,-0.0123,9776420.0,28916779.62,899.41,45501370083.66,
2020-01-29,148.46,0.09413153,148.111263,0.0384,5013100.0,29048563.76,903.5,45692324504.18,
2020-01-30,148.47,0.09413059,148.56161,-0.0086,8918138.0,29048563.76,903.5,45831256716.7,
2020-01-31,149.33,0.09412968,149.120236,0.0034,14581109.0,29039150.79,903.21,45988680870.17,
2020-02-03,148.36,0.09412639,148.225539,-0.0105,8721843.0,29340355.24,912.58,46187077789.66,
2020-02-04,146.43,0.09412501,146.679706,0.005,8721843.0,29340355.24,912.58,45705396445.72,
2020-02-05,146.61,0.09412386,146.202599,-0.0034,5436114.0,29415318.56,914.91,45688312091.12,
2020-02-06,147.4,0.09412287,147.142281,-0.0036,4416272.0,29415318.56,914.91,45981962736.07,
2020-02-07,147.79,0.09412188,148.020769,-0.0041,5849424.0,29452967.31,916.08,46315698733.47,
2020-02-10,148.17,0.09411879,148.067687,0.0171,5479678.0,29452967.31,916.08,46330379157.55,
2020-02-11,147.66,0.09411775,147.811923,0.0374,5153204.0,29650614.58,922.23,46560755717.36,
2020-02-12,147.54,0.09411667,147.170238,0.0266,4783455.0,29650614.58,922.23,46358624881.03,
2020-02-13,148.38,0.09411573,148.236981,0.0036,5589691.0,29650614.58,922.23,46694649026.93,
2020-02-14,149.0,0.09411475,148.833073,0.0224,5276250.0,29707083.43,923.99,46971717887.17,
2020-02-17,,,,,,,,,US Holiday
2020-02-18,150.91,0.09411073,149.621948,0.0101,10634922.0,29895304.89,929.84,47519930706.95,
2020-02-19,151.79,0.09410987,150.971046,0.0633,9065481.0,29951770.82,931.6,48038986932.23,
2020-02-20,152.41,0.09410901,152.362487,0.0161,8084960.0,30027058.02,933.94,48603633269.14,
2020-02-21,154.7,0.09410827,154.648124,-0.0132,16166818.0,30027058.02,933.94,49332751617.45,
2020-02-24,156.09,0.09410557,157.311574,0.0249,26383690.0,30027058.02,933.94,50182391959.35,
2020-02-25,153.3,0.09410424,155.300228,-0.3474,26999672.0,30224676.93,940.09,49866903312.7,
2020-02-26,153.97,0.09410298,153.848967,-0.118,17788906.0,30083522.46,935.69,49170129938.53,
2020-02-27,154.0,0.09410222,155.456869,0.0141,27496133.0,30036471.35,934.23,49606286738.19,
2020-02-28,148.38,0.0941005,151.487688,0.0044,39789308.0,30036471.35,934.23,48339721162.18,
2020-03-02,149.2,0.09409722,150.522619,0.0402,15998899.0,29932964.41,931.01,47866192731.43,
2020-03-03,153.89,0.0940965,152.012899,-0.0417,27245422.0,30045880.21,934.52,48522517379.25,
2020-03-04,154.16,0.09409599,154.491502,0.0425,11083422.0,30045880.21,934.52,49313687369.36,
2020-03-05,157.49,0.09409531,156.160579,0.0081,17616014.0,30459899.57,947.4,50533563503.51,
2020-03-06,157.55,0.09409475,158.422632,0.0636,26458677.0,30723364.87,955.6,51709147154.98,
2020-03-09,157.81,0.09409143,157.367923,-0.1069,10418755.0,30986820.87,963.79,51805520183.92,
2020-03-10,154.48,0.09409004,155.784876,-0.4468,17008987.0,30930366.85,962.03,51190910174.56,
2020-03-11,153.93,0.09408897,155.599626,0.0592,17102900.0,30648099.94,953.26,50663238252.46,
2020-03-12,147.79,0.09408587,147.780675,-0.3763,32366348.0,30356433.74,944.18,47659267578.06,
2020-03-13,143.28,0.09408463,147.035453,-0.4201,34479792.0,29951667.0,931.59,46801387275.12,
2020-03-16,141.64,0.09408072,139.963893,-0.3574,24121449.0,29895218.56,929.84,44466528879.85,
2020-03-17,143.56,0.09408027,144.52611,0.0557,23984895.0,29895218.56,929.84,45915945161.15,
2020-03-18,140.7,0.09407877,140.948812,0.5941,21768626.0,29697653.15,923.69,44483444949.89,
2020-03-19,138.04,0.09407741,138.693624,-0.2808,19857614.0,29650614.44,922.23,43702360961.65,
2020-03-20,140.11,0.09407668,140.588184,-0.5356,19379120.0,29199046.38,908.18,43624513376.8,
2020-03-23,146.3,0.09407409,143.500624,0.151,27992153.0,29707046.46,923.99,45303146956.94,
2020-03-24,153.4,0.09407431,151.059826,0.1725,20447761.0,30092751.14,935.98,48308933652.44,
2020-03-25,151.3,0.09407328,151.02995,-0.532,16101436.0,30516080.9,949.15,48979012722.51,
2020-03-26,153.24,0.0940727,153.790054,-0.0197,11605306.0,30657189.95,953.54,50104799693.52,
2020-03-27,152.25,0.0940714,152.141673,-0.5261,9642861.0,31014661.27,964.66,50145895505.31,
2020-03-30,152.92,0.09406833,152.230782,0.1507,11688554.0,31005254.43,964.36,50160042640.17,
2020-03-31,148.05,0.09406713,151.349313,-0.2858,12958521.0,31089914.85,967.0,50005812860.31,
2020-04-01,149.45,0.09406547,148.298923,-0.0063,11562243.0,31146354.13,968.75,49086943466.56,
2020-04-02,151.9,0.09406525,152.084695,-0.0376,9008195.0,31249825.91,971.97,50507327215.88,
2020-04-03,152.65,0.09406415,151.734875,0.1687,8143757.0,31475579.87,978.99,50755315843.95,
2020-04-06,156.88,0.09406182,155.042093,0.1957,14347256.0,31644891.14,984.26,52140655832.44,
2020-04-07,156.04,0.09406081,155.12979,0.1401,9054913.0,31691440.93,985.71,52263226181.81,
2020-04-08,154.65,0.09405978,154.991698,-0.0187,7539671.0,31785500.71,988.63,52371694617.37,
2020-04-09,158.69,0.0940589,158.080096,0.2045,17951180.0,31964212.62,994.19,53715616707.47,
2020-04-10,,,,,,,,,US Holiday
2020-04-13,161.41,0.09405479,158.073186,-0.0646,19824227.0,32462703.01,1009.7,54551056391.19,
2020-04-14,162.68,0.09405421,163.833031,0.0848,16717013.0,32716649.37,1017.59,56981128210.14,
2020-04-15,161.85,0.094053,161.644197,0.0277,12055469.0,32848323.57,1021.69,56446153544.71,
2020-04-16,161.71,0.09405207,162.66305,0.045,8984687.0,32848323.57,1021.69,56801937062.5,
2020-04-17,158.57,0.09405071,159.185521,0.1462,14429415.0,32848323.57,1021.69,55587583985.22,
2020-04-20,159.7,0.09404755,158.582981,0.175,9350822.0,33102251.96,1029.59,55805350929.14,
2020-04-21,158.61,0.09404647,158.190873,0.0119,12138126.0,33224512.37,1033.39,55873016314.64,
2020-04-22,161.73,0.09404579,160.870028,0.0866,12836599.0,33516054.32,1042.46,57317991015.37,
2020-04-23,163.34,0.09404508,163.285764,0.1606,4875703.0,33516054.32,1042.46,58178717771.43,
2020-04-24,162.64,0.09404379,161.369738,0.1119,10456114.0,33704141.9,1048.31,57818777165.7,
2020-04-27,161.56,0.09404069,161.275085,0.0334,8887089.0,33704141.9,1048.31,57784862903.94,
2020-04-28,160.84,0.0940393,159.072183,0.0445,9779026.0,33967451.94,1056.5,57440965172.53,
2020-04-29,161.73,0.09403846,160.180418,0.2926,11793514.0,33967451.94,1056.5,57841148954.8,
2020-04-30,158.8,0.09403743,160.122228,-0.1178,12552100.0,33967451.94,1056.5,57820136562.66,
2020-05-01,159.78,0.09403611,158.568396,-0.0682,10764355.0,34334192.77,1067.9,57877464539.79,
2020-05-04,160.34,0.09403346,160.712588,0.0392,7686218.0,34456436.27,1071.71,58869021031.75,
2020-05-05,161.02,0.09403225,159.81251,0.0345,10325096.0,34606887.87,1076.39,58795022301.19,
2020-05-06,158.95,0.09403106,159.05354,0.0681,12691128.0,34588081.65,1075.8,58483986622.37,
2020-05-07,161.39,0.09403029,160.232317,0.1597,13553972.0,34776142.23,1081.65,59237887765.18,
2020-05-08,160.42,0.09402926,160.230566,0.0134,10962236.0,34776142.23,1081.65,59237240356.57,
2020-05-11,159.42,0.09402615,160.103029,-0.0413,10465956.0,34757337.0,1081.07,59158069076.99,
2020-05-12,160.04,0.09402512,160.068356,0.0381,9613772.0,34840822.75,1083.66,59305325970.0,
2020-05-13,161.58,0.09402413,160.630825,0.0514,10777951.0,35113492.73,1092.14,59979549864.93,
2020-05-14,163.01,0.09402328,162.810708,0.0765,16911209.0,35517792.83,1104.72,61493604539.03,
2020-05-15,163.93,0.09402228,163.161564,0.0146,13686918.0,35809261.9,1113.78,62131923592.42,
2020-05-18,162.69,0.09401919,163.095091,-0.0423,13879430.0,35809261.9,1113.78,62106610736.57,
2020-05-19,164.26,0.0940182,163.398925,0.137,8489615.0,35809261.9,1113.78,62222310805.07,
2020-05-20,164.65,0.09401728,164.370411,0.0878,10473342.0,35762253.26,1112.32,62510067384.63,
2020-05-21,162.25,0.09401599,162.168174,-0.0028,11742825.0,35762253.26,1112.32,61672556633.94,
2020-05-22,163.21,0.09401506,162.979813,0.0165,8351177.0,35903275.85,1116.71,62225692437.72,
2020-05-25,,,,,,,,,US Holiday
2020-05-26,160.89,0.09401076,161.722011,-0.0876,13295553.0,35903275.85,1116.71,61745463883.37,
2020-05-27,161.18,0.09400934,159.308224,-0.0034,12669197.0,35978483.32,1119.05,60951326690.73,
2020-05-28,161.72,0.09400867,161.445797,0.1338,9639173.0,35997285.06,1119.63,61801451264.02,
2020-05-29,162.91,0.09400783,162.511339,0.0438,9886758.0,36110094.45,1123.14,62404354161.35,
2020-06-01,163.66,0.09400478,162.684679,0.1028,8071398.0,36279303.06,1128.4,62763748979.02,
2020-06-02,162.6,0.09400397,163.769011,0.0627,10330099.0,36307504.25,1129.28,63231215112.1,
2020-06-03,159.6,0.09400224,160.306715,-0.0254,16942915.0,36439107.38,1133.37,62118851914.58,
2020-06-04,161.28,0.0940011,159.806575,-0.0208,10023351.0,36401506.94,1132.2,61861125233.56,
2020-06-05,158.01,0.09399973,158.243841,0.0227,15921988.0,36269907.32,1128.11,61034649360.74,
2020-06-08,159.72,0.0939968,158.887498,0.0405,8889185.0,36185310.2,1125.48,61139909130.19,
2020-06-09,161.26,0.09399632,161.062686,0.0517,8976487.0,36157111.31,1124.6,61928602902.26,
2020-06-10,163.57,0.09399549,161.864931,0.0166,12690853.0,36314381.27,1129.49,62528422890.39,
2020-06-11,162.39,0.09399456,163.386037,0.0227,11535954.0,36492970.93,1135.05,63426459550.2,
2020-06-12,162.62,0.0939935,162.93773,-0.0432,6855678.0,36530568.33,1136.22,63317601740.27,
2020-06-15,162.33,0.09399023,160.765583,0.0735,8492682.0,36530568.33,1136.22,62473505378.47,
2020-06-16,162.25,0.09398928,161.647468,0.0477,6943046.0,36530568.33,1136.22,62816206197.37,
2020-06-17,162.56,0.0939883,162.068722,0.0804,6943046.0,36530568.33,1136.22,62979905442.36,
2020-06-18,162.24,0.09398722,161.611029,0.0129,5331587.0,36530568.33,1136.22,62802045817.3,
2020-06-19,164.03,0.09398636,163.042832,0.0622,11517950.0,37273060.58,1159.31,64646482955.06,
2020-06-22,165.09,0.0939836,165.585,0.0228,12050277.0,37489222.86,1166.04,66035297836.68,
2020-06-23,166.48,0.09398266,166.245918,0.0824,11856907.0,37592603.78,1169.25,66481742792.07,
2020-06-24,165.9,0.09398159,165.97619,0.043,10788827.0,37836955.92,1176.85,66805416552.03,
2020-06-25,165.8,0.09398044,165.08134,-0.0098,6812597.0,37789965.7,1175.39,66362698614.47,
2020-06-26,166.54,0.09397929,164.238201,0.0408,6812597.0,37902740.84,1178.9,66220842691.13,
2020-06-29,166.63,0.09397658,166.488907,0.024,6703796.0,37902740.84,1178.9,67128327678.25,
2020-06-30,167.37,0.0939755,166.158075,0.0159,12217921.0,37902740.84,1178.9,66994935892.21,
2020-07-01,166.62,0.09397452,166.43357,0.0266,12504283.0,38006112.82,1182.11,67289092501.62,
2020-07-02,166.98,0.0939736,167.033375,0.044,8686664.0,38306828.34,1191.47,68066100366.39,
2020-07-03,,,,,,,,,US Holiday
2020-07-06,167.98,0.0939697,168.008423,0.0324,7216129.0,38306828.34,1191.47,68463432543.64,
2020-07-07,169.04,0.0939687,168.161693,0.0756,11367458.0,38560543.83,1199.36,68979926440.51,
2020-07-08,170.09,0.0939681,170.185625,0.0131,11608231.0,38663908.74,1202.57,69997347387.74,
2020-07-09,169.63,0.09396709,170.277768,0.07,13268940.0,38607528.48,1200.82,69933079217.32,
2020-07-10,169.19,0.09396588,169.429878,0.0085,8090653.0,38595937.23,1200.46,69584850962.5,
2020-07-13,169.4,0.09396283,169.837813,0.0032,10442524.0,38708692.62,1203.97,69956195163.0,
2020-07-14,170.19,0.09396176,169.309697,0.0652,9553211.0,38802654.38,1206.89,69907974000.13,
2020-07-15,170.34,0.09396076,169.561579,0.0429,7420950.0,38802654.38,1206.89,70011976000.39,
2020-07-16,168.73,0.09395975,169.851048,-0.0039,10104580.0,38802654.38,1206.89,70131497756.14,
2020-07-17,170.12,0.09395872,169.816301,0.0249,9915394.0,38802654.38,1206.89,70117150511.08,
2020-07-20,170.94,0.09395573,170.590724,0.0384,9656171.0,38962379.12,1211.86,70726914350.79,
2020-07-21,173.0,0.093955,173.116782,0.0571,12525424.0,39216057.62,1219.75,72241633243.13,
2020-07-22,175.63,0.09395408,174.040541,0.0407,18211486.0,39385174.97,1225.01,72940390631.07,
2020-07-23,177.18,0.09395335,176.47258,0.0354,1997173.0,39450942.31,1227.05,74083189155.72,
2020-07-24,178.7,0.0939526,178.707246,0.0111,15397263.0,39507313.87,1228.81,75128526013.12,
2020-07-27,182.23,0.09394997,181.948205,0.0483,20601767.0,39695213.81,1234.65,76854922004.97,
2020-07-28,183.75,0.093949,182.345608,-0.0939,20476993.0,39967665.91,1243.12,77551587156.29,
2020-07-29,185.13,0.0939481,183.283357,0.0263,25011405.0,39930086.67,1241.95,77877098849.71,
2020-07-30,183.76,0.09394717,183.915681,0.0252,17783046.0,39930086.67,1241.95,78145772873.26,
2020-07-31,185.43,0.09394625,184.594984,0.0172,15551062.0,39930086.67,1241.95,78434408785.61,
2020-08-03,185.64,0.09394307,183.992196,0.0005,12307271.0,40136761.43,1248.38,78583066753.95,
2020-08-04,189.59,0.09394235,185.808583,0.0354,19881987.0,40437376.95,1257.73,79953433205.29,
2020-08-05,191.35,0.09394244,192.408213,-0.0669,26856641.0,40766175.49,1267.96,83466682811.25,
2020-08-06,193.89,0.09394171,194.191608,0.0097,20381573.0,40766175.49,1267.96,84240319476.2,
2020-08-07,190.81,0.0939401,190.806437,-0.0019,23879494.0,40578295.29,1262.12,82390219670.4,
2020-08-10,190.15,0.09393726,192.054731,-0.0306,17115311.0,40578295.29,1262.12,82929232702.89,
2020-08-11,179.94,0.09393421,182.199487,-0.0347,44377216.0,40443694.79,1257.93,78436879272.91,
2020-08-12,179.1,0.09393314,181.469424,-0.1044,27721064.0,40208861.94,1250.63,77668913247.29,
2020-08-13,183.33,0.09393219,182.62766,0.0331,17913954.0,40255828.03,1252.09,78255952254.76,
2020-08-14,182.54,0.09393117,182.672636,-0.008,11214250.0,40133717.51,1248.29,78037750256.78,
2020-08-17,186.5,0.09392833,185.3065,-0.0041,14524520.0,40265217.18,1252.38,79422365915.06,
2020-08-18,188.18,0.09392761,188.677096,0.0266,15853088.0,40265217.18,1252.38,80867003409.59,
2020-08-19,182.24,0.09392633,186.068064,-0.0386,11214250.0,40265217.18,1252.38,79748772052.18,
2020-08-20,183.5,0.09392476,181.007098,0.0433,15352607.0,40265217.18,1252.38,77579642233.1,
2020-08-21,182.03,0.0939237,180.742074,-0.0116,12554837.0,40265217.18,1252.38,77466052992.22,
2020-08-24,181.0,0.09392087,182.577468,0.031,14164726.0,40265217.18,1252.38,78252702780.9,
2020-08-25,181.22,0.09391941,179.49408,0.0503,14164726.0,40152513.88,1248.87,76715769974.14,
2020-08-26,183.36,0.09391868,181.540119,0.0796,14062021.0,40255824.43,1252.09,77789940910.43,
2020-08-27,181.24,0.09391753,180.683236,-0.0031,14042532.0,40237040.93,1251.5,77386630100.39,
2020-08-28,184.39,0.09391699,183.828416,-0.0487,14092373.0,40237040.93,1251.5,78733710484.26,
2020-08-31,184.83,0.09391391,183.822389,-0.0591,14169932.0,40237040.93,1251.5,78731129079.34,
2020-09-01,185.05,0.09391313,185.229553,-0.0219,14169932.0,40208866.99,1250.63,79278248778.9,
2020-09-02,182.62,0.09391167,182.850722,0.0453,11536900.0,40190084.65,1250.04,78223538989.65,
2020-09-03,181.14,0.09391053,182.228687,-0.0686,12148100.0,40190084.65,1250.04,77957432727.83,
2020-09-04,181.64,0.09390924,180.897376,-0.0105,11567900.0,40190084.65,1250.04,77387897251.41,
2020-09-07,,,,,,,,,US Holiday
2020-09-08,181.29,0.09390482,179.447411,-0.1082,13229200.0,40190084.65,1250.04,76767602227.92,
2020-09-09,183.05,0.09390456,182.850953,0.0199,8424100.0,40283989.21,1252.96,78406488843.3,
2020-09-10,182.46,0.09390393,184.638604,-0.0242,9143600.0,40283989.21,1252.96,79173033549.28,
2020-09-11,182.45,0.0939025,182.865726,0.0017,7211468.0,40124354.96,1248.0,78101951634.07,
2020-09-14,183.89,0.09389968,183.921309,-0.0187,8036607.0,40124354.96,1248.0,78552791198.16,
2020-09-15,183.45,0.09389843,183.040913,0.0632,7952977.0,40110584.9,1247.57,78176774078.96,
2020-09-16,183.97,0.09389751,184.208127,0.037,12282792.0,40110584.9,1247.57,78675291012.28,
2020-09-17,182.96,0.09389626,181.806642,0.0255,7952977.0,40091805.65,1246.98,77613255602.51,
2020-09-18,183.2,0.09389537,183.175782,0.002,8918852.0,40504945.27,1259.83,79003714778.75,
2020-09-21,179.52,0.09389185,179.272404,-0.0184,17318048.0,41115242.3,1278.82,78485458288.28,
2020-09-22,178.65,0.09389079,178.955838,0.0035,7374745.0,41096464.14,1278.23,78311074798.17,
2020-09-23,174.79,0.09388937,175.892342,0.0375,17144213.0,40739684.53,1267.14,76302097936.61,
2020-09-24,175.44,0.09388819,174.796339,-0.0482,10862647.0,40739684.53,1267.14,75826651896.15,
2020-09-25,174.94,0.09388714,174.601908,-0.0191,6408637.0,40730295.82,1266.84,75724847557.6,
2020-09-28,176.7,0.09388413,175.028181,0.0149,6999677.0,40796014.71,1268.89,76032241844.47,
2020-09-29,178.19,0.09388341,176.871648,0.0662,8425378.0,40796014.71,1268.89,76833043818.97,
2020-09-30,177.12,0.09388243,177.146757,0.0038,8283285.0,40796014.71,1268.89,76952551041.69,
2020-10-01,178.7,0.09388165,178.562893,-0.0408,10285755.0,41030718.84,1276.19,78014128043.04,
2020-10-02,178.54,0.09388064,178.659544,-0.0534,7295388.0,41011942.71,1275.6,78020622965.94,
2020-10-05,179.41,0.09387767,179.268796,-0.0662,6646944.0,41011942.71,1275.6,78286683213.35,
2020-10-06,177.3,0.09387671,179.623698,-0.0641,8403772.0,40880515.31,1271.52,78190195775.81,
2020-10-07,177.22,0.09387512,176.907661,0.0107,6347470.0,40880515.31,1271.52,77007904951.73,
2020-10-08,177.85,0.09387415,177.182764,0.0242,6507753.0,40880515.31,1271.52,77127657228.05,
2020-10-09,181.08,0.09387385,180.542886,0.0303,12696190.0,40880515.31,1271.52,78590318403.09,
2020-10-12,180.56,0.09387081,180.748254,0.0267,4823388.0,41077644.02,1277.65,79059286105.33,
2020-10-13,177.72,0.09386902,177.534476,-0.0389,8017337.0,41077644.02,1277.65,77653579672.56,
2020-10-14,178.27,0.09386842,179.293384,-0.211,8878034.0,41087030.86,1277.94,78440855396.66,
2020-10-15,178.92,0.09386697,177.586913,-0.0038,6819489.0,41026645.75,1276.06,77605480872.89,
2020-10-16,178.3,0.09386604,178.819508,0.01,8878034.0,40914006.51,1272.56,77929541481.81,
2020-10-19,178.39,0.09386296,178.865264,-0.0237,6028825.0,40923392.8,1272.85,77967368425.39,
2020-10-20,179.25,0.09386186,178.187357,0.0113,7097469.0,40829530.94,1269.93,77493681434.3,
2020-10-21,180.6,0.09386111,180.602854,0.0024,7246289.0,40810758.72,1269.35,78508060517.52,
2020-10-22,178.83,0.09385982,178.422822,0.0312,8306791.0,40688740.95,1265.55,77328451256.63,
2020-10-23,178.64,0.09385882,178.674348,0.0032,8306791.0,40632425.66,1263.8,77330257612.56,
2020-10-26,178.55,0.09385567,178.180289,0.0093,5080707.0,40632425.66,1263.8,77116428977.83,
2020-10-27,179.02,0.09385474,178.858978,-0.0008,5769947.0,40726280.4,1266.72,77589024702.02,
2020-10-28,176.13,0.09385318,175.500751,-0.0234,10668399.0,40454106.18,1258.25,75623273656.32,
2020-10-29,175.4,0.09385216,175.531686,0.0839,8389510.0,40454106.18,1258.25,75636603690.11,
2020-10-30,176.2,0.09385132,176.614097,-0.0665,7204073.0,40435335.92,1257.67,76067691780.4,
2020-11-02,177.91,0.09384837,177.36404,0.0032,6444271.0,40379026.89,1255.92,76284273418.46,
2020-11-03,178.92,0.09384768,179.089522,0.0308,7065903.0,40379026.89,1255.92,77026403379.09,
2020-11-04,178.82,0.0938465,178.322422,-0.0022,10972524.0,40266411.09,1252.42,76482486879.02,
2020-11-05,182.93,0.09384619,181.916147,-0.0014,16015791.0,40266411.09,1252.42,78023835358.82,
2020-11-06,183.19,0.09384521,182.134776,0.0238,10221751.0,40519793.16,1260.3,78609369247.8,
2020-11-09,175.08,0.09384056,175.228482,0.0026,29704631.0,40181967.15,1249.79,74997790179.36,
2020-11-10,175.66,0.09383979,176.296817,-0.0776,11231867.0,40181967.15,1249.79,75455037691.22,
2020-11-11,174.9,0.09383835,174.628478,-0.0145,8959201.0,39891068.26,1240.74,74199640406.06,
2020-11-12,175.96,0.09383766,175.93153,-0.0231,6996354.0,39853533.2,1239.57,74682934416.82,
2020-11-13,177.16,0.09383702,177.436415,0.0168,6435946.0,39684626.56,1234.32,75002372613.63,
2020-11-16,177.15,0.09383379,176.933004,0.0095,7915522.0,39590792.77,1231.4,74612647599.01,
2020-11-17,176.5,0.09383286,177.25496,-0.0457,7925758.0,39426696.17,1226.3,74464808721.66,
2020-11-18,175.49,0.09383171,176.037664,-0.0127,7355990.0,39192116.9,1219.0,73513328371.03,
2020-11-19,175.16,0.09383048,174.27605,0.0038,6671978.0,39135818.61,1217.25,72673112981.62,
2020-11-20,175.69,0.09382966,175.996285,-0.0184,6287843.0,39229648.27,1220.17,73566447258.66,
2020-11-23,172.23,0.09382612,172.658831,-0.0195,15336666.0,39004465.58,1213.16,71757010228.12,
2020-11-24,169.59,0.09382453,168.846631,-0.0275,18773673.0,38572872.75,1199.74,69395965430.3,
2020-11-25,169.51,0.09382366,169.839593,-0.0011,10157020.0,38413372.52,1194.78,69515345595.01,
2020-11-26,,,,,,,,,US Holiday
2020-11-27,167.79,0.09382111,166.935898,-0.0484,10306399.0,38413372.52,1194.78,68326862955.01,
2020-11-30,166.67,0.09381772,165.358416,-0.0075,13040156.0,38413372.52,1194.78,67681199678.47,
2020-12-01,170.18,0.09381758,169.880191,-0.0129,13275253.0,38300791.43,1191.28,69328106012.04,
2020-12-02,171.46,0.09381678,170.990457,-0.0479,8848865.0,38300791.43,1191.28,69781205656.53,
2020-12-03,172.81,0.09381593,171.903625,0.0156,10228075.0,38253883.46,1189.82,70067918465.32,
2020-12-04,172.32,0.09381511,172.901251,0.0046,9996688.0,38024929.08,1182.7,70076877122.12,
2020-12-07,174.89,0.09381208,174.485785,0.0098,10455390.0,37931117.0,1179.78,70544602956.46,
2020-12-08,175.5,0.09381109,175.253182,0.014,5917243.0,37931117.0,1179.78,70854861615.71,
2020-12-09,172.5,0.09380994,172.774461,0.0006,10678794.0,37931117.0,1179.78,69852714609.39,
2020-12-10,172.17,0.09380893,173.016495,-0.0029,6529720.0,37931117.0,1179.78,69950568923.62,
2020-12-11,172.49,0.09380789,172.794126,-0.0175,6048539.0,37809166.74,1175.99,69636032820.57,
2020-12-14,171.54,0.09380472,171.770517,-0.035,7472284.0,37659079.19,1171.32,68948685657.56,
2020-12-15,173.94,0.09380385,173.598092,-0.005,6785987.0,37621557.65,1170.15,69612834814.0,
2020-12-16,174.9,0.09380283,173.718153,0.0234,8098678.0,37621557.65,1170.15,69660979722.59,
2020-12-17,176.74,0.09380214,177.356401,0.0371,8875343.0,37546515.94,1167.82,70978031637.49,
2020-12-18,176.44,0.09380101,176.322455,0.0168,6477113.0,37546515.94,1167.82,70564246646.92,
2020-12-21,175.88,0.09379793,176.340113,-0.0392,7667180.0,37612174.49,1169.86,70694751353.94,
2020-12-22,174.49,0.09379687,176.066108,0.0955,9166903.0,37537136.99,1167.53,70444049622.54,
2020-12-23,175.65,0.09379582,175.867159,0.043,6494533.0,37537136.99,1167.53,70364450509.16,
2020-12-24,176.35,0.09379476,175.635377,0.1548,3429273.0,37537136.99,1167.53,70271714414.12,
2020-12-25,,,,,,,,,US Holiday
2020-12-28,175.71,0.09379065,175.627678,0.0777,7730071.0,37612169.51,1169.86,70409136206.2,
2020-12-29,176.35,0.09378965,175.789936,0.0609,5760324.0,37612169.51,1169.86,70474185174.56,
2020-12-30,177.7,0.09378883,177.035793,0.0663,5557137.0,37612169.51,1169.86,70973649227.12,
2020-12-31,178.36,0.09378786,177.362216,0.0859,7498356.0,37640305.87,1170.74,71157721250.97,
2021-01-01,,,,,,,,,US Holiday
2021-01-04,182.33,0.09378467,182.242374,0.011,14203172.0,38193635.42,1187.95,74190870491.8,
2021-01-05,182.87,0.09378359,181.972996,0.0748,12063956.0,38156121.99,1186.78,74008417577.59,
2021-01-06,179.9,0.09378241,181.182932,-0.0292,18199770.0,38156121.99,1186.78,73687098614.21,
2021-01-07,179.48,0.09378116,180.069206,0.0114,6999844.0,38006072.13,1182.11,72946035265.4,
2021-01-08,173.34,0.09377897,174.700845,-0.0051,24053613.0,38006072.13,1182.11,70771312355.06,
2021-01-11,173.0,0.09377553,173.226851,-0.0027,8124463.0,37993155.0,1181.71,70174197141.97,
2021-01-12,174.12,0.09377447,172.662236,0.0165,9686089.0,37993155.0,1181.71,69945471677.89,
2021-01-13,173.37,0.09377356,174.310978,0.1084,14004670.0,37655570.18,1171.21,69985857816.86,
2021-01-14,173.28,0.0937724,172.705324,-0.0084,13409398.0,37327366.78,1161.0,68736719043.1,
2021-01-15,171.13,0.09377135,172.445519,-0.0416,15080283.0,37861863.47,1177.63,69616262052.39,
2021-01-18,,,,,,,,,US Holiday
2021-01-19,172.58,0.09376721,172.034701,0.0052,7280122.0,37749342.82,1174.13,69243967030.84,
2021-01-20,175.39,0.09376642,174.086732,0.0313,8827826.0,37749342.82,1174.13,70069910730.88,
2021-01-21,175.28,0.09376545,174.600651,-0.0899,6798879.0,37749342.82,1174.13,70276761951.74,
2021-01-22,173.9,0.09376432,173.717147,0.0232,6860401.0,37721213.53,1173.25,69869036714.99,
2021-01-25,174.05,0.09376129,174.100649,0.0048,5277406.0,37721213.53,1173.25,70023280996.76,
2021-01-26,173.62,0.09376026,174.075294,0.0229,4608500.0,37693085.45,1172.38,69960860828.77,
2021-01-27,172.52,0.09375903,172.797894,-0.0618,8794855.0,37589950.52,1169.17,69257396108.69,
2021-01-28,172.68,0.09375817,173.799514,0.0016,9333549.0,37449313.26,1164.79,69398145906.71,
2021-01-29,172.61,0.0937573,174.744852,-0.1298,10954437.0,37299301.58,1160.13,69496027528.82,
2021-02-01,174.23,0.0937542,174.659388,-0.014,9071730.0,37214922.8,1157.5,69304845246.09,
2021-02-02,172.11,0.09375263,171.857945,-0.0077,7155880.0,37214922.8,1157.5,68193232469.3,
2021-02-03,171.85,0.09375165,172.07646,-0.0623,4464551.0,37214922.8,1157.5,68279939256.45,
2021-02-04,168.15,0.09374962,167.427449,-0.0533,13548055.0,37289922.5,1159.84,66569153723.78,
2021-02-05,169.81,0.09374895,169.024674,0.0008,6472258.0,37182898.66,1156.51,67035185740.44,
2021-02-08,171.52,0.093746,172.047343,-0.0322,6762748.0,37051654.26,1152.43,67993110048.1,
2021-02-09,172.08,0.09374499,172.453284,0.0021,5017729.0,36920411.28,1148.34,67912103250.83,
2021-02-10,172.71,0.09374398,172.737341,0.0504,6053389.0,36864164.89,1146.59,67920322622.1,
2021-02-11,171.21,0.09374294,172.496378,0.0179,5894769.0,36723550.48,1142.22,67566831123.66,
2021-02-12,170.69,0.09374176,170.267848,-0.0011,5817209.0,36723550.48,1142.22,66693915899.52,
2021-02-15,,,,,,,,,US Holiday
2021-02-16,168.24,0.09373746,168.188436,-0.0045,14583911.0,36545449.31,1136.68,65559852393.42,
2021-02-17,166.33,0.0937363,166.916235,-0.0566,11226752.0,36423592.12,1132.89,64846957419.71,
2021-02-18,166.32,0.0937352,166.206568,-0.0192,7322499.0,36423592.12,1132.89,64571251661.33,
2021-02-19,167.01,0.09373431,167.428228,-0.0347,7984922.0,36254870.36,1127.64,64744495895.07,
2021-02-22,169.51,0.09373149,169.414985,-0.0414,9968027.0,35861198.1,1115.4,64801231961.7,
2021-02-23,169.12,0.09373036,168.68185,-0.056,8542260.0,35701856.49,1110.44,64234048399.39,
2021-02-24,169.0,0.09372918,167.587769,-0.0314,8779289.0,35570635.64,1106.36,63582799511.26,
2021-02-25,165.82,0.09372803,166.803087,-0.0466,16143479.0,35373806.77,1100.24,62934804674.81,
2021-02-26,161.81,0.09372643,163.351108,-0.2102,22521970.0,35158235.98,1093.53,61256665605.28,
2021-03-01,161.53,0.09372319,162.530076,0.0315,13538171.0,34867694.1,1084.5,60444935191.78,
2021-03-02,162.41,0.09372197,161.562623,-0.0557,11340577.0,34952043.87,1087.12,60230545824.29,
2021-03-03,160.62,0.0937207,160.393609,-0.0279,12926126.0,34799654.6,1082.38,59554147177.2,
2021-03-04,159.04,0.09371968,160.457458,-0.1091,13632257.0,34668447.05,1078.3,59353213570.49,
2021-03-05,159.14,0.09371861,158.970193,-0.0648,10817510.0,34377919.36,1069.26,58310266664.61,
2021-03-08,157.49,0.09371549,158.102716,-0.038,11788181.0,34190488.38,1063.43,57675870808.91,
2021-03-09,160.84,0.09371461,160.898612,0.0302,10317898.0,34143631.07,1061.98,58615364331.17,
2021-03-10,161.66,0.09371358,160.831243,-0.0075,7877856.0,34087402.92,1060.23,58494322943.58,
2021-03-11,161.52,0.0937126,161.58395,-0.0197,6379669.0,33928091.5,1055.27,58493389780.35,
2021-03-12,161.49,0.09371144,159.759267,-0.0457,8508191.0,33825008.92,1052.07,57657119419.74,
2021-03-15,162.2,0.09370852,161.520694,-0.0516,8081278.0,33768783.81,1050.32,58195905880.41,
2021-03-16,162.35,0.0937076,162.58268,0.0508,7540495.0,33768783.81,1050.32,58578539613.0,
2021-03-17,163.51,0.09370652,162.07948,0.0078,12456007.0,33703189.24,1048.28,58283781005.27,
2021-03-18,162.56,0.09370545,161.726242,-0.0861,8693370.0,33703189.24,1048.28,58156756704.31,
2021-03-19,163.24,0.09370453,162.596095,-0.1515,6644689.0,33815634.68,1051.78,58664670915.55,
2021-03-22,163.0,0.09370146,162.679786,0.0294,4232361.0,33815634.68,1051.78,58694866736.06,
2021-03-23,161.81,0.0937003,161.745459,-0.0035,2357662.0,33609494.02,1045.36,58001921619.58,
2021-03-24,162.37,0.09369933,162.146696,-0.0878,5745129.0,33534534.56,1043.03,58016087870.13,
2021-03-25,161.78,0.0936984,162.782237,-0.0019,8246308.0,33534534.56,1043.03,58243484413.36,
2021-03-26,162.24,0.09369729,162.264975,-0.0406,5442984.0,33328400.52,1036.62,57701425282.79,
2021-03-29,160.31,0.09369377,159.836891,-0.0138,7989676.0,33356508.65,1037.5,56885949624.63,
2021-03-30,157.57,0.09369235,157.773226,-0.0813,8035145.0,33356508.65,1037.5,56151491698.8,
2021-03-31,159.96,0.09369145,158.436934,0.0158,10437028.0,33356508.65,1037.5,56387704956.0,
2021-04-01,161.98,0.0936911,161.715516,-0.0347,10437028.0,33206602.89,1032.83,57295807179.94,
2021-04-02,,,,,,,,,US Holiday
2021-04-05,161.92,0.09368699,161.708427,-0.0209,6053558.0,33206602.89,1032.83,57293295624.23,
2021-04-06,163.22,0.09368636,163.449912,0.0189,6659164.0,33084810.62,1029.04,57697818917.19,
2021-04-07,162.76,0.09368519,162.829545,0.021,5378669.0,33073407.62,1028.69,57478829255.21,
2021-04-08,164.51,0.09368423,164.462674,0.0284,6536223.0,32989091.81,1026.07,57907307889.2,
2021-04-09,163.27,0.09368314,163.121086,-0.0232,6583737.0,32989091.81,1026.07,57434935345.52,
2021-04-12,162.28,0.09368001,162.333403,0.0347,4779979.0,32989091.81,1026.07,57157591196.53,
2021-04-13,163.43,0.09367909,163.746364,-0.0098,6795392.0,32989091.81,1026.07,57655094639.27,
2021-04-14,162.72,0.09367797,162.582796,-0.0028,6265622.0,32886046.04,1022.86,57066561466.2,
2021-04-15,165.35,0.09367712,164.609434,-0.0118,8129876.0,32886046.04,1022.86,57777911173.47,
2021-04-16,166.35,0.09367624,166.223806,0.0143,9390060.0,32783002.18,1019.66,58161709883.81,
2021-04-19,165.89,0.09367316,166.223026,0.0078,5603054.0,32848573.39,1021.7,58277792986.84,
2021-04-20,166.48,0.09367217,166.535071,-0.0042,6484609.0,32848573.39,1021.7,58387195841.01,
2021-04-21,168.13,0.09367137,168.439866,0.0068,8345894.0,32848573.39,1021.7,59055017124.13,
2021-04-22,167.04,0.09367023,167.458945,0.0027,7583139.0,32848573.39,1021.7,58711106115.79,
2021-04-23,166.4,0.09366912,166.899646,0.003,7082824.0,32848573.39,1021.7,58515015836.67,
2021-04-26,166.84,0.09366592,166.102466,0.0231,4748702.0,32848573.39,1021.7,58235524673.18,
2021-04-27,166.42,0.09366506,167.112513,0.0137,5324765.0,32848573.39,1021.7,58589647180.43,
2021-04-28,166.91,0.09366385,165.991069,0.0319,6719635.0,32848573.39,1021.7,58196468951.94,
2021-04-29,166.22,0.09366267,165.094497,0.0556,9007778.0,32698713.12,1017.04,57617979535.97,
2021-04-30,165.66,0.09366172,165.561146,0.0201,6137169.0,32698713.12,1017.04,57780839879.95,
2021-05-03,167.81,0.09365864,165.555703,0.0465,8904180.0,32736176.57,1018.2,57845162534.75,
2021-05-04,166.58,0.09365819,168.374003,0.0042,9995634.0,32736176.57,1018.2,58829876731.57,
2021-05-05,167.27,0.09365686,166.919939,0.0172,5891648.0,32772321.68,1019.33,58405286813.76,
2021-05-06,170.06,0.09365592,169.812233,0.0321,13430505.0,32772321.68,1019.33,59417300397.88,
2021-05-07,171.59,0.09365497,172.002038,0.0051,14681680.0,32959631.62,1025.15,60527517242.81,
2021-05-10,172.11,0.09365191,172.361661,0.043,8215613.0,32959631.62,1025.15,60654068473.46,
2021-05-11,172.14,0.09365082,171.296721,0.0247,8263908.0,32959631.62,1025.15,60279316052.14,
2021-05-12,170.43,0.09364981,171.444701,-0.0071,12001053.0,32959631.62,1025.15,60331390289.55,
2021-05-13,171.13,0.09364872,170.60924,0.0123,7827346.0,32931537.0,1024.28,59986208845.53,
2021-05-14,172.69,0.09364781,172.134043,0.0392,9436469.0,33062643.93,1028.36,60763317288.32,
2021-05-17,174.7,0.09364487,173.589494,-0.0042,11938698.0,33306120.6,1035.93,61728423893.46,
2021-05-18,175.04,0.09364396,174.809864,-0.0267,7166673.0,33306120.6,1035.93,62162387528.12,
2021-05-19,175.16,0.09364314,176.840386,0.0274,20576849.0,33156291.57,1031.27,62601496572.53,
2021-05-20,175.96,0.09364201,175.887791,0.07,9748560.0,33343575.59,1037.09,62616053432.14,
2021-05-21,176.04,0.09364096,175.661077,0.0048,7407164.0,33530857.51,1042.92,62886665678.09,
2021-05-24,176.35,0.09363793,176.05336,0.0305,5476800.0,33633859.23,1046.12,63220761466.15,
2021-05-25,177.95,0.09363699,176.693005,0.0107,8738559.0,33633859.23,1046.12,63450458046.8,
2021-05-26,177.64,0.09363613,177.88524,0.0296,8224486.0,33568313.94,1044.08,63754070038.44,
2021-05-27,177.71,0.09363499,177.105908,0.0245,7879770.0,33568313.94,1044.08,63474757411.31,
2021-05-28,178.38,0.09363409,177.900082,-0.0255,9642909.0,33540223.72,1043.21,63706019312.34,
2021-05-31,,,,,,,,,US Holiday
2021-06-01,177.9,0.09362997,177.836087,0.0389,9113530.0,33624490.69,1045.83,63843155327.1,
2021-06-02,178.77,0.093629,178.152584,0.0311,6605862.0,33493410.09,1041.75,63707364079.91,
2021-06-03,175.27,0.09362734,174.760117,0.0144,10100117.0,33493410.09,1041.75,62494217759.05,
2021-06-04,177.16,0.09362675,177.01074,0.0261,8372827.0,33538572.09,1043.16,63405247016.1,
2021-06-07,177.87,0.09362367,176.798935,-0.0074,7704853.0,33351324.75,1037.33,62975780556.03,
2021-06-08,177.32,0.09362266,177.241739,0.0015,5863069.0,33351324.75,1037.33,63133507466.96,
2021-06-09,176.98,0.09362164,177.37556,0.0158,6318828.0,33538568.03,1043.16,63535925602.11,
2021-06-10,177.74,0.09362059,176.816519,0.0162,9887499.0,33585378.33,1044.61,63424085288.76,
2021-06-11,175.74,0.09361952,176.102995,-0.017,7702500.0,33585378.33,1044.61,63168144152.26,
2021-06-14,174.71,0.09361633,174.650624,0.024,7711376.0,33585378.33,1044.61,62647179005.5,
2021-06-15,174.05,0.0936153,174.601896,0.0239,7192785.0,33585378.33,1044.61,62629699955.93,
2021-06-16,171.11,0.09361424,174.192693,-0.1004,15962186.0,33622824.02,1045.78,62552595887.23,
2021-06-17,165.85,0.09361245,166.50846,-0.029,27160417.0,33501127.84,1041.99,59576726896.97,
2021-06-18,164.93,0.09361136,165.982308,-0.4318,15393145.0,33856851.01,1053.06,60019202490.59,
2021-06-21,166.95,0.09360831,166.159429,0.0154,8283869.0,33744521.03,1049.56,59883858097.3,
2021-06-22,166.25,0.09360728,166.157608,-0.0144,7178507.0,33744521.03,1049.56,59883201835.84,
2021-06-23,166.14,0.09360647,167.705359,-0.0178,8088962.0,33650914.56,1046.65,60273305932.78,
2021-06-24,166.04,0.09360536,167.07152,-0.0413,6761312.0,33529227.6,1042.87,59828311234.51,
2021-06-25,166.59,0.09360436,167.238223,0.0203,7461615.0,33529227.6,1042.87,59888007530.06,
2021-06-28,166.58,0.09360118,166.638175,0.0623,6455912.0,33622828.78,1045.78,59839768549.63,
2021-06-29,164.83,0.09359973,164.309648,-0.0331,7333953.0,33622828.78,1045.78,59003594632.74,
2021-06-30,165.63,0.09359884,165.028797,-0.0153,6103680.0,33622828.78,1045.78,59261840962.36,
2021-07-01,166.2,0.09359814,166.745095,-0.009,7333349.0,33538590.45,1043.16,59728093086.37,
2021-07-02,167.29,0.0935972,167.178647,0.0245,7356477.0,33519871.01,1042.58,59849955540.68,
2021-07-05,,,,,,,,,US Holiday
2021-07-06,168.12,0.09359358,169.390342,-0.0561,7925998.0,33508682.46,1042.23,60641742350.88,
2021-07-07,168.76,0.09359254,168.901772,0.0284,7005180.0,33452526.94,1040.48,60365493478.19,
2021-07-08,168.65,0.09359152,169.185397,-0.0222,7050688.0,33443167.79,1040.19,60449942488.48,
2021-07-09,169.21,0.09359049,169.024426,-0.0155,4927103.0,33443167.79,1040.19,60392427261.18,
2021-07-12,169.0,0.09358733,167.745927,0.0102,7313625.0,33349580.46,1037.28,59767873750.7,
2021-07-13,169.22,0.09358645,169.751781,-0.0117,6940324.0,33349580.46,1037.28,60482559421.65,
2021-07-14,171.04,0.09358549,170.625068,0.039,8811706.0,33255994.97,1034.37,60623086693.79,
2021-07-15,171.07,0.09358447,170.674678,0.011,6499973.0,33255994.97,1034.37,60640712927.97,
2021-07-16,169.41,0.09358345,170.724286,-0.0411,9321489.0,33068828.07,1028.55,60316890393.33,
2021-07-19,169.61,0.09358028,169.838845,0.0409,6696832.0,33068828.07,1028.55,60004063816.73,
2021-07-20,169.39,0.09357934,170.599814,-0.0008,6511451.0,33068828.07,1028.55,60272914233.14,
2021-07-21,168.76,0.09357808,168.641729,-0.0539,4456398.0,33068828.07,1028.55,59581122775.6,
2021-07-22,169.09,0.09357702,168.387164,-0.0125,4456398.0,33031397.26,1027.38,59423830107.03,
2021-07-23,168.56,0.09357599,168.399358,0.0085,5830515.0,33031397.26,1027.38,59428133542.27,
2021-07-26,168.16,0.09357293,168.449981,-0.0044,5086996.0,32975253.5,1025.64,59344928390.03,
2021-07-27,168.44,0.0935719,168.462175,-0.0065,5923398.0,32975253.5,1025.64,59349224268.48,
2021-07-28,169.29,0.09357082,168.109333,-0.0385,7864456.0,32975253.5,1025.64,59224918020.54,
2021-07-29,171.17,0.09357031,171.168175,0.0359,8072085.0,33162394.12,1031.46,60644884289.07,
2021-07-30,169.82,0.09356923,170.834023,0.0157,7381861.0,33162394.12,1031.46,60526494478.63,
2021-08-02,169.61,0.0935659,169.489945,-0.0081,10762285.0,33106254.58,1029.71,59948593579.59,
2021-08-03,169.49,0.09356489,169.600406,0.0142,5293437.0,33050115.65,1027.97,59885903440.11,
2021-08-04,169.53,0.09356418,171.138249,0.0041,9466691.0,33050115.65,1027.97,60428915600.54,
2021-08-05,168.86,0.0935626,168.482846,0.001,8002545.0,33038781.54,1027.61,59491292855.46,
2021-08-06,164.64,0.09356146,164.939498,-0.0131,13292708.0,32963932.37,1025.28,58108185120.8,
2021-08-09,161.72,0.09355827,162.683795,-0.0785,11134206.0,32907797.41,1023.54,57215890571.43,
2021-08-10,161.77,0.09355716,161.231727,-0.0168,6824159.0,32907797.41,1023.54,56705198277.92,
2021-08-11,164.0,0.09355626,163.124687,0.0093,7326394.0,32907797.41,1023.54,57370952445.84,
2021-08-12,164.04,0.09355526,163.478453,-0.0137,5210590.0,32907797.41,1023.54,57495371982.82,
2021-08-13,166.39,0.09355442,165.951503,0.0085,7289972.0,32851664.76,1021.79,58265572694.57,
2021-08-16,167.22,0.09355145,167.115632,-0.0383,7775055.0,32814244.18,1020.63,58607452191.27,
2021-08-17,166.97,0.09355045,167.403858,-0.0353,7089062.0,32701983.64,1017.14,58507648336.69,
2021-08-18,167.1,0.09354937,166.840622,0.0228,7625308.0,32636499.08,1015.1,58194008968.67,
2021-08-19,166.61,0.09354833,166.7078,-0.0138,6870496.0,32636499.08,1015.1,58147680628.11,
2021-08-20,166.7,0.09354727,166.425272,-0.0108,6525589.0,32524242.36,1011.61,57849424644.17,
2021-08-23,168.73,0.09354449,168.567163,0.0074,7338116.0,32365216.72,1006.66,58307381757.46,
2021-08-24,168.65,0.09354354,169.168824,-0.1797,4484350.0,32299736.25,1004.63,58397078472.14,
2021-08-25,167.48,0.09354225,167.31902,-0.0148,5586934.0,32206194.0,1001.72,57591206681.65,
2021-08-26,167.67,0.09354119,167.120695,-0.0036,4271661.0,32206194.0,1001.72,57522943278.94,
2021-08-27,170.19,0.09354035,168.232314,0.0032,10033298.0,32206194.0,1001.72,57905562399.02,
2021-08-30,169.35,0.09353727,168.226783,-0.0417,3768600.0,32206194.0,1001.72,57903658675.39,
2021-08-31,169.69,0.09353653,169.754764,-0.0004,6327438.0,32159425.73,1000.26,58344712230.19,
2021-09-01,169.7,0.09353545,169.467523,0.0027,4735867.0,32159425.73,1000.26,58245987662.52,
2021-09-02,169.25,0.09353444,169.535841,-0.0221,4598108.0,32103305.07,998.52,58167747145.78,
2021-09-03,171.06,0.09353362,170.577259,-0.0111,8351202.0,32103305.07,998.52,58525057619.74,
2021-09-06,,,,,,,,,US Holiday
2021-09-07,167.71,0.09352907,168.553408,-0.011,9934457.0,32103305.07,998.52,57830674276.25,
2021-09-08,167.29,0.09352769,167.040448,-0.013,6551436.0,32103305.07,998.52,57311577820.48,
2021-09-09,168.03,0.09352671,167.249144,0.011,6479114.0,32092220.73,998.17,57383181393.21,
2021-09-10,167.18,0.09352572,167.841259,-0.0084,7420755.0,32092220.73,998.17,57586335904.82,
2021-09-13,167.74,0.09352264,167.770266,0.015,5465352.0,32157686.58,1000.21,57679417552.57,
2021-09-14,168.82,0.09352161,167.660862,0.0028,7864909.0,32157686.58,1000.21,57641804515.07,
2021-09-15,167.83,0.09352062,168.051872,0.0167,5613519.0,32101574.21,998.46,57675402500.7,
2021-09-16,164.03,0.09351916,163.466814,-0.0175,11689700.0,32148333.79,999.92,56183543951.17,
2021-09-17,163.77,0.09351821,164.213303,-0.0296,8027580.0,32204444.72,1001.66,56538640073.45,
2021-09-20,164.94,0.09351516,164.376267,-0.0571,7306185.0,32204444.72,1001.66,56594748654.44,
2021-09-21,166.04,0.09351433,165.936499,0.008,7079784.0,32176390.42,1000.79,57082155820.06,
2021-09-22,165.42,0.09351329,165.836469,0.018,9556018.0,32176390.42,1000.79,57047745422.5,
2021-09-23,163.51,0.09351196,163.645933,0.0263,8432262.0,31914556.93,992.65,55835992353.23,
2021-09-24,163.3,0.09351089,163.344827,-0.0295,6751101.0,31942610.2,993.52,55782258435.76,
2021-09-27,163.64,0.09350795,164.134506,-0.0279,4741251.0,31839751.45,990.32,55871385774.68,
2021-09-28,162.05,0.09350657,162.117022,0.0031,9198745.0,31830400.79,990.03,55168422659.6,
2021-09-29,161.32,0.09350561,162.433266,0.0191,8345746.0,31830400.79,990.03,55276040250.84,
2021-09-30,164.22,0.09350468,162.95996,-0.0087,10565093.0,31830400.79,990.03,55455274279.62,
2021-10-01,164.59,0.09350391,164.291051,0.0498,6528094.0,31718196.1,986.54,55711095537.06,
2021-10-04,165.36,0.09350079,164.051812,0.0431,7553855.0,31718196.1,986.54,55629969338.2,
2021-10-05,164.59,0.09349974,163.923741,-0.0078,5568806.0,31718196.1,986.54,55586540599.22,
2021-10-06,165.03,0.09349885,164.529925,0.0097,6024642.0,31718196.1,986.54,55792097446.94,
2021-10-07,164.16,0.09349788,164.752607,-0.0205,4724789.0,31718196.1,986.54,55867608863.1,
2021-10-08,164.23,0.09349709,165.793721,0.0026,8485389.0,31670224.46,985.05,56154333140.23,
2021-10-11,163.92,0.09349393,164.329604,-0.0506,3786940.0,31670224.46,985.05,55658436903.3,
2021-10-12,164.66,0.09349297,165.272196,-0.0198,5429620.0,31670224.46,985.05,55977692709.48,
2021-10-13,167.59,0.09349207,166.948785,-0.0158,11076214.0,31595430.81,982.72,56411994822.96,
2021-10-14,168.0,0.09349114,168.162512,-0.0009,5051854.0,31595430.81,982.72,56822112708.54,
2021-10-15,165.33,0.09348991,165.724883,-0.007,8634633.0,31511289.89,980.1,55849285647.74,
2021-10-18,164.92,0.09348679,165.270614,-0.0231,4000459.0,31511289.89,980.1,55696196993.1,
2021-10-19,165.45,0.09348588,166.362803,0.0245,6570896.0,31511289.89,980.1,56064264975.15,
2021-10-20,166.9,0.09348484,166.216049,0.0353,4997834.0,31511289.89,980.1,56014808608.19,
2021-10-21,166.75,0.09348383,166.335783,-0.0483,4285981.0,31445851.21,978.07,55938723930.1,
2021-10-22,167.77,0.09348315,169.040911,0.0015,10656711.0,31445851.21,978.07,56848458318.89,
2021-10-25,168.93,0.09348004,168.75484,0.0282,4649048.0,31445851.21,978.07,56752252829.19,
2021-10-26,167.68,0.09347874,166.910956,-0.0021,6638493.0,31501938.45,979.81,56232300985.33,
2021-10-27,168.12,0.09347785,167.816118,0.0637,5794242.0,31604764.09,983.01,56721847916.45,
2021-10-28,168.08,0.09347696,168.585689,-0.0029,6906555.0,31576721.0,982.14,56931387044.23,
2021-10-29,166.65,0.09347538,165.371971,-0.0079,7395131.0,31576721.0,982.14,55846114659.07,
2021-11-01,167.52,0.09347275,167.671413,-0.0139,4924828.0,31492595.52,979.52,56471732008.04,
2021-11-02,167.16,0.09347166,167.356336,0.008,3608620.0,31492595.52,979.52,56365614100.92,
2021-11-03,165.77,0.09347012,164.829886,0.0001,8589947.0,31445860.46,978.07,55432290693.27,
2021-11-04,167.65,0.09346974,167.885672,-0.0032,6641815.0,31360470.13,975.41,56325643045.61,
2021-11-05,169.84,0.09346873,168.416627,-0.0047,9285608.0,31360470.13,975.41,56503778499.07,
2021-11-08,170.45,0.09346574,170.327283,-0.013,4889156.0,31360470.13,975.41,57144803453.21,
2021-11-09,171.29,0.09346473,170.788107,-0.0086,5661061.0,31360470.13,975.41,57299409834.72,
2021-11-10,173.15,0.09346387,173.786712,0.019,11429495.0,31360470.13,975.41,58305441955.08,
2021-11-11,174.12,0.09346283,173.644599,-0.0042,5871856.0,31379162.69,975.99,58292491720.02,
2021-11-12,174.45,0.09346182,173.890398,-0.0048,7638200.0,31379162.69,975.99,58375006768.05,
2021-11-15,174.18,0.09345875,173.823924,0.0021,5420995.0,31379162.69,975.99,58352691378.55,
2021-11-16,172.92,0.09345772,173.756588,-0.002,8652017.0,31379162.69,975.99,58330086723.83,
2021-11-17,174.5,0.09345674,174.287479,0.0002,6461494.0,31407199.72,976.87,58560592999.57,
2021-11-18,173.94,0.09345568,173.855594,0.0155,6248558.0,31407199.72,976.87,58415479704.21,
2021-11-19,172.61,0.09345466,173.928467,0.0227,8360406.0,31668872.76,985.0,58926964728.63,
2021-11-22,168.74,0.09345107,169.711807,-0.0181,8360406.0,31846429.8,990.53,57820812791.63,
2021-11-23,167.28,0.0934497,167.195537,-0.0126,7992914.0,31865119.74,991.11,56996958671.65,
2021-11-24,167.12,0.09344858,166.53005,0.0087,5271871.0,31865119.74,991.11,56770094176.69,
2021-11-25,,,,,,,,,US Holiday
2021-11-26,166.85,0.0934468,168.279003,-0.3706,9509796.0,31921187.82,992.85,57467279623.23,
2021-11-29,166.62,0.09344349,166.885405,-0.0147,7357215.0,31921187.82,992.85,56991365864.48,
2021-11-30,165.5,0.09344277,168.608143,-0.0121,12644066.0,31921187.82,992.85,57579680762.59,
2021-12-01,166.16,0.09344149,167.190188,-0.0058,7803456.0,31855778.77,990.82,56978415926.57,
2021-12-02,165.24,0.09344003,164.921647,0.0008,9168851.0,31706274.73,986.17,55941422691.36,
2021-12-03,166.63,0.09343905,165.158195,0.0112,9358228.0,31648856.47,984.38,55939080652.78,
2021-12-06,166.22,0.09343601,166.189962,-0.0008,4810946.0,31592794.87,982.64,56188826061.33,
2021-12-07,166.81,0.093435,166.440432,-0.0021,4586332.0,31592794.87,982.64,56273510204.71,
2021-12-08,166.9,0.09343398,166.667539,-0.0082,4283710.0,31592794.87,982.64,56350295007.9,
2021-12-09,165.88,0.09343292,165.950888,-0.0125,4797689.0,31592794.87,982.64,56107995238.29,
2021-12-10,166.58,0.09343192,166.285457,0.0121,6258811.0,31592794.87,982.64,56221113171.27,
2021-12-13,167.0,0.0934289,167.032192,-0.0097,6455502.0,31592794.87,982.64,56473584037.77,
2021-12-14,165.44,0.0934278,166.011853,-0.0032,8575811.0,31527395.41,980.6,56012399158.48,
2021-12-15,166.15,0.09342671,165.239144,0.0361,13977486.0,31433968.7,977.7,55586448011.63,
2021-12-16,168.16,0.09342592,167.764918,0.054,11031815.0,31433968.7,977.7,56436118380.12,
2021-12-17,167.8,0.093425,168.884374,-0.0608,9277046.0,31461996.2,978.57,56863368704.46,
2021-12-20,167.09,0.09342181,167.813592,-0.0057,6865110.0,31461996.2,978.57,56502836418.28,
2021-12-21,167.02,0.09342075,167.573478,-0.0006,4428264.0,31461996.2,978.57,56421989998.02,
2021-12-22,168.59,0.09341972,167.482872,0.0072,4630777.0,31303182.67,973.63,56106762220.19,
2021-12-23,168.97,0.09341885,168.639709,0.0027,4430428.0,31303182.67,973.63,56494302562.91,
2021-12-24,,,,,,,,,US Holiday
2021-12-27,169.37,0.0934145,166.842975,0.0159,4701656.0,31303182.67,973.63,55892396469.94,
2021-12-28,168.64,0.09341348,166.841146,-0.0158,4701656.0,31368572.11,975.66,56008572752.7,
2021-12-29,168.59,0.09341259,167.605536,0.0069,5883061.0,31368572.11,975.66,56265178432.55,
2021-12-30,169.8,0.09341175,168.687618,0.0103,5298244.0,31368572.11,975.66,56628433276.66,
2021-12-31,170.96,0.09341097,170.017307,0.0148,6915592.0,31368572.11,975.66,57074809945.01,
2022-01-01,,,,,,,,,US Holiday
2022-01-03,168.33,0.0934079,170.011717,-0.0897,8853159.0,31368572.11,975.66,57072933533.47,
2022-01-04,169.57,0.09340671,169.196915,-0.0003,6921956.0,31518022.85,980.31,57070119553.26,
2022-01-05,169.06,0.09340597,170.582661,-0.0115,8559143.0,31507548.84,979.99,57537531637.33,
2022-01-06,166.99,0.09340485,167.133962,0.0073,10454437.0,31470186.9,978.82,56307431690.59,
2022-01-07,167.75,0.09340383,167.435713,0.0394,7919643.0,31414144.6,977.08,56308630186.03,
2022-01-10,168.26,0.09340077,167.579664,-0.0052,6812027.0,31414144.6,977.08,56357041044.22,
2022-01-11,170.29,0.09339982,168.754794,0.0016,8359694.0,31386124.66,976.21,56701610878.65,
2022-01-12,170.74,0.09339889,170.116732,0.0157,6161682.0,31386124.66,976.21,57159221889.34,
2022-01-13,170.16,0.09339786,170.016787,0.0328,6648670.0,31386124.66,976.21,57125640417.18,
2022-01-14,169.67,0.09339685,170.25779,-0.0076,7823017.0,31386124.66,976.21,57206617412.58,
2022-01-17,,,,,,,,,US Holiday
2022-01-18,169.39,0.09339271,169.717895,0.0002,9090053.0,31386124.66,976.21,57025212570.64,
2022-01-19,172.08,0.09339178,170.622112,0.0153,15551405.0,31554229.86,981.44,57636149512.03,
2022-01-20,171.65,0.09339095,172.338986,0.002,9514961.0,31535551.67,980.86,58181641551.81,
2022-01-21,171.09,0.09338984,171.61317,0.076,10776359.0,32422755.15,1008.45,59566931212.54,
2022-01-24,172.03,0.0933867,171.047071,0.0033,14936299.0,32422755.15,1008.45,59370438470.14,
2022-01-25,172.58,0.09338587,172.511724,-0.0046,16897987.0,32572172.54,1013.1,60154838260.82,
2022-01-26,169.79,0.0933847,171.449638,-0.0723,17676663.0,32609526.42,1014.26,59853068778.78,
2022-01-27,167.6,0.09338326,168.720209,0.007,15713846.0,32609526.42,1014.26,58900225118.24,
2022-01-28,167.1,0.09338196,166.980948,0.0078,9574582.0,32609526.42,1014.26,58293049991.84,
2022-01-31,168.09,0.09337901,167.638667,0.0237,8291013.0,32721581.24,1017.75,58723825030.58,
2022-02-01,168.23,0.09337807,168.066512,-0.0039,9730481.0,32730919.04,1018.04,58890505757.91,
2022-02-02,168.84,0.09337711,168.419625,0.0713,9068682.0,32684230.49,1016.59,58930026699.61,
2022-02-03,168.6,0.09337588,167.394949,-0.0088,10644245.0,32628204.96,1014.84,58471055525.34,
2022-02-04,168.86,0.09337509,168.514025,0.0299,9533315.0,32523972.84,1011.6,58693436510.41,
2022-02-07,170.11,0.09337205,169.334887,-0.0007,7749848.0,32523972.84,1011.6,58979341189.63,
2022-02-08,170.63,0.09337107,170.178104,0.0037,5767950.0,32664029.44,1015.96,59528301037.5,
2022-02-09,171.21,0.09337007,170.661806,0.0199,7764092.0,32664029.44,1015.96,59697499764.29,
2022-02-10,170.56,0.09336908,171.364941,-0.0004,10467554.0,32664029.44,1015.96,59943456264.83,
2022-02-11,173.81,0.09336803,170.970875,,25721371.0,32776071.08,1019.44,60010776971.8,AWAITED
2022-02-14,174.74,0.09336521,174.233487,0.0029,13397570.0,32776071.08,1019.44,61155953952.6,
2022-02-15,173.08,0.09336405,172.588123,-0.0121,12339335.0,32776071.08,1019.44,60578431221.12,
2022-02-16,174.86,0.09336315,173.898194,0.0093,12746364.0,32776071.08,1019.44,61038266099.99,
2022-02-17,177.25,0.09336238,176.777003,-0.0108,18533184.0,32776071.08,1019.44,62048727899.32,
2022-02-18,177.12,0.09336136,176.789072,0.0133,13112275.0,32925449.26,1024.09,62335826784.14,
2022-02-21,,,,,,,,,US Holiday
2022-02-22,177.49,0.09335734,177.388279,-0.0152,14735429.0,32925449.26,1024.09,62547107067.86,
2022-02-23,178.29,0.09335637,177.815874,-0.0026,11557562.0,33093490.72,1029.31,63017945607.19,
2022-02-24,177.14,0.09335571,180.764667,0.0035,32322523.0,33093490.72,1029.31,64062997846.09,
2022-02-25,176.55,0.09335406,175.953724,0.0057,11338071.0,33018807.47,1026.99,62217236705.27,
2022-02-28,178.38,0.09335134,178.287057,0.0245,15968627.0,33084153.41,1029.02,63167104232.14,
2022-03-01,181.62,0.09335049,179.419645,0.0055,21577020.0,33513565.67,1042.38,64393710400.89,
2022-03-02,179.73,0.09334956,180.024632,-0.0352,19603625.0,33765609.48,1050.22,65096906997.42,
2022-03-03,180.8,0.09334856,180.125374,0.0125,14626358.0,33765609.48,1050.22,65133335370.07,
2022-03-04,183.68,0.09334777,181.589424,0.007,21585904.0,33896035.62,1054.28,65935119964.86,
2022-03-07,186.41,0.09334481,184.911409,-0.0023,27616758.0,34166735.56,1062.7,67677575749.63,
2022-03-08,191.51,0.09334399,190.33306,0.0088,47215077.0,34316085.95,1067.34,69966433009.94,
2022-03-09,185.82,0.09334277,185.649438,-0.1244,26689136.0,34185406.07,1063.28,67984824194.61,
2022-03-10,186.4,0.09334178,186.366204,0.0121,17899186.0,34129401.0,1061.53,68135484178.73,
2022-03-11,185.09,0.09334067,184.693187,0.0008,14744434.0,34213407.61,1064.15,67690053030.89,
2022-03-14,182.3,0.09333744,182.38602,-0.0073,12952821.0,34213407.61,1064.15,66844476373.78,
2022-03-15,178.89,0.09333611,178.612653,,16948249.0,34138738.72,1061.83,65318647194.47,AWAITED
2022-03-16,180.01,0.09333509,178.568688,-0.0042,17402197.0,34418743.99,1070.53,65838275192.19,
2022-03-17,180.89,0.09333437,181.96936,0.0125,10942250.0,34512078.36,1073.44,67274072501.03,
2022-03-18,179.3,0.09333323,180.674461,0.0332,13935386.0,34801411.37,1082.44,67355439050.53,
2022-03-21,180.67,0.09333015,180.598508,-0.0084,10543655.0,34838743.43,1083.6,67399363279.67,
2022-03-22,179.36,0.09332891,178.748193,-0.002,9610827.0,34838743.43,1083.6,66708825696.15,
2022-03-23,181.81,0.09332808,180.286516,0.0086,12538393.0,34969402.74,1087.66,67535328733.49,
2022-03-24,183.13,0.09332745,183.407107,0.0023,10501495.0,34969402.74,1087.66,68704302323.12,
2022-03-25,182.38,0.09332629,182.340904,0.0181,7598964.0,35146722.69,1093.18,68651351197.07,
2022-03-28,179.06,0.09332299,180.771296,-0.0072,9327188.0,35146722.69,1093.18,68060393037.67,
2022-03-29,179.14,0.09332157,178.244193,-0.0741,10125479.0,35090729.75,1091.44,67001992221.16,
2022-03-30,180.58,0.09332091,180.468642,0.0133,8252900.0,35090729.75,1091.44,67838162685.68,
2022-03-31,180.65,0.09332002,181.241471,-0.0045,9675686.0,35090729.75,1091.44,68128669118.91,
2022-04-01,179.5,0.09331879,180.04927,-0.0052,12576902.0,35100061.63,1091.73,67698525529.51,
2022-04-04,180.37,0.09331574,180.127366,-0.0115,6995878.0,35044072.19,1089.98,67619813134.58,
2022-04-05,179.24,0.09331497,181.408958,-0.0394,10821773.0,34957696.4,1087.3,67955795933.56,
2022-04-06,179.66,0.09331391,180.109836,0.0067,8885324.0,34957696.4,1087.3,67469144557.58,
2022-04-07,180.34,0.09331289,180.31783,0.0123,8885324.0,35004352.85,1088.75,67637218038.96,
2022-04-08,181.47,0.0933119,181.155725,0.0226,10653093.0,35060339.99,1090.49,68060205965.91,
2022-04-11,182.37,0.09330889,182.096958,-0.0235,10653093.0,35060339.99,1090.49,68413826945.65,
2022-04-12,183.77,0.09330792,182.962829,0.0418,11918988.0,35144317.12,1093.1,68903801345.14,
2022-04-13,184.65,0.09330699,184.444596,0.0192,8646603.0,35508214.38,1104.42,70181168664.03,
2022-04-14,184.04,0.09330588,183.18277,0.0026,11183486.0,35349594.38,1099.49,69389633207.38,
2022-04-15,,,,,,,,,US Holiday
2022-04-18,184.61,0.09330179,183.17474,-0.0031,8704310.0,35377584.92,1100.36,69441543941.8,
2022-04-19,181.82,0.09330077,183.242722,0.0463,12332523.0,35582846.61,1106.74,69870449803.52,
2022-04-20,182.71,0.09329961,181.892257,0.0061,6856861.0,35582846.61,1106.74,69355518531.18,
2022-04-21,182.06,0.09329853,181.344351,-0.0048,9553542.0,35498877.94,1104.13,68983391181.76,
2022-04-22,180.29,0.09329748,181.141728,-0.0293,9098526.0,35498877.94,1104.13,68906313448.25,
2022-04-25,177.05,0.09329382,176.791782,-0.0092,12949533.0,35405584.12,1101.23,67074801912.6,
2022-04-26,177.32,0.09329293,177.685706,-0.0266,12949533.0,35349608.36,1099.49,67307345300.24,
2022-04-27,175.98,0.09329163,175.929362,-0.0038,8839400.0,35228329.24,1095.71,66413334168.78,
2022-04-28,176.93,0.09329065,176.179395,0.0072,6378121.0,35228329.24,1095.71,66507721798.0,
2022-04-29,176.91,0.09328998,178.305139,-0.0296,7686238.0,35191013.25,1094.55,67238867995.14,
2022-05-02,173.63,0.09328691,178.299277,-0.004,14217486.0,35116383.72,1092.23,67094018009.62,
2022-05-03,174.09,0.09328515,174.415246,-0.0207,7204278.0,35013770.05,1089.04,65440600409.83,
2022-05-04,175.8,0.09328401,173.848753,0.0282,10465954.0,35013770.05,1089.04,65228052265.23,
2022-05-05,175.13,0.09328354,176.520445,-0.0117,12772816.0,34883173.1,1084.98,65983342336.09,
2022-05-06,175.42,0.09328232,175.589983,-0.0278,7586931.0,34787291.11,1082.0,65477504484.82,
2022-05-09,172.88,0.09327916,173.583193,0.001,10665691.0,34591404.87,1075.9,64364647909.91,
2022-05-10,171.42,0.09327812,173.25012,-0.0077,10971347.0,34358209.57,1068.65,63808019111.91,
2022-05-11,172.82,0.09327707,172.744468,0.0055,9148245.0,34292915.62,1066.62,63500866898.66,
2022-05-12,170.17,0.09327595,171.35259,0.0023,11552064.0,34106363.72,1060.82,62646507737.71,
2022-05-13,168.79,0.09327475,168.971878,-0.0087,12805531.0,33947796.65,1055.89,61488866902.11,
2022-05-16,170.4,0.09327167,168.775084,0.0485,7114012.0,33863852.14,1053.28,61265355573.9,
2022-05-17,169.33,0.09327079,170.219196,-0.014,6422203.0,33733273.04,1049.21,61551261260.33,
2022-05-18,169.42,0.09326963,168.878649,-0.0422,7414140.0,33733273.04,1049.21,61066519562.79,
2022-05-19,171.91,0.09326895,171.98795,0.0198,10565204.0,33957118.52,1056.18,62603613732.8,
2022-05-20,172.03,0.09326783,171.071845,0.0078,6512730.0,34190288.09,1063.43,62697831185.71,
2022-05-23,172.83,0.09326503,173.118548,0.0092,5207129.0,34339512.14,1068.07,63724937682.6,
2022-05-24,174.13,0.09326415,174.133485,0.0309,6751700.0,34339512.14,1068.07,64098535907.55,
2022-05-25,173.08,0.09326286,172.275155,0.0154,4570698.0,34395469.86,1069.81,63517849748.09,
2022-05-26,172.76,0.09326185,172.371219,0.0083,6441750.0,34395469.86,1069.81,63553268509.65,
2022-05-27,172.85,0.09326088,172.700501,0.0171,3802146.0,34395469.86,1069.81,63674674615.36,
2022-05-30,,,,,,,,,US Holiday
2022-05-31,171.14,0.09325657,171.470861,-0.0403,6225492.0,34348841.57,1068.36,63135571110.5,
2022-06-01,172.23,0.09325566,172.047365,-0.0146,6946500.0,34311539.31,1067.2,63279020750.9,
2022-06-02,174.35,0.09325464,172.045479,0.0175,5587775.0,34274237.45,1066.04,63209509088.06,
2022-06-03,172.58,0.09325361,172.043594,-0.0188,5515722.0,34274237.45,1066.04,63208816381.13,
2022-06-06,171.82,0.0932506,172.252499,-0.0257,3723289.0,34178594.78,1063.06,63130540930.65,
2022-06-07,172.94,0.09324958,172.474425,0.01,3723289.0,34178594.78,1063.06,63211876817.64,
2022-06-08,172.78,0.09324857,172.784942,0.001,5095319.0,34253193.64,1065.39,63463909072.69,
2022-06-09,172.23,0.09324751,172.027677,-0.0291,5095319.0,34253193.64,1065.39,63185765749.92,
2022-06-10,174.54,0.09324642,170.640945,-0.0168,16725037.0,34365089.34,1068.87,62881188090.36,
2022-06-13,169.93,0.09324336,170.714602,0.0097,13253564.0,34365089.34,1068.87,62908330792.12,
2022-06-14,168.57,0.09324224,169.542372,0.006,7282318.0,34206577.53,1063.94,62188142220.44,
2022-06-15,170.77,0.09324127,170.048758,-0.0172,8992138.0,34206577.53,1063.94,62373884511.07,
2022-06-16,172.69,0.09324027,170.303348,0.0037,8801567.0,34206577.53,1063.94,62467268018.97,
2022-06-17,171.27,0.09323938,171.70498,-0.0498,6922073.0,34579535.05,1075.54,63668206717.23,
2022-06-19,,,,,,,,,US Holiday
2022-06-20,,,,,,,,,US Holiday
2022-06-21,170.63,0.09323528,171.576227,0.0071,5604934.0,34523593.88,1073.8,63517519104.38,
2022-06-22,171.31,0.09323428,171.723555,-0.0171,6432562.0,34458329.89,1071.77,63451853675.81,
2022-06-23,170.26,0.09323326,171.726336,-0.0101,6493197.0,34178630.11,1063.07,62937702185.86,
2022-06-24,170.09,0.09323202,170.190396,-0.0035,6131872.0,34113367.69,1061.04,62255646880.24,
2022-06-27,169.9,0.09322897,170.264068,0.0076,5716691.0,33964201.34,1056.4,62010173677.79,
2022-06-28,169.62,0.09322784,169.586097,-0.004,5716691.0,33898941.85,1054.37,61644546081.4,
2022-06-29,169.49,0.09322679,169.463005,-0.0084,4780317.0,33843005.78,1052.63,61498124584.75,
2022-06-30,168.46,0.09322576,169.391206,-0.0065,9142103.0,33768425.17,1050.31,61336555691.8,
2022-07-01,168.32,0.0932244,167.566192,-0.0277,11377878.0,33498074.41,1041.9,60189776059.47,
2022-07-04,,,,,,,,,US Holiday
2022-07-05,164.75,0.09321979,165.185459,-0.0065,13976371.0,33181127.13,1032.04,58772986385.38,
2022-07-06,162.14,0.09321838,163.533004,-0.0206,11591401.0,32936297.08,1024.43,57776210273.89,
2022-07-07,162.23,0.09321734,162.939241,-0.0169,4566776.0,32936297.08,1024.43,57566433915.51,
2022-07-08,162.3,0.09321627,162.028524,-0.0063,4389358.0,32899010.57,1023.27,57179866265.0,
2022-07-11,161.43,0.09321322,162.191,0.0116,4020033.0,32899010.57,1023.27,57237203969.64,
2022-07-12,160.83,0.09321214,161.322242,0.0193,5095712.0,32843083.29,1021.53,56833825916.9,
2022-07-13,161.6,0.09321107,160.751809,-0.0281,8303277.0,32787156.64,1019.79,56536411381.16,
2022-07-14,159.33,0.09320985,158.522,-0.0132,12208184.0,32693946.79,1016.89,55593665355.92,
2022-07-15,159.01,0.09320888,159.028332,-0.0107,6772514.0,32610058.8,1014.28,55628110670.07,
2022-07-18,159.16,0.09320595,160.225692,-0.0388,5436186.0,32442288.09,1009.06,55758540730.14,
2022-07-19,159.54,0.09320486,159.664592,0.0492,3687344.0,32442288.09,1009.06,55563278472.29,
2022-07-20,158.04,0.0932038,159.313254,-0.0205,4699230.0,32339763.91,1005.87,55265767731.68,
2022-07-21,160.27,0.09320273,158.919967,-0.0121,5736977.0,32339763.91,1005.87,55129336559.53,
2022-07-22,160.67,0.09320211,161.88741,0.0013,5678650.0,32339763.91,1005.87,56158742595.07,
2022-07-25,160.23,0.09319879,160.199395,-0.0183,3462999.0,32321124.15,1005.29,55541130078.94,
2022-07-26,160.04,0.09319778,160.304847,0.0092,2582508.0,32321124.15,1005.29,55577690294.47,
2022-07-27,161.67,0.09319667,159.743746,0.0229,5704349.0,32321124.15,1005.29,55383156604.2,
2022-07-28,163.64,0.09319628,163.419683,0.0081,5596532.0,32321124.15,1005.29,56657604039.99,
2022-07-29,164.1,0.09319526,163.40857,-0.0533,7325702.0,32339763.21,1005.87,56686432771.53,
2022-08-01,165.03,0.09319254,165.174453,-0.0065,4444478.0,32339763.21,1005.87,57299017895.55,
2022-08-02,164.05,0.09319165,165.85784,-0.0535,4681368.0,32246571.56,1002.97,57370226776.68,
2022-08-03,164.45,0.09319028,164.131376,-0.0317,4386309.0,32172019.33,1000.65,56641737921.25,
2022-08-04,167.17,0.09318969,166.175848,-0.0129,5403705.0,32161167.79,1000.32,57347285275.28,
2022-08-05,165.29,0.09318864,165.246759,-0.0508,5221481.0,32123892.33,999.16,56960557996.91,
2022-08-08,166.69,0.09318562,166.247808,-0.0086,3332332.0,32123892.33,999.16,57305619576.69,
2022-08-09,167.2,0.09318465,167.289745,-0.0071,3080736.0,32123892.33,999.16,57664775221.17,
2022-08-10,166.78,0.09318363,167.269273,-0.0008,4031189.0,32067982.16,997.42,57557357005.35,
2022-08-11,166.34,0.09318262,167.421208,-0.0269,4302877.0,32067982.16,997.42,57609637830.5,
2022-08-12,167.87,0.09318157,166.990687,-0.0095,4994445.0,32021391.37,995.97,57378000044.86,
2022-08-15,165.71,0.09317838,165.540709,-0.0087,5235377.0,31956166.51,993.94,56763909041.59,
2022-08-16,165.42,0.09317734,165.375807,-0.0179,4094175.0,31900260.1,992.2,56608138811.69,
2022-08-17,164.35,0.09317625,164.661071,-0.0151,5358798.0,31797766.23,989.01,56182357257.23,
2022-08-18,163.92,0.09317521,164.505498,-0.0059,3624522.0,31695273.5,985.83,55948319779.65,
2022-08-19,162.72,0.09317403,163.124439,-0.0347,8170789.0,31797764.93,989.01,55658059606.7,
2022-08-22,161.64,0.09317075,161.488203,-0.0222,4097193.0,31751179.55,987.56,55019031183.52,
2022-08-23,162.77,0.09316991,162.7259,-0.004,4421667.0,31648692.65,984.38,55261715798.52,
2022-08-24,163.25,0.09316887,162.640243,-0.017,3200029.0,31648692.65,984.38,55232626679.45,
2022-08-25,163.75,0.09316797,163.374686,-0.0078,2844472.0,31648692.65,984.38,55482043322.37,
2022-08-26,161.76,0.09316691,163.158552,-0.0664,6689300.0,31592792.51,982.64,55310748973.93,
2022-08-29,161.86,0.09316385,163.153187,-0.0067,4688464.0,31527577.81,980.61,55194723323.71,
2022-08-30,160.51,0.09316246,161.199004,-0.035,4732606.0,31387834.12,976.26,54291824426.49,
2022-08-31,159.27,0.09316117,159.855254,-0.0031,5423606.0,31294672.95,973.37,53679394337.92,
2022-09-01,157.87,0.09315973,157.840526,-0.0206,5423606.0,31285356.98,973.08,52987064489.65,
2022-09-02,159.26,0.09315907,159.534915,-0.0088,5013379.0,31285356.98,973.08,53555871066.58,
2022-09-05,,,,,,,,,US Holiday
2022-09-06,158.33,0.09315477,158.605309,-0.0293,4859565.0,31220148.64,971.05,53132778624.21,
2022-09-07,159.94,0.09315375,158.608231,-0.0018,3977636.0,31220148.64,971.05,53133757337.52,
2022-09-08,158.98,0.09315289,159.230889,-0.0465,4575919.0,31126995.75,968.15,53183117160.82,
2022-09-09,159.82,0.09315197,159.606579,-0.0213,3851651.0,31078567.12,966.64,53244754649.26,
2022-09-12,160.63,0.09314899,160.812413,-0.0192,4478800.0,31022677.73,964.91,53550533651.1,
2022-09-13,158.54,0.09314781,158.803049,-0.006,6447455.0,30957474.26,962.88,52770253286.68,
2022-09-14,157.93,0.09314678,158.712807,-0.0154,5843676.0,30882956.84,960.56,52613295465.54,
2022-09-15,154.98,0.09314564,157.332296,0.0014,12901143.0,30929529.66,962.01,52234322279.54,
2022-09-16,155.84,0.09314439,155.052805,-0.0167,7137600.0,30892271.9,960.85,51415510012.45,
2022-09-19,155.96,0.09314133,155.047707,-0.0157,5003757.0,30799130.57,957.95,51258771943.07,
2022-09-20,155.07,0.0931403,154.999428,-0.0386,5628537.0,30650106.09,953.32,50994812408.19,
2022-09-21,155.79,0.09313938,155.70575,-0.028,7494440.0,30612850.34,952.16,51164909511.04,
2022-09-22,155.7,0.09313836,155.71336,-0.0176,5965083.0,30547653.49,950.13,51058411174.18,
2022-09-23,153.01,0.09313694,153.075214,-0.0639,9416289.0,30454516.55,947.23,50040287292.55,
2022-09-26,151.23,0.09313387,153.051549,0.0044,8084914.0,30333442.51,943.47,49833584305.1,
2022-09-27,151.54,0.0931327,152.206768,-0.0466,7113672.0,30249623.08,940.86,49421537442.86,
2022-09-28,154.69,0.09313199,153.868019,0.0282,8725846.0,30324128.68,943.18,50084040105.53,
2022-09-29,154.66,0.09313102,154.113208,0.0142,6277523.0,30258936.96,941.15,50055970051.38,
2022-09-30,154.67,0.09313031,155.690594,0.0262,6819487.0,30212371.81,939.7,50490459555.74,
2022-10-03,158.43,0.09312718,155.373387,0.0353,10270535.0,30314811.71,942.89,50558500003.11,
2022-10-04,160.7,0.09312709,159.698997,-0.0134,8005570.0,30370687.96,944.63,52061872903.75,
2022-10-05,159.81,0.09312578,158.360392,-0.004,5283690.0,30425836.01,946.34,51736340038.81,
2022-10-06,159.63,0.0931248,159.634535,0.005,5191190.0,30425836.01,946.34,52152602450.51,
2022-10-07,157.88,0.09312372,157.951792,-0.0033,5004405.0,30360649.41,944.31,51492284335.28,
2022-10-10,155.48,0.09312055,156.121255,0.047,5844145.0,30360649.41,944.31,50895529249.77,
2022-10-11,155.16,0.09311945,155.015956,-0.0113,5275397.0,30360649.41,944.31,50535201737.82,
2022-10-12,155.99,0.09311847,155.56838,-0.0098,3983304.0,30397896.79,945.47,50777519160.44,
2022-10-13,154.91,0.09311729,153.466598,-0.0172,7065138.0,30360649.88,944.31,50030110991.56,
2022-10-14,152.98,0.09311627,153.576672,-0.0014,5277867.0,30258221.98,941.13,49897060766.44,
2022-10-17,153.42,0.09311337,155.010479,0.0025,4333083.0,30193042.62,939.1,50254397401.63,
2022-10-18,153.75,0.09311222,153.914504,-0.0075,4517094.0,30183731.4,938.81,49883690855.62,
2022-10-19,151.69,0.09311096,151.929151,0.0064,7467732.0,29988198.38,932.73,48921186529.65,
2022-10-20,151.45,0.09310998,152.262754,-0.0224,5018229.0,29932332.4,930.99,48937249387.96,
2022-10-21,154.15,0.09310906,153.00147,0.0043,6834199.0,29839223.34,928.1,49021672951.24,
2022-10-24,153.65,0.09310609,153.545914,0.0323,4671195.0,29848533.94,928.39,49211465376.71,
2022-10-25,154.0,0.09310523,154.484845,0.0212,3413884.0,29848533.94,928.39,49512392962.05,
2022-10-26,154.98,0.09310432,155.181628,-0.0069,4296697.0,29848533.94,928.39,49735711911.79,
2022-10-27,154.74,0.09310319,154.528017,-0.013,3461708.0,29746120.44,925.2,49356248593.49,
2022-10-28,153.16,0.09310197,153.4367,0.0134,4644659.0,29662328.66,922.59,48869588876.56,
2022-10-31,151.91,0.09309873,152.588826,-0.0555,6090128.0,29597159.55,920.57,48492728917.36,
2022-11-01,153.46,0.09309784,153.169219,0.0001,4600540.0,29550610.63,919.12,48600593099.58,
2022-11-02,152.39,0.09309691,153.568001,-0.0713,7210900.0,29420274.96,915.07,48512131512.51,
2022-11-03,151.81,0.09309544,151.629202,-0.0154,5302551.0,29308560.43,911.59,47717709822.36,
2022-11-04,156.47,0.09309541,155.878958,0.0233,7680086.0,29159607.77,906.96,48805701682.64,
2022-11-07,155.85,0.09309246,156.297579,0.0034,4291166.0,29112236.13,905.48,48874252856.38,
2022-11-08,159.45,0.09309143,156.267936,0.0381,11266770.0,29205327.56,908.38,49021251901.98,
2022-11-09,158.65,0.09309059,159.673631,-0.0463,5896324.0,29205327.56,908.38,50089617957.3,
2022-11-10,163.48,0.09308972,162.418287,0.0308,9888047.0,29307726.25,911.57,51129276869.12,
2022-11-11,164.56,0.09308878,163.775745,0.0066,4475825.0,29261181.86,910.12,51474716789.76,
2022-11-14,164.92,0.09308579,164.659452,-0.0246,6157281.0,29270490.44,910.41,51768931658.63,
2022-11-15,165.5,0.09308479,164.885739,0.0129,9173522.0,29084320.86,904.62,51510304758.02,
2022-11-16,165.12,0.09308378,165.037544,0.0117,3641212.0,29140171.13,906.35,51656751390.21,
2022-11-17,163.92,0.09308263,163.695116,0.0127,4565909.0,29140171.13,906.35,51236571723.14,
2022-11-18,162.79,0.09308154,163.041633,-0.0039,4310067.0,29084322.2,904.62,50934206288.71,
2022-11-21,161.88,0.09307835,161.993569,0.0325,4763187.0,29130861.38,906.06,50687787699.12,
2022-11-22,162.07,0.09307737,162.229195,0.079,3182721.0,29158784.59,906.93,50810184159.58,
2022-11-23,163.08,0.09307631,161.966742,0.0712,4158240.0,29158784.59,906.93,50727983633.54,
2022-11-24,,,,,,,,,US Holiday
2022-11-25,163.22,0.09307442,163.05243,-0.0652,1381322.0,29223936.68,908.96,51182158557.24,
2022-11-28,161.93,0.09307128,162.55365,-0.0054,3980509.0,29196015.3,908.09,50976824614.38,
2022-11-29,162.73,0.09307036,163.124424,0.0126,2615294.0,29196015.3,908.09,51155819490.63,
2022-11-30,164.81,0.09306936,163.197116,0.0424,4816000.0,29196015.3,908.09,51178615435.2,
2022-12-01,167.84,0.09306917,167.817669,-0.0129,8551749.0,29149480.72,906.64,52543712010.55,
2022-12-02,167.26,0.09306783,166.102816,-0.0223,4792983.0,29112253.58,905.49,51940350497.89,
2022-12-05,164.39,0.09306462,165.357221,-0.0473,5395457.0,29047073.64,903.46,51607988678.98,
2022-12-06,164.84,0.09306359,165.076203,-0.0126,3582234.0,29130830.87,906.06,51668851422.38,
2022-12-07,166.33,0.0930626,165.856171,0.0047,4599484.0,29195974.69,908.09,52029080802.08,
2022-12-08,166.47,0.09306161,166.59425,0.0028,3214977.0,29195974.69,908.09,52260616075.51,
2022-12-09,167.06,0.09306062,167.150836,0.0097,5413137.0,29270423.19,910.4,52568937950.94,
2022-12-12,165.68,0.0930575,166.256535,0.0038,3476247.0,29270423.19,910.4,52287680197.96,
2022-12-13,168.51,0.09305673,169.693601,-0.0256,6717200.0,29344868.57,912.72,53504392346.53,
2022-12-14,168.1,0.0930556,168.249177,-0.0112,5615365.0,29307646.33,911.56,52981665847.74,
2022-12-15,165.35,0.09305439,165.967151,-0.0524,8360527.0,29382089.84,913.88,52395829486.37,
2022-12-16,166.79,0.09305344,166.80295,-0.0174,5363968.0,29270425.72,910.4,52459527663.48,
2022-12-19,166.32,0.09305037,166.634596,-0.007,3897995.0,29326255.94,912.14,52506561063.49,
2022-12-20,169.08,0.09304959,168.782655,-0.0045,7619871.0,29382085.69,913.88,53284684328.08,
2022-12-21,168.8,0.09304861,169.120506,-0.0296,3982092.0,29382085.69,913.88,53391343823.83,
2022-12-22,166.76,0.0930474,167.550447,-0.0145,3982092.0,29382085.69,913.88,52895675994.93,
2022-12-23,167.26,0.09304634,167.241484,0.0226,2884449.0,29354171.79,913.01,52747964048.65,
2022-12-25,,,,,,,,,US Holiday
2022-12-26,,,,,,,,,US Holiday
2022-12-27,168.67,0.09304226,167.234153,-0.0315,6865420.0,29530952.08,918.51,53063396747.57,
2022-12-28,167.91,0.09304133,167.786078,-0.0035,3635425.0,29530952.08,918.51,53238522470.21,
2022-12-29,168.85,0.09304047,168.752151,-0.0067,3337351.0,29530952.08,918.51,53545057570.29,
2022-12-30,169.64,0.09303943,168.620006,0.0148,2862484.0,29503040.25,917.64,53452541892.01,
2023-01-02,,,,,,,,,US Holiday
2023-01-03,171.06,0.0930359,171.488431,0.0144,7966002.0,29503040.25,917.64,54361832758.64,
2023-01-04,172.67,0.09303514,172.794165,-0.0062,7465821.0,29475129.71,916.77,54723911935.78,
2023-01-05,170.52,0.09303368,170.623774,-0.0207,4677475.0,29475129.71,916.77,54036549225.64,
2023-01-06,173.71,0.09303302,172.315752,-0.0058,4677475.0,29428613.2,915.33,54486240646.33,
2023-01-09,174.1,0.09303051,174.790365,0.0034,4627240.0,29428613.2,915.33,55268713284.57,
2023-01-10,174.74,0.09302948,174.769835,0.0061,4361740.0,29391401.41,914.17,55192314008.86,
2023-01-11,174.62,0.09302833,174.181588,-0.0032,3363545.0,29335584.41,912.43,54902036405.71,
2023-01-12,176.64,0.09302753,175.12898,0.0037,6781760.0,29326087.24,912.14,55200654421.4,
2023-01-13,178.76,0.09302667,177.41581,0.0453,7104999.0,29326087.24,912.14,55921464042.93,
2023-01-16,,,,,,,,,US Holiday
2023-01-17,177.59,0.09302264,178.026732,0.016,6549756.0,29233064.6,909.24,55935999180.4,
2023-01-18,177.08,0.09302168,178.666748,-0.0012,5329705.0,29288877.61,910.98,56244292162.88,
2023-01-19,179.89,0.09302064,178.469409,0.0218,6643263.0,29335387.93,912.43,56271404518.1,
2023-01-20,179.29,0.09301969,179.053596,-0.0168,5152701.0,29484219.44,917.05,56742084525.86,
2023-01-23,179.63,0.09301651,178.112672,0.0188,4859510.0,29484219.44,917.05,56443905895.1,
2023-01-24,180.28,0.09301557,178.659648,0.0316,4591532.0,29493520.99,917.34,56635108285.66,
2023-01-25,181.11,0.09301467,179.592726,0.0157,6757497.0,29558631.26,919.37,57056609171.99,
2023-01-26,179.47,0.09301367,179.744272,-0.0236,5850001.0,29558631.26,919.37,57104755101.18,
2023-01-27,179.22,0.09301253,178.867741,-0.1388,5394805.0,29530727.5,918.5,56772620882.99,
2023-01-30,178.76,0.09300949,178.959551,-0.1171,4148769.0,29484222.76,917.05,56712281550.57,
2023-01-31,179.41,0.09300846,178.938982,-0.0029,5973497.0,29484222.76,917.05,56705763266.19,
2023-02-01,181.67,0.09300748,179.123098,0.0063,7672787.0,29530726.5,918.5,56853671185.33,
2023-02-02,177.9,0.09300639,178.725721,-0.0164,8676967.0,29586530.33,920.24,56834779356.8,
2023-02-03,173.46,0.09300455,174.416085,-0.0434,13603566.0,29586530.33,920.24,55464315167.66,
2023-02-06,173.82,0.09300145,174.214971,-0.0313,8103100.0,29512129.17,917.92,55260988697.56,
2023-02-07,173.98,0.09300038,173.975813,0.0126,6699138.0,29605129.55,920.82,55359103803.9,
2023-02-08,174.41,0.0929994,174.155332,0.0016,4073755.0,29614429.49,921.1,55433642331.4,
2023-02-09,173.03,0.09299852,174.753521,-0.0148,5355494.0,29604353.98,920.79,55624045816.37,
2023-02-10,173.36,0.09299741,172.947276,-0.0029,2969400.0,29604353.98,920.79,55049118064.59,
2023-02-13,172.48,0.09299432,172.602116,-0.0077,3730805.0,29604353.98,920.79,54939253542.57,
2023-02-14,172.61,0.09299336,173.311726,0.0098,5393021.0,29604353.98,920.79,55165122294.59,
2023-02-15,170.89,0.09299209,170.287109,-0.0181,5361246.0,29613653.19,921.08,54219415496.55,
2023-02-16,170.75,0.09299105,170.075978,-0.046,4335208.0,29613653.19,921.08,54152191321.71,
2023-02-17,171.26,0.09299007,170.539147,0.0285,4803676.0,29576457.16,919.92,54231448860.77,
2023-02-20,,,,,,,,,US Holiday
2023-02-21,170.62,0.09298603,170.801391,0.0,4029471.0,29576457.16,919.92,54314842416.66,
2023-02-22,169.66,0.092985,170.697212,-0.0053,4098824.0,29548561.66,919.06,54230504275.05,
2023-02-23,169.57,0.09298386,169.793176,0.0074,5071692.0,29492771.34,917.32,53841416154.59,
2023-02-24,168.35,0.09298264,168.386913,-0.0325,6483767.0,29492771.34,917.32,53395490144.85,
2023-02-27,169.01,0.0929797,169.097529,-0.0154,4433653.0,29502069.31,917.61,53637736599.7,
2023-02-28,169.78,0.09297877,169.649067,-0.0257,6744475.0,29427686.3,915.3,53676964926.62,
2023-03-01,170.76,0.09297802,171.195772,-0.0512,6556827.0,29344006.08,912.69,54012266091.82,
2023-03-02,170.66,0.09297692,170.724212,-0.0077,3949622.0,29344006.08,912.69,53863488869.85,
2023-03-03,172.49,0.09297598,171.182725,0.0221,6247631.0,29325410.88,912.12,53973913278.22,
2023-03-06,171.62,0.09297307,171.911852,-0.019,3755863.0,29325410.88,912.12,54203807019.99,
2023-03-07,168.62,0.09297162,169.817312,-0.0228,8690792.0,29148868.96,906.62,53237727329.21,
2023-03-08,168.54,0.09297056,168.862428,0.0034,5181475.0,29148868.96,906.62,52938371269.51,
2023-03-09,170.2,0.09296961,170.264543,-0.006,5468281.0,29037305.43,903.15,53173617068.2,
2023-03-10,173.87,0.09296874,173.038067,0.0002,13793307.0,28981524.18,901.42,53935965571.43,
2023-03-13,177.86,0.092966,177.685923,0.0008,20443324.0,29362684.78,913.27,56113214297.58,
2023-03-14,176.83,0.09296496,177.33531,-0.0326,9920383.0,29362684.78,913.27,56002490797.0,
2023-03-15,178.21,0.09296405,178.807063,0.0115,14346382.0,29409166.81,914.72,56556674051.51,
2023-03-16,178.57,0.09296303,178.744668,-0.0039,10667741.0,29409166.81,914.72,56536938503.42,
2023-03-17,183.77,0.09296233,182.401381,-0.0247,24037419.0,29613683.93,921.08,58094840005.13,
2023-03-20,183.84,0.09295934,183.069472,-0.0137,11690647.0,29725235.14,924.55,58527310285.88,
2023-03-21,180.37,0.09295815,181.500795,-0.0162,10723486.0,29678756.07,923.11,57935053773.64,
2023-03-22,183.44,0.0929571,181.205927,-0.0002,11894630.0,29678756.07,923.11,57840931811.87,
2023-03-23,185.74,0.09295639,183.863099,-0.0237,11154091.0,29753121.18,925.42,58836191533.37,
2023-03-24,183.65,0.09295555,185.334777,-0.037,9152155.0,29706643.4,923.97,59214461168.0,
2023-03-27,181.95,0.09295188,180.907603,-0.0407,6834732.0,29706643.4,923.97,57799978998.77,
2023-03-28,183.44,0.09295109,182.449047,-0.0183,6167539.0,29827479.82,927.73,58529654211.78,
2023-03-29,182.53,0.0929501,182.646949,-0.0213,4992818.0,29883249.88,929.47,58702729337.66,
2023-03-30,184.18,0.09294909,182.719329,-0.0047,6296472.0,29883249.88,929.47,58725992358.0,
2023-03-31,183.22,0.09294828,184.009712,0.0219,7871406.0,29836775.74,928.02,59048716551.79,
2023-04-03,184.54,0.09294528,184.338381,-0.0178,9153722.0,29901837.44,930.04,59283223322.66,
2023-04-04,187.98,0.0929447,186.781665,0.0134,13497593.0,29901837.44,930.04,60068983349.8,
2023-04-05,187.83,0.09294403,188.755386,-0.0039,11401693.0,29929720.65,930.91,60760358756.65,
2023-04-06,186.49,0.09294252,186.061625,-0.0078,6436658.0,29929720.65,930.91,59893236972.56,
2023-04-07,,,,,,,,,US Holiday
2023-04-10,185.11,0.09293844,186.053469,0.0229,6174747.0,30004071.4,933.22,60039454329.23,
2023-04-11,186.28,0.09293744,186.125811,0.0032,6017870.0,29994510.11,932.93,60062799356.69,
2023-04-12,187.19,0.09293645,186.634983,-0.01,9714253.0,30031684.69,934.08,60301763123.52,
2023-04-13,189.72,0.09293567,190.374077,0.0008,14049128.0,29920161.89,930.61,61281415456.51,
2023-04-14,186.36,0.09293447,187.671863,-0.0041,13267619.0,29827227.42,927.72,60223900833.0,
2023-04-17,185.53,0.09293122,185.448892,0.0387,7456403.0,29762175.57,925.7,59380735085.55,
2023-04-18,186.25,0.09293023,185.804708,-0.0054,8011035.0,29715710.45,924.25,59401765107.05,
2023-04-19,185.36,0.09292913,184.980084,0.0116,7269207.0,29790053.76,926.57,59286117037.11,
2023-04-20,186.09,0.09292828,186.520988,-0.0067,5725561.0,29790053.76,926.57,59779976799.23,
2023-04-21,184.25,0.09292691,183.405198,0.0002,10696866.0,29697126.85,923.68,58597960616.1,
2023-04-24,184.81,0.09292391,183.82208,0.0051,8060894.0,29817927.93,927.43,58970123277.67,
2023-04-25,185.75,0.09292301,184.675184,0.0101,8401377.0,29901558.64,930.04,59410006631.44,
2023-04-26,184.74,0.09292219,186.123142,-0.0021,7922583.0,29901558.64,930.04,59875814765.68,
2023-04-27,184.75,0.09292094,184.508462,-0.0041,8874431.0,29780761.42,926.28,59116511231.54,
2023-04-28,184.8,0.09291988,184.218302,-0.0188,6582435.0,29780761.42,926.28,59023544030.71,
2023-05-01,183.97,0.09291682,184.212246,-0.0268,7917166.0,29734303.01,924.83,58929497431.15,
2023-05-02,187.52,0.09291601,185.404605,0.0256,14591924.0,29845802.22,928.3,59533418762.43,
2023-05-03,189.11,0.0929153,187.159283,0.0071,10467494.0,29845802.22,928.3,60096845821.55,
2023-05-04,190.44,0.09291477,189.982839,0.0038,14095612.0,29901551.08,930.03,61117479368.36,
2023-05-05,187.46,0.09291302,185.914302,-0.0156,12445691.0,29957298.89,931.77,59920179648.84,
2023-05-08,187.69,0.09290996,185.90819,-0.0078,6036200.0,30143118.81,937.55,60290026060.84,
2023-05-09,189.02,0.0929095,188.624859,-0.0154,7092036.0,30059500.26,934.95,61001279530.92,
2023-05-10,188.75,0.09290861,189.268776,-0.0007,9367676.0,30189572.32,938.99,61474498545.9,
2023-05-11,187.13,0.09290718,187.296222,0.0059,8196145.0,30152409.44,937.84,60758894741.8,
2023-05-12,186.81,0.09290624,187.661312,-0.0102,7053654.0,30142706.9,937.54,60877329602.97,
2023-05-15,187.21,0.09290318,187.655142,-0.0217,5490702.0,30031223.08,934.07,60650142318.52,
2023-05-16,184.87,0.09290207,186.496266,-0.0014,9470913.0,30059093.7,934.94,60331541907.61,
2023-05-17,184.23,0.09290078,183.423303,0.0071,7298121.0,30124124.25,936.96,59465835190.37,
2023-05-18,181.84,0.09289964,182.11116,-0.001,8784043.0,30124124.25,936.96,59040438012.89,
2023-05-19,183.64,0.09289863,182.229957,0.0079,8432300.0,30309921.51,942.74,59443411831.97,
2023-05-22,183.21,0.09289567,183.032345,-0.006,4768886.0,30347079.78,943.89,59778363912.2,
2023-05-23,183.43,0.09289464,182.92813,-0.0038,6304578.0,30263474.6,941.29,59579692072.35,
2023-05-24,181.95,0.09289363,182.967938,-0.0186,6675823.0,30263474.6,941.29,59592657558.56,
2023-05-25,180.2,0.09289234,180.977505,-0.0028,6883013.0,30263474.6,941.29,58944373229.31,
2023-05-26,180.92,0.09289132,180.943,0.0074,5748416.0,30263474.6,941.29,58933135163.56,
2023-05-29,,,,,,,,,US Holiday
2023-05-30,182.04,0.09288732,181.357842,-0.0221,4868903.0,30207742.21,939.56,58959434427.4,
2023-05-31,182.32,0.09288649,182.466216,-0.002,8394699.0,30207742.21,939.56,59319766860.04,
2023-06-01,183.76,0.09288563,183.388744,-0.0042,7276747.0,30161299.39,938.11,59527986149.69,
2023-06-02,181.05,0.09288443,182.355351,0.0018,8548463.0,30161299.39,938.11,59192547033.89,
2023-06-05,182.14,0.09288131,182.014854,-0.0099,6400959.0,30207740.05,939.56,59173028940.58,
2023-06-06,182.34,0.09288024,181.789858,-0.0204,4955125.0,30161299.93,938.11,59008987762.56,
2023-06-07,180.15,0.09287942,182.726331,-0.0259,9021726.0,30049844.62,934.65,59093695287.28,
2023-06-08,182.53,0.09287839,182.636056,-0.0025,6356739.0,30049844.62,934.65,59064500645.6,
2023-06-09,182.04,0.09287724,182.067258,-0.0095,4347373.0,29956967.38,931.76,58698484066.45,
2023-06-12,181.88,0.09287402,181.373682,-0.016,4828359.0,29946561.36,931.43,58474875145.19,
2023-06-13,180.54,0.09287302,181.511023,-0.0015,5075894.0,29946561.36,931.43,58519153674.4,
2023-06-14,180.64,0.09287201,181.639073,-0.0115,6798576.0,29890838.15,929.7,58451453648.75,
2023-06-15,181.91,0.09287096,181.316628,-0.0057,6725633.0,29890838.15,929.7,58347690823.39,
2023-06-16,181.63,0.09287001,182.001992,-0.0036,8777727.0,30030143.16,934.03,58841244178.06,
2023-06-19,,,,,,,,,US Holiday
2023-06-20,179.75,0.09286564,179.272484,-0.0453,7535159.0,30030143.16,934.03,57958794156.31,
2023-06-21,179.49,0.09286458,178.82467,-0.0121,6653162.0,29974424.42,932.3,57706721076.84,
2023-06-22,177.71,0.09286349,178.302553,-0.0143,7943934.0,29890847.28,929.7,57377761447.63,
2023-06-23,178.2,0.0928626,179.289828,-0.0227,5345342.0,29807270.94,927.1,57534105845.45,
2023-06-26,178.51,0.09285945,178.559427,-0.0079,3198932.0,29760841.21,925.66,57210440450.36,
2023-06-27,177.69,0.09285837,178.185928,0.0061,4955609.0,29760841.21,925.66,57090771426.37,
2023-06-28,177.28,0.0928572,177.208678,-0.0335,5828585.0,29797984.09,926.81,56848543838.11,
2023-06-29,177.09,0.09285605,176.389344,-0.0043,6791613.0,29723699.25,924.5,56444589971.97,
2023-06-30,178.27,0.09285523,177.562413,0.0071,6289244.0,29640129.54,921.9,56660165903.82,
2023-07-03,178.47,0.09285246,179.089188,0.0493,4024303.0,29640129.54,921.9,57147359902.14,
2023-07-04,,,,,,,,,US Holiday
2023-07-05,177.84,0.09285035,178.704433,-0.0097,5345599.0,29510139.05,917.86,56774398293.02,
2023-07-06,177.31,0.09284903,177.230235,-0.0031,5065764.0,29510139.05,917.86,56306045529.72,
2023-07-07,178.64,0.09284828,178.482251,-0.011,5111479.0,29426575.6,915.26,56543176964.71,
2023-07-10,178.78,0.09284524,178.522826,0.0022,3240496.0,29426575.6,915.26,56556031157.88,
2023-07-11,179.45,0.09284446,179.556547,0.0045,2786197.0,29416662.31,914.95,56883514088.02,
2023-07-12,181.88,0.09284355,181.351316,0.0117,6987732.0,29407377.95,914.66,57433961754.12,
2023-07-13,182.01,0.09284257,181.790388,-0.0004,4511889.0,29407377.95,914.66,57573015855.31,
2023-07-14,181.43,0.09284152,181.384478,-0.0247,5388475.0,29407377.95,914.66,57444464225.95,
2023-07-17,181.56,0.09283843,180.997811,-0.0038,4072832.0,29351674.89,912.93,57213408051.36,
2023-07-18,183.64,0.09283764,183.354335,0.0056,8227206.0,29323823.6,912.07,57903299125.5,
2023-07-19,183.67,0.09283662,183.384825,0.0095,3874705.0,29379525.57,913.8,58022958684.97,
2023-07-20,182.74,0.09283561,183.452456,-0.0077,4960798.0,29379525.57,913.8,58044357219.63,
2023-07-21,182.18,0.09283444,182.011199,0.0002,3833242.0,29546627.57,919.0,57915963626.7,
2023-07-24,181.4,0.09283138,181.949503,-0.0053,4348735.0,29546627.57,919.0,57896331778.83,
2023-07-25,182.41,0.09283035,181.826798,0.0226,4018706.0,29546627.57,919.0,57857287103.58,
2023-07-26,183.3,0.09282943,182.5305,0.0053,6134576.0,29490929.91,917.26,57971686654.83,
2023-07-27,180.42,0.09282813,180.583196,-0.0014,7590097.0,29444515.84,915.82,57262931536.55,
2023-07-28,181.86,0.09282723,181.407623,-0.0145,3822867.0,29351688.61,912.93,57342949702.51,
2023-07-31,182.35,0.09282444,182.924476,-0.0304,5419938.0,29351688.61,912.93,57822426893.49,
2023-08-01,180.46,0.09282304,180.745029,-0.008,6203666.0,29231018.66,909.18,56898535137.53,
2023-08-02,179.6,0.09282197,180.464484,-0.0114,6298714.0,29231018.66,909.18,56810219496.98,
2023-08-03,179.54,0.09282081,179.668597,-0.0066,4618418.0,29128915.77,906.0,56362038987.62,
2023-08-04,180.19,0.09281991,180.298042,-0.0084,5298374.0,29128915.77,906.0,56559495777.98,
2023-08-07,179.78,0.09281665,179.293924,0.0063,4474832.0,29054662.45,903.69,56101068756.94,
2023-08-08,178.64,0.09281552,178.799827,-0.0037,6081037.0,29054662.45,903.69,55946465927.27,
2023-08-09,177.79,0.09281443,178.458947,-0.0112,4590374.0,29044532.03,903.38,55839804459.57,
2023-08-10,177.6,0.0928134,178.285269,-0.0108,5930549.0,29044532.03,903.38,55785460721.1,
2023-08-11,177.6,0.09281236,177.80992,-0.0032,5234770.0,28923875.96,899.63,55405570988.5,
2023-08-14,177.06,0.09280922,176.68556,0.0067,9197018.0,28803223.97,895.87,54825529351.34,
2023-08-15,176.59,0.09280821,176.692906,-0.0005,7548310.0,28756819.87,894.43,54739462359.14,
2023-08-16,175.57,0.09280719,176.723458,-0.0082,6140269.0,28756819.87,894.43,54748927251.27,
2023-08-17,175.3,0.09280611,175.992862,-0.0031,7870816.0,28534085.2,887.5,54100205820.87,
2023-08-18,175.33,0.09280507,175.744953,-0.0042,6238799.0,28617609.77,890.1,54182168909.73,
2023-08-21,175.81,0.09280197,175.381807,0.257,4156244.0,28589769.18,889.23,54017596466.6,
2023-08-22,176.1,0.09280099,175.649071,0.0005,4966502.0,28450567.69,884.9,53836440304.21,
2023-08-23,177.89,0.09280026,177.865616,-0.005,7939396.0,28450567.69,884.9,54515811431.9,
2023-08-24,177.85,0.09279925,177.900796,-0.042,5374120.0,28422727.92,884.04,54473224160.05,
2023-08-25,177.62,0.09279821,177.754972,0.0002,6132818.0,28422727.92,884.04,54428572447.74,
2023-08-28,178.13,0.09279516,177.749128,-0.0102,4697576.0,28506243.56,886.64,54586757250.92,
2023-08-29,179.87,0.09279436,179.093113,0.0107,7479206.0,28589758.48,889.23,55160678845.05,
2023-08-30,180.32,0.09279361,180.720192,-0.0054,6365780.0,28617596.57,890.1,55716035165.75,
2023-08-31,180.02,0.09279251,180.230891,-0.0067,4453790.0,28617596.57,890.1,55565183843.59,
2023-09-01,180.11,0.09279146,180.066476,0.0075,4969213.0,28645434.0,890.97,55568514605.23,
2023-09-04,,,,,,,,,US Holiday
2023-09-05,178.64,0.09278713,178.717297,-0.0394,6328017.0,28608319.15,889.81,55080670915.21,
2023-09-06,177.83,0.09278604,178.339406,-0.0204,6312527.0,28506254.51,886.64,54768031519.59,
2023-09-07,178.02,0.09278495,177.994006,-0.0006,3209420.0,28506254.51,886.64,54661959336.18,
2023-09-08,178.08,0.09278412,178.869233,-0.0007,3277332.0,28506254.51,886.64,54930742353.95,
2023-09-11,178.41,0.09278101,178.59881,0.003,3597125.0,28450111.04,884.89,54758395093.95,
2023-09-12,177.49,0.0927799,177.075076,-0.0045,4297518.0,28450111.04,884.89,54291218294.15,
2023-09-13,177.08,0.09277892,177.56029,0.0016,3798822.0,28357332.12,882.0,54262424470.91,
2023-09-14,177.17,0.09277781,176.440208,0.0266,5616466.0,28283109.87,879.7,53778975546.76,
2023-09-15,178.34,0.09277699,178.84621,-0.0073,5608488.0,28301665.27,880.27,54548094086.76,
2023-09-18,179.39,0.09277391,178.450607,-0.0072,5007925.0,28301665.27,880.27,54427435052.97,
2023-09-19,179.22,0.092773,179.506472,-0.0037,4095551.0,28255278.77,878.83,54659720797.39,
2023-09-20,179.35,0.09277206,180.288592,0.0031,9323572.0,28236724.36,878.25,54861818559.28,
2023-09-21,178.05,0.09277075,177.655981,0.0015,7451323.0,28255278.51,878.83,54096246168.34,
2023-09-22,178.62,0.09276987,178.800007,-0.0033,3600240.0,28208893.57,877.39,54355202193.72,
2023-09-25,177.7,0.09276679,178.56215,-0.0162,5546102.0,28181063.54,876.52,54229325085.18,
2023-09-26,176.28,0.09276553,176.908506,-0.0141,7122840.0,28060468.35,872.77,53497132302.35,
2023-09-27,174.1,0.09276423,175.073935,0.0191,10713999.0,28088297.62,873.64,52994880035.33,
2023-09-28,173.23,0.09276301,173.796133,-0.0037,9913078.0,28088297.62,873.64,52608089409.81,
2023-09-29,171.45,0.09276194,173.51121,-0.0151,10408224.0,28088297.62,873.64,52521844513.93,
2023-10-02,169.65,0.09275823,170.030478,0.0039,12579443.0,28134676.73,875.08,51553240919.82,
2023-10-03,169.16,0.09275702,169.04503,-0.0139,11431271.0,28079022.52,873.35,51153026163.75,
2023-10-04,169.14,0.09275594,168.718412,0.013,9900828.0,27949164.2,869.31,50817985825.65,
2023-10-05,168.83,0.09275493,168.762964,-0.0006,6947850.0,27893511.24,867.58,50730147092.78,
2023-10-06,169.7,0.09275392,168.775039,0.0176,9871511.0,27837858.89,865.85,50632511626.21,
2023-10-09,172.82,0.09275146,171.172814,0.0255,10098769.0,27708006.85,861.81,51112202280.34,
2023-10-10,172.53,0.0927507,172.238052,-0.0113,5813060.0,27698372.08,861.51,51430282273.38,
2023-10-11,173.79,0.09274976,173.557996,0.0001,7026973.0,27726197.01,862.37,51876485798.83,
2023-10-12,173.26,0.09274877,173.811191,-0.0255,5902967.0,27726197.01,862.37,51952165051.19,
2023-10-13,178.83,0.09274798,177.074435,-0.0085,18620820.0,27726197.01,862.37,52927548736.54,
2023-10-16,177.96,0.092745,177.889554,-0.0151,8229885.0,27503609.01,855.45,52744252674.51,
2023-10-17,178.29,0.09274407,178.829122,-0.0393,8229885.0,27438688.16,853.43,52897654434.08,
2023-10-18,180.87,0.0927433,181.378066,-0.0062,13830322.0,27271750.22,848.24,53325151466.27,
2023-10-19,183.09,0.09274226,181.17665,-0.0162,13264528.0,27271750.22,848.24,53265935055.56,
2023-10-20,183.59,0.09274158,184.416633,-0.0003,12733980.0,27754006.44,863.24,55177458273.1,
2023-10-23,182.97,0.09273838,182.972817,-0.0167,9324494.0,27651994.22,860.07,54544196691.54,
2023-10-24,182.95,0.09273726,182.103513,0.0044,6337205.0,27651994.22,860.07,54285057259.8,
2023-10-25,183.72,0.09273648,183.924253,0.0001,10066385.0,27707636.11,861.8,54938174285.04,
2023-10-26,184.01,0.09273536,183.152337,-0.0046,7650784.0,27707636.11,861.8,54707603001.54,
2023-10-27,186.15,0.09273445,183.883137,0.0014,13906505.0,27707636.11,861.8,54925893037.28,
2023-10-30,185.1,0.09273162,185.240676,-0.0122,8449816.0,27633450.81,859.49,55183197460.2,
2023-10-31,184.09,0.09273059,185.17372,0.002,10068449.0,27633450.81,859.49,55163251161.01,
2023-11-01,183.51,0.09272942,184.19308,-0.002,8761188.0,27698361.41,861.51,55000053722.43,
2023-11-02,184.12,0.09272836,183.935978,0.0093,7233085.0,27698361.41,861.51,54923282967.58,
2023-11-03,184.79,0.09272752,184.940411,0.0089,8410830.0,27753997.92,863.24,55334170891.32,
2023-11-06,183.35,0.09272431,184.020664,-0.0089,8242830.0,27893084.38,867.57,55335013782.77,
2023-11-07,182.59,0.09272285,181.801701,0.0185,8242830.0,27883910.74,867.28,54667771597.51,
2023-11-08,180.77,0.09272184,181.67453,0.0001,6709183.0,27883910.74,867.28,54629531267.42,
2023-11-09,181.49,0.09272082,181.49636,-0.012,6470211.0,27883910.74,867.28,54575955371.98,
2023-11-10,179.51,0.09271973,180.029258,0.0133,7552175.0,27911726.66,868.14,54188806717.83,
2023-11-13,180.51,0.09271662,179.049701,0.0206,5342009.0,27985899.95,870.45,54037199888.73,
2023-11-14,182.12,0.09271586,182.562171,0.008,6799460.0,27985899.95,870.45,55097263334.47,
2023-11-15,181.64,0.09271477,181.554067,-0.0106,4841429.0,27985899.95,870.45,54793017482.65,
2023-11-16,183.69,0.09271393,183.582847,-0.0139,8232967.0,27985899.95,870.45,55405303162.57,
2023-11-17,183.67,0.09271292,183.668933,0.0128,4555787.0,28403108.09,883.43,56257794140.27,
2023-11-20,183.37,0.09270976,182.517712,0.0098,5353688.0,28403108.09,883.43,55905175091.28,
2023-11-21,185.35,0.09270913,186.030134,0.0053,7191648.0,28403108.09,883.43,56981030137.69,
2023-11-22,184.56,0.09270802,185.188907,0.0327,4292502.0,28366024.89,882.28,56649286513.08,
2023-11-23,,,,,,,,,US Holiday
2023-11-24,185.52,0.09270603,185.490868,-0.0621,4292502.0,28366024.89,882.28,56741656600.2,
2023-11-27,186.77,0.09270316,186.676351,0.0246,6320400.0,28366024.89,882.28,57104295674.47,
2023-11-28,189.26,0.0927023,187.782419,0.0183,9916439.0,28310403.51,880.55,57329972428.16,
2023-11-29,189.54,0.09270158,189.755489,-0.0187,8069017.0,28245512.4,878.53,57799522026.02,
2023-11-30,188.75,0.0927004,188.687034,0.0162,7274169.0,28180622.12,876.51,57341989574.23,
2023-12-01,192.01,0.09269953,189.607624,0.0189,16054396.0,28254781.74,878.82,57773443106.38,
2023-12-04,187.86,0.09269655,189.939868,-0.0593,18155139.0,28328938.98,881.12,58026629634.72,
2023-12-05,187.15,0.09269512,187.554663,-0.0015,6778734.0,28319669.47,880.83,57279194221.8,
2023-12-06,187.84,0.09269416,187.835436,0.0032,5637465.0,28319669.47,880.83,57364942267.57,
2023-12-07,188.15,0.09269315,187.879748,0.0127,5594688.0,28310661.77,880.55,57378475008.3,
2023-12-08,185.64,0.09269207,186.134949,-0.002,7843576.0,28310661.77,880.55,56845613296.76,
2023-12-11,183.59,0.09268892,184.140447,-0.0186,8492544.0,28245779.52,878.54,56107594158.38,
2023-12-12,183.49,0.09268788,183.600779,0.0074,5006186.0,28153091.64,875.65,55759556442.75,
2023-12-13,187.63,0.09268687,183.751726,0.3886,10574514.0,28227241.14,877.96,55952400518.04,
2023-12-14,188.73,0.09268628,189.645392,-0.0087,9102728.0,28217972.51,877.67,57728057692.77,
2023-12-15,187.0,0.09268517,188.36407,-0.022,8322057.0,28282852.13,879.69,57469877869.92,
2023-12-18,187.85,0.09268206,187.583856,0.0052,5353685.0,28282852.13,879.69,57231834397.96,
2023-12-19,189.13,0.0926812,189.194773,0.0062,5936181.0,28217975.29,877.67,57590888824.76,
2023-12-20,188.1,0.09268014,188.655049,-0.0044,5821288.0,28236511.32,878.25,57464327959.95,
2023-12-21,189.43,0.09267918,189.223088,0.0016,4594407.0,28236511.32,878.25,57637352581.24,
2023-12-22,190.27,0.09267831,190.50954,-0.0082,7162597.0,28236511.32,878.25,58029205882.65,
2023-12-25,,,,,,,,,US Holiday
2023-12-26,191.72,0.09267831,190.50954,0.0104,7162597.0,28236511.32,878.25,58029205882.65,
2023-12-27,192.59,0.09267342,191.778379,0.0084,5747410.0,28347720.01,881.71,58645828354.72,
2023-12-28,191.47,0.09267252,192.610576,-0.0089,6130217.0,28310651.0,880.55,58823269882.27,
2023-12-29,191.17,0.0926713,191.125283,-0.0074,4595504.0,28264315.35,879.11,58274098894.92,
