date,slug,title_kind,kind,tonnes,commodity,destination,my,source,status,dateline,dateline_date
2023-12-19,export-sales-unknown-destinations-58,announcement,sale,132000,soybeans,unknown destinations,2023/2024,listing,ok,none,
2023-12-15,export-sales-china-and-unknown-destinations-21,announcement,sale,134000,soybeans,China,2023/2024,listing,ok,none,
2023-12-15,export-sales-china-and-unknown-destinations-21,announcement,sale,447500,soybeans,unknown destinations,2023/2024,listing,ok,none,
2023-12-14,export-sales-unknown-destinations-57,announcement,sale,400000,soybeans,unknown destinations,2023/2024,listing,ok,none,
2023-12-13,export-sales-unknown-destinations-56,announcement,sale,125000,soybeans,unknown destinations,2024/2025,listing,ok,none,
2023-12-12,export-sales-unknown-destinations-55,announcement,sale,198000,soybeans,unknown destinations,2023/2024,listing,ok,none,
2023-12-11,export-sales-unknown-destinations-54,announcement,sale,132000,soybeans,unknown destinations,2023/2024,listing,ok,none,
2023-12-08,export-sales-china-and-unknown-destinations-20,announcement,sale,136000,soybeans,China,2023/2024,listing,ok,none,
2023-12-08,export-sales-china-and-unknown-destinations-20,announcement,sale,110000,wheat,China,2023/2024,listing,ok,none,
2023-12-08,export-sales-china-and-unknown-destinations-20,announcement,sale,165000,corn,unknown destinations,2023/2024,listing,ok,none,
2023-12-07,export-sales-unknown-destinations-53,announcement,sale,121000,soybeans,unknown destinations,2023/2024,listing,ok,none,
2023-12-06,export-sales-china-57,announcement,sale,372000,wheat,China,2023/2024,listing,ok,none,
2023-12-06,export-sales-china-57,announcement,sale,136000,soybeans,China,2023/2024,listing,ok,none,
2023-12-05,export-sales-china-56,announcement,sale,198000,wheat,China,2023/2024,listing,ok,none,
2023-12-04,export-sales-china-mexico-and-philippines,announcement,sale,440000,wheat,China,2023/2024,listing,ok,none,
2023-12-04,export-sales-china-mexico-and-philippines,announcement,sale,267044,corn,Mexico,2023/2024,listing,ok,none,
2023-12-04,export-sales-china-mexico-and-philippines,announcement,sale,183000,soybean_meal,Philippines,2023/2024,listing,ok,none,
2023-12-01,export-sales-china-and-unknown-destinations-19,announcement,sale,132000,soybeans,China,2023/2024,listing,ok,none,
2023-12-01,export-sales-china-and-unknown-destinations-19,announcement,sale,198000,soybeans,unknown destinations,2023/2024,listing,ok,none,
2023-11-30,export-sales-china-55,announcement,sale,134000,soybeans,China,2023/2024,listing,ok,none,
2023-11-28,export-sales-unknown-destinations-52,announcement,sale,123300,soybeans,unknown destinations,2023/2024,listing,ok,none,
2023-11-24,export-sales-china-and-unknown-destinations-18,announcement,sale,129000,soybeans,China,2023/2024,listing,ok,none,
2023-11-24,export-sales-china-and-unknown-destinations-18,announcement,sale,323400,soybeans,unknown destinations,2023/2024,listing,ok,none,
2023-11-22,export-sales-china-and-unknown-destinations-17,announcement,sale,110000,wheat,China,2023/2024,listing,ok,none,
2023-11-22,export-sales-china-and-unknown-destinations-17,announcement,sale,128000,corn,unknown destinations,2023/2024,listing,ok,none,
2023-11-20,export-sales-mexico-29,announcement,sale,104000,corn,Mexico,2023/2024,listing,ok,none,
2023-11-16,export-sales-unknown-destinations-51,announcement,sale,220000,soybeans,unknown destinations,2023/2024,listing,ok,none,
2023-11-15,export-sales-japan-1,announcement,sale,124000,corn,Japan,2023/2024,listing,ok,none,
2023-11-14,export-sales-mexico-28,announcement,sale,101745,corn,Mexico,2023/2024,listing,ok,none,
2023-11-13,export-sales-china-and-mexico-4,announcement,sale,204000,soybeans,China,2023/2024,listing,ok,none,
2023-11-13,export-sales-china-and-mexico-4,announcement,sale,143637,corn,Mexico,2023/2024,listing,ok,none,
2023-11-09,export-sales-china-and-unknown-destinations-16,announcement,sale,1044000,soybeans,China,2023/2024,listing,ok,none,
2023-11-09,export-sales-china-and-unknown-destinations-16,announcement,sale,662500,soybeans,unknown destinations,2023/2024,listing,ok,none,
2023-11-08,export-sales-china-mexico-and-unknown-destinations-3,announcement,sale,433000,soybeans,China,2023/2024,listing,ok,none,
2023-11-08,export-sales-china-mexico-and-unknown-destinations-3,announcement,sale,270000,corn,Mexico,2023/2024,listing,ok,none,
2023-11-08,export-sales-china-mexico-and-unknown-destinations-3,announcement,sale,132000,soybeans,unknown destinations,2023/2024,listing,ok,none,
2023-11-08,export-sales-china-mexico-and-unknown-destinations-3,announcement,sale,344500,soybeans,unknown destinations,2023/2024,listing,ok,none,
2023-11-07,export-sales-china-54,announcement,sale,110000,soybeans,China,2023/2024,listing,ok,none,
2023-11-06,export-sales-china-and-mexico-3,announcement,sale,126000,soybeans,China,2023/2024,listing,ok,none,
2023-11-06,export-sales-china-and-mexico-3,announcement,sale,289575,corn,Mexico,2023/2024,listing,ok,none,
2023-11-03,export-sales-unknown-destinations-50,announcement,sale,131150,soybeans,unknown destinations,2023/2024,listing,ok,none,
2023-10-31,export-sales-mexico-27,announcement,sale,239492,soybeans,Mexico,2023/2024,listing,ok,none,
2023-10-26,export-sales-china-53,announcement,sale,110000,soybeans,China,2023/2024,listing,ok,none,
2023-10-25,export-sales-china-52,announcement,sale,126000,soybeans,China,2023/2024,listing,ok,none,
2023-10-24,export-sales-mexico-26,announcement,sale,117200,corn,Mexico,2023/2024,listing,ok,none,
2023-10-18,export-sales-china-51,announcement,sale,132000,soybeans,China,2023/2024,listing,ok,none,
2023-10-16,export-sales-mexico-and-philippines,announcement,sale,200000,corn,Mexico,2023/2024,listing,ok,none,
2023-10-16,export-sales-mexico-and-philippines,announcement,sale,183000,soybean_meal,Philippines,2023/2024,listing,ok,none,
2023-10-13,export-sales-china-and-unknown-destinations-15,announcement,sale,181000,wheat,China,,listing,ok,none,
2023-10-13,export-sales-china-and-unknown-destinations-15,announcement,sale,117300,soybeans,unknown destinations,,listing,ok,none,
2023-10-13,export-sales-china-and-unknown-destinations-15,announcement,sale,100000,soybean_meal,unknown destinations,,listing,ok,none,
2023-10-12,export-sales-guatemala-and-unknown-destinations,announcement,sale,124545,corn,Guatemala,2023/2024,listing,ok,none,
2023-10-12,export-sales-guatemala-and-unknown-destinations,announcement,sale,295000,soybeans,unknown destinations,2023/2024,listing,ok,none,
2023-10-11,export-sales-activity-china-and-unknown-destinations,announcement,sale,121000,soybeans,China,2023/2024,listing,ok,none,
2023-10-11,export-sales-activity-china-and-unknown-destinations,announcement,sale,213000,soybeans,unknown destinations,2023/2024,listing,ok,none,
2023-10-04,export-sales-mexico-25,announcement,sale,196607,corn,Mexico,2023/2024,listing,ok,none,
2023-10-03,export-sales-china-50,announcement,sale,220000,wheat,China,2023/2024,listing,ok,none,
2023-10-03,export-sales-china-50,announcement,sale,265000,soybeans,China,2023/2024,listing,ok,none,
2023-10-02,export-sales-activity-china-and-mexico,announcement,sale,210000,corn,Mexico,2023/2024,listing,ok,none,
2023-10-02,export-sales-activity-china-and-mexico,announcement,sale,132000,soybeans,China,2023/2024,listing,ok,none,
2023-09-29,export-sales-mexico-24,announcement,sale,223540,corn,Mexico,2023/2024,listing,ok,none,
2023-09-25,export-sales-mexico-23,announcement,sale,1661160,corn,Mexico,2023/2024,listing,ok,none,
2023-09-21,export-sales-mexico-22,announcement,sale,137160,corn,Mexico,2023/2024,listing,ok,none,
2023-09-20,export-sales-unknown-destinations-49,announcement,sale,120000,soybeans,unknown destinations,2023/2024,listing,ok,none,
2023-09-18,export-sales-china-49,announcement,sale,123000,soybeans,China,2023/2024,listing,ok,none,
2023-09-11,export-sales-philippines-0,announcement,sale,185000,soybean_meal,Philippines,2023/2024,listing,ok,none,
2023-09-08,export-sales-china-48,announcement,sale,121000,soybeans,China,2023/2024,listing,ok,none,
2023-09-05,export-sales-unknown-destinations-48,announcement,sale,251000,soybeans,unknown destinations,2023/2024,listing,ok,none,
2023-09-01,export-sales-unknown-destinations-47,announcement,sale,198000,soybeans,unknown destinations,2023/2024,listing,ok,none,
2023-08-31,export-sales-china-47,announcement,sale,132000,soybeans,China,2023/2024,listing,ok,none,
2023-08-30,export-sales-unknown-destinations-46,announcement,sale,266000,soybeans,unknown destinations,2023/2024,listing,ok,none,
2023-08-29,export-sales-unknown-destinations-45,announcement,sale,246100,soybeans,unknown destinations,2023/2024,listing,ok,none,
2023-08-29,export-sales-unknown-destinations-45,announcement,sale,105000,soybean_meal,unknown destinations,2023/2024,listing,ok,none,
2023-08-28,export-sales-mexico-and-unknown-destinations-6,announcement,sale,123000,corn,Mexico,2023/2024,listing,ok,none,
2023-08-28,export-sales-mexico-and-unknown-destinations-6,announcement,sale,296000,soybeans,unknown destinations,2023/2024,listing,ok,none,
2023-08-25,export-sales-china-46,correction,restated,120000,soybeans,China,2023/2024,full,ok,none,
2023-08-23,export-sales-unknown-destinations-44,announcement,sale,100000,soybean_meal,unknown destinations,2023/2024,listing,ok,none,
2023-08-22,export-sales-mexico-21,announcement,sale,224000,corn,Mexico,2024/2025,listing,ok,none,
2023-08-21,export-sales-mexico-and-unknown-destinations-5,announcement,sale,111770,corn,Mexico,2023/2024,listing,ok,none,
2023-08-21,export-sales-mexico-and-unknown-destinations-5,announcement,sale,159350,soybeans,unknown destinations,2023/2024,listing,ok,none,
2023-08-18,export-sales-mexico-20,announcement,sale,112000,corn,Mexico,2023/2024,listing,ok,none,
2023-08-14,export-sales-unknown-destinations-43,announcement,sale,416000,soybeans,unknown destinations,2023/2024,listing,ok,none,
2023-08-11,export-sales-mexico-19,announcement,sale,143637,corn,Mexico,2023/2024,listing,ok,none,
2023-08-09,export-sales-china-45,announcement,sale,251000,soybeans,China,2023/2024,listing,ok,none,
2023-08-07,export-sales-china-and-mexico-2,announcement,sale,251460,corn,Mexico,2023/2024,listing,ok,none,
2023-08-07,export-sales-china-and-mexico-2,announcement,sale,132000,soybeans,China,2023/2024,listing,ok,none,
2023-08-03,export-sales-china-44,announcement,sale,134000,soybeans,China,2023/2024,listing,ok,none,
2023-07-31,export-sales-china-and-philippines,announcement,sale,132000,soybeans,China,2023/2024,listing,ok,none,
2023-07-31,export-sales-china-and-philippines,announcement,sale,183300,soybean_meal,Philippines,2023/2024,listing,ok,none,
2023-07-28,export-sales-china-mexico-and-unknown-destinations-2,announcement,sale,325000,soybeans,China,2023/2024,listing,ok,none,
2023-07-28,export-sales-china-mexico-and-unknown-destinations-2,announcement,sale,171460,soybeans,Mexico,2023/2024,listing,ok,none,
2023-07-28,export-sales-china-mexico-and-unknown-destinations-2,announcement,sale,413000,soybeans,unknown destinations,2023/2024,listing,ok,none,
2023-07-27,export-sales-unknown-destinations-42,announcement,sale,256000,soybeans,unknown destinations,2023/2024,listing,ok,none,
2023-07-26,export-sales-unknown-destinations-41,announcement,sale,272000,soybeans,unknown destinations,2023/2024,listing,ok,none,
2023-07-26,export-sales-unknown-destinations-41,announcement,sale,229000,soybeans,unknown destinations,2023/2024,listing,ok,none,
2023-07-24,export-sales-china-43,announcement,sale,121000,soybeans,China,2023/2024,listing,ok,none,
2023-07-13,export-sales-mexico-18,announcement,sale,315704,soybeans,Mexico,2023/2024,listing,ok,none,
2023-07-12,private-exporters-report-sales-activity-unknown-destinations-63,announcement,sale,105000,soybean_meal,unknown destinations,2023/2024,listing,ok,none,
2023-07-07,export-sales-mexico-17,announcement,sale,180000,corn,Mexico,2022/2023,listing,ok,none,
2023-06-30,export-sales-china-42,announcement,sale,132000,soybeans,China,2023/2024,listing,ok,none,
2023-06-28,export-sales-mexico-16,announcement,sale,170706,corn,Mexico,2022/2023,listing,ok,none,
2023-06-09,export-sales-unknown-destinations-40,announcement,sale,197000,soybeans,unknown destinations,2022/2023,listing,ok,none,
2023-06-06,export-sales-spain,announcement,sale,165000,soybeans,Spain,2022/2023,listing,ok,none,
2023-05-22,export-sales-philippines,announcement,sale,225000,soybean_meal,Philippines,2022/2023,listing,ok,none,
2023-05-18,notice-request-revision-currently-approved-information-collection,notice,none,,,,,listing,ok,none,
2023-05-17,cancellation-export-sales-china-2,cancellation,cancel,272000,corn,China,2022/2023,full,ok,none,
2023-05-15,export-sales-poland-0,announcement,sale,100000,soybean_meal,Poland,2022/2023,listing,ok,none,
2023-05-11,export-sales-unknown-destinations-39,announcement,sale,132000,soybeans,unknown destinations,2023/2024,listing,ok,none,
2023-05-09,cancellation-export-sales-china-1,cancellation,cancel,272000,corn,China,2022/2023,full,ok,none,
2023-04-27,cancellation-export-sales-china-0,cancellation,cancel,233000,corn,China,2022/2023,full,ok,none,
2023-04-24,cancellation-export-sales-china,cancellation,cancel,327000,corn,China,2022/2023,full,ok,none,
2023-04-14,export-sales-china-41,announcement,sale,382000,corn,China,2022/2023,listing,ok,none,
2023-04-13,export-sales-china-40,announcement,sale,327000,corn,China,2022/2023,listing,ok,none,
2023-04-05,export-sales-unknown-destinations-38,announcement,sale,125000,corn,unknown destinations,2022/2023,listing,ok,none,
2023-04-05,export-sales-unknown-destinations-38,announcement,sale,276000,soybeans,unknown destinations,2022/2023,listing,ok,none,
2023-04-03,export-sales-mexico-and-unknown-destinations-4,announcement,sale,150000,corn,Mexico,2023/2024,listing,ok,none,
2023-04-03,export-sales-mexico-and-unknown-destinations-4,announcement,sale,20000,soybean_oil,unknown destinations,2022/2023,listing,ok,none,
2023-03-30,export-sale-china,announcement,sale,178000,corn,China,2022/2023,full,ok,none,
2023-03-29,export-sales-china-39,announcement,sale,204000,corn,China,2022/2023,listing,ok,none,
2023-03-28,export-sales-china-38,announcement,sale,136000,corn,China,2022/2023,listing,ok,none,
2023-03-27,export-sales-unknown-destinations-37,announcement,sale,112800,corn,unknown destinations,2022/2023,listing,ok,none,
2023-03-24,export-sales-china-37,announcement,sale,204000,corn,China,2022/2023,listing,ok,none,
2023-03-23,export-sales-china-36,announcement,sale,123000,corn,China,2022/2023,listing,ok,none,
2023-03-22,export-sales-china-35,announcement,sale,178000,corn,China,2022/2023,listing,ok,none,
2023-03-21,export-sales-china-34,announcement,sale,136000,corn,China,2022/2023,listing,ok,none,
2023-03-17,export-sales-china-33,announcement,sale,191000,corn,China,2022/2023,listing,ok,none,
2023-03-16,export-sales-china-32,announcement,sale,641000,corn,China,2022/2023,listing,ok,none,
2023-03-15,export-sales-china-31,announcement,sale,667000,corn,China,2022/2023,listing,ok,none,
2023-03-14,export-sales-china-30,announcement,sale,612000,corn,China,2022/2023,listing,ok,none,
2023-03-09,export-sales-unknown-destinations-36,announcement,sale,184000,soybeans,unknown destinations,2022/2023,listing,ok,none,
2023-03-06,export-sales-japan-and-unknown-destinations,announcement,sale,110000,corn,Japan,2022/2023,listing,ok,none,
2023-03-06,export-sales-japan-and-unknown-destinations,announcement,sale,182400,corn,unknown destinations,2022/2023,listing,ok,none,
2023-02-17,export-sales-unknown-destinations-35,announcement,sale,120800,corn,unknown destinations,2022/2023,listing,ok,none,
2023-02-16,export-sales-unknown-destinations-34,announcement,sale,128000,soybeans,unknown destinations,2022/2023,listing,ok,none,
2023-02-15,export-sales-mexico-15,announcement,sale,213370,corn,Mexico,2022/2023,listing,ok,none,
2023-02-06,export-sales-japan-and-mexico,announcement,sale,111800,corn,Japan,2022/2023,listing,ok,none,
2023-02-06,export-sales-japan-and-mexico,announcement,sale,200000,corn,Mexico,2022/2023,listing,ok,none,
2023-02-03,export-sales-unknown-destinations-33,announcement,sale,132000,soybeans,unknown destinations,2023/2024,listing,ok,none,
2023-01-30,export-sales-japan-0,announcement,sale,112000,corn,Japan,2022/2023,listing,ok,none,
2023-01-26,export-sales-china-29,announcement,sale,106000,soybeans,China,2023/2024,listing,ok,none,
2023-01-25,export-sales-unknown-destinations-32,announcement,sale,100000,corn,unknown destinations,2022/2023,listing,ok,none,
2023-01-25,export-sales-unknown-destinations-32,announcement,sale,130000,soybeans,unknown destinations,2022/2023,listing,ok,none,
2023-01-24,export-sales-unknown-destinations-31,announcement,sale,130000,corn,unknown destinations,2022/2023,listing,ok,none,
2023-01-23,export-sales-unknown-destinations-30,announcement,sale,192000,soybeans,unknown destinations,2022/2023,listing,ok,none,
2023-01-20,export-sales-unknown-destinations-29,announcement,sale,220000,soybeans,unknown destinations,2022/2023,listing,ok,none,
2023-01-19,export-sales-mexico-14,announcement,sale,195000,corn,Mexico,2022/2023,listing,ok,none,
2023-01-17,export-sales-colombia-and-unknown-destinations-0,announcement,sale,150000,corn,Colombia,,listing,ok,none,
2023-01-17,export-sales-colombia-and-unknown-destinations-0,announcement,sale,119000,soybeans,unknown destinations,,listing,ok,none,
2023-01-11,export-sales-unknown-destinations-28,announcement,sale,124000,soybeans,unknown destinations,2022/2023,listing,ok,none,
2023-01-10,export-sales-mexico-13,announcement,sale,174181,soybeans,Mexico,2022/2023,listing,ok,none,
2023-01-06,export-sales-mexico-and-unknown-destinations-3,announcement,sale,132000,soybeans,unknown destinations,2022/2023,listing,ok,none,
2023-01-06,export-sales-mexico-and-unknown-destinations-3,announcement,sale,112000,corn,Mexico,2022/2023,listing,ok,none,
2023-01-04,export-sales-unknown-destinations-27,announcement,sale,124000,soybeans,unknown destinations,2022/2023,listing,ok,none,
2022-12-30,export-sales-unknown-destinations-26,announcement,sale,186000,soybeans,unknown destinations,2022/2023,listing,ok,none,
2022-12-27,export-sales-japan,announcement,sale,177500,corn,Japan,2022/2023,listing,ok,none,
2022-12-23,export-sales-mexico-and-unknown-destinations-2,announcement,sale,124000,soybeans,unknown destinations,2022/2023,listing,ok,none,
2022-12-23,export-sales-mexico-and-unknown-destinations-2,announcement,sale,150000,corn,Mexico,2022/2023,listing,ok,none,
2022-12-19,export-sales-mexico-and-unknown-destinations-1,announcement,sale,132000,soybeans,unknown destinations,2022/2023,listing,ok,none,
2022-12-19,export-sales-mexico-and-unknown-destinations-1,announcement,sale,141000,corn,Mexico,2022/2023,listing,ok,none,
2022-12-15,export-sales-mexico-12,announcement,sale,101600,corn,Mexico,2022/2023,listing,ok,none,
2022-12-13,export-sales-unknown-destinations-25,announcement,sale,140000,soybeans,unknown destinations,2023/2024,listing,ok,none,
2022-12-08,export-sales-china-and-unknown-destinations-14,announcement,sale,118000,soybeans,China,2022/2023,listing,ok,none,
2022-12-08,export-sales-china-and-unknown-destinations-14,announcement,sale,718000,soybeans,unknown destinations,2022/2023,listing,ok,none,
2022-12-06,export-sales-china-and-unknown-destinations-13,announcement,sale,264000,soybeans,China,2022/2023,full,ok,none,
2022-12-06,export-sales-china-and-unknown-destinations-13,announcement,sale,240000,soybeans,unknown destinations,2022/2023,full,ok,none,
2022-12-05,export-sales-china-28,announcement,sale,130000,soybeans,China,2022/2023,listing,ok,none,
2022-12-01,export-sales-mexico-11,announcement,sale,114300,corn,Mexico,2022/2023,listing,ok,none,
2022-11-30,export-sales-china-27,announcement,sale,136000,soybeans,China,2022/2023,listing,ok,none,
2022-11-28,export-sales-unknown-destinations-24,announcement,sale,110000,soybeans,unknown destinations,2022/2023,listing,ok,none,
2022-11-23,export-sales-china-26,announcement,sale,110000,soybeans,China,2022/2023,listing,ok,none,
2022-11-16,export-sales-iraq-and-mexico,announcement,sale,150000,wheat,Iraq,2022/2023,listing,ok,none,
2022-11-16,export-sales-iraq-and-mexico,announcement,sale,1866900,corn,Mexico,2022/2023,listing,ok,none,
2022-11-15,export-sales-mexico-10,announcement,sale,230185,corn,Mexico,2022/2023,listing,ok,none,
2022-11-15,export-sales-mexico-10,announcement,sale,261272,soybeans,Mexico,2022/2023,listing,ok,none,
2022-11-10,export-sales-mexico-9,announcement,sale,209931,corn,Mexico,2022/2023,listing,ok,none,
2022-11-09,export-sales-china-and-unknown-destinations-12,announcement,sale,264000,soybeans,China,2022/2023,listing,ok,none,
2022-11-09,export-sales-china-and-unknown-destinations-12,announcement,sale,198000,soybeans,unknown destinations,2022/2023,listing,ok,none,
2022-11-08,export-sales-china-mexico-and-unknown-destinations-1,announcement,sale,338600,corn,Mexico,2022/2023,listing,ok,none,
2022-11-08,export-sales-china-mexico-and-unknown-destinations-1,announcement,sale,144000,soybeans,Mexico,2022/2023,listing,ok,none,
2022-11-08,export-sales-china-mexico-and-unknown-destinations-1,announcement,sale,138700,soybeans,China,2022/2023,listing,ok,none,
2022-11-08,export-sales-china-mexico-and-unknown-destinations-1,announcement,sale,132000,soybeans,unknown destinations,2022/2023,listing,ok,none,
2022-10-28,export-sales-china-and-spain,announcement,sale,126000,soybeans,China,2022/2023,listing,ok,none,
2022-10-28,export-sales-china-and-spain,announcement,sale,198000,soybeans,Spain,2022/2023,listing,ok,none,
2022-10-20,export-sales-china-and-unknown-destinations-11,announcement,sale,201000,soybeans,China,2022/2023,listing,ok,none,
2022-10-20,export-sales-china-and-unknown-destinations-11,announcement,sale,132000,soybeans,unknown destinations,2022/2023,listing,ok,none,
2022-10-14,export-sales-china-philippines-and-unknown-destinations,announcement,sale,392000,soybeans,China,2022/2023,listing,ok,none,
2022-10-14,export-sales-china-philippines-and-unknown-destinations,announcement,sale,198000,soybeans,unknown destinations,2022/2023,listing,ok,none,
2022-10-14,export-sales-china-philippines-and-unknown-destinations,announcement,sale,230000,soybean_meal,Philippines,2022/2023,listing,ok,none,
2022-10-13,export-sales-china-and-unknown-destinations-10,announcement,sale,264000,soybeans,China,2022/2023,listing,ok,none,
2022-10-13,export-sales-china-and-unknown-destinations-10,announcement,sale,242000,soybeans,unknown destinations,2022/2023,listing,ok,none,
2022-10-12,export-sales-china-25,announcement,sale,526000,soybeans,China,2022/2023,listing,ok,none,
2022-10-03,export-sales-unknown-destinations-23,announcement,sale,110000,soybeans,unknown destinations,2022/2023,listing,ok,none,
2022-09-22,export-sales-mexico-and-unknown,announcement,sale,105000,corn,Mexico,2022/2023,listing,ok,none,
2022-09-22,export-sales-mexico-and-unknown,announcement,sale,101600,corn,unknown destinations,2022/2023,listing,ok,none,
2022-09-19,export-sales-china-24,announcement,sale,136000,soybeans,China,2022/2023,listing,ok,none,
2022-09-09,export-sales-taiwan,announcement,sale,104000,soybeans,Taiwan,2022/2023,listing,ok,none,
2022-09-07,export-sales-mexico-8,announcement,sale,257400,corn,Mexico,2022/2023,listing,ok,none,
2022-09-01,export-sales-unknown-destinations-22,announcement,sale,396000,soybeans,unknown destinations,2022/2023,listing,ok,none,
2022-08-31,statement-fas-administrator-weekly-export-sales-reporting,notice,none,,,,,listing,ok,none,
2022-08-31,export-sales-china-23,announcement,sale,167000,soybeans,China,2022/2023,listing,ok,none,
2022-08-30,export-sales-unknown-destinations-21,announcement,sale,264000,soybeans,unknown destinations,2022/2023,listing,ok,none,
2022-08-26,export-sales-unknown-destinations-20,announcement,sale,146000,soybeans,unknown destinations,2022/2023,listing,ok,none,
2022-08-25,statement-usda-foreign-agricultural-service-regarding-weekly-export-sales-reporting,notice,none,,,,,listing,ok,none,
2022-08-24,export-sales-china-22,announcement,sale,517000,soybeans,China,2022/2023,listing,ok,none,
2022-08-23,export-sales-china-21,announcement,sale,110000,soybeans,China,2022/2023,listing,ok,none,
2022-08-16,export-sales-mexico-7,announcement,sale,228606,soybeans,Mexico,2022/2023,listing,ok,none,
2022-08-11,export-sales-mexico-6,announcement,sale,103400,soybean_meal,Mexico,2022/2023,listing,ok,none,
2022-08-10,export-sales-china-20,announcement,sale,196000,soybeans,China,2022/2023,listing,ok,none,
2022-08-09,export-sales-china-19,announcement,sale,133000,corn,China,2022/2023,listing,ok,none,
2022-08-08,export-sales-china-italy-and-unknown-destinations,announcement,sale,132000,soybeans,China,2022/2023,listing,ok,none,
2022-08-08,export-sales-china-italy-and-unknown-destinations,announcement,sale,105000,corn,Italy,2022/2023,listing,ok,none,
2022-08-08,export-sales-china-italy-and-unknown-destinations,announcement,sale,120000,corn,unknown destinations,2022/2023,listing,ok,none,
2022-08-05,export-sales-unknown-destinations-19,announcement,sale,132000,soybeans,China,2022/2023,listing,ok,none,
2022-08-05,export-sales-unknown-destinations-19,announcement,sale,132000,soybeans,unknown destinations,2022/2023,listing,ok,none,
2022-08-03,export-sales-poland,announcement,sale,135000,soybean_meal,Poland,2022/2023,listing,ok,none,
2022-07-29,export-sales-unknown-destinations-18,announcement,sale,132000,soybeans,unknown destinations,2022/2023,listing,ok,none,
2022-07-20,export-sales-china-18,announcement,sale,136000,soybeans,China,2022/2023,listing,ok,none,
2022-07-15,export-sales-china-17,retraction,restated,133000,corn,China,2022/2023,full,ok,none,
2022-06-17,export-sales-costa-rica-and-unknown-destinations,announcement,sale,144907,corn,Costa Rica,2022/2023,listing,ok,none,
2022-06-17,export-sales-costa-rica-and-unknown-destinations,announcement,sale,105664,corn,unknown destinations,2021/2022,listing,ok,none,
2022-06-15,export-sale-cancellation-unknown-destinations,cancellation,cancel,100000,soybeans,unknown destinations,2021/2022,full,ok,none,
2022-06-14,export-sales-mexico-5,announcement,sale,148000,corn,Mexico,2021/2022,listing,ok,none,
2022-06-09,export-sales-unknown-destinations-17,announcement,sale,143000,soybeans,unknown destinations,2021/2022,listing,ok,none,
2022-06-03,export-sales-unknown-destinations-16,announcement,sale,101600,corn,unknown destinations,2021/2022,listing,ok,none,
2022-06-02,export-sales-pakistan,announcement,sale,352000,soybeans,Pakistan,2021/2022,listing,ok,none,
2022-06-01,export-sales-china-16,announcement,sale,132000,soybeans,China,2021/2022,listing,ok,none,
2022-05-23,export-sales-egypt,announcement,sale,130000,soybeans,Egypt,2021/2022,listing,ok,none,
2022-05-18,export-sales-unknown-destinations-15,announcement,sale,229200,soybeans,unknown destinations,2021/2022,listing,ok,none,
2022-05-13,export-sales-china-15,announcement,sale,132000,soybeans,China,2021/2022,listing,ok,none,
2022-05-12,export-sales-china-14,announcement,sale,612000,corn,China,2021/2022,listing,ok,none,
2022-04-28,export-sales-china-13,announcement,sale,1088000,corn,China,2021/2022,listing,ok,none,
2022-04-26,export-sales-china-and-unknown-destinations-9,announcement,sale,132000,soybeans,China,2022/2023,listing,ok,none,
2022-04-26,export-sales-china-and-unknown-destinations-9,announcement,sale,133000,soybeans,unknown destinations,2022/2023,listing,ok,none,
2022-04-25,export-sales-china-12,announcement,sale,330000,soybeans,China,2021/2022,listing,ok,none,
2022-04-25,export-sales-china-12,announcement,sale,204000,soybeans,China,2021/2022,listing,ok,none,
2022-04-22,export-sales-china-and-mexico-1,announcement,sale,1347000,corn,China,2021/2022,listing,ok,none,
2022-04-19,export-sales-unknown-destinations-14,announcement,sale,123650,soybeans,unknown destinations,2021/2022,listing,ok,none,
2022-04-15,export-sales-china-11,announcement,sale,389000,soybeans,China,2021/2022,listing,ok,none,
2022-04-14,export-sales-china-10,announcement,sale,132000,soybeans,China,2021/2022,listing,ok,none,
2022-04-11,export-sales-china-9,announcement,sale,1020000,corn,China,2021/2022,listing,ok,none,
2022-04-06,export-sales-china-8,announcement,sale,132000,soybeans,China,2021/2022,listing,ok,none,
2022-04-04,export-sales-china-7,announcement,sale,1084000,corn,China,2021/2022,listing,ok,none,
2022-04-01,export-sales-unknown-destinations-13,announcement,sale,136000,corn,unknown destinations,2021/2022,listing,ok,none,
2022-03-30,export-sales-mexico-4,announcement,sale,128000,soybeans,Mexico,2022/2023,listing,ok,none,
2022-03-28,private-exporters-report-sales-activity-china-and-unknown-destinations-32,announcement,sale,132000,soybeans,China,2021/2022,listing,ok,none,
2022-03-28,private-exporters-report-sales-activity-china-and-unknown-destinations-32,announcement,sale,127920,corn,unknown destinations,2021/2022,listing,ok,none,
2022-03-25,export-sales-china-6,announcement,sale,132000,soybeans,China,2021/2022,listing,ok,none,
2022-03-24,export-sales-unknown-destinations-12,announcement,sale,318200,soybeans,unknown destinations,2021/2022,listing,ok,none,
2022-03-22,export-sales-unknown-destinations-11,announcement,sale,240000,soybeans,unknown destinations,2021/2022,listing,ok,none,
2022-03-17,export-sales-unknown-destinations-10,announcement,sale,136000,corn,unknown destinations,2021/2022,listing,ok,none,
2022-03-14,export-sales-mexico-3,announcement,sale,159000,corn,Mexico,2021/2022,listing,ok,none,
2022-03-11,export-sales-china-and-unknown-destinations-8,announcement,sale,128900,corn,unknown destinations,2021/2022,listing,ok,none,
2022-03-11,export-sales-china-and-unknown-destinations-8,announcement,sale,264000,soybeans,China,2022/2023,listing,ok,none,
2022-03-09,export-sales-colombia-and-unknown-destinations,announcement,sale,100000,corn,Colombia,2021/2022,listing,ok,none,
2022-03-09,export-sales-colombia-and-unknown-destinations,announcement,sale,20000,soybean_oil,unknown destinations,2021/2022,listing,ok,none,
2022-03-08,export-sales-philippines-china-and-unknown-destinations,announcement,sale,193000,wheat,Philippines,2022/23,listing,ok,none,
2022-03-08,export-sales-philippines-china-and-unknown-destinations,announcement,sale,132000,soybeans,China,2022/23,listing,ok,none,
2022-03-08,export-sales-philippines-china-and-unknown-destinations,announcement,sale,126000,soybeans,unknown destinations,2021/22,listing,ok,none,
2022-03-07,export-sales-china-5,announcement,sale,132000,soybeans,China,2021/202,listing,ok,none,
2022-03-04,export-sales-china-mexico-and-unknown-destinations-0,announcement,sale,106000,soybeans,China,2021/2022,full,ok,none,
2022-03-04,export-sales-china-mexico-and-unknown-destinations-0,announcement,sale,108860,soybeans,Mexico,2021/2022,full,ok,none,
2022-03-04,export-sales-china-mexico-and-unknown-destinations-0,announcement,sale,125000,soybeans,unknown destinations,2021/2022,full,ok,none,
2022-03-03,export-sales-china-and-unknown-destinations-7,announcement,sale,132000,soybeans,China,2021/202,listing,ok,none,
2022-03-02,export-sales-china-and-unknown-destinations-6,announcement,sale,264000,soybeans,unknown destinations,2021/20,listing,ok,none,
2022-03-01,export-sales-china-4,announcement,sale,264000,soybeans,China,2022/2023,listing,ok,none,
2022-02-28,export-sales-china-and-unknown-destinations-5,announcement,sale,136000,soybeans,China,2022/2023,listing,ok,none,
2022-02-28,export-sales-china-and-unknown-destinations-5,announcement,sale,120000,soybeans,unknown destinations,2021/2022,listing,ok,none,
2022-02-25,export-sales-china-and-unknown-destinations-4,announcement,sale,334000,soybeans,China,2022/23,listing,ok,none,
2022-02-25,export-sales-china-and-unknown-destinations-4,announcement,sale,285000,soybeans,unknown destinations,2021/22,listing,ok,none,
2022-02-23,export-sales-china-3,announcement,sale,132000,soybeans,China,2022/2023,listing,ok,none,
2022-02-22,export-sales-nigeria-and-china,announcement,sale,132000,soybeans,China,2022/2023,listing,ok,none,
2022-02-22,export-sales-nigeria-and-china,announcement,sale,120000,wheat,Nigeria,2021/2022,listing,ok,none,
2022-02-18,export-sales-unknown-destinations-9,announcement,sale,198000,soybeans,unknown destinations,2021/2022,listing,ok,none,
2022-02-16,export-sales-china-2,announcement,sale,132000,soybeans,China,2022/2023,listing,ok,none,
2022-02-15,export-sales-mexico-2,announcement,sale,101000,soybeans,Mexico,2021/2022,listing,ok,none,
2022-02-11,export-sales-china-japan-and-unknown-destinations,correction,restated,108000,soybeans,China,2022/2023,full,ok,none,
2022-02-11,export-sales-china-japan-and-unknown-destinations,correction,restated,128000,corn,Japan,2021/2022,full,ok,none,
2022-02-11,export-sales-china-japan-and-unknown-destinations,correction,restated,30000,soybean_oil,unknown destinations,2021/2022,full,ok,none,
2022-02-10,export-sales-unknown-destinations-7,announcement,sale,299700,soybeans,unknown destinations,2021/2022,listing,ok,none,
2022-02-09,export-sales-china-1,announcement,sale,240000,soybeans,China,2022/2023,listing,ok,none,
2022-02-08,export-sales-china-and-unknown-destinations-3,announcement,sale,132000,soybeans,China,2022/2023,listing,ok,none,
2022-02-08,export-sales-china-and-unknown-destinations-3,announcement,sale,332000,soybeans,unknown destinations,2022/2023,listing,ok,none,
2022-02-07,export-sales-unknown-destinations-6,announcement,sale,507000,soybeans,unknown destinations,2021/20,listing,ok,none,
2022-02-04,export-sales-unknown-destinations-5,announcement,sale,295000,soybeans,unknown destinations,2021/2022,listing,ok,none,
2022-02-03,private-exporters-report-sales-activity-china-101,announcement,cancel,380000,corn,China,2021/2022,listing,ok,none,
2022-02-02,export-sales-unknown-destinations-4,announcement,sale,380000,soybeans,unknown destinations,2021/2022,listing,ok,none,
2022-02-01,export-sales-china-and-mexico-0,announcement,sale,132000,soybeans,China,2022/2023,listing,ok,none,
2022-02-01,export-sales-china-and-mexico-0,announcement,sale,110000,corn,Mexico,2021/2022,listing,ok,none,
2022-01-31,export-sales-china-0,announcement,sale,129000,soybeans,China,2021/2022,listing,ok,none,
2022-01-28,export-sales-china-mexico-and-unknown-destinations,announcement,sale,264000,soybeans,China,2022/2023,listing,ok,none,
2022-01-28,export-sales-china-mexico-and-unknown-destinations,announcement,sale,141514,soybeans,Mexico,2021/2022,listing,ok,none,
2022-01-28,export-sales-china-mexico-and-unknown-destinations,announcement,sale,251500,soybeans,unknown destinations,2021/2022,listing,ok,none,
2022-01-24,export-sales-china-and-unknown-destinations-2,announcement,sale,150000,corn,unknown destinations,2021/2022,listing,ok,none,
2022-01-24,export-sales-china-and-unknown-destinations-2,announcement,sale,132000,soybeans,China,2021/2022,listing,ok,none,
2022-01-21,export-sales-china-and-unknown-destinations-1,announcement,sale,132000,soybeans,China,2021/2022,listing,ok,none,
2022-01-21,export-sales-china-and-unknown-destinations-1,announcement,sale,247800,corn,unknown destinations,2021/2022,listing,ok,none,
2022-01-18,export-sales-unknown-destinations-3,announcement,sale,126000,sorghum,unknown destinations,2021/2022,listing,ok,none,
2022-01-14,export-sales-mexico-and-spain,correction,restated,100422,soybeans,Mexico,2021/2022,full,ok,none,
2022-01-14,export-sales-mexico-and-spain,correction,restated,100000,soybean_meal,Spain,2022/2023,full,ok,none,
2022-01-12,export-sales-china-and-unknown-destinations-0,announcement,sale,132000,soybeans,China,2022/2023,full,ok,none,
2022-01-12,export-sales-china-and-unknown-destinations-0,announcement,sale,100000,corn,unknown destinations,2021/2022,full,ok,none,
2022-01-11,export-sales-mexico-1,announcement,sale,100000,soybeans,Mexico,2021/2022,listing,ok,none,
2022-01-10,export-sales-mexico-0,announcement,sale,132000,corn,Mexico,2021/202,listing,ok,none,
2022-01-07,export-sales-mexico-and-unknown-destinations-0,announcement,sale,176784,corn,Mexico,2021/2022,listing,ok,none,
2022-01-07,export-sales-mexico-and-unknown-destinations-0,announcement,sale,120000,soybeans,unknown destinations,2022/2023,listing,ok,none,
2022-01-06,export-sales-mexico,announcement,sale,102000,soybeans,Mexico,2021/2022,listing,ok,none,
2022-01-05,export-sales-unknown-destinations-2,announcement,sale,132000,soybeans,unknown destinations,2022/2023,listing,ok,none,
2021-12-27,private-exporters-report-sales-activity-unknown-destination-1,announcement,sale,269240,corn,unknown destinations,2021/2022,listing,ok,none,
2021-12-17,export-sales-china-and-india-0,announcement,sale,132000,soybeans,China,2021/2022,listing,ok,none,
2021-12-17,export-sales-china-and-india-0,announcement,sale,33000,soybean_oil,India,2021/2022,listing,ok,none,
2021-12-16,export-sales-india,announcement,sale,20000,soybean_oil,India,2021/2022,listing,ok,none,
2021-12-09,export-sales-unknown-destinations-1,announcement,sale,280000,soybeans,unknown destinations,2021/2022,listing,ok,none,
2021-12-08,export-sales-china-and-mexico,announcement,sale,1844040,corn,Mexico,2021/2022,listing,ok,none,
2021-12-08,export-sales-china-and-mexico,announcement,sale,130000,soybeans,China,2021/2022,listing,ok,none,
2021-12-07,export-sales-unknown-destinations-0,announcement,sale,123000,soybeans,unknown destinations,2021/2022,listing,ok,none,
2021-12-06,export-sales-china,announcement,sale,130000,soybeans,China,2021/2022,listing,ok,none,
2021-12-03,export-sales-unknown-destinations,announcement,sale,122000,soybeans,unknown destinations,2021/2022,listing,ok,none,
2021-12-02,export-sales-china-and-unknown-destinations,announcement,sale,164100,soybeans,unknown destinations,2021/2022,listing,ok,none,
2021-12-02,export-sales-china-and-unknown-destinations,announcement,sale,130000,soybeans,China,2021/2022,listing,ok,none,
2021-12-01,export-sales-colombia,announcement,sale,150000,corn,Colombia,2021/2022,listing,ok,none,
2021-11-30,private-exporters-report-sales-activity-unknown-destinations-62,announcement,sale,132000,soybeans,unknown destinations,2021/2022,listing,ok,none,
2021-11-24,export-sales-to-mexico-and-unknown-destinations,correction,restated,330000,soybeans,unknown destinations,2021/2022,full,ok,none,
2021-11-24,export-sales-to-mexico-and-unknown-destinations,correction,restated,100000,corn,Mexico,2021/2022,full,ok,none,
2021-11-24,export-sales-to-mexico-and-unknown-destinations,correction,restated,30000,soybean_oil,India,2021/2022,full,ok,none,
2021-11-17,export-sales-china-and-india,announcement,sale,132000,soybeans,China,2021/2022,full,ok,none,
2021-11-17,export-sales-china-and-india,announcement,sale,30000,soybean_oil,India,2021/2022,full,ok,none,
2021-11-16,export-sales-mexico-and-unknown-destinations,announcement,sale,270000,corn,Mexico,2021/2022,listing,ok,none,
2021-11-16,export-sales-mexico-and-unknown-destinations,announcement,sale,161000,soybeans,unknown destinations,2021/2022,listing,ok,none,
2021-11-15,private-exporters-report-sales-activity-mexico-and-unknown-destinations-0,correction,restated,264000,soybeans,unknown destinations,2021/2022,full,ok,none,
2021-11-15,private-exporters-report-sales-activity-mexico-and-unknown-destinations-0,correction,restated,198200,corn,Mexico,2021/20,full,ok,none,
2021-11-12,private-exporters-report-sales-activity-unknown-destinations-57,announcement,sale,256930,soybeans,unknown destinations,2021/2022,listing,ok,none,
2021-11-10,private-exporters-report-sales-activity-unknown-destinations-56,announcement,sale,22000,soybean_oil,unknown destinations,2021/2022,listing,ok,none,
2021-11-08,private-exporters-report-sales-activity-colombia-0,announcement,sale,150000,corn,Colombia,2021/2022,listing,ok,none,
2021-11-04,private-exporters-report-sales-activity-egypt-15,announcement,sale,100000,soybeans,Egypt,2021/2022,listing,ok,none,
2021-11-01,private-exporters-report-sales-activity-china-90,announcement,sale,132000,soybeans,China,2021/2022,listing,ok,none,
2021-10-29,private-exporters-report-sales-activity-mexico-and-unknown-destinations,announcement,sale,279415,corn,Mexico,2021/2022,listing,ok,none,
2021-10-29,private-exporters-report-sales-activity-mexico-and-unknown-destinations,announcement,sale,132000,soybeans,unknown destinations,2021/2022,listing,ok,none,
2021-10-29,private-exporters-report-sales-activity-mexico-and-unknown-destinations,announcement,sale,222350,soybeans,unknown destinations,2021/2022,listing,ok,none,
2021-10-26,private-exporters-report-sales-activity-china-and-mexico-11,announcement,sale,199000,soybeans,China,2021/2022,listing,ok,none,
2021-10-26,private-exporters-report-sales-activity-china-and-mexico-11,announcement,sale,125730,soybeans,Mexico,2021/2022,listing,ok,none,
2021-10-21,private-exporters-report-sales-activity-mexico-25,announcement,sale,130000,corn,Mexico,2021/2022,listing,ok,none,
2021-10-15,private-exporters-report-sales-activity-china-and-unknown-destinations-31,announcement,sale,396000,soybeans,unknown destinations,2021/2022,listing,ok,none,
2021-10-15,private-exporters-report-sales-activity-china-and-unknown-destinations-31,announcement,sale,326750,soybeans,unknown destinations,2021/2022,listing,ok,none,
2021-10-15,private-exporters-report-sales-activity-china-and-unknown-destinations-31,announcement,sale,132000,soybeans,China,2021/2022,listing,ok,none,
2021-10-14,private-exporters-report-sales-activity-unknown-destinations-52,announcement,sale,132000,soybeans,unknown destinations,2021/2022,listing,ok,none,
2021-10-13,private-exporters-report-sales-activity-china-and-unknown-destinations-30,announcement,sale,161544,corn,unknown destinations,2021/2022,full,ok,none,
2021-10-13,private-exporters-report-sales-activity-china-and-unknown-destinations-30,announcement,sale,330000,soybeans,China,2021/2022,full,ok,none,
2021-10-13,private-exporters-report-sales-activity-china-and-unknown-destinations-30,announcement,sale,198000,soybeans,unknown destinations,2021/2022,full,ok,none,
2021-10-12,private-exporters-report-sales-activity-mexico-24,announcement,sale,165000,corn,Mexico,2021/2022,listing,ok,none,
2021-10-07,private-exporters-report-sales-activity-mexico-23,announcement,sale,261264,soybeans,Mexico,2021/22,listing,ok,none,
2021-10-07,private-exporters-report-sales-activity-mexico-23,announcement,sale,314256,corn,Mexico,2021/22,listing,ok,none,
2021-10-04,private-exporters-report-sales-activity-mexico-22,announcement,sale,426800,corn,Mexico,2021/2022,listing,ok,none,
2021-09-28,private-exporters-report-sales-activity-mexico-21,announcement,sale,150000,corn,Mexico,2021/2022,listing,ok,none,
2021-09-27,private-exporters-report-sales-activity-china-89,announcement,sale,334000,soybeans,China,2021/2022,listing,ok,none,
2021-09-23,private-exporters-report-sales-activity-guatemala,announcement,sale,138403,corn,Guatemala,2021/2022,listing,ok,none,
2021-09-17,private-exporters-report-sales-activity-china-88,announcement,sale,132000,soybeans,China,2021/2022,listing,ok,none,
2021-09-16,private-exporters-report-sales-activity-china-87,announcement,sale,132000,soybeans,China,2021/2022,listing,ok,none,
2021-09-15,private-exporters-report-sales-activity-china-and-unknown-destinations-29,announcement,cancel,132000,soybeans,China,2021/2022,listing,ok,none,
2021-09-15,private-exporters-report-sales-activity-china-and-unknown-destinations-29,announcement,cancel,196000,soybeans,unknown destinations,2021/2022,listing,ok,none,
2021-09-13,private-exporters-report-sales-activity-unknown-destinations-51,announcement,sale,132000,soybeans,unknown destinations,2021/2022,listing,ok,none,
2021-09-10,private-exporters-report-sales-activity-china-86,announcement,sale,132000,soybeans,China,2021/2022,listing,ok,match,2021-09-10
2021-09-09,private-exporters-report-sales-activity-china-85,announcement,sale,132000,soybeans,China,2021/2022,listing,ok,none,
2021-09-08,private-exporters-report-sales-activity-china-80,announcement,sale,106000,soybeans,China,2021/2022,listing,ok,none,
2021-09-06,private-exporters-report-sales-activity-nigeria-2,announcement,sale,327300,wheat,Nigeria,2021/2022,listing,ok,none,
2021-09-03,private-exporters-report-sales-activity-china-79,announcement,sale,130000,soybeans,China,2021/2022,listing,ok,none,
2021-09-02,private-exporters-report-sales-activity-china-78,announcement,sale,126000,soybeans,China,2021/2022,listing,ok,none,
2021-08-30,private-exporters-report-sales-activity-china-72,announcement,sale,256000,soybeans,China,2021/2022,listing,ok,none,
2021-08-27,private-exporters-report-sales-activity-china-and-colombia-0,announcement,sale,129000,soybeans,China,2021/2022,listing,ok,none,
2021-08-27,private-exporters-report-sales-activity-china-and-colombia-0,announcement,sale,150000,corn,Colombia,2021/2022,listing,ok,none,
2021-08-26,private-exporters-report-sales-activity-china-colombia-and-unknown-destinations,announcement,sale,100000,corn,Colombia,2021/2022,full,ok,match,2021-08-26
2021-08-26,private-exporters-report-sales-activity-china-colombia-and-unknown-destinations,announcement,sale,133000,soybeans,China,2021/2022,full,ok,match,2021-08-26
2021-08-26,private-exporters-report-sales-activity-china-colombia-and-unknown-destinations,announcement,sale,132150,soybeans,unknown destinations,2021/2022,full,ok,match,2021-08-26
2021-08-24,private-exporters-report-sales-activity-china-and-mexico-3,announcement,sale,132000,soybeans,China,2021/2022,listing,ok,none,
2021-08-24,private-exporters-report-sales-activity-china-and-mexico-3,announcement,sale,125300,corn,Mexico,2021/2022,listing,ok,none,
2021-08-23,private-exporters-report-sales-activity-mexico-20,announcement,sale,458600,corn,Mexico,2021/2022,listing,ok,none,
2021-08-19,private-exporters-report-sales-activity-china-and-mexico-2,announcement,sale,263000,soybeans,China,2021/2022,listing,ok,none,
2021-08-19,private-exporters-report-sales-activity-china-and-mexico-2,announcement,sale,148590,soybeans,Mexico,2021/2022,listing,ok,none,
2021-08-18,private-exporters-report-sales-activity-china-71,announcement,sale,131000,soybeans,China,2021/22,listing,ok,none,
2021-08-17,private-exporters-report-sales-activity-china-and-unknown-destinations-27,announcement,sale,198000,soybeans,China,2021/22,listing,ok,none,
2021-08-17,private-exporters-report-sales-activity-china-and-unknown-destinations-27,announcement,sale,132000,soybeans,unknown destinations,2021/22,listing,ok,none,
2021-08-16,private-exporters-report-sales-activity-unknown-destinations-37,announcement,sale,132000,soybeans,unknown destinations,2021/2022,listing,ok,none,
2021-08-13,private-exporters-report-sales-activity-china-and-unknown-destinations-21,announcement,sale,326200,soybeans,unknown destinations,2020/2021,full,ok,match,2021-08-13
2021-08-13,private-exporters-report-sales-activity-china-and-unknown-destinations-21,announcement,sale,126000,soybeans,China,2021/2022,full,ok,match,2021-08-13
2021-08-12,private-exporters-report-sales-activity-china-and-unknown-destinations-19,announcement,sale,132000,soybeans,China,2021/2022,listing,ok,none,
2021-08-12,private-exporters-report-sales-activity-china-and-unknown-destinations-19,announcement,sale,198000,soybeans,unknown destinations,2021/2022,listing,ok,none,
2021-08-11,private-exporters-report-sales-activity-china-70,announcement,sale,132000,soybeans,China,2021/2022,listing,ok,none,
2021-08-10,private-exporters-report-sales-activity-china-mexico-and-unknown-destinations-0,announcement,sale,182880,corn,Mexico,2021/20,full,ok,none,
2021-08-10,private-exporters-report-sales-activity-china-mexico-and-unknown-destinations-0,announcement,sale,132000,soybeans,China,2021/2022,full,ok,none,
2021-08-10,private-exporters-report-sales-activity-china-mexico-and-unknown-destinations-0,announcement,sale,130000,soybeans,unknown destinations,2021/2022,full,ok,none,
2021-08-09,private-exporters-report-sales-activity-unknown-destinations-36,announcement,sale,104000,soybeans,unknown destinations,2021/2022,listing,ok,none,
2021-08-06,private-exporters-report-sales-activity-china-64,announcement,sale,131000,soybeans,China,2021/2022,listing,ok,none,
2021-08-05,private-exporters-report-sales-activity-unknown-destinations-35,announcement,sale,300000,soybeans,unknown destinations,2021/2022,listing,ok,none,
2021-07-29,private-exporters-report-sales-activity-unknown-destinations-34,announcement,sale,132000,soybeans,unknown destinations,2021/2022,listing,ok,none,
2021-07-23,private-exporters-report-sales-activity-mexico-19,announcement,sale,100000,soybeans,Mexico,2021/2022,listing,ok,none,
2021-07-16,private-exporters-report-sales-activity-china-63,announcement,sale,134000,wheat,China,2021/2022,listing,ok,match,2021-07-16
2021-07-09,private-exporters-report-sales-activity-mexico-18,announcement,sale,228600,soybeans,Mexico,2021/2022,listing,ok,match,2021-07-09
2021-07-08,private-exporters-report-sales-activity-mexico-17,announcement,sale,122200,soybean_meal,Mexico,2021/2022,listing,ok,match,2021-07-08
2021-06-25,private-exporters-report-sales-activity-mexico-11,correction,restated,122200,soybean_meal,Mexico,2021/2022,full,ok,match,2021-06-25
2021-06-25,private-exporters-report-sales-activity-mexico-11,correction,restated,112200,soybean_meal,Mexico,2021/202,full,ok,match,2021-06-25
2021-06-25,private-exporters-report-sales-activity-mexico-10,announcement,sale,122200,soybean_meal,Mexico,,listing,ok,none,
2021-06-24,private-exporters-report-sales-activity-china-and-unknown-destinations-17,announcement,sale,132000,soybeans,China,2021/2022,listing,ok,none,
2021-06-24,private-exporters-report-sales-activity-china-and-unknown-destinations-17,announcement,sale,260000,soybeans,unknown destinations,2021/2022,listing,ok,none,
2021-06-23,private-exporters-report-sales-activity-china-62,announcement,sale,330000,soybeans,China,2021/2022,listing,ok,none,
2021-06-21,private-exporters-report-sales-activity-china-and-unknown-destinations-15,announcement,sale,336000,soybeans,China,2021/2022,listing,ok,none,
2021-06-21,private-exporters-report-sales-activity-china-and-unknown-destinations-15,announcement,sale,120000,soybeans,unknown destinations,2021/2022,listing,ok,none,
2021-06-17,private-exporters-report-sales-activity-philippines-10,announcement,sale,135000,soybean_meal,Philippines,2020/2021,listing,ok,none,
2021-06-16,private-exporters-report-sales-activity-unknown-destinations-33,announcement,sale,153416,corn,unknown destinations,2021/2022,listing,ok,none,
2021-05-27,private-exporters-report-sales-activity-unknown-destinations-5,announcement,sale,152400,corn,unknown destinations,2021/2022,listing,ok,none,
2021-05-20,private-exporters-report-sales-activity-china-61,announcement,sale,1224000,corn,China,2021/2022,listing,ok,none,
2021-05-19,private-exporters-report-sales-activity-china-and-mexico-1,announcement,sale,1360000,corn,China,2021/2022,full,ok,match,2021-05-19
2021-05-19,private-exporters-report-sales-activity-china-and-mexico-1,announcement,sale,142500,soybeans,Mexico,2021/2022,full,ok,match,2021-05-19
2021-05-18,private-exporters-report-sales-activity-china-60,announcement,sale,1360000,corn,China,2021/2022,listing,ok,none,
2021-05-17,private-exporters-report-sales-activity-china-and-mexico-0,announcement,sale,1700000,corn,China,2021/22,listing,ok,none,
2021-05-17,private-exporters-report-sales-activity-china-and-mexico-0,announcement,sale,128000,corn,Mexico,2021/22,listing,ok,none,
2021-05-14,private-exporters-report-sales-activity-china-59,announcement,sale,1360000,corn,China,2021/2022,listing,ok,none,
2021-05-13,private-exporters-report-sales-activity-china-58,announcement,sale,680000,corn,China,2021/2022,listing,ok,none,
2021-05-12,private-exporters-report-sales-activity-mexico-5,announcement,sale,100000,corn,Mexico,,listing,ok,none,
2021-05-11,private-exporters-report-sales-activity-china-57,announcement,sale,680000,corn,China,2021/2022,listing,ok,match,2021-05-11
2021-05-10,private-exporters-report-sales-activity-china-19,announcement,sale,1020000,corn,China,2021/2022,full,ok,match,2021-05-10
2021-05-10,private-exporters-report-sales-activity-china-19,announcement,cancel,280000,corn,China,2020/2021,full,ok,match,2021-05-10
2021-05-07,private-exporters-report-sales-activity-china-and-unknown-destinations-120,announcement,sale,1360000,corn,China,2021/2022,full,ok,match,2021-05-07
2021-05-07,private-exporters-report-sales-activity-china-and-unknown-destinations-120,announcement,sale,188468,corn,unknown destinations,2020/202,full,ok,match,2021-05-07
2021-05-05,private-exporters-report-sales-activity-china-mexico-and-unknown-destinations-7,announcement,sale,184100,corn,Mexico,2021/2022,full,ok,match,2021-05-05
2021-05-05,private-exporters-report-sales-activity-china-mexico-and-unknown-destinations-7,announcement,sale,147320,corn,unknown destinations,2020/202,full,ok,match,2021-05-05
2021-05-05,private-exporters-report-sales-activity-china-mexico-and-unknown-destinations-7,announcement,cancel,140000,corn,China,2020/2021,full,ok,match,2021-05-05
2021-04-27,private-exporters-report-sales-activity-unknown-destinations-291,announcement,sale,101600,corn,unknown destinations,2020/202,listing,ok,match,2021-04-27
2021-04-26,private-exporters-report-sales-activity-unknown-destinations-203,announcement,sale,120000,soybeans,unknown destinations,2021/2022,listing,ok,match,2021-04-26
2021-04-23,private-exporters-report-sales-activity-guatemala-china-and-unknown-destinations,announcement,sale,336000,corn,unknown destinations,2021/2022,full,ok,match,2021-04-23
2021-04-23,private-exporters-report-sales-activity-guatemala-china-and-unknown-destinations,announcement,sale,136680,corn,Guatemala,2021/2022,full,ok,match,2021-04-23
2021-04-23,private-exporters-report-sales-activity-guatemala-china-and-unknown-destinations,announcement,sale,132000,soybeans,China,2021/2022,full,ok,match,2021-04-23
2021-04-20,private-exporters-report-sales-activity-mexico-86,announcement,sale,114300,corn,Mexico,2020/2021,listing,ok,match,2021-04-20
2021-04-12,private-exporters-report-sales-activity-china-and-bangladesh,announcement,sale,132000,soybeans,China,2021/2022,full,ok,match,2021-04-12
2021-04-12,private-exporters-report-sales-activity-china-and-bangladesh,announcement,sale,110000,soybeans,Bangladesh,2020/202,full,ok,match,2021-04-12
2021-04-05,private-exporters-report-sales-activity-unknown-destinations-290,announcement,sale,130000,wheat,unknown destinations,2021/2022,listing,ok,match,2021-04-05
2021-03-30,private-exporters-report-sales-activity-unknown-destinations-289,announcement,sale,100800,corn,unknown destinations,2020/2021,listing,ok,match,2021-03-30
2021-03-25,private-exporters-report-sales-activity-japan-32,announcement,sale,111000,corn,Japan,2020/2021,listing,ok,match,2021-03-25
2021-03-19,private-exporters-report-sales-activity-china-273,announcement,sale,800000,corn,China,2020/2021,listing,ok,match,2021-03-19
2021-03-18,private-exporters-report-sales-activity-china-272,announcement,sale,696000,corn,China,2020/2021,listing,ok,match,2021-03-18
2021-03-17,private-exporters-report-sales-activity-china-271,announcement,sale,1224000,corn,China,2020/2021,listing,ok,match,2021-03-17
2021-03-16,private-exporters-report-sales-activity-china-270,announcement,sale,1156000,corn,China,2020/2021,listing,ok,match,2021-03-16
2021-03-02,private-exporters-report-sales-activity-japan-31,announcement,sale,175000,corn,Japan,2021/2022,listing,ok,match,2021-03-02
2021-02-12,private-exporters-report-sales-activity-costa-rica-and-guatemala,announcement,sale,195338,corn,Costa Rica,,listing,ok,match,2021-02-12
2021-02-10,private-exporters-report-sales-activity-unknown-destinations-287,announcement,cancel,132000,corn,unknown destinations,2020/2021,listing,ok,match,2021-02-10
2021-02-05,private-exporters-report-sales-activity-unknown-destinations-286,announcement,sale,101600,corn,unknown destinations,2020/2021,listing,ok,match,2021-02-05
2021-02-02,private-exporters-report-sales-activity-mexico-85,announcement,sale,115000,corn,Mexico,2020/2021,listing,ok,match,2021-02-02
2021-02-01,private-exporters-report-sales-activity-mexico-japan-and-philippines,announcement,sale,125730,corn,Mexico,2020/2021,full,ok,match,2021-02-01
2021-02-01,private-exporters-report-sales-activity-mexico-japan-and-philippines,announcement,sale,110000,corn,Japan,2020/2021,full,ok,match,2021-02-01
2021-02-01,private-exporters-report-sales-activity-mexico-japan-and-philippines,announcement,sale,133000,soybean_meal,Philippines,2020/2021,full,ok,match,2021-02-01
2021-01-29,private-exporters-report-sales-activity-china-269,announcement,sale,2108000,corn,China,2020/2021,full,ok,match,2021-01-29
2021-01-29,private-exporters-report-sales-activity-china-269,announcement,sale,132000,soybeans,China,2021/2022,full,ok,match,2021-01-29
2021-01-28,private-exporters-report-sales-activity-china-and-unknown-destinations-119,announcement,sale,1700000,corn,China,2020/2021,full,ok,match,2021-01-28
2021-01-28,private-exporters-report-sales-activity-china-and-unknown-destinations-119,announcement,sale,213600,corn,unknown destinations,2020/2021,full,ok,match,2021-01-28
2021-01-27,private-exporters-report-sales-activity-china-and-unknown-destinations-118,announcement,sale,680000,corn,China,2020/2021,full,ok,match,2021-01-27
2021-01-27,private-exporters-report-sales-activity-china-and-unknown-destinations-118,announcement,sale,132000,soybeans,China,2021/2022,full,ok,match,2021-01-27
2021-01-27,private-exporters-report-sales-activity-china-and-unknown-destinations-118,announcement,sale,126500,soybeans,unknown destinations,2020/2021,full,ok,match,2021-01-27
2021-01-26,private-exporters-report-sales-activity-china-and-unknown-destinations-117,announcement,sale,1360000,corn,China,2020/2021,full,ok,match,2021-01-26
2021-01-26,private-exporters-report-sales-activity-china-and-unknown-destinations-117,announcement,sale,102800,corn,unknown destinations,2020/2021,full,ok,match,2021-01-26
2021-01-22,private-exporters-report-sales-activity-china-268,announcement,sale,136000,soybeans,China,2020/2021,full,ok,match,2021-01-22
2021-01-22,private-exporters-report-sales-activity-china-268,announcement,sale,123000,sorghum,China,2020/202,full,ok,match,2021-01-22
2021-01-21,private-exporters-report-sales-activity-china-mexico-nigeria-and-unknown-destinations,announcement,sale,136000,soybeans,China,2020/2021,full,ok,match,2021-01-21
2021-01-21,private-exporters-report-sales-activity-china-mexico-nigeria-and-unknown-destinations,announcement,sale,163290,soybeans,Mexico,2020/2021,full,ok,match,2021-01-21
2021-01-21,private-exporters-report-sales-activity-china-mexico-nigeria-and-unknown-destinations,announcement,sale,138000,wheat,Nigeria,2021/2022,full,ok,match,2021-01-21
2021-01-21,private-exporters-report-sales-activity-china-mexico-nigeria-and-unknown-destinations,announcement,sale,336500,corn,unknown destinations,2020/2021,full,ok,match,2021-01-21
2021-01-19,private-exporters-report-sales-activity-china-israel-and-japan,announcement,sale,132000,soybeans,China,2021/2022,full,ok,match,2021-01-19
2021-01-19,private-exporters-report-sales-activity-china-israel-and-japan,announcement,sale,128000,corn,Japan,2020/2021,full,ok,match,2021-01-19
2021-01-19,private-exporters-report-sales-activity-china-israel-and-japan,announcement,sale,100000,corn,Israel,2020/2021,full,ok,match,2021-01-19
2021-01-15,private-exporters-report-sales-activity-mexico-and-unknown-destinations-15,announcement,sale,110000,corn,Mexico,2020/2021,full,ok,match,2021-01-15
2021-01-15,private-exporters-report-sales-activity-mexico-and-unknown-destinations-15,announcement,sale,318000,soybeans,unknown destinations,2021/2022,full,ok,match,2021-01-15
2021-01-13,private-exporters-report-sales-activity-unknown-destinations-284,announcement,sale,464300,soybeans,unknown destinations,2020/20,listing,ok,match,2021-01-13
2021-01-11,private-exporters-report-sales-activity-china-and-colombia,announcement,sale,132000,soybeans,China,2020/2021,full,ok,match,2021-01-11
2021-01-11,private-exporters-report-sales-activity-china-and-colombia,announcement,sale,108500,corn,Colombia,2020/2021,full,ok,match,2021-01-11
2021-01-07,private-exporters-report-sales-activity-unknown-destinations-282,announcement,sale,213350,soybeans,unknown destinations,2020/2021,full,ok,match,2021-01-07
2021-01-07,private-exporters-report-sales-activity-unknown-destinations-282,announcement,sale,130000,soybeans,unknown destinations,2021/2022,full,ok,match,2021-01-07
2021-01-06,private-exporters-report-sales-activity-unknown-destinations-281,announcement,sale,102616,corn,unknown destinations,2020/2021,listing,ok,match,2021-01-06
2020-12-28,private-exporters-report-sales-activity-unknown-destinations-279,announcement,sale,233700,soybeans,unknown destinations,2020/2021,full,ok,match,2020-12-28
2020-12-28,private-exporters-report-sales-activity-unknown-destinations-279,announcement,sale,125000,soybeans,unknown destinations,2021/2022,full,ok,match,2020-12-28
2020-12-28,private-exporters-report-sales-activity-unknown-destinations-279,announcement,sale,149572,corn,unknown destinations,2020/2021,full,ok,match,2020-12-28
2020-12-28,private-exporters-report-sales-activity-unknown-destinations-279,announcement,sale,33000,soybean_oil,unknown destinations,2020/2021,full,ok,match,2020-12-28
2020-12-17,schedule-change-weekly-export-sales-report,notice,none,,,,,listing,ok,none,
2020-12-16,fas-keeps-us-agriculture-connected-world-2020,notice,none,,,,,listing,ok,match,2020-12-16
2020-12-11,private-exporters-report-sales-activity-philippines-9,announcement,sale,130000,soybean_meal,Philippines,2020/2021,listing,ok,match,2020-12-11
2020-12-10,private-exporters-report-sales-activity-mexico-84,announcement,sale,344442,corn,Mexico,2020/2021,listing,ok,match,2020-12-10
2020-12-09,private-exporters-report-sales-activity-mexico-83,announcement,sale,257071,corn,Mexico,2020/2021,listing,ok,match,2020-12-09
2020-12-04,private-exporters-report-sales-activity-mexico-82,announcement,sale,182020,corn,Mexico,2020/2021,listing,ok,match,2020-12-04
2020-11-30,private-exporters-report-sales-activity-unknown-destinations-278,announcement,sale,140000,corn,unknown destinations,2020/2021,full,ok,match,2020-11-30
2020-11-30,private-exporters-report-sales-activity-unknown-destinations-278,announcement,sale,204000,corn,unknown destinations,2020/2021,full,ok,match,2020-11-30
2020-11-27,private-exporters-report-sales-activity-mexico-81,announcement,sale,302160,corn,Mexico,2020/2021,listing,ok,match,2020-11-27
2020-11-23,private-exporters-report-sales-activity-unknown-destinations-277,announcement,sale,334000,corn,unknown destinations,2020/2021,listing,ok,match,2020-11-23
2020-11-20,private-exporters-report-sales-activity-mexico-and-unknown-destinations-14,announcement,sale,158270,corn,Mexico,2020/2021,full,ok,match,2020-11-20
2020-11-20,private-exporters-report-sales-activity-mexico-and-unknown-destinations-14,announcement,sale,131000,corn,unknown destinations,2020/2021,full,ok,match,2020-11-20
2020-11-18,private-exporters-report-sales-activity-unknown-destinations-276,announcement,sale,140000,corn,unknown destinations,2020/2021,listing,ok,match,2020-11-18
2020-11-17,private-exporters-report-sales-activity-mexico-80,announcement,sale,195000,corn,Mexico,2020/2021,listing,ok,match,2020-11-17
2020-11-10,private-exporters-report-sales-activity-south-korea-20,announcement,sale,130000,corn,South Korea,2020/2021,listing,ok,match,2020-11-10
2020-11-09,private-exporters-report-sales-activity-unknown-destinations-275,announcement,sale,123000,soybeans,unknown destinations,2020/2021,listing,ok,match,2020-11-09
2020-11-06,private-exporters-report-sales-activity-china-south-korea-and-unknown-destinations-0,announcement,sale,132000,soybeans,China,2020/2021,full,ok,match,2020-11-06
2020-11-06,private-exporters-report-sales-activity-china-south-korea-and-unknown-destinations-0,announcement,sale,272150,soybeans,unknown destinations,2020/2021,full,ok,match,2020-11-06
2020-11-06,private-exporters-report-sales-activity-china-south-korea-and-unknown-destinations-0,announcement,sale,206900,corn,unknown destinations,2020/2021,full,ok,match,2020-11-06
2020-11-06,private-exporters-report-sales-activity-china-south-korea-and-unknown-destinations-0,announcement,sale,30000,soybean_oil,South Korea,2020/2021,full,ok,match,2020-11-06
2020-11-05,private-exporters-report-sales-activity-china-and-india,announcement,sale,106000,sorghum,China,2020/2021,full,ok,match,2020-11-05
2020-11-05,private-exporters-report-sales-activity-china-and-india,announcement,sale,33000,soybean_oil,India,2020/2021,full,ok,match,2020-11-05
2020-11-02,private-exporters-report-sales-activity-unknown-destinations-274,announcement,sale,204000,corn,unknown destinations,2020/2021,listing,ok,match,2020-11-02
2020-10-30,private-exporters-report-sales-activity-unknown-destinations-273,announcement,sale,121500,soybeans,unknown destinations,2020/2021,listing,ok,match,2020-10-30
2020-10-29,private-exporters-report-sales-activity-mexico-and-unknown-destinations-13,announcement,sale,1432550,corn,Mexico,,listing,ok,match,2020-10-29
2020-10-28,private-exporters-report-sales-activity-egypt-south-korea-and-unknown-destinations,announcement,sale,207000,corn,South Korea,2020/2021,listing,ok,match,2020-10-28
2020-10-26,private-exporters-report-sales-activity-philippines-and-unknown-destinations-0,announcement,sale,135000,soybean_meal,Philippines,2020/2021,full,ok,match,2020-10-26
2020-10-26,private-exporters-report-sales-activity-philippines-and-unknown-destinations-0,announcement,sale,120700,soybeans,unknown destinations,2020/2021,full,ok,match,2020-10-26
2020-10-23,private-exporters-report-sales-activity-unknown-destinations-272,announcement,sale,100000,corn,unknown destinations,2020/2021,listing,ok,match,2020-10-23
2020-10-22,private-exporters-report-sales-activity-mexico-south-korea-and-unknown-destinations-0,announcement,sale,152404,soybeans,Mexico,2020/2021,full,ok,match,2020-10-22
2020-10-22,private-exporters-report-sales-activity-mexico-south-korea-and-unknown-destinations-0,announcement,sale,132000,soybeans,unknown destinations,2020/2021,full,ok,match,2020-10-22
2020-10-22,private-exporters-report-sales-activity-mexico-south-korea-and-unknown-destinations-0,announcement,sale,130000,wheat,South Korea,2020/2021,full,ok,match,2020-10-22
2020-10-20,private-exporters-report-sales-activity-unknown-destinations-271,announcement,sale,132000,soybeans,unknown destinations,2020/2021,listing,ok,match,2020-10-20
2020-10-19,private-exporters-report-sales-activity-mexico-and-unknown-destinations-12,announcement,sale,345000,corn,unknown destinations,2020/2021,full,ok,match,2020-10-19
2020-10-19,private-exporters-report-sales-activity-mexico-and-unknown-destinations-12,announcement,sale,123000,corn,Mexico,2020/2021,full,ok,match,2020-10-19
2020-10-16,private-exporters-report-sales-activity-mexico-and-unknown-destinations-11,announcement,sale,128000,corn,Mexico,2020/2021,full,ok,match,2020-10-16
2020-10-16,private-exporters-report-sales-activity-mexico-and-unknown-destinations-11,announcement,sale,175000,soybeans,unknown destinations,2020/2021,full,ok,match,2020-10-16
2020-10-16,private-exporters-report-sales-activity-mexico-and-unknown-destinations-11,announcement,sale,216150,soybeans,unknown destinations,2020/2021,full,ok,match,2020-10-16
2020-10-15,private-exporters-report-sales-activity-china-266,announcement,sale,261000,soybeans,China,2020/2021,listing,ok,match,2020-10-15
2020-10-14,private-exporters-report-sales-activity-china-265,announcement,sale,420000,corn,China,2020/2021,full,ok,match,2020-10-14
2020-10-14,private-exporters-report-sales-activity-china-265,announcement,sale,264000,soybeans,China,2020/2021,full,ok,match,2020-10-14
2020-10-13,private-exporters-report-sales-activity-mexico-79,announcement,sale,110000,corn,Mexico,2020/2021,listing,ok,match,2020-10-13
2020-10-08,private-exporters-report-sales-activity-china-mexico-and-unknown-destinations-6,announcement,sale,374000,soybeans,China,2020/2021,full,ok,match,2020-10-08
2020-10-08,private-exporters-report-sales-activity-china-mexico-and-unknown-destinations-6,announcement,sale,152404,soybeans,Mexico,2020/2021,full,ok,match,2020-10-08
2020-10-08,private-exporters-report-sales-activity-china-mexico-and-unknown-destinations-6,announcement,sale,132000,soybeans,unknown destinations,2020/2021,full,ok,match,2020-10-08
2020-10-07,private-exporters-report-sales-activity-china-and-unknown-destinations-116,announcement,sale,132000,soybeans,China,2020/2021,full,ok,match,2020-10-07
2020-10-07,private-exporters-report-sales-activity-china-and-unknown-destinations-116,announcement,sale,120000,soybeans,unknown destinations,2020/2021,full,ok,match,2020-10-07
2020-10-06,private-exporters-report-sales-activity-unknown-destinations-268,announcement,sale,154400,soybeans,unknown destinations,2020/2021,listing,ok,match,2020-10-06
2020-10-05,private-exporters-report-sales-activity-mexico-78,announcement,sale,160020,corn,Mexico,2020/2021,listing,ok,match,2020-10-05
2020-10-02,private-exporters-report-sales-activity-china-and-unknown-destinations-115,announcement,sale,264000,soybeans,China,2020/2021,full,ok,match,2020-10-02
2020-10-02,private-exporters-report-sales-activity-china-and-unknown-destinations-115,announcement,sale,252000,soybeans,unknown destinations,2020/2021,full,ok,match,2020-10-02
2020-10-01,private-exporters-report-sales-activity-egypt-14,announcement,sale,120000,soybeans,Egypt,2020/2021,listing,ok,match,2020-10-01
2020-09-30,private-exporters-report-sales-activity-unknown-destinations-267,announcement,sale,215000,soybeans,unknown destinations,2020/2021,listing,ok,match,2020-09-30
2020-09-29,private-exporters-report-sales-activity-mexico-77,announcement,sale,100000,soybeans,Mexico,2020/2021,listing,ok,match,2020-09-29
2020-09-28,private-exporters-report-sales-activity-japan-and-unknown-destinations-9,announcement,sale,207140,corn,unknown destinations,2020/2021,full,ok,match,2020-09-28
2020-09-28,private-exporters-report-sales-activity-japan-and-unknown-destinations-9,announcement,sale,110800,corn,Japan,2020/2021,full,ok,match,2020-09-28
2020-09-28,private-exporters-report-sales-activity-japan-and-unknown-destinations-9,announcement,sale,218300,soybeans,unknown destinations,2020/2021,full,ok,match,2020-09-28
2020-09-25,private-exporters-report-sales-activity-unknown-destinations-264,announcement,sale,100000,soybean_meal,unknown destinations,2020/2021,listing,ok,match,2020-09-25
2020-09-23,private-exporters-report-sales-activity-china-and-unknown-destinations-114,announcement,sale,132000,soybeans,China,2020/2021,full,ok,match,2020-09-23
2020-09-23,private-exporters-report-sales-activity-china-and-unknown-destinations-114,announcement,sale,126000,soybeans,unknown destinations,2020/2021,full,ok,match,2020-09-23
2020-09-22,private-exporters-report-sales-activity-china-and-unknown-destinations-113,announcement,sale,140000,corn,China,2020/2021,full,ok,match,2020-09-22
2020-09-22,private-exporters-report-sales-activity-china-and-unknown-destinations-113,announcement,sale,320000,corn,unknown destinations,2020/2021,full,ok,match,2020-09-22
2020-09-22,private-exporters-report-sales-activity-china-and-unknown-destinations-113,announcement,sale,266000,soybeans,China,2020/2021,full,ok,match,2020-09-22
2020-09-22,private-exporters-report-sales-activity-china-and-unknown-destinations-113,announcement,sale,264000,soybeans,unknown destinations,2020/2021,full,ok,match,2020-09-22
2020-09-21,private-exporters-report-sales-activity-china-pakistan-and-unknown-destinations,announcement,sale,132000,soybeans,China,2020/2021,full,ok,match,2020-09-21
2020-09-21,private-exporters-report-sales-activity-china-pakistan-and-unknown-destinations,announcement,sale,132000,soybeans,Pakistan,2020/2021,full,ok,match,2020-09-21
2020-09-21,private-exporters-report-sales-activity-china-pakistan-and-unknown-destinations,announcement,sale,171000,soybeans,unknown destinations,2020/2021,full,ok,match,2020-09-21
2020-09-18,private-exporters-report-sales-activity-china-and-unknown-destinations-112,announcement,sale,210000,corn,China,2020/2021,full,ok,match,2020-09-18
2020-09-18,private-exporters-report-sales-activity-china-and-unknown-destinations-112,announcement,sale,132000,soybeans,China,2020/2021,full,ok,match,2020-09-18
2020-09-18,private-exporters-report-sales-activity-china-and-unknown-destinations-112,announcement,sale,100000,soybean_meal,unknown destinations,2020/2021,full,ok,match,2020-09-18
2020-09-17,private-exporters-report-sales-activity-china-and-unknown-destinations-111,announcement,sale,264000,soybeans,China,2020/2021,full,ok,match,2020-09-17
2020-09-17,private-exporters-report-sales-activity-china-and-unknown-destinations-111,announcement,sale,120000,corn,unknown destinations,2020/2021,full,ok,match,2020-09-17
2020-09-17,private-exporters-report-sales-activity-china-and-unknown-destinations-111,announcement,sale,360500,soybeans,unknown destinations,2020/2021,full,ok,match,2020-09-17
2020-09-16,private-exporters-report-sales-activity-china-264,announcement,sale,327000,soybeans,China,2020/2021,listing,ok,match,2020-09-16
2020-09-15,private-exporters-report-sales-activity-china-and-unknown-destinations-110,announcement,sale,132000,soybeans,China,2020/2021,full,ok,match,2020-09-15
2020-09-15,private-exporters-report-sales-activity-china-and-unknown-destinations-110,announcement,sale,132000,soybeans,unknown destinations,2020/2021,full,ok,match,2020-09-15
2020-09-15,private-exporters-report-sales-activity-china-and-unknown-destinations-110,announcement,sale,120000,corn,unknown destinations,2020/2021,full,ok,match,2020-09-15
2020-09-14,private-exporters-report-sales-activity-china-japan-and-unknown-destinations-1,announcement,restated,140000,corn,unknown destinations,2020/2021,full,ok,match,2020-09-14
2020-09-14,private-exporters-report-sales-activity-china-japan-and-unknown-destinations-1,announcement,sale,140000,corn,China,2020/2021,full,ok,match,2020-09-14
2020-09-14,private-exporters-report-sales-activity-china-japan-and-unknown-destinations-1,announcement,sale,350000,corn,China,2020/2021,full,ok,match,2020-09-14
2020-09-14,private-exporters-report-sales-activity-china-japan-and-unknown-destinations-1,announcement,sale,106000,corn,Japan,2020/2021,full,ok,match,2020-09-14
2020-09-14,private-exporters-report-sales-activity-china-japan-and-unknown-destinations-1,announcement,sale,129000,soybeans,China,2020/2021,full,ok,match,2020-09-14
2020-09-14,private-exporters-report-sales-activity-china-japan-and-unknown-destinations-1,announcement,sale,318000,soybeans,unknown destinations,2020/2021,full,ok,match,2020-09-14
2020-09-11,private-exporters-report-sales-activity-china-and-unknown-destinations-109,announcement,sale,222000,soybeans,unknown destinations,2020/2021,full,ok,match,2020-09-11
2020-09-11,private-exporters-report-sales-activity-china-and-unknown-destinations-109,announcement,sale,262000,soybeans,China,2020/2021,full,ok,match,2020-09-11
2020-09-10,private-exporters-report-sales-activity-china-263,announcement,sale,195000,soybeans,China,2020/2021,listing,ok,match,2020-09-10
2020-09-09,private-exporters-report-sales-activity-china-and-unknown-destinations-108,announcement,sale,238000,soybeans,China,2020/2021,full,ok,match,2020-09-09
2020-09-09,private-exporters-report-sales-activity-china-and-unknown-destinations-108,announcement,sale,132000,soybeans,unknown destinations,2020/2021,full,ok,match,2020-09-09
2020-09-04,private-exporters-report-sales-activity-china-and-philippines-1,announcement,sale,318000,soybeans,China,2020/2021,full,ok,match,2020-09-04
2020-09-04,private-exporters-report-sales-activity-china-and-philippines-1,announcement,sale,175000,soybean_meal,Philippines,2020/2021,full,ok,match,2020-09-04
2020-09-03,private-exporters-report-sales-activity-china-and-unknown-destinations-106,announcement,sale,318000,soybeans,unknown destinations,2020/2021,full,ok,match,2020-09-03
2020-09-03,private-exporters-report-sales-activity-china-and-unknown-destinations-106,announcement,sale,132000,soybeans,China,2020/2021,full,ok,match,2020-09-03
2020-09-01,private-exporters-report-sales-activity-china-and-unknown-destinations-105,announcement,sale,596000,corn,China,2020/2021,full,ok,match,2020-09-01
2020-09-01,private-exporters-report-sales-activity-china-and-unknown-destinations-105,announcement,sale,132000,soybeans,unknown destinations,2020/2021,full,ok,match,2020-09-01
2020-08-31,private-exporters-report-sales-activity-china-262,announcement,sale,596000,corn,China,2020/2021,listing,ok,match,2020-08-31
2020-08-28,private-exporters-report-sales-activity-unknown-destinations-263,announcement,sale,324032,corn,unknown destinations,2020/2021,listing,ok,match,2020-08-28
2020-08-27,private-exporters-report-sales-activity-china-and-unknown-destinations-104,announcement,sale,747000,corn,China,2020/2021,full,ok,match,2020-08-27
2020-08-27,private-exporters-report-sales-activity-china-and-unknown-destinations-104,announcement,sale,140000,corn,unknown destinations,2020/2021,full,ok,match,2020-08-27
2020-08-26,private-exporters-report-sales-activity-china-261,announcement,sale,400000,soybeans,China,2020/2021,listing,ok,match,2020-08-26
2020-08-25,private-exporters-report-sales-activity-china-japan-and-unknown-destinations-0,announcement,sale,408000,corn,China,2020/2021,full,ok,match,2020-08-25
2020-08-25,private-exporters-report-sales-activity-china-japan-and-unknown-destinations-0,announcement,sale,100000,corn,Japan,2020/2021,full,ok,match,2020-08-25
2020-08-25,private-exporters-report-sales-activity-china-japan-and-unknown-destinations-0,announcement,sale,204000,soybeans,China,2020/2021,full,ok,match,2020-08-25
2020-08-25,private-exporters-report-sales-activity-china-japan-and-unknown-destinations-0,announcement,sale,142500,soybeans,unknown destinations,2020/2021,full,ok,match,2020-08-25
2020-08-21,private-exporters-report-sales-activity-china-and-unknown-destinations-103,announcement,sale,405000,corn,China,2020/2021,full,ok,match,2020-08-21
2020-08-21,private-exporters-report-sales-activity-china-and-unknown-destinations-103,announcement,sale,400000,soybeans,China,2020/2021,full,ok,match,2020-08-21
2020-08-21,private-exporters-report-sales-activity-china-and-unknown-destinations-103,announcement,sale,368000,soybeans,unknown destinations,2020/2021,full,ok,match,2020-08-21
2020-08-19,private-exporters-report-sales-activity-china-260,announcement,sale,192000,soybeans,China,2020/2021,listing,ok,match,2020-08-19
2020-08-18,private-exporters-report-sales-activity-china-and-unknown-destinations-102,announcement,sale,195000,corn,China,2020/2021,full,ok,match,2020-08-18
2020-08-18,private-exporters-report-sales-activity-china-and-unknown-destinations-102,announcement,sale,130000,corn,unknown destinations,2020/2021,full,ok,match,2020-08-18
2020-08-18,private-exporters-report-sales-activity-china-and-unknown-destinations-102,announcement,sale,130000,soybeans,unknown destinations,2020/2021,full,ok,match,2020-08-18
2020-08-17,private-exporters-report-sales-activity-unknown-destinations-260,announcement,sale,130000,wheat,unknown destinations,2020/2021,listing,ok,match,2020-08-17
2020-08-14,private-exporters-report-sales-activity-china-259,announcement,sale,126000,soybeans,China,2020/2021,listing,ok,match,2020-08-14
2020-08-13,private-exporters-report-sales-activity-china-and-unknown-destinations-101,announcement,sale,197000,soybeans,China,2020/2021,full,ok,match,2020-08-13
2020-08-13,private-exporters-report-sales-activity-china-and-unknown-destinations-101,announcement,sale,110000,corn,unknown destinations,2019/202,full,ok,match,2020-08-13
2020-08-13,private-exporters-report-sales-activity-china-and-unknown-destinations-101,announcement,sale,202000,soybeans,unknown destinations,2020/2021,full,ok,match,2020-08-13
2020-08-12,private-exporters-report-sales-activity-china-and-unknown-destinations-100,announcement,sale,258000,soybeans,China,2020/2021,full,ok,match,2020-08-12
2020-08-12,private-exporters-report-sales-activity-china-and-unknown-destinations-100,announcement,sale,120000,soybeans,unknown destinations,2020/2021,full,ok,match,2020-08-12
2020-08-11,private-exporters-report-sales-activity-china-258,announcement,sale,132000,soybeans,China,2020/2021,listing,ok,match,2020-08-11
2020-08-10,private-exporters-report-sales-activity-unknown-destinations-and-china-8,announcement,sale,111000,soybeans,unknown destinations,2020/2021,full,ok,match,2020-08-10
2020-08-10,private-exporters-report-sales-activity-unknown-destinations-and-china-8,announcement,sale,324000,soybeans,China,2020/2021,full,ok,match,2020-08-10
2020-08-10,private-exporters-report-sales-activity-unknown-destinations-and-china-8,announcement,sale,264000,soybeans,China,2020/2021,full,ok,match,2020-08-10
2020-08-07,private-exporters-report-sales-activity-china-257,announcement,sale,456000,soybeans,China,2020/2021,listing,ok,match,2020-08-07
2020-08-06,private-exporters-report-sales-activity-china-256,announcement,sale,126000,soybeans,China,2020/2021,listing,ok,match,2020-08-06
2020-08-05,private-exporters-report-sales-activity-china-255,announcement,sale,192000,soybeans,China,2020/2021,listing,ok,match,2020-08-05
2020-08-03,private-exporters-report-sales-activity-unknown-destinations-08032020,announcement,sale,260000,soybeans,unknown destinations,2019/2020,listing,ok,match,2020-08-03
2020-07-31,private-exporters-report-sales-activity-mexico-and-philippines,announcement,sale,114300,corn,Mexico,2020/2021,full,ok,match,2020-07-31
2020-07-31,private-exporters-report-sales-activity-mexico-and-philippines,announcement,sale,222000,soybean_meal,Philippines,2020/2021,full,ok,match,2020-07-31
2020-07-30,private-exporters-report-sales-activity-china-and-unknown-destinations-99,announcement,sale,1937000,corn,China,2020/2021,full,ok,match,2020-07-30
2020-07-30,private-exporters-report-sales-activity-china-and-unknown-destinations-99,announcement,sale,130000,corn,unknown destinations,2020/2021,full,ok,match,2020-07-30
2020-07-27,private-exporters-report-sales-activity-mexico-and-china-2,announcement,sale,250371,soybeans,Mexico,2020/2021,full,ok,match,2020-07-27
2020-07-27,private-exporters-report-sales-activity-mexico-and-china-2,announcement,sale,132000,soybeans,China,2020/2021,full,ok,match,2020-07-27
2020-07-24,private-exporters-report-sales-activity-unknown-destinations-and-philippines,announcement,sale,252000,soybeans,unknown destinations,,listing,ok,match,2020-07-24
2020-07-23,private-exporters-report-sales-activity-china-254,announcement,sale,132000,soybeans,China,2020/2021,listing,ok,match,2020-07-23
2020-07-22,private-exporters-report-sales-activity-china-and-unknown-destinations-98,announcement,sale,453000,soybeans,China,,listing,ok,match,2020-07-22
2020-07-21,private-exporters-report-sales-activity-china-and-unknown-destinations-97,announcement,sale,126000,soybeans,China,2020/2021,full,ok,match,2020-07-21
2020-07-21,private-exporters-report-sales-activity-china-and-unknown-destinations-97,announcement,sale,180000,soybeans,unknown destinations,2020/2021,full,ok,match,2020-07-21
2020-07-21,private-exporters-report-sales-activity-china-and-unknown-destinations-97,announcement,sale,207880,corn,unknown destinations,2019/202,full,ok,match,2020-07-21
2020-07-20,private-exporters-report-sales-activity-china-253,announcement,sale,132000,soybeans,China,2020/2021,listing,ok,match,2020-07-20
2020-07-17,private-exporters-report-sales-activity-unknown-destinations-300,announcement,sale,126000,soybeans,unknown destinations,2020/2021,listing,ok,match,2020-07-17
2020-07-16,private-exporters-report-sales-activity-china-and-unknown-destinations-96,announcement,sale,522000,soybeans,China,,listing,ok,match,2020-07-16
2020-07-15,private-exporters-report-sales-activity-china-252,announcement,sale,389000,soybeans,China,2020/2021,full,ok,match,2020-07-15
2020-07-15,private-exporters-report-sales-activity-china-252,announcement,sale,132000,corn,China,2020/2021,full,ok,match,2020-07-15
2020-07-14,private-exporters-report-sales-activity-china-251,announcement,sale,1762000,corn,China,2020/2021,listing,ok,match,2020-07-14
2020-07-10,private-exporters-report-sales-activity-china-250,announcement,sale,1365000,corn,China,,listing,ok,match,2020-07-10
2020-07-06,private-exporters-report-sales-activity-china-and-mexico-10,announcement,sale,264000,soybeans,China,2019/2020,full,ok,match,2020-07-06
2020-07-06,private-exporters-report-sales-activity-china-and-mexico-10,announcement,sale,202000,corn,China,2020/2021,full,ok,match,2020-07-06
2020-07-06,private-exporters-report-sales-activity-china-and-mexico-10,announcement,sale,182880,corn,Mexico,2020/20,full,ok,match,2020-07-06
2020-07-02,private-exporters-report-sales-activity-china-249,announcement,sale,202000,corn,China,2020/2021,full,ok,match,2020-07-02
2020-07-02,private-exporters-report-sales-activity-china-249,announcement,sale,126000,soybeans,China,2020/2021,full,ok,match,2020-07-02
2020-06-26,private-exporters-report-sales-activity-china-and-unknown-destinations-95,announcement,sale,132000,soybeans,China,2020/2021,full,ok,match,2020-06-26
2020-06-26,private-exporters-report-sales-activity-china-and-unknown-destinations-95,announcement,sale,203500,sorghum,unknown destinations,2019/20,full,ok,match,2020-06-26
2020-06-23,private-exporters-report-sales-activity-china-248,announcement,sale,132000,soybeans,China,2020/2021,listing,ok,match,2020-06-23
2020-06-15,private-exporters-report-sales-activity-china-247,announcement,sale,390000,soybeans,China,2020/2021,listing,ok,match,2020-06-15
2020-06-12,private-exporters-report-sales-activity-unknown-destinations-06122020,announcement,sale,120000,soybeans,unknown destinations,2020/2021,listing,ok,match,2020-06-12
2020-06-11,private-exporters-report-sales-activity-china-246,announcement,sale,720000,soybeans,China,2019/202,listing,ok,match,2020-06-11
2020-06-05,private-exporters-report-sales-activity-unknown-destinations-06052020,announcement,sale,258000,soybeans,unknown destinations,,listing,ok,match,2020-06-05
2020-06-04,private-exporters-report-sales-activity-unknown-destinations-06042020,announcement,sale,120000,soybeans,unknown destinations,2019/202,listing,ok,match,2020-06-04
2020-06-03,private-exporters-report-sales-activity-unknown-destinations-06032020,announcement,sale,186000,soybeans,unknown destinations,,listing,ok,match,2020-06-03
2020-06-02,private-exporters-report-sales-activity-china-245,announcement,sale,132000,soybeans,China,2020/2021,listing,ok,match,2020-06-02
2020-05-29,private-exporters-report-sales-activity-china-and-unknown-destinations-94,announcement,sale,132000,soybeans,China,,listing,ok,match,2020-05-29
2020-05-27,corrected-announcement-private-exporters-report-sales-activity-philippines,correction,change,216000,soybean_meal,Philippines,2019/2020,full,ok,match,2020-05-27
2020-05-27,private-exporters-report-sales-activity-philippines-8,announcement,change,138000,soybean_meal,Philippines,2019/2020,full,ok,match,2020-05-27
2020-05-26,corrected-announcement-private-exporters-report-sales-activity-china-and-unknown-0526,correction,restated,264000,soybeans,China,2019/2020,full,ok,match,2020-05-26
2020-05-26,corrected-announcement-private-exporters-report-sales-activity-china-and-unknown-0526,correction,restated,258000,soybeans,China,2019/202,full,ok,match,2020-05-26
2020-05-26,corrected-announcement-private-exporters-report-sales-activity-china-and-unknown-0526,correction,restated,216000,soybean_meal,unknown destinations,2019/2020,full,ok,match,2020-05-26
2020-05-26,private-exporters-report-sales-activity-china-and-unknown-destinations-93,announcement,sale,264000,soybeans,China,2019/202,full,ok,match,2020-05-26
2020-05-26,private-exporters-report-sales-activity-china-and-unknown-destinations-93,announcement,sale,216000,soybean_meal,unknown destinations,2019/2020,full,ok,match,2020-05-26
2020-05-14,private-exporters-report-sales-activity-china-244,announcement,sale,198000,soybeans,China,,listing,ok,match,2020-05-14
2020-05-13,private-exporters-report-sales-activity-china-243,announcement,sale,396000,soybeans,China,2019/20,listing,ok,match,2020-05-13
2020-05-12,private-exporters-report-sales-activity-china-242,announcement,sale,136000,soybeans,China,2019/2020,listing,ok,match,2020-05-12
2020-05-08,private-exporters-report-sales-activity-unknown-destinations-05092020,announcement,sale,120000,soybeans,unknown destinations,2019/2020,listing,ok,match,2020-05-08
2020-05-07,private-exporters-report-sales-activity-china-241,announcement,sale,686000,corn,China,2019/20,listing,ok,match,2020-05-07
2020-05-05,private-exporters-report-sales-activity-china-and-mexico-9,announcement,sale,378000,soybeans,China,,listing,ok,match,2020-05-05
2020-05-04,private-exporters-report-sales-activity-unknown-destinations-05042020,announcement,sale,115800,corn,unknown destinations,2019/2020,listing,ok,match,2020-05-04
2020-05-01,private-exporters-report-sales-activity-china-240,announcement,sale,264000,soybeans,China,2019/20,listing,ok,match,2020-05-01
2020-04-29,private-exporters-report-sales-activity-mexico-76,announcement,sale,108860,soybeans,Mexico,2019/202,listing,ok,match,2020-04-29
2020-04-24,private-exporters-report-sales-activity-china-and-mexico-8,announcement,sale,136000,soybeans,China,2019/2020,full,ok,match,2020-04-24
2020-04-24,private-exporters-report-sales-activity-china-and-mexico-8,announcement,sale,125000,soybeans,Mexico,2019/202,full,ok,match,2020-04-24
2020-04-24,private-exporters-report-sales-activity-china-and-mexico-8,announcement,sale,589395,corn,Mexico,2019/20,full,ok,match,2020-04-24
2020-04-23,private-exporters-report-sales-activity-china-239,announcement,sale,272000,soybeans,China,2019/2020,listing,ok,match,2020-04-23
2020-04-22,private-exporters-report-sales-activity-china-238,announcement,sale,198000,soybeans,China,2019/2020,listing,ok,match,2020-04-22
2020-04-17,private-exporters-report-sales-activity-unknown-destinations-04172020,announcement,sale,120000,soybeans,unknown destinations,2019/2020,listing,ok,match,2020-04-17
2020-04-13,private-exporters-report-sales-activity-unknown-destination-0,announcement,sale,120000,wheat,unknown destinations,,listing,ok,match,2020-04-13
2020-04-10,private-exporters-report-sales-activity-china-and-unknown-destinations-92,announcement,sale,165000,wheat,China,,listing,ok,match,2020-04-10
2020-04-03,private-exporters-report-sales-activity-china-237,announcement,sale,567000,corn,China,2019/202,listing,ok,match,2020-04-03
2020-03-31,private-exporters-report-sales-activity-japan-30,announcement,sale,113000,corn,Japan,2019/2020,listing,ok,match,2020-03-31
2020-03-30,private-exporters-report-sales-activity-mexico-75,announcement,sale,285000,soybeans,Mexico,2020/2021,listing,ok,match,2020-03-30
2020-03-27,private-exporters-report-sales-activity-mexico-and-unknown-destinations-03272020,announcement,sale,163290,soybeans,Mexico,2019/2020,full,ok,match,2020-03-27
2020-03-27,private-exporters-report-sales-activity-mexico-and-unknown-destinations-03272020,announcement,sale,114048,corn,unknown destinations,2019/2020,full,ok,match,2020-03-27
2020-03-25,private-exporters-report-sales-activity-south-korea-and-unknown-destinations-6,announcement,sale,138000,corn,unknown destinations,2019/2020,full,ok,match,2020-03-25
2020-03-25,private-exporters-report-sales-activity-south-korea-and-unknown-destinations-6,announcement,sale,20000,soybean_oil,South Korea,2019/2020,full,ok,match,2020-03-25
2020-03-23,corrected-announcement-private-exporters-report-sales-activity-china,correction,restated,340000,wheat,China,2020/2021,full,ok,match,2020-03-23
2020-03-23,corrected-announcement-private-exporters-report-sales-activity-china,correction,restated,340000,wheat,China,2019/202,full,ok,match,2020-03-23
2020-03-20,private-exporters-report-sales-activity-china-and-unknown-destinations-91,announcement,sale,756000,corn,China,2019/2020,full,ok,match,2020-03-20
2020-03-20,private-exporters-report-sales-activity-china-and-unknown-destinations-91,announcement,sale,340000,wheat,China,2020/2021,full,ok,match,2020-03-20
2020-03-20,private-exporters-report-sales-activity-china-and-unknown-destinations-91,announcement,sale,110000,soybeans,unknown destinations,2019/2020,full,ok,match,2020-03-20
2020-03-13,private-exporters-report-sales-activity-south-korea-19,announcement,sale,136000,corn,South Korea,2019/2020,listing,ok,match,2020-03-13
2020-03-11,private-exporters-report-sales-activity-unknown-destinations-03112020,announcement,sale,194000,soybeans,unknown destinations,2019/20,listing,ok,match,2020-03-11
2020-03-10,private-exporters-report-sales-activity-unknown-destinations-03102020,announcement,sale,123000,soybeans,unknown destinations,2019/2020,listing,ok,match,2020-03-10
2020-03-09,private-exporters-report-sales-activity-unknown-destinations-285,announcement,sale,123500,soybeans,unknown destinations,2019/2020,listing,ok,match,2020-03-09
2020-03-06,private-exporters-report-sales-activity-japan-and-unknown-destinations-8,announcement,sale,211336,corn,unknown destinations,2019/2020,full,ok,match,2020-03-06
2020-03-06,private-exporters-report-sales-activity-japan-and-unknown-destinations-8,announcement,sale,234688,corn,Japan,2019/2020,full,ok,match,2020-03-06
2020-03-04,private-exporters-report-sales-activity-china-236,announcement,sale,110000,sorghum,China,2019/2020,listing,ok,match,2020-03-04
2020-02-28,private-exporters-report-sales-activity-philippines-7,announcement,sale,135000,soybean_meal,Philippines,2019/2020,listing,ok,match,2020-02-28
2020-02-26,private-exporters-report-sales-activity-south-korea-18,announcement,sale,123000,corn,South Korea,2019/2020,listing,ok,match,2020-02-26
2020-02-24,private-exporters-report-sales-activity-mexico-74,announcement,sale,163290,soybeans,Mexico,2019/2020,listing,ok,match,2020-02-24
2020-02-03,private-exporters-report-sales-activity-egypt-13,announcement,sale,130000,soybeans,Egypt,2019/2020,listing,ok,match,2020-02-03
2020-01-31,private-exporters-report-sales-activity-south-korea-17,announcement,sale,134000,corn,South Korea,2019/2020,listing,ok,match,2020-01-31
2020-01-30,private-exporters-report-sales-activity-egypt-12,announcement,sale,30000,soybean_oil,Egypt,2019/2020,listing,ok,match,2020-01-30
2020-01-28,private-exporters-report-sales-activity-mexico-73,announcement,sale,124355,corn,Mexico,2019/2020,listing,ok,match,2020-01-28
2020-01-27,private-exporters-report-sales-activity-japan-29,announcement,sale,111252,corn,Japan,2020/2021,listing,ok,match,2020-01-27
2020-01-24,private-exporters-report-sales-activity-unknown-destinations-01242020,announcement,sale,142428,corn,unknown destinations,2019/2020,listing,ok,match,2020-01-24
2020-01-23,private-exporters-report-sales-activity-guatemala-and-unknown-destinations,announcement,sale,143948,corn,Guatemala,,listing,ok,match,2020-01-23
2020-01-16,private-exporters-report-sales-activity-philippines-6,announcement,sale,180000,soybean_meal,Philippines,2019/2020,listing,ok,match,2020-01-16
2020-01-15,private-exporters-report-sales-activity-china-235,announcement,sale,126000,soybeans,China,2019/2020,listing,ok,match,2020-01-15
2020-01-14,private-exporters-report-sales-activity-unknown-destinations-269,announcement,sale,120000,soybeans,unknown destinations,2020/2021,listing,ok,match,2020-01-14
2020-01-13,private-exporters-report-sales-activity-south-korea-16,announcement,sale,137000,corn,South Korea,2019/2020,listing,ok,match,2020-01-13
2020-01-08,private-exporters-report-sales-activity-unknown-destinations-299,announcement,sale,207000,corn,unknown destinations,2020/2021,listing,ok,match,2020-01-08
2019-12-23,private-exporters-report-sales-activity-china-234,announcement,sale,126000,soybeans,China,2019/2020,full,ok,match,2019-12-23
2019-12-23,private-exporters-report-sales-activity-china-234,announcement,sale,220500,soybeans,Netherlands,2019/2020,full,ok,match,2019-12-23
2019-12-19,private-exporters-report-sales-activity-china-233,announcement,sale,126000,soybeans,China,2019/2020,listing,ok,match,2019-12-19
2019-12-12,private-exporters-report-sales-activity-mexico-and-unknown-destinations-12122019,announcement,sale,1600200,corn,Mexico,,listing,ok,match,2019-12-12
2019-12-11,private-exporters-report-sales-activity-china-and-unknown-destinations-90,announcement,sale,585000,soybeans,China,2019/2020,full,ok,match,2019-12-11
2019-12-11,private-exporters-report-sales-activity-china-and-unknown-destinations-90,announcement,sale,140000,soybeans,unknown destinations,2019/2020,full,ok,match,2019-12-11
2019-12-06,private-exporters-report-sales-activity-mexico-72,announcement,sale,245872,corn,Mexico,2019/2020,listing,ok,match,2019-12-06
2019-12-05,private-exporters-report-sales-activity-unknown-destinations-12052019,announcement,sale,245000,soybeans,unknown destinations,2019/20,listing,ok,match,2019-12-05
2019-12-04,private-exporters-report-sales-activity-morocco-0,announcement,sale,20000,soybean_oil,Morocco,2019/2020,listing,ok,match,2019-12-04
2019-11-25,private-exporters-report-sales-activity-unknown-destinations-11252019,announcement,sale,132000,corn,unknown destinations,2019/2020,listing,ok,match,2019-11-25
2019-11-25,usda-clarifies-terms-livestock-export-sales-reporting,notice,none,,,,,listing,ok,none,
2019-11-21,private-exporters-report-sales-activity-unknown-destinations-11212019,announcement,sale,106000,corn,unknown destinations,2019/2020,listing,ok,match,2019-11-21
2019-11-19,private-exporters-report-sales-activity-unknown-destinations-1119,announcement,sale,191000,corn,unknown destinations,2019/2020,full,ok,match,2019-11-19
2019-11-18,private-exporters-report-sales-activity-unknown-destinations-11192019,announcement,sale,132000,corn,unknown destinations,2019/2020,full,ok,match,2019-11-18
2019-11-14,private-exporters-report-sales-activity-china-232,announcement,sale,129000,soybeans,China,2019/2020,listing,ok,match,2019-11-14
2019-11-13,private-exporters-report-sales-activity-unknown-destinations-11132019,announcement,sale,106000,soybeans,unknown destinations,2019/2020,listing,ok,match,2019-11-13
2019-11-08,private-exporters-report-sales-activity-unknown-destinations-11082019,announcement,sale,270000,soybeans,unknown destinations,2019/2020,full,ok,match,2019-11-08
2019-11-08,private-exporters-report-sales-activity-unknown-destinations-11082019,announcement,sale,217040,corn,unknown destinations,2019/2020,full,ok,match,2019-11-08
2019-11-07,private-exporters-report-sales-activity-china-and-philippines-0,announcement,sale,136000,soybeans,China,2019/2020,full,ok,match,2019-11-07
2019-11-07,private-exporters-report-sales-activity-china-and-philippines-0,announcement,sale,133000,soybean_meal,Philippines,2019/2020,full,ok,match,2019-11-07
2019-11-01,private-exporters-report-sales-activity-china-231,announcement,sale,132000,soybeans,China,2019/2020,listing,ok,match,2019-11-01
2019-10-30,private-exporters-report-sales-activity-unknown-destinations-10302019,announcement,sale,132000,soybeans,unknown destinations,2019/2020,listing,ok,match,2019-10-30
2019-10-28,private-exporters-report-sales-activity-philippines-5,announcement,sale,135000,soybean_meal,Philippines,2019/2020,listing,ok,match,2019-10-28
2019-10-24,private-exporters-report-sales-activity-china-230,announcement,sale,264000,soybeans,China,2019/2020,listing,ok,match,2019-10-24
2019-10-23,private-exporters-report-sales-activity-unknown-destinations-10232019,announcement,sale,128000,soybeans,unknown destinations,2019/2020,listing,ok,match,2019-10-23
2019-10-16,private-exporters-report-sales-activity-mexico-71,announcement,sale,228600,corn,Mexico,2019/20,listing,ok,match,2019-10-16
2019-10-15,private-exporters-report-sales-activity-unknown-destinations-10152019,announcement,sale,142579,soybeans,unknown destinations,2019/2020,listing,ok,match,2019-10-15
2019-10-10,private-exporters-report-sales-activity-china-229,announcement,sale,398000,soybeans,China,2019/2020,listing,ok,match,2019-10-10
2019-10-07,private-exporters-report-sales-activity-china-and-unknown-destinations-89,announcement,sale,198000,soybeans,China,2019/2020,full,ok,match,2019-10-07
2019-10-07,private-exporters-report-sales-activity-china-and-unknown-destinations-89,announcement,sale,240000,soybeans,unknown destinations,2019/2020,full,ok,match,2019-10-07
2019-10-03,private-exporters-report-sales-activity-china-228,announcement,sale,252000,soybeans,China,2019/2020,full,ok,match,2019-10-03
2019-10-03,private-exporters-report-sales-activity-china-228,announcement,sale,130000,wheat,China,2019/2020,full,ok,match,2019-10-03
2019-10-02,private-exporters-report-sales-activity-china-227,announcement,sale,464000,soybeans,China,2019/2020,listing,ok,match,2019-10-02
2019-09-30,private-exporters-report-sales-activity-mexico-70,announcement,sale,120000,corn,Mexico,2019/2020,listing,ok,match,2019-09-30
2019-09-27,private-exporters-report-sales-activity-china-226,announcement,sale,126000,soybeans,China,2019/2020,listing,ok,match,2019-09-27
2019-09-26,private-exporters-report-sales-activity-china-225,announcement,sale,257000,soybeans,China,2019/2020,listing,ok,match,2019-09-26
2019-09-25,private-exporters-report-sales-activity-china-224,announcement,sale,581000,soybeans,China,2019/2020,listing,ok,match,2019-09-25
2019-09-23,private-exporters-report-sales-activity-mexico-69,announcement,sale,200000,corn,Mexico,2019/2020,listing,ok,match,2019-09-23
2019-09-17,private-exporters-report-sales-activity-china-223,announcement,sale,260000,soybeans,China,2019/2020,listing,ok,match,2019-09-17
2019-09-16,private-exporters-report-sales-activity-china-222,announcement,sale,256000,soybeans,China,2019/2020,listing,ok,match,2019-09-16
2019-09-13,private-exporters-report-sales-activity-china-221,announcement,sale,204000,soybeans,China,2019/2020,listing,ok,match,2019-09-13
2019-09-12,private-exporters-report-sales-activity-mexico-68,announcement,sale,113036,corn,Mexico,2019/2020,listing,ok,match,2019-09-12
2019-09-10,private-exporters-report-sales-activity-mexico-67,announcement,sale,278200,corn,Mexico,2019/2020,full,ok,match,2019-09-10
2019-09-10,private-exporters-report-sales-activity-mexico-67,announcement,sale,138000,soybeans,Mexico,2019/2020,full,ok,match,2019-09-10
2019-09-10,private-exporters-report-sales-activity-mexico-67,announcement,sale,195750,soybean_meal,Mexico,2019/202,full,ok,match,2019-09-10
2019-09-09,private-exporters-report-sales-activity-mexico-66,announcement,sale,651670,corn,Mexico,2019/20,listing,ok,match,2019-09-09
2019-09-04,private-exporters-report-sales-activity-mexico-65,announcement,sale,451766,soybeans,Mexico,2019/2020,listing,ok,match,2019-09-04
2019-08-21,private-exporters-report-sales-activity-mexico-64,announcement,sale,328000,corn,Mexico,2019/2020,listing,ok,match,2019-08-21
2019-08-16,private-exporters-report-sales-activity-unknown-destinations-08162019,announcement,sale,296500,soybeans,unknown destinations,2019/2020,listing,ok,match,2019-08-16
2019-08-08,private-exporters-report-sales-activity-philippines-4,announcement,sale,135000,soybean_meal,Philippines,2019/2020,listing,ok,match,2019-08-08
2019-08-07,private-exporters-report-sales-activity-unknown-destinations-08072019,announcement,sale,165000,soybeans,unknown destinations,2019/2020,listing,ok,match,2019-08-07
2019-07-31,private-exporters-report-sales-activity-unknown-destinations-288,announcement,sale,104500,soybeans,unknown destinations,2018/2019,listing,ok,match,2019-07-31
2019-07-24,private-exporters-report-sales-activity-unknown-destinations-07242019,announcement,cancel,100000,soybeans,unknown destinations,2018/2019,listing,ok,match,2019-07-24
2019-07-12,private-exporters-report-sales-activity-panama,announcement,sale,104100,corn,Panama,2019/2020,listing,ok,match,2019-07-12
2019-06-28,private-exporters-report-sales-activity-china-220,announcement,sale,544000,soybeans,China,2018/2019,listing,ok,match,2019-06-28
2019-06-26,private-exporters-report-sales-activity-unknown-destinations-06262019,announcement,sale,145000,soybeans,unknown destinations,2018/2019,listing,ok,match,2019-06-26
2019-06-20,private-exporters-report-sales-activity-mexico-and-unknown-destinations-06202019,announcement,sale,189000,soybeans,unknown destinations,,listing,ok,match,2019-06-20
2019-06-14,private-exporters-report-sales-activity-china-and-unknown-destinations-88,announcement,sale,125613,corn,unknown destinations,2019/2020,full,ok,match,2019-06-14
2019-06-14,private-exporters-report-sales-activity-china-and-unknown-destinations-88,announcement,sale,130000,soybeans,China,2018/2019,full,ok,match,2019-06-14
2019-06-14,private-exporters-report-sales-activity-china-and-unknown-destinations-88,announcement,sale,130000,soybeans,unknown destinations,2018/2019,full,ok,match,2019-06-14
2019-06-14,private-exporters-report-sales-activity-china-and-unknown-destinations-88,announcement,cancel,136000,soybeans,China,2018/2019,full,ok,match,2019-06-14
2019-06-13,private-exporters-report-sales-activity-mexico-63,announcement,sale,175000,corn,Mexico,2019/2020,listing,ok,match,2019-06-13
2019-06-07,private-exporters-report-sales-activity-egypt-11,announcement,sale,110000,soybeans,Egypt,2018/201,listing,ok,match,2019-06-07
2019-05-24,private-exporters-report-sales-activity-mexico-62,announcement,sale,113000,corn,Mexico,2018/2019,listing,ok,match,2019-05-24
2019-05-22,private-exporters-report-sales-activity-unknown-destinations-05222019,announcement,sale,131000,soybeans,unknown destinations,2018/20,listing,ok,match,2019-05-22
2019-05-14,private-exporters-report-sales-activity-unknown-destinations-05142019,announcement,sale,180000,soybeans,unknown destinations,2018/2019,listing,ok,match,2019-05-14
2019-05-09,corrected-announcement-private-exporters-report-sales-activity-china-and-unknown-05092020,correction,restated,369000,soybeans,unknown destinations,2018/201,full,ok,match,2019-05-09
2019-05-09,corrected-announcement-private-exporters-report-sales-activity-china-and-unknown-05092020,correction,restated,369000,soybeans,unknown destinations,2018/201,full,ok,match,2019-05-09
2019-05-09,private-exporters-report-sales-activity-colombia-and-unknown-destinations-0,announcement,sale,107000,corn,Colombia,2018/2019,full,ok,match,2019-05-09
2019-05-09,private-exporters-report-sales-activity-colombia-and-unknown-destinations-0,announcement,sale,369000,soybeans,unknown destinations,2018/201,full,ok,match,2019-05-09
2019-05-03,private-exporters-report-sales-activity-mexico-61,announcement,sale,293922,soybeans,Mexico,2019/2020,listing,ok,match,2019-05-03
2019-04-19,private-exporters-report-sales-activity-colombia-9,announcement,sale,105000,soybean_meal,Colombia,2018/201,listing,ok,match,2019-04-19
2019-04-15,private-exporters-report-sales-activity-unknown-destinations-270,announcement,sale,140000,soybeans,unknown destinations,2018/2019,listing,ok,match,2019-04-15
2019-04-10,private-exporters-report-sales-activity-unknown-destinations-04102019,announcement,sale,133759,soybeans,unknown destinations,2018/2019,listing,ok,match,2019-04-10
2019-04-01,private-exporters-report-sales-activity-china-219,announcement,sale,828000,soybeans,China,2018/2019,listing,ok,match,2019-04-01
2019-03-29,private-exporters-report-sales-activity-china-and-iraq-0,announcement,sale,816000,soybeans,China,2018/2019,listing,ok,match,2019-03-29
2019-03-28,private-exporters-report-sales-activity-egypt-and-iraq,announcement,sale,120000,wheat,Egypt,2018/2019,listing,ok,match,2019-03-28
2019-03-22,private-exporters-report-sales-activity-china-218,announcement,sale,300000,corn,China,2018/2019,listing,ok,match,2019-03-22
2019-03-11,private-exporters-report-sales-activity-china-217,announcement,sale,926000,soybeans,China,2018/2019,listing,ok,match,2019-03-11
2019-03-08,private-exporters-report-sales-activity-china-216,announcement,sale,664000,soybeans,China,2018/2019,listing,ok,match,2019-03-08
2019-03-05,private-exporters-report-sales-activity-south-korea-15,announcement,sale,133000,corn,South Korea,2018/2019,full,ok,match,2019-03-05
2019-03-05,private-exporters-report-sales-activity-south-korea-15,announcement,sale,133000,corn,South Korea,2018/2019,full,ok,match,2019-03-05
2019-03-04,private-exporters-report-sales-activity-colombia-8,announcement,sale,100500,corn,Colombia,2018/2019,listing,ok,match,2019-03-04
2019-02-28,private-exporters-report-sales-activity-mexico-and-south-korea,announcement,sale,168000,corn,Mexico,2018/2019,full,ok,match,2019-02-28
2019-02-28,private-exporters-report-sales-activity-mexico-and-south-korea,announcement,sale,133000,corn,South Korea,2018/2019,full,ok,match,2019-02-28
2019-02-26,private-exporters-report-sales-activity-mexico-60,announcement,sale,120000,soybeans,Mexico,2018/201,listing,ok,match,2019-02-26
2019-02-25,private-exporters-report-sales-activity-mexico-59,announcement,sale,279400,corn,Mexico,2018/201,listing,ok,match,2019-02-25
2019-02-15,private-exporters-report-sales-activity-unknown-destinations-280,announcement,sale,205744,corn,unknown destinations,2018/2019,listing,ok,match,2019-02-15
2019-02-12,private-exporters-report-sales-activity-unknown-destinations-02122019,announcement,sale,122376,corn,unknown destinations,2018/2019,listing,ok,match,2019-02-12
2019-02-11,private-exporters-report-sales-activity-ecuador,announcement,sale,120000,soybean_meal,Ecuador,2018/201,listing,ok,match,2019-02-11
2019-02-11,private-exporters-report-sales-activity-nigeria-and-egypt,announcement,sale,128000,wheat,Nigeria,2018/2019,listing,ok,match,2019-02-11
2019-02-06,private-exporters-report-sales-activity-china-and-unknown-destinations-87,announcement,sale,586000,soybeans,China,,listing,ok,match,2019-02-06
2019-02-05,private-exporters-report-sales-activity-china-and-unknown-destinations-86,announcement,sale,2603000,soybeans,China,2018/2019,full,ok,match,2019-02-05
2019-02-05,private-exporters-report-sales-activity-china-and-unknown-destinations-86,announcement,sale,274000,soybeans,unknown destinations,2018/2019,full,ok,match,2019-02-05
2019-02-04,private-exporters-report-sales-activity-china-215,announcement,sale,612000,soybeans,China,2018/2019,listing,ok,match,2019-02-04
2019-01-30,fas-updates-schedule-export-sales-reporting,notice,none,,,,,listing,ok,match,2019-01-30
2019-01-29,private-exporters-report-sales-activity-south-korea-14,announcement,sale,138000,corn,South Korea,2018/2019,listing,ok,match,2019-01-29
2018-12-21,private-exporters-report-sales-activity-unknown-destinations-1221,announcement,sale,222504,corn,unknown destinations,2018/2019,full,ok,match,2018-12-21
2018-12-21,private-exporters-report-sales-activity-unknown-destinations-1221,announcement,sale,115500,soybeans,unknown destinations,2018/2019,full,ok,match,2018-12-21
2018-12-20,private-exporters-report-sales-activity-china-colombia-mexico-and-unknown-destinations,announcement,sale,204000,soybeans,China,2018/2019,full,ok,match,2018-12-20
2018-12-20,private-exporters-report-sales-activity-china-colombia-mexico-and-unknown-destinations,announcement,sale,257000,soybeans,unknown destinations,2018/2019,full,ok,match,2018-12-20
2018-12-20,private-exporters-report-sales-activity-china-colombia-mexico-and-unknown-destinations,announcement,sale,100000,soybean_meal,Colombia,2018/2019,full,ok,match,2018-12-20
2018-12-20,private-exporters-report-sales-activity-china-colombia-mexico-and-unknown-destinations,announcement,sale,426800,corn,Mexico,2018/20,full,ok,match,2018-12-20
2018-12-19,private-exporters-report-sales-activity-china-214,announcement,sale,1199000,soybeans,China,2018/2019,listing,ok,match,2018-12-19
2018-12-14,private-exporters-report-sales-activity-china-japan-and-unknown-destinations,announcement,sale,300000,soybeans,China,2018/2019,full,ok,match,2018-12-14
2018-12-14,private-exporters-report-sales-activity-china-japan-and-unknown-destinations,announcement,sale,130000,soybeans,unknown destinations,2018/2019,full,ok,match,2018-12-14
2018-12-14,private-exporters-report-sales-activity-china-japan-and-unknown-destinations,announcement,sale,125000,corn,Japan,2018/2019,full,ok,match,2018-12-14
2018-12-13,private-exporters-report-sales-activity-china-213,announcement,sale,1130000,soybeans,China,2018/2019,listing,ok,match,2018-12-13
2018-12-12,private-exporters-report-sales-activity-mexico-and-unknown-destinations-10,announcement,sale,130632,soybeans,Mexico,2018/2019,full,ok,match,2018-12-12
2018-12-12,private-exporters-report-sales-activity-mexico-and-unknown-destinations-10,announcement,sale,110000,soybeans,unknown destinations,2018/2019,full,ok,match,2018-12-12
2018-12-10,corrected-announcement-private-exporters-report-sales-activity-mexico-and-unknown,correction,restated,1645920,corn,Mexico,2018/2019,full,ok,match,2018-12-10
2018-12-10,corrected-announcement-private-exporters-report-sales-activity-mexico-and-unknown,correction,restated,1645920,corn,Mexico,2018/2019,full,ok,match,2018-12-10
2018-12-10,corrected-announcement-private-exporters-report-sales-activity-mexico-and-unknown,correction,restated,125000,soybeans,unknown destinations,2019/2020,full,ok,match,2018-12-10
2018-12-10,private-exporters-report-sales-activity-mexico-58,announcement,sale,1645920,corn,Mexico,2018/2019,full,ok,match,2018-12-10
2018-12-07,private-exporters-report-sales-activity-unknown-destinations-1207,announcement,sale,224000,wheat,unknown destinations,2018/2019,listing,ok,match,2018-12-07
2018-12-06,private-exporters-report-sales-activity-mexico-57,announcement,sale,198120,corn,Mexico,2018/201,listing,ok,match,2018-12-06
2018-12-03,private-exporters-report-sales-activity-unknown-destinations-1203,announcement,sale,147500,soybeans,unknown destinations,2018/2019,listing,ok,match,2018-12-03
2018-11-30,private-exporters-report-sales-activity-unknown-destinations-1130,announcement,sale,120000,soybeans,unknown destinations,2018/2019,listing,ok,match,2018-11-30
2018-11-28,private-exporters-report-sales-activity-unknown-destinations-1128,announcement,sale,268748,soybeans,unknown destinations,2018/2019,listing,ok,match,2018-11-28
2018-11-26,private-exporters-report-sales-activity-egypt-10,announcement,sale,120000,wheat,Egypt,2018/2019,listing,ok,match,2018-11-26
2018-11-23,private-exporters-report-sales-activity-south-korea-and-unknown-destinations-5,announcement,sale,132000,corn,South Korea,2018/2019,full,ok,match,2018-11-23
2018-11-23,private-exporters-report-sales-activity-south-korea-and-unknown-destinations-5,announcement,sale,120000,soybeans,unknown destinations,2018/2019,full,ok,match,2018-11-23
2018-11-20,private-exporters-report-sales-activity-unknown-destinations-1120,announcement,cancel,200588,corn,unknown destinations,2018/2019,full,ok,match,2018-11-20
2018-11-20,private-exporters-report-sales-activity-unknown-destinations-1120,announcement,sale,123567,soybeans,unknown destinations,2018/2019,full,ok,match,2018-11-20
2018-11-19,private-exporters-report-sales-activity-south-korea-13,announcement,sale,138000,corn,South Korea,2018/2019,listing,ok,match,2018-11-19
2018-11-19,private-exporters-report-sales-activity-south-korea-12,announcement,sale,138000,corn,South Korea,2018/2019,listing,ok,match,2018-11-19
2018-11-16,private-exporters-report-sales-activity-unknown-destinations-266,announcement,sale,100000,soybeans,unknown destinations,2018/2019,listing,ok,match,2018-11-16
2018-11-14,private-exporters-report-sales-activity-mexico-and-unknown-destinations-9,announcement,sale,212000,corn,Mexico,2018/2019,full,ok,match,2018-11-14
2018-11-14,private-exporters-report-sales-activity-mexico-and-unknown-destinations-9,announcement,sale,148000,soybeans,unknown destinations,2018/2019,full,ok,match,2018-11-14
2018-11-13,private-exporters-report-sales-activity-unknown-destinations-265,announcement,sale,276732,soybeans,unknown destinations,2018/2019,listing,ok,match,2018-11-13
2018-11-05,private-exporters-report-sales-activity-mexico-56,announcement,sale,101745,corn,Mexico,2018/2019,listing,ok,match,2018-11-05
2018-11-02,private-exporters-report-sales-activity-mexico-55,announcement,sale,200900,corn,Mexico,2018/2019,listing,ok,match,2018-11-02
2018-10-29,private-exporters-report-sales-activity-unknown-destinations-262,announcement,sale,120000,soybeans,unknown destinations,2018/2019,listing,ok,match,2018-10-29
2018-10-26,private-exporters-report-sales-activity-unknown-destinations-261,announcement,sale,260000,soybeans,unknown destinations,2018/201,listing,ok,match,2018-10-26
2018-10-22,correction-private-exporters-report-sales-activity-unknown-destinations-1,correction,restated,180000,soybeans,China,2018/2019,full,ok,match,2018-10-22
2018-10-22,correction-private-exporters-report-sales-activity-unknown-destinations-1,correction,restated,180000,soybeans,unknown destinations,2018/2019,full,ok,match,2018-10-22
2018-10-19,private-exporters-report-sales-activity-china-and-unknown-destinations-85,announcement,cancel,180000,soybeans,China,2018/2019,full,ok,match,2018-10-19
2018-10-19,private-exporters-report-sales-activity-china-and-unknown-destinations-85,announcement,cancel,120000,soybeans,unknown destinations,2018/2019,full,ok,match,2018-10-19
2018-10-11,private-exporters-report-sales-activity-unknown-destinations-259,announcement,cancel,140000,corn,unknown destinations,2018/2019,listing,ok,match,2018-10-11
2018-10-09,private-exporters-report-sales-activity-bangladesh-0,announcement,sale,120000,wheat,Bangladesh,2018/2019,listing,ok,match,2018-10-09
2018-10-05,private-exporters-report-sales-activity-philippines-3,announcement,sale,134000,soybean_meal,Philippines,2018/2019,listing,ok,match,2018-10-05
2018-10-03,private-exporters-report-sales-activity-japan-28,announcement,sale,230000,corn,Japan,2018/2019,listing,ok,match,2018-10-03
2018-09-26,correction-private-exporters-report-sales-activity-mexico-0,correction,restated,650387,soybeans,Mexico,2018/2019,full,ok,match,2018-09-26
2018-09-26,correction-private-exporters-report-sales-activity-mexico-0,correction,restated,671934,soybeans,Mexico,2018/2019,full,ok,match,2018-09-26
2018-09-25,private-exporters-report-sales-activity-mexico-54,announcement,sale,239630,corn,Mexico,2018/2019,listing,ok,match,2018-09-25
2018-09-24,private-exporters-report-sales-activity-unknown-destinations-258,announcement,sale,162000,soybeans,unknown destinations,2018/2019,listing,ok,match,2018-09-24
2018-09-21,private-exporters-report-sales-activity-unknown-destinations-257,announcement,sale,121700,corn,unknown destinations,2018/2019,full,ok,match,2018-09-21
2018-09-21,private-exporters-report-sales-activity-unknown-destinations-257,announcement,sale,100000,soybean_meal,unknown destinations,2018/2019,full,ok,match,2018-09-21
2018-09-20,correction-private-exporters-report-sales-activity-mexico,correction,restated,148590,corn,Mexico,2018/2019,full,ok,match,2018-09-20
2018-09-20,correction-private-exporters-report-sales-activity-mexico,correction,restated,11430,corn,Mexico,2019/2020,full,ok,match,2018-09-20
2018-09-20,correction-private-exporters-report-sales-activity-mexico,correction,restated,160020,corn,Mexico,2018/2019,full,ok,match,2018-09-20
2018-09-17,private-exporters-report-sales-activity-unknown-destinations-256,announcement,sale,241000,soybeans,unknown destinations,2018/2019,listing,ok,match,2018-09-17
2018-09-13,private-exporters-report-sales-activity-costa-rica-mexico-and-unknown-destinations,announcement,sale,142876,corn,Costa Rica,2018/2019,full,ok,match,2018-09-13
2018-09-13,private-exporters-report-sales-activity-costa-rica-mexico-and-unknown-destinations,announcement,sale,108010,soybeans,Mexico,2018/2019,full,ok,match,2018-09-13
2018-09-13,private-exporters-report-sales-activity-costa-rica-mexico-and-unknown-destinations,announcement,sale,120000,soybeans,unknown destinations,2018/2019,full,ok,match,2018-09-13
2018-09-11,private-exporters-report-sales-activity-south-korea-and-unknown-destinations-4,announcement,sale,138000,corn,South Korea,2018/2019,full,ok,match,2018-09-11
2018-09-11,private-exporters-report-sales-activity-south-korea-and-unknown-destinations-4,announcement,cancel,192000,soybeans,unknown destinations,2018/2019,full,ok,match,2018-09-11
2018-09-10,private-exporters-report-sales-activity-unknown-destinations-255,announcement,sale,132000,soybeans,unknown destinations,2018/2019,listing,ok,match,2018-09-10
2018-09-05,private-exporters-report-sales-activity-mexico-53,announcement,sale,101736,corn,Mexico,2018/2019,listing,ok,match,2018-09-05
2018-08-31,private-exporters-report-sales-activity-unknown-destinations-254,announcement,sale,273800,corn,unknown destinations,2018/2019,full,ok,match,2018-08-31
2018-08-31,private-exporters-report-sales-activity-unknown-destinations-254,announcement,sale,250000,soybeans,unknown destinations,2018/2019,full,ok,match,2018-08-31
2018-08-30,private-exporters-report-sales-activity-mexico-52,announcement,sale,100611,corn,Mexico,2018/2019,listing,ok,match,2018-08-30
2018-08-28,private-exporters-report-sales-activity-mexico-51,announcement,sale,198862,soybean_meal,Mexico,2018/201,listing,ok,match,2018-08-28
2018-08-24,private-exporters-report-sales-activity-unknown-destinations-253,announcement,sale,146000,soybeans,unknown destinations,2018/2019,listing,ok,match,2018-08-24
2018-08-21,private-exporters-report-sales-activity-unknown-destinations-252,announcement,sale,250000,soybean_meal,unknown destinations,2018/2019,listing,ok,match,2018-08-21
2018-08-16,private-exporters-report-sales-activity-mexico-and-iraq,announcement,sale,154404,soybeans,Mexico,2018/2019,full,ok,match,2018-08-16
2018-08-16,private-exporters-report-sales-activity-mexico-and-iraq,announcement,sale,200000,wheat,Iraq,2018/2019,full,ok,match,2018-08-16
2018-08-15,private-exporters-report-sales-activity-unknown-destinations-251,announcement,sale,114572,corn,unknown destinations,2017/2018,listing,ok,match,2018-08-15
2018-08-13,private-exporters-report-sales-activity-mexico-50,announcement,sale,213372,corn,Mexico,,listing,ok,match,2018-08-13
2018-08-10,private-exporters-report-sales-activity-unknown-destinations-250,announcement,sale,210000,soybeans,unknown destinations,2017/2018,listing,ok,match,2018-08-10
2018-08-09,private-exporters-report-sales-activity-philippines-2,announcement,sale,135000,soybean_meal,Philippines,2018/2019,listing,ok,match,2018-08-09
2018-08-07,private-exporters-report-sales-activity-unknown-destinations-249,announcement,sale,179000,corn,unknown destinations,2018/2019,listing,ok,match,2018-08-07
2018-08-03,private-exporters-report-sales-activity-vietnam-0,announcement,sale,130000,corn,Vietnam,2018/2019,listing,ok,match,2018-08-03
2018-07-27,private-exporters-report-sales-activity-unknown-destinations-248,announcement,sale,270000,corn,unknown destinations,2018/2019,listing,ok,match,2018-07-27
2018-07-23,private-exporters-report-sales-activity-china-212,announcement,cancel,165000,soybeans,China,2018/2019,listing,ok,match,2018-07-23
2018-07-20,error-july-19-2018-weekly-export-sales-report,notice,none,,,,,listing,ok,match,2018-07-20
2018-07-18,private-exporters-report-sales-activity-pakistan,announcement,sale,199500,soybeans,Pakistan,2018/2019,listing,ok,match,2018-07-18
2018-07-10,private-exporters-report-sales-activity-egypt-and-mexico,announcement,sale,113000,corn,Egypt,2017/2018,listing,ok,match,2018-07-10
2018-07-09,private-exporters-report-sales-activity-unknown-destinations-247,announcement,sale,132000,soybeans,unknown destinations,2018/2019,listing,ok,match,2018-07-09
2018-07-05,private-exporters-report-sales-activity-south-korea-11,announcement,sale,137000,corn,South Korea,2018/2019,listing,ok,match,2018-07-05
2018-06-29,private-exporters-report-sales-activity-mexico-49,announcement,sale,130632,soybeans,Mexico,2018/2019,listing,ok,match,2018-06-29
2018-06-25,private-exporters-report-sales-activity-unknown-destinations-246,announcement,sale,186000,soybeans,unknown destinations,2017/2018,listing,ok,match,2018-06-25
2018-06-22,private-exporters-report-sales-activity-mexico-and-panama,announcement,sale,131300,corn,Mexico,,listing,ok,match,2018-06-22
2018-06-13,private-exporters-report-sales-activity-unknown-destinations-245,announcement,sale,177000,soybeans,unknown destinations,2017/2018,listing,ok,match,2018-06-13
2018-06-12,private-exporters-report-sales-activity-mexico-48,announcement,sale,152000,corn,Mexico,2017/201,listing,ok,match,2018-06-12
2018-06-04,private-exporters-report-sales-activity-mexico-47,announcement,sale,114300,soybeans,Mexico,2018/2019,listing,ok,match,2018-06-04
2018-05-29,private-exporters-report-sales-activity-unknown-destinations-238,announcement,sale,231248,corn,unknown destinations,2017/2018,listing,ok,match,2018-05-29
2018-05-25,private-exporters-report-sales-activity-china-211,announcement,sale,165000,soybeans,China,2018/2019,listing,ok,match,2018-05-25
2018-05-25,private-exporters-report-sales-activity-china-210,announcement,sale,165000,soybeans,China,2018/2019,listing,ok,match,2018-05-25
2018-05-24,private-exporters-report-sales-activity-unknown-destinations-244,announcement,sale,264000,soybeans,unknown destinations,2018/2019,listing,ok,mismatch,2018-03-24
2018-05-23,private-exporters-report-sales-activity-saudi-arabia-0,announcement,sale,140000,corn,Saudi Arabia,,listing,ok,match,2018-05-23
2018-05-18,private-exporters-report-sales-activity-unknown-destinations-243,announcement,cancel,949000,soybeans,unknown destinations,,listing,ok,match,2018-05-18
2018-05-17,private-exporters-report-sales-activity-unknown-destinations-242,announcement,sale,132000,soybeans,unknown destinations,2017/2018,listing,ok,match,2018-05-17
2018-05-03,private-exporters-report-sales-activity-peru-0,announcement,sale,30000,soybean_oil,Peru,2017/2018,listing,ok,match,2018-05-03
2018-04-30,private-exporters-report-sales-activity-argentina-0,announcement,sale,120000,soybeans,Argentina,2018/2019,listing,ok,match,2018-04-30
2018-04-26,private-exporters-report-sales-activity-unknown-destinations-241,announcement,sale,107600,corn,unknown destinations,2017/2018,listing,ok,match,2018-04-26
2018-04-24,private-exporters-report-sales-activity-argentina,announcement,sale,130000,soybeans,Argentina,2017/2018,listing,ok,match,2018-04-24
2018-04-11,private-exporters-report-sales-activity-argentina-and-mexico,announcement,sale,120000,soybeans,Argentina,2018/2019,full,ok,match,2018-04-11
2018-04-11,private-exporters-report-sales-activity-argentina-and-mexico,announcement,sale,141518,soybeans,Mexico,2018/2019,full,ok,match,2018-04-11
2018-04-10,private-exporters-report-sales-activity-argentina-china-and-unknown-destinations,announcement,sale,120000,soybeans,Argentina,2018/2019,full,ok,match,2018-04-10
2018-04-10,private-exporters-report-sales-activity-argentina-china-and-unknown-destinations,announcement,sale,132000,soybeans,China,2018/2019,full,ok,match,2018-04-10
2018-04-10,private-exporters-report-sales-activity-argentina-china-and-unknown-destinations,announcement,sale,279000,soybeans,unknown destinations,2017/2018,full,ok,match,2018-04-10
2018-04-09,private-exporters-report-sales-activity-unknown-destinations-240,announcement,sale,232500,soybeans,unknown destinations,2017/2018,listing,ok,match,2018-04-09
2018-04-06,private-exporters-report-sales-activity-egypt-mexico-and-unknown-destinations-0,announcement,sale,100000,corn,Egypt,2017/2018,full,ok,match,2018-04-06
2018-04-06,private-exporters-report-sales-activity-egypt-mexico-and-unknown-destinations-0,announcement,sale,130632,soybeans,Mexico,2017/2018,full,ok,match,2018-04-06
2018-04-06,private-exporters-report-sales-activity-egypt-mexico-and-unknown-destinations-0,announcement,sale,20000,soybean_oil,unknown destinations,2017/2018,full,ok,match,2018-04-06
2018-04-06,private-exporters-report-sales-activity-egypt-mexico-and-unknown-destinations-0,announcement,sale,458000,soybeans,unknown destinations,2017/201,full,ok,match,2018-04-06
2018-04-04,private-exporters-report-sales-activity-china-and-unknown-destinations-84,announcement,sale,129000,soybeans,China,2018/2019,listing,ok,match,2018-04-04
2018-03-29,private-exporters-report-sales-activity-unknown-destinations-239,announcement,sale,266500,soybeans,unknown destinations,2017/2018,listing,ok,match,2018-03-29
2018-03-26,private-exporters-report-sales-activity-spain-and-unknown-destinations,announcement,sale,132000,soybeans,unknown destinations,2017/2018,listing,ok,match,2018-03-26
2018-03-21,private-exporters-report-sales-activity-south-korea-10,announcement,sale,138000,corn,South Korea,2017/2018,listing,ok,match,2018-03-21
2018-03-20,private-exporters-report-sales-activity-peru,announcement,sale,110000,corn,Peru,2017/2018,listing,ok,match,2018-03-20
2018-03-19,private-exporters-report-sales-activity-japan-and-unknown-destinations-7,announcement,sale,206000,corn,Japan,2018/2019,listing,ok,match,2018-03-19
2018-03-13,private-exporters-report-sales-activity-south-korea-9,announcement,sale,210000,corn,South Korea,2017/2018,listing,ok,match,2018-03-13
2018-03-09,private-exporters-report-sales-activity-china-and-unknown-destinations-83,announcement,sale,183000,soybeans,China,2017/2018,full,ok,match,2018-03-09
2018-03-09,private-exporters-report-sales-activity-china-and-unknown-destinations-83,announcement,sale,205000,soybeans,unknown destinations,2017/2018,full,ok,match,2018-03-09
2018-03-09,private-exporters-report-sales-activity-china-and-unknown-destinations-83,announcement,sale,260000,corn,unknown destinations,2017/2018,full,ok,match,2018-03-09
2018-03-08,private-exporters-report-sales-activity-japan-27,announcement,sale,110000,corn,Japan,2017/2018,listing,ok,match,2018-03-08
2018-03-06,private-exporters-report-sales-activity-china-209,announcement,sale,120000,soybeans,China,2017/2018,listing,ok,match,2018-03-06
2018-03-02,private-exporters-report-sales-activity-china-and-unknown-destinations-82,announcement,sale,198000,soybeans,China,2017/2018,full,ok,match,2018-03-02
2018-03-02,private-exporters-report-sales-activity-china-and-unknown-destinations-82,announcement,sale,121000,soybeans,unknown destinations,2017/2018,full,ok,match,2018-03-02
2018-03-02,private-exporters-report-sales-activity-china-and-unknown-destinations-82,announcement,sale,20000,soybean_oil,unknown destinations,2017/2018,full,ok,match,2018-03-02
2018-03-01,private-exporters-report-sales-activity-china-and-unknown-destinations-81,announcement,sale,120000,soybeans,China,,listing,ok,match,2018-03-01
2018-02-28,private-exporters-report-sales-activity-unknown-destinations-237,announcement,sale,250000,soybeans,unknown destinations,2017/2018,listing,ok,match,2018-02-28
2018-02-27,private-exporters-report-sales-activity-unknown-destinations-236,announcement,sale,130000,corn,unknown destinations,2017/2018,listing,ok,match,2018-02-27
2018-02-23,private-exporters-report-sales-activity-egypt-and-unknown-destinations-3,announcement,sale,115000,corn,Egypt,2017/2018,full,ok,match,2018-02-23
2018-02-23,private-exporters-report-sales-activity-egypt-and-unknown-destinations-3,announcement,sale,106000,soybeans,unknown destinations,2017/2018,full,ok,match,2018-02-23
2018-02-22,private-exporters-report-sales-activity-unknown-destinations-235,announcement,sale,130000,corn,unknown destinations,2017/2018,full,ok,match,2018-02-22
2018-02-22,private-exporters-report-sales-activity-unknown-destinations-235,announcement,sale,110000,soybeans,unknown destinations,2017/2018,full,ok,match,2018-02-22
2018-02-16,private-exporters-report-sales-activity-japan-and-south-korea-1,announcement,sale,116000,corn,Japan,2017/2018,full,ok,match,2018-02-16
2018-02-16,private-exporters-report-sales-activity-japan-and-south-korea-1,announcement,sale,28000,soybean_oil,South Korea,2017/2018,full,ok,match,2018-02-16
2018-02-14,private-exporters-report-sales-activity-unknown-destinations-234,announcement,sale,123000,corn,unknown destinations,2017/2018,listing,ok,match,2018-02-14
2018-02-12,private-exporters-report-sales-activity-china-and-unknown-destinations-79,announcement,cancel,455000,soybeans,China,2017/2018,full,ok,match,2018-02-12
2018-02-12,private-exporters-report-sales-activity-china-and-unknown-destinations-79,announcement,sale,314000,soybeans,unknown destinations,2017/201,full,ok,match,2018-02-12
2018-02-06,private-exporters-report-sales-activity-japan-and-unknown-destinations-5,announcement,sale,120000,corn,Japan,2017/2018,full,ok,match,2018-02-06
2018-02-06,private-exporters-report-sales-activity-japan-and-unknown-destinations-5,announcement,sale,105000,corn,unknown destinations,2017/2018,full,ok,match,2018-02-06
2018-02-05,private-exporters-report-sales-activity-south-korea-and-unknown-destinations-3,announcement,sale,130000,corn,South Korea,2017/2018,full,ok,match,2018-02-05
2018-02-05,private-exporters-report-sales-activity-south-korea-and-unknown-destinations-3,announcement,sale,198600,soybeans,unknown destinations,2017/201,full,ok,match,2018-02-05
2018-02-02,private-exporters-report-sales-activity-unknown-destinations-egypt-and-mexico,announcement,sale,195000,corn,unknown destinations,2017/2018,full,ok,match,2018-02-02
2018-02-02,private-exporters-report-sales-activity-unknown-destinations-egypt-and-mexico,announcement,sale,170000,corn,Egypt,2017/2018,full,ok,match,2018-02-02
2018-02-02,private-exporters-report-sales-activity-unknown-destinations-egypt-and-mexico,announcement,sale,108860,soybeans,Mexico,2017/2018,full,ok,match,2018-02-02
2018-01-31,private-exporters-report-sales-activity-unknown-destinations-233,announcement,sale,145000,corn,unknown destinations,2017/2018,listing,ok,match,2018-01-31
2018-01-30,private-exporters-report-sales-activity-spain-2,announcement,sale,132000,corn,Spain,2017/2018,listing,ok,match,2018-01-30
2018-01-29,private-exporters-report-sales-activity-egypt-9,announcement,sale,115000,corn,Egypt,2017/2018,listing,ok,match,2018-01-29
2018-01-26,private-exporters-report-sales-activity-unknown-destinations-232,announcement,sale,125000,corn,unknown destinations,2017/2018,listing,ok,match,2018-01-26
2018-01-24,correction-private-exporters-report-sales-activity-unknown-destinations-0,correction,restated,125000,soybeans,unknown destinations,2017/2018,full,ok,match,2018-01-24
2018-01-24,correction-private-exporters-report-sales-activity-unknown-destinations-0,correction,restated,125000,corn,unknown destinations,2017/2018,full,ok,match,2018-01-24
2018-01-24,private-exporters-report-sales-activity-philippines-and-unknown-destinations,announcement,sale,132000,soybean_meal,Philippines,2017/2018,full,ok,match,2018-01-24
2018-01-24,private-exporters-report-sales-activity-philippines-and-unknown-destinations,announcement,sale,125000,soybeans,unknown destinations,2017/2018,full,ok,match,2018-01-24
2018-01-23,us-export-sales-report-delayed-until-friday-jan-26,notice,none,,,,,listing,ok,match,2018-01-23
2018-01-23,private-exporters-report-sales-activity-unknown-destinations-231,announcement,sale,256096,corn,unknown destinations,2017/2018,listing,ok,match,2018-01-23
2018-01-17,private-exporters-report-sales-activity-unknown-destinations-230,announcement,sale,130000,soybeans,unknown destinations,2018/2019,listing,ok,match,2018-01-17
2018-01-12,private-exporters-report-sales-activity-unknown-destinations-229,announcement,sale,320000,corn,unknown destinations,2017/2018,listing,ok,match,2018-01-12
2018-01-11,private-exporters-report-sales-activity-unknown-destinations-228,announcement,sale,132000,soybeans,unknown destinations,2017/2018,listing,ok,match,2018-01-11
2018-01-10,private-exporters-report-sales-activity-unknown-destinations-227,announcement,sale,260000,soybeans,unknown destinations,2017/2018,listing,ok,match,2018-01-10
2018-01-08,private-exporters-report-sales-activity-egypt-mexico-and-unknown-destinations,announcement,sale,120000,soybeans,Egypt,2017/2018,full,ok,match,2018-01-08
2018-01-08,private-exporters-report-sales-activity-egypt-mexico-and-unknown-destinations,announcement,sale,132000,soybeans,unknown destinations,2017/2018,full,ok,match,2018-01-08
2018-01-08,private-exporters-report-sales-activity-egypt-mexico-and-unknown-destinations,announcement,sale,102100,corn,Mexico,2017/2018,full,ok,match,2018-01-08
2017-12-27,private-exporters-report-sales-activity-china-208,announcement,sale,110000,soybeans,China,2017/2018,listing,ok,match,2017-12-27
2017-12-26,private-exporters-report-sales-activity-mexico-46,announcement,sale,134148,corn,Mexico,2017/2018,listing,ok,match,2017-12-26
2017-12-22,private-exporters-report-sales-activity-china-207,announcement,sale,252000,soybeans,China,2017/2018,listing,ok,match,2017-12-22
2017-12-19,private-exporters-report-sales-activity-unknown-destinations-226,announcement,sale,145000,soybeans,unknown destinations,2018/2019,listing,ok,match,2017-12-19
2017-12-18,private-exporters-report-sales-activity-china-206,announcement,sale,396000,soybeans,China,2017/2018,full,ok,match,2017-12-18
2017-12-18,private-exporters-report-sales-activity-china-206,announcement,sale,168000,sorghum,China,2017/2018,full,ok,match,2017-12-18
2017-12-15,private-exporters-report-sales-activity-china-costa-rica-and-unknown-destinations,announcement,sale,257000,soybeans,China,2017/2018,full,ok,match,2017-12-15
2017-12-15,private-exporters-report-sales-activity-china-costa-rica-and-unknown-destinations,announcement,sale,134503,corn,Costa Rica,2017/2018,full,ok,match,2017-12-15
2017-12-15,private-exporters-report-sales-activity-china-costa-rica-and-unknown-destinations,announcement,sale,126000,soybeans,unknown destinations,2017/2018,full,ok,match,2017-12-15
2017-12-15,private-exporters-report-sales-activity-china-costa-rica-and-unknown-destinations,announcement,sale,130000,wheat,unknown destinations,2017/2018,full,ok,match,2017-12-15
2017-12-12,private-exporters-report-sales-activity-algeria-china-mexico-and-unknown-destinations,announcement,sale,120000,wheat,Algeria,2017/2018,full,ok,match,2017-12-12
2017-12-12,private-exporters-report-sales-activity-algeria-china-mexico-and-unknown-destinations,announcement,sale,492000,soybeans,China,2017/2018,full,ok,match,2017-12-12
2017-12-12,private-exporters-report-sales-activity-algeria-china-mexico-and-unknown-destinations,announcement,sale,152000,corn,Mexico,2017/2018,full,ok,match,2017-12-12
2017-12-12,private-exporters-report-sales-activity-algeria-china-mexico-and-unknown-destinations,announcement,sale,168300,soybeans,unknown destinations,2017/2018,full,ok,match,2017-12-12
2017-12-11,private-exporters-report-sales-activity-mexico-and-unknown-destinations-8,announcement,sale,132000,soybeans,unknown destinations,2017/2018,full,ok,match,2017-12-11
2017-12-11,private-exporters-report-sales-activity-mexico-and-unknown-destinations-8,announcement,sale,110000,corn,Mexico,2017/2018,full,ok,match,2017-12-11
2017-12-08,private-exporters-report-sales-activity-china-and-unknown-destinations-78,announcement,sale,268000,soybeans,China,2017/2018,full,ok,match,2017-12-08
2017-12-08,private-exporters-report-sales-activity-china-and-unknown-destinations-78,announcement,sale,129000,soybeans,unknown destinations,2017/2018,full,ok,match,2017-12-08
2017-12-06,correction-private-exporters-report-sales-activity-china,correction,restated,525000,soybeans,China,2017/2018,full,ok,match,2017-12-06
2017-12-06,correction-private-exporters-report-sales-activity-china,correction,restated,393000,soybeans,China,2017/2018,full,ok,match,2017-12-06
2017-12-05,private-exporters-report-sales-activity-china-205,announcement,sale,162000,sorghum,China,2017/2018,listing,ok,match,2017-12-05
2017-12-01,private-exporters-report-sales-activity-unknown-destinations-225,announcement,sale,130000,corn,unknown destinations,2017/2018,listing,ok,match,2017-12-01
2017-11-30,private-exporters-report-sales-activity-china-and-unknown-destinations-77,announcement,sale,525000,soybeans,China,2017/2018,full,ok,match,2017-11-30
2017-11-30,private-exporters-report-sales-activity-china-and-unknown-destinations-77,announcement,sale,132000,soybeans,unknown destinations,2017/2018,full,ok,match,2017-11-30
2017-11-30,private-exporters-report-sales-activity-china-and-unknown-destinations-77,announcement,sale,110000,sorghum,China,2017/2018,full,ok,match,2017-11-30
2017-11-29,private-exporters-report-sales-activity-china-and-unknown-destinations-76,announcement,sale,263000,soybeans,China,2017/2018,full,ok,match,2017-11-29
2017-11-29,private-exporters-report-sales-activity-china-and-unknown-destinations-76,announcement,sale,101600,corn,unknown destinations,2017/2018,full,ok,match,2017-11-29
2017-11-28,correction-private-exporters-report-sales-activity-unknown-destinations,correction,restated,130000,soybeans,China,2017/2018,full,ok,match,2017-11-28
2017-11-28,correction-private-exporters-report-sales-activity-unknown-destinations,correction,restated,130000,soybeans,unknown destinations,2017/2018,full,ok,match,2017-11-28
2017-11-14,private-exporters-report-sales-activity-unknown-destinations-224,announcement,sale,133096,corn,unknown destinations,2017/2018,listing,ok,match,2017-11-14
2017-11-13,private-exporters-report-sales-activity-philippines-1,announcement,sale,135000,soybean_meal,Philippines,2017/2018,listing,ok,match,2017-11-13
2017-11-07,private-exporters-report-sales-activity-unknown-destinations-223,announcement,sale,130000,corn,unknown destinations,2017/2018,listing,ok,match,2017-11-07
2017-11-06,private-exporters-report-sales-activity-unknown-destinations-222,announcement,sale,130000,corn,unknown destinations,2017/2018,listing,ok,match,2017-11-06
2017-11-03,private-exporters-report-sales-activity-iraq-mexico-south-korea-and-unknown-destinations,announcement,sale,300000,wheat,Iraq,2017/2018,full,ok,match,2017-11-03
2017-11-03,private-exporters-report-sales-activity-iraq-mexico-south-korea-and-unknown-destinations,announcement,sale,102400,corn,Mexico,2017/2018,full,ok,match,2017-11-03
2017-11-03,private-exporters-report-sales-activity-iraq-mexico-south-korea-and-unknown-destinations,announcement,sale,135000,corn,South Korea,2017/2018,full,ok,match,2017-11-03
2017-11-03,private-exporters-report-sales-activity-iraq-mexico-south-korea-and-unknown-destinations,announcement,sale,251000,sorghum,unknown destinations,2017/2018,full,ok,match,2017-11-03
2017-11-02,private-exporters-report-sales-activity-mexico-45,announcement,sale,1356360,corn,Mexico,2017/201,listing,ok,match,2017-11-02
2017-10-31,private-exporters-report-sales-activity-iraq-2,announcement,sale,100000,wheat,Iraq,2017/2018,listing,ok,match,2017-10-31
2017-10-27,private-exporters-report-sales-activity-china-and-spain,announcement,sale,238000,soybeans,China,2017/2018,full,ok,match,2017-10-27
2017-10-27,private-exporters-report-sales-activity-china-and-spain,announcement,sale,132000,corn,Spain,2017/2018,full,ok,match,2017-10-27
2017-10-20,private-exporters-report-sales-activity-china-spain-and-unknown-destinations,announcement,sale,198000,soybeans,China,2017/2018,full,ok,match,2017-10-20
2017-10-20,private-exporters-report-sales-activity-china-spain-and-unknown-destinations,announcement,sale,120000,corn,Spain,2017/2018,full,ok,match,2017-10-20
2017-10-20,private-exporters-report-sales-activity-china-spain-and-unknown-destinations,announcement,sale,125000,corn,unknown destinations,2017/2018,full,ok,match,2017-10-20
2017-10-17,private-exporters-report-sales-activity-mexico-and-unknown-destinations-7,announcement,sale,115000,corn,Mexico,2017/2018,full,ok,match,2017-10-17
2017-10-17,private-exporters-report-sales-activity-mexico-and-unknown-destinations-7,announcement,sale,146000,corn,unknown destinations,2017/2018,full,ok,match,2017-10-17
2017-10-16,private-exporters-report-sales-activity-unknown-destinations-221,announcement,sale,227300,soybeans,unknown destinations,2017/2018,listing,ok,match,2017-10-16
2017-10-12,private-exporters-report-sales-activity-mexico-44,announcement,sale,120000,corn,Mexico,2017/2018,listing,ok,match,2017-10-12
2017-10-11,private-exporters-report-sales-activity-china-mexico-and-unknown-destinations-5,announcement,sale,264000,soybeans,China,2017/2018,full,ok,match,2017-10-11
2017-10-11,private-exporters-report-sales-activity-china-mexico-and-unknown-destinations-5,announcement,sale,150000,corn,Mexico,2017/2018,full,ok,match,2017-10-11
2017-10-11,private-exporters-report-sales-activity-china-mexico-and-unknown-destinations-5,announcement,sale,104202,wheat,Mexico,2017/2018,full,ok,match,2017-10-11
2017-10-11,private-exporters-report-sales-activity-china-mexico-and-unknown-destinations-5,announcement,sale,132000,soybeans,unknown destinations,2017/2018,full,ok,match,2017-10-11
2017-10-06,private-exporters-report-sales-activity-unknown-destinations-220,announcement,sale,195000,corn,unknown destinations,2017/2018,listing,ok,match,2017-10-06
2017-10-02,private-exporters-report-sales-activity-mexico-and-china-1,announcement,sale,597464,corn,Mexico,2017/2018,full,ok,match,2017-10-02
2017-10-02,private-exporters-report-sales-activity-mexico-and-china-1,announcement,sale,132000,soybeans,China,2017/2018,full,ok,match,2017-10-02
2017-09-27,private-exporters-report-sales-activity-china-201,announcement,sale,132000,soybeans,China,2017/2018,listing,ok,match,2017-09-27
2017-09-22,private-exporters-report-sales-activity-mexico-43,announcement,sale,190000,soybeans,Mexico,2017/2018,listing,ok,match,2017-09-22
2017-09-21,private-exporters-report-sales-activity-china-200,announcement,sale,132000,soybeans,China,2017/2018,listing,ok,match,2017-09-21
2017-09-20,private-exporters-report-sales-activity-china-and-unknown-destinations-75,announcement,sale,132000,soybeans,China,2017/2018,full,ok,match,2017-09-20
2017-09-20,private-exporters-report-sales-activity-china-and-unknown-destinations-75,announcement,sale,1080000,soybeans,unknown destinations,2017/201,full,ok,match,2017-09-20
2017-09-18,private-exporters-report-sales-activity-china-and-unknown-destinations-74,announcement,sale,261000,soybeans,China,2017/2018,full,ok,match,2017-09-18
2017-09-18,private-exporters-report-sales-activity-china-and-unknown-destinations-74,announcement,sale,126000,soybeans,unknown destinations,2017/2018,full,ok,match,2017-09-18
2017-09-15,private-exporters-report-sales-activity-china-199,announcement,sale,132000,soybeans,China,2017/2018,listing,ok,match,2017-09-15
2017-09-14,private-exporters-report-sales-activity-china-198,announcement,sale,198000,soybeans,China,2017/2018,listing,ok,match,2017-09-14
2017-09-13,private-exporters-report-sales-activity-mexico-42,announcement,sale,167370,soybeans,Mexico,2017/2018,listing,ok,match,2017-09-13
2017-09-12,private-exporters-report-sales-activity-unknown-destinations-218,announcement,sale,132000,soybeans,unknown destinations,2017/2018,listing,ok,match,2017-09-12
2017-09-11,private-exporters-report-sales-activity-unknown-destinations-217,announcement,sale,352000,soybeans,unknown destinations,2017/2018,listing,ok,match,2017-09-11
2017-09-08,private-exporters-report-sales-activity-china-and-unknown-destinations-73,announcement,sale,264000,soybeans,China,2017/2018,full,ok,match,2017-09-08
2017-09-08,private-exporters-report-sales-activity-china-and-unknown-destinations-73,announcement,sale,179324,corn,unknown destinations,2017/2018,full,ok,match,2017-09-08
2017-09-06,private-exporters-report-sales-activity-mexico-41,announcement,sale,253300,corn,Mexico,2017/2018,listing,ok,match,2017-09-06
2017-09-05,private-exporters-report-sales-activity-china-and-mexico-7,announcement,sale,136000,soybeans,China,2017/2018,full,ok,match,2017-09-05
2017-09-05,private-exporters-report-sales-activity-china-and-mexico-7,announcement,sale,143650,corn,Mexico,2017/2018,full,ok,match,2017-09-05
2017-08-31,private-exporters-report-sales-activity-unknown-destinations-216,announcement,sale,132000,soybeans,unknown destinations,2017/2018,listing,ok,match,2017-08-31
2017-08-30,private-exporters-report-sales-activity-china-197,announcement,sale,131000,soybeans,China,2017/2018,listing,ok,match,2017-08-30
2017-08-29,private-exporters-report-sales-activity-china-and-mexico-6,announcement,sale,198000,soybeans,China,2017/2018,full,ok,match,2017-08-29
2017-08-29,private-exporters-report-sales-activity-china-and-mexico-6,announcement,sale,226000,corn,Mexico,2017/2018,full,ok,match,2017-08-29
2017-08-28,private-exporters-report-sales-activity-mexico-40,announcement,sale,160020,corn,Mexico,2017/2018,listing,ok,match,2017-08-28
2017-08-25,private-exporters-report-sales-activity-china-and-thailand,announcement,sale,132000,soybeans,China,2017/2018,full,ok,match,2017-08-25
2017-08-25,private-exporters-report-sales-activity-china-and-thailand,announcement,sale,105500,soybean_meal,Thailand,2017/2018,full,ok,match,2017-08-25
2017-08-24,private-exporters-report-sales-activity-china-196,announcement,sale,132000,soybeans,China,2017/2018,listing,ok,match,2017-08-24
2017-08-23,private-exporters-report-sales-activity-china-and-unknown-destinations-72,announcement,cancel,640970,soybeans,China,2016/2017,full,ok,match,2017-08-23
2017-08-23,private-exporters-report-sales-activity-china-and-unknown-destinations-72,announcement,sale,295220,soybeans,unknown destinations,2016/2017,full,ok,match,2017-08-23
2017-08-21,private-exporters-report-sales-activity-china-and-unknown-destinations-71,announcement,sale,463000,soybeans,unknown destinations,2017/2018,full,ok,match,2017-08-21
2017-08-21,private-exporters-report-sales-activity-china-and-unknown-destinations-71,announcement,sale,198000,soybeans,China,2017/2018,full,ok,match,2017-08-21
2017-08-17,private-exporters-report-sales-activity-china-195,announcement,sale,165000,soybeans,China,2017/2018,listing,ok,match,2017-08-17
2017-08-15,private-exporters-report-sales-activity-china-and-unknown-destinations-70,announcement,sale,132000,soybeans,China,2017/2018,full,ok,match,2017-08-15
2017-08-15,private-exporters-report-sales-activity-china-and-unknown-destinations-70,announcement,sale,132000,soybeans,unknown destinations,2017/2018,full,ok,match,2017-08-15
2017-08-11,private-exporters-report-sales-activity-china-194,announcement,sale,120000,soybeans,China,2016/2017,listing,ok,match,2017-08-11
2017-08-09,private-exporters-report-sales-activity-unknown-destinations-215,announcement,cancel,130000,soybeans,unknown destinations,2016/2017,listing,ok,match,2017-08-09
2017-08-07,private-exporters-report-sales-activity-mexico-and-unknown-destinations-6,announcement,sale,180800,corn,Mexico,2017/2018,full,ok,match,2017-08-07
2017-08-07,private-exporters-report-sales-activity-mexico-and-unknown-destinations-6,announcement,sale,206000,soybeans,unknown destinations,2016/2017,full,ok,match,2017-08-07
2017-08-01,private-exporters-report-sales-activity-colombia-7,announcement,sale,100000,corn,Colombia,2017/2018,listing,ok,match,2017-08-01
2017-07-31,private-exporters-report-sales-activity-colombia-6,announcement,sale,150000,corn,Colombia,2017/2018,listing,ok,match,2017-07-31
2017-07-27,private-exporters-report-sales-activity-unknown-destinations-214,announcement,sale,264000,soybeans,unknown destinations,2016/201,listing,ok,match,2017-07-27
2017-07-24,private-exporters-report-sales-activity-unknown-destinations-213,announcement,sale,135000,corn,unknown destinations,2017/2018,listing,ok,match,2017-07-24
2017-07-14,private-exporters-report-sales-activity-china-193,announcement,sale,1300000,soybeans,China,2017/2018,listing,ok,match,2017-07-14
2017-07-07,private-exporters-report-sales-activity-mexico-39,announcement,sale,143000,corn,Mexico,2016/2017,listing,ok,match,2017-07-07
2017-07-03,private-exporters-report-sales-activity-mexico-and-unknown-destinations-5,announcement,sale,114300,corn,Mexico,,listing,ok,match,2017-07-03
2017-06-26,private-exporters-report-sales-activity-bangladesh,announcement,sale,110000,soybeans,Bangladesh,2016/2017,listing,ok,match,2017-06-26
2017-06-16,private-exporters-report-sales-activity-mexico-38,announcement,sale,120000,corn,Mexico,2017/2018,listing,ok,match,2017-06-16
2017-06-12,corrected-private-exporters-report-sales-activity-unknown-destinations-1,correction,restated,130000,soybeans,unknown destinations,2016/2017,full,ok,mismatch,2012-02-17
2017-06-12,corrected-private-exporters-report-sales-activity-unknown-destinations-1,correction,restated,130000,corn,unknown destinations,2016/2017,full,ok,mismatch,2012-02-17
2017-06-12,corrected-private-exporters-report-sales-activity-unknown-destinations-1,correction,restated,130000,corn,unknown destinations,2016/2017,full,ok,mismatch,2012-02-17
2017-06-12,private-exporters-report-sales-activity-unknown-destinations-212,announcement,sale,130000,soybeans,unknown destinations,2016/2017,full,ok,match,2017-06-12
2017-06-09,private-exporters-report-sales-activity-unknown-destinations-211,announcement,sale,201000,soybeans,unknown destinations,2016/2017,listing,ok,match,2017-06-09
2017-06-05,private-exporters-report-sales-activity-unknown-destinations-210,announcement,sale,120000,soybeans,unknown destinations,2016/2017,listing,ok,match,2017-06-05
2017-05-30,private-exporters-report-sales-activity-unknown-destinations-209,announcement,sale,130000,soybeans,unknown destinations,2016/2017,listing,ok,match,2017-05-30
2017-05-25,private-exporters-report-sales-activity-unknown-destinations-208,announcement,sale,115400,corn,unknown destinations,2016/2017,listing,ok,match,2017-05-25
2017-05-23,private-exporters-report-sales-activity-unknown-destinations-207,announcement,sale,126000,soybeans,unknown destinations,2016/2017,listing,ok,match,2017-05-23
2017-05-16,private-exporters-report-sales-activity-unknown-destinations-206,announcement,sale,132000,soybeans,unknown destinations,2016/2017,listing,ok,match,2017-05-16
2017-05-05,private-exporters-report-sales-activity-unknown-destinations-205,announcement,sale,132000,soybeans,unknown destinations,2016/2017,listing,ok,match,2017-05-05
2017-04-21,private-exporters-report-sales-activity-unknown-destinations-204,announcement,sale,146000,soybeans,unknown destinations,2016/2017,listing,ok,match,2017-04-21
2017-04-10,private-exporters-report-sales-activity-unknown-destinations-200,announcement,sale,101600,corn,unknown destinations,2016/2017,listing,ok,match,2017-04-10
2017-03-30,private-exporters-report-sales-activity-china-192,announcement,sale,165000,soybeans,China,2017/2018,listing,ok,match,2017-03-30
2017-03-22,private-exporters-report-sales-activity-china-and-saudi-arabia-1,announcement,sale,120000,wheat,Saudi Arabia,2016/2017,listing,ok,match,2017-03-22
2017-03-20,private-exporters-report-sales-activity-south-korea-8,announcement,sale,132000,corn,South Korea,2016/2017,listing,ok,match,2017-03-20
2017-03-16,private-exporters-report-sales-activity-algeria-and-unknown-destinations,announcement,sale,120000,wheat,Algeria,2016/2017,listing,ok,match,2017-03-16
2017-03-14,private-exporters-report-sales-activity-mexico-37,announcement,sale,120000,corn,Mexico,2017/2018,listing,ok,match,2017-03-14
2017-03-13,private-exporters-report-sales-activity-unknown-destinations-202,announcement,sale,120000,soybeans,unknown destinations,2017/2018,listing,ok,match,2017-03-13
2017-03-09,private-exporters-report-sales-activity-japan-26,announcement,sale,120000,corn,Japan,2016/2017,listing,ok,match,2017-03-09
2017-03-08,private-exporters-report-sales-activity-philippines-0,announcement,sale,122000,soybean_meal,Philippines,2016/2017,listing,ok,match,2017-03-08
2017-03-07,private-exporters-report-sales-activity-unknown-destinations-201,announcement,sale,120000,corn,unknown destinations,2016/2017,listing,ok,match,2017-03-07
2017-02-22,private-exporters-report-sales-activity-south-korea-7,announcement,cancel,136000,corn,South Korea,2016/2017,listing,ok,match,2017-02-22
2017-02-21,private-exporters-report-sales-activity-japan-and-unknown-destinations-4,announcement,sale,269296,corn,Japan,2016/201,full,ok,mismatch,2017-01-21
2017-02-21,private-exporters-report-sales-activity-japan-and-unknown-destinations-4,announcement,sale,111200,corn,unknown destinations,2016/2017,full,ok,mismatch,2017-01-21
2017-02-21,private-exporters-report-sales-activity-japan-and-unknown-destinations-4,announcement,sale,138650,wheat,unknown destinations,2016/2017,full,ok,mismatch,2017-01-21
2017-02-17,private-exporters-report-sales-activity-japan-25,announcement,sale,194112,corn,Japan,2016/2017,listing,ok,match,2017-02-17
2017-02-14,private-exporters-report-sales-activity-japan-and-mexico-0,announcement,sale,229000,corn,Japan,2017/2018,full,ok,match,2017-02-14
2017-02-14,private-exporters-report-sales-activity-japan-and-mexico-0,announcement,sale,142500,soybeans,Mexico,2016/2017,full,ok,match,2017-02-14
2017-02-13,private-exporters-report-sales-activity-unknown-destinations-199,announcement,sale,101600,corn,unknown destinations,2016/2017,listing,ok,match,2017-02-13
2017-02-10,private-exporters-report-sales-activity-unknown-destinations-198,announcement,sale,140000,soybeans,unknown destinations,2016/2017,listing,ok,match,2017-02-10
2017-02-09,private-exporters-report-sales-activity-unknown-destinations-197,announcement,sale,107000,soybeans,unknown destinations,2016/2017,listing,ok,match,2017-02-09
2017-02-07,private-exporters-report-sales-activity-japan-24,announcement,sale,128000,corn,Japan,2016/2017,listing,ok,match,2017-02-07
2017-02-02,private-exporters-report-sales-activity-japan-and-unknown-destinations-3,announcement,sale,110000,corn,Japan,2016/2017,full,ok,match,2017-02-02
2017-02-02,private-exporters-report-sales-activity-japan-and-unknown-destinations-3,announcement,sale,140000,corn,unknown destinations,2016/2017,full,ok,match,2017-02-02
2017-02-01,private-exporters-report-sales-activity-unknown-destinations-196,announcement,sale,236700,soybeans,unknown destinations,2016/201,listing,ok,match,2017-02-01
2017-01-30,private-exporters-report-sales-activity-colombia-5,announcement,sale,105000,corn,Colombia,2016/2017,listing,ok,match,2017-01-30
2017-01-25,private-exporters-report-sales-activity-unknown-destinations-195,announcement,sale,141224,corn,unknown destinations,2016/2017,listing,ok,match,2017-01-25
2017-01-24,private-exporters-report-sales-activity-mexico-and-unknown-destinations-4,announcement,sale,163000,soybeans,unknown destinations,,listing,ok,match,2017-01-24
2017-01-20,private-exporters-report-sales-activity-unknown-destinations-194,announcement,sale,126312,corn,unknown destinations,2016/2017,listing,ok,match,2017-01-20
2017-01-19,private-exporters-report-sales-activity-unknown-destinations-193,announcement,sale,110400,corn,unknown destinations,2016/2017,listing,ok,match,2017-01-19
2017-01-17,private-exporters-report-sales-activity-unknown-destinations-192,announcement,sale,102944,corn,unknown destinations,2016/2017,listing,ok,match,2017-01-17
2017-01-13,private-exporters-report-sales-activity-unknown-destinations-191,announcement,sale,132000,soybeans,unknown destinations,2016/2017,listing,ok,match,2017-01-13
2017-01-12,private-exporters-report-sales-activity-japan-and-unknown-destinations-2,announcement,sale,110000,corn,Japan,2016/2017,full,ok,match,2017-01-12
2017-01-12,private-exporters-report-sales-activity-japan-and-unknown-destinations-2,announcement,sale,253488,corn,unknown destinations,2016/2017,full,ok,match,2017-01-12
2017-01-10,private-exporters-report-sales-activity-taiwan-and-unknown-destinations-1,announcement,sale,130000,corn,Taiwan,2016/2017,full,ok,match,2017-01-10
2017-01-10,private-exporters-report-sales-activity-taiwan-and-unknown-destinations-1,announcement,sale,241600,corn,unknown destinations,2016/2017,full,ok,match,2017-01-10
2017-01-09,private-exporters-report-sales-activity-unknown-destinations-190,announcement,sale,112500,corn,unknown destinations,2016/2017,full,ok,match,2017-01-09
2017-01-09,private-exporters-report-sales-activity-unknown-destinations-190,announcement,sale,120000,wheat,unknown destinations,2016/2017,full,ok,match,2017-01-09
2017-01-06,private-exporters-report-sales-activity-unknown-destinations-189,announcement,sale,100000,wheat,unknown destinations,2016/2017,listing,ok,match,2017-01-06
2016-12-23,private-exporters-report-sales-activity-unknown-destinations-188,announcement,sale,110800,corn,unknown destinations,2016/2017,listing,ok,match,2016-12-23
2016-12-22,private-exporters-report-sales-activity-mexico-36,announcement,sale,100400,corn,Mexico,2016/2017,listing,ok,match,2016-12-22
2016-12-21,private-exporters-report-sales-activity-china-191,announcement,sale,132000,soybeans,China,2016/2017,listing,ok,match,2016-12-21
2016-12-19,private-exporters-report-sales-activity-china-and-japan-0,announcement,sale,264000,soybeans,China,2016/2017,full,ok,match,2016-12-19
2016-12-19,private-exporters-report-sales-activity-china-and-japan-0,announcement,sale,128000,corn,Japan,2016/2017,full,ok,match,2016-12-19
2016-12-16,private-exporters-report-sales-activity-unknown-destinations-187,announcement,sale,205000,soybeans,unknown destinations,2016/2017,listing,ok,match,2016-12-16
2016-12-15,private-exporters-report-sales-activity-china-190,announcement,sale,132000,soybeans,China,2016/2017,listing,ok,match,2016-12-15
2016-12-12,private-exporters-report-sales-activity-china-189,announcement,sale,256600,soybeans,China,2016/2017,full,ok,match,2016-12-12
2016-12-12,private-exporters-report-sales-activity-china-189,announcement,sale,100000,sorghum,China,2016/2017,full,ok,match,2016-12-12
2016-12-09,/node/5902,announcement,sale,132000,soybeans,unknown destinations,2016/2017,listing,ok,match,2016-12-09
2016-12-08,private-exporters-report-sales-activity-south-korea-and-unknown-destinations-2,announcement,sale,332000,corn,South Korea,2016/2017,listing,ok,match,2016-12-08
2016-12-07,private-exporters-report-sales-activity-china-and-unknown-destinations-69,announcement,sale,330000,soybeans,China,,listing,ok,match,2016-12-07
2016-12-05,private-exporters-report-sales-activity-china-188,announcement,sale,426000,soybeans,China,2016/2017,listing,ok,match,2016-12-05
2016-11-22,private-exporters-report-sales-activity-china-186,announcement,sale,30000,soybean_oil,China,2016/2017,listing,ok,match,2016-11-22
2016-11-18,private-exporters-report-sales-activity-china-185,announcement,sale,165000,soybeans,China,2016/2017,listing,ok,match,2016-11-18
2016-11-17,private-exporters-report-sales-activity-unknown-destinations-186,announcement,sale,106200,corn,unknown destinations,2016/2017,listing,ok,match,2016-11-17
2016-11-16,private-exporters-report-sales-activity-china-184,announcement,sale,165000,soybeans,China,2016/2017,listing,ok,match,2016-11-16
2016-11-15,private-exporters-report-sales-activity-china-and-unknown-destinations-68,announcement,sale,121500,soybeans,China,2016/2017,full,ok,match,2016-11-15
2016-11-15,private-exporters-report-sales-activity-china-and-unknown-destinations-68,announcement,sale,126000,soybeans,unknown destinations,2016/2017,full,ok,match,2016-11-15
2016-11-14,private-exporters-report-sales-activity-china-and-unknown-destinations-67,announcement,sale,175000,sorghum,China,2016/2017,full,ok,match,2016-11-14
2016-11-14,private-exporters-report-sales-activity-china-and-unknown-destinations-67,announcement,sale,324000,soybeans,China,2016/2017,full,ok,match,2016-11-14
2016-11-14,private-exporters-report-sales-activity-china-and-unknown-destinations-67,announcement,sale,132000,soybeans,unknown destinations,2016/2017,full,ok,match,2016-11-14
2016-11-10,private-exporters-report-sales-activity-china-and-saudi-arabia-0,announcement,sale,126000,soybeans,China,2016/2017,full,ok,match,2016-11-10
2016-11-10,private-exporters-report-sales-activity-china-and-saudi-arabia-0,announcement,sale,140000,corn,Saudi Arabia,2016/2017,full,ok,match,2016-11-10
2016-11-08,private-exporters-report-sales-activity-dominican-republic,announcement,sale,116100,soybean_meal,Dominican Republic,2016/2017,listing,ok,match,2016-11-08
2016-11-07,private-exporters-report-sales-activity-china-philippines-and-unknown-destinations,announcement,sale,172000,corn,unknown destinations,2016/2017,full,ok,match,2016-11-07
2016-11-07,private-exporters-report-sales-activity-china-philippines-and-unknown-destinations,announcement,sale,132000,soybeans,China,2016/2017,full,ok,match,2016-11-07
2016-11-07,private-exporters-report-sales-activity-china-philippines-and-unknown-destinations,announcement,sale,135000,soybean_meal,Philippines,2016/2017,full,ok,match,2016-11-07
2016-11-03,private-exporters-report-sales-activity-mexico-south-korea-and-unknown-destinations,announcement,sale,136000,corn,South Korea,2016/2017,listing,ok,match,2016-11-03
2016-11-02,private-exporters-report-sales-activity-china-183,announcement,sale,132000,soybeans,China,2016/2017,listing,ok,match,2016-11-02
2016-11-01,private-exporters-report-sales-activity-mexico-35,announcement,sale,212344,corn,Mexico,2016/2017,listing,ok,match,2016-11-01
2016-10-31,corrected-private-exporters-report-sales-activity-china-and-unknown-destinations,correction,restated,100973,corn,Barbados,2016/2017,full,ok,match,2016-10-31
2016-10-31,corrected-private-exporters-report-sales-activity-china-and-unknown-destinations,correction,restated,100973,corn,unknown destinations,2016/2017,full,ok,match,2016-10-31
2016-10-31,corrected-private-exporters-report-sales-activity-china-and-unknown-destinations,correction,restated,264000,soybeans,China,2016/2017,full,ok,match,2016-10-31
2016-10-31,corrected-private-exporters-report-sales-activity-china-and-unknown-destinations,correction,restated,111000,sorghum,unknown destinations,2016/2017,full,ok,match,2016-10-31
2016-10-31,private-exporters-report-sales-activity-barbados-china-and-unknown-destinations,announcement,sale,100973,corn,Barbados,2016/2017,full,ok,match,2016-10-31
2016-10-31,private-exporters-report-sales-activity-barbados-china-and-unknown-destinations,announcement,sale,264000,soybeans,China,2016/2017,full,ok,match,2016-10-31
2016-10-31,private-exporters-report-sales-activity-barbados-china-and-unknown-destinations,announcement,sale,111000,sorghum,unknown destinations,2016/2017,full,ok,match,2016-10-31
2016-10-27,private-exporters-report-sales-activity-china-and-unknown-destinations-66,announcement,sale,129000,soybeans,unknown destinations,2016/2017,full,ok,match,2016-10-27
2016-10-27,private-exporters-report-sales-activity-china-and-unknown-destinations-66,announcement,sale,396000,soybeans,China,2016/2017,full,ok,match,2016-10-27
2016-10-27,private-exporters-report-sales-activity-china-and-unknown-destinations-66,announcement,sale,204000,sorghum,China,2016/2017,full,ok,match,2016-10-27
2016-10-25,private-exporters-report-sales-activity-china-182,announcement,sale,516000,soybeans,China,2016/2017,listing,ok,match,2016-10-25
2016-10-20,corrected-private-exporters-report-sales-activity-unknown-destinations,correction,restated,114000,wheat,unknown destinations,2016/2017,full,ok,match,2016-10-20
2016-10-20,corrected-private-exporters-report-sales-activity-unknown-destinations,correction,restated,192000,soybeans,unknown destinations,2016/2017,full,ok,match,2016-10-20
2016-10-20,private-exporters-report-sales-activity-unknown-destinations-185,announcement,sale,114000,wheat,unknown destinations,2016/2017,full,ok,match,2016-10-20
2016-10-20,private-exporters-report-sales-activity-unknown-destinations-185,announcement,sale,192000,soybeans,unknown destinations,2016/2017,full,ok,match,2016-10-20
2016-10-19,private-exporters-report-sales-activity-unknown-destinations-184,announcement,sale,185000,soybeans,unknown destinations,2016/2017,listing,ok,match,2016-10-19
2016-10-18,private-exporters-report-sales-activity-china-181,announcement,sale,706500,soybeans,China,2016/2017,listing,ok,match,2016-10-18
2016-10-13,private-exporters-report-sales-activity-china-and-unknown-destinations-65,announcement,sale,126000,soybeans,China,2016/2017,full,ok,match,2016-10-13
2016-10-13,private-exporters-report-sales-activity-china-and-unknown-destinations-65,announcement,sale,115000,soybeans,unknown destinations,2016/2017,full,ok,match,2016-10-13
2016-10-13,private-exporters-report-sales-activity-china-and-unknown-destinations-65,announcement,sale,126000,soybean_meal,unknown destinations,2016/2017,full,ok,match,2016-10-13
2016-10-12,private-exporters-report-sales-activity-china-180,announcement,sale,115000,soybeans,China,2016/2017,listing,ok,match,2016-10-12
2016-10-11,private-exporters-report-sales-activity-unknown-destinations-183,announcement,sale,161544,corn,unknown destinations,2016/2017,listing,ok,match,2016-10-11
2016-10-07,private-exporters-report-sales-activity-unknown-destinations-182,announcement,sale,195000,soybeans,unknown destinations,2016/2017,listing,ok,match,2016-10-07
2016-10-06,private-exporters-report-sales-activity-morocco-and-unknown-destinations,announcement,sale,115000,wheat,Morocco,2016/2017,full,ok,match,2016-10-06
2016-10-06,private-exporters-report-sales-activity-morocco-and-unknown-destinations,announcement,sale,258000,soybeans,unknown destinations,2016/2017,full,ok,match,2016-10-06
2016-10-04,private-exporters-report-sales-activity-unknown-destinations-181,announcement,sale,100000,corn,unknown destinations,2016/2017,listing,ok,match,2016-10-04
2016-09-30,private-exporters-report-sales-activity-china-and-unknown-destinations-64,announcement,sale,118000,soybeans,China,2016/2017,full,ok,match,2016-09-30
2016-09-30,private-exporters-report-sales-activity-china-and-unknown-destinations-64,announcement,sale,198000,soybeans,unknown destinations,2016/2017,full,ok,match,2016-09-30
2016-09-29,private-exporters-report-sales-activity-china-179,announcement,sale,120000,soybeans,China,2016/2017,listing,ok,match,2016-09-29
2016-09-28,private-exporters-report-sales-activity-china-mexico-and-unknown-destinations-4,announcement,sale,133000,soybeans,China,2016/2017,full,ok,match,2016-09-28
2016-09-28,private-exporters-report-sales-activity-china-mexico-and-unknown-destinations-4,announcement,sale,1577340,corn,Mexico,2016/2017,full,ok,match,2016-09-28
2016-09-28,private-exporters-report-sales-activity-china-mexico-and-unknown-destinations-4,announcement,sale,211171,soybeans,unknown destinations,2016/2017,full,ok,match,2016-09-28
2016-09-27,private-exporters-report-sales-activity-china-178,announcement,sale,120000,soybeans,China,2016/2017,listing,ok,match,2016-09-27
2016-09-26,private-exporters-report-sales-activity-unknown-destinations-180,announcement,sale,240000,soybeans,unknown destinations,2016/2017,listing,ok,match,2016-09-26
2016-09-22,private-exporters-report-sales-activity-china-and-unknown-destinations-63,announcement,sale,120000,soybeans,China,2016/2017,full,ok,match,2016-09-22
2016-09-22,private-exporters-report-sales-activity-china-and-unknown-destinations-63,announcement,sale,120000,soybeans,China,2016/2017,full,ok,match,2016-09-22
2016-09-22,private-exporters-report-sales-activity-china-and-unknown-destinations-63,announcement,sale,151000,soybeans,unknown destinations,2016/2017,full,ok,match,2016-09-22
2016-09-21,private-exporters-report-sales-activity-china-morocco-taiwan-and-unknown-destinations,announcement,sale,120000,soybeans,China,2016/2017,full,ok,match,2016-09-21
2016-09-21,private-exporters-report-sales-activity-china-morocco-taiwan-and-unknown-destinations,announcement,sale,145000,wheat,Morocco,2016/2017,full,ok,match,2016-09-21
2016-09-21,private-exporters-report-sales-activity-china-morocco-taiwan-and-unknown-destinations,announcement,sale,118000,soybeans,Taiwan,2016/2017,full,ok,match,2016-09-21
2016-09-21,private-exporters-report-sales-activity-china-morocco-taiwan-and-unknown-destinations,announcement,sale,126000,soybeans,unknown destinations,2016/2017,full,ok,match,2016-09-21
2016-09-21,private-exporters-report-sales-activity-china-morocco-taiwan-and-unknown-destinations,announcement,sale,116000,sorghum,unknown destinations,2016/2017,full,ok,match,2016-09-21
2016-09-20,private-exporters-report-sales-activity-china-177,announcement,sale,110000,soybeans,China,2016/2017,listing,ok,match,2016-09-20
2016-09-19,private-exporters-report-sales-activity-mexico-34,announcement,sale,191000,corn,Mexico,2016/2017,listing,ok,match,2016-09-19
2016-09-15,private-exporters-report-sales-activity-unknown-destinations-179,announcement,sale,110000,soybeans,unknown destinations,2016/2017,listing,ok,match,2016-09-15
2016-09-07,private-exporters-report-sales-activity-china-and-unknown-destinations-62,announcement,sale,220000,soybeans,China,2016/2017,full,ok,match,2016-09-07
2016-09-07,private-exporters-report-sales-activity-china-and-unknown-destinations-62,announcement,sale,264000,soybeans,unknown destinations,2016/2017,full,ok,match,2016-09-07
2016-08-31,private-exporters-report-sales-activity-china-mexico-and-unknown-destinations-3,announcement,sale,187000,soybeans,China,2016/2017,full,ok,match,2016-08-31
2016-08-31,private-exporters-report-sales-activity-china-mexico-and-unknown-destinations-3,announcement,sale,275000,corn,Mexico,2016/2017,full,ok,match,2016-08-31
2016-08-31,private-exporters-report-sales-activity-china-mexico-and-unknown-destinations-3,announcement,sale,138000,wheat,unknown destinations,2016/2017,full,ok,match,2016-08-31
2016-08-30,private-exporters-report-sales-activity-unknown-destinations-178,announcement,sale,126000,soybeans,unknown destinations,2016/2017,listing,ok,match,2016-08-30
2016-08-29,private-exporters-report-sales-activity-unknown-destinations-177,announcement,sale,393000,soybeans,unknown destinations,2016/2017,listing,ok,match,2016-08-29
2016-08-24,private-exporters-report-sales-activity-unknown-destinations-176,announcement,sale,101600,corn,unknown destinations,2016/2017,listing,ok,match,2016-08-24
2016-08-22,private-exporters-report-sales-activity-unknown-destinations-175,announcement,sale,120000,soybeans,unknown destinations,2016/2017,listing,ok,match,2016-08-22
2016-08-19,private-exporters-report-sales-activity-unknown-destinations-174,announcement,sale,261000,soybeans,unknown destinations,2016/2017,listing,ok,match,2016-08-19
2016-08-18,private-exporters-report-sales-activity-unknown-destinations-173,announcement,sale,101600,corn,unknown destinations,2016/2017,listing,ok,match,2016-08-18
2016-08-17,private-exporters-report-sales-activity-unknown-destination,announcement,sale,129000,corn,unknown destinations,2016/2017,listing,ok,match,2016-08-17
2016-08-17,private-exporters-report-sales-activity-china-176,announcement,sale,381000,soybeans,China,2016/2017,listing,ok,match,2016-08-17
2016-08-16,private-exporters-report-sales-activity-china-175,announcement,sale,119000,soybeans,China,2016/2017,listing,ok,match,2016-08-16
2016-08-12,private-exporters-report-sales-activity-china-174,announcement,sale,258000,soybeans,China,2016/2017,listing,ok,match,2016-08-12
2016-08-11,private-exporters-report-sales-activity-china-mexico-and-unknown-destinations-2,announcement,sale,100460,soybean_meal,Mexico,,listing,ok,match,2016-08-11
2016-08-10,private-exporters-report-sales-activity-mexico-33,announcement,sale,143650,corn,Mexico,2016/2017,listing,ok,match,2016-08-10
2016-08-09,private-exporters-report-sales-activity-unknown-destinations-172,announcement,sale,120000,soybeans,unknown destinations,2016/2017,listing,ok,match,2016-08-09
2016-08-08,private-exporters-report-sales-activity-china-and-mexico-5,announcement,sale,246000,soybeans,China,2016/2017,full,ok,match,2016-08-08
2016-08-08,private-exporters-report-sales-activity-china-and-mexico-5,announcement,sale,162569,corn,Mexico,2016/2017,full,ok,match,2016-08-08
2016-08-05,private-exporters-report-sales-activity-china-173,announcement,sale,498000,soybeans,China,2016/2017,listing,ok,match,2016-08-05
2016-08-04,private-exporters-report-sales-activity-china-and-unknown-destinations-61,announcement,sale,129000,corn,unknown destinations,,listing,ok,none,
2016-08-03,private-exporters-report-sales-activity-china-and-unknown-destinations-60,announcement,sale,290000,corn,unknown destinations,2016/2017,full,ok,match,2016-08-03
2016-08-03,private-exporters-report-sales-activity-china-and-unknown-destinations-60,announcement,sale,256200,soybeans,unknown destinations,2015/2016,full,ok,match,2016-08-03
2016-08-03,private-exporters-report-sales-activity-china-and-unknown-destinations-60,announcement,sale,441000,soybeans,China,2016/2017,full,ok,match,2016-08-03
2016-08-02,private-exporters-report-sales-activity-china-172,announcement,sale,252000,soybeans,China,2016/2017,listing,ok,match,2016-08-02
2016-08-01,private-exporters-report-sales-activity-unknown-destinations-171,announcement,sale,391000,soybeans,unknown destinations,2016/2017,listing,ok,match,2016-08-01
2016-07-29,private-exporters-report-sales-activity-unknown-destinations-170,announcement,sale,129000,soybeans,unknown destinations,2015/2016,listing,ok,match,2016-07-29
2016-07-28,private-exporters-report-sales-activity-china-and-unknown-destinations-59,announcement,sale,129000,soybeans,China,,listing,ok,match,2016-07-28
2016-07-27,private-exporters-report-sales-activity-china-and-unknown-destinations-58,announcement,sale,131000,soybeans,China,,listing,ok,match,2016-07-27
2016-07-15,private-exporters-report-sales-activity-unknown-destinations-169,announcement,sale,320000,soybeans,unknown destinations,2016/2017,listing,ok,match,2016-07-15
2016-07-08,private-exporters-report-sales-activity-china-171,announcement,sale,35000,soybean_oil,China,2015/2016,listing,ok,match,2016-07-08
2016-07-07,private-exporters-report-sales-activity-china-and-mexico-4,announcement,sale,120000,soybeans,China,2016/2017,full,ok,match,2016-07-07
2016-07-07,private-exporters-report-sales-activity-china-and-mexico-4,announcement,sale,137160,corn,Mexico,2015/2016,full,ok,match,2016-07-07
2016-07-01,private-exporters-report-sales-activity-china-170,announcement,sale,40000,soybean_oil,China,2016/2017,listing,ok,match,2016-07-01
2016-06-30,private-exporters-report-sales-activity-mexico-32,announcement,sale,120400,corn,Mexico,2016/2017,listing,ok,match,2016-06-30
2016-06-27,private-exporters-report-sales-activity-unknown-destinations-168,announcement,sale,150000,soybeans,unknown destinations,2015/2016,listing,ok,match,2016-06-27
2016-06-24,private-exporters-report-sales-activity-unknown-destinations-167,announcement,sale,411500,soybeans,unknown destinations,2015/201,listing,ok,match,2016-06-24
2016-06-23,private-exporters-report-sales-activity-south-korea-6,announcement,sale,138000,corn,South Korea,2015/2016,listing,ok,match,2016-06-23
2016-06-21,private-exporters-report-sales-activity-china-and-unknown-destinations-57,announcement,sale,132000,soybeans,China,2016/2017,full,ok,match,2016-06-21
2016-06-21,private-exporters-report-sales-activity-china-and-unknown-destinations-57,announcement,sale,126000,soybeans,unknown destinations,2015/2016,full,ok,match,2016-06-21
2016-06-21,private-exporters-report-sales-activity-china-and-unknown-destinations-57,announcement,sale,40000,soybean_oil,China,2015/2016,full,ok,match,2016-06-21
2016-06-17,private-exporters-report-sales-activity-china-and-unknown-destinations-56,announcement,sale,129000,soybeans,China,,listing,ok,match,2016-06-17
2016-06-14,private-exporters-report-sales-activity-japan-and-unknown-destinations-1,announcement,sale,136000,corn,Japan,2015/2016,listing,ok,match,2016-06-14
2016-06-13,private-exporters-report-sales-activity-unknown-destinations-166,announcement,sale,115000,sorghum,unknown destinations,2015/2016,listing,ok,match,2016-06-13
2016-06-10,private-exporters-report-sales-activity-unknown-destinations-165,announcement,sale,263000,soybeans,unknown destinations,,listing,ok,match,2016-06-10
2016-06-09,private-exporters-report-sales-activity-china-and-unknown-destinations-55,announcement,sale,240000,soybeans,China,2016/2017,full,ok,match,2016-06-09
2016-06-09,private-exporters-report-sales-activity-china-and-unknown-destinations-55,announcement,sale,116360,corn,unknown destinations,2015/2016,full,ok,match,2016-06-09
2016-06-08,private-exporters-report-sales-activity-china-169,announcement,sale,132000,soybeans,China,2015/2016,listing,ok,match,2016-06-08
2016-06-07,private-exporters-report-sales-activity-china-168,announcement,sale,180000,soybeans,China,2016/2017,listing,ok,match,2016-06-07
2016-06-06,private-exporters-report-sales-activity-unknown-destinations-164,announcement,sale,125000,soybeans,unknown destinations,2016/2017,listing,ok,match,2016-06-06
2016-05-31,private-exporters-report-sales-activity-taiwan-and-unknown-destinations-0,announcement,change,120000,corn,Taiwan,2015/2016,full,ok,mismatch,2015-05-31
2016-05-27,private-exporters-report-sales-activity-china-and-unknown-destinations-54,announcement,sale,130000,corn,unknown destinations,2015/2016,full,ok,match,2016-05-27
2016-05-27,private-exporters-report-sales-activity-china-and-unknown-destinations-54,announcement,sale,110000,soybeans,China,2016/2017,full,ok,match,2016-05-27
2016-05-27,private-exporters-report-sales-activity-china-and-unknown-destinations-54,announcement,sale,100000,soybean_meal,unknown destinations,2016/2017,full,ok,match,2016-05-27
2016-05-26,private-exporters-report-sales-activity-taiwan-and-unknown-destinations,announcement,sale,130000,corn,Taiwan,2015/2016,listing,ok,match,2016-05-26
2016-05-24,private-exporters-report-sales-activity-unknown-destinations-163,announcement,sale,140000,soybeans,unknown destinations,2016/2017,listing,ok,match,2016-05-24
2016-05-23,private-exporters-report-sales-activity-unknown-destinations-162,announcement,sale,140000,soybeans,unknown destinations,2016/2017,full,ok,match,2016-05-23
2016-05-23,private-exporters-report-sales-activity-unknown-destinations-162,announcement,sale,20000,soybean_oil,unknown destinations,2015/2016,full,ok,match,2016-05-23
2016-05-20,private-exporters-report-sales-activity-colombia-4,announcement,sale,125000,corn,Colombia,2015/2016,listing,ok,match,2016-05-20
2016-05-19,private-exporters-report-sales-activity-china-167,announcement,sale,129000,soybeans,China,2015/2016,listing,ok,match,2016-05-19
2016-05-16,private-exporters-report-sales-activity-south-korea-5,announcement,sale,128000,corn,South Korea,2015/2016,listing,ok,match,2016-05-16
2016-05-13,private-exporters-report-sales-activity-unknown-destinations-161,announcement,sale,420000,soybeans,unknown destinations,2015/2016,listing,ok,match,2016-05-13
2016-05-11,private-exporters-report-sales-activity-saudi-arabia,announcement,sale,210000,corn,Saudi Arabia,2015/2016,listing,ok,mismatch,2016-05-12
2016-05-11,private-exporters-report-sales-activity-unknown-destinations-160,announcement,sale,30000,soybean_oil,unknown destinations,2015/2016,listing,ok,match,2016-05-11
2016-05-10,private-exporters-report-sales-activity-china-and-unknown-destinations-53,announcement,sale,40000,soybean_oil,China,2015/2016,full,ok,match,2016-05-10
2016-05-10,private-exporters-report-sales-activity-china-and-unknown-destinations-53,announcement,sale,20000,soybean_oil,unknown destinations,2015/2016,full,ok,match,2016-05-10
2016-05-09,private-exporters-report-sales-activity-japan-and-unknown-destinations-0,announcement,sale,170000,corn,Japan,2015/2016,full,ok,match,2016-05-09
2016-05-09,private-exporters-report-sales-activity-japan-and-unknown-destinations-0,announcement,sale,120000,corn,unknown destinations,2015/2016,full,ok,match,2016-05-09
2016-05-06,private-exporters-report-sales-activity-israel,announcement,sale,132000,corn,Israel,2015/2016,listing,ok,match,2016-05-06
2016-05-04,private-exporters-report-sales-activity-japan-23,announcement,sale,107500,corn,Japan,2015/2016,listing,ok,match,2016-05-04
2016-04-28,private-exporters-report-sales-activity-japan-22,announcement,sale,100640,corn,Japan,2015/2016,listing,ok,mismatch,2016-04-29
2016-04-27,private-exporters-report-sales-activity-unknown-destinations-159,announcement,sale,393000,soybeans,unknown destinations,2015/2016,listing,ok,match,2016-04-27
2016-04-21,private-exporters-report-sales-activity-japan-21,announcement,sale,240000,corn,Japan,2015/2016,listing,ok,match,2016-04-21
2016-04-20,private-exporters-report-sales-activity-unknown-destinations-158,announcement,sale,136000,corn,unknown destinations,2015/2016,listing,ok,match,2016-04-20
2016-04-18,private-exporters-report-sales-activity-mexico-and-unknown-destinations-2,announcement,sale,241516,corn,unknown destinations,,listing,ok,mismatch,2016-04-19
2016-04-14,private-exporters-report-sales-activity-china-and-unknown-destinations-52,announcement,sale,132000,soybeans,China,2016/2017,listing,ok,mismatch,2016-04-15
2016-04-13,private-exporters-report-sales-activity-japan-20,announcement,sale,110800,corn,Japan,2015/2016,listing,ok,match,2016-04-13
2016-04-08,private-exporters-report-sales-activity-unknown-destinations-157,announcement,sale,120000,corn,unknown destinations,2015/2016,listing,ok,match,2016-04-08
2016-04-07,private-exporters-report-sales-activity-japan-19,announcement,sale,145544,corn,Japan,2015/2016,listing,ok,match,2016-04-07
2016-03-25,private-exporters-report-sales-activity-unknown-destinations-156,announcement,sale,304000,soybeans,unknown destinations,2015/2016,listing,ok,match,2016-03-25
2016-03-24,private-exporters-report-sales-activity-taiwan-0,announcement,sale,260000,corn,Taiwan,2015/2016,listing,ok,match,2016-03-24
2016-03-16,private-exporters-report-sales-activity-unknown-destinations-155,announcement,sale,100000,soybeans,unknown destinations,2015/2016,listing,ok,match,2016-03-16
2016-03-14,private-exporters-report-sales-activity-china-166,announcement,change,100000,wheat,China,2015/2016,listing,ok,match,2016-03-14
2016-03-11,private-exporters-report-sales-activity-japan-18,announcement,sale,170800,corn,Japan,2015/2016,listing,ok,match,2016-03-11
2016-03-08,private-exporters-report-sales-activity-china-and-unknown-destinations-51,announcement,sale,110000,soybeans,China,2016/2017,listing,ok,match,2016-03-08
2016-03-01,private-exporters-report-sales-activity-unknown-destinations-154,announcement,sale,140000,soybeans,unknown destinations,2015/2016,listing,ok,match,2016-03-01
2016-02-24,private-exporters-report-sales-activity-colombia-3,announcement,sale,110000,corn,Colombia,2015/2016,listing,ok,match,2016-02-24
2016-02-22,private-exporters-report-sales-activity-colombia-2,announcement,sale,100000,corn,Colombia,2015/2016,listing,ok,match,2016-02-22
2016-02-19,private-exporters-report-sales-activity-japan-17,announcement,sale,101600,corn,Japan,2015/2016,listing,ok,match,2016-02-19
2016-02-16,private-exporters-report-sales-activity-colombia-1,announcement,sale,190000,corn,Colombia,2015/2016,listing,ok,match,2016-02-16
2016-02-10,private-exporters-report-sales-activity-unknown-destinations-153,announcement,sale,152400,corn,unknown destinations,2015/2016,listing,ok,mismatch,2016-02-11
2016-02-09,private-exporters-report-sales-activity-japan-16,announcement,sale,243000,corn,Japan,2016/2017,listing,ok,mismatch,2016-02-10
2016-02-08,private-exporters-report-sales-activity-mexico-31,announcement,sale,100000,corn,Mexico,2015/2016,listing,ok,match,2016-02-08
2016-01-28,private-exporters-report-sales-activity-china-165,announcement,cancel,395000,soybeans,China,2015/2016,listing,ok,match,2016-01-28
2016-01-20,private-exporters-report-sales-activity-mexico-30,announcement,sale,243100,corn,Mexico,2015/2016,listing,ok,match,2016-01-20
2016-01-19,private-exporters-report-sales-activity-unknown-destinations-152,announcement,sale,110500,corn,unknown destinations,2015/2016,listing,ok,match,2016-01-19
2016-01-14,private-exporters-report-sales-activity-mexico-29,announcement,sale,102100,corn,Mexico,2015/2016,listing,ok,match,2016-01-14
2016-01-12,private-exporters-report-sales-activity-unknown-destinations-151,announcement,sale,140000,soybeans,unknown destinations,2015/2016,listing,ok,match,2016-01-12
2016-01-11,private-exporters-report-sales-activity-china-and-unknown-destinations-50,announcement,sale,120000,soybeans,China,2015/2016,full,ok,match,2016-01-11
2016-01-11,private-exporters-report-sales-activity-china-and-unknown-destinations-50,announcement,sale,248000,soybeans,unknown destinations,2015/2016,full,ok,match,2016-01-11
2016-01-11,private-exporters-report-sales-activity-china-and-unknown-destinations-50,announcement,sale,152400,corn,unknown destinations,2015/2016,full,ok,match,2016-01-11
2016-01-07,private-exporters-report-sales-activity-china-164,announcement,sale,246000,soybeans,China,2015/2016,listing,ok,match,2016-01-07
2016-01-04,private-exporters-report-sales-activity-netherlands,announcement,change,217000,soybeans,Netherlands,2015/2016,listing,ok,mismatch,2015-01-04
